,,,,,,,,,,,,,,,
编码,品名,压力(壁厚),制造形式,连接形式,材料牌号,材料标准,规格标准,RCC-M,质保等级,公称直径,外径/Φ,单位,单重,单重单位,备注
SPC00025,异径承插管接头,CL6000,FO,SW,022Cr19Ni10,CP05T3038,ASME B16.11,RCC-M 1,QA1,3/8"x1/4",,个,,Kg,
SPC00026,异径承插管接头,CL3000,FO,SW,022Cr17Ni12Mo2,CP05T3038,ASME B16.11,RCC-M 2,QA1,3/8"x1/4",,个,,Kg,
SPC00027,异径承插管接头,CL3000,FO,SW,022Cr19Ni10,CP05T3038,ASME B16.11,RCC-M 2,QA1,3/8"x1/4",,个,,Kg,
SPC00028,异径承插管接头,CL3000,FO,SW,20,CP05T3037,ASME B16.11,RCC-M 2,QA1,3/8"x1/4",,个,,Kg,
SPC00029,异径承插管接头,CL6000,FO,SW,022Cr19Ni10,CP05T3038,ASME B16.11,RCC-M 2,QA1,3/8"x1/4",,个,,Kg,
SPC00030,异径承插管接头,CL6000,FO,SW,P280GH,CP05T3052,ASME B16.11,RCC-M 2,QA1,3/8"x1/4",,个,,Kg,
SPC00031,异径承插管接头,CL3000,FO,SW,022Cr17Ni12Mo2,CP05T3038,ASME B16.11,RCC-M 3,QA2,3/8"x1/4",,个,,Kg,
SPC00032,异径承插管接头,CL3000,FO,SW,022Cr19Ni10,CP05T3038,ASME B16.11,RCC-M 3,QA2,3/8"x1/4",,个,,Kg,
SPC00033,异径承插管接头,CL3000,FO,SW,20,CP05T3037,ASME B16.11,RCC-M 3,QA2,3/8"x1/4",,个,,Kg,
SPC00034,异径承插管接头,CL3000,FO,SW,022Cr17Ni12Mo2,CP05T3023,ASME B16.11,NA,QNCa,3/8"x1/4",,个,,Kg,
SPC00035,异径承插管接头,CL3000,FO,SW,022Cr19Ni10,CP05T3023,ASME B16.11,NA,QNCa,3/8"x1/4",,个,,Kg,
SPC00036,异径承插管接头,CL3000,FO,SW,20,CP05T3025,ASME B16.11,NA,QNCa,3/8"x1/4",,个,,Kg,
SPC00049,异径承插管接头,CL6000,FO,SW,022Cr19Ni10,CP05T3038,ASME B16.11,RCC-M 1,QA1,1/2"x1/4",,个,,Kg,
SPC00050,异径承插管接头,CL3000,FO,SW,022Cr17Ni12Mo2,CP05T3038,ASME B16.11,RCC-M 2,QA1,1/2"x1/4",,个,,Kg,
SPC00051,异径承插管接头,CL3000,FO,SW,022Cr19Ni10,CP05T3038,ASME B16.11,RCC-M 2,QA1,1/2"x1/4",,个,0.13,Kg,
SPC00052,异径承插管接头,CL3000,FO,SW,20,CP05T3037,ASME B16.11,RCC-M 2,QA1,1/2"x1/4",,个,,Kg,
SPC00053,异径承插管接头,CL6000,FO,SW,022Cr19Ni10,CP05T3038,ASME B16.11,RCC-M 2,QA1,1/2"x1/4",,个,0.16,Kg,
SPC00054,异径承插管接头,CL6000,FO,SW,P280GH,CP05T3052,ASME B16.11,RCC-M 2,QA1,1/2"x1/4",,个,,Kg,
SPC00055,异径承插管接头,CL3000,FO,SW,022Cr17Ni12Mo2,CP05T3038,ASME B16.11,RCC-M 3,QA2,1/2"x1/4",,个,,Kg,
SPC00056,异径承插管接头,CL3000,FO,SW,022Cr19Ni10,CP05T3038,ASME B16.11,RCC-M 3,QA2,1/2"x1/4",,个,0.13,Kg,
SPC00057,异径承插管接头,CL3000,FO,SW,20,CP05T3037,ASME B16.11,RCC-M 3,QA2,1/2"x1/4",,个,0.13,Kg,
SPC00058,异径承插管接头,CL3000,FO,SW,022Cr17Ni12Mo2,CP05T3023,ASME B16.11,NA,QNCa,1/2"x1/4",,个,,Kg,
SPC00059,异径承插管接头,CL3000,FO,SW,022Cr19Ni10,CP05T3023,ASME B16.11,NA,QNCa,1/2"x1/4",,个,0.2,Kg,
SPC00060,异径承插管接头,CL3000,FO,SW,20,CP05T3025,ASME B16.11,NA,QNCa,1/2"x1/4",,个,0.1,Kg,
SPC00061,异径承插管接头,CL6000,FO,SW,022Cr19Ni10,CP05T3038,ASME B16.11,RCC-M 1,QA1,1/2"x3/8",,个,,Kg,
SPC00062,异径承插管接头,CL3000,FO,SW,022Cr17Ni12Mo2,CP05T3038,ASME B16.11,RCC-M 2,QA1,1/2"x3/8",,个,,Kg,
SPC00063,异径承插管接头,CL3000,FO,SW,022Cr19Ni10,CP05T3038,ASME B16.11,RCC-M 2,QA1,1/2"x3/8",,个,,Kg,
SPC00064,异径承插管接头,CL3000,FO,SW,20,CP05T3037,ASME B16.11,RCC-M 2,QA1,1/2"x3/8",,个,,Kg,
SPC00065,异径承插管接头,CL6000,FO,SW,022Cr19Ni10,CP05T3038,ASME B16.11,RCC-M 2,QA1,1/2"x3/8",,个,,Kg,
SPC00066,异径承插管接头,CL6000,FO,SW,P280GH,CP05T3052,ASME B16.11,RCC-M 2,QA1,1/2"x3/8",,个,,Kg,
SPC00067,异径承插管接头,CL3000,FO,SW,022Cr17Ni12Mo2,CP05T3038,ASME B16.11,RCC-M 3,QA2,1/2"x3/8",,个,0.13,Kg,
SPC00068,异径承插管接头,CL3000,FO,SW,022Cr19Ni10,CP05T3038,ASME B16.11,RCC-M 3,QA2,1/2"x3/8",,个,,Kg,
SPC00069,异径承插管接头,CL3000,FO,SW,20,CP05T3037,ASME B16.11,RCC-M 3,QA2,1/2"x3/8",,个,,Kg,
SPC00070,异径承插管接头,CL3000,FO,SW,022Cr17Ni12Mo2,CP05T3023,ASME B16.11,NA,QNCa,1/2"x3/8",,个,,Kg,
SPC00071,异径承插管接头,CL3000,FO,SW,022Cr19Ni10,CP05T3023,ASME B16.11,NA,QNCa,1/2"x3/8",,个,0.2,Kg,
SPC00072,异径承插管接头,CL3000,FO,SW,20,CP05T3025,ASME B16.11,NA,QNCa,1/2"x3/8",,个,0.1,Kg,
SPC00085,异径承插管接头,CL6000,FO,SW,022Cr19Ni10,CP05T3038,ASME B16.11,RCC-M 1,QA1,3/4"x1/4",,个,,Kg,
SPC00086,异径承插管接头,CL3000,FO,SW,022Cr17Ni12Mo2,CP05T3038,ASME B16.11,RCC-M 2,QA1,3/4"x1/4",,个,,Kg,
SPC00087,异径承插管接头,CL3000,FO,SW,022Cr19Ni10,CP05T3038,ASME B16.11,RCC-M 2,QA1,3/4"x1/4",,个,,Kg,
SPC00088,异径承插管接头,CL3000,FO,SW,20,CP05T3037,ASME B16.11,RCC-M 2,QA1,3/4"x1/4",,个,,Kg,
SPC00089,异径承插管接头,CL6000,FO,SW,022Cr19Ni10,CP05T3038,ASME B16.11,RCC-M 2,QA1,3/4"x1/4",,个,0.28,Kg,
SPC00090,异径承插管接头,CL6000,FO,SW,P280GH,CP05T3052,ASME B16.11,RCC-M 2,QA1,3/4"x1/4",,个,,Kg,
SPC00091,异径承插管接头,CL3000,FO,SW,022Cr17Ni12Mo2,CP05T3038,ASME B16.11,RCC-M 3,QA2,3/4"x1/4",,个,,Kg,
SPC00092,异径承插管接头,CL3000,FO,SW,022Cr19Ni10,CP05T3038,ASME B16.11,RCC-M 3,QA2,3/4"x1/4",,个,,Kg,
SPC00093,异径承插管接头,CL3000,FO,SW,20,CP05T3037,ASME B16.11,RCC-M 3,QA2,3/4"x1/4",,个,,Kg,
SPC00094,异径承插管接头,CL3000,FO,SW,022Cr17Ni12Mo2,CP05T3023,ASME B16.11,NA,QNCa,3/4"x1/4",,个,,Kg,
SPC00095,异径承插管接头,CL3000,FO,SW,022Cr19Ni10,CP05T3023,ASME B16.11,NA,QNCa,3/4"x1/4",,个,,Kg,
SPC00096,异径承插管接头,CL3000,FO,SW,20,CP05T3025,ASME B16.11,NA,QNCa,3/4"x1/4",,个,,Kg,
SPC00100,异径承插管接头,CL3000,FO,SW,20,CP05T3037,ASME B16.11,RCC-M 2,QA1,3/4"x3/8",,个,,Kg,
SPC00105,异径承插管接头,CL3000,FO,SW,20,CP05T3037,ASME B16.11,RCC-M 3,QA2,3/4"x3/8",,个,,Kg,
SPC00108,异径承插管接头,CL3000,FO,SW,20,CP05T3025,ASME B16.11,NA,QNCa,3/4"x3/8",,个,,Kg,
SPC00109,异径承插管接头,CL6000,FO,SW,022Cr19Ni10,CP05T3038,ASME B16.11,RCC-M 1,QA1,3/4"x1/2",,个,,Kg,
SPC00110,异径承插管接头,CL3000,FO,SW,022Cr17Ni12Mo2,CP05T3038,ASME B16.11,RCC-M 2,QA1,3/4"x1/2",,个,,Kg,
SPC00111,异径承插管接头,CL3000,FO,SW,022Cr19Ni10,CP05T3038,ASME B16.11,RCC-M 2,QA1,3/4"x1/2",,个,,Kg,
SPC00112,异径承插管接头,CL3000,FO,SW,20,CP05T3037,ASME B16.11,RCC-M 2,QA1,3/4"x1/2",,个,0.2,Kg,
SPC00113,异径承插管接头,CL6000,FO,SW,022Cr19Ni10,CP05T3038,ASME B16.11,RCC-M 2,QA1,3/4"x1/2",,个,0.28,Kg,
SPC00114,异径承插管接头,CL6000,FO,SW,P280GH,CP05T3052,ASME B16.11,RCC-M 2,QA1,3/4"x1/2",,个,0.28,Kg,
SPC00115,异径承插管接头,CL3000,FO,SW,022Cr17Ni12Mo2,CP05T3038,ASME B16.11,RCC-M 3,QA2,3/4"x1/2",,个,,Kg,
SPC00116,异径承插管接头,CL3000,FO,SW,022Cr19Ni10,CP05T3038,ASME B16.11,RCC-M 3,QA2,3/4"x1/2",,个,0.2,Kg,
SPC00117,异径承插管接头,CL3000,FO,SW,20,CP05T3037,ASME B16.11,RCC-M 3,QA2,3/4"x1/2",,个,0.2,Kg,
SPC00118,异径承插管接头,CL3000,FO,SW,022Cr17Ni12Mo2,CP05T3023,ASME B16.11,NA,QNCa,3/4"x1/2",,个,0.2,Kg,
SPC00119,异径承插管接头,CL3000,FO,SW,022Cr19Ni10,CP05T3023,ASME B16.11,NA,QNCa,3/4"x1/2",,个,0.2,Kg,
SPC00120,异径承插管接头,CL3000,FO,SW,20,CP05T3025,ASME B16.11,NA,QNCa,3/4"x1/2",,个,0.2,Kg,
SPC00133,异径承插管接头,CL6000,FO,SW,022Cr19Ni10,CP05T3038,ASME B16.11,RCC-M 1,QA1,1"x1/4",,个,,Kg,
SPC00135,异径承插管接头,CL3000,FO,SW,022Cr19Ni10,CP05T3038,ASME B16.11,RCC-M 2,QA1,1"x1/4",,个,,Kg,
SPC00136,异径承插管接头,CL3000,FO,SW,20,CP05T3037,ASME B16.11,RCC-M 2,QA1,1"x1/4",,个,,Kg,
SPC00137,异径承插管接头,CL6000,FO,SW,022Cr19Ni10,CP05T3038,ASME B16.11,RCC-M 2,QA1,1"x1/4",,个,,Kg,
SPC00138,异径承插管接头,CL6000,FO,SW,P280GH,CP05T3052,ASME B16.11,RCC-M 2,QA1,1"x1/4",,个,,Kg,
SPC00139,异径承插管接头,CL3000,FO,SW,022Cr17Ni12Mo2,CP05T3038,ASME B16.11,RCC-M 3,QA2,1"x1/4",,个,,Kg,
SPC00140,异径承插管接头,CL3000,FO,SW,022Cr19Ni10,CP05T3038,ASME B16.11,RCC-M 3,QA2,1"x1/4",,个,0.28,Kg,
SPC00141,异径承插管接头,CL3000,FO,SW,20,CP05T3037,ASME B16.11,RCC-M 3,QA2,1"x1/4",,个,,Kg,
SPC00142,异径承插管接头,CL3000,FO,SW,022Cr17Ni12Mo2,CP05T3023,ASME B16.11,NA,QNCa,1"x1/4",,个,,Kg,
SPC00143,异径承插管接头,CL3000,FO,SW,022Cr19Ni10,CP05T3023,ASME B16.11,NA,QNCa,1"x1/4",,个,0.3,Kg,
SPC00144,异径承插管接头,CL3000,FO,SW,20,CP05T3025,ASME B16.11,NA,QNCa,1"x1/4",,个,,Kg,
SPC00148,异径承插管接头,CL3000,FO,SW,20,CP05T3037,ASME B16.11,RCC-M 2,QA1,1"x3/8",,个,,Kg,
SPC00153,异径承插管接头,CL3000,FO,SW,20,CP05T3037,ASME B16.11,RCC-M 3,QA2,1"x3/8",,个,,Kg,
SPC00156,异径承插管接头,CL3000,FO,SW,20,CP05T3025,ASME B16.11,NA,QNCa,1"x3/8",,个,,Kg,
SPC00157,异径承插管接头,CL6000,FO,SW,022Cr19Ni10,CP05T3038,ASME B16.11,RCC-M 1,QA1,1"x1/2",,个,,Kg,
SPC00158,异径承插管接头,CL3000,FO,SW,022Cr17Ni12Mo2,CP05T3038,ASME B16.11,RCC-M 2,QA1,1"x1/2",,个,,Kg,
SPC00159,异径承插管接头,CL3000,FO,SW,022Cr19Ni10,CP05T3038,ASME B16.11,RCC-M 2,QA1,1"x1/2",,个,0.28,Kg,
SPC00160,异径承插管接头,CL3000,FO,SW,20,CP05T3037,ASME B16.11,RCC-M 2,QA1,1"x1/2",,个,,Kg,
SPC00161,异径承插管接头,CL6000,FO,SW,022Cr19Ni10,CP05T3038,ASME B16.11,RCC-M 2,QA1,1"x1/2",,个,,Kg,
SPC00162,异径承插管接头,CL6000,FO,SW,P280GH,CP05T3052,ASME B16.11,RCC-M 2,QA1,1"x1/2",,个,,Kg,
SPC00163,异径承插管接头,CL3000,FO,SW,022Cr17Ni12Mo2,CP05T3038,ASME B16.11,RCC-M 3,QA2,1"x1/2",,个,0.28,Kg,
SPC00164,异径承插管接头,CL3000,FO,SW,022Cr19Ni10,CP05T3038,ASME B16.11,RCC-M 3,QA2,1"x1/2",,个,0.28,Kg,
SPC00165,异径承插管接头,CL3000,FO,SW,20,CP05T3037,ASME B16.11,RCC-M 3,QA2,1"x1/2",,个,0.28,Kg,
SPC00166,异径承插管接头,CL3000,FO,SW,022Cr17Ni12Mo2,CP05T3023,ASME B16.11,NA,QNCa,1"x1/2",,个,0.3,Kg,
SPC00167,异径承插管接头,CL3000,FO,SW,022Cr19Ni10,CP05T3023,ASME B16.11,NA,QNCa,1"x1/2",,个,0.3,Kg,
SPC00168,异径承插管接头,CL3000,FO,SW,20,CP05T3025,ASME B16.11,NA,QNCa,1"x1/2",,个,,Kg,
SPC00169,异径承插管接头,CL6000,FO,SW,022Cr19Ni10,CP05T3038,ASME B16.11,RCC-M 1,QA1,1"x3/4",,个,0.48,Kg,
SPC00170,异径承插管接头,CL3000,FO,SW,022Cr17Ni12Mo2,CP05T3038,ASME B16.11,RCC-M 2,QA1,1"x3/4",,个,,Kg,
SPC00171,异径承插管接头,CL3000,FO,SW,022Cr19Ni10,CP05T3038,ASME B16.11,RCC-M 2,QA1,1"x3/4",,个,,Kg,
SPC00172,异径承插管接头,CL3000,FO,SW,20,CP05T3037,ASME B16.11,RCC-M 2,QA1,1"x3/4",,个,0.28,Kg,
SPC00173,异径承插管接头,CL6000,FO,SW,022Cr19Ni10,CP05T3038,ASME B16.11,RCC-M 2,QA1,1"x3/4",,个,0.48,Kg,
SPC00174,异径承插管接头,CL6000,FO,SW,P280GH,CP05T3052,ASME B16.11,RCC-M 2,QA1,1"x3/4",,个,,Kg,
SPC00175,异径承插管接头,CL3000,FO,SW,022Cr17Ni12Mo2,CP05T3038,ASME B16.11,RCC-M 3,QA2,1"x3/4",,个,0.28,Kg,
SPC00176,异径承插管接头,CL3000,FO,SW,022Cr19Ni10,CP05T3038,ASME B16.11,RCC-M 3,QA2,1"x3/4",,个,0.28,Kg,
SPC00177,异径承插管接头,CL3000,FO,SW,20,CP05T3037,ASME B16.11,RCC-M 3,QA2,1"x3/4",,个,0.28,Kg,
SPC00178,异径承插管接头,CL3000,FO,SW,022Cr17Ni12Mo2,CP05T3023,ASME B16.11,NA,QNCa,1"x3/4",,个,0.3,Kg,
SPC00179,异径承插管接头,CL3000,FO,SW,022Cr19Ni10,CP05T3023,ASME B16.11,NA,QNCa,1"x3/4",,个,0.3,Kg,
SPC00180,异径承插管接头,CL3000,FO,SW,20,CP05T3025,ASME B16.11,NA,QNCa,1"x3/4",,个,0.3,Kg,
SPC00194,异径承插管接头,CL3000,FO,SW,20,CP05T3037,ASME B16.11,RCC-M 2,QA1,1-1/4"x1/4",,个,,Kg,
SPC00199,异径承插管接头,CL3000,FO,SW,20,CP05T3037,ASME B16.11,RCC-M 3,QA2,1-1/4"x1/4",,个,,Kg,
SPC00202,异径承插管接头,CL3000,FO,SW,20,CP05T3025,ASME B16.11,NA,QNCa,1-1/4"x1/4",,个,,Kg,
SPC00205,异径承插管接头,CL3000,FO,SW,20,CP05T3037,ASME B16.11,RCC-M 2,QA1,1-1/4"x3/8",,个,,Kg,
SPC00210,异径承插管接头,CL3000,FO,SW,20,CP05T3037,ASME B16.11,RCC-M 3,QA2,1-1/4"x3/8",,个,,Kg,
SPC00213,异径承插管接头,CL3000,FO,SW,20,CP05T3025,ASME B16.11,NA,QNCa,1-1/4"x3/8",,个,,Kg,
SPC00216,异径承插管接头,CL3000,FO,SW,20,CP05T3037,ASME B16.11,RCC-M 2,QA1,1-1/4"x1/2",,个,,Kg,
SPC00221,异径承插管接头,CL3000,FO,SW,20,CP05T3037,ASME B16.11,RCC-M 3,QA2,1-1/4"x1/2",,个,,Kg,
SPC00224,异径承插管接头,CL3000,FO,SW,20,CP05T3025,ASME B16.11,NA,QNCa,1-1/4"x1/2",,个,,Kg,
SPC00226,异径承插管接头,CL3000,FO,SW,022Cr19Ni10,CP05T3038,ASME B16.11,RCC-M 2,QA1,1-1/4"x3/4",,个,,Kg,
SPC00227,异径承插管接头,CL3000,FO,SW,20,CP05T3037,ASME B16.11,RCC-M 2,QA1,1-1/4"x3/4",,个,,Kg,
SPC00228,异径承插管接头,CL6000,FO,SW,022Cr19Ni10,CP05T3038,ASME B16.11,RCC-M 2,QA1,1-1/4"x3/4",,个,,Kg,
SPC00229,异径承插管接头,CL6000,FO,SW,P280GH,CP05T3052,ASME B16.11,RCC-M 2,QA1,1-1/4"x3/4",,个,,Kg,
SPC00230,异径承插管接头,CL3000,FO,SW,022Cr17Ni12Mo2,CP05T3038,ASME B16.11,RCC-M 3,QA2,1-1/4"x3/4",,个,,Kg,
SPC00231,异径承插管接头,CL3000,FO,SW,022Cr19Ni10,CP05T3038,ASME B16.11,RCC-M 3,QA2,1-1/4"x3/4",,个,,Kg,
SPC00232,异径承插管接头,CL3000,FO,SW,20,CP05T3037,ASME B16.11,RCC-M 3,QA2,1-1/4"x3/4",,个,,Kg,
SPC00233,异径承插管接头,CL3000,FO,SW,022Cr17Ni12Mo2,CP05T3023,ASME B16.11,NA,QNCa,1-1/4"x3/4",,个,,Kg,
SPC00234,异径承插管接头,CL3000,FO,SW,022Cr19Ni10,CP05T3023,ASME B16.11,NA,QNCa,1-1/4"x3/4",,个,,Kg,
SPC00235,异径承插管接头,CL3000,FO,SW,20,CP05T3025,ASME B16.11,NA,QNCa,1-1/4"x3/4",,个,,Kg,
SPC00236,异径承插管接头,CL3000,FO,SW,022Cr17Ni12Mo2,CP05T3038,ASME B16.11,RCC-M 2,QA1,1-1/4"x1",,个,,Kg,
SPC00237,异径承插管接头,CL3000,FO,SW,022Cr19Ni10,CP05T3038,ASME B16.11,RCC-M 2,QA1,1-1/4"x1",,个,,Kg,
SPC00238,异径承插管接头,CL3000,FO,SW,20,CP05T3037,ASME B16.11,RCC-M 2,QA1,1-1/4"x1",,个,,Kg,
SPC00239,异径承插管接头,CL6000,FO,SW,022Cr19Ni10,CP05T3038,ASME B16.11,RCC-M 2,QA1,1-1/4"x1",,个,,Kg,
SPC00240,异径承插管接头,CL6000,FO,SW,P280GH,CP05T3052,ASME B16.11,RCC-M 2,QA1,1-1/4"x1",,个,,Kg,
SPC00241,异径承插管接头,CL3000,FO,SW,022Cr17Ni12Mo2,CP05T3038,ASME B16.11,RCC-M 3,QA2,1-1/4"x1",,个,,Kg,
SPC00242,异径承插管接头,CL3000,FO,SW,022Cr19Ni10,CP05T3038,ASME B16.11,RCC-M 3,QA2,1-1/4"x1",,个,,Kg,
SPC00243,异径承插管接头,CL3000,FO,SW,20,CP05T3037,ASME B16.11,RCC-M 3,QA2,1-1/4"x1",,个,,Kg,
SPC00244,异径承插管接头,CL3000,FO,SW,022Cr17Ni12Mo2,CP05T3023,ASME B16.11,NA,QNCa,1-1/4"x1",,个,,Kg,
SPC00245,异径承插管接头,CL3000,FO,SW,022Cr19Ni10,CP05T3023,ASME B16.11,NA,QNCa,1-1/4"x1",,个,,Kg,
SPC00246,异径承插管接头,CL3000,FO,SW,20,CP05T3025,ASME B16.11,NA,QNCa,1-1/4"x1",,个,,Kg,
SPC00260,异径承插管接头,CL3000,FO,SW,20,CP05T3037,ASME B16.11,RCC-M 2,QA1,1-1/2"x1/4",,个,,Kg,
SPC00265,异径承插管接头,CL3000,FO,SW,20,CP05T3037,ASME B16.11,RCC-M 3,QA2,1-1/2"x1/4",,个,,Kg,
SPC00268,异径承插管接头,CL3000,FO,SW,20,CP05T3025,ASME B16.11,NA,QNCa,1-1/2"x1/4",,个,,Kg,
SPC00271,异径承插管接头,CL3000,FO,SW,20,CP05T3037,ASME B16.11,RCC-M 2,QA1,1-1/2"x3/8",,个,,Kg,
SPC00276,异径承插管接头,CL3000,FO,SW,20,CP05T3037,ASME B16.11,RCC-M 3,QA2,1-1/2"x3/8",,个,,Kg,
SPC00279,异径承插管接头,CL3000,FO,SW,20,CP05T3025,ASME B16.11,NA,QNCa,1-1/2"x3/8",,个,,Kg,
SPC00280,异径承插管接头,CL3000,FO,SW,022Cr17Ni12Mo2,CP05T3038,ASME B16.11,RCC-M 2,QA1,1-1/2"x1/2",,个,,Kg,
SPC00281,异径承插管接头,CL3000,FO,SW,022Cr19Ni10,CP05T3038,ASME B16.11,RCC-M 2,QA1,1-1/2"x1/2",,个,,Kg,
SPC00282,异径承插管接头,CL3000,FO,SW,20,CP05T3037,ASME B16.11,RCC-M 2,QA1,1-1/2"x1/2",,个,,Kg,
SPC00283,异径承插管接头,CL6000,FO,SW,022Cr19Ni10,CP05T3038,ASME B16.11,RCC-M 2,QA1,1-1/2"x1/2",,个,,Kg,
SPC00284,异径承插管接头,CL6000,FO,SW,P280GH,CP05T3052,ASME B16.11,RCC-M 2,QA1,1-1/2"x1/2",,个,,Kg,
SPC00285,异径承插管接头,CL3000,FO,SW,022Cr17Ni12Mo2,CP05T3038,ASME B16.11,RCC-M 3,QA2,1-1/2"x1/2",,个,0.52,Kg,
SPC00286,异径承插管接头,CL3000,FO,SW,022Cr19Ni10,CP05T3038,ASME B16.11,RCC-M 3,QA2,1-1/2"x1/2",,个,0.52,Kg,
SPC00287,异径承插管接头,CL3000,FO,SW,20,CP05T3037,ASME B16.11,RCC-M 3,QA2,1-1/2"x1/2",,个,,Kg,
SPC00288,异径承插管接头,CL3000,FO,SW,022Cr17Ni12Mo2,CP05T3023,ASME B16.11,NA,QNCa,1-1/2"x1/2",,个,,Kg,
SPC00289,异径承插管接头,CL3000,FO,SW,022Cr19Ni10,CP05T3023,ASME B16.11,NA,QNCa,1-1/2"x1/2",,个,0.5,Kg,
SPC00290,异径承插管接头,CL3000,FO,SW,20,CP05T3025,ASME B16.11,NA,QNCa,1-1/2"x1/2",,个,,Kg,
SPC00291,异径承插管接头,CL3000,FO,SW,022Cr17Ni12Mo2,CP05T3038,ASME B16.11,RCC-M 2,QA1,1-1/2"x3/4",,个,,Kg,
SPC00292,异径承插管接头,CL3000,FO,SW,022Cr19Ni10,CP05T3038,ASME B16.11,RCC-M 2,QA1,1-1/2"x3/4",,个,0.52,Kg,
SPC00293,异径承插管接头,CL3000,FO,SW,20,CP05T3037,ASME B16.11,RCC-M 2,QA1,1-1/2"x3/4",,个,,Kg,
SPC00294,异径承插管接头,CL6000,FO,SW,022Cr19Ni10,CP05T3038,ASME B16.11,RCC-M 2,QA1,1-1/2"x3/4",,个,,Kg,
SPC00295,异径承插管接头,CL6000,FO,SW,P280GH,CP05T3052,ASME B16.11,RCC-M 2,QA1,1-1/2"x3/4",,个,,Kg,
SPC00296,异径承插管接头,CL3000,FO,SW,022Cr17Ni12Mo2,CP05T3038,ASME B16.11,RCC-M 3,QA2,1-1/2"x3/4",,个,,Kg,
SPC00297,异径承插管接头,CL3000,FO,SW,022Cr19Ni10,CP05T3038,ASME B16.11,RCC-M 3,QA2,1-1/2"x3/4",,个,,Kg,
SPC00298,异径承插管接头,CL3000,FO,SW,20,CP05T3037,ASME B16.11,RCC-M 3,QA2,1-1/2"x3/4",,个,0.52,Kg,
SPC00299,异径承插管接头,CL3000,FO,SW,022Cr17Ni12Mo2,CP05T3023,ASME B16.11,NA,QNCa,1-1/2"x3/4",,个,,Kg,
SPC00300,异径承插管接头,CL3000,FO,SW,022Cr19Ni10,CP05T3023,ASME B16.11,NA,QNCa,1-1/2"x3/4",,个,0.5,Kg,
SPC00301,异径承插管接头,CL3000,FO,SW,20,CP05T3025,ASME B16.11,NA,QNCa,1-1/2"x3/4",,个,0.6,Kg,
SPC00302,异径承插管接头,CL3000,FO,SW,022Cr17Ni12Mo2,CP05T3038,ASME B16.11,RCC-M 2,QA1,1-1/2"x1",,个,,Kg,
SPC00303,异径承插管接头,CL3000,FO,SW,022Cr19Ni10,CP05T3038,ASME B16.11,RCC-M 2,QA1,1-1/2"x1",,个,,Kg,
SPC00304,异径承插管接头,CL3000,FO,SW,20,CP05T3037,ASME B16.11,RCC-M 2,QA1,1-1/2"x1",,个,,Kg,
SPC00305,异径承插管接头,CL6000,FO,SW,022Cr19Ni10,CP05T3038,ASME B16.11,RCC-M 2,QA1,1-1/2"x1",,个,,Kg,
SPC00306,异径承插管接头,CL6000,FO,SW,P280GH,CP05T3052,ASME B16.11,RCC-M 2,QA1,1-1/2"x1",,个,,Kg,
SPC00307,异径承插管接头,CL3000,FO,SW,022Cr17Ni12Mo2,CP05T3038,ASME B16.11,RCC-M 3,QA2,1-1/2"x1",,个,0.52,Kg,
SPC00308,异径承插管接头,CL3000,FO,SW,022Cr19Ni10,CP05T3038,ASME B16.11,RCC-M 3,QA2,1-1/2"x1",,个,,Kg,
SPC00309,异径承插管接头,CL3000,FO,SW,20,CP05T3037,ASME B16.11,RCC-M 3,QA2,1-1/2"x1",,个,0.52,Kg,
SPC00310,异径承插管接头,CL3000,FO,SW,022Cr17Ni12Mo2,CP05T3023,ASME B16.11,NA,QNCa,1-1/2"x1",,个,,Kg,
SPC00311,异径承插管接头,CL3000,FO,SW,022Cr19Ni10,CP05T3023,ASME B16.11,NA,QNCa,1-1/2"x1",,个,0.5,Kg,
SPC00312,异径承插管接头,CL3000,FO,SW,20,CP05T3025,ASME B16.11,NA,QNCa,1-1/2"x1",,个,0.6,Kg,
SPC00315,异径承插管接头,CL3000,FO,SW,20,CP05T3037,ASME B16.11,RCC-M 2,QA1,1-1/2"x1-1/4",,个,,Kg,
SPC00320,异径承插管接头,CL3000,FO,SW,20,CP05T3037,ASME B16.11,RCC-M 3,QA2,1-1/2"x1-1/4",,个,,Kg,
SPC00323,异径承插管接头,CL3000,FO,SW,20,CP05T3025,ASME B16.11,NA,QNCa,1-1/2"x1-1/4",,个,,Kg,
SPC00337,异径承插管接头,CL3000,FO,SW,20,CP05T3037,ASME B16.11,RCC-M 2,QA1,2"x1/4",,个,,Kg,
SPC00342,异径承插管接头,CL3000,FO,SW,20,CP05T3037,ASME B16.11,RCC-M 3,QA2,2"x1/4",,个,,Kg,
SPC00345,异径承插管接头,CL3000,FO,SW,20,CP05T3025,ASME B16.11,NA,QNCa,2"x1/4",,个,0.6,Kg,
SPC00348,异径承插管接头,CL3000,FO,SW,20,CP05T3037,ASME B16.11,RCC-M 2,QA1,2"x3/8",,个,,Kg,
SPC00353,异径承插管接头,CL3000,FO,SW,20,CP05T3037,ASME B16.11,RCC-M 3,QA2,2"x3/8",,个,,Kg,
SPC00356,异径承插管接头,CL3000,FO,SW,20,CP05T3025,ASME B16.11,NA,QNCa,2"x3/8",,个,0.8,Kg,
SPC00359,异径承插管接头,CL3000,FO,SW,20,CP05T3037,ASME B16.11,RCC-M 2,QA1,2"x1/2",,个,,Kg,
SPC00364,异径承插管接头,CL3000,FO,SW,20,CP05T3037,ASME B16.11,RCC-M 3,QA2,2"x1/2",,个,0.95,Kg,
SPC00367,异径承插管接头,CL3000,FO,SW,20,CP05T3025,ASME B16.11,NA,QNCa,2"x1/2",,个,,Kg,
SPC00368,异径承插管接头,CL3000,FO,SW,022Cr17Ni12Mo2,CP05T3038,ASME B16.11,RCC-M 2,QA1,2"x3/4",,个,,Kg,
SPC00369,异径承插管接头,CL3000,FO,SW,022Cr19Ni10,CP05T3038,ASME B16.11,RCC-M 2,QA1,2"x3/4",,个,,Kg,
SPC00370,异径承插管接头,CL3000,FO,SW,20,CP05T3037,ASME B16.11,RCC-M 2,QA1,2"x3/4",,个,,Kg,
SPC00371,异径承插管接头,CL6000,FO,SW,022Cr19Ni10,CP05T3038,ASME B16.11,RCC-M 2,QA1,2"x3/4",,个,,Kg,
SPC00372,异径承插管接头,CL6000,FO,SW,P280GH,CP05T3052,ASME B16.11,RCC-M 2,QA1,2"x3/4",,个,,Kg,
SPC00373,异径承插管接头,CL3000,FO,SW,022Cr17Ni12Mo2,CP05T3038,ASME B16.11,RCC-M 3,QA2,2"x3/4",,个,,Kg,
SPC00374,异径承插管接头,CL3000,FO,SW,022Cr19Ni10,CP05T3038,ASME B16.11,RCC-M 3,QA2,2"x3/4",,个,0.95,Kg,
SPC00375,异径承插管接头,CL3000,FO,SW,20,CP05T3037,ASME B16.11,RCC-M 3,QA2,2"x3/4",,个,0.95,Kg,
SPC00376,异径承插管接头,CL3000,FO,SW,022Cr17Ni12Mo2,CP05T3023,ASME B16.11,NA,QNCa,2"x3/4",,个,,Kg,
SPC00377,异径承插管接头,CL3000,FO,SW,022Cr19Ni10,CP05T3023,ASME B16.11,NA,QNCa,2"x3/4",,个,1,Kg,
SPC00378,异径承插管接头,CL3000,FO,SW,20,CP05T3025,ASME B16.11,NA,QNCa,2"x3/4",,个,0.9,Kg,
SPC00379,异径承插管接头,CL3000,FO,SW,022Cr17Ni12Mo2,CP05T3038,ASME B16.11,RCC-M 2,QA1,2"x1",,个,,Kg,
SPC00380,异径承插管接头,CL3000,FO,SW,022Cr19Ni10,CP05T3038,ASME B16.11,RCC-M 2,QA1,2"x1",,个,0.95,Kg,
SPC00381,异径承插管接头,CL3000,FO,SW,20,CP05T3037,ASME B16.11,RCC-M 2,QA1,2"x1",,个,,Kg,
SPC00382,异径承插管接头,CL6000,FO,SW,022Cr19Ni10,CP05T3038,ASME B16.11,RCC-M 2,QA1,2"x1",,个,1.65,Kg,
SPC00383,异径承插管接头,CL6000,FO,SW,P280GH,CP05T3052,ASME B16.11,RCC-M 2,QA1,2"x1",,个,,Kg,
SPC00384,异径承插管接头,CL3000,FO,SW,022Cr17Ni12Mo2,CP05T3038,ASME B16.11,RCC-M 3,QA2,2"x1",,个,,Kg,
SPC00385,异径承插管接头,CL3000,FO,SW,022Cr19Ni10,CP05T3038,ASME B16.11,RCC-M 3,QA2,2"x1",,个,,Kg,
SPC00386,异径承插管接头,CL3000,FO,SW,20,CP05T3037,ASME B16.11,RCC-M 3,QA2,2"x1",,个,0.95,Kg,
SPC00387,异径承插管接头,CL3000,FO,SW,022Cr17Ni12Mo2,CP05T3023,ASME B16.11,NA,QNCa,2"x1",,个,,Kg,
SPC00388,异径承插管接头,CL3000,FO,SW,022Cr19Ni10,CP05T3023,ASME B16.11,NA,QNCa,2"x1",,个,1,Kg,
SPC00389,异径承插管接头,CL3000,FO,SW,20,CP05T3025,ASME B16.11,NA,QNCa,2"x1",,个,1.4,Kg,
SPC00401,异径承插管接头,CL3000,FO,SW,022Cr17Ni12Mo2,CP05T3038,ASME B16.11,RCC-M 2,QA1,2"x1-1/2",,个,,Kg,
SPC00402,异径承插管接头,CL3000,FO,SW,022Cr19Ni10,CP05T3038,ASME B16.11,RCC-M 2,QA1,2"x1-1/2",,个,,Kg,
SPC00403,异径承插管接头,CL3000,FO,SW,20,CP05T3037,ASME B16.11,RCC-M 2,QA1,2"x1-1/2",,个,,Kg,
SPC00404,异径承插管接头,CL6000,FO,SW,022Cr19Ni10,CP05T3038,ASME B16.11,RCC-M 2,QA1,2"x1-1/2",,个,,Kg,
SPC00405,异径承插管接头,CL6000,FO,SW,P280GH,CP05T3052,ASME B16.11,RCC-M 2,QA1,2"x1-1/2",,个,,Kg,
SPC00406,异径承插管接头,CL3000,FO,SW,022Cr17Ni12Mo2,CP05T3038,ASME B16.11,RCC-M 3,QA2,2"x1-1/2",,个,,Kg,
SPC00407,异径承插管接头,CL3000,FO,SW,022Cr19Ni10,CP05T3038,ASME B16.11,RCC-M 3,QA2,2"x1-1/2",,个,0.95,Kg,
SPC00408,异径承插管接头,CL3000,FO,SW,20,CP05T3037,ASME B16.11,RCC-M 3,QA2,2"x1-1/2",,个,0.95,Kg,
SPC00409,异径承插管接头,CL3000,FO,SW,022Cr17Ni12Mo2,CP05T3023,ASME B16.11,NA,QNCa,2"x1-1/2",,个,,Kg,
SPC00410,异径承插管接头,CL3000,FO,SW,022Cr19Ni10,CP05T3023,ASME B16.11,NA,QNCa,2"x1-1/2",,个,1,Kg,
SPC00411,异径承插管接头,CL3000,FO,SW,20,CP05T3025,ASME B16.11,NA,QNCa,2"x1-1/2",,个,1.4,Kg,
SPC00412,双头承插管接头,CL6000,FO,SW,022Cr19Ni10,CP05T3038,ASME B16.11,RCC-M 1,QA1,1/4",,个,0.07,Kg,
SPC00413,双头承插管接头,CL3000,FO,SW,022Cr19Ni10,CP05T3038,ASME B16.11,RCC-M 2,QA1,1/4",,个,0.06,Kg,
SPC00414,双头承插管接头,CL3000,FO,SW,20,CP05T3037,ASME B16.11,RCC-M 2,QA1,1/4",,个,0.06,Kg,
SPC00415,双头承插管接头,CL6000,FO,SW,022Cr19Ni10,CP05T3038,ASME B16.11,RCC-M 2,QA1,1/4",,个,0.07,Kg,
SPC00416,双头承插管接头,CL6000,FO,SW,P280GH,CP05T3052,ASME B16.11,RCC-M 2,QA1,1/4",,个,0.07,Kg,
SPC00417,双头承插管接头,CL3000,FO,SW,022Cr17Ni12Mo2,CP05T3038,ASME B16.11,RCC-M 3,QA2,1/4",,个,0.06,Kg,
SPC00418,双头承插管接头,CL3000,FO,SW,022Cr19Ni10,CP05T3038,ASME B16.11,RCC-M 3,QA2,1/4",,个,0.06,Kg,
SPC00419,双头承插管接头,CL3000,FO,SW,20,CP05T3037,ASME B16.11,RCC-M 3,QA2,1/4",,个,0.06,Kg,
SPC00420,双头承插管接头,CL3000,FO,SW,022Cr17Ni12Mo2,CP05T3023,ASME B16.11,NA,QNCa,1/4",,个,0.06,Kg,
SPC00421,双头承插管接头,CL3000,FO,SW,022Cr19Ni10,CP05T3023,ASME B16.11,NA,QNCa,1/4",,个,0.06,Kg,
SPC00422,双头承插管接头,CL3000,FO,SW,20,CP05T3025,ASME B16.11,NA,QNCa,1/4",,个,0.06,Kg,
SPC00423,双头承插管接头,CL6000,FO,SW,022Cr19Ni10,CP05T3038,ASME B16.11,RCC-M 1,QA1,3/8",,个,0.1,Kg,
SPC00424,双头承插管接头,CL3000,FO,SW,022Cr19Ni10,CP05T3038,ASME B16.11,RCC-M 2,QA1,3/8",,个,0.08,Kg,
SPC00425,双头承插管接头,CL3000,FO,SW,20,CP05T3037,ASME B16.11,RCC-M 2,QA1,3/8",,个,0.08,Kg,
SPC00426,双头承插管接头,CL6000,FO,SW,022Cr19Ni10,CP05T3038,ASME B16.11,RCC-M 2,QA1,3/8",,个,0.1,Kg,
SPC00427,双头承插管接头,CL6000,FO,SW,P280GH,CP05T3052,ASME B16.11,RCC-M 2,QA1,3/8",,个,0.1,Kg,
SPC00428,双头承插管接头,CL3000,FO,SW,022Cr17Ni12Mo2,CP05T3038,ASME B16.11,RCC-M 3,QA2,3/8",,个,0.08,Kg,
SPC00429,双头承插管接头,CL3000,FO,SW,022Cr19Ni10,CP05T3038,ASME B16.11,RCC-M 3,QA2,3/8",,个,0.08,Kg,
SPC00430,双头承插管接头,CL3000,FO,SW,20,CP05T3037,ASME B16.11,RCC-M 3,QA2,3/8",,个,0.08,Kg,
SPC00431,双头承插管接头,CL3000,FO,SW,022Cr17Ni12Mo2,CP05T3023,ASME B16.11,NA,QNCa,3/8",,个,0.08,Kg,
SPC00432,双头承插管接头,CL3000,FO,SW,022Cr19Ni10,CP05T3023,ASME B16.11,NA,QNCa,3/8",,个,0.08,Kg,
SPC00433,双头承插管接头,CL3000,FO,SW,20,CP05T3025,ASME B16.11,NA,QNCa,3/8",,个,0.08,Kg,
SPC00434,双头承插管接头,CL6000,FO,SW,022Cr19Ni10,CP05T3038,ASME B16.11,RCC-M 1,QA1,1/2",,个,0.16,Kg,
SPC00435,双头承插管接头,CL3000,FO,SW,022Cr19Ni10,CP05T3038,ASME B16.11,RCC-M 2,QA1,1/2",,个,0.13,Kg,
SPC00436,双头承插管接头,CL3000,FO,SW,20,CP05T3037,ASME B16.11,RCC-M 2,QA1,1/2",,个,0.13,Kg,
SPC00437,双头承插管接头,CL6000,FO,SW,022Cr19Ni10,CP05T3038,ASME B16.11,RCC-M 2,QA1,1/2",,个,0.16,Kg,
SPC00438,双头承插管接头,CL6000,FO,SW,P280GH,CP05T3052,ASME B16.11,RCC-M 2,QA1,1/2",,个,0.16,Kg,
SPC00439,双头承插管接头,CL3000,FO,SW,022Cr17Ni12Mo2,CP05T3038,ASME B16.11,RCC-M 3,QA2,1/2",,个,0.13,Kg,
SPC00440,双头承插管接头,CL3000,FO,SW,022Cr19Ni10,CP05T3038,ASME B16.11,RCC-M 3,QA2,1/2",,个,0.13,Kg,
SPC00441,双头承插管接头,CL3000,FO,SW,20,CP05T3037,ASME B16.11,RCC-M 3,QA2,1/2",,个,0.13,Kg,
SPC00442,双头承插管接头,CL3000,FO,SW,022Cr17Ni12Mo2,CP05T3023,ASME B16.11,NA,QNCa,1/2",,个,0.13,Kg,
SPC00443,双头承插管接头,CL3000,FO,SW,022Cr19Ni10,CP05T3023,ASME B16.11,NA,QNCa,1/2",,个,0.13,Kg,
SPC00444,双头承插管接头,CL3000,FO,SW,20,CP05T3025,ASME B16.11,NA,QNCa,1/2",,个,0.13,Kg,
SPC00445,双头承插管接头,CL6000,FO,SW,022Cr19Ni10,CP05T3038,ASME B16.11,RCC-M 1,QA1,3/4",,个,0.28,Kg,
SPC00446,双头承插管接头,CL3000,FO,SW,022Cr19Ni10,CP05T3038,ASME B16.11,RCC-M 2,QA1,3/4",,个,0.2,Kg,
SPC00447,双头承插管接头,CL3000,FO,SW,20,CP05T3037,ASME B16.11,RCC-M 2,QA1,3/4",,个,0.2,Kg,
SPC00448,双头承插管接头,CL6000,FO,SW,022Cr19Ni10,CP05T3038,ASME B16.11,RCC-M 2,QA1,3/4",,个,0.28,Kg,
SPC00449,双头承插管接头,CL6000,FO,SW,P280GH,CP05T3052,ASME B16.11,RCC-M 2,QA1,3/4",,个,0.28,Kg,
SPC00450,双头承插管接头,CL3000,FO,SW,022Cr17Ni12Mo2,CP05T3038,ASME B16.11,RCC-M 3,QA2,3/4",,个,0.2,Kg,
SPC00451,双头承插管接头,CL3000,FO,SW,022Cr19Ni10,CP05T3038,ASME B16.11,RCC-M 3,QA2,3/4",,个,0.2,Kg,
SPC00452,双头承插管接头,CL3000,FO,SW,20,CP05T3037,ASME B16.11,RCC-M 3,QA2,3/4",,个,0.2,Kg,
SPC00453,双头承插管接头,CL3000,FO,SW,022Cr17Ni12Mo2,CP05T3023,ASME B16.11,NA,QNCa,3/4",,个,0.2,Kg,
SPC00454,双头承插管接头,CL3000,FO,SW,022Cr19Ni10,CP05T3023,ASME B16.11,NA,QNCa,3/4",,个,0.2,Kg,
SPC00455,双头承插管接头,CL3000,FO,SW,20,CP05T3025,ASME B16.11,NA,QNCa,3/4",,个,0.2,Kg,
SPC00456,双头承插管接头,CL6000,FO,SW,022Cr19Ni10,CP05T3038,ASME B16.11,RCC-M 1,QA1,1",,个,0.48,Kg,
SPC00457,双头承插管接头,CL3000,FO,SW,022Cr19Ni10,CP05T3038,ASME B16.11,RCC-M 2,QA1,1",,个,0.28,Kg,
SPC00458,双头承插管接头,CL3000,FO,SW,20,CP05T3037,ASME B16.11,RCC-M 2,QA1,1",,个,0.28,Kg,
SPC00459,双头承插管接头,CL6000,FO,SW,022Cr19Ni10,CP05T3038,ASME B16.11,RCC-M 2,QA1,1",,个,0.48,Kg,
SPC00460,双头承插管接头,CL6000,FO,SW,P280GH,CP05T3052,ASME B16.11,RCC-M 2,QA1,1",,个,0.48,Kg,
SPC00461,双头承插管接头,CL3000,FO,SW,022Cr17Ni12Mo2,CP05T3038,ASME B16.11,RCC-M 3,QA2,1",,个,0.28,Kg,
SPC00462,双头承插管接头,CL3000,FO,SW,022Cr19Ni10,CP05T3038,ASME B16.11,RCC-M 3,QA2,1",,个,0.28,Kg,
SPC00463,双头承插管接头,CL3000,FO,SW,20,CP05T3037,ASME B16.11,RCC-M 3,QA2,1",,个,0.28,Kg,
SPC00464,双头承插管接头,CL3000,FO,SW,022Cr17Ni12Mo2,CP05T3023,ASME B16.11,NA,QNCa,1",,个,0.28,Kg,
SPC00465,双头承插管接头,CL3000,FO,SW,022Cr19Ni10,CP05T3023,ASME B16.11,NA,QNCa,1",,个,0.28,Kg,
SPC00466,双头承插管接头,CL3000,FO,SW,20,CP05T3025,ASME B16.11,NA,QNCa,1",,个,0.28,Kg,
SPC00467,双头承插管接头,CL3000,FO,SW,022Cr19Ni10,CP05T3038,ASME B16.11,RCC-M 2,QA1,1-1/4",,个,0.48,Kg,
SPC00468,双头承插管接头,CL3000,FO,SW,20,CP05T3037,ASME B16.11,RCC-M 2,QA1,1-1/4",,个,0.48,Kg,
SPC00469,双头承插管接头,CL6000,FO,SW,022Cr19Ni10,CP05T3038,ASME B16.11,RCC-M 2,QA1,1-1/4",,个,0.65,Kg,
SPC00470,双头承插管接头,CL6000,FO,SW,P280GH,CP05T3052,ASME B16.11,RCC-M 2,QA1,1-1/4",,个,0.65,Kg,
SPC00471,双头承插管接头,CL3000,FO,SW,022Cr17Ni12Mo2,CP05T3038,ASME B16.11,RCC-M 3,QA2,1-1/4",,个,0.48,Kg,
SPC00472,双头承插管接头,CL3000,FO,SW,022Cr19Ni10,CP05T3038,ASME B16.11,RCC-M 3,QA2,1-1/4",,个,0.48,Kg,
SPC00473,双头承插管接头,CL3000,FO,SW,20,CP05T3037,ASME B16.11,RCC-M 3,QA2,1-1/4",,个,0.48,Kg,
SPC00474,双头承插管接头,CL3000,FO,SW,022Cr17Ni12Mo2,CP05T3023,ASME B16.11,NA,QNCa,1-1/4",,个,0.48,Kg,
SPC00475,双头承插管接头,CL3000,FO,SW,022Cr19Ni10,CP05T3023,ASME B16.11,NA,QNCa,1-1/4",,个,0.48,Kg,
SPC00476,双头承插管接头,CL3000,FO,SW,20,CP05T3025,ASME B16.11,NA,QNCa,1-1/4",,个,0.48,Kg,
SPC00477,双头承插管接头,CL3000,FO,SW,022Cr19Ni10,CP05T3038,ASME B16.11,RCC-M 2,QA1,1-1/2",,个,0.52,Kg,
SPC00478,双头承插管接头,CL3000,FO,SW,20,CP05T3037,ASME B16.11,RCC-M 2,QA1,1-1/2",,个,0.52,Kg,
SPC00479,双头承插管接头,CL6000,FO,SW,022Cr19Ni10,CP05T3038,ASME B16.11,RCC-M 2,QA1,1-1/2",,个,0.84,Kg,
SPC00480,双头承插管接头,CL6000,FO,SW,P280GH,CP05T3052,ASME B16.11,RCC-M 2,QA1,1-1/2",,个,0.84,Kg,
SPC00481,双头承插管接头,CL3000,FO,SW,022Cr17Ni12Mo2,CP05T3038,ASME B16.11,RCC-M 3,QA2,1-1/2",,个,0.52,Kg,
SPC00482,双头承插管接头,CL3000,FO,SW,022Cr19Ni10,CP05T3038,ASME B16.11,RCC-M 3,QA2,1-1/2",,个,0.52,Kg,
SPC00483,双头承插管接头,CL3000,FO,SW,20,CP05T3037,ASME B16.11,RCC-M 3,QA2,1-1/2",,个,0.52,Kg,
SPC00484,双头承插管接头,CL3000,FO,SW,022Cr17Ni12Mo2,CP05T3023,ASME B16.11,NA,QNCa,1-1/2",,个,0.52,Kg,
SPC00485,双头承插管接头,CL3000,FO,SW,022Cr19Ni10,CP05T3023,ASME B16.11,NA,QNCa,1-1/2",,个,0.52,Kg,
SPC00486,双头承插管接头,CL3000,FO,SW,20,CP05T3025,ASME B16.11,NA,QNCa,1-1/2",,个,0.52,Kg,
SPC00487,双头承插管接头,CL3000,FO,SW,022Cr19Ni10,CP05T3038,ASME B16.11,RCC-M 2,QA1,2",,个,0.95,Kg,
SPC00488,双头承插管接头,CL3000,FO,SW,20,CP05T3037,ASME B16.11,RCC-M 2,QA1,2",,个,0.95,Kg,
SPC00489,双头承插管接头,CL6000,FO,SW,022Cr19Ni10,CP05T3038,ASME B16.11,RCC-M 2,QA1,2",,个,1.65,Kg,
SPC00490,双头承插管接头,CL6000,FO,SW,P280GH,CP05T3052,ASME B16.11,RCC-M 2,QA1,2",,个,1.65,Kg,
SPC00491,双头承插管接头,CL3000,FO,SW,022Cr17Ni12Mo2,CP05T3038,ASME B16.11,RCC-M 3,QA2,2",,个,0.95,Kg,
SPC00492,双头承插管接头,CL3000,FO,SW,022Cr19Ni10,CP05T3038,ASME B16.11,RCC-M 3,QA2,2",,个,0.95,Kg,
SPC00493,双头承插管接头,CL3000,FO,SW,20,CP05T3037,ASME B16.11,RCC-M 3,QA2,2",,个,0.95,Kg,
SPC00494,双头承插管接头,CL3000,FO,SW,022Cr17Ni12Mo2,CP05T3023,ASME B16.11,NA,QNCa,2",,个,0.95,Kg,
SPC00495,双头承插管接头,CL3000,FO,SW,022Cr19Ni10,CP05T3023,ASME B16.11,NA,QNCa,2",,个,0.95,Kg,
SPC00496,双头承插管接头,CL3000,FO,SW,20,CP05T3025,ASME B16.11,NA,QNCa,2",,个,0.95,Kg,
SPC00497,异径套筒,cL6000,FO,MF,022Cr19Ni10,CP05T3038,MSS SP79,RCC-M 1,QA1,3/8"x1/4",,个,,Kg,
SPC00498,异径套筒,CL3000,FO,MF,022Cr19Ni10,CP05T3038,MSS SP79,RCC-M 2,QA1,3/8"x1/4",,个,,Kg,
SPC00499,异径套筒,CL3000,FO,MF,20,CP05T3037,MSS SP79,RCC-M 2,QA1,3/8"x1/4",,个,,Kg,
SPC00500,异径套筒,CL6000,FO,MF,022Cr19Ni10,CP05T3038,MSS SP79,RCC-M 2,QA1,3/8"x1/4",,个,,Kg,
SPC00501,异径套筒,CL6000,FO,MF,P280GH,CP05T3052,MSS SP79,RCC-M 2,QA1,3/8"x1/4",,个,,Kg,
SPC00502,异径套筒,CL3000,FO,MF,022Cr17Ni12Mo2,CP05T3038,MSS SP79,RCC-M 3,QA2,3/8"x1/4",,个,,Kg,
SPC00503,异径套筒,CL3000,FO,MF,022Cr19Ni10,CP05T3038,MSS SP79,RCC-M 3,QA2,3/8"x1/4",,个,,Kg,
SPC00504,异径套筒,CL3000,FO,MF,20,CP05T3037,MSS SP79,RCC-M 3,QA2,3/8"x1/4",,个,,Kg,
SPC00505,异径套筒,CL3000,FO,MF,022Cr17Ni12Mo2,CP05T3023,MSS SP79,NA,QNCa,3/8"x1/4",,个,,Kg,
SPC00506,异径套筒,CL3000,FO,MF,022Cr19Ni10,CP05T3023,MSS SP79,NA,QNCa,3/8"x1/4",,个,,Kg,
SPC00507,异径套筒,CL3000,FO,MF,20,CP05T3025,MSS SP79,NA,QNCa,3/8"x1/4",,个,,Kg,
SPC00508,异径套筒,CL6000,FO,MF,022Cr19Ni10,CP05T3038,MSS SP79,RCC-M 1,QA1,1/2"x1/4",,个,,Kg,
SPC00509,异径套筒,CL3000,FO,MF,022Cr19Ni10,CP05T3038,MSS SP79,RCC-M 2,QA1,1/2"x1/4",,个,0.2,Kg,
SPC00510,异径套筒,CL3000,FO,MF,20,CP05T3037,MSS SP79,RCC-M 2,QA1,1/2"x1/4",,个,,Kg,
SPC00511,异径套筒,CL6000,FO,MF,022Cr19Ni10,CP05T3038,MSS SP79,RCC-M 2,QA1,1/2"x1/4",,个,0.2,Kg,
SPC00512,异径套筒,CL6000,FO,MF,P280GH,CP05T3052,MSS SP79,RCC-M 2,QA1,1/2"x1/4",,个,,Kg,
SPC00513,异径套筒,CL3000,FO,MF,022Cr17Ni12Mo2,CP05T3038,MSS SP79,RCC-M 3,QA2,1/2"x1/4",,个,,Kg,
SPC00514,异径套筒,CL3000,FO,MF,022Cr19Ni10,CP05T3038,MSS SP79,RCC-M 3,QA2,1/2"x1/4",,个,0.2,Kg,
SPC00515,异径套筒,CL3000,FO,MF,20,CP05T3037,MSS SP79,RCC-M 3,QA2,1/2"x1/4",,个,0.2,Kg,
SPC00516,异径套筒,CL3000,FO,MF,022Cr17Ni12Mo2,CP05T3023,MSS SP79,NA,QNCa,1/2"x1/4",,个,,Kg,
SPC00517,异径套筒,CL3000,FO,MF,022Cr19Ni10,CP05T3023,MSS SP79,NA,QNCa,1/2"x1/4",,个,0.1,Kg,
SPC00518,异径套筒,CL3000,FO,MF,20,CP05T3025,MSS SP79,NA,QNCa,1/2"x1/4",,个,0.1,Kg,
SPC00519,异径套筒,CL6000,FO,MF,022Cr19Ni10,CP05T3038,MSS SP79,RCC-M 1,QA1,1/2"x3/8",,个,,Kg,
SPC00520,异径套筒,CL3000,FO,MF,022Cr19Ni10,CP05T3038,MSS SP79,RCC-M 2,QA1,1/2"x3/8",,个,,Kg,
SPC00521,异径套筒,CL3000,FO,MF,20,CP05T3037,MSS SP79,RCC-M 2,QA1,1/2"x3/8",,个,,Kg,
SPC00522,异径套筒,CL6000,FO,MF,022Cr19Ni10,CP05T3038,MSS SP79,RCC-M 2,QA1,1/2"x3/8",,个,,Kg,
SPC00523,异径套筒,CL6000,FO,MF,P280GH,CP05T3052,MSS SP79,RCC-M 2,QA1,1/2"x3/8",,个,,Kg,
SPC00524,异径套筒,CL3000,FO,MF,022Cr17Ni12Mo2,CP05T3038,MSS SP79,RCC-M 3,QA2,1/2"x3/8",,个,,Kg,
SPC00525,异径套筒,CL3000,FO,MF,022Cr19Ni10,CP05T3038,MSS SP79,RCC-M 3,QA2,1/2"x3/8",,个,,Kg,
SPC00526,异径套筒,CL3000,FO,MF,20,CP05T3037,MSS SP79,RCC-M 3,QA2,1/2"x3/8",,个,0.2,Kg,
SPC00527,异径套筒,CL3000,FO,MF,022Cr17Ni12Mo2,CP05T3023,MSS SP79,NA,QNCa,1/2"x3/8",,个,,Kg,
SPC00528,异径套筒,CL3000,FO,MF,022Cr19Ni10,CP05T3023,MSS SP79,NA,QNCa,1/2"x3/8",,个,0.1,Kg,
SPC00529,异径套筒,CL3000,FO,MF,20,CP05T3025,MSS SP79,NA,QNCa,1/2"x3/8",,个,0.1,Kg,
SPC00530,异径套筒,CL6000,FO,MF,022Cr19Ni10,CP05T3038,MSS SP79,RCC-M 1,QA1,3/4"x3/8",,个,,Kg,
SPC00531,异径套筒,CL6000,FO,MF,022Cr19Ni10,CP05T3038,MSS SP79,RCC-M 2,QA1,3/4"x3/8",,个,,Kg,
SPC00532,异径套筒,CL6000,FO,MF,P280GH,CP05T3052,MSS SP79,RCC-M 2,QA1,3/4"x3/8",,个,,Kg,
SPC00533,异径套筒,CL6000,FO,MF,022Cr19Ni10,CP05T3038,MSS SP79,RCC-M 1,QA1,3/4"x1/2",,个,,Kg,
SPC00534,异径套筒,CL3000,FO,MF,022Cr19Ni10,CP05T3038,MSS SP79,RCC-M 2,QA1,3/4"x1/2",,个,0.2,Kg,
SPC00535,异径套筒,CL3000,FO,MF,20,CP05T3037,MSS SP79,RCC-M 2,QA1,3/4"x1/2",,个,,Kg,
SPC00536,异径套筒,CL6000,FO,MF,022Cr19Ni10,CP05T3038,MSS SP79,RCC-M 2,QA1,3/4"x1/2",,个,0.2,Kg,
SPC00537,异径套筒,CL6000,FO,MF,P280GH,CP05T3052,MSS SP79,RCC-M 2,QA1,3/4"x1/2",,个,,Kg,
SPC00538,异径套筒,CL3000,FO,MF,022Cr17Ni12Mo2,CP05T3038,MSS SP79,RCC-M 3,QA2,3/4"x1/2",,个,,Kg,
SPC00539,异径套筒,CL3000,FO,MF,022Cr19Ni10,CP05T3038,MSS SP79,RCC-M 3,QA2,3/4"x1/2",,个,0.2,Kg,
SPC00540,异径套筒,CL3000,FO,MF,20,CP05T3037,MSS SP79,RCC-M 3,QA2,3/4"x1/2",,个,0.2,Kg,
SPC00541,异径套筒,CL3000,FO,MF,022Cr17Ni12Mo2,CP05T3023,MSS SP79,NA,QNCa,3/4"x1/2",,个,,Kg,
SPC00542,异径套筒,CL3000,FO,MF,022Cr19Ni10,CP05T3023,MSS SP79,NA,QNCa,3/4"x1/2",,个,0.2,Kg,
SPC00543,异径套筒,CL3000,FO,MF,20,CP05T3025,MSS SP79,NA,QNCa,3/4"x1/2",,个,0.1,Kg,
SPC00544,异径套筒,CL6000,FO,MF,022Cr19Ni10,CP05T3038,MSS SP79,RCC-M 1,QA1,1"x1/2",,个,,Kg,
SPC00545,异径套筒,CL6000,FO,MF,022Cr19Ni10,CP05T3038,MSS SP79,RCC-M 2,QA1,1"x1/2",,个,0.4,Kg,
SPC00546,异径套筒,CL6000,FO,MF,P280GH,CP05T3052,MSS SP79,RCC-M 2,QA1,1"x1/2",,个,,Kg,
SPC00547,异径套筒,CL6000,FO,MF,022Cr19Ni10,CP05T3038,MSS SP79,RCC-M 1,QA1,1"x3/4",,个,0.4,Kg,
SPC00548,异径套筒,CL3000,FO,MF,022Cr19Ni10,CP05T3038,MSS SP79,RCC-M 2,QA1,1"x3/4",,个,,Kg,
SPC00549,异径套筒,CL3000,FO,MF,20,CP05T3037,MSS SP79,RCC-M 2,QA1,1"x3/4",,个,0.2,Kg,
SPC00550,异径套筒,CL6000,FO,MF,022Cr19Ni10,CP05T3038,MSS SP79,RCC-M 2,QA1,1"x3/4",,个,0.4,Kg,
SPC00551,异径套筒,CL6000,FO,MF,P280GH,CP05T3052,MSS SP79,RCC-M 2,QA1,1"x3/4",,个,,Kg,
SPC00552,异径套筒,CL3000,FO,MF,022Cr17Ni12Mo2,CP05T3038,MSS SP79,RCC-M 3,QA2,1"x3/4",,个,,Kg,
SPC00553,异径套筒,CL3000,FO,MF,022Cr19Ni10,CP05T3038,MSS SP79,RCC-M 3,QA2,1"x3/4",,个,0.4,Kg,
SPC00554,异径套筒,CL3000,FO,MF,20,CP05T3037,MSS SP79,RCC-M 3,QA2,1"x3/4",,个,0.2,Kg,
SPC00555,异径套筒,CL3000,FO,MF,022Cr17Ni12Mo2,CP05T3023,MSS SP79,NA,QNCa,1"x3/4",,个,0.2,Kg,
SPC00556,异径套筒,CL3000,FO,MF,022Cr19Ni10,CP05T3023,MSS SP79,NA,QNCa,1"x3/4",,个,0.2,Kg,
SPC00557,异径套筒,CL3000,FO,MF,20,CP05T3025,MSS SP79,NA,QNCa,1"x3/4",,个,0.2,Kg,
SPC00558,异径套筒,CL3000,FO,MF,022Cr19Ni10,CP05T3038,MSS SP79,RCC-M 2,QA1,1-1/4"x1",,个,,Kg,
SPC00559,异径套筒,CL3000,FO,MF,20,CP05T3037,MSS SP79,RCC-M 2,QA1,1-1/4"x1",,个,,Kg,
SPC00560,异径套筒,CL6000,FO,MF,022Cr19Ni10,CP05T3038,MSS SP79,RCC-M 2,QA1,1-1/4"x1",,个,,Kg,
SPC00561,异径套筒,CL6000,FO,MF,P280GH,CP05T3052,MSS SP79,RCC-M 2,QA1,1-1/4"x1",,个,,Kg,
SPC00562,异径套筒,CL3000,FO,MF,022Cr17Ni12Mo2,CP05T3038,MSS SP79,RCC-M 3,QA2,1-1/4"x1",,个,,Kg,
SPC00563,异径套筒,CL3000,FO,MF,022Cr19Ni10,CP05T3038,MSS SP79,RCC-M 3,QA2,1-1/4"x1",,个,0.5,Kg,
SPC00564,异径套筒,CL3000,FO,MF,20,CP05T3037,MSS SP79,RCC-M 3,QA2,1-1/4"x1",,个,,Kg,
SPC00565,异径套筒,CL3000,FO,MF,022Cr17Ni12Mo2,CP05T3023,MSS SP79,NA,QNCa,1-1/4"x1",,个,,Kg,
SPC00566,异径套筒,CL3000,FO,MF,022Cr19Ni10,CP05T3023,MSS SP79,NA,QNCa,1-1/4"x1",,个,,Kg,
SPC00567,异径套筒,CL3000,FO,MF,20,CP05T3025,MSS SP79,NA,QNCa,1-1/4"x1",,个,,Kg,
SPC00568,异径套筒,CL6000,FO,MF,022Cr19Ni10,CP05T3038,MSS SP79,RCC-M 2,QA1,1-1/2"x1",,个,0.5,Kg,
SPC00569,异径套筒,CL6000,FO,MF,P280GH,CP05T3052,MSS SP79,RCC-M 2,QA1,1-1/2"x1",,个,,Kg,
SPC00570,异径套筒,CL3000,FO,MF,022Cr19Ni10,CP05T3038,MSS SP79,RCC-M 2,QA1,1-1/2"x1-1/4",,个,,Kg,
SPC00571,异径套筒,CL3000,FO,MF,20,CP05T3037,MSS SP79,RCC-M 2,QA1,1-1/2"x1-1/4",,个,,Kg,
SPC00572,异径套筒,CL6000,FO,MF,022Cr19Ni10,CP05T3038,MSS SP79,RCC-M 2,QA1,1-1/2"x1-1/4",,个,,Kg,
SPC00573,异径套筒,CL6000,FO,MF,P280GH,CP05T3052,MSS SP79,RCC-M 2,QA1,1-1/2"x1-1/4",,个,,Kg,
SPC00574,异径套筒,CL3000,FO,MF,022Cr17Ni12Mo2,CP05T3038,MSS SP79,RCC-M 3,QA2,1-1/2"x1-1/4",,个,,Kg,
SPC00575,异径套筒,CL3000,FO,MF,022Cr19Ni10,CP05T3038,MSS SP79,RCC-M 3,QA2,1-1/2"x1-1/4",,个,,Kg,
SPC00576,异径套筒,CL3000,FO,MF,20,CP05T3037,MSS SP79,RCC-M 3,QA2,1-1/2"x1-1/4",,个,,Kg,
SPC00577,异径套筒,CL3000,FO,MF,022Cr17Ni12Mo2,CP05T3023,MSS SP79,NA,QNCa,1-1/2"x1-1/4",,个,,Kg,
SPC00578,异径套筒,CL3000,FO,MF,022Cr19Ni10,CP05T3023,MSS SP79,NA,QNCa,1-1/2"x1-1/4",,个,,Kg,
SPC00579,异径套筒,CL3000,FO,MF,20,CP05T3025,MSS SP79,NA,QNCa,1-1/2"x1-1/4",,个,0.4,Kg,
SPC00580,异径套筒,CL3000,FO,MF,022Cr19Ni10,CP05T3038,MSS SP79,RCC-M 2,QA1,2"x1-1/2",,个,0.6,Kg,
SPC00581,异径套筒,CL3000,FO,MF,20,CP05T3037,MSS SP79,RCC-M 2,QA1,2"x1-1/2",,个,,Kg,
SPC00582,异径套筒,CL6000,FO,MF,022Cr19Ni10,CP05T3038,MSS SP79,RCC-M 2,QA1,2"x1-1/2",,个,,Kg,
SPC00583,异径套筒,CL6000,FO,MF,P280GH,CP05T3052,MSS SP79,RCC-M 2,QA1,2"x1-1/2",,个,0.6,Kg,
SPC00584,异径套筒,CL3000,FO,MF,022Cr17Ni12Mo2,CP05T3038,MSS SP79,RCC-M 3,QA2,2"x1-1/2",,个,,Kg,
SPC00585,异径套筒,CL3000,FO,MF,022Cr19Ni10,CP05T3038,MSS SP79,RCC-M 3,QA2,2"x1-1/2",,个,0.6,Kg,
SPC00586,异径套筒,CL3000,FO,MF,20,CP05T3037,MSS SP79,RCC-M 3,QA2,2"x1-1/2",,个,0.6,Kg,
SPC00587,异径套筒,CL3000,FO,MF,022Cr17Ni12Mo2,CP05T3023,MSS SP79,NA,QNCa,2"x1-1/2",,个,,Kg,
SPC00588,异径套筒,CL3000,FO,MF,022Cr19Ni10,CP05T3023,MSS SP79,NA,QNCa,2"x1-1/2",,个,0.7,Kg,
SPC00589,异径套筒,CL3000,FO,MF,20,CP05T3025,MSS SP79,NA,QNCa,2"x1-1/2",,个,0.5,Kg,
SPC00590,异径套筒,CL6000,FO,MF,022Cr19Ni10,CP05T3038,MSS SP79,RCC-M 1,QA1,3/4"x1/4",,个,,Kg,
SPC00591,异径套筒,CL3000,FO,MF,022Cr19Ni10,CP05T3038,MSS SP79,RCC-M 2,QA1,3/4"x1/4",,个,,Kg,
SPC00592,异径套筒,CL3000,FO,MF,20,CP05T3037,MSS SP79,RCC-M 2,QA1,3/4"x1/4",,个,,Kg,
SPC00593,异径套筒,CL6000,FO,MF,022Cr19Ni10,CP05T3038,MSS SP79,RCC-M 2,QA1,3/4"x1/4",,个,0.2,Kg,
SPC00594,异径套筒,CL6000,FO,MF,P280GH,CP05T3052,MSS SP79,RCC-M 2,QA1,3/4"x1/4",,个,,Kg,
SPC00595,异径套筒,CL3000,FO,MF,022Cr17Ni12Mo2,CP05T3038,MSS SP79,RCC-M 3,QA2,3/4"x1/4",,个,,Kg,
SPC00596,异径套筒,CL3000,FO,MF,022Cr19Ni10,CP05T3038,MSS SP79,RCC-M 3,QA2,3/4"x1/4",,个,0.2,Kg,
SPC00597,异径套筒,CL3000,FO,MF,20,CP05T3037,MSS SP79,RCC-M 3,QA2,3/4"x1/4",,个,0.2,Kg,
SPC00598,异径套筒,CL3000,FO,MF,022Cr17Ni12Mo2,CP05T3023,MSS SP79,NA,QNCa,3/4"x1/4",,个,,Kg,
SPC00599,异径套筒,CL3000,FO,MF,022Cr19Ni10,CP05T3023,MSS SP79,NA,QNCa,3/4"x1/4",,个,0.2,Kg,
SPC00600,异径套筒,CL3000,FO,MF,20,CP05T3025,MSS SP79,NA,QNCa,3/4"x1/4",,个,,Kg,
SPC00601,异径套筒,CL3000,FO,MF,022Cr19Ni10,CP05T3038,MSS SP79,RCC-M 2,QA1,3/4"x3/8",,个,,Kg,
SPC00602,异径套筒,CL3000,FO,MF,20,CP05T3037,MSS SP79,RCC-M 2,QA1,3/4"x3/8",,个,,Kg,
SPC00603,异径套筒,CL3000,FO,MF,022Cr17Ni12Mo2,CP05T3038,MSS SP79,RCC-M 3,QA2,3/4"x3/8",,个,,Kg,
SPC00604,异径套筒,CL3000,FO,MF,022Cr19Ni10,CP05T3038,MSS SP79,RCC-M 3,QA2,3/4"x3/8",,个,,Kg,
SPC00605,异径套筒,CL3000,FO,MF,20,CP05T3037,MSS SP79,RCC-M 3,QA2,3/4"x3/8",,个,,Kg,
SPC00606,异径套筒,CL3000,FO,MF,022Cr17Ni12Mo2,CP05T3023,MSS SP79,NA,QNCa,3/4"x3/8",,个,,Kg,
SPC00607,异径套筒,CL3000,FO,MF,022Cr19Ni10,CP05T3023,MSS SP79,NA,QNCa,3/4"x3/8",,个,,Kg,
SPC00608,异径套筒,CL3000,FO,MF,20,CP05T3025,MSS SP79,NA,QNCa,3/4"x3/8",,个,,Kg,
SPC00609,异径套筒,CL6000,FO,MF,022Cr19Ni10,CP05T3038,MSS SP79,RCC-M 1,QA1,1"x1/4",,个,,Kg,
SPC00610,异径套筒,CL3000,FO,MF,022Cr19Ni10,CP05T3038,MSS SP79,RCC-M 2,QA1,1"x1/4",,个,,Kg,
SPC00611,异径套筒,CL3000,FO,MF,20,CP05T3037,MSS SP79,RCC-M 2,QA1,1"x1/4",,个,,Kg,
SPC00612,异径套筒,CL6000,FO,MF,022Cr19Ni10,CP05T3038,MSS SP79,RCC-M 2,QA1,1"x1/4",,个,0.4,Kg,
SPC00613,异径套筒,CL6000,FO,MF,P280GH,CP05T3052,MSS SP79,RCC-M 2,QA1,1"x1/4",,个,,Kg,
SPC00614,异径套筒,CL3000,FO,MF,022Cr17Ni12Mo2,CP05T3038,MSS SP79,RCC-M 3,QA2,1"x1/4",,个,,Kg,
SPC00615,异径套筒,CL3000,FO,MF,022Cr19Ni10,CP05T3038,MSS SP79,RCC-M 3,QA2,1"x1/4",,个,0.4,Kg,
SPC00616,异径套筒,CL3000,FO,MF,20,CP05T3037,MSS SP79,RCC-M 3,QA2,1"x1/4",,个,0.2,Kg,
SPC00617,异径套筒,CL3000,FO,MF,022Cr17Ni12Mo2,CP05T3023,MSS SP79,NA,QNCa,1"x1/4",,个,,Kg,
SPC00618,异径套筒,CL3000,FO,MF,022Cr19Ni10,CP05T3023,MSS SP79,NA,QNCa,1"x1/4",,个,0.2,Kg,
SPC00619,异径套筒,CL3000,FO,MF,20,CP05T3025,MSS SP79,NA,QNCa,1"x1/4",,个,0.2,Kg,
SPC00620,异径套筒,CL6000,FO,MF,022Cr19Ni10,CP05T3038,MSS SP79,RCC-M 1,QA1,1"x3/8",,个,,Kg,
SPC00621,异径套筒,CL3000,FO,MF,022Cr19Ni10,CP05T3038,MSS SP79,RCC-M 2,QA1,1"x3/8",,个,,Kg,
SPC00622,异径套筒,CL3000,FO,MF,20,CP05T3037,MSS SP79,RCC-M 2,QA1,1"x3/8",,个,,Kg,
SPC00623,异径套筒,CL6000,FO,MF,022Cr19Ni10,CP05T3038,MSS SP79,RCC-M 2,QA1,1"x3/8",,个,,Kg,
SPC00624,异径套筒,CL6000,FO,MF,P280GH,CP05T3052,MSS SP79,RCC-M 2,QA1,1"x3/8",,个,0.4,Kg,
SPC00625,异径套筒,CL3000,FO,MF,022Cr17Ni12Mo2,CP05T3038,MSS SP79,RCC-M 3,QA2,1"x3/8",,个,,Kg,
SPC00626,异径套筒,CL3000,FO,MF,022Cr19Ni10,CP05T3038,MSS SP79,RCC-M 3,QA2,1"x3/8",,个,,Kg,
SPC00627,异径套筒,CL3000,FO,MF,20,CP05T3037,MSS SP79,RCC-M 3,QA2,1"x3/8",,个,,Kg,
SPC00628,异径套筒,CL3000,FO,MF,022Cr17Ni12Mo2,CP05T3023,MSS SP79,NA,QNCa,1"x3/8",,个,,Kg,
SPC00629,异径套筒,CL3000,FO,MF,022Cr19Ni10,CP05T3023,MSS SP79,NA,QNCa,1"x3/8",,个,,Kg,
SPC00630,异径套筒,CL3000,FO,MF,20,CP05T3025,MSS SP79,NA,QNCa,1"x3/8",,个,,Kg,
SPC00631,异径套筒,CL3000,FO,MF,022Cr19Ni10,CP05T3038,MSS SP79,RCC-M 2,QA1,1"x1/2",,个,0.4,Kg,
SPC00632,异径套筒,CL3000,FO,MF,20,CP05T3037,MSS SP79,RCC-M 2,QA1,1"x1/2",,个,0.2,Kg,
SPC00633,异径套筒,CL3000,FO,MF,022Cr17Ni12Mo2,CP05T3038,MSS SP79,RCC-M 3,QA2,1"x1/2",,个,,Kg,
SPC00634,异径套筒,CL3000,FO,MF,022Cr19Ni10,CP05T3038,MSS SP79,RCC-M 3,QA2,1"x1/2",,个,0.4,Kg,
SPC00635,异径套筒,CL3000,FO,MF,20,CP05T3037,MSS SP79,RCC-M 3,QA2,1"x1/2",,个,0.2,Kg,
SPC00636,异径套筒,CL3000,FO,MF,022Cr17Ni12Mo2,CP05T3023,MSS SP79,NA,QNCa,1"x1/2",,个,0.2,Kg,
SPC00637,异径套筒,CL3000,FO,MF,022Cr19Ni10,CP05T3023,MSS SP79,NA,QNCa,1"x1/2",,个,0.2,Kg,
SPC00638,异径套筒,CL3000,FO,MF,20,CP05T3025,MSS SP79,NA,QNCa,1"x1/2",,个,0.3,Kg,
SPC00639,异径套筒,CL3000,FO,MF,022Cr19Ni10,CP05T3038,MSS SP79,RCC-M 2,QA1,1-1/4"x1/4",,个,,Kg,
SPC00640,异径套筒,CL3000,FO,MF,20,CP05T3037,MSS SP79,RCC-M 2,QA1,1-1/4"x1/4",,个,,Kg,
SPC00641,异径套筒,CL6000,FO,MF,022Cr19Ni10,CP05T3038,MSS SP79,RCC-M 2,QA1,1-1/4"x1/4",,个,,Kg,
SPC00642,异径套筒,CL6000,FO,MF,P280GH,CP05T3052,MSS SP79,RCC-M 2,QA1,1-1/4"x1/4",,个,,Kg,
SPC00643,异径套筒,CL3000,FO,MF,022Cr17Ni12Mo2,CP05T3038,MSS SP79,RCC-M 3,QA2,1-1/4"x1/4",,个,,Kg,
SPC00644,异径套筒,CL3000,FO,MF,022Cr19Ni10,CP05T3038,MSS SP79,RCC-M 3,QA2,1-1/4"x1/4",,个,,Kg,
SPC00645,异径套筒,CL3000,FO,MF,20,CP05T3037,MSS SP79,RCC-M 3,QA2,1-1/4"x1/4",,个,,Kg,
SPC00646,异径套筒,CL3000,FO,MF,022Cr17Ni12Mo2,CP05T3023,MSS SP79,NA,QNCa,1-1/4"x1/4",,个,,Kg,
SPC00647,异径套筒,CL3000,FO,MF,022Cr19Ni10,CP05T3023,MSS SP79,NA,QNCa,1-1/4"x1/4",,个,,Kg,
SPC00648,异径套筒,CL3000,FO,MF,20,CP05T3025,MSS SP79,NA,QNCa,1-1/4"x1/4",,个,,Kg,
SPC00649,异径套筒,CL3000,FO,MF,022Cr19Ni10,CP05T3038,MSS SP79,RCC-M 2,QA1,1-1/4"x3/8",,个,,Kg,
SPC00650,异径套筒,CL3000,FO,MF,20,CP05T3037,MSS SP79,RCC-M 2,QA1,1-1/4"x3/8",,个,,Kg,
SPC00651,异径套筒,CL6000,FO,MF,022Cr19Ni10,CP05T3038,MSS SP79,RCC-M 2,QA1,1-1/4"x3/8",,个,,Kg,
SPC00652,异径套筒,CL6000,FO,MF,P280GH,CP05T3052,MSS SP79,RCC-M 2,QA1,1-1/4"x3/8",,个,,Kg,
SPC00653,异径套筒,CL3000,FO,MF,022Cr17Ni12Mo2,CP05T3038,MSS SP79,RCC-M 3,QA2,1-1/4"x3/8",,个,,Kg,
SPC00654,异径套筒,CL3000,FO,MF,022Cr19Ni10,CP05T3038,MSS SP79,RCC-M 3,QA2,1-1/4"x3/8",,个,,Kg,
SPC00655,异径套筒,CL3000,FO,MF,20,CP05T3037,MSS SP79,RCC-M 3,QA2,1-1/4"x3/8",,个,,Kg,
SPC00656,异径套筒,CL3000,FO,MF,022Cr17Ni12Mo2,CP05T3023,MSS SP79,NA,QNCa,1-1/4"x3/8",,个,,Kg,
SPC00657,异径套筒,CL3000,FO,MF,022Cr19Ni10,CP05T3023,MSS SP79,NA,QNCa,1-1/4"x3/8",,个,,Kg,
SPC00658,异径套筒,CL3000,FO,MF,20,CP05T3025,MSS SP79,NA,QNCa,1-1/4"x3/8",,个,,Kg,
SPC00659,异径套筒,CL3000,FO,MF,022Cr19Ni10,CP05T3038,MSS SP79,RCC-M 2,QA1,1-1/4"x1/2",,个,,Kg,
SPC00660,异径套筒,CL3000,FO,MF,20,CP05T3037,MSS SP79,RCC-M 2,QA1,1-1/4"x1/2",,个,,Kg,
SPC00661,异径套筒,CL6000,FO,MF,022Cr19Ni10,CP05T3038,MSS SP79,RCC-M 2,QA1,1-1/4"x1/2",,个,,Kg,
SPC00662,异径套筒,CL6000,FO,MF,P280GH,CP05T3052,MSS SP79,RCC-M 2,QA1,1-1/4"x1/2",,个,,Kg,
SPC00663,异径套筒,CL3000,FO,MF,022Cr17Ni12Mo2,CP05T3038,MSS SP79,RCC-M 3,QA2,1-1/4"x1/2",,个,,Kg,
SPC00664,异径套筒,CL3000,FO,MF,022Cr19Ni10,CP05T3038,MSS SP79,RCC-M 3,QA2,1-1/4"x1/2",,个,0.5,Kg,
SPC00665,异径套筒,CL3000,FO,MF,20,CP05T3037,MSS SP79,RCC-M 3,QA2,1-1/4"x1/2",,个,,Kg,
SPC00666,异径套筒,CL3000,FO,MF,022Cr17Ni12Mo2,CP05T3023,MSS SP79,NA,QNCa,1-1/4"x1/2",,个,,Kg,
SPC00667,异径套筒,CL3000,FO,MF,022Cr19Ni10,CP05T3023,MSS SP79,NA,QNCa,1-1/4"x1/2",,个,,Kg,
SPC00668,异径套筒,CL3000,FO,MF,20,CP05T3025,MSS SP79,NA,QNCa,1-1/4"x1/2",,个,,Kg,
SPC00669,异径套筒,CL3000,FO,MF,022Cr19Ni10,CP05T3038,MSS SP79,RCC-M 2,QA1,1-1/4"x3/4",,个,,Kg,
SPC00670,异径套筒,CL3000,FO,MF,20,CP05T3037,MSS SP79,RCC-M 2,QA1,1-1/4"x3/4",,个,,Kg,
SPC00671,异径套筒,CL6000,FO,MF,022Cr19Ni10,CP05T3038,MSS SP79,RCC-M 2,QA1,1-1/4"x3/4",,个,,Kg,
SPC00672,异径套筒,CL6000,FO,MF,P280GH,CP05T3052,MSS SP79,RCC-M 2,QA1,1-1/4"x3/4",,个,,Kg,
SPC00673,异径套筒,CL3000,FO,MF,022Cr17Ni12Mo2,CP05T3038,MSS SP79,RCC-M 3,QA2,1-1/4"x3/4",,个,,Kg,
SPC00674,异径套筒,CL3000,FO,MF,022Cr19Ni10,CP05T3038,MSS SP79,RCC-M 3,QA2,1-1/4"x3/4",,个,,Kg,
SPC00675,异径套筒,CL3000,FO,MF,20,CP05T3037,MSS SP79,RCC-M 3,QA2,1-1/4"x3/4",,个,,Kg,
SPC00676,异径套筒,CL3000,FO,MF,022Cr17Ni12Mo2,CP05T3023,MSS SP79,NA,QNCa,1-1/4"x3/4",,个,,Kg,
SPC00677,异径套筒,CL3000,FO,MF,022Cr19Ni10,CP05T3023,MSS SP79,NA,QNCa,1-1/4"x3/4",,个,,Kg,
SPC00678,异径套筒,CL3000,FO,MF,20,CP05T3025,MSS SP79,NA,QNCa,1-1/4"x3/4",,个,,Kg,
SPC00679,异径套筒,CL3000,FO,MF,022Cr19Ni10,CP05T3038,MSS SP79,RCC-M 2,QA1,1-1/2"x3/8",,个,,Kg,
SPC00680,异径套筒,CL3000,FO,MF,20,CP05T3037,MSS SP79,RCC-M 2,QA1,1-1/2"x3/8",,个,,Kg,
SPC00681,异径套筒,CL6000,FO,MF,022Cr19Ni10,CP05T3038,MSS SP79,RCC-M 2,QA1,1-1/2"x3/8",,个,,Kg,
SPC00682,异径套筒,CL6000,FO,MF,P280GH,CP05T3052,MSS SP79,RCC-M 2,QA1,1-1/2"x3/8",,个,,Kg,
SPC00683,异径套筒,CL3000,FO,MF,022Cr17Ni12Mo2,CP05T3038,MSS SP79,RCC-M 3,QA2,1-1/2"x3/8",,个,,Kg,
SPC00684,异径套筒,CL3000,FO,MF,022Cr19Ni10,CP05T3038,MSS SP79,RCC-M 3,QA2,1-1/2"x3/8",,个,,Kg,
SPC00685,异径套筒,CL3000,FO,MF,20,CP05T3037,MSS SP79,RCC-M 3,QA2,1-1/2"x3/8",,个,,Kg,
SPC00686,异径套筒,CL3000,FO,MF,022Cr17Ni12Mo2,CP05T3023,MSS SP79,NA,QNCa,1-1/2"x3/8",,个,,Kg,
SPC00687,异径套筒,CL3000,FO,MF,022Cr19Ni10,CP05T3023,MSS SP79,NA,QNCa,1-1/2"x3/8",,个,,Kg,
SPC00688,异径套筒,CL3000,FO,MF,20,CP05T3025,MSS SP79,NA,QNCa,1-1/2"x3/8",,个,,Kg,
SPC00689,异径套筒,CL3000,FO,MF,022Cr19Ni10,CP05T3038,MSS SP79,RCC-M 2,QA1,1-1/2"x1/2",,个,,Kg,
SPC00690,异径套筒,CL3000,FO,MF,20,CP05T3037,MSS SP79,RCC-M 2,QA1,1-1/2"x1/2",,个,,Kg,
SPC00691,异径套筒,CL6000,FO,MF,022Cr19Ni10,CP05T3038,MSS SP79,RCC-M 2,QA1,1-1/2"x1/2",,个,0.5,Kg,
SPC00692,异径套筒,CL6000,FO,MF,P280GH,CP05T3052,MSS SP79,RCC-M 2,QA1,1-1/2"x1/2",,个,,Kg,
SPC00693,异径套筒,CL3000,FO,MF,022Cr17Ni12Mo2,CP05T3038,MSS SP79,RCC-M 3,QA2,1-1/2"x1/2",,个,,Kg,
SPC00694,异径套筒,CL3000,FO,MF,022Cr19Ni10,CP05T3038,MSS SP79,RCC-M 3,QA2,1-1/2"x1/2",,个,0.5,Kg,
SPC00695,异径套筒,CL3000,FO,MF,20,CP05T3037,MSS SP79,RCC-M 3,QA2,1-1/2"x1/2",,个,0.4,Kg,
SPC00696,异径套筒,CL3000,FO,MF,022Cr17Ni12Mo2,CP05T3023,MSS SP79,NA,QNCa,1-1/2"x1/2",,个,,Kg,
SPC00697,异径套筒,CL3000,FO,MF,022Cr19Ni10,CP05T3023,MSS SP79,NA,QNCa,1-1/2"x1/2",,个,0.4,Kg,
SPC00698,异径套筒,CL3000,FO,MF,20,CP05T3025,MSS SP79,NA,QNCa,1-1/2"x1/2",,个,0.4,Kg,
SPC00699,异径套筒,CL3000,FO,MF,022Cr19Ni10,CP05T3038,MSS SP79,RCC-M 2,QA1,1-1/2"x3/4",,个,0.5,Kg,
SPC00700,异径套筒,CL3000,FO,MF,20,CP05T3037,MSS SP79,RCC-M 2,QA1,1-1/2"x3/4",,个,,Kg,
SPC00701,异径套筒,CL6000,FO,MF,022Cr19Ni10,CP05T3038,MSS SP79,RCC-M 2,QA1,1-1/2"x3/4",,个,,Kg,
SPC00702,异径套筒,CL6000,FO,MF,P280GH,CP05T3052,MSS SP79,RCC-M 2,QA1,1-1/2"x3/4",,个,,Kg,
SPC00703,异径套筒,CL3000,FO,MF,022Cr17Ni12Mo2,CP05T3038,MSS SP79,RCC-M 3,QA2,1-1/2"x3/4",,个,,Kg,
SPC00704,异径套筒,CL3000,FO,MF,022Cr19Ni10,CP05T3038,MSS SP79,RCC-M 3,QA2,1-1/2"x3/4",,个,0.5,Kg,
SPC00705,异径套筒,CL3000,FO,MF,20,CP05T3037,MSS SP79,RCC-M 3,QA2,1-1/2"x3/4",,个,0.4,Kg,
SPC00706,异径套筒,CL3000,FO,MF,022Cr17Ni12Mo2,CP05T3023,MSS SP79,NA,QNCa,1-1/2"x3/4",,个,,Kg,
SPC00707,异径套筒,CL3000,FO,MF,022Cr19Ni10,CP05T3023,MSS SP79,NA,QNCa,1-1/2"x3/4",,个,0.4,Kg,
SPC00708,异径套筒,CL3000,FO,MF,20,CP05T3025,MSS SP79,NA,QNCa,1-1/2"x3/4",,个,0.4,Kg,
SPC00709,异径套筒,CL3000,FO,MF,022Cr19Ni10,CP05T3038,MSS SP79,RCC-M 2,QA1,1-1/2"x1",,个,,Kg,
SPC00710,异径套筒,CL3000,FO,MF,20,CP05T3037,MSS SP79,RCC-M 2,QA1,1-1/2"x1",,个,,Kg,
SPC00711,异径套筒,CL3000,FO,MF,022Cr17Ni12Mo2,CP05T3038,MSS SP79,RCC-M 3,QA2,1-1/2"x1",,个,,Kg,
SPC00712,异径套筒,CL3000,FO,MF,022Cr19Ni10,CP05T3038,MSS SP79,RCC-M 3,QA2,1-1/2"x1",,个,0.5,Kg,
SPC00713,异径套筒,CL3000,FO,MF,20,CP05T3037,MSS SP79,RCC-M 3,QA2,1-1/2"x1",,个,0.4,Kg,
SPC00714,异径套筒,CL3000,FO,MF,022Cr17Ni12Mo2,CP05T3023,MSS SP79,NA,QNCa,1-1/2"x1",,个,,Kg,
SPC00715,异径套筒,CL3000,FO,MF,022Cr19Ni10,CP05T3023,MSS SP79,NA,QNCa,1-1/2"x1",,个,0.4,Kg,
SPC00716,异径套筒,CL3000,FO,MF,20,CP05T3025,MSS SP79,NA,QNCa,1-1/2"x1",,个,0.4,Kg,
SPC00717,异径套筒,CL3000,FO,MF,022Cr19Ni10,CP05T3038,MSS SP79,RCC-M 2,QA1,2"x1/2",,个,0.6,Kg,
SPC00718,异径套筒,CL3000,FO,MF,20,CP05T3037,MSS SP79,RCC-M 2,QA1,2"x1/2",,个,0.6,Kg,
SPC00719,异径套筒,CL6000,FO,MF,022Cr19Ni10,CP05T3038,MSS SP79,RCC-M 2,QA1,2"x1/2",,个,0.6,Kg,
SPC00720,异径套筒,CL6000,FO,MF,P280GH,CP05T3052,MSS SP79,RCC-M 2,QA1,2"x1/2",,个,,Kg,
SPC00721,异径套筒,CL3000,FO,MF,022Cr17Ni12Mo2,CP05T3038,MSS SP79,RCC-M 3,QA2,2"x1/2",,个,,Kg,
SPC00722,异径套筒,CL3000,FO,MF,022Cr19Ni10,CP05T3038,MSS SP79,RCC-M 3,QA2,2"x1/2",,个,0.6,Kg,
SPC00723,异径套筒,CL3000,FO,MF,20,CP05T3037,MSS SP79,RCC-M 3,QA2,2"x1/2",,个,0.6,Kg,
SPC00724,异径套筒,CL3000,FO,MF,022Cr17Ni12Mo2,CP05T3023,MSS SP79,NA,QNCa,2"x1/2",,个,,Kg,
SPC00725,异径套筒,CL3000,FO,MF,022Cr19Ni10,CP05T3023,MSS SP79,NA,QNCa,2"x1/2",,个,0.7,Kg,
SPC00726,异径套筒,CL3000,FO,MF,20,CP05T3025,MSS SP79,NA,QNCa,2"x1/2",,个,0.5,Kg,
SPC00727,异径套筒,CL3000,FO,MF,022Cr19Ni10,CP05T3038,MSS SP79,RCC-M 2,QA1,2"x3/4",,个,0.6,Kg,
SPC00728,异径套筒,CL3000,FO,MF,20,CP05T3037,MSS SP79,RCC-M 2,QA1,2"x3/4",,个,,Kg,
SPC00729,异径套筒,CL6000,FO,MF,022Cr19Ni10,CP05T3038,MSS SP79,RCC-M 2,QA1,2"x3/4",,个,0.6,Kg,
SPC00730,异径套筒,CL6000,FO,MF,P280GH,CP05T3052,MSS SP79,RCC-M 2,QA1,2"x3/4",,个,0.6,Kg,
SPC00731,异径套筒,CL3000,FO,MF,022Cr17Ni12Mo2,CP05T3038,MSS SP79,RCC-M 3,QA2,2"x3/4",,个,,Kg,
SPC00732,异径套筒,CL3000,FO,MF,022Cr19Ni10,CP05T3038,MSS SP79,RCC-M 3,QA2,2"x3/4",,个,0.6,Kg,
SPC00733,异径套筒,CL3000,FO,MF,20,CP05T3037,MSS SP79,RCC-M 3,QA2,2"x3/4",,个,0.6,Kg,
SPC00734,异径套筒,CL3000,FO,MF,022Cr17Ni12Mo2,CP05T3023,MSS SP79,NA,QNCa,2"x3/4",,个,,Kg,
SPC00735,异径套筒,CL3000,FO,MF,022Cr19Ni10,CP05T3023,MSS SP79,NA,QNCa,2"x3/4",,个,0.7,Kg,
SPC00736,异径套筒,CL3000,FO,MF,20,CP05T3025,MSS SP79,NA,QNCa,2"x3/4",,个,0.5,Kg,
SPC00737,异径套筒,CL3000,FO,MF,022Cr19Ni10,CP05T3038,MSS SP79,RCC-M 2,QA1,2"x1",,个,0.6,Kg,
SPC00738,异径套筒,CL3000,FO,MF,20,CP05T3037,MSS SP79,RCC-M 2,QA1,2"x1",,个,0.6,Kg,
SPC00739,异径套筒,CL6000,FO,MF,022Cr19Ni10,CP05T3038,MSS SP79,RCC-M 2,QA1,2"x1",,个,0.6,Kg,
SPC00740,异径套筒,CL6000,FO,MF,P280GH,CP05T3052,MSS SP79,RCC-M 2,QA1,2"x1",,个,0.6,Kg,
SPC00741,异径套筒,CL3000,FO,MF,022Cr17Ni12Mo2,CP05T3038,MSS SP79,RCC-M 3,QA2,2"x1",,个,,Kg,
SPC00742,异径套筒,CL3000,FO,MF,022Cr19Ni10,CP05T3038,MSS SP79,RCC-M 3,QA2,2"x1",,个,0.6,Kg,
SPC00743,异径套筒,CL3000,FO,MF,20,CP05T3037,MSS SP79,RCC-M 3,QA2,2"x1",,个,0.6,Kg,
SPC00744,异径套筒,CL3000,FO,MF,022Cr17Ni12Mo2,CP05T3023,MSS SP79,NA,QNCa,2"x1",,个,0.7,Kg,
SPC00745,异径套筒,CL3000,FO,MF,022Cr19Ni10,CP05T3023,MSS SP79,NA,QNCa,2"x1",,个,0.7,Kg,
SPC00746,异径套筒,CL3000,FO,MF,20,CP05T3025,MSS SP79,NA,QNCa,2"x1",,个,0.5,Kg,
SPC00747,异径套筒,CL3000,FO,MF,022Cr19Ni10,CP05T3038,MSS SP79,RCC-M 2,QA1,2"x1-1/4",,个,,Kg,
SPC00748,异径套筒,CL3000,FO,MF,20,CP05T3037,MSS SP79,RCC-M 2,QA1,2"x1-1/4",,个,,Kg,
SPC00749,异径套筒,CL6000,FO,MF,022Cr19Ni10,CP05T3038,MSS SP79,RCC-M 2,QA1,2"x1-1/4",,个,,Kg,
SPC00750,异径套筒,CL6000,FO,MF,P280GH,CP05T3052,MSS SP79,RCC-M 2,QA1,2"x1-1/4",,个,,Kg,
SPC00751,异径套筒,CL3000,FO,MF,022Cr17Ni12Mo2,CP05T3038,MSS SP79,RCC-M 3,QA2,2"x1-1/4",,个,,Kg,
SPC00752,异径套筒,CL3000,FO,MF,022Cr19Ni10,CP05T3038,MSS SP79,RCC-M 3,QA2,2"x1-1/4",,个,,Kg,
SPC00753,异径套筒,CL3000,FO,MF,20,CP05T3037,MSS SP79,RCC-M 3,QA2,2"x1-1/4",,个,,Kg,
SPC00754,异径套筒,CL3000,FO,MF,022Cr17Ni12Mo2,CP05T3023,MSS SP79,NA,QNCa,2"x1-1/4",,个,,Kg,
SPC00755,异径套筒,CL3000,FO,MF,022Cr19Ni10,CP05T3023,MSS SP79,NA,QNCa,2"x1-1/4",,个,0.7,Kg,
SPC00756,异径套筒,CL3000,FO,MF,20,CP05T3025,MSS SP79,NA,QNCa,2"x1-1/4",,个,0.6,Kg,
SPC00758,异径套筒,CL3000,FO,MF,022Cr19Ni10,CP05T3038,MSS SP79,RCC-M 2,QA1,1-1/2"x1/4",,个,,Kg,
SPC00759,异径套筒,CL6000,FO,MF,022Cr19Ni10,CP05T3038,MSS SP79,RCC-M 2,QA1,1-1/2"x1/4",,个,,Kg,
SPC00760,异径套筒,CL3000,FO,MF,022Cr17Ni12Mo2,CP05T3038,MSS SP79,RCC-M 3,QA2,1-1/2"x1/4",,个,,Kg,
SPC00761,异径套筒,CL3000,FO,MF,022Cr19Ni10,CP05T3038,MSS SP79,RCC-M 3,QA2,1-1/2"x1/4",,个,0.5,Kg,
SPC00762,异径套筒,CL3000,FO,MF,022Cr17Ni12Mo2,CP05T3023,MSS SP79,NA,QNCa,1-1/2"x1/4",,个,,Kg,
SPC00763,异径套筒,CL3000,FO,MF,022Cr19Ni10,CP05T3023,MSS SP79,NA,QNCa,1-1/2"x1/4",,个,0.4,Kg,
SPC00765,异径套筒,CL3000,FO,MF,022Cr19Ni10,CP05T3038,MSS SP79,RCC-M 2,QA1,2"x1/4",,个,,Kg,
SPC00766,异径套筒,CL6000,FO,MF,022Cr19Ni10,CP05T3038,MSS SP79,RCC-M 2,QA1,2"x1/4",,个,,Kg,
SPC00767,异径套筒,CL3000,FO,MF,022Cr17Ni12Mo2,CP05T3038,MSS SP79,RCC-M 3,QA2,2"x1/4",,个,,Kg,
SPC00768,异径套筒,CL3000,FO,MF,022Cr19Ni10,CP05T3038,MSS SP79,RCC-M 3,QA2,2"x1/4",,个,0.6,Kg,
SPC00769,异径套筒,CL3000,FO,MF,022Cr17Ni12Mo2,CP05T3023,MSS SP79,NA,QNCa,2"x1/4",,个,0.7,Kg,
SPC00770,异径套筒,CL3000,FO,MF,022Cr19Ni10,CP05T3023,MSS SP79,NA,QNCa,2"x1/4",,个,0.7,Kg,
SPC00771,等径接头(SC-I),1mm,FO,SW,TP2,GB/T 18033,GB/T 11618.1,NA,QNCc,DN8,Φ10,个,,Kg,公称直径值为铜管外径值
SPC00772,等径接头(SC-I),1.2mm,FO,SW,TP2,GB/T 18033,GB/T 11618.1,NA,QNCc,DN10,Φ12,个,,Kg,公称直径值为铜管外径值
SPC00773,等径接头(SC-I),1mm,FO,SW,TP2,GB/T 18033,GB/T 11618.1,NA,QNCc,DN15,Φ15,个,,Kg,公称直径值为铜管外径值
SPC00774,等径接头(SC-I),1.2mm,FO,SW,TP2,GB/T 18033,GB/T 11618.1,NA,QNCc,DN20,Φ22,个,,Kg,公称直径值为铜管外径值
SPC00775,等径接头(SC-I),1.2mm,FO,SW,TP2,GB/T 18033,GB/T 11618.1,NA,QNCc,DN25,Φ28,个,,Kg,公称直径值为铜管外径值
SPC00776,等径接头(SC-I),2mm,FO,SW,TP2,GB/T 18033,GB/T 11618.1,NA,QNCc,DN32,Φ35,个,,Kg,公称直径值为铜管外径值
SPC00777,异径接头(RC-I),1.2mmx1mm,FO,SW,TP2,GB/T 18033,GB/T 11618.1,NA,QNCc,DN10xDN8,Φ12xΦ10,个,,Kg,
SPC00778,异径接头(RC-I),1mmx1mm,FO,SW,TP2,GB/T 18033,GB/T 11618.1,NA,QNCc,DN15xDN8,Φ15xΦ10,个,,Kg,
SPC00779,异径接头(RC-I),1mmx1.2mm,FO,SW,TP2,GB/T 18033,GB/T 11618.1,NA,QNCc,DN15xDN10,Φ15xΦ12,个,,Kg,
SPC00780,异径接头(RC-I),1.2mmx1.2mm,FO,SW,TP2,GB/T 18033,GB/T 11618.1,NA,QNCc,DN20xDN10,Φ22xΦ12,个,,Kg,
SPC00781,异径接头(RC-I),1.2mmx1mm,FO,SW,TP2,GB/T 18033,GB/T 11618.1,NA,QNCc,DN20xDN15,Φ22xΦ15,个,,Kg,
SPC00782,异径接头(RC-I),1.2mmx1mm,FO,SW,TP2,GB/T 18033,GB/T 11618.1,NA,QNCc,DN25xDN15,Φ28xΦ15,个,,Kg,
SPC00783,异径接头(RC-I),1.2mmx1.2mm,FO,SW,TP2,GB/T 18033,GB/T 11618.1,NA,QNCc,DN25xDN20,Φ28xΦ22,个,,Kg,
SPC00784,异径接头(RC-I),2mmx1.2mm,FO,SW,TP2,GB/T 18033,GB/T 11618.1,NA,QNCc,DN32xDN20,Φ35xΦ22,个,,Kg,
SPC00785,异径接头(RC-I),2mmx1.2mm,FO,SW,TP2,GB/T 18033,GB/T 11618.1,NA,QNCc,DN32xDN25,Φ35xΦ28,个,,Kg,
SPC00786,内螺纹转换接头(FTC-I),,FO,FIL,HPb59-1,GB/T 1527,GB/T 11618.1,NA,QNCc,DN8,Φ10,个,,Kg,公称直径值为铜管外径值
SPC00787,内螺纹转换接头(FTC-I),,FO,FIL,HPb59-1,GB/T 1527,GB/T 11618.1,NA,QNCc,DN10,Φ12,个,,Kg,公称直径值为铜管外径值
SPC00788,内螺纹转换接头(FTC-I),,FO,FIL,HPb59-1,GB/T 1527,GB/T 11618.1,NA,QNCc,DN15,Φ15,个,,Kg,公称直径值为铜管外径值
SPC00789,内螺纹转换接头(FTC-I),,FO,FIL,HPb59-1,GB/T 1527,GB/T 11618.1,NA,QNCc,DN20,Φ22,个,,Kg,公称直径值为铜管外径值
SPC00790,内螺纹转换接头(FTC-I),,FO,FIL,HPb59-1,GB/T 1527,GB/T 11618.1,NA,QNCc,DN25,Φ28,个,,Kg,公称直径值为铜管外径值
SPC00791,内螺纹转换接头(FTC-I),,FO,FIL,HPb59-1,GB/T 1527,GB/T 11618.1,NA,QNCc,DN32,Φ35,个,,Kg,公称直径值为铜管外径值
SPC00792,外螺纹转换接头(ETC-I),,FO,FIL,HPb59-1,GB/T 1527,GB/T 11618.1,NA,QNCc,DN8,Φ10,个,,Kg,公称直径值为铜管外径值
SPC00793,外螺纹转换接头(ETC-I),,FO,FIL,HPb59-1,GB/T 1527,GB/T 11618.1,NA,QNCc,DN10,Φ12,个,,Kg,公称直径值为铜管外径值
SPC00794,外螺纹转换接头(ETC-I),,FO,FIL,HPb59-1,GB/T 1527,GB/T 11618.1,NA,QNCc,DN15,Φ15,个,,Kg,公称直径值为铜管外径值
SPC00795,外螺纹转换接头(ETC-I),,FO,FIL,HPb59-1,GB/T 1527,GB/T 11618.1,NA,QNCc,DN20,Φ22,个,,Kg,公称直径值为铜管外径值
SPC00796,外螺纹转换接头(ETC-I),,FO,FIL,HPb59-1,GB/T 1527,GB/T 11618.1,NA,QNCc,DN25,Φ28,个,,Kg,公称直径值为铜管外径值
SPC00797,外螺纹转换接头(ETC-I),,FO,FIL,HPb59-1,GB/T 1527,GB/T 11618.1,NA,QNCc,DN32,Φ35,个,,Kg,公称直径值为铜管外径值
SPC00798,异径套筒,CL6000,FO,MF,022Cr19Ni10,CP05T3038,MSS SP79,RCC-M 1,QA1,1-1/4"x3/4",,个,,Kg,
SPC00799,异径套筒,CL6000,FO,MF,022Cr19Ni10,CP05T3038,MSS SP79,RCC-M 1,QA1,1-1/4"x1",,个,,Kg,
SPC00800,异径套筒,CL6000,FO,MF,022Cr19Ni10,CP05T3038,MSS SP79,RCC-M 1,QA1,1-1/4"x1/4",,个,,Kg,
SPC00801,异径套筒,CL6000,FO,MF,022Cr19Ni10,CP05T3038,MSS SP79,RCC-M 1,QA1,1-1/4"x3/8",,个,,Kg,
SPC00802,异径套筒,CL6000,FO,MF,022Cr19Ni10,CP05T3038,MSS SP79,RCC-M 1,QA1,1-1/4"x1/2",,个,,Kg,
SPC00803,异径套筒,CL6000,FO,MF,022Cr19Ni10,CP05T3038,MSS SP79,RCC-M 1,QA1,1-1/2"x1/2",,个,,Kg,
SPC00804,异径套筒,CL6000,FO,MF,022Cr19Ni10,CP05T3038,MSS SP79,RCC-M 1,QA1,1-1/2"x3/4",,个,,Kg,
SPC00805,异径套筒,CL6000,FO,MF,022Cr19Ni10,CP05T3038,MSS SP79,RCC-M 1,QA1,1-1/2"x1",,个,,Kg,
SPC00806,异径套筒,CL6000,FO,MF,022Cr19Ni10,CP05T3038,MSS SP79,RCC-M 1,QA1,1-1/2"x1-1/4",,个,,Kg,
SPC00807,异径套筒,CL6000,FO,MF,022Cr19Ni10,CP05T3038,MSS SP79,RCC-M 1,QA1,1-1/2"x3/8",,个,,Kg,
SPC00808,异径套筒,CL6000,FO,MF,022Cr19Ni10,CP05T3038,MSS SP79,RCC-M 1,QA1,2"x3/4",,个,,Kg,
SPC00809,异径套筒,CL6000,FO,MF,022Cr19Ni10,CP05T3038,MSS SP79,RCC-M 1,QA1,2"x1",,个,0.6,Kg,
SPC00810,异径套筒,CL6000,FO,MF,022Cr19Ni10,CP05T3038,MSS SP79,RCC-M 1,QA1,2"x1-1/4",,个,,Kg,
SPC00811,异径套筒,CL6000,FO,MF,022Cr19Ni10,CP05T3038,MSS SP79,RCC-M 1,QA1,2"x1-1/2",,个,,Kg,
SPC00812,异径套筒,CL6000,FO,MF,022Cr19Ni10,CP05T3038,MSS SP79,RCC-M 1,QA1,2"x1/2",,个,,Kg,
SPC00830,双头承插管接头,1.8mm,,,环氧树脂玻璃纤维,,SY/T 6266,NA,QNCa,3",,个,,Kg,
SPC00831,等径接头(SC-I),1mm,FO,SW,TP2,GB/T 18033,GB/T 11618.1,NA,QNCc,DN6,Φ8,个,,Kg,公称直径值为铜管外径值
SPC00832,内螺纹转换接头(FTC-I),,FO,FIL,HPb59-1,GB/T 1527,GB/T 11618.1,NA,QNCc,DN6,Φ8,个,,Kg,公称直径值为铜管外径值
SPC00833,外螺纹转换接头(ETC-I),,FO,FIL,HPb59-1,GB/T 1527,GB/T 11618.1,NA,QNCc,DN6,Φ8,个,,Kg,公称直径值为铜管外径值
SPC00834,等径接头(SC-I),2mm,FO,SW,TP2,GB/T 18033,GB/T 11618.1,NA,QNCc,DN40,Φ42,个,,Kg,公称直径值为铜管外径值
SPC00835,内螺纹转换接头(FTC-I),,FO,FIL,HPb59-1,GB/T 1527,GB/T 11618.1,NA,QNCc,DN40,Φ42,个,,Kg,公称直径值为铜管外径值
SPC00836,外螺纹转换接头(ETC-I),,FO,FIL,HPb59-1,GB/T 1527,GB/T 11618.1,NA,QNCc,DN40,Φ42,个,,Kg,公称直径值为铜管外径值
SPC00837,异径接头(RC-I),1mm,FO,SW,TP2,GB/T 18033,GB/T 11618.1,NA,QNCc,DN8xDN6,Φ10xΦ8,个,,Kg,
SPC00838,异径接头(RC-I),2mmx1mm,FO,SW,TP2,GB/T 18033,GB/T 11618.1,NA,QNCc,DN40xDN15,Φ42xΦ15,个,,Kg,
SPC00839,异径接头(RC-I),2mmx1.2mm,FO,SW,TP2,GB/T 18033,GB/T 11618.1,NA,QNCc,DN40xDN20,Φ42xΦ22,个,,Kg,
SPC00840,异径接头(RC-I),2mmx1.2mm,FO,SW,TP2,GB/T 18033,GB/T 11618.1,NA,QNCc,DN40xDN25,Φ42xΦ28,个,,Kg,
SPC00841,异径接头(RC-I),2mm,FO,SW,TP2,GB/T 18033,GB/T 11618.1,NA,QNCc,DN40xDN32,Φ42xΦ35,个,,Kg,
SPC00849,异径接头(RC-I),2mmx1mm,FO,SW,TP2,GB/T 18033,GB/T 11618.1,NA,QNCc,DN32xDN15,Φ35xΦ15,个,,Kg,
SPC00859,双头螺纹管接头,CL3000,FO,FIL,20,CP05T3025,ASME B16.11,NA,QNCa,1/2",,个,,Kg,
SPC00860,异径螺纹管接头,CL3000,FO,FIL,20,CP05T3025,ASME B16.11,NA,QNCa,3/4"x1/2",,个,,Kg,
SPC00861,异径螺纹管接头,CL3000,FO,FIL,20,CP05T3025,ASME B16.11,NA,QNCa,1"x1/2",,个,,Kg,
SPC00862,异径螺纹管接头,CL3000,FO,FIL,20,CP05T3025,ASME B16.11,NA,QNCa,1-1/2"x1/2",,个,,Kg,
SPC00863,双头螺纹管接头,CL3000,FO,FIL,022Cr19Ni10,CP05T3023,ASME B16.11,NA,QNCa,1/2",,个,,Kg,
SPC00864,异径螺纹管接头,CL3000,FO,FIL,022Cr19Ni10,CP05T3023,ASME B16.11,NA,QNCa,3/4"x1/2",,个,,Kg,
SPC00865,异径螺纹管接头,CL3000,FO,FIL,022Cr19Ni10,CP05T3023,ASME B16.11,NA,QNCa,1"x1/2",,个,,Kg,
SPC00866,异径螺纹管接头,CL3000,FO,FIL,022Cr19Ni10,CP05T3023,ASME B16.11,NA,QNCa,1-1/2"x1/2",,个,,Kg,
SPC00867,双头螺纹管接头,CL3000,FO,FIL,20,CP05T3025,ASME B16.11,NA,QNCa,1-1/4",,个,,Kg,
SPC00868,双头螺纹管接头,CL3000,FO,FIL,022Cr19Ni10,CP05T3023,ASME B16.11,NA,QNCa,1-1/4",,个,,Kg,
SPC00869,池壁喷头螺纹接头,CL3000,,FIL,316L,ASTM A351,SSCo,NA,QNC,1/8",,个,,Kg,
SPC00871,双头承插管接头,CL6000,FO,SW,022Cr19Ni10,CP05T3023,ASME B16.11,NA,QNCa,1/2",,个,0.16,Kg,
SPC00875,联合管接头,6000LB,FO,SW,022Cr19Ni10,CP05T3038,MSS SP83,RCC-M 2,QA2,1/4"x1/4",,个,,Kg,
SPC00876,联合管接头,3000LB,FO,SW,022Cr19Ni10,CP05T3038,MSS SP83,RCC-M 3,QA2,1/4"x1/4",,个,,Kg,
SPC00877,联合管接头,3000LB,FO,SW,022Cr19Ni10,CP05T3023,MSS SP83,NA,QA3,1/4"x1/4",,个,,Kg,
SPC00878,联合管接头,3000LB,FO,SW,022Cr19Ni10,CP05T3023,MSS SP83,NA,QA3,1/2"x1/2",,个,,Kg,
SPC00879,联合管接头,3000LB,FO,SW,022Cr19Ni10,CP05T3038,MSS SP83,RCC-M 3,QA2,3/4"x3/4",,个,,Kg,
SPC00880,联合管接头,3000LB,FO,SW,022Cr19Ni10,CP05T3023,MSS SP83,NA,QA3,3/4"x3/4",,个,,Kg,
SPC00909,塑料管直接头,9.6mm,,SA,PVC-C,,GB/T 18993.3,NA,QNCa,DN50,Φ63,个,,Kg,
SPC00910,异径套筒,CL3000,FO,MF,022Cr25Ni7Mo4N,CP05T3091,MSS SP79,RCC-M 3,QA2,1/2"x1/4",,个,,Kg,
SPC00911,塑料管直接头,7.9mm,,SA,PVC-C,,GB/T 18993.3,NA,QNCa,DN50,Φ63,个,,Kg,
SPC00925,异径承插管接头,CL3000,FO,SW,022Cr25Ni7Mo4N,CP05T3091,ASME B16.11,RCC-M 3,QA2,1"x1/2",Φ33.4xΦ21.3,个,,Kg,
SPC00926,双头承插管接头,CL3000,FO,SW,20,CP05T3025,ASME B16.11,NA,QA3,1-1/2",,个,,Kg,
SPE00001,45°长半径弯头,SCH160,SS,BW,022Cr19Ni10,CP05T3017,ASME B16.9,RCC-M 1,QA1,2-1/2",Φ73,个,1.15,Kg,
SPE00002,45°长半径弯头,3.18mm,SS,BW,20,CP05T3019,ASME B16.9,RCC-M 2,QA1,2-1/2",Φ73,个,,Kg,
SPE00003,45°长半径弯头,SCH10S,SS,BW,022Cr19Ni10,CP05T3017,ASME B16.9,RCC-M 2,QA1,2-1/2",Φ73,个,0.48,Kg,
SPE00004,45°长半径弯头,SCH160,SS,BW,022Cr19Ni10,CP05T3017,ASME B16.9,RCC-M 2,QA1,2-1/2",Φ73,个,1.15,Kg,
SPE00005,45°长半径弯头,SCH160,SS,BW,P280GH,CP05T3019,ASME B16.9,RCC-M 2,QA1,2-1/2",Φ73,个,1.15,Kg,
SPE00006,45°长半径弯头,SCH40,SS,BW,20,CP05T3019,ASME B16.9,RCC-M 2,QA1,2-1/2",Φ73,个,0.69,Kg,
SPE00007,45°长半径弯头,SCH40S,SS,BW,022Cr19Ni10,CP05T3017,ASME B16.9,RCC-M 2,QA1,2-1/2",Φ73,个,0.75,Kg,
SPE00008,45°长半径弯头,SCH80,SS,BW,20,CP05T3019,ASME B16.9,RCC-M 2,QA1,2-1/2",Φ73,个,0.9,Kg,
SPE00009,45°长半径弯头,SCH80,SS,BW,P280GH,CP05T3019,ASME B16.9,RCC-M 2,QA1,2-1/2",Φ73,个,0.9,Kg,
SPE00010,45°长半径弯头,SCH80S,SS,BW,022Cr19Ni10,CP05T3017,ASME B16.9,RCC-M 2,QA1,2-1/2",Φ73,个,1,Kg,
SPE00011,45°长半径弯头,3.18mm,SS,BW,20,CP05T3019,ASME B16.9,RCC-M 3,QA2,2-1/2",Φ73,个,0.8,Kg,
SPE00012,45°长半径弯头,SCH10S,SS,BW,022Cr19Ni10,CP05T3017,ASME B16.9,RCC-M 3,QA2,2-1/2",Φ73,个,0.48,Kg,
SPE00013,45°长半径弯头,SCH40,SS,BW,20,CP05T3019,ASME B16.9,RCC-M 3,QA2,2-1/2",Φ73,个,0.69,Kg,
SPE00014,45°长半径弯头,SCH40S,SS,BW,022Cr19Ni10,CP05T3017,ASME B16.9,RCC-M 3,QA2,2-1/2",Φ73,个,0.75,Kg,
SPE00015,45°长半径弯头,3.18mm,SS,BW,20,CP05T3025,ASME B16.9,NA,QNCa,2-1/2",Φ73,个,0.7,Kg,
SPE00016,45°长半径弯头,SCH10S,SS,BW,022Cr17Ni12Mo2,CP05T3023,ASME B16.9,NA,QNCa,2-1/2",Φ73,个,0.48,Kg,
SPE00017,45°长半径弯头,SCH10S,SS,BW,022Cr19Ni10,CP05T3023,ASME B16.9,NA,QNCa,2-1/2",Φ73,个,0.48,Kg,
SPE00018,45°长半径弯头,SCH160,SS,BW,022Cr19Ni10,CP05T3017,ASME B16.9,RCC-M 1,QA1,3",Φ88.9,个,1.95,Kg,
SPE00019,45°长半径弯头,3.18mm,SS,BW,20,CP05T3019,ASME B16.9,RCC-M 2,QA1,3",Φ88.9,个,,Kg,
SPE00020,45°长半径弯头,SCH10S,SS,BW,022Cr19Ni10,CP05T3017,ASME B16.9,RCC-M 2,QA1,3",Φ88.9,个,0.62,Kg,
SPE00021,45°长半径弯头,SCH160,SS,BW,022Cr19Ni10,CP05T3017,ASME B16.9,RCC-M 2,QA1,3",Φ88.9,个,1.95,Kg,
SPE00022,45°长半径弯头,SCH160,SS,BW,P280GH,CP05T3019,ASME B16.9,RCC-M 2,QA1,3",Φ88.9,个,1.95,Kg,
SPE00023,45°长半径弯头,SCH40,SS,BW,20,CP05T3019,ASME B16.9,RCC-M 2,QA1,3",Φ88.9,个,1.1,Kg,
SPE00024,45°长半径弯头,SCH40S,SS,BW,022Cr19Ni10,CP05T3017,ASME B16.9,RCC-M 2,QA1,3",Φ88.9,个,1.05,Kg,
SPE00025,45°长半径弯头,SCH80,SS,BW,20,CP05T3019,ASME B16.9,RCC-M 2,QA1,3",Φ88.9,个,1.44,Kg,
SPE00026,45°长半径弯头,SCH80,SS,BW,P280GH,CP05T3019,ASME B16.9,RCC-M 2,QA1,3",Φ88.9,个,1.44,Kg,
SPE00027,45°长半径弯头,SCH80S,SS,BW,022Cr19Ni10,CP05T3017,ASME B16.9,RCC-M 2,QA1,3",Φ88.9,个,1.5,Kg,
SPE00028,45°长半径弯头,3.18mm,SS,BW,20,CP05T3019,ASME B16.9,RCC-M 3,QA2,3",Φ88.9,个,1.1,Kg,
SPE00029,45°长半径弯头,SCH10S,SS,BW,022Cr19Ni10,CP05T3017,ASME B16.9,RCC-M 3,QA2,3",Φ88.9,个,0.62,Kg,
SPE00030,45°长半径弯头,SCH40,SS,BW,20,CP05T3019,ASME B16.9,RCC-M 3,QA2,3",Φ88.9,个,1.1,Kg,
SPE00031,45°长半径弯头,SCH40S,SS,BW,022Cr19Ni10,CP05T3017,ASME B16.9,RCC-M 3,QA2,3",Φ88.9,个,1.05,Kg,
SPE00032,45°长半径弯头,3.18mm,SS,BW,20,CP05T3025,ASME B16.9,NA,QNCa,3",Φ88.9,个,1.1,Kg,
SPE00033,45°长半径弯头,SCH10S,SS,BW,022Cr17Ni12Mo2,CP05T3023,ASME B16.9,NA,QNCa,3",Φ88.9,个,0.62,Kg,
SPE00034,45°长半径弯头,SCH10S,SS,BW,022Cr19Ni10,CP05T3023,ASME B16.9,NA,QNCa,3",Φ88.9,个,0.62,Kg,
SPE00035,45°长半径弯头,SCH160,SS,BW,022Cr19Ni10,CP05T3017,ASME B16.9,RCC-M 1,QA1,3-1/2",Φ101.6,个,,Kg,
SPE00036,45°长半径弯头,SCH10S,SS,BW,022Cr19Ni10,CP05T3017,ASME B16.9,RCC-M 2,QA1,3-1/2",Φ101.6,个,0.76,Kg,
SPE00037,45°长半径弯头,SCH160,SS,BW,022Cr19Ni10,CP05T3017,ASME B16.9,RCC-M 2,QA1,3-1/2",Φ101.6,个,,Kg,
SPE00038,45°长半径弯头,SCH160,SS,BW,P280GH,CP05T3019,ASME B16.9,RCC-M 2,QA1,3-1/2",Φ101.6,个,,Kg,
SPE00039,45°长半径弯头,SCH40,SS,BW,20,CP05T3019,ASME B16.9,RCC-M 2,QA1,3-1/2",Φ101.6,个,1.48,Kg,
SPE00040,45°长半径弯头,SCH40S,SS,BW,022Cr19Ni10,CP05T3017,ASME B16.9,RCC-M 2,QA1,3-1/2",Φ101.6,个,1.45,Kg,
SPE00041,45°长半径弯头,SCH80,SS,BW,20,CP05T3019,ASME B16.9,RCC-M 2,QA1,3-1/2",Φ101.6,个,2.03,Kg,
SPE00042,45°长半径弯头,SCH80,SS,BW,P280GH,CP05T3019,ASME B16.9,RCC-M 2,QA1,3-1/2",Φ101.6,个,2.03,Kg,
SPE00043,45°长半径弯头,SCH80S,SS,BW,022Cr19Ni10,CP05T3017,ASME B16.9,RCC-M 2,QA1,3-1/2",Φ101.6,个,2,Kg,
SPE00044,45°长半径弯头,SCH10S,SS,BW,022Cr19Ni10,CP05T3017,ASME B16.9,RCC-M 3,QA2,3-1/2",Φ101.6,个,0.76,Kg,
SPE00045,45°长半径弯头,SCH40,SS,BW,20,CP05T3019,ASME B16.9,RCC-M 3,QA2,3-1/2",Φ101.6,个,1.48,Kg,
SPE00046,45°长半径弯头,SCH40S,SS,BW,022Cr19Ni10,CP05T3017,ASME B16.9,RCC-M 3,QA2,3-1/2",Φ101.6,个,1.45,Kg,
SPE00047,45°长半径弯头,SCH10S,SS,BW,022Cr17Ni12Mo2,CP05T3023,ASME B16.9,NA,QNCa,3-1/2",Φ101.6,个,0.76,Kg,
SPE00048,45°长半径弯头,SCH10S,SS,BW,022Cr19Ni10,CP05T3023,ASME B16.9,NA,QNCa,3-1/2",Φ101.6,个,0.76,Kg,
SPE00049,45°长半径弯头,SCH160,SS,BW,022Cr19Ni10,CP05T3017,ASME B16.9,RCC-M 1,QA1,4",Φ114.3,个,4.05,Kg,
SPE00050,45°长半径弯头,3.58mm,SS,BW,20,CP05T3019,ASME B16.9,RCC-M 2,QA1,4",Φ114.3,个,,Kg,
SPE00051,45°长半径弯头,SCH10S,SS,BW,022Cr19Ni10,CP05T3017,ASME B16.9,RCC-M 2,QA1,4",Φ114.3,个,1.1,Kg,
SPE00052,45°长半径弯头,SCH160,SS,BW,022Cr19Ni10,CP05T3017,ASME B16.9,RCC-M 2,QA1,4",Φ114.3,个,4.05,Kg,
SPE00053,45°长半径弯头,SCH160,SS,BW,P280GH,CP05T3019,ASME B16.9,RCC-M 2,QA1,4",Φ114.3,个,4.05,Kg,
SPE00054,45°长半径弯头,SCH40,SS,BW,20,CP05T3019,ASME B16.9,RCC-M 2,QA1,4",Φ114.3,个,2.07,Kg,
SPE00055,45°长半径弯头,SCH40S,SS,BW,022Cr19Ni10,CP05T3017,ASME B16.9,RCC-M 2,QA1,4",Φ114.3,个,2.1,Kg,
SPE00056,45°长半径弯头,SCH80,SS,BW,20,CP05T3019,ASME B16.9,RCC-M 2,QA1,4",Φ114.3,个,2.8,Kg,
SPE00057,45°长半径弯头,SCH80,SS,BW,P280GH,CP05T3019,ASME B16.9,RCC-M 2,QA1,4",Φ114.3,个,2.8,Kg,
SPE00058,45°长半径弯头,SCH80S,SS,BW,022Cr19Ni10,CP05T3017,ASME B16.9,RCC-M 2,QA1,4",Φ114.3,个,3.1,Kg,
SPE00059,45°长半径弯头,3.58mm,SS,BW,20,CP05T3019,ASME B16.9,RCC-M 3,QA2,4",Φ114.3,个,2,Kg,
SPE00060,45°长半径弯头,SCH10S,SS,BW,022Cr19Ni10,CP05T3017,ASME B16.9,RCC-M 3,QA2,4",Φ114.3,个,1.1,Kg,
SPE00061,45°长半径弯头,SCH40,SS,BW,20,CP05T3019,ASME B16.9,RCC-M 3,QA2,4",Φ114.3,个,2.07,Kg,
SPE00062,45°长半径弯头,SCH40S,SS,BW,022Cr19Ni10,CP05T3017,ASME B16.9,RCC-M 3,QA2,4",Φ114.3,个,2.1,Kg,
SPE00063,45°长半径弯头,3.58mm,SS,BW,20,CP05T3025,ASME B16.9,NA,QNCa,4",Φ114.3,个,1.95,Kg,
SPE00064,45°长半径弯头,SCH10S,SS,BW,022Cr17Ni12Mo2,CP05T3023,ASME B16.9,NA,QNCa,4",Φ114.3,个,1.1,Kg,
SPE00065,45°长半径弯头,SCH10S,SS,BW,022Cr19Ni10,CP05T3023,ASME B16.9,NA,QNCa,4",Φ114.3,个,1.075,Kg,
SPE00066,45°长半径弯头,SCH160,SS,BW,022Cr19Ni10,CP05T3017,ASME B16.9,RCC-M 1,QA1,5",Φ141.3,个,7.45,Kg,
SPE00067,45°长半径弯头,SCH10S,SS,BW,022Cr19Ni10,CP05T3017,ASME B16.9,RCC-M 2,QA1,5",Φ141.3,个,1.8,Kg,
SPE00068,45°长半径弯头,SCH160,SS,BW,022Cr19Ni10,CP05T3017,ASME B16.9,RCC-M 2,QA1,5",Φ141.3,个,7.45,Kg,
SPE00069,45°长半径弯头,SCH160,SS,BW,P280GH,CP05T3019,ASME B16.9,RCC-M 2,QA1,5",Φ141.3,个,7.45,Kg,
SPE00070,45°长半径弯头,SCH40,SS,BW,20,CP05T3019,ASME B16.9,RCC-M 2,QA1,5",Φ141.3,个,3.45,Kg,
SPE00071,45°长半径弯头,SCH40S,SS,BW,022Cr19Ni10,CP05T3017,ASME B16.9,RCC-M 2,QA1,5",Φ141.3,个,3.4,Kg,
SPE00072,45°长半径弯头,SCH80,SS,BW,20,CP05T3019,ASME B16.9,RCC-M 2,QA1,5",Φ141.3,个,4.81,Kg,
SPE00073,45°长半径弯头,SCH80S,SS,BW,022Cr19Ni10,CP05T3017,ASME B16.9,RCC-M 2,QA1,5",Φ141.3,个,4.8,Kg,
SPE00074,45°长半径弯头,SCH10S,SS,BW,022Cr19Ni10,CP05T3017,ASME B16.9,RCC-M 3,QA2,5",Φ141.3,个,1.8,Kg,
SPE00075,45°长半径弯头,SCH40,SS,BW,20,CP05T3019,ASME B16.9,RCC-M 3,QA2,5",Φ141.3,个,3.45,Kg,
SPE00076,45°长半径弯头,SCH40S,SS,BW,022Cr19Ni10,CP05T3017,ASME B16.9,RCC-M 3,QA2,5",Φ141.3,个,3.4,Kg,
SPE00077,45°长半径弯头,SCH10S,SS,BW,022Cr17Ni12Mo2,CP05T3023,ASME B16.9,NA,QNCa,5",Φ141.3,个,1.8,Kg,
SPE00078,45°长半径弯头,SCH10S,SS,BW,022Cr19Ni10,CP05T3023,ASME B16.9,NA,QNCa,5",Φ141.3,个,1.8,Kg,
SPE00079,45°长半径弯头,SCH160,SS,BW,022Cr19Ni10,CP05T3017,ASME B16.9,RCC-M 1,QA1,6",Φ168.3,个,12.3,Kg,
SPE00080,45°长半径弯头,4.37mm,SS,BW,20,CP05T3019,ASME B16.9,RCC-M 2,QA1,6",Φ168.3,个,5.9,Kg,
SPE00081,45°长半径弯头,SCH10S,SS,BW,022Cr19Ni10,CP05T3017,ASME B16.9,RCC-M 2,QA1,6",Φ168.3,个,12.3,Kg,
SPE00082,45°长半径弯头,SCH120,SS,BW,P280GH,CP05T3019,ASME B16.9,RCC-M 2,QA1,6",Φ168.3,个,9.85,Kg,
SPE00083,45°长半径弯头,SCH160,SS,BW,022Cr19Ni10,CP05T3017,ASME B16.9,RCC-M 2,QA1,6",Φ168.3,个,12.3,Kg,
SPE00084,45°长半径弯头,SCH160,SS,BW,P280GH,CP05T3019,ASME B16.9,RCC-M 2,QA1,6",Φ168.3,个,12.3,Kg,
SPE00085,45°长半径弯头,SCH40,SS,BW,20,CP05T3019,ASME B16.9,RCC-M 2,QA1,6",Φ168.3,个,5.35,Kg,
SPE00086,45°长半径弯头,SCH40S,SS,BW,022Cr19Ni10,CP05T3017,ASME B16.9,RCC-M 2,QA1,6",Φ168.3,个,5.4,Kg,
SPE00087,45°长半径弯头,SCH80,SS,BW,20,CP05T3019,ASME B16.9,RCC-M 2,QA1,6",Φ168.3,个,8.25,Kg,
SPE00088,45°长半径弯头,SCH80S,SS,BW,022Cr19Ni10,CP05T3017,ASME B16.9,RCC-M 2,QA1,6",Φ168.3,个,8.2,Kg,
SPE00089,45°长半径弯头,4.37mm,SS,BW,20,CP05T3019,ASME B16.9,RCC-M 3,QA2,6",Φ168.3,个,5.9,Kg,
SPE00090,45°长半径弯头,SCH10S,SS,BW,022Cr19Ni10,CP05T3017,ASME B16.9,RCC-M 3,QA2,6",Φ168.3,个,2.75,Kg,
SPE00091,45°长半径弯头,SCH40,SS,BW,20,CP05T3019,ASME B16.9,RCC-M 3,QA2,6",Φ168.3,个,5.35,Kg,
SPE00092,45°长半径弯头,SCH40S,SS,BW,022Cr19Ni10,CP05T3017,ASME B16.9,RCC-M 3,QA2,6",Φ168.3,个,5.4,Kg,
SPE00093,45°长半径弯头,4.37mm,SS,BW,20,CP05T3025,ASME B16.9,NA,QNCa,6",Φ168.3,个,5.1,Kg,
SPE00094,45°长半径弯头,SCH10S,SS,BW,022Cr17Ni12Mo2,CP05T3023,ASME B16.9,NA,QNCa,6",Φ168.3,个,2.75,Kg,
SPE00095,45°长半径弯头,SCH10S,SS,BW,022Cr19Ni10,CP05T3023,ASME B16.9,NA,QNCa,6",Φ168.3,个,2.72,Kg,
SPE00096,45°长半径弯头,SCH160,SS,BW,022Cr19Ni10,CP05T3017,ASME B16.9,RCC-M 1,QA1,8",Φ219.1,个,27,Kg,
SPE00097,45°长半径弯头,SCH10S,SS,BW,022Cr19Ni10,CP05T3017,ASME B16.9,RCC-M 2,QA1,8",Φ219.1,个,5.3,Kg,
SPE00098,45°长半径弯头,SCH120,SS,BW,P280GH,CP05T3019,ASME B16.9,RCC-M 2,QA1,8",Φ219.1,个,21.95,Kg,
SPE00099,45°长半径弯头,SCH160,SS,BW,022Cr19Ni10,CP05T3017,ASME B16.9,RCC-M 2,QA1,8",Φ219.1,个,27,Kg,
SPE00100,45°长半径弯头,SCH160,SS,BW,P280GH,CP05T3019,ASME B16.9,RCC-M 2,QA1,8",Φ219.1,个,27,Kg,
SPE00101,45°长半径弯头,SCH20,SS,BW,20,CP05T3019,ASME B16.9,RCC-M 2,QA1,8",Φ219.1,个,8.25,Kg,
SPE00102,45°长半径弯头,SCH40,SS,BW,20,CP05T3019,ASME B16.9,RCC-M 2,QA1,8",Φ219.1,个,10.8,Kg,
SPE00103,45°长半径弯头,SCH40S,SS,BW,022Cr19Ni10,CP05T3017,ASME B16.9,RCC-M 2,QA1,8",Φ219.1,个,10.7,Kg,
SPE00104,45°长半径弯头,SCH80,SS,BW,20,CP05T3019,ASME B16.9,RCC-M 2,QA1,8",Φ219.1,个,15.8,Kg,
SPE00105,45°长半径弯头,SCH80S,SS,BW,022Cr19Ni10,CP05T3017,ASME B16.9,RCC-M 2,QA1,8",Φ219.1,个,16.5,Kg,
SPE00106,45°长半径弯头,SCH10S,SS,BW,022Cr19Ni10,CP05T3017,ASME B16.9,RCC-M 3,QA2,8",Φ219.1,个,5.3,Kg,
SPE00107,45°长半径弯头,SCH20,SS,BW,20,CP05T3019,ASME B16.9,RCC-M 3,QA2,8",Φ219.1,个,8.25,Kg,
SPE00108,45°长半径弯头,SCH40,SS,BW,20,CP05T3019,ASME B16.9,RCC-M 3,QA2,8",Φ219.1,个,10.8,Kg,
SPE00109,45°长半径弯头,SCH40S,SS,BW,022Cr19Ni10,CP05T3017,ASME B16.9,RCC-M 3,QA2,8",Φ219.1,个,10.7,Kg,
SPE00110,45°长半径弯头,SCH10S,SS,BW,022Cr17Ni12Mo2,CP05T3023,ASME B16.9,NA,QNCa,8",Φ219.1,个,5.3,Kg,
SPE00111,45°长半径弯头,SCH10S,SS,BW,022Cr19Ni10,CP05T3023,ASME B16.9,NA,QNCa,8",Φ219.1,个,6.3,Kg,
SPE00112,45°长半径弯头,SCH20,SS,BW,20,CP05T3025,ASME B16.9,NA,QNCa,8",Φ219.1,个,9,Kg,
SPE00113,45°长半径弯头,SCH140,SS,BW,026Cr18Ni12Mo2N,CP05T3017,ASME B16.9,RCC-M 1,QA1,10",Φ273,个,47,Kg,
SPE00114,45°长半径弯头,SCH10S,SS,BW,022Cr19Ni10,CP05T3017,ASME B16.9,RCC-M 2,QA1,10",Φ273,个,9.8,Kg,
SPE00115,45°长半径弯头,SCH140,SS,BW,022Cr19Ni10,CP05T3017,ASME B16.9,RCC-M 2,QA1,10",Φ273,个,47,Kg,
SPE00116,45°长半径弯头,SCH160,SS,BW,P280GH,CP05T3019,ASME B16.9,RCC-M 2,QA1,10",Φ273,个,52.2,Kg,
SPE00117,45°长半径弯头,SCH20,SS,BW,20,CP05T3019,ASME B16.9,RCC-M 2,QA1,10",Φ273,个,12.9,Kg,
SPE00118,45°长半径弯头,SCH40,SS,BW,20,CP05T3019,ASME B16.9,RCC-M 2,QA1,10",Φ273,个,18.5,Kg,
SPE00119,45°长半径弯头,SCH60,SS,BW,P280GH,CP05T3019,ASME B16.9,RCC-M 2,QA1,10",Φ273,个,24.3,Kg,
SPE00120,45°长半径弯头,SCH80,SS,BW,20,CP05T3019,ASME B16.9,RCC-M 2,QA1,10",Φ273,个,30.35,Kg,
SPE00121,45°长半径弯头,SCH80S,SS,BW,022Cr19Ni10,CP05T3017,ASME B16.9,RCC-M 2,QA1,10",Φ273,个,26,Kg,
SPE00122,45°长半径弯头,SCH10S,SS,BW,022Cr19Ni10,CP05T3017,ASME B16.9,RCC-M 3,QA2,10",Φ273,个,9.8,Kg,
SPE00123,45°长半径弯头,SCH20,SS,BW,20,CP05T3019,ASME B16.9,RCC-M 3,QA2,10",Φ273,个,12.9,Kg,
SPE00124,45°长半径弯头,SCH40,SS,BW,20,CP05T3019,ASME B16.9,RCC-M 3,QA2,10",Φ273,个,18.5,Kg,
SPE00125,45°长半径弯头,SCH80S,SS,BW,022Cr19Ni10,CP05T3017,ASME B16.9,RCC-M 3,QA2,10",Φ273,个,26,Kg,
SPE00126,45°长半径弯头,SCH10S,SS,BW,022Cr17Ni12Mo2,CP05T3023,ASME B16.9,NA,QNCa,10",Φ273,个,9.8,Kg,
SPE00127,45°长半径弯头,SCH10S,SS,BW,022Cr19Ni10,CP05T3023,ASME B16.9,NA,QNCa,10",Φ273,个,9.79,Kg,
SPE00128,45°长半径弯头,SCH20,SS,BW,20,CP05T3025,ASME B16.9,NA,QNCa,10",Φ273,个,12.9,Kg,
SPE00129,45°长半径弯头,SCH140,SS,BW,026Cr18Ni12Mo2N,CP05T3017,ASME B16.9,RCC-M 1,QA1,12",Φ323.8,个,75.7,Kg,
SPE00130,45°长半径弯头,7.14mm,SS,BW,20,CP05T3019,ASME B16.9,RCC-M 2,QA1,12",Φ323.8,个,,Kg,
SPE00131,45°长半径弯头,SCH10S,SS,BW,022Cr19Ni10,CP05T3017,ASME B16.9,RCC-M 2,QA1,12",Φ323.8,个,13.6,Kg,
SPE00132,45°长半径弯头,SCH140,SS,BW,022Cr19Ni10,CP05T3017,ASME B16.9,RCC-M 2,QA1,12",Φ323.8,个,75.7,Kg,
SPE00133,45°长半径弯头,SCH160,SS,BW,P280GH,CP05T3019,ASME B16.9,RCC-M 2,QA1,12",Φ323.8,个,86.85,Kg,
SPE00134,45°长半径弯头,SCH40,SS,BW,20,CP05T3019,ASME B16.9,RCC-M 2,QA1,12",Φ323.8,个,30.5,Kg,
SPE00135,45°长半径弯头,SCH80,SS,BW,20,CP05T3019,ASME B16.9,RCC-M 2,QA1,12",Φ323.8,个,48.7,Kg,
SPE00136,45°长半径弯头,SCH80S,SS,BW,022Cr19Ni10,CP05T3017,ASME B16.9,RCC-M 2,QA1,12",Φ323.8,个,40,Kg,
SPE00137,45°长半径弯头,7.14mm,SS,BW,20,CP05T3019,ASME B16.9,RCC-M 3,QA2,12",Φ323.8,个,26.6,Kg,
SPE00138,45°长半径弯头,SCH10S,SS,BW,022Cr19Ni10,CP05T3017,ASME B16.9,RCC-M 3,QA2,12",Φ323.8,个,13.6,Kg,
SPE00139,45°长半径弯头,SCH40,SS,BW,20,CP05T3019,ASME B16.9,RCC-M 3,QA2,12",Φ323.8,个,30.5,Kg,
SPE00140,45°长半径弯头,SCH80S,SS,BW,022Cr19Ni10,CP05T3017,ASME B16.9,RCC-M 3,QA2,12",Φ323.8,个,40,Kg,
SPE00141,45°长半径弯头,7.14mm,SS,BW,20,CP05T3025,ASME B16.9,NA,QNCa,12",Φ323.8,个,27,Kg,
SPE00142,45°长半径弯头,SCH10S,SS,BW,022Cr17Ni12Mo2,CP05T3023,ASME B16.9,NA,QNCa,12",Φ323.8,个,13.6,Kg,
SPE00143,45°长半径弯头,SCH10S,SS,BW,022Cr19Ni10,CP05T3023,ASME B16.9,NA,QNCa,12",Φ323.8,个,13.6,Kg,
SPE00144,45°长半径弯头,SCH20,SS,BW,20,CP05T3025,ASME B16.9,NA,QNCa,12",Φ323.8,个,24.8,Kg,
SPE00145,45°长半径弯头,SCH140,SS,BW,026Cr18Ni12Mo2N,CP05T3017,ASME B16.9,RCC-M 1,QA1,14",Φ355.6,个,107.6,Kg,
SPE00146,45°长半径弯头,SCH10S,SS,BW,022Cr19Ni10,CP05T3017,ASME B16.9,RCC-M 2,QA1,14",Φ355.6,个,18.1,Kg,
SPE00147,45°长半径弯头,SCH140,SS,BW,022Cr19Ni10,CP05T3017,ASME B16.9,RCC-M 2,QA1,14",Φ355.6,个,107.6,Kg,
SPE00148,45°长半径弯头,SCH160,SS,BW,P280GH,CP05T3019,ASME B16.9,RCC-M 2,QA1,14",Φ355.6,个,119.55,Kg,
SPE00149,45°长半径弯头,SCH20,SS,BW,20,CP05T3019,ASME B16.9,RCC-M 2,QA1,14",Φ355.6,个,30.1,Kg,
SPE00150,45°长半径弯头,SCH40,SS,BW,20,CP05T3019,ASME B16.9,RCC-M 2,QA1,14",Φ355.6,个,42.55,Kg,
SPE00151,45°长半径弯头,SCH60,SS,BW,022Cr19Ni10,CP05T3017,ASME B16.9,RCC-M 2,QA1,14",Φ355.6,个,46,Kg,
SPE00152,45°长半径弯头,SCH80,SS,BW,20,CP05T3019,ASME B16.9,RCC-M 2,QA1,14",Φ355.6,个,69.5,Kg,
SPE00153,45°长半径弯头,SCH80S,SS,BW,022Cr19Ni10,CP05T3017,ASME B16.9,RCC-M 2,QA1,14",Φ355.6,个,46,Kg,
SPE00154,45°长半径弯头,SCH20,SS,BW,20,CP05T3019,ASME B16.9,RCC-M 3,QA2,14",Φ355.6,个,30.1,Kg,
SPE00155,45°长半径弯头,SCH40,SS,BW,20,CP05T3019,ASME B16.9,RCC-M 3,QA2,14",Φ355.6,个,42.55,Kg,
SPE00156,45°长半径弯头,SCH60,SS,BW,022Cr19Ni10,CP05T3017,ASME B16.9,RCC-M 3,QA2,14",Φ355.6,个,55.84,Kg,
SPE00157,45°长半径弯头,SCH10S,SS,BW,022Cr17Ni12Mo2,CP05T3023,ASME B16.9,NA,QNCa,14",Φ355.6,个,18.1,Kg,
SPE00158,45°长半径弯头,SCH10S,SS,BW,022Cr19Ni10,CP05T3023,ASME B16.9,NA,QNCa,14",Φ355.6,个,18.1,Kg,
SPE00159,45°长半径弯头,SCH20,SS,BW,20,CP05T3025,ASME B16.9,NA,QNCa,14",Φ355.6,个,32,Kg,
SPE00160,45°长半径弯头,SCH140,SS,BW,026Cr18Ni12Mo2N,CP05T3017,ASME B16.9,RCC-M 1,QA1,16",Φ406.4,个,161.6,Kg,
SPE00161,45°长半径弯头,8.74mm,SS,BW,20,CP05T3019,ASME B16.9,RCC-M 2,QA1,16",Φ406.4,个,,Kg,
SPE00162,45°长半径弯头,SCH10S,SS,BW,022Cr19Ni10,CP05T3017,ASME B16.9,RCC-M 2,QA1,16",Φ406.4,个,23.8,Kg,
SPE00163,45°长半径弯头,SCH140,SS,BW,022Cr19Ni10,CP05T3017,ASME B16.9,RCC-M 2,QA1,16",Φ406.4,个,161.6,Kg,
SPE00164,45°长半径弯头,SCH160,SS,BW,P280GH,CP05T3019,ASME B16.9,RCC-M 2,QA1,16",Φ406.4,个,177.2,Kg,
SPE00165,45°长半径弯头,SCH40,SS,BW,20,CP05T3019,ASME B16.9,RCC-M 2,QA1,16",Φ406.4,个,60.5,Kg,
SPE00166,45°长半径弯头,SCH40S,SS,BW,022Cr19Ni10,CP05T3017,ASME B16.9,RCC-M 2,QA1,16",Φ406.4,个,46.2,Kg,
SPE00167,45°长半径弯头,SCH60,SS,BW,022Cr19Ni10,CP05T3017,ASME B16.9,RCC-M 2,QA1,16",Φ406.4,个,80.81,Kg,
SPE00168,45°长半径弯头,SCH80,SS,BW,20,CP05T3019,ASME B16.9,RCC-M 2,QA1,16",Φ406.4,个,100,Kg,
SPE00169,45°长半径弯头,SCH80S,SS,BW,022Cr19Ni10,CP05T3017,ASME B16.9,RCC-M 2,QA1,16",Φ406.4,个,,Kg,
SPE00170,45°长半径弯头,9.8mm,SS,BW,20,CP05T3019,ASME B16.9,RCC-M 3,QA2,16",Φ406.4,个,,Kg,
SPE00171,45°长半径弯头,SCH40,SS,BW,20,CP05T3019,ASME B16.9,RCC-M 3,QA2,16",Φ406.4,个,60.5,Kg,
SPE00172,45°长半径弯头,SCH60,SS,BW,022Cr19Ni10,CP05T3017,ASME B16.9,RCC-M 3,QA2,16",Φ406.4,个,80.81,Kg,
SPE00173,45°长半径弯头,SCH10S,SS,BW,022Cr17Ni12Mo2,CP05T3023,ASME B16.9,NA,QNCa,16",Φ406.4,个,23.8,Kg,
SPE00174,45°长半径弯头,SCH10S,SS,BW,022Cr19Ni10,CP05T3023,ASME B16.9,NA,QNCa,16",Φ406.4,个,23.8,Kg,
SPE00175,45°长半径弯头,SCH20,SS,BW,20,CP05T3025,ASME B16.9,NA,QNCa,16",Φ406.4,个,39,Kg,
SPE00176,45°长半径弯头,SCH140,SS,BW,026Cr18Ni12Mo2N,CP05T3017,ASME B16.9,RCC-M 1,QA1,18",Φ457,个,222.75,Kg,
SPE00177,45°长半径弯头,31.75mm,SS,BW,P280GH,CP05T3019,ASME B16.9,RCC-M 2,QA1,18",Φ457,个,396.44,Kg,
SPE00178,45°长半径弯头,SCH140,SS,BW,022Cr19Ni10,CP05T3017,ASME B16.9,RCC-M 2,QA1,18",Φ457,个,222.75,Kg,
SPE00179,45°长半径弯头,SCH20,SS,BW,022Cr19Ni10,CP05T3017,ASME B16.9,RCC-M 2,QA1,18",Φ457,个,43.85,Kg,
SPE00180,45°长半径弯头,SCH10,FS,BW,Q265HR,CP05T3021,ASME B16.9,RCC-M 3,QA2,18",Φ457,个,28.1,Kg,
SPE00181,45°长半径弯头,SCH140,SS,BW,026Cr18Ni12Mo2N,CP05T3017,ASME B16.9,RCC-M 1,QA1,20",Φ508,个,308.05,Kg,
SPE00182,45°长半径弯头,SCH140,SS,BW,022Cr19Ni10,CP05T3017,ASME B16.9,RCC-M 2,QA1,20",Φ508,个,308.05,Kg,
SPE00183,45°长半径弯头,SCH10,FS,BW,Q265HR,CP05T3021,ASME B16.9,RCC-M 3,QA2,20",Φ508,个,41.1,Kg,
SPE00184,45°长半径弯头,SCH20,SS,BW,20,CP05T3025,ASME B16.9,NA,QNCa,20",Φ508,个,73.5,Kg,
SPE00185,45°长半径弯头,SCH140,SS,BW,026Cr18Ni12Mo2N,CP05T3017,ASME B16.9,RCC-M 1,QA1,22",Φ559,个,301.05,Kg,
SPE00186,45°长半径弯头,SCH140,SS,BW,022Cr19Ni10,CP05T3017,ASME B16.9,RCC-M 2,QA1,22",Φ559,个,301.05,Kg,
SPE00187,45°长半径弯头,SCH10,FS,BW,Q265HR,CP05T3021,ASME B16.9,RCC-M 3,QA2,22",Φ559,个,49.8,Kg,
SPE00188,45°长半径弯头,SCH30,SS,BW,20,CP05T3025,ASME B16.9,NA,QNCa,22",Φ559,个,128.1,Kg,
SPE00189,45°长半径弯头,SCH140,SS,BW,026Cr18Ni12Mo2N,CP05T3017,ASME B16.9,RCC-M 1,QA1,24",Φ610,个,523.9,Kg,
SPE00190,45°长半径弯头,SCH140,SS,BW,022Cr19Ni10,CP05T3017,ASME B16.9,RCC-M 2,QA1,24",Φ610,个,523.9,Kg,
SPE00191,45°长半径弯头,SCH10,FS,BW,Q265HR,CP05T3021,ASME B16.9,RCC-M 3,QA2,24",Φ610,个,68,Kg,
SPE00192,45°长半径弯头,SCH10,FS,BW,Q265HR,CP05T3021,ASME B16.9,RCC-M 3,QA2,26",Φ660,个,104,Kg,
SPE00193,45°长半径弯头,SCH10,FS,BW,Q265HR,CP05T3021,ASME B16.9,RCC-M 3,QA2,28",Φ711,个,121,Kg,
SPE00194,45°长半径弯头,SCH10,FS,BW,Q265HR,CP05T3021,ASME B16.9,RCC-M 3,QA2,30",Φ762,个,132.5,Kg,
SPE00195,45°长半径弯头,32mm,SS,BW,P280GH,CP05T3031,ASME B16.9,RCC-M 2,QA1,32",Φ813,个,803.33,Kg,
SPE00196,45°长半径弯头,46mm,SS,BW,P280GH,CP05T3031,ASME B16.9,RCC-M 2,QA1,32",Φ813,个,,Kg,
SPE00197,45°长半径弯头,9.52mm,FS,BW,Q265HR,CP05T3021,ASME B16.9,RCC-M 3,QA2,32",Φ813,个,193,Kg,
SPE00198,45°长半径弯头,9.52mm,FS,BW,Q265HR,CP05T3021,ASME B16.9,RCC-M 3,QA2,34",Φ864,个,215,Kg,
SPE00199,45°长半径弯头,9.52mm,FS,BW,Q265HR,CP05T3021,ASME B16.9,RCC-M 3,QA2,36",Φ914,个,241,Kg,
SPE00201,45°弯头,CL6000,FO,SW,022Cr19Ni10,CP05T3038,ASME B16.11,RCC-M 1,QA1,1/4",,个,0.16,Kg,
SPE00202,45°弯头,CL3000,FO,SW,022Cr19Ni10,CP05T3038,ASME B16.11,RCC-M 2,QA1,1/4",,个,0.08,Kg,
SPE00203,45°弯头,CL3000,FO,SW,20,CP05T3037,ASME B16.11,RCC-M 2,QA1,1/4",,个,0.08,Kg,
SPE00204,45°弯头,CL6000,FO,SW,022Cr19Ni10,CP05T3038,ASME B16.11,RCC-M 2,QA1,1/4",,个,0.16,Kg,
SPE00205,45°弯头,CL6000,FO,SW,20,CP05T3037,ASME B16.11,RCC-M 2,QA1,1/4",,个,0.16,Kg,
SPE00206,45°弯头,CL6000,FO,SW,P280GH,CP05T3052,ASME B16.11,RCC-M 2,QA1,1/4",,个,0.16,Kg,
SPE00208,45°弯头,CL3000,FO,SW,022Cr17Ni12Mo2,CP05T3038,ASME B16.11,RCC-M 3,QA2,1/4",,个,0.08,Kg,
SPE00209,45°弯头,CL3000,FO,SW,022Cr19Ni10,CP05T3038,ASME B16.11,RCC-M 3,QA2,1/4",,个,0.08,Kg,
SPE00210,45°弯头,CL3000,FO,SW,20,CP05T3037,ASME B16.11,RCC-M 3,QA2,1/4",,个,0.08,Kg,
SPE00211,45°弯头,CL3000,FO,SW,022Cr17Ni12Mo2,CP05T3023,ASME B16.11,NA,QNCa,1/4",,个,0.08,Kg,
SPE00212,45°弯头,CL3000,FO,SW,022Cr19Ni10,CP05T3023,ASME B16.11,NA,QNCa,1/4",,个,0.08,Kg,
SPE00213,45°弯头,CL3000,FO,SW,20,CP05T3025,ASME B16.11,NA,QNCa,1/4",,个,0.08,Kg,
SPE00214,45°弯头,CL6000,FO,SW,022Cr19Ni10,CP05T3038,ASME B16.11,RCC-M 1,QA1,3/8",,个,0.28,Kg,
SPE00215,45°弯头,CL3000,FO,SW,022Cr19Ni10,CP05T3038,ASME B16.11,RCC-M 2,QA1,3/8",,个,0.12,Kg,
SPE00216,45°弯头,CL3000,FO,SW,20,CP05T3037,ASME B16.11,RCC-M 2,QA1,3/8",,个,0.12,Kg,
SPE00217,45°弯头,CL6000,FO,SW,022Cr19Ni10,CP05T3038,ASME B16.11,RCC-M 2,QA1,3/8",,个,0.28,Kg,
SPE00218,45°弯头,CL6000,FO,SW,20,CP05T3037,ASME B16.11,RCC-M 2,QA1,3/8",,个,0.28,Kg,
SPE00219,45°弯头,CL6000,FO,SW,P280GH,CP05T3052,ASME B16.11,RCC-M 2,QA1,3/8",,个,0.28,Kg,
SPE00221,45°弯头,CL3000,FO,SW,022Cr17Ni12Mo2,CP05T3038,ASME B16.11,RCC-M 3,QA2,3/8",,个,0.12,Kg,
SPE00222,45°弯头,CL3000,FO,SW,022Cr19Ni10,CP05T3038,ASME B16.11,RCC-M 3,QA2,3/8",,个,0.12,Kg,
SPE00223,45°弯头,CL3000,FO,SW,20,CP05T3037,ASME B16.11,RCC-M 3,QA2,3/8",,个,0.12,Kg,
SPE00224,45°弯头,CL3000,FO,SW,022Cr17Ni12Mo2,CP05T3023,ASME B16.11,NA,QNCa,3/8",,个,0.12,Kg,
SPE00225,45°弯头,CL3000,FO,SW,022Cr19Ni10,CP05T3023,ASME B16.11,NA,QNCa,3/8",,个,0.12,Kg,
SPE00226,45°弯头,CL3000,FO,SW,20,CP05T3025,ASME B16.11,NA,QNCa,3/8",,个,0.12,Kg,
SPE00227,45°弯头,CL6000,FO,SW,022Cr19Ni10,CP05T3038,ASME B16.11,RCC-M 1,QA1,1/2",,个,0.3,Kg,
SPE00228,45°弯头,CL3000,FO,SW,022Cr19Ni10,CP05T3038,ASME B16.11,RCC-M 2,QA1,1/2",,个,0.22,Kg,
SPE00229,45°弯头,CL3000,FO,SW,20,CP05T3037,ASME B16.11,RCC-M 2,QA1,1/2",,个,0.22,Kg,
SPE00230,45°弯头,CL6000,FO,SW,022Cr19Ni10,CP05T3038,ASME B16.11,RCC-M 2,QA1,1/2",,个,0.3,Kg,
SPE00231,45°弯头,CL6000,FO,SW,20,CP05T3037,ASME B16.11,RCC-M 2,QA1,1/2",,个,0.3,Kg,
SPE00232,45°弯头,CL6000,FO,SW,P280GH,CP05T3052,ASME B16.11,RCC-M 2,QA1,1/2",,个,0.3,Kg,
SPE00234,45°弯头,CL3000,FO,SW,022Cr17Ni12Mo2,CP05T3038,ASME B16.11,RCC-M 3,QA2,1/2",,个,0.22,Kg,
SPE00235,45°弯头,CL3000,FO,SW,022Cr19Ni10,CP05T3038,ASME B16.11,RCC-M 3,QA2,1/2",,个,0.22,Kg,
SPE00236,45°弯头,CL3000,FO,SW,20,CP05T3037,ASME B16.11,RCC-M 3,QA2,1/2",,个,0.22,Kg,
SPE00237,45°弯头,CL3000,FO,SW,022Cr17Ni12Mo2,CP05T3023,ASME B16.11,NA,QNCa,1/2",,个,0.22,Kg,
SPE00238,45°弯头,CL3000,FO,SW,022Cr19Ni10,CP05T3023,ASME B16.11,NA,QNCa,1/2",,个,0.22,Kg,
SPE00239,45°弯头,CL3000,FO,SW,20,CP05T3025,ASME B16.11,NA,QNCa,1/2",,个,0.3,Kg,
SPE00240,45°弯头,CL6000,FO,SW,022Cr19Ni10,CP05T3038,ASME B16.11,RCC-M 1,QA1,3/4",,个,0.59,Kg,
SPE00241,45°弯头,CL3000,FO,SW,022Cr19Ni10,CP05T3038,ASME B16.11,RCC-M 2,QA1,3/4",,个,0.28,Kg,
SPE00242,45°弯头,CL3000,FO,SW,20,CP05T3037,ASME B16.11,RCC-M 2,QA1,3/4",,个,0.28,Kg,
SPE00243,45°弯头,CL6000,FO,SW,022Cr19Ni10,CP05T3038,ASME B16.11,RCC-M 2,QA1,3/4",,个,0.59,Kg,
SPE00244,45°弯头,CL6000,FO,SW,20,CP05T3037,ASME B16.11,RCC-M 2,QA1,3/4",,个,0.59,Kg,
SPE00245,45°弯头,CL6000,FO,SW,P280GH,CP05T3052,ASME B16.11,RCC-M 2,QA1,3/4",,个,0.59,Kg,
SPE00247,45°弯头,CL3000,FO,SW,022Cr17Ni12Mo2,CP05T3038,ASME B16.11,RCC-M 3,QA2,3/4",,个,0.28,Kg,
SPE00248,45°弯头,CL3000,FO,SW,022Cr19Ni10,CP05T3038,ASME B16.11,RCC-M 3,QA2,3/4",,个,0.28,Kg,
SPE00249,45°弯头,CL3000,FO,SW,20,CP05T3037,ASME B16.11,RCC-M 3,QA2,3/4",,个,0.28,Kg,
SPE00250,45°弯头,CL3000,FO,SW,022Cr17Ni12Mo2,CP05T3023,ASME B16.11,NA,QNCa,3/4",,个,0.28,Kg,
SPE00251,45°弯头,CL3000,FO,SW,022Cr19Ni10,CP05T3023,ASME B16.11,NA,QNCa,3/4",,个,0.28,Kg,
SPE00252,45°弯头,CL3000,FO,SW,20,CP05T3025,ASME B16.11,NA,QNCa,3/4",,个,0.3,Kg,
SPE00253,45°弯头,CL6000,FO,SW,022Cr19Ni10,CP05T3038,ASME B16.11,RCC-M 1,QA1,1",,个,0.9,Kg,
SPE00254,45°弯头,CL3000,FO,SW,022Cr19Ni10,CP05T3038,ASME B16.11,RCC-M 2,QA1,1",,个,0.43,Kg,
SPE00255,45°弯头,CL3000,FO,SW,20,CP05T3037,ASME B16.11,RCC-M 2,QA1,1",,个,0.43,Kg,
SPE00256,45°弯头,CL6000,FO,SW,022Cr19Ni10,CP05T3038,ASME B16.11,RCC-M 2,QA1,1",,个,0.9,Kg,
SPE00257,45°弯头,CL6000,FO,SW,20,CP05T3037,ASME B16.11,RCC-M 2,QA1,1",,个,0.9,Kg,
SPE00258,45°弯头,CL6000,FO,SW,P280GH,CP05T3052,ASME B16.11,RCC-M 2,QA1,1",,个,0.9,Kg,
SPE00260,45°弯头,CL3000,FO,SW,022Cr17Ni12Mo2,CP05T3038,ASME B16.11,RCC-M 3,QA2,1",,个,0.43,Kg,
SPE00261,45°弯头,CL3000,FO,SW,022Cr19Ni10,CP05T3038,ASME B16.11,RCC-M 3,QA2,1",,个,0.43,Kg,
SPE00262,45°弯头,CL3000,FO,SW,20,CP05T3037,ASME B16.11,RCC-M 3,QA2,1",,个,0.43,Kg,
SPE00263,45°弯头,CL3000,FO,SW,022Cr17Ni12Mo2,CP05T3023,ASME B16.11,NA,QNCa,1",,个,0.43,Kg,
SPE00264,45°弯头,CL3000,FO,SW,022Cr19Ni10,CP05T3023,ASME B16.11,NA,QNCa,1",,个,0.43,Kg,
SPE00265,45°弯头,CL3000,FO,SW,20,CP05T3025,ASME B16.11,NA,QNCa,1",,个,0.5,Kg,
SPE00266,45°弯头,CL3000,FO,SW,022Cr19Ni10,CP05T3038,ASME B16.11,RCC-M 2,QA1,1-1/4",,个,0.65,Kg,
SPE00267,45°弯头,CL3000,FO,SW,20,CP05T3037,ASME B16.11,RCC-M 2,QA1,1-1/4",,个,0.65,Kg,
SPE00268,45°弯头,CL6000,FO,SW,022Cr19Ni10,CP05T3038,ASME B16.11,RCC-M 2,QA1,1-1/4",,个,1.15,Kg,
SPE00269,45°弯头,CL6000,FO,SW,20,CP05T3037,ASME B16.11,RCC-M 2,QA1,1-1/4",,个,1.15,Kg,
SPE00270,45°弯头,CL6000,FO,SW,P280GH,CP05T3052,ASME B16.11,RCC-M 2,QA1,1-1/4",,个,1.15,Kg,
SPE00272,45°弯头,CL3000,FO,SW,022Cr17Ni12Mo2,CP05T3038,ASME B16.11,RCC-M 3,QA2,1-1/4",,个,0.65,Kg,
SPE00273,45°弯头,CL3000,FO,SW,022Cr19Ni10,CP05T3038,ASME B16.11,RCC-M 3,QA2,1-1/4",,个,0.65,Kg,
SPE00274,45°弯头,CL3000,FO,SW,20,CP05T3037,ASME B16.11,RCC-M 3,QA2,1-1/4",,个,0.65,Kg,
SPE00275,45°弯头,CL3000,FO,SW,022Cr17Ni12Mo2,CP05T3023,ASME B16.11,NA,QNCa,1-1/4",,个,0.65,Kg,
SPE00276,45°弯头,CL3000,FO,SW,022Cr19Ni10,CP05T3023,ASME B16.11,NA,QNCa,1-1/4",,个,0.65,Kg,
SPE00277,45°弯头,CL3000,FO,SW,20,CP05T3025,ASME B16.11,NA,QNCa,1-1/4",,个,0.65,Kg,
SPE00279,45°弯头,CL3000,FO,SW,022Cr19Ni10,CP05T3038,ASME B16.11,RCC-M 2,QA1,1-1/2",,个,0.79,Kg,
SPE00280,45°弯头,CL3000,FO,SW,20,CP05T3037,ASME B16.11,RCC-M 2,QA1,1-1/2",,个,0.79,Kg,
SPE00281,45°弯头,CL6000,FO,SW,022Cr19Ni10,CP05T3038,ASME B16.11,RCC-M 2,QA1,1-1/2",,个,2.02,Kg,
SPE00282,45°弯头,CL6000,FO,SW,20,CP05T3037,ASME B16.11,RCC-M 2,QA1,1-1/2",,个,2.02,Kg,
SPE00283,45°弯头,CL6000,FO,SW,P280GH,CP05T3052,ASME B16.11,RCC-M 2,QA1,1-1/2",,个,2.02,Kg,
SPE00285,45°弯头,CL3000,FO,SW,022Cr17Ni12Mo2,CP05T3038,ASME B16.11,RCC-M 3,QA2,1-1/2",,个,0.79,Kg,
SPE00286,45°弯头,CL3000,FO,SW,022Cr19Ni10,CP05T3038,ASME B16.11,RCC-M 3,QA2,1-1/2",,个,0.79,Kg,
SPE00287,45°弯头,CL3000,FO,SW,20,CP05T3037,ASME B16.11,RCC-M 3,QA2,1-1/2",,个,0.79,Kg,
SPE00288,45°弯头,CL3000,FO,SW,022Cr17Ni12Mo2,CP05T3023,ASME B16.11,NA,QNCa,1-1/2",,个,0.79,Kg,
SPE00289,45°弯头,CL3000,FO,SW,022Cr19Ni10,CP05T3023,ASME B16.11,NA,QNCa,1-1/2",,个,0.79,Kg,
SPE00290,45°弯头,CL3000,FO,SW,20,CP05T3025,ASME B16.11,NA,QNCa,1-1/2",,个,0.8,Kg,
SPE00292,45°弯头,CL3000,FO,SW,022Cr19Ni10,CP05T3038,ASME B16.11,RCC-M 2,QA1,2",,个,1.25,Kg,
SPE00293,45°弯头,CL3000,FO,SW,20,CP05T3037,ASME B16.11,RCC-M 2,QA1,2",,个,1.25,Kg,
SPE00294,45°弯头,CL6000,FO,SW,022Cr19Ni10,CP05T3038,ASME B16.11,RCC-M 2,QA1,2",,个,2.3,Kg,
SPE00295,45°弯头,CL6000,FO,SW,20,CP05T3037,ASME B16.11,RCC-M 2,QA1,2",,个,2.3,Kg,
SPE00296,45°弯头,CL6000,FO,SW,P280GH,CP05T3052,ASME B16.11,RCC-M 2,QA1,2",,个,2.3,Kg,
SPE00298,45°弯头,CL3000,FO,SW,022Cr17Ni12Mo2,CP05T3038,ASME B16.11,RCC-M 3,QA2,2",,个,1.25,Kg,
SPE00299,45°弯头,CL3000,FO,SW,022Cr19Ni10,CP05T3038,ASME B16.11,RCC-M 3,QA2,2",,个,1.25,Kg,
SPE00300,45°弯头,CL3000,FO,SW,20,CP05T3037,ASME B16.11,RCC-M 3,QA2,2",,个,1.25,Kg,
SPE00301,45°弯头,CL3000,FO,SW,022Cr17Ni12Mo2,CP05T3023,ASME B16.11,NA,QNCa,2",,个,1.25,Kg,
SPE00302,45°弯头,CL3000,FO,SW,022Cr19Ni10,CP05T3023,ASME B16.11,NA,QNCa,2",,个,1.25,Kg,
SPE00303,45°弯头,CL3000,FO,SW,20,CP05T3025,ASME B16.11,NA,QNCa,2",,个,1.3,Kg,
SPE00504,90°长半径弯头,SCH160,SS,BW,022Cr19Ni10,CP05T3017,ASME B16.9,RCC-M 1,QA1,2-1/2",Φ73,个,2.3,Kg,
SPE00505,90°长半径弯头,3.18mm,SS,BW,20,CP05T3019,ASME B16.9,RCC-M 2,QA1,2-1/2",Φ73,个,1.5,Kg,
SPE00506,90°长半径弯头,SCH10S,SS,BW,022Cr19Ni10,CP05T3017,ASME B16.9,RCC-M 2,QA1,2-1/2",Φ73,个,0.85,Kg,
SPE00507,90°长半径弯头,SCH160,SS,BW,022Cr19Ni10,CP05T3017,ASME B16.9,RCC-M 2,QA1,2-1/2",Φ73,个,2.3,Kg,
SPE00508,90°长半径弯头,SCH160,SS,BW,P280GH,CP05T3019,ASME B16.9,RCC-M 2,QA1,2-1/2",Φ73,个,2.3,Kg,
SPE00509,90°长半径弯头,SCH40,SS,BW,20,CP05T3019,ASME B16.9,RCC-M 2,QA1,2-1/2",Φ73,个,1.37,Kg,
SPE00510,90°长半径弯头,SCH40S,SS,BW,022Cr19Ni10,CP05T3017,ASME B16.9,RCC-M 2,QA1,2-1/2",Φ73,个,1.4,Kg,
SPE00511,90°长半径弯头,SCH80,SS,BW,20,CP05T3019,ASME B16.9,RCC-M 2,QA1,2-1/2",Φ73,个,1.8,Kg,
SPE00512,90°长半径弯头,SCH80,SS,BW,P280GH,CP05T3019,ASME B16.9,RCC-M 2,QA1,2-1/2",Φ73,个,1.8,Kg,
SPE00513,90°长半径弯头,SCH80S,SS,BW,022Cr19Ni10,CP05T3017,ASME B16.9,RCC-M 2,QA1,2-1/2",Φ73,个,1.8,Kg,
SPE00514,90°长半径弯头,3.18mm,SS,BW,20,CP05T3019,ASME B16.9,RCC-M 3,QA2,2-1/2",Φ73,个,1.5,Kg,
SPE00515,90°长半径弯头,SCH10S,SS,BW,022Cr19Ni10,CP05T3017,ASME B16.9,RCC-M 3,QA2,2-1/2",Φ73,个,0.85,Kg,
SPE00516,90°长半径弯头,SCH40,SS,BW,20,CP05T3019,ASME B16.9,RCC-M 3,QA2,2-1/2",Φ73,个,1.37,Kg,
SPE00517,90°长半径弯头,SCH40S,SS,BW,022Cr19Ni10,CP05T3017,ASME B16.9,RCC-M 3,QA2,2-1/2",Φ73,个,1.4,Kg,
SPE00518,90°长半径弯头,3.18mm,SS,BW,20,CP05T3025,ASME B16.9,NA,QNCa,2-1/2",Φ73,个,1.3,Kg,
SPE00519,90°长半径弯头,SCH10S,SS,BW,022Cr17Ni12Mo2,CP05T3023,ASME B16.9,NA,QNCa,2-1/2",Φ73,个,0.85,Kg,
SPE00520,90°长半径弯头,SCH10S,SS,BW,022Cr19Ni10,CP05T3023,ASME B16.9,NA,QNCa,2-1/2",Φ73,个,0.85,Kg,
SPE00521,90°长半径弯头,SCH160,SS,BW,022Cr19Ni10,CP05T3017,ASME B16.9,RCC-M 1,QA1,3",Φ88.9,个,2.3,Kg,
SPE00522,90°长半径弯头,3.18mm,SS,BW,20,CP05T3019,ASME B16.9,RCC-M 2,QA1,3",Φ88.9,个,2.2,Kg,
SPE00523,90°长半径弯头,SCH10S,SS,BW,022Cr19Ni10,CP05T3017,ASME B16.9,RCC-M 2,QA1,3",Φ88.9,个,1.2,Kg,
SPE00524,90°长半径弯头,SCH160,SS,BW,022Cr19Ni10,CP05T3017,ASME B16.9,RCC-M 2,QA1,3",Φ88.9,个,2.3,Kg,
SPE00525,90°长半径弯头,SCH160,SS,BW,P280GH,CP05T3019,ASME B16.9,RCC-M 2,QA1,3",Φ88.9,个,3.9,Kg,
SPE00526,90°长半径弯头,SCH40,SS,BW,20,CP05T3019,ASME B16.9,RCC-M 2,QA1,3",Φ88.9,个,2.19,Kg,
SPE00527,90°长半径弯头,SCH40S,SS,BW,022Cr19Ni10,CP05T3017,ASME B16.9,RCC-M 2,QA1,3",Φ88.9,个,2.2,Kg,
SPE00528,90°长半径弯头,SCH80,SS,BW,20,CP05T3019,ASME B16.9,RCC-M 2,QA1,3",Φ88.9,个,2.87,Kg,
SPE00529,90°长半径弯头,SCH80,SS,BW,P280GH,CP05T3019,ASME B16.9,RCC-M 2,QA1,3",Φ88.9,个,2.87,Kg,
SPE00530,90°长半径弯头,SCH80S,SS,BW,022Cr19Ni10,CP05T3017,ASME B16.9,RCC-M 2,QA1,3",Φ88.9,个,3,Kg,
SPE00531,90°长半径弯头,3.18mm,SS,BW,20,CP05T3019,ASME B16.9,RCC-M 3,QA2,3",Φ88.9,个,2.2,Kg,
SPE00532,90°长半径弯头,SCH10S,SS,BW,022Cr19Ni10,CP05T3017,ASME B16.9,RCC-M 3,QA2,3",Φ88.9,个,1.2,Kg,
SPE00533,90°长半径弯头,SCH40,SS,BW,20,CP05T3019,ASME B16.9,RCC-M 3,QA2,3",Φ88.9,个,2.19,Kg,
SPE00534,90°长半径弯头,SCH40S,SS,BW,022Cr19Ni10,CP05T3017,ASME B16.9,RCC-M 3,QA2,3",Φ88.9,个,2.2,Kg,
SPE00535,90°长半径弯头,3.18mm,SS,BW,20,CP05T3025,ASME B16.9,NA,QNCa,3",Φ88.9,个,2.1,Kg,
SPE00536,90°长半径弯头,SCH10S,SS,BW,022Cr17Ni12Mo2,CP05T3023,ASME B16.9,NA,QNCa,3",Φ88.9,个,1.2,Kg,
SPE00537,90°长半径弯头,SCH10S,SS,BW,022Cr19Ni10,CP05T3023,ASME B16.9,NA,QNCa,3",Φ88.9,个,1.2,Kg,
SPE00538,90°长半径弯头,SCH160,SS,BW,022Cr19Ni10,CP05T3017,ASME B16.9,RCC-M 1,QA1,3-1/2",Φ101.6,个,,Kg,
SPE00539,90°长半径弯头,SCH10S,SS,BW,022Cr19Ni10,CP05T3017,ASME B16.9,RCC-M 2,QA1,3-1/2",Φ101.6,个,1.7,Kg,
SPE00540,90°长半径弯头,SCH160,SS,BW,022Cr19Ni10,CP05T3017,ASME B16.9,RCC-M 2,QA1,3-1/2",Φ101.6,个,,Kg,
SPE00541,90°长半径弯头,SCH160,SS,BW,P280GH,CP05T3019,ASME B16.9,RCC-M 2,QA1,3-1/2",Φ101.6,个,,Kg,
SPE00542,90°长半径弯头,SCH40,SS,BW,20,CP05T3019,ASME B16.9,RCC-M 2,QA1,3-1/2",Φ101.6,个,2.96,Kg,
SPE00543,90°长半径弯头,SCH40S,SS,BW,022Cr19Ni10,CP05T3017,ASME B16.9,RCC-M 2,QA1,3-1/2",Φ101.6,个,2.9,Kg,
SPE00544,90°长半径弯头,SCH80,SS,BW,20,CP05T3019,ASME B16.9,RCC-M 2,QA1,3-1/2",Φ101.6,个,4.06,Kg,
SPE00545,90°长半径弯头,SCH80,SS,BW,P280GH,CP05T3019,ASME B16.9,RCC-M 2,QA1,3-1/2",Φ101.6,个,4.06,Kg,
SPE00546,90°长半径弯头,SCH80S,SS,BW,022Cr19Ni10,CP05T3017,ASME B16.9,RCC-M 2,QA1,3-1/2",Φ101.6,个,4,Kg,
SPE00547,90°长半径弯头,SCH10S,SS,BW,022Cr19Ni10,CP05T3017,ASME B16.9,RCC-M 3,QA2,3-1/2",Φ101.6,个,1.7,Kg,
SPE00548,90°长半径弯头,SCH40,SS,BW,20,CP05T3019,ASME B16.9,RCC-M 3,QA2,3-1/2",Φ101.6,个,2.96,Kg,
SPE00549,90°长半径弯头,SCH40S,SS,BW,022Cr19Ni10,CP05T3017,ASME B16.9,RCC-M 3,QA2,3-1/2",Φ101.6,个,2.9,Kg,
SPE00550,90°长半径弯头,SCH10S,SS,BW,022Cr17Ni12Mo2,CP05T3023,ASME B16.9,NA,QNCa,3-1/2",Φ101.6,个,1.7,Kg,
SPE00551,90°长半径弯头,SCH10S,SS,BW,022Cr19Ni10,CP05T3023,ASME B16.9,NA,QNCa,3-1/2",Φ101.6,个,1.7,Kg,
SPE00552,90°长半径弯头,SCH160,SS,BW,022Cr19Ni10,CP05T3017,ASME B16.9,RCC-M 1,QA1,4",Φ114.3,个,8.1,Kg,
SPE00553,90°长半径弯头,3.58mm,SS,BW,20,CP05T3019,ASME B16.9,RCC-M 2,QA1,4",Φ114.3,个,4,Kg,
SPE00554,90°长半径弯头,SCH10S,SS,BW,022Cr19Ni10,CP05T3017,ASME B16.9,RCC-M 2,QA1,4",Φ114.3,个,2.2,Kg,
SPE00555,90°长半径弯头,SCH160,SS,BW,022Cr19Ni10,CP05T3017,ASME B16.9,RCC-M 2,QA1,4",Φ114.3,个,8.1,Kg,
SPE00556,90°长半径弯头,SCH160,SS,BW,P280GH,CP05T3019,ASME B16.9,RCC-M 2,QA1,4",Φ114.3,个,8.1,Kg,
SPE00557,90°长半径弯头,SCH40,SS,BW,20,CP05T3019,ASME B16.9,RCC-M 2,QA1,4",Φ114.3,个,4.13,Kg,
SPE00558,90°长半径弯头,SCH40S,SS,BW,022Cr19Ni10,CP05T3017,ASME B16.9,RCC-M 2,QA1,4",Φ114.3,个,4.2,Kg,
SPE00559,90°长半径弯头,SCH80,SS,BW,20,CP05T3019,ASME B16.9,RCC-M 2,QA1,4",Φ114.3,个,5.6,Kg,
SPE00560,90°长半径弯头,SCH80,SS,BW,P280GH,CP05T3019,ASME B16.9,RCC-M 2,QA1,4",Φ114.3,个,5.6,Kg,
SPE00561,90°长半径弯头,SCH80S,SS,BW,022Cr19Ni10,CP05T3017,ASME B16.9,RCC-M 2,QA1,4",Φ114.3,个,6.2,Kg,
SPE00562,90°长半径弯头,3.58mm,SS,BW,20,CP05T3019,ASME B16.9,RCC-M 3,QA2,4",Φ114.3,个,4,Kg,
SPE00563,90°长半径弯头,SCH10S,SS,BW,022Cr19Ni10,CP05T3017,ASME B16.9,RCC-M 3,QA2,4",Φ114.3,个,2.2,Kg,
SPE00564,90°长半径弯头,SCH40,SS,BW,20,CP05T3019,ASME B16.9,RCC-M 3,QA2,4",Φ114.3,个,4.13,Kg,
SPE00565,90°长半径弯头,SCH40S,SS,BW,022Cr19Ni10,CP05T3017,ASME B16.9,RCC-M 3,QA2,4",Φ114.3,个,4.2,Kg,
SPE00566,90°长半径弯头,3.58mm,SS,BW,20,CP05T3025,ASME B16.9,NA,QNCa,4",Φ114.3,个,3.9,Kg,
SPE00567,90°长半径弯头,SCH10S,SS,BW,022Cr17Ni12Mo2,CP05T3023,ASME B16.9,NA,QNCa,4",Φ114.3,个,2.2,Kg,
SPE00568,90°长半径弯头,SCH10S,SS,BW,022Cr19Ni10,CP05T3023,ASME B16.9,NA,QNCa,4",Φ114.3,个,2.2,Kg,
SPE00569,90°长半径弯头,SCH160,SS,BW,022Cr19Ni10,CP05T3017,ASME B16.9,RCC-M 1,QA1,5",Φ141.3,个,14.9,Kg,
SPE00570,90°长半径弯头,SCH10S,SS,BW,022Cr19Ni10,CP05T3017,ASME B16.9,RCC-M 2,QA1,5",Φ141.3,个,3.6,Kg,
SPE00571,90°长半径弯头,SCH160,SS,BW,022Cr19Ni10,CP05T3017,ASME B16.9,RCC-M 2,QA1,5",Φ141.3,个,14.9,Kg,
SPE00572,90°长半径弯头,SCH160,SS,BW,P280GH,CP05T3019,ASME B16.9,RCC-M 2,QA1,5",Φ141.3,个,14.9,Kg,
SPE00573,90°长半径弯头,SCH40,SS,BW,20,CP05T3019,ASME B16.9,RCC-M 2,QA1,5",Φ141.3,个,6.89,Kg,
SPE00574,90°长半径弯头,SCH40S,SS,BW,022Cr19Ni10,CP05T3017,ASME B16.9,RCC-M 2,QA1,5",Φ141.3,个,6.9,Kg,
SPE00575,90°长半径弯头,SCH80,SS,BW,20,CP05T3019,ASME B16.9,RCC-M 2,QA1,5",Φ141.3,个,9.62,Kg,
SPE00576,90°长半径弯头,SCH80S,SS,BW,022Cr19Ni10,CP05T3017,ASME B16.9,RCC-M 2,QA1,5",Φ141.3,个,9.6,Kg,
SPE00577,90°长半径弯头,SCH10S,SS,BW,022Cr19Ni10,CP05T3017,ASME B16.9,RCC-M 3,QA2,5",Φ141.3,个,3.6,Kg,
SPE00578,90°长半径弯头,SCH40,SS,BW,20,CP05T3019,ASME B16.9,RCC-M 3,QA2,5",Φ141.3,个,6.89,Kg,
SPE00579,90°长半径弯头,SCH40S,SS,BW,022Cr19Ni10,CP05T3017,ASME B16.9,RCC-M 3,QA2,5",Φ141.3,个,6.9,Kg,
SPE00580,90°长半径弯头,SCH10S,SS,BW,022Cr17Ni12Mo2,CP05T3023,ASME B16.9,NA,QNCa,5",Φ141.3,个,3.6,Kg,
SPE00581,90°长半径弯头,SCH10S,SS,BW,022Cr19Ni10,CP05T3023,ASME B16.9,NA,QNCa,5",Φ141.3,个,3.6,Kg,
SPE00582,90°长半径弯头,SCH160,SS,BW,022Cr19Ni10,CP05T3017,ASME B16.9,RCC-M 1,QA1,6",Φ168.3,个,24.6,Kg,
SPE00583,90°长半径弯头,4.37mm,SS,BW,20,CP05T3019,ASME B16.9,RCC-M 2,QA1,6",Φ168.3,个,11.6,Kg,
SPE00584,90°长半径弯头,SCH10S,SS,BW,022Cr19Ni10,CP05T3017,ASME B16.9,RCC-M 2,QA1,6",Φ168.3,个,5.4,Kg,
SPE00585,90°长半径弯头,SCH120,SS,BW,P280GH,CP05T3019,ASME B16.9,RCC-M 2,QA1,6",Φ168.3,个,19.7,Kg,
SPE00586,90°长半径弯头,SCH160,SS,BW,022Cr19Ni10,CP05T3017,ASME B16.9,RCC-M 2,QA1,6",Φ168.3,个,24.6,Kg,
SPE00587,90°长半径弯头,SCH160,SS,BW,P280GH,CP05T3019,ASME B16.9,RCC-M 2,QA1,6",Φ168.3,个,24.6,Kg,
SPE00588,90°长半径弯头,SCH40,SS,BW,20,CP05T3019,ASME B16.9,RCC-M 2,QA1,6",Φ168.3,个,10.7,Kg,
SPE00589,90°长半径弯头,SCH40S,SS,BW,022Cr19Ni10,CP05T3017,ASME B16.9,RCC-M 2,QA1,6",Φ168.3,个,11,Kg,
SPE00590,90°长半径弯头,SCH80,SS,BW,20,CP05T3019,ASME B16.9,RCC-M 2,QA1,6",Φ168.3,个,16.5,Kg,
SPE00591,90°长半径弯头,SCH80S,SS,BW,022Cr19Ni10,CP05T3017,ASME B16.9,RCC-M 2,QA1,6",Φ168.3,个,16.3,Kg,
SPE00592,90°长半径弯头,4.37mm,SS,BW,20,CP05T3019,ASME B16.9,RCC-M 3,QA2,6",Φ168.3,个,11.6,Kg,
SPE00593,90°长半径弯头,SCH10S,SS,BW,022Cr19Ni10,CP05T3017,ASME B16.9,RCC-M 3,QA2,6",Φ168.3,个,5.4,Kg,
SPE00594,90°长半径弯头,SCH40,SS,BW,20,CP05T3019,ASME B16.9,RCC-M 3,QA2,6",Φ168.3,个,10.7,Kg,
SPE00595,90°长半径弯头,SCH40S,SS,BW,022Cr19Ni10,CP05T3017,ASME B16.9,RCC-M 3,QA2,6",Φ168.3,个,11,Kg,
SPE00596,90°长半径弯头,4.37mm,SS,BW,20,CP05T3025,ASME B16.9,NA,QNCa,6",Φ168.3,个,10.2,Kg,
SPE00597,90°长半径弯头,SCH10S,SS,BW,022Cr17Ni12Mo2,CP05T3023,ASME B16.9,NA,QNCa,6",Φ168.3,个,5.4,Kg,
SPE00598,90°长半径弯头,SCH10S,SS,BW,022Cr19Ni10,CP05T3023,ASME B16.9,NA,QNCa,6",Φ168.3,个,5.4,Kg,
SPE00599,90°长半径弯头,SCH160,SS,BW,022Cr19Ni10,CP05T3017,ASME B16.9,RCC-M 1,QA1,8",Φ219.1,个,54,Kg,
SPE00600,90°长半径弯头,SCH10S,SS,BW,022Cr19Ni10,CP05T3017,ASME B16.9,RCC-M 2,QA1,8",Φ219.1,个,10.6,Kg,
SPE00601,90°长半径弯头,SCH120,SS,BW,P280GH,CP05T3019,ASME B16.9,RCC-M 2,QA1,8",Φ219.1,个,43.9,Kg,
SPE00602,90°长半径弯头,SCH160,SS,BW,022Cr19Ni10,CP05T3017,ASME B16.9,RCC-M 2,QA1,8",Φ219.1,个,54,Kg,
SPE00603,90°长半径弯头,SCH160,SS,BW,P280GH,CP05T3019,ASME B16.9,RCC-M 2,QA1,8",Φ219.1,个,54,Kg,
SPE00604,90°长半径弯头,SCH20,SS,BW,20,CP05T3019,ASME B16.9,RCC-M 2,QA1,8",Φ219.1,个,16.5,Kg,
SPE00605,90°长半径弯头,SCH40,SS,BW,20,CP05T3019,ASME B16.9,RCC-M 2,QA1,8",Φ219.1,个,21.6,Kg,
SPE00606,90°长半径弯头,SCH40S,SS,BW,022Cr19Ni10,CP05T3017,ASME B16.9,RCC-M 2,QA1,8",Φ219.1,个,30,Kg,
SPE00607,90°长半径弯头,SCH80,SS,BW,20,CP05T3019,ASME B16.9,RCC-M 2,QA1,8",Φ219.1,个,31.6,Kg,
SPE00608,90°长半径弯头,SCH80S,SS,BW,022Cr19Ni10,CP05T3017,ASME B16.9,RCC-M 2,QA1,8",Φ219.1,个,33.1,Kg,
SPE00609,90°长半径弯头,SCH10S,SS,BW,022Cr19Ni10,CP05T3017,ASME B16.9,RCC-M 3,QA2,8",Φ219.1,个,10.6,Kg,
SPE00610,90°长半径弯头,SCH20,SS,BW,20,CP05T3019,ASME B16.9,RCC-M 3,QA2,8",Φ219.1,个,16.5,Kg,
SPE00611,90°长半径弯头,SCH40,SS,BW,20,CP05T3019,ASME B16.9,RCC-M 3,QA2,8",Φ219.1,个,21.6,Kg,
SPE00612,90°长半径弯头,SCH40S,SS,BW,022Cr19Ni10,CP05T3017,ASME B16.9,RCC-M 3,QA2,8",Φ219.1,个,21.5,Kg,
SPE00613,90°长半径弯头,SCH10S,SS,BW,022Cr17Ni12Mo2,CP05T3023,ASME B16.9,NA,QNCa,8",Φ219.1,个,10.6,Kg,
SPE00614,90°长半径弯头,SCH10S,SS,BW,022Cr19Ni10,CP05T3023,ASME B16.9,NA,QNCa,8",Φ219.1,个,10.6,Kg,
SPE00615,90°长半径弯头,SCH20,SS,BW,20,CP05T3025,ASME B16.9,NA,QNCa,8",Φ219.1,个,16.6,Kg,
SPE00616,90°长半径弯头,SCH140,SS,BW,026Cr18Ni12Mo2N,CP05T3017,ASME B16.9,RCC-M 1,QA1,10",Φ273,个,94,Kg,
SPE00617,90°长半径弯头,SCH10S,SS,BW,022Cr19Ni10,CP05T3017,ASME B16.9,RCC-M 2,QA1,10",Φ273,个,19.5,Kg,
SPE00618,90°长半径弯头,SCH140,SS,BW,022Cr19Ni10,CP05T3017,ASME B16.9,RCC-M 2,QA1,10",Φ273,个,94,Kg,
SPE00619,90°长半径弯头,SCH160,SS,BW,P280GH,CP05T3019,ASME B16.9,RCC-M 2,QA1,10",Φ273,个,104.4,Kg,
SPE00620,90°长半径弯头,SCH20,SS,BW,20,CP05T3019,ASME B16.9,RCC-M 2,QA1,10",Φ273,个,25.8,Kg,
SPE00621,90°长半径弯头,SCH40,SS,BW,20,CP05T3019,ASME B16.9,RCC-M 2,QA1,10",Φ273,个,37,Kg,
SPE00622,90°长半径弯头,SCH60,SS,BW,P280GH,CP05T3019,ASME B16.9,RCC-M 2,QA1,10",Φ273,个,48.6,Kg,
SPE00623,90°长半径弯头,SCH80,SS,BW,20,CP05T3019,ASME B16.9,RCC-M 2,QA1,10",Φ273,个,60.7,Kg,
SPE00624,90°长半径弯头,SCH80S,SS,BW,022Cr19Ni10,CP05T3017,ASME B16.9,RCC-M 2,QA1,10",Φ273,个,52,Kg,
SPE00625,90°长半径弯头,SCH10S,SS,BW,022Cr19Ni10,CP05T3017,ASME B16.9,RCC-M 3,QA2,10",Φ273,个,19.5,Kg,
SPE00626,90°长半径弯头,SCH20,SS,BW,20,CP05T3019,ASME B16.9,RCC-M 3,QA2,10",Φ273,个,25.8,Kg,
SPE00627,90°长半径弯头,SCH40,SS,BW,20,CP05T3019,ASME B16.9,RCC-M 3,QA2,10",Φ273,个,37,Kg,
SPE00628,90°长半径弯头,SCH80S,SS,BW,022Cr19Ni10,CP05T3017,ASME B16.9,RCC-M 3,QA2,10",Φ273,个,52,Kg,
SPE00629,90°长半径弯头,SCH10S,SS,BW,022Cr17Ni12Mo2,CP05T3023,ASME B16.9,NA,QNCa,10",Φ273,个,19.5,Kg,
SPE00630,90°长半径弯头,SCH10S,SS,BW,022Cr19Ni10,CP05T3023,ASME B16.9,NA,QNCa,10",Φ273,个,19.5,Kg,
SPE00631,90°长半径弯头,SCH20,SS,BW,20,CP05T3025,ASME B16.9,NA,QNCa,10",Φ273,个,25.8,Kg,
SPE00632,90°长半径弯头,SCH140,SS,BW,026Cr18Ni12Mo2N,CP05T3017,ASME B16.9,RCC-M 1,QA1,12",Φ323.8,个,151.4,Kg,
SPE00633,90°长半径弯头,7.14mm,SS,BW,20,CP05T3019,ASME B16.9,RCC-M 2,QA1,12",Φ323.8,个,,Kg,
SPE00634,90°长半径弯头,SCH10S,SS,BW,022Cr19Ni10,CP05T3017,ASME B16.9,RCC-M 2,QA1,12",Φ323.8,个,27.5,Kg,
SPE00635,90°长半径弯头,SCH140,SS,BW,022Cr19Ni10,CP05T3017,ASME B16.9,RCC-M 2,QA1,12",Φ323.8,个,151.4,Kg,
SPE00636,90°长半径弯头,SCH160,SS,BW,P280GH,CP05T3019,ASME B16.9,RCC-M 2,QA1,12",Φ323.8,个,173.7,Kg,
SPE00637,90°长半径弯头,SCH40,SS,BW,20,CP05T3019,ASME B16.9,RCC-M 2,QA1,12",Φ323.8,个,61,Kg,
SPE00638,90°长半径弯头,SCH80,SS,BW,20,CP05T3019,ASME B16.9,RCC-M 2,QA1,12",Φ323.8,个,97.4,Kg,
SPE00639,90°长半径弯头,SCH80S,SS,BW,022Cr19Ni10,CP05T3017,ASME B16.9,RCC-M 2,QA1,12",Φ323.8,个,80,Kg,
SPE00640,90°长半径弯头,7.14mm,SS,BW,20,CP05T3019,ASME B16.9,RCC-M 3,QA2,12",Φ323.8,个,51.4,Kg,
SPE00641,90°长半径弯头,SCH10S,SS,BW,022Cr19Ni10,CP05T3017,ASME B16.9,RCC-M 3,QA2,12",Φ323.8,个,27.5,Kg,
SPE00642,90°长半径弯头,SCH40,SS,BW,20,CP05T3019,ASME B16.9,RCC-M 3,QA2,12",Φ323.8,个,61,Kg,
SPE00643,90°长半径弯头,SCH80S,SS,BW,022Cr19Ni10,CP05T3017,ASME B16.9,RCC-M 3,QA2,12",Φ323.8,个,80,Kg,
SPE00644,90°长半径弯头,7.14mm,SS,BW,20,CP05T3025,ASME B16.9,NA,QNCa,12",Φ323.8,个,54,Kg,
SPE00645,90°长半径弯头,SCH10S,SS,BW,022Cr17Ni12Mo2,CP05T3023,ASME B16.9,NA,QNCa,12",Φ323.8,个,27.2,Kg,
SPE00646,90°长半径弯头,SCH10S,SS,BW,022Cr19Ni10,CP05T3023,ASME B16.9,NA,QNCa,12",Φ323.8,个,27.5,Kg,
SPE00647,90°长半径弯头,SCH20,SS,BW,20,CP05T3025,ASME B16.9,NA,QNCa,12",Φ323.8,个,37.3,Kg,
SPE00648,90°长半径弯头,SCH140,SS,BW,026Cr18Ni12Mo2N,CP05T3017,ASME B16.9,RCC-M 1,QA1,14",Φ355.6,个,215.2,Kg,
SPE00649,90°长半径弯头,SCH10S,SS,BW,022Cr19Ni10,CP05T3017,ASME B16.9,RCC-M 2,QA1,14",Φ355.6,个,36,Kg,
SPE00650,90°长半径弯头,SCH140,SS,BW,022Cr19Ni10,CP05T3017,ASME B16.9,RCC-M 2,QA1,14",Φ355.6,个,215.2,Kg,
SPE00651,90°长半径弯头,SCH160,SS,BW,P280GH,CP05T3019,ASME B16.9,RCC-M 2,QA1,14",Φ355.6,个,239.1,Kg,
SPE00652,90°长半径弯头,SCH20,SS,BW,20,CP05T3019,ASME B16.9,RCC-M 2,QA1,14",Φ355.6,个,60.2,Kg,
SPE00653,90°长半径弯头,SCH40,SS,BW,20,CP05T3019,ASME B16.9,RCC-M 2,QA1,14",Φ355.6,个,85.1,Kg,
SPE00654,90°长半径弯头,SCH60,SS,BW,022Cr19Ni10,CP05T3017,ASME B16.9,RCC-M 2,QA1,14",Φ355.6,个,92,Kg,
SPE00655,90°长半径弯头,SCH80,SS,BW,20,CP05T3019,ASME B16.9,RCC-M 2,QA1,14",Φ355.6,个,139,Kg,
SPE00656,90°长半径弯头,SCH80S,SS,BW,022Cr19Ni10,CP05T3017,ASME B16.9,RCC-M 2,QA1,14",Φ355.6,个,84,Kg,
SPE00657,90°长半径弯头,SCH20,SS,BW,20,CP05T3019,ASME B16.9,RCC-M 3,QA2,14",Φ355.6,个,60.2,Kg,
SPE00658,90°长半径弯头,SCH40,SS,BW,20,CP05T3019,ASME B16.9,RCC-M 3,QA2,14",Φ355.6,个,85.1,Kg,
SPE00659,90°长半径弯头,SCH60,SS,BW,022Cr19Ni10,CP05T3017,ASME B16.9,RCC-M 3,QA2,14",Φ355.6,个,111.26,Kg,
SPE00660,90°长半径弯头,SCH10S,SS,BW,022Cr17Ni12Mo2,CP05T3023,ASME B16.9,NA,QNCa,14",Φ355.6,个,36,Kg,
SPE00661,90°长半径弯头,SCH10S,SS,BW,022Cr19Ni10,CP05T3023,ASME B16.9,NA,QNCa,14",Φ355.6,个,36,Kg,
SPE00662,90°长半径弯头,SCH20,SS,BW,20,CP05T3025,ASME B16.9,NA,QNCa,14",Φ355.6,个,60,Kg,
SPE00663,90°长半径弯头,SCH140,SS,BW,026Cr18Ni12Mo2N,CP05T3017,ASME B16.9,RCC-M 1,QA1,16",Φ406.4,个,323.2,Kg,
SPE00664,90°长半径弯头,8.74mm,SS,BW,20,CP05T3019,ASME B16.9,RCC-M 2,QA1,16",Φ406.4,个,,Kg,
SPE00665,90°长半径弯头,SCH10S,SS,BW,022Cr19Ni10,CP05T3017,ASME B16.9,RCC-M 2,QA1,16",Φ406.4,个,47.5,Kg,
SPE00666,90°长半径弯头,SCH140,SS,BW,022Cr19Ni10,CP05T3017,ASME B16.9,RCC-M 2,QA1,16",Φ406.4,个,323.2,Kg,
SPE00667,90°长半径弯头,SCH160,SS,BW,P280GH,CP05T3019,ASME B16.9,RCC-M 2,QA1,16",Φ406.4,个,354.4,Kg,
SPE00668,90°长半径弯头,SCH40,SS,BW,20,CP05T3019,ASME B16.9,RCC-M 2,QA1,16",Φ406.4,个,121,Kg,
SPE00669,90°长半径弯头,SCH40S,SS,BW,022Cr19Ni10,CP05T3017,ASME B16.9,RCC-M 2,QA1,16",Φ406.4,个,92,Kg,
SPE00670,90°长半径弯头,SCH60,SS,BW,022Cr19Ni10,CP05T3017,ASME B16.9,RCC-M 2,QA1,16",Φ406.4,个,161.17,Kg,
SPE00671,90°长半径弯头,SCH80,SS,BW,20,CP05T3019,ASME B16.9,RCC-M 2,QA1,16",Φ406.4,个,200,Kg,
SPE00672,90°长半径弯头,SCH80S,SS,BW,022Cr19Ni10,CP05T3017,ASME B16.9,RCC-M 2,QA1,16",Φ406.4,个,,Kg,
SPE00673,90°长半径弯头,9.8mm,SS,BW,20,CP05T3019,ASME B16.9,RCC-M 3,QA2,16",Φ406.4,个,,Kg,
SPE00674,90°长半径弯头,SCH40,SS,BW,20,CP05T3019,ASME B16.9,RCC-M 3,QA2,16",Φ406.4,个,121,Kg,
SPE00675,90°长半径弯头,SCH60,SS,BW,022Cr19Ni10,CP05T3017,ASME B16.9,RCC-M 3,QA2,16",Φ406.4,个,161.17,Kg,
SPE00676,90°长半径弯头,SCH10S,SS,BW,022Cr17Ni12Mo2,CP05T3023,ASME B16.9,NA,QNCa,16",Φ406.4,个,47.5,Kg,
SPE00677,90°长半径弯头,SCH10S,SS,BW,022Cr19Ni10,CP05T3023,ASME B16.9,NA,QNCa,16",Φ406.4,个,47.5,Kg,
SPE00678,90°长半径弯头,SCH20,SS,BW,20,CP05T3025,ASME B16.9,NA,QNCa,16",Φ406.4,个,78,Kg,
SPE00679,90°长半径弯头,SCH140,SS,BW,026Cr18Ni12Mo2N,CP05T3017,ASME B16.9,RCC-M 1,QA1,18",Φ457,个,445.5,Kg,
SPE00680,90°长半径弯头,31.75mm,SS,BW,P280GH,CP05T3019,ASME B16.9,RCC-M 2,QA1,18",Φ457,个,792.88,Kg,
SPE00681,90°长半径弯头,SCH140,SS,BW,022Cr19Ni10,CP05T3017,ASME B16.9,RCC-M 2,QA1,18",Φ457,个,445.5,Kg,
SPE00682,90°长半径弯头,SCH20,SS,BW,022Cr19Ni10,CP05T3017,ASME B16.9,RCC-M 2,QA1,18",Φ457,个,87.7,Kg,
SPE00683,90°长半径弯头,SCH10,FS,BW,Q265HR,CP05T3021,ASME B16.9,RCC-M 3,QA2,18",Φ457,个,56.2,Kg,
SPE00684,90°长半径弯头,SCH140,SS,BW,026Cr18Ni12Mo2N,CP05T3017,ASME B16.9,RCC-M 1,QA1,20",Φ508,个,616.1,Kg,
SPE00685,90°长半径弯头,SCH140,SS,BW,022Cr19Ni10,CP05T3017,ASME B16.9,RCC-M 2,QA1,20",Φ508,个,616.1,Kg,
SPE00686,90°长半径弯头,SCH10,FS,BW,Q265HR,CP05T3021,ASME B16.9,RCC-M 3,QA2,20",Φ508,个,82.2,Kg,
SPE00687,90°长半径弯头,SCH20,SS,BW,20,CP05T3025,ASME B16.9,NA,QNCa,20",Φ508,个,147,Kg,
SPE00688,90°长半径弯头,SCH140,SS,BW,026Cr18Ni12Mo2N,CP05T3017,ASME B16.9,RCC-M 1,QA1,22",Φ559,个,801.1,Kg,
SPE00689,90°长半径弯头,SCH140,SS,BW,022Cr19Ni10,CP05T3017,ASME B16.9,RCC-M 2,QA1,22",Φ559,个,801.1,Kg,
SPE00690,90°长半径弯头,SCH10,FS,BW,Q265HR,CP05T3021,ASME B16.9,RCC-M 3,QA2,22",Φ559,个,99.6,Kg,
SPE00691,90°长半径弯头,SCH30,SS,BW,20,CP05T3025,ASME B16.9,NA,QNCa,22",Φ559,个,250.2,Kg,
SPE00692,90°长半径弯头,SCH140,SS,BW,026Cr18Ni12Mo2N,CP05T3017,ASME B16.9,RCC-M 1,QA1,24",Φ610,个,1047.8,Kg,
SPE00693,90°长半径弯头,SCH140,SS,BW,022Cr19Ni10,CP05T3017,ASME B16.9,RCC-M 2,QA1,24",Φ610,个,1047.8,Kg,
SPE00694,90°长半径弯头,SCH10,FS,BW,Q265HR,CP05T3021,ASME B16.9,RCC-M 3,QA2,24",Φ610,个,136,Kg,
SPE00695,90°长半径弯头,SCH10,FS,BW,Q265HR,CP05T3021,ASME B16.9,RCC-M 3,QA2,26",Φ660,个,208,Kg,
SPE00696,90°长半径弯头,SCH10,FS,BW,Q265HR,CP05T3021,ASME B16.9,RCC-M 3,QA2,28",Φ711,个,242,Kg,
SPE00697,90°长半径弯头,SCH10,FS,BW,Q265HR,CP05T3021,ASME B16.9,RCC-M 3,QA2,30",Φ762,个,265,Kg,
SPE00698,90°长半径弯头,32mm,SS,BW,P280GH,CP05T3031,ASME B16.9,RCC-M 2,QA1,32",Φ813,个,1606.66,Kg,
SPE00699,90°长半径弯头,46mm,SS,BW,P280GH,CP05T3031,ASME B16.9,RCC-M 2,QA1,32",Φ813,个,,Kg,
SPE00700,90°长半径弯头,9.52mm,FS,BW,Q265HR,CP05T3021,ASME B16.9,RCC-M 3,QA2,32",Φ813,个,390,Kg,
SPE00701,90°长半径弯头,9.52mm,FS,BW,Q265HR,CP05T3021,ASME B16.9,RCC-M 3,QA2,34",Φ864,个,430,Kg,
SPE00702,90°长半径弯头,9.52mm,FS,BW,Q265HR,CP05T3021,ASME B16.9,RCC-M 3,QA2,36",Φ914,个,482,Kg,
SPE00704,90°弯头,CL6000,FO,SW,022Cr19Ni10,CP05T3038,ASME B16.11,RCC-M 1,QA1,1/4",,个,0.15,Kg,
SPE00705,90°弯头,CL3000,FO,SW,022Cr19Ni10,CP05T3038,ASME B16.11,RCC-M 2,QA1,1/4",,个,0.09,Kg,
SPE00706,90°弯头,CL3000,FO,SW,20,CP05T3037,ASME B16.11,RCC-M 2,QA1,1/4",,个,0.09,Kg,
SPE00707,90°弯头,CL6000,FO,SW,022Cr19Ni10,CP05T3038,ASME B16.11,RCC-M 2,QA1,1/4",,个,0.15,Kg,
SPE00708,90°弯头,CL6000,FO,SW,20,CP05T3037,ASME B16.11,RCC-M 2,QA1,1/4",,个,0.15,Kg,
SPE00709,90°弯头,CL6000,FO,SW,P280GH,CP05T3052,ASME B16.11,RCC-M 2,QA1,1/4",,个,0.15,Kg,
SPE00711,90°弯头,CL3000,FO,SW,022Cr17Ni12Mo2,CP05T3038,ASME B16.11,RCC-M 3,QA2,1/4",,个,0.09,Kg,
SPE00712,90°弯头,CL3000,FO,SW,022Cr19Ni10,CP05T3038,ASME B16.11,RCC-M 3,QA2,1/4",,个,0.09,Kg,
SPE00713,90°弯头,CL3000,FO,SW,20,CP05T3037,ASME B16.11,RCC-M 3,QA2,1/4",,个,0.09,Kg,
SPE00714,90°弯头,CL3000,FO,SW,022Cr17Ni12Mo2,CP05T3023,ASME B16.11,NA,QNCa,1/4",,个,0.09,Kg,
SPE00715,90°弯头,CL3000,FO,SW,022Cr19Ni10,CP05T3023,ASME B16.11,NA,QNCa,1/4",,个,0.09,Kg,
SPE00716,90°弯头,CL3000,FO,SW,20,CP05T3025,ASME B16.11,NA,QNCa,1/4",,个,0.1,Kg,
SPE00717,90°弯头,CL6000,FO,SW,022Cr19Ni10,CP05T3038,ASME B16.11,RCC-M 1,QA1,3/8",,个,0.32,Kg,
SPE00718,90°弯头,CL3000,FO,SW,022Cr19Ni10,CP05T3038,ASME B16.11,RCC-M 2,QA1,3/8",,个,0.12,Kg,
SPE00719,90°弯头,CL3000,FO,SW,20,CP05T3037,ASME B16.11,RCC-M 2,QA1,3/8",,个,0.12,Kg,
SPE00720,90°弯头,CL6000,FO,SW,022Cr19Ni10,CP05T3038,ASME B16.11,RCC-M 2,QA1,3/8",,个,0.32,Kg,
SPE00721,90°弯头,CL6000,FO,SW,20,CP05T3037,ASME B16.11,RCC-M 2,QA1,3/8",,个,0.32,Kg,
SPE00722,90°弯头,CL6000,FO,SW,P280GH,CP05T3052,ASME B16.11,RCC-M 2,QA1,3/8",,个,0.32,Kg,
SPE00724,90°弯头,CL3000,FO,SW,022Cr17Ni12Mo2,CP05T3038,ASME B16.11,RCC-M 3,QA2,3/8",,个,0.12,Kg,
SPE00725,90°弯头,CL3000,FO,SW,022Cr19Ni10,CP05T3038,ASME B16.11,RCC-M 3,QA2,3/8",,个,0.12,Kg,
SPE00726,90°弯头,CL3000,FO,SW,20,CP05T3037,ASME B16.11,RCC-M 3,QA2,3/8",,个,0.12,Kg,
SPE00727,90°弯头,CL3000,FO,SW,022Cr17Ni12Mo2,CP05T3023,ASME B16.11,NA,QNCa,3/8",,个,0.12,Kg,
SPE00728,90°弯头,CL3000,FO,SW,022Cr19Ni10,CP05T3023,ASME B16.11,NA,QNCa,3/8",,个,0.12,Kg,
SPE00729,90°弯头,CL3000,FO,SW,20,CP05T3025,ASME B16.11,NA,QNCa,3/8",,个,0.2,Kg,
SPE00730,90°弯头,CL6000,FO,SW,022Cr19Ni10,CP05T3038,ASME B16.11,RCC-M 1,QA1,1/2",,个,0.4,Kg,
SPE00731,90°弯头,CL3000,FO,SW,022Cr19Ni10,CP05T3038,ASME B16.11,RCC-M 2,QA1,1/2",,个,0.26,Kg,
SPE00732,90°弯头,CL3000,FO,SW,20,CP05T3037,ASME B16.11,RCC-M 2,QA1,1/2",,个,0.26,Kg,
SPE00733,90°弯头,CL6000,FO,SW,022Cr19Ni10,CP05T3038,ASME B16.11,RCC-M 2,QA1,1/2",,个,0.4,Kg,
SPE00734,90°弯头,CL6000,FO,SW,20,CP05T3037,ASME B16.11,RCC-M 2,QA1,1/2",,个,0.4,Kg,
SPE00735,90°弯头,CL6000,FO,SW,P280GH,CP05T3052,ASME B16.11,RCC-M 2,QA1,1/2",,个,0.4,Kg,
SPE00737,90°弯头,CL3000,FO,SW,022Cr17Ni12Mo2,CP05T3038,ASME B16.11,RCC-M 3,QA2,1/2",,个,0.26,Kg,
SPE00738,90°弯头,CL3000,FO,SW,022Cr19Ni10,CP05T3038,ASME B16.11,RCC-M 3,QA2,1/2",,个,0.26,Kg,
SPE00739,90°弯头,CL3000,FO,SW,20,CP05T3037,ASME B16.11,RCC-M 3,QA2,1/2",,个,0.26,Kg,
SPE00740,90°弯头,CL3000,FO,SW,022Cr17Ni12Mo2,CP05T3023,ASME B16.11,NA,QNCa,1/2",,个,0.26,Kg,
SPE00741,90°弯头,CL3000,FO,SW,022Cr19Ni10,CP05T3023,ASME B16.11,NA,QNCa,1/2",,个,0.26,Kg,
SPE00742,90°弯头,CL3000,FO,SW,20,CP05T3025,ASME B16.11,NA,QNCa,1/2",,个,0.3,Kg,
SPE00743,90°弯头,CL6000,FO,SW,022Cr19Ni10,CP05T3038,ASME B16.11,RCC-M 1,QA1,3/4",,个,0.65,Kg,
SPE00744,90°弯头,CL3000,FO,SW,022Cr19Ni10,CP05T3038,ASME B16.11,RCC-M 2,QA1,3/4",,个,0.35,Kg,
SPE00745,90°弯头,CL3000,FO,SW,20,CP05T3037,ASME B16.11,RCC-M 2,QA1,3/4",,个,0.35,Kg,
SPE00746,90°弯头,CL6000,FO,SW,022Cr19Ni10,CP05T3038,ASME B16.11,RCC-M 2,QA1,3/4",,个,0.65,Kg,
SPE00747,90°弯头,CL6000,FO,SW,20,CP05T3037,ASME B16.11,RCC-M 2,QA1,3/4",,个,0.65,Kg,
SPE00748,90°弯头,CL6000,FO,SW,P280GH,CP05T3052,ASME B16.11,RCC-M 2,QA1,3/4",,个,0.65,Kg,
SPE00750,90°弯头,CL3000,FO,SW,022Cr17Ni12Mo2,CP05T3038,ASME B16.11,RCC-M 3,QA2,3/4",,个,0.35,Kg,
SPE00751,90°弯头,CL3000,FO,SW,022Cr19Ni10,CP05T3038,ASME B16.11,RCC-M 3,QA2,3/4",,个,0.35,Kg,
SPE00752,90°弯头,CL3000,FO,SW,20,CP05T3037,ASME B16.11,RCC-M 3,QA2,3/4",,个,0.35,Kg,
SPE00753,90°弯头,CL3000,FO,SW,022Cr17Ni12Mo2,CP05T3023,ASME B16.11,NA,QNCa,3/4",,个,0.35,Kg,
SPE00754,90°弯头,CL3000,FO,SW,022Cr19Ni10,CP05T3023,ASME B16.11,NA,QNCa,3/4",,个,0.35,Kg,
SPE00755,90°弯头,CL3000,FO,SW,20,CP05T3025,ASME B16.11,NA,QNCa,3/4",,个,0.4,Kg,
SPE00756,90°弯头,CL6000,FO,SW,022Cr19Ni10,CP05T3038,ASME B16.11,RCC-M 1,QA1,1",,个,1.25,Kg,
SPE00757,90°弯头,CL3000,FO,SW,022Cr19Ni10,CP05T3038,ASME B16.11,RCC-M 2,QA1,1",,个,0.49,Kg,
SPE00758,90°弯头,CL3000,FO,SW,20,CP05T3037,ASME B16.11,RCC-M 2,QA1,1",,个,0.49,Kg,
SPE00759,90°弯头,CL6000,FO,SW,022Cr19Ni10,CP05T3038,ASME B16.11,RCC-M 2,QA1,1",,个,1.25,Kg,
SPE00760,90°弯头,CL6000,FO,SW,20,CP05T3037,ASME B16.11,RCC-M 2,QA1,1",,个,1.25,Kg,
SPE00761,90°弯头,CL6000,FO,SW,P280GH,CP05T3052,ASME B16.11,RCC-M 2,QA1,1",,个,1.25,Kg,
SPE00763,90°弯头,CL3000,FO,SW,022Cr17Ni12Mo2,CP05T3038,ASME B16.11,RCC-M 3,QA2,1",,个,0.49,Kg,
SPE00764,90°弯头,CL3000,FO,SW,022Cr19Ni10,CP05T3038,ASME B16.11,RCC-M 3,QA2,1",,个,0.49,Kg,
SPE00765,90°弯头,CL3000,FO,SW,20,CP05T3037,ASME B16.11,RCC-M 3,QA2,1",,个,0.49,Kg,
SPE00766,90°弯头,CL3000,FO,SW,022Cr17Ni12Mo2,CP05T3023,ASME B16.11,NA,QNCa,1",,个,0.49,Kg,
SPE00767,90°弯头,CL3000,FO,SW,022Cr19Ni10,CP05T3023,ASME B16.11,NA,QNCa,1",,个,0.49,Kg,
SPE00768,90°弯头,CL3000,FO,SW,20,CP05T3025,ASME B16.11,NA,QNCa,1",,个,0.49,Kg,
SPE00769,90°弯头,CL3000,FO,SW,022Cr19Ni10,CP05T3038,ASME B16.11,RCC-M 2,QA1,1-1/4",,个,0.85,Kg,
SPE00770,90°弯头,CL3000,FO,SW,20,CP05T3037,ASME B16.11,RCC-M 2,QA1,1-1/4",,个,0.85,Kg,
SPE00771,90°弯头,CL6000,FO,SW,022Cr19Ni10,CP05T3038,ASME B16.11,RCC-M 2,QA1,1-1/4",,个,1.4,Kg,
SPE00772,90°弯头,CL6000,FO,SW,20,CP05T3037,ASME B16.11,RCC-M 2,QA1,1-1/4",,个,1.4,Kg,
SPE00773,90°弯头,CL6000,FO,SW,P280GH,CP05T3052,ASME B16.11,RCC-M 2,QA1,1-1/4",,个,1.4,Kg,
SPE00775,90°弯头,CL3000,FO,SW,022Cr17Ni12Mo2,CP05T3038,ASME B16.11,RCC-M 3,QA2,1-1/4",,个,0.85,Kg,
SPE00776,90°弯头,CL3000,FO,SW,022Cr19Ni10,CP05T3038,ASME B16.11,RCC-M 3,QA2,1-1/4",,个,0.85,Kg,
SPE00777,90°弯头,CL3000,FO,SW,20,CP05T3037,ASME B16.11,RCC-M 3,QA2,1-1/4",,个,0.85,Kg,
SPE00778,90°弯头,CL3000,FO,SW,022Cr17Ni12Mo2,CP05T3023,ASME B16.11,NA,QNCa,1-1/4",,个,0.85,Kg,
SPE00779,90°弯头,CL3000,FO,SW,022Cr19Ni10,CP05T3023,ASME B16.11,NA,QNCa,1-1/4",,个,0.85,Kg,
SPE00780,90°弯头,CL3000,FO,SW,20,CP05T3025,ASME B16.11,NA,QNCa,1-1/4",,个,0.9,Kg,
SPE00781,90°短半径弯头,SCH160,SS,BW,022Cr19Ni10,CP05T3017,ASME B16.9,RCC-M 1,QA1,1-1/2",Φ48.3,个,0.4,Kg,
SPE00782,90°弯头,CL3000,FO,SW,022Cr19Ni10,CP05T3038,ASME B16.11,RCC-M 2,QA1,1-1/2",,个,1.05,Kg,
SPE00783,90°弯头,CL3000,FO,SW,20,CP05T3037,ASME B16.11,RCC-M 2,QA1,1-1/2",,个,1.05,Kg,
SPE00784,90°弯头,CL6000,FO,SW,022Cr19Ni10,CP05T3038,ASME B16.11,RCC-M 2,QA1,1-1/2",,个,2.45,Kg,
SPE00785,90°弯头,CL6000,FO,SW,20,CP05T3037,ASME B16.11,RCC-M 2,QA1,1-1/2",,个,2.45,Kg,
SPE00786,90°弯头,CL6000,FO,SW,P280GH,CP05T3052,ASME B16.11,RCC-M 2,QA1,1-1/2",,个,2.45,Kg,
SPE00788,90°弯头,CL3000,FO,SW,022Cr17Ni12Mo2,CP05T3038,ASME B16.11,RCC-M 3,QA2,1-1/2",,个,1.05,Kg,
SPE00789,90°弯头,CL3000,FO,SW,022Cr19Ni10,CP05T3038,ASME B16.11,RCC-M 3,QA2,1-1/2",,个,1.05,Kg,
SPE00790,90°弯头,CL3000,FO,SW,20,CP05T3037,ASME B16.11,RCC-M 3,QA2,1-1/2",,个,1.05,Kg,
SPE00791,90°弯头,CL3000,FO,SW,022Cr17Ni12Mo2,CP05T3023,ASME B16.11,NA,QNCa,1-1/2",,个,1.05,Kg,
SPE00792,90°弯头,CL3000,FO,SW,022Cr19Ni10,CP05T3023,ASME B16.11,NA,QNCa,1-1/2",,个,1.05,Kg,
SPE00793,90°弯头,CL3000,FO,SW,20,CP05T3025,ASME B16.11,NA,QNCa,1-1/2",,个,1.05,Kg,
SPE00794,90°短半径弯头,SCH160,SS,BW,022Cr19Ni10,CP05T3017,ASME B16.9,RCC-M 1,QA1,2",Φ60.3,个,2,Kg,
SPE00795,90°弯头,CL3000,FO,SW,022Cr19Ni10,CP05T3038,ASME B16.11,RCC-M 2,QA1,2",,个,1.75,Kg,
SPE00796,90°弯头,CL3000,FO,SW,20,CP05T3037,ASME B16.11,RCC-M 2,QA1,2",,个,1.75,Kg,
SPE00797,90°弯头,CL6000,FO,SW,022Cr19Ni10,CP05T3038,ASME B16.11,RCC-M 2,QA1,2",,个,2.76,Kg,
SPE00798,90°弯头,CL6000,FO,SW,20,CP05T3037,ASME B16.11,RCC-M 2,QA1,2",,个,2.76,Kg,
SPE00799,90°弯头,CL6000,FO,SW,P280GH,CP05T3052,ASME B16.11,RCC-M 2,QA1,2",,个,2.76,Kg,
SPE00801,90°弯头,CL3000,FO,SW,022Cr17Ni12Mo2,CP05T3038,ASME B16.11,RCC-M 3,QA2,2",,个,1.75,Kg,
SPE00802,90°弯头,CL3000,FO,SW,022Cr19Ni10,CP05T3038,ASME B16.11,RCC-M 3,QA2,2",,个,1.75,Kg,
SPE00803,90°弯头,CL3000,FO,SW,20,CP05T3037,ASME B16.11,RCC-M 3,QA2,2",,个,1.75,Kg,
SPE00804,90°弯头,CL3000,FO,SW,022Cr17Ni12Mo2,CP05T3023,ASME B16.11,NA,QNCa,2",,个,1.75,Kg,
SPE00805,90°弯头,CL3000,FO,SW,022Cr19Ni10,CP05T3023,ASME B16.11,NA,QNCa,2",,个,1.75,Kg,
SPE00806,90°弯头,CL3000,FO,SW,20,CP05T3025,ASME B16.11,NA,QNCa,2",,个,1.8,Kg,
SPE00807,90°短半径弯头,SCH160,SS,BW,022Cr19Ni10,CP05T3017,ASME B16.9,RCC-M 1,QA1,2-1/2",Φ73,个,1.5,Kg,
SPE00808,90°短半径弯头,3.18mm,SS,BW,20,CP05T3019,ASME B16.9,RCC-M 2,QA1,2-1/2",Φ73,个,,Kg,
SPE00809,90°短半径弯头,SCH10S,SS,BW,022Cr19Ni10,CP05T3017,ASME B16.9,RCC-M 2,QA1,2-1/2",Φ73,个,0.75,Kg,
SPE00810,90°短半径弯头,SCH160,SS,BW,022Cr19Ni10,CP05T3017,ASME B16.9,RCC-M 2,QA1,2-1/2",Φ73,个,1.5,Kg,
SPE00811,90°短半径弯头,SCH160,SS,BW,P280GH,CP05T3019,ASME B16.9,RCC-M 2,QA1,2-1/2",Φ73,个,1.5,Kg,
SPE00812,90°短半径弯头,SCH40,SS,BW,20,CP05T3019,ASME B16.9,RCC-M 2,QA1,2-1/2",Φ73,个,0.91,Kg,
SPE00813,90°短半径弯头,SCH40S,SS,BW,022Cr19Ni10,CP05T3017,ASME B16.9,RCC-M 2,QA1,2-1/2",Φ73,个,1.05,Kg,
SPE00814,90°短半径弯头,SCH80,SS,BW,20,CP05T3019,ASME B16.9,RCC-M 2,QA1,2-1/2",Φ73,个,1.18,Kg,
SPE00815,90°短半径弯头,SCH80,SS,BW,P280GH,CP05T3019,ASME B16.9,RCC-M 2,QA1,2-1/2",Φ73,个,1.18,Kg,
SPE00816,90°短半径弯头,SCH80S,SS,BW,022Cr19Ni10,CP05T3017,ASME B16.9,RCC-M 2,QA1,2-1/2",Φ73,个,1.3,Kg,
SPE00817,90°短半径弯头,3.18mm,SS,BW,20,CP05T3019,ASME B16.9,RCC-M 3,QA2,2-1/2",Φ73,个,,Kg,
SPE00818,90°短半径弯头,SCH10S,SS,BW,022Cr19Ni10,CP05T3017,ASME B16.9,RCC-M 3,QA2,2-1/2",Φ73,个,0.75,Kg,
SPE00819,90°短半径弯头,SCH40,SS,BW,20,CP05T3019,ASME B16.9,RCC-M 3,QA2,2-1/2",Φ73,个,0.91,Kg,
SPE00820,90°短半径弯头,SCH40S,SS,BW,022Cr19Ni10,CP05T3017,ASME B16.9,RCC-M 3,QA2,2-1/2",Φ73,个,1.05,Kg,
SPE00821,90°短半径弯头,3.18mm,SS,BW,20,CP05T3025,ASME B16.9,NA,QNCa,2-1/2",Φ73,个,0.9,Kg,
SPE00822,90°短半径弯头,SCH10S,SS,BW,022Cr17Ni12Mo2,CP05T3023,ASME B16.9,NA,QNCa,2-1/2",Φ73,个,0.75,Kg,
SPE00823,90°短半径弯头,SCH10S,SS,BW,022Cr19Ni10,CP05T3023,ASME B16.9,NA,QNCa,2-1/2",Φ73,个,0.62,Kg,
SPE00824,90°短半径弯头,SCH160,SS,BW,022Cr19Ni10,CP05T3017,ASME B16.9,RCC-M 1,QA1,3",Φ88.9,个,2.6,Kg,
SPE00825,90°短半径弯头,3.18mm,SS,BW,20,CP05T3019,ASME B16.9,RCC-M 2,QA1,3",Φ88.9,个,,Kg,
SPE00826,90°短半径弯头,SCH10S,SS,BW,022Cr19Ni10,CP05T3017,ASME B16.9,RCC-M 2,QA1,3",Φ88.9,个,1,Kg,
SPE00827,90°短半径弯头,SCH160,SS,BW,022Cr19Ni10,CP05T3017,ASME B16.9,RCC-M 2,QA1,3",Φ88.9,个,2.6,Kg,
SPE00828,90°短半径弯头,SCH160,SS,BW,P280GH,CP05T3019,ASME B16.9,RCC-M 2,QA1,3",Φ88.9,个,2.6,Kg,
SPE00829,90°短半径弯头,SCH40,SS,BW,20,CP05T3019,ASME B16.9,RCC-M 2,QA1,3",Φ88.9,个,1.36,Kg,
SPE00830,90°短半径弯头,SCH40S,SS,BW,022Cr19Ni10,CP05T3017,ASME B16.9,RCC-M 2,QA1,3",Φ88.9,个,1.5,Kg,
SPE00831,90°短半径弯头,SCH80,SS,BW,20,CP05T3019,ASME B16.9,RCC-M 2,QA1,3",Φ88.9,个,1.91,Kg,
SPE00832,90°短半径弯头,SCH80,SS,BW,P280GH,CP05T3019,ASME B16.9,RCC-M 2,QA1,3",Φ88.9,个,1.91,Kg,
SPE00833,90°短半径弯头,SCH80S,SS,BW,022Cr19Ni10,CP05T3017,ASME B16.9,RCC-M 2,QA1,3",Φ88.9,个,1.9,Kg,
SPE00834,90°短半径弯头,3.18mm,SS,BW,20,CP05T3019,ASME B16.9,RCC-M 3,QA2,3",Φ88.9,个,,Kg,
SPE00835,90°短半径弯头,SCH10S,SS,BW,022Cr19Ni10,CP05T3017,ASME B16.9,RCC-M 3,QA2,3",Φ88.9,个,1,Kg,
SPE00836,90°短半径弯头,SCH40,SS,BW,20,CP05T3019,ASME B16.9,RCC-M 3,QA2,3",Φ88.9,个,1.36,Kg,
SPE00837,90°短半径弯头,SCH40S,SS,BW,022Cr19Ni10,CP05T3017,ASME B16.9,RCC-M 3,QA2,3",Φ88.9,个,1.5,Kg,
SPE00838,90°短半径弯头,3.18mm,SS,BW,20,CP05T3025,ASME B16.9,NA,QNCa,3",Φ88.9,个,1.4,Kg,
SPE00839,90°短半径弯头,SCH10S,SS,BW,022Cr17Ni12Mo2,CP05T3023,ASME B16.9,NA,QNCa,3",Φ88.9,个,1,Kg,
SPE00840,90°短半径弯头,SCH10S,SS,BW,022Cr19Ni10,CP05T3023,ASME B16.9,NA,QNCa,3",Φ88.9,个,0.98,Kg,
SPE00841,90°短半径弯头,SCH160,SS,BW,022Cr19Ni10,CP05T3017,ASME B16.9,RCC-M 1,QA1,3-1/2",Φ101.6,个,,Kg,
SPE00842,90°短半径弯头,SCH10S,SS,BW,022Cr19Ni10,CP05T3017,ASME B16.9,RCC-M 2,QA1,3-1/2",Φ101.6,个,1.4,Kg,
SPE00843,90°短半径弯头,SCH160,SS,BW,022Cr19Ni10,CP05T3017,ASME B16.9,RCC-M 2,QA1,3-1/2",Φ101.6,个,,Kg,
SPE00844,90°短半径弯头,SCH160,SS,BW,P280GH,CP05T3019,ASME B16.9,RCC-M 2,QA1,3-1/2",Φ101.6,个,,Kg,
SPE00845,90°短半径弯头,SCH40,SS,BW,20,CP05T3019,ASME B16.9,RCC-M 2,QA1,3-1/2",Φ101.6,个,1.96,Kg,
SPE00846,90°短半径弯头,SCH40S,SS,BW,022Cr19Ni10,CP05T3017,ASME B16.9,RCC-M 2,QA1,3-1/2",Φ101.6,个,2.05,Kg,
SPE00847,90°短半径弯头,SCH80,SS,BW,20,CP05T3019,ASME B16.9,RCC-M 2,QA1,3-1/2",Φ101.6,个,2.58,Kg,
SPE00848,90°短半径弯头,SCH80,SS,BW,P280GH,CP05T3019,ASME B16.9,RCC-M 2,QA1,3-1/2",Φ101.6,个,2.58,Kg,
SPE00849,90°短半径弯头,SCH80S,SS,BW,022Cr19Ni10,CP05T3017,ASME B16.9,RCC-M 2,QA1,3-1/2",Φ101.6,个,2.4,Kg,
SPE00850,90°短半径弯头,SCH10S,SS,BW,022Cr19Ni10,CP05T3017,ASME B16.9,RCC-M 3,QA2,3-1/2",Φ101.6,个,1.4,Kg,
SPE00851,90°短半径弯头,SCH40,SS,BW,20,CP05T3019,ASME B16.9,RCC-M 3,QA2,3-1/2",Φ101.6,个,1.96,Kg,
SPE00852,90°短半径弯头,SCH40S,SS,BW,022Cr19Ni10,CP05T3017,ASME B16.9,RCC-M 3,QA2,3-1/2",Φ101.6,个,2.05,Kg,
SPE00853,90°短半径弯头,SCH10S,SS,BW,022Cr17Ni12Mo2,CP05T3023,ASME B16.9,NA,QNCa,3-1/2",Φ101.6,个,1.4,Kg,
SPE00854,90°短半径弯头,SCH10S,SS,BW,022Cr19Ni10,CP05T3023,ASME B16.9,NA,QNCa,3-1/2",Φ101.6,个,1.4,Kg,
SPE00855,90°短半径弯头,SCH160,SS,BW,022Cr19Ni10,CP05T3017,ASME B16.9,RCC-M 1,QA1,4",Φ114.3,个,5.4,Kg,
SPE00856,90°短半径弯头,3.58mm,SS,BW,20,CP05T3019,ASME B16.9,RCC-M 2,QA1,4",Φ114.3,个,,Kg,
SPE00857,90°短半径弯头,SCH10S,SS,BW,022Cr19Ni10,CP05T3017,ASME B16.9,RCC-M 2,QA1,4",Φ114.3,个,1.7,Kg,
SPE00858,90°短半径弯头,SCH160,SS,BW,022Cr19Ni10,CP05T3017,ASME B16.9,RCC-M 2,QA1,4",Φ114.3,个,5.4,Kg,
SPE00859,90°短半径弯头,SCH160,SS,BW,P280GH,CP05T3019,ASME B16.9,RCC-M 2,QA1,4",Φ114.3,个,5.4,Kg,
SPE00860,90°短半径弯头,SCH40,SS,BW,20,CP05T3019,ASME B16.9,RCC-M 2,QA1,4",Φ114.3,个,2.77,Kg,
SPE00861,90°短半径弯头,SCH40S,SS,BW,022Cr19Ni10,CP05T3017,ASME B16.9,RCC-M 2,QA1,4",Φ114.3,个,3.1,Kg,
SPE00862,90°短半径弯头,SCH80,SS,BW,20,CP05T3019,ASME B16.9,RCC-M 2,QA1,4",Φ114.3,个,3.54,Kg,
SPE00863,90°短半径弯头,SCH80,SS,BW,P280GH,CP05T3019,ASME B16.9,RCC-M 2,QA1,4",Φ114.3,个,3.54,Kg,
SPE00864,90°短半径弯头,SCH80S,SS,BW,022Cr19Ni10,CP05T3017,ASME B16.9,RCC-M 2,QA1,4",Φ114.3,个,4.1,Kg,
SPE00865,90°短半径弯头,3.58mm,SS,BW,20,CP05T3019,ASME B16.9,RCC-M 3,QA2,4",Φ114.3,个,,Kg,
SPE00866,90°短半径弯头,SCH10S,SS,BW,022Cr19Ni10,CP05T3017,ASME B16.9,RCC-M 3,QA2,4",Φ114.3,个,1.7,Kg,
SPE00867,90°短半径弯头,SCH40,SS,BW,20,CP05T3019,ASME B16.9,RCC-M 3,QA2,4",Φ114.3,个,2.77,Kg,
SPE00868,90°短半径弯头,SCH40S,SS,BW,022Cr19Ni10,CP05T3017,ASME B16.9,RCC-M 3,QA2,4",Φ114.3,个,3.1,Kg,
SPE00869,90°短半径弯头,3.58mm,SS,BW,20,CP05T3025,ASME B16.9,NA,QNCa,4",Φ114.3,个,,Kg,
SPE00870,90°短半径弯头,SCH10S,SS,BW,022Cr17Ni12Mo2,CP05T3023,ASME B16.9,NA,QNCa,4",Φ114.3,个,1.7,Kg,
SPE00871,90°短半径弯头,SCH10S,SS,BW,022Cr19Ni10,CP05T3023,ASME B16.9,NA,QNCa,4",Φ114.3,个,1.72,Kg,
SPE00872,90°短半径弯头,SCH160,SS,BW,022Cr19Ni10,CP05T3017,ASME B16.9,RCC-M 1,QA1,5",Φ141.3,个,9.9,Kg,
SPE00873,90°短半径弯头,SCH10S,SS,BW,022Cr19Ni10,CP05T3017,ASME B16.9,RCC-M 2,QA1,5",Φ141.3,个,2.8,Kg,
SPE00874,90°短半径弯头,SCH160,SS,BW,022Cr19Ni10,CP05T3017,ASME B16.9,RCC-M 2,QA1,5",Φ141.3,个,9.9,Kg,
SPE00875,90°短半径弯头,SCH160,SS,BW,P280GH,CP05T3019,ASME B16.9,RCC-M 2,QA1,5",Φ141.3,个,9.9,Kg,
SPE00876,90°短半径弯头,SCH40,SS,BW,20,CP05T3019,ASME B16.9,RCC-M 2,QA1,5",Φ141.3,个,4.4,Kg,
SPE00877,90°短半径弯头,SCH40S,SS,BW,022Cr19Ni10,CP05T3017,ASME B16.9,RCC-M 2,QA1,5",Φ141.3,个,5.3,Kg,
SPE00878,90°短半径弯头,SCH80,SS,BW,20,CP05T3019,ASME B16.9,RCC-M 2,QA1,5",Φ141.3,个,6.46,Kg,
SPE00879,90°短半径弯头,SCH80S,SS,BW,022Cr19Ni10,CP05T3017,ASME B16.9,RCC-M 2,QA1,5",Φ141.3,个,7.3,Kg,
SPE00880,90°短半径弯头,SCH10S,SS,BW,022Cr19Ni10,CP05T3017,ASME B16.9,RCC-M 3,QA2,5",Φ141.3,个,2.8,Kg,
SPE00881,90°短半径弯头,SCH40,SS,BW,20,CP05T3019,ASME B16.9,RCC-M 3,QA2,5",Φ141.3,个,4.4,Kg,
SPE00882,90°短半径弯头,SCH40S,SS,BW,022Cr19Ni10,CP05T3017,ASME B16.9,RCC-M 3,QA2,5",Φ141.3,个,5.3,Kg,
SPE00883,90°短半径弯头,SCH10S,SS,BW,022Cr17Ni12Mo2,CP05T3023,ASME B16.9,NA,QNCa,5",Φ141.3,个,2.8,Kg,
SPE00884,90°短半径弯头,SCH10S,SS,BW,022Cr19Ni10,CP05T3023,ASME B16.9,NA,QNCa,5",Φ141.3,个,2.8,Kg,
SPE00885,90°短半径弯头,SCH160,SS,BW,022Cr19Ni10,CP05T3017,ASME B16.9,RCC-M 1,QA1,6",Φ168.3,个,16.4,Kg,
SPE00886,90°短半径弯头,4.37mm,SS,BW,20,CP05T3019,ASME B16.9,RCC-M 2,QA1,6",Φ168.3,个,,Kg,
SPE00887,90°短半径弯头,SCH10S,SS,BW,022Cr19Ni10,CP05T3017,ASME B16.9,RCC-M 2,QA1,6",Φ168.3,个,4.2,Kg,
SPE00888,90°短半径弯头,SCH120,SS,BW,P280GH,CP05T3019,ASME B16.9,RCC-M 2,QA1,6",Φ168.3,个,13.1,Kg,
SPE00889,90°短半径弯头,SCH160,SS,BW,022Cr19Ni10,CP05T3017,ASME B16.9,RCC-M 2,QA1,6",Φ168.3,个,16.4,Kg,
SPE00890,90°短半径弯头,SCH160,SS,BW,P280GH,CP05T3019,ASME B16.9,RCC-M 2,QA1,6",Φ168.3,个,16.4,Kg,
SPE00891,90°短半径弯头,SCH40,SS,BW,20,CP05T3019,ASME B16.9,RCC-M 2,QA1,6",Φ168.3,个,7.12,Kg,
SPE00892,90°短半径弯头,SCH40S,SS,BW,022Cr19Ni10,CP05T3017,ASME B16.9,RCC-M 2,QA1,6",Φ168.3,个,7.9,Kg,
SPE00893,90°短半径弯头,SCH80,SS,BW,20,CP05T3019,ASME B16.9,RCC-M 2,QA1,6",Φ168.3,个,10.6,Kg,
SPE00894,90°短半径弯头,SCH80S,SS,BW,022Cr19Ni10,CP05T3017,ASME B16.9,RCC-M 2,QA1,6",Φ168.3,个,11.8,Kg,
SPE00895,90°短半径弯头,4.37mm,SS,BW,20,CP05T3019,ASME B16.9,RCC-M 3,QA2,6",Φ168.3,个,,Kg,
SPE00896,90°短半径弯头,SCH10S,SS,BW,022Cr19Ni10,CP05T3017,ASME B16.9,RCC-M 3,QA2,6",Φ168.3,个,4.2,Kg,
SPE00897,90°短半径弯头,SCH40,SS,BW,20,CP05T3019,ASME B16.9,RCC-M 3,QA2,6",Φ168.3,个,7.12,Kg,
SPE00898,90°短半径弯头,SCH40S,SS,BW,022Cr19Ni10,CP05T3017,ASME B16.9,RCC-M 3,QA2,6",Φ168.3,个,7.9,Kg,
SPE00899,90°短半径弯头,4.37mm,SS,BW,20,CP05T3025,ASME B16.9,NA,QNCa,6",Φ168.3,个,6.5,Kg,
SPE00900,90°短半径弯头,SCH10S,SS,BW,022Cr17Ni12Mo2,CP05T3023,ASME B16.9,NA,QNCa,6",Φ168.3,个,4.2,Kg,
SPE00901,90°短半径弯头,SCH10S,SS,BW,022Cr19Ni10,CP05T3023,ASME B16.9,NA,QNCa,6",Φ168.3,个,2.77,Kg,
SPE00902,90°短半径弯头,SCH160,SS,BW,022Cr19Ni10,CP05T3017,ASME B16.9,RCC-M 1,QA1,8",Φ219.1,个,36,Kg,
SPE00903,90°短半径弯头,SCH10S,SS,BW,022Cr19Ni10,CP05T3017,ASME B16.9,RCC-M 2,QA1,8",Φ219.1,个,8,Kg,
SPE00904,90°短半径弯头,SCH120,SS,BW,P280GH,CP05T3019,ASME B16.9,RCC-M 2,QA1,8",Φ219.1,个,29.2,Kg,
SPE00905,90°短半径弯头,SCH160,SS,BW,022Cr19Ni10,CP05T3017,ASME B16.9,RCC-M 2,QA1,8",Φ219.1,个,36,Kg,
SPE00906,90°短半径弯头,SCH160,SS,BW,P280GH,CP05T3019,ASME B16.9,RCC-M 2,QA1,8",Φ219.1,个,36,Kg,
SPE00907,90°短半径弯头,SCH20,SS,BW,20,CP05T3019,ASME B16.9,RCC-M 2,QA1,8",Φ219.1,个,11,Kg,
SPE00908,90°短半径弯头,SCH40,SS,BW,20,CP05T3019,ASME B16.9,RCC-M 2,QA1,8",Φ219.1,个,14.1,Kg,
SPE00909,90°短半径弯头,SCH40S,SS,BW,022Cr19Ni10,CP05T3017,ASME B16.9,RCC-M 2,QA1,8",Φ219.1,个,17,Kg,
SPE00910,90°短半径弯头,SCH80,SS,BW,20,CP05T3019,ASME B16.9,RCC-M 2,QA1,8",Φ219.1,个,21.1,Kg,
SPE00911,90°短半径弯头,SCH80S,SS,BW,022Cr19Ni10,CP05T3017,ASME B16.9,RCC-M 2,QA1,8",Φ219.1,个,25,Kg,
SPE00912,90°短半径弯头,SCH10S,SS,BW,022Cr19Ni10,CP05T3017,ASME B16.9,RCC-M 3,QA2,8",Φ219.1,个,8,Kg,
SPE00913,90°短半径弯头,SCH20,SS,BW,20,CP05T3019,ASME B16.9,RCC-M 3,QA2,8",Φ219.1,个,11,Kg,
SPE00914,90°短半径弯头,SCH40,SS,BW,20,CP05T3019,ASME B16.9,RCC-M 3,QA2,8",Φ219.1,个,14.1,Kg,
SPE00915,90°短半径弯头,SCH40S,SS,BW,022Cr19Ni10,CP05T3017,ASME B16.9,RCC-M 3,QA2,8",Φ219.1,个,17,Kg,
SPE00916,90°短半径弯头,SCH10S,SS,BW,022Cr17Ni12Mo2,CP05T3023,ASME B16.9,NA,QNCa,8",Φ219.1,个,8,Kg,
SPE00917,90°短半径弯头,SCH10S,SS,BW,022Cr19Ni10,CP05T3023,ASME B16.9,NA,QNCa,8",Φ219.1,个,8,Kg,
SPE00918,90°短半径弯头,SCH20,SS,BW,20,CP05T3025,ASME B16.9,NA,QNCa,8",Φ219.1,个,11.1,Kg,
SPE00919,90°短半径弯头,SCH140,SS,BW,026Cr18Ni12Mo2N,CP05T3017,ASME B16.9,RCC-M 1,QA1,10",Φ273,个,62.7,Kg,
SPE00920,90°短半径弯头,SCH10S,SS,BW,022Cr19Ni10,CP05T3017,ASME B16.9,RCC-M 2,QA1,10",Φ273,个,15.9,Kg,
SPE00921,90°短半径弯头,SCH140,SS,BW,022Cr19Ni10,CP05T3017,ASME B16.9,RCC-M 2,QA1,10",Φ273,个,62.7,Kg,
SPE00922,90°短半径弯头,SCH160,SS,BW,P280GH,CP05T3019,ASME B16.9,RCC-M 2,QA1,10",Φ273,个,69.6,Kg,
SPE00923,90°短半径弯头,SCH20,SS,BW,20,CP05T3019,ASME B16.9,RCC-M 2,QA1,10",Φ273,个,17.35,Kg,
SPE00924,90°短半径弯头,SCH40,SS,BW,20,CP05T3019,ASME B16.9,RCC-M 2,QA1,10",Φ273,个,24.6,Kg,
SPE00925,90°短半径弯头,SCH60,SS,BW,P280GH,CP05T3019,ASME B16.9,RCC-M 2,QA1,10",Φ273,个,31.15,Kg,
SPE00926,90°短半径弯头,SCH80,SS,BW,20,CP05T3019,ASME B16.9,RCC-M 2,QA1,10",Φ273,个,40.4,Kg,
SPE00927,90°短半径弯头,SCH80S,SS,BW,022Cr19Ni10,CP05T3017,ASME B16.9,RCC-M 2,QA1,10",Φ273,个,45,Kg,
SPE00928,90°短半径弯头,SCH10S,SS,BW,022Cr19Ni10,CP05T3017,ASME B16.9,RCC-M 3,QA2,10",Φ273,个,15.9,Kg,
SPE00929,90°短半径弯头,SCH20,SS,BW,20,CP05T3019,ASME B16.9,RCC-M 3,QA2,10",Φ273,个,16.8,Kg,
SPE00930,90°短半径弯头,SCH40,SS,BW,20,CP05T3019,ASME B16.9,RCC-M 3,QA2,10",Φ273,个,24.6,Kg,
SPE00931,90°短半径弯头,SCH80S,SS,BW,022Cr19Ni10,CP05T3017,ASME B16.9,RCC-M 3,QA2,10",Φ273,个,45,Kg,
SPE00932,90°短半径弯头,SCH10S,SS,BW,022Cr17Ni12Mo2,CP05T3023,ASME B16.9,NA,QNCa,10",Φ273,个,15.9,Kg,
SPE00933,90°短半径弯头,SCH10S,SS,BW,022Cr19Ni10,CP05T3023,ASME B16.9,NA,QNCa,10",Φ273,个,15.9,Kg,
SPE00934,90°短半径弯头,SCH20,SS,BW,20,CP05T3025,ASME B16.9,NA,QNCa,10",Φ273,个,17.4,Kg,
SPE00935,90°短半径弯头,SCH140,SS,BW,026Cr18Ni12Mo2N,CP05T3017,ASME B16.9,RCC-M 1,QA1,12",Φ323.8,个,100.9,Kg,
SPE00936,90°短半径弯头,7.14mm,SS,BW,20,CP05T3019,ASME B16.9,RCC-M 2,QA1,12",Φ323.8,个,,Kg,
SPE00937,90°短半径弯头,SCH10S,SS,BW,022Cr19Ni10,CP05T3017,ASME B16.9,RCC-M 2,QA1,12",Φ323.8,个,18.1,Kg,
SPE00938,90°短半径弯头,SCH140,SS,BW,022Cr19Ni10,CP05T3017,ASME B16.9,RCC-M 2,QA1,12",Φ323.8,个,100.9,Kg,
SPE00939,90°短半径弯头,SCH160,SS,BW,P280GH,CP05T3019,ASME B16.9,RCC-M 2,QA1,12",Φ323.8,个,115.8,Kg,
SPE00940,90°短半径弯头,SCH40,SS,BW,20,CP05T3019,ASME B16.9,RCC-M 2,QA1,12",Φ323.8,个,40.6,Kg,
SPE00941,90°短半径弯头,SCH80,SS,BW,20,CP05T3019,ASME B16.9,RCC-M 2,QA1,12",Φ323.8,个,65,Kg,
SPE00942,90°短半径弯头,SCH80S,SS,BW,022Cr19Ni10,CP05T3017,ASME B16.9,RCC-M 2,QA1,12",Φ323.8,个,57,Kg,
SPE00943,90°短半径弯头,7.14mm,SS,BW,20,CP05T3019,ASME B16.9,RCC-M 3,QA2,12",Φ323.8,个,,Kg,
SPE00944,90°短半径弯头,SCH10S,SS,BW,022Cr19Ni10,CP05T3017,ASME B16.9,RCC-M 3,QA2,12",Φ323.8,个,18.1,Kg,
SPE00945,90°短半径弯头,SCH40,SS,BW,20,CP05T3019,ASME B16.9,RCC-M 3,QA2,12",Φ323.8,个,40.6,Kg,
SPE00946,90°短半径弯头,SCH80S,SS,BW,022Cr19Ni10,CP05T3017,ASME B16.9,RCC-M 3,QA2,12",Φ323.8,个,57,Kg,
SPE00947,90°短半径弯头,7.14mm,SS,BW,20,CP05T3025,ASME B16.9,NA,QNCa,12",Φ323.8,个,,Kg,
SPE00948,90°短半径弯头,SCH10S,SS,BW,022Cr17Ni12Mo2,CP05T3023,ASME B16.9,NA,QNCa,12",Φ323.8,个,18.1,Kg,
SPE00949,90°短半径弯头,SCH10S,SS,BW,022Cr19Ni10,CP05T3023,ASME B16.9,NA,QNCa,12",Φ323.8,个,18.1,Kg,
SPE00950,90°短半径弯头,SCH20,SS,BW,20,CP05T3025,ASME B16.9,NA,QNCa,12",Φ323.8,个,24.1,Kg,
SPE00951,90°短半径弯头,SCH140,SS,BW,026Cr18Ni12Mo2N,CP05T3017,ASME B16.9,RCC-M 1,QA1,14",Φ355.6,个,143.5,Kg,
SPE00952,90°短半径弯头,SCH10S,SS,BW,022Cr19Ni10,CP05T3017,ASME B16.9,RCC-M 2,QA1,14",Φ355.6,个,23.5,Kg,
SPE00953,90°短半径弯头,SCH140,SS,BW,022Cr19Ni10,CP05T3017,ASME B16.9,RCC-M 2,QA1,14",Φ355.6,个,143.5,Kg,
SPE00954,90°短半径弯头,SCH160,SS,BW,P280GH,CP05T3019,ASME B16.9,RCC-M 2,QA1,14",Φ355.6,个,159.4,Kg,
SPE00955,90°短半径弯头,SCH20,SS,BW,20,CP05T3019,ASME B16.9,RCC-M 2,QA1,14",Φ355.6,个,40.2,Kg,
SPE00956,90°短半径弯头,SCH40,SS,BW,20,CP05T3019,ASME B16.9,RCC-M 2,QA1,14",Φ355.6,个,54.5,Kg,
SPE00957,90°短半径弯头,SCH60,SS,BW,022Cr19Ni10,CP05T3017,ASME B16.9,RCC-M 2,QA1,14",Φ355.6,个,74,Kg,
SPE00958,90°短半径弯头,SCH80,SS,BW,20,CP05T3019,ASME B16.9,RCC-M 2,QA1,14",Φ355.6,个,92.4,Kg,
SPE00959,90°短半径弯头,SCH80S,SS,BW,022Cr19Ni10,CP05T3017,ASME B16.9,RCC-M 2,QA1,14",Φ355.6,个,,Kg,
SPE00960,90°短半径弯头,SCH20,SS,BW,20,CP05T3019,ASME B16.9,RCC-M 3,QA2,14",Φ355.6,个,39.5,Kg,
SPE00961,90°短半径弯头,SCH40,SS,BW,20,CP05T3019,ASME B16.9,RCC-M 3,QA2,14",Φ355.6,个,54.5,Kg,
SPE00962,90°短半径弯头,SCH60,SS,BW,022Cr19Ni10,CP05T3017,ASME B16.9,RCC-M 3,QA2,14",Φ355.6,个,74,Kg,
SPE00963,90°短半径弯头,SCH10S,SS,BW,022Cr17Ni12Mo2,CP05T3023,ASME B16.9,NA,QNCa,14",Φ355.6,个,23.5,Kg,
SPE00964,90°短半径弯头,SCH10S,SS,BW,022Cr19Ni10,CP05T3023,ASME B16.9,NA,QNCa,14",Φ355.6,个,23.5,Kg,
SPE00965,90°短半径弯头,SCH20,SS,BW,20,CP05T3025,ASME B16.9,NA,QNCa,14",Φ355.6,个,40.2,Kg,
SPE00966,90°短半径弯头,SCH140,SS,BW,026Cr18Ni12Mo2N,CP05T3017,ASME B16.9,RCC-M 1,QA1,16",Φ406.4,个,215.5,Kg,
SPE00967,90°短半径弯头,8.74mm,SS,BW,20,CP05T3019,ASME B16.9,RCC-M 2,QA1,16",Φ406.4,个,,Kg,
SPE00968,90°短半径弯头,SCH10S,SS,BW,022Cr19Ni10,CP05T3017,ASME B16.9,RCC-M 2,QA1,16",Φ406.4,个,31,Kg,
SPE00969,90°短半径弯头,SCH140,SS,BW,022Cr19Ni10,CP05T3017,ASME B16.9,RCC-M 2,QA1,16",Φ406.4,个,215.5,Kg,
SPE00970,90°短半径弯头,SCH160,SS,BW,P280GH,CP05T3019,ASME B16.9,RCC-M 2,QA1,16",Φ406.4,个,236.3,Kg,
SPE00971,90°短半径弯头,SCH40,SS,BW,20,CP05T3019,ASME B16.9,RCC-M 2,QA1,16",Φ406.4,个,80.4,Kg,
SPE00972,90°短半径弯头,SCH40S,SS,BW,022Cr19Ni10,CP05T3017,ASME B16.9,RCC-M 2,QA1,16",Φ406.4,个,60,Kg,
SPE00973,90°短半径弯头,SCH60,SS,BW,022Cr19Ni10,CP05T3017,ASME B16.9,RCC-M 2,QA1,16",Φ406.4,个,107.14,Kg,
SPE00974,90°短半径弯头,SCH80,SS,BW,20,CP05T3019,ASME B16.9,RCC-M 2,QA1,16",Φ406.4,个,133,Kg,
SPE00975,90°短半径弯头,SCH80S,SS,BW,022Cr19Ni10,CP05T3017,ASME B16.9,RCC-M 2,QA1,16",Φ406.4,个,,Kg,
SPE00976,90°短半径弯头,9.8mm,SS,BW,20,CP05T3019,ASME B16.9,RCC-M 3,QA2,16",Φ406.4,个,,Kg,
SPE00977,90°短半径弯头,SCH40,SS,BW,20,CP05T3019,ASME B16.9,RCC-M 3,QA2,16",Φ406.4,个,80.4,Kg,
SPE00978,90°短半径弯头,SCH60,SS,BW,022Cr19Ni10,CP05T3017,ASME B16.9,RCC-M 3,QA2,16",Φ406.4,个,107.14,Kg,
SPE00979,90°短半径弯头,SCH10S,SS,BW,022Cr17Ni12Mo2,CP05T3023,ASME B16.9,NA,QNCa,16",Φ406.4,个,30.8,Kg,
SPE00980,90°短半径弯头,SCH10S,SS,BW,022Cr19Ni10,CP05T3023,ASME B16.9,NA,QNCa,16",Φ406.4,个,31,Kg,
SPE00981,90°短半径弯头,SCH20,SS,BW,20,CP05T3025,ASME B16.9,NA,QNCa,16",Φ406.4,个,51.9,Kg,
SPE00982,90°短半径弯头,SCH140,SS,BW,026Cr18Ni12Mo2N,CP05T3017,ASME B16.9,RCC-M 1,QA1,18",Φ457,个,297,Kg,
SPE00983,90°短半径弯头,31.75mm,SS,BW,P280GH,CP05T3019,ASME B16.9,RCC-M 2,QA1,18",Φ457,个,,Kg,
SPE00984,90°短半径弯头,SCH140,SS,BW,022Cr19Ni10,CP05T3017,ASME B16.9,RCC-M 2,QA1,18",Φ457,个,297,Kg,
SPE00985,90°短半径弯头,SCH20,SS,BW,022Cr19Ni10,CP05T3017,ASME B16.9,RCC-M 2,QA1,18",Φ457,个,65.7,Kg,
SPE00986,90°短半径弯头,SCH10,FS,BW,Q265HR,CP05T3021,ASME B16.9,RCC-M 3,QA2,18",Φ457,个,38.3,Kg,
SPE00987,90°短半径弯头,SCH140,SS,BW,026Cr18Ni12Mo2N,CP05T3017,ASME B16.9,RCC-M 1,QA1,20",Φ508,个,410.7,Kg,
SPE00988,90°短半径弯头,SCH140,SS,BW,022Cr19Ni10,CP05T3017,ASME B16.9,RCC-M 2,QA1,20",Φ508,个,410.7,Kg,
SPE00989,90°短半径弯头,SCH10,FS,BW,Q265HR,CP05T3021,ASME B16.9,RCC-M 3,QA2,20",Φ508,个,54.9,Kg,
SPE00990,90°短半径弯头,SCH20,SS,BW,20,CP05T3025,ASME B16.9,NA,QNCa,20",Φ508,个,97.9,Kg,
SPE00991,90°短半径弯头,SCH140,SS,BW,026Cr18Ni12Mo2N,CP05T3017,ASME B16.9,RCC-M 1,QA1,22",Φ559,个,534.1,Kg,
SPE00992,90°短半径弯头,SCH140,SS,BW,022Cr19Ni10,CP05T3017,ASME B16.9,RCC-M 2,QA1,22",Φ559,个,534.1,Kg,
SPE00993,90°短半径弯头,SCH10,FS,BW,Q265HR,CP05T3021,ASME B16.9,RCC-M 3,QA2,22",Φ559,个,66.5,Kg,
SPE00994,90°短半径弯头,SCH30,SS,BW,20,CP05T3025,ASME B16.9,NA,QNCa,22",Φ559,个,171.5,Kg,
SPE00995,90°短半径弯头,SCH140,SS,BW,026Cr18Ni12Mo2N,CP05T3017,ASME B16.9,RCC-M 1,QA1,24",Φ610,个,698.6,Kg,
SPE00996,90°短半径弯头,SCH140,SS,BW,022Cr19Ni10,CP05T3017,ASME B16.9,RCC-M 2,QA1,24",Φ610,个,698.6,Kg,
SPE00997,90°短半径弯头,SCH10,FS,BW,Q265HR,CP05T3021,ASME B16.9,RCC-M 3,QA2,24",Φ610,个,90.6,Kg,
SPE00998,90°短半径弯头,SCH10,FS,BW,Q265HR,CP05T3021,ASME B16.9,RCC-M 3,QA2,26",Φ660,个,,Kg,
SPE00999,90°短半径弯头,SCH10,FS,BW,Q265HR,CP05T3021,ASME B16.9,RCC-M 3,QA2,28",Φ711,个,,Kg,
SPE01000,90°短半径弯头,SCH10,FS,BW,Q265HR,CP05T3021,ASME B16.9,RCC-M 3,QA2,30",Φ762,个,,Kg,
SPE01001,90°短半径弯头,32mm,SS,BW,P280GH,CP05T3031,ASME B16.9,RCC-M 2,QA1,32",Φ813,个,,Kg,
SPE01002,90°短半径弯头,46mm,SS,BW,P280GH,CP05T3031,ASME B16.9,RCC-M 2,QA1,32",Φ813,个,,Kg,
SPE01003,90°短半径弯头,9.52mm,FS,BW,Q265HR,CP05T3021,ASME B16.9,RCC-M 3,QA2,32",Φ813,个,,Kg,
SPE01004,90°短半径弯头,9.52mm,FS,BW,Q265HR,CP05T3021,ASME B16.9,RCC-M 3,QA2,34",Φ864,个,,Kg,
SPE01005,90°短半径弯头,9.52mm,FS,BW,Q265HR,CP05T3021,ASME B16.9,RCC-M 3,QA2,36",Φ914,个,,Kg,
SPE01007,90°长半径弯头,SCH40S,SS,BW,022Cr19Ni10,CP05T3017,ASME B16.9,RCC-M 3,QA2,14",Φ355.6,个,70,Kg,
SPE01008,45°长半径弯头,SCH40S,SS,BW,022Cr19Ni10,CP05T3017,ASME B16.9,RCC-M 3,QA2,14",Φ355.6,个,35.4,Kg,
SPE01010,90°短半径弯头,SCH40S,SS,BW,022Cr19Ni10,CP05T3017,ASME B16.9,RCC-M 3,QA2,16",Φ406.4,个,60,Kg,
SPE01011,90°长半径弯头,SCH40S,SS,BW,022Cr19Ni10,CP05T3017,ASME B16.9,RCC-M 3,QA2,16",Φ406.4,个,92,Kg,
SPE01012,45°长半径弯头,SCH40S,SS,BW,022Cr19Ni10,CP05T3017,ASME B16.9,RCC-M 3,QA2,16",Φ406.4,个,46.2,Kg,
SPE01014,90°短半径弯头,SCH40S,SS,BW,022Cr19Ni10,CP05T3017,ASME B16.9,RCC-M 3,QA2,14",Φ355.6,个,46,Kg,
SPE01015,45°弯头(A45E-I),1mm,FO,SW,TP2,GB/T 18033,GB/T 11618.1,NA,QNCc,DN8,Φ10,个,,Kg,
SPE01016,45°弯头(A45E-I),1.2mm,FO,SW,TP2,GB/T 18033,GB/T 11618.1,NA,QNCc,DN10,Φ12,个,,Kg,
SPE01017,45°弯头(A45E-I),1mm,FO,SW,TP2,GB/T 18033,GB/T 11618.1,NA,QNCc,DN15,Φ15,个,,Kg,
SPE01018,45°弯头(A45E-I),1.2mm,FO,SW,TP2,GB/T 18033,GB/T 11618.1,NA,QNCc,DN20,Φ22,个,,Kg,
SPE01019,45°弯头(A45E-I),1.2mm,FO,SW,TP2,GB/T 18033,GB/T 11618.1,NA,QNCc,DN25,Φ28,个,,Kg,
SPE01020,45°弯头(A45E-I),2mm,FO,SW,TP2,GB/T 18033,GB/T 11618.1,NA,QNCc,DN32,Φ35,个,,Kg,
SPE01021,90°弯头(A90E-I),1mm,FO,SW,TP2,GB/T 18033,GB/T 11618.1,NA,QNCc,DN8,Φ10,个,,Kg,
SPE01022,90°弯头(A90E-I),1.2mm,FO,SW,TP2,GB/T 18033,GB/T 11618.1,NA,QNCc,DN10,Φ12,个,,Kg,
SPE01023,90°弯头(A90E-I),1mm,FO,SW,TP2,GB/T 18033,GB/T 11618.1,NA,QNCc,DN15,Φ15,个,,Kg,
SPE01024,90°弯头(A90E-I),1.2mm,FO,SW,TP2,GB/T 18033,GB/T 11618.1,NA,QNCc,DN20,Φ22,个,,Kg,
SPE01025,90°弯头(A90E-I),1.2mm,FO,SW,TP2,GB/T 18033,GB/T 11618.1,NA,QNCc,DN25,Φ28,个,,Kg,
SPE01026,90°弯头(A90E-I),2mm,FO,SW,TP2,GB/T 18033,GB/T 11618.1,NA,QNCc,DN32,Φ35,个,,Kg,
SPE01027,45°长半径弯头,SCH10S,SS,BW,022Cr19Ni10,CP05T3017,ASME B16.9,RCC-M 3,QA2,14",Φ355.6,个,18.1,Kg,
SPE01028,45°长半径弯头,SCH10S,SS,BW,022Cr19Ni10,CP05T3017,ASME B16.9,RCC-M 3,QA2,16",Φ406.4,个,23.8,Kg,
SPE01031,90°长半径弯头,SCH10S,SS,BW,022Cr19Ni10,CP05T3017,ASME B16.9,RCC-M 3,QA2,14",Φ355.6,个,36,Kg,
SPE01032,90°长半径弯头,SCH10S,SS,BW,022Cr19Ni10,CP05T3017,ASME B16.9,RCC-M 3,QA2,16",Φ406.4,个,47.5,Kg,
SPE01033,90°短半径弯头,SCH10S,SS,BW,022Cr19Ni10,CP05T3017,ASME B16.9,RCC-M 3,QA2,14",Φ355.6,个,23.5,Kg,
SPE01034,90°短半径弯头,SCH10S,SS,BW,022Cr19Ni10,CP05T3017,ASME B16.9,RCC-M 3,QA2,16",Φ406.4,个,31,Kg,
SPE01035,90°长半径弯头,SCH160,SS,BW,022Cr19Ni10,CP05T3017,ASME B16.9,RCC-M 1,QA1,1-1/2",Φ48.3,个,0.7,Kg,
SPE01036,45°长半径弯头,SCH160,SS,BW,022Cr19Ni10,CP05T3017,ASME B16.9,RCC-M 1,QA1,1-1/2",Φ48.3,个,0.35,Kg,
SPE01037,90°长半径弯头,SCH160,SS,BW,022Cr19Ni10,CP05T3017,ASME B16.9,RCC-M 1,QA1,2",Φ60.3,个,1.3,Kg,
SPE01038,45°长半径弯头,SCH160,SS,BW,022Cr19Ni10,CP05T3017,ASME B16.9,RCC-M 1,QA1,2",Φ60.3,个,0.65,Kg,
SPE01040,45°弯头,1.8mm,,,环氧树脂玻璃纤维,,SY/T 6266,NA,QNCa,3",,个,,Kg,
SPE01041,90°弯头,1.8mm,,,环氧树脂玻璃纤维,,SY/T 6266,NA,QNCa,3",,个,,Kg,
SPE01045,45°弯头(A45E-I),1mm,FO,SW,TP2,GB/T 18033,GB/T 11618.1,NA,QNCc,DN6,Φ8,个,,Kg,
SPE01046,90°弯头(A90E-I),1mm,FO,SW,TP2,GB/T 18033,GB/T 11618.1,NA,QNCc,DN6,Φ8,个,,Kg,
SPE01047,45°弯头(A45E-I),2mm,FO,SW,TP2,GB/T 18033,GB/T 11618.1,NA,QNCc,DN40,Φ42,个,,Kg,
SPE01048,90°弯头(A90E-I),2mm,FO,SW,TP2,GB/T 18033,GB/T 11618.1,NA,QNCc,DN40,Φ42,个,,Kg,
SPE01334,90°长半径弯头,3.96mm,SS,BW,20,CP05T3025,ASME B16.9,NA,QNCa,5",Φ141.3,个,,Kg,
SPE01335,90°短半径弯头,3.96mm,SS,BW,20,CP05T3025,ASME B16.9,NA,QNCa,5",Φ141.3,个,,Kg,
SPE01348,45°长半径弯头,14.27mm,SS,BW,20,CP05T3019,ASME B16.9,RCC-M 3,QA2,10",Φ273,个,,Kg,
SPE01349,45°长半径弯头,14.27mm,FS,BW,Q265HR,CP05T3021,ASME B16.9,RCC-M 3,QA2,28",Φ711,个,,Kg,
SPE01350,45°长半径弯头,14.27mm,FS,BW,Q265HR,CP05T3021,ASME B16.9,RCC-M 3,QA2,36",Φ914,个,,Kg,
SPE01351,45°长半径弯头,14.27mm,FS,BW,Q265HR,CP05T3021,ASME B16.9,RCC-M 3,QA2,48",Φ1219,个,,Kg,
SPE01356,90°长半径弯头,14.27mm,SS,BW,20,CP05T3019,ASME B16.9,RCC-M 3,QA2,10",Φ273,个,,Kg,
SPE01357,90°长半径弯头,14.27mm,FS,BW,Q265HR,CP05T3021,ASME B16.9,RCC-M 3,QA2,28",Φ711,个,,Kg,
SPE01358,90°长半径弯头,14.27mm,FS,BW,Q265HR,CP05T3021,ASME B16.9,RCC-M 3,QA2,36",Φ914,个,,Kg,
SPE01359,90°长半径弯头,14.27mm,FS,BW,Q265HR,CP05T3021,ASME B16.9,RCC-M 3,QA2,48",Φ1219,个,,Kg,
SPE01360,90°短半径弯头,14.27mm,SS,BW,20,CP05T3019,ASME B16.9,RCC-M 3,QA2,10",Φ273,个,,Kg,
SPE01361,90°短半径弯头,14.27mm,FS,BW,Q265HR,CP05T3021,ASME B16.9,RCC-M 3,QA2,28",Φ711,个,,Kg,
SPE01362,90°短半径弯头,14.27mm,FS,BW,Q265HR,CP05T3021,ASME B16.9,RCC-M 3,QA2,36",Φ914,个,,Kg,
SPE01363,90°短半径弯头,14.27mm,FS,BW,Q265HR,CP05T3021,ASME B16.9,RCC-M 3,QA2,48",Φ1219,个,,Kg,
SPE01364,45°长半径弯头,3.96mm,SS,BW,20,CP05T3025,ASME B16.9,NA,QNCa,5",Φ141.3,个,,Kg,
SPE01366,90°弯头,4.5mm,,,环氧树脂玻璃纤维,,SY/T 6266,NA,QNCa,4",,个,,Kg,
SPE01367,90°弯头,4.5mm,,,环氧树脂玻璃纤维,,SY/T 6266,NA,QNCa,3",,个,,Kg,
SPE01368,90°弯头,4.5mm,,,环氧树脂玻璃纤维,,SY/T 6266,NA,QNCa,1",,个,,Kg,
SPE01369,90°长半径弯头,SCH40S(坡口为SCH40SxSCH10S),SS,BW,022Cr19Ni10,CP05T3017,ASME B16.9,RCC-M 2,QA1,8",Φ219.1,个,,Kg,
SPE01370,90°长半径弯头,SCH40S,SS,BW,022Cr19Ni10,CP05T3017,ASME B16.9,RCC-M 2,QA1,10",Φ273,个,,Kg,
SPE01371,45°弯头,4.5mm,,,环氧树脂玻璃纤维,,SY/T 6266,NA,QNCa,3",,个,,Kg,
SPE01372,90°螺纹弯头,CL3000,FO,FIL,20,CP05T3025,ASME B16.11,NA,QNCa,1/2",,个,,Kg,
SPE01373,90°螺纹弯头,CL3000,FO,FIL,20,CP05T3025,ASME B16.11,NA,QNCa,1-1/2",,个,,Kg,
SPE01374,90°螺纹弯头,CL3000,FO,FIL,022Cr19Ni10,CP05T3023,ASME B16.11,NA,QNCa,1/2",,个,,Kg,
SPE01375,90°螺纹弯头,CL3000,FO,FIL,022Cr19Ni10,CP05T3023,ASME B16.11,NA,QNCa,1-1/2",,个,,Kg,
SPE01378,45°长半径弯头,SCH40,SS,BW,20,CP05T3025,ASME B16.9,NA,QNCa,1",Φ33.4,个,,Kg,
SPE01379,90°长半径弯头,SCH40,SS,BW,20,CP05T3025,ASME B16.9,NA,QNCa,1",Φ33.4,个,,Kg,
SPE01380,90°短半径弯头,3.18mm,SS,BW,20,CP05T3025,ASME B16.28,NA,QNCa,2",,个,,Kg,
SPE01383,90°长半径弯头,SCH80,SS,BW,P280GH,CP05T3019,ASME B16.9,RCC-M 2,QA1,8",Φ219.1,个,,Kg,
SPE01384,30°长半径弯头,SCH120,SS,BW,026Cr18Ni12Mo2N,CP05T3017,ASME B16.9,RCC-M 2,QA1,12",Φ323.8,个,,Kg,
SPE01385,45°长半径弯头,SCH160,SS,BW,026Cr18Ni12Mo2N,CP05T3017,ASME B16.9,RCC-M 1,QA1,6",Φ168.3,个,,Kg,
SPE01386,60°长半径弯头,SCH120,SS,BW,026Cr18Ni12Mo2N,CP05T3017,ASME B16.9,RCC-M 2,QA1,12",Φ323.8,个,,Kg,
SPE01387,90°长半径弯头,SCH160,SS,BW,026Cr18Ni12Mo2N,CP05T3017,ASME B16.9,RCC-M 1,QA1,6",Φ168.3,个,,Kg,
SPE01388,90°长半径弯头,SCH120,SS,BW,026Cr18Ni12Mo2N,CP05T3017,ASME B16.9,RCC-M 2,QA1,12",Φ323.8,个,,Kg,
SPE01389,90°长半径弯头,SCH160(坡口SCH160xSCH80),SS,BW,P280GH,CP05T3019,ASME B16.9,RCC-M 2,QA1,3",Φ88.9,个,,Kg,
SPE01409,90°长半径弯头,SCH80S,SS,BW,022Cr19Ni10,CP05T3017,ASME B16.9,RCC-M 3,QA2,3",Φ88.9,个,,Kg,
SPE01410,90°长半径弯头,3mm,SS,RF,20(浸PE),,Q/HDCGF001-2008,NA,QNCa,DN20,Φ25,个,,Kg,
SPE01411,30°长半径弯头,38.1mm,SS,BW,P280GH,RCC-M M1152,ASME B16.9,NA,QA3,22",Φ559,个,,Kg,
SPE01412,45°长半径弯头,36.53mm,SS,BW,P280GH,RCC-M M1144,ASME B16.9,NA,QA3,32",Φ813,个,,Kg,
SPE01413,45°长半径弯头,30.18mm,SS,BW,P280GH,RCC-M M1144,ASME B16.9,NA,QA3,26",Φ660,个,,Kg,
SPE01414,45°长半径弯头,19.05mm,SS,BW,P280GH,CP05T3019,ASME B16.9,NA,QA3,12",Φ323.8,个,,Kg,
SPE01415,45°长半径弯头,38.1mm,SS,BW,P280GH,RCC-M M1152,ASME B16.9,NA,QA3,22",Φ559,个,,Kg,
SPE01416,45°长半径弯头,22.23mm,SS,BW,P280GH,RCC-M M1152,ASME B16.9,NA,QA3,10",Φ273,个,,Kg,
SPE01417,60°长半径弯头,30.18mm,SS,BW,P280GH,RCC-M M1144,ASME B16.9,NA,QA3,26",Φ660,个,,Kg,
SPE01418,60°长半径弯头,38.1mm,SS,BW,P280GH,RCC-M M1152,ASME B16.9,NA,QA3,22",Φ559,个,,Kg,
SPE01419,60°长半径弯头,38.1mm,SS,BW,P280GH,CP05T3019,ASME B16.9,NA,QA3,20",Φ508,个,,Kg,
SPE01420,60°长半径弯头,31.75mm,SS,BW,P280GH,RCC-M M1152,ASME B16.9,NA,QA3,18",Φ457,个,,Kg,
SPE01421,90°长半径弯头,36.53mm,SS,BW,P280GH,RCC-M M1144,ASME B16.9,NA,QA3,32",Φ813,个,,Kg,
SPE01422,90°长半径弯头,34.93mm,SS,BW,P280GH,RCC-M M1144,ASME B16.9,NA,QA3,30",Φ762,个,,Kg,
SPE01423,90°长半径弯头,30.18mm,SS,BW,P280GH,RCC-M M1144,ASME B16.9,NA,QA3,26",Φ660,个,,Kg,
SPE01424,90°长半径弯头,19.05mm,SS,BW,P280GH,RCC-M M1144,ASME B16.9,NA,QA3,12",Φ323.8,个,,Kg,
SPE01425,90°长半径弯头,38.1mm,SS,BW,P280GH,RCC-M M1152,ASME B16.9,NA,QA3,22",Φ559,个,,Kg,
SPE01426,90°长半径弯头,38.1mm,SS,BW,P280GH,RCC-M M1152,ASME B16.9,NA,QA3,20",Φ508,个,,Kg,
SPE01427,90°长半径弯头,22.23mm,SS,BW,P280GH,RCC-M M1152,ASME B16.9,NA,QA3,10",Φ273,个,,Kg,
SPE01428,90°长半径弯头,12.7mm,SS,BW,P280GH,RCC-M M1152,ASME B16.9,NA,QA3,6",Φ168.3,个,,Kg,
SPE01429,90°长半径弯头,11.13mm,SS,BW,P280GH,RCC-M M1152,ASME B16.9,NA,QA3,4",Φ114.3,个,,Kg,
SPE01430,90°长半径弯头,SCH160,SS,BW,022Cr19Ni10,CP05T3023,ASME B16.9,RCC-M 1,QA1,1",Φ33.4,个,,Kg,
SPE01431,45°长半径弯头,31.75mm,SS,BW,P280GH,RCC-M M1152,ASME B16.9,NA,QA3,18",Φ457,个,,Kg,
SPE01432,90°长半径弯头,31.75mm,SS,BW,P280GH,RCC-M M1152,ASME B16.9,NA,QA3,18",Φ457,个,,Kg,
SPE01433,90°长半径弯头,3.18mm,SS,BW,20,CP05T3019,ASME B16.9,RCC-M 3,QA2,2",Φ60.3,个,,Kg,
SPE01435,60°长半径弯头,SCH160,SS,BW,026Cr18Ni12Mo2N,CP05T3017,ASME B16.9,RCC-M 1,QA1,6",Φ168.3,个,,Kg,
SPE01436,90°长半径弯头,SCH160,SS,BW,026Cr18Ni12Mo2N,CP05T3017,ASME B16.9,RCC-M 1,QA1,4",Φ114.3,个,,Kg,
SPE01437,45°长半径弯头,SCH80S,SS,BW,026Cr18Ni12Mo2N,CP05T3017,ASME B16.9,RCC-M 2,QA1,6",Φ168.3,个,,Kg,
SPE01438,90°长半径弯头,9.53mm,SS,BW,P280GH,RCC-M M1144,ASME B16.9,NA,QA3,4",Φ114.3,个,,Kg,
SPE01440,29.4°长半径弯头,19.05mm,SS,BW,P280GH,RCC-M M1144,ASME B16.9,NA,QA3,12",Φ323.8,个,,Kg,原45°长半径弯头
SPE01441,89.4°长半径弯头,19.05mm,SS,BW,P280GH,RCC-M M1144,ASME B16.9,NA,QA3,12",Φ323.8,个,,Kg,
SPE01442,45°长半径弯头,38.1mm,SS,BW,P280GH,RCC-M M1152,ASME B16.9,NA,QA3,20",Φ508,个,,Kg,原60°长半径弯头
SPE01443,90°弯头,CL6000,FO,SW,026Cr18Ni12Mo2N,CP05T3038,ASME B16.11,RCC-M 2,QA1,1/2",,个,,Kg,
SPE01444,90°短半径弯头,SCH40S,SS,BW,022Cr19Ni10,CP05T3023,ASME B16.9,NA,QNCa,24",Φ610,个,,Kg,
SPE01445,45°长半径弯头,SCH10,SS,BW,P280GH,CP05T3019,ASME B16.9,RCC-M 3,QA2,24",Φ610,个,,Kg,
SPE01446,90°长半径弯头,SCH10,SS,BW,P280GH,CP05T3019,ASME B16.9,RCC-M 3,QA2,24",Φ610,个,,Kg,
SPE01447,90°长半径弯头,SCH10,SS,BW,P280GH,CP05T3019,ASME B16.9,RCC-M 3,QA2,26",Φ660,个,,Kg,
SPE01448,90°长半径弯头,SCH10,SS,BW,P280GH,CP05T3019,ASME B16.9,RCC-M 3,QA2,28",Φ711,个,,Kg,
SPE01449,90°长半径弯头,SCH120,SS,BW,P280GH(主给水流量控制系统专用),CP05T3019,ASME B16.9,RCC-M 2,QA1,8",Φ219.1,个,,Kg,
SPE01451,90°长半径弯头,SCH160,SS,BW,022Cr19Ni10,CP05T3017,ASME B16.9,RCC-M 2,QA1,2",Φ60.3,个,,Kg,
SPE01452,45°长半径弯头,SCH160,SS,BW,022Cr19Ni10,CP05T3017,ASME B16.9,RCC-M 2,QA1,2",Φ60.3,个,,Kg,
SPE01453,90°长半径弯头,SCH40,FS,BW,Q235B(内外壁热浸镀锌),GB/T 13401-2017,GB/T 12459-2017,NA,QNCa,DN80,,个,,Kg,
SPE01454,90°长半径弯头,SCH40,FS,BW,Q235B(内外壁热浸镀锌),GB/T 13401-2017,GB/T 12459-2017,NA,QNCa,DN100,,个,,Kg,
SPE01455,90°长半径弯头,SCH40,FS,BW,Q235B(内外壁热浸镀锌),GB/T 13401-2017,GB/T 12459-2017,NA,QNCa,DN150,,个,,Kg,
SPE01456,90°长半径弯头,SCH30,FS,BW,Q235B(内外壁热浸镀锌),GB/T 13401-2017,GB/T 12459-2017,NA,QNCa,DN200,,个,,Kg,
SPE01457,90°长半径弯头,8.74mm,FS,BW,Q235B(内外壁热浸镀锌),GB/T 13401-2017,GB/T 12459-2017,NA,QNCa,DN250,,个,,Kg,
SPE01458,90°长半径弯头,9.53mm,FS,BW,Q235B(内外壁热浸镀锌),GB/T 13401-2017,GB/T 12459-2017,NA,QNCa,DN300,,个,,Kg,
SPE01459,90°长半径弯头,SCH30,FS,BW,Q235B(内外壁热浸镀锌),GB/T 13401-2017,GB/T 12459-2017,NA,QNCa,DN350,,个,,Kg,
SPE01460,90°长半径弯头,SCH30,FS,BW,Q235B(内外壁热浸镀锌),GB/T 13401-2017,GB/T 12459-2017,NA,QNCa,DN400,,个,,Kg,
SPE01461,90°长半径弯头,9.53mm,FS,BW,Q235B(内外壁热浸镀锌),GB/T 13401-2017,GB/T 12459-2017,NA,QNCa,DN450,,个,,Kg,
SPE01462,90°长半径弯头,SCH20,FS,BW,Q235B(内外壁热浸镀锌),GB/T 13401-2017,GB/T 12459-2017,NA,QNCa,DN500,,个,,Kg,
SPE01463,45°长半径弯头,SCH40,FS,BW,Q235B(内外壁热浸镀锌),GB/T 13401-2017,GB/T 12459-2017,NA,QNCa,DN80,,个,,Kg,
SPE01464,45°长半径弯头,SCH40,FS,BW,Q235B(内外壁热浸镀锌),GB/T 13401-2017,GB/T 12459-2017,NA,QNCa,DN100,,个,,Kg,
SPE01465,45°长半径弯头,SCH40,FS,BW,Q235B(内外壁热浸镀锌),GB/T 13401-2017,GB/T 12459-2017,NA,QNCa,DN150,,个,,Kg,
SPE01466,45°长半径弯头,SCH30,FS,BW,Q235B(内外壁热浸镀锌),GB/T 13401-2017,GB/T 12459-2017,NA,QNCa,DN200,,个,,Kg,
SPE01467,45°长半径弯头,8.74mm,FS,BW,Q235B(内外壁热浸镀锌),GB/T 13401-2017,GB/T 12459-2017,NA,QNCa,DN250,,个,,Kg,
SPE01468,45°长半径弯头,9.53mm,FS,BW,Q235B(内外壁热浸镀锌),GB/T 13401-2017,GB/T 12459-2017,NA,QNCa,DN300,,个,,Kg,
SPE01469,45°长半径弯头,SCH30,FS,BW,Q235B(内外壁热浸镀锌),GB/T 13401-2017,GB/T 12459-2017,NA,QNCa,DN350,,个,,Kg,
SPE01470,45°长半径弯头,SCH30,FS,BW,Q235B(内外壁热浸镀锌),GB/T 13401-2017,GB/T 12459-2017,NA,QNCa,DN400,,个,,Kg,
SPE01471,45°长半径弯头,9.53mm,FS,BW,Q235B(内外壁热浸镀锌),GB/T 13401-2017,GB/T 12459-2017,NA,QNCa,DN450,,个,,Kg,
SPE01472,45°长半径弯头,SCH20,FS,BW,Q235B(内外壁热浸镀锌),GB/T 13401-2017,GB/T 12459-2017,NA,QNCa,DN500,,个,,Kg,
SPE01475,90°短半径弯头,12.7mm,SS,BW,20,CP05T3025,ASME B16.9,NA,QNCa,24",Φ610,个,,Kg,
SPE01476,90°长半径弯头,25.4mm,SS,BW,P280GH,RCC-M M1152,ASME B16.9,NA,QA3,12",Φ323.8,个,,Kg,
SPE01477,30°长半径弯头,25.4mm,SS,BW,P280GH,RCC-M M1152,ASME B16.9,NA,QA3,12",Φ323.8,个,,Kg,
SPE01650,90°弯头,9.6mm,,SA,PVC-C,,GB/T 18993.3,NA,QNCa,DN50,Φ63,个,,Kg,
SPE01651,45°长半径弯头,SCH10S,SS,BW,022Cr25Ni7Mo4N,CP05T3089,ASME B16.9,RCC-M 3,QA2,1/2",Φ21.3,个,,Kg,
SPE01652,90°长半径弯头,SCH10S,SS,BW,022Cr25Ni7Mo4N,CP05T3089,ASME B16.9,RCC-M 3,QA2,3/4",Φ26.7,个,,Kg,
SPE01653,90°长半径弯头,SCH10S,SS,BW,022Cr25Ni7Mo4N,CP05T3089,ASME B16.9,RCC-M 3,QA2,1/2",Φ21.3,个,,Kg,
SPE01654,90°长半径弯头,SCH40,SS,BW,022Cr25Ni7Mo4N,CP05T3089,ASME B16.9,RCC-M 3,QA2,1",Φ33.4,个,,Kg,
SPE02394,90°弯头,7.9mm,,SA,PVC-C,,GB/T 18993.3,NA,QNCa,DN50,Φ63,个,,Kg,
SPE02395,90°弯头,2.6mm,,SA,PVC-C,,GB/T 18993.3,NA,QNCa,DN20,Φ20,个,,Kg,
SPE02621,30°长半径弯头,SCH140,SS,BW,026Cr18Ni12Mo2N,CP05T3017,ASME B16.9,RCC-M 1,QA1,14",Φ355.6,个,,Kg,
SPE02622,30°长半径弯头,SCH40S,SS,BW,022Cr19Ni10,CP05T3017,ASME B16.9,RCC-M 3,QA2,8",Φ219.1,个,,Kg,
SPE02623,60°长半径弯头,SCH40S,SS,BW,022Cr19Ni10,CP05T3017,ASME B16.9,RCC-M 3,QA2,8",Φ219.1,个,,Kg,
SPE02624,90°长半径弯头,SCH80S,SS,BW,022Cr19Ni10,CP05T3017,ASME B16.9,RCC-M 2,QA1,2",Φ60.3,个,,Kg,
SPE02692,90°长半径弯头,3.58mm,SS,BW,20,CP05T3025,ASME B16.9,NA,QA3,4",Φ114.3,个,,Kg,
SPE02693,90°弯头,CL3000,FO,SW,20,CP05T3025,ASME B16.11,NA,QA3,1-1/2",,个,,Kg,
SPE02694,90°长半径弯头,SCH30,SS,BW,022Cr25Ni7Mo4N,CP05T3089,ASME B16.9,RCC-M 3,QA2,2",Φ60.3,个,,Kg,
SPE02695,90°弯头,CL3000,FO,SW,022Cr25Ni7Mo4N,CP05T3091,ASME B16.11,RCC-M 3,QA2,1/2",Φ21.3,个,,Kg,
SPE02696,90°弯头,PN16(2.5mm),FO,FF,20(内衬聚四氟乙烯PTFE),GB/T 8163-2018,DL/T 935-2020,NA,QNC,DN25,Φ32,个,,Kg,适用于WES系统3/4寸衬塑管道及管件选型
SPE02697,90°弯头,PN16(4mm),FO,FF,20(内衬聚四氟乙烯PTFE),GB/T 8163-2018,DL/T 935-2020,NA,QNC,DN80,Φ89,个,,Kg,
SPE02698,45°弯头,PN16(2.5mm),FO,FF,20(内衬聚四氟乙烯PTFE),GB/T 8163-2018,DL/T 935-2020,NA,QNC,DN25,Φ32,个,,Kg,适用于WES系统3/4寸衬塑管道及管件选型
SPF00001,对接焊法兰,CL2500(SCH160),,RF/WN,022Cr19Ni10,CP05T3038,ASME B16.5(CP05T2002),RCC-M 1,QA1,1/2",,个,3.6,Kg,压力(壁厚)一栏括号内为接管壁厚
SPF00002,对接焊法兰,CL2500(SCH160),,RF/WN,022Cr19Ni10,CP05T3038,ASME B16.5(CP05T2002),RCC-M 1,QA1,3/4",,个,4,Kg,压力(壁厚)一栏括号内为接管壁厚
SPF00003,对接焊法兰,CL2500(SCH160),,RF/WN,022Cr19Ni10,CP05T3038,ASME B16.5(CP05T2002),RCC-M 1,QA1,1",,个,6,Kg,压力(壁厚)一栏括号内为接管壁厚
SPF00004,对接焊法兰,CL2500(SCH160),,RF/WN,022Cr19Ni10,CP05T3038,ASME B16.5(CP05T2002),RCC-M 1,QA1,1-1/4",,个,9,Kg,压力(壁厚)一栏括号内为接管壁厚
SPF00005,对接焊法兰,CL2500(SCH160),,RF/WN,022Cr19Ni10,CP05T3038,ASME B16.5(CP05T2002),RCC-M 1,QA1,1-1/2",,个,13,Kg,压力(壁厚)一栏括号内为接管壁厚
SPF00006,对接焊法兰,CL2500(SCH160),,RF/WN,022Cr19Ni10,CP05T3038,ASME B16.5(CP05T2002),RCC-M 1,QA1,2",,个,19,Kg,压力(壁厚)一栏括号内为接管壁厚
SPF00007,对接焊法兰,CL2500(SCH160),,RF/WN,022Cr19Ni10,CP05T3038,ASME B16.5(CP05T2002),RCC-M 1,QA1,2-1/2",,个,24,Kg,压力(壁厚)一栏括号内为接管壁厚
SPF00008,对接焊法兰,CL150(SCH10S),,RF/WN,022Cr19Ni10,CP05T3038,ASME B16.5(CP05T2002),RCC-M 2,QA1,2-1/2",,个,4,Kg,压力(壁厚)一栏括号内为接管壁厚
SPF00009,对接焊法兰,CL150(3.18mm),,RF/WN,P280GH,CP05T3052,ASME B16.5(CP05T2002),RCC-M 2,QA1,2-1/2",,个,4,Kg,压力(壁厚)一栏括号内为接管壁厚
SPF00010,对接焊法兰,CL300(SCH10S),,RF/WN,022Cr19Ni10,CP05T3038,ASME B16.5(CP05T2002),RCC-M 2,QA1,2-1/2",,个,5,Kg,压力(壁厚)一栏括号内为接管壁厚
SPF00011,对接焊法兰,CL300(SCH40),,RF/WN,P280GH,CP05T3052,ASME B16.5(CP05T2002),RCC-M 2,QA1,2-1/2",,个,5,Kg,压力(壁厚)一栏括号内为接管壁厚
SPF00012,对接焊法兰,CL600(SCH40S),,RF/WN,022Cr19Ni10,CP05T3038,ASME B16.5(CP05T2002),RCC-M 2,QA1,2-1/2",,个,8,Kg,压力(壁厚)一栏括号内为接管壁厚
SPF00013,对接焊法兰,CL600(SCH80),,RF/WN,P280GH,CP05T3052,ASME B16.5(CP05T2002),RCC-M 2,QA1,2-1/2",,个,8,Kg,压力(壁厚)一栏括号内为接管壁厚
SPF00014,对接焊法兰,CL900(SCH80S),,RF/WN,022Cr19Ni10,CP05T3038,ASME B16.5(CP05T2002),RCC-M 2,QA1,2-1/2",,个,15.8,Kg,压力(壁厚)一栏括号内为接管壁厚
SPF00015,对接焊法兰,CL900(SCH80),,RF/WN,P280GH,CP05T3052,ASME B16.5(CP05T2002),RCC-M 2,QA1,2-1/2",,个,15.8,Kg,压力(壁厚)一栏括号内为接管壁厚
SPF00016,对接焊法兰,CL1500(SCH160),,RF/WN,P280GH,CP05T3052,ASME B16.5(CP05T2002),RCC-M 2,QA1,2-1/2",,个,15.8,Kg,压力(壁厚)一栏括号内为接管壁厚
SPF00017,对接焊法兰,CL2500(SCH160),,RF/WN,022Cr19Ni10,CP05T3038,ASME B16.5(CP05T2002),RCC-M 2,QA1,2-1/2",,个,24,Kg,压力(壁厚)一栏括号内为接管壁厚
SPF00018,对接焊法兰,CL150(SCH10S),,RF/WN,022Cr19Ni10,CP05T3038,ASME B16.5(CP05T2002),RCC-M 3,QA2,2-1/2",,个,4,Kg,压力(壁厚)一栏括号内为接管壁厚
SPF00019,对接焊法兰,CL150(3.18mm),,RF/WN,P280GH,CP05T3052,ASME B16.5(CP05T2002),RCC-M 3,QA2,2-1/2",,个,4,Kg,压力(壁厚)一栏括号内为接管壁厚
SPF00020,对接焊法兰,CL150(3.18mm),,FF/WN,P280GH,CP05T3052,ASME B16.5(CP05T2002),RCC-M 3,QA2,2-1/2",,个,,Kg,压力(壁厚)一栏括号内为接管壁厚
SPF00021,对接焊法兰,CL300(SCH40),,RF/WN,P280GH,CP05T3052,ASME B16.5(CP05T2002),RCC-M 3,QA2,2-1/2",,个,5,Kg,压力(壁厚)一栏括号内为接管壁厚
SPF00022,对接焊法兰,CL600(SCH40S),,RF/WN,022Cr19Ni10,CP05T3038,ASME B16.5(CP05T2002),RCC-M 3,QA2,2-1/2",,个,8,Kg,压力(壁厚)一栏括号内为接管壁厚
SPF00023,对接焊法兰,CL150(3.18mm),,RF/WN,16Mn,CP05T3025,ASME B16.5(CP05T2002),NA,QNCa,2-1/2",,个,4,Kg,压力(壁厚)一栏括号内为接管壁厚
SPF00024,对接焊法兰,CL150(SCH10S),,RF/WN,S30403,CP05T3023,ASME B16.5(CP05T2002),NA,QNCa,2-1/2",,个,4,Kg,压力(壁厚)一栏括号内为接管壁厚
SPF00025,对接焊法兰,CL150(SCH10S),,RF/WN,S31603,CP05T3023,ASME B16.5(CP05T2002),NA,QNCa,2-1/2",,个,4,Kg,压力(壁厚)一栏括号内为接管壁厚
SPF00026,对接焊法兰,CL2500(SCH160),,RF/WN,022Cr19Ni10,CP05T3038,ASME B16.5(CP05T2002),RCC-M 1,QA1,3",,个,43,Kg,压力(壁厚)一栏括号内为接管壁厚
SPF00027,对接焊法兰,CL150(SCH10S),,RF/WN,022Cr19Ni10,CP05T3038,ASME B16.5(CP05T2002),RCC-M 2,QA1,3",,个,4.5,Kg,压力(壁厚)一栏括号内为接管壁厚
SPF00028,对接焊法兰,CL150(3.18mm),,RF/WN,P280GH,CP05T3052,ASME B16.5(CP05T2002),RCC-M 2,QA1,3",,个,4.5,Kg,压力(壁厚)一栏括号内为接管壁厚
SPF00029,对接焊法兰,CL300(SCH10S),,RF/WN,022Cr19Ni10,CP05T3038,ASME B16.5(CP05T2002),RCC-M 2,QA1,3",,个,7,Kg,压力(壁厚)一栏括号内为接管壁厚
SPF00030,对接焊法兰,CL300(SCH40),,RF/WN,P280GH,CP05T3052,ASME B16.5(CP05T2002),RCC-M 2,QA1,3",,个,7,Kg,压力(壁厚)一栏括号内为接管壁厚
SPF00031,对接焊法兰,CL600(SCH40S),,RF/WN,022Cr19Ni10,CP05T3038,ASME B16.5(CP05T2002),RCC-M 2,QA1,3",,个,10.5,Kg,压力(壁厚)一栏括号内为接管壁厚
SPF00032,对接焊法兰,CL600(SCH80),,RF/WN,P280GH,CP05T3052,ASME B16.5(CP05T2002),RCC-M 2,QA1,3",,个,10.5,Kg,压力(壁厚)一栏括号内为接管壁厚
SPF00033,对接焊法兰,CL900(SCH80S),,RF/WN,022Cr19Ni10,CP05T3038,ASME B16.5(CP05T2002),RCC-M 2,QA1,3",,个,14.5,Kg,压力(壁厚)一栏括号内为接管壁厚
SPF00034,对接焊法兰,CL900(SCH80),,RF/WN,P280GH,CP05T3052,ASME B16.5(CP05T2002),RCC-M 2,QA1,3",,个,14.5,Kg,压力(壁厚)一栏括号内为接管壁厚
SPF00035,对接焊法兰,CL1500(SCH160),,RF/WN,P280GH,CP05T3052,ASME B16.5(CP05T2002),RCC-M 2,QA1,3",,个,22,Kg,压力(壁厚)一栏括号内为接管壁厚
SPF00036,对接焊法兰,CL2500(SCH160),,RF/WN,022Cr19Ni10,CP05T3038,ASME B16.5(CP05T2002),RCC-M 2,QA1,3",,个,43,Kg,压力(壁厚)一栏括号内为接管壁厚
SPF00037,对接焊法兰,CL150(SCH10S),,RF/WN,022Cr19Ni10,CP05T3038,ASME B16.5(CP05T2002),RCC-M 3,QA2,3",,个,4.5,Kg,压力(壁厚)一栏括号内为接管壁厚
SPF00038,对接焊法兰,CL150(3.18mm),,RF/WN,P280GH,CP05T3052,ASME B16.5(CP05T2002),RCC-M 3,QA2,3",,个,4.5,Kg,压力(壁厚)一栏括号内为接管壁厚
SPF00039,对接焊法兰,CL150(3.18mm),,FF/WN,P280GH,CP05T3052,ASME B16.5(CP05T2002),RCC-M 3,QA2,3",,个,,Kg,压力(壁厚)一栏括号内为接管壁厚
SPF00040,对接焊法兰,CL300(SCH40),,RF/WN,P280GH,CP05T3052,ASME B16.5(CP05T2002),RCC-M 3,QA2,3",,个,7,Kg,压力(壁厚)一栏括号内为接管壁厚
SPF00041,对接焊法兰,CL600(SCH40S),,RF/WN,022Cr19Ni10,CP05T3038,ASME B16.5(CP05T2002),RCC-M 3,QA2,3",,个,10.5,Kg,压力(壁厚)一栏括号内为接管壁厚
SPF00042,对接焊法兰,CL150(3.18mm),,RF/WN,16Mn,CP05T3025,ASME B16.5(CP05T2002),NA,QNCa,3",,个,4.5,Kg,压力(壁厚)一栏括号内为接管壁厚
SPF00043,对接焊法兰,CL150(SCH10S),,RF/WN,S30403,CP05T3023,ASME B16.5(CP05T2002),NA,QNCa,3",,个,4.5,Kg,压力(壁厚)一栏括号内为接管壁厚
SPF00044,对接焊法兰,CL150(SCH10S),,RF/WN,S31603,CP05T3023,ASME B16.5(CP05T2002),NA,QNCa,3",,个,4.5,Kg,压力(壁厚)一栏括号内为接管壁厚
SPF00048,对接焊法兰,CL300(SCH10S),,RF/WN,022Cr19Ni10,CP05T3038,ASME B16.5(CP05T2002),RCC-M 2,QA1,3-1/2",,个,9.2,Kg,压力(壁厚)一栏括号内为接管壁厚
SPF00049,对接焊法兰,CL300(SCH40),,RF/WN,P280GH,CP05T3052,ASME B16.5(CP05T2002),RCC-M 2,QA1,3-1/2",,个,9.2,Kg,压力(壁厚)一栏括号内为接管壁厚
SPF00059,对接焊法兰,CL300(SCH40),,RF/WN,P280GH,CP05T3052,ASME B16.5(CP05T2002),RCC-M 3,QA2,3-1/2",,个,9.2,Kg,压力(壁厚)一栏括号内为接管壁厚
SPF00064,对接焊法兰,CL2500(SCH160),,RF/WN,022Cr19Ni10,CP05T3038,ASME B16.5(CP05T2002),RCC-M 1,QA1,4",,个,66,Kg,压力(壁厚)一栏括号内为接管壁厚
SPF00065,对接焊法兰,CL150(SCH10S),,RF/WN,022Cr19Ni10,CP05T3038,ASME B16.5(CP05T2002),RCC-M 2,QA1,4",,个,7,Kg,压力(壁厚)一栏括号内为接管壁厚
SPF00066,对接焊法兰,CL150(3.58mm),,RF/WN,P280GH,CP05T3052,ASME B16.5(CP05T2002),RCC-M 2,QA1,4",,个,7,Kg,压力(壁厚)一栏括号内为接管壁厚
SPF00067,对接焊法兰,CL300(SCH10S),,RF/WN,022Cr19Ni10,CP05T3038,ASME B16.5(CP05T2002),RCC-M 2,QA1,4",,个,11,Kg,压力(壁厚)一栏括号内为接管壁厚
SPF00068,对接焊法兰,CL300(SCH40),,RF/WN,P280GH,CP05T3052,ASME B16.5(CP05T2002),RCC-M 2,QA1,4",,个,11,Kg,压力(壁厚)一栏括号内为接管壁厚
SPF00069,对接焊法兰,CL600(SCH40S),,RF/WN,022Cr19Ni10,CP05T3038,ASME B16.5(CP05T2002),RCC-M 2,QA1,4",,个,19,Kg,压力(壁厚)一栏括号内为接管壁厚
SPF00070,对接焊法兰,CL600(SCH80),,RF/WN,P280GH,CP05T3052,ASME B16.5(CP05T2002),RCC-M 2,QA1,4",,个,19,Kg,压力(壁厚)一栏括号内为接管壁厚
SPF00071,对接焊法兰,CL900(SCH80S),,RF/WN,022Cr19Ni10,CP05T3038,ASME B16.5(CP05T2002),RCC-M 2,QA1,4",,个,23,Kg,压力(壁厚)一栏括号内为接管壁厚
SPF00072,对接焊法兰,CL900(SCH80),,RF/WN,P280GH,CP05T3052,ASME B16.5(CP05T2002),RCC-M 2,QA1,4",,个,23,Kg,压力(壁厚)一栏括号内为接管壁厚
SPF00073,对接焊法兰,CL1500(SCH160),,RF/WN,P280GH,CP05T3052,ASME B16.5(CP05T2002),RCC-M 2,QA1,4",,个,30,Kg,压力(壁厚)一栏括号内为接管壁厚
SPF00074,对接焊法兰,CL2500(SCH160),,RF/WN,022Cr19Ni10,CP05T3038,ASME B16.5(CP05T2002),RCC-M 2,QA1,4",,个,66,Kg,压力(壁厚)一栏括号内为接管壁厚
SPF00075,对接焊法兰,CL150(SCH10S),,RF/WN,022Cr19Ni10,CP05T3038,ASME B16.5(CP05T2002),RCC-M 3,QA2,4",,个,7,Kg,压力(壁厚)一栏括号内为接管壁厚
SPF00076,对接焊法兰,CL150(3.58mm),,RF/WN,P280GH,CP05T3052,ASME B16.5(CP05T2002),RCC-M 3,QA2,4",,个,7,Kg,压力(壁厚)一栏括号内为接管壁厚
SPF00077,对接焊法兰,CL150(3.58mm),,FF/WN,P280GH,CP05T3052,ASME B16.5(CP05T2002),RCC-M 3,QA2,4",,个,,Kg,压力(壁厚)一栏括号内为接管壁厚
SPF00078,对接焊法兰,CL300(SCH40),,RF/WN,P280GH,CP05T3052,ASME B16.5(CP05T2002),RCC-M 3,QA2,4",,个,11,Kg,压力(壁厚)一栏括号内为接管壁厚
SPF00079,对接焊法兰,CL600(SCH40S),,RF/WN,022Cr19Ni10,CP05T3038,ASME B16.5(CP05T2002),RCC-M 3,QA2,4",,个,19,Kg,压力(壁厚)一栏括号内为接管壁厚
SPF00080,对接焊法兰,CL150(3.58mm),,RF/WN,16Mn,CP05T3025,ASME B16.5(CP05T2002),NA,QNCa,4",,个,7,Kg,压力(壁厚)一栏括号内为接管壁厚
SPF00081,对接焊法兰,CL150(SCH10S),,RF/WN,S30403,CP05T3023,ASME B16.5(CP05T2002),NA,QNCa,4",,个,7,Kg,压力(壁厚)一栏括号内为接管壁厚
SPF00082,对接焊法兰,CL150(SCH10S),,RF/WN,S31603,CP05T3023,ASME B16.5(CP05T2002),NA,QNCa,4",,个,7,Kg,压力(壁厚)一栏括号内为接管壁厚
SPF00083,对接焊法兰,CL2500(SCH160),,RF/WN,022Cr19Ni10,CP05T3038,ASME B16.5(CP05T2002),RCC-M 1,QA1,5",,个,111,Kg,压力(壁厚)一栏括号内为接管壁厚
SPF00084,对接焊法兰,CL150(SCH10S),,RF/WN,022Cr19Ni10,CP05T3038,ASME B16.5(CP05T2002),RCC-M 2,QA1,5",,个,8.6,Kg,压力(壁厚)一栏括号内为接管壁厚
SPF00086,对接焊法兰,CL300(SCH10S),,RF/WN,022Cr19Ni10,CP05T3038,ASME B16.5(CP05T2002),RCC-M 2,QA1,5",,个,14,Kg,压力(壁厚)一栏括号内为接管壁厚
SPF00087,对接焊法兰,CL300(SCH40),,RF/WN,P280GH,CP05T3052,ASME B16.5(CP05T2002),RCC-M 2,QA1,5",,个,14,Kg,压力(壁厚)一栏括号内为接管壁厚
SPF00088,对接焊法兰,CL600(SCH40S),,RF/WN,022Cr19Ni10,CP05T3038,ASME B16.5(CP05T2002),RCC-M 2,QA1,5",,个,31,Kg,压力(壁厚)一栏括号内为接管壁厚
SPF00089,对接焊法兰,CL600(SCH80),,RF/WN,P280GH,CP05T3052,ASME B16.5(CP05T2002),RCC-M 2,QA1,5",,个,31,Kg,压力(壁厚)一栏括号内为接管壁厚
SPF00090,对接焊法兰,CL900(SCH80S),,RF/WN,022Cr19Ni10,CP05T3038,ASME B16.5(CP05T2002),RCC-M 2,QA1,5",,个,37,Kg,压力(壁厚)一栏括号内为接管壁厚
SPF00092,对接焊法兰,CL1500(SCH160),,RF/WN,P280GH,CP05T3052,ASME B16.5(CP05T2002),RCC-M 2,QA1,5",,个,58,Kg,压力(壁厚)一栏括号内为接管壁厚
SPF00093,对接焊法兰,CL2500(SCH160),,RF/WN,022Cr19Ni10,CP05T3038,ASME B16.5(CP05T2002),RCC-M 2,QA1,5",,个,111,Kg,压力(壁厚)一栏括号内为接管壁厚
SPF00094,对接焊法兰,CL150(SCH10S),,RF/WN,022Cr19Ni10,CP05T3038,ASME B16.5(CP05T2002),RCC-M 3,QA2,5",,个,8.6,Kg,压力(壁厚)一栏括号内为接管壁厚
SPF00097,对接焊法兰,CL300(SCH40),,RF/WN,P280GH,CP05T3052,ASME B16.5(CP05T2002),RCC-M 3,QA2,5",,个,14,Kg,压力(壁厚)一栏括号内为接管壁厚
SPF00098,对接焊法兰,CL600(SCH40S),,RF/WN,022Cr19Ni10,CP05T3038,ASME B16.5(CP05T2002),RCC-M 3,QA2,5",,个,31,Kg,压力(壁厚)一栏括号内为接管壁厚
SPF00099,对接焊法兰,CL150(3.96mm),,RF/WN,16Mn,CP05T3025,ASME B16.5(CP05T2002),NA,QNCa,5",,个,8.6,Kg,压力(壁厚)一栏括号内为接管壁厚
SPF00100,对接焊法兰,CL150(SCH10S),,RF/WN,S30403,CP05T3023,ASME B16.5(CP05T2002),NA,QNCa,5",,个,8.6,Kg,压力(壁厚)一栏括号内为接管壁厚
SPF00101,对接焊法兰,CL150(SCH10S),,RF/WN,S31603,CP05T3023,ASME B16.5(CP05T2002),NA,QNCa,5",,个,8.6,Kg,压力(壁厚)一栏括号内为接管壁厚
SPF00102,对接焊法兰,CL2500(SCH160),,RF/WN,022Cr19Ni10,CP05T3038,ASME B16.5(CP05T2002),RCC-M 1,QA1,6",,个,172,Kg,压力(壁厚)一栏括号内为接管壁厚
SPF00103,对接焊法兰,CL150(SCH10S),,RF/WN,022Cr19Ni10,CP05T3038,ASME B16.5(CP05T2002),RCC-M 2,QA1,6",,个,10.8,Kg,压力(壁厚)一栏括号内为接管壁厚
SPF00104,对接焊法兰,CL150(4.37mm),,RF/WN,P280GH,CP05T3052,ASME B16.5(CP05T2002),RCC-M 2,QA1,6",,个,10.8,Kg,压力(壁厚)一栏括号内为接管壁厚
SPF00105,对接焊法兰,CL300(SCH10S),,RF/WN,022Cr19Ni10,CP05T3038,ASME B16.5(CP05T2002),RCC-M 2,QA1,6",,个,19,Kg,压力(壁厚)一栏括号内为接管壁厚
SPF00106,对接焊法兰,CL300(SCH40),,RF/WN,P280GH,CP05T3052,ASME B16.5(CP05T2002),RCC-M 2,QA1,6",,个,19,Kg,压力(壁厚)一栏括号内为接管壁厚
SPF00107,对接焊法兰,CL600(SCH40S),,RF/WN,022Cr19Ni10,CP05T3038,ASME B16.5(CP05T2002),RCC-M 2,QA1,6",,个,37,Kg,压力(壁厚)一栏括号内为接管壁厚
SPF00108,对接焊法兰,CL600(SCH80),,RF/WN,P280GH,CP05T3052,ASME B16.5(CP05T2002),RCC-M 2,QA1,6",,个,37,Kg,压力(壁厚)一栏括号内为接管壁厚
SPF00109,对接焊法兰,CL900(SCH80S),,RF/WN,022Cr19Ni10,CP05T3038,ASME B16.5(CP05T2002),RCC-M 2,QA1,6",,个,50,Kg,压力(壁厚)一栏括号内为接管壁厚
SPF00110,对接焊法兰,CL900(SCH120),,RF/WN,P280GH,CP05T3052,ASME B16.5(CP05T2002),RCC-M 2,QA1,6",,个,50,Kg,压力(壁厚)一栏括号内为接管壁厚
SPF00111,对接焊法兰,CL1500(SCH160),,RF/WN,P280GH,CP05T3052,ASME B16.5(CP05T2002),RCC-M 2,QA1,6",,个,70,Kg,压力(壁厚)一栏括号内为接管壁厚
SPF00112,对接焊法兰,CL2500(SCH160),,RF/WN,022Cr19Ni10,CP05T3038,ASME B16.5(CP05T2002),RCC-M 2,QA1,6",,个,172,Kg,压力(壁厚)一栏括号内为接管壁厚
SPF00113,对接焊法兰,CL150(SCH10S),,RF/WN,022Cr19Ni10,CP05T3038,ASME B16.5(CP05T2002),RCC-M 3,QA2,6",,个,10.8,Kg,压力(壁厚)一栏括号内为接管壁厚
SPF00114,对接焊法兰,CL150(4.37mm),,RF/WN,P280GH,CP05T3052,ASME B16.5(CP05T2002),RCC-M 3,QA2,6",,个,10.8,Kg,压力(壁厚)一栏括号内为接管壁厚
SPF00115,对接焊法兰,CL150(4.37mm),,FF/WN,P280GH,CP05T3052,ASME B16.5(CP05T2002),RCC-M 3,QA2,6",,个,,Kg,压力(壁厚)一栏括号内为接管壁厚
SPF00116,对接焊法兰,CL300(SCH40),,RF/WN,P280GH,CP05T3052,ASME B16.5(CP05T2002),RCC-M 3,QA2,6",,个,19,Kg,压力(壁厚)一栏括号内为接管壁厚
SPF00117,对接焊法兰,CL600(SCH40S),,RF/WN,022Cr19Ni10,CP05T3038,ASME B16.5(CP05T2002),RCC-M 3,QA2,6",,个,37,Kg,压力(壁厚)一栏括号内为接管壁厚
SPF00118,对接焊法兰,CL150(4.37mm),,RF/WN,16Mn,CP05T3025,ASME B16.5(CP05T2002),NA,QNCa,6",,个,10.8,Kg,压力(壁厚)一栏括号内为接管壁厚
SPF00119,对接焊法兰,CL150(SCH10S),,RF/WN,S30403,CP05T3023,ASME B16.5(CP05T2002),NA,QNCa,6",,个,10.8,Kg,压力(壁厚)一栏括号内为接管壁厚
SPF00120,对接焊法兰,CL150(SCH10S),,RF/WN,S31603,CP05T3023,ASME B16.5(CP05T2002),NA,QNCa,6",,个,10.8,Kg,压力(壁厚)一栏括号内为接管壁厚
SPF00121,对接焊法兰,CL2500(SCH160),,RF/WN,022Cr19Ni10,CP05T3038,ASME B16.5(CP05T2002),RCC-M 1,QA1,8",,个,261,Kg,压力(壁厚)一栏括号内为接管壁厚
SPF00122,对接焊法兰,CL150(SCH10S),,RF/WN,022Cr19Ni10,CP05T3038,ASME B16.5(CP05T2002),RCC-M 2,QA1,8",,个,18,Kg,压力(壁厚)一栏括号内为接管壁厚
SPF00123,对接焊法兰,CL150(SCH20),,RF/WN,P280GH,CP05T3052,ASME B16.5(CP05T2002),RCC-M 2,QA1,8",,个,18,Kg,压力(壁厚)一栏括号内为接管壁厚
SPF00124,对接焊法兰,CL300(SCH10S),,RF/WN,022Cr19Ni10,CP05T3038,ASME B16.5(CP05T2002),RCC-M 2,QA1,8",,个,30,Kg,压力(壁厚)一栏括号内为接管壁厚
SPF00125,对接焊法兰,CL300(SCH40),,RF/WN,P280GH,CP05T3052,ASME B16.5(CP05T2002),RCC-M 2,QA1,8",,个,30,Kg,压力(壁厚)一栏括号内为接管壁厚
SPF00126,对接焊法兰,CL600(SCH40S),,RF/WN,022Cr19Ni10,CP05T3038,ASME B16.5(CP05T2002),RCC-M 2,QA1,8",,个,53,Kg,压力(壁厚)一栏括号内为接管壁厚
SPF00127,对接焊法兰,CL600(SCH80),,RF/WN,P280GH,CP05T3052,ASME B16.5(CP05T2002),RCC-M 2,QA1,8",,个,53,Kg,压力(壁厚)一栏括号内为接管壁厚
SPF00128,对接焊法兰,CL900(SCH80S),,RF/WN,022Cr19Ni10,CP05T3038,ASME B16.5(CP05T2002),RCC-M 2,QA1,8",,个,85,Kg,压力(壁厚)一栏括号内为接管壁厚
SPF00129,对接焊法兰,CL900(SCH120),,RF/WN,P280GH,CP05T3052,ASME B16.5(CP05T2002),RCC-M 2,QA1,8",,个,85,Kg,压力(壁厚)一栏括号内为接管壁厚
SPF00130,对接焊法兰,CL1500(SCH160),,RF/WN,P280GH,CP05T3052,ASME B16.5(CP05T2002),RCC-M 2,QA1,8",,个,119,Kg,压力(壁厚)一栏括号内为接管壁厚
SPF00131,对接焊法兰,CL2500(SCH160),,RF/WN,022Cr19Ni10,CP05T3038,ASME B16.5(CP05T2002),RCC-M 2,QA1,8",,个,261,Kg,压力(壁厚)一栏括号内为接管壁厚
SPF00132,对接焊法兰,CL150(SCH10S),,RF/WN,022Cr19Ni10,CP05T3038,ASME B16.5(CP05T2002),RCC-M 3,QA2,8",,个,18,Kg,压力(壁厚)一栏括号内为接管壁厚
SPF00133,对接焊法兰,CL150(SCH20),,RF/WN,P280GH,CP05T3052,ASME B16.5(CP05T2002),RCC-M 3,QA2,8",,个,18,Kg,压力(壁厚)一栏括号内为接管壁厚
SPF00134,对接焊法兰,CL150(SCH20),,FF/WN,P280GH,CP05T3052,ASME B16.5(CP05T2002),RCC-M 3,QA2,8",,个,,Kg,压力(壁厚)一栏括号内为接管壁厚
SPF00135,对接焊法兰,CL300(SCH40),,RF/WN,P280GH,CP05T3052,ASME B16.5(CP05T2002),RCC-M 3,QA2,8",,个,30,Kg,压力(壁厚)一栏括号内为接管壁厚
SPF00136,对接焊法兰,CL600(SCH40S),,RF/WN,022Cr19Ni10,CP05T3038,ASME B16.5(CP05T2002),RCC-M 3,QA2,8",,个,53,Kg,压力(壁厚)一栏括号内为接管壁厚
SPF00137,对接焊法兰,CL150(SCH20),,RF/WN,16Mn,CP05T3025,ASME B16.5(CP05T2002),NA,QNCa,8",,个,18,Kg,压力(壁厚)一栏括号内为接管壁厚
SPF00138,对接焊法兰,CL150(SCH10S),,RF/WN,S30403,CP05T3023,ASME B16.5(CP05T2002),NA,QNCa,8",,个,18,Kg,压力(壁厚)一栏括号内为接管壁厚
SPF00139,对接焊法兰,CL150(SCH10S),,RF/WN,S31603,CP05T3023,ASME B16.5(CP05T2002),NA,QNCa,8",,个,18,Kg,压力(壁厚)一栏括号内为接管壁厚
SPF00140,对接焊法兰,CL2500(SCH140),,RF/WN,022Cr19Ni10,CP05T3038,ASME B16.5(CP05T2002),RCC-M 1,QA1,10",,个,485,Kg,压力(壁厚)一栏括号内为接管壁厚
SPF00141,对接焊法兰,CL150(SCH10S),,RF/WN,022Cr19Ni10,CP05T3038,ASME B16.5(CP05T2002),RCC-M 2,QA1,10",,个,24,Kg,压力(壁厚)一栏括号内为接管壁厚
SPF00142,对接焊法兰,CL150(SCH20),,RF/WN,P280GH,CP05T3052,ASME B16.5(CP05T2002),RCC-M 2,QA1,10",,个,24,Kg,压力(壁厚)一栏括号内为接管壁厚
SPF00143,对接焊法兰,CL300(SCH10S),,RF/WN,022Cr19Ni10,CP05T3038,ASME B16.5(CP05T2002),RCC-M 2,QA1,10",,个,41,Kg,压力(壁厚)一栏括号内为接管壁厚
SPF00144,对接焊法兰,CL300(SCH40),,RF/WN,P280GH,CP05T3052,ASME B16.5(CP05T2002),RCC-M 2,QA1,10",,个,41,Kg,压力(壁厚)一栏括号内为接管壁厚
SPF00145,对接焊法兰,CL600(SCH80S),,RF/WN,022Cr19Ni10,CP05T3038,ASME B16.5(CP05T2002),RCC-M 2,QA1,10",,个,86,Kg,压力(壁厚)一栏括号内为接管壁厚
SPF00146,对接焊法兰,CL600(SCH80),,RF/WN,P280GH,CP05T3052,ASME B16.5(CP05T2002),RCC-M 2,QA1,10",,个,86,Kg,压力(壁厚)一栏括号内为接管壁厚
SPF00147,对接焊法兰,CL900(SCH80S),,RF/WN,022Cr19Ni10,CP05T3038,ASME B16.5(CP05T2002),RCC-M 2,QA1,10",,个,118,Kg,压力(壁厚)一栏括号内为接管壁厚
SPF00148,对接焊法兰,CL900(SCH60),,RF/WN,P280GH,CP05T3052,ASME B16.5(CP05T2002),RCC-M 2,QA1,10",,个,118,Kg,压力(壁厚)一栏括号内为接管壁厚
SPF00149,对接焊法兰,CL1500(SCH160),,RF/WN,P280GH,CP05T3052,ASME B16.5(CP05T2002),RCC-M 2,QA1,10",,个,204,Kg,压力(壁厚)一栏括号内为接管壁厚
SPF00150,对接焊法兰,CL2500(SCH140),,RF/WN,022Cr19Ni10,CP05T3038,ASME B16.5(CP05T2002),RCC-M 2,QA1,10",,个,485,Kg,压力(壁厚)一栏括号内为接管壁厚
SPF00151,对接焊法兰,CL150(SCH10S),,RF/WN,022Cr19Ni10,CP05T3038,ASME B16.5(CP05T2002),RCC-M 3,QA2,10",,个,24,Kg,压力(壁厚)一栏括号内为接管壁厚
SPF00152,对接焊法兰,CL150(SCH20),,RF/WN,P280GH,CP05T3052,ASME B16.5(CP05T2002),RCC-M 3,QA2,10",,个,24,Kg,压力(壁厚)一栏括号内为接管壁厚
SPF00153,对接焊法兰,CL150(SCH20),,FF/WN,P280GH,CP05T3052,ASME B16.5(CP05T2002),RCC-M 3,QA2,10",,个,,Kg,压力(壁厚)一栏括号内为接管壁厚
SPF00154,对接焊法兰,CL300(SCH10S),,RF/WN,022Cr19Ni10,CP05T3038,ASME B16.5(CP05T2002),RCC-M 3,QA2,10",,个,41,Kg,压力(壁厚)一栏括号内为接管壁厚
SPF00155,对接焊法兰,CL300(SCH40),,RF/WN,P280GH,CP05T3052,ASME B16.5(CP05T2002),RCC-M 3,QA2,10",,个,41,Kg,压力(壁厚)一栏括号内为接管壁厚
SPF00156,对接焊法兰,CL600(SCH80S),,RF/WN,022Cr19Ni10,CP05T3038,ASME B16.5(CP05T2002),RCC-M 3,QA2,10",,个,86,Kg,压力(壁厚)一栏括号内为接管壁厚
SPF00157,对接焊法兰,CL150(SCH20),,RF/WN,16Mn,CP05T3025,ASME B16.5(CP05T2002),NA,QNCa,10",,个,24,Kg,压力(壁厚)一栏括号内为接管壁厚
SPF00158,对接焊法兰,CL150(SCH10S),,RF/WN,S30403,CP05T3023,ASME B16.5(CP05T2002),NA,QNCa,10",,个,24,Kg,压力(壁厚)一栏括号内为接管壁厚
SPF00159,对接焊法兰,CL150(SCH10S),,RF/WN,S31603,CP05T3023,ASME B16.5(CP05T2002),NA,QNCa,10",,个,24,Kg,压力(壁厚)一栏括号内为接管壁厚
SPF00160,对接焊法兰,CL2500(SCH140),,RF/WN,022Cr19Ni10,CP05T3038,ASME B16.5(CP05T2002),RCC-M 1,QA1,12",,个,730,Kg,压力(壁厚)一栏括号内为接管壁厚
SPF00161,对接焊法兰,CL150(SCH10S),,RF/WN,022Cr19Ni10,CP05T3038,ASME B16.5(CP05T2002),RCC-M 2,QA1,12",,个,37,Kg,压力(壁厚)一栏括号内为接管壁厚
SPF00162,对接焊法兰,CL150(7.14mm),,RF/WN,P280GH,CP05T3052,ASME B16.5(CP05T2002),RCC-M 2,QA1,12",,个,37,Kg,压力(壁厚)一栏括号内为接管壁厚
SPF00163,对接焊法兰,CL300(SCH10S),,RF/WN,022Cr19Ni10,CP05T3038,ASME B16.5(CP05T2002),RCC-M 2,QA1,12",,个,62,Kg,压力(壁厚)一栏括号内为接管壁厚
SPF00164,对接焊法兰,CL300(SCH40),,RF/WN,P280GH,CP05T3052,ASME B16.5(CP05T2002),RCC-M 2,QA1,12",,个,62,Kg,压力(壁厚)一栏括号内为接管壁厚
SPF00165,对接焊法兰,CL600(SCH80S),,RF/WN,022Cr19Ni10,CP05T3038,ASME B16.5(CP05T2002),RCC-M 2,QA1,12",,个,102,Kg,压力(壁厚)一栏括号内为接管壁厚
SPF00166,对接焊法兰,CL600(SCH80),,RF/WN,P280GH,CP05T3052,ASME B16.5(CP05T2002),RCC-M 2,QA1,12",,个,102,Kg,压力(壁厚)一栏括号内为接管壁厚
SPF00167,对接焊法兰,CL900(SCH80S),,RF/WN,022Cr19Ni10,CP05T3038,ASME B16.5(CP05T2002),RCC-M 2,QA1,12",,个,163,Kg,压力(壁厚)一栏括号内为接管壁厚
SPF00168,对接焊法兰,CL1500(SCH160),,RF/WN,P280GH,CP05T3052,ASME B16.5(CP05T2002),RCC-M 2,QA1,12",,个,303,Kg,压力(壁厚)一栏括号内为接管壁厚
SPF00169,对接焊法兰,CL2500(SCH140),,RF/WN,022Cr19Ni10,CP05T3038,ASME B16.5(CP05T2002),RCC-M 2,QA1,12",,个,730,Kg,压力(壁厚)一栏括号内为接管壁厚
SPF00170,对接焊法兰,CL150(SCH10S),,RF/WN,022Cr19Ni10,CP05T3038,ASME B16.5(CP05T2002),RCC-M 3,QA2,12",,个,37,Kg,压力(壁厚)一栏括号内为接管壁厚
SPF00171,对接焊法兰,CL150(7.14mm),,RF/WN,P280GH,CP05T3052,ASME B16.5(CP05T2002),RCC-M 3,QA2,12",,个,37,Kg,压力(壁厚)一栏括号内为接管壁厚
SPF00172,对接焊法兰,CL150(7.14mm),,FF/WN,P280GH,CP05T3052,ASME B16.5(CP05T2002),RCC-M 3,QA2,12",,个,,Kg,压力(壁厚)一栏括号内为接管壁厚
SPF00173,对接焊法兰,CL300(SCH40),,RF/WN,P280GH,CP05T3052,ASME B16.5(CP05T2002),RCC-M 3,QA2,12",,个,62,Kg,压力(壁厚)一栏括号内为接管壁厚
SPF00174,对接焊法兰,CL600(SCH80S),,RF/WN,022Cr19Ni10,CP05T3038,ASME B16.5(CP05T2002),RCC-M 3,QA2,12",,个,102,Kg,压力(壁厚)一栏括号内为接管壁厚
SPF00175,对接焊法兰,CL150(7.14mm),,RF/WN,16Mn,CP05T3025,ASME B16.5(CP05T2002),NA,QNCa,12",,个,37,Kg,压力(壁厚)一栏括号内为接管壁厚
SPF00176,对接焊法兰,CL150(SCH10S),,RF/WN,S30403,CP05T3023,ASME B16.5(CP05T2002),NA,QNCa,12",,个,37,Kg,压力(壁厚)一栏括号内为接管壁厚
SPF00177,对接焊法兰,CL150(SCH10S),,RF/WN,S31603,CP05T3023,ASME B16.5(CP05T2002),NA,QNCa,12",,个,37,Kg,压力(壁厚)一栏括号内为接管壁厚
SPF00179,对接焊法兰,CL150(SCH10S),,RF/WN,022Cr19Ni10,CP05T3038,ASME B16.5(CP05T2002),RCC-M 2,QA1,14",,个,47,Kg,压力(壁厚)一栏括号内为接管壁厚
SPF00180,对接焊法兰,CL150(SCH20),,RF/WN,P280GH,CP05T3052,ASME B16.5(CP05T2002),RCC-M 2,QA1,14",,个,47,Kg,压力(壁厚)一栏括号内为接管壁厚
SPF00181,对接焊法兰,CL300(SCH10S),,RF/WN,022Cr19Ni10,CP05T3038,ASME B16.5(CP05T2002),RCC-M 2,QA1,14",,个,84,Kg,压力(壁厚)一栏括号内为接管壁厚
SPF00182,对接焊法兰,CL300(SCH40),,RF/WN,P280GH,CP05T3052,ASME B16.5(CP05T2002),RCC-M 2,QA1,14",,个,84,Kg,压力(壁厚)一栏括号内为接管壁厚
SPF00183,对接焊法兰,CL600(SCH60),,RF/WN,022Cr19Ni10,CP05T3038,ASME B16.5(CP05T2002),RCC-M 2,QA1,14",,个,150,Kg,压力(壁厚)一栏括号内为接管壁厚
SPF00184,对接焊法兰,CL600(SCH80),,RF/WN,P280GH,CP05T3052,ASME B16.5(CP05T2002),RCC-M 2,QA1,14",,个,150,Kg,压力(壁厚)一栏括号内为接管壁厚
SPF00185,对接焊法兰,CL900(SCH80S),,RF/WN,022Cr19Ni10,CP05T3038,ASME B16.5(CP05T2002),RCC-M 2,QA1,14",,个,186,Kg,压力(壁厚)一栏括号内为接管壁厚
SPF00186,对接焊法兰,CL1500(SCH160),,RF/WN,P280GH,CP05T3052,ASME B16.5(CP05T2002),RCC-M 2,QA1,14",,个,426,Kg,压力(壁厚)一栏括号内为接管壁厚
SPF00188,对接焊法兰,CL150(SCH20),,RF/WN,P280GH,CP05T3052,ASME B16.5(CP05T2002),RCC-M 3,QA2,14",,个,47,Kg,压力(壁厚)一栏括号内为接管壁厚
SPF00189,对接焊法兰,CL150(SCH20),,FF/WN,P280GH,CP05T3052,ASME B16.5(CP05T2002),RCC-M 3,QA2,14",,个,,Kg,压力(壁厚)一栏括号内为接管壁厚
SPF00190,对接焊法兰,CL300(SCH40),,RF/WN,P280GH,CP05T3052,ASME B16.5(CP05T2002),RCC-M 3,QA2,14",,个,84,Kg,压力(壁厚)一栏括号内为接管壁厚
SPF00191,对接焊法兰,CL600(SCH60),,RF/WN,022Cr19Ni10,CP05T3038,ASME B16.5(CP05T2002),RCC-M 3,QA2,14",,个,150,Kg,压力(壁厚)一栏括号内为接管壁厚
SPF00192,对接焊法兰,CL150(SCH20),,RF/WN,16Mn,CP05T3025,ASME B16.5(CP05T2002),NA,QNCa,14",,个,47,Kg,压力(壁厚)一栏括号内为接管壁厚
SPF00193,对接焊法兰,CL150(SCH10S),,RF/WN,S30403,CP05T3023,ASME B16.5(CP05T2002),NA,QNCa,14",,个,47,Kg,压力(壁厚)一栏括号内为接管壁厚
SPF00194,对接焊法兰,CL150(SCH10S),,RF/WN,S31603,CP05T3023,ASME B16.5(CP05T2002),NA,QNCa,14",,个,47,Kg,压力(壁厚)一栏括号内为接管壁厚
SPF00196,对接焊法兰,CL150(SCH40S),,RF/WN,022Cr19Ni10,CP05T3038,ASME B16.5(CP05T2002),RCC-M 2,QA1,16",,个,58,Kg,压力(壁厚)一栏括号内为接管壁厚
SPF00197,对接焊法兰,CL150(8.74mm),,RF/WN,P280GH,CP05T3052,ASME B16.5(CP05T2002),RCC-M 2,QA1,16",,个,58,Kg,压力(壁厚)一栏括号内为接管壁厚
SPF00198,对接焊法兰,CL300(SCH10S),,RF/WN,022Cr19Ni10,CP05T3038,ASME B16.5(CP05T2002),RCC-M 2,QA1,16",,个,111,Kg,压力(壁厚)一栏括号内为接管壁厚
SPF00199,对接焊法兰,CL300(SCH40),,RF/WN,P280GH,CP05T3052,ASME B16.5(CP05T2002),RCC-M 2,QA1,16",,个,111,Kg,压力(壁厚)一栏括号内为接管壁厚
SPF00200,对接焊法兰,CL600(SCH60),,RF/WN,022Cr19Ni10,CP05T3038,ASME B16.5(CP05T2002),RCC-M 2,QA1,16",,个,190,Kg,压力(壁厚)一栏括号内为接管壁厚
SPF00201,对接焊法兰,CL600(SCH80),,RF/WN,P280GH,CP05T3052,ASME B16.5(CP05T2002),RCC-M 2,QA1,16",,个,190,Kg,压力(壁厚)一栏括号内为接管壁厚
SPF00202,对接焊法兰,CL900(SCH80S),,RF/WN,022Cr19Ni10,CP05T3038,ASME B16.5(CP05T2002),RCC-M 2,QA1,16",,个,224,Kg,压力(壁厚)一栏括号内为接管壁厚
SPF00203,对接焊法兰,CL1500(SCH160),,RF/WN,P280GH,CP05T3052,ASME B16.5(CP05T2002),RCC-M 2,QA1,16",,个,567,Kg,压力(壁厚)一栏括号内为接管壁厚
SPF00205,对接焊法兰,CL150(9.8mm),,RF/WN,P280GH,CP05T3052,ASME B16.5(CP05T2002),RCC-M 3,QA2,16",,个,58,Kg,压力(壁厚)一栏括号内为接管壁厚
SPF00206,对接焊法兰,CL150(9.8mm),,FF/WN,P280GH,CP05T3052,ASME B16.5(CP05T2002),RCC-M 3,QA2,16",,个,,Kg,压力(壁厚)一栏括号内为接管壁厚
SPF00207,对接焊法兰,CL300(SCH40),,RF/WN,P280GH,CP05T3052,ASME B16.5(CP05T2002),RCC-M 3,QA2,16",,个,111,Kg,压力(壁厚)一栏括号内为接管壁厚
SPF00208,对接焊法兰,CL600(SCH60),,RF/WN,022Cr19Ni10,CP05T3038,ASME B16.5(CP05T2002),RCC-M 3,QA2,16",,个,190,Kg,压力(壁厚)一栏括号内为接管壁厚
SPF00209,对接焊法兰,CL150(SCH20),,RF/WN,16Mn,CP05T3025,ASME B16.5(CP05T2002),NA,QNCa,16",,个,58,Kg,压力(壁厚)一栏括号内为接管壁厚
SPF00210,对接焊法兰,CL150(SCH10S),,RF/WN,S30403,CP05T3023,ASME B16.5(CP05T2002),NA,QNCa,16",,个,58,Kg,压力(壁厚)一栏括号内为接管壁厚
SPF00211,对接焊法兰,CL150(SCH10S),,RF/WN,S31603,CP05T3023,ASME B16.5(CP05T2002),NA,QNCa,16",,个,58,Kg,压力(壁厚)一栏括号内为接管壁厚
SPF00213,对接焊法兰,CL300(SCH20),,RF/WN,022Cr19Ni10,CP05T3038,ASME B16.5(CP05T2002),RCC-M 2,QA1,18",,个,138,Kg,压力(壁厚)一栏括号内为接管壁厚
SPF00215,对接焊法兰,CL150(SCH10),,RF/WN,P280GH,CP05T3052,ASME B16.5(CP05T2002),RCC-M 3,QA2,18",,个,64,Kg,压力(壁厚)一栏括号内为接管壁厚
SPF00219,对接焊法兰,CL150(SCH10),,RF/WN,P280GH,CP05T3052,ASME B16.5(CP05T2002),RCC-M 3,QA2,20",,个,77,Kg,压力(壁厚)一栏括号内为接管壁厚
SPF00221,对接焊法兰,CL150(SCH20),,RF/WN,P280GH,CP05T3052,ASME B16.5(CP05T2002),NA,QNCa,20",,个,77,Kg,压力(壁厚)一栏括号内为接管壁厚
SPF00229,对接焊法兰,CL150(SCH10),,RF/WN,P280GH,CP05T3052,ASME B16.5(CP05T2002),RCC-M 3,QA2,24",,个,118,Kg,压力(壁厚)一栏括号内为接管壁厚
SPF00231,对接焊法兰,CL150(SCH10),,RF/WN,P280GH,CP05T3052,BS 3293(CP05T2002),RCC-M 3,QA2,26",,个,136,Kg,压力(壁厚)一栏括号内为接管壁厚
SPF00232,对接焊法兰,CL150(SCH10),,RF/WN,P280GH,CP05T3052,BS 3293(CP05T2002),RCC-M 3,QA2,28",,个,143,Kg,压力(壁厚)一栏括号内为接管壁厚
SPF00233,对接焊法兰,CL150(SCH10),,FF/WN,P280GH,CP05T3052,BS 3293(CP05T2002),RCC-M 3,QA2,28",,个,,Kg,压力(壁厚)一栏括号内为接管壁厚
SPF00234,对接焊法兰,CL150(SCH10),,RF/WN,P280GH,CP05T3052,BS 3293(CP05T2002),RCC-M 3,QA2,30",,个,163,Kg,压力(壁厚)一栏括号内为接管壁厚
SPF00235,对接焊法兰,CL150(SCH10),,FF/WN,P280GH,CP05T3052,BS 3293(CP05T2002),RCC-M 3,QA2,30",,个,,Kg,压力(壁厚)一栏括号内为接管壁厚
SPF00236,对接焊法兰,CL150(9.52mm),,RF/WN,P280GH,CP05T3052,BS 3293(CP05T2002),RCC-M 3,QA2,32",,个,197,Kg,压力(壁厚)一栏括号内为接管壁厚
SPF00237,对接焊法兰,CL150(9.52mm),,FF/WN,P280GH,CP05T3052,BS 3293(CP05T2002),RCC-M 3,QA2,32",,个,,Kg,压力(壁厚)一栏括号内为接管壁厚
SPF00238,对接焊法兰,CL150(9.52mm),,RF/WN,P280GH,CP05T3052,BS 3293(CP05T2002),RCC-M 3,QA2,34",,个,211,Kg,压力(壁厚)一栏括号内为接管壁厚
SPF00240,对接焊法兰,CL150(9.52mm),,RF/WN,P280GH,CP05T3052,BS 3293(CP05T2002),RCC-M 3,QA2,36",,个,236,Kg,压力(壁厚)一栏括号内为接管壁厚
SPF00245,承插焊法兰,CL150,,RF/SW,022Cr19Ni10,CP05T3038,ASME B16.5,RCC-M 2,QA1,1/2",,个,0.8,Kg,
SPF00246,承插焊法兰,CL150,,RF/SW,P280GH,CP05T3052,ASME B16.5,RCC-M 2,QA1,1/2",,个,0.8,Kg,
SPF00247,承插焊法兰,CL300,,RF/SW,022Cr19Ni10,CP05T3038,ASME B16.5,RCC-M 2,QA1,1/2",,个,1.2,Kg,
SPF00248,承插焊法兰,CL300,,RF/SW,P280GH,CP05T3052,ASME B16.5,RCC-M 2,QA1,1/2",,个,1.2,Kg,
SPF00249,承插焊法兰,CL600,,RF/SW,022Cr19Ni10,CP05T3038,ASME B16.5,RCC-M 2,QA1,1/2",,个,1.3,Kg,
SPF00250,承插焊法兰,CL600,,RF/SW,P280GH,CP05T3052,ASME B16.5,RCC-M 2,QA1,1/2",,个,1.3,Kg,
SPF00251,承插焊法兰,CL900,,RF/SW,P280GH,CP05T3052,ASME B16.5,RCC-M 2,QA1,1/2",,个,,Kg,
SPF00252,承插焊法兰,CL1500,,RF/SW,022Cr19Ni10,CP05T3038,ASME B16.5,RCC-M 2,QA1,1/2",,个,1.7,Kg,
SPF00253,承插焊法兰,CL1500,,RF/SW,P280GH,CP05T3052,ASME B16.5,RCC-M 2,QA1,1/2",,个,1.7,Kg,
SPF00254,承插焊法兰,CL150,,RF/SW,022Cr17Ni12Mo2,CP05T3038,ASME B16.5,RCC-M 3,QA2,1/2",,个,0.8,Kg,
SPF00255,承插焊法兰,CL150,,RF/SW,022Cr19Ni10,CP05T3038,ASME B16.5,RCC-M 3,QA2,1/2",,个,0.8,Kg,
SPF00256,承插焊法兰,CL150,,RF/SW,P280GH,CP05T3052,ASME B16.5,RCC-M 3,QA2,1/2",,个,0.8,Kg,
SPF00257,承插焊法兰,CL300,,RF/SW,022Cr19Ni10,CP05T3038,ASME B16.5,RCC-M 3,QA2,1/2",,个,1.2,Kg,
SPF00258,承插焊法兰,CL300,,RF/SW,P280GH,CP05T3052,ASME B16.5,RCC-M 3,QA2,1/2",,个,1.2,Kg,
SPF00259,承插焊法兰,CL600,,RF/SW,022Cr19Ni10,CP05T3038,ASME B16.5,RCC-M 3,QA2,1/2",,个,1.3,Kg,
SPF00260,承插焊法兰,CL150,,RF/SW,16Mn,CP05T3025,ASME B16.5,NA,QNCa,1/2",,个,0.8,Kg,
SPF00261,承插焊法兰,CL150,,RF/SW,S30403,CP05T3023,ASME B16.5,NA,QNCa,1/2",,个,0.5,Kg,
SPF00262,承插焊法兰,CL150,,RF/SW,S31603,CP05T3023,ASME B16.5,NA,QNCa,1/2",,个,0.8,Kg,
SPF00263,承插焊法兰,CL150,,RF/SW,022Cr19Ni10,CP05T3038,ASME B16.5,RCC-M 2,QA1,3/4",,个,0.9,Kg,
SPF00264,承插焊法兰,CL150,,RF/SW,P280GH,CP05T3052,ASME B16.5,RCC-M 2,QA1,3/4",,个,0.9,Kg,
SPF00265,承插焊法兰,CL300,,RF/SW,022Cr19Ni10,CP05T3038,ASME B16.5,RCC-M 2,QA1,3/4",,个,1.3,Kg,
SPF00266,承插焊法兰,CL300,,RF/SW,P280GH,CP05T3052,ASME B16.5,RCC-M 2,QA1,3/4",,个,1.3,Kg,
SPF00267,承插焊法兰,CL600,,RF/SW,022Cr19Ni10,CP05T3038,ASME B16.5,RCC-M 2,QA1,3/4",,个,1.4,Kg,
SPF00268,承插焊法兰,CL600,,RF/SW,P280GH,CP05T3052,ASME B16.5,RCC-M 2,QA1,3/4",,个,1.4,Kg,
SPF00269,承插焊法兰,CL900,,RF/SW,P280GH,CP05T3052,ASME B16.5,RCC-M 2,QA1,3/4",,个,,Kg,
SPF00270,承插焊法兰,CL1500,,RF/SW,022Cr19Ni10,CP05T3038,ASME B16.5,RCC-M 2,QA1,3/4",,个,2.3,Kg,
SPF00271,承插焊法兰,CL1500,,RF/SW,P280GH,CP05T3052,ASME B16.5,RCC-M 2,QA1,3/4",,个,2.3,Kg,
SPF00272,承插焊法兰,CL150,,RF/SW,022Cr17Ni12Mo2,CP05T3038,ASME B16.5,RCC-M 3,QA2,3/4",,个,0.9,Kg,
SPF00273,承插焊法兰,CL150,,RF/SW,022Cr19Ni10,CP05T3038,ASME B16.5,RCC-M 3,QA2,3/4",,个,0.9,Kg,
SPF00274,承插焊法兰,CL150,,RF/SW,P280GH,CP05T3052,ASME B16.5,RCC-M 3,QA2,3/4",,个,0.9,Kg,
SPF00275,承插焊法兰,CL300,,RF/SW,022Cr19Ni10,CP05T3038,ASME B16.5,RCC-M 3,QA2,3/4",,个,1.3,Kg,
SPF00276,承插焊法兰,CL300,,RF/SW,P280GH,CP05T3052,ASME B16.5,RCC-M 3,QA2,3/4",,个,1.3,Kg,
SPF00277,承插焊法兰,CL600,,RF/SW,022Cr19Ni10,CP05T3038,ASME B16.5,RCC-M 3,QA2,3/4",,个,1.4,Kg,
SPF00278,承插焊法兰,CL150,,RF/SW,16Mn,CP05T3025,ASME B16.5,NA,QNCa,3/4",,个,0.9,Kg,
SPF00279,承插焊法兰,CL150,,RF/SW,S30403,CP05T3023,ASME B16.5,NA,QNCa,3/4",,个,0.9,Kg,
SPF00280,承插焊法兰,CL150,,RF/SW,S31603,CP05T3023,ASME B16.5,NA,QNCa,3/4",,个,0.9,Kg,
SPF00281,承插焊法兰,CL150,,RF/SW,022Cr19Ni10,CP05T3038,ASME B16.5,RCC-M 2,QA1,1",,个,1,Kg,
SPF00282,承插焊法兰,CL150,,RF/SW,P280GH,CP05T3052,ASME B16.5,RCC-M 2,QA1,1",,个,1,Kg,
SPF00283,承插焊法兰,CL300,,RF/SW,022Cr19Ni10,CP05T3038,ASME B16.5,RCC-M 2,QA1,1",,个,1.4,Kg,
SPF00284,承插焊法兰,CL300,,RF/SW,P280GH,CP05T3052,ASME B16.5,RCC-M 2,QA1,1",,个,1.4,Kg,
SPF00285,承插焊法兰,CL600,,RF/SW,022Cr19Ni10,CP05T3038,ASME B16.5,RCC-M 2,QA1,1",,个,1.8,Kg,
SPF00286,承插焊法兰,CL600,,RF/SW,P280GH,CP05T3052,ASME B16.5,RCC-M 2,QA1,1",,个,1.8,Kg,
SPF00287,承插焊法兰,CL900,,RF/SW,P280GH,CP05T3052,ASME B16.5,RCC-M 2,QA1,1",,个,,Kg,
SPF00288,承插焊法兰,CL1500,,RF/SW,022Cr19Ni10,CP05T3038,ASME B16.5,RCC-M 2,QA1,1",,个,3.4,Kg,
SPF00289,承插焊法兰,CL1500,,RF/SW,P280GH,CP05T3052,ASME B16.5,RCC-M 2,QA1,1",,个,3.4,Kg,
SPF00290,承插焊法兰,CL150,,RF/SW,022Cr17Ni12Mo2,CP05T3038,ASME B16.5,RCC-M 3,QA2,1",,个,1,Kg,
SPF00291,承插焊法兰,CL150,,RF/SW,022Cr19Ni10,CP05T3038,ASME B16.5,RCC-M 3,QA2,1",,个,1,Kg,
SPF00292,承插焊法兰,CL150,,RF/SW,P280GH,CP05T3052,ASME B16.5,RCC-M 3,QA2,1",,个,1,Kg,
SPF00293,承插焊法兰,CL300,,RF/SW,022Cr19Ni10,CP05T3038,ASME B16.5,RCC-M 3,QA2,1",,个,1.4,Kg,
SPF00294,承插焊法兰,CL300,,RF/SW,P280GH,CP05T3052,ASME B16.5,RCC-M 3,QA2,1",,个,1.4,Kg,
SPF00295,承插焊法兰,CL600,,RF/SW,022Cr19Ni10,CP05T3038,ASME B16.5,RCC-M 3,QA2,1",,个,1.8,Kg,
SPF00296,承插焊法兰,CL150,,RF/SW,16Mn,CP05T3025,ASME B16.5,NA,QNCa,1",,个,1,Kg,
SPF00297,承插焊法兰,CL150,,RF/SW,S30403,CP05T3023,ASME B16.5,NA,QNCa,1",,个,1,Kg,
SPF00298,承插焊法兰,CL150,,RF/SW,S31603,CP05T3023,ASME B16.5,NA,QNCa,1",,个,1,Kg,
SPF00299,承插焊法兰,CL150,,RF/SW,022Cr19Ni10,CP05T3038,ASME B16.5,RCC-M 2,QA1,1-1/4",,个,1.3,Kg,
SPF00300,承插焊法兰,CL150,,RF/SW,P280GH,CP05T3052,ASME B16.5,RCC-M 2,QA1,1-1/4",,个,1.3,Kg,
SPF00301,承插焊法兰,CL300,,RF/SW,022Cr19Ni10,CP05T3038,ASME B16.5,RCC-M 2,QA1,1-1/4",,个,1.8,Kg,
SPF00302,承插焊法兰,CL300,,RF/SW,P280GH,CP05T3052,ASME B16.5,RCC-M 2,QA1,1-1/4",,个,1.8,Kg,
SPF00303,承插焊法兰,CL600,,RF/SW,022Cr19Ni10,CP05T3038,ASME B16.5,RCC-M 2,QA1,1-1/4",,个,2.6,Kg,
SPF00304,承插焊法兰,CL600,,RF/SW,P280GH,CP05T3052,ASME B16.5,RCC-M 2,QA1,1-1/4",,个,2.6,Kg,
SPF00305,承插焊法兰,CL900,,RF/SW,P280GH,CP05T3052,ASME B16.5,RCC-M 2,QA1,1-1/4",,个,,Kg,
SPF00306,承插焊法兰,CL1500,,RF/SW,022Cr19Ni10,CP05T3038,ASME B16.5,RCC-M 2,QA1,1-1/4",,个,3.9,Kg,
SPF00307,承插焊法兰,CL1500,,RF/SW,P280GH,CP05T3052,ASME B16.5,RCC-M 2,QA1,1-1/4",,个,3.9,Kg,
SPF00308,承插焊法兰,CL150,,RF/SW,022Cr17Ni12Mo2,CP05T3038,ASME B16.5,RCC-M 3,QA2,1-1/4",,个,1.3,Kg,
SPF00309,承插焊法兰,CL150,,RF/SW,022Cr19Ni10,CP05T3038,ASME B16.5,RCC-M 3,QA2,1-1/4",,个,1.3,Kg,
SPF00310,承插焊法兰,CL150,,RF/SW,P280GH,CP05T3052,ASME B16.5,RCC-M 3,QA2,1-1/4",,个,1.3,Kg,
SPF00311,承插焊法兰,CL300,,RF/SW,022Cr19Ni10,CP05T3038,ASME B16.5,RCC-M 3,QA2,1-1/4",,个,1.8,Kg,
SPF00312,承插焊法兰,CL300,,RF/SW,P280GH,CP05T3052,ASME B16.5,RCC-M 3,QA2,1-1/4",,个,1.8,Kg,
SPF00313,承插焊法兰,CL600,,RF/SW,022Cr19Ni10,CP05T3038,ASME B16.5,RCC-M 3,QA2,1-1/4",,个,2.6,Kg,
SPF00314,承插焊法兰,CL150,,RF/SW,16Mn,CP05T3025,ASME B16.5,NA,QNCa,1-1/4",,个,1.3,Kg,
SPF00315,承插焊法兰,CL150,,RF/SW,S30403,CP05T3023,ASME B16.5,NA,QNCa,1-1/4",,个,1.3,Kg,
SPF00316,承插焊法兰,CL150,,RF/SW,S31603,CP05T3023,ASME B16.5,NA,QNCa,1-1/4",,个,1.3,Kg,
SPF00317,承插焊法兰,CL150,,RF/SW,022Cr19Ni10,CP05T3038,ASME B16.5,RCC-M 2,QA1,1-1/2",,个,1.4,Kg,
SPF00318,承插焊法兰,CL150,,RF/SW,P280GH,CP05T3052,ASME B16.5,RCC-M 2,QA1,1-1/2",,个,1.4,Kg,
SPF00319,承插焊法兰,CL300,,RF/SW,022Cr19Ni10,CP05T3038,ASME B16.5,RCC-M 2,QA1,1-1/2",,个,2.5,Kg,
SPF00320,承插焊法兰,CL300,,RF/SW,P280GH,CP05T3052,ASME B16.5,RCC-M 2,QA1,1-1/2",,个,2.5,Kg,
SPF00321,承插焊法兰,CL600,,RF/SW,022Cr19Ni10,CP05T3038,ASME B16.5,RCC-M 2,QA1,1-1/2",,个,3.1,Kg,
SPF00322,承插焊法兰,CL600,,RF/SW,P280GH,CP05T3052,ASME B16.5,RCC-M 2,QA1,1-1/2",,个,3.1,Kg,
SPF00323,承插焊法兰,CL900,,RF/SW,P280GH,CP05T3052,ASME B16.5,RCC-M 2,QA1,1-1/2",,个,,Kg,
SPF00324,承插焊法兰,CL1500,,RF/SW,022Cr19Ni10,CP05T3038,ASME B16.5,RCC-M 2,QA1,1-1/2",,个,5.4,Kg,
SPF00325,承插焊法兰,CL1500,,RF/SW,P280GH,CP05T3052,ASME B16.5,RCC-M 2,QA1,1-1/2",,个,5.4,Kg,
SPF00326,承插焊法兰,CL150,,RF/SW,022Cr17Ni12Mo2,CP05T3038,ASME B16.5,RCC-M 3,QA2,1-1/2",,个,1.4,Kg,
SPF00327,承插焊法兰,CL150,,RF/SW,022Cr19Ni10,CP05T3038,ASME B16.5,RCC-M 3,QA2,1-1/2",,个,1.4,Kg,
SPF00328,承插焊法兰,CL150,,RF/SW,P280GH,CP05T3052,ASME B16.5,RCC-M 3,QA2,1-1/2",,个,1.4,Kg,
SPF00329,承插焊法兰,CL300,,RF/SW,022Cr19Ni10,CP05T3038,ASME B16.5,RCC-M 3,QA2,1-1/2",,个,2.5,Kg,
SPF00330,承插焊法兰,CL300,,RF/SW,P280GH,CP05T3052,ASME B16.5,RCC-M 3,QA2,1-1/2",,个,2.5,Kg,
SPF00331,承插焊法兰,CL600,,RF/SW,022Cr19Ni10,CP05T3038,ASME B16.5,RCC-M 3,QA2,1-1/2",,个,3.1,Kg,
SPF00332,承插焊法兰,CL150,,RF/SW,16Mn,CP05T3025,ASME B16.5,NA,QNCa,1-1/2",,个,1.4,Kg,
SPF00333,承插焊法兰,CL150,,RF/SW,S30403,CP05T3023,ASME B16.5,NA,QNCa,1-1/2",,个,1.4,Kg,
SPF00334,承插焊法兰,CL150,,RF/SW,S31603,CP05T3023,ASME B16.5,NA,QNCa,1-1/2",,个,1.4,Kg,
SPF00335,承插焊法兰,CL150,,RF/SW,022Cr19Ni10,CP05T3038,ASME B16.5,RCC-M 2,QA1,2",,个,2.3,Kg,
SPF00336,承插焊法兰,CL150,,RF/SW,P280GH,CP05T3052,ASME B16.5,RCC-M 2,QA1,2",,个,2.3,Kg,
SPF00337,承插焊法兰,CL300,,RF/SW,022Cr19Ni10,CP05T3038,ASME B16.5,RCC-M 2,QA1,2",,个,3,Kg,
SPF00338,承插焊法兰,CL300,,RF/SW,P280GH,CP05T3052,ASME B16.5,RCC-M 2,QA1,2",,个,3,Kg,
SPF00339,承插焊法兰,CL600,,RF/SW,022Cr19Ni10,CP05T3038,ASME B16.5,RCC-M 2,QA1,2",,个,4,Kg,
SPF00340,承插焊法兰,CL600,,RF/SW,P280GH,CP05T3052,ASME B16.5,RCC-M 2,QA1,2",,个,4,Kg,
SPF00341,承插焊法兰,CL900,,RF/SW,P280GH,CP05T3052,ASME B16.5,RCC-M 2,QA1,2",,个,,Kg,
SPF00342,承插焊法兰,CL1500,,RF/SW,022Cr19Ni10,CP05T3038,ASME B16.5,RCC-M 2,QA1,2",,个,9.8,Kg,
SPF00343,承插焊法兰,CL1500,,RF/SW,P280GH,CP05T3052,ASME B16.5,RCC-M 2,QA1,2",,个,9.8,Kg,
SPF00344,承插焊法兰,CL150,,RF/SW,022Cr17Ni12Mo2,CP05T3038,ASME B16.5,RCC-M 3,QA2,2",,个,2.3,Kg,
SPF00345,承插焊法兰,CL150,,RF/SW,022Cr19Ni10,CP05T3038,ASME B16.5,RCC-M 3,QA2,2",,个,2.3,Kg,
SPF00346,承插焊法兰,CL150,,RF/SW,P280GH,CP05T3052,ASME B16.5,RCC-M 3,QA2,2",,个,2.3,Kg,
SPF00347,承插焊法兰,CL300,,RF/SW,022Cr19Ni10,CP05T3038,ASME B16.5,RCC-M 3,QA2,2",,个,3,Kg,
SPF00348,承插焊法兰,CL300,,RF/SW,P280GH,CP05T3052,ASME B16.5,RCC-M 3,QA2,2",,个,3,Kg,
SPF00349,承插焊法兰,CL600,,RF/SW,022Cr19Ni10,CP05T3038,ASME B16.5,RCC-M 3,QA2,2",,个,4,Kg,
SPF00350,承插焊法兰,CL150,,RF/SW,16Mn,CP05T3025,ASME B16.5,NA,QNCa,2",,个,2.3,Kg,
SPF00351,承插焊法兰,CL150,,RF/SW,S30403,CP05T3023,ASME B16.5,NA,QNCa,2",,个,2.3,Kg,
SPF00352,承插焊法兰,CL150,,RF/SW,S31603,CP05T3023,ASME B16.5,NA,QNCa,2",,个,2.3,Kg,
SPF00353,对焊带测量孔法兰,CL2500(SCH160),,RF/WN,022Cr19Ni10,CP05T3038,ASME B16.36(CP05T2002),RCC-M 1,QA1,1",,个,6.5,Kg,压力(壁厚)一栏括号内为接管壁厚
SPF00354,对焊带测量孔法兰,CL300(SCH10S),,RF/WN,022Cr19Ni10,CP05T3038,ASME B16.36(CP05T2002),RCC-M 2,QA1,1",,个,4.5,Kg,压力(壁厚)一栏括号内为接管壁厚
SPF00355,对焊带测量孔法兰,CL300(SCH40),,RF/WN,P280GH,CP05T3052,ASME B16.36(CP05T2002),RCC-M 2,QA1,1",,个,4.5,Kg,压力(壁厚)一栏括号内为接管壁厚
SPF00356,对焊带测量孔法兰,CL600(SCH40S),,RF/WN,022Cr19Ni10,CP05T3038,ASME B16.36(CP05T2002),RCC-M 2,QA1,1",,个,5.5,Kg,压力(壁厚)一栏括号内为接管壁厚
SPF00357,对焊带测量孔法兰,CL600(SCH80),,RF/WN,P280GH,CP05T3052,ASME B16.36(CP05T2002),RCC-M 2,QA1,1",,个,5.5,Kg,压力(壁厚)一栏括号内为接管壁厚
SPF00358,对焊带测量孔法兰,CL900(SCH80S),,RF/WN,022Cr19Ni10,CP05T3038,ASME B16.36(CP05T2002),RCC-M 2,QA1,1",,个,5.4,Kg,压力(壁厚)一栏括号内为接管壁厚
SPF00359,对焊带测量孔法兰,CL900(SCH80),,RF/WN,P280GH,CP05T3052,ASME B16.36(CP05T2002),RCC-M 2,QA1,1",,个,5.4,Kg,压力(壁厚)一栏括号内为接管壁厚
SPF00360,对焊带测量孔法兰,CL1500(SCH160),,RF/WN,P280GH,CP05T3052,ASME B16.36(CP05T2002),RCC-M 2,QA1,1",,个,5.4,Kg,压力(壁厚)一栏括号内为接管壁厚
SPF00361,对焊带测量孔法兰,CL2500(SCH160),,RF/WN,022Cr19Ni10,CP05T3038,ASME B16.36(CP05T2002),RCC-M 2,QA1,1",,个,6.5,Kg,压力(壁厚)一栏括号内为接管壁厚
SPF00362,对焊带测量孔法兰,CL300(SCH40),,RF/WN,022Cr17Ni12Mo2,CP05T3038,ASME B16.36(CP05T2002),RCC-M 3,QA2,1",,个,4.5,Kg,压力(壁厚)一栏括号内为接管壁厚
SPF00363,对焊带测量孔法兰,CL300(SCH10S),,RF/WN,022Cr19Ni10,CP05T3038,ASME B16.36(CP05T2002),RCC-M 3,QA2,1",,个,4.5,Kg,压力(壁厚)一栏括号内为接管壁厚
SPF00364,对焊带测量孔法兰,CL300(SCH40),,RF/WN,P280GH,CP05T3052,ASME B16.36(CP05T2002),RCC-M 3,QA2,1",,个,4.5,Kg,压力(壁厚)一栏括号内为接管壁厚
SPF00365,对焊带测量孔法兰,CL600(SCH40S),,RF/WN,022Cr19Ni10,CP05T3038,ASME B16.36(CP05T2002),RCC-M 3,QA2,1",,个,5.5,Kg,压力(壁厚)一栏括号内为接管壁厚
SPF00366,对焊带测量孔法兰,CL300(SCH40),,RF/WN,16Mn,CP05T3025,ASME B16.36(CP05T2002),NA,QNCa,1",,个,4.5,Kg,压力(壁厚)一栏括号内为接管壁厚
SPF00367,对焊带测量孔法兰,CL300(SCH10S),,RF/WN,S30403,CP05T3023,ASME B16.36(CP05T2002),NA,QNCa,1",,个,4.5,Kg,压力(壁厚)一栏括号内为接管壁厚
SPF00368,对焊带测量孔法兰,CL300(SCH10S),,RF/WN,S31603,CP05T3023,ASME B16.36(CP05T2002),NA,QNCa,1",,个,4.5,Kg,压力(壁厚)一栏括号内为接管壁厚
SPF00385,对焊带测量孔法兰,CL2500(SCH160),,RF/WN,022Cr19Ni10,CP05T3038,ASME B16.36(CP05T2002),RCC-M 1,QA1,1-1/2",,个,13,Kg,压力(壁厚)一栏括号内为接管壁厚
SPF00386,对焊带测量孔法兰,CL300(SCH10S),,RF/WN,022Cr19Ni10,CP05T3038,ASME B16.36(CP05T2002),RCC-M 2,QA1,1-1/2",,个,6.5,Kg,压力(壁厚)一栏括号内为接管壁厚
SPF00387,对焊带测量孔法兰,CL300(SCH40),,RF/WN,P280GH,CP05T3052,ASME B16.36(CP05T2002),RCC-M 2,QA1,1-1/2",,个,6.5,Kg,压力(壁厚)一栏括号内为接管壁厚
SPF00388,对焊带测量孔法兰,CL600(SCH40S),,RF/WN,022Cr19Ni10,CP05T3038,ASME B16.36(CP05T2002),RCC-M 2,QA1,1-1/2",,个,7.8,Kg,压力(壁厚)一栏括号内为接管壁厚
SPF00389,对焊带测量孔法兰,CL600(SCH80),,RF/WN,P280GH,CP05T3052,ASME B16.36(CP05T2002),RCC-M 2,QA1,1-1/2",,个,7.8,Kg,压力(壁厚)一栏括号内为接管壁厚
SPF00390,对焊带测量孔法兰,CL900(SCH80S),,RF/WN,022Cr19Ni10,CP05T3038,ASME B16.36(CP05T2002),RCC-M 2,QA1,1-1/2",,个,7.8,Kg,压力(壁厚)一栏括号内为接管壁厚
SPF00391,对焊带测量孔法兰,CL900(SCH80),,RF/WN,P280GH,CP05T3052,ASME B16.36(CP05T2002),RCC-M 2,QA1,1-1/2",,个,7.8,Kg,压力(壁厚)一栏括号内为接管壁厚
SPF00392,对焊带测量孔法兰,CL1500(SCH160),,RF/WN,P280GH,CP05T3052,ASME B16.36(CP05T2002),RCC-M 2,QA1,1-1/2",,个,7.8,Kg,压力(壁厚)一栏括号内为接管壁厚
SPF00393,对焊带测量孔法兰,CL2500(SCH160),,RF/WN,022Cr19Ni10,CP05T3038,ASME B16.36(CP05T2002),RCC-M 2,QA1,1-1/2",,个,13,Kg,压力(壁厚)一栏括号内为接管壁厚
SPF00395,对焊带测量孔法兰,CL300(SCH10S),,RF/WN,022Cr19Ni10,CP05T3038,ASME B16.36(CP05T2002),RCC-M 3,QA2,1-1/2",,个,6.5,Kg,压力(壁厚)一栏括号内为接管壁厚
SPF00396,对焊带测量孔法兰,CL300(SCH40),,RF/WN,P280GH,CP05T3052,ASME B16.36(CP05T2002),RCC-M 3,QA2,1-1/2",,个,6.5,Kg,压力(壁厚)一栏括号内为接管壁厚
SPF00397,对焊带测量孔法兰,CL600(SCH40S),,RF/WN,022Cr19Ni10,CP05T3038,ASME B16.36(CP05T2002),RCC-M 3,QA2,1-1/2",,个,7.8,Kg,压力(壁厚)一栏括号内为接管壁厚
SPF00398,对焊带测量孔法兰,CL300(SCH40),,RF/WN,16Mn,CP05T3025,ASME B16.36(CP05T2002),NA,QNCa,1-1/2",,个,6.5,Kg,压力(壁厚)一栏括号内为接管壁厚
SPF00399,对焊带测量孔法兰,CL300(SCH10S),,RF/WN,S30403,CP05T3023,ASME B16.36(CP05T2002),NA,QNCa,1-1/2",,个,6.5,Kg,压力(壁厚)一栏括号内为接管壁厚
SPF00400,对焊带测量孔法兰,CL300(SCH10S),,RF/WN,S31603,CP05T3023,ASME B16.36(CP05T2002),NA,QNCa,1-1/2",,个,6.5,Kg,压力(壁厚)一栏括号内为接管壁厚
SPF00401,对焊带测量孔法兰,CL2500(SCH160),,RF/WN,022Cr19Ni10,CP05T3038,ASME B16.36(CP05T2002),RCC-M 1,QA1,2",,个,19,Kg,压力(壁厚)一栏括号内为接管壁厚
SPF00402,对焊带测量孔法兰,CL300(SCH10S),,RF/WN,022Cr19Ni10,CP05T3038,ASME B16.36(CP05T2002),RCC-M 2,QA1,2",,个,7,Kg,压力(壁厚)一栏括号内为接管壁厚
SPF00403,对焊带测量孔法兰,CL300(3.18mm),,RF/WN,P280GH,CP05T3052,ASME B16.36(CP05T2002),RCC-M 2,QA1,2",,个,7,Kg,压力(壁厚)一栏括号内为接管壁厚
SPF00404,对焊带测量孔法兰,CL600(SCH40S),,RF/WN,022Cr19Ni10,CP05T3038,ASME B16.36(CP05T2002),RCC-M 2,QA1,2",,个,8.3,Kg,压力(壁厚)一栏括号内为接管壁厚
SPF00405,对焊带测量孔法兰,CL600(SCH80),,RF/WN,P280GH,CP05T3052,ASME B16.36(CP05T2002),RCC-M 2,QA1,2",,个,8.3,Kg,压力(壁厚)一栏括号内为接管壁厚
SPF00406,对焊带测量孔法兰,CL900(SCH80S),,RF/WN,022Cr19Ni10,CP05T3038,ASME B16.36(CP05T2002),RCC-M 2,QA1,2",,个,11.5,Kg,压力(壁厚)一栏括号内为接管壁厚
SPF00407,对焊带测量孔法兰,CL900(SCH80),,RF/WN,P280GH,CP05T3052,ASME B16.36(CP05T2002),RCC-M 2,QA1,2",,个,11.5,Kg,压力(壁厚)一栏括号内为接管壁厚
SPF00408,对焊带测量孔法兰,CL1500(SCH160),,RF/WN,P280GH,CP05T3052,ASME B16.36(CP05T2002),RCC-M 2,QA1,2",,个,11.5,Kg,压力(壁厚)一栏括号内为接管壁厚
SPF00409,对焊带测量孔法兰,CL2500(SCH160),,RF/WN,022Cr19Ni10,CP05T3038,ASME B16.36(CP05T2002),RCC-M 2,QA1,2",,个,19,Kg,压力(壁厚)一栏括号内为接管壁厚
SPF00410,对焊带测量孔法兰,CL300(SCH30),,RF/WN,022Cr17Ni12Mo2,CP05T3038,ASME B16.36(CP05T2002),RCC-M 3,QA2,2",,个,7,Kg,压力(壁厚)一栏括号内为接管壁厚
SPF00411,对焊带测量孔法兰,CL300(SCH10S),,RF/WN,022Cr19Ni10,CP05T3038,ASME B16.36(CP05T2002),RCC-M 3,QA2,2",,个,7,Kg,压力(壁厚)一栏括号内为接管壁厚
SPF00412,对焊带测量孔法兰,CL300(3.18mm),,RF/WN,P280GH,CP05T3052,ASME B16.36(CP05T2002),RCC-M 3,QA2,2",,个,7,Kg,压力(壁厚)一栏括号内为接管壁厚
SPF00413,对焊带测量孔法兰,CL600(SCH40S),,RF/WN,022Cr19Ni10,CP05T3038,ASME B16.36(CP05T2002),RCC-M 3,QA2,2",,个,8.3,Kg,压力(壁厚)一栏括号内为接管壁厚
SPF00414,对焊带测量孔法兰,CL300(3.18mm),,RF/WN,16Mn,CP05T3025,ASME B16.36(CP05T2002),NA,QNCa,2",,个,7,Kg,压力(壁厚)一栏括号内为接管壁厚
SPF00415,对焊带测量孔法兰,CL300(SCH10S),,RF/WN,S30403,CP05T3023,ASME B16.36(CP05T2002),NA,QNCa,2",,个,7,Kg,压力(壁厚)一栏括号内为接管壁厚
SPF00416,对焊带测量孔法兰,CL300(SCH10S),,RF/WN,S31603,CP05T3023,ASME B16.36(CP05T2002),NA,QNCa,2",,个,7,Kg,压力(壁厚)一栏括号内为接管壁厚
SPF00417,对焊带测量孔法兰,CL2500(SCH160),,RF/WN,022Cr19Ni10,CP05T3038,ASME B16.36(CP05T2002),RCC-M 1,QA1,2-1/2",,个,24,Kg,压力(壁厚)一栏括号内为接管壁厚
SPF00418,对焊带测量孔法兰,CL300(SCH10S),,RF/WN,022Cr19Ni10,CP05T3038,ASME B16.36(CP05T2002),RCC-M 2,QA1,2-1/2",,个,7.5,Kg,压力(壁厚)一栏括号内为接管壁厚
SPF00419,对焊带测量孔法兰,CL300(3.18mm),,RF/WN,P280GH,CP05T3052,ASME B16.36(CP05T2002),RCC-M 2,QA1,2-1/2",,个,7.5,Kg,压力(壁厚)一栏括号内为接管壁厚
SPF00420,对焊带测量孔法兰,CL600(SCH40S),,RF/WN,022Cr19Ni10,CP05T3038,ASME B16.36(CP05T2002),RCC-M 2,QA1,2-1/2",,个,10.8,Kg,压力(壁厚)一栏括号内为接管壁厚
SPF00421,对焊带测量孔法兰,CL600(SCH80),,RF/WN,P280GH,CP05T3052,ASME B16.36(CP05T2002),RCC-M 2,QA1,2-1/2",,个,10.8,Kg,压力(壁厚)一栏括号内为接管壁厚
SPF00422,对焊带测量孔法兰,CL900(SCH80S),,RF/WN,022Cr19Ni10,CP05T3038,ASME B16.36(CP05T2002),RCC-M 2,QA1,2-1/2",,个,15.8,Kg,压力(壁厚)一栏括号内为接管壁厚
SPF00423,对焊带测量孔法兰,CL900(SCH80),,RF/WN,P280GH,CP05T3052,ASME B16.36(CP05T2002),RCC-M 2,QA1,2-1/2",,个,15.8,Kg,压力(壁厚)一栏括号内为接管壁厚
SPF00424,对焊带测量孔法兰,CL1500(SCH160),,RF/WN,P280GH,CP05T3052,ASME B16.36(CP05T2002),RCC-M 2,QA1,2-1/2",,个,15.8,Kg,压力(壁厚)一栏括号内为接管壁厚
SPF00425,对焊带测量孔法兰,CL2500(SCH160),,RF/WN,022Cr19Ni10,CP05T3038,ASME B16.36(CP05T2002),RCC-M 2,QA1,2-1/2",,个,24,Kg,压力(壁厚)一栏括号内为接管壁厚
SPF00426,对焊带测量孔法兰,CL300(SCH10S),,RF/WN,022Cr19Ni10,CP05T3038,ASME B16.36(CP05T2002),RCC-M 3,QA2,2-1/2",,个,7.5,Kg,压力(壁厚)一栏括号内为接管壁厚
SPF00427,对焊带测量孔法兰,CL300(3.18mm),,RF/WN,P280GH,CP05T3052,ASME B16.36(CP05T2002),RCC-M 3,QA2,2-1/2",,个,7.5,Kg,压力(壁厚)一栏括号内为接管壁厚
SPF00428,对焊带测量孔法兰,CL600(SCH40S),,RF/WN,022Cr19Ni10,CP05T3038,ASME B16.36(CP05T2002),RCC-M 3,QA2,2-1/2",,个,10.8,Kg,压力(壁厚)一栏括号内为接管壁厚
SPF00429,对焊带测量孔法兰,CL300(3.18mm),,RF/WN,16Mn,CP05T3025,ASME B16.36(CP05T2002),NA,QNCa,2-1/2",,个,7.5,Kg,压力(壁厚)一栏括号内为接管壁厚
SPF00430,对焊带测量孔法兰,CL300(SCH10S),,RF/WN,S30403,CP05T3023,ASME B16.36(CP05T2002),NA,QNCa,2-1/2",,个,7.5,Kg,压力(壁厚)一栏括号内为接管壁厚
SPF00431,对焊带测量孔法兰,CL300(SCH10S),,RF/WN,S31603,CP05T3023,ASME B16.36(CP05T2002),NA,QNCa,2-1/2",,个,7.5,Kg,压力(壁厚)一栏括号内为接管壁厚
SPF00432,对焊带测量孔法兰,CL2500(SCH160),,RF/WN,022Cr19Ni10,CP05T3038,ASME B16.36(CP05T2002),RCC-M 1,QA1,3",,个,43,Kg,压力(壁厚)一栏括号内为接管壁厚
SPF00433,对焊带测量孔法兰,CL300(SCH10S),,RF/WN,022Cr19Ni10,CP05T3038,ASME B16.36(CP05T2002),RCC-M 2,QA1,3",,个,9.4,Kg,压力(壁厚)一栏括号内为接管壁厚
SPF00434,对焊带测量孔法兰,CL300(3.18mm),,RF/WN,P280GH,CP05T3052,ASME B16.36(CP05T2002),RCC-M 2,QA1,3",,个,9.4,Kg,压力(壁厚)一栏括号内为接管壁厚
SPF00435,对焊带测量孔法兰,CL600(SCH40S),,RF/WN,022Cr19Ni10,CP05T3038,ASME B16.36(CP05T2002),RCC-M 2,QA1,3",,个,12.6,Kg,压力(壁厚)一栏括号内为接管壁厚
SPF00436,对焊带测量孔法兰,CL600(SCH80),,RF/WN,P280GH,CP05T3052,ASME B16.36(CP05T2002),RCC-M 2,QA1,3",,个,12.6,Kg,压力(壁厚)一栏括号内为接管壁厚
SPF00437,对焊带测量孔法兰,CL900(SCH80S),,RF/WN,022Cr19Ni10,CP05T3038,ASME B16.36(CP05T2002),RCC-M 2,QA1,3",,个,14.5,Kg,压力(壁厚)一栏括号内为接管壁厚
SPF00438,对焊带测量孔法兰,CL900(SCH80),,RF/WN,P280GH,CP05T3052,ASME B16.36(CP05T2002),RCC-M 2,QA1,3",,个,14.5,Kg,压力(壁厚)一栏括号内为接管壁厚
SPF00439,对焊带测量孔法兰,CL1500(SCH160),,RF/WN,P280GH,CP05T3052,ASME B16.36(CP05T2002),RCC-M 2,QA1,3",,个,22,Kg,压力(壁厚)一栏括号内为接管壁厚
SPF00440,对焊带测量孔法兰,CL2500(SCH160),,RF/WN,022Cr19Ni10,CP05T3038,ASME B16.36(CP05T2002),RCC-M 2,QA1,3",,个,43,Kg,压力(壁厚)一栏括号内为接管壁厚
SPF00441,对焊带测量孔法兰,CL300(SCH10S),,RF/WN,022Cr19Ni10,CP05T3038,ASME B16.36(CP05T2002),RCC-M 3,QA2,3",,个,9.4,Kg,压力(壁厚)一栏括号内为接管壁厚
SPF00442,对焊带测量孔法兰,CL300(3.18mm),,RF/WN,P280GH,CP05T3052,ASME B16.36(CP05T2002),RCC-M 3,QA2,3",,个,9.4,Kg,压力(壁厚)一栏括号内为接管壁厚
SPF00443,对焊带测量孔法兰,CL600(SCH40S),,RF/WN,022Cr19Ni10,CP05T3038,ASME B16.36(CP05T2002),RCC-M 3,QA2,3",,个,12.6,Kg,压力(壁厚)一栏括号内为接管壁厚
SPF00444,对焊带测量孔法兰,CL300(3.18mm),,RF/WN,16Mn,CP05T3025,ASME B16.36(CP05T2002),NA,QNCa,3",,个,9.4,Kg,压力(壁厚)一栏括号内为接管壁厚
SPF00445,对焊带测量孔法兰,CL300(SCH10S),,RF/WN,S30403,CP05T3023,ASME B16.36(CP05T2002),NA,QNCa,3",,个,9.4,Kg,压力(壁厚)一栏括号内为接管壁厚
SPF00446,对焊带测量孔法兰,CL300(SCH10S),,RF/WN,S31603,CP05T3023,ASME B16.36(CP05T2002),NA,QNCa,3",,个,9.4,Kg,压力(壁厚)一栏括号内为接管壁厚
SPF00462,对焊带测量孔法兰,CL2500(SCH160),,RF/WN,022Cr19Ni10,CP05T3038,ASME B16.36(CP05T2002),RCC-M 1,QA1,4",,个,66,Kg,压力(壁厚)一栏括号内为接管壁厚
SPF00463,对焊带测量孔法兰,CL300(SCH10S),,RF/WN,022Cr19Ni10,CP05T3038,ASME B16.36(CP05T2002),RCC-M 2,QA1,4",,个,13.2,Kg,压力(壁厚)一栏括号内为接管壁厚
SPF00464,对焊带测量孔法兰,CL300(3.58mm),,RF/WN,P280GH,CP05T3052,ASME B16.36(CP05T2002),RCC-M 2,QA1,4",,个,13.2,Kg,压力(壁厚)一栏括号内为接管壁厚
SPF00465,对焊带测量孔法兰,CL600(SCH40S),,RF/WN,022Cr19Ni10,CP05T3038,ASME B16.36(CP05T2002),RCC-M 2,QA1,4",,个,19,Kg,压力(壁厚)一栏括号内为接管壁厚
SPF00466,对焊带测量孔法兰,CL600(SCH80),,RF/WN,P280GH,CP05T3052,ASME B16.36(CP05T2002),RCC-M 2,QA1,4",,个,19,Kg,压力(壁厚)一栏括号内为接管壁厚
SPF00467,对焊带测量孔法兰,CL900(SCH80S),,RF/WN,022Cr19Ni10,CP05T3038,ASME B16.36(CP05T2002),RCC-M 2,QA1,4",,个,23,Kg,压力(壁厚)一栏括号内为接管壁厚
SPF00468,对焊带测量孔法兰,CL900(SCH80),,RF/WN,P280GH,CP05T3052,ASME B16.36(CP05T2002),RCC-M 2,QA1,4",,个,23,Kg,压力(壁厚)一栏括号内为接管壁厚
SPF00469,对焊带测量孔法兰,CL1500(SCH160),,RF/WN,P280GH,CP05T3052,ASME B16.36(CP05T2002),RCC-M 2,QA1,4",,个,30,Kg,压力(壁厚)一栏括号内为接管壁厚
SPF00470,对焊带测量孔法兰,CL2500(SCH160),,RF/WN,022Cr19Ni10,CP05T3038,ASME B16.36(CP05T2002),RCC-M 2,QA1,4",,个,66,Kg,压力(壁厚)一栏括号内为接管壁厚
SPF00471,对焊带测量孔法兰,CL300(SCH10S),,RF/WN,022Cr19Ni10,CP05T3038,ASME B16.36(CP05T2002),RCC-M 3,QA2,4",,个,13.2,Kg,压力(壁厚)一栏括号内为接管壁厚
SPF00472,对焊带测量孔法兰,CL300(3.58mm),,RF/WN,P280GH,CP05T3052,ASME B16.36(CP05T2002),RCC-M 3,QA2,4",,个,13.2,Kg,压力(壁厚)一栏括号内为接管壁厚
SPF00473,对焊带测量孔法兰,CL600(SCH40S),,RF/WN,022Cr19Ni10,CP05T3038,ASME B16.36(CP05T2002),RCC-M 3,QA2,4",,个,19,Kg,压力(壁厚)一栏括号内为接管壁厚
SPF00474,对焊带测量孔法兰,CL300(3.58mm),,RF/WN,16Mn,CP05T3025,ASME B16.36(CP05T2002),NA,QNCa,4",,个,13.2,Kg,压力(壁厚)一栏括号内为接管壁厚
SPF00475,对焊带测量孔法兰,CL300(SCH10S),,RF/WN,S30403,CP05T3023,ASME B16.36(CP05T2002),NA,QNCa,4",,个,13.2,Kg,压力(壁厚)一栏括号内为接管壁厚
SPF00476,对焊带测量孔法兰,CL300(SCH10S),,RF/WN,S31603,CP05T3023,ASME B16.36(CP05T2002),NA,QNCa,4",,个,13.2,Kg,压力(壁厚)一栏括号内为接管壁厚
SPF00492,对焊带测量孔法兰,CL2500(SCH160),,RF/WN,022Cr19Ni10,CP05T3038,ASME B16.36(CP05T2002),RCC-M 1,QA1,6",,个,172,Kg,压力(壁厚)一栏括号内为接管壁厚
SPF00493,对焊带测量孔法兰,CL300(SCH10S),,RF/WN,022Cr19Ni10,CP05T3038,ASME B16.36(CP05T2002),RCC-M 2,QA1,6",,个,14.6,Kg,压力(壁厚)一栏括号内为接管壁厚
SPF00494,对焊带测量孔法兰,CL300(4.37mm),,RF/WN,P280GH,CP05T3052,ASME B16.36(CP05T2002),RCC-M 2,QA1,6",,个,14.6,Kg,压力(壁厚)一栏括号内为接管壁厚
SPF00495,对焊带测量孔法兰,CL600(SCH40S),,RF/WN,022Cr19Ni10,CP05T3038,ASME B16.36(CP05T2002),RCC-M 2,QA1,6",,个,37,Kg,压力(壁厚)一栏括号内为接管壁厚
SPF00496,对焊带测量孔法兰,CL600(SCH80),,RF/WN,P280GH,CP05T3052,ASME B16.36(CP05T2002),RCC-M 2,QA1,6",,个,37,Kg,压力(壁厚)一栏括号内为接管壁厚
SPF00497,对焊带测量孔法兰,CL900(SCH80S),,RF/WN,022Cr19Ni10,CP05T3038,ASME B16.36(CP05T2002),RCC-M 2,QA1,6",,个,50,Kg,压力(壁厚)一栏括号内为接管壁厚
SPF00498,对焊带测量孔法兰,CL900(SCH120),,RF/WN,P280GH,CP05T3052,ASME B16.36(CP05T2002),RCC-M 2,QA1,6",,个,50,Kg,压力(壁厚)一栏括号内为接管壁厚
SPF00499,对焊带测量孔法兰,CL1500(SCH160),,RF/WN,P280GH,CP05T3052,ASME B16.36(CP05T2002),RCC-M 2,QA1,6",,个,70,Kg,压力(壁厚)一栏括号内为接管壁厚
SPF00500,对焊带测量孔法兰,CL2500(SCH160),,RF/WN,022Cr19Ni10,CP05T3038,ASME B16.36(CP05T2002),RCC-M 2,QA1,6",,个,172,Kg,压力(壁厚)一栏括号内为接管壁厚
SPF00501,对焊带测量孔法兰,CL300(SCH10S),,RF/WN,022Cr19Ni10,CP05T3038,ASME B16.36(CP05T2002),RCC-M 3,QA2,6",,个,14.6,Kg,压力(壁厚)一栏括号内为接管壁厚
SPF00502,对焊带测量孔法兰,CL300(4.37mm),,RF/WN,P280GH,CP05T3052,ASME B16.36(CP05T2002),RCC-M 3,QA2,6",,个,14.6,Kg,压力(壁厚)一栏括号内为接管壁厚
SPF00503,对焊带测量孔法兰,CL600(SCH40S),,RF/WN,022Cr19Ni10,CP05T3038,ASME B16.36(CP05T2002),RCC-M 3,QA2,6",,个,37,Kg,压力(壁厚)一栏括号内为接管壁厚
SPF00504,对焊带测量孔法兰,CL300(4.37mm),,RF/WN,16Mn,CP05T3025,ASME B16.36(CP05T2002),NA,QNCa,6",,个,14.6,Kg,压力(壁厚)一栏括号内为接管壁厚
SPF00505,对焊带测量孔法兰,CL300(SCH10S),,RF/WN,S30403,CP05T3023,ASME B16.36(CP05T2002),NA,QNCa,6",,个,14.6,Kg,压力(壁厚)一栏括号内为接管壁厚
SPF00506,对焊带测量孔法兰,CL300(SCH10S),,RF/WN,S31603,CP05T3023,ASME B16.36(CP05T2002),NA,QNCa,6",,个,14.6,Kg,压力(壁厚)一栏括号内为接管壁厚
SPF00507,对焊带测量孔法兰,CL2500(SCH160),,RF/WN,022Cr19Ni10,CP05T3038,ASME B16.36(CP05T2002),RCC-M 1,QA1,8",,个,261,Kg,压力(壁厚)一栏括号内为接管壁厚
SPF00508,对焊带测量孔法兰,CL300(SCH10S),,RF/WN,022Cr19Ni10,CP05T3038,ASME B16.36(CP05T2002),RCC-M 2,QA1,8",,个,30,Kg,压力(壁厚)一栏括号内为接管壁厚
SPF00509,对焊带测量孔法兰,CL300(SCH20),,RF/WN,P280GH,CP05T3052,ASME B16.36(CP05T2002),RCC-M 2,QA1,8",,个,30,Kg,压力(壁厚)一栏括号内为接管壁厚
SPF00510,对焊带测量孔法兰,CL600(SCH40S),,RF/WN,022Cr19Ni10,CP05T3038,ASME B16.36(CP05T2002),RCC-M 2,QA1,8",,个,53,Kg,压力(壁厚)一栏括号内为接管壁厚
SPF00511,对焊带测量孔法兰,CL600(SCH80),,RF/WN,P280GH,CP05T3052,ASME B16.36(CP05T2002),RCC-M 2,QA1,8",,个,53,Kg,压力(壁厚)一栏括号内为接管壁厚
SPF00512,对焊带测量孔法兰,CL900(SCH80S),,RF/WN,022Cr19Ni10,CP05T3038,ASME B16.36(CP05T2002),RCC-M 2,QA1,8",,个,85,Kg,压力(壁厚)一栏括号内为接管壁厚
SPF00513,对焊带测量孔法兰,CL900(SCH120),,RF/WN,P280GH,CP05T3052,ASME B16.36(CP05T2002),RCC-M 2,QA1,8",,个,85,Kg,压力(壁厚)一栏括号内为接管壁厚
SPF00514,对焊带测量孔法兰,CL1500(SCH160),,RF/WN,P280GH,CP05T3052,ASME B16.36(CP05T2002),RCC-M 2,QA1,8",,个,119,Kg,压力(壁厚)一栏括号内为接管壁厚
SPF00515,对焊带测量孔法兰,CL2500(SCH160),,RF/WN,022Cr19Ni10,CP05T3038,ASME B16.36(CP05T2002),RCC-M 2,QA1,8",,个,261,Kg,压力(壁厚)一栏括号内为接管壁厚
SPF00516,对焊带测量孔法兰,CL300(SCH10S),,RF/WN,022Cr19Ni10,CP05T3038,ASME B16.36(CP05T2002),RCC-M 3,QA2,8",,个,30,Kg,压力(壁厚)一栏括号内为接管壁厚
SPF00517,对焊带测量孔法兰,CL300(SCH20),,RF/WN,P280GH,CP05T3052,ASME B16.36(CP05T2002),RCC-M 3,QA2,8",,个,30,Kg,压力(壁厚)一栏括号内为接管壁厚
SPF00518,对焊带测量孔法兰,CL600(SCH40S),,RF/WN,022Cr19Ni10,CP05T3038,ASME B16.36(CP05T2002),RCC-M 3,QA2,8",,个,53,Kg,压力(壁厚)一栏括号内为接管壁厚
SPF00519,对焊带测量孔法兰,CL300(SCH20),,RF/WN,16Mn,CP05T3025,ASME B16.36(CP05T2002),NA,QNCa,8",,个,30,Kg,压力(壁厚)一栏括号内为接管壁厚
SPF00520,对焊带测量孔法兰,CL300(SCH10S),,RF/WN,S30403,CP05T3023,ASME B16.36(CP05T2002),NA,QNCa,8",,个,30,Kg,压力(壁厚)一栏括号内为接管壁厚
SPF00521,对焊带测量孔法兰,CL300(SCH10S),,RF/WN,S31603,CP05T3023,ASME B16.36(CP05T2002),NA,QNCa,8",,个,30,Kg,压力(壁厚)一栏括号内为接管壁厚
SPF00522,对焊带测量孔法兰,CL2500(SCH140),,RF/WN,022Cr19Ni10,CP05T3038,ASME B16.36(CP05T2002),RCC-M 1,QA1,10",,个,485,Kg,压力(壁厚)一栏括号内为接管壁厚
SPF00523,对焊带测量孔法兰,CL300(SCH10S),,RF/WN,022Cr19Ni10,CP05T3038,ASME B16.36(CP05T2002),RCC-M 2,QA1,10",,个,41,Kg,压力(壁厚)一栏括号内为接管壁厚
SPF00524,对焊带测量孔法兰,CL300(SCH20),,RF/WN,P280GH,CP05T3052,ASME B16.36(CP05T2002),RCC-M 2,QA1,10",,个,41,Kg,压力(壁厚)一栏括号内为接管壁厚
SPF00525,对焊带测量孔法兰,CL600(SCH80S),,RF/WN,022Cr19Ni10,CP05T3038,ASME B16.36(CP05T2002),RCC-M 2,QA1,10",,个,86,Kg,压力(壁厚)一栏括号内为接管壁厚
SPF00526,对焊带测量孔法兰,CL600(SCH80),,RF/WN,P280GH,CP05T3052,ASME B16.36(CP05T2002),RCC-M 2,QA1,10",,个,86,Kg,压力(壁厚)一栏括号内为接管壁厚
SPF00527,对焊带测量孔法兰,CL900(SCH80S),,RF/WN,022Cr19Ni10,CP05T3038,ASME B16.36(CP05T2002),RCC-M 2,QA1,10",,个,118,Kg,压力(壁厚)一栏括号内为接管壁厚
SPF00528,对焊带测量孔法兰,CL900(SCH60),,RF/WN,P280GH,CP05T3052,ASME B16.36(CP05T2002),RCC-M 2,QA1,10",,个,118,Kg,压力(壁厚)一栏括号内为接管壁厚
SPF00529,对焊带测量孔法兰,CL1500(SCH160),,RF/WN,P280GH,CP05T3052,ASME B16.36(CP05T2002),RCC-M 2,QA1,10",,个,204,Kg,压力(壁厚)一栏括号内为接管壁厚
SPF00530,对焊带测量孔法兰,CL2500(SCH140),,RF/WN,022Cr19Ni10,CP05T3038,ASME B16.36(CP05T2002),RCC-M 2,QA1,10",,个,485,Kg,压力(壁厚)一栏括号内为接管壁厚
SPF00531,对焊带测量孔法兰,CL300(SCH10S),,RF/WN,022Cr19Ni10,CP05T3038,ASME B16.36(CP05T2002),RCC-M 3,QA2,10",,个,41,Kg,压力(壁厚)一栏括号内为接管壁厚
SPF00532,对焊带测量孔法兰,CL300(SCH20),,RF/WN,P280GH,CP05T3052,ASME B16.36(CP05T2002),RCC-M 3,QA2,10",,个,41,Kg,压力(壁厚)一栏括号内为接管壁厚
SPF00533,对焊带测量孔法兰,CL600(SCH80S),,RF/WN,022Cr19Ni10,CP05T3038,ASME B16.36(CP05T2002),RCC-M 3,QA2,10",,个,86,Kg,压力(壁厚)一栏括号内为接管壁厚
SPF00534,对焊带测量孔法兰,CL300(SCH20),,RF/WN,16Mn,CP05T3025,ASME B16.36(CP05T2002),NA,QNCa,10",,个,41,Kg,压力(壁厚)一栏括号内为接管壁厚
SPF00535,对焊带测量孔法兰,CL300(SCH10S),,RF/WN,S30403,CP05T3023,ASME B16.36(CP05T2002),NA,QNCa,10",,个,41,Kg,压力(壁厚)一栏括号内为接管壁厚
SPF00536,对焊带测量孔法兰,CL300(SCH10S),,RF/WN,S31603,CP05T3023,ASME B16.36(CP05T2002),NA,QNCa,10",,个,41,Kg,压力(壁厚)一栏括号内为接管壁厚
SPF00537,对焊带测量孔法兰,CL2500(SCH140),,RF/WN,022Cr19Ni10,CP05T3038,ASME B16.36(CP05T2002),RCC-M 1,QA1,12",,个,730,Kg,压力(壁厚)一栏括号内为接管壁厚
SPF00538,对焊带测量孔法兰,CL300(SCH10S),,RF/WN,022Cr19Ni10,CP05T3038,ASME B16.36(CP05T2002),RCC-M 2,QA1,12",,个,62,Kg,压力(壁厚)一栏括号内为接管壁厚
SPF00539,对焊带测量孔法兰,CL300(7.14mm),,RF/WN,P280GH,CP05T3052,ASME B16.36(CP05T2002),RCC-M 2,QA1,12",,个,62,Kg,压力(壁厚)一栏括号内为接管壁厚
SPF00540,对焊带测量孔法兰,CL600(SCH80S),,RF/WN,022Cr19Ni10,CP05T3038,ASME B16.36(CP05T2002),RCC-M 2,QA1,12",,个,102,Kg,压力(壁厚)一栏括号内为接管壁厚
SPF00541,对焊带测量孔法兰,CL600(SCH80),,RF/WN,P280GH,CP05T3052,ASME B16.36(CP05T2002),RCC-M 2,QA1,12",,个,102,Kg,压力(壁厚)一栏括号内为接管壁厚
SPF00542,对焊带测量孔法兰,CL900(SCH80S),,RF/WN,022Cr19Ni10,CP05T3038,ASME B16.36(CP05T2002),RCC-M 2,QA1,12",,个,163,Kg,压力(壁厚)一栏括号内为接管壁厚
SPF00543,对焊带测量孔法兰,CL1500(SCH160),,RF/WN,P280GH,CP05T3052,ASME B16.36(CP05T2002),RCC-M 2,QA1,12",,个,303,Kg,压力(壁厚)一栏括号内为接管壁厚
SPF00544,对焊带测量孔法兰,CL2500(SCH140),,RF/WN,022Cr19Ni10,CP05T3038,ASME B16.36(CP05T2002),RCC-M 2,QA1,12",,个,730,Kg,压力(壁厚)一栏括号内为接管壁厚
SPF00545,对焊带测量孔法兰,CL300(SCH10S),,RF/WN,022Cr19Ni10,CP05T3038,ASME B16.36(CP05T2002),RCC-M 3,QA2,12",,个,62,Kg,压力(壁厚)一栏括号内为接管壁厚
SPF00546,对焊带测量孔法兰,CL300(7.14mm),,RF/WN,P280GH,CP05T3052,ASME B16.36(CP05T2002),RCC-M 3,QA2,12",,个,62,Kg,压力(壁厚)一栏括号内为接管壁厚
SPF00547,对焊带测量孔法兰,CL600(SCH80S),,RF/WN,022Cr19Ni10,CP05T3038,ASME B16.36(CP05T2002),RCC-M 3,QA2,12",,个,102,Kg,压力(壁厚)一栏括号内为接管壁厚
SPF00548,对焊带测量孔法兰,CL300(7.14mm),,RF/WN,16Mn,CP05T3025,ASME B16.36(CP05T2002),NA,QNCa,12",,个,62,Kg,压力(壁厚)一栏括号内为接管壁厚
SPF00549,对焊带测量孔法兰,CL300(SCH10S),,RF/WN,S30403,CP05T3023,ASME B16.36(CP05T2002),NA,QNCa,12",,个,62,Kg,压力(壁厚)一栏括号内为接管壁厚
SPF00550,对焊带测量孔法兰,CL300(SCH10S),,RF/WN,S31603,CP05T3023,ASME B16.36(CP05T2002),NA,QNCa,12",,个,62,Kg,压力(壁厚)一栏括号内为接管壁厚
SPF00552,对焊带测量孔法兰,CL300(SCH10S),,RF/WN,022Cr19Ni10,CP05T3038,ASME B16.36(CP05T2002),RCC-M 2,QA1,14",,个,84,Kg,压力(壁厚)一栏括号内为接管壁厚
SPF00553,对焊带测量孔法兰,CL300(SCH20),,RF/WN,P280GH,CP05T3052,ASME B16.36(CP05T2002),RCC-M 2,QA1,14",,个,84,Kg,压力(壁厚)一栏括号内为接管壁厚
SPF00554,对焊带测量孔法兰,CL600(SCH60),,RF/WN,022Cr19Ni10,CP05T3038,ASME B16.36(CP05T2002),RCC-M 2,QA1,14",,个,150,Kg,压力(壁厚)一栏括号内为接管壁厚
SPF00555,对焊带测量孔法兰,CL600(SCH80),,RF/WN,P280GH,CP05T3052,ASME B16.36(CP05T2002),RCC-M 2,QA1,14",,个,150,Kg,压力(壁厚)一栏括号内为接管壁厚
SPF00556,对焊带测量孔法兰,CL900(SCH80S),,RF/WN,022Cr19Ni10,CP05T3038,ASME B16.36(CP05T2002),RCC-M 2,QA1,14",,个,186,Kg,压力(壁厚)一栏括号内为接管壁厚
SPF00557,对焊带测量孔法兰,CL1500(SCH160),,RF/WN,P280GH,CP05T3052,ASME B16.36(CP05T2002),RCC-M 2,QA1,14",,个,400,Kg,压力(壁厚)一栏括号内为接管壁厚
SPF00559,对焊带测量孔法兰,CL300(SCH40S),,RF/WN,022Cr19Ni10,CP05T3038,ASME B16.36(CP05T2002),RCC-M 3,QA2,14",,个,84,Kg,压力(壁厚)一栏括号内为接管壁厚
SPF00560,对焊带测量孔法兰,CL300(SCH20),,RF/WN,P280GH,CP05T3052,ASME B16.36(CP05T2002),RCC-M 3,QA2,14",,个,84,Kg,压力(壁厚)一栏括号内为接管壁厚
SPF00561,对焊带测量孔法兰,CL600(SCH60),,RF/WN,022Cr19Ni10,CP05T3038,ASME B16.36(CP05T2002),RCC-M 3,QA2,14",,个,150,Kg,压力(壁厚)一栏括号内为接管壁厚
SPF00562,对焊带测量孔法兰,CL300(SCH20),,RF/WN,16Mn,CP05T3025,ASME B16.36(CP05T2002),NA,QNCa,14",,个,84,Kg,压力(壁厚)一栏括号内为接管壁厚
SPF00563,对焊带测量孔法兰,CL300(SCH10S),,RF/WN,S30403,CP05T3023,ASME B16.36(CP05T2002),NA,QNCa,14",,个,84,Kg,压力(壁厚)一栏括号内为接管壁厚
SPF00564,对焊带测量孔法兰,CL300(SCH10S),,RF/WN,S31603,CP05T3023,ASME B16.36(CP05T2002),NA,QNCa,14",,个,84,Kg,压力(壁厚)一栏括号内为接管壁厚
SPF00566,对焊带测量孔法兰,CL300(SCH10S),,RF/WN,022Cr19Ni10,CP05T3038,ASME B16.36(CP05T2002),RCC-M 2,QA1,16",,个,111,Kg,压力(壁厚)一栏括号内为接管壁厚
SPF00567,对焊带测量孔法兰,CL300(8.74mm),,RF/WN,P280GH,CP05T3052,ASME B16.36(CP05T2002),RCC-M 2,QA1,16",,个,111,Kg,压力(壁厚)一栏括号内为接管壁厚
SPF00568,对焊带测量孔法兰,CL600(SCH60),,RF/WN,022Cr19Ni10,CP05T3038,ASME B16.36(CP05T2002),RCC-M 2,QA1,16",,个,190,Kg,压力(壁厚)一栏括号内为接管壁厚
SPF00569,对焊带测量孔法兰,CL600(SCH80),,RF/WN,P280GH,CP05T3052,ASME B16.36(CP05T2002),RCC-M 2,QA1,16",,个,190,Kg,压力(壁厚)一栏括号内为接管壁厚
SPF00570,对焊带测量孔法兰,CL900(SCH80S),,RF/WN,022Cr19Ni10,CP05T3038,ASME B16.36(CP05T2002),RCC-M 2,QA1,16",,个,224,Kg,压力(壁厚)一栏括号内为接管壁厚
SPF00571,对焊带测量孔法兰,CL1500(SCH160),,RF/WN,P280GH,CP05T3052,ASME B16.36(CP05T2002),RCC-M 2,QA1,16",,个,510,Kg,压力(壁厚)一栏括号内为接管壁厚
SPF00573,对焊带测量孔法兰,CL300(SCH40S),,RF/WN,022Cr19Ni10,CP05T3038,ASME B16.36(CP05T2002),RCC-M 3,QA2,16",,个,111,Kg,压力(壁厚)一栏括号内为接管壁厚
SPF00574,对焊带测量孔法兰,CL300(9.8mm),,RF/WN,P280GH,CP05T3052,ASME B16.36(CP05T2002),RCC-M 3,QA2,16",,个,111,Kg,压力(壁厚)一栏括号内为接管壁厚
SPF00575,对焊带测量孔法兰,CL600(SCH60),,RF/WN,022Cr19Ni10,CP05T3038,ASME B16.36(CP05T2002),RCC-M 3,QA2,16",,个,190,Kg,压力(壁厚)一栏括号内为接管壁厚
SPF00576,对焊带测量孔法兰,CL300(SCH20),,RF/WN,16Mn,CP05T3025,ASME B16.36(CP05T2002),NA,QNCa,16",,个,111,Kg,压力(壁厚)一栏括号内为接管壁厚
SPF00577,对焊带测量孔法兰,CL300(SCH10S),,RF/WN,S30403,CP05T3023,ASME B16.36(CP05T2002),NA,QNCa,16",,个,111,Kg,压力(壁厚)一栏括号内为接管壁厚
SPF00578,对焊带测量孔法兰,CL300(SCH10S),,RF/WN,S31603,CP05T3023,ASME B16.36(CP05T2002),NA,QNCa,16",,个,111,Kg,压力(壁厚)一栏括号内为接管壁厚
SPF00580,对焊带测量孔法兰,CL300(SCH20),,RF/WN,022Cr19Ni10,CP05T3038,ASME B16.36(CP05T2002),RCC-M 2,QA1,18",,个,138,Kg,压力(壁厚)一栏括号内为接管壁厚
SPF00582,对焊带测量孔法兰,CL300(SCH10),,RF/WN,P280GH,CP05T3052,ASME B16.36(CP05T2002),RCC-M 3,QA2,18",,个,138,Kg,压力(壁厚)一栏括号内为接管壁厚
SPF00586,对焊带测量孔法兰,CL300(SCH10),,RF/WN,P280GH,CP05T3052,ASME B16.36(CP05T2002),RCC-M 3,QA2,20",,个,171,Kg,压力(壁厚)一栏括号内为接管壁厚
SPF00587,对焊带测量孔法兰,CL300(SCH20),,RF/WN,16Mn,CP05T3025,ASME B16.36(CP05T2002),NA,QNCa,20",,个,171,Kg,压力(壁厚)一栏括号内为接管壁厚
SPF00594,对焊带测量孔法兰,CL300(SCH10),,RF/WN,P280GH,CP05T3052,ASME B16.36(CP05T2002),RCC-M 3,QA2,24",,个,247,Kg,压力(壁厚)一栏括号内为接管壁厚
SPF00603,法兰盖,CL2500,,RF,022Cr19Ni10,CP05T3038,ASME B16.5,RCC-M 1,QA1,1/2",,个,3.3,Kg,
SPF00604,法兰盖,CL150,,RF,022Cr19Ni10,CP05T3038,ASME B16.5,RCC-M 2,QA1,1/2",,个,1.2,Kg,
SPF00605,法兰盖,CL150,,RF,P280GH,CP05T3052,ASME B16.5,RCC-M 2,QA1,1/2",,个,1.2,Kg,
SPF00606,法兰盖,CL300,,RF,022Cr19Ni10,CP05T3038,ASME B16.5,RCC-M 2,QA1,1/2",,个,1.5,Kg,
SPF00607,法兰盖,CL300,,RF,P280GH,CP05T3052,ASME B16.5,RCC-M 2,QA1,1/2",,个,1.5,Kg,
SPF00608,法兰盖,CL600,,RF,022Cr19Ni10,CP05T3038,ASME B16.5,RCC-M 2,QA1,1/2",,个,1.4,Kg,
SPF00609,法兰盖,CL600,,RF,P280GH,CP05T3052,ASME B16.5,RCC-M 2,QA1,1/2",,个,1.4,Kg,
SPF00610,法兰盖,CL900,,RF,022Cr19Ni10,CP05T3038,ASME B16.5,RCC-M 2,QA1,1/2",,个,1.8,Kg,
SPF00611,法兰盖,CL900,,RF,P280GH,CP05T3052,ASME B16.5,RCC-M 2,QA1,1/2",,个,1.8,Kg,
SPF00612,法兰盖,CL1500,,RF,P280GH,CP05T3052,ASME B16.5,RCC-M 2,QA1,1/2",,个,1.8,Kg,
SPF00613,法兰盖,CL2500,,RF,022Cr19Ni10,CP05T3038,ASME B16.5,RCC-M 2,QA1,1/2",,个,3.3,Kg,
SPF00614,法兰盖,CL150,,RF,022Cr17Ni12Mo2,CP05T3038,ASME B16.5,RCC-M 3,QA2,1/2",,个,1.2,Kg,
SPF00615,法兰盖,CL150,,RF,022Cr19Ni10,CP05T3038,ASME B16.5,RCC-M 3,QA2,1/2",,个,1.2,Kg,
SPF00616,法兰盖,CL150,,RF,P280GH,CP05T3052,ASME B16.5,RCC-M 3,QA2,1/2",,个,1.2,Kg,
SPF00617,法兰盖,CL300,,RF,022Cr19Ni10,CP05T3038,ASME B16.5,RCC-M 3,QA2,1/2",,个,1.5,Kg,
SPF00618,法兰盖,CL300,,RF,P280GH,CP05T3052,ASME B16.5,RCC-M 3,QA2,1/2",,个,1.5,Kg,
SPF00619,法兰盖,CL600,,RF,022Cr19Ni10,CP05T3038,ASME B16.5,RCC-M 3,QA2,1/2",,个,1.4,Kg,
SPF00620,法兰盖,CL150,,RF,16Mn,CP05T3025,ASME B16.5,NA,QNCa,1/2",,个,0.5,Kg,
SPF00621,法兰盖,CL150,,RF,S30403,CP05T3023,ASME B16.5,NA,QNCa,1/2",,个,0.5,Kg,
SPF00622,法兰盖,CL150,,RF,S31603,CP05T3023,ASME B16.5,NA,QNCa,1/2",,个,1.2,Kg,
SPF00623,法兰盖,CL2500,,RF,022Cr19Ni10,CP05T3038,ASME B16.5,RCC-M 1,QA1,3/4",,个,3.9,Kg,
SPF00624,法兰盖,CL150,,RF,022Cr19Ni10,CP05T3038,ASME B16.5,RCC-M 2,QA1,3/4",,个,1.3,Kg,
SPF00625,法兰盖,CL150,,RF,P280GH,CP05T3052,ASME B16.5,RCC-M 2,QA1,3/4",,个,1.3,Kg,
SPF00626,法兰盖,CL300,,RF,022Cr19Ni10,CP05T3038,ASME B16.5,RCC-M 2,QA1,3/4",,个,1.6,Kg,
SPF00627,法兰盖,CL300,,RF,P280GH,CP05T3052,ASME B16.5,RCC-M 2,QA1,3/4",,个,1.6,Kg,
SPF00628,法兰盖,CL600,,RF,022Cr19Ni10,CP05T3038,ASME B16.5,RCC-M 2,QA1,3/4",,个,1.6,Kg,
SPF00629,法兰盖,CL600,,RF,P280GH,CP05T3052,ASME B16.5,RCC-M 2,QA1,3/4",,个,1.6,Kg,
SPF00630,法兰盖,CL900,,RF,022Cr19Ni10,CP05T3038,ASME B16.5,RCC-M 2,QA1,3/4",,个,2.7,Kg,
SPF00631,法兰盖,CL900,,RF,P280GH,CP05T3052,ASME B16.5,RCC-M 2,QA1,3/4",,个,2.7,Kg,
SPF00632,法兰盖,CL1500,,RF,P280GH,CP05T3052,ASME B16.5,RCC-M 2,QA1,3/4",,个,2.7,Kg,
SPF00633,法兰盖,CL2500,,RF,022Cr19Ni10,CP05T3038,ASME B16.5,RCC-M 2,QA1,3/4",,个,3.9,Kg,
SPF00634,法兰盖,CL150,,RF,022Cr17Ni12Mo2,CP05T3038,ASME B16.5,RCC-M 3,QA2,3/4",,个,1.3,Kg,
SPF00635,法兰盖,CL150,,RF,022Cr19Ni10,CP05T3038,ASME B16.5,RCC-M 3,QA2,3/4",,个,1.3,Kg,
SPF00636,法兰盖,CL150,,RF,P280GH,CP05T3052,ASME B16.5,RCC-M 3,QA2,3/4",,个,1.3,Kg,
SPF00637,法兰盖,CL300,,RF,022Cr19Ni10,CP05T3038,ASME B16.5,RCC-M 3,QA2,3/4",,个,1.6,Kg,
SPF00638,法兰盖,CL300,,RF,P280GH,CP05T3052,ASME B16.5,RCC-M 3,QA2,3/4",,个,1.6,Kg,
SPF00639,法兰盖,CL600,,RF,022Cr19Ni10,CP05T3038,ASME B16.5,RCC-M 3,QA2,3/4",,个,1.6,Kg,
SPF00640,法兰盖,CL150,,RF,16Mn,CP05T3025,ASME B16.5,NA,QNCa,3/4",,个,1.3,Kg,
SPF00641,法兰盖,CL150,,RF,S30403,CP05T3023,ASME B16.5,NA,QNCa,3/4",,个,0.9,Kg,
SPF00642,法兰盖,CL150,,RF,S31603,CP05T3023,ASME B16.5,NA,QNCa,3/4",,个,1.3,Kg,
SPF00643,法兰盖,CL2500,,RF,022Cr19Ni10,CP05T3038,ASME B16.5,RCC-M 1,QA1,1",,个,5,Kg,
SPF00644,法兰盖,CL150,,RF,022Cr19Ni10,CP05T3038,ASME B16.5,RCC-M 2,QA1,1",,个,1.4,Kg,
SPF00645,法兰盖,CL150,,RF,P280GH,CP05T3052,ASME B16.5,RCC-M 2,QA1,1",,个,1.4,Kg,
SPF00646,法兰盖,CL300,,RF,022Cr19Ni10,CP05T3038,ASME B16.5,RCC-M 2,QA1,1",,个,2,Kg,
SPF00647,法兰盖,CL300,,RF,P280GH,CP05T3052,ASME B16.5,RCC-M 2,QA1,1",,个,2,Kg,
SPF00648,法兰盖,CL600,,RF,022Cr19Ni10,CP05T3038,ASME B16.5,RCC-M 2,QA1,1",,个,2.1,Kg,
SPF00649,法兰盖,CL600,,RF,P280GH,CP05T3052,ASME B16.5,RCC-M 2,QA1,1",,个,2.1,Kg,
SPF00650,法兰盖,CL900,,RF,022Cr19Ni10,CP05T3038,ASME B16.5,RCC-M 2,QA1,1",,个,4,Kg,
SPF00651,法兰盖,CL900,,RF,P280GH,CP05T3052,ASME B16.5,RCC-M 2,QA1,1",,个,4,Kg,
SPF00652,法兰盖,CL1500,,RF,P280GH,CP05T3052,ASME B16.5,RCC-M 2,QA1,1",,个,4,Kg,
SPF00653,法兰盖,CL2500,,RF,022Cr19Ni10,CP05T3038,ASME B16.5,RCC-M 2,QA1,1",,个,5,Kg,
SPF00654,法兰盖,CL150,,RF,022Cr17Ni12Mo2,CP05T3038,ASME B16.5,RCC-M 3,QA2,1",,个,1.4,Kg,
SPF00655,法兰盖,CL150,,RF,022Cr19Ni10,CP05T3038,ASME B16.5,RCC-M 3,QA2,1",,个,1.4,Kg,
SPF00656,法兰盖,CL150,,RF,P280GH,CP05T3052,ASME B16.5,RCC-M 3,QA2,1",,个,1.4,Kg,
SPF00657,法兰盖,CL300,,RF,022Cr19Ni10,CP05T3038,ASME B16.5,RCC-M 3,QA2,1",,个,2,Kg,
SPF00658,法兰盖,CL300,,RF,P280GH,CP05T3052,ASME B16.5,RCC-M 3,QA2,1",,个,2,Kg,
SPF00659,法兰盖,CL600,,RF,022Cr19Ni10,CP05T3038,ASME B16.5,RCC-M 3,QA2,1",,个,2.1,Kg,
SPF00660,法兰盖,CL150,,RF,16Mn,CP05T3025,ASME B16.5,NA,QNCa,1",,个,1.4,Kg,
SPF00661,法兰盖,CL150,,RF,S30403,CP05T3023,ASME B16.5,NA,QNCa,1",,个,1.4,Kg,
SPF00662,法兰盖,CL150,,RF,S31603,CP05T3023,ASME B16.5,NA,QNCa,1",,个,1.4,Kg,
SPF00663,法兰盖,CL2500,,RF,022Cr19Ni10,CP05T3038,ASME B16.5,RCC-M 1,QA1,1-1/4",,个,8.1,Kg,
SPF00664,法兰盖,CL150,,RF,022Cr19Ni10,CP05T3038,ASME B16.5,RCC-M 2,QA1,1-1/4",,个,1.8,Kg,
SPF00665,法兰盖,CL150,,RF,P280GH,CP05T3052,ASME B16.5,RCC-M 2,QA1,1-1/4",,个,1.8,Kg,
SPF00666,法兰盖,CL300,,RF,022Cr19Ni10,CP05T3038,ASME B16.5,RCC-M 2,QA1,1-1/4",,个,2.5,Kg,
SPF00667,法兰盖,CL300,,RF,P280GH,CP05T3052,ASME B16.5,RCC-M 2,QA1,1-1/4",,个,2.5,Kg,
SPF00668,法兰盖,CL600,,RF,022Cr19Ni10,CP05T3038,ASME B16.5,RCC-M 2,QA1,1-1/4",,个,2.6,Kg,
SPF00669,法兰盖,CL600,,RF,P280GH,CP05T3052,ASME B16.5,RCC-M 2,QA1,1-1/4",,个,2.6,Kg,
SPF00670,法兰盖,CL900,,RF,022Cr19Ni10,CP05T3038,ASME B16.5,RCC-M 2,QA1,1-1/4",,个,5.8,Kg,
SPF00671,法兰盖,CL900,,RF,P280GH,CP05T3052,ASME B16.5,RCC-M 2,QA1,1-1/4",,个,5.8,Kg,
SPF00672,法兰盖,CL1500,,RF,P280GH,CP05T3052,ASME B16.5,RCC-M 2,QA1,1-1/4",,个,5.8,Kg,
SPF00673,法兰盖,CL2500,,RF,022Cr19Ni10,CP05T3038,ASME B16.5,RCC-M 2,QA1,1-1/4",,个,8.1,Kg,
SPF00674,法兰盖,CL150,,RF,022Cr17Ni12Mo2,CP05T3038,ASME B16.5,RCC-M 3,QA2,1-1/4",,个,1.8,Kg,
SPF00675,法兰盖,CL150,,RF,022Cr19Ni10,CP05T3038,ASME B16.5,RCC-M 3,QA2,1-1/4",,个,1.8,Kg,
SPF00676,法兰盖,CL150,,RF,P280GH,CP05T3052,ASME B16.5,RCC-M 3,QA2,1-1/4",,个,1.8,Kg,
SPF00677,法兰盖,CL300,,RF,022Cr19Ni10,CP05T3038,ASME B16.5,RCC-M 3,QA2,1-1/4",,个,2.5,Kg,
SPF00678,法兰盖,CL300,,RF,P280GH,CP05T3052,ASME B16.5,RCC-M 3,QA2,1-1/4",,个,2.5,Kg,
SPF00679,法兰盖,CL600,,RF,022Cr19Ni10,CP05T3038,ASME B16.5,RCC-M 3,QA2,1-1/4",,个,2.6,Kg,
SPF00680,法兰盖,CL150,,RF,16Mn,CP05T3025,ASME B16.5,NA,QNCa,1-1/4",,个,1.8,Kg,
SPF00681,法兰盖,CL150,,RF,S30403,CP05T3023,ASME B16.5,NA,QNCa,1-1/4",,个,1.8,Kg,
SPF00682,法兰盖,CL150,,RF,S31603,CP05T3023,ASME B16.5,NA,QNCa,1-1/4",,个,1.8,Kg,
SPF00683,法兰盖,CL2500,,RF,022Cr19Ni10,CP05T3038,ASME B16.5,RCC-M 1,QA1,1-1/2",,个,11.5,Kg,
SPF00684,法兰盖,CL150,,RF,022Cr19Ni10,CP05T3038,ASME B16.5,RCC-M 2,QA1,1-1/2",,个,2.2,Kg,
SPF00685,法兰盖,CL150,,RF,P280GH,CP05T3052,ASME B16.5,RCC-M 2,QA1,1-1/2",,个,2.2,Kg,
SPF00686,法兰盖,CL300,,RF,022Cr19Ni10,CP05T3038,ASME B16.5,RCC-M 2,QA1,1-1/2",,个,3,Kg,
SPF00687,法兰盖,CL300,,RF,P280GH,CP05T3052,ASME B16.5,RCC-M 2,QA1,1-1/2",,个,3,Kg,
SPF00688,法兰盖,CL600,,RF,022Cr19Ni10,CP05T3038,ASME B16.5,RCC-M 2,QA1,1-1/2",,个,3.3,Kg,
SPF00689,法兰盖,CL600,,RF,P280GH,CP05T3052,ASME B16.5,RCC-M 2,QA1,1-1/2",,个,3.3,Kg,
SPF00690,法兰盖,CL900,,RF,022Cr19Ni10,CP05T3038,ASME B16.5,RCC-M 2,QA1,1-1/2",,个,6.5,Kg,
SPF00691,法兰盖,CL900,,RF,P280GH,CP05T3052,ASME B16.5,RCC-M 2,QA1,1-1/2",,个,6.5,Kg,
SPF00692,法兰盖,CL1500,,RF,P280GH,CP05T3052,ASME B16.5,RCC-M 2,QA1,1-1/2",,个,6.5,Kg,
SPF00693,法兰盖,CL2500,,RF,022Cr19Ni10,CP05T3038,ASME B16.5,RCC-M 2,QA1,1-1/2",,个,11.5,Kg,
SPF00694,法兰盖,CL150,,RF,022Cr17Ni12Mo2,CP05T3038,ASME B16.5,RCC-M 3,QA2,1-1/2",,个,2.2,Kg,
SPF00695,法兰盖,CL150,,RF,022Cr19Ni10,CP05T3038,ASME B16.5,RCC-M 3,QA2,1-1/2",,个,2.2,Kg,
SPF00696,法兰盖,CL150,,RF,P280GH,CP05T3052,ASME B16.5,RCC-M 3,QA2,1-1/2",,个,2.2,Kg,
SPF00697,法兰盖,CL300,,RF,022Cr19Ni10,CP05T3038,ASME B16.5,RCC-M 3,QA2,1-1/2",,个,3,Kg,
SPF00698,法兰盖,CL300,,RF,P280GH,CP05T3052,ASME B16.5,RCC-M 3,QA2,1-1/2",,个,3,Kg,
SPF00699,法兰盖,CL600,,RF,022Cr19Ni10,CP05T3038,ASME B16.5,RCC-M 3,QA2,1-1/2",,个,3.3,Kg,
SPF00700,法兰盖,CL150,,RF,16Mn,CP05T3025,ASME B16.5,NA,QNCa,1-1/2",,个,2.2,Kg,
SPF00701,法兰盖,CL150,,RF,S30403,CP05T3023,ASME B16.5,NA,QNCa,1-1/2",,个,2.2,Kg,
SPF00702,法兰盖,CL150,,RF,S31603,CP05T3023,ASME B16.5,NA,QNCa,1-1/2",,个,2.2,Kg,
SPF00703,法兰盖,CL2500,,RF,022Cr19Ni10,CP05T3038,ASME B16.5,RCC-M 1,QA1,2",,个,17.6,Kg,
SPF00704,法兰盖,CL150,,RF,022Cr19Ni10,CP05T3038,ASME B16.5,RCC-M 2,QA1,2",,个,2.8,Kg,
SPF00705,法兰盖,CL150,,RF,P280GH,CP05T3052,ASME B16.5,RCC-M 2,QA1,2",,个,2.8,Kg,
SPF00706,法兰盖,CL300,,RF,022Cr19Ni10,CP05T3038,ASME B16.5,RCC-M 2,QA1,2",,个,3.5,Kg,
SPF00707,法兰盖,CL300,,RF,P280GH,CP05T3052,ASME B16.5,RCC-M 2,QA1,2",,个,3.5,Kg,
SPF00708,法兰盖,CL600,,RF,022Cr19Ni10,CP05T3038,ASME B16.5,RCC-M 2,QA1,2",,个,4.4,Kg,
SPF00709,法兰盖,CL600,,RF,P280GH,CP05T3052,ASME B16.5,RCC-M 2,QA1,2",,个,4.4,Kg,
SPF00710,法兰盖,CL900,,RF,022Cr19Ni10,CP05T3038,ASME B16.5,RCC-M 2,QA1,2",,个,11.5,Kg,
SPF00711,法兰盖,CL900,,RF,P280GH,CP05T3052,ASME B16.5,RCC-M 2,QA1,2",,个,11.5,Kg,
SPF00712,法兰盖,CL1500,,RF,P280GH,CP05T3052,ASME B16.5,RCC-M 2,QA1,2",,个,11.5,Kg,
SPF00713,法兰盖,CL2500,,RF,022Cr19Ni10,CP05T3038,ASME B16.5,RCC-M 2,QA1,2",,个,17.6,Kg,
SPF00714,法兰盖,CL150,,RF,022Cr17Ni12Mo2,CP05T3038,ASME B16.5,RCC-M 3,QA2,2",,个,2.8,Kg,
SPF00715,法兰盖,CL150,,RF,022Cr19Ni10,CP05T3038,ASME B16.5,RCC-M 3,QA2,2",,个,2.8,Kg,
SPF00716,法兰盖,CL150,,RF,P280GH,CP05T3052,ASME B16.5,RCC-M 3,QA2,2",,个,2.8,Kg,
SPF00717,法兰盖,CL300,,RF,022Cr19Ni10,CP05T3038,ASME B16.5,RCC-M 3,QA2,2",,个,3.5,Kg,
SPF00718,法兰盖,CL300,,RF,P280GH,CP05T3052,ASME B16.5,RCC-M 3,QA2,2",,个,3.5,Kg,
SPF00719,法兰盖,CL600,,RF,022Cr19Ni10,CP05T3038,ASME B16.5,RCC-M 3,QA2,2",,个,4.4,Kg,
SPF00720,法兰盖,CL150,,RF,16Mn,CP05T3025,ASME B16.5,NA,QNCa,2",,个,2.3,Kg,
SPF00721,法兰盖,CL150,,RF,S30403,CP05T3023,ASME B16.5,NA,QNCa,2",,个,2.3,Kg,
SPF00722,法兰盖,CL150,,RF,S31603,CP05T3023,ASME B16.5,NA,QNCa,2",,个,2.8,Kg,
SPF00723,法兰盖,CL2500,,RF,022Cr19Ni10,CP05T3038,ASME B16.5,RCC-M 1,QA1,2-1/2",,个,26,Kg,
SPF00724,法兰盖,CL150,,RF,022Cr19Ni10,CP05T3038,ASME B16.5,RCC-M 2,QA1,2-1/2",,个,4.7,Kg,
SPF00725,法兰盖,CL150,,RF,P280GH,CP05T3052,ASME B16.5,RCC-M 2,QA1,2-1/2",,个,4.7,Kg,
SPF00726,法兰盖,CL300,,RF,022Cr19Ni10,CP05T3038,ASME B16.5,RCC-M 2,QA1,2-1/2",,个,5.5,Kg,
SPF00727,法兰盖,CL300,,RF,P280GH,CP05T3052,ASME B16.5,RCC-M 2,QA1,2-1/2",,个,5.5,Kg,
SPF00728,法兰盖,CL600,,RF,022Cr19Ni10,CP05T3038,ASME B16.5,RCC-M 2,QA1,2-1/2",,个,6,Kg,
SPF00729,法兰盖,CL600,,RF,P280GH,CP05T3052,ASME B16.5,RCC-M 2,QA1,2-1/2",,个,6,Kg,
SPF00730,法兰盖,CL900,,RF,022Cr19Ni10,CP05T3038,ASME B16.5,RCC-M 2,QA1,2-1/2",,个,15.5,Kg,
SPF00731,法兰盖,CL900,,RF,P280GH,CP05T3052,ASME B16.5,RCC-M 2,QA1,2-1/2",,个,15.5,Kg,
SPF00732,法兰盖,CL1500,,RF,P280GH,CP05T3052,ASME B16.5,RCC-M 2,QA1,2-1/2",,个,15.5,Kg,
SPF00733,法兰盖,CL2500,,RF,022Cr19Ni10,CP05T3038,ASME B16.5,RCC-M 2,QA1,2-1/2",,个,26,Kg,
SPF00734,法兰盖,CL150,,RF,022Cr19Ni10,CP05T3038,ASME B16.5,RCC-M 3,QA2,2-1/2",,个,4.7,Kg,
SPF00735,法兰盖,CL150,,RF,P280GH,CP05T3052,ASME B16.5,RCC-M 3,QA2,2-1/2",,个,4.7,Kg,
SPF00736,法兰盖,CL300,,RF,P280GH,CP05T3052,ASME B16.5,RCC-M 3,QA2,2-1/2",,个,5.5,Kg,
SPF00737,法兰盖,CL600,,RF,022Cr19Ni10,CP05T3038,ASME B16.5,RCC-M 3,QA2,2-1/2",,个,6,Kg,
SPF00738,法兰盖,CL150,,RF,16Mn,CP05T3025,ASME B16.5,NA,QNCa,2-1/2",,个,3.2,Kg,
SPF00739,法兰盖,CL150,,RF,S30403,CP05T3023,ASME B16.5,NA,QNCa,2-1/2",,个,4.7,Kg,
SPF00740,法兰盖,CL150,,RF,S31603,CP05T3023,ASME B16.5,NA,QNCa,2-1/2",,个,4.7,Kg,
SPF00741,法兰盖,CL2500,,RF,022Cr19Ni10,CP05T3038,ASME B16.5,RCC-M 1,QA1,3",,个,39,Kg,
SPF00742,法兰盖,CL150,,RF,022Cr19Ni10,CP05T3038,ASME B16.5,RCC-M 2,QA1,3",,个,5.5,Kg,
SPF00743,法兰盖,CL150,,RF,P280GH,CP05T3052,ASME B16.5,RCC-M 2,QA1,3",,个,5.5,Kg,
SPF00744,法兰盖,CL300,,RF,022Cr19Ni10,CP05T3038,ASME B16.5,RCC-M 2,QA1,3",,个,7,Kg,
SPF00745,法兰盖,CL300,,RF,P280GH,CP05T3052,ASME B16.5,RCC-M 2,QA1,3",,个,7,Kg,
SPF00746,法兰盖,CL600,,RF,022Cr19Ni10,CP05T3038,ASME B16.5,RCC-M 2,QA1,3",,个,7.4,Kg,
SPF00747,法兰盖,CL600,,RF,P280GH,CP05T3052,ASME B16.5,RCC-M 2,QA1,3",,个,7.4,Kg,
SPF00748,法兰盖,CL900,,RF,022Cr19Ni10,CP05T3038,ASME B16.5,RCC-M 2,QA1,3",,个,14.5,Kg,
SPF00749,法兰盖,CL900,,RF,P280GH,CP05T3052,ASME B16.5,RCC-M 2,QA1,3",,个,14.5,Kg,
SPF00750,法兰盖,CL1500,,RF,P280GH,CP05T3052,ASME B16.5,RCC-M 2,QA1,3",,个,22,Kg,
SPF00751,法兰盖,CL2500,,RF,022Cr19Ni10,CP05T3038,ASME B16.5,RCC-M 2,QA1,3",,个,39,Kg,
SPF00752,法兰盖,CL150,,RF,022Cr19Ni10,CP05T3038,ASME B16.5,RCC-M 3,QA2,3",,个,5.5,Kg,
SPF00753,法兰盖,CL150,,RF,P280GH,CP05T3052,ASME B16.5,RCC-M 3,QA2,3",,个,5.5,Kg,
SPF00754,法兰盖,CL300,,RF,P280GH,CP05T3052,ASME B16.5,RCC-M 3,QA2,3",,个,7,Kg,
SPF00755,法兰盖,CL600,,RF,022Cr19Ni10,CP05T3038,ASME B16.5,RCC-M 3,QA2,3",,个,7.4,Kg,
SPF00756,法兰盖,CL150,,RF,16Mn,CP05T3025,ASME B16.5,NA,QNCa,3",,个,4,Kg,
SPF00757,法兰盖,CL150,,RF,S30403,CP05T3023,ASME B16.5,NA,QNCa,3",,个,4,Kg,
SPF00758,法兰盖,CL150,,RF,S31603,CP05T3023,ASME B16.5,NA,QNCa,3",,个,5.5,Kg,
SPF00762,法兰盖,CL300,,RF,022Cr19Ni10,CP05T3038,ASME B16.5,RCC-M 2,QA1,3-1/2",,个,9,Kg,
SPF00763,法兰盖,CL300,,RF,P280GH,CP05T3052,ASME B16.5,RCC-M 2,QA1,3-1/2",,个,9,Kg,
SPF00772,法兰盖,CL300,,RF,P280GH,CP05T3052,ASME B16.5,RCC-M 3,QA2,3-1/2",,个,9,Kg,
SPF00777,法兰盖,CL2500,,RF,022Cr19Ni10,CP05T3038,ASME B16.5,RCC-M 1,QA1,4",,个,60,Kg,
SPF00778,法兰盖,CL150,,RF,022Cr19Ni10,CP05T3038,ASME B16.5,RCC-M 2,QA1,4",,个,8,Kg,
SPF00779,法兰盖,CL150,,RF,P280GH,CP05T3052,ASME B16.5,RCC-M 2,QA1,4",,个,8,Kg,
SPF00780,法兰盖,CL300,,RF,022Cr19Ni10,CP05T3038,ASME B16.5,RCC-M 2,QA1,4",,个,12,Kg,
SPF00781,法兰盖,CL300,,RF,P280GH,CP05T3052,ASME B16.5,RCC-M 2,QA1,4",,个,12,Kg,
SPF00782,法兰盖,CL600,,RF,022Cr19Ni10,CP05T3038,ASME B16.5,RCC-M 2,QA1,4",,个,17,Kg,
SPF00783,法兰盖,CL600,,RF,P280GH,CP05T3052,ASME B16.5,RCC-M 2,QA1,4",,个,17,Kg,
SPF00784,法兰盖,CL900,,RF,022Cr19Ni10,CP05T3038,ASME B16.5,RCC-M 2,QA1,4",,个,24,Kg,
SPF00785,法兰盖,CL900,,RF,P280GH,CP05T3052,ASME B16.5,RCC-M 2,QA1,4",,个,24,Kg,
SPF00786,法兰盖,CL1500,,RF,P280GH,CP05T3052,ASME B16.5,RCC-M 2,QA1,4",,个,33,Kg,
SPF00787,法兰盖,CL2500,,RF,022Cr19Ni10,CP05T3038,ASME B16.5,RCC-M 2,QA1,4",,个,60,Kg,
SPF00788,法兰盖,CL150,,RF,022Cr19Ni10,CP05T3038,ASME B16.5,RCC-M 3,QA2,4",,个,8,Kg,
SPF00789,法兰盖,CL150,,RF,P280GH,CP05T3052,ASME B16.5,RCC-M 3,QA2,4",,个,8,Kg,
SPF00790,法兰盖,CL300,,RF,P280GH,CP05T3052,ASME B16.5,RCC-M 3,QA2,4",,个,12,Kg,
SPF00791,法兰盖,CL600,,RF,022Cr19Ni10,CP05T3038,ASME B16.5,RCC-M 3,QA2,4",,个,17,Kg,
SPF00792,法兰盖,CL150,,RF,16Mn,CP05T3025,ASME B16.5,NA,QNCa,4",,个,8,Kg,
SPF00793,法兰盖,CL150,,RF,S30403,CP05T3023,ASME B16.5,NA,QNCa,4",,个,4,Kg,
SPF00794,法兰盖,CL150,,RF,S31603,CP05T3023,ASME B16.5,NA,QNCa,4",,个,8,Kg,
SPF00795,法兰盖,CL2500,,RF,022Cr19Ni10,CP05T3038,ASME B16.5,RCC-M 1,QA1,5",,个,100,Kg,
SPF00796,法兰盖,CL150,,RF,022Cr19Ni10,CP05T3038,ASME B16.5,RCC-M 2,QA1,5",,个,9,Kg,
SPF00797,法兰盖,CL150,,RF,P280GH,CP05T3052,ASME B16.5,RCC-M 2,QA1,5",,个,9,Kg,
SPF00798,法兰盖,CL300,,RF,022Cr19Ni10,CP05T3038,ASME B16.5,RCC-M 2,QA1,5",,个,15.8,Kg,
SPF00799,法兰盖,CL300,,RF,P280GH,CP05T3052,ASME B16.5,RCC-M 2,QA1,5",,个,15.8,Kg,
SPF00800,法兰盖,CL600,,RF,022Cr19Ni10,CP05T3038,ASME B16.5,RCC-M 2,QA1,5",,个,27,Kg,
SPF00801,法兰盖,CL600,,RF,P280GH,CP05T3052,ASME B16.5,RCC-M 2,QA1,5",,个,27,Kg,
SPF00802,法兰盖,CL900,,RF,022Cr19Ni10,CP05T3038,ASME B16.5,RCC-M 2,QA1,5",,个,39,Kg,
SPF00803,法兰盖,CL900,,RF,P280GH,CP05T3052,ASME B16.5,RCC-M 2,QA1,5",,个,39,Kg,
SPF00804,法兰盖,CL1500,,RF,P280GH,CP05T3052,ASME B16.5,RCC-M 2,QA1,5",,个,60,Kg,
SPF00805,法兰盖,CL2500,,RF,022Cr19Ni10,CP05T3038,ASME B16.5,RCC-M 2,QA1,5",,个,100,Kg,
SPF00806,法兰盖,CL150,,RF,022Cr19Ni10,CP05T3038,ASME B16.5,RCC-M 3,QA2,5",,个,9,Kg,
SPF00807,法兰盖,CL150,,RF,P280GH,CP05T3052,ASME B16.5,RCC-M 3,QA2,5",,个,9,Kg,
SPF00808,法兰盖,CL300,,RF,P280GH,CP05T3052,ASME B16.5,RCC-M 3,QA2,5",,个,15.8,Kg,
SPF00809,法兰盖,CL600,,RF,022Cr19Ni10,CP05T3038,ASME B16.5,RCC-M 3,QA2,5",,个,27,Kg,
SPF00810,法兰盖,CL150,,RF,16Mn,CP05T3025,ASME B16.5,NA,QNCa,5",,个,9,Kg,
SPF00811,法兰盖,CL150,,RF,S30403,CP05T3023,ASME B16.5,NA,QNCa,5",,个,9,Kg,
SPF00812,法兰盖,CL150,,RF,S31603,CP05T3023,ASME B16.5,NA,QNCa,5",,个,9,Kg,
SPF00813,法兰盖,CL2500,,RF,022Cr19Ni10,CP05T3038,ASME B16.5,RCC-M 1,QA1,6",,个,140,Kg,
SPF00814,法兰盖,CL150,,RF,022Cr19Ni10,CP05T3038,ASME B16.5,RCC-M 2,QA1,6",,个,12,Kg,
SPF00815,法兰盖,CL150,,RF,P280GH,CP05T3052,ASME B16.5,RCC-M 2,QA1,6",,个,12,Kg,
SPF00816,法兰盖,CL300,,RF,022Cr19Ni10,CP05T3038,ASME B16.5,RCC-M 2,QA1,6",,个,23,Kg,
SPF00817,法兰盖,CL300,,RF,P280GH,CP05T3052,ASME B16.5,RCC-M 2,QA1,6",,个,23,Kg,
SPF00818,法兰盖,CL600,,RF,022Cr19Ni10,CP05T3038,ASME B16.5,RCC-M 2,QA1,6",,个,32,Kg,
SPF00819,法兰盖,CL600,,RF,P280GH,CP05T3052,ASME B16.5,RCC-M 2,QA1,6",,个,32,Kg,
SPF00820,法兰盖,CL900,,RF,022Cr19Ni10,CP05T3038,ASME B16.5,RCC-M 2,QA1,6",,个,51,Kg,
SPF00821,法兰盖,CL900,,RF,P280GH,CP05T3052,ASME B16.5,RCC-M 2,QA1,6",,个,51,Kg,
SPF00822,法兰盖,CL1500,,RF,P280GH,CP05T3052,ASME B16.5,RCC-M 2,QA1,6",,个,72,Kg,
SPF00823,法兰盖,CL2500,,RF,022Cr19Ni10,CP05T3038,ASME B16.5,RCC-M 2,QA1,6",,个,140,Kg,
SPF00824,法兰盖,CL150,,RF,022Cr19Ni10,CP05T3038,ASME B16.5,RCC-M 3,QA2,6",,个,12,Kg,
SPF00825,法兰盖,CL150,,RF,P280GH,CP05T3052,ASME B16.5,RCC-M 3,QA2,6",,个,12,Kg,
SPF00826,法兰盖,CL300,,RF,P280GH,CP05T3052,ASME B16.5,RCC-M 3,QA2,6",,个,23,Kg,
SPF00827,法兰盖,CL600,,RF,022Cr19Ni10,CP05T3038,ASME B16.5,RCC-M 3,QA2,6",,个,32,Kg,
SPF00828,法兰盖,CL150,,RF,16Mn,CP05T3025,ASME B16.5,NA,QNCa,6",,个,12,Kg,
SPF00829,法兰盖,CL150,,RF,S30403,CP05T3023,ASME B16.5,NA,QNCa,6",,个,12,Kg,
SPF00830,法兰盖,CL150,,RF,S31603,CP05T3023,ASME B16.5,NA,QNCa,6",,个,12,Kg,
SPF00831,法兰盖,CL2500,,RF,022Cr19Ni10,CP05T3038,ASME B16.5,RCC-M 1,QA1,8",,个,236,Kg,
SPF00832,法兰盖,CL150,,RF,022Cr19Ni10,CP05T3038,ASME B16.5,RCC-M 2,QA1,8",,个,20,Kg,
SPF00833,法兰盖,CL150,,RF,P280GH,CP05T3052,ASME B16.5,RCC-M 2,QA1,8",,个,20,Kg,
SPF00834,法兰盖,CL300,,RF,022Cr19Ni10,CP05T3038,ASME B16.5,RCC-M 2,QA1,8",,个,37,Kg,
SPF00835,法兰盖,CL300,,RF,P280GH,CP05T3052,ASME B16.5,RCC-M 2,QA1,8",,个,37,Kg,
SPF00836,法兰盖,CL600,,RF,022Cr19Ni10,CP05T3038,ASME B16.5,RCC-M 2,QA1,8",,个,46,Kg,
SPF00837,法兰盖,CL600,,RF,P280GH,CP05T3052,ASME B16.5,RCC-M 2,QA1,8",,个,46,Kg,
SPF00838,法兰盖,CL900,,RF,022Cr19Ni10,CP05T3038,ASME B16.5,RCC-M 2,QA1,8",,个,89,Kg,
SPF00839,法兰盖,CL900,,RF,P280GH,CP05T3052,ASME B16.5,RCC-M 2,QA1,8",,个,89,Kg,
SPF00840,法兰盖,CL1500,,RF,P280GH,CP05T3052,ASME B16.5,RCC-M 2,QA1,8",,个,122,Kg,
SPF00841,法兰盖,CL2500,,RF,022Cr19Ni10,CP05T3038,ASME B16.5,RCC-M 2,QA1,8",,个,236,Kg,
SPF00842,法兰盖,CL150,,RF,022Cr19Ni10,CP05T3038,ASME B16.5,RCC-M 3,QA2,8",,个,20,Kg,
SPF00843,法兰盖,CL150,,RF,P280GH,CP05T3052,ASME B16.5,RCC-M 3,QA2,8",,个,20,Kg,
SPF00844,法兰盖,CL300,,RF,P280GH,CP05T3052,ASME B16.5,RCC-M 3,QA2,8",,个,37,Kg,
SPF00845,法兰盖,CL600,,RF,022Cr19Ni10,CP05T3038,ASME B16.5,RCC-M 3,QA2,8",,个,46,Kg,
SPF00846,法兰盖,CL150,,RF,16Mn,CP05T3025,ASME B16.5,NA,QNCa,8",,个,20,Kg,
SPF00847,法兰盖,CL150,,RF,S30403,CP05T3023,ASME B16.5,NA,QNCa,8",,个,20,Kg,
SPF00848,法兰盖,CL150,,RF,S31603,CP05T3023,ASME B16.5,NA,QNCa,8",,个,20,Kg,
SPF00849,法兰盖,CL2500,,RF,022Cr19Ni10,CP05T3038,ASME B16.5,RCC-M 1,QA1,10",,个,450,Kg,
SPF00850,法兰盖,CL150,,RF,022Cr19Ni10,CP05T3038,ASME B16.5,RCC-M 2,QA1,10",,个,32,Kg,
SPF00851,法兰盖,CL150,,RF,P280GH,CP05T3052,ASME B16.5,RCC-M 2,QA1,10",,个,32,Kg,
SPF00852,法兰盖,CL300,,RF,022Cr19Ni10,CP05T3038,ASME B16.5,RCC-M 2,QA1,10",,个,58,Kg,
SPF00853,法兰盖,CL300,,RF,P280GH,CP05T3052,ASME B16.5,RCC-M 2,QA1,10",,个,58,Kg,
SPF00854,法兰盖,CL600,,RF,022Cr19Ni10,CP05T3038,ASME B16.5,RCC-M 2,QA1,10",,个,74,Kg,
SPF00855,法兰盖,CL600,,RF,P280GH,CP05T3052,ASME B16.5,RCC-M 2,QA1,10",,个,74,Kg,
SPF00856,法兰盖,CL900,,RF,022Cr19Ni10,CP05T3038,ASME B16.5,RCC-M 2,QA1,10",,个,130,Kg,
SPF00857,法兰盖,CL900,,RF,P280GH,CP05T3052,ASME B16.5,RCC-M 2,QA1,10",,个,130,Kg,
SPF00858,法兰盖,CL1500,,RF,P280GH,CP05T3052,ASME B16.5,RCC-M 2,QA1,10",,个,210,Kg,
SPF00859,法兰盖,CL2500,,RF,022Cr19Ni10,CP05T3038,ASME B16.5,RCC-M 2,QA1,10",,个,450,Kg,
SPF00860,法兰盖,CL150,,RF,022Cr19Ni10,CP05T3038,ASME B16.5,RCC-M 3,QA2,10",,个,32,Kg,
SPF00861,法兰盖,CL150,,RF,P280GH,CP05T3052,ASME B16.5,RCC-M 3,QA2,10",,个,32,Kg,
SPF00862,法兰盖,CL300,,RF,022Cr19Ni10,CP05T3038,ASME B16.5,RCC-M 3,QA2,10",,个,58,Kg,
SPF00863,法兰盖,CL300,,RF,P280GH,CP05T3052,ASME B16.5,RCC-M 3,QA2,10",,个,58,Kg,
SPF00864,法兰盖,CL600,,RF,022Cr19Ni10,CP05T3038,ASME B16.5,RCC-M 3,QA2,10",,个,74,Kg,
SPF00865,法兰盖,CL150,,RF,16Mn,CP05T3025,ASME B16.5,NA,QNCa,10",,个,32,Kg,
SPF00866,法兰盖,CL150,,RF,S30403,CP05T3023,ASME B16.5,NA,QNCa,10",,个,32,Kg,
SPF00867,法兰盖,CL150,,RF,S31603,CP05T3023,ASME B16.5,NA,QNCa,10",,个,32,Kg,
SPF00868,法兰盖,CL2500,,RF,022Cr19Ni10,CP05T3038,ASME B16.5,RCC-M 1,QA1,12",,个,650,Kg,
SPF00869,法兰盖,CL150,,RF,022Cr19Ni10,CP05T3038,ASME B16.5,RCC-M 2,QA1,12",,个,40,Kg,
SPF00870,法兰盖,CL150,,RF,P280GH,CP05T3052,ASME B16.5,RCC-M 2,QA1,12",,个,40,Kg,
SPF00871,法兰盖,CL300,,RF,022Cr19Ni10,CP05T3038,ASME B16.5,RCC-M 2,QA1,12",,个,83,Kg,
SPF00872,法兰盖,CL300,,RF,P280GH,CP05T3052,ASME B16.5,RCC-M 2,QA1,12",,个,83,Kg,
SPF00873,法兰盖,CL600,,RF,022Cr19Ni10,CP05T3038,ASME B16.5,RCC-M 2,QA1,12",,个,90,Kg,
SPF00874,法兰盖,CL600,,RF,P280GH,CP05T3052,ASME B16.5,RCC-M 2,QA1,12",,个,90,Kg,
SPF00875,法兰盖,CL900,,RF,022Cr19Ni10,CP05T3038,ASME B16.5,RCC-M 2,QA1,12",,个,175,Kg,
SPF00876,法兰盖,CL1500,,RF,P280GH,CP05T3052,ASME B16.5,RCC-M 2,QA1,12",,个,315,Kg,
SPF00877,法兰盖,CL2500,,RF,022Cr19Ni10,CP05T3038,ASME B16.5,RCC-M 2,QA1,12",,个,650,Kg,
SPF00878,法兰盖,CL150,,RF,022Cr19Ni10,CP05T3038,ASME B16.5,RCC-M 3,QA2,12",,个,40,Kg,
SPF00879,法兰盖,CL150,,RF,P280GH,CP05T3052,ASME B16.5,RCC-M 3,QA2,12",,个,40,Kg,
SPF00880,法兰盖,CL300,,RF,P280GH,CP05T3052,ASME B16.5,RCC-M 3,QA2,12",,个,83,Kg,
SPF00881,法兰盖,CL600,,RF,022Cr19Ni10,CP05T3038,ASME B16.5,RCC-M 3,QA2,12",,个,90,Kg,
SPF00882,法兰盖,CL150,,RF,16Mn,CP05T3025,ASME B16.5,NA,QNCa,12",,个,55.7,Kg,
SPF00883,法兰盖,CL150,,RF,S30403,CP05T3023,ASME B16.5,NA,QNCa,12",,个,40,Kg,
SPF00884,法兰盖,CL150,,RF,S31603,CP05T3023,ASME B16.5,NA,QNCa,12",,个,40,Kg,
SPF00886,法兰盖,CL150,,RF,022Cr19Ni10,CP05T3038,ASME B16.5,RCC-M 2,QA1,14",,个,59,Kg,
SPF00887,法兰盖,CL150,,RF,P280GH,CP05T3052,ASME B16.5,RCC-M 2,QA1,14",,个,59,Kg,
SPF00888,法兰盖,CL300,,RF,022Cr19Ni10,CP05T3038,ASME B16.5,RCC-M 2,QA1,14",,个,107,Kg,
SPF00889,法兰盖,CL300,,RF,P280GH,CP05T3052,ASME B16.5,RCC-M 2,QA1,14",,个,107,Kg,
SPF00890,法兰盖,CL600,,RF,022Cr19Ni10,CP05T3038,ASME B16.5,RCC-M 2,QA1,14",,个,108,Kg,
SPF00891,法兰盖,CL600,,RF,P280GH,CP05T3052,ASME B16.5,RCC-M 2,QA1,14",,个,108,Kg,
SPF00892,法兰盖,CL900,,RF,022Cr19Ni10,CP05T3038,ASME B16.5,RCC-M 2,QA1,14",,个,206,Kg,
SPF00893,法兰盖,CL1500,,RF,P280GH,CP05T3052,ASME B16.5,RCC-M 2,QA1,14",,个,460,Kg,
SPF00895,法兰盖,CL150,,RF,P280GH,CP05T3052,ASME B16.5,RCC-M 3,QA2,14",,个,59,Kg,
SPF00896,法兰盖,CL300,,RF,P280GH,CP05T3052,ASME B16.5,RCC-M 3,QA2,14",,个,107,Kg,
SPF00897,法兰盖,CL600,,RF,022Cr19Ni10,CP05T3038,ASME B16.5,RCC-M 3,QA2,14",,个,108,Kg,
SPF00898,法兰盖,CL150,,RF,16Mn,CP05T3025,ASME B16.5,NA,QNCa,14",,个,59,Kg,
SPF00899,法兰盖,CL150,,RF,S30403,CP05T3023,ASME B16.5,NA,QNCa,14",,个,59,Kg,
SPF00900,法兰盖,CL150,,RF,S31603,CP05T3023,ASME B16.5,NA,QNCa,14",,个,59,Kg,
SPF00902,法兰盖,CL150,,RF,022Cr19Ni10,CP05T3038,ASME B16.5,RCC-M 2,QA1,16",,个,77,Kg,
SPF00903,法兰盖,CL150,,RF,P280GH,CP05T3052,ASME B16.5,RCC-M 2,QA1,16",,个,77,Kg,
SPF00904,法兰盖,CL300,,RF,022Cr19Ni10,CP05T3038,ASME B16.5,RCC-M 2,QA1,16",,个,139,Kg,
SPF00905,法兰盖,CL300,,RF,P280GH,CP05T3052,ASME B16.5,RCC-M 2,QA1,16",,个,139,Kg,
SPF00906,法兰盖,CL600,,RF,022Cr19Ni10,CP05T3038,ASME B16.5,RCC-M 2,QA1,16",,个,150,Kg,
SPF00907,法兰盖,CL600,,RF,P280GH,CP05T3052,ASME B16.5,RCC-M 2,QA1,16",,个,150,Kg,
SPF00908,法兰盖,CL900,,RF,022Cr19Ni10,CP05T3038,ASME B16.5,RCC-M 2,QA1,16",,个,259,Kg,
SPF00909,法兰盖,CL1500,,RF,P280GH,CP05T3052,ASME B16.5,RCC-M 2,QA1,16",,个,610,Kg,
SPF00911,法兰盖,CL150,,RF,P280GH,CP05T3052,ASME B16.5,RCC-M 3,QA2,16",,个,77,Kg,
SPF00912,法兰盖,CL300,,RF,P280GH,CP05T3052,ASME B16.5,RCC-M 3,QA2,16",,个,139,Kg,
SPF00913,法兰盖,CL600,,RF,022Cr19Ni10,CP05T3038,ASME B16.5,RCC-M 3,QA2,16",,个,150,Kg,
SPF00914,法兰盖,CL150,,RF,16Mn,CP05T3025,ASME B16.5,NA,QNCa,16",,个,77,Kg,
SPF00915,法兰盖,CL150,,RF,S30403,CP05T3023,ASME B16.5,NA,QNCa,16",,个,77,Kg,
SPF00916,法兰盖,CL150,,RF,S31603,CP05T3023,ASME B16.5,NA,QNCa,16",,个,77,Kg,
SPF00918,法兰盖,CL300,,RF,022Cr19Ni10,CP05T3038,ASME B16.5,RCC-M 2,QA1,18",,个,177,Kg,
SPF00919,法兰盖,CL150,,RF,S31603,CP05T3023,ASME B16.5,NA,QNCa,1/4",,个,,Kg,
SPF00920,法兰盖,CL150,,RF,S31603,CP05T3023,ASME B16.5,NA,QNCa,3/8",,个,,Kg,
SPF00921,法兰盖,CL2500,,RF,022Cr19Ni10,CP05T3038,ASME B16.5,RCC-M 1,QA1,14",,个,,Kg,
SPF00922,法兰盖,CL2500,,RF,022Cr19Ni10,CP05T3038,ASME B16.5,RCC-M 1,QA1,16",,个,,Kg,
SPF00923,法兰盖,CL2500,,RF,022Cr19Ni10,CP05T3038,ASME B16.5,RCC-M 2,QA1,14",,个,,Kg,
SPF00924,法兰盖,CL2500,,RF,022Cr19Ni10,CP05T3038,ASME B16.5,RCC-M 2,QA1,16",,个,,Kg,
SPF00925,对接焊法兰,CL150(SCH40S),,RF/WN,022Cr19Ni10,CP05T3038,ASME B16.5(CP05T2002),RCC-M 3,QA2,14",,个,47,Kg,压力(壁厚)一栏括号内为接管壁厚
SPF00926,对接焊法兰,CL150(SCH40S),,RF/WN,022Cr19Ni10,CP05T3038,ASME B16.5(CP05T2002),RCC-M 3,QA2,16",,个,58,Kg,压力(壁厚)一栏括号内为接管壁厚
SPF00927,法兰盖,CL150,,RF,022Cr19Ni10,CP05T3038,ASME B16.5,RCC-M 3,QA2,14",,个,59,Kg,
SPF00928,法兰盖,CL150,,RF,022Cr19Ni10,CP05T3038,ASME B16.5,RCC-M 3,QA2,16",,个,77,Kg,
SPF00929,法兰盖,CL150,,RF,P280GH,CP05T3052,ASME B16.5,RCC-M 3,QA2,18",,个,95,Kg,
SPF00930,法兰盖,CL150,,RF,P280GH,CP05T3052,ASME B16.5,RCC-M 3,QA2,20",,个,123,Kg,
SPF00931,法兰盖,CL150,,RF,P280GH,CP05T3052,ASME B16.5,RCC-M 3,QA2,24",,个,186,Kg,
SPF00941,对接焊法兰,CL1500(SCH160),,RF/WN,026Cr18Ni12Mo2N,CP05T3038,ASME B16.5(CP05T2002),RCC-M 1,QA1,1/2",,个,2,Kg,压力(壁厚)一栏括号内为接管壁厚
SPF00942,对接焊法兰,CL1500(SCH160),,RF/WN,026Cr18Ni12Mo2N,CP05T3038,ASME B16.5(CP05T2002),RCC-M 1,QA1,3/4",,个,3,Kg,压力(壁厚)一栏括号内为接管壁厚
SPF00943,对接焊法兰,CL1500(SCH160),,RF/WN,026Cr18Ni12Mo2N,CP05T3038,ASME B16.5(CP05T2002),RCC-M 1,QA1,1",,个,4,Kg,压力(壁厚)一栏括号内为接管壁厚
SPF00944,对接焊法兰,CL1500(SCH160),,RF/WN,026Cr18Ni12Mo2N,CP05T3038,ASME B16.5(CP05T2002),RCC-M 1,QA1,1-1/4",,个,4.6,Kg,压力(壁厚)一栏括号内为接管壁厚
SPF00945,对接焊法兰,CL1500(SCH160),,RF/WN,026Cr18Ni12Mo2N,CP05T3038,ASME B16.5(CP05T2002),RCC-M 1,QA1,1-1/2",,个,6.5,Kg,压力(壁厚)一栏括号内为接管壁厚
SPF00946,对接焊法兰,CL1500(SCH160),,RF/WN,026Cr18Ni12Mo2N,CP05T3038,ASME B16.5(CP05T2002),RCC-M 1,QA1,2",,个,11.5,Kg,压力(壁厚)一栏括号内为接管壁厚
SPF00947,对接焊法兰,CL1500(SCH160),,RF/WN,026Cr18Ni12Mo2N,CP05T3038,ASME B16.5(CP05T2002),RCC-M 1,QA1,2-1/2",,个,15.8,Kg,压力(壁厚)一栏括号内为接管壁厚
SPF00948,对接焊法兰,CL1500(SCH160),,RF/WN,026Cr18Ni12Mo2N,CP05T3038,ASME B16.5(CP05T2002),RCC-M 1,QA1,3",,个,22,Kg,压力(壁厚)一栏括号内为接管壁厚
SPF00949,对接焊法兰,CL1500(SCH160),,RF/WN,026Cr18Ni12Mo2N,CP05T3038,ASME B16.5(CP05T2002),RCC-M 1,QA1,4",,个,30,Kg,压力(壁厚)一栏括号内为接管壁厚
SPF00950,对接焊法兰,CL1500(SCH160),,RF/WN,026Cr18Ni12Mo2N,CP05T3038,ASME B16.5(CP05T2002),RCC-M 1,QA1,6",,个,70,Kg,压力(壁厚)一栏括号内为接管壁厚
SPF00951,对接焊法兰,CL1500(SCH160),,RF/WN,026Cr18Ni12Mo2N,CP05T3038,ASME B16.5(CP05T2002),RCC-M 1,QA1,8",,个,119,Kg,压力(壁厚)一栏括号内为接管壁厚
SPF00952,对接焊法兰,CL1500(SCH140),,RF/WN,026Cr18Ni12Mo2N,CP05T3038,ASME B16.5(CP05T2002),RCC-M 1,QA1,10",,个,204,Kg,压力(壁厚)一栏括号内为接管壁厚
SPF00953,对接焊法兰,CL1500(SCH140),,RF/WN,026Cr18Ni12Mo2N,CP05T3038,ASME B16.5(CP05T2002),RCC-M 1,QA1,12",,个,303,Kg,压力(壁厚)一栏括号内为接管壁厚
SPF00954,对焊带测量孔法兰,CL1500(SCH160),,RF/WN,026Cr18Ni12Mo2N,CP05T3038,ASME B16.36(CP05T2002),RCC-M 1,QA1,1",,个,5.4,Kg,压力(壁厚)一栏括号内为接管壁厚
SPF00955,对焊带测量孔法兰,CL1500(SCH160),,RF/WN,026Cr18Ni12Mo2N,CP05T3038,ASME B16.36(CP05T2002),RCC-M 1,QA1,1-1/2",,个,7.8,Kg,压力(壁厚)一栏括号内为接管壁厚
SPF00956,对焊带测量孔法兰,CL1500(SCH160),,RF/WN,026Cr18Ni12Mo2N,CP05T3038,ASME B16.36(CP05T2002),RCC-M 1,QA1,2",,个,11.5,Kg,压力(壁厚)一栏括号内为接管壁厚
SPF00957,对焊带测量孔法兰,CL1500(SCH160),,RF/WN,026Cr18Ni12Mo2N,CP05T3038,ASME B16.36(CP05T2002),RCC-M 1,QA1,2-1/2",,个,15.8,Kg,压力(壁厚)一栏括号内为接管壁厚
SPF00958,对焊带测量孔法兰,CL1500(SCH160),,RF/WN,026Cr18Ni12Mo2N,CP05T3038,ASME B16.36(CP05T2002),RCC-M 1,QA1,3",,个,22,Kg,压力(壁厚)一栏括号内为接管壁厚
SPF00959,对焊带测量孔法兰,CL1500(SCH160),,RF/WN,026Cr18Ni12Mo2N,CP05T3038,ASME B16.36(CP05T2002),RCC-M 1,QA1,4",,个,30,Kg,压力(壁厚)一栏括号内为接管壁厚
SPF00960,对焊带测量孔法兰,CL1500(SCH160),,RF/WN,026Cr18Ni12Mo2N,CP05T3038,ASME B16.36(CP05T2002),RCC-M 1,QA1,6",,个,70,Kg,压力(壁厚)一栏括号内为接管壁厚
SPF00961,对焊带测量孔法兰,CL1500(SCH160),,RF/WN,026Cr18Ni12Mo2N,CP05T3038,ASME B16.36(CP05T2002),RCC-M 1,QA1,8",,个,119,Kg,压力(壁厚)一栏括号内为接管壁厚
SPF00962,对焊带测量孔法兰,CL1500(SCH140),,RF/WN,026Cr18Ni12Mo2N,CP05T3038,ASME B16.36(CP05T2002),RCC-M 1,QA1,10",,个,204,Kg,压力(壁厚)一栏括号内为接管壁厚
SPF00963,对焊带测量孔法兰,CL1500(SCH140),,RF/WN,026Cr18Ni12Mo2N,CP05T3038,ASME B16.36(CP05T2002),RCC-M 1,QA1,12",,个,303,Kg,压力(壁厚)一栏括号内为接管壁厚
SPF00964,对接焊法兰,CL2500(SCH160),,RF/WN,022Cr19Ni10,CP05T3038,ASME B16.5(CP05T2002),RCC-M 2,QA1,1/2",,个,3.6,Kg,压力(壁厚)一栏括号内为接管壁厚
SPF00965,对接焊法兰,CL2500(SCH160),,RF/WN,022Cr19Ni10,CP05T3038,ASME B16.5(CP05T2002),RCC-M 2,QA1,3/4",,个,4,Kg,压力(壁厚)一栏括号内为接管壁厚
SPF00966,对接焊法兰,CL2500(SCH160),,RF/WN,022Cr19Ni10,CP05T3038,ASME B16.5(CP05T2002),RCC-M 2,QA1,1",,个,6,Kg,压力(壁厚)一栏括号内为接管壁厚
SPF00967,对接焊法兰,CL2500(SCH160),,RF/WN,022Cr19Ni10,CP05T3038,ASME B16.5(CP05T2002),RCC-M 2,QA1,1-1/4",,个,9,Kg,压力(壁厚)一栏括号内为接管壁厚
SPF00968,对接焊法兰,CL2500(SCH160),,RF/WN,022Cr19Ni10,CP05T3038,ASME B16.5(CP05T2002),RCC-M 2,QA1,1-1/2",,个,13,Kg,压力(壁厚)一栏括号内为接管壁厚
SPF00969,对接焊法兰,CL2500(SCH160),,RF/WN,022Cr19Ni10,CP05T3038,ASME B16.5(CP05T2002),RCC-M 2,QA1,2",,个,19,Kg,压力(壁厚)一栏括号内为接管壁厚
SPF00970,承插焊法兰,CL1500,,RF/SW,026Cr18Ni12Mo2N,CP05T3038,ASME B16.5,RCC-M 2,QA1,1/2",,个,1.7,Kg,
SPF00971,承插焊法兰,CL1500,,RF/SW,026Cr18Ni12Mo2N,CP05T3038,ASME B16.5,RCC-M 2,QA1,3/4",,个,2.3,Kg,
SPF00972,承插焊法兰,CL1500,,RF/SW,026Cr18Ni12Mo2N,CP05T3038,ASME B16.5,RCC-M 2,QA1,1",,个,3.4,Kg,
SPF00973,承插焊法兰,CL1500,,RF/SW,026Cr18Ni12Mo2N,CP05T3038,ASME B16.5,RCC-M 2,QA1,1-1/4",,个,3.9,Kg,
SPF00974,承插焊法兰,CL1500,,RF/SW,026Cr18Ni12Mo2N,CP05T3038,ASME B16.5,RCC-M 2,QA1,1-1/2",,个,5.4,Kg,
SPF00975,承插焊法兰,CL1500,,RF/SW,026Cr18Ni12Mo2N,CP05T3038,ASME B16.5,RCC-M 2,QA1,2",,个,9.8,Kg,
SPF00976,对接焊法兰,CL1500(SCH160),,RF/WN,026Cr18Ni12Mo2N,CP05T3038,ASME B16.5(CP05T2002),RCC-M 2,QA1,2-1/2",,个,15.8,Kg,压力(壁厚)一栏括号内为接管壁厚
SPF00977,对接焊法兰,CL1500(SCH160),,RF/WN,026Cr18Ni12Mo2N,CP05T3038,ASME B16.5(CP05T2002),RCC-M 2,QA1,3",,个,22,Kg,压力(壁厚)一栏括号内为接管壁厚
SPF00978,对接焊法兰,CL1500(SCH160),,RF/WN,026Cr18Ni12Mo2N,CP05T3038,ASME B16.5(CP05T2002),RCC-M 2,QA1,4",,个,30,Kg,压力(壁厚)一栏括号内为接管壁厚
SPF00979,对接焊法兰,CL1500(SCH160),,RF/WN,026Cr18Ni12Mo2N,CP05T3038,ASME B16.5(CP05T2002),RCC-M 2,QA1,6",,个,70,Kg,压力(壁厚)一栏括号内为接管壁厚
SPF00980,对接焊法兰,CL1500(SCH160),,RF/WN,026Cr18Ni12Mo2N,CP05T3038,ASME B16.5(CP05T2002),RCC-M 2,QA1,8",,个,119,Kg,压力(壁厚)一栏括号内为接管壁厚
SPF00981,对接焊法兰,CL1500(SCH140),,RF/WN,026Cr18Ni12Mo2N,CP05T3038,ASME B16.5(CP05T2002),RCC-M 2,QA1,10",,个,204,Kg,压力(壁厚)一栏括号内为接管壁厚
SPF00982,对接焊法兰,CL1500(SCH140),,RF/WN,026Cr18Ni12Mo2N,CP05T3038,ASME B16.5(CP05T2002),RCC-M 2,QA1,12",,个,303,Kg,压力(壁厚)一栏括号内为接管壁厚
SPF00983,对焊带测量孔法兰,CL1500(SCH160),,RF/WN,026Cr18Ni12Mo2N,CP05T3038,ASME B16.36(CP05T2002),RCC-M 2,QA1,1",,个,5.4,Kg,压力(壁厚)一栏括号内为接管壁厚
SPF00984,对焊带测量孔法兰,CL1500(SCH160),,RF/WN,026Cr18Ni12Mo2N,CP05T3038,ASME B16.36(CP05T2002),RCC-M 2,QA1,1-1/2",,个,7.8,Kg,压力(壁厚)一栏括号内为接管壁厚
SPF00985,对焊带测量孔法兰,CL1500(SCH160),,RF/WN,026Cr18Ni12Mo2N,CP05T3038,ASME B16.36(CP05T2002),RCC-M 2,QA1,2",,个,11.5,Kg,压力(壁厚)一栏括号内为接管壁厚
SPF00986,对焊带测量孔法兰,CL1500(SCH160),,RF/WN,026Cr18Ni12Mo2N,CP05T3038,ASME B16.36(CP05T2002),RCC-M 2,QA1,2-1/2",,个,15.8,Kg,压力(壁厚)一栏括号内为接管壁厚
SPF00987,对焊带测量孔法兰,CL1500(SCH160),,RF/WN,026Cr18Ni12Mo2N,CP05T3038,ASME B16.36(CP05T2002),RCC-M 2,QA1,3",,个,22,Kg,压力(壁厚)一栏括号内为接管壁厚
SPF00988,对焊带测量孔法兰,CL1500(SCH160),,RF/WN,026Cr18Ni12Mo2N,CP05T3038,ASME B16.36(CP05T2002),RCC-M 2,QA1,4",,个,30,Kg,压力(壁厚)一栏括号内为接管壁厚
SPF00989,对焊带测量孔法兰,CL1500(SCH160),,RF/WN,026Cr18Ni12Mo2N,CP05T3038,ASME B16.36(CP05T2002),RCC-M 2,QA1,6",,个,70,Kg,压力(壁厚)一栏括号内为接管壁厚
SPF00990,对焊带测量孔法兰,CL1500(SCH160),,RF/WN,026Cr18Ni12Mo2N,CP05T3038,ASME B16.36(CP05T2002),RCC-M 2,QA1,8",,个,119,Kg,压力(壁厚)一栏括号内为接管壁厚
SPF00991,对焊带测量孔法兰,CL1500(SCH140),,RF/WN,026Cr18Ni12Mo2N,CP05T3038,ASME B16.36(CP05T2002),RCC-M 2,QA1,10",,个,204,Kg,压力(壁厚)一栏括号内为接管壁厚
SPF00992,对焊带测量孔法兰,CL1500(SCH140),,RF/WN,026Cr18Ni12Mo2N,CP05T3038,ASME B16.36(CP05T2002),RCC-M 2,QA1,12",,个,303,Kg,压力(壁厚)一栏括号内为接管壁厚
SPF01000,承插焊法兰,1.5mm,,,环氧树脂玻璃纤维,,SY/T 6266,NA,QNCa,2",,个,,Kg,
SPF01001,承插焊法兰,1.8mm,,,环氧树脂玻璃纤维,,SY/T 6266,NA,QNCa,3",,个,,Kg,
SPF01002,承插焊法兰,2.1mm,,,环氧树脂玻璃纤维,,SY/T 6266,NA,QNCa,1-1/2",,个,,Kg,
SPF01003,承插焊法兰,2.2mm,,,环氧树脂玻璃纤维,,SY/T 6266,NA,QNCa,4",,个,,Kg,
SPF01004,承插焊法兰,3.4mm,,,环氧树脂玻璃纤维,,SY/T 6266,NA,QNCa,6",,个,,Kg,
SPF01005,法兰盖,,,,环氧树脂玻璃纤维,,SY/T 6266,NA,QNCa,2",,个,,Kg,
SPF01006,法兰盖,,,,环氧树脂玻璃纤维,,SY/T 6266,NA,QNCa,6",,个,,Kg,
SPF01010,法兰盖,CL150,,FF,P280GH,CP05T3052,ASME B16.5,RCC-M 3,QA2,3",,个,,Kg,
SPF01011,法兰盖,CL150,,FF,P280GH,CP05T3052,ASME B16.5,RCC-M 3,QA2,10",,个,,Kg,
SPF01012,法兰盖,CL150,,FF,P280GH,CP05T3052,ASME B16.5,RCC-M 3,QA2,16",,个,,Kg,
SPF01013,法兰盖,CL150,,FF,P280GH,CP05T3052,ASME B16.5,RCC-M 3,QA2,20",,个,,Kg,
SPF01153,法兰盖,CL150,,RF,022Cr17Ni12Mo2,CP05T3038,ASME B16.5,RCC-M 3,QA2,3"x3/4",,个,,Kg,
SPF01154,对接焊法兰,CL150(SCH10),,FF/WN,P280GH,CP05T3052,ASME B16.5(CP05T2002),RCC-M 3,QA2,18",,个,,Kg,压力(壁厚)一栏括号内为接管壁厚
SPF01155,对接焊法兰,CL150(SCH10),,FF/WN,P280GH,CP05T3052,ASME B16.5(CP05T2002),RCC-M 3,QA2,20",,个,,Kg,压力(壁厚)一栏括号内为接管壁厚
SPF01156,对接焊法兰,CL150(SCH10),,FF/WN,P280GH,CP05T3052,ASME B16.5(CP05T2002),RCC-M 3,QA2,24",,个,,Kg,压力(壁厚)一栏括号内为接管壁厚
SPF01158,对接焊法兰,CL150(14.27mm),,RF/WN,P280GH,CP05T3052,BS 3293(CP05T2002),RCC-M 3,QA2,48",,个,563,Kg,压力(壁厚)一栏括号内为接管壁厚
SPF01159,对接焊法兰,CL300(SCH10S),,RF/WN,022Cr19Ni10,CP05T3038,ASME B16.5(CP05T2002),RCC-M 3,QA2,2-1/2",,个,5,Kg,压力(壁厚)一栏括号内为接管壁厚
SPF01160,对接焊法兰,CL300(SCH10S),,RF/WN,022Cr19Ni10,CP05T3038,ASME B16.5(CP05T2002),RCC-M 3,QA2,3",,个,7,Kg,压力(壁厚)一栏括号内为接管壁厚
SPF01161,对接焊法兰,CL300(SCH10S),,RF/WN,022Cr19Ni10,CP05T3038,ASME B16.5(CP05T2002),RCC-M 3,QA2,3-1/2",,个,9.2,Kg,压力(壁厚)一栏括号内为接管壁厚
SPF01162,对接焊法兰,CL300(SCH10S),,RF/WN,022Cr19Ni10,CP05T3038,ASME B16.5(CP05T2002),RCC-M 3,QA2,4",,个,11,Kg,压力(壁厚)一栏括号内为接管壁厚
SPF01163,对接焊法兰,CL300(SCH10S),,RF/WN,022Cr19Ni10,CP05T3038,ASME B16.5(CP05T2002),RCC-M 3,QA2,5",,个,14,Kg,压力(壁厚)一栏括号内为接管壁厚
SPF01164,对接焊法兰,CL300(SCH10S),,RF/WN,022Cr19Ni10,CP05T3038,ASME B16.5(CP05T2002),RCC-M 3,QA2,6",,个,19,Kg,压力(壁厚)一栏括号内为接管壁厚
SPF01165,对接焊法兰,CL300(SCH10S),,RF/WN,022Cr19Ni10,CP05T3038,ASME B16.5(CP05T2002),RCC-M 3,QA2,8",,个,30,Kg,压力(壁厚)一栏括号内为接管壁厚
SPF01166,法兰盖,CL300,,RF,022Cr19Ni10,CP05T3038,ASME B16.5,RCC-M 3,QA2,3",,个,7,Kg,
SPF01167,法兰盖,CL300,,RF,022Cr19Ni10,CP05T3038,ASME B16.5,RCC-M 3,QA2,4",,个,12,Kg,
SPF01168,法兰盖,CL300,,RF,022Cr19Ni10,CP05T3038,ASME B16.5,RCC-M 3,QA2,8",,个,37,Kg,
SPF01170,平口法兰,4.5mm,,FF,环氧树脂玻璃纤维,,SY/T 6266,NA,QNCa,3",,个,,Kg,
SPF01171,平口法兰,4.5mm,,RF,环氧树脂玻璃纤维,,SY/T 6266,NA,QNCa,1",,个,,Kg,
SPF01172,法兰盖,CL1500,,RF,022Cr19Ni10,CP05T3038,ASME B16.5,RCC-M 2,QA1,1/2",,个,,Kg,
SPF01173,法兰盖,CL1500,,RF,026Cr18Ni12Mo2N,CP05T3038,ASME B16.5,RCC-M 1,QA1,3/4",,个,,Kg,
SPF01174,法兰盖,CL1500,,RF,026Cr18Ni12Mo2N,CP05T3038,ASME B16.5,RCC-M 2,QA1,1/2",,个,,Kg,
SPF01175,对接焊法兰,CL1500(SCH160),,RF/WN,026Cr18Ni12Mo2N,CP05T3038,ASME B16.5(CP05T2002),RCC-M 2,QA1,1/2",,个,,Kg,压力(壁厚)一栏括号内为接管壁厚
SPF01176,对接焊法兰,CL150(SCH20),,RF/WN,16Mn,CP05T3025,ASME B16.5(CP05T2002),NA,QNCa,12",,个,,Kg,压力(壁厚)一栏括号内为接管壁厚
SPF01177,对接焊法兰,CL150(SCH10S),,RF/WN,022Cr19Ni10,CP05T3038,ASME B16.5(CP05T2002),RCC-M 2,QA1,16",,个,,Kg,压力(壁厚)一栏括号内为接管壁厚
SPF01178,对接焊法兰,CL150(14.27mm),,RF/WN,P280GH,CP05T3052,BS 3293(CP05T2002),RCC-M 3,QA2,36",,个,,Kg,压力(壁厚)一栏括号内为接管壁厚
SPF01179,对焊带测量孔法兰,CL300(SCH40S),,RF/WN,022Cr19Ni10,CP05T3038,ASME B16.36(CP05T2002),RCC-M 2,QA1,1",,个,,Kg,压力(壁厚)一栏括号内为接管壁厚
SPF01180,对焊带测量孔法兰,CL300(SCH40S),,RF/WN,022Cr19Ni10,CP05T3038,ASME B16.36(CP05T2002),RCC-M 2,QA1,1-1/2",,个,,Kg,压力(壁厚)一栏括号内为接管壁厚
SPF01181,对焊带测量孔法兰,CL300(SCH40),,RF/WN,P280GH,CP05T3052,ASME B16.36(CP05T2002),RCC-M 2,QA1,2",,个,,Kg,压力(壁厚)一栏括号内为接管壁厚
SPF01182,对焊带测量孔法兰,CL300(SCH40),,RF/WN,P280GH,CP05T3052,ASME B16.36(CP05T2002),RCC-M 3,QA2,2",,个,,Kg,压力(壁厚)一栏括号内为接管壁厚
SPF01183,对焊带测量孔法兰,CL300(SCH40),,RF/WN,P280GH,CP05T3052,ASME B16.36(CP05T2002),RCC-M 2,QA1,2-1/2",,个,,Kg,压力(壁厚)一栏括号内为接管壁厚
SPF01184,对焊带测量孔法兰,CL300(SCH40),,RF/WN,P280GH,CP05T3052,ASME B16.36(CP05T2002),RCC-M 3,QA2,2-1/2",,个,,Kg,压力(壁厚)一栏括号内为接管壁厚
SPF01185,对焊带测量孔法兰,CL300(SCH40),,RF/WN,P280GH,CP05T3052,ASME B16.36(CP05T2002),RCC-M 2,QA1,3",,个,,Kg,压力(壁厚)一栏括号内为接管壁厚
SPF01186,对焊带测量孔法兰,CL300(SCH40),,RF/WN,P280GH,CP05T3052,ASME B16.36(CP05T2002),RCC-M 3,QA2,3",,个,,Kg,压力(壁厚)一栏括号内为接管壁厚
SPF01187,对焊带测量孔法兰,CL300(SCH40),,RF/WN,P280GH,CP05T3052,ASME B16.36(CP05T2002),RCC-M 2,QA1,4",,个,,Kg,压力(壁厚)一栏括号内为接管壁厚
SPF01188,对焊带测量孔法兰,CL300(SCH40),,RF/WN,P280GH,CP05T3052,ASME B16.36(CP05T2002),RCC-M 3,QA2,4",,个,,Kg,压力(壁厚)一栏括号内为接管壁厚
SPF01189,对焊带测量孔法兰,CL300(SCH40),,RF/WN,P280GH,CP05T3052,ASME B16.36(CP05T2002),RCC-M 2,QA1,6",,个,,Kg,压力(壁厚)一栏括号内为接管壁厚
SPF01190,对焊带测量孔法兰,CL300(SCH40),,RF/WN,P280GH,CP05T3052,ASME B16.36(CP05T2002),RCC-M 3,QA2,6",,个,,Kg,压力(壁厚)一栏括号内为接管壁厚
SPF01191,对焊带测量孔法兰,CL300(SCH40),,RF/WN,P280GH,CP05T3052,ASME B16.36(CP05T2002),RCC-M 2,QA1,8",,个,,Kg,压力(壁厚)一栏括号内为接管壁厚
SPF01192,对焊带测量孔法兰,CL300(SCH40),,RF/WN,P280GH,CP05T3052,ASME B16.36(CP05T2002),RCC-M 3,QA2,8",,个,,Kg,压力(壁厚)一栏括号内为接管壁厚
SPF01193,对焊带测量孔法兰,CL300(SCH40),,RF/WN,P280GH,CP05T3052,ASME B16.36(CP05T2002),RCC-M 2,QA1,10",,个,,Kg,压力(壁厚)一栏括号内为接管壁厚
SPF01194,对焊带测量孔法兰,CL300(14.27mm),,RF/WN,P280GH,CP05T3052,ASME B16.36(CP05T2002),RCC-M 3,QA2,10",,个,,Kg,压力(壁厚)一栏括号内为接管壁厚
SPF01195,对焊带测量孔法兰,CL300(SCH40),,RF/WN,P280GH,CP05T3052,ASME B16.36(CP05T2002),RCC-M 3,QA2,10",,个,,Kg,压力(壁厚)一栏括号内为接管壁厚
SPF01196,对焊带测量孔法兰,CL300(SCH40),,RF/WN,P280GH,CP05T3052,ASME B16.36(CP05T2002),RCC-M 2,QA1,12",,个,,Kg,压力(壁厚)一栏括号内为接管壁厚
SPF01197,对焊带测量孔法兰,CL300(SCH40),,RF/WN,P280GH,CP05T3052,ASME B16.36(CP05T2002),RCC-M 3,QA2,12",,个,,Kg,压力(壁厚)一栏括号内为接管壁厚
SPF01198,对焊带测量孔法兰,CL300(SCH20),,RF/WN,16Mn,CP05T3025,ASME B16.36(CP05T2002),NA,QNCa,12",,个,,Kg,压力(壁厚)一栏括号内为接管壁厚
SPF01199,对焊带测量孔法兰,CL300(SCH40),,RF/WN,P280GH,CP05T3052,ASME B16.36(CP05T2002),RCC-M 2,QA1,14",,个,,Kg,压力(壁厚)一栏括号内为接管壁厚
SPF01200,对焊带测量孔法兰,CL300(SCH40),,RF/WN,P280GH,CP05T3052,ASME B16.36(CP05T2002),RCC-M 3,QA2,14",,个,,Kg,压力(壁厚)一栏括号内为接管壁厚
SPF01201,对焊带测量孔法兰,CL300(SCH40S),,RF/WN,022Cr19Ni10,CP05T3038,ASME B16.36(CP05T2002),RCC-M 2,QA1,16",,个,,Kg,压力(壁厚)一栏括号内为接管壁厚
SPF01202,对焊带测量孔法兰,CL300(SCH40),,RF/WN,P280GH,CP05T3052,ASME B16.36(CP05T2002),RCC-M 2,QA1,16",,个,,Kg,压力(壁厚)一栏括号内为接管壁厚
SPF01203,对焊带测量孔法兰,CL300(SCH40),,RF/WN,P280GH,CP05T3052,ASME B16.36(CP05T2002),RCC-M 3,QA2,16",,个,,Kg,压力(壁厚)一栏括号内为接管壁厚
SPF01204,对接焊法兰,CL150(SCH40S),,RF/WN,022Cr19Ni10,CP05T3038,ASME B16.5(CP05T2002),RCC-M 3,QA2,8",,个,,Kg,压力(壁厚)一栏括号内为接管壁厚
SPF01205,对接焊法兰,CL150(SCH40S),,RF/WN,022Cr19Ni10,CP05T3038,ASME B16.5(CP05T2002),RCC-M 3,QA2,10",,个,,Kg,压力(壁厚)一栏括号内为接管壁厚
SPF01206,对接焊法兰,CL150(SCH40S),,RF/WN,022Cr19Ni10,CP05T3038,ASME B16.5(CP05T2002),RCC-M 3,QA2,12",,个,,Kg,压力(壁厚)一栏括号内为接管壁厚
SPF01207,对焊带测量孔法兰,CL300(SCH40S),,RF/WN,022Cr19Ni10,CP05T3038,ASME B16.36(CP05T2002),RCC-M 3,QA2,8",,个,,Kg,压力(壁厚)一栏括号内为接管壁厚
SPF01208,对焊带测量孔法兰,CL300(SCH40S),,RF/WN,022Cr19Ni10,CP05T3038,ASME B16.36(CP05T2002),RCC-M 3,QA2,10",,个,,Kg,压力(壁厚)一栏括号内为接管壁厚
SPF01209,对焊带测量孔法兰,CL300(SCH40S),,RF/WN,022Cr19Ni10,CP05T3038,ASME B16.36(CP05T2002),RCC-M 3,QA2,12",,个,,Kg,压力(壁厚)一栏括号内为接管壁厚
SPF01210,对接焊法兰,CL1500(SCH80),,RF/WN,P280GH,CP05T3052,ASME B16.5(CP05T2002),RCC-M 2,QA1,2-1/2",,个,,Kg,压力(壁厚)一栏括号内为接管壁厚
SPF01211,对接焊法兰,CL1500(SCH80S),,RF/WN,022Cr19Ni10,CP05T3038,ASME B16.5(CP05T2002),RCC-M 2,QA1,2-1/2",,个,,Kg,压力(壁厚)一栏括号内为接管壁厚
SPF01212,法兰盖,CL1500,,RF,022Cr19Ni10,CP05T3038,ASME B16.5,RCC-M 2,QA1,3/4",,个,,Kg,
SPF01213,法兰盖,CL1500,,RF,022Cr19Ni10,CP05T3038,ASME B16.5,RCC-M 2,QA1,1",,个,,Kg,
SPF01214,法兰盖,CL1500,,RF,022Cr19Ni10,CP05T3038,ASME B16.5,RCC-M 2,QA1,1-1/4",,个,,Kg,
SPF01215,法兰盖,CL1500,,RF,022Cr19Ni10,CP05T3038,ASME B16.5,RCC-M 2,QA1,1-1/2",,个,,Kg,
SPF01216,法兰盖,CL1500,,RF,022Cr19Ni10,CP05T3038,ASME B16.5,RCC-M 2,QA1,2",,个,,Kg,
SPF01217,法兰盖,CL1500,,RF,022Cr19Ni10,CP05T3038,ASME B16.5,RCC-M 2,QA1,2-1/2",,个,,Kg,
SPF01218,法兰盖,CL150,,FF,022Cr17Ni12Mo2,CP05T3038,ASME B16.5,RCC-M 3,QA2,3",,个,,Kg,
SPF01219,法兰盖,CL150,,FF,022Cr17Ni12Mo2,CP05T3038,ASME B16.5,RCC-M 3,QA2,4",,个,,Kg,
SPF01220,平面法兰,CL150,,FF,环氧树脂玻璃纤维,,SY/T 6266,NA,QNCa,3",,个,,Kg,
SPF01221,板式平焊法兰,PN16(3mm),,RF/PL,20(浸PE),,GB/T 9119-2010,NA,QNCa,DN20,,个,,Kg,压力(壁厚)一栏括号内为接管壁厚
SPF01223,法兰盖,CL150,,FF,P280GH,CP05T3052,BS 3293,RCC-M 3,QA2,28",,个,,Kg,
SPF01224,承插焊法兰,CL150,,FF/SW,P280GH,CP05T3052,ASME B16.5,RCC-M 3,QA2,1",,个,,Kg,
SPF01225,承插焊法兰,CL150,,FF/SW,022Cr17Ni12Mo2,CP05T3038,ASME B16.5,RCC-M 3,QA2,1",,个,,Kg,
SPF01226,对接焊法兰,CL150(3.18mm),,FF/WN,P280GH,CP05T3052,ASME B16.5(CP05T2002),RCC-M 3,QA2,2",,个,,Kg,压力(壁厚)一栏括号内为接管壁厚
SPF01227,对接焊法兰,CL600(SCH40S),,RF/WN,022Cr19Ni10,CP05T3038,ASME B16.5(CP05T2002),RCC-M 2,QA1,10",,个,,Kg,压力(壁厚)一栏括号内为接管壁厚
SPF01228,对接焊法兰,CL150(SCH40),,FF/WN,P280GH,CP05T3052,ASME B16.5(CP05T2002),RCC-M 3,QA2,3",,个,,Kg,压力(壁厚)一栏括号内为接管壁厚
SPF01229,对接焊法兰,CL150(SCH40),,FF/WN,P280GH,CP05T3052,ASME B16.5(CP05T2002),RCC-M 3,QA2,1",,个,,Kg,压力(壁厚)一栏括号内为接管壁厚
SPF01230,对接焊法兰,CL900(SCH40S),,RF/WN,022Cr19Ni10,CP05T3038,ASME B16.5(CP05T2002),RCC-M 2,QA1,10",,个,,Kg,压力(壁厚)一栏括号内为接管壁厚
SPF01231,对接焊法兰,PN16,,RF/WN,20(内外壁热浸镀锌),GB/T 13912-2002,GB/T 9115-2010,NA,QNCa,DN400,,个,,Kg,
SPF01232,对接焊法兰,PN16,,RF/WN,20(内外壁热浸镀锌),GB/T 13912-2002,GB/T 9115-2010,NA,QNCa,DN450,,个,,Kg,
SPF01233,对接焊法兰,PN16,,RF/WN,20(内外壁热浸镀锌),GB/T 13912-2002,GB/T 9115-2010,NA,QNCa,DN500,,个,,Kg,
SPF01234,法兰盖,PN16,,RF,20(内外壁热浸镀锌),GB/T 13912-2002,GB/T 9123-2010,NA,QNCa,DN400,,个,,Kg,
SPF01235,法兰盖,PN16,,RF,20(内外壁热浸镀锌),GB/T 13912-2002,GB/T 9123-2010,NA,QNCa,DN450,,个,,Kg,
SPF01236,法兰盖,PN16,,RF,20(内外壁热浸镀锌),GB/T 13912-2002,GB/T 9123-2010,NA,QNCa,DN500,,个,,Kg,
SPF01237,法兰盖,CL150,,RF,022Cr17Ni12Mo2,CP05T3038,ASME B16.5,RCC-M 3,QA2,3",,个,,Kg,
SPF01268,板式平焊法兰(I系列),PN16(2.5mm),,RF/PL,20(内衬聚丙烯层),,GB/T 9119-2010,NA,QNCa,DN20,Φ26.9,个,,Kg,压力(壁厚)一栏括号内为接管壁厚
SPF01269,法兰盖,CL150,,RF,022Cr25Ni7Mo4N,CP05T3091,ASME B16.5,RCC-M 3,QA2,3″,,个,,Kg,
SPF01270,法兰盖,CL150,,FF,022Cr25Ni7Mo4N,CP05T3091,ASME B16.5,RCC-M 3,QA2,3″,,个,,Kg,
SPF01271,对接焊法兰,CL150(SCH10S),,RF/WN,022Cr25Ni7Mo4N,CP05T3091,ASME B16.5(CP05T2002),RCC-M 3,QA2,3/4",,个,,Kg,
SPF01272,对接焊法兰,CL150(SCH40),,RF/WN,022Cr25Ni7Mo4N,CP05T3091,ASME B16.5(CP05T2002),RCC-M 3,QA2,1",,个,,Kg,
SPF01273,法兰盖,CL150,,FF,022Cr25Ni7Mo4N,CP05T3091,ASME B16.5,RCC-M 3,QA2,4",,个,,Kg,
SPF01275,对接焊法兰,CL150(7.14mm),,FF/WN,P280GH,CP05T3052,ASME B16.5(CP05T2002),RCC-M 2,QA1,12",,个,,Kg,
SPF01282,对接焊法兰,CL150(3.58mm),,FF/WN,022Cr25Ni7Mo4N,CP05T3091,ASME B16.5(CP05T2002),RCC-M 3,QA2,4",,个,,Kg,
SPF01283,承插焊法兰,CL150,,FF/SW,022Cr25Ni7Mo4N,CP05T3091,ASME B16.5,RCC-M 3,QA2,1",,个,,Kg,
SPF01284,承插焊法兰,CL150,,RF/SW,022Cr25Ni7Mo4N,CP05T3091,ASME B16.5,RCC-M 3,QA2,3/4",,个,,Kg,
SPF01285,板式平焊法兰,PN16,,FF/PL,20(内衬聚四氟乙烯PTFE),GB/T 8163-2018,GB/T 9124.1-2019,NA,QNC,DN25,Φ32,个,,Kg,适用于WES系统3/4寸衬塑管道及管件选型
SPF01286,板式平焊法兰,PN16,,FF/PL,20(内衬聚四氟乙烯PTFE),GB/T 8163-2018,GB/T 9124.1-2019,NA,QNC,DN80,Φ89,个,,Kg,
SPF01289,对接焊法兰,CL150(SCH120),,RF/WN,022Cr19Ni10,CP05T3038,ASME B16.5(CP05T2002),RCC-M 2,QA1,10",,个,,Kg,压力(壁厚)一栏括号内为接管壁厚
SPF01290,对接焊法兰,CL300(4.37mm),,RF/WN,P280GH,CP05T3052,ASME B16.5(CP05T2002),RCC-M 2,QA1,6",,个,,Kg,压力(壁厚)一栏括号内为接管壁厚
SPF01291,对接焊法兰,CL150(SCH120),,RF/WN,P280GH,CP05T3052,ASME B16.5(CP05T2002),RCC-M 2,QA1,10",,个,,Kg,压力(壁厚)一栏括号内为接管壁厚
SPG00101,密封垫片,CL150,,RF,石墨,CP05T3071,CP05T3071,RCC-M 2,QA1,1/2",,个,,Kg,
SPG00102,密封垫片,CL150,,RF,石墨,CP05T3071,CP05T3071,RCC-M 2,QA1,3/4",,个,,Kg,
SPG00103,密封垫片,CL150,,RF,石墨,CP05T3071,CP05T3071,RCC-M 2,QA1,1",,个,,Kg,
SPG00104,密封垫片,CL150,,RF,石墨,CP05T3071,CP05T3071,RCC-M 2,QA1,1-1/4",,个,,Kg,
SPG00105,密封垫片,CL150,,RF,石墨,CP05T3071,CP05T3071,RCC-M 2,QA1,1-1/2",,个,,Kg,
SPG00106,密封垫片,CL150,,RF,石墨,CP05T3071,CP05T3071,RCC-M 2,QA1,2",,个,,Kg,
SPG00107,密封垫片,CL150,,RF,石墨,CP05T3071,CP05T3071,RCC-M 2,QA1,2-1/2",,个,,Kg,
SPG00108,密封垫片,CL150,,RF,石墨,CP05T3071,CP05T3071,RCC-M 2,QA1,3",,个,,Kg,
SPG00109,密封垫片,CL150,,RF,石墨,CP05T3071,CP05T3071,RCC-M 2,QA1,3-1/2",,个,,Kg,
SPG00110,密封垫片,CL150,,RF,石墨,CP05T3071,CP05T3071,RCC-M 2,QA1,4",,个,,Kg,
SPG00111,密封垫片,CL150,,RF,石墨,CP05T3071,CP05T3071,RCC-M 2,QA1,5",,个,,Kg,
SPG00112,密封垫片,CL150,,RF,石墨,CP05T3071,CP05T3071,RCC-M 2,QA1,6",,个,,Kg,
SPG00113,密封垫片,CL150,,RF,石墨,CP05T3071,CP05T3071,RCC-M 2,QA1,8",,个,,Kg,
SPG00114,密封垫片,CL150,,RF,石墨,CP05T3071,CP05T3071,RCC-M 2,QA1,10",,个,,Kg,
SPG00115,密封垫片,CL150,,RF,石墨,CP05T3071,CP05T3071,RCC-M 2,QA1,12",,个,,Kg,
SPG00116,密封垫片,CL150,,RF,石墨,CP05T3071,CP05T3071,RCC-M 2,QA1,14",,个,,Kg,
SPG00117,密封垫片,CL150,,RF,石墨,CP05T3071,CP05T3071,RCC-M 2,QA1,16",,个,,Kg,
SPG00118,密封垫片,CL150,,RF,石墨,CP05T3071,CP05T3071,RCC-M 2,QA1,18",,个,,Kg,
SPG00119,密封垫片,CL150,,RF,石墨,CP05T3071,CP05T3071,RCC-M 2,QA1,20",,个,,Kg,
SPG00120,密封垫片,CL150,,RF,石墨,CP05T3071,CP05T3071,RCC-M 2,QA1,24",,个,,Kg,
SPG00121,密封垫片,CL150,,RF,石墨,CP05T3071,CP05T3071,RCC-M 2,QA1,26",,个,,Kg,
SPG00122,密封垫片,CL150,,RF,石墨,CP05T3071,CP05T3071,RCC-M 2,QA1,28",,个,,Kg,
SPG00123,密封垫片,CL150,,RF,石墨,CP05T3071,CP05T3071,RCC-M 2,QA1,30",,个,,Kg,
SPG00124,密封垫片,CL150,,RF,石墨,CP05T3071,CP05T3071,RCC-M 2,QA1,32",,个,,Kg,
SPG00125,密封垫片,CL150,,RF,石墨,CP05T3071,CP05T3071,RCC-M 2,QA1,34",,个,,Kg,
SPG00126,密封垫片,CL150,,RF,石墨,CP05T3071,CP05T3071,RCC-M 2,QA1,36",,个,,Kg,
SPG00127,密封垫片,CL150,,RF,石墨,CP05T3071,CP05T3071,RCC-M 3,QA2,1/2",,个,,Kg,
SPG00128,密封垫片,CL150,,RF,石墨,CP05T3071,CP05T3071,RCC-M 3,QA2,3/4",,个,,Kg,
SPG00129,密封垫片,CL150,,RF,石墨,CP05T3071,CP05T3071,RCC-M 3,QA2,1",,个,,Kg,
SPG00130,密封垫片,CL150,,RF,石墨,CP05T3071,CP05T3071,RCC-M 3,QA2,1-1/4",,个,,Kg,
SPG00131,密封垫片,CL150,,RF,石墨,CP05T3071,CP05T3071,RCC-M 3,QA2,1-1/2",,个,,Kg,
SPG00132,密封垫片,CL150,,RF,石墨,CP05T3071,CP05T3071,RCC-M 3,QA2,2",,个,,Kg,
SPG00133,密封垫片,CL150,,RF,石墨,CP05T3071,CP05T3071,RCC-M 3,QA2,2-1/2",,个,,Kg,
SPG00134,密封垫片,CL150,,RF,石墨,CP05T3071,CP05T3071,RCC-M 3,QA2,3",,个,,Kg,
SPG00135,密封垫片,CL150,,RF,石墨,CP05T3071,CP05T3071,RCC-M 3,QA2,3-1/2",,个,,Kg,
SPG00136,密封垫片,CL150,,RF,石墨,CP05T3071,CP05T3071,RCC-M 3,QA2,4",,个,,Kg,
SPG00137,密封垫片,CL150,,RF,石墨,CP05T3071,CP05T3071,RCC-M 3,QA2,5",,个,,Kg,
SPG00138,密封垫片,CL150,,RF,石墨,CP05T3071,CP05T3071,RCC-M 3,QA2,6",,个,,Kg,
SPG00139,密封垫片,CL150,,RF,石墨,CP05T3071,CP05T3071,RCC-M 3,QA2,8",,个,,Kg,
SPG00140,密封垫片,CL150,,RF,石墨,CP05T3071,CP05T3071,RCC-M 3,QA2,10",,个,,Kg,
SPG00141,密封垫片,CL150,,RF,石墨,CP05T3071,CP05T3071,RCC-M 3,QA2,12",,个,,Kg,
SPG00142,密封垫片,CL150,,RF,石墨,CP05T3071,CP05T3071,RCC-M 3,QA2,14",,个,,Kg,
SPG00143,密封垫片,CL150,,RF,石墨,CP05T3071,CP05T3071,RCC-M 3,QA2,16",,个,,Kg,
SPG00144,密封垫片,CL150,,RF,石墨,CP05T3071,CP05T3071,RCC-M 3,QA2,18",,个,,Kg,
SPG00145,密封垫片,CL150,,RF,石墨,CP05T3071,CP05T3071,RCC-M 3,QA2,20",,个,,Kg,
SPG00146,密封垫片,CL150,,RF,石墨,CP05T3071,CP05T3071,RCC-M 3,QA2,24",,个,,Kg,
SPG00147,密封垫片,CL150,,RF,石墨,CP05T3071,CP05T3071,RCC-M 3,QA2,26",,个,,Kg,
SPG00148,密封垫片,CL150,,RF,石墨,CP05T3071,CP05T3071,RCC-M 3,QA2,28",,个,,Kg,
SPG00149,密封垫片,CL150,,RF,石墨,CP05T3071,CP05T3071,RCC-M 3,QA2,30",,个,,Kg,
SPG00150,密封垫片,CL150,,RF,石墨,CP05T3071,CP05T3071,RCC-M 3,QA2,32",,个,,Kg,
SPG00151,密封垫片,CL150,,RF,石墨,CP05T3071,CP05T3071,RCC-M 3,QA2,34",,个,,Kg,
SPG00152,密封垫片,CL150,,RF,石墨,CP05T3071,CP05T3071,RCC-M 3,QA2,36",,个,,Kg,
SPG00153,密封垫片,CL150,,,石墨缠绕,D2828,CP05T3072,NA,QNCa,1/2",,个,,Kg,
SPG00154,密封垫片,CL150,,,石墨缠绕,D2828,CP05T3072,NA,QNCa,3/4",,个,,Kg,
SPG00155,密封垫片,CL150,,,石墨缠绕,D2828,CP05T3072,NA,QNCa,1",,个,,Kg,
SPG00156,密封垫片,CL150,,,石墨缠绕,D2828,CP05T3072,NA,QNCa,1-1/4",,个,,Kg,
SPG00157,密封垫片,CL150,,,石墨缠绕,D2828,CP05T3072,NA,QNCa,1-1/2",,个,,Kg,
SPG00158,密封垫片,CL150,,,石墨缠绕,D2828,CP05T3072,NA,QNCa,2",,个,,Kg,
SPG00159,密封垫片,CL150,,,石墨缠绕,D2828,CP05T3072,NA,QNCa,2-1/2",,个,,Kg,
SPG00160,密封垫片,CL150,,,石墨缠绕,D2828,CP05T3072,NA,QNCa,3",,个,,Kg,
SPG00161,密封垫片,CL150,,,石墨缠绕,D2828,CP05T3072,NA,QNCa,3-1/2",,个,,Kg,
SPG00162,密封垫片,CL150,,,石墨缠绕,D2828,CP05T3072,NA,QNCa,4",,个,,Kg,
SPG00163,密封垫片,CL150,,,石墨缠绕,D2828,CP05T3072,NA,QNCa,5",,个,,Kg,
SPG00164,密封垫片,CL150,,,石墨缠绕,D2828,CP05T3072,NA,QNCa,6",,个,,Kg,
SPG00165,密封垫片,CL150,,,石墨缠绕,D2828,CP05T3072,NA,QNCa,8",,个,,Kg,
SPG00166,密封垫片,CL150,,,石墨缠绕,D2828,CP05T3072,NA,QNCa,10",,个,,Kg,
SPG00167,密封垫片,CL150,,,石墨缠绕,D2828,CP05T3072,NA,QNCa,12",,个,,Kg,
SPG00168,密封垫片,CL150,,,石墨缠绕,D2828,CP05T3072,NA,QNCa,14",,个,,Kg,
SPG00169,密封垫片,CL150,,,石墨缠绕,D2828,CP05T3072,NA,QNCa,16",,个,,Kg,
SPG00170,密封垫片,CL150,,,石墨缠绕,D2828,CP05T3072,NA,QNCa,18",,个,,Kg,
SPG00171,密封垫片,CL150,,,石墨缠绕,D2828,CP05T3072,NA,QNCa,20",,个,,Kg,
SPG00172,密封垫片,CL150,,,石墨缠绕,D2828,CP05T3072,NA,QNCa,24",,个,,Kg,
SPG00173,密封垫片,CL150,,,石墨缠绕,D2828,CP05T3072,NA,QNCa,26",,个,,Kg,
SPG00174,密封垫片,CL150,,,石墨缠绕,D2828,CP05T3072,NA,QNCa,28",,个,,Kg,
SPG00175,密封垫片,CL150,,,石墨缠绕,D2828,CP05T3072,NA,QNCa,30",,个,,Kg,
SPG00176,密封垫片,CL150,,,石墨缠绕,D2828,CP05T3072,NA,QNCa,32",,个,,Kg,
SPG00177,密封垫片,CL150,,,石墨缠绕,D2828,CP05T3072,NA,QNCa,34",,个,,Kg,
SPG00178,密封垫片,CL150,,,石墨缠绕,D2828,CP05T3072,NA,QNCa,36",,个,,Kg,
SPG00179,密封垫片,CL300,,RF,石墨,CP05T3071,CP05T3071,RCC-M 2,QA1,1/2",,个,,Kg,
SPG00180,密封垫片,CL300,,RF,石墨,CP05T3071,CP05T3071,RCC-M 2,QA1,3/4",,个,,Kg,
SPG00181,密封垫片,CL300,,RF,石墨,CP05T3071,CP05T3071,RCC-M 2,QA1,1",,个,,Kg,
SPG00182,密封垫片,CL300,,RF,石墨,CP05T3071,CP05T3071,RCC-M 2,QA1,1-1/4",,个,,Kg,
SPG00183,密封垫片,CL300,,RF,石墨,CP05T3071,CP05T3071,RCC-M 2,QA1,1-1/2",,个,,Kg,
SPG00184,密封垫片,CL300,,RF,石墨,CP05T3071,CP05T3071,RCC-M 2,QA1,2",,个,,Kg,
SPG00185,密封垫片,CL300,,RF,石墨,CP05T3071,CP05T3071,RCC-M 2,QA1,2-1/2",,个,,Kg,
SPG00186,密封垫片,CL300,,RF,石墨,CP05T3071,CP05T3071,RCC-M 2,QA1,3",,个,,Kg,
SPG00187,密封垫片,CL300,,RF,石墨,CP05T3071,CP05T3071,RCC-M 2,QA1,3-1/2",,个,,Kg,
SPG00188,密封垫片,CL300,,RF,石墨,CP05T3071,CP05T3071,RCC-M 2,QA1,4",,个,,Kg,
SPG00189,密封垫片,CL300,,RF,石墨,CP05T3071,CP05T3071,RCC-M 2,QA1,5",,个,,Kg,
SPG00190,密封垫片,CL300,,RF,石墨,CP05T3071,CP05T3071,RCC-M 2,QA1,6",,个,,Kg,
SPG00191,密封垫片,CL300,,RF,石墨,CP05T3071,CP05T3071,RCC-M 2,QA1,8",,个,,Kg,
SPG00192,密封垫片,CL300,,RF,石墨,CP05T3071,CP05T3071,RCC-M 2,QA1,10",,个,,Kg,
SPG00193,密封垫片,CL300,,RF,石墨,CP05T3071,CP05T3071,RCC-M 2,QA1,12",,个,,Kg,
SPG00194,密封垫片,CL300,,RF,石墨,CP05T3071,CP05T3071,RCC-M 2,QA1,14",,个,,Kg,
SPG00195,密封垫片,CL300,,RF,石墨,CP05T3071,CP05T3071,RCC-M 2,QA1,16",,个,,Kg,
SPG00196,密封垫片,CL300,,RF,石墨,CP05T3071,CP05T3071,RCC-M 2,QA1,18",,个,,Kg,
SPG00197,密封垫片,CL300,,RF,石墨,CP05T3071,CP05T3071,RCC-M 2,QA1,20",,个,,Kg,
SPG00198,密封垫片,CL300,,RF,石墨,CP05T3071,CP05T3071,RCC-M 2,QA1,24",,个,,Kg,
SPG00199,密封垫片,CL300,,RF,石墨,CP05T3071,CP05T3071,RCC-M 2,QA1,26",,个,,Kg,
SPG00200,密封垫片,CL300,,RF,石墨,CP05T3071,CP05T3071,RCC-M 2,QA1,28",,个,,Kg,
SPG00201,密封垫片,CL300,,RF,石墨,CP05T3071,CP05T3071,RCC-M 2,QA1,30",,个,,Kg,
SPG00202,密封垫片,CL300,,RF,石墨,CP05T3071,CP05T3071,RCC-M 2,QA1,32",,个,,Kg,
SPG00203,密封垫片,CL300,,RF,石墨,CP05T3071,CP05T3071,RCC-M 2,QA1,34",,个,,Kg,
SPG00204,密封垫片,CL300,,RF,石墨,CP05T3071,CP05T3071,RCC-M 2,QA1,36",,个,,Kg,
SPG00205,密封垫片,CL300,,RF,石墨,CP05T3071,CP05T3071,RCC-M 3,QA2,1/2",,个,,Kg,
SPG00206,密封垫片,CL300,,RF,石墨,CP05T3071,CP05T3071,RCC-M 3,QA2,3/4",,个,,Kg,
SPG00207,密封垫片,CL300,,RF,石墨,CP05T3071,CP05T3071,RCC-M 3,QA2,1",,个,,Kg,
SPG00208,密封垫片,CL300,,RF,石墨,CP05T3071,CP05T3071,RCC-M 3,QA2,1-1/4",,个,,Kg,
SPG00209,密封垫片,CL300,,RF,石墨,CP05T3071,CP05T3071,RCC-M 3,QA2,1-1/2",,个,,Kg,
SPG00210,密封垫片,CL300,,RF,石墨,CP05T3071,CP05T3071,RCC-M 3,QA2,2",,个,,Kg,
SPG00211,密封垫片,CL300,,RF,石墨,CP05T3071,CP05T3071,RCC-M 3,QA2,2-1/2",,个,,Kg,
SPG00212,密封垫片,CL300,,RF,石墨,CP05T3071,CP05T3071,RCC-M 3,QA2,3",,个,,Kg,
SPG00213,密封垫片,CL300,,RF,石墨,CP05T3071,CP05T3071,RCC-M 3,QA2,3-1/2",,个,,Kg,
SPG00214,密封垫片,CL300,,RF,石墨,CP05T3071,CP05T3071,RCC-M 3,QA2,4",,个,,Kg,
SPG00215,密封垫片,CL300,,RF,石墨,CP05T3071,CP05T3071,RCC-M 3,QA2,5",,个,,Kg,
SPG00216,密封垫片,CL300,,RF,石墨,CP05T3071,CP05T3071,RCC-M 3,QA2,6",,个,,Kg,
SPG00217,密封垫片,CL300,,RF,石墨,CP05T3071,CP05T3071,RCC-M 3,QA2,8",,个,,Kg,
SPG00218,密封垫片,CL300,,RF,石墨,CP05T3071,CP05T3071,RCC-M 3,QA2,10",,个,,Kg,
SPG00219,密封垫片,CL300,,RF,石墨,CP05T3071,CP05T3071,RCC-M 3,QA2,12",,个,,Kg,
SPG00220,密封垫片,CL300,,RF,石墨,CP05T3071,CP05T3071,RCC-M 3,QA2,14",,个,,Kg,
SPG00221,密封垫片,CL300,,RF,石墨,CP05T3071,CP05T3071,RCC-M 3,QA2,16",,个,,Kg,
SPG00222,密封垫片,CL300,,RF,石墨,CP05T3071,CP05T3071,RCC-M 3,QA2,18",,个,,Kg,
SPG00223,密封垫片,CL300,,RF,石墨,CP05T3071,CP05T3071,RCC-M 3,QA2,20",,个,,Kg,
SPG00224,密封垫片,CL300,,RF,石墨,CP05T3071,CP05T3071,RCC-M 3,QA2,24",,个,,Kg,
SPG00225,密封垫片,CL300,,RF,石墨,CP05T3071,CP05T3071,RCC-M 3,QA2,26",,个,,Kg,
SPG00226,密封垫片,CL300,,RF,石墨,CP05T3071,CP05T3071,RCC-M 3,QA2,28",,个,,Kg,
SPG00227,密封垫片,CL300,,RF,石墨,CP05T3071,CP05T3071,RCC-M 3,QA2,30",,个,,Kg,
SPG00228,密封垫片,CL300,,RF,石墨,CP05T3071,CP05T3071,RCC-M 3,QA2,32",,个,,Kg,
SPG00229,密封垫片,CL300,,RF,石墨,CP05T3071,CP05T3071,RCC-M 3,QA2,34",,个,,Kg,
SPG00230,密封垫片,CL300,,RF,石墨,CP05T3071,CP05T3071,RCC-M 3,QA2,36",,个,,Kg,
SPG00231,密封垫片,CL600,,RF,石墨,CP05T3071,CP05T3071,RCC-M 2,QA1,1/2",,个,,Kg,
SPG00232,密封垫片,CL600,,RF,石墨,CP05T3071,CP05T3071,RCC-M 2,QA1,3/4",,个,,Kg,
SPG00233,密封垫片,CL600,,RF,石墨,CP05T3071,CP05T3071,RCC-M 2,QA1,1",,个,,Kg,
SPG00234,密封垫片,CL600,,RF,石墨,CP05T3071,CP05T3071,RCC-M 2,QA1,1-1/4",,个,,Kg,
SPG00235,密封垫片,CL600,,RF,石墨,CP05T3071,CP05T3071,RCC-M 2,QA1,1-1/2",,个,,Kg,
SPG00236,密封垫片,CL600,,RF,石墨,CP05T3071,CP05T3071,RCC-M 2,QA1,2",,个,,Kg,
SPG00237,密封垫片,CL600,,RF,石墨,CP05T3071,CP05T3071,RCC-M 2,QA1,2-1/2",,个,,Kg,
SPG00238,密封垫片,CL600,,RF,石墨,CP05T3071,CP05T3071,RCC-M 2,QA1,3",,个,,Kg,
SPG00239,密封垫片,CL600,,RF,石墨,CP05T3071,CP05T3071,RCC-M 2,QA1,3-1/2",,个,,Kg,
SPG00240,密封垫片,CL600,,RF,石墨,CP05T3071,CP05T3071,RCC-M 2,QA1,4",,个,,Kg,
SPG00241,密封垫片,CL600,,RF,石墨,CP05T3071,CP05T3071,RCC-M 2,QA1,5",,个,,Kg,
SPG00242,密封垫片,CL600,,RF,石墨,CP05T3071,CP05T3071,RCC-M 2,QA1,6",,个,,Kg,
SPG00243,密封垫片,CL600,,RF,石墨,CP05T3071,CP05T3071,RCC-M 2,QA1,8",,个,,Kg,
SPG00244,密封垫片,CL600,,RF,石墨,CP05T3071,CP05T3071,RCC-M 2,QA1,10",,个,,Kg,
SPG00245,密封垫片,CL600,,RF,石墨,CP05T3071,CP05T3071,RCC-M 2,QA1,12",,个,,Kg,
SPG00246,密封垫片,CL600,,RF,石墨,CP05T3071,CP05T3071,RCC-M 2,QA1,14",,个,,Kg,
SPG00247,密封垫片,CL600,,RF,石墨,CP05T3071,CP05T3071,RCC-M 2,QA1,16",,个,,Kg,
SPG00248,密封垫片,CL600,,RF,石墨,CP05T3071,CP05T3071,RCC-M 2,QA1,18",,个,,Kg,
SPG00249,密封垫片,CL600,,RF,石墨,CP05T3071,CP05T3071,RCC-M 2,QA1,20",,个,,Kg,
SPG00250,密封垫片,CL600,,RF,石墨,CP05T3071,CP05T3071,RCC-M 2,QA1,24",,个,,Kg,
SPG00251,密封垫片,CL600,,RF,石墨,CP05T3071,CP05T3071,RCC-M 2,QA1,26",,个,,Kg,
SPG00252,密封垫片,CL600,,RF,石墨,CP05T3071,CP05T3071,RCC-M 2,QA1,28",,个,,Kg,
SPG00253,密封垫片,CL600,,RF,石墨,CP05T3071,CP05T3071,RCC-M 2,QA1,30",,个,,Kg,
SPG00254,密封垫片,CL600,,RF,石墨,CP05T3071,CP05T3071,RCC-M 2,QA1,32",,个,,Kg,
SPG00255,密封垫片,CL600,,RF,石墨,CP05T3071,CP05T3071,RCC-M 2,QA1,34",,个,,Kg,
SPG00256,密封垫片,CL600,,RF,石墨,CP05T3071,CP05T3071,RCC-M 2,QA1,36",,个,,Kg,
SPG00257,密封垫片,CL600,,RF,石墨,CP05T3071,CP05T3071,RCC-M 3,QA2,1/2",,个,,Kg,
SPG00258,密封垫片,CL600,,RF,石墨,CP05T3071,CP05T3071,RCC-M 3,QA2,3/4",,个,,Kg,
SPG00259,密封垫片,CL600,,RF,石墨,CP05T3071,CP05T3071,RCC-M 3,QA2,1",,个,,Kg,
SPG00260,密封垫片,CL600,,RF,石墨,CP05T3071,CP05T3071,RCC-M 3,QA2,1-1/4",,个,,Kg,
SPG00261,密封垫片,CL600,,RF,石墨,CP05T3071,CP05T3071,RCC-M 3,QA2,1-1/2",,个,,Kg,
SPG00262,密封垫片,CL600,,RF,石墨,CP05T3071,CP05T3071,RCC-M 3,QA2,2",,个,,Kg,
SPG00263,密封垫片,CL600,,RF,石墨,CP05T3071,CP05T3071,RCC-M 3,QA2,2-1/2",,个,,Kg,
SPG00264,密封垫片,CL600,,RF,石墨,CP05T3071,CP05T3071,RCC-M 3,QA2,3",,个,,Kg,
SPG00265,密封垫片,CL600,,RF,石墨,CP05T3071,CP05T3071,RCC-M 3,QA2,3-1/2",,个,,Kg,
SPG00266,密封垫片,CL600,,RF,石墨,CP05T3071,CP05T3071,RCC-M 3,QA2,4",,个,,Kg,
SPG00267,密封垫片,CL600,,RF,石墨,CP05T3071,CP05T3071,RCC-M 3,QA2,5",,个,,Kg,
SPG00268,密封垫片,CL600,,RF,石墨,CP05T3071,CP05T3071,RCC-M 3,QA2,6",,个,,Kg,
SPG00269,密封垫片,CL600,,RF,石墨,CP05T3071,CP05T3071,RCC-M 3,QA2,8",,个,,Kg,
SPG00270,密封垫片,CL600,,RF,石墨,CP05T3071,CP05T3071,RCC-M 3,QA2,10",,个,,Kg,
SPG00271,密封垫片,CL600,,RF,石墨,CP05T3071,CP05T3071,RCC-M 3,QA2,12",,个,,Kg,
SPG00272,密封垫片,CL600,,RF,石墨,CP05T3071,CP05T3071,RCC-M 3,QA2,14",,个,,Kg,
SPG00273,密封垫片,CL600,,RF,石墨,CP05T3071,CP05T3071,RCC-M 3,QA2,16",,个,,Kg,
SPG00274,密封垫片,CL600,,RF,石墨,CP05T3071,CP05T3071,RCC-M 3,QA2,18",,个,,Kg,
SPG00275,密封垫片,CL600,,RF,石墨,CP05T3071,CP05T3071,RCC-M 3,QA2,20",,个,,Kg,
SPG00276,密封垫片,CL600,,RF,石墨,CP05T3071,CP05T3071,RCC-M 3,QA2,24",,个,,Kg,
SPG00277,密封垫片,CL600,,RF,石墨,CP05T3071,CP05T3071,RCC-M 3,QA2,26",,个,,Kg,
SPG00278,密封垫片,CL600,,RF,石墨,CP05T3071,CP05T3071,RCC-M 3,QA2,28",,个,,Kg,
SPG00279,密封垫片,CL600,,RF,石墨,CP05T3071,CP05T3071,RCC-M 3,QA2,30",,个,,Kg,
SPG00280,密封垫片,CL600,,RF,石墨,CP05T3071,CP05T3071,RCC-M 3,QA2,32",,个,,Kg,
SPG00281,密封垫片,CL600,,RF,石墨,CP05T3071,CP05T3071,RCC-M 3,QA2,34",,个,,Kg,
SPG00282,密封垫片,CL600,,RF,石墨,CP05T3071,CP05T3071,RCC-M 3,QA2,36",,个,,Kg,
SPG00283,密封垫片,CL900,,RF,石墨,CP05T3071,CP05T3071,RCC-M 2,QA1,1/2",,个,,Kg,
SPG00284,密封垫片,CL900,,RF,石墨,CP05T3071,CP05T3071,RCC-M 2,QA1,3/4",,个,,Kg,
SPG00285,密封垫片,CL900,,RF,石墨,CP05T3071,CP05T3071,RCC-M 2,QA1,1",,个,,Kg,
SPG00286,密封垫片,CL900,,RF,石墨,CP05T3071,CP05T3071,RCC-M 2,QA1,1-1/4",,个,,Kg,
SPG00287,密封垫片,CL900,,RF,石墨,CP05T3071,CP05T3071,RCC-M 2,QA1,1-1/2",,个,,Kg,
SPG00288,密封垫片,CL900,,RF,石墨,CP05T3071,CP05T3071,RCC-M 2,QA1,2",,个,,Kg,
SPG00289,密封垫片,CL900,,RF,石墨,CP05T3071,CP05T3071,RCC-M 2,QA1,2-1/2",,个,,Kg,
SPG00290,密封垫片,CL900,,RF,石墨,CP05T3071,CP05T3071,RCC-M 2,QA1,3",,个,,Kg,
SPG00291,密封垫片,CL900,,RF,石墨,CP05T3071,CP05T3071,RCC-M 2,QA1,3-1/2",,个,,Kg,
SPG00292,密封垫片,CL900,,RF,石墨,CP05T3071,CP05T3071,RCC-M 2,QA1,4",,个,,Kg,
SPG00293,密封垫片,CL900,,RF,石墨,CP05T3071,CP05T3071,RCC-M 2,QA1,5",,个,,Kg,
SPG00294,密封垫片,CL900,,RF,石墨,CP05T3071,CP05T3071,RCC-M 2,QA1,6",,个,,Kg,
SPG00295,密封垫片,CL900,,RF,石墨,CP05T3071,CP05T3071,RCC-M 2,QA1,8",,个,,Kg,
SPG00296,密封垫片,CL900,,RF,石墨,CP05T3071,CP05T3071,RCC-M 2,QA1,10",,个,,Kg,
SPG00297,密封垫片,CL900,,RF,石墨,CP05T3071,CP05T3071,RCC-M 2,QA1,12",,个,,Kg,
SPG00298,密封垫片,CL900,,RF,石墨,CP05T3071,CP05T3071,RCC-M 2,QA1,14",,个,,Kg,
SPG00299,密封垫片,CL900,,RF,石墨,CP05T3071,CP05T3071,RCC-M 2,QA1,16",,个,,Kg,
SPG00300,密封垫片,CL900,,RF,石墨,CP05T3071,CP05T3071,RCC-M 2,QA1,18",,个,,Kg,
SPG00301,密封垫片,CL900,,RF,石墨,CP05T3071,CP05T3071,RCC-M 2,QA1,20",,个,,Kg,
SPG00302,密封垫片,CL900,,RF,石墨,CP05T3071,CP05T3071,RCC-M 2,QA1,24",,个,,Kg,
SPG00303,密封垫片,CL900,,RF,石墨,CP05T3071,CP05T3071,RCC-M 2,QA1,26",,个,,Kg,
SPG00304,密封垫片,CL900,,RF,石墨,CP05T3071,CP05T3071,RCC-M 2,QA1,28",,个,,Kg,
SPG00305,密封垫片,CL900,,RF,石墨,CP05T3071,CP05T3071,RCC-M 2,QA1,30",,个,,Kg,
SPG00306,密封垫片,CL900,,RF,石墨,CP05T3071,CP05T3071,RCC-M 2,QA1,32",,个,,Kg,
SPG00307,密封垫片,CL900,,RF,石墨,CP05T3071,CP05T3071,RCC-M 2,QA1,34",,个,,Kg,
SPG00308,密封垫片,CL900,,RF,石墨,CP05T3071,CP05T3071,RCC-M 2,QA1,36",,个,,Kg,
SPG00335,密封垫片,CL1500,,RF,石墨,CP05T3071,CP05T3071,RCC-M 2,QA1,1/2",,个,,Kg,
SPG00336,密封垫片,CL1500,,RF,石墨,CP05T3071,CP05T3071,RCC-M 2,QA1,3/4",,个,,Kg,
SPG00337,密封垫片,CL1500,,RF,石墨,CP05T3071,CP05T3071,RCC-M 2,QA1,1",,个,,Kg,
SPG00338,密封垫片,CL1500,,RF,石墨,CP05T3071,CP05T3071,RCC-M 2,QA1,1-1/4",,个,,Kg,
SPG00339,密封垫片,CL1500,,RF,石墨,CP05T3071,CP05T3071,RCC-M 2,QA1,1-1/2",,个,,Kg,
SPG00340,密封垫片,CL1500,,RF,石墨,CP05T3071,CP05T3071,RCC-M 2,QA1,2",,个,,Kg,
SPG00341,密封垫片,CL1500,,RF,石墨,CP05T3071,CP05T3071,RCC-M 2,QA1,2-1/2",,个,,Kg,
SPG00342,密封垫片,CL1500,,RF,石墨,CP05T3071,CP05T3071,RCC-M 2,QA1,3",,个,,Kg,
SPG00343,密封垫片,CL1500,,RF,石墨,CP05T3071,CP05T3071,RCC-M 2,QA1,3-1/2",,个,,Kg,
SPG00344,密封垫片,CL1500,,RF,石墨,CP05T3071,CP05T3071,RCC-M 2,QA1,4",,个,,Kg,
SPG00345,密封垫片,CL1500,,RF,石墨,CP05T3071,CP05T3071,RCC-M 2,QA1,5",,个,,Kg,
SPG00346,密封垫片,CL1500,,RF,石墨,CP05T3071,CP05T3071,RCC-M 2,QA1,6",,个,,Kg,
SPG00347,密封垫片,CL1500,,RF,石墨,CP05T3071,CP05T3071,RCC-M 2,QA1,8",,个,,Kg,
SPG00348,密封垫片,CL1500,,RF,石墨,CP05T3071,CP05T3071,RCC-M 2,QA1,10",,个,,Kg,
SPG00349,密封垫片,CL1500,,RF,石墨,CP05T3071,CP05T3071,RCC-M 2,QA1,12",,个,,Kg,
SPG00350,密封垫片,CL1500,,RF,石墨,CP05T3071,CP05T3071,RCC-M 2,QA1,14",,个,,Kg,
SPG00351,密封垫片,CL1500,,RF,石墨,CP05T3071,CP05T3071,RCC-M 2,QA1,16",,个,,Kg,
SPG00352,密封垫片,CL1500,,RF,石墨,CP05T3071,CP05T3071,RCC-M 2,QA1,18",,个,,Kg,
SPG00353,密封垫片,CL1500,,RF,石墨,CP05T3071,CP05T3071,RCC-M 2,QA1,20",,个,,Kg,
SPG00354,密封垫片,CL1500,,RF,石墨,CP05T3071,CP05T3071,RCC-M 2,QA1,24",,个,,Kg,
SPG00355,密封垫片,CL1500,,RF,石墨,CP05T3071,CP05T3071,RCC-M 2,QA1,26",,个,,Kg,
SPG00356,密封垫片,CL1500,,RF,石墨,CP05T3071,CP05T3071,RCC-M 2,QA1,28",,个,,Kg,
SPG00357,密封垫片,CL1500,,RF,石墨,CP05T3071,CP05T3071,RCC-M 2,QA1,30",,个,,Kg,
SPG00358,密封垫片,CL1500,,RF,石墨,CP05T3071,CP05T3071,RCC-M 2,QA1,32",,个,,Kg,
SPG00359,密封垫片,CL1500,,RF,石墨,CP05T3071,CP05T3071,RCC-M 2,QA1,34",,个,,Kg,
SPG00360,密封垫片,CL1500,,RF,石墨,CP05T3071,CP05T3071,RCC-M 2,QA1,36",,个,,Kg,
SPG00361,密封垫片,CL2500,,RF,石墨,CP05T3071,CP05T3071,RCC-M 1,QA1,1/2",,个,,Kg,
SPG00362,密封垫片,CL2500,,RF,石墨,CP05T3071,CP05T3071,RCC-M 1,QA1,3/4",,个,,Kg,
SPG00363,密封垫片,CL2500,,RF,石墨,CP05T3071,CP05T3071,RCC-M 1,QA1,1",,个,,Kg,
SPG00364,密封垫片,CL2500,,RF,石墨,CP05T3071,CP05T3071,RCC-M 1,QA1,1-1/4",,个,,Kg,
SPG00365,密封垫片,CL2500,,RF,石墨,CP05T3071,CP05T3071,RCC-M 1,QA1,1-1/2",,个,,Kg,
SPG00366,密封垫片,CL2500,,RF,石墨,CP05T3071,CP05T3071,RCC-M 1,QA1,2",,个,,Kg,
SPG00367,密封垫片,CL2500,,RF,石墨,CP05T3071,CP05T3071,RCC-M 1,QA1,2-1/2",,个,,Kg,
SPG00368,密封垫片,CL2500,,RF,石墨,CP05T3071,CP05T3071,RCC-M 1,QA1,3",,个,,Kg,
SPG00369,密封垫片,CL2500,,RF,石墨,CP05T3071,CP05T3071,RCC-M 1,QA1,3-1/2",,个,,Kg,
SPG00370,密封垫片,CL2500,,RF,石墨,CP05T3071,CP05T3071,RCC-M 1,QA1,4",,个,,Kg,
SPG00371,密封垫片,CL2500,,RF,石墨,CP05T3071,CP05T3071,RCC-M 1,QA1,5",,个,,Kg,
SPG00372,密封垫片,CL2500,,RF,石墨,CP05T3071,CP05T3071,RCC-M 1,QA1,6",,个,,Kg,
SPG00373,密封垫片,CL2500,,RF,石墨,CP05T3071,CP05T3071,RCC-M 1,QA1,8",,个,,Kg,
SPG00374,密封垫片,CL2500,,RF,石墨,CP05T3071,CP05T3071,RCC-M 1,QA1,10",,个,,Kg,
SPG00375,密封垫片,CL2500,,RF,石墨,CP05T3071,CP05T3071,RCC-M 1,QA1,12",,个,,Kg,
SPG00376,密封垫片,CL2500,,RF,石墨,CP05T3071,CP05T3071,RCC-M 1,QA1,14",,个,,Kg,
SPG00377,密封垫片,CL2500,,RF,石墨,CP05T3071,CP05T3071,RCC-M 1,QA1,16",,个,,Kg,
SPG00378,密封垫片,CL2500,,RF,石墨,CP05T3071,CP05T3071,RCC-M 1,QA1,18",,个,,Kg,
SPG00379,密封垫片,CL2500,,RF,石墨,CP05T3071,CP05T3071,RCC-M 1,QA1,20",,个,,Kg,
SPG00380,密封垫片,CL2500,,RF,石墨,CP05T3071,CP05T3071,RCC-M 1,QA1,24",,个,,Kg,
SPG00381,密封垫片,CL2500,,RF,石墨,CP05T3071,CP05T3071,RCC-M 1,QA1,26",,个,,Kg,
SPG00382,密封垫片,CL2500,,RF,石墨,CP05T3071,CP05T3071,RCC-M 1,QA1,28",,个,,Kg,
SPG00383,密封垫片,CL2500,,RF,石墨,CP05T3071,CP05T3071,RCC-M 1,QA1,30",,个,,Kg,
SPG00384,密封垫片,CL2500,,RF,石墨,CP05T3071,CP05T3071,RCC-M 1,QA1,32",,个,,Kg,
SPG00385,密封垫片,CL2500,,RF,石墨,CP05T3071,CP05T3071,RCC-M 1,QA1,34",,个,,Kg,
SPG00386,密封垫片,CL2500,,RF,石墨,CP05T3071,CP05T3071,RCC-M 1,QA1,36",,个,,Kg,
SPG00387,密封垫片,CL2500,,RF,石墨,CP05T3071,CP05T3071,RCC-M 2,QA1,1/2",,个,,Kg,
SPG00388,密封垫片,CL2500,,RF,石墨,CP05T3071,CP05T3071,RCC-M 2,QA1,3/4",,个,,Kg,
SPG00389,密封垫片,CL2500,,RF,石墨,CP05T3071,CP05T3071,RCC-M 2,QA1,1",,个,,Kg,
SPG00390,密封垫片,CL2500,,RF,石墨,CP05T3071,CP05T3071,RCC-M 2,QA1,1-1/4",,个,,Kg,
SPG00391,密封垫片,CL2500,,RF,石墨,CP05T3071,CP05T3071,RCC-M 2,QA1,1-1/2",,个,,Kg,
SPG00392,密封垫片,CL2500,,RF,石墨,CP05T3071,CP05T3071,RCC-M 2,QA1,2",,个,,Kg,
SPG00393,密封垫片,CL2500,,RF,石墨,CP05T3071,CP05T3071,RCC-M 2,QA1,2-1/2",,个,,Kg,
SPG00394,密封垫片,CL2500,,RF,石墨,CP05T3071,CP05T3071,RCC-M 2,QA1,3",,个,,Kg,
SPG00395,密封垫片,CL2500,,RF,石墨,CP05T3071,CP05T3071,RCC-M 2,QA1,3-1/2",,个,,Kg,
SPG00396,密封垫片,CL2500,,RF,石墨,CP05T3071,CP05T3071,RCC-M 2,QA1,4",,个,,Kg,
SPG00397,密封垫片,CL2500,,RF,石墨,CP05T3071,CP05T3071,RCC-M 2,QA1,5",,个,,Kg,
SPG00398,密封垫片,CL2500,,RF,石墨,CP05T3071,CP05T3071,RCC-M 2,QA1,6",,个,,Kg,
SPG00399,密封垫片,CL2500,,RF,石墨,CP05T3071,CP05T3071,RCC-M 2,QA1,8",,个,,Kg,
SPG00400,密封垫片,CL2500,,RF,石墨,CP05T3071,CP05T3071,RCC-M 2,QA1,10",,个,,Kg,
SPG00401,密封垫片,CL2500,,RF,石墨,CP05T3071,CP05T3071,RCC-M 2,QA1,12",,个,,Kg,
SPG00402,密封垫片,CL2500,,RF,石墨,CP05T3071,CP05T3071,RCC-M 2,QA1,14",,个,,Kg,
SPG00403,密封垫片,CL2500,,RF,石墨,CP05T3071,CP05T3071,RCC-M 2,QA1,16",,个,,Kg,
SPG00404,密封垫片,CL2500,,RF,石墨,CP05T3071,CP05T3071,RCC-M 2,QA1,18",,个,,Kg,
SPG00405,密封垫片,CL2500,,RF,石墨,CP05T3071,CP05T3071,RCC-M 2,QA1,20",,个,,Kg,
SPG00406,密封垫片,CL2500,,RF,石墨,CP05T3071,CP05T3071,RCC-M 2,QA1,24",,个,,Kg,
SPG00407,密封垫片,CL2500,,RF,石墨,CP05T3071,CP05T3071,RCC-M 2,QA1,26",,个,,Kg,
SPG00408,密封垫片,CL2500,,RF,石墨,CP05T3071,CP05T3071,RCC-M 2,QA1,28",,个,,Kg,
SPG00409,密封垫片,CL2500,,RF,石墨,CP05T3071,CP05T3071,RCC-M 2,QA1,30",,个,,Kg,
SPG00410,密封垫片,CL2500,,RF,石墨,CP05T3071,CP05T3071,RCC-M 2,QA1,32",,个,,Kg,
SPG00411,密封垫片,CL2500,,RF,石墨,CP05T3071,CP05T3071,RCC-M 2,QA1,34",,个,,Kg,
SPG00412,密封垫片,CL2500,,RF,石墨,CP05T3071,CP05T3071,RCC-M 2,QA1,36",,个,,Kg,
SPG00421,密封垫片,CL1500,,RF,石墨,CP05T3071,CP05T3071,RCC-M 1,QA1,1/2",,个,,Kg,
SPG00422,密封垫片,CL1500,,RF,石墨,CP05T3071,CP05T3071,RCC-M 1,QA1,3/4",,个,,Kg,
SPG00423,密封垫片,CL1500,,RF,石墨,CP05T3071,CP05T3071,RCC-M 1,QA1,1",,个,,Kg,
SPG00424,密封垫片,CL1500,,RF,石墨,CP05T3071,CP05T3071,RCC-M 1,QA1,1-1/4",,个,,Kg,
SPG00425,密封垫片,CL1500,,RF,石墨,CP05T3071,CP05T3071,RCC-M 1,QA1,1-1/2",,个,,Kg,
SPG00426,密封垫片,CL1500,,RF,石墨,CP05T3071,CP05T3071,RCC-M 1,QA1,2",,个,,Kg,
SPG00427,密封垫片,CL1500,,RF,石墨,CP05T3071,CP05T3071,RCC-M 1,QA1,2-1/2",,个,,Kg,
SPG00428,密封垫片,CL1500,,RF,石墨,CP05T3071,CP05T3071,RCC-M 1,QA1,3",,个,,Kg,
SPG00429,密封垫片,CL1500,,RF,石墨,CP05T3071,CP05T3071,RCC-M 1,QA1,3-1/2",,个,,Kg,
SPG00430,密封垫片,CL1500,,RF,石墨,CP05T3071,CP05T3071,RCC-M 1,QA1,4",,个,,Kg,
SPG00431,密封垫片,CL1500,,RF,石墨,CP05T3071,CP05T3071,RCC-M 1,QA1,5",,个,,Kg,
SPG00432,密封垫片,CL1500,,RF,石墨,CP05T3071,CP05T3071,RCC-M 1,QA1,6",,个,,Kg,
SPG00433,密封垫片,CL1500,,RF,石墨,CP05T3071,CP05T3071,RCC-M 1,QA1,8",,个,,Kg,
SPG00434,密封垫片,CL1500,,RF,石墨,CP05T3071,CP05T3071,RCC-M 1,QA1,10",,个,,Kg,
SPG00435,密封垫片,CL1500,,RF,石墨,CP05T3071,CP05T3071,RCC-M 1,QA1,12",,个,,Kg,
SPG00436,密封垫片,CL1500,,RF,石墨,CP05T3071,CP05T3071,RCC-M 1,QA1,14",,个,,Kg,
SPG00437,密封垫片,CL1500,,RF,石墨,CP05T3071,CP05T3071,RCC-M 1,QA1,16",,个,,Kg,
SPG00438,密封垫片,CL1500,,RF,石墨,CP05T3071,CP05T3071,RCC-M 1,QA1,18",,个,,Kg,
SPG00439,密封垫片,CL1500,,RF,石墨,CP05T3071,CP05T3071,RCC-M 1,QA1,20",,个,,Kg,
SPG00440,密封垫片,CL1500,,RF,石墨,CP05T3071,CP05T3071,RCC-M 1,QA1,24",,个,,Kg,
SPG00441,密封垫片,CL1500,,RF,石墨,CP05T3071,CP05T3071,RCC-M 1,QA1,26",,个,,Kg,
SPG00442,密封垫片,CL1500,,RF,石墨,CP05T3071,CP05T3071,RCC-M 1,QA1,28",,个,,Kg,
SPG00443,密封垫片,CL1500,,RF,石墨,CP05T3071,CP05T3071,RCC-M 1,QA1,30",,个,,Kg,
SPG00444,密封垫片,CL1500,,RF,石墨,CP05T3071,CP05T3071,RCC-M 1,QA1,32",,个,,Kg,
SPG00445,密封垫片,CL1500,,RF,石墨,CP05T3071,CP05T3071,RCC-M 1,QA1,34",,个,,Kg,
SPG00446,密封垫片,CL1500,,RF,石墨,CP05T3071,CP05T3071,RCC-M 1,QA1,36",,个,,Kg,
SPG00455,密封垫,3mm,,,氯丁橡胶 硬度70,,NF M 87-641,NA,QNCa,3",,个,,Kg,
SPG00456,密封垫,3mm,,,氯丁橡胶 硬度70,,NF M 87-641,NA,QNCa,2",,个,,Kg,
SPG00457,密封垫,3mm,,,氯丁橡胶 硬度70,,NF M 87-641,NA,QNCa,1-1/2",,个,,Kg,
SPG00458,密封垫,3mm,,,氯丁橡胶 硬度70,,NF M 87-641,NA,QNCa,4",,个,,Kg,
SPG00459,密封垫,3mm,,,氯丁橡胶 硬度70,,NF M 87-641,NA,QNCa,6",,个,,Kg,
SPG00512,密封垫片,CL300,,,石墨缠绕,D2828,CP05T3072,NA,QNCa,1/2",,个,,Kg,
SPG00513,密封垫片,CL300,,,石墨缠绕,D2828,CP05T3072,NA,QNCa,3/4",,个,,Kg,
SPG00514,密封垫片,CL300,,,石墨缠绕,D2828,CP05T3072,NA,QNCa,1",,个,,Kg,
SPG00515,密封垫片,CL300,,,石墨缠绕,D2828,CP05T3072,NA,QNCa,1-1/4",,个,,Kg,
SPG00516,密封垫片,CL300,,,石墨缠绕,D2828,CP05T3072,NA,QNCa,1-1/2",,个,,Kg,
SPG00517,密封垫片,CL300,,,石墨缠绕,D2828,CP05T3072,NA,QNCa,2",,个,,Kg,
SPG00518,密封垫片,CL300,,,石墨缠绕,D2828,CP05T3072,NA,QNCa,2-1/2",,个,,Kg,
SPG00519,密封垫片,CL300,,,石墨缠绕,D2828,CP05T3072,NA,QNCa,3",,个,,Kg,
SPG00520,密封垫片,CL300,,,石墨缠绕,D2828,CP05T3072,NA,QNCa,3-1/2",,个,,Kg,
SPG00521,密封垫片,CL300,,,石墨缠绕,D2828,CP05T3072,NA,QNCa,4",,个,,Kg,
SPG00522,密封垫片,CL300,,,石墨缠绕,D2828,CP05T3072,NA,QNCa,5",,个,,Kg,
SPG00523,密封垫片,CL300,,,石墨缠绕,D2828,CP05T3072,NA,QNCa,6",,个,,Kg,
SPG00524,密封垫片,CL300,,,石墨缠绕,D2828,CP05T3072,NA,QNCa,8",,个,,Kg,
SPG00525,密封垫片,CL300,,,石墨缠绕,D2828,CP05T3072,NA,QNCa,10",,个,,Kg,
SPG00526,密封垫片,CL300,,,石墨缠绕,D2828,CP05T3072,NA,QNCa,12",,个,,Kg,
SPG00527,密封垫片,CL300,,,石墨缠绕,D2828,CP05T3072,NA,QNCa,14",,个,,Kg,
SPG00528,密封垫片,CL300,,,石墨缠绕,D2828,CP05T3072,NA,QNCa,16",,个,,Kg,
SPG00529,密封垫片,CL300,,,石墨缠绕,D2828,CP05T3072,NA,QNCa,18",,个,,Kg,
SPG00530,密封垫片,CL300,,,石墨缠绕,D2828,CP05T3072,NA,QNCa,20",,个,,Kg,
SPG00531,密封垫片,CL300,,,石墨缠绕,D2828,CP05T3072,NA,QNCa,24",,个,,Kg,
SPG00532,密封垫片,CL300,,,石墨缠绕,D2828,CP05T3072,NA,QNCa,26",,个,,Kg,
SPG00533,密封垫片,CL300,,,石墨缠绕,D2828,CP05T3072,NA,QNCa,28",,个,,Kg,
SPG00534,密封垫片,CL300,,,石墨缠绕,D2828,CP05T3072,NA,QNCa,30",,个,,Kg,
SPG00535,密封垫片,CL300,,,石墨缠绕,D2828,CP05T3072,NA,QNCa,32",,个,,Kg,
SPG00536,密封垫片,CL300,,,石墨缠绕,D2828,CP05T3072,NA,QNCa,34",,个,,Kg,
SPG00537,密封垫片,CL300,,,石墨缠绕,D2828,CP05T3072,NA,QNCa,36",,个,,Kg,
SPG00540,密封垫片,CL150(3.2mm),,,PTFE(聚四氟乙烯),,CP05T3074,RCC-M 3,QA2,3",,个,,Kg,压力(壁厚)一栏括号内为垫片厚度
SPG00541,密封垫片,CL150(3.2mm),,,PTFE(聚四氟乙烯),,CP05T3074,RCC-M 3,QA2,3-1/2",,个,,Kg,压力(壁厚)一栏括号内为垫片厚度
SPG00542,密封垫片,CL150(3.2mm),,,PTFE(聚四氟乙烯),,CP05T3074,RCC-M 3,QA2,4",,个,,Kg,压力(壁厚)一栏括号内为垫片厚度
SPG00543,密封垫片,CL150(3.2mm),,,PTFE(聚四氟乙烯),,CP05T3074,RCC-M 3,QA2,5",,个,,Kg,压力(壁厚)一栏括号内为垫片厚度
SPG00544,密封垫片,CL150(3.2mm),,,PTFE(聚四氟乙烯),,CP05T3074,RCC-M 3,QA2,6",,个,,Kg,压力(壁厚)一栏括号内为垫片厚度
SPG00545,密封垫片,CL150(3.2mm),,,PTFE(聚四氟乙烯),,CP05T3074,RCC-M 3,QA2,8",,个,,Kg,压力(壁厚)一栏括号内为垫片厚度
SPG00546,密封垫片,CL150(3.2mm),,,PTFE(聚四氟乙烯),,CP05T3074,RCC-M 3,QA2,10",,个,,Kg,压力(壁厚)一栏括号内为垫片厚度
SPG00547,密封垫片,CL150(3.2mm),,,PTFE(聚四氟乙烯),,CP05T3074,RCC-M 3,QA2,12",,个,,Kg,压力(壁厚)一栏括号内为垫片厚度
SPG00548,密封垫片,CL150(3.2mm),,,PTFE(聚四氟乙烯),,CP05T3074,RCC-M 3,QA2,14",,个,,Kg,压力(壁厚)一栏括号内为垫片厚度
SPG00549,密封垫片,CL150(3.2mm),,,PTFE(聚四氟乙烯),,CP05T3074,RCC-M 3,QA2,16",,个,,Kg,压力(壁厚)一栏括号内为垫片厚度
SPG00550,密封垫片,CL150(3.2mm),,,PTFE(聚四氟乙烯),,CP05T3074,RCC-M 3,QA2,18",,个,,Kg,压力(壁厚)一栏括号内为垫片厚度
SPG00551,密封垫片,CL150(3.2mm),,,PTFE(聚四氟乙烯),,CP05T3074,RCC-M 3,QA2,20",,个,,Kg,压力(壁厚)一栏括号内为垫片厚度
SPG00552,密封垫片,CL150(3.2mm),,,PTFE(聚四氟乙烯),,CP05T3074,RCC-M 3,QA2,24",,个,,Kg,压力(壁厚)一栏括号内为垫片厚度
SPG00553,密封垫片,CL150(3.2mm),,,PTFE(聚四氟乙烯),,CP05T3074,RCC-M 3,QA2,26",,个,,Kg,压力(壁厚)一栏括号内为垫片厚度
SPG00554,密封垫片,CL150(3.2mm),,,PTFE(聚四氟乙烯),,CP05T3074,RCC-M 3,QA2,28",,个,,Kg,压力(壁厚)一栏括号内为垫片厚度
SPG00555,密封垫片,CL150(3.2mm),,,PTFE(聚四氟乙烯),,CP05T3074,RCC-M 3,QA2,30",,个,,Kg,压力(壁厚)一栏括号内为垫片厚度
SPG00556,密封垫片,CL150(3.2mm),,,PTFE(聚四氟乙烯),,CP05T3074,RCC-M 3,QA2,32",,个,,Kg,压力(壁厚)一栏括号内为垫片厚度
SPG00557,密封垫片,CL150(3.2mm),,,PTFE(聚四氟乙烯),,CP05T3074,RCC-M 3,QA2,34",,个,,Kg,压力(壁厚)一栏括号内为垫片厚度
SPG00558,密封垫片,CL150(3.2mm),,,PTFE(聚四氟乙烯),,CP05T3074,RCC-M 3,QA2,36",,个,,Kg,压力(壁厚)一栏括号内为垫片厚度
SPG00628,密封垫片,CL150(3.2mm),,,PTFE(聚四氟乙烯),,CP05T3074,RCC-M 3,QA2,1",,个,,Kg,压力(壁厚)一栏括号内为垫片厚度
SPG00630,密封垫片,CL150(3.2mm),,,PTFE(聚四氟乙烯),,CP05T3074,RCC-M 3,QA2,3/4",,个,,Kg,压力(壁厚)一栏括号内为垫片厚度
SPG00649,楔形垫片THK=100,CL150,,,玻璃丝,,CP05AT4218,RCC-M 3,QA2,18",,个,,Kg,介质为海水，安装调整用
SPG00650,楔形垫片THK=100,CL150,,,玻璃丝,,CP05AT4218,RCC-M 3,QA2,24",,个,,Kg,介质为海水，安装调整用
SPG00651,楔形垫片THK=100,CL150,,,玻璃丝,,CP05AT4218,RCC-M 3,QA2,30",,个,,Kg,介质为海水，安装调整用
SPG00652,楔形垫片THK=100,CL150,,,玻璃丝,,CP05AT4218,RCC-M 3,QA2,32",,个,,Kg,介质为海水，安装调整用
SPG00654,楔形垫片THK=100,CL150,,,玻璃丝,,CP05AT4218,RCC-M 3,QA2,6",,个,,Kg,介质为海水，安装调整用
SPG00655,密封垫片,CL150(3.2mm),,,PTFE(聚四氟乙烯),,CP05T3074,RCC-M 3,QA2,2",,个,,Kg,压力(壁厚)一栏括号内为垫片厚度
SPG00656,管线盲板,CL150,,,022Cr19Ni10,,ASME B16.48,RCC-M 2,QA1,6",,个,,Kg,
SPG00657,楔形垫片THK=100,CL150,,,玻璃丝,,CP05AT4218,NA,QNCb,18",,个,,Kg,
SPG00658,楔形垫片THK=100,CL150,,,玻璃丝,,CP05AT4218,NA,QNCb,24",,个,,Kg,
SPG00659,楔形垫片THK=100,CL150,,,玻璃丝,,CP05AT4218,NA,QNCb,30",,个,,Kg,
SPG00660,楔形垫片THK=100,CL150,,,玻璃丝,,CP05AT4218,NA,QNCb,32",,个,,Kg,
SPG00661,楔形垫片THK=100,CL150,,,玻璃丝,,CP05AT4218,NA,QNCb,6",,个,,Kg,
SPG00664,带内环和定位环型缠绕式垫片,PN16,,RFFF,石墨缠绕,,GB/T 4622.2-2008,NA,QNCa,DN500,,个,,Kg,
SPG00667,楔形垫片THK=100,CL150,,,玻璃丝,,CP05AT4218,RCC-M 3,QA2,3",,个,,Kg,介质为海水，安装调整用
SPG00670,楔形垫片THK=100,CL150,,,玻璃丝,,CP05AT4218,NA,QA2,3",,个,,Kg,介质为海水，安装调整用
SPG00671,密封垫片,CL1500,,,石墨缠绕,D2828,CP05T3072,NA,QNCa,3/4",,个,,Kg,
SPG00672,密封垫片,CL1500,,,石墨缠绕,D2828,CP05T3072,NA,QNCa,2",,个,,Kg,
SPG00673,密封垫片,CL600,,,石墨缠绕,D2828,CP05T3072,NA,QNCa,1/2",,个,,Kg,
SPG00674,密封垫片,PN16,,FF,PTFE(聚四氟乙烯),GB/T 9129-2003,GB/T 9126-2008,NA,QNC,DN25,,个,,Kg,连接形式为对应法兰的连接形式
SPG00675,密封垫片,PN16,,FF,PTFE(聚四氟乙烯),GB/T 9129-2003,GB/T 9126-2008,NA,QNC,DN80,,个,,Kg,连接形式为对应法兰的连接形式
SPG00676,楔形垫片THK=100,CL150,,,玻璃丝,,CP05AT4218,NA,QA3,3",,个,,Kg,介质为海水，安装调整用
SPI00838,多级节流孔板,31.75mm,SS,BW,P280GH,RCC-M M1152,FQZ32300S45716A44DD,NA,QA3,18",,个,,Kg,
SPI00839,单级节流孔板,38.1mm,SS,BW,P280GH,RCC-M M1152,FQZ32300S46716A44DD,NA,QA3,20",,个,,Kg,
SPK00001,管帽,CL3000,FO,SW,022Cr19Ni10,CP05T3038,ASME B16.11,RCC-M 2,QA1,1/4",,个,0.04,Kg,
SPK00002,管帽,CL3000,FO,SW,20,CP05T3037,ASME B16.11,RCC-M 2,QA1,1/4",,个,0.04,Kg,
SPK00003,管帽,CL6000,FO,SW,022Cr19Ni10,CP05T3038,ASME B16.11,RCC-M 2,QA1,1/4",,个,0.05,Kg,
SPK00004,管帽,CL6000,FO,SW,20,CP05T3037,ASME B16.11,RCC-M 2,QA1,1/4",,个,0.05,Kg,
SPK00005,管帽,CL6000,FO,SW,P280GH,CP05T3052,ASME B16.11,RCC-M 2,QA1,1/4",,个,0.05,Kg,
SPK00006,管帽,CL3000,FO,SW,022Cr17Ni12Mo2,CP05T3038,ASME B16.11,RCC-M 3,QA2,1/4",,个,0.04,Kg,
SPK00007,管帽,CL3000,FO,SW,022Cr19Ni10,CP05T3038,ASME B16.11,RCC-M 3,QA2,1/4",,个,0.04,Kg,
SPK00008,管帽,CL3000,FO,SW,20,CP05T3037,ASME B16.11,RCC-M 3,QA2,1/4",,个,0.04,Kg,
SPK00009,管帽,CL3000,FO,SW,022Cr17Ni12Mo2,CP05T3023,ASME B16.11,NA,QNCa,1/4",,个,0.04,Kg,
SPK00010,管帽,CL3000,FO,SW,022Cr19Ni10,CP05T3023,ASME B16.11,NA,QNCa,1/4",,个,0.04,Kg,
SPK00011,管帽,CL3000,FO,SW,20,CP05T3025,ASME B16.11,NA,QNCa,1/4",,个,0.04,Kg,
SPK00012,管帽,CL3000,FO,SW,022Cr19Ni10,CP05T3038,ASME B16.11,RCC-M 2,QA1,3/8",,个,0.05,Kg,
SPK00013,管帽,CL3000,FO,SW,20,CP05T3037,ASME B16.11,RCC-M 2,QA1,3/8",,个,0.05,Kg,
SPK00014,管帽,CL6000,FO,SW,022Cr19Ni10,CP05T3038,ASME B16.11,RCC-M 2,QA1,3/8",,个,0.07,Kg,
SPK00015,管帽,CL6000,FO,SW,20,CP05T3037,ASME B16.11,RCC-M 2,QA1,3/8",,个,0.07,Kg,
SPK00016,管帽,CL6000,FO,SW,P280GH,CP05T3052,ASME B16.11,RCC-M 2,QA1,3/8",,个,0.07,Kg,
SPK00017,管帽,CL3000,FO,SW,022Cr17Ni12Mo2,CP05T3038,ASME B16.11,RCC-M 3,QA2,3/8",,个,0.05,Kg,
SPK00018,管帽,CL3000,FO,SW,022Cr19Ni10,CP05T3038,ASME B16.11,RCC-M 3,QA2,3/8",,个,0.05,Kg,
SPK00019,管帽,CL3000,FO,SW,20,CP05T3037,ASME B16.11,RCC-M 3,QA2,3/8",,个,0.05,Kg,
SPK00020,管帽,CL3000,FO,SW,022Cr17Ni12Mo2,CP05T3023,ASME B16.11,NA,QNCa,3/8",,个,0.05,Kg,
SPK00021,管帽,CL3000,FO,SW,022Cr19Ni10,CP05T3023,ASME B16.11,NA,QNCa,3/8",,个,0.05,Kg,
SPK00022,管帽,CL3000,FO,SW,20,CP05T3025,ASME B16.11,NA,QNCa,3/8",,个,0.05,Kg,
SPK00023,管帽,SCH160,EM,BW,022Cr19Ni10,CP05T3017,ASME B16.9,RCC-M 1,QA1,1/2",Φ21.3,个,0.1,Kg,
SPK00024,管帽,CL3000,FO,SW,022Cr19Ni10,CP05T3038,ASME B16.11,RCC-M 2,QA1,1/2",,个,0.88,Kg,
SPK00025,管帽,CL3000,FO,SW,20,CP05T3037,ASME B16.11,RCC-M 2,QA1,1/2",,个,0.08,Kg,
SPK00026,管帽,CL6000,FO,SW,022Cr19Ni10,CP05T3038,ASME B16.11,RCC-M 2,QA1,1/2",,个,0.13,Kg,
SPK00027,管帽,CL6000,FO,SW,20,CP05T3037,ASME B16.11,RCC-M 2,QA1,1/2",,个,0.13,Kg,
SPK00028,管帽,CL6000,FO,SW,P280GH,CP05T3052,ASME B16.11,RCC-M 2,QA1,1/2",,个,0.13,Kg,
SPK00029,管帽,SCH160,EM,BW,022Cr19Ni10,CP05T3017,ASME B16.9,RCC-M 2,QA1,1/2",Φ21.3,个,0.1,Kg,
SPK00030,管帽,CL3000,FO,SW,022Cr17Ni12Mo2,CP05T3038,ASME B16.11,RCC-M 3,QA2,1/2",,个,0.08,Kg,
SPK00031,管帽,CL3000,FO,SW,022Cr19Ni10,CP05T3038,ASME B16.11,RCC-M 3,QA2,1/2",,个,0.08,Kg,
SPK00032,管帽,CL3000,FO,SW,20,CP05T3037,ASME B16.11,RCC-M 3,QA2,1/2",,个,0.08,Kg,
SPK00033,管帽,CL3000,FO,SW,022Cr17Ni12Mo2,CP05T3023,ASME B16.11,NA,QNCa,1/2",,个,0.08,Kg,
SPK00034,管帽,CL3000,FO,SW,022Cr19Ni10,CP05T3023,ASME B16.11,NA,QNCa,1/2",,个,0.08,Kg,
SPK00035,管帽,CL3000,FO,SW,20,CP05T3025,ASME B16.11,NA,QNCa,1/2",,个,0.08,Kg,
SPK00036,管帽,SCH160,EM,BW,022Cr19Ni10,CP05T3017,ASME B16.9,RCC-M 1,QA1,3/4",Φ26.7,个,0.12,Kg,
SPK00037,管帽,CL3000,FO,SW,022Cr19Ni10,CP05T3038,ASME B16.11,RCC-M 2,QA1,3/4",,个,0.15,Kg,
SPK00038,管帽,CL3000,FO,SW,20,CP05T3037,ASME B16.11,RCC-M 2,QA1,3/4",,个,0.15,Kg,
SPK00039,管帽,CL6000,FO,SW,022Cr19Ni10,CP05T3038,ASME B16.11,RCC-M 2,QA1,3/4",,个,0.22,Kg,
SPK00040,管帽,CL6000,FO,SW,20,CP05T3037,ASME B16.11,RCC-M 2,QA1,3/4",,个,0.22,Kg,
SPK00041,管帽,CL6000,FO,SW,P280GH,CP05T3052,ASME B16.11,RCC-M 2,QA1,3/4",,个,0.22,Kg,
SPK00042,管帽,SCH160,EM,BW,022Cr19Ni10,CP05T3017,ASME B16.9,RCC-M 2,QA1,3/4",Φ26.7,个,0.1,Kg,
SPK00043,管帽,CL3000,FO,SW,022Cr17Ni12Mo2,CP05T3038,ASME B16.11,RCC-M 3,QA2,3/4",,个,0.15,Kg,
SPK00044,管帽,CL3000,FO,SW,022Cr19Ni10,CP05T3038,ASME B16.11,RCC-M 3,QA2,3/4",,个,0.15,Kg,
SPK00045,管帽,CL3000,FO,SW,20,CP05T3037,ASME B16.11,RCC-M 3,QA2,3/4",,个,0.15,Kg,
SPK00046,管帽,CL3000,FO,SW,022Cr17Ni12Mo2,CP05T3023,ASME B16.11,NA,QNCa,3/4",,个,0.15,Kg,
SPK00047,管帽,CL3000,FO,SW,022Cr19Ni10,CP05T3023,ASME B16.11,NA,QNCa,3/4",,个,0.15,Kg,
SPK00048,管帽,CL3000,FO,SW,20,CP05T3025,ASME B16.11,NA,QNCa,3/4",,个,0.15,Kg,
SPK00049,管帽,SCH160,EM,BW,022Cr19Ni10,CP05T3017,ASME B16.9,RCC-M 1,QA1,1",Φ33.4,个,0.15,Kg,
SPK00050,管帽,CL3000,FO,SW,022Cr19Ni10,CP05T3038,ASME B16.11,RCC-M 2,QA1,1",,个,0.22,Kg,
SPK00051,管帽,CL3000,FO,SW,20,CP05T3037,ASME B16.11,RCC-M 2,QA1,1",,个,0.22,Kg,
SPK00052,管帽,CL6000,FO,SW,022Cr19Ni10,CP05T3038,ASME B16.11,RCC-M 2,QA1,1",,个,0.34,Kg,
SPK00053,管帽,CL6000,FO,SW,20,CP05T3037,ASME B16.11,RCC-M 2,QA1,1",,个,0.34,Kg,
SPK00054,管帽,CL6000,FO,SW,P280GH,CP05T3052,ASME B16.11,RCC-M 2,QA1,1",,个,0.34,Kg,
SPK00055,管帽,SCH160,EM,BW,022Cr19Ni10,CP05T3017,ASME B16.9,RCC-M 2,QA1,1",Φ33.4,个,0.15,Kg,
SPK00056,管帽,CL3000,FO,SW,022Cr17Ni12Mo2,CP05T3038,ASME B16.11,RCC-M 3,QA2,1",,个,0.22,Kg,
SPK00057,管帽,CL3000,FO,SW,022Cr19Ni10,CP05T3038,ASME B16.11,RCC-M 3,QA2,1",,个,0.22,Kg,
SPK00058,管帽,CL3000,FO,SW,20,CP05T3037,ASME B16.11,RCC-M 3,QA2,1",,个,0.22,Kg,
SPK00059,管帽,CL3000,FO,SW,022Cr17Ni12Mo2,CP05T3023,ASME B16.11,NA,QNCa,1",,个,0.22,Kg,
SPK00060,管帽,CL3000,FO,SW,022Cr19Ni10,CP05T3023,ASME B16.11,NA,QNCa,1",,个,0.22,Kg,
SPK00061,管帽,CL3000,FO,SW,20,CP05T3025,ASME B16.11,NA,QNCa,1",,个,0.22,Kg,
SPK00062,管帽,SCH160,EM,BW,022Cr19Ni10,CP05T3017,ASME B16.9,RCC-M 1,QA1,1-1/4",Φ42.2,个,0.23,Kg,
SPK00063,管帽,CL3000,FO,SW,022Cr19Ni10,CP05T3038,ASME B16.11,RCC-M 2,QA1,1-1/4",,个,0.35,Kg,
SPK00064,管帽,CL3000,FO,SW,20,CP05T3037,ASME B16.11,RCC-M 2,QA1,1-1/4",,个,0.35,Kg,
SPK00065,管帽,CL6000,FO,SW,022Cr19Ni10,CP05T3038,ASME B16.11,RCC-M 2,QA1,1-1/4",,个,0.47,Kg,
SPK00066,管帽,CL6000,FO,SW,20,CP05T3037,ASME B16.11,RCC-M 2,QA1,1-1/4",,个,0.47,Kg,
SPK00067,管帽,CL6000,FO,SW,P280GH,CP05T3052,ASME B16.11,RCC-M 2,QA1,1-1/4",,个,0.47,Kg,
SPK00068,管帽,SCH160,EM,BW,022Cr19Ni10,CP05T3017,ASME B16.9,RCC-M 2,QA1,1-1/4",Φ42.2,个,0.23,Kg,
SPK00069,管帽,CL3000,FO,SW,022Cr17Ni12Mo2,CP05T3038,ASME B16.11,RCC-M 3,QA2,1-1/4",,个,0.35,Kg,
SPK00070,管帽,CL3000,FO,SW,022Cr19Ni10,CP05T3038,ASME B16.11,RCC-M 3,QA2,1-1/4",,个,0.35,Kg,
SPK00071,管帽,CL3000,FO,SW,20,CP05T3037,ASME B16.11,RCC-M 3,QA2,1-1/4",,个,0.35,Kg,
SPK00072,管帽,CL3000,FO,SW,022Cr17Ni12Mo2,CP05T3023,ASME B16.11,NA,QNCa,1-1/4",,个,0.35,Kg,
SPK00073,管帽,CL3000,FO,SW,022Cr19Ni10,CP05T3023,ASME B16.11,NA,QNCa,1-1/4",,个,0.35,Kg,
SPK00074,管帽,CL3000,FO,SW,20,CP05T3025,ASME B16.11,NA,QNCa,1-1/4",,个,0.35,Kg,
SPK00075,管帽,SCH160,EM,BW,022Cr19Ni10,CP05T3017,ASME B16.9,RCC-M 1,QA1,1-1/2",Φ48.3,个,0.3,Kg,
SPK00076,管帽,CL3000,FO,SW,022Cr19Ni10,CP05T3038,ASME B16.11,RCC-M 2,QA1,1-1/2",,个,0.42,Kg,
SPK00077,管帽,CL3000,FO,SW,20,CP05T3037,ASME B16.11,RCC-M 2,QA1,1-1/2",,个,0.42,Kg,
SPK00078,管帽,CL6000,FO,SW,022Cr19Ni10,CP05T3038,ASME B16.11,RCC-M 2,QA1,1-1/2",,个,0.63,Kg,
SPK00079,管帽,CL6000,FO,SW,20,CP05T3037,ASME B16.11,RCC-M 2,QA1,1-1/2",,个,0.63,Kg,
SPK00080,管帽,CL6000,FO,SW,P280GH,CP05T3052,ASME B16.11,RCC-M 2,QA1,1-1/2",,个,0.63,Kg,
SPK00081,管帽,SCH160,EM,BW,022Cr19Ni10,CP05T3017,ASME B16.9,RCC-M 2,QA1,1-1/2",Φ48.3,个,0.3,Kg,
SPK00082,管帽,CL3000,FO,SW,022Cr17Ni12Mo2,CP05T3038,ASME B16.11,RCC-M 3,QA2,1-1/2",,个,0.42,Kg,
SPK00083,管帽,CL3000,FO,SW,022Cr19Ni10,CP05T3038,ASME B16.11,RCC-M 3,QA2,1-1/2",,个,0.42,Kg,
SPK00084,管帽,CL3000,FO,SW,20,CP05T3037,ASME B16.11,RCC-M 3,QA2,1-1/2",,个,0.42,Kg,
SPK00085,管帽,CL3000,FO,SW,022Cr17Ni12Mo2,CP05T3023,ASME B16.11,NA,QNCa,1-1/2",,个,0.42,Kg,
SPK00086,管帽,CL3000,FO,SW,022Cr19Ni10,CP05T3023,ASME B16.11,NA,QNCa,1-1/2",,个,0.42,Kg,
SPK00087,管帽,CL3000,FO,SW,20,CP05T3025,ASME B16.11,NA,QNCa,1-1/2",,个,0.42,Kg,
SPK00088,管帽,SCH160,EM,BW,022Cr19Ni10,CP05T3017,ASME B16.9,RCC-M 1,QA1,2",Φ60.3,个,0.55,Kg,
SPK00089,管帽,CL3000,FO,SW,022Cr19Ni10,CP05T3038,ASME B16.11,RCC-M 2,QA1,2",,个,0.72,Kg,
SPK00090,管帽,CL3000,FO,SW,20,CP05T3037,ASME B16.11,RCC-M 2,QA1,2",,个,0.72,Kg,
SPK00091,管帽,CL6000,FO,SW,022Cr19Ni10,CP05T3038,ASME B16.11,RCC-M 2,QA1,2",,个,1.14,Kg,
SPK00092,管帽,CL6000,FO,SW,20,CP05T3037,ASME B16.11,RCC-M 2,QA1,2",,个,1.14,Kg,
SPK00093,管帽,CL6000,FO,SW,P280GH,CP05T3052,ASME B16.11,RCC-M 2,QA1,2",,个,1.14,Kg,
SPK00094,管帽,SCH160,EM,BW,022Cr19Ni10,CP05T3017,ASME B16.9,RCC-M 2,QA1,2",Φ60.3,个,0.55,Kg,
SPK00095,管帽,CL3000,FO,SW,022Cr17Ni12Mo2,CP05T3038,ASME B16.11,RCC-M 3,QA2,2",,个,0.72,Kg,
SPK00096,管帽,CL3000,FO,SW,022Cr19Ni10,CP05T3038,ASME B16.11,RCC-M 3,QA2,2",,个,0.72,Kg,
SPK00097,管帽,CL3000,FO,SW,20,CP05T3037,ASME B16.11,RCC-M 3,QA2,2",,个,0.72,Kg,
SPK00098,管帽,CL3000,FO,SW,022Cr17Ni12Mo2,CP05T3023,ASME B16.11,NA,QNCa,2",,个,0.72,Kg,
SPK00099,管帽,CL3000,FO,SW,022Cr19Ni10,CP05T3023,ASME B16.11,NA,QNCa,2",,个,0.72,Kg,
SPK00100,管帽,CL3000,FO,SW,20,CP05T3025,ASME B16.11,NA,QNCa,2",,个,0.72,Kg,
SPK00101,管帽,SCH160,EM,BW,022Cr19Ni10,CP05T3017,ASME B16.9,RCC-M 1,QA1,2-1/2",Φ73,个,0.9,Kg,
SPK00102,管帽,3.18mm,EM,BW,Q265HR,CP05T3019,ASME B16.9,RCC-M 2,QA1,2-1/2",Φ73,个,0.03,Kg,
SPK00103,管帽,SCH10S,EM,BW,022Cr19Ni10,CP05T3017,ASME B16.9,RCC-M 2,QA1,2-1/2",Φ73,个,0.3,Kg,
SPK00104,管帽,SCH160,EM,BW,022Cr19Ni10,CP05T3017,ASME B16.9,RCC-M 2,QA1,2-1/2",Φ73,个,0.9,Kg,
SPK00105,管帽,SCH160,EM,BW,Q295HR,CP05T3019,ASME B16.9,RCC-M 2,QA1,2-1/2",Φ73,个,0.9,Kg,
SPK00106,管帽,SCH40,EM,BW,Q265HR,CP05T3019,ASME B16.9,RCC-M 2,QA1,2-1/2",Φ73,个,0.42,Kg,
SPK00107,管帽,SCH40S,EM,BW,022Cr19Ni10,CP05T3017,ASME B16.9,RCC-M 2,QA1,2-1/2",Φ73,个,0.45,Kg,
SPK00108,管帽,SCH80,EM,BW,Q265HR,CP05T3019,ASME B16.9,RCC-M 2,QA1,2-1/2",Φ73,个,0.6,Kg,
SPK00109,管帽,SCH80,EM,BW,Q295HR,CP05T3019,ASME B16.9,RCC-M 2,QA1,2-1/2",Φ73,个,0.6,Kg,
SPK00110,管帽,SCH80S,EM,BW,022Cr19Ni10,CP05T3017,ASME B16.9,RCC-M 2,QA1,2-1/2",Φ73,个,0.5,Kg,
SPK00111,管帽,3.18mm,EM,BW,Q265HR,CP05T3019,ASME B16.9,RCC-M 3,QA2,2-1/2",Φ73,个,0.7,Kg,
SPK00112,管帽,SCH10S,EM,BW,022Cr19Ni10,CP05T3017,ASME B16.9,RCC-M 3,QA2,2-1/2",Φ73,个,0.3,Kg,
SPK00113,管帽,SCH40,EM,BW,Q265HR,CP05T3019,ASME B16.9,RCC-M 3,QA2,2-1/2",Φ73,个,0.42,Kg,
SPK00114,管帽,SCH40S,EM,BW,022Cr19Ni10,CP05T3017,ASME B16.9,RCC-M 3,QA2,2-1/2",Φ73,个,0.45,Kg,
SPK00115,管帽,3.18mm,EM,BW,20,CP05T3025,ASME B16.9,NA,QNCa,2-1/2",Φ73,个,0.5,Kg,
SPK00116,管帽,SCH10S,EM,BW,022Cr17Ni12Mo2,CP05T3023,ASME B16.9,NA,QNCa,2-1/2",Φ73,个,0.3,Kg,
SPK00117,管帽,SCH10S,EM,BW,022Cr19Ni10,CP05T3023,ASME B16.9,NA,QNCa,2-1/2",Φ73,个,0.25,Kg,
SPK00118,管帽,SCH160,EM,BW,022Cr19Ni10,CP05T3017,ASME B16.9,RCC-M 1,QA1,3",Φ88.9,个,1.4,Kg,
SPK00119,管帽,3.18mm,EM,BW,Q265HR,CP05T3019,ASME B16.9,RCC-M 2,QA1,3",Φ88.9,个,0.7,Kg,
SPK00120,管帽,SCH10S,EM,BW,022Cr19Ni10,CP05T3017,ASME B16.9,RCC-M 2,QA1,3",Φ88.9,个,0.45,Kg,
SPK00121,管帽,SCH160,EM,BW,022Cr19Ni10,CP05T3017,ASME B16.9,RCC-M 2,QA1,3",Φ88.9,个,1.4,Kg,
SPK00122,管帽,SCH160,EM,BW,Q295HR,CP05T3019,ASME B16.9,RCC-M 2,QA1,3",Φ88.9,个,1.4,Kg,
SPK00123,管帽,SCH40,EM,BW,Q265HR,CP05T3019,ASME B16.9,RCC-M 2,QA1,3",Φ88.9,个,0.69,Kg,
SPK00124,管帽,SCH40S,EM,BW,022Cr19Ni10,CP05T3017,ASME B16.9,RCC-M 2,QA1,3",Φ88.9,个,0.7,Kg,
SPK00125,管帽,SCH80,EM,BW,Q265HR,CP05T3019,ASME B16.9,RCC-M 2,QA1,3",Φ88.9,个,0.98,Kg,
SPK00126,管帽,SCH80,EM,BW,Q295HR,CP05T3019,ASME B16.9,RCC-M 2,QA1,3",Φ88.9,个,0.98,Kg,
SPK00127,管帽,SCH80S,EM,BW,022Cr19Ni10,CP05T3017,ASME B16.9,RCC-M 2,QA1,3",Φ88.9,个,0.85,Kg,
SPK00128,管帽,3.18mm,EM,BW,Q265HR,CP05T3019,ASME B16.9,RCC-M 3,QA2,3",Φ88.9,个,0.7,Kg,
SPK00129,管帽,SCH10S,EM,BW,022Cr19Ni10,CP05T3017,ASME B16.9,RCC-M 3,QA2,3",Φ88.9,个,0.45,Kg,
SPK00130,管帽,SCH40,EM,BW,Q265HR,CP05T3019,ASME B16.9,RCC-M 3,QA2,3",Φ88.9,个,0.69,Kg,
SPK00131,管帽,SCH40S,EM,BW,022Cr19Ni10,CP05T3017,ASME B16.9,RCC-M 3,QA2,3",Φ88.9,个,0.7,Kg,
SPK00132,管帽,3.18mm,EM,BW,20,CP05T3025,ASME B16.9,NA,QNCa,3",Φ88.9,个,0.7,Kg,
SPK00133,管帽,SCH10S,EM,BW,022Cr17Ni12Mo2,CP05T3023,ASME B16.9,NA,QNCa,3",Φ88.9,个,0.45,Kg,
SPK00134,管帽,SCH10S,EM,BW,022Cr19Ni10,CP05T3023,ASME B16.9,NA,QNCa,3",Φ88.9,个,0.4,Kg,
SPK00135,管帽,SCH160,EM,BW,022Cr19Ni10,CP05T3017,ASME B16.9,RCC-M 1,QA1,3-1/2",Φ101.6,个,,Kg,
SPK00136,管帽,SCH10S,EM,BW,022Cr19Ni10,CP05T3017,ASME B16.9,RCC-M 2,QA1,3-1/2",Φ101.6,个,0.6,Kg,
SPK00137,管帽,SCH160,EM,BW,022Cr19Ni10,CP05T3017,ASME B16.9,RCC-M 2,QA1,3-1/2",Φ101.6,个,,Kg,
SPK00138,管帽,SCH160,EM,BW,Q295HR,CP05T3019,ASME B16.9,RCC-M 2,QA1,3-1/2",Φ101.6,个,,Kg,
SPK00139,管帽,SCH40,EM,BW,Q265HR,CP05T3019,ASME B16.9,RCC-M 2,QA1,3-1/2",Φ101.6,个,1.05,Kg,
SPK00140,管帽,SCH40S,EM,BW,022Cr19Ni10,CP05T3017,ASME B16.9,RCC-M 2,QA1,3-1/2",Φ101.6,个,1.05,Kg,
SPK00141,管帽,SCH80,EM,BW,Q265HR,CP05T3019,ASME B16.9,RCC-M 2,QA1,3-1/2",Φ101.6,个,1.5,Kg,
SPK00142,管帽,SCH80,EM,BW,Q295HR,CP05T3019,ASME B16.9,RCC-M 2,QA1,3-1/2",Φ101.6,个,1.5,Kg,
SPK00143,管帽,SCH80S,EM,BW,022Cr19Ni10,CP05T3017,ASME B16.9,RCC-M 2,QA1,3-1/2",Φ101.6,个,1.15,Kg,
SPK00144,管帽,SCH10S,EM,BW,022Cr19Ni10,CP05T3017,ASME B16.9,RCC-M 3,QA2,3-1/2",Φ101.6,个,0.6,Kg,
SPK00145,管帽,SCH40,EM,BW,Q265HR,CP05T3019,ASME B16.9,RCC-M 3,QA2,3-1/2",Φ101.6,个,1.05,Kg,
SPK00146,管帽,SCH40S,EM,BW,022Cr19Ni10,CP05T3017,ASME B16.9,RCC-M 3,QA2,3-1/2",Φ101.6,个,1.05,Kg,
SPK00147,管帽,SCH10S,EM,BW,022Cr17Ni12Mo2,CP05T3023,ASME B16.9,NA,QNCa,3-1/2",Φ101.6,个,0.6,Kg,
SPK00148,管帽,SCH10S,EM,BW,022Cr19Ni10,CP05T3023,ASME B16.9,NA,QNCa,3-1/2",Φ101.6,个,0.6,Kg,
SPK00149,管帽,SCH160,EM,BW,022Cr19Ni10,CP05T3017,ASME B16.9,RCC-M 1,QA1,4",Φ114.3,个,2.75,Kg,
SPK00150,管帽,3.58mm,EM,BW,Q265HR,CP05T3019,ASME B16.9,RCC-M 2,QA1,4",Φ114.3,个,1.7,Kg,
SPK00151,管帽,SCH10S,EM,BW,022Cr19Ni10,CP05T3017,ASME B16.9,RCC-M 2,QA1,4",Φ114.3,个,0.65,Kg,
SPK00152,管帽,SCH160,EM,BW,022Cr19Ni10,CP05T3017,ASME B16.9,RCC-M 2,QA1,4",Φ114.3,个,2.75,Kg,
SPK00153,管帽,SCH160,EM,BW,Q295HR,CP05T3019,ASME B16.9,RCC-M 2,QA1,4",Φ114.3,个,2.75,Kg,
SPK00154,管帽,SCH40,EM,BW,Q265HR,CP05T3019,ASME B16.9,RCC-M 2,QA1,4",Φ114.3,个,1.2,Kg,
SPK00155,管帽,SCH40S,EM,BW,022Cr19Ni10,CP05T3017,ASME B16.9,RCC-M 2,QA1,4",Φ114.3,个,1.2,Kg,
SPK00156,管帽,SCH80,EM,BW,Q265HR,CP05T3019,ASME B16.9,RCC-M 2,QA1,4",Φ114.3,个,1.75,Kg,
SPK00157,管帽,SCH80,EM,BW,Q295HR,CP05T3019,ASME B16.9,RCC-M 2,QA1,4",Φ114.3,个,1.75,Kg,
SPK00158,管帽,SCH80S,EM,BW,022Cr19Ni10,CP05T3017,ASME B16.9,RCC-M 2,QA1,4",Φ114.3,个,1.6,Kg,
SPK00159,管帽,3.58mm,EM,BW,Q265HR,CP05T3019,ASME B16.9,RCC-M 3,QA2,4",Φ114.3,个,1.7,Kg,
SPK00160,管帽,SCH10S,EM,BW,022Cr19Ni10,CP05T3017,ASME B16.9,RCC-M 3,QA2,4",Φ114.3,个,0.65,Kg,
SPK00161,管帽,SCH40,EM,BW,Q265HR,CP05T3019,ASME B16.9,RCC-M 3,QA2,4",Φ114.3,个,1.2,Kg,
SPK00162,管帽,SCH40S,EM,BW,022Cr19Ni10,CP05T3017,ASME B16.9,RCC-M 3,QA2,4",Φ114.3,个,1.2,Kg,
SPK00163,管帽,3.58mm,EM,BW,20,CP05T3025,ASME B16.9,NA,QNCa,4",Φ114.3,个,1.6,Kg,
SPK00164,管帽,SCH10S,EM,BW,022Cr17Ni12Mo2,CP05T3023,ASME B16.9,NA,QNCa,4",Φ114.3,个,0.65,Kg,
SPK00165,管帽,SCH10S,EM,BW,022Cr19Ni10,CP05T3023,ASME B16.9,NA,QNCa,4",Φ114.3,个,0.65,Kg,
SPK00166,管帽,SCH160,EM,BW,022Cr19Ni10,CP05T3017,ASME B16.9,RCC-M 1,QA1,5",Φ141.3,个,5,Kg,
SPK00167,管帽,SCH10S,EM,BW,022Cr19Ni10,CP05T3017,ASME B16.9,RCC-M 2,QA1,5",Φ141.3,个,1.05,Kg,
SPK00168,管帽,SCH160,EM,BW,022Cr19Ni10,CP05T3017,ASME B16.9,RCC-M 2,QA1,5",Φ141.3,个,5,Kg,
SPK00169,管帽,SCH160,EM,BW,Q295HR,CP05T3019,ASME B16.9,RCC-M 2,QA1,5",Φ141.3,个,5,Kg,
SPK00170,管帽,SCH40,EM,BW,Q265HR,CP05T3019,ASME B16.9,RCC-M 2,QA1,5",Φ141.3,个,2,Kg,
SPK00171,管帽,SCH40S,EM,BW,022Cr19Ni10,CP05T3017,ASME B16.9,RCC-M 2,QA1,5",Φ141.3,个,1.9,Kg,
SPK00172,管帽,SCH80,EM,BW,Q265HR,CP05T3019,ASME B16.9,RCC-M 2,QA1,5",Φ141.3,个,2.95,Kg,
SPK00173,管帽,SCH80S,EM,BW,022Cr19Ni10,CP05T3017,ASME B16.9,RCC-M 2,QA1,5",Φ141.3,个,2.6,Kg,
SPK00174,管帽,SCH10S,EM,BW,022Cr19Ni10,CP05T3017,ASME B16.9,RCC-M 3,QA2,5",Φ141.3,个,1.05,Kg,
SPK00175,管帽,SCH40,EM,BW,Q265HR,CP05T3019,ASME B16.9,RCC-M 3,QA2,5",Φ141.3,个,2,Kg,
SPK00176,管帽,SCH40S,EM,BW,022Cr19Ni10,CP05T3017,ASME B16.9,RCC-M 3,QA2,5",Φ141.3,个,1.9,Kg,
SPK00177,管帽,SCH10S,EM,BW,022Cr17Ni12Mo2,CP05T3023,ASME B16.9,NA,QNCa,5",Φ141.3,个,1.05,Kg,
SPK00178,管帽,SCH10S,EM,BW,022Cr19Ni10,CP05T3023,ASME B16.9,NA,QNCa,5",Φ141.3,个,1.05,Kg,
SPK00179,管帽,SCH160,EM,BW,022Cr19Ni10,CP05T3017,ASME B16.9,RCC-M 1,QA1,6",Φ168.3,个,7.5,Kg,
SPK00180,管帽,4.37mm,EM,BW,Q265HR,CP05T3019,ASME B16.9,RCC-M 2,QA1,6",Φ168.3,个,3.6,Kg,
SPK00181,管帽,SCH10S,EM,BW,022Cr19Ni10,CP05T3017,ASME B16.9,RCC-M 2,QA1,6",Φ168.3,个,1.4,Kg,
SPK00182,管帽,SCH120,EM,BW,Q295HR,CP05T3019,ASME B16.9,RCC-M 2,QA1,6",Φ168.3,个,6.02,Kg,
SPK00183,管帽,SCH160,EM,BW,022Cr19Ni10,CP05T3017,ASME B16.9,RCC-M 2,QA1,6",Φ168.3,个,7.5,Kg,
SPK00184,管帽,SCH160,EM,BW,Q295HR,CP05T3019,ASME B16.9,RCC-M 2,QA1,6",Φ168.3,个,7.5,Kg,
SPK00185,管帽,SCH40,EM,BW,Q265HR,CP05T3019,ASME B16.9,RCC-M 2,QA1,6",Φ168.3,个,3.1,Kg,
SPK00186,管帽,SCH40S,EM,BW,022Cr19Ni10,CP05T3017,ASME B16.9,RCC-M 2,QA1,6",Φ168.3,个,3.2,Kg,
SPK00187,管帽,SCH80,EM,BW,Q265HR,CP05T3019,ASME B16.9,RCC-M 2,QA1,6",Φ168.3,个,4.6,Kg,
SPK00188,管帽,SCH80S,EM,BW,022Cr19Ni10,CP05T3017,ASME B16.9,RCC-M 2,QA1,6",Φ168.3,个,4.5,Kg,
SPK00189,管帽,4.37mm,EM,BW,Q265HR,CP05T3019,ASME B16.9,RCC-M 3,QA2,6",Φ168.3,个,3.6,Kg,
SPK00190,管帽,SCH10S,EM,BW,022Cr19Ni10,CP05T3017,ASME B16.9,RCC-M 3,QA2,6",Φ168.3,个,1.45,Kg,
SPK00191,管帽,SCH40,EM,BW,Q265HR,CP05T3019,ASME B16.9,RCC-M 3,QA2,6",Φ168.3,个,3.1,Kg,
SPK00192,管帽,SCH40S,EM,BW,022Cr19Ni10,CP05T3017,ASME B16.9,RCC-M 3,QA2,6",Φ168.3,个,3.2,Kg,
SPK00193,管帽,4.37mm,EM,BW,20,CP05T3025,ASME B16.9,NA,QNCa,6",Φ168.3,个,3.6,Kg,
SPK00194,管帽,SCH10S,EM,BW,022Cr17Ni12Mo2,CP05T3023,ASME B16.9,NA,QNCa,6",Φ168.3,个,1.4,Kg,
SPK00195,管帽,SCH10S,EM,BW,022Cr19Ni10,CP05T3023,ASME B16.9,NA,QNCa,6",Φ168.3,个,1.4,Kg,
SPK00196,管帽,SCH160,EM,BW,022Cr19Ni10,CP05T3017,ASME B16.9,RCC-M 1,QA1,8",Φ219.1,个,20,Kg,
SPK00197,管帽,SCH10S,EM,BW,022Cr19Ni10,CP05T3017,ASME B16.9,RCC-M 2,QA1,8",Φ219.1,个,2.5,Kg,
SPK00198,管帽,SCH120,EM,BW,Q295HR,CP05T3019,ASME B16.9,RCC-M 2,QA1,8",Φ219.1,个,15.5,Kg,
SPK00199,管帽,SCH160,EM,BW,022Cr19Ni10,CP05T3017,ASME B16.9,RCC-M 2,QA1,8",Φ219.1,个,20,Kg,
SPK00200,管帽,SCH160,EM,BW,Q295HR,CP05T3019,ASME B16.9,RCC-M 2,QA1,8",Φ219.1,个,20,Kg,
SPK00201,管帽,SCH20,EM,BW,Q265HR,CP05T3019,ASME B16.9,RCC-M 2,QA1,8",Φ219.1,个,4.25,Kg,
SPK00202,管帽,SCH40,EM,BW,Q265HR,CP05T3019,ASME B16.9,RCC-M 2,QA1,8",Φ219.1,个,5.3,Kg,
SPK00203,管帽,SCH40S,EM,BW,022Cr19Ni10,CP05T3017,ASME B16.9,RCC-M 2,QA1,8",Φ219.1,个,5.7,Kg,
SPK00204,管帽,SCH80,EM,BW,Q265HR,CP05T3019,ASME B16.9,RCC-M 2,QA1,8",Φ219.1,个,8.2,Kg,
SPK00205,管帽,SCH80S,EM,BW,022Cr19Ni10,CP05T3017,ASME B16.9,RCC-M 2,QA1,8",Φ219.1,个,7.4,Kg,
SPK00206,管帽,SCH10S,EM,BW,022Cr19Ni10,CP05T3017,ASME B16.9,RCC-M 3,QA2,8",Φ219.1,个,2.5,Kg,
SPK00207,管帽,SCH20,EM,BW,Q265HR,CP05T3019,ASME B16.9,RCC-M 3,QA2,8",Φ219.1,个,4.25,Kg,
SPK00208,管帽,SCH40,EM,BW,Q265HR,CP05T3019,ASME B16.9,RCC-M 3,QA2,8",Φ219.1,个,5.3,Kg,
SPK00209,管帽,SCH40S,EM,BW,022Cr19Ni10,CP05T3017,ASME B16.9,RCC-M 3,QA2,8",Φ219.1,个,5.7,Kg,
SPK00210,管帽,SCH10S,EM,BW,022Cr17Ni12Mo2,CP05T3023,ASME B16.9,NA,QNCa,8",Φ219.1,个,2.5,Kg,
SPK00211,管帽,SCH10S,EM,BW,022Cr19Ni10,CP05T3023,ASME B16.9,NA,QNCa,8",Φ219.1,个,2.5,Kg,
SPK00212,管帽,SCH20,EM,BW,20,CP05T3025,ASME B16.9,NA,QNCa,8",Φ219.1,个,4.25,Kg,
SPK00213,管帽,SCH140,EM,BW,026Cr18Ni12Mo2N,CP05T3017,ASME B16.9,RCC-M 1,QA1,10",Φ273,个,27,Kg,
SPK00214,管帽,SCH10S,EM,BW,022Cr19Ni10,CP05T3017,ASME B16.9,RCC-M 2,QA1,10",Φ273,个,4.9,Kg,
SPK00215,管帽,SCH140,EM,BW,022Cr19Ni10,CP05T3017,ASME B16.9,RCC-M 2,QA1,10",Φ273,个,27,Kg,
SPK00216,管帽,SCH160,EM,BW,Q295HR,CP05T3019,ASME B16.9,RCC-M 2,QA1,10",Φ273,个,30,Kg,
SPK00217,管帽,SCH20,EM,BW,Q265HR,CP05T3019,ASME B16.9,RCC-M 2,QA1,10",Φ273,个,6.4,Kg,
SPK00218,管帽,SCH40,EM,BW,Q265HR,CP05T3019,ASME B16.9,RCC-M 2,QA1,10",Φ273,个,9.35,Kg,
SPK00219,管帽,SCH60,EM,BW,Q295HR,CP05T3019,ASME B16.9,RCC-M 2,QA1,10",Φ273,个,13.6,Kg,
SPK00220,管帽,SCH80,EM,BW,Q265HR,CP05T3019,ASME B16.9,RCC-M 2,QA1,10",Φ273,个,17.6,Kg,
SPK00221,管帽,SCH80S,EM,BW,022Cr19Ni10,CP05T3017,ASME B16.9,RCC-M 2,QA1,10",Φ273,个,12.4,Kg,
SPK00222,管帽,SCH10S,EM,BW,022Cr19Ni10,CP05T3017,ASME B16.9,RCC-M 3,QA2,10",Φ273,个,4.9,Kg,
SPK00223,管帽,SCH20,EM,BW,Q265HR,CP05T3019,ASME B16.9,RCC-M 3,QA2,10",Φ273,个,6.4,Kg,
SPK00224,管帽,SCH40,EM,BW,Q265HR,CP05T3019,ASME B16.9,RCC-M 3,QA2,10",Φ273,个,9.35,Kg,
SPK00225,管帽,SCH80S,EM,BW,022Cr19Ni10,CP05T3017,ASME B16.9,RCC-M 3,QA2,10",Φ273,个,12.4,Kg,
SPK00226,管帽,SCH10S,EM,BW,022Cr17Ni12Mo2,CP05T3023,ASME B16.9,NA,QNCa,10",Φ273,个,4.9,Kg,
SPK00227,管帽,SCH10S,EM,BW,022Cr19Ni10,CP05T3023,ASME B16.9,NA,QNCa,10",Φ273,个,4.9,Kg,
SPK00228,管帽,SCH20,EM,BW,20,CP05T3025,ASME B16.9,NA,QNCa,10",Φ273,个,6.4,Kg,
SPK00229,管帽,SCH140,EM,BW,026Cr18Ni12Mo2N,CP05T3017,ASME B16.9,RCC-M 1,QA1,12",Φ323.8,个,42,Kg,
SPK00230,管帽,7.14mm,EM,BW,Q265HR,CP05T3019,ASME B16.9,RCC-M 2,QA1,12",Φ323.8,个,9,Kg,
SPK00231,管帽,SCH10S,EM,BW,022Cr19Ni10,CP05T3017,ASME B16.9,RCC-M 2,QA1,12",Φ323.8,个,7,Kg,
SPK00232,管帽,SCH140,EM,BW,022Cr19Ni10,CP05T3017,ASME B16.9,RCC-M 2,QA1,12",Φ323.8,个,42,Kg,
SPK00233,管帽,SCH160,EM,BW,Q295HR,CP05T3019,ASME B16.9,RCC-M 2,QA1,12",Φ323.8,个,44.5,Kg,
SPK00234,管帽,SCH40,EM,BW,Q265HR,CP05T3019,ASME B16.9,RCC-M 2,QA1,12",Φ323.8,个,15.2,Kg,
SPK00235,管帽,SCH80,EM,BW,Q265HR,CP05T3019,ASME B16.9,RCC-M 2,QA1,12",Φ323.8,个,29.2,Kg,
SPK00236,管帽,SCH80S,EM,BW,022Cr19Ni10,CP05T3017,ASME B16.9,RCC-M 2,QA1,12",Φ323.8,个,16.6,Kg,
SPK00237,管帽,7.14mm,EM,BW,Q265HR,CP05T3019,ASME B16.9,RCC-M 3,QA2,12",Φ323.8,个,9,Kg,
SPK00238,管帽,SCH10S,EM,BW,022Cr19Ni10,CP05T3017,ASME B16.9,RCC-M 3,QA2,12",Φ323.8,个,7,Kg,
SPK00239,管帽,SCH40,EM,BW,Q265HR,CP05T3019,ASME B16.9,RCC-M 3,QA2,12",Φ323.8,个,15.2,Kg,
SPK00240,管帽,SCH80S,EM,BW,022Cr19Ni10,CP05T3017,ASME B16.9,RCC-M 3,QA2,12",Φ323.8,个,16.6,Kg,
SPK00241,管帽,7.14mm,EM,BW,20,CP05T3025,ASME B16.9,NA,QNCa,12",Φ323.8,个,15,Kg,
SPK00242,管帽,SCH10S,EM,BW,022Cr17Ni12Mo2,CP05T3023,ASME B16.9,NA,QNCa,12",Φ323.8,个,7,Kg,
SPK00243,管帽,SCH10S,EM,BW,022Cr19Ni10,CP05T3023,ASME B16.9,NA,QNCa,12",Φ323.8,个,7,Kg,
SPK00244,管帽,SCH20,EM,BW,20,CP05T3025,ASME B16.9,NA,QNCa,12",Φ323.8,个,9.98,Kg,
SPK00245,管帽,SCH140,EM,BW,026Cr18Ni12Mo2N,CP05T3017,ASME B16.9,RCC-M 1,QA1,14",Φ355.6,个,52,Kg,
SPK00246,管帽,SCH10S,EM,BW,022Cr19Ni10,CP05T3017,ASME B16.9,RCC-M 2,QA1,14",Φ355.6,个,8.5,Kg,
SPK00247,管帽,SCH140,EM,BW,022Cr19Ni10,CP05T3017,ASME B16.9,RCC-M 2,QA1,14",Φ355.6,个,52,Kg,
SPK00248,管帽,SCH160,EM,BW,Q295HR,CP05T3019,ASME B16.9,RCC-M 2,QA1,14",Φ355.6,个,60,Kg,
SPK00249,管帽,SCH20,EM,BW,Q265HR,CP05T3019,ASME B16.9,RCC-M 2,QA1,14",Φ355.6,个,14.5,Kg,
SPK00250,管帽,SCH40,EM,BW,Q265HR,CP05T3019,ASME B16.9,RCC-M 2,QA1,14",Φ355.6,个,21,Kg,
SPK00251,管帽,SCH60,EM,BW,022Cr19Ni10,CP05T3017,ASME B16.9,RCC-M 2,QA1,14",Φ355.6,个,32,Kg,
SPK00252,管帽,SCH80,EM,BW,Q265HR,CP05T3019,ASME B16.9,RCC-M 2,QA1,14",Φ355.6,个,39.5,Kg,
SPK00253,管帽,SCH80S,EM,BW,022Cr19Ni10,CP05T3017,ASME B16.9,RCC-M 2,QA1,14",Φ355.6,个,21.7,Kg,
SPK00254,管帽,SCH20,EM,BW,Q265HR,CP05T3019,ASME B16.9,RCC-M 3,QA2,14",Φ355.6,个,14.5,Kg,
SPK00255,管帽,SCH40,EM,BW,Q265HR,CP05T3019,ASME B16.9,RCC-M 3,QA2,14",Φ355.6,个,21,Kg,
SPK00256,管帽,SCH60,EM,BW,022Cr19Ni10,CP05T3017,ASME B16.9,RCC-M 3,QA2,14",Φ355.6,个,32,Kg,
SPK00257,管帽,SCH10S,EM,BW,022Cr17Ni12Mo2,CP05T3023,ASME B16.9,NA,QNCa,14",Φ355.6,个,8.5,Kg,
SPK00258,管帽,SCH10S,EM,BW,022Cr19Ni10,CP05T3023,ASME B16.9,NA,QNCa,14",Φ355.6,个,8.5,Kg,
SPK00259,管帽,SCH20,EM,BW,20,CP05T3025,ASME B16.9,NA,QNCa,14",Φ355.6,个,14.5,Kg,
SPK00260,管帽,SCH140,EM,BW,026Cr18Ni12Mo2N,CP05T3017,ASME B16.9,RCC-M 1,QA1,16",Φ406.4,个,73,Kg,
SPK00261,管帽,8.74mm,EM,BW,Q265HR,CP05T3019,ASME B16.9,RCC-M 2,QA1,16",Φ406.4,个,23,Kg,
SPK00262,管帽,SCH10S,EM,BW,022Cr19Ni10,CP05T3017,ASME B16.9,RCC-M 2,QA1,16",Φ406.4,个,14.5,Kg,
SPK00263,管帽,SCH140,EM,BW,022Cr19Ni10,CP05T3017,ASME B16.9,RCC-M 2,QA1,16",Φ406.4,个,73,Kg,
SPK00264,管帽,SCH160,EM,BW,Q295HR,CP05T3019,ASME B16.9,RCC-M 2,QA1,16",Φ406.4,个,79,Kg,
SPK00265,管帽,SCH40,EM,BW,Q265HR,CP05T3019,ASME B16.9,RCC-M 2,QA1,16",Φ406.4,个,26.8,Kg,
SPK00266,管帽,SCH40S,EM,BW,022Cr19Ni10,CP05T3017,ASME B16.9,RCC-M 2,QA1,16",Φ406.4,个,22,Kg,
SPK00267,管帽,SCH60,EM,BW,022Cr19Ni10,CP05T3017,ASME B16.9,RCC-M 2,QA1,16",Φ406.4,个,37,Kg,
SPK00268,管帽,SCH80,EM,BW,Q265HR,CP05T3019,ASME B16.9,RCC-M 2,QA1,16",Φ406.4,个,54,Kg,
SPK00269,管帽,SCH80S,EM,BW,022Cr19Ni10,CP05T3017,ASME B16.9,RCC-M 2,QA1,16",Φ406.4,个,29.4,Kg,
SPK00270,管帽,9.8mm,EM,BW,Q265HR,CP05T3019,ASME B16.9,RCC-M 3,QA2,16",Φ406.4,个,31.5,Kg,
SPK00271,管帽,SCH40,EM,BW,Q265HR,CP05T3019,ASME B16.9,RCC-M 3,QA2,16",Φ406.4,个,26.8,Kg,
SPK00272,管帽,SCH60,EM,BW,022Cr19Ni10,CP05T3017,ASME B16.9,RCC-M 3,QA2,16",Φ406.4,个,37,Kg,
SPK00273,管帽,SCH10S,EM,BW,022Cr17Ni12Mo2,CP05T3023,ASME B16.9,NA,QNCa,16",Φ406.4,个,14.5,Kg,
SPK00274,管帽,SCH10S,EM,BW,022Cr19Ni10,CP05T3023,ASME B16.9,NA,QNCa,16",Φ406.4,个,14.5,Kg,
SPK00275,管帽,SCH20,EM,BW,20,CP05T3025,ASME B16.9,NA,QNCa,16",Φ406.4,个,17.9,Kg,
SPK00276,管帽,SCH140,EM,BW,026Cr18Ni12Mo2N,CP05T3017,ASME B16.9,RCC-M 1,QA1,18",Φ457,个,93,Kg,
SPK00277,管帽,SCH140,EM,BW,022Cr19Ni10,CP05T3017,ASME B16.9,RCC-M 2,QA1,18",Φ457,个,93,Kg,
SPK00278,管帽,SCH20,EM,BW,022Cr19Ni10,CP05T3017,ASME B16.9,RCC-M 2,QA1,18",Φ457,个,22.7,Kg,
SPK00279,管帽,SCH10,EM,BW,Q265HR,CP05T3019,ASME B16.9,RCC-M 3,QA2,18",Φ457,个,9.08,Kg,
SPK00280,管帽,SCH140,EM,BW,026Cr18Ni12Mo2N,CP05T3017,ASME B16.9,RCC-M 1,QA1,20",Φ508,个,153,Kg,
SPK00281,管帽,SCH140,EM,BW,022Cr19Ni10,CP05T3017,ASME B16.9,RCC-M 2,QA1,20",Φ508,个,153,Kg,
SPK00282,管帽,SCH10,EM,BW,Q265HR,CP05T3019,ASME B16.9,RCC-M 3,QA2,20",Φ508,个,12.5,Kg,
SPK00283,管帽,SCH20,EM,BW,20,CP05T3025,ASME B16.9,NA,QNCa,20",Φ508,个,33.8,Kg,
SPK00284,管帽,SCH140,EM,BW,026Cr18Ni12Mo2N,CP05T3017,ASME B16.9,RCC-M 1,QA1,22",Φ559,个,198,Kg,
SPK00285,管帽,SCH140,EM,BW,022Cr19Ni10,CP05T3017,ASME B16.9,RCC-M 2,QA1,22",Φ559,个,198,Kg,
SPK00286,管帽,SCH10,EM,BW,Q265HR,CP05T3019,ASME B16.9,RCC-M 3,QA2,22",Φ559,个,22.9,Kg,
SPK00287,管帽,SCH30,EM,BW,20,CP05T3025,ASME B16.9,NA,QNCa,22",Φ559,个,59,Kg,
SPK00288,管帽,SCH140,EM,BW,026Cr18Ni12Mo2N,CP05T3017,ASME B16.9,RCC-M 1,QA1,24",Φ610,个,250,Kg,
SPK00289,管帽,SCH140,EM,BW,022Cr19Ni10,CP05T3017,ASME B16.9,RCC-M 2,QA1,24",Φ610,个,250,Kg,
SPK00290,管帽,SCH10,EM,BW,Q265HR,CP05T3019,ASME B16.9,RCC-M 3,QA2,24",Φ610,个,17.5,Kg,
SPK00291,管帽,SCH10,EM,BW,Q265HR,CP05T3019,ASME B16.9,RCC-M 3,QA2,26",Φ660,个,42,Kg,
SPK00292,管帽,SCH10,EM,BW,Q265HR,CP05T3019,ASME B16.9,RCC-M 3,QA2,28",Φ711,个,47,Kg,
SPK00293,管帽,SCH10,EM,BW,Q265HR,CP05T3019,ASME B16.9,RCC-M 3,QA2,30",Φ762,个,52.5,Kg,
SPK00294,管帽,9.52mm,EM,BW,Q265HR,CP05T3019,ASME B16.9,RCC-M 3,QA2,32",Φ813,个,68,Kg,
SPK00295,管帽,9.52mm,EM,BW,Q265HR,CP05T3019,ASME B16.9,RCC-M 3,QA2,34",Φ864,个,73,Kg,
SPK00296,管帽,9.52mm,EM,BW,Q265HR,CP05T3019,ASME B16.9,RCC-M 3,QA2,36",Φ914,个,79.5,Kg,
SPK00298,螺纹管帽,CL3000,FO,FIL,022Cr19Ni10,CP05T3038,ASME B16.11,RCC-M 2,QA1,1/4",,个,0.05,Kg,
SPK00299,螺纹管帽,CL3000,FO,FIL,022Cr19Ni10,CP05T3038,ASME B16.11,RCC-M 2,QA1,3/8",,个,0.07,Kg,
SPK00300,螺纹管帽,CL3000,FO,FIL,022Cr19Ni10,CP05T3038,ASME B16.11,RCC-M 2,QA1,1/2",,个,0.14,Kg,
SPK00301,螺纹管帽,CL3000,FO,FIL,022Cr19Ni10,CP05T3038,ASME B16.11,RCC-M 2,QA1,3/4",,个,0.24,Kg,
SPK00302,螺纹管帽,CL3000,FO,FIL,022Cr19Ni10,CP05T3038,ASME B16.11,RCC-M 2,QA1,1",,个,0.41,Kg,
SPK00303,螺纹管帽,CL3000,FO,FIL,022Cr19Ni10,CP05T3038,ASME B16.11,RCC-M 2,QA1,1-1/4",,个,0.71,Kg,
SPK00304,螺纹管帽,CL3000,FO,FIL,022Cr19Ni10,CP05T3038,ASME B16.11,RCC-M 2,QA1,1-1/2",,个,0.88,Kg,
SPK00305,螺纹管帽,CL3000,FO,FIL,022Cr19Ni10,CP05T3038,ASME B16.11,RCC-M 2,QA1,2",,个,1.25,Kg,
SPK00306,螺纹管帽,CL3000,FO,FIL,20,CP05T3037,ASME B16.11,RCC-M 2,QA1,1/4",,个,0.05,Kg,
SPK00307,螺纹管帽,CL3000,FO,FIL,20,CP05T3037,ASME B16.11,RCC-M 2,QA1,3/8",,个,0.07,Kg,
SPK00308,螺纹管帽,CL3000,FO,FIL,20,CP05T3037,ASME B16.11,RCC-M 2,QA1,1/2",,个,0.14,Kg,
SPK00309,螺纹管帽,CL3000,FO,FIL,20,CP05T3037,ASME B16.11,RCC-M 2,QA1,3/4",,个,0.24,Kg,
SPK00310,螺纹管帽,CL3000,FO,FIL,20,CP05T3037,ASME B16.11,RCC-M 2,QA1,1",,个,0.41,Kg,
SPK00311,螺纹管帽,CL3000,FO,FIL,20,CP05T3037,ASME B16.11,RCC-M 2,QA1,1-1/4",,个,0.71,Kg,
SPK00312,螺纹管帽,CL3000,FO,FIL,20,CP05T3037,ASME B16.11,RCC-M 2,QA1,1-1/2",,个,0.88,Kg,
SPK00313,螺纹管帽,CL3000,FO,FIL,20,CP05T3037,ASME B16.11,RCC-M 2,QA1,2",,个,1.25,Kg,
SPK00314,螺纹管帽,CL6000,FO,FIL,022Cr19Ni10,CP05T3038,ASME B16.11,RCC-M 2,QA1,1/4",,个,0.11,Kg,
SPK00315,螺纹管帽,CL6000,FO,FIL,022Cr19Ni10,CP05T3038,ASME B16.11,RCC-M 2,QA1,3/8",,个,0.17,Kg,
SPK00316,螺纹管帽,CL6000,FO,FIL,022Cr19Ni10,CP05T3038,ASME B16.11,RCC-M 2,QA1,1/2",,个,0.29,Kg,
SPK00317,螺纹管帽,CL6000,FO,FIL,022Cr19Ni10,CP05T3038,ASME B16.11,RCC-M 2,QA1,3/4",,个,0.42,Kg,
SPK00318,螺纹管帽,CL6000,FO,FIL,022Cr19Ni10,CP05T3038,ASME B16.11,RCC-M 2,QA1,1",,个,0.76,Kg,
SPK00319,螺纹管帽,CL6000,FO,FIL,022Cr19Ni10,CP05T3038,ASME B16.11,RCC-M 2,QA1,1-1/4",,个,0.96,Kg,
SPK00320,螺纹管帽,CL6000,FO,FIL,022Cr19Ni10,CP05T3038,ASME B16.11,RCC-M 2,QA1,1-1/2",,个,1.42,Kg,
SPK00321,螺纹管帽,CL6000,FO,FIL,022Cr19Ni10,CP05T3038,ASME B16.11,RCC-M 2,QA1,2",,个,2.24,Kg,
SPK00322,螺纹管帽,CL6000,FO,FIL,20,CP05T3037,ASME B16.11,RCC-M 2,QA1,1/4",,个,0.11,Kg,
SPK00323,螺纹管帽,CL6000,FO,FIL,20,CP05T3037,ASME B16.11,RCC-M 2,QA1,3/8",,个,0.17,Kg,
SPK00324,螺纹管帽,CL6000,FO,FIL,20,CP05T3037,ASME B16.11,RCC-M 2,QA1,1/2",,个,0.29,Kg,
SPK00325,螺纹管帽,CL6000,FO,FIL,20,CP05T3037,ASME B16.11,RCC-M 2,QA1,3/4",,个,0.42,Kg,
SPK00326,螺纹管帽,CL6000,FO,FIL,20,CP05T3037,ASME B16.11,RCC-M 2,QA1,1",,个,0.76,Kg,
SPK00327,螺纹管帽,CL6000,FO,FIL,20,CP05T3037,ASME B16.11,RCC-M 2,QA1,1-1/4",,个,0.96,Kg,
SPK00328,螺纹管帽,CL6000,FO,FIL,20,CP05T3037,ASME B16.11,RCC-M 2,QA1,1-1/2",,个,1.42,Kg,
SPK00329,螺纹管帽,CL6000,FO,FIL,20,CP05T3037,ASME B16.11,RCC-M 2,QA1,2",,个,2.24,Kg,
SPK00330,螺纹管帽,CL6000,FO,FIL,P280GH,CP05T3052,ASME B16.11,RCC-M 2,QA1,1/4",,个,0.11,Kg,
SPK00331,螺纹管帽,CL6000,FO,FIL,P280GH,CP05T3052,ASME B16.11,RCC-M 2,QA1,3/8",,个,0.17,Kg,
SPK00332,螺纹管帽,CL6000,FO,FIL,P280GH,CP05T3052,ASME B16.11,RCC-M 2,QA1,1/2",,个,0.29,Kg,
SPK00333,螺纹管帽,CL6000,FO,FIL,P280GH,CP05T3052,ASME B16.11,RCC-M 2,QA1,3/4",,个,0.42,Kg,
SPK00334,螺纹管帽,CL6000,FO,FIL,P280GH,CP05T3052,ASME B16.11,RCC-M 2,QA1,1",,个,0.76,Kg,
SPK00335,螺纹管帽,CL6000,FO,FIL,P280GH,CP05T3052,ASME B16.11,RCC-M 2,QA1,1-1/4",,个,0.96,Kg,
SPK00336,螺纹管帽,CL6000,FO,FIL,P280GH,CP05T3052,ASME B16.11,RCC-M 2,QA1,1-1/2",,个,1.42,Kg,
SPK00337,螺纹管帽,CL6000,FO,FIL,P280GH,CP05T3052,ASME B16.11,RCC-M 2,QA1,2",,个,2.24,Kg,
SPK00338,螺纹管帽,CL3000,FO,FIL,022Cr17Ni12Mo2,CP05T3038,ASME B16.11,RCC-M 3,QA2,1/4",,个,0.05,Kg,
SPK00339,螺纹管帽,CL3000,FO,FIL,022Cr17Ni12Mo2,CP05T3038,ASME B16.11,RCC-M 3,QA2,3/8",,个,0.07,Kg,
SPK00340,螺纹管帽,CL3000,FO,FIL,022Cr17Ni12Mo2,CP05T3038,ASME B16.11,RCC-M 3,QA2,1/2",,个,0.14,Kg,
SPK00341,螺纹管帽,CL3000,FO,FIL,022Cr17Ni12Mo2,CP05T3038,ASME B16.11,RCC-M 3,QA2,3/4",,个,0.24,Kg,
SPK00342,螺纹管帽,CL3000,FO,FIL,022Cr17Ni12Mo2,CP05T3038,ASME B16.11,RCC-M 3,QA2,1",,个,0.41,Kg,
SPK00343,螺纹管帽,CL3000,FO,FIL,022Cr17Ni12Mo2,CP05T3038,ASME B16.11,RCC-M 3,QA2,1-1/4",,个,0.71,Kg,
SPK00344,螺纹管帽,CL3000,FO,FIL,022Cr17Ni12Mo2,CP05T3038,ASME B16.11,RCC-M 3,QA2,1-1/2",,个,0.88,Kg,
SPK00345,螺纹管帽,CL3000,FO,FIL,022Cr17Ni12Mo2,CP05T3038,ASME B16.11,RCC-M 3,QA2,2",,个,1.25,Kg,
SPK00346,螺纹管帽,CL3000,FO,FIL,022Cr19Ni10,CP05T3038,ASME B16.11,RCC-M 3,QA2,1/4",,个,0.05,Kg,
SPK00347,螺纹管帽,CL3000,FO,FIL,022Cr19Ni10,CP05T3038,ASME B16.11,RCC-M 3,QA2,3/8",,个,0.07,Kg,
SPK00348,螺纹管帽,CL3000,FO,FIL,022Cr19Ni10,CP05T3038,ASME B16.11,RCC-M 3,QA2,1/2",,个,0.14,Kg,
SPK00349,螺纹管帽,CL3000,FO,FIL,022Cr19Ni10,CP05T3038,ASME B16.11,RCC-M 3,QA2,3/4",,个,0.24,Kg,
SPK00350,螺纹管帽,CL3000,FO,FIL,022Cr19Ni10,CP05T3038,ASME B16.11,RCC-M 3,QA2,1",,个,0.41,Kg,
SPK00351,螺纹管帽,CL3000,FO,FIL,022Cr19Ni10,CP05T3038,ASME B16.11,RCC-M 3,QA2,1-1/4",,个,0.71,Kg,
SPK00352,螺纹管帽,CL3000,FO,FIL,022Cr19Ni10,CP05T3038,ASME B16.11,RCC-M 3,QA2,1-1/2",,个,0.88,Kg,
SPK00353,螺纹管帽,CL3000,FO,FIL,022Cr19Ni10,CP05T3038,ASME B16.11,RCC-M 3,QA2,2",,个,1.25,Kg,
SPK00354,螺纹管帽,CL3000,FO,FIL,20,CP05T3037,ASME B16.11,RCC-M 3,QA2,1/4",,个,0.05,Kg,
SPK00355,螺纹管帽,CL3000,FO,FIL,20,CP05T3037,ASME B16.11,RCC-M 3,QA2,3/8",,个,0.07,Kg,
SPK00356,螺纹管帽,CL3000,FO,FIL,20,CP05T3037,ASME B16.11,RCC-M 3,QA2,1/2",,个,0.14,Kg,
SPK00357,螺纹管帽,CL3000,FO,FIL,20,CP05T3037,ASME B16.11,RCC-M 3,QA2,3/4",,个,0.24,Kg,
SPK00358,螺纹管帽,CL3000,FO,FIL,20,CP05T3037,ASME B16.11,RCC-M 3,QA2,1",,个,0.41,Kg,
SPK00359,螺纹管帽,CL3000,FO,FIL,20,CP05T3037,ASME B16.11,RCC-M 3,QA2,1-1/4",,个,0.71,Kg,
SPK00360,螺纹管帽,CL3000,FO,FIL,20,CP05T3037,ASME B16.11,RCC-M 3,QA2,1-1/2",,个,0.88,Kg,
SPK00361,螺纹管帽,CL3000,FO,FIL,20,CP05T3037,ASME B16.11,RCC-M 3,QA2,2",,个,1.25,Kg,
SPK00362,螺纹管帽,CL3000,FO,FIL,022Cr17Ni12Mo2,CP05T3023,ASME B16.11,NA,QNCa,1/4",,个,0.05,Kg,
SPK00363,螺纹管帽,CL3000,FO,FIL,022Cr17Ni12Mo2,CP05T3023,ASME B16.11,NA,QNCa,3/8",,个,0.07,Kg,
SPK00364,螺纹管帽,CL3000,FO,FIL,022Cr17Ni12Mo2,CP05T3023,ASME B16.11,NA,QNCa,1/2",,个,0.14,Kg,
SPK00365,螺纹管帽,CL3000,FO,FIL,022Cr17Ni12Mo2,CP05T3023,ASME B16.11,NA,QNCa,3/4",,个,0.24,Kg,
SPK00366,螺纹管帽,CL3000,FO,FIL,022Cr17Ni12Mo2,CP05T3023,ASME B16.11,NA,QNCa,1",,个,0.41,Kg,
SPK00367,螺纹管帽,CL3000,FO,FIL,022Cr17Ni12Mo2,CP05T3023,ASME B16.11,NA,QNCa,1-1/4",,个,0.71,Kg,
SPK00368,螺纹管帽,CL3000,FO,FIL,022Cr17Ni12Mo2,CP05T3023,ASME B16.11,NA,QNCa,1-1/2",,个,0.88,Kg,
SPK00369,螺纹管帽,CL3000,FO,FIL,022Cr17Ni12Mo2,CP05T3023,ASME B16.11,NA,QNCa,2",,个,1.25,Kg,
SPK00370,螺纹管帽,CL3000,FO,FIL,022Cr19Ni10,CP05T3023,ASME B16.11,NA,QNCa,1/4",,个,0.05,Kg,
SPK00371,螺纹管帽,CL3000,FO,FIL,022Cr19Ni10,CP05T3023,ASME B16.11,NA,QNCa,3/8",,个,0.07,Kg,
SPK00372,螺纹管帽,CL3000,FO,FIL,022Cr19Ni10,CP05T3023,ASME B16.11,NA,QNCa,1/2",,个,0.14,Kg,
SPK00373,螺纹管帽,CL3000,FO,FIL,022Cr19Ni10,CP05T3023,ASME B16.11,NA,QNCa,3/4",,个,0.24,Kg,
SPK00374,螺纹管帽,CL3000,FO,FIL,022Cr19Ni10,CP05T3023,ASME B16.11,NA,QNCa,1",,个,0.41,Kg,
SPK00375,螺纹管帽,CL3000,FO,FIL,022Cr19Ni10,CP05T3023,ASME B16.11,NA,QNCa,1-1/4",,个,0.71,Kg,
SPK00376,螺纹管帽,CL3000,FO,FIL,022Cr19Ni10,CP05T3023,ASME B16.11,NA,QNCa,1-1/2",,个,0.88,Kg,
SPK00377,螺纹管帽,CL3000,FO,FIL,022Cr19Ni10,CP05T3023,ASME B16.11,NA,QNCa,2",,个,1.25,Kg,
SPK00378,螺纹管帽,CL3000,FO,FIL,20,CP05T3025,ASME B16.11,NA,QNCa,1/4",,个,0.05,Kg,
SPK00379,螺纹管帽,CL3000,FO,FIL,20,CP05T3025,ASME B16.11,NA,QNCa,3/8",,个,0.07,Kg,
SPK00380,螺纹管帽,CL3000,FO,FIL,20,CP05T3025,ASME B16.11,NA,QNCa,1/2",,个,0.14,Kg,
SPK00381,螺纹管帽,CL3000,FO,FIL,20,CP05T3025,ASME B16.11,NA,QNCa,3/4",,个,0.24,Kg,
SPK00382,螺纹管帽,CL3000,FO,FIL,20,CP05T3025,ASME B16.11,NA,QNCa,1",,个,0.41,Kg,
SPK00383,螺纹管帽,CL3000,FO,FIL,20,CP05T3025,ASME B16.11,NA,QNCa,1-1/4",,个,0.71,Kg,
SPK00384,螺纹管帽,CL3000,FO,FIL,20,CP05T3025,ASME B16.11,NA,QNCa,1-1/2",,个,0.88,Kg,
SPK00385,螺纹管帽,CL3000,FO,FIL,20,CP05T3025,ASME B16.11,NA,QNCa,2",,个,1.25,Kg,
SPK00386,管帽(CAP-I),1mm,FO,SW,TP2,GB/T 2040,GB/T 11618.1,NA,QNCc,DN8,Φ10,个,,Kg,公称直径值为铜管外径值
SPK00387,管帽(CAP-I),1.2mm,FO,SW,TP2,GB/T 2040,GB/T 11618.1,NA,QNCc,DN10,Φ12,个,,Kg,公称直径值为铜管外径值
SPK00388,管帽(CAP-I),1mm,FO,SW,TP2,GB/T 2040,GB/T 11618.1,NA,QNCc,DN15,Φ15,个,,Kg,公称直径值为铜管外径值
SPK00389,管帽(CAP-I),1.2mm,FO,SW,TP2,GB/T 2040,GB/T 11618.1,NA,QNCc,DN20,Φ22,个,,Kg,公称直径值为铜管外径值
SPK00390,管帽(CAP-I),1.2mm,FO,SW,TP2,GB/T 2040,GB/T 11618.1,NA,QNCc,DN25,Φ28,个,,Kg,公称直径值为铜管外径值
SPK00391,管帽(CAP-I),2mm,FO,SW,TP2,GB/T 2040,GB/T 11618.1,NA,QNCc,DN32,Φ35,个,,Kg,公称直径值为铜管外径值
SPK00392,管帽,SCH10S,EM,BW,022Cr19Ni10,CP05T3017,ASME B16.9,RCC-M 3,QA2,14",Φ355.6,个,8.5,Kg,
SPK00393,管帽,SCH10S,EM,BW,022Cr19Ni10,CP05T3017,ASME B16.9,RCC-M 3,QA2,16",Φ406.4,个,14.5,Kg,
SPK00395,管帽(CAP-I),1mm,FO,SW,TP2,GB/T 2040,GB/T 11618.1,NA,QNCc,DN6,Φ8,个,,Kg,公称直径值为铜管外径值
SPK00396,管帽(CAP-I),2mm,FO,SW,TP2,GB/T 2040,GB/T 11618.1,NA,QNCc,DN40,Φ42,个,,Kg,公称直径值为铜管外径值
SPK00467,安全壳喷淋系统喷头,CL300,FS,FIL,304L,ASTM A351 CF3,SSCo,NA,QA2,1",,个,,Kg,
SPK00468,管帽,14.27mm,EM,BW,Q265HR,CP05T3019,ASME B16.9,RCC-M 3,QA2,10",Φ273,个,,Kg,
SPK00469,管帽,14.27mm,EM,BW,Q265HR,CP05T3019,ASME B16.9,RCC-M 3,QA2,28",Φ711,个,,Kg,
SPK00470,管帽,14.27mm,EM,BW,Q265HR,CP05T3019,ASME B16.9,RCC-M 3,QA2,36",Φ914,个,,Kg,
SPK00471,管帽,14.27mm,EM,BW,Q265HR,CP05T3019,ASME B16.9,RCC-M 3,QA2,48",Φ1219,个,,Kg,
SPK00472,管帽,3.96mm,EM,BW,20,CP05T3025,ASME B16.9,NA,QNCa,5",Φ141.3,个,,Kg,
SPK00485,换料水池池壁喷头,CL150  ,,FIL,316L,ASTM A351,SSCo,NA,QNC,1/8",,个,,Kg,
SPK00486,管帽,25.4mm,SS,BW,P280GH,RCC-M M1152,ASME B16.9,NA,QA3,12",Φ323.8,个,,Kg,
SPK00487,管帽,11.13mm,SS,BW,P280GH,RCC-M M1152,ASME B16.9,NA,QA3,4",Φ114.3,个,,Kg,
SPK00488,中速水雾喷头K=59,1.6MPa,,FIL,,,美国威景公司,NA,QA3,1/2",,个,0.085,Kg,"喷射角180度,需要写在等级描述中用于出图"
SPK00489,闭式水雾喷头K=60,1.6MPa,,FIL,,,美国威景公司,NA,QA3,1/2",,个,0.08,Kg,"T=68℃,不作为区分物相的标准，但是需要写在等级描述中用于出图"
SPK00490,水幕喷头K=30.3,1.6MPa,,FIL,,,美国威景公司,NA,QA3,1/2",,个,0.1,Kg,
SPK00491,高速水雾喷头K=20,1.6MPa,,FIL,,,美国威景公司,NA,QA3,1/2",,个,0.36,Kg,喷射角120度，需要写在等级描述中用于出图
SPK00492,闭式喷头K=80,1.6MPa,,FIL,,,美国威景公司,NA,QA3,1/2",,个,0.086,Kg,"T=68℃,不作为区分物相的标准，但是需要写在等级描述中用于出图"
SPK00493,开式泡沫喷头K=40,1.6MPa,,FIL,,,美国威景公司,NA,QA3,1/2",,个,0.1,Kg,
SPK00494,管帽,SCH40S,EM,BW,022Cr19Ni10,CP05T3017,ASME B16.9,RCC-M 2,QA1,10",Φ273,个,,Kg,
SPK00496,塑料堵头,9.6mm,,SA,PVC-C,,GB/T 18993.3,NA,QNCa,DN50,Φ63,个,,Kg,
SPK00630,塑料堵头,7.9mm,,SA,PVC-C,,GB/T 18993.3,NA,QNCa,DN50,Φ63,个,,Kg,
SPK00646,普通玻璃球闭式喷头,1.6MPa,,FIL,,,美国威景公司,NA,QNCa,DN20,,个,,Kg,
SPK00648,螺纹管帽 ,CL3000,FO,FIL,P280GH,CP05T3052,ASME B16.11,RCC-M 2,QA1,1/2",,个,0.14,Kg,
SPK00649,高速水雾喷头K=48,1.6MPa,,FIL,,,美国威景公司,NA,QA3,1/2",,个,0.36,Kg,喷射角120度，需要写在等级描述中用于出图
SPN00089,塑料管(S5系列),5.8mm,,SA,PVC-C,,GB/T 18993.2,NA,QNCa,DN50,Φ63,M,1.89,Kg,按照米计量，应该使用CPP
SPN00090,塑料管(S5系列),2mm,,SA,PVC-C,,GB/T 18993.2,NA,QNCa,DN20,Φ20,M,0.21,Kg,按照米计量，应该使用CPP
SPN00091,钢塑复合管,PN16(2.5mm),SS,FF,20(内衬聚四氟乙烯PTFE),GB/T 8163-2018,DL/T 935-2020,NA,QNC,DN25,Φ32,M,2.46,Kg,适用于WES系统3/4寸衬塑管道及管件选型
SPN00092,钢塑复合管,PN16(4mm),SS,FF,20(内衬聚四氟乙烯PTFE),GB/T 8163-2018,DL/T 935-2020,NA,QNC,DN80,Φ89,M,6.77,Kg,
SPO00001,单头承插管接头,CL6000,FO,SW,022Cr19Ni10,CP05T3038,ASME B16.11,RCC-M 1,QA1,1/4",,个,,Kg,
SPO00002,单头承插管接头,CL3000,FO,SW,022Cr19Ni10,CP05T3038,ASME B16.11,RCC-M 2,QA1,1/4",,个,0.05,Kg,
SPO00003,单头承插管接头,CL3000,FO,SW,20,CP05T3037,ASME B16.11,RCC-M 2,QA1,1/4",,个,0.05,Kg,
SPO00004,单头承插管接头,CL6000,FO,SW,022Cr19Ni10,CP05T3038,ASME B16.11,RCC-M 2,QA1,1/4",,个,,Kg,
SPO00005,单头承插管接头,CL6000,FO,SW,P280GH,CP05T3052,ASME B16.11,RCC-M 2,QA1,1/4",,个,,Kg,
SPO00006,单头承插管接头,CL3000,FO,SW,022Cr17Ni12Mo2,CP05T3038,ASME B16.11,RCC-M 3,QA2,1/4",,个,0.05,Kg,
SPO00007,单头承插管接头,CL3000,FO,SW,022Cr19Ni10,CP05T3038,ASME B16.11,RCC-M 3,QA2,1/4",,个,0.05,Kg,
SPO00008,单头承插管接头,CL3000,FO,SW,20,CP05T3037,ASME B16.11,RCC-M 3,QA2,1/4",,个,0.05,Kg,
SPO00009,单头承插管接头,CL3000,FO,SW,022Cr17Ni12Mo2,CP05T3023,ASME B16.11,NA,QNCa,1/4",,个,0.05,Kg,
SPO00010,单头承插管接头,CL3000,FO,SW,022Cr19Ni10,CP05T3023,ASME B16.11,NA,QNCa,1/4",,个,0.05,Kg,
SPO00011,单头承插管接头,CL3000,FO,SW,20,CP05T3025,ASME B16.11,NA,QNCa,1/4",,个,0.05,Kg,
SPO00012,单头承插管接头,CL6000,FO,SW,022Cr19Ni10,CP05T3038,ASME B16.11,RCC-M 1,QA1,3/8",,个,,Kg,
SPO00013,单头承插管接头,CL3000,FO,SW,022Cr19Ni10,CP05T3038,ASME B16.11,RCC-M 2,QA1,3/8",,个,0.09,Kg,
SPO00014,单头承插管接头,CL3000,FO,SW,20,CP05T3037,ASME B16.11,RCC-M 2,QA1,3/8",,个,0.09,Kg,
SPO00015,单头承插管接头,CL6000,FO,SW,022Cr19Ni10,CP05T3038,ASME B16.11,RCC-M 2,QA1,3/8",,个,,Kg,
SPO00016,单头承插管接头,CL6000,FO,SW,P280GH,CP05T3052,ASME B16.11,RCC-M 2,QA1,3/8",,个,,Kg,
SPO00017,单头承插管接头,CL3000,FO,SW,022Cr17Ni12Mo2,CP05T3038,ASME B16.11,RCC-M 3,QA2,3/8",,个,0.09,Kg,
SPO00018,单头承插管接头,CL3000,FO,SW,022Cr19Ni10,CP05T3038,ASME B16.11,RCC-M 3,QA2,3/8",,个,0.09,Kg,
SPO00019,单头承插管接头,CL3000,FO,SW,20,CP05T3037,ASME B16.11,RCC-M 3,QA2,3/8",,个,0.09,Kg,
SPO00020,单头承插管接头,CL3000,FO,SW,022Cr17Ni12Mo2,CP05T3023,ASME B16.11,NA,QNCa,3/8",,个,0.09,Kg,
SPO00021,单头承插管接头,CL3000,FO,SW,022Cr19Ni10,CP05T3023,ASME B16.11,NA,QNCa,3/8",,个,0.09,Kg,
SPO00022,单头承插管接头,CL3000,FO,SW,20,CP05T3025,ASME B16.11,NA,QNCa,3/8",,个,0.09,Kg,
SPO00023,单头承插管接头,CL6000,FO,SW,022Cr19Ni10,CP05T3038,ASME B16.11,RCC-M 1,QA1,1/2",,个,0.35,Kg,
SPO00024,单头承插管接头,CL3000,FO,SW,022Cr19Ni10,CP05T3038,ASME B16.11,RCC-M 2,QA1,1/2",,个,0.16,Kg,
SPO00025,单头承插管接头,CL3000,FO,SW,20,CP05T3037,ASME B16.11,RCC-M 2,QA1,1/2",,个,0.16,Kg,
SPO00026,单头承插管接头,CL6000,FO,SW,022Cr19Ni10,CP05T3038,ASME B16.11,RCC-M 2,QA1,1/2",,个,0.35,Kg,
SPO00027,单头承插管接头,CL6000,FO,SW,P280GH,CP05T3052,ASME B16.11,RCC-M 2,QA1,1/2",,个,0.35,Kg,
SPO00028,单头承插管接头,CL3000,FO,SW,022Cr17Ni12Mo2,CP05T3038,ASME B16.11,RCC-M 3,QA2,1/2",,个,0.16,Kg,
SPO00029,单头承插管接头,CL3000,FO,SW,022Cr19Ni10,CP05T3038,ASME B16.11,RCC-M 3,QA2,1/2",,个,0.16,Kg,
SPO00030,单头承插管接头,CL3000,FO,SW,20,CP05T3037,ASME B16.11,RCC-M 3,QA2,1/2",,个,0.16,Kg,
SPO00031,单头承插管接头,CL3000,FO,SW,022Cr17Ni12Mo2,CP05T3023,ASME B16.11,NA,QNCa,1/2",,个,0.16,Kg,
SPO00032,单头承插管接头,CL3000,FO,SW,022Cr19Ni10,CP05T3023,ASME B16.11,NA,QNCa,1/2",,个,0.16,Kg,
SPO00033,单头承插管接头,CL3000,FO,SW,20,CP05T3025,ASME B16.11,NA,QNCa,1/2",,个,0.2,Kg,
SPO00034,单头承插管接头,CL6000,FO,SW,022Cr19Ni10,CP05T3038,ASME B16.11,RCC-M 1,QA1,3/4",,个,0.47,Kg,
SPO00035,单头承插管接头,CL3000,FO,SW,022Cr19Ni10,CP05T3038,ASME B16.11,RCC-M 2,QA1,3/4",,个,0.2,Kg,
SPO00036,单头承插管接头,CL3000,FO,SW,20,CP05T3037,ASME B16.11,RCC-M 2,QA1,3/4",,个,0.2,Kg,
SPO00037,单头承插管接头,CL6000,FO,SW,022Cr19Ni10,CP05T3038,ASME B16.11,RCC-M 2,QA1,3/4",,个,0.47,Kg,
SPO00038,单头承插管接头,CL6000,FO,SW,P280GH,CP05T3052,ASME B16.11,RCC-M 2,QA1,3/4",,个,0.47,Kg,
SPO00039,单头承插管接头,CL3000,FO,SW,022Cr17Ni12Mo2,CP05T3038,ASME B16.11,RCC-M 3,QA2,3/4",,个,0.2,Kg,
SPO00040,单头承插管接头,CL3000,FO,SW,022Cr19Ni10,CP05T3038,ASME B16.11,RCC-M 3,QA2,3/4",,个,0.2,Kg,
SPO00041,单头承插管接头,CL3000,FO,SW,20,CP05T3037,ASME B16.11,RCC-M 3,QA2,3/4",,个,0.2,Kg,
SPO00042,单头承插管接头,CL3000,FO,SW,022Cr17Ni12Mo2,CP05T3023,ASME B16.11,NA,QNCa,3/4",,个,0.2,Kg,
SPO00043,单头承插管接头,CL3000,FO,SW,022Cr19Ni10,CP05T3023,ASME B16.11,NA,QNCa,3/4",,个,0.2,Kg,
SPO00044,单头承插管接头,CL3000,FO,SW,20,CP05T3025,ASME B16.11,NA,QNCa,3/4",,个,0.2,Kg,
SPO00045,单头承插管接头,CL6000,FO,SW,022Cr19Ni10,CP05T3038,ASME B16.11,RCC-M 1,QA1,1",,个,0.68,Kg,
SPO00046,单头承插管接头,CL3000,FO,SW,022Cr19Ni10,CP05T3038,ASME B16.11,RCC-M 2,QA1,1",,个,0.42,Kg,
SPO00047,单头承插管接头,CL3000,FO,SW,20,CP05T3037,ASME B16.11,RCC-M 2,QA1,1",,个,0.42,Kg,
SPO00048,单头承插管接头,CL6000,FO,SW,022Cr19Ni10,CP05T3038,ASME B16.11,RCC-M 2,QA1,1",,个,0.68,Kg,
SPO00049,单头承插管接头,CL6000,FO,SW,P280GH,CP05T3052,ASME B16.11,RCC-M 2,QA1,1",,个,0.68,Kg,
SPO00050,单头承插管接头,CL3000,FO,SW,022Cr17Ni12Mo2,CP05T3038,ASME B16.11,RCC-M 3,QA2,1",,个,0.42,Kg,
SPO00051,单头承插管接头,CL3000,FO,SW,022Cr19Ni10,CP05T3038,ASME B16.11,RCC-M 3,QA2,1",,个,0.42,Kg,
SPO00052,单头承插管接头,CL3000,FO,SW,20,CP05T3037,ASME B16.11,RCC-M 3,QA2,1",,个,0.42,Kg,
SPO00053,单头承插管接头,CL3000,FO,SW,022Cr17Ni12Mo2,CP05T3023,ASME B16.11,NA,QNCa,1",,个,0.42,Kg,
SPO00054,单头承插管接头,CL3000,FO,SW,022Cr19Ni10,CP05T3023,ASME B16.11,NA,QNCa,1",,个,0.42,Kg,
SPO00055,单头承插管接头,CL3000,FO,SW,20,CP05T3025,ASME B16.11,NA,QNCa,1",,个,0.5,Kg,
SPO00056,单头承插管接头,CL3000,FO,SW,022Cr19Ni10,CP05T3038,ASME B16.11,RCC-M 2,QA1,1-1/4",,个,0.59,Kg,
SPO00057,单头承插管接头,CL3000,FO,SW,20,CP05T3037,ASME B16.11,RCC-M 2,QA1,1-1/4",,个,0.59,Kg,
SPO00058,单头承插管接头,CL6000,FO,SW,022Cr19Ni10,CP05T3038,ASME B16.11,RCC-M 2,QA1,1-1/4",,个,1.1,Kg,
SPO00059,单头承插管接头,CL6000,FO,SW,P280GH,CP05T3052,ASME B16.11,RCC-M 2,QA1,1-1/4",,个,1.1,Kg,
SPO00060,单头承插管接头,CL3000,FO,SW,022Cr17Ni12Mo2,CP05T3038,ASME B16.11,RCC-M 3,QA2,1-1/4",,个,0.59,Kg,
SPO00061,单头承插管接头,CL3000,FO,SW,022Cr19Ni10,CP05T3038,ASME B16.11,RCC-M 3,QA2,1-1/4",,个,0.59,Kg,
SPO00062,单头承插管接头,CL3000,FO,SW,20,CP05T3037,ASME B16.11,RCC-M 3,QA2,1-1/4",,个,0.59,Kg,
SPO00063,单头承插管接头,CL3000,FO,SW,022Cr17Ni12Mo2,CP05T3023,ASME B16.11,NA,QNCa,1-1/4",,个,0.59,Kg,
SPO00064,单头承插管接头,CL3000,FO,SW,022Cr19Ni10,CP05T3023,ASME B16.11,NA,QNCa,1-1/4",,个,0.59,Kg,
SPO00065,单头承插管接头,CL3000,FO,SW,20,CP05T3025,ASME B16.11,NA,QNCa,1-1/4",,个,0.6,Kg,
SPO00066,单头承插管接头,CL3000,FO,SW,022Cr19Ni10,CP05T3038,ASME B16.11,RCC-M 2,QA1,1-1/2",,个,0.7,Kg,
SPO00067,单头承插管接头,CL3000,FO,SW,20,CP05T3037,ASME B16.11,RCC-M 2,QA1,1-1/2",,个,0.7,Kg,
SPO00068,单头承插管接头,CL6000,FO,SW,022Cr19Ni10,CP05T3038,ASME B16.11,RCC-M 2,QA1,1-1/2",,个,1.3,Kg,
SPO00069,单头承插管接头,CL6000,FO,SW,P280GH,CP05T3052,ASME B16.11,RCC-M 2,QA1,1-1/2",,个,1.3,Kg,
SPO00070,单头承插管接头,CL3000,FO,SW,022Cr17Ni12Mo2,CP05T3038,ASME B16.11,RCC-M 3,QA2,1-1/2",,个,0.7,Kg,
SPO00071,单头承插管接头,CL3000,FO,SW,022Cr19Ni10,CP05T3038,ASME B16.11,RCC-M 3,QA2,1-1/2",,个,0.7,Kg,
SPO00072,单头承插管接头,CL3000,FO,SW,20,CP05T3037,ASME B16.11,RCC-M 3,QA2,1-1/2",,个,0.7,Kg,
SPO00073,单头承插管接头,CL3000,FO,SW,022Cr17Ni12Mo2,CP05T3023,ASME B16.11,NA,QNCa,1-1/2",,个,0.7,Kg,
SPO00074,单头承插管接头,CL3000,FO,SW,022Cr19Ni10,CP05T3023,ASME B16.11,NA,QNCa,1-1/2",,个,0.7,Kg,
SPO00075,单头承插管接头,CL3000,FO,SW,20,CP05T3025,ASME B16.11,NA,QNCa,1-1/2",,个,0.7,Kg,
SPO00076,单头承插管接头,CL3000,FO,SW,022Cr19Ni10,CP05T3038,ASME B16.11,RCC-M 2,QA1,2",,个,1.1,Kg,
SPO00077,单头承插管接头,CL3000,FO,SW,20,CP05T3037,ASME B16.11,RCC-M 2,QA1,2",,个,1.1,Kg,
SPO00078,单头承插管接头,CL6000,FO,SW,022Cr19Ni10,CP05T3038,ASME B16.11,RCC-M 2,QA1,2",,个,2.45,Kg,
SPO00079,单头承插管接头,CL6000,FO,SW,P280GH,CP05T3052,ASME B16.11,RCC-M 2,QA1,2",,个,2.45,Kg,
SPO00080,单头承插管接头,CL3000,FO,SW,022Cr17Ni12Mo2,CP05T3038,ASME B16.11,RCC-M 3,QA2,2",,个,1.1,Kg,
SPO00081,单头承插管接头,CL3000,FO,SW,022Cr19Ni10,CP05T3038,ASME B16.11,RCC-M 3,QA2,2",,个,1.1,Kg,
SPO00082,单头承插管接头,CL3000,FO,SW,20,CP05T3037,ASME B16.11,RCC-M 3,QA2,2",,个,1.1,Kg,
SPO00083,单头承插管接头,CL3000,FO,SW,022Cr17Ni12Mo2,CP05T3023,ASME B16.11,NA,QNCa,2",,个,1.1,Kg,
SPO00084,单头承插管接头,CL3000,FO,SW,022Cr19Ni10,CP05T3023,ASME B16.11,NA,QNCa,2",,个,1.1,Kg,
SPO00085,单头承插管接头,CL3000,FO,SW,20,CP05T3025,ASME B16.11,NA,QNCa,2",,个,1.1,Kg,
SPO01370,单头承插管接头,1.8mm,,,环氧树脂玻璃纤维,,SY/T 6266,NA,QNCa,2",,个,,Kg,
SPO01625,单头螺纹管接头,CL3000,FO,FIL,20,CP05T3025,ASME B16.11,NA,QNCa,1/2",,个,,Kg,
SPO01626,单头螺纹管接头,CL3000,FO,FIL,022Cr19Ni10,CP05T3023,ASME B16.11,NA,QNCa,1/2",,个,,Kg,
SPO01640,接管座,34.93mmx6.35mm,SS,BW,P280GH,RCC-M M1144,FQZ32300S05716A44DD,NA,QA3,30"x2",,个,,Kg,
SPO01641,接管座,6.35mm,SS,BW,P280GH,CP05T3019,MSS SP97,NA,QA3,12"x3",,个,,Kg,
SPO01667,接管座,5.56mm,SS,BW,P280GH,RCC-M M1152,FQZ32300S41716A44DD,NA,QA3,1",,个,,Kg,
SPO01668,接管座,6.35mm,SS,BW,P280GH,RCC-M M1152,FQZ32300S42716A44DD,NA,QA3,1-1/4",,个,,Kg,
SPO01669,接管座,6.35mm,SS,BW,P280GH,RCC-M M1144,FQZ32300S50716A44DD,NA,QA3,1-1/4",,个,,Kg,
SPO01670,接管座,5.56mm,SS,BW,P280GH,RCC-M M1144,FQZ32300S51716A44DD,NA,QA3,1",,个,,Kg,
SPO01671,接管座,38.1mmx6.35mm,SS,BW,P280GH,RCC-M M1152,FQZ32300S52716A44DD,NA,QA3,22"x1-1/2",,个,,Kg,
SPO01672,接管座,34.93mmx6.35mm,SS,BW,P280GH,RCC-M M1144,FQZ32300S12716A44DD,NA,QA3,30"x1-1/2",,个,,Kg,
SPO01682,单头承插管接头,CL3000,FO,SW,022Cr25Ni7Mo4N,CP05T3091,ASME B16.11,RCC-M 3,QA2,3/4",,个,,Kg,
SPP00001,无缝钢管,SCH80S,SS,,022Cr19Ni10,CP05T3016,ASME B36.19M,RCC-M 1,QA1,1/4",Φ13.7,M,0.8,Kg,
SPP00002,无缝钢管,SCH10S,SS,,022Cr19Ni10,CP05T3016,ASME B36.19M,RCC-M 2,QA1,1/4",Φ13.7,M,0.49,Kg,
SPP00003,无缝钢管,SCH40,SS,,20,CP05T3018,ASME B36.10M,RCC-M 2,QA1,1/4",Φ13.7,M,0.63,Kg,
SPP00004,无缝钢管,SCH40S,SS,,022Cr19Ni10,CP05T3016,ASME B36.19M,RCC-M 2,QA1,1/4",Φ13.7,M,0.63,Kg,
SPP00005,无缝钢管,SCH80,SS,,20,CP05T3018,ASME B36.10M,RCC-M 2,QA1,1/4",Φ13.7,M,0.8,Kg,
SPP00006,无缝钢管,SCH80S,SS,,022Cr19Ni10,CP05T3016,ASME B36.19M,RCC-M 2,QA1,1/4",Φ13.7,M,0.8,Kg,
SPP00007,无缝钢管,SCH10S,SS,,022Cr17Ni12Mo2,CP05T3016,ASME B36.19M,RCC-M 3,QA2,1/4",Φ13.7,M,0.49,Kg,
SPP00008,无缝钢管,SCH10S,SS,,022Cr19Ni10,CP05T3016,ASME B36.19M,RCC-M 3,QA2,1/4",Φ13.7,M,0.49,Kg,
SPP00009,无缝钢管,SCH40,SS,,20,CP05T3018,ASME B36.10M,RCC-M 3,QA2,1/4",Φ13.7,M,0.63,Kg,
SPP00010,无缝钢管,SCH40S,SS,,022Cr19Ni10,CP05T3016,ASME B36.19M,RCC-M 3,QA2,1/4",Φ13.7,M,0.63,Kg,
SPP00011,无缝钢管,SCH10S,SS,,022Cr17Ni12Mo2,CP05T3022,ASME B36.19M,NA,QNCa,1/4",Φ13.7,M,0.49,Kg,
SPP00012,无缝钢管,SCH10S,SS,,022Cr19Ni10,CP05T3022,ASME B36.19M,NA,QNCa,1/4",Φ13.7,M,0.49,Kg,
SPP00013,无缝钢管,SCH40,SS,,20,CP05T3024,ASME B36.10M,NA,QNCa,1/4",Φ13.7,M,0.63,Kg,
SPP00014,无缝钢管,SCH10S,SS,,022Cr19Ni10,CP05T3016,ASME B36.19M,RCC-M 2,QA1,3/8",Φ17.1,M,0.63,Kg,
SPP00015,无缝钢管,SCH40,SS,,20,CP05T3018,ASME B36.10M,RCC-M 2,QA1,3/8",Φ17.1,M,0.84,Kg,
SPP00016,无缝钢管,SCH40S,SS,,022Cr19Ni10,CP05T3016,ASME B36.19M,RCC-M 2,QA1,3/8",Φ17.1,M,0.84,Kg,
SPP00017,无缝钢管,SCH80,SS,,20,CP05T3018,ASME B36.10M,RCC-M 2,QA1,3/8",Φ17.1,M,1.1,Kg,
SPP00018,无缝钢管,SCH80S,SS,,022Cr19Ni10,CP05T3016,ASME B36.19M,RCC-M 2,QA1,3/8",Φ17.1,M,1.1,Kg,
SPP00019,无缝钢管,SCH10S,SS,,022Cr17Ni12Mo2,CP05T3016,ASME B36.19M,RCC-M 3,QA2,3/8",Φ17.1,M,0.63,Kg,
SPP00020,无缝钢管,SCH10S,SS,,022Cr19Ni10,CP05T3016,ASME B36.19M,RCC-M 3,QA2,3/8",Φ17.1,M,0.63,Kg,
SPP00021,无缝钢管,SCH40,SS,,20,CP05T3018,ASME B36.10M,RCC-M 3,QA2,3/8",Φ17.1,M,0.84,Kg,
SPP00022,无缝钢管,SCH40S,SS,,022Cr19Ni10,CP05T3016,ASME B36.19M,RCC-M 3,QA2,3/8",Φ17.1,M,0.84,Kg,
SPP00023,无缝钢管,SCH10S,SS,,022Cr17Ni12Mo2,CP05T3022,ASME B36.19M,NA,QNCa,3/8",Φ17.1,M,0.63,Kg,
SPP00024,无缝钢管,SCH10S,SS,,022Cr19Ni10,CP05T3022,ASME B36.19M,NA,QNCa,3/8",Φ17.1,M,0.63,Kg,
SPP00025,无缝钢管,SCH40,SS,,20,CP05T3024,ASME B36.10M,NA,QNCa,3/8",Φ17.1,M,0.84,Kg,
SPP00026,无缝钢管,SCH160,SS,,022Cr19Ni10,CP05T3016,ASME B36.10M,RCC-M 1,QA1,1/2",Φ21.3,M,1.95,Kg,
SPP00027,无缝钢管,SCH10S,SS,,022Cr19Ni10,CP05T3016,ASME B36.19M,RCC-M 2,QA1,1/2",Φ21.3,M,1,Kg,
SPP00028,无缝钢管,SCH160,SS,,022Cr19Ni10,CP05T3016,ASME B36.10M,RCC-M 2,QA1,1/2",Φ21.3,M,1.95,Kg,
SPP00029,无缝钢管,SCH160,SS,,P280GH,CP05T3032,ASME B36.10M,RCC-M 2,QA1,1/2",Φ21.3,M,1.95,Kg,
SPP00030,无缝钢管,SCH40,SS,,20,CP05T3018,ASME B36.10M,RCC-M 2,QA1,1/2",Φ21.3,M,1.27,Kg,
SPP00031,无缝钢管,SCH40S,SS,,022Cr19Ni10,CP05T3016,ASME B36.19M,RCC-M 2,QA1,1/2",Φ21.3,M,1.27,Kg,
SPP00032,无缝钢管,SCH80,SS,,20,CP05T3018,ASME B36.10M,RCC-M 2,QA1,1/2",Φ21.3,M,1.62,Kg,
SPP00033,无缝钢管,SCH80S,SS,,022Cr19Ni10,CP05T3016,ASME B36.19M,RCC-M 2,QA1,1/2",Φ21.3,M,1.62,Kg,
SPP00034,无缝钢管,SCH10S,SS,,022Cr17Ni12Mo2,CP05T3016,ASME B36.19M,RCC-M 3,QA2,1/2",Φ21.3,M,1,Kg,
SPP00035,无缝钢管,SCH10S,SS,,022Cr19Ni10,CP05T3016,ASME B36.19M,RCC-M 3,QA2,1/2",Φ21.3,M,1,Kg,
SPP00036,无缝钢管,SCH40,SS,,20,CP05T3018,ASME B36.10M,RCC-M 3,QA2,1/2",Φ21.3,M,1.27,Kg,
SPP00037,无缝钢管,SCH40S,SS,,022Cr19Ni10,CP05T3016,ASME B36.19M,RCC-M 3,QA2,1/2",Φ21.3,M,1.27,Kg,
SPP00038,无缝钢管,SCH10S,SS,,022Cr17Ni12Mo2,CP05T3022,ASME B36.19M,NA,QNCa,1/2",Φ21.3,M,1,Kg,
SPP00039,无缝钢管,SCH10S,SS,,022Cr19Ni10,CP05T3022,ASME B36.19M,NA,QNCa,1/2",Φ21.3,M,1,Kg,
SPP00040,无缝钢管,SCH40,SS,,20,CP05T3024,ASME B36.10M,NA,QNCa,1/2",Φ21.3,M,1.27,Kg,
SPP00041,无缝钢管,SCH160,SS,,022Cr19Ni10,CP05T3016,ASME B36.10M,RCC-M 1,QA1,3/4",Φ26.7,M,2.9,Kg,
SPP00042,无缝钢管,SCH10S,SS,,022Cr19Ni10,CP05T3016,ASME B36.19M,RCC-M 2,QA1,3/4",Φ26.7,M,1.28,Kg,
SPP00043,无缝钢管,SCH160,SS,,022Cr19Ni10,CP05T3016,ASME B36.10M,RCC-M 2,QA1,3/4",Φ26.7,M,2.9,Kg,
SPP00044,无缝钢管,SCH160,SS,,P280GH,CP05T3032,ASME B36.10M,RCC-M 2,QA1,3/4",Φ26.7,M,2.9,Kg,
SPP00045,无缝钢管,SCH40,SS,,20,CP05T3018,ASME B36.10M,RCC-M 2,QA1,3/4",Φ26.7,M,1.69,Kg,
SPP00046,无缝钢管,SCH40S,SS,,022Cr19Ni10,CP05T3016,ASME B36.19M,RCC-M 2,QA1,3/4",Φ26.7,M,1.69,Kg,
SPP00047,无缝钢管,SCH80,SS,,20,CP05T3018,ASME B36.10M,RCC-M 2,QA1,3/4",Φ26.7,M,2.2,Kg,
SPP00048,无缝钢管,SCH80S,SS,,022Cr19Ni10,CP05T3016,ASME B36.19M,RCC-M 2,QA1,3/4",Φ26.7,M,2.2,Kg,
SPP00049,无缝钢管,SCH10S,SS,,022Cr17Ni12Mo2,CP05T3016,ASME B36.19M,RCC-M 3,QA2,3/4",Φ26.7,M,1.28,Kg,
SPP00050,无缝钢管,SCH10S,SS,,022Cr19Ni10,CP05T3016,ASME B36.19M,RCC-M 3,QA2,3/4",Φ26.7,M,1.28,Kg,
SPP00051,无缝钢管,SCH40,SS,,20,CP05T3018,ASME B36.10M,RCC-M 3,QA2,3/4",Φ26.7,M,1.69,Kg,
SPP00052,无缝钢管,SCH40S,SS,,022Cr19Ni10,CP05T3016,ASME B36.19M,RCC-M 3,QA2,3/4",Φ26.7,M,1.69,Kg,
SPP00053,无缝钢管,SCH10S,SS,,022Cr17Ni12Mo2,CP05T3022,ASME B36.19M,NA,QNCa,3/4",Φ26.7,M,1.28,Kg,
SPP00054,无缝钢管,SCH10S,SS,,022Cr19Ni10,CP05T3022,ASME B36.19M,NA,QNCa,3/4",Φ26.7,M,1.28,Kg,
SPP00055,无缝钢管,SCH40,SS,,20,CP05T3024,ASME B36.10M,NA,QNCa,3/4",Φ26.7,M,1.69,Kg,
SPP00056,无缝钢管,SCH160,SS,,022Cr19Ni10,CP05T3016,ASME B36.10M,RCC-M 1,QA1,1",Φ33.4,M,4.24,Kg,
SPP00057,无缝钢管,SCH10S,SS,,022Cr19Ni10,CP05T3016,ASME B36.19M,RCC-M 2,QA1,1",Φ33.4,M,2.09,Kg,
SPP00058,无缝钢管,SCH160,SS,,022Cr19Ni10,CP05T3016,ASME B36.10M,RCC-M 2,QA1,1",Φ33.4,M,4.24,Kg,
SPP00059,无缝钢管,SCH160,SS,,P280GH,CP05T3032,ASME B36.10M,RCC-M 2,QA1,1",Φ33.4,M,4.24,Kg,
SPP00060,无缝钢管,SCH40,SS,,20,CP05T3018,ASME B36.10M,RCC-M 2,QA1,1",Φ33.4,M,2.5,Kg,
SPP00061,无缝钢管,SCH40S,SS,,022Cr19Ni10,CP05T3016,ASME B36.19M,RCC-M 2,QA1,1",Φ33.4,M,2.5,Kg,
SPP00062,无缝钢管,SCH80,SS,,20,CP05T3018,ASME B36.10M,RCC-M 2,QA1,1",Φ33.4,M,3.24,Kg,
SPP00063,无缝钢管,SCH80S,SS,,022Cr19Ni10,CP05T3016,ASME B36.19M,RCC-M 2,QA1,1",Φ33.4,M,3.24,Kg,
SPP00064,无缝钢管,SCH10S,SS,,022Cr17Ni12Mo2,CP05T3016,ASME B36.19M,RCC-M 3,QA2,1",Φ33.4,M,2.09,Kg,
SPP00065,无缝钢管,SCH10S,SS,,022Cr19Ni10,CP05T3016,ASME B36.19M,RCC-M 3,QA2,1",Φ33.4,M,2.09,Kg,
SPP00066,无缝钢管,SCH40,SS,,022Cr17Ni12Mo2,CP05T3016,ASME B36.10M,RCC-M 3,QA2,1",Φ33.4,M,2.5,Kg,
SPP00067,无缝钢管,SCH40,SS,,20,CP05T3018,ASME B36.10M,RCC-M 3,QA2,1",Φ33.4,M,2.5,Kg,
SPP00068,无缝钢管,SCH40S,SS,,022Cr19Ni10,CP05T3016,ASME B36.19M,RCC-M 3,QA2,1",Φ33.4,M,2.5,Kg,
SPP00069,无缝钢管,SCH10S,SS,,022Cr17Ni12Mo2,CP05T3022,ASME B36.19M,NA,QNCa,1",Φ33.4,M,2.09,Kg,
SPP00070,无缝钢管,SCH10S,SS,,022Cr19Ni10,CP05T3022,ASME B36.19M,NA,QNCa,1",Φ33.4,M,2.09,Kg,
SPP00071,无缝钢管,SCH40,SS,,20,CP05T3024,ASME B36.10M,NA,QNCa,1",Φ33.4,M,2.5,Kg,
SPP00072,无缝钢管,SCH160,SS,,022Cr19Ni10,CP05T3016,ASME B36.10M,RCC-M 1,QA1,1-1/4",Φ42.2,M,5.61,Kg,
SPP00073,无缝钢管,SCH10S,SS,,022Cr19Ni10,CP05T3016,ASME B36.19M,RCC-M 2,QA1,1-1/4",Φ42.2,M,2.69,Kg,
SPP00074,无缝钢管,SCH160,SS,,022Cr19Ni10,CP05T3016,ASME B36.10M,RCC-M 2,QA1,1-1/4",Φ42.2,M,5.61,Kg,
SPP00075,无缝钢管,SCH160,SS,,P280GH,CP05T3032,ASME B36.10M,RCC-M 2,QA1,1-1/4",Φ42.2,M,5.61,Kg,
SPP00076,无缝钢管,SCH40,SS,,20,CP05T3018,ASME B36.10M,RCC-M 2,QA1,1-1/4",Φ42.2,M,3.39,Kg,
SPP00077,无缝钢管,SCH40S,SS,,022Cr19Ni10,CP05T3016,ASME B36.19M,RCC-M 2,QA1,1-1/4",Φ42.2,M,3.39,Kg,
SPP00078,无缝钢管,SCH80,SS,,20,CP05T3018,ASME B36.10M,RCC-M 2,QA1,1-1/4",Φ42.2,M,4.47,Kg,
SPP00079,无缝钢管,SCH80S,SS,,022Cr19Ni10,CP05T3016,ASME B36.19M,RCC-M 2,QA1,1-1/4",Φ42.2,M,4.47,Kg,
SPP00080,无缝钢管,SCH10S,SS,,022Cr17Ni12Mo2,CP05T3016,ASME B36.19M,RCC-M 3,QA2,1-1/4",Φ42.2,M,2.69,Kg,
SPP00081,无缝钢管,SCH10S,SS,,022Cr19Ni10,CP05T3016,ASME B36.19M,RCC-M 3,QA2,1-1/4",Φ42.2,M,2.69,Kg,
SPP00082,无缝钢管,SCH40,SS,,20,CP05T3018,ASME B36.10M,RCC-M 3,QA2,1-1/4",Φ42.2,M,3.39,Kg,
SPP00083,无缝钢管,SCH40S,SS,,022Cr19Ni10,CP05T3016,ASME B36.19M,RCC-M 3,QA2,1-1/4",Φ42.2,M,3.39,Kg,
SPP00084,无缝钢管,SCH10S,SS,,022Cr17Ni12Mo2,CP05T3022,ASME B36.19M,NA,QNCa,1-1/4",Φ42.2,M,2.69,Kg,
SPP00085,无缝钢管,SCH10S,SS,,022Cr19Ni10,CP05T3022,ASME B36.19M,NA,QNCa,1-1/4",Φ42.2,M,2.69,Kg,
SPP00086,无缝钢管,SCH40,SS,,20,CP05T3024,ASME B36.10M,NA,QNCa,1-1/4",Φ42.2,M,3.39,Kg,
SPP00087,无缝钢管,SCH160,SS,,022Cr19Ni10,CP05T3016,ASME B36.10M,RCC-M 1,QA1,1-1/2",Φ48.3,M,7.25,Kg,
SPP00088,无缝钢管,SCH10S,SS,,022Cr19Ni10,CP05T3016,ASME B36.19M,RCC-M 2,QA1,1-1/2",Φ48.3,M,3.11,Kg,
SPP00089,无缝钢管,SCH160,SS,,022Cr19Ni10,CP05T3016,ASME B36.10M,RCC-M 2,QA1,1-1/2",Φ48.3,M,7.25,Kg,
SPP00090,无缝钢管,SCH160,SS,,P280GH,CP05T3032,ASME B36.10M,RCC-M 2,QA1,1-1/2",Φ48.3,M,7.25,Kg,
SPP00091,无缝钢管,SCH40,SS,,20,CP05T3018,ASME B36.10M,RCC-M 2,QA1,1-1/2",Φ48.3,M,4.05,Kg,
SPP00092,无缝钢管,SCH40S,SS,,022Cr19Ni10,CP05T3016,ASME B36.19M,RCC-M 2,QA1,1-1/2",Φ48.3,M,4.05,Kg,
SPP00093,无缝钢管,SCH80,SS,,20,CP05T3018,ASME B36.10M,RCC-M 2,QA1,1-1/2",Φ48.3,M,5.41,Kg,
SPP00094,无缝钢管,SCH80S,SS,,022Cr19Ni10,CP05T3016,ASME B36.19M,RCC-M 2,QA1,1-1/2",Φ48.3,M,5.41,Kg,
SPP00095,无缝钢管,SCH10S,SS,,022Cr17Ni12Mo2,CP05T3016,ASME B36.19M,RCC-M 3,QA2,1-1/2",Φ48.3,M,3.11,Kg,
SPP00096,无缝钢管,SCH10S,SS,,022Cr19Ni10,CP05T3016,ASME B36.19M,RCC-M 3,QA2,1-1/2",Φ48.3,M,3.11,Kg,
SPP00097,无缝钢管,SCH40,SS,,20,CP05T3018,ASME B36.10M,RCC-M 3,QA2,1-1/2",Φ48.3,M,4.05,Kg,
SPP00098,无缝钢管,SCH40S,SS,,022Cr19Ni10,CP05T3016,ASME B36.19M,RCC-M 3,QA2,1-1/2",Φ48.3,M,4.05,Kg,
SPP00099,无缝钢管,SCH10S,SS,,022Cr17Ni12Mo2,CP05T3022,ASME B36.19M,NA,QNCa,1-1/2",Φ48.3,M,3.11,Kg,
SPP00100,无缝钢管,SCH10S,SS,,022Cr19Ni10,CP05T3022,ASME B36.19M,NA,QNCa,1-1/2",Φ48.3,M,3.11,Kg,
SPP00101,无缝钢管,SCH40,SS,,20,CP05T3024,ASME B36.10M,NA,QNCa,1-1/2",Φ48.3,M,4.05,Kg,
SPP00102,无缝钢管,SCH160,SS,,022Cr19Ni10,CP05T3016,ASME B36.10M,RCC-M 1,QA1,2",Φ60.3,M,11.11,Kg,
SPP00103,无缝钢管,3.18mm,SS,,20,CP05T3018,API 5L,RCC-M 2,QA1,2",,M,4.48,Kg,
SPP00104,无缝钢管,SCH10S,SS,,022Cr19Ni10,CP05T3016,ASME B36.19M,RCC-M 2,QA1,2",Φ60.3,M,3.93,Kg,
SPP00105,无缝钢管,SCH160,SS,,022Cr19Ni10,CP05T3016,ASME B36.10M,RCC-M 2,QA1,2",Φ60.3,M,11.11,Kg,
SPP00106,无缝钢管,SCH160,SS,,P280GH,CP05T3032,ASME B36.10M,RCC-M 2,QA1,2",Φ60.3,M,11.11,Kg,
SPP00107,无缝钢管,SCH40,SS,,20,CP05T3018,ASME B36.10M,RCC-M 2,QA1,2",Φ60.3,M,5.44,Kg,
SPP00108,无缝钢管,SCH40S,SS,,022Cr19Ni10,CP05T3016,ASME B36.19M,RCC-M 2,QA1,2",Φ60.3,M,5.44,Kg,
SPP00109,无缝钢管,SCH80,SS,,20,CP05T3018,ASME B36.10M,RCC-M 2,QA1,2",Φ60.3,M,7.48,Kg,
SPP00110,无缝钢管,SCH80S,SS,,022Cr19Ni10,CP05T3016,ASME B36.19M,RCC-M 2,QA1,2",Φ60.3,M,7.48,Kg,
SPP00111,无缝钢管,3.18mm,SS,,20,CP05T3018,API 5L,RCC-M 3,QA2,2",,M,4.48,Kg,
SPP00112,无缝钢管,SCH10S,SS,,022Cr17Ni12Mo2,CP05T3016,ASME B36.19M,RCC-M 3,QA2,2",Φ60.3,M,3.93,Kg,
SPP00113,无缝钢管,SCH10S,SS,,022Cr19Ni10,CP05T3016,ASME B36.19M,RCC-M 3,QA2,2",Φ60.3,M,3.93,Kg,
SPP00114,无缝钢管,SCH30,SS,,022Cr17Ni12Mo2,CP05T3016,ASME B36.10M,RCC-M 3,QA2,2",Φ60.3,M,4.48,Kg,
SPP00115,无缝钢管,SCH40,SS,,20,CP05T3018,ASME B36.10M,RCC-M 3,QA2,2",Φ60.3,M,5.44,Kg,
SPP00116,无缝钢管,SCH40S,SS,,022Cr19Ni10,CP05T3016,ASME B36.19M,RCC-M 3,QA2,2",Φ60.3,M,5.44,Kg,
SPP00117,无缝钢管,3.18mm,SS,,20,CP05T3024,API 5L,NA,QNCa,2",,M,4.48,Kg,
SPP00118,无缝钢管,SCH10S,SS,,022Cr17Ni12Mo2,CP05T3022,ASME B36.19M,NA,QNCa,2",Φ60.3,M,3.93,Kg,
SPP00119,无缝钢管,SCH10S,SS,,022Cr19Ni10,CP05T3022,ASME B36.19M,NA,QNCa,2",Φ60.3,M,3.93,Kg,
SPP00120,无缝钢管,SCH160,SS,,022Cr19Ni10,CP05T3016,ASME B36.10M,RCC-M 1,QA1,2-1/2",Φ73,M,14.92,Kg,
SPP00121,无缝钢管,3.18mm,SS,,20,CP05T3018,API 5L,RCC-M 2,QA1,2-1/2",,M,5.48,Kg,
SPP00122,无缝钢管,SCH10S,SS,,022Cr19Ni10,CP05T3016,ASME B36.19M,RCC-M 2,QA1,2-1/2",Φ73,M,5.26,Kg,
SPP00123,无缝钢管,SCH160,SS,,022Cr19Ni10,CP05T3016,ASME B36.10M,RCC-M 2,QA1,2-1/2",Φ73,M,14.92,Kg,
SPP00124,无缝钢管,SCH160,SS,,P280GH,CP05T3032,ASME B36.10M,RCC-M 2,QA1,2-1/2",Φ73,M,14.92,Kg,
SPP00125,无缝钢管,SCH40,SS,,20,CP05T3018,ASME B36.10M,RCC-M 2,QA1,2-1/2",Φ73,M,8.63,Kg,
SPP00126,无缝钢管,SCH40S,SS,,022Cr19Ni10,CP05T3016,ASME B36.19M,RCC-M 2,QA1,2-1/2",Φ73,M,8.63,Kg,
SPP00127,无缝钢管,SCH80,SS,,20,CP05T3018,ASME B36.10M,RCC-M 2,QA1,2-1/2",Φ73,M,11.41,Kg,
SPP00128,无缝钢管,SCH80,SS,,P280GH,CP05T3032,ASME B36.10M,RCC-M 2,QA1,2-1/2",Φ73,M,11.41,Kg,
SPP00129,无缝钢管,SCH80S,SS,,022Cr19Ni10,CP05T3016,ASME B36.19M,RCC-M 2,QA1,2-1/2",Φ73,M,11.41,Kg,
SPP00130,无缝钢管,3.18mm,SS,,20,CP05T3018,API 5L,RCC-M 3,QA2,2-1/2",,M,5.48,Kg,
SPP00131,无缝钢管,SCH10S,SS,,022Cr19Ni10,CP05T3016,ASME B36.19M,RCC-M 3,QA2,2-1/2",Φ73,M,5.26,Kg,
SPP00132,无缝钢管,SCH40,SS,,20,CP05T3018,ASME B36.10M,RCC-M 3,QA2,2-1/2",Φ73,M,8.63,Kg,
SPP00133,无缝钢管,SCH40S,SS,,022Cr19Ni10,CP05T3016,ASME B36.19M,RCC-M 3,QA2,2-1/2",Φ73,M,8.63,Kg,
SPP00134,无缝钢管,3.18mm,SS,,20,CP05T3024,API 5L,NA,QNCa,2-1/2",,M,5.48,Kg,
SPP00135,无缝钢管,SCH10S,SS,,022Cr17Ni12Mo2,CP05T3022,ASME B36.19M,NA,QNCa,2-1/2",Φ73,M,5.26,Kg,
SPP00136,无缝钢管,SCH10S,SS,,022Cr19Ni10,CP05T3022,ASME B36.19M,NA,QNCa,2-1/2",Φ73,M,5.26,Kg,
SPP00137,无缝钢管,SCH160,SS,,022Cr19Ni10,CP05T3016,ASME B36.10M,RCC-M 1,QA1,3",Φ88.9,M,21.35,Kg,
SPP00138,无缝钢管,3.18mm,SS,,20,CP05T3018,API 5L,RCC-M 2,QA1,3",,M,6.72,Kg,
SPP00139,无缝钢管,SCH10S,SS,,022Cr19Ni10,CP05T3016,ASME B36.19M,RCC-M 2,QA1,3",Φ88.9,M,6.46,Kg,
SPP00140,无缝钢管,SCH160,SS,,022Cr19Ni10,CP05T3016,ASME B36.10M,RCC-M 2,QA1,3",Φ88.9,M,21.35,Kg,
SPP00141,无缝钢管,SCH160,SS,,P280GH,CP05T3032,ASME B36.10M,RCC-M 2,QA1,3",Φ88.9,M,21.35,Kg,
SPP00142,无缝钢管,SCH40,SS,,20,CP05T3018,ASME B36.10M,RCC-M 2,QA1,3",Φ88.9,M,11.29,Kg,
SPP00143,无缝钢管,SCH40S,SS,,022Cr19Ni10,CP05T3016,ASME B36.19M,RCC-M 2,QA1,3",Φ88.9,M,11.29,Kg,
SPP00144,无缝钢管,SCH80,SS,,20,CP05T3018,ASME B36.10M,RCC-M 2,QA1,3",Φ88.9,M,15.27,Kg,
SPP00145,无缝钢管,SCH80,SS,,P280GH,CP05T3032,ASME B36.10M,RCC-M 2,QA1,3",Φ88.9,M,15.27,Kg,
SPP00146,无缝钢管,SCH80S,SS,,022Cr19Ni10,CP05T3016,ASME B36.19M,RCC-M 2,QA1,3",Φ88.9,M,15.27,Kg,
SPP00147,无缝钢管,3.18mm,SS,,20,CP05T3018,API 5L,RCC-M 3,QA2,3",,M,6.72,Kg,
SPP00148,无缝钢管,SCH10S,SS,,022Cr19Ni10,CP05T3016,ASME B36.19M,RCC-M 3,QA2,3",Φ88.9,M,6.46,Kg,
SPP00149,无缝钢管,SCH40,SS,,20,CP05T3018,ASME B36.10M,RCC-M 3,QA2,3",Φ88.9,M,11.29,Kg,
SPP00150,无缝钢管,SCH40S,SS,,022Cr19Ni10,CP05T3016,ASME B36.19M,RCC-M 3,QA2,3",Φ88.9,M,11.29,Kg,
SPP00151,无缝钢管,3.18mm,SS,,20,CP05T3024,API 5L,NA,QNCa,3",,M,6.72,Kg,
SPP00152,无缝钢管,SCH10S,SS,,022Cr17Ni12Mo2,CP05T3022,ASME B36.19M,NA,QNCa,3",Φ88.9,M,6.46,Kg,
SPP00153,无缝钢管,SCH10S,SS,,022Cr19Ni10,CP05T3022,ASME B36.19M,NA,QNCa,3",Φ88.9,M,6.46,Kg,
SPP00155,无缝钢管,SCH10S,SS,,022Cr19Ni10,CP05T3016,ASME B36.19M,RCC-M 2,QA1,3-1/2",Φ101.6,M,7.41,Kg,
SPP00158,无缝钢管,SCH40,SS,,20,CP05T3018,ASME B36.10M,RCC-M 2,QA1,3-1/2",Φ101.6,M,13.57,Kg,
SPP00159,无缝钢管,SCH40S,SS,,022Cr19Ni10,CP05T3016,ASME B36.19M,RCC-M 2,QA1,3-1/2",Φ101.6,M,13.57,Kg,
SPP00160,无缝钢管,SCH80,SS,,20,CP05T3018,ASME B36.10M,RCC-M 2,QA1,3-1/2",Φ101.6,M,18.64,Kg,
SPP00161,无缝钢管,SCH80,SS,,P280GH,CP05T3032,ASME B36.10M,RCC-M 2,QA1,3-1/2",Φ101.6,M,18.64,Kg,
SPP00162,无缝钢管,SCH80S,SS,,022Cr19Ni10,CP05T3016,ASME B36.19M,RCC-M 2,QA1,3-1/2",Φ101.6,M,18.64,Kg,
SPP00163,无缝钢管,SCH10S,SS,,022Cr19Ni10,CP05T3016,ASME B36.19M,RCC-M 3,QA2,3-1/2",Φ101.6,M,7.41,Kg,
SPP00164,无缝钢管,SCH40,SS,,20,CP05T3018,ASME B36.10M,RCC-M 3,QA2,3-1/2",Φ101.6,M,13.57,Kg,
SPP00165,无缝钢管,SCH40S,SS,,022Cr19Ni10,CP05T3016,ASME B36.19M,RCC-M 3,QA2,3-1/2",Φ101.6,M,13.57,Kg,
SPP00166,无缝钢管,SCH10S,SS,,022Cr17Ni12Mo2,CP05T3022,ASME B36.19M,NA,QNCa,3-1/2",Φ101.6,M,7.41,Kg,
SPP00167,无缝钢管,SCH10S,SS,,022Cr19Ni10,CP05T3022,ASME B36.19M,NA,QNCa,3-1/2",Φ101.6,M,7.41,Kg,
SPP00168,无缝钢管,SCH160,SS,,022Cr19Ni10,CP05T3016,ASME B36.10M,RCC-M 1,QA1,4",Φ114.3,M,33.54,Kg,
SPP00169,无缝钢管,3.58mm,SS,,20,CP05T3018,API 5L,RCC-M 2,QA1,4",,M,9.78,Kg,
SPP00170,无缝钢管,SCH10S,SS,,022Cr19Ni10,CP05T3016,ASME B36.19M,RCC-M 2,QA1,4",Φ114.3,M,8.37,Kg,
SPP00171,无缝钢管,SCH160,SS,,022Cr19Ni10,CP05T3016,ASME B36.10M,RCC-M 2,QA1,4",Φ114.3,M,33.54,Kg,
SPP00172,无缝钢管,SCH160,SS,,P280GH,CP05T3032,ASME B36.10M,RCC-M 2,QA1,4",Φ114.3,M,33.54,Kg,
SPP00173,无缝钢管,SCH40,SS,,20,CP05T3018,ASME B36.10M,RCC-M 2,QA1,4",Φ114.3,M,16.08,Kg,
SPP00174,无缝钢管,SCH40S,SS,,022Cr19Ni10,CP05T3016,ASME B36.19M,RCC-M 2,QA1,4",Φ114.3,M,16.08,Kg,
SPP00175,无缝钢管,SCH80,SS,,20,CP05T3018,ASME B36.10M,RCC-M 2,QA1,4",Φ114.3,M,22.32,Kg,
SPP00176,无缝钢管,SCH80,SS,,P280GH,CP05T3032,ASME B36.10M,RCC-M 2,QA1,4",Φ114.3,M,22.32,Kg,
SPP00177,无缝钢管,SCH80S,SS,,022Cr19Ni10,CP05T3016,ASME B36.19M,RCC-M 2,QA1,4",Φ114.3,M,22.32,Kg,
SPP00178,无缝钢管,3.58mm,SS,,20,CP05T3018,API 5L,RCC-M 3,QA2,4",,M,9.78,Kg,
SPP00179,无缝钢管,SCH10S,SS,,022Cr19Ni10,CP05T3016,ASME B36.19M,RCC-M 3,QA2,4",Φ114.3,M,8.37,Kg,
SPP00180,无缝钢管,SCH40,SS,,20,CP05T3018,ASME B36.10M,RCC-M 3,QA2,4",Φ114.3,M,16.08,Kg,
SPP00181,无缝钢管,SCH40S,SS,,022Cr19Ni10,CP05T3016,ASME B36.19M,RCC-M 3,QA2,4",Φ114.3,M,16.08,Kg,
SPP00182,无缝钢管,3.58mm,SS,,20,CP05T3024,API 5L,NA,QNCa,4",,M,9.78,Kg,
SPP00183,无缝钢管,SCH10S,SS,,022Cr17Ni12Mo2,CP05T3022,ASME B36.19M,NA,QNCa,4",Φ114.3,M,8.37,Kg,
SPP00184,无缝钢管,SCH10S,SS,,022Cr19Ni10,CP05T3022,ASME B36.19M,NA,QNCa,4",Φ114.3,M,8.37,Kg,
SPP00185,无缝钢管,SCH160,SS,,022Cr19Ni10,CP05T3016,ASME B36.10M,RCC-M 1,QA1,5",Φ141.3,M,49.12,Kg,
SPP00186,无缝钢管,SCH10S,SS,,022Cr19Ni10,CP05T3016,ASME B36.19M,RCC-M 2,QA1,5",Φ141.3,M,11.56,Kg,
SPP00187,无缝钢管,SCH160,SS,,022Cr19Ni10,CP05T3016,ASME B36.10M,RCC-M 2,QA1,5",Φ141.3,M,49.12,Kg,
SPP00188,无缝钢管,SCH160,SS,,P280GH,CP05T3032,ASME B36.10M,RCC-M 2,QA1,5",Φ141.3,M,49.12,Kg,
SPP00189,无缝钢管,SCH40,SS,,20,CP05T3018,ASME B36.10M,RCC-M 2,QA1,5",Φ141.3,M,21.77,Kg,
SPP00190,无缝钢管,SCH40S,SS,,022Cr19Ni10,CP05T3016,ASME B36.19M,RCC-M 2,QA1,5",Φ141.3,M,21.77,Kg,
SPP00191,无缝钢管,SCH80,SS,,20,CP05T3018,ASME B36.10M,RCC-M 2,QA1,5",Φ141.3,M,30.97,Kg,
SPP00192,无缝钢管,SCH80S,SS,,022Cr19Ni10,CP05T3016,ASME B36.19M,RCC-M 2,QA1,5",Φ141.3,M,30.97,Kg,
SPP00193,无缝钢管,SCH10S,SS,,022Cr19Ni10,CP05T3016,ASME B36.19M,RCC-M 3,QA2,5",Φ141.3,M,11.56,Kg,
SPP00194,无缝钢管,SCH40,SS,,20,CP05T3018,ASME B36.10M,RCC-M 3,QA2,5",Φ141.3,M,21.77,Kg,
SPP00195,无缝钢管,SCH40S,SS,,022Cr19Ni10,CP05T3016,ASME B36.19M,RCC-M 3,QA2,5",Φ141.3,M,21.77,Kg,
SPP00196,无缝钢管,SCH10S,SS,,022Cr17Ni12Mo2,CP05T3022,ASME B36.19M,NA,QNCa,5",Φ141.3,M,11.56,Kg,
SPP00197,无缝钢管,SCH10S,SS,,022Cr19Ni10,CP05T3022,ASME B36.19M,NA,QNCa,5",Φ141.3,M,11.56,Kg,
SPP00198,无缝钢管,SCH160,SS,,022Cr19Ni10,CP05T3016,ASME B36.10M,RCC-M 1,QA1,6",Φ168.3,M,67.57,Kg,
SPP00199,无缝钢管,4.37mm,SS,,20,CP05T3018,API 5L,RCC-M 2,QA1,6",,M,17.67,Kg,
SPP00200,无缝钢管,SCH10S,SS,,022Cr19Ni10,CP05T3016,ASME B36.19M,RCC-M 2,QA1,6",Φ168.3,M,13.83,Kg,
SPP00201,无缝钢管,SCH120,SS,,P280GH,CP05T3032,ASME B36.10M,RCC-M 2,QA1,6",Φ168.3,M,54.21,Kg,
SPP00202,无缝钢管,SCH160,SS,,022Cr19Ni10,CP05T3016,ASME B36.10M,RCC-M 2,QA1,6",Φ168.3,M,67.57,Kg,
SPP00203,无缝钢管,SCH160,SS,,P280GH,CP05T3032,ASME B36.10M,RCC-M 2,QA1,6",Φ168.3,M,67.57,Kg,
SPP00204,无缝钢管,SCH40,SS,,20,CP05T3018,ASME B36.10M,RCC-M 2,QA1,6",Φ168.3,M,28.26,Kg,
SPP00205,无缝钢管,SCH40S,SS,,022Cr19Ni10,CP05T3016,ASME B36.19M,RCC-M 2,QA1,6",Φ168.3,M,28.26,Kg,
SPP00206,无缝钢管,SCH80,SS,,20,CP05T3018,ASME B36.10M,RCC-M 2,QA1,6",Φ168.3,M,42.56,Kg,
SPP00207,无缝钢管,SCH80S,SS,,022Cr19Ni10,CP05T3016,ASME B36.19M,RCC-M 2,QA1,6",Φ168.3,M,42.56,Kg,
SPP00208,无缝钢管,4.37mm,SS,,20,CP05T3018,API 5L,RCC-M 3,QA2,6",,M,17.67,Kg,
SPP00209,无缝钢管,SCH10S,SS,,022Cr19Ni10,CP05T3016,ASME B36.19M,RCC-M 3,QA2,6",Φ168.3,M,13.83,Kg,
SPP00210,无缝钢管,SCH40,SS,,20,CP05T3018,ASME B36.10M,RCC-M 3,QA2,6",Φ168.3,M,28.26,Kg,
SPP00211,无缝钢管,SCH40S,SS,,022Cr19Ni10,CP05T3016,ASME B36.19M,RCC-M 3,QA2,6",Φ168.3,M,28.26,Kg,
SPP00212,无缝钢管,4.37mm,SS,,20,CP05T3024,API 5L,NA,QNCa,6",,M,17.67,Kg,
SPP00213,无缝钢管,SCH10S,SS,,022Cr17Ni12Mo2,CP05T3022,ASME B36.19M,NA,QNCa,6",Φ168.3,M,13.83,Kg,
SPP00214,无缝钢管,SCH10S,SS,,022Cr19Ni10,CP05T3022,ASME B36.19M,NA,QNCa,6",Φ168.3,M,13.83,Kg,
SPP00215,无缝钢管,SCH160,SS,,022Cr19Ni10,CP05T3016,ASME B36.10M,RCC-M 1,QA1,8",Φ219.1,M,111.27,Kg,
SPP00216,无缝钢管,SCH10S,SS,,022Cr19Ni10,CP05T3016,ASME B36.19M,RCC-M 2,QA1,8",Φ219.1,M,19.97,Kg,
SPP00217,无缝钢管,SCH120,SS,,P280GH,CP05T3032,ASME B36.10M,RCC-M 2,QA1,8",Φ219.1,M,90.44,Kg,
SPP00218,无缝钢管,SCH160,SS,,022Cr19Ni10,CP05T3016,ASME B36.10M,RCC-M 2,QA1,8",Φ219.1,M,111.27,Kg,
SPP00219,无缝钢管,SCH160,SS,,P280GH,CP05T3032,ASME B36.10M,RCC-M 2,QA1,8",Φ219.1,M,111.27,Kg,
SPP00220,无缝钢管,SCH20,SS,,20,CP05T3018,ASME B36.10M,RCC-M 2,QA1,8",Φ219.1,M,33.32,Kg,
SPP00221,无缝钢管,SCH40,SS,,20,CP05T3018,ASME B36.10M,RCC-M 2,QA1,8",Φ219.1,M,42.55,Kg,
SPP00222,无缝钢管,SCH40S,SS,,022Cr19Ni10,CP05T3016,ASME B36.19M,RCC-M 2,QA1,8",Φ219.1,M,42.55,Kg,
SPP00223,无缝钢管,SCH80,SS,,20,CP05T3018,ASME B36.10M,RCC-M 2,QA1,8",Φ219.1,M,64.64,Kg,
SPP00224,无缝钢管,SCH80S,SS,,022Cr19Ni10,CP05T3016,ASME B36.19M,RCC-M 2,QA1,8",Φ219.1,M,64.64,Kg,
SPP00225,无缝钢管,SCH10S,SS,,022Cr19Ni10,CP05T3016,ASME B36.19M,RCC-M 3,QA2,8",Φ219.1,M,19.97,Kg,
SPP00226,无缝钢管,SCH20,SS,,20,CP05T3018,ASME B36.10M,RCC-M 3,QA2,8",Φ219.1,M,33.32,Kg,
SPP00227,无缝钢管,SCH40,SS,,20,CP05T3018,ASME B36.10M,RCC-M 3,QA2,8",Φ219.1,M,42.55,Kg,
SPP00228,无缝钢管,SCH40S,SS,,022Cr19Ni10,CP05T3016,ASME B36.19M,RCC-M 3,QA2,8",Φ219.1,M,42.55,Kg,
SPP00229,无缝钢管,SCH10S,SS,,022Cr17Ni12Mo2,CP05T3022,ASME B36.19M,NA,QNCa,8",Φ219.1,M,19.97,Kg,
SPP00230,无缝钢管,SCH10S,SS,,022Cr19Ni10,CP05T3022,ASME B36.19M,NA,QNCa,8",Φ219.1,M,19.97,Kg,
SPP00231,无缝钢管,SCH20,SS,,20,CP05T3024,ASME B36.10M,NA,QNCa,8",Φ219.1,M,33.32,Kg,
SPP00232,无缝钢管,SCH140,SS,,026Cr18Ni12Mo2N,CP05T3016,ASME B36.10M,RCC-M 1,QA1,10",Φ273,M,155.1,Kg,
SPP00233,无缝钢管,SCH10S,SS,,022Cr19Ni10,CP05T3016,ASME B36.19M,RCC-M 2,QA1,10",Φ273,M,27.79,Kg,
SPP00234,无缝钢管,SCH140,SS,,022Cr19Ni10,CP05T3016,ASME B36.10M,RCC-M 2,QA1,10",Φ273,M,155.1,Kg,
SPP00235,无缝钢管,SCH160,SS,,P280GH,CP05T3032,ASME B36.10M,RCC-M 2,QA1,10",Φ273,M,172.27,Kg,
SPP00236,无缝钢管,SCH20,SS,,20,CP05T3018,ASME B36.10M,RCC-M 2,QA1,10",Φ273,M,41.76,Kg,
SPP00237,无缝钢管,SCH40,SS,,20,CP05T3018,ASME B36.10M,RCC-M 2,QA1,10",Φ273,M,60.29,Kg,
SPP00238,无缝钢管,SCH60,SS,,P280GH,CP05T3032,ASME B36.10M,RCC-M 2,QA1,10",Φ273,M,81.53,Kg,
SPP00239,无缝钢管,SCH80,SS,,20,CP05T3018,ASME B36.10M,RCC-M 2,QA1,10",Φ273,M,95.98,Kg,
SPP00240,无缝钢管,SCH80S,SS,,022Cr19Ni10,CP05T3016,ASME B36.19M,RCC-M 2,QA1,10",Φ273,M,81.56,Kg,
SPP00241,无缝钢管,SCH10S,SS,,022Cr19Ni10,CP05T3016,ASME B36.19M,RCC-M 3,QA2,10",Φ273,M,27.79,Kg,
SPP00242,无缝钢管,SCH20,SS,,20,CP05T3018,ASME B36.10M,RCC-M 3,QA2,10",Φ273,M,41.76,Kg,
SPP00243,无缝钢管,SCH40,SS,,20,CP05T3018,ASME B36.10M,RCC-M 3,QA2,10",Φ273,M,60.29,Kg,
SPP00244,无缝钢管,SCH40S,SS,,022Cr19Ni10,CP05T3016,ASME B36.19M,RCC-M 3,QA2,10",Φ273,M,60.31,Kg,
SPP00245,无缝钢管,SCH80S,SS,,022Cr19Ni10,CP05T3016,ASME B36.19M,RCC-M 3,QA2,10",Φ273,M,81.56,Kg,
SPP00246,无缝钢管,SCH10S,SS,,022Cr17Ni12Mo2,CP05T3022,ASME B36.19M,NA,QNCa,10",Φ273,M,27.79,Kg,
SPP00247,无缝钢管,SCH10S,SS,,022Cr19Ni10,CP05T3022,ASME B36.19M,NA,QNCa,10",Φ273,M,27.79,Kg,
SPP00248,无缝钢管,SCH20,SS,,20,CP05T3024,ASME B36.10M,NA,QNCa,10",Φ273,M,41.76,Kg,
SPP00249,无缝钢管,SCH140,SS,,026Cr18Ni12Mo2N,CP05T3016,ASME B36.10M,RCC-M 1,QA1,12",Φ323.8,M,208.08,Kg,
SPP00250,无缝钢管,7.14mm,SS,,20,CP05T3018,API 5L,RCC-M 2,QA1,12",,M,55.76,Kg,
SPP00251,无缝钢管,SCH10S,SS,,022Cr19Ni10,CP05T3016,ASME B36.19M,RCC-M 2,QA1,12",Φ323.8,M,35.99,Kg,
SPP00252,无缝钢管,SCH140,SS,,022Cr19Ni10,CP05T3016,ASME B36.10M,RCC-M 2,QA1,12",Φ323.8,M,208.08,Kg,
SPP00253,无缝钢管,SCH160,SS,,P280GH,CP05T3032,ASME B36.10M,RCC-M 2,QA1,12",Φ323.8,M,238.69,Kg,
SPP00254,无缝钢管,SCH40,SS,,20,CP05T3018,ASME B36.10M,RCC-M 2,QA1,12",Φ323.8,M,79.71,Kg,
SPP00255,无缝钢管,SCH80,SS,,20,CP05T3018,ASME B36.10M,RCC-M 2,QA1,12",Φ323.8,M,132.05,Kg,
SPP00256,无缝钢管,SCH80S,SS,,022Cr19Ni10,CP05T3016,ASME B36.19M,RCC-M 2,QA1,12",Φ323.8,M,97.47,Kg,
SPP00257,无缝钢管,7.14mm,SS,,20,CP05T3018,API 5L,RCC-M 3,QA2,12",,M,55.76,Kg,
SPP00258,无缝钢管,SCH10S,SS,,022Cr19Ni10,CP05T3016,ASME B36.19M,RCC-M 3,QA2,12",Φ323.8,M,35.99,Kg,
SPP00259,无缝钢管,SCH40,SS,,20,CP05T3018,ASME B36.10M,RCC-M 3,QA2,12",Φ323.8,M,79.71,Kg,
SPP00260,无缝钢管,SCH40S,SS,,022Cr19Ni10,CP05T3016,ASME B36.19M,RCC-M 3,QA2,12",Φ323.8,M,73.88,Kg,
SPP00261,无缝钢管,SCH80S,SS,,022Cr19Ni10,CP05T3016,ASME B36.19M,RCC-M 3,QA2,12",Φ323.8,M,97.47,Kg,
SPP00262,无缝钢管,7.14mm,SS,,20,CP05T3024,API 5L,NA,QNCa,12",,M,55.76,Kg,
SPP00263,无缝钢管,SCH10S,SS,,022Cr17Ni12Mo2,CP05T3022,ASME B36.19M,NA,QNCa,12",Φ323.8,M,35.99,Kg,
SPP00264,无缝钢管,SCH10S,SS,,022Cr19Ni10,CP05T3022,ASME B36.19M,NA,QNCa,12",Φ323.8,M,35.99,Kg,
SPP00265,无缝钢管,SCH20,SS,,20,CP05T3024,ASME B36.10M,NA,QNCa,12",Φ323.8,M,49.71,Kg,
SPP00266,无缝钢管,SCH140,SS,,026Cr18Ni12Mo2N,CP05T3016,ASME B36.10M,RCC-M 1,QA1,14",Φ355.6,M,253.58,Kg,
SPP00267,无缝钢管,SCH10S,SS,,022Cr19Ni10,CP05T3016,ASME B36.19M,RCC-M 2,QA1,14",Φ355.6,M,41.36,Kg,
SPP00268,无缝钢管,SCH140,SS,,022Cr19Ni10,CP05T3016,ASME B36.10M,RCC-M 2,QA1,14",Φ355.6,M,253.58,Kg,
SPP00269,无缝钢管,SCH160,SS,,P280GH,CP05T3032,ASME B36.10M,RCC-M 2,QA1,14",Φ355.6,M,281.72,Kg,
SPP00270,无缝钢管,SCH20,SS,,20,CP05T3018,ASME B36.10M,RCC-M 2,QA1,14",Φ355.6,M,67.91,Kg,
SPP00271,无缝钢管,SCH40,SS,,20,CP05T3018,ASME B36.10M,RCC-M 2,QA1,14",Φ355.6,M,94.55,Kg,
SPP00272,无缝钢管,SCH60,SS,,022Cr19Ni10,CP05T3016,ASME B36.10M,RCC-M 2,QA1,14",Φ355.6,M,126.72,Kg,
SPP00273,无缝钢管,SCH80,SS,,20,CP05T3018,ASME B36.10M,RCC-M 2,QA1,14",Φ355.6,M,158.11,Kg,
SPP00274,无缝钢管,SCH80S,SS,,022Cr19Ni10,CP05T3016,ASME B36.19M,RCC-M 2,QA1,14",Φ355.6,M,107.4,Kg,
SPP00275,无缝钢管,SCH20,SS,,20,CP05T3018,ASME B36.10M,RCC-M 3,QA2,14",Φ355.6,M,67.91,Kg,
SPP00276,无缝钢管,SCH40,SS,,20,CP05T3018,ASME B36.10M,RCC-M 3,QA2,14",Φ355.6,M,94.55,Kg,
SPP00277,无缝钢管,SCH40S,SS,,022Cr19Ni10,CP05T3016,ASME B36.19M,RCC-M 3,QA2,14",Φ355.6,M,81.33,Kg,
SPP00278,无缝钢管,SCH60,SS,,022Cr19Ni10,CP05T3016,ASME B36.10M,RCC-M 3,QA2,14",Φ355.6,M,126.72,Kg,
SPP00279,无缝钢管,SCH10S,SS,,022Cr17Ni12Mo2,CP05T3022,ASME B36.19M,NA,QNCa,14",Φ355.6,M,41.36,Kg,
SPP00280,无缝钢管,SCH10S,SS,,022Cr19Ni10,CP05T3022,ASME B36.19M,NA,QNCa,14",Φ355.6,M,41.36,Kg,
SPP00281,无缝钢管,SCH20,SS,,20,CP05T3024,ASME B36.10M,NA,QNCa,14",Φ355.6,M,67.91,Kg,
SPP00282,无缝钢管,SCH140,SS,,026Cr18Ni12Mo2N,CP05T3016,ASME B36.10M,RCC-M 1,QA1,16",Φ406.4,M,333.21,Kg,
SPP00283,无缝钢管,8.74mm,SS,,20,CP05T3018,API 5L,RCC-M 2,QA1,16",,M,85.71,Kg,
SPP00284,无缝钢管,SCH10S,SS,,022Cr19Ni10,CP05T3016,ASME B36.19M,RCC-M 2,QA1,16",Φ406.4,M,47.34,Kg,
SPP00285,无缝钢管,SCH140,SS,,022Cr19Ni10,CP05T3016,ASME B36.10M,RCC-M 2,QA1,16",Φ406.4,M,333.21,Kg,
SPP00286,无缝钢管,SCH160,SS,,P280GH,CP05T3032,ASME B36.10M,RCC-M 2,QA1,16",Φ406.4,M,365.38,Kg,
SPP00287,无缝钢管,SCH40,SS,,20,CP05T3018,ASME B36.10M,RCC-M 2,QA1,16",Φ406.4,M,123.31,Kg,
SPP00288,无缝钢管,SCH40S,SS,,022Cr19Ni10,CP05T3016,ASME B36.19M,RCC-M 2,QA1,16",Φ406.4,M,93.27,Kg,
SPP00289,无缝钢管,SCH60,SS,,022Cr19Ni10,CP05T3016,ASME B36.10M,RCC-M 2,QA1,16",Φ406.4,M,160.13,Kg,
SPP00290,无缝钢管,SCH80,SS,,20,CP05T3018,ASME B36.10M,RCC-M 2,QA1,16",Φ406.4,M,203.54,Kg,
SPP00291,无缝钢管,SCH80S,SS,,022Cr19Ni10,CP05T3016,ASME B36.19M,RCC-M 2,QA1,16",Φ406.4,M,123.31,Kg,
SPP00292,无缝钢管,9.8mm,SS,,20,CP05T3018,API 5L,RCC-M 3,QA2,16",,M,95.85135882,Kg,
SPP00293,无缝钢管,SCH40,SS,,20,CP05T3018,ASME B36.10M,RCC-M 3,QA2,16",Φ406.4,M,123.31,Kg,
SPP00294,无缝钢管,SCH40S,SS,,022Cr19Ni10,CP05T3016,ASME B36.19M,RCC-M 3,QA2,16",Φ406.4,M,93.27,Kg,
SPP00295,无缝钢管,SCH60,SS,,022Cr19Ni10,CP05T3016,ASME B36.10M,RCC-M 3,QA2,16",Φ406.4,M,160.13,Kg,
SPP00296,无缝钢管,SCH10S,SS,,022Cr17Ni12Mo2,CP05T3022,ASME B36.19M,NA,QNCa,16",Φ406.4,M,47.34,Kg,
SPP00297,无缝钢管,SCH10S,SS,,022Cr19Ni10,CP05T3022,ASME B36.19M,NA,QNCa,16",Φ406.4,M,47.34,Kg,
SPP00298,无缝钢管,SCH20,SS,,20,CP05T3024,ASME B36.10M,NA,QNCa,16",Φ406.4,M,77.83,Kg,
SPP00299,无缝钢管,SCH140,SS,,026Cr18Ni12Mo2N,CP05T3016,ASME B36.10M,RCC-M 1,QA1,18",Φ457,M,408.28,Kg,
SPP00300,无缝钢管,31.75mm,SS,,P280GH,CP05T3032,API 5L,RCC-M 2,QA1,18",,M,332.97,Kg,
SPP00301,无缝钢管,SCH140,SS,,022Cr19Ni10,CP05T3016,ASME B36.10M,RCC-M 2,QA1,18",Φ457,M,408.28,Kg,
SPP00302,无缝钢管,SCH20,SS,,022Cr19Ni10,CP05T3016,ASME B36.10M,RCC-M 2,QA1,18",Φ457,M,87.71,Kg,
SPP00303,焊接钢管,SCH10,RS,,Q265HR,CP05T3020,ASME B36.10M,RCC-M 3,QA2,18",Φ457,M,70.57,Kg,
SPP00304,无缝钢管,SCH140,SS,,026Cr18Ni12Mo2N,CP05T3016,ASME B36.10M,RCC-M 1,QA1,20",Φ508,M,508.15,Kg,
SPP00305,无缝钢管,SCH140,SS,,022Cr19Ni10,CP05T3016,ASME B36.10M,RCC-M 2,QA1,20",Φ508,M,508.15,Kg,
SPP00306,焊接钢管,SCH10,RS,,Q265HR,CP05T3020,ASME B36.10M,RCC-M 3,QA2,20",Φ508,M,78.56,Kg,
SPP00307,无缝钢管,SCH20,SS,,20,CP05T3024,ASME B36.10M,NA,QNCa,20",Φ508,M,117.15,Kg,
SPP00308,无缝钢管,SCH140,SS,,026Cr18Ni12Mo2N,CP05T3016,ASME B36.10M,RCC-M 1,QA1,22",Φ559,M,600.67,Kg,
SPP00309,无缝钢管,SCH140,SS,,022Cr19Ni10,CP05T3016,ASME B36.10M,RCC-M 2,QA1,22",Φ559,M,600.67,Kg,
SPP00310,焊接钢管,SCH10,RS,,Q265HR,CP05T3020,ASME B36.10M,RCC-M 3,QA2,22",Φ559,M,86.55,Kg,
SPP00311,无缝钢管,SCH30,SS,,20,CP05T3024,ASME B36.10M,NA,QNCa,22",Φ559,M,171.1,Kg,
SPP00312,无缝钢管,SCH140,SS,,026Cr18Ni12Mo2N,CP05T3016,ASME B36.10M,RCC-M 1,QA1,24",Φ610,M,720.19,Kg,
SPP00313,无缝钢管,SCH140,SS,,022Cr19Ni10,CP05T3016,ASME B36.10M,RCC-M 2,QA1,24",Φ610,M,720.19,Kg,
SPP00314,焊接钢管,SCH10,RS,,Q265HR,CP05T3020,ASME B36.10M,RCC-M 3,QA2,24",Φ610,M,94.53,Kg,
SPP00315,焊接钢管,SCH10,RS,,Q265HR,CP05T3020,ASME B36.10M,RCC-M 3,QA2,26",Φ660,M,127.36,Kg,
SPP00316,焊接钢管,SCH10,RS,,Q265HR,CP05T3020,ASME B36.10M,RCC-M 3,QA2,28",Φ711,M,137.32,Kg,
SPP00317,焊接钢管,SCH10,RS,,Q265HR,CP05T3020,ASME B36.10M,RCC-M 3,QA2,30",Φ762,M,147.29,Kg,
SPP00318,无缝钢管,32mm,SS,,P280GH,CP05T3026,API 5L,RCC-M 2,QA1,32",,M,616.340208,Kg,
SPP00319,无缝钢管,46mm,SS,,P280GH,CP05T3026,API 5L,RCC-M 2,QA1,32",,M,870.11,Kg,
SPP00320,焊接钢管,9.52mm,RS,,Q265HR,CP05T3020,API 5L,RCC-M 3,QA2,32",,M,188.83,Kg,
SPP00321,焊接钢管,9.52mm,RS,,Q265HR,CP05T3020,API 5L,RCC-M 3,QA2,34",,M,200.82,Kg,
SPP00322,焊接钢管,9.52mm,RS,,Q265HR,CP05T3020,API 5L,RCC-M 3,QA2,36",,M,212.57,Kg,
SPP00341,铜管,1mm,SS,,TP2,GB/T 18033,GB/T 16866,NA,QNCc,DN6,Φ8,M,漳州及以后的项目不用,Kg,公称直径值为铜管外径值
SPP00342,铜管,1mm,SS,,TP2,GB/T 18033,GB/T 16866,NA,QNCc,DN8,Φ10,M,漳州及以后的项目不用,Kg,公称直径值为铜管外径值
SPP00343,铜管,1mm,SS,,TP2,GB/T 18033,GB/T 16866,NA,QNCc,DN15,Φ15,M,漳州及以后的项目不用,Kg,公称直径值为铜管外径值
SPP00344,铜管,1.2mm,SS,,TP2,GB/T 18033,GB/T 16866,NA,QNCc,DN20,Φ22,M,漳州及以后的项目不用,Kg,公称直径值为铜管外径值
SPP00345,铜管,1.2mm,SS,,TP2,GB/T 18033,GB/T 16866,NA,QNCc,DN25,Φ28,M,漳州及以后的项目不用,Kg,公称直径值为铜管外径值
SPP00346,铜管,2mm,SS,,TP2,GB/T 18033,GB/T 16866,NA,QNCc,DN32,Φ35,M,漳州及以后的项目不用,Kg,公称直径值为铜管外径值
SPP00347,无缝钢管,SCH10S,SS,,022Cr19Ni10,CP05T3016,ASME B36.19M,RCC-M 3,QA2,14",Φ355.6,M,41.36,Kg,
SPP00348,无缝钢管,SCH10S,SS,,022Cr19Ni10,CP05T3016,ASME B36.19M,RCC-M 3,QA2,16",Φ406.4,M,47.34,Kg,
SPP00350,复合树脂管,2.2mm,,,环氧树脂玻璃纤维,,SY/T 6266,NA,QNCa,4",,M,没有标准重量,Kg,
SPP00351,复合树脂管,1.8mm,,,环氧树脂玻璃纤维,,SY/T 6266,NA,QNCa,2",,M,没有标准重量,Kg,
SPP00352,复合树脂管,1.8mm,,,环氧树脂玻璃纤维,,SY/T 6266,NA,QNCa,3",,M,没有标准重量,Kg,
SPP00355,铜管,1mm,SS,,TP2,GB/T 18033,GB/T 16866,NA,QNCc,DN4,Φ6,M,漳州及以后的项目不用,Kg,公称直径值为铜管外径值
SPP00356,铜管,2mm,SS,,TP2,GB/T 18033,GB/T 16866,NA,QNCc,DN40,Φ42,M,漳州及以后的项目不用,Kg,公称直径值为铜管外径值
SPP00428,无缝钢管,3.96mm,SS,,20,CP05T3024,API 5L,NA,QNCa,5",,M,13.41,Kg,
SPP00429,无缝钢管,14.27mm,SS,,20,CP05T3018,API 5L,RCC-M 3,QA2,10",,M,91.05,Kg,
SPP00430,无缝钢管,14.27mm,SS,,20,CP05T3018,API 5L,RCC-M 3,QA2,28",,M,245.19,Kg,
SPP00431,无缝钢管,14.27mm,SS,,20,CP05T3018,API 5L,RCC-M 3,QA2,36",,M,316.63,Kg,
SPP00432,无缝钢管,14.27mm,SS,,20,CP05T3018,API 5L,RCC-M 3,QA2,48",,M,423.97,Kg,
SPP00433,复合树脂管,4.5mm,,,环氧树脂玻璃纤维,,SY/T 6266,NA,QNCa,4",,M,没有标准重量,Kg,
SPP00434,复合树脂管,4.5mm,,,环氧树脂玻璃纤维,,SY/T 6266,NA,QNCa,3",,M,没有标准重量,Kg,
SPP00435,复合树脂管,4.5mm,,,环氧树脂玻璃纤维,,SY/T 6266,NA,QNCa,1",,M,没有标准重量,Kg,
SPP00436,无缝钢管,SCH40S,SS,,022Cr19Ni10,CP05T3016,ASME B36.19M,RCC-M 2,QA1,10",Φ273,M,60.31,Kg,
SPP00437,焊接钢管,SCH20,RS,,Q265HR,CP05T3020,ASME B36.10M,RCC-M 3,QA2,26",Φ660,M,202.74,Kg,
SPP00438,无缝钢管,39mm,SS,,P280GH,CP05T3026,API 5L,RCC-M 2,QA1,32",Φ816,M,747.3174345,Kg,公称直径值为外径值
SPP00439,无缝钢管,SCH80,SS,,P280GH,CP05T3032,ASME B36.10M,RCC-M 2,QA1,8",Φ219.1,M,64.64,Kg,
SPP00440,无缝钢管,SCH160,SS,,026Cr18Ni12Mo2N,CP05T3016,ASME B36.10M,RCC-M 1,QA1,1/2",Φ21.3,M,1.95,Kg,
SPP00442,无缝钢管,SCH160,SS,,026Cr18Ni12Mo2N,CP05T3016,ASME B36.10M,RCC-M 1,QA1,6",Φ168.3,M,67.57,Kg,
SPP00443,无缝钢管,SCH120,SS,,026Cr18Ni12Mo2N,CP05T3016,ASME B36.10M,RCC-M 2,QA1,12",Φ323.8,M,186.92,Kg,
SPP00444,无缝钢管,SCH80S,SS,,022Cr19Ni10,CP05T3016,ASME B36.19M,RCC-M 3,QA2,1",Φ33.4,M,3.24,Kg,
SPP00445,无缝钢管,SCH80S,SS,,022Cr19Ni10,CP05T3016,ASME B36.19M,RCC-M 3,QA2,3",Φ88.9,M,15.27,Kg,
SPP00446,无缝钢管,3mm,SS,,20(浸PE),,Q/HDCGF001-2008,NA,QNCa,DN20,Φ25,M,1.627659,Kg,
SPP00448,无缝钢管,36.53mm,SS,,P280GH,CP05T3052,ASME B36.10M,NA,QA3,32",Φ813,M,699.50986148,Kg,主蒸汽1/3容量管道
SPP00449,无缝钢管,30.18mm,SS,,P280GH,CP05T3052,ASME B36.10M,NA,QA3,26",Φ660,M,468.764992967,Kg,主蒸汽1/4容量管道
SPP00450,无缝钢管,34.93mm,SS,,P280GH,CP05T3052,ASME B36.10M,NA,QA3,30",Φ762,M,626.317143599,Kg,旁路母管
SPP00451,无缝钢管,38.1mm,SS,,P280GH,CP05T3052,ASME B36.10M,NA,QA3,22",Φ559,M,489.44,Kg,1/2容量给水支管
SPP00452,无缝钢管,38.1mm,SS,,P280GH,CP05T3052,ASME B36.10M,NA,QA3,20",Φ508,M,441.52,Kg,给水旁路
SPP00453,无缝钢管,31.75mm,SS,,P280GH,CP05T3052,ASME B36.10M,NA,QA3,18",Φ457,M,332.97,Kg,1/3容量给水支管及冲洗管道凝结水上水管道
SPP00454,无缝钢管,25.4mm,SS,,P280GH,CP05T3052,ASME B36.10M,NA,QA3,12",Φ323.8,M,186.92,Kg,主泵再循环
SPP00455,无缝钢管,22.23mm,SS,,P280GH,CP05T3052,ASME B36.10M,NA,QA3,10",Φ273,M,137.48,Kg,主泵再循环
SPP00456,无缝钢管,12.7mm,SS,,P280GH,CP05T3052,ASME B36.10M,NA,QA3,6",Φ168.3,M,48.73,Kg,启泵
SPP00457,无缝钢管,11.13mm,SS,,P280GH,CP05T3052,ASME B36.10M,NA,QA3,4",Φ114.3,M,28.32,Kg,启泵再循环
SPP00458,无缝钢管,19.05mm,SS,,P280GH,CP05T3052,ASME B36.10M,NA,QA3,12",Φ323.8,M,143.17,Kg,旁路蒸汽管道，主蒸汽至辅助蒸汽管道
SPP00459,无缝钢管,SCH80S,SS,,022Cr19Ni10,CP05T3022,ASME B36.19M,NA,QNCa,1/2",Φ21.3,M,1.62,Kg,
SPP00460,焊接钢管,SCH20,RS,,Q265HR,CP05T3020,ASME B36.10M,RCC-M 3,QA2,30",Φ762,M,234.68,Kg,
SPP00461,无缝钢管,SCH80S,SS,,022Cr17Ni12Mo2,CP05T3016,ASME B36.19M,RCC-M 3,QA2,1/4",Φ13.7,M,0.8,Kg,
SPP00462,无缝钢管,SCH80S,SS,,026Cr18Ni12Mo2N,CP05T3016,ASME B36.19M,RCC-M 2,QA1,6",Φ168.3,M,42.56,Kg,
SPP00463,无缝钢管,SCH160,SS,,026Cr18Ni12Mo2N,CP05T3016,ASME B36.10M,RCC-M 2,QA1,1/2",Φ21.3,M,1.95,Kg,
SPP00464,无缝钢管,4mm,SS,,20(内衬聚丙烯层),GB/T 8163-2018,GB/T 17395-2008,NA,QNCa,DN80,Φ89,M,8.38491,Kg,管道与法兰焊接后整体衬塑，衬塑参考标准：DL/T 935-2005
SPP00465,无缝钢管,SCH120,SS,,P280GH(主给水流量控制系统专用),CP05T3032,ASME B36.10M,RCC-M 2,QA1,8",Φ219.1,M,90.44,Kg,
SPP00466,无缝钢管,SCH40S,SS,,022Cr19Ni10,CP05T3022,ASME B36.19M,NA,QNCa,24",Φ610,M,141.12,Kg,
SPP00467,焊接钢管,14.27mm,RS,,Q265HR,CP05T3020,API 5L,RCC-M 3,QA2,48",,M,423.97,Kg,
SPP00468,无缝钢管,30.18mm,SS,,P280GH,CP05T3052,ASME B36.10M,NA,QA3,24",Φ610,M,431.55,Kg,主蒸汽至辅助蒸汽管道
SPP00469,无缝钢管,9.53mm,SS,,P280GH,CP05T3052,ASME B36.10M,NA,QA3,4",Φ114.3,M,24.623474433,Kg,主蒸汽至辅助蒸汽管道
SPP00470,无缝钢管,14.27mm,SS,,P280GH,CP05T3052,ASME B36.10M,NA,QA3,8",Φ219.1,M,72.08,Kg,主蒸汽至辅助蒸汽管道
SPP00471,焊接钢管,4mm,RS,BW,Q235B(内外壁热浸镀锌),GB/T 3091-2015,GB/T 21835-2008,NA,QNCa,DN80,,M,8.3750454,Kg,
SPP00472,焊接钢管,4mm,RS,BW,Q235B(内外壁热浸镀锌),GB/T 3091-2015,GB/T 21835-2008,NA,QNCa,DN100,,M,10.8806538,Kg,
SPP00473,焊接钢管,4.5mm,RS,BW,Q235B(内外壁热浸镀锌),GB/T 3091-2015,GB/T 21835-2008,NA,QNCa,DN150,,M,18.17799165,Kg,
SPP00474,焊接钢管,6.3mm,RS,BW,Q235B(内外壁热浸镀锌),GB/T 3091-2015,GB/T 21835-2008,NA,QNCa,DN200,,M,33.06219336,Kg,
SPP00475,焊接钢管,8mm,RS,BW,Q235B(内外壁热浸镀锌),GB/T 3091-2015,GB/T 21835-2008,NA,QNCa,DN250,,M,52.28238,Kg,
SPP00476,焊接钢管,8mm,RS,BW,Q235B(内外壁热浸镀锌),GB/T 3091-2015,GB/T 21835-2008,NA,QNCa,DN300,,M,62.3048136,Kg,
SPP00477,焊接钢管,8.8mm,RS,BW,Q235B(内外壁热浸镀锌),GB/T 3091-2015,GB/T 21835-2008,NA,QNCa,DN350,,M,75.26295216,Kg,
SPP00478,焊接钢管,8.8mm,RS,BW,Q235B(内外壁热浸镀锌),GB/T 3091-2015,GB/T 21835-2008,NA,QNCa,DN400,,M,86.28762912,Kg,
SPP00479,焊接钢管,8.8mm,RS,BW,Q235B(内外壁热浸镀锌),GB/T 3091-2015,GB/T 21835-2008,NA,QNCa,DN450,,M,97.26890184,Kg,
SPP00480,焊接钢管,8.8mm,RS,BW,Q235B(内外壁热浸镀锌),GB/T 3091-2015,GB/T 21835-2008,NA,QNCa,DN500,,M,108.33698304,Kg,
SPP00481,无缝钢管,12.7mm,SS,,20,CP05T3024,API 5L,NA,QNCa,24",,M,187.07,Kg,
SPP00497,无缝钢管,3.5mm,SS,,20(内衬聚丙烯层),GB/T 8163-2018,GB/T 17395-2008,NA,QNCa,DN65,Φ73,M,5.998909875,Kg,管道与法兰焊接后整体内衬聚丙烯，衬塑参考标准：DL/T 935-2005
SPP00498,无缝钢管,3mm,SS,,20(内衬聚丙烯层),GB/T 8163-2018,GB/T 17395-2008,NA,QNCa,DN50,Φ60.3,M,4.23931185,Kg,管道与法兰焊接后整体内衬聚丙烯，衬塑参考标准：DL/T 935-2005
SPP00499,无缝钢管,2.5mm,SS,,20(内衬聚丙烯层),GB/T 8163-2018,GB/T 17395-2008,NA,QNCa,DN20,Φ26.9,M,1.49202075,Kg,管道与法兰焊接后整体内衬聚丙烯，衬塑参考标准：DL/T 935-2005
SPP00500,无缝钢管,SCH10S,SS,,022Cr25Ni7Mo4N,CP05T3088,ASME B36.19M,RCC-M 3,QA2,3/4",Φ26.7,M,1.28,Kg,
SPP00501,无缝钢管,SCH10S,SS,,022Cr25Ni7Mo4N,CP05T3088,ASME B36.19M,RCC-M 3,QA2,1/4",Φ13.7,M,0.49,Kg,
SPP00502,无缝钢管,SCH10S,SS,,022Cr25Ni7Mo4N,CP05T3088,ASME B36.19M,RCC-M 3,QA2,1/2",Φ21.3,M,0.1,Kg,
SPP00503,无缝钢管,SCH40,SS,,022Cr25Ni7Mo4N,CP05T3088,ASME B36.10M,RCC-M 3,QA2,1",Φ33.4,M,2.5,Kg,
SPP00504,无缝钢管,SCH80S,SS,,022Cr25Ni7Mo4N,CP05T3088,ASME B36.19M,RCC-M 3,QA2,1/4",Φ13.7,M,0.8,Kg,
SPP00636,复合树脂管,4.5mm,,,环氧树脂玻璃纤维,,SY/T 6266,NA,QNCa,DN100,Φ109,M,没有标准重量,Kg,
SPP00651,无缝钢管,SCH40,SS,,20,CP05T3024,ASME B36.10M,NA,QA3,1-1/2",Φ48.3,M,4.05,Kg,
SPP00652,无缝钢管,3.58mm,SS,,20,CP05T3024,API 5L,NA,QA3,4",,M,9.78,Kg,
SPP00653,无缝钢管,SCH30,SS,,022Cr25Ni7Mo4N,CP05T3088,ASME B36.10M,RCC-M 3,QA2,2",Φ60.3,M,4.48,Kg,
SPP00654,无缝钢管,3.18mm,SS,,20,CP05T3018,ASME B36.10M,RCC-M 3,QA2,2",Φ60.3,M,4.48,Kg,
SPP00655,无缝钢管,SCH10,SS,,022Cr25Ni7Mo4N,CP05T3088,ASME B36.10M,RCC-M 3,QA2,2",Φ60.3,M,3.93,Kg,
SPP00656,无缝钢管,32mm,SS,,P280GH(LBB),CP05T3026,API 5L,RCC-M 2,QA1,32",Φ813,M,616.340208,Kg,采用LBB技术
SPP00657,无缝钢管,39mm,SS,,P280GH(LBB),CP05T3026,API 5L,RCC-M 2,QA1,32",Φ816,M,747.3174345,Kg,采用LBB技术
SPR00001,同心大小头,SCH160xSCH160,SS,BW,022Cr19Ni10,CP05T3017,ASME B16.9,RCC-M 1,QA1,1-1/2"x1/2",Φ48.3xΦ21.3,个,0.5,Kg,
SPR00002,同心大小头,SCH160xSCH160,SS,BW,022Cr19Ni10,CP05T3017,ASME B16.9,RCC-M 1,QA1,1-1/2"x3/4",Φ48.3xΦ26.7,个,0.5,Kg,
SPR00003,同心大小头,SCH160xSCH160,SS,BW,022Cr19Ni10,CP05T3017,ASME B16.9,RCC-M 1,QA1,1-1/2"x1",Φ48.3xΦ33.4,个,0.5,Kg,
SPR00004,同心大小头,SCH160xSCH160,SS,BW,022Cr19Ni10,CP05T3017,ASME B16.9,RCC-M 1,QA1,1-1/2"x1-1/4",Φ48.3xΦ42.2,个,0.5,Kg,
SPR00005,同心大小头,SCH160xSCH160,SS,BW,022Cr19Ni10,CP05T3017,ASME B16.9,RCC-M 1,QA1,2"x3/4",Φ60.3xΦ26.7,个,0.9,Kg,
SPR00006,同心大小头,SCH160xSCH160,SS,BW,022Cr19Ni10,CP05T3017,ASME B16.9,RCC-M 1,QA1,2"x1",Φ60.3xΦ33.4,个,0.9,Kg,
SPR00007,同心大小头,SCH160xSCH160,SS,BW,022Cr19Ni10,CP05T3017,ASME B16.9,RCC-M 1,QA1,2"x1-1/4",Φ60.3xΦ42.2,个,0.9,Kg,
SPR00008,同心大小头,SCH160xSCH160,SS,BW,022Cr19Ni10,CP05T3017,ASME B16.9,RCC-M 1,QA1,2"x1-1/2",Φ60.3xΦ48.3,个,0.9,Kg,
SPR00009,同心大小头,SCH160xSCH160,SS,BW,022Cr19Ni10,CP05T3017,ASME B16.9,RCC-M 1,QA1,2-1/2"x1",Φ73xΦ33.4,个,1.4,Kg,
SPR00010,同心大小头,3.18mmxSCH40,SS,BW,20,CP05T3019,ASME B16.9,RCC-M 2,QA1,2-1/2"x1",Φ73xΦ33.4,个,,Kg,
SPR00011,同心大小头,SCH10SxSCH10S,SS,BW,022Cr19Ni10,CP05T3017,ASME B16.9,RCC-M 2,QA1,2-1/2"x1",Φ73xΦ33.4,个,0.38,Kg,
SPR00012,同心大小头,SCH160xSCH160,SS,BW,022Cr19Ni10,CP05T3017,ASME B16.9,RCC-M 2,QA1,2-1/2"x1",Φ73xΦ33.4,个,1.4,Kg,
SPR00013,同心大小头,SCH160xSCH160,SS,BW,P280GH,CP05T3019,ASME B16.9,RCC-M 2,QA1,2-1/2"x1",Φ73xΦ33.4,个,1.4,Kg,
SPR00014,同心大小头,SCH40xSCH40,SS,BW,20,CP05T3019,ASME B16.9,RCC-M 2,QA1,2-1/2"x1",Φ73xΦ33.4,个,0.8,Kg,
SPR00015,同心大小头,SCH40SxSCH40S,SS,BW,022Cr19Ni10,CP05T3017,ASME B16.9,RCC-M 2,QA1,2-1/2"x1",Φ73xΦ33.4,个,0.64,Kg,
SPR00016,同心大小头,SCH80xSCH80,SS,BW,20,CP05T3019,ASME B16.9,RCC-M 2,QA1,2-1/2"x1",Φ73xΦ33.4,个,1.03,Kg,
SPR00017,同心大小头,SCH80xSCH80,SS,BW,P280GH,CP05T3019,ASME B16.9,RCC-M 2,QA1,2-1/2"x1",Φ73xΦ33.4,个,1.03,Kg,
SPR00018,同心大小头,SCH80SxSCH80S,SS,BW,022Cr19Ni10,CP05T3017,ASME B16.9,RCC-M 2,QA1,2-1/2"x1",Φ73xΦ33.4,个,0.87,Kg,
SPR00019,同心大小头,3.18mmxSCH40,SS,BW,20,CP05T3019,ASME B16.9,RCC-M 3,QA2,2-1/2"x1",Φ73xΦ33.4,个,,Kg,
SPR00020,同心大小头,SCH10SxSCH10S,SS,BW,022Cr19Ni10,CP05T3017,ASME B16.9,RCC-M 3,QA2,2-1/2"x1",Φ73xΦ33.4,个,0.38,Kg,
SPR00021,同心大小头,SCH40xSCH40,SS,BW,20,CP05T3019,ASME B16.9,RCC-M 3,QA2,2-1/2"x1",Φ73xΦ33.4,个,0.8,Kg,
SPR00022,同心大小头,SCH40SxSCH40S,SS,BW,022Cr19Ni10,CP05T3017,ASME B16.9,RCC-M 3,QA2,2-1/2"x1",Φ73xΦ33.4,个,0.64,Kg,
SPR00023,同心大小头,3.18mmxSCH40,SS,BW,20,CP05T3025,ASME B16.9,NA,QNCa,2-1/2"x1",Φ73xΦ33.4,个,0.8,Kg,
SPR00024,同心大小头,SCH10SxSCH10S,SS,BW,022Cr17Ni12Mo2,CP05T3023,ASME B16.9,NA,QNCa,2-1/2"x1",Φ73xΦ33.4,个,0.38,Kg,
SPR00025,同心大小头,SCH10SxSCH10S,SS,BW,022Cr19Ni10,CP05T3023,ASME B16.9,NA,QNCa,2-1/2"x1",Φ73xΦ33.4,个,0.375,Kg,
SPR00026,同心大小头,SCH160xSCH160,SS,BW,022Cr19Ni10,CP05T3017,ASME B16.9,RCC-M 1,QA1,2-1/2"x1-1/4",Φ73xΦ42.2,个,1.4,Kg,
SPR00027,同心大小头,3.18mmxSCH40,SS,BW,20,CP05T3019,ASME B16.9,RCC-M 2,QA1,2-1/2"x1-1/4",Φ73xΦ42.2,个,,Kg,
SPR00028,同心大小头,SCH10SxSCH10S,SS,BW,022Cr19Ni10,CP05T3017,ASME B16.9,RCC-M 2,QA1,2-1/2"x1-1/4",Φ73xΦ42.2,个,0.43,Kg,
SPR00029,同心大小头,SCH160xSCH160,SS,BW,022Cr19Ni10,CP05T3017,ASME B16.9,RCC-M 2,QA1,2-1/2"x1-1/4",Φ73xΦ42.2,个,1.4,Kg,
SPR00030,同心大小头,SCH160xSCH160,SS,BW,P280GH,CP05T3019,ASME B16.9,RCC-M 2,QA1,2-1/2"x1-1/4",Φ73xΦ42.2,个,1.4,Kg,
SPR00031,同心大小头,SCH40xSCH40,SS,BW,20,CP05T3019,ASME B16.9,RCC-M 2,QA1,2-1/2"x1-1/4",Φ73xΦ42.2,个,0.8,Kg,
SPR00032,同心大小头,SCH40SxSCH40S,SS,BW,022Cr19Ni10,CP05T3017,ASME B16.9,RCC-M 2,QA1,2-1/2"x1-1/4",Φ73xΦ42.2,个,0.73,Kg,
SPR00033,同心大小头,SCH80xSCH80,SS,BW,20,CP05T3019,ASME B16.9,RCC-M 2,QA1,2-1/2"x1-1/4",Φ73xΦ42.2,个,1.03,Kg,
SPR00034,同心大小头,SCH80xSCH80,SS,BW,P280GH,CP05T3019,ASME B16.9,RCC-M 2,QA1,2-1/2"x1-1/4",Φ73xΦ42.2,个,1.03,Kg,
SPR00035,同心大小头,SCH80SxSCH80S,SS,BW,022Cr19Ni10,CP05T3017,ASME B16.9,RCC-M 2,QA1,2-1/2"x1-1/4",Φ73xΦ42.2,个,0.9,Kg,
SPR00036,同心大小头,3.18mmxSCH40,SS,BW,20,CP05T3019,ASME B16.9,RCC-M 3,QA2,2-1/2"x1-1/4",Φ73xΦ42.2,个,,Kg,
SPR00037,同心大小头,SCH10SxSCH10S,SS,BW,022Cr19Ni10,CP05T3017,ASME B16.9,RCC-M 3,QA2,2-1/2"x1-1/4",Φ73xΦ42.2,个,0.43,Kg,
SPR00038,同心大小头,SCH40xSCH40,SS,BW,20,CP05T3019,ASME B16.9,RCC-M 3,QA2,2-1/2"x1-1/4",Φ73xΦ42.2,个,0.8,Kg,
SPR00039,同心大小头,SCH40SxSCH40S,SS,BW,022Cr19Ni10,CP05T3017,ASME B16.9,RCC-M 3,QA2,2-1/2"x1-1/4",Φ73xΦ42.2,个,0.73,Kg,
SPR00040,同心大小头,3.18mmxSCH40,SS,BW,20,CP05T3025,ASME B16.9,NA,QNCa,2-1/2"x1-1/4",Φ73xΦ42.2,个,,Kg,
SPR00041,同心大小头,SCH10SxSCH10S,SS,BW,022Cr17Ni12Mo2,CP05T3023,ASME B16.9,NA,QNCa,2-1/2"x1-1/4",Φ73xΦ42.2,个,0.43,Kg,
SPR00042,同心大小头,SCH10SxSCH10S,SS,BW,022Cr19Ni10,CP05T3023,ASME B16.9,NA,QNCa,2-1/2"x1-1/4",Φ73xΦ42.2,个,0.43,Kg,
SPR00043,同心大小头,SCH160xSCH160,SS,BW,022Cr19Ni10,CP05T3017,ASME B16.9,RCC-M 1,QA1,2-1/2"x1-1/2",Φ73xΦ48.3,个,1.4,Kg,
SPR00044,同心大小头,3.18mmxSCH40,SS,BW,20,CP05T3019,ASME B16.9,RCC-M 2,QA1,2-1/2"x1-1/2",Φ73xΦ48.3,个,0.8,Kg,
SPR00045,同心大小头,SCH10SxSCH10S,SS,BW,022Cr19Ni10,CP05T3017,ASME B16.9,RCC-M 2,QA1,2-1/2"x1-1/2",Φ73xΦ48.3,个,0.44,Kg,
SPR00046,同心大小头,SCH160xSCH160,SS,BW,022Cr19Ni10,CP05T3017,ASME B16.9,RCC-M 2,QA1,2-1/2"x1-1/2",Φ73xΦ48.3,个,1.4,Kg,
SPR00047,同心大小头,SCH160xSCH160,SS,BW,P280GH,CP05T3019,ASME B16.9,RCC-M 2,QA1,2-1/2"x1-1/2",Φ73xΦ48.3,个,1.4,Kg,
SPR00048,同心大小头,SCH40xSCH40,SS,BW,20,CP05T3019,ASME B16.9,RCC-M 2,QA1,2-1/2"x1-1/2",Φ73xΦ48.3,个,0.8,Kg,
SPR00049,同心大小头,SCH40SxSCH40S,SS,BW,022Cr19Ni10,CP05T3017,ASME B16.9,RCC-M 2,QA1,2-1/2"x1-1/2",Φ73xΦ48.3,个,0.76,Kg,
SPR00050,同心大小头,SCH80xSCH80,SS,BW,20,CP05T3019,ASME B16.9,RCC-M 2,QA1,2-1/2"x1-1/2",Φ73xΦ48.3,个,1.03,Kg,
SPR00051,同心大小头,SCH80xSCH80,SS,BW,P280GH,CP05T3019,ASME B16.9,RCC-M 2,QA1,2-1/2"x1-1/2",Φ73xΦ48.3,个,1.03,Kg,
SPR00052,同心大小头,SCH80SxSCH80S,SS,BW,022Cr19Ni10,CP05T3017,ASME B16.9,RCC-M 2,QA1,2-1/2"x1-1/2",Φ73xΦ48.3,个,0.94,Kg,
SPR00053,同心大小头,3.18mmxSCH40,SS,BW,20,CP05T3019,ASME B16.9,RCC-M 3,QA2,2-1/2"x1-1/2",Φ73xΦ48.3,个,0.8,Kg,
SPR00054,同心大小头,SCH10SxSCH10S,SS,BW,022Cr19Ni10,CP05T3017,ASME B16.9,RCC-M 3,QA2,2-1/2"x1-1/2",Φ73xΦ48.3,个,0.44,Kg,
SPR00055,同心大小头,SCH40xSCH40,SS,BW,20,CP05T3019,ASME B16.9,RCC-M 3,QA2,2-1/2"x1-1/2",Φ73xΦ48.3,个,0.8,Kg,
SPR00056,同心大小头,SCH40SxSCH40S,SS,BW,022Cr19Ni10,CP05T3017,ASME B16.9,RCC-M 3,QA2,2-1/2"x1-1/2",Φ73xΦ48.3,个,0.76,Kg,
SPR00057,同心大小头,3.18mmxSCH40,SS,BW,20,CP05T3025,ASME B16.9,NA,QNCa,2-1/2"x1-1/2",Φ73xΦ48.3,个,0.8,Kg,
SPR00058,同心大小头,SCH10SxSCH10S,SS,BW,022Cr17Ni12Mo2,CP05T3023,ASME B16.9,NA,QNCa,2-1/2"x1-1/2",Φ73xΦ48.3,个,0.44,Kg,
SPR00059,同心大小头,SCH10SxSCH10S,SS,BW,022Cr19Ni10,CP05T3023,ASME B16.9,NA,QNCa,2-1/2"x1-1/2",Φ73xΦ48.3,个,0.44,Kg,
SPR00060,同心大小头,SCH160xSCH160,SS,BW,022Cr19Ni10,CP05T3017,ASME B16.9,RCC-M 1,QA1,2-1/2"x2",Φ73xΦ60.3,个,1.4,Kg,
SPR00061,同心大小头,3.18mmx3.18mm,SS,BW,20,CP05T3019,ASME B16.9,RCC-M 2,QA1,2-1/2"x2",Φ73xΦ60.3,个,,Kg,
SPR00062,同心大小头,SCH10SxSCH10S,SS,BW,022Cr19Ni10,CP05T3017,ASME B16.9,RCC-M 2,QA1,2-1/2"x2",Φ73xΦ60.3,个,0.47,Kg,
SPR00063,同心大小头,SCH160xSCH160,SS,BW,022Cr19Ni10,CP05T3017,ASME B16.9,RCC-M 2,QA1,2-1/2"x2",Φ73xΦ60.3,个,1.4,Kg,
SPR00064,同心大小头,SCH160xSCH160,SS,BW,P280GH,CP05T3019,ASME B16.9,RCC-M 2,QA1,2-1/2"x2",Φ73xΦ60.3,个,1.4,Kg,
SPR00065,同心大小头,SCH40xSCH40,SS,BW,20,CP05T3019,ASME B16.9,RCC-M 2,QA1,2-1/2"x2",Φ73xΦ60.3,个,0.8,Kg,
SPR00066,同心大小头,SCH40SxSCH40S,SS,BW,022Cr19Ni10,CP05T3017,ASME B16.9,RCC-M 2,QA1,2-1/2"x2",Φ73xΦ60.3,个,0.8,Kg,
SPR00067,同心大小头,SCH80xSCH80,SS,BW,20,CP05T3019,ASME B16.9,RCC-M 2,QA1,2-1/2"x2",Φ73xΦ60.3,个,1.03,Kg,
SPR00068,同心大小头,SCH80xSCH80,SS,BW,P280GH,CP05T3019,ASME B16.9,RCC-M 2,QA1,2-1/2"x2",Φ73xΦ60.3,个,1.03,Kg,
SPR00069,同心大小头,SCH80SxSCH80S,SS,BW,022Cr19Ni10,CP05T3017,ASME B16.9,RCC-M 2,QA1,2-1/2"x2",Φ73xΦ60.3,个,1.05,Kg,
SPR00070,同心大小头,3.18mmx3.18mm,SS,BW,20,CP05T3019,ASME B16.9,RCC-M 3,QA2,2-1/2"x2",Φ73xΦ60.3,个,1.03,Kg,
SPR00071,同心大小头,SCH10SxSCH10S,SS,BW,022Cr19Ni10,CP05T3017,ASME B16.9,RCC-M 3,QA2,2-1/2"x2",Φ73xΦ60.3,个,0.47,Kg,
SPR00072,同心大小头,SCH40xSCH40,SS,BW,20,CP05T3019,ASME B16.9,RCC-M 3,QA2,2-1/2"x2",Φ73xΦ60.3,个,0.8,Kg,
SPR00073,同心大小头,SCH40SxSCH40S,SS,BW,022Cr19Ni10,CP05T3017,ASME B16.9,RCC-M 3,QA2,2-1/2"x2",Φ73xΦ60.3,个,0.8,Kg,
SPR00074,同心大小头,3.18mmx3.18mm,SS,BW,20,CP05T3025,ASME B16.9,NA,QNCa,2-1/2"x2",Φ73xΦ60.3,个,0.8,Kg,
SPR00075,同心大小头,SCH10SxSCH10S,SS,BW,022Cr17Ni12Mo2,CP05T3023,ASME B16.9,NA,QNCa,2-1/2"x2",Φ73xΦ60.3,个,0.47,Kg,
SPR00076,同心大小头,SCH10SxSCH10S,SS,BW,022Cr19Ni10,CP05T3023,ASME B16.9,NA,QNCa,2-1/2"x2",Φ73xΦ60.3,个,0.47,Kg,
SPR00077,同心大小头,SCH160xSCH160,SS,BW,022Cr19Ni10,CP05T3017,ASME B16.9,RCC-M 1,QA1,3"x1",Φ88.9xΦ33.4,个,,Kg,
SPR00078,同心大小头,3.18mmxSCH40,SS,BW,20,CP05T3019,ASME B16.9,RCC-M 2,QA1,3"x1",Φ88.9xΦ33.4,个,,Kg,
SPR00079,同心大小头,SCH10SxSCH10S,SS,BW,022Cr19Ni10,CP05T3017,ASME B16.9,RCC-M 2,QA1,3"x1",Φ88.9xΦ33.4,个,,Kg,
SPR00080,同心大小头,SCH160xSCH160,SS,BW,022Cr19Ni10,CP05T3017,ASME B16.9,RCC-M 2,QA1,3"x1",Φ88.9xΦ33.4,个,,Kg,
SPR00081,同心大小头,SCH160xSCH160,SS,BW,P280GH,CP05T3019,ASME B16.9,RCC-M 2,QA1,3"x1",Φ88.9xΦ33.4,个,,Kg,
SPR00082,同心大小头,SCH40xSCH40,SS,BW,20,CP05T3019,ASME B16.9,RCC-M 2,QA1,3"x1",Φ88.9xΦ33.4,个,,Kg,
SPR00083,同心大小头,SCH40SxSCH40S,SS,BW,022Cr19Ni10,CP05T3017,ASME B16.9,RCC-M 2,QA1,3"x1",Φ88.9xΦ33.4,个,,Kg,
SPR00084,同心大小头,SCH80xSCH80,SS,BW,20,CP05T3019,ASME B16.9,RCC-M 2,QA1,3"x1",Φ88.9xΦ33.4,个,,Kg,
SPR00085,同心大小头,SCH80xSCH80,SS,BW,P280GH,CP05T3019,ASME B16.9,RCC-M 2,QA1,3"x1",Φ88.9xΦ33.4,个,,Kg,
SPR00086,同心大小头,SCH80SxSCH80S,SS,BW,022Cr19Ni10,CP05T3017,ASME B16.9,RCC-M 2,QA1,3"x1",Φ88.9xΦ33.4,个,,Kg,
SPR00087,同心大小头,3.18mmxSCH40,SS,BW,20,CP05T3019,ASME B16.9,RCC-M 3,QA2,3"x1",Φ88.9xΦ33.4,个,,Kg,
SPR00088,同心大小头,SCH10SxSCH10S,SS,BW,022Cr19Ni10,CP05T3017,ASME B16.9,RCC-M 3,QA2,3"x1",Φ88.9xΦ33.4,个,,Kg,
SPR00089,同心大小头,SCH40xSCH40,SS,BW,20,CP05T3019,ASME B16.9,RCC-M 3,QA2,3"x1",Φ88.9xΦ33.4,个,,Kg,
SPR00090,同心大小头,SCH40SxSCH40S,SS,BW,022Cr19Ni10,CP05T3017,ASME B16.9,RCC-M 3,QA2,3"x1",Φ88.9xΦ33.4,个,,Kg,
SPR00091,同心大小头,3.18mmxSCH40,SS,BW,20,CP05T3025,ASME B16.9,NA,QNCa,3"x1",Φ88.9xΦ33.4,个,1,Kg,
SPR00092,同心大小头,SCH10SxSCH10S,SS,BW,022Cr17Ni12Mo2,CP05T3023,ASME B16.9,NA,QNCa,3"x1",Φ88.9xΦ33.4,个,,Kg,
SPR00093,同心大小头,SCH10SxSCH10S,SS,BW,022Cr19Ni10,CP05T3023,ASME B16.9,NA,QNCa,3"x1",Φ88.9xΦ33.4,个,,Kg,
SPR00094,同心大小头,SCH160xSCH160,SS,BW,022Cr19Ni10,CP05T3017,ASME B16.9,RCC-M 1,QA1,3"x1-1/4",Φ88.9xΦ42.2,个,2.1,Kg,
SPR00095,同心大小头,3.18mmxSCH40,SS,BW,20,CP05T3019,ASME B16.9,RCC-M 2,QA1,3"x1-1/4",Φ88.9xΦ42.2,个,,Kg,
SPR00096,同心大小头,SCH10SxSCH10S,SS,BW,022Cr19Ni10,CP05T3017,ASME B16.9,RCC-M 2,QA1,3"x1-1/4",Φ88.9xΦ42.2,个,0.47,Kg,
SPR00097,同心大小头,SCH160xSCH160,SS,BW,022Cr19Ni10,CP05T3017,ASME B16.9,RCC-M 2,QA1,3"x1-1/4",Φ88.9xΦ42.2,个,2.1,Kg,
SPR00098,同心大小头,SCH160xSCH160,SS,BW,P280GH,CP05T3019,ASME B16.9,RCC-M 2,QA1,3"x1-1/4",Φ88.9xΦ42.2,个,2.1,Kg,
SPR00099,同心大小头,SCH40xSCH40,SS,BW,20,CP05T3019,ASME B16.9,RCC-M 2,QA1,3"x1-1/4",Φ88.9xΦ42.2,个,1.05,Kg,
SPR00100,同心大小头,SCH40SxSCH40S,SS,BW,022Cr19Ni10,CP05T3017,ASME B16.9,RCC-M 2,QA1,3"x1-1/4",Φ88.9xΦ42.2,个,0.85,Kg,
SPR00101,同心大小头,SCH80xSCH80,SS,BW,20,CP05T3019,ASME B16.9,RCC-M 2,QA1,3"x1-1/4",Φ88.9xΦ42.2,个,1.42,Kg,
SPR00102,同心大小头,SCH80xSCH80,SS,BW,P280GH,CP05T3019,ASME B16.9,RCC-M 2,QA1,3"x1-1/4",Φ88.9xΦ42.2,个,1.42,Kg,
SPR00103,同心大小头,SCH80SxSCH80S,SS,BW,022Cr19Ni10,CP05T3017,ASME B16.9,RCC-M 2,QA1,3"x1-1/4",Φ88.9xΦ42.2,个,1.15,Kg,
SPR00104,同心大小头,3.18mmxSCH40,SS,BW,20,CP05T3019,ASME B16.9,RCC-M 3,QA2,3"x1-1/4",Φ88.9xΦ42.2,个,,Kg,
SPR00105,同心大小头,SCH10SxSCH10S,SS,BW,022Cr19Ni10,CP05T3017,ASME B16.9,RCC-M 3,QA2,3"x1-1/4",Φ88.9xΦ42.2,个,0.47,Kg,
SPR00106,同心大小头,SCH40xSCH40,SS,BW,20,CP05T3019,ASME B16.9,RCC-M 3,QA2,3"x1-1/4",Φ88.9xΦ42.2,个,1.05,Kg,
SPR00107,同心大小头,SCH40SxSCH40S,SS,BW,022Cr19Ni10,CP05T3017,ASME B16.9,RCC-M 3,QA2,3"x1-1/4",Φ88.9xΦ42.2,个,0.85,Kg,
SPR00108,同心大小头,3.18mmxSCH40,SS,BW,20,CP05T3025,ASME B16.9,NA,QNCa,3"x1-1/4",Φ88.9xΦ42.2,个,,Kg,
SPR00109,同心大小头,SCH10SxSCH10S,SS,BW,022Cr17Ni12Mo2,CP05T3023,ASME B16.9,NA,QNCa,3"x1-1/4",Φ88.9xΦ42.2,个,0.47,Kg,
SPR00110,同心大小头,SCH10SxSCH10S,SS,BW,022Cr19Ni10,CP05T3023,ASME B16.9,NA,QNCa,3"x1-1/4",Φ88.9xΦ42.2,个,0.47,Kg,
SPR00111,同心大小头,SCH160xSCH160,SS,BW,022Cr19Ni10,CP05T3017,ASME B16.9,RCC-M 1,QA1,3"x1-1/2",Φ88.9xΦ48.3,个,2.1,Kg,
SPR00112,同心大小头,3.18mmxSCH40,SS,BW,20,CP05T3019,ASME B16.9,RCC-M 2,QA1,3"x1-1/2",Φ88.9xΦ48.3,个,,Kg,
SPR00113,同心大小头,SCH10SxSCH10S,SS,BW,022Cr19Ni10,CP05T3017,ASME B16.9,RCC-M 2,QA1,3"x1-1/2",Φ88.9xΦ48.3,个,0.51,Kg,
SPR00114,同心大小头,SCH160xSCH160,SS,BW,022Cr19Ni10,CP05T3017,ASME B16.9,RCC-M 2,QA1,3"x1-1/2",Φ88.9xΦ48.3,个,2.1,Kg,
SPR00115,同心大小头,SCH160xSCH160,SS,BW,P280GH,CP05T3019,ASME B16.9,RCC-M 2,QA1,3"x1-1/2",Φ88.9xΦ48.3,个,2.1,Kg,
SPR00116,同心大小头,SCH40xSCH40,SS,BW,20,CP05T3019,ASME B16.9,RCC-M 2,QA1,3"x1-1/2",Φ88.9xΦ48.3,个,1.05,Kg,
SPR00117,同心大小头,SCH40SxSCH40S,SS,BW,022Cr19Ni10,CP05T3017,ASME B16.9,RCC-M 2,QA1,3"x1-1/2",Φ88.9xΦ48.3,个,0.94,Kg,
SPR00118,同心大小头,SCH80xSCH80,SS,BW,20,CP05T3019,ASME B16.9,RCC-M 2,QA1,3"x1-1/2",Φ88.9xΦ48.3,个,1.42,Kg,
SPR00119,同心大小头,SCH80xSCH80,SS,BW,P280GH,CP05T3019,ASME B16.9,RCC-M 2,QA1,3"x1-1/2",Φ88.9xΦ48.3,个,1.42,Kg,
SPR00120,同心大小头,SCH80SxSCH80S,SS,BW,022Cr19Ni10,CP05T3017,ASME B16.9,RCC-M 2,QA1,3"x1-1/2",Φ88.9xΦ48.3,个,1.2,Kg,
SPR00121,同心大小头,3.18mmxSCH40,SS,BW,20,CP05T3019,ASME B16.9,RCC-M 3,QA2,3"x1-1/2",Φ88.9xΦ48.3,个,,Kg,
SPR00122,同心大小头,SCH10SxSCH10S,SS,BW,022Cr19Ni10,CP05T3017,ASME B16.9,RCC-M 3,QA2,3"x1-1/2",Φ88.9xΦ48.3,个,0.51,Kg,
SPR00123,同心大小头,SCH40xSCH40,SS,BW,20,CP05T3019,ASME B16.9,RCC-M 3,QA2,3"x1-1/2",Φ88.9xΦ48.3,个,1.05,Kg,
SPR00124,同心大小头,SCH40SxSCH40S,SS,BW,022Cr19Ni10,CP05T3017,ASME B16.9,RCC-M 3,QA2,3"x1-1/2",Φ88.9xΦ48.3,个,0.94,Kg,
SPR00125,同心大小头,3.18mmxSCH40,SS,BW,20,CP05T3025,ASME B16.9,NA,QNCa,3"x1-1/2",Φ88.9xΦ48.3,个,1,Kg,
SPR00126,同心大小头,SCH10SxSCH10S,SS,BW,022Cr17Ni12Mo2,CP05T3023,ASME B16.9,NA,QNCa,3"x1-1/2",Φ88.9xΦ48.3,个,0.51,Kg,
SPR00127,同心大小头,SCH10SxSCH10S,SS,BW,022Cr19Ni10,CP05T3023,ASME B16.9,NA,QNCa,3"x1-1/2",Φ88.9xΦ48.3,个,0.51,Kg,
SPR00128,同心大小头,SCH160xSCH160,SS,BW,022Cr19Ni10,CP05T3017,ASME B16.9,RCC-M 1,QA1,3"x2",Φ88.9xΦ60.3,个,2.1,Kg,
SPR00129,同心大小头,3.18mmx3.18mm,SS,BW,20,CP05T3019,ASME B16.9,RCC-M 2,QA1,3"x2",Φ88.9xΦ60.3,个,,Kg,
SPR00130,同心大小头,SCH10SxSCH10S,SS,BW,022Cr19Ni10,CP05T3017,ASME B16.9,RCC-M 2,QA1,3"x2",Φ88.9xΦ60.3,个,0.55,Kg,
SPR00131,同心大小头,SCH160xSCH160,SS,BW,022Cr19Ni10,CP05T3017,ASME B16.9,RCC-M 2,QA1,3"x2",Φ88.9xΦ60.3,个,2.1,Kg,
SPR00132,同心大小头,SCH160xSCH160,SS,BW,P280GH,CP05T3019,ASME B16.9,RCC-M 2,QA1,3"x2",Φ88.9xΦ60.3,个,2.1,Kg,
SPR00133,同心大小头,SCH40xSCH40,SS,BW,20,CP05T3019,ASME B16.9,RCC-M 2,QA1,3"x2",Φ88.9xΦ60.3,个,1.05,Kg,
SPR00134,同心大小头,SCH40SxSCH40S,SS,BW,022Cr19Ni10,CP05T3017,ASME B16.9,RCC-M 2,QA1,3"x2",Φ88.9xΦ60.3,个,1,Kg,
SPR00135,同心大小头,SCH80xSCH80,SS,BW,20,CP05T3019,ASME B16.9,RCC-M 2,QA1,3"x2",Φ88.9xΦ60.3,个,1.42,Kg,
SPR00136,同心大小头,SCH80xSCH80,SS,BW,P280GH,CP05T3019,ASME B16.9,RCC-M 2,QA1,3"x2",Φ88.9xΦ60.3,个,1.42,Kg,
SPR00137,同心大小头,SCH80SxSCH80S,SS,BW,022Cr19Ni10,CP05T3017,ASME B16.9,RCC-M 2,QA1,3"x2",Φ88.9xΦ60.3,个,1.29,Kg,
SPR00138,同心大小头,3.18mmx3.18mm,SS,BW,20,CP05T3019,ASME B16.9,RCC-M 3,QA2,3"x2",Φ88.9xΦ60.3,个,1.1,Kg,
SPR00139,同心大小头,SCH10SxSCH10S,SS,BW,022Cr19Ni10,CP05T3017,ASME B16.9,RCC-M 3,QA2,3"x2",Φ88.9xΦ60.3,个,0.55,Kg,
SPR00140,同心大小头,SCH40xSCH40,SS,BW,20,CP05T3019,ASME B16.9,RCC-M 3,QA2,3"x2",Φ88.9xΦ60.3,个,1.05,Kg,
SPR00141,同心大小头,SCH40SxSCH40S,SS,BW,022Cr19Ni10,CP05T3017,ASME B16.9,RCC-M 3,QA2,3"x2",Φ88.9xΦ60.3,个,1,Kg,
SPR00142,同心大小头,3.18mmx3.18mm,SS,BW,20,CP05T3025,ASME B16.9,NA,QNCa,3"x2",Φ88.9xΦ60.3,个,1,Kg,
SPR00143,同心大小头,SCH10SxSCH10S,SS,BW,022Cr17Ni12Mo2,CP05T3023,ASME B16.9,NA,QNCa,3"x2",Φ88.9xΦ60.3,个,0.55,Kg,
SPR00144,同心大小头,SCH10SxSCH10S,SS,BW,022Cr19Ni10,CP05T3023,ASME B16.9,NA,QNCa,3"x2",Φ88.9xΦ60.3,个,0.55,Kg,
SPR00145,同心大小头,SCH160xSCH160,SS,BW,022Cr19Ni10,CP05T3017,ASME B16.9,RCC-M 1,QA1,3"x2-1/2",Φ88.9xΦ73,个,2.1,Kg,
SPR00146,同心大小头,3.18mmx3.18mm,SS,BW,20,CP05T3019,ASME B16.9,RCC-M 2,QA1,3"x2-1/2",Φ88.9xΦ73,个,1.3,Kg,
SPR00147,同心大小头,SCH10SxSCH10S,SS,BW,022Cr19Ni10,CP05T3017,ASME B16.9,RCC-M 2,QA1,3"x2-1/2",Φ88.9xΦ73,个,0.59,Kg,
SPR00148,同心大小头,SCH160xSCH160,SS,BW,022Cr19Ni10,CP05T3017,ASME B16.9,RCC-M 2,QA1,3"x2-1/2",Φ88.9xΦ73,个,2.1,Kg,
SPR00149,同心大小头,SCH160xSCH160,SS,BW,P280GH,CP05T3019,ASME B16.9,RCC-M 2,QA1,3"x2-1/2",Φ88.9xΦ73,个,2.1,Kg,
SPR00150,同心大小头,SCH40xSCH40,SS,BW,20,CP05T3019,ASME B16.9,RCC-M 2,QA1,3"x2-1/2",Φ88.9xΦ73,个,1.05,Kg,
SPR00151,同心大小头,SCH40SxSCH40S,SS,BW,022Cr19Ni10,CP05T3017,ASME B16.9,RCC-M 2,QA1,3"x2-1/2",Φ88.9xΦ73,个,1.1,Kg,
SPR00152,同心大小头,SCH80xSCH80,SS,BW,20,CP05T3019,ASME B16.9,RCC-M 2,QA1,3"x2-1/2",Φ88.9xΦ73,个,1.42,Kg,
SPR00153,同心大小头,SCH80xSCH80,SS,BW,P280GH,CP05T3019,ASME B16.9,RCC-M 2,QA1,3"x2-1/2",Φ88.9xΦ73,个,1.42,Kg,
SPR00154,同心大小头,SCH80SxSCH80S,SS,BW,022Cr19Ni10,CP05T3017,ASME B16.9,RCC-M 2,QA1,3"x2-1/2",Φ88.9xΦ73,个,1.49,Kg,
SPR00155,同心大小头,3.18mmx3.18mm,SS,BW,20,CP05T3019,ASME B16.9,RCC-M 3,QA2,3"x2-1/2",Φ88.9xΦ73,个,1.3,Kg,
SPR00156,同心大小头,SCH10SxSCH10S,SS,BW,022Cr19Ni10,CP05T3017,ASME B16.9,RCC-M 3,QA2,3"x2-1/2",Φ88.9xΦ73,个,0.59,Kg,
SPR00157,同心大小头,SCH40xSCH40,SS,BW,20,CP05T3019,ASME B16.9,RCC-M 3,QA2,3"x2-1/2",Φ88.9xΦ73,个,1.05,Kg,
SPR00158,同心大小头,SCH40SxSCH40S,SS,BW,022Cr19Ni10,CP05T3017,ASME B16.9,RCC-M 3,QA2,3"x2-1/2",Φ88.9xΦ73,个,1.1,Kg,
SPR00159,同心大小头,3.18mmx3.18mm,SS,BW,20,CP05T3025,ASME B16.9,NA,QNCa,3"x2-1/2",Φ88.9xΦ73,个,1,Kg,
SPR00160,同心大小头,SCH10SxSCH10S,SS,BW,022Cr17Ni12Mo2,CP05T3023,ASME B16.9,NA,QNCa,3"x2-1/2",Φ88.9xΦ73,个,0.59,Kg,
SPR00161,同心大小头,SCH10SxSCH10S,SS,BW,022Cr19Ni10,CP05T3023,ASME B16.9,NA,QNCa,3"x2-1/2",Φ88.9xΦ73,个,0.59,Kg,
SPR00162,同心大小头,SCH160xSCH160,SS,BW,022Cr19Ni10,CP05T3017,ASME B16.9,RCC-M 1,QA1,3-1/2"x1-1/4",Φ101.6xΦ42.2,个,3,Kg,
SPR00163,同心大小头,SCH10SxSCH10S,SS,BW,022Cr19Ni10,CP05T3017,ASME B16.9,RCC-M 2,QA1,3-1/2"x1-1/4",Φ101.6xΦ42.2,个,0.62,Kg,
SPR00164,同心大小头,SCH160xSCH160,SS,BW,022Cr19Ni10,CP05T3017,ASME B16.9,RCC-M 2,QA1,3-1/2"x1-1/4",Φ101.6xΦ42.2,个,3,Kg,
SPR00165,同心大小头,SCH160xSCH160,SS,BW,P280GH,CP05T3019,ASME B16.9,RCC-M 2,QA1,3-1/2"x1-1/4",Φ101.6xΦ42.2,个,3,Kg,
SPR00166,同心大小头,SCH40xSCH40,SS,BW,20,CP05T3019,ASME B16.9,RCC-M 2,QA1,3-1/2"x1-1/4",Φ101.6xΦ42.2,个,1.36,Kg,
SPR00167,同心大小头,SCH40SxSCH40S,SS,BW,022Cr19Ni10,CP05T3017,ASME B16.9,RCC-M 2,QA1,3-1/2"x1-1/4",Φ101.6xΦ42.2,个,1.2,Kg,
SPR00168,同心大小头,SCH80xSCH80,SS,BW,20,CP05T3019,ASME B16.9,RCC-M 2,QA1,3-1/2"x1-1/4",Φ101.6xΦ42.2,个,1.89,Kg,
SPR00169,同心大小头,SCH80xSCH80,SS,BW,P280GH,CP05T3019,ASME B16.9,RCC-M 2,QA1,3-1/2"x1-1/4",Φ101.6xΦ42.2,个,1.89,Kg,
SPR00170,同心大小头,SCH80SxSCH80S,SS,BW,022Cr19Ni10,CP05T3017,ASME B16.9,RCC-M 2,QA1,3-1/2"x1-1/4",Φ101.6xΦ42.2,个,1.6,Kg,
SPR00171,同心大小头,SCH10SxSCH10S,SS,BW,022Cr19Ni10,CP05T3017,ASME B16.9,RCC-M 3,QA2,3-1/2"x1-1/4",Φ101.6xΦ42.2,个,0.62,Kg,
SPR00172,同心大小头,SCH40xSCH40,SS,BW,20,CP05T3019,ASME B16.9,RCC-M 3,QA2,3-1/2"x1-1/4",Φ101.6xΦ42.2,个,1.36,Kg,
SPR00173,同心大小头,SCH40SxSCH40S,SS,BW,022Cr19Ni10,CP05T3017,ASME B16.9,RCC-M 3,QA2,3-1/2"x1-1/4",Φ101.6xΦ42.2,个,1.2,Kg,
SPR00174,同心大小头,SCH10SxSCH10S,SS,BW,022Cr17Ni12Mo2,CP05T3023,ASME B16.9,NA,QNCa,3-1/2"x1-1/4",Φ101.6xΦ42.2,个,0.62,Kg,
SPR00175,同心大小头,SCH10SxSCH10S,SS,BW,022Cr19Ni10,CP05T3023,ASME B16.9,NA,QNCa,3-1/2"x1-1/4",Φ101.6xΦ42.2,个,0.62,Kg,
SPR00176,同心大小头,SCH160xSCH160,SS,BW,022Cr19Ni10,CP05T3017,ASME B16.9,RCC-M 1,QA1,3-1/2"x1-1/2",Φ101.6xΦ48.3,个,3,Kg,
SPR00177,同心大小头,SCH10SxSCH10S,SS,BW,022Cr19Ni10,CP05T3017,ASME B16.9,RCC-M 2,QA1,3-1/2"x1-1/2",Φ101.6xΦ48.3,个,0.66,Kg,
SPR00178,同心大小头,SCH160xSCH160,SS,BW,022Cr19Ni10,CP05T3017,ASME B16.9,RCC-M 2,QA1,3-1/2"x1-1/2",Φ101.6xΦ48.3,个,3,Kg,
SPR00179,同心大小头,SCH160xSCH160,SS,BW,P280GH,CP05T3019,ASME B16.9,RCC-M 2,QA1,3-1/2"x1-1/2",Φ101.6xΦ48.3,个,3,Kg,
SPR00180,同心大小头,SCH40xSCH40,SS,BW,20,CP05T3019,ASME B16.9,RCC-M 2,QA1,3-1/2"x1-1/2",Φ101.6xΦ48.3,个,1.36,Kg,
SPR00181,同心大小头,SCH40SxSCH40S,SS,BW,022Cr19Ni10,CP05T3017,ASME B16.9,RCC-M 2,QA1,3-1/2"x1-1/2",Φ101.6xΦ48.3,个,1.25,Kg,
SPR00182,同心大小头,SCH80xSCH80,SS,BW,20,CP05T3019,ASME B16.9,RCC-M 2,QA1,3-1/2"x1-1/2",Φ101.6xΦ48.3,个,1.89,Kg,
SPR00183,同心大小头,SCH80xSCH80,SS,BW,P280GH,CP05T3019,ASME B16.9,RCC-M 2,QA1,3-1/2"x1-1/2",Φ101.6xΦ48.3,个,1.89,Kg,
SPR00184,同心大小头,SCH80SxSCH80S,SS,BW,022Cr19Ni10,CP05T3017,ASME B16.9,RCC-M 2,QA1,3-1/2"x1-1/2",Φ101.6xΦ48.3,个,1.65,Kg,
SPR00185,同心大小头,SCH10SxSCH10S,SS,BW,022Cr19Ni10,CP05T3017,ASME B16.9,RCC-M 3,QA2,3-1/2"x1-1/2",Φ101.6xΦ48.3,个,0.66,Kg,
SPR00186,同心大小头,SCH40xSCH40,SS,BW,20,CP05T3019,ASME B16.9,RCC-M 3,QA2,3-1/2"x1-1/2",Φ101.6xΦ48.3,个,1.36,Kg,
SPR00187,同心大小头,SCH40SxSCH40S,SS,BW,022Cr19Ni10,CP05T3017,ASME B16.9,RCC-M 3,QA2,3-1/2"x1-1/2",Φ101.6xΦ48.3,个,1.25,Kg,
SPR00188,同心大小头,SCH10SxSCH10S,SS,BW,022Cr17Ni12Mo2,CP05T3023,ASME B16.9,NA,QNCa,3-1/2"x1-1/2",Φ101.6xΦ48.3,个,0.66,Kg,
SPR00189,同心大小头,SCH10SxSCH10S,SS,BW,022Cr19Ni10,CP05T3023,ASME B16.9,NA,QNCa,3-1/2"x1-1/2",Φ101.6xΦ48.3,个,0.66,Kg,
SPR00190,同心大小头,SCH160xSCH160,SS,BW,022Cr19Ni10,CP05T3017,ASME B16.9,RCC-M 1,QA1,3-1/2"x2",Φ101.6xΦ60.3,个,3,Kg,
SPR00191,同心大小头,SCH10SxSCH10S,SS,BW,022Cr19Ni10,CP05T3017,ASME B16.9,RCC-M 2,QA1,3-1/2"x2",Φ101.6xΦ60.3,个,0.71,Kg,
SPR00192,同心大小头,SCH160xSCH160,SS,BW,022Cr19Ni10,CP05T3017,ASME B16.9,RCC-M 2,QA1,3-1/2"x2",Φ101.6xΦ60.3,个,3,Kg,
SPR00193,同心大小头,SCH160xSCH160,SS,BW,P280GH,CP05T3019,ASME B16.9,RCC-M 2,QA1,3-1/2"x2",Φ101.6xΦ60.3,个,3,Kg,
SPR00194,同心大小头,SCH40xSCH40,SS,BW,20,CP05T3019,ASME B16.9,RCC-M 2,QA1,3-1/2"x2",Φ101.6xΦ60.3,个,1.36,Kg,
SPR00195,同心大小头,SCH40SxSCH40S,SS,BW,022Cr19Ni10,CP05T3017,ASME B16.9,RCC-M 2,QA1,3-1/2"x2",Φ101.6xΦ60.3,个,1.35,Kg,
SPR00196,同心大小头,SCH80xSCH80,SS,BW,20,CP05T3019,ASME B16.9,RCC-M 2,QA1,3-1/2"x2",Φ101.6xΦ60.3,个,1.89,Kg,
SPR00197,同心大小头,SCH80xSCH80,SS,BW,P280GH,CP05T3019,ASME B16.9,RCC-M 2,QA1,3-1/2"x2",Φ101.6xΦ60.3,个,1.89,Kg,
SPR00198,同心大小头,SCH80SxSCH80S,SS,BW,022Cr19Ni10,CP05T3017,ASME B16.9,RCC-M 2,QA1,3-1/2"x2",Φ101.6xΦ60.3,个,1.75,Kg,
SPR00199,同心大小头,SCH10SxSCH10S,SS,BW,022Cr19Ni10,CP05T3017,ASME B16.9,RCC-M 3,QA2,3-1/2"x2",Φ101.6xΦ60.3,个,0.71,Kg,
SPR00200,同心大小头,SCH40xSCH40,SS,BW,20,CP05T3019,ASME B16.9,RCC-M 3,QA2,3-1/2"x2",Φ101.6xΦ60.3,个,1.36,Kg,
SPR00201,同心大小头,SCH40SxSCH40S,SS,BW,022Cr19Ni10,CP05T3017,ASME B16.9,RCC-M 3,QA2,3-1/2"x2",Φ101.6xΦ60.3,个,1.35,Kg,
SPR00202,同心大小头,SCH10SxSCH10S,SS,BW,022Cr17Ni12Mo2,CP05T3023,ASME B16.9,NA,QNCa,3-1/2"x2",Φ101.6xΦ60.3,个,0.71,Kg,
SPR00203,同心大小头,SCH10SxSCH10S,SS,BW,022Cr19Ni10,CP05T3023,ASME B16.9,NA,QNCa,3-1/2"x2",Φ101.6xΦ60.3,个,0.71,Kg,
SPR00204,同心大小头,SCH160xSCH160,SS,BW,022Cr19Ni10,CP05T3017,ASME B16.9,RCC-M 1,QA1,3-1/2"x2-1/2",Φ101.6xΦ73,个,3,Kg,
SPR00205,同心大小头,SCH10SxSCH10S,SS,BW,022Cr19Ni10,CP05T3017,ASME B16.9,RCC-M 2,QA1,3-1/2"x2-1/2",Φ101.6xΦ73,个,0.77,Kg,
SPR00206,同心大小头,SCH160xSCH160,SS,BW,022Cr19Ni10,CP05T3017,ASME B16.9,RCC-M 2,QA1,3-1/2"x2-1/2",Φ101.6xΦ73,个,3,Kg,
SPR00207,同心大小头,SCH160xSCH160,SS,BW,P280GH,CP05T3019,ASME B16.9,RCC-M 2,QA1,3-1/2"x2-1/2",Φ101.6xΦ73,个,3,Kg,
SPR00208,同心大小头,SCH40xSCH40,SS,BW,20,CP05T3019,ASME B16.9,RCC-M 2,QA1,3-1/2"x2-1/2",Φ101.6xΦ73,个,1.36,Kg,
SPR00209,同心大小头,SCH40SxSCH40S,SS,BW,022Cr19Ni10,CP05T3017,ASME B16.9,RCC-M 2,QA1,3-1/2"x2-1/2",Φ101.6xΦ73,个,1.46,Kg,
SPR00210,同心大小头,SCH80xSCH80,SS,BW,20,CP05T3019,ASME B16.9,RCC-M 2,QA1,3-1/2"x2-1/2",Φ101.6xΦ73,个,1.89,Kg,
SPR00211,同心大小头,SCH80xSCH80,SS,BW,P280GH,CP05T3019,ASME B16.9,RCC-M 2,QA1,3-1/2"x2-1/2",Φ101.6xΦ73,个,1.89,Kg,
SPR00212,同心大小头,SCH80SxSCH80S,SS,BW,022Cr19Ni10,CP05T3017,ASME B16.9,RCC-M 2,QA1,3-1/2"x2-1/2",Φ101.6xΦ73,个,1.9,Kg,
SPR00213,同心大小头,SCH10SxSCH10S,SS,BW,022Cr19Ni10,CP05T3017,ASME B16.9,RCC-M 3,QA2,3-1/2"x2-1/2",Φ101.6xΦ73,个,0.77,Kg,
SPR00214,同心大小头,SCH40xSCH40,SS,BW,20,CP05T3019,ASME B16.9,RCC-M 3,QA2,3-1/2"x2-1/2",Φ101.6xΦ73,个,1.36,Kg,
SPR00215,同心大小头,SCH40SxSCH40S,SS,BW,022Cr19Ni10,CP05T3017,ASME B16.9,RCC-M 3,QA2,3-1/2"x2-1/2",Φ101.6xΦ73,个,1.46,Kg,
SPR00216,同心大小头,SCH10SxSCH10S,SS,BW,022Cr17Ni12Mo2,CP05T3023,ASME B16.9,NA,QNCa,3-1/2"x2-1/2",Φ101.6xΦ73,个,0.77,Kg,
SPR00217,同心大小头,SCH10SxSCH10S,SS,BW,022Cr19Ni10,CP05T3023,ASME B16.9,NA,QNCa,3-1/2"x2-1/2",Φ101.6xΦ73,个,0.77,Kg,
SPR00218,同心大小头,SCH160xSCH160,SS,BW,022Cr19Ni10,CP05T3017,ASME B16.9,RCC-M 1,QA1,3-1/2"x3",Φ101.6xΦ88.9,个,3,Kg,
SPR00219,同心大小头,SCH10SxSCH10S,SS,BW,022Cr19Ni10,CP05T3017,ASME B16.9,RCC-M 2,QA1,3-1/2"x3",Φ101.6xΦ88.9,个,0.8,Kg,
SPR00220,同心大小头,SCH160xSCH160,SS,BW,022Cr19Ni10,CP05T3017,ASME B16.9,RCC-M 2,QA1,3-1/2"x3",Φ101.6xΦ88.9,个,3,Kg,
SPR00221,同心大小头,SCH160xSCH160,SS,BW,P280GH,CP05T3019,ASME B16.9,RCC-M 2,QA1,3-1/2"x3",Φ101.6xΦ88.9,个,3,Kg,
SPR00222,同心大小头,SCH40xSCH40,SS,BW,20,CP05T3019,ASME B16.9,RCC-M 2,QA1,3-1/2"x3",Φ101.6xΦ88.9,个,1.36,Kg,
SPR00223,同心大小头,SCH40SxSCH40S,SS,BW,022Cr19Ni10,CP05T3017,ASME B16.9,RCC-M 2,QA1,3-1/2"x3",Φ101.6xΦ88.9,个,1.5,Kg,
SPR00224,同心大小头,SCH80xSCH80,SS,BW,20,CP05T3019,ASME B16.9,RCC-M 2,QA1,3-1/2"x3",Φ101.6xΦ88.9,个,1.89,Kg,
SPR00225,同心大小头,SCH80xSCH80,SS,BW,P280GH,CP05T3019,ASME B16.9,RCC-M 2,QA1,3-1/2"x3",Φ101.6xΦ88.9,个,1.89,Kg,
SPR00226,同心大小头,SCH80SxSCH80S,SS,BW,022Cr19Ni10,CP05T3017,ASME B16.9,RCC-M 2,QA1,3-1/2"x3",Φ101.6xΦ88.9,个,2,Kg,
SPR00227,同心大小头,SCH10SxSCH10S,SS,BW,022Cr19Ni10,CP05T3017,ASME B16.9,RCC-M 3,QA2,3-1/2"x3",Φ101.6xΦ88.9,个,0.8,Kg,
SPR00228,同心大小头,SCH40xSCH40,SS,BW,20,CP05T3019,ASME B16.9,RCC-M 3,QA2,3-1/2"x3",Φ101.6xΦ88.9,个,1.36,Kg,
SPR00229,同心大小头,SCH40SxSCH40S,SS,BW,022Cr19Ni10,CP05T3017,ASME B16.9,RCC-M 3,QA2,3-1/2"x3",Φ101.6xΦ88.9,个,1.5,Kg,
SPR00230,同心大小头,SCH10SxSCH10S,SS,BW,022Cr17Ni12Mo2,CP05T3023,ASME B16.9,NA,QNCa,3-1/2"x3",Φ101.6xΦ88.9,个,0.8,Kg,
SPR00231,同心大小头,SCH10SxSCH10S,SS,BW,022Cr19Ni10,CP05T3023,ASME B16.9,NA,QNCa,3-1/2"x3",Φ101.6xΦ88.9,个,0.8,Kg,
SPR00232,同心大小头,SCH160xSCH160,SS,BW,022Cr19Ni10,CP05T3017,ASME B16.9,RCC-M 1,QA1,4"x1-1/2",Φ114.3xΦ48.3,个,3.7,Kg,
SPR00233,同心大小头,3.58mmxSCH40,SS,BW,20,CP05T3019,ASME B16.9,RCC-M 2,QA1,4"x1-1/2",Φ114.3xΦ48.3,个,,Kg,
SPR00234,同心大小头,SCH10SxSCH10S,SS,BW,022Cr19Ni10,CP05T3017,ASME B16.9,RCC-M 2,QA1,4"x1-1/2",Φ114.3xΦ48.3,个,0.68,Kg,
SPR00235,同心大小头,SCH160xSCH160,SS,BW,022Cr19Ni10,CP05T3017,ASME B16.9,RCC-M 2,QA1,4"x1-1/2",Φ114.3xΦ48.3,个,3.7,Kg,
SPR00236,同心大小头,SCH160xSCH160,SS,BW,P280GH,CP05T3019,ASME B16.9,RCC-M 2,QA1,4"x1-1/2",Φ114.3xΦ48.3,个,3.7,Kg,
SPR00237,同心大小头,SCH40xSCH40,SS,BW,20,CP05T3019,ASME B16.9,RCC-M 2,QA1,4"x1-1/2",Φ114.3xΦ48.3,个,1.63,Kg,
SPR00238,同心大小头,SCH40SxSCH40S,SS,BW,022Cr19Ni10,CP05T3017,ASME B16.9,RCC-M 2,QA1,4"x1-1/2",Φ114.3xΦ48.3,个,1.35,Kg,
SPR00239,同心大小头,SCH80xSCH80,SS,BW,20,CP05T3019,ASME B16.9,RCC-M 2,QA1,4"x1-1/2",Φ114.3xΦ48.3,个,2.27,Kg,
SPR00240,同心大小头,SCH80xSCH80,SS,BW,P280GH,CP05T3019,ASME B16.9,RCC-M 2,QA1,4"x1-1/2",Φ114.3xΦ48.3,个,2.27,Kg,
SPR00241,同心大小头,SCH80SxSCH80S,SS,BW,022Cr19Ni10,CP05T3017,ASME B16.9,RCC-M 2,QA1,4"x1-1/2",Φ114.3xΦ48.3,个,1.9,Kg,
SPR00242,同心大小头,3.58mmxSCH40,SS,BW,20,CP05T3019,ASME B16.9,RCC-M 3,QA2,4"x1-1/2",Φ114.3xΦ48.3,个,2.4,Kg,
SPR00243,同心大小头,SCH10SxSCH10S,SS,BW,022Cr19Ni10,CP05T3017,ASME B16.9,RCC-M 3,QA2,4"x1-1/2",Φ114.3xΦ48.3,个,0.68,Kg,
SPR00244,同心大小头,SCH40xSCH40,SS,BW,20,CP05T3019,ASME B16.9,RCC-M 3,QA2,4"x1-1/2",Φ114.3xΦ48.3,个,1.63,Kg,
SPR00245,同心大小头,SCH40SxSCH40S,SS,BW,022Cr19Ni10,CP05T3017,ASME B16.9,RCC-M 3,QA2,4"x1-1/2",Φ114.3xΦ48.3,个,1.35,Kg,
SPR00246,同心大小头,3.58mmxSCH40,SS,BW,20,CP05T3025,ASME B16.9,NA,QNCa,4"x1-1/2",Φ114.3xΦ48.3,个,2.5,Kg,
SPR00247,同心大小头,SCH10SxSCH10S,SS,BW,022Cr17Ni12Mo2,CP05T3023,ASME B16.9,NA,QNCa,4"x1-1/2",Φ114.3xΦ48.3,个,0.68,Kg,
SPR00248,同心大小头,SCH10SxSCH10S,SS,BW,022Cr19Ni10,CP05T3023,ASME B16.9,NA,QNCa,4"x1-1/2",Φ114.3xΦ48.3,个,0.68,Kg,
SPR00249,同心大小头,SCH160xSCH160,SS,BW,022Cr19Ni10,CP05T3017,ASME B16.9,RCC-M 1,QA1,4"x2",Φ114.3xΦ60.3,个,3.7,Kg,
SPR00250,同心大小头,3.58mmx3.18mm,SS,BW,20,CP05T3019,ASME B16.9,RCC-M 2,QA1,4"x2",Φ114.3xΦ60.3,个,,Kg,
SPR00251,同心大小头,SCH10SxSCH10S,SS,BW,022Cr19Ni10,CP05T3017,ASME B16.9,RCC-M 2,QA1,4"x2",Φ114.3xΦ60.3,个,0.78,Kg,
SPR00252,同心大小头,SCH160xSCH160,SS,BW,022Cr19Ni10,CP05T3017,ASME B16.9,RCC-M 2,QA1,4"x2",Φ114.3xΦ60.3,个,3.7,Kg,
SPR00253,同心大小头,SCH160xSCH160,SS,BW,P280GH,CP05T3019,ASME B16.9,RCC-M 2,QA1,4"x2",Φ114.3xΦ60.3,个,3.7,Kg,
SPR00254,同心大小头,SCH40xSCH40,SS,BW,20,CP05T3019,ASME B16.9,RCC-M 2,QA1,4"x2",Φ114.3xΦ60.3,个,1.63,Kg,
SPR00255,同心大小头,SCH40SxSCH40S,SS,BW,022Cr19Ni10,CP05T3017,ASME B16.9,RCC-M 2,QA1,4"x2",Φ114.3xΦ60.3,个,1.6,Kg,
SPR00256,同心大小头,SCH80xSCH80,SS,BW,20,CP05T3019,ASME B16.9,RCC-M 2,QA1,4"x2",Φ114.3xΦ60.3,个,2.27,Kg,
SPR00257,同心大小头,SCH80xSCH80,SS,BW,P280GH,CP05T3019,ASME B16.9,RCC-M 2,QA1,4"x2",Φ114.3xΦ60.3,个,2.27,Kg,
SPR00258,同心大小头,SCH80SxSCH80S,SS,BW,022Cr19Ni10,CP05T3017,ASME B16.9,RCC-M 2,QA1,4"x2",Φ114.3xΦ60.3,个,1.95,Kg,
SPR00259,同心大小头,3.58mmx3.18mm,SS,BW,20,CP05T3019,ASME B16.9,RCC-M 3,QA2,4"x2",Φ114.3xΦ60.3,个,2.4,Kg,
SPR00260,同心大小头,SCH10SxSCH10S,SS,BW,022Cr19Ni10,CP05T3017,ASME B16.9,RCC-M 3,QA2,4"x2",Φ114.3xΦ60.3,个,0.78,Kg,
SPR00261,同心大小头,SCH40xSCH40,SS,BW,20,CP05T3019,ASME B16.9,RCC-M 3,QA2,4"x2",Φ114.3xΦ60.3,个,1.63,Kg,
SPR00262,同心大小头,SCH40SxSCH40S,SS,BW,022Cr19Ni10,CP05T3017,ASME B16.9,RCC-M 3,QA2,4"x2",Φ114.3xΦ60.3,个,1.6,Kg,
SPR00263,同心大小头,3.58mmx3.18mm,SS,BW,20,CP05T3025,ASME B16.9,NA,QNCa,4"x2",Φ114.3xΦ60.3,个,2.5,Kg,
SPR00264,同心大小头,SCH10SxSCH10S,SS,BW,022Cr17Ni12Mo2,CP05T3023,ASME B16.9,NA,QNCa,4"x2",Φ114.3xΦ60.3,个,0.78,Kg,
SPR00265,同心大小头,SCH10SxSCH10S,SS,BW,022Cr19Ni10,CP05T3023,ASME B16.9,NA,QNCa,4"x2",Φ114.3xΦ60.3,个,0.78,Kg,
SPR00266,同心大小头,SCH160xSCH160,SS,BW,022Cr19Ni10,CP05T3017,ASME B16.9,RCC-M 1,QA1,4"x2-1/2",Φ114.3xΦ73,个,3.7,Kg,
SPR00267,同心大小头,3.58mmx3.18mm,SS,BW,20,CP05T3019,ASME B16.9,RCC-M 2,QA1,4"x2-1/2",Φ114.3xΦ73,个,,Kg,
SPR00268,同心大小头,SCH10SxSCH10S,SS,BW,022Cr19Ni10,CP05T3017,ASME B16.9,RCC-M 2,QA1,4"x2-1/2",Φ114.3xΦ73,个,0.83,Kg,
SPR00269,同心大小头,SCH160xSCH160,SS,BW,022Cr19Ni10,CP05T3017,ASME B16.9,RCC-M 2,QA1,4"x2-1/2",Φ114.3xΦ73,个,3.7,Kg,
SPR00270,同心大小头,SCH160xSCH160,SS,BW,P280GH,CP05T3019,ASME B16.9,RCC-M 2,QA1,4"x2-1/2",Φ114.3xΦ73,个,3.7,Kg,
SPR00271,同心大小头,SCH40xSCH40,SS,BW,20,CP05T3019,ASME B16.9,RCC-M 2,QA1,4"x2-1/2",Φ114.3xΦ73,个,1.63,Kg,
SPR00272,同心大小头,SCH40SxSCH40S,SS,BW,022Cr19Ni10,CP05T3017,ASME B16.9,RCC-M 2,QA1,4"x2-1/2",Φ114.3xΦ73,个,1.65,Kg,
SPR00273,同心大小头,SCH80xSCH80,SS,BW,20,CP05T3019,ASME B16.9,RCC-M 2,QA1,4"x2-1/2",Φ114.3xΦ73,个,2.27,Kg,
SPR00274,同心大小头,SCH80xSCH80,SS,BW,P280GH,CP05T3019,ASME B16.9,RCC-M 2,QA1,4"x2-1/2",Φ114.3xΦ73,个,2.27,Kg,
SPR00275,同心大小头,SCH80SxSCH80S,SS,BW,022Cr19Ni10,CP05T3017,ASME B16.9,RCC-M 2,QA1,4"x2-1/2",Φ114.3xΦ73,个,2.2,Kg,
SPR00276,同心大小头,3.58mmx3.18mm,SS,BW,20,CP05T3019,ASME B16.9,RCC-M 3,QA2,4"x2-1/2",Φ114.3xΦ73,个,2.4,Kg,
SPR00277,同心大小头,SCH10SxSCH10S,SS,BW,022Cr19Ni10,CP05T3017,ASME B16.9,RCC-M 3,QA2,4"x2-1/2",Φ114.3xΦ73,个,0.83,Kg,
SPR00278,同心大小头,SCH40xSCH40,SS,BW,20,CP05T3019,ASME B16.9,RCC-M 3,QA2,4"x2-1/2",Φ114.3xΦ73,个,1.63,Kg,
SPR00279,同心大小头,SCH40SxSCH40S,SS,BW,022Cr19Ni10,CP05T3017,ASME B16.9,RCC-M 3,QA2,4"x2-1/2",Φ114.3xΦ73,个,1.65,Kg,
SPR00280,同心大小头,3.58mmx3.18mm,SS,BW,20,CP05T3025,ASME B16.9,NA,QNCa,4"x2-1/2",Φ114.3xΦ73,个,2.5,Kg,
SPR00281,同心大小头,SCH10SxSCH10S,SS,BW,022Cr17Ni12Mo2,CP05T3023,ASME B16.9,NA,QNCa,4"x2-1/2",Φ114.3xΦ73,个,0.83,Kg,
SPR00282,同心大小头,SCH10SxSCH10S,SS,BW,022Cr19Ni10,CP05T3023,ASME B16.9,NA,QNCa,4"x2-1/2",Φ114.3xΦ73,个,0.83,Kg,
SPR00283,同心大小头,SCH160xSCH160,SS,BW,022Cr19Ni10,CP05T3017,ASME B16.9,RCC-M 1,QA1,4"x3",Φ114.3xΦ88.9,个,3.7,Kg,
SPR00284,同心大小头,3.58mmx3.18mm,SS,BW,20,CP05T3019,ASME B16.9,RCC-M 2,QA1,4"x3",Φ114.3xΦ88.9,个,,Kg,
SPR00285,同心大小头,SCH10SxSCH10S,SS,BW,022Cr19Ni10,CP05T3017,ASME B16.9,RCC-M 2,QA1,4"x3",Φ114.3xΦ88.9,个,0.87,Kg,
SPR00286,同心大小头,SCH160xSCH160,SS,BW,022Cr19Ni10,CP05T3017,ASME B16.9,RCC-M 2,QA1,4"x3",Φ114.3xΦ88.9,个,3.7,Kg,
SPR00287,同心大小头,SCH160xSCH160,SS,BW,P280GH,CP05T3019,ASME B16.9,RCC-M 2,QA1,4"x3",Φ114.3xΦ88.9,个,3.7,Kg,
SPR00288,同心大小头,SCH40xSCH40,SS,BW,20,CP05T3019,ASME B16.9,RCC-M 2,QA1,4"x3",Φ114.3xΦ88.9,个,1.63,Kg,
SPR00289,同心大小头,SCH40SxSCH40S,SS,BW,022Cr19Ni10,CP05T3017,ASME B16.9,RCC-M 2,QA1,4"x3",Φ114.3xΦ88.9,个,1.75,Kg,
SPR00290,同心大小头,SCH80xSCH80,SS,BW,20,CP05T3019,ASME B16.9,RCC-M 2,QA1,4"x3",Φ114.3xΦ88.9,个,2.27,Kg,
SPR00291,同心大小头,SCH80xSCH80,SS,BW,P280GH,CP05T3019,ASME B16.9,RCC-M 2,QA1,4"x3",Φ114.3xΦ88.9,个,2.27,Kg,
SPR00292,同心大小头,SCH80SxSCH80S,SS,BW,022Cr19Ni10,CP05T3017,ASME B16.9,RCC-M 2,QA1,4"x3",Φ114.3xΦ88.9,个,2.3,Kg,
SPR00293,同心大小头,3.58mmx3.18mm,SS,BW,20,CP05T3019,ASME B16.9,RCC-M 3,QA2,4"x3",Φ114.3xΦ88.9,个,2.4,Kg,
SPR00294,同心大小头,SCH10SxSCH10S,SS,BW,022Cr19Ni10,CP05T3017,ASME B16.9,RCC-M 3,QA2,4"x3",Φ114.3xΦ88.9,个,0.87,Kg,
SPR00295,同心大小头,SCH40xSCH40,SS,BW,20,CP05T3019,ASME B16.9,RCC-M 3,QA2,4"x3",Φ114.3xΦ88.9,个,1.63,Kg,
SPR00296,同心大小头,SCH40SxSCH40S,SS,BW,022Cr19Ni10,CP05T3017,ASME B16.9,RCC-M 3,QA2,4"x3",Φ114.3xΦ88.9,个,1.75,Kg,
SPR00297,同心大小头,3.58mmx3.18mm,SS,BW,20,CP05T3025,ASME B16.9,NA,QNCa,4"x3",Φ114.3xΦ88.9,个,2.5,Kg,
SPR00298,同心大小头,SCH10SxSCH10S,SS,BW,022Cr17Ni12Mo2,CP05T3023,ASME B16.9,NA,QNCa,4"x3",Φ114.3xΦ88.9,个,0.87,Kg,
SPR00299,同心大小头,SCH10SxSCH10S,SS,BW,022Cr19Ni10,CP05T3023,ASME B16.9,NA,QNCa,4"x3",Φ114.3xΦ88.9,个,0.87,Kg,
SPR00300,同心大小头,SCH160xSCH160,SS,BW,022Cr19Ni10,CP05T3017,ASME B16.9,RCC-M 1,QA1,4"x3-1/2",Φ114.3xΦ101.6,个,3.7,Kg,
SPR00301,同心大小头,3.58mmx3.58mm,SS,BW,20,CP05T3019,ASME B16.9,RCC-M 2,QA1,4"x3-1/2",Φ114.3xΦ101.6,个,,Kg,
SPR00302,同心大小头,SCH10SxSCH10S,SS,BW,022Cr19Ni10,CP05T3017,ASME B16.9,RCC-M 2,QA1,4"x3-1/2",Φ114.3xΦ101.6,个,0.9,Kg,
SPR00303,同心大小头,SCH160xSCH160,SS,BW,022Cr19Ni10,CP05T3017,ASME B16.9,RCC-M 2,QA1,4"x3-1/2",Φ114.3xΦ101.6,个,3.7,Kg,
SPR00304,同心大小头,SCH160xSCH160,SS,BW,P280GH,CP05T3019,ASME B16.9,RCC-M 2,QA1,4"x3-1/2",Φ114.3xΦ101.6,个,3.7,Kg,
SPR00305,同心大小头,SCH40xSCH40,SS,BW,20,CP05T3019,ASME B16.9,RCC-M 2,QA1,4"x3-1/2",Φ114.3xΦ101.6,个,1.63,Kg,
SPR00306,同心大小头,SCH40SxSCH40S,SS,BW,022Cr19Ni10,CP05T3017,ASME B16.9,RCC-M 2,QA1,4"x3-1/2",Φ114.3xΦ101.6,个,1.8,Kg,
SPR00307,同心大小头,SCH80xSCH80,SS,BW,20,CP05T3019,ASME B16.9,RCC-M 2,QA1,4"x3-1/2",Φ114.3xΦ101.6,个,2.27,Kg,
SPR00308,同心大小头,SCH80xSCH80,SS,BW,P280GH,CP05T3019,ASME B16.9,RCC-M 2,QA1,4"x3-1/2",Φ114.3xΦ101.6,个,2.27,Kg,
SPR00309,同心大小头,SCH80SxSCH80S,SS,BW,022Cr19Ni10,CP05T3017,ASME B16.9,RCC-M 2,QA1,4"x3-1/2",Φ114.3xΦ101.6,个,2.4,Kg,
SPR00310,同心大小头,3.58mmx3.58mm,SS,BW,20,CP05T3019,ASME B16.9,RCC-M 3,QA2,4"x3-1/2",Φ114.3xΦ101.6,个,,Kg,
SPR00311,同心大小头,SCH10SxSCH10S,SS,BW,022Cr19Ni10,CP05T3017,ASME B16.9,RCC-M 3,QA2,4"x3-1/2",Φ114.3xΦ101.6,个,0.9,Kg,
SPR00312,同心大小头,SCH40xSCH40,SS,BW,20,CP05T3019,ASME B16.9,RCC-M 3,QA2,4"x3-1/2",Φ114.3xΦ101.6,个,1.63,Kg,
SPR00313,同心大小头,SCH40SxSCH40S,SS,BW,022Cr19Ni10,CP05T3017,ASME B16.9,RCC-M 3,QA2,4"x3-1/2",Φ114.3xΦ101.6,个,1.8,Kg,
SPR00314,同心大小头,3.58mmx3.58mm,SS,BW,20,CP05T3025,ASME B16.9,NA,QNCa,4"x3-1/2",Φ114.3xΦ101.6,个,,Kg,
SPR00315,同心大小头,SCH10SxSCH10S,SS,BW,022Cr17Ni12Mo2,CP05T3023,ASME B16.9,NA,QNCa,4"x3-1/2",Φ114.3xΦ101.6,个,0.9,Kg,
SPR00316,同心大小头,SCH10SxSCH10S,SS,BW,022Cr19Ni10,CP05T3023,ASME B16.9,NA,QNCa,4"x3-1/2",Φ114.3xΦ101.6,个,0.9,Kg,
SPR00317,同心大小头,SCH160xSCH160,SS,BW,022Cr19Ni10,CP05T3017,ASME B16.9,RCC-M 1,QA1,5"x2",Φ141.3xΦ60.3,个,6.8,Kg,
SPR00318,同心大小头,SCH10SxSCH10S,SS,BW,022Cr19Ni10,CP05T3017,ASME B16.9,RCC-M 2,QA1,5"x2",Φ141.3xΦ60.3,个,1.3,Kg,
SPR00319,同心大小头,SCH160xSCH160,SS,BW,022Cr19Ni10,CP05T3017,ASME B16.9,RCC-M 2,QA1,5"x2",Φ141.3xΦ60.3,个,6.8,Kg,
SPR00320,同心大小头,SCH160xSCH160,SS,BW,P280GH,CP05T3019,ASME B16.9,RCC-M 2,QA1,5"x2",Φ141.3xΦ60.3,个,6.8,Kg,
SPR00321,同心大小头,SCH40xSCH40,SS,BW,20,CP05T3019,ASME B16.9,RCC-M 2,QA1,5"x2",Φ141.3xΦ60.3,个,2.77,Kg,
SPR00322,同心大小头,SCH40SxSCH40S,SS,BW,022Cr19Ni10,CP05T3017,ASME B16.9,RCC-M 2,QA1,5"x2",Φ141.3xΦ60.3,个,2.5,Kg,
SPR00323,同心大小头,SCH80xSCH80,SS,BW,20,CP05T3019,ASME B16.9,RCC-M 2,QA1,5"x2",Φ141.3xΦ60.3,个,3.93,Kg,
SPR00324,同心大小头,SCH80SxSCH80S,SS,BW,022Cr19Ni10,CP05T3017,ASME B16.9,RCC-M 2,QA1,5"x2",Φ141.3xΦ60.3,个,3.3,Kg,
SPR00325,同心大小头,SCH10SxSCH10S,SS,BW,022Cr19Ni10,CP05T3017,ASME B16.9,RCC-M 3,QA2,5"x2",Φ141.3xΦ60.3,个,1.3,Kg,
SPR00326,同心大小头,SCH40xSCH40,SS,BW,20,CP05T3019,ASME B16.9,RCC-M 3,QA2,5"x2",Φ141.3xΦ60.3,个,2.77,Kg,
SPR00327,同心大小头,SCH40SxSCH40S,SS,BW,022Cr19Ni10,CP05T3017,ASME B16.9,RCC-M 3,QA2,5"x2",Φ141.3xΦ60.3,个,2.5,Kg,
SPR00328,同心大小头,SCH10SxSCH10S,SS,BW,022Cr17Ni12Mo2,CP05T3023,ASME B16.9,NA,QNCa,5"x2",Φ141.3xΦ60.3,个,1.3,Kg,
SPR00329,同心大小头,SCH10SxSCH10S,SS,BW,022Cr19Ni10,CP05T3023,ASME B16.9,NA,QNCa,5"x2",Φ141.3xΦ60.3,个,1.3,Kg,
SPR00330,同心大小头,SCH160xSCH160,SS,BW,022Cr19Ni10,CP05T3017,ASME B16.9,RCC-M 1,QA1,5"x2-1/2",Φ141.3xΦ73,个,6.8,Kg,
SPR00331,同心大小头,SCH10SxSCH10S,SS,BW,022Cr19Ni10,CP05T3017,ASME B16.9,RCC-M 2,QA1,5"x2-1/2",Φ141.3xΦ73,个,1.4,Kg,
SPR00332,同心大小头,SCH160xSCH160,SS,BW,022Cr19Ni10,CP05T3017,ASME B16.9,RCC-M 2,QA1,5"x2-1/2",Φ141.3xΦ73,个,6.8,Kg,
SPR00333,同心大小头,SCH160xSCH160,SS,BW,P280GH,CP05T3019,ASME B16.9,RCC-M 2,QA1,5"x2-1/2",Φ141.3xΦ73,个,6.8,Kg,
SPR00334,同心大小头,SCH40xSCH40,SS,BW,20,CP05T3019,ASME B16.9,RCC-M 2,QA1,5"x2-1/2",Φ141.3xΦ73,个,2.77,Kg,
SPR00335,同心大小头,SCH40SxSCH40S,SS,BW,022Cr19Ni10,CP05T3017,ASME B16.9,RCC-M 2,QA1,5"x2-1/2",Φ141.3xΦ73,个,2.7,Kg,
SPR00336,同心大小头,SCH80xSCH80,SS,BW,20,CP05T3019,ASME B16.9,RCC-M 2,QA1,5"x2-1/2",Φ141.3xΦ73,个,3.93,Kg,
SPR00337,同心大小头,SCH80SxSCH80S,SS,BW,022Cr19Ni10,CP05T3017,ASME B16.9,RCC-M 2,QA1,5"x2-1/2",Φ141.3xΦ73,个,3.6,Kg,
SPR00338,同心大小头,SCH10SxSCH10S,SS,BW,022Cr19Ni10,CP05T3017,ASME B16.9,RCC-M 3,QA2,5"x2-1/2",Φ141.3xΦ73,个,1.4,Kg,
SPR00339,同心大小头,SCH40xSCH40,SS,BW,20,CP05T3019,ASME B16.9,RCC-M 3,QA2,5"x2-1/2",Φ141.3xΦ73,个,2.77,Kg,
SPR00340,同心大小头,SCH40SxSCH40S,SS,BW,022Cr19Ni10,CP05T3017,ASME B16.9,RCC-M 3,QA2,5"x2-1/2",Φ141.3xΦ73,个,2.7,Kg,
SPR00341,同心大小头,SCH10SxSCH10S,SS,BW,022Cr17Ni12Mo2,CP05T3023,ASME B16.9,NA,QNCa,5"x2-1/2",Φ141.3xΦ73,个,1.4,Kg,
SPR00342,同心大小头,SCH10SxSCH10S,SS,BW,022Cr19Ni10,CP05T3023,ASME B16.9,NA,QNCa,5"x2-1/2",Φ141.3xΦ73,个,1.4,Kg,
SPR00343,同心大小头,SCH160xSCH160,SS,BW,022Cr19Ni10,CP05T3017,ASME B16.9,RCC-M 1,QA1,5"x3",Φ141.3xΦ88.9,个,6.8,Kg,
SPR00344,同心大小头,SCH10SxSCH10S,SS,BW,022Cr19Ni10,CP05T3017,ASME B16.9,RCC-M 2,QA1,5"x3",Φ141.3xΦ88.9,个,1.45,Kg,
SPR00345,同心大小头,SCH160xSCH160,SS,BW,022Cr19Ni10,CP05T3017,ASME B16.9,RCC-M 2,QA1,5"x3",Φ141.3xΦ88.9,个,6.8,Kg,
SPR00346,同心大小头,SCH160xSCH160,SS,BW,P280GH,CP05T3019,ASME B16.9,RCC-M 2,QA1,5"x3",Φ141.3xΦ88.9,个,6.8,Kg,
SPR00347,同心大小头,SCH40xSCH40,SS,BW,20,CP05T3019,ASME B16.9,RCC-M 2,QA1,5"x3",Φ141.3xΦ88.9,个,2.77,Kg,
SPR00348,同心大小头,SCH40SxSCH40S,SS,BW,022Cr19Ni10,CP05T3017,ASME B16.9,RCC-M 2,QA1,5"x3",Φ141.3xΦ88.9,个,2.8,Kg,
SPR00349,同心大小头,SCH80xSCH80,SS,BW,20,CP05T3019,ASME B16.9,RCC-M 2,QA1,5"x3",Φ141.3xΦ88.9,个,3.93,Kg,
SPR00350,同心大小头,SCH80SxSCH80S,SS,BW,022Cr19Ni10,CP05T3017,ASME B16.9,RCC-M 2,QA1,5"x3",Φ141.3xΦ88.9,个,3.9,Kg,
SPR00351,同心大小头,SCH10SxSCH10S,SS,BW,022Cr19Ni10,CP05T3017,ASME B16.9,RCC-M 3,QA2,5"x3",Φ141.3xΦ88.9,个,1.45,Kg,
SPR00352,同心大小头,SCH40xSCH40,SS,BW,20,CP05T3019,ASME B16.9,RCC-M 3,QA2,5"x3",Φ141.3xΦ88.9,个,2.77,Kg,
SPR00353,同心大小头,SCH40SxSCH40S,SS,BW,022Cr19Ni10,CP05T3017,ASME B16.9,RCC-M 3,QA2,5"x3",Φ141.3xΦ88.9,个,2.8,Kg,
SPR00354,同心大小头,SCH10SxSCH10S,SS,BW,022Cr17Ni12Mo2,CP05T3023,ASME B16.9,NA,QNCa,5"x3",Φ141.3xΦ88.9,个,1.45,Kg,
SPR00355,同心大小头,SCH10SxSCH10S,SS,BW,022Cr19Ni10,CP05T3023,ASME B16.9,NA,QNCa,5"x3",Φ141.3xΦ88.9,个,1.45,Kg,
SPR00356,同心大小头,SCH160xSCH160,SS,BW,022Cr19Ni10,CP05T3017,ASME B16.9,RCC-M 1,QA1,5"x3-1/2",Φ141.3xΦ101.6,个,,Kg,
SPR00357,同心大小头,SCH10SxSCH10S,SS,BW,022Cr19Ni10,CP05T3017,ASME B16.9,RCC-M 2,QA1,5"x3-1/2",Φ141.3xΦ101.6,个,1.48,Kg,
SPR00358,同心大小头,SCH160xSCH160,SS,BW,022Cr19Ni10,CP05T3017,ASME B16.9,RCC-M 2,QA1,5"x3-1/2",Φ141.3xΦ101.6,个,,Kg,
SPR00359,同心大小头,SCH160xSCH160,SS,BW,P280GH,CP05T3019,ASME B16.9,RCC-M 2,QA1,5"x3-1/2",Φ141.3xΦ101.6,个,,Kg,
SPR00360,同心大小头,SCH40xSCH40,SS,BW,20,CP05T3019,ASME B16.9,RCC-M 2,QA1,5"x3-1/2",Φ141.3xΦ101.6,个,2.8,Kg,
SPR00361,同心大小头,SCH40SxSCH40S,SS,BW,022Cr19Ni10,CP05T3017,ASME B16.9,RCC-M 2,QA1,5"x3-1/2",Φ141.3xΦ101.6,个,2.9,Kg,
SPR00362,同心大小头,SCH80xSCH80,SS,BW,20,CP05T3019,ASME B16.9,RCC-M 2,QA1,5"x3-1/2",Φ141.3xΦ101.6,个,3.93,Kg,
SPR00363,同心大小头,SCH80SxSCH80S,SS,BW,022Cr19Ni10,CP05T3017,ASME B16.9,RCC-M 2,QA1,5"x3-1/2",Φ141.3xΦ101.6,个,4,Kg,
SPR00364,同心大小头,SCH10SxSCH10S,SS,BW,022Cr19Ni10,CP05T3017,ASME B16.9,RCC-M 3,QA2,5"x3-1/2",Φ141.3xΦ101.6,个,1.48,Kg,
SPR00365,同心大小头,SCH40xSCH40,SS,BW,20,CP05T3019,ASME B16.9,RCC-M 3,QA2,5"x3-1/2",Φ141.3xΦ101.6,个,2.8,Kg,
SPR00366,同心大小头,SCH40SxSCH40S,SS,BW,022Cr19Ni10,CP05T3017,ASME B16.9,RCC-M 3,QA2,5"x3-1/2",Φ141.3xΦ101.6,个,2.9,Kg,
SPR00367,同心大小头,SCH10SxSCH10S,SS,BW,022Cr17Ni12Mo2,CP05T3023,ASME B16.9,NA,QNCa,5"x3-1/2",Φ141.3xΦ101.6,个,1.48,Kg,
SPR00368,同心大小头,SCH10SxSCH10S,SS,BW,022Cr19Ni10,CP05T3023,ASME B16.9,NA,QNCa,5"x3-1/2",Φ141.3xΦ101.6,个,1.48,Kg,
SPR00369,同心大小头,SCH160xSCH160,SS,BW,022Cr19Ni10,CP05T3017,ASME B16.9,RCC-M 1,QA1,5"x4",Φ141.3xΦ114.3,个,6.8,Kg,
SPR00370,同心大小头,SCH10SxSCH10S,SS,BW,022Cr19Ni10,CP05T3017,ASME B16.9,RCC-M 2,QA1,5"x4",Φ141.3xΦ114.3,个,1.5,Kg,
SPR00371,同心大小头,SCH160xSCH160,SS,BW,022Cr19Ni10,CP05T3017,ASME B16.9,RCC-M 2,QA1,5"x4",Φ141.3xΦ114.3,个,6.8,Kg,
SPR00372,同心大小头,SCH160xSCH160,SS,BW,P280GH,CP05T3019,ASME B16.9,RCC-M 2,QA1,5"x4",Φ141.3xΦ114.3,个,6.8,Kg,
SPR00373,同心大小头,SCH40xSCH40,SS,BW,20,CP05T3019,ASME B16.9,RCC-M 2,QA1,5"x4",Φ141.3xΦ114.3,个,2.77,Kg,
SPR00374,同心大小头,SCH40SxSCH40S,SS,BW,022Cr19Ni10,CP05T3017,ASME B16.9,RCC-M 2,QA1,5"x4",Φ141.3xΦ114.3,个,3,Kg,
SPR00375,同心大小头,SCH80xSCH80,SS,BW,20,CP05T3019,ASME B16.9,RCC-M 2,QA1,5"x4",Φ141.3xΦ114.3,个,3.93,Kg,
SPR00376,同心大小头,SCH80SxSCH80S,SS,BW,022Cr19Ni10,CP05T3017,ASME B16.9,RCC-M 2,QA1,5"x4",Φ141.3xΦ114.3,个,4.1,Kg,
SPR00377,同心大小头,SCH10SxSCH10S,SS,BW,022Cr19Ni10,CP05T3017,ASME B16.9,RCC-M 3,QA2,5"x4",Φ141.3xΦ114.3,个,1.5,Kg,
SPR00378,同心大小头,SCH40xSCH40,SS,BW,20,CP05T3019,ASME B16.9,RCC-M 3,QA2,5"x4",Φ141.3xΦ114.3,个,2.77,Kg,
SPR00379,同心大小头,SCH40SxSCH40S,SS,BW,022Cr19Ni10,CP05T3017,ASME B16.9,RCC-M 3,QA2,5"x4",Φ141.3xΦ114.3,个,3,Kg,
SPR00380,同心大小头,SCH10SxSCH10S,SS,BW,022Cr17Ni12Mo2,CP05T3023,ASME B16.9,NA,QNCa,5"x4",Φ141.3xΦ114.3,个,1.5,Kg,
SPR00381,同心大小头,SCH10SxSCH10S,SS,BW,022Cr19Ni10,CP05T3023,ASME B16.9,NA,QNCa,5"x4",Φ141.3xΦ114.3,个,1.5,Kg,
SPR00382,同心大小头,SCH160xSCH160,SS,BW,022Cr19Ni10,CP05T3017,ASME B16.9,RCC-M 1,QA1,6"x2",Φ168.3xΦ60.3,个,,Kg,
SPR00383,同心大小头,4.37mmx3.18mm,SS,BW,20,CP05T3019,ASME B16.9,RCC-M 2,QA1,6"x2",Φ168.3xΦ60.3,个,,Kg,
SPR00384,同心大小头,SCH10SxSCH10S,SS,BW,022Cr19Ni10,CP05T3017,ASME B16.9,RCC-M 2,QA1,6"x2",Φ168.3xΦ60.3,个,,Kg,
SPR00385,同心大小头,SCH120xSCH80,SS,BW,P280GH,CP05T3019,ASME B16.9,RCC-M 2,QA1,6"x2",Φ168.3xΦ60.3,个,,Kg,
SPR00386,同心大小头,SCH160xSCH160,SS,BW,022Cr19Ni10,CP05T3017,ASME B16.9,RCC-M 2,QA1,6"x2",Φ168.3xΦ60.3,个,,Kg,
SPR00387,同心大小头,SCH160xSCH160,SS,BW,P280GH,CP05T3019,ASME B16.9,RCC-M 2,QA1,6"x2",Φ168.3xΦ60.3,个,,Kg,
SPR00388,同心大小头,SCH40xSCH40,SS,BW,20,CP05T3019,ASME B16.9,RCC-M 2,QA1,6"x2",Φ168.3xΦ60.3,个,,Kg,
SPR00389,同心大小头,SCH40SxSCH40S,SS,BW,022Cr19Ni10,CP05T3017,ASME B16.9,RCC-M 2,QA1,6"x2",Φ168.3xΦ60.3,个,,Kg,
SPR00390,同心大小头,SCH80xSCH80,SS,BW,20,CP05T3019,ASME B16.9,RCC-M 2,QA1,6"x2",Φ168.3xΦ60.3,个,,Kg,
SPR00391,同心大小头,SCH80SxSCH80S,SS,BW,022Cr19Ni10,CP05T3017,ASME B16.9,RCC-M 2,QA1,6"x2",Φ168.3xΦ60.3,个,,Kg,
SPR00392,同心大小头,4.37mmx3.18mm,SS,BW,20,CP05T3019,ASME B16.9,RCC-M 3,QA2,6"x2",Φ168.3xΦ60.3,个,,Kg,
SPR00393,同心大小头,SCH10SxSCH10S,SS,BW,022Cr19Ni10,CP05T3017,ASME B16.9,RCC-M 3,QA2,6"x2",Φ168.3xΦ60.3,个,,Kg,
SPR00394,同心大小头,SCH40xSCH40,SS,BW,20,CP05T3019,ASME B16.9,RCC-M 3,QA2,6"x2",Φ168.3xΦ60.3,个,,Kg,
SPR00395,同心大小头,SCH40SxSCH40S,SS,BW,022Cr19Ni10,CP05T3017,ASME B16.9,RCC-M 3,QA2,6"x2",Φ168.3xΦ60.3,个,,Kg,
SPR00396,同心大小头,4.37mmx3.18mm,SS,BW,20,CP05T3025,ASME B16.9,NA,QNCa,6"x2",Φ168.3xΦ60.3,个,,Kg,
SPR00397,同心大小头,SCH10SxSCH10S,SS,BW,022Cr17Ni12Mo2,CP05T3023,ASME B16.9,NA,QNCa,6"x2",Φ168.3xΦ60.3,个,,Kg,
SPR00398,同心大小头,SCH10SxSCH10S,SS,BW,022Cr19Ni10,CP05T3023,ASME B16.9,NA,QNCa,6"x2",Φ168.3xΦ60.3,个,,Kg,
SPR00399,同心大小头,SCH160xSCH160,SS,BW,022Cr19Ni10,CP05T3017,ASME B16.9,RCC-M 1,QA1,6"x2-1/2",Φ168.3xΦ73,个,10.4,Kg,
SPR00400,同心大小头,4.37mmx3.18mm,SS,BW,20,CP05T3019,ASME B16.9,RCC-M 2,QA1,6"x2-1/2",Φ168.3xΦ73,个,,Kg,
SPR00401,同心大小头,SCH10SxSCH10S,SS,BW,022Cr19Ni10,CP05T3017,ASME B16.9,RCC-M 2,QA1,6"x2-1/2",Φ168.3xΦ73,个,1.55,Kg,
SPR00402,同心大小头,SCH120xSCH80,SS,BW,P280GH,CP05T3019,ASME B16.9,RCC-M 2,QA1,6"x2-1/2",Φ168.3xΦ73,个,8.4,Kg,
SPR00403,同心大小头,SCH160xSCH160,SS,BW,022Cr19Ni10,CP05T3017,ASME B16.9,RCC-M 2,QA1,6"x2-1/2",Φ168.3xΦ73,个,10.4,Kg,
SPR00404,同心大小头,SCH160xSCH160,SS,BW,P280GH,CP05T3019,ASME B16.9,RCC-M 2,QA1,6"x2-1/2",Φ168.3xΦ73,个,10.4,Kg,
SPR00405,同心大小头,SCH40xSCH40,SS,BW,20,CP05T3019,ASME B16.9,RCC-M 2,QA1,6"x2-1/2",Φ168.3xΦ73,个,3.96,Kg,
SPR00406,同心大小头,SCH40SxSCH40S,SS,BW,022Cr19Ni10,CP05T3017,ASME B16.9,RCC-M 2,QA1,6"x2-1/2",Φ168.3xΦ73,个,3.8,Kg,
SPR00407,同心大小头,SCH80xSCH80,SS,BW,20,CP05T3019,ASME B16.9,RCC-M 2,QA1,6"x2-1/2",Φ168.3xΦ73,个,5.95,Kg,
SPR00408,同心大小头,SCH80SxSCH80S,SS,BW,022Cr19Ni10,CP05T3017,ASME B16.9,RCC-M 2,QA1,6"x2-1/2",Φ168.3xΦ73,个,4.9,Kg,
SPR00409,同心大小头,4.37mmx3.18mm,SS,BW,20,CP05T3019,ASME B16.9,RCC-M 3,QA2,6"x2-1/2",Φ168.3xΦ73,个,4.5,Kg,
SPR00410,同心大小头,SCH10SxSCH10S,SS,BW,022Cr19Ni10,CP05T3017,ASME B16.9,RCC-M 3,QA2,6"x2-1/2",Φ168.3xΦ73,个,1.55,Kg,
SPR00411,同心大小头,SCH40xSCH40,SS,BW,20,CP05T3019,ASME B16.9,RCC-M 3,QA2,6"x2-1/2",Φ168.3xΦ73,个,3.96,Kg,
SPR00412,同心大小头,SCH40SxSCH40S,SS,BW,022Cr19Ni10,CP05T3017,ASME B16.9,RCC-M 3,QA2,6"x2-1/2",Φ168.3xΦ73,个,3.8,Kg,
SPR00413,同心大小头,4.37mmx3.18mm,SS,BW,20,CP05T3025,ASME B16.9,NA,QNCa,6"x2-1/2",Φ168.3xΦ73,个,,Kg,
SPR00414,同心大小头,SCH10SxSCH10S,SS,BW,022Cr17Ni12Mo2,CP05T3023,ASME B16.9,NA,QNCa,6"x2-1/2",Φ168.3xΦ73,个,1.55,Kg,
SPR00415,同心大小头,SCH10SxSCH10S,SS,BW,022Cr19Ni10,CP05T3023,ASME B16.9,NA,QNCa,6"x2-1/2",Φ168.3xΦ73,个,1.55,Kg,
SPR00416,同心大小头,SCH160xSCH160,SS,BW,022Cr19Ni10,CP05T3017,ASME B16.9,RCC-M 1,QA1,6"x3",Φ168.3xΦ88.9,个,10.4,Kg,
SPR00417,同心大小头,4.37mmx3.18mm,SS,BW,20,CP05T3019,ASME B16.9,RCC-M 2,QA1,6"x3",Φ168.3xΦ88.9,个,,Kg,
SPR00418,同心大小头,SCH10SxSCH10S,SS,BW,022Cr19Ni10,CP05T3017,ASME B16.9,RCC-M 2,QA1,6"x3",Φ168.3xΦ88.9,个,1.8,Kg,
SPR00419,同心大小头,SCH120xSCH80,SS,BW,P280GH,CP05T3019,ASME B16.9,RCC-M 2,QA1,6"x3",Φ168.3xΦ88.9,个,8.4,Kg,
SPR00420,同心大小头,SCH160xSCH160,SS,BW,022Cr19Ni10,CP05T3017,ASME B16.9,RCC-M 2,QA1,6"x3",Φ168.3xΦ88.9,个,10.4,Kg,
SPR00421,同心大小头,SCH160xSCH160,SS,BW,P280GH,CP05T3019,ASME B16.9,RCC-M 2,QA1,6"x3",Φ168.3xΦ88.9,个,10.4,Kg,
SPR00422,同心大小头,SCH40xSCH40,SS,BW,20,CP05T3019,ASME B16.9,RCC-M 2,QA1,6"x3",Φ168.3xΦ88.9,个,3.96,Kg,
SPR00423,同心大小头,SCH40SxSCH40S,SS,BW,022Cr19Ni10,CP05T3017,ASME B16.9,RCC-M 2,QA1,6"x3",Φ168.3xΦ88.9,个,4,Kg,
SPR00424,同心大小头,SCH80xSCH80,SS,BW,20,CP05T3019,ASME B16.9,RCC-M 2,QA1,6"x3",Φ168.3xΦ88.9,个,5.95,Kg,
SPR00425,同心大小头,SCH80SxSCH80S,SS,BW,022Cr19Ni10,CP05T3017,ASME B16.9,RCC-M 2,QA1,6"x3",Φ168.3xΦ88.9,个,5.5,Kg,
SPR00426,同心大小头,4.37mmx3.18mm,SS,BW,20,CP05T3019,ASME B16.9,RCC-M 3,QA2,6"x3",Φ168.3xΦ88.9,个,4.5,Kg,
SPR00427,同心大小头,SCH10SxSCH10S,SS,BW,022Cr19Ni10,CP05T3017,ASME B16.9,RCC-M 3,QA2,6"x3",Φ168.3xΦ88.9,个,1.8,Kg,
SPR00428,同心大小头,SCH40xSCH40,SS,BW,20,CP05T3019,ASME B16.9,RCC-M 3,QA2,6"x3",Φ168.3xΦ88.9,个,3.96,Kg,
SPR00429,同心大小头,SCH40SxSCH40S,SS,BW,022Cr19Ni10,CP05T3017,ASME B16.9,RCC-M 3,QA2,6"x3",Φ168.3xΦ88.9,个,4,Kg,
SPR00430,同心大小头,4.37mmx3.18mm,SS,BW,20,CP05T3025,ASME B16.9,NA,QNCa,6"x3",Φ168.3xΦ88.9,个,3.9,Kg,
SPR00431,同心大小头,SCH10SxSCH10S,SS,BW,022Cr17Ni12Mo2,CP05T3023,ASME B16.9,NA,QNCa,6"x3",Φ168.3xΦ88.9,个,1.8,Kg,
SPR00432,同心大小头,SCH10SxSCH10S,SS,BW,022Cr19Ni10,CP05T3023,ASME B16.9,NA,QNCa,6"x3",Φ168.3xΦ88.9,个,1.8,Kg,
SPR00433,同心大小头,SCH160xSCH160,SS,BW,022Cr19Ni10,CP05T3017,ASME B16.9,RCC-M 1,QA1,6"x3-1/2",Φ168.3xΦ101.6,个,10.4,Kg,
SPR00434,同心大小头,4.37mmx3.58mm,SS,BW,20,CP05T3019,ASME B16.9,RCC-M 2,QA1,6"x3-1/2",Φ168.3xΦ101.6,个,,Kg,
SPR00435,同心大小头,SCH10SxSCH10S,SS,BW,022Cr19Ni10,CP05T3017,ASME B16.9,RCC-M 2,QA1,6"x3-1/2",Φ168.3xΦ101.6,个,1.9,Kg,
SPR00436,同心大小头,SCH120xSCH80,SS,BW,P280GH,CP05T3019,ASME B16.9,RCC-M 2,QA1,6"x3-1/2",Φ168.3xΦ101.6,个,8.4,Kg,
SPR00437,同心大小头,SCH160xSCH160,SS,BW,022Cr19Ni10,CP05T3017,ASME B16.9,RCC-M 2,QA1,6"x3-1/2",Φ168.3xΦ101.6,个,10.4,Kg,
SPR00438,同心大小头,SCH160xSCH160,SS,BW,P280GH,CP05T3019,ASME B16.9,RCC-M 2,QA1,6"x3-1/2",Φ168.3xΦ101.6,个,10.4,Kg,
SPR00439,同心大小头,SCH40xSCH40,SS,BW,20,CP05T3019,ASME B16.9,RCC-M 2,QA1,6"x3-1/2",Φ168.3xΦ101.6,个,3.96,Kg,
SPR00440,同心大小头,SCH40SxSCH40S,SS,BW,022Cr19Ni10,CP05T3017,ASME B16.9,RCC-M 2,QA1,6"x3-1/2",Φ168.3xΦ101.6,个,4.05,Kg,
SPR00441,同心大小头,SCH80xSCH80,SS,BW,20,CP05T3019,ASME B16.9,RCC-M 2,QA1,6"x3-1/2",Φ168.3xΦ101.6,个,5.95,Kg,
SPR00442,同心大小头,SCH80SxSCH80S,SS,BW,022Cr19Ni10,CP05T3017,ASME B16.9,RCC-M 2,QA1,6"x3-1/2",Φ168.3xΦ101.6,个,5.75,Kg,
SPR00443,同心大小头,4.37mmx3.58mm,SS,BW,20,CP05T3019,ASME B16.9,RCC-M 3,QA2,6"x3-1/2",Φ168.3xΦ101.6,个,,Kg,
SPR00444,同心大小头,SCH10SxSCH10S,SS,BW,022Cr19Ni10,CP05T3017,ASME B16.9,RCC-M 3,QA2,6"x3-1/2",Φ168.3xΦ101.6,个,1.9,Kg,
SPR00445,同心大小头,SCH40xSCH40,SS,BW,20,CP05T3019,ASME B16.9,RCC-M 3,QA2,6"x3-1/2",Φ168.3xΦ101.6,个,3.96,Kg,
SPR00446,同心大小头,SCH40SxSCH40S,SS,BW,022Cr19Ni10,CP05T3017,ASME B16.9,RCC-M 3,QA2,6"x3-1/2",Φ168.3xΦ101.6,个,4.05,Kg,
SPR00447,同心大小头,4.37mmx3.58mm,SS,BW,20,CP05T3025,ASME B16.9,NA,QNCa,6"x3-1/2",Φ168.3xΦ101.6,个,,Kg,
SPR00448,同心大小头,SCH10SxSCH10S,SS,BW,022Cr17Ni12Mo2,CP05T3023,ASME B16.9,NA,QNCa,6"x3-1/2",Φ168.3xΦ101.6,个,1.9,Kg,
SPR00449,同心大小头,SCH10SxSCH10S,SS,BW,022Cr19Ni10,CP05T3023,ASME B16.9,NA,QNCa,6"x3-1/2",Φ168.3xΦ101.6,个,1.9,Kg,
SPR00450,同心大小头,SCH160xSCH160,SS,BW,022Cr19Ni10,CP05T3017,ASME B16.9,RCC-M 1,QA1,6"x4",Φ168.3xΦ114.3,个,10.4,Kg,
SPR00451,同心大小头,4.37mmx3.58mm,SS,BW,20,CP05T3019,ASME B16.9,RCC-M 2,QA1,6"x4",Φ168.3xΦ114.3,个,,Kg,
SPR00452,同心大小头,SCH10SxSCH10S,SS,BW,022Cr19Ni10,CP05T3017,ASME B16.9,RCC-M 2,QA1,6"x4",Φ168.3xΦ114.3,个,1.95,Kg,
SPR00453,同心大小头,SCH120xSCH80,SS,BW,P280GH,CP05T3019,ASME B16.9,RCC-M 2,QA1,6"x4",Φ168.3xΦ114.3,个,8.4,Kg,
SPR00454,同心大小头,SCH160xSCH160,SS,BW,022Cr19Ni10,CP05T3017,ASME B16.9,RCC-M 2,QA1,6"x4",Φ168.3xΦ114.3,个,10.4,Kg,
SPR00455,同心大小头,SCH160xSCH160,SS,BW,P280GH,CP05T3019,ASME B16.9,RCC-M 2,QA1,6"x4",Φ168.3xΦ114.3,个,10.4,Kg,
SPR00456,同心大小头,SCH40xSCH40,SS,BW,20,CP05T3019,ASME B16.9,RCC-M 2,QA1,6"x4",Φ168.3xΦ114.3,个,3.96,Kg,
SPR00457,同心大小头,SCH40SxSCH40S,SS,BW,022Cr19Ni10,CP05T3017,ASME B16.9,RCC-M 2,QA1,6"x4",Φ168.3xΦ114.3,个,4.1,Kg,
SPR00458,同心大小头,SCH80xSCH80,SS,BW,20,CP05T3019,ASME B16.9,RCC-M 2,QA1,6"x4",Φ168.3xΦ114.3,个,5.95,Kg,
SPR00459,同心大小头,SCH80SxSCH80S,SS,BW,022Cr19Ni10,CP05T3017,ASME B16.9,RCC-M 2,QA1,6"x4",Φ168.3xΦ114.3,个,5.95,Kg,
SPR00460,同心大小头,4.37mmx3.58mm,SS,BW,20,CP05T3019,ASME B16.9,RCC-M 3,QA2,6"x4",Φ168.3xΦ114.3,个,4.5,Kg,
SPR00461,同心大小头,SCH10SxSCH10S,SS,BW,022Cr19Ni10,CP05T3017,ASME B16.9,RCC-M 3,QA2,6"x4",Φ168.3xΦ114.3,个,1.95,Kg,
SPR00462,同心大小头,SCH40xSCH40,SS,BW,20,CP05T3019,ASME B16.9,RCC-M 3,QA2,6"x4",Φ168.3xΦ114.3,个,3.96,Kg,
SPR00463,同心大小头,SCH40SxSCH40S,SS,BW,022Cr19Ni10,CP05T3017,ASME B16.9,RCC-M 3,QA2,6"x4",Φ168.3xΦ114.3,个,4.1,Kg,
SPR00464,同心大小头,4.37mmx3.58mm,SS,BW,20,CP05T3025,ASME B16.9,NA,QNCa,6"x4",Φ168.3xΦ114.3,个,3.9,Kg,
SPR00465,同心大小头,SCH10SxSCH10S,SS,BW,022Cr17Ni12Mo2,CP05T3023,ASME B16.9,NA,QNCa,6"x4",Φ168.3xΦ114.3,个,1.95,Kg,
SPR00466,同心大小头,SCH10SxSCH10S,SS,BW,022Cr19Ni10,CP05T3023,ASME B16.9,NA,QNCa,6"x4",Φ168.3xΦ114.3,个,2,Kg,
SPR00467,同心大小头,SCH160xSCH160,SS,BW,022Cr19Ni10,CP05T3017,ASME B16.9,RCC-M 1,QA1,6"x5",Φ168.3xΦ141.3,个,10.4,Kg,
SPR00468,同心大小头,4.37mmx4.37mm,SS,BW,20,CP05T3019,ASME B16.9,RCC-M 2,QA1,6"x5",Φ168.3xΦ141.3,个,,Kg,
SPR00469,同心大小头,SCH10SxSCH10S,SS,BW,022Cr19Ni10,CP05T3017,ASME B16.9,RCC-M 2,QA1,6"x5",Φ168.3xΦ141.3,个,2,Kg,
SPR00470,同心大小头,SCH120xSCH120,SS,BW,P280GH,CP05T3019,ASME B16.9,RCC-M 2,QA1,6"x5",Φ168.3xΦ141.3,个,8.4,Kg,
SPR00471,同心大小头,SCH160xSCH160,SS,BW,022Cr19Ni10,CP05T3017,ASME B16.9,RCC-M 2,QA1,6"x5",Φ168.3xΦ141.3,个,10.4,Kg,
SPR00472,同心大小头,SCH160xSCH160,SS,BW,P280GH,CP05T3019,ASME B16.9,RCC-M 2,QA1,6"x5",Φ168.3xΦ141.3,个,10.4,Kg,
SPR00473,同心大小头,SCH40xSCH40,SS,BW,20,CP05T3019,ASME B16.9,RCC-M 2,QA1,6"x5",Φ168.3xΦ141.3,个,3.96,Kg,
SPR00474,同心大小头,SCH40SxSCH40S,SS,BW,022Cr19Ni10,CP05T3017,ASME B16.9,RCC-M 2,QA1,6"x5",Φ168.3xΦ141.3,个,4.3,Kg,
SPR00475,同心大小头,SCH80xSCH80,SS,BW,20,CP05T3019,ASME B16.9,RCC-M 2,QA1,6"x5",Φ168.3xΦ141.3,个,5.95,Kg,
SPR00476,同心大小头,SCH80SxSCH80S,SS,BW,022Cr19Ni10,CP05T3017,ASME B16.9,RCC-M 2,QA1,6"x5",Φ168.3xΦ141.3,个,6.2,Kg,
SPR00477,同心大小头,4.37mmx4.37mm,SS,BW,20,CP05T3019,ASME B16.9,RCC-M 3,QA2,6"x5",Φ168.3xΦ141.3,个,,Kg,
SPR00478,同心大小头,SCH10SxSCH10S,SS,BW,022Cr19Ni10,CP05T3017,ASME B16.9,RCC-M 3,QA2,6"x5",Φ168.3xΦ141.3,个,2,Kg,
SPR00479,同心大小头,SCH40xSCH40,SS,BW,20,CP05T3019,ASME B16.9,RCC-M 3,QA2,6"x5",Φ168.3xΦ141.3,个,3.96,Kg,
SPR00480,同心大小头,SCH40SxSCH40S,SS,BW,022Cr19Ni10,CP05T3017,ASME B16.9,RCC-M 3,QA2,6"x5",Φ168.3xΦ141.3,个,4.3,Kg,
SPR00481,同心大小头,4.37mmx3.96mm,SS,BW,20,CP05T3025,ASME B16.9,NA,QNCa,6"x5",Φ168.3xΦ141.3,个,,Kg,
SPR00482,同心大小头,SCH10SxSCH10S,SS,BW,022Cr17Ni12Mo2,CP05T3023,ASME B16.9,NA,QNCa,6"x5",Φ168.3xΦ141.3,个,2,Kg,
SPR00483,同心大小头,SCH10SxSCH10S,SS,BW,022Cr19Ni10,CP05T3023,ASME B16.9,NA,QNCa,6"x5",Φ168.3xΦ141.3,个,2,Kg,
SPR00484,同心大小头,SCH160xSCH160,SS,BW,022Cr19Ni10,CP05T3017,ASME B16.9,RCC-M 1,QA1,8"x3-1/2",Φ219.1xΦ101.6,个,18.9,Kg,
SPR00485,同心大小头,SCH10SxSCH10S,SS,BW,022Cr19Ni10,CP05T3017,ASME B16.9,RCC-M 2,QA1,8"x3-1/2",Φ219.1xΦ101.6,个,2.95,Kg,
SPR00486,同心大小头,SCH120xSCH80,SS,BW,P280GH,CP05T3019,ASME B16.9,RCC-M 2,QA1,8"x3-1/2",Φ219.1xΦ101.6,个,15.3,Kg,
SPR00487,同心大小头,SCH160xSCH160,SS,BW,022Cr19Ni10,CP05T3017,ASME B16.9,RCC-M 2,QA1,8"x3-1/2",Φ219.1xΦ101.6,个,18.9,Kg,
SPR00488,同心大小头,SCH160xSCH160,SS,BW,P280GH,CP05T3019,ASME B16.9,RCC-M 2,QA1,8"x3-1/2",Φ219.1xΦ101.6,个,18.9,Kg,
SPR00489,同心大小头,SCH20x3.58mm,SS,BW,20,CP05T3019,ASME B16.9,RCC-M 2,QA1,8"x3-1/2",Φ219.1xΦ101.6,个,,Kg,
SPR00490,同心大小头,SCH40xSCH40,SS,BW,20,CP05T3019,ASME B16.9,RCC-M 2,QA1,8"x3-1/2",Φ219.1xΦ101.6,个,6.31,Kg,
SPR00491,同心大小头,SCH40SxSCH40S,SS,BW,022Cr19Ni10,CP05T3017,ASME B16.9,RCC-M 2,QA1,8"x3-1/2",Φ219.1xΦ101.6,个,6.4,Kg,
SPR00492,同心大小头,SCH80xSCH80,SS,BW,20,CP05T3019,ASME B16.9,RCC-M 2,QA1,8"x3-1/2",Φ219.1xΦ101.6,个,9.26,Kg,
SPR00493,同心大小头,SCH80SxSCH80S,SS,BW,022Cr19Ni10,CP05T3017,ASME B16.9,RCC-M 2,QA1,8"x3-1/2",Φ219.1xΦ101.6,个,8,Kg,
SPR00494,同心大小头,SCH10SxSCH10S,SS,BW,022Cr19Ni10,CP05T3017,ASME B16.9,RCC-M 3,QA2,8"x3-1/2",Φ219.1xΦ101.6,个,2.95,Kg,
SPR00495,同心大小头,SCH20x3.58mm,SS,BW,20,CP05T3019,ASME B16.9,RCC-M 3,QA2,8"x3-1/2",Φ219.1xΦ101.6,个,,Kg,
SPR00496,同心大小头,SCH40xSCH40,SS,BW,20,CP05T3019,ASME B16.9,RCC-M 3,QA2,8"x3-1/2",Φ219.1xΦ101.6,个,6.31,Kg,
SPR00497,同心大小头,SCH40SxSCH40S,SS,BW,022Cr19Ni10,CP05T3017,ASME B16.9,RCC-M 3,QA2,8"x3-1/2",Φ219.1xΦ101.6,个,6.4,Kg,
SPR00498,同心大小头,SCH10SxSCH10S,SS,BW,022Cr17Ni12Mo2,CP05T3023,ASME B16.9,NA,QNCa,8"x3-1/2",Φ219.1xΦ101.6,个,2.95,Kg,
SPR00499,同心大小头,SCH10SxSCH10S,SS,BW,022Cr19Ni10,CP05T3023,ASME B16.9,NA,QNCa,8"x3-1/2",Φ219.1xΦ101.6,个,2.95,Kg,
SPR00500,同心大小头,SCH20x3.58mm,SS,BW,20,CP05T3025,ASME B16.9,NA,QNCa,8"x3-1/2",Φ219.1xΦ101.6,个,,Kg,
SPR00501,同心大小头,SCH160xSCH160,SS,BW,022Cr19Ni10,CP05T3017,ASME B16.9,RCC-M 1,QA1,8"x4",Φ219.1xΦ114.3,个,18.9,Kg,
SPR00502,同心大小头,SCH10SxSCH10S,SS,BW,022Cr19Ni10,CP05T3017,ASME B16.9,RCC-M 2,QA1,8"x4",Φ219.1xΦ114.3,个,3,Kg,
SPR00503,同心大小头,SCH120xSCH80,SS,BW,P280GH,CP05T3019,ASME B16.9,RCC-M 2,QA1,8"x4",Φ219.1xΦ114.3,个,15.3,Kg,
SPR00504,同心大小头,SCH160xSCH160,SS,BW,022Cr19Ni10,CP05T3017,ASME B16.9,RCC-M 2,QA1,8"x4",Φ219.1xΦ114.3,个,18.9,Kg,
SPR00505,同心大小头,SCH160xSCH160,SS,BW,P280GH,CP05T3019,ASME B16.9,RCC-M 2,QA1,8"x4",Φ219.1xΦ114.3,个,18.9,Kg,
SPR00506,同心大小头,SCH20x3.58mm,SS,BW,20,CP05T3019,ASME B16.9,RCC-M 2,QA1,8"x4",Φ219.1xΦ114.3,个,,Kg,
SPR00507,同心大小头,SCH40xSCH40,SS,BW,20,CP05T3019,ASME B16.9,RCC-M 2,QA1,8"x4",Φ219.1xΦ114.3,个,6.31,Kg,
SPR00508,同心大小头,SCH40SxSCH40S,SS,BW,022Cr19Ni10,CP05T3017,ASME B16.9,RCC-M 2,QA1,8"x4",Φ219.1xΦ114.3,个,3.2,Kg,
SPR00509,同心大小头,SCH80xSCH80,SS,BW,20,CP05T3019,ASME B16.9,RCC-M 2,QA1,8"x4",Φ219.1xΦ114.3,个,9.26,Kg,
SPR00510,同心大小头,SCH80SxSCH80S,SS,BW,022Cr19Ni10,CP05T3017,ASME B16.9,RCC-M 2,QA1,8"x4",Φ219.1xΦ114.3,个,9.2,Kg,
SPR00511,同心大小头,SCH10SxSCH10S,SS,BW,022Cr19Ni10,CP05T3017,ASME B16.9,RCC-M 3,QA2,8"x4",Φ219.1xΦ114.3,个,3,Kg,
SPR00512,同心大小头,SCH20x3.58mm,SS,BW,20,CP05T3019,ASME B16.9,RCC-M 3,QA2,8"x4",Φ219.1xΦ114.3,个,7.7,Kg,
SPR00513,同心大小头,SCH40xSCH40,SS,BW,20,CP05T3019,ASME B16.9,RCC-M 3,QA2,8"x4",Φ219.1xΦ114.3,个,6.31,Kg,
SPR00514,同心大小头,SCH40SxSCH40S,SS,BW,022Cr19Ni10,CP05T3017,ASME B16.9,RCC-M 3,QA2,8"x4",Φ219.1xΦ114.3,个,6.5,Kg,
SPR00515,同心大小头,SCH10SxSCH10S,SS,BW,022Cr17Ni12Mo2,CP05T3023,ASME B16.9,NA,QNCa,8"x4",Φ219.1xΦ114.3,个,3,Kg,
SPR00516,同心大小头,SCH10SxSCH10S,SS,BW,022Cr19Ni10,CP05T3023,ASME B16.9,NA,QNCa,8"x4",Φ219.1xΦ114.3,个,3,Kg,
SPR00517,同心大小头,SCH20x3.58mm,SS,BW,20,CP05T3025,ASME B16.9,NA,QNCa,8"x4",Φ219.1xΦ114.3,个,6.5,Kg,
SPR00518,同心大小头,SCH160xSCH160,SS,BW,022Cr19Ni10,CP05T3017,ASME B16.9,RCC-M 1,QA1,8"x5",Φ219.1xΦ141.3,个,18.9,Kg,
SPR00519,同心大小头,SCH10SxSCH10S,SS,BW,022Cr19Ni10,CP05T3017,ASME B16.9,RCC-M 2,QA1,8"x5",Φ219.1xΦ141.3,个,3.1,Kg,
SPR00520,同心大小头,SCH120xSCH120,SS,BW,P280GH,CP05T3019,ASME B16.9,RCC-M 2,QA1,8"x5",Φ219.1xΦ141.3,个,15.3,Kg,
SPR00521,同心大小头,SCH160xSCH160,SS,BW,022Cr19Ni10,CP05T3017,ASME B16.9,RCC-M 2,QA1,8"x5",Φ219.1xΦ141.3,个,18.9,Kg,
SPR00522,同心大小头,SCH160xSCH160,SS,BW,P280GH,CP05T3019,ASME B16.9,RCC-M 2,QA1,8"x5",Φ219.1xΦ141.3,个,18.9,Kg,
SPR00523,同心大小头,SCH20x4.37mm,SS,BW,20,CP05T3019,ASME B16.9,RCC-M 2,QA1,8"x5",Φ219.1xΦ141.3,个,,Kg,
SPR00524,同心大小头,SCH40xSCH40,SS,BW,20,CP05T3019,ASME B16.9,RCC-M 2,QA1,8"x5",Φ219.1xΦ141.3,个,6.31,Kg,
SPR00525,同心大小头,SCH40SxSCH40S,SS,BW,022Cr19Ni10,CP05T3017,ASME B16.9,RCC-M 2,QA1,8"x5",Φ219.1xΦ141.3,个,6.7,Kg,
SPR00526,同心大小头,SCH80xSCH80,SS,BW,20,CP05T3019,ASME B16.9,RCC-M 2,QA1,8"x5",Φ219.1xΦ141.3,个,9.26,Kg,
SPR00527,同心大小头,SCH80SxSCH80S,SS,BW,022Cr19Ni10,CP05T3017,ASME B16.9,RCC-M 2,QA1,8"x5",Φ219.1xΦ141.3,个,9.7,Kg,
SPR00528,同心大小头,SCH10SxSCH10S,SS,BW,022Cr19Ni10,CP05T3017,ASME B16.9,RCC-M 3,QA2,8"x5",Φ219.1xΦ141.3,个,3.1,Kg,
SPR00529,同心大小头,SCH20x4.37mm,SS,BW,20,CP05T3019,ASME B16.9,RCC-M 3,QA2,8"x5",Φ219.1xΦ141.3,个,,Kg,
SPR00530,同心大小头,SCH40xSCH40,SS,BW,20,CP05T3019,ASME B16.9,RCC-M 3,QA2,8"x5",Φ219.1xΦ141.3,个,6.31,Kg,
SPR00531,同心大小头,SCH40SxSCH40S,SS,BW,022Cr19Ni10,CP05T3017,ASME B16.9,RCC-M 3,QA2,8"x5",Φ219.1xΦ141.3,个,6.7,Kg,
SPR00532,同心大小头,SCH10SxSCH10S,SS,BW,022Cr17Ni12Mo2,CP05T3023,ASME B16.9,NA,QNCa,8"x5",Φ219.1xΦ141.3,个,3.1,Kg,
SPR00533,同心大小头,SCH10SxSCH10S,SS,BW,022Cr19Ni10,CP05T3023,ASME B16.9,NA,QNCa,8"x5",Φ219.1xΦ141.3,个,3.1,Kg,
SPR00534,同心大小头,SCH20x3.96mm,SS,BW,20,CP05T3025,ASME B16.9,NA,QNCa,8"x5",Φ219.1xΦ141.3,个,,Kg,
SPR00535,同心大小头,SCH160xSCH160,SS,BW,022Cr19Ni10,CP05T3017,ASME B16.9,RCC-M 1,QA1,8"x6",Φ219.1xΦ168.3,个,18.9,Kg,
SPR00536,同心大小头,SCH10SxSCH10S,SS,BW,022Cr19Ni10,CP05T3017,ASME B16.9,RCC-M 2,QA1,8"x6",Φ219.1xΦ168.3,个,3.2,Kg,
SPR00537,同心大小头,SCH120xSCH120,SS,BW,P280GH,CP05T3019,ASME B16.9,RCC-M 2,QA1,8"x6",Φ219.1xΦ168.3,个,15.3,Kg,
SPR00538,同心大小头,SCH160xSCH160,SS,BW,022Cr19Ni10,CP05T3017,ASME B16.9,RCC-M 2,QA1,8"x6",Φ219.1xΦ168.3,个,18.9,Kg,
SPR00539,同心大小头,SCH160xSCH160,SS,BW,P280GH,CP05T3019,ASME B16.9,RCC-M 2,QA1,8"x6",Φ219.1xΦ168.3,个,18.9,Kg,
SPR00540,同心大小头,SCH20x4.37mm,SS,BW,20,CP05T3019,ASME B16.9,RCC-M 2,QA1,8"x6",Φ219.1xΦ168.3,个,,Kg,
SPR00541,同心大小头,SCH40xSCH40,SS,BW,20,CP05T3019,ASME B16.9,RCC-M 2,QA1,8"x6",Φ219.1xΦ168.3,个,6.31,Kg,
SPR00542,同心大小头,SCH40SxSCH40S,SS,BW,022Cr19Ni10,CP05T3017,ASME B16.9,RCC-M 2,QA1,8"x6",Φ219.1xΦ168.3,个,6.9,Kg,
SPR00543,同心大小头,SCH80xSCH80,SS,BW,20,CP05T3019,ASME B16.9,RCC-M 2,QA1,8"x6",Φ219.1xΦ168.3,个,9.26,Kg,
SPR00544,同心大小头,SCH80SxSCH80S,SS,BW,022Cr19Ni10,CP05T3017,ASME B16.9,RCC-M 2,QA1,8"x6",Φ219.1xΦ168.3,个,10.1,Kg,
SPR00545,同心大小头,SCH10SxSCH10S,SS,BW,022Cr19Ni10,CP05T3017,ASME B16.9,RCC-M 3,QA2,8"x6",Φ219.1xΦ168.3,个,3.2,Kg,
SPR00546,同心大小头,SCH20x4.37mm,SS,BW,20,CP05T3019,ASME B16.9,RCC-M 3,QA2,8"x6",Φ219.1xΦ168.3,个,7.2,Kg,
SPR00547,同心大小头,SCH40xSCH40,SS,BW,20,CP05T3019,ASME B16.9,RCC-M 3,QA2,8"x6",Φ219.1xΦ168.3,个,6.31,Kg,
SPR00548,同心大小头,SCH40SxSCH40S,SS,BW,022Cr19Ni10,CP05T3017,ASME B16.9,RCC-M 3,QA2,8"x6",Φ219.1xΦ168.3,个,6.9,Kg,
SPR00549,同心大小头,SCH10SxSCH10S,SS,BW,022Cr17Ni12Mo2,CP05T3023,ASME B16.9,NA,QNCa,8"x6",Φ219.1xΦ168.3,个,3.2,Kg,
SPR00550,同心大小头,SCH10SxSCH10S,SS,BW,022Cr19Ni10,CP05T3023,ASME B16.9,NA,QNCa,8"x6",Φ219.1xΦ168.3,个,3.2,Kg,
SPR00551,同心大小头,SCH20x4.37mm,SS,BW,20,CP05T3025,ASME B16.9,NA,QNCa,8"x6",Φ219.1xΦ168.3,个,6.5,Kg,
SPR00552,同心大小头,SCH140xSCH160,SS,BW,026Cr18Ni12Mo2N,CP05T3017,ASME B16.9,RCC-M 1,QA1,10"x4",Φ273xΦ114.3,个,30.5,Kg,
SPR00553,同心大小头,SCH10SxSCH10S,SS,BW,022Cr19Ni10,CP05T3017,ASME B16.9,RCC-M 2,QA1,10"x4",Φ273xΦ114.3,个,4.7,Kg,
SPR00554,同心大小头,SCH140xSCH160,SS,BW,022Cr19Ni10,CP05T3017,ASME B16.9,RCC-M 2,QA1,10"x4",Φ273xΦ114.3,个,30.5,Kg,
SPR00555,同心大小头,SCH160xSCH160,SS,BW,P280GH,CP05T3019,ASME B16.9,RCC-M 2,QA1,10"x4",Φ273xΦ114.3,个,33.9,Kg,
SPR00556,同心大小头,SCH20x3.58mm,SS,BW,20,CP05T3019,ASME B16.9,RCC-M 2,QA1,10"x4",Φ273xΦ114.3,个,7.85,Kg,
SPR00557,同心大小头,SCH40xSCH40,SS,BW,20,CP05T3019,ASME B16.9,RCC-M 2,QA1,10"x4",Φ273xΦ114.3,个,10.7,Kg,
SPR00558,同心大小头,SCH60xSCH80,SS,BW,P280GH,CP05T3019,ASME B16.9,RCC-M 2,QA1,10"x4",Φ273xΦ114.3,个,,Kg,
SPR00559,同心大小头,SCH80xSCH80,SS,BW,20,CP05T3019,ASME B16.9,RCC-M 2,QA1,10"x4",Φ273xΦ114.3,个,17.5,Kg,
SPR00560,同心大小头,SCH80SxSCH40S,SS,BW,022Cr19Ni10,CP05T3017,ASME B16.9,RCC-M 2,QA1,10"x4",Φ273xΦ114.3,个,12.5,Kg,
SPR00561,同心大小头,SCH10SxSCH10S,SS,BW,022Cr19Ni10,CP05T3017,ASME B16.9,RCC-M 3,QA2,10"x4",Φ273xΦ114.3,个,4.7,Kg,
SPR00562,同心大小头,SCH20x3.58mm,SS,BW,20,CP05T3019,ASME B16.9,RCC-M 3,QA2,10"x4",Φ273xΦ114.3,个,7.85,Kg,
SPR00563,同心大小头,SCH40xSCH40,SS,BW,20,CP05T3019,ASME B16.9,RCC-M 3,QA2,10"x4",Φ273xΦ114.3,个,10.7,Kg,
SPR00564,同心大小头,SCH80SxSCH40S,SS,BW,022Cr19Ni10,CP05T3017,ASME B16.9,RCC-M 3,QA2,10"x4",Φ273xΦ114.3,个,12.5,Kg,
SPR00565,同心大小头,SCH10SxSCH10S,SS,BW,022Cr17Ni12Mo2,CP05T3023,ASME B16.9,NA,QNCa,10"x4",Φ273xΦ114.3,个,4.7,Kg,
SPR00566,同心大小头,SCH10SxSCH10S,SS,BW,022Cr19Ni10,CP05T3023,ASME B16.9,NA,QNCa,10"x4",Φ273xΦ114.3,个,4.7,Kg,
SPR00567,同心大小头,SCH20x3.58mm,SS,BW,20,CP05T3025,ASME B16.9,NA,QNCa,10"x4",Φ273xΦ114.3,个,7.85,Kg,
SPR00568,同心大小头,SCH140xSCH160,SS,BW,026Cr18Ni12Mo2N,CP05T3017,ASME B16.9,RCC-M 1,QA1,10"x5",Φ273xΦ141.3,个,30.5,Kg,
SPR00569,同心大小头,SCH10SxSCH10S,SS,BW,022Cr19Ni10,CP05T3017,ASME B16.9,RCC-M 2,QA1,10"x5",Φ273xΦ141.3,个,4.9,Kg,
SPR00570,同心大小头,SCH140xSCH160,SS,BW,022Cr19Ni10,CP05T3017,ASME B16.9,RCC-M 2,QA1,10"x5",Φ273xΦ141.3,个,30.5,Kg,
SPR00571,同心大小头,SCH160xSCH160,SS,BW,P280GH,CP05T3019,ASME B16.9,RCC-M 2,QA1,10"x5",Φ273xΦ141.3,个,33.9,Kg,
SPR00572,同心大小头,SCH20x4.37mm,SS,BW,20,CP05T3019,ASME B16.9,RCC-M 2,QA1,10"x5",Φ273xΦ141.3,个,7.85,Kg,
SPR00573,同心大小头,SCH40xSCH40,SS,BW,20,CP05T3019,ASME B16.9,RCC-M 2,QA1,10"x5",Φ273xΦ141.3,个,10.7,Kg,
SPR00574,同心大小头,SCH60xSCH120,SS,BW,P280GH,CP05T3019,ASME B16.9,RCC-M 2,QA1,10"x5",Φ273xΦ141.3,个,,Kg,
SPR00575,同心大小头,SCH80xSCH80,SS,BW,20,CP05T3019,ASME B16.9,RCC-M 2,QA1,10"x5",Φ273xΦ141.3,个,17.5,Kg,
SPR00576,同心大小头,SCH80SxSCH40S,SS,BW,022Cr19Ni10,CP05T3017,ASME B16.9,RCC-M 2,QA1,10"x5",Φ273xΦ141.3,个,14.2,Kg,
SPR00577,同心大小头,SCH10SxSCH10S,SS,BW,022Cr19Ni10,CP05T3017,ASME B16.9,RCC-M 3,QA2,10"x5",Φ273xΦ141.3,个,4.9,Kg,
SPR00578,同心大小头,SCH20x4.37mm,SS,BW,20,CP05T3019,ASME B16.9,RCC-M 3,QA2,10"x5",Φ273xΦ141.3,个,7.85,Kg,
SPR00579,同心大小头,SCH40xSCH40,SS,BW,20,CP05T3019,ASME B16.9,RCC-M 3,QA2,10"x5",Φ273xΦ141.3,个,10.7,Kg,
SPR00580,同心大小头,SCH80SxSCH40S,SS,BW,022Cr19Ni10,CP05T3017,ASME B16.9,RCC-M 3,QA2,10"x5",Φ273xΦ141.3,个,14.2,Kg,
SPR00581,同心大小头,SCH10SxSCH10S,SS,BW,022Cr17Ni12Mo2,CP05T3023,ASME B16.9,NA,QNCa,10"x5",Φ273xΦ141.3,个,4.9,Kg,
SPR00582,同心大小头,SCH10SxSCH10S,SS,BW,022Cr19Ni10,CP05T3023,ASME B16.9,NA,QNCa,10"x5",Φ273xΦ141.3,个,4.9,Kg,
SPR00583,同心大小头,SCH20x3.96mm,SS,BW,20,CP05T3025,ASME B16.9,NA,QNCa,10"x5",Φ273xΦ141.3,个,7.85,Kg,
SPR00584,同心大小头,SCH140xSCH160,SS,BW,026Cr18Ni12Mo2N,CP05T3017,ASME B16.9,RCC-M 1,QA1,10"x6",Φ273xΦ168.3,个,30.5,Kg,
SPR00585,同心大小头,SCH10SxSCH10S,SS,BW,022Cr19Ni10,CP05T3017,ASME B16.9,RCC-M 2,QA1,10"x6",Φ273xΦ168.3,个,5,Kg,
SPR00586,同心大小头,SCH140xSCH160,SS,BW,022Cr19Ni10,CP05T3017,ASME B16.9,RCC-M 2,QA1,10"x6",Φ273xΦ168.3,个,30.5,Kg,
SPR00587,同心大小头,SCH160xSCH160,SS,BW,P280GH,CP05T3019,ASME B16.9,RCC-M 2,QA1,10"x6",Φ273xΦ168.3,个,33.9,Kg,
SPR00588,同心大小头,SCH20x4.37mm,SS,BW,20,CP05T3019,ASME B16.9,RCC-M 2,QA1,10"x6",Φ273xΦ168.3,个,7.85,Kg,
SPR00589,同心大小头,SCH40xSCH40,SS,BW,20,CP05T3019,ASME B16.9,RCC-M 2,QA1,10"x6",Φ273xΦ168.3,个,10.7,Kg,
SPR00590,同心大小头,SCH60xSCH120,SS,BW,P280GH,CP05T3019,ASME B16.9,RCC-M 2,QA1,10"x6",Φ273xΦ168.3,个,23.6,Kg,
SPR00591,同心大小头,SCH80xSCH80,SS,BW,20,CP05T3019,ASME B16.9,RCC-M 2,QA1,10"x6",Φ273xΦ168.3,个,17.5,Kg,
SPR00592,同心大小头,SCH80SxSCH40S,SS,BW,022Cr19Ni10,CP05T3017,ASME B16.9,RCC-M 2,QA1,10"x6",Φ273xΦ168.3,个,14.8,Kg,
SPR00593,同心大小头,SCH10SxSCH10S,SS,BW,022Cr19Ni10,CP05T3017,ASME B16.9,RCC-M 3,QA2,10"x6",Φ273xΦ168.3,个,5,Kg,
SPR00594,同心大小头,SCH20x4.37mm,SS,BW,20,CP05T3019,ASME B16.9,RCC-M 3,QA2,10"x6",Φ273xΦ168.3,个,11.7,Kg,
SPR00595,同心大小头,SCH40xSCH40,SS,BW,20,CP05T3019,ASME B16.9,RCC-M 3,QA2,10"x6",Φ273xΦ168.3,个,10.7,Kg,
SPR00596,同心大小头,SCH80SxSCH40S,SS,BW,022Cr19Ni10,CP05T3017,ASME B16.9,RCC-M 3,QA2,10"x6",Φ273xΦ168.3,个,14.8,Kg,
SPR00597,同心大小头,SCH10SxSCH10S,SS,BW,022Cr17Ni12Mo2,CP05T3023,ASME B16.9,NA,QNCa,10"x6",Φ273xΦ168.3,个,5,Kg,
SPR00598,同心大小头,SCH10SxSCH10S,SS,BW,022Cr19Ni10,CP05T3023,ASME B16.9,NA,QNCa,10"x6",Φ273xΦ168.3,个,5,Kg,
SPR00599,同心大小头,SCH20x4.37mm,SS,BW,20,CP05T3025,ASME B16.9,NA,QNCa,10"x6",Φ273xΦ168.3,个,7.5,Kg,
SPR00600,同心大小头,SCH140xSCH160,SS,BW,026Cr18Ni12Mo2N,CP05T3017,ASME B16.9,RCC-M 1,QA1,10"x8",Φ273xΦ219.1,个,30.5,Kg,
SPR00601,同心大小头,SCH10SxSCH10S,SS,BW,022Cr19Ni10,CP05T3017,ASME B16.9,RCC-M 2,QA1,10"x8",Φ273xΦ219.1,个,5.2,Kg,
SPR00602,同心大小头,SCH140xSCH160,SS,BW,022Cr19Ni10,CP05T3017,ASME B16.9,RCC-M 2,QA1,10"x8",Φ273xΦ219.1,个,30.5,Kg,
SPR00603,同心大小头,SCH160xSCH160,SS,BW,P280GH,CP05T3019,ASME B16.9,RCC-M 2,QA1,10"x8",Φ273xΦ219.1,个,33.9,Kg,
SPR00604,同心大小头,SCH20xSCH20,SS,BW,20,CP05T3019,ASME B16.9,RCC-M 2,QA1,10"x8",Φ273xΦ219.1,个,11.1,Kg,
SPR00605,同心大小头,SCH40xSCH40,SS,BW,20,CP05T3019,ASME B16.9,RCC-M 2,QA1,10"x8",Φ273xΦ219.1,个,10.7,Kg,
SPR00606,同心大小头,SCH60xSCH120,SS,BW,P280GH,CP05T3019,ASME B16.9,RCC-M 2,QA1,10"x8",Φ273xΦ219.1,个,23.6,Kg,
SPR00607,同心大小头,SCH80xSCH80,SS,BW,20,CP05T3019,ASME B16.9,RCC-M 2,QA1,10"x8",Φ273xΦ219.1,个,17.5,Kg,
SPR00608,同心大小头,SCH80SxSCH40S,SS,BW,022Cr19Ni10,CP05T3017,ASME B16.9,RCC-M 2,QA1,10"x8",Φ273xΦ219.1,个,15.6,Kg,
SPR00609,同心大小头,SCH10SxSCH10S,SS,BW,022Cr19Ni10,CP05T3017,ASME B16.9,RCC-M 3,QA2,10"x8",Φ273xΦ219.1,个,5.2,Kg,
SPR00610,同心大小头,SCH20xSCH20,SS,BW,20,CP05T3019,ASME B16.9,RCC-M 3,QA2,10"x8",Φ273xΦ219.1,个,11.1,Kg,
SPR00611,同心大小头,SCH40xSCH40,SS,BW,20,CP05T3019,ASME B16.9,RCC-M 3,QA2,10"x8",Φ273xΦ219.1,个,10.7,Kg,
SPR00612,同心大小头,SCH80SxSCH40S,SS,BW,022Cr19Ni10,CP05T3017,ASME B16.9,RCC-M 3,QA2,10"x8",Φ273xΦ219.1,个,15.6,Kg,
SPR00613,同心大小头,SCH10SxSCH10S,SS,BW,022Cr17Ni12Mo2,CP05T3023,ASME B16.9,NA,QNCa,10"x8",Φ273xΦ219.1,个,5.2,Kg,
SPR00614,同心大小头,SCH10SxSCH10S,SS,BW,022Cr19Ni10,CP05T3023,ASME B16.9,NA,QNCa,10"x8",Φ273xΦ219.1,个,5.2,Kg,
SPR00615,同心大小头,SCH20xSCH20,SS,BW,20,CP05T3025,ASME B16.9,NA,QNCa,10"x8",Φ273xΦ219.1,个,7.5,Kg,
SPR00616,同心大小头,SCH140xSCH160,SS,BW,026Cr18Ni12Mo2N,CP05T3017,ASME B16.9,RCC-M 1,QA1,12"x5",Φ323.8xΦ141.3,个,44.2,Kg,
SPR00617,同心大小头,7.14mmx4.37mm,SS,BW,20,CP05T3019,ASME B16.9,RCC-M 2,QA1,12"x5",Φ323.8xΦ141.3,个,,Kg,
SPR00618,同心大小头,SCH10SxSCH10S,SS,BW,022Cr19Ni10,CP05T3017,ASME B16.9,RCC-M 2,QA1,12"x5",Φ323.8xΦ141.3,个,7.3,Kg,
SPR00619,同心大小头,SCH140xSCH160,SS,BW,022Cr19Ni10,CP05T3017,ASME B16.9,RCC-M 2,QA1,12"x5",Φ323.8xΦ141.3,个,44.2,Kg,
SPR00620,同心大小头,SCH160xSCH160,SS,BW,P280GH,CP05T3019,ASME B16.9,RCC-M 2,QA1,12"x5",Φ323.8xΦ141.3,个,50.6,Kg,
SPR00621,同心大小头,SCH40xSCH40,SS,BW,20,CP05T3019,ASME B16.9,RCC-M 2,QA1,12"x5",Φ323.8xΦ141.3,个,16.3,Kg,
SPR00622,同心大小头,SCH80xSCH80,SS,BW,20,CP05T3019,ASME B16.9,RCC-M 2,QA1,12"x5",Φ323.8xΦ141.3,个,25.1,Kg,
SPR00623,同心大小头,SCH80SxSCH40S,SS,BW,022Cr19Ni10,CP05T3017,ASME B16.9,RCC-M 2,QA1,12"x5",Φ323.8xΦ141.3,个,19.4,Kg,
SPR00624,同心大小头,7.14mmx4.37mm,SS,BW,20,CP05T3019,ASME B16.9,RCC-M 3,QA2,12"x5",Φ323.8xΦ141.3,个,,Kg,
SPR00625,同心大小头,SCH10SxSCH10S,SS,BW,022Cr19Ni10,CP05T3017,ASME B16.9,RCC-M 3,QA2,12"x5",Φ323.8xΦ141.3,个,7.3,Kg,
SPR00626,同心大小头,SCH40xSCH40,SS,BW,20,CP05T3019,ASME B16.9,RCC-M 3,QA2,12"x5",Φ323.8xΦ141.3,个,16.3,Kg,
SPR00627,同心大小头,SCH80SxSCH40S,SS,BW,022Cr19Ni10,CP05T3017,ASME B16.9,RCC-M 3,QA2,12"x5",Φ323.8xΦ141.3,个,19.4,Kg,
SPR00628,同心大小头,7.14mmx3.96mm,SS,BW,20,CP05T3025,ASME B16.9,NA,QNCa,12"x5",Φ323.8xΦ141.3,个,,Kg,
SPR00629,同心大小头,SCH10SxSCH10S,SS,BW,022Cr17Ni12Mo2,CP05T3023,ASME B16.9,NA,QNCa,12"x5",Φ323.8xΦ141.3,个,7.3,Kg,
SPR00630,同心大小头,SCH10SxSCH10S,SS,BW,022Cr19Ni10,CP05T3023,ASME B16.9,NA,QNCa,12"x5",Φ323.8xΦ141.3,个,7.3,Kg,
SPR00631,同心大小头,SCH20x3.96mm,SS,BW,20,CP05T3025,ASME B16.9,NA,QNCa,12"x5",Φ323.8xΦ141.3,个,11.2,Kg,
SPR00632,同心大小头,SCH140xSCH160,SS,BW,026Cr18Ni12Mo2N,CP05T3017,ASME B16.9,RCC-M 1,QA1,12"x6",Φ323.8xΦ168.3,个,44.2,Kg,
SPR00633,同心大小头,7.14mmx4.37mm,SS,BW,20,CP05T3019,ASME B16.9,RCC-M 2,QA1,12"x6",Φ323.8xΦ168.3,个,,Kg,
SPR00634,同心大小头,SCH10SxSCH10S,SS,BW,022Cr19Ni10,CP05T3017,ASME B16.9,RCC-M 2,QA1,12"x6",Φ323.8xΦ168.3,个,7.4,Kg,
SPR00635,同心大小头,SCH140xSCH160,SS,BW,022Cr19Ni10,CP05T3017,ASME B16.9,RCC-M 2,QA1,12"x6",Φ323.8xΦ168.3,个,44.2,Kg,
SPR00636,同心大小头,SCH160xSCH160,SS,BW,P280GH,CP05T3019,ASME B16.9,RCC-M 2,QA1,12"x6",Φ323.8xΦ168.3,个,50.6,Kg,
SPR00637,同心大小头,SCH40xSCH40,SS,BW,20,CP05T3019,ASME B16.9,RCC-M 2,QA1,12"x6",Φ323.8xΦ168.3,个,16.3,Kg,
SPR00638,同心大小头,SCH80xSCH80,SS,BW,20,CP05T3019,ASME B16.9,RCC-M 2,QA1,12"x6",Φ323.8xΦ168.3,个,25.1,Kg,
SPR00639,同心大小头,SCH80SxSCH40S,SS,BW,022Cr19Ni10,CP05T3017,ASME B16.9,RCC-M 2,QA1,12"x6",Φ323.8xΦ168.3,个,20.1,Kg,
SPR00640,同心大小头,7.14mmx4.37mm,SS,BW,20,CP05T3019,ASME B16.9,RCC-M 3,QA2,12"x6",Φ323.8xΦ168.3,个,12,Kg,
SPR00641,同心大小头,SCH10SxSCH10S,SS,BW,022Cr19Ni10,CP05T3017,ASME B16.9,RCC-M 3,QA2,12"x6",Φ323.8xΦ168.3,个,7.4,Kg,
SPR00642,同心大小头,SCH40xSCH40,SS,BW,20,CP05T3019,ASME B16.9,RCC-M 3,QA2,12"x6",Φ323.8xΦ168.3,个,16.3,Kg,
SPR00643,同心大小头,SCH80SxSCH40S,SS,BW,022Cr19Ni10,CP05T3017,ASME B16.9,RCC-M 3,QA2,12"x6",Φ323.8xΦ168.3,个,20.1,Kg,
SPR00644,同心大小头,7.14mmx4.37mm,SS,BW,20,CP05T3025,ASME B16.9,NA,QNCa,12"x6",Φ323.8xΦ168.3,个,15,Kg,
SPR00645,同心大小头,SCH10SxSCH10S,SS,BW,022Cr17Ni12Mo2,CP05T3023,ASME B16.9,NA,QNCa,12"x6",Φ323.8xΦ168.3,个,7.4,Kg,
SPR00646,同心大小头,SCH10SxSCH10S,SS,BW,022Cr19Ni10,CP05T3023,ASME B16.9,NA,QNCa,12"x6",Φ323.8xΦ168.3,个,7.4,Kg,
SPR00647,同心大小头,SCH20x4.37mm,SS,BW,20,CP05T3025,ASME B16.9,NA,QNCa,12"x6",Φ323.8xΦ168.3,个,11.2,Kg,
SPR00648,同心大小头,SCH140xSCH160,SS,BW,026Cr18Ni12Mo2N,CP05T3017,ASME B16.9,RCC-M 1,QA1,12"x8",Φ323.8xΦ219.1,个,44.2,Kg,
SPR00649,同心大小头,7.14mmxSCH20,SS,BW,20,CP05T3019,ASME B16.9,RCC-M 2,QA1,12"x8",Φ323.8xΦ219.1,个,,Kg,
SPR00650,同心大小头,SCH10SxSCH10S,SS,BW,022Cr19Ni10,CP05T3017,ASME B16.9,RCC-M 2,QA1,12"x8",Φ323.8xΦ219.1,个,7.7,Kg,
SPR00651,同心大小头,SCH140xSCH160,SS,BW,022Cr19Ni10,CP05T3017,ASME B16.9,RCC-M 2,QA1,12"x8",Φ323.8xΦ219.1,个,44.2,Kg,
SPR00652,同心大小头,SCH160xSCH160,SS,BW,P280GH,CP05T3019,ASME B16.9,RCC-M 2,QA1,12"x8",Φ323.8xΦ219.1,个,50.6,Kg,
SPR00653,同心大小头,SCH40xSCH40,SS,BW,20,CP05T3019,ASME B16.9,RCC-M 2,QA1,12"x8",Φ323.8xΦ219.1,个,16.3,Kg,
SPR00654,同心大小头,SCH80xSCH80,SS,BW,20,CP05T3019,ASME B16.9,RCC-M 2,QA1,12"x8",Φ323.8xΦ219.1,个,25.1,Kg,
SPR00655,同心大小头,SCH80SxSCH40S,SS,BW,022Cr19Ni10,CP05T3017,ASME B16.9,RCC-M 2,QA1,12"x8",Φ323.8xΦ219.1,个,20.9,Kg,
SPR00656,同心大小头,7.14mmxSCH20,SS,BW,20,CP05T3019,ASME B16.9,RCC-M 3,QA2,12"x8",Φ323.8xΦ219.1,个,,Kg,
SPR00657,同心大小头,SCH10SxSCH10S,SS,BW,022Cr19Ni10,CP05T3017,ASME B16.9,RCC-M 3,QA2,12"x8",Φ323.8xΦ219.1,个,7.7,Kg,
SPR00658,同心大小头,SCH40xSCH40,SS,BW,20,CP05T3019,ASME B16.9,RCC-M 3,QA2,12"x8",Φ323.8xΦ219.1,个,16.3,Kg,
SPR00659,同心大小头,SCH80SxSCH40S,SS,BW,022Cr19Ni10,CP05T3017,ASME B16.9,RCC-M 3,QA2,12"x8",Φ323.8xΦ219.1,个,20.9,Kg,
SPR00660,同心大小头,7.14mmxSCH20,SS,BW,20,CP05T3025,ASME B16.9,NA,QNCa,12"x8",Φ323.8xΦ219.1,个,13.2,Kg,
SPR00661,同心大小头,SCH10SxSCH10S,SS,BW,022Cr17Ni12Mo2,CP05T3023,ASME B16.9,NA,QNCa,12"x8",Φ323.8xΦ219.1,个,7.7,Kg,
SPR00662,同心大小头,SCH10SxSCH10S,SS,BW,022Cr19Ni10,CP05T3023,ASME B16.9,NA,QNCa,12"x8",Φ323.8xΦ219.1,个,7.7,Kg,
SPR00663,同心大小头,SCH20xSCH20,SS,BW,20,CP05T3025,ASME B16.9,NA,QNCa,12"x8",Φ323.8xΦ219.1,个,11.2,Kg,
SPR00664,同心大小头,SCH140xSCH140,SS,BW,026Cr18Ni12Mo2N,CP05T3017,ASME B16.9,RCC-M 1,QA1,12"x10",Φ323.8xΦ273,个,44.2,Kg,
SPR00665,同心大小头,7.14mmxSCH20,SS,BW,20,CP05T3019,ASME B16.9,RCC-M 2,QA1,12"x10",Φ323.8xΦ273,个,,Kg,
SPR00666,同心大小头,SCH10SxSCH10S,SS,BW,022Cr19Ni10,CP05T3017,ASME B16.9,RCC-M 2,QA1,12"x10",Φ323.8xΦ273,个,8,Kg,
SPR00667,同心大小头,SCH140xSCH140,SS,BW,022Cr19Ni10,CP05T3017,ASME B16.9,RCC-M 2,QA1,12"x10",Φ323.8xΦ273,个,44.2,Kg,
SPR00668,同心大小头,SCH160xSCH160,SS,BW,P280GH,CP05T3019,ASME B16.9,RCC-M 2,QA1,12"x10",Φ323.8xΦ273,个,50.6,Kg,
SPR00669,同心大小头,SCH40xSCH40,SS,BW,20,CP05T3019,ASME B16.9,RCC-M 2,QA1,12"x10",Φ323.8xΦ273,个,16.3,Kg,
SPR00670,同心大小头,SCH80xSCH80,SS,BW,20,CP05T3019,ASME B16.9,RCC-M 2,QA1,12"x10",Φ323.8xΦ273,个,25.1,Kg,
SPR00671,同心大小头,SCH80SxSCH80S,SS,BW,022Cr19Ni10,CP05T3017,ASME B16.9,RCC-M 2,QA1,12"x10",Φ323.8xΦ273,个,21.6,Kg,
SPR00672,同心大小头,7.14mmxSCH20,SS,BW,20,CP05T3019,ASME B16.9,RCC-M 3,QA2,12"x10",Φ323.8xΦ273,个,12,Kg,
SPR00673,同心大小头,SCH10SxSCH10S,SS,BW,022Cr19Ni10,CP05T3017,ASME B16.9,RCC-M 3,QA2,12"x10",Φ323.8xΦ273,个,8,Kg,
SPR00674,同心大小头,SCH40xSCH40,SS,BW,20,CP05T3019,ASME B16.9,RCC-M 3,QA2,12"x10",Φ323.8xΦ273,个,16.3,Kg,
SPR00675,同心大小头,SCH80SxSCH80S,SS,BW,022Cr19Ni10,CP05T3017,ASME B16.9,RCC-M 3,QA2,12"x10",Φ323.8xΦ273,个,21.6,Kg,
SPR00676,同心大小头,7.14mmxSCH20,SS,BW,20,CP05T3025,ASME B16.9,NA,QNCa,12"x10",Φ323.8xΦ273,个,,Kg,
SPR00677,同心大小头,SCH10SxSCH10S,SS,BW,022Cr17Ni12Mo2,CP05T3023,ASME B16.9,NA,QNCa,12"x10",Φ323.8xΦ273,个,7.97,Kg,
SPR00678,同心大小头,SCH10SxSCH10S,SS,BW,022Cr19Ni10,CP05T3023,ASME B16.9,NA,QNCa,12"x10",Φ323.8xΦ273,个,8,Kg,
SPR00679,同心大小头,SCH20xSCH20,SS,BW,20,CP05T3025,ASME B16.9,NA,QNCa,12"x10",Φ323.8xΦ273,个,10.2,Kg,
SPR00680,同心大小头,SCH140xSCH160,SS,BW,026Cr18Ni12Mo2N,CP05T3017,ASME B16.9,RCC-M 1,QA1,14"x6",Φ355.6xΦ168.3,个,88.4,Kg,
SPR00681,同心大小头,SCH10SxSCH10S,SS,BW,022Cr19Ni10,CP05T3017,ASME B16.9,RCC-M 2,QA1,14"x6",Φ355.6xΦ168.3,个,13.1,Kg,
SPR00682,同心大小头,SCH140xSCH160,SS,BW,022Cr19Ni10,CP05T3017,ASME B16.9,RCC-M 2,QA1,14"x6",Φ355.6xΦ168.3,个,88.4,Kg,
SPR00683,同心大小头,SCH160xSCH160,SS,BW,P280GH,CP05T3019,ASME B16.9,RCC-M 2,QA1,14"x6",Φ355.6xΦ168.3,个,98.2,Kg,
SPR00684,同心大小头,SCH20x4.37mm,SS,BW,20,CP05T3019,ASME B16.9,RCC-M 2,QA1,14"x6",Φ355.6xΦ168.3,个,25.6,Kg,
SPR00685,同心大小头,SCH40xSCH40,SS,BW,20,CP05T3019,ASME B16.9,RCC-M 2,QA1,14"x6",Φ355.6xΦ168.3,个,32.1,Kg,
SPR00686,同心大小头,SCH60xSCH40S,SS,BW,022Cr19Ni10,CP05T3017,ASME B16.9,RCC-M 2,QA1,14"x6",Φ355.6xΦ168.3,个,,Kg,
SPR00687,同心大小头,SCH80xSCH80,SS,BW,20,CP05T3019,ASME B16.9,RCC-M 2,QA1,14"x6",Φ355.6xΦ168.3,个,56.5,Kg,
SPR00688,同心大小头,SCH80SxSCH80S,SS,BW,022Cr19Ni10,CP05T3017,ASME B16.9,RCC-M 2,QA1,14"x6",Φ355.6xΦ168.3,个,,Kg,
SPR00689,同心大小头,SCH20x4.37mm,SS,BW,20,CP05T3019,ASME B16.9,RCC-M 3,QA2,14"x6",Φ355.6xΦ168.3,个,25.6,Kg,
SPR00690,同心大小头,SCH40xSCH40,SS,BW,20,CP05T3019,ASME B16.9,RCC-M 3,QA2,14"x6",Φ355.6xΦ168.3,个,32.1,Kg,
SPR00691,同心大小头,SCH60xSCH40S,SS,BW,022Cr19Ni10,CP05T3017,ASME B16.9,RCC-M 3,QA2,14"x6",Φ355.6xΦ168.3,个,,Kg,
SPR00692,同心大小头,SCH10SxSCH10S,SS,BW,022Cr17Ni12Mo2,CP05T3023,ASME B16.9,NA,QNCa,14"x6",Φ355.6xΦ168.3,个,13.1,Kg,
SPR00693,同心大小头,SCH10SxSCH10S,SS,BW,022Cr19Ni10,CP05T3023,ASME B16.9,NA,QNCa,14"x6",Φ355.6xΦ168.3,个,13.1,Kg,
SPR00694,同心大小头,SCH20x4.37mm,SS,BW,20,CP05T3025,ASME B16.9,NA,QNCa,14"x6",Φ355.6xΦ168.3,个,25.6,Kg,
SPR00695,同心大小头,SCH140xSCH160,SS,BW,026Cr18Ni12Mo2N,CP05T3017,ASME B16.9,RCC-M 1,QA1,14"x8",Φ355.6xΦ219.1,个,88.4,Kg,
SPR00696,同心大小头,SCH10SxSCH10S,SS,BW,022Cr19Ni10,CP05T3017,ASME B16.9,RCC-M 2,QA1,14"x8",Φ355.6xΦ219.1,个,13.9,Kg,
SPR00697,同心大小头,SCH140xSCH160,SS,BW,022Cr19Ni10,CP05T3017,ASME B16.9,RCC-M 2,QA1,14"x8",Φ355.6xΦ219.1,个,88.4,Kg,
SPR00698,同心大小头,SCH160xSCH160,SS,BW,P280GH,CP05T3019,ASME B16.9,RCC-M 2,QA1,14"x8",Φ355.6xΦ219.1,个,98.2,Kg,
SPR00699,同心大小头,SCH20xSCH20,SS,BW,20,CP05T3019,ASME B16.9,RCC-M 2,QA1,14"x8",Φ355.6xΦ219.1,个,25.6,Kg,
SPR00700,同心大小头,SCH40xSCH40,SS,BW,20,CP05T3019,ASME B16.9,RCC-M 2,QA1,14"x8",Φ355.6xΦ219.1,个,32.1,Kg,
SPR00701,同心大小头,SCH60xSCH40S,SS,BW,022Cr19Ni10,CP05T3017,ASME B16.9,RCC-M 2,QA1,14"x8",Φ355.6xΦ219.1,个,42,Kg,
SPR00702,同心大小头,SCH80xSCH80,SS,BW,20,CP05T3019,ASME B16.9,RCC-M 2,QA1,14"x8",Φ355.6xΦ219.1,个,56.5,Kg,
SPR00703,同心大小头,SCH80SxSCH80S,SS,BW,022Cr19Ni10,CP05T3017,ASME B16.9,RCC-M 2,QA1,14"x8",Φ355.6xΦ219.1,个,,Kg,
SPR00704,同心大小头,SCH20xSCH20,SS,BW,20,CP05T3019,ASME B16.9,RCC-M 3,QA2,14"x8",Φ355.6xΦ219.1,个,25.6,Kg,
SPR00705,同心大小头,SCH40xSCH40,SS,BW,20,CP05T3019,ASME B16.9,RCC-M 3,QA2,14"x8",Φ355.6xΦ219.1,个,32.1,Kg,
SPR00706,同心大小头,SCH60xSCH40S,SS,BW,022Cr19Ni10,CP05T3017,ASME B16.9,RCC-M 3,QA2,14"x8",Φ355.6xΦ219.1,个,42,Kg,
SPR00707,同心大小头,SCH10SxSCH10S,SS,BW,022Cr17Ni12Mo2,CP05T3023,ASME B16.9,NA,QNCa,14"x8",Φ355.6xΦ219.1,个,13.9,Kg,
SPR00708,同心大小头,SCH10SxSCH10S,SS,BW,022Cr19Ni10,CP05T3023,ASME B16.9,NA,QNCa,14"x8",Φ355.6xΦ219.1,个,13.9,Kg,
SPR00709,同心大小头,SCH20xSCH20,SS,BW,20,CP05T3025,ASME B16.9,NA,QNCa,14"x8",Φ355.6xΦ219.1,个,25.6,Kg,
SPR00710,同心大小头,SCH140xSCH140,SS,BW,026Cr18Ni12Mo2N,CP05T3017,ASME B16.9,RCC-M 1,QA1,14"x10",Φ355.6xΦ273,个,88.4,Kg,
SPR00711,同心大小头,SCH10SxSCH10S,SS,BW,022Cr19Ni10,CP05T3017,ASME B16.9,RCC-M 2,QA1,14"x10",Φ355.6xΦ273,个,14.4,Kg,
SPR00712,同心大小头,SCH140xSCH140,SS,BW,022Cr19Ni10,CP05T3017,ASME B16.9,RCC-M 2,QA1,14"x10",Φ355.6xΦ273,个,88.4,Kg,
SPR00713,同心大小头,SCH160xSCH160,SS,BW,P280GH,CP05T3019,ASME B16.9,RCC-M 2,QA1,14"x10",Φ355.6xΦ273,个,98.2,Kg,
SPR00714,同心大小头,SCH20xSCH20,SS,BW,20,CP05T3019,ASME B16.9,RCC-M 2,QA1,14"x10",Φ355.6xΦ273,个,25.6,Kg,
SPR00715,同心大小头,SCH40xSCH40,SS,BW,20,CP05T3019,ASME B16.9,RCC-M 2,QA1,14"x10",Φ355.6xΦ273,个,32.1,Kg,
SPR00716,同心大小头,SCH60xSCH80S,SS,BW,022Cr19Ni10,CP05T3017,ASME B16.9,RCC-M 2,QA1,14"x10",Φ355.6xΦ273,个,42,Kg,
SPR00717,同心大小头,SCH80xSCH80,SS,BW,20,CP05T3019,ASME B16.9,RCC-M 2,QA1,14"x10",Φ355.6xΦ273,个,56.5,Kg,
SPR00718,同心大小头,SCH80SxSCH80S,SS,BW,022Cr19Ni10,CP05T3017,ASME B16.9,RCC-M 2,QA1,14"x10",Φ355.6xΦ273,个,,Kg,
SPR00719,同心大小头,SCH20xSCH20,SS,BW,20,CP05T3019,ASME B16.9,RCC-M 3,QA2,14"x10",Φ355.6xΦ273,个,28.5,Kg,
SPR00720,同心大小头,SCH40xSCH40,SS,BW,20,CP05T3019,ASME B16.9,RCC-M 3,QA2,14"x10",Φ355.6xΦ273,个,32.1,Kg,
SPR00721,同心大小头,SCH60xSCH80S,SS,BW,022Cr19Ni10,CP05T3017,ASME B16.9,RCC-M 3,QA2,14"x10",Φ355.6xΦ273,个,42,Kg,
SPR00722,同心大小头,SCH10SxSCH10S,SS,BW,022Cr17Ni12Mo2,CP05T3023,ASME B16.9,NA,QNCa,14"x10",Φ355.6xΦ273,个,14.4,Kg,
SPR00723,同心大小头,SCH10SxSCH10S,SS,BW,022Cr19Ni10,CP05T3023,ASME B16.9,NA,QNCa,14"x10",Φ355.6xΦ273,个,14.4,Kg,
SPR00724,同心大小头,SCH20xSCH20,SS,BW,20,CP05T3025,ASME B16.9,NA,QNCa,14"x10",Φ355.6xΦ273,个,25.6,Kg,
SPR00725,同心大小头,SCH140xSCH140,SS,BW,026Cr18Ni12Mo2N,CP05T3017,ASME B16.9,RCC-M 1,QA1,14"x12",Φ355.6xΦ323.8,个,88.4,Kg,
SPR00726,同心大小头,SCH10SxSCH10S,SS,BW,022Cr19Ni10,CP05T3017,ASME B16.9,RCC-M 2,QA1,14"x12",Φ355.6xΦ323.8,个,15.3,Kg,
SPR00727,同心大小头,SCH140xSCH140,SS,BW,022Cr19Ni10,CP05T3017,ASME B16.9,RCC-M 2,QA1,14"x12",Φ355.6xΦ323.8,个,88.4,Kg,
SPR00728,同心大小头,SCH160xSCH160,SS,BW,P280GH,CP05T3019,ASME B16.9,RCC-M 2,QA1,14"x12",Φ355.6xΦ323.8,个,98.2,Kg,
SPR00729,同心大小头,SCH20x7.14mm,SS,BW,20,CP05T3019,ASME B16.9,RCC-M 2,QA1,14"x12",Φ355.6xΦ323.8,个,25.6,Kg,
SPR00730,同心大小头,SCH40xSCH40,SS,BW,20,CP05T3019,ASME B16.9,RCC-M 2,QA1,14"x12",Φ355.6xΦ323.8,个,32.1,Kg,
SPR00731,同心大小头,SCH60xSCH80S,SS,BW,022Cr19Ni10,CP05T3017,ASME B16.9,RCC-M 2,QA1,14"x12",Φ355.6xΦ323.8,个,42,Kg,
SPR00732,同心大小头,SCH80xSCH80,SS,BW,20,CP05T3019,ASME B16.9,RCC-M 2,QA1,14"x12",Φ355.6xΦ323.8,个,56.5,Kg,
SPR00733,同心大小头,SCH80SxSCH80S,SS,BW,022Cr19Ni10,CP05T3017,ASME B16.9,RCC-M 2,QA1,14"x12",Φ355.6xΦ323.8,个,35,Kg,
SPR00734,同心大小头,SCH20x7.14mm,SS,BW,20,CP05T3019,ASME B16.9,RCC-M 3,QA2,14"x12",Φ355.6xΦ323.8,个,25.6,Kg,
SPR00735,同心大小头,SCH40xSCH40,SS,BW,20,CP05T3019,ASME B16.9,RCC-M 3,QA2,14"x12",Φ355.6xΦ323.8,个,32.1,Kg,
SPR00736,同心大小头,SCH60xSCH80S,SS,BW,022Cr19Ni10,CP05T3017,ASME B16.9,RCC-M 3,QA2,14"x12",Φ355.6xΦ323.8,个,42,Kg,
SPR00737,同心大小头,SCH10SxSCH10S,SS,BW,022Cr17Ni12Mo2,CP05T3023,ASME B16.9,NA,QNCa,14"x12",Φ355.6xΦ323.8,个,15.3,Kg,
SPR00738,同心大小头,SCH10SxSCH10S,SS,BW,022Cr19Ni10,CP05T3023,ASME B16.9,NA,QNCa,14"x12",Φ355.6xΦ323.8,个,15.3,Kg,
SPR00739,同心大小头,SCH20x7.14mm,SS,BW,20,CP05T3025,ASME B16.9,NA,QNCa,14"x12",Φ355.6xΦ323.8,个,25.6,Kg,
SPR00740,同心大小头,SCH140xSCH160,SS,BW,026Cr18Ni12Mo2N,CP05T3017,ASME B16.9,RCC-M 1,QA1,16"x8",Φ406.4xΦ219.1,个,123.9,Kg,
SPR00741,同心大小头,8.74mmxSCH20,SS,BW,20,CP05T3019,ASME B16.9,RCC-M 2,QA1,16"x8",Φ406.4xΦ219.1,个,,Kg,
SPR00742,同心大小头,SCH10SxSCH10S,SS,BW,022Cr19Ni10,CP05T3017,ASME B16.9,RCC-M 2,QA1,16"x8",Φ406.4xΦ219.1,个,16.7,Kg,
SPR00743,同心大小头,SCH140xSCH160,SS,BW,022Cr19Ni10,CP05T3017,ASME B16.9,RCC-M 2,QA1,16"x8",Φ406.4xΦ219.1,个,123.9,Kg,
SPR00744,同心大小头,SCH160xSCH160,SS,BW,P280GH,CP05T3019,ASME B16.9,RCC-M 2,QA1,16"x8",Φ406.4xΦ219.1,个,135.8,Kg,
SPR00745,同心大小头,SCH40xSCH40,SS,BW,20,CP05T3019,ASME B16.9,RCC-M 2,QA1,16"x8",Φ406.4xΦ219.1,个,48.8,Kg,
SPR00746,同心大小头,SCH40SxSCH10S,SS,BW,022Cr19Ni10,CP05T3017,ASME B16.9,RCC-M 2,QA1,16"x8",Φ406.4xΦ219.1,个,33.3,Kg,
SPR00747,同心大小头,SCH60xSCH40S,SS,BW,022Cr19Ni10,CP05T3017,ASME B16.9,RCC-M 2,QA1,16"x8",Φ406.4xΦ219.1,个,57,Kg,
SPR00748,同心大小头,SCH80xSCH80,SS,BW,20,CP05T3019,ASME B16.9,RCC-M 2,QA1,16"x8",Φ406.4xΦ219.1,个,79,Kg,
SPR00749,同心大小头,SCH80SxSCH80S,SS,BW,022Cr19Ni10,CP05T3017,ASME B16.9,RCC-M 2,QA1,16"x8",Φ406.4xΦ219.1,个,,Kg,
SPR00750,同心大小头,9.8mmxSCH20,SS,BW,20,CP05T3019,ASME B16.9,RCC-M 3,QA2,16"x8",Φ406.4xΦ219.1,个,,Kg,
SPR00751,同心大小头,SCH40xSCH40,SS,BW,20,CP05T3019,ASME B16.9,RCC-M 3,QA2,16"x8",Φ406.4xΦ219.1,个,48.8,Kg,
SPR00752,同心大小头,SCH60xSCH40S,SS,BW,022Cr19Ni10,CP05T3017,ASME B16.9,RCC-M 3,QA2,16"x8",Φ406.4xΦ219.1,个,57,Kg,
SPR00753,同心大小头,SCH10SxSCH10S,SS,BW,022Cr17Ni12Mo2,CP05T3023,ASME B16.9,NA,QNCa,16"x8",Φ406.4xΦ219.1,个,16.7,Kg,
SPR00754,同心大小头,SCH10SxSCH10S,SS,BW,022Cr19Ni10,CP05T3023,ASME B16.9,NA,QNCa,16"x8",Φ406.4xΦ219.1,个,16.7,Kg,
SPR00755,同心大小头,SCH20xSCH20,SS,BW,20,CP05T3025,ASME B16.9,NA,QNCa,16"x8",Φ406.4xΦ219.1,个,30.5,Kg,
SPR00756,同心大小头,SCH140xSCH140,SS,BW,026Cr18Ni12Mo2N,CP05T3017,ASME B16.9,RCC-M 1,QA1,16"x10",Φ406.4xΦ273,个,123.9,Kg,
SPR00757,同心大小头,8.74mmxSCH20,SS,BW,20,CP05T3019,ASME B16.9,RCC-M 2,QA1,16"x10",Φ406.4xΦ273,个,,Kg,
SPR00758,同心大小头,SCH10SxSCH10S,SS,BW,022Cr19Ni10,CP05T3017,ASME B16.9,RCC-M 2,QA1,16"x10",Φ406.4xΦ273,个,17.7,Kg,
SPR00759,同心大小头,SCH140xSCH140,SS,BW,022Cr19Ni10,CP05T3017,ASME B16.9,RCC-M 2,QA1,16"x10",Φ406.4xΦ273,个,123.9,Kg,
SPR00760,同心大小头,SCH160xSCH160,SS,BW,P280GH,CP05T3019,ASME B16.9,RCC-M 2,QA1,16"x10",Φ406.4xΦ273,个,135.8,Kg,
SPR00761,同心大小头,SCH40xSCH40,SS,BW,20,CP05T3019,ASME B16.9,RCC-M 2,QA1,16"x10",Φ406.4xΦ273,个,48.8,Kg,
SPR00762,同心大小头,SCH40SxSCH10S,SS,BW,022Cr19Ni10,CP05T3017,ASME B16.9,RCC-M 2,QA1,16"x10",Φ406.4xΦ273,个,35.4,Kg,
SPR00763,同心大小头,SCH60xSCH80S,SS,BW,022Cr19Ni10,CP05T3017,ASME B16.9,RCC-M 2,QA1,16"x10",Φ406.4xΦ273,个,57,Kg,
SPR00764,同心大小头,SCH80xSCH80,SS,BW,20,CP05T3019,ASME B16.9,RCC-M 2,QA1,16"x10",Φ406.4xΦ273,个,79,Kg,
SPR00765,同心大小头,SCH80SxSCH80S,SS,BW,022Cr19Ni10,CP05T3017,ASME B16.9,RCC-M 2,QA1,16"x10",Φ406.4xΦ273,个,,Kg,
SPR00766,同心大小头,9.8mmxSCH20,SS,BW,20,CP05T3019,ASME B16.9,RCC-M 3,QA2,16"x10",Φ406.4xΦ273,个,,Kg,
SPR00767,同心大小头,SCH40xSCH40,SS,BW,20,CP05T3019,ASME B16.9,RCC-M 3,QA2,16"x10",Φ406.4xΦ273,个,48.8,Kg,
SPR00768,同心大小头,SCH60xSCH80S,SS,BW,022Cr19Ni10,CP05T3017,ASME B16.9,RCC-M 3,QA2,16"x10",Φ406.4xΦ273,个,57,Kg,
SPR00769,同心大小头,SCH10SxSCH10S,SS,BW,022Cr17Ni12Mo2,CP05T3023,ASME B16.9,NA,QNCa,16"x10",Φ406.4xΦ273,个,17.7,Kg,
SPR00770,同心大小头,SCH10SxSCH10S,SS,BW,022Cr19Ni10,CP05T3023,ASME B16.9,NA,QNCa,16"x10",Φ406.4xΦ273,个,17.7,Kg,
SPR00771,同心大小头,SCH20xSCH20,SS,BW,20,CP05T3025,ASME B16.9,NA,QNCa,16"x10",Φ406.4xΦ273,个,30.5,Kg,
SPR00772,同心大小头,SCH140xSCH140,SS,BW,026Cr18Ni12Mo2N,CP05T3017,ASME B16.9,RCC-M 1,QA1,16"x12",Φ406.4xΦ323.8,个,123.9,Kg,
SPR00773,同心大小头,8.74mmx7.14mm,SS,BW,20,CP05T3019,ASME B16.9,RCC-M 2,QA1,16"x12",Φ406.4xΦ323.8,个,,Kg,
SPR00774,同心大小头,SCH10SxSCH10S,SS,BW,022Cr19Ni10,CP05T3017,ASME B16.9,RCC-M 2,QA1,16"x12",Φ406.4xΦ323.8,个,18.3,Kg,
SPR00775,同心大小头,SCH140xSCH140,SS,BW,022Cr19Ni10,CP05T3017,ASME B16.9,RCC-M 2,QA1,16"x12",Φ406.4xΦ323.8,个,123.9,Kg,
SPR00776,同心大小头,SCH160xSCH160,SS,BW,P280GH,CP05T3019,ASME B16.9,RCC-M 2,QA1,16"x12",Φ406.4xΦ323.8,个,135.8,Kg,
SPR00777,同心大小头,SCH40xSCH40,SS,BW,20,CP05T3019,ASME B16.9,RCC-M 2,QA1,16"x12",Φ406.4xΦ323.8,个,48.8,Kg,
SPR00778,同心大小头,SCH40SxSCH10S,SS,BW,022Cr19Ni10,CP05T3017,ASME B16.9,RCC-M 2,QA1,16"x12",Φ406.4xΦ323.8,个,36.7,Kg,
SPR00779,同心大小头,SCH60xSCH80S,SS,BW,022Cr19Ni10,CP05T3017,ASME B16.9,RCC-M 2,QA1,16"x12",Φ406.4xΦ323.8,个,57,Kg,
SPR00780,同心大小头,SCH80xSCH80,SS,BW,20,CP05T3019,ASME B16.9,RCC-M 2,QA1,16"x12",Φ406.4xΦ323.8,个,79,Kg,
SPR00781,同心大小头,SCH80SxSCH80S,SS,BW,022Cr19Ni10,CP05T3017,ASME B16.9,RCC-M 2,QA1,16"x12",Φ406.4xΦ323.8,个,,Kg,
SPR00782,同心大小头,9.8mmx7.14mm,SS,BW,20,CP05T3019,ASME B16.9,RCC-M 3,QA2,16"x12",Φ406.4xΦ323.8,个,,Kg,
SPR00783,同心大小头,SCH40xSCH40,SS,BW,20,CP05T3019,ASME B16.9,RCC-M 3,QA2,16"x12",Φ406.4xΦ323.8,个,48.8,Kg,
SPR00784,同心大小头,SCH60xSCH80S,SS,BW,022Cr19Ni10,CP05T3017,ASME B16.9,RCC-M 3,QA2,16"x12",Φ406.4xΦ323.8,个,57,Kg,
SPR00785,同心大小头,SCH10SxSCH10S,SS,BW,022Cr17Ni12Mo2,CP05T3023,ASME B16.9,NA,QNCa,16"x12",Φ406.4xΦ323.8,个,18.3,Kg,
SPR00786,同心大小头,SCH10SxSCH10S,SS,BW,022Cr19Ni10,CP05T3023,ASME B16.9,NA,QNCa,16"x12",Φ406.4xΦ323.8,个,18.3,Kg,
SPR00787,同心大小头,SCH20x7.14mm,SS,BW,20,CP05T3025,ASME B16.9,NA,QNCa,16"x12",Φ406.4xΦ323.8,个,30.5,Kg,
SPR00788,同心大小头,SCH140xSCH140,SS,BW,026Cr18Ni12Mo2N,CP05T3017,ASME B16.9,RCC-M 1,QA1,16"x14",Φ406.4xΦ355.6,个,123.9,Kg,
SPR00789,同心大小头,8.74mmxSCH20,SS,BW,20,CP05T3019,ASME B16.9,RCC-M 2,QA1,16"x14",Φ406.4xΦ355.6,个,,Kg,
SPR00790,同心大小头,SCH10SxSCH10S,SS,BW,022Cr19Ni10,CP05T3017,ASME B16.9,RCC-M 2,QA1,16"x14",Φ406.4xΦ355.6,个,18.8,Kg,
SPR00791,同心大小头,SCH140xSCH140,SS,BW,022Cr19Ni10,CP05T3017,ASME B16.9,RCC-M 2,QA1,16"x14",Φ406.4xΦ355.6,个,123.9,Kg,
SPR00792,同心大小头,SCH160xSCH160,SS,BW,P280GH,CP05T3019,ASME B16.9,RCC-M 2,QA1,16"x14",Φ406.4xΦ355.6,个,135.8,Kg,
SPR00793,同心大小头,SCH40xSCH40,SS,BW,20,CP05T3019,ASME B16.9,RCC-M 2,QA1,16"x14",Φ406.4xΦ355.6,个,48.8,Kg,
SPR00794,同心大小头,SCH40SxSCH10S,SS,BW,022Cr19Ni10,CP05T3017,ASME B16.9,RCC-M 2,QA1,16"x14",Φ406.4xΦ355.6,个,37.6,Kg,
SPR00795,同心大小头,SCH60xSCH60,SS,BW,022Cr19Ni10,CP05T3017,ASME B16.9,RCC-M 2,QA1,16"x14",Φ406.4xΦ355.6,个,57,Kg,
SPR00796,同心大小头,SCH80xSCH80,SS,BW,20,CP05T3019,ASME B16.9,RCC-M 2,QA1,16"x14",Φ406.4xΦ355.6,个,79,Kg,
SPR00797,同心大小头,SCH80SxSCH80S,SS,BW,022Cr19Ni10,CP05T3017,ASME B16.9,RCC-M 2,QA1,16"x14",Φ406.4xΦ355.6,个,,Kg,
SPR00798,同心大小头,9.8mmxSCH20,SS,BW,20,CP05T3019,ASME B16.9,RCC-M 3,QA2,16"x14",Φ406.4xΦ355.6,个,38.5,Kg,
SPR00799,同心大小头,SCH40xSCH40,SS,BW,20,CP05T3019,ASME B16.9,RCC-M 3,QA2,16"x14",Φ406.4xΦ355.6,个,48.8,Kg,
SPR00800,同心大小头,SCH60xSCH60,SS,BW,022Cr19Ni10,CP05T3017,ASME B16.9,RCC-M 3,QA2,16"x14",Φ406.4xΦ355.6,个,57,Kg,
SPR00801,同心大小头,SCH10SxSCH10S,SS,BW,022Cr17Ni12Mo2,CP05T3023,ASME B16.9,NA,QNCa,16"x14",Φ406.4xΦ355.6,个,18.8,Kg,
SPR00802,同心大小头,SCH10SxSCH10S,SS,BW,022Cr19Ni10,CP05T3023,ASME B16.9,NA,QNCa,16"x14",Φ406.4xΦ355.6,个,18.8,Kg,
SPR00803,同心大小头,SCH20xSCH20,SS,BW,20,CP05T3025,ASME B16.9,NA,QNCa,16"x14",Φ406.4xΦ355.6,个,30.5,Kg,
SPR00804,同心大小头,SCH140xSCH140,SS,BW,026Cr18Ni12Mo2N,CP05T3017,ASME B16.9,RCC-M 1,QA1,18"x10",Φ457xΦ273,个,162.9,Kg,
SPR00805,同心大小头,SCH140xSCH140,SS,BW,022Cr19Ni10,CP05T3017,ASME B16.9,RCC-M 2,QA1,18"x10",Φ457xΦ273,个,162.9,Kg,
SPR00806,同心大小头,SCH20xSCH10S,SS,BW,022Cr19Ni10,CP05T3017,ASME B16.9,RCC-M 2,QA1,18"x10",Φ457xΦ273,个,35.2,Kg,
SPR00807,同心大小头,SCH10xSCH20,FS,BW,Q265HR,CP05T3021,ASME B16.9,RCC-M 3,QA2,18"x10",Φ457xΦ273,个,21.5,Kg,
SPR00808,同心大小头,SCH140xSCH140,SS,BW,026Cr18Ni12Mo2N,CP05T3017,ASME B16.9,RCC-M 1,QA1,18"x12",Φ457xΦ323.8,个,162.9,Kg,
SPR00809,同心大小头,SCH140xSCH140,SS,BW,022Cr19Ni10,CP05T3017,ASME B16.9,RCC-M 2,QA1,18"x12",Φ457xΦ323.8,个,162.9,Kg,
SPR00810,同心大小头,SCH20xSCH10S,SS,BW,022Cr19Ni10,CP05T3017,ASME B16.9,RCC-M 2,QA1,18"x12",Φ457xΦ323.8,个,35.2,Kg,
SPR00811,同心大小头,SCH10x7.14mm,FS,BW,Q265HR,CP05T3021,ASME B16.9,RCC-M 3,QA2,18"x12",Φ457xΦ323.8,个,21.5,Kg,
SPR00812,同心大小头,SCH140xSCH140,SS,BW,026Cr18Ni12Mo2N,CP05T3017,ASME B16.9,RCC-M 1,QA1,18"x14",Φ457xΦ355.6,个,162.9,Kg,
SPR00813,同心大小头,SCH140xSCH140,SS,BW,022Cr19Ni10,CP05T3017,ASME B16.9,RCC-M 2,QA1,18"x14",Φ457xΦ355.6,个,162.9,Kg,
SPR00814,同心大小头,SCH20xSCH10S,SS,BW,022Cr19Ni10,CP05T3017,ASME B16.9,RCC-M 2,QA1,18"x14",Φ457xΦ355.6,个,35.2,Kg,
SPR00815,同心大小头,SCH10xSCH20,FS,BW,Q265HR,CP05T3021,ASME B16.9,RCC-M 3,QA2,18"x14",Φ457xΦ355.6,个,21.5,Kg,
SPR00816,同心大小头,SCH140xSCH140,SS,BW,026Cr18Ni12Mo2N,CP05T3017,ASME B16.9,RCC-M 1,QA1,18"x16",Φ457xΦ406.4,个,162.9,Kg,
SPR00817,同心大小头,SCH140xSCH140,SS,BW,022Cr19Ni10,CP05T3017,ASME B16.9,RCC-M 2,QA1,18"x16",Φ457xΦ406.4,个,162.9,Kg,
SPR00818,同心大小头,SCH20xSCH10S,SS,BW,022Cr19Ni10,CP05T3017,ASME B16.9,RCC-M 2,QA1,18"x16",Φ457xΦ406.4,个,35.2,Kg,
SPR00819,同心大小头,SCH10x9.8mm,FS,BW,Q265HR,CP05T3021,ASME B16.9,RCC-M 3,QA2,18"x16",Φ457xΦ406.4,个,21.5,Kg,
SPR00820,同心大小头,SCH140xSCH160,SS,BW,026Cr18Ni12Mo2N,CP05T3017,ASME B16.9,RCC-M 1,QA1,20"x8",Φ508xΦ219.1,个,,Kg,
SPR00821,同心大小头,SCH140xSCH160,SS,BW,022Cr19Ni10,CP05T3017,ASME B16.9,RCC-M 2,QA1,20"x8",Φ508xΦ219.1,个,,Kg,
SPR00822,同心大小头,SCH10xSCH20,FS,BW,Q265HR,CP05T3021,ASME B16.9,RCC-M 3,QA2,20"x8",Φ508xΦ219.1,个,,Kg,
SPR00823,同心大小头,SCH20xSCH20,FS,BW,20,CP05T3025,ASME B16.9,NA,QNCa,20"x8",Φ508xΦ219.1,个,,Kg,
SPR00824,同心大小头,SCH140xSCH140,SS,BW,026Cr18Ni12Mo2N,CP05T3017,ASME B16.9,RCC-M 1,QA1,20"x12",Φ508xΦ323.8,个,266.9,Kg,
SPR00825,同心大小头,SCH140xSCH140,SS,BW,022Cr19Ni10,CP05T3017,ASME B16.9,RCC-M 2,QA1,20"x12",Φ508xΦ323.8,个,266.9,Kg,
SPR00826,同心大小头,SCH10x7.14mm,FS,BW,Q265HR,CP05T3021,ASME B16.9,RCC-M 3,QA2,20"x12",Φ508xΦ323.8,个,36,Kg,
SPR00827,同心大小头,SCH20xSCH20,FS,BW,20,CP05T3025,ASME B16.9,NA,QNCa,20"x12",Φ508xΦ323.8,个,62.7,Kg,
SPR00828,同心大小头,SCH140xSCH140,SS,BW,026Cr18Ni12Mo2N,CP05T3017,ASME B16.9,RCC-M 1,QA1,20"x14",Φ508xΦ355.6,个,266.9,Kg,
SPR00829,同心大小头,SCH140xSCH140,SS,BW,022Cr19Ni10,CP05T3017,ASME B16.9,RCC-M 2,QA1,20"x14",Φ508xΦ355.6,个,266.9,Kg,
SPR00830,同心大小头,SCH10xSCH20,FS,BW,Q265HR,CP05T3021,ASME B16.9,RCC-M 3,QA2,20"x14",Φ508xΦ355.6,个,36,Kg,
SPR00831,同心大小头,SCH20xSCH20,FS,BW,20,CP05T3025,ASME B16.9,NA,QNCa,20"x14",Φ508xΦ355.6,个,62.7,Kg,
SPR00832,同心大小头,SCH140xSCH140,SS,BW,026Cr18Ni12Mo2N,CP05T3017,ASME B16.9,RCC-M 1,QA1,20"x16",Φ508xΦ406.4,个,266.9,Kg,
SPR00833,同心大小头,SCH140xSCH140,SS,BW,022Cr19Ni10,CP05T3017,ASME B16.9,RCC-M 2,QA1,20"x16",Φ508xΦ406.4,个,266.9,Kg,
SPR00834,同心大小头,SCH10x9.8mm,FS,BW,Q265HR,CP05T3021,ASME B16.9,RCC-M 3,QA2,20"x16",Φ508xΦ406.4,个,36,Kg,
SPR00835,同心大小头,SCH20xSCH20,FS,BW,20,CP05T3025,ASME B16.9,NA,QNCa,20"x16",Φ508xΦ406.4,个,62.7,Kg,
SPR00836,同心大小头,SCH140xSCH140,SS,BW,026Cr18Ni12Mo2N,CP05T3017,ASME B16.9,RCC-M 1,QA1,20"x18",Φ508xΦ457,个,266.9,Kg,
SPR00837,同心大小头,SCH140xSCH140,SS,BW,022Cr19Ni10,CP05T3017,ASME B16.9,RCC-M 2,QA1,20"x18",Φ508xΦ457,个,266.9,Kg,
SPR00838,同心大小头,SCH10xSCH10,FS,BW,Q265HR,CP05T3021,ASME B16.9,RCC-M 3,QA2,20"x18",Φ508xΦ457,个,36,Kg,
SPR00839,同心大小头,SCH20xSCH20,FS,BW,20,CP05T3025,ASME B16.9,NA,QNCa,20"x18",Φ508xΦ457,个,62.7,Kg,
SPR00840,同心大小头,SCH140xSCH140,SS,BW,026Cr18Ni12Mo2N,CP05T3017,ASME B16.9,RCC-M 1,QA1,22"x14",Φ559xΦ355.4,个,315.5,Kg,
SPR00841,同心大小头,SCH140xSCH140,SS,BW,022Cr19Ni10,CP05T3017,ASME B16.9,RCC-M 2,QA1,22"x14",Φ559xΦ355.4,个,315.5,Kg,
SPR00842,同心大小头,SCH10xSCH20,FS,BW,Q265HR,CP05T3021,ASME B16.9,RCC-M 3,QA2,22"x14",Φ559xΦ355.4,个,38,Kg,
SPR00843,同心大小头,SCH30xSCH20,FS,BW,20,CP05T3025,ASME B16.9,NA,QNCa,22"x14",Φ559xΦ355.4,个,92,Kg,
SPR00844,同心大小头,SCH140xSCH140,SS,BW,026Cr18Ni12Mo2N,CP05T3017,ASME B16.9,RCC-M 1,QA1,22"x16",Φ559xΦ406.4,个,315.5,Kg,
SPR00845,同心大小头,SCH140xSCH140,SS,BW,022Cr19Ni10,CP05T3017,ASME B16.9,RCC-M 2,QA1,22"x16",Φ559xΦ406.4,个,315.5,Kg,
SPR00846,同心大小头,SCH10x9.8mm,FS,BW,Q265HR,CP05T3021,ASME B16.9,RCC-M 3,QA2,22"x16",Φ559xΦ406.4,个,38,Kg,
SPR00847,同心大小头,SCH30xSCH20,FS,BW,20,CP05T3025,ASME B16.9,NA,QNCa,22"x16",Φ559xΦ406.4,个,92,Kg,
SPR00848,同心大小头,SCH140xSCH140,SS,BW,026Cr18Ni12Mo2N,CP05T3017,ASME B16.9,RCC-M 1,QA1,22"x18",Φ559xΦ457,个,315.5,Kg,
SPR00849,同心大小头,SCH140xSCH140,SS,BW,022Cr19Ni10,CP05T3017,ASME B16.9,RCC-M 2,QA1,22"x18",Φ559xΦ457,个,315.5,Kg,
SPR00850,同心大小头,SCH10xSCH10,FS,BW,Q265HR,CP05T3021,ASME B16.9,RCC-M 3,QA2,22"x18",Φ559xΦ457,个,38,Kg,
SPR00851,同心大小头,SCH30xSCH20,FS,BW,20,CP05T3025,ASME B16.9,NA,QNCa,22"x18",Φ559xΦ457,个,92,Kg,
SPR00852,同心大小头,SCH140xSCH140,SS,BW,026Cr18Ni12Mo2N,CP05T3017,ASME B16.9,RCC-M 1,QA1,22"x20",Φ559xΦ508,个,315.5,Kg,
SPR00853,同心大小头,SCH140xSCH140,SS,BW,022Cr19Ni10,CP05T3017,ASME B16.9,RCC-M 2,QA1,22"x20",Φ559xΦ508,个,315.5,Kg,
SPR00854,同心大小头,SCH10xSCH10,FS,BW,Q265HR,CP05T3021,ASME B16.9,RCC-M 3,QA2,22"x20",Φ559xΦ508,个,38,Kg,
SPR00855,同心大小头,SCH30xSCH20,FS,BW,20,CP05T3025,ASME B16.9,NA,QNCa,22"x20",Φ559xΦ508,个,92,Kg,
SPR00856,同心大小头,SCH140xSCH140,SS,BW,026Cr18Ni12Mo2N,CP05T3017,ASME B16.9,RCC-M 1,QA1,24"x16",Φ610xΦ406.4,个,378.3,Kg,
SPR00857,同心大小头,SCH140xSCH140,SS,BW,022Cr19Ni10,CP05T3017,ASME B16.9,RCC-M 2,QA1,24"x16",Φ610xΦ406.4,个,378.3,Kg,
SPR00858,同心大小头,SCH10x9.8mm,FS,BW,Q265HR,CP05T3021,ASME B16.9,RCC-M 3,QA2,24"x16",Φ610xΦ406.4,个,47.5,Kg,
SPR00859,同心大小头,SCH140xSCH140,SS,BW,026Cr18Ni12Mo2N,CP05T3017,ASME B16.9,RCC-M 1,QA1,24"x18",Φ610xΦ457,个,378.3,Kg,
SPR00860,同心大小头,SCH140xSCH140,SS,BW,022Cr19Ni10,CP05T3017,ASME B16.9,RCC-M 2,QA1,24"x18",Φ610xΦ457,个,378.3,Kg,
SPR00861,同心大小头,SCH10xSCH10,FS,BW,Q265HR,CP05T3021,ASME B16.9,RCC-M 3,QA2,24"x18",Φ610xΦ457,个,47.5,Kg,
SPR00862,同心大小头,SCH140xSCH140,SS,BW,026Cr18Ni12Mo2N,CP05T3017,ASME B16.9,RCC-M 1,QA1,24"x20",Φ610xΦ508,个,378.3,Kg,
SPR00863,同心大小头,SCH140xSCH140,SS,BW,022Cr19Ni10,CP05T3017,ASME B16.9,RCC-M 2,QA1,24"x20",Φ610xΦ508,个,378.3,Kg,
SPR00864,同心大小头,SCH10xSCH10,FS,BW,Q265HR,CP05T3021,ASME B16.9,RCC-M 3,QA2,24"x20",Φ610xΦ508,个,47.5,Kg,
SPR00865,同心大小头,SCH140xSCH140,SS,BW,026Cr18Ni12Mo2N,CP05T3017,ASME B16.9,RCC-M 1,QA1,24"x22",Φ610xΦ559,个,378.3,Kg,
SPR00866,同心大小头,SCH140xSCH140,SS,BW,022Cr19Ni10,CP05T3017,ASME B16.9,RCC-M 2,QA1,24"x22",Φ610xΦ559,个,378.3,Kg,
SPR00867,同心大小头,SCH10xSCH10,FS,BW,Q265HR,CP05T3021,ASME B16.9,RCC-M 3,QA2,24"x22",Φ610xΦ559,个,47.5,Kg,
SPR00868,同心大小头,SCH10xSCH10,FS,BW,Q265HR,CP05T3021,ASME B16.9,RCC-M 3,QA2,26"x18",Φ660xΦ457,个,75,Kg,
SPR00869,同心大小头,SCH10xSCH10,FS,BW,Q265HR,CP05T3021,ASME B16.9,RCC-M 3,QA2,26"x20",Φ660xΦ508,个,75,Kg,
SPR00870,同心大小头,SCH10xSCH10,FS,BW,Q265HR,CP05T3021,ASME B16.9,RCC-M 3,QA2,26"x22",Φ660xΦ559,个,75,Kg,
SPR00871,同心大小头,SCH10xSCH10,FS,BW,Q265HR,CP05T3021,ASME B16.9,RCC-M 3,QA2,26"x24",Φ660xΦ610,个,75,Kg,
SPR00872,同心大小头,SCH10xSCH10,FS,BW,Q265HR,CP05T3021,ASME B16.9,RCC-M 3,QA2,28"x18",Φ711xΦ457,个,79,Kg,
SPR00873,同心大小头,SCH10xSCH10,FS,BW,Q265HR,CP05T3021,ASME B16.9,RCC-M 3,QA2,28"x20",Φ711xΦ508,个,79,Kg,
SPR00874,同心大小头,SCH10xSCH10,FS,BW,Q265HR,CP05T3021,ASME B16.9,RCC-M 3,QA2,28"x24",Φ711xΦ610,个,79,Kg,
SPR00875,同心大小头,SCH10xSCH10,FS,BW,Q265HR,CP05T3021,ASME B16.9,RCC-M 3,QA2,28"x26",Φ711xΦ660,个,79,Kg,
SPR00876,同心大小头,SCH10xSCH10,FS,BW,Q265HR,CP05T3021,ASME B16.9,RCC-M 3,QA2,30"x20",Φ762xΦ508,个,85,Kg,
SPR00877,同心大小头,SCH10xSCH10,FS,BW,Q265HR,CP05T3021,ASME B16.9,RCC-M 3,QA2,30"x24",Φ762xΦ610,个,83,Kg,
SPR00878,同心大小头,SCH10xSCH10,FS,BW,Q265HR,CP05T3021,ASME B16.9,RCC-M 3,QA2,30"x26",Φ762xΦ660,个,85,Kg,
SPR00879,同心大小头,SCH10xSCH10,FS,BW,Q265HR,CP05T3021,ASME B16.9,RCC-M 3,QA2,30"x28",Φ762xΦ711,个,85,Kg,
SPR00880,同心大小头,9.52mmxSCH10,FS,BW,Q265HR,CP05T3021,ASME B16.9,RCC-M 3,QA2,32"x24",Φ813xΦ610,个,115,Kg,
SPR00881,同心大小头,9.52mmxSCH10,FS,BW,Q265HR,CP05T3021,ASME B16.9,RCC-M 3,QA2,32"x26",Φ813xΦ660,个,115,Kg,
SPR00882,同心大小头,9.52mmxSCH10,FS,BW,Q265HR,CP05T3021,ASME B16.9,RCC-M 3,QA2,32"x28",Φ813xΦ711,个,115,Kg,
SPR00883,同心大小头,9.52mmxSCH10,FS,BW,Q265HR,CP05T3021,ASME B16.9,RCC-M 3,QA2,32"x30",Φ813xΦ762,个,125,Kg,
SPR00884,同心大小头,9.52mmxSCH10,FS,BW,Q265HR,CP05T3021,ASME B16.9,RCC-M 3,QA2,34"x24",Φ864xΦ610,个,123,Kg,
SPR00885,同心大小头,9.52mmxSCH10,FS,BW,Q265HR,CP05T3021,ASME B16.9,RCC-M 3,QA2,34"x26",Φ864xΦ660,个,123,Kg,
SPR00886,同心大小头,9.52mmxSCH10,FS,BW,Q265HR,CP05T3021,ASME B16.9,RCC-M 3,QA2,34"x30",Φ864xΦ762,个,123,Kg,
SPR00887,同心大小头,9.52mmx9.52mm,FS,BW,Q265HR,CP05T3021,ASME B16.9,RCC-M 3,QA2,34"x32",Φ864xΦ813,个,123,Kg,
SPR00888,同心大小头,9.52mmxSCH10,FS,BW,Q265HR,CP05T3021,ASME B16.9,RCC-M 3,QA2,36"x24",Φ914xΦ610,个,129,Kg,
SPR00889,同心大小头,9.52mmxSCH10,FS,BW,Q265HR,CP05T3021,ASME B16.9,RCC-M 3,QA2,36"x26",Φ914xΦ660,个,129,Kg,
SPR00890,同心大小头,9.52mmxSCH10,FS,BW,Q265HR,CP05T3021,ASME B16.9,RCC-M 3,QA2,36"x30",Φ914xΦ762,个,129,Kg,
SPR00891,同心大小头,9.52mmx9.52mm,FS,BW,Q265HR,CP05T3021,ASME B16.9,RCC-M 3,QA2,36"x32",Φ914xΦ813,个,129,Kg,
SPR00892,同心大小头,9.52mmx9.52mm,FS,BW,Q265HR,CP05T3021,ASME B16.9,RCC-M 3,QA2,36"x34",Φ914xΦ864,个,129,Kg,
SPR00894,偏心大小头,SCH160xSCH160,SS,BW,022Cr19Ni10,CP05T3017,ASME B16.9,RCC-M 1,QA1,1-1/2"x1/2",Φ48.3xΦ21.3,个,0.5,Kg,
SPR00895,偏心大小头,SCH160xSCH160,SS,BW,022Cr19Ni10,CP05T3017,ASME B16.9,RCC-M 1,QA1,1-1/2"x3/4",Φ48.3xΦ26.7,个,0.5,Kg,
SPR00896,偏心大小头,SCH160xSCH160,SS,BW,022Cr19Ni10,CP05T3017,ASME B16.9,RCC-M 1,QA1,1-1/2"x1",Φ48.3xΦ33.4,个,0.5,Kg,
SPR00897,偏心大小头,SCH160xSCH160,SS,BW,022Cr19Ni10,CP05T3017,ASME B16.9,RCC-M 1,QA1,1-1/2"x1-1/4",Φ48.3xΦ42.2,个,0.5,Kg,
SPR00898,偏心大小头,SCH160xSCH160,SS,BW,022Cr19Ni10,CP05T3017,ASME B16.9,RCC-M 1,QA1,2"x3/4",Φ60.3xΦ26.7,个,0.9,Kg,
SPR00899,偏心大小头,SCH160xSCH160,SS,BW,022Cr19Ni10,CP05T3017,ASME B16.9,RCC-M 1,QA1,2"x1",Φ60.3xΦ33.4,个,0.9,Kg,
SPR00900,偏心大小头,SCH160xSCH160,SS,BW,022Cr19Ni10,CP05T3017,ASME B16.9,RCC-M 1,QA1,2"x1-1/4",Φ60.3xΦ42.2,个,0.9,Kg,
SPR00901,偏心大小头,SCH160xSCH160,SS,BW,022Cr19Ni10,CP05T3017,ASME B16.9,RCC-M 1,QA1,2"x1-1/2",Φ60.3xΦ48.3,个,0.9,Kg,
SPR00902,偏心大小头,SCH160xSCH160,SS,BW,022Cr19Ni10,CP05T3017,ASME B16.9,RCC-M 1,QA1,2-1/2"x1",Φ73xΦ33.4,个,1.4,Kg,
SPR00903,偏心大小头,SCH160xSCH160,SS,BW,022Cr19Ni10,CP05T3017,ASME B16.9,RCC-M 2,QA1,2-1/2"x1",Φ73xΦ33.4,个,1.4,Kg,
SPR00904,偏心大小头,SCH40xSCH40,SS,BW,20,CP05T3019,ASME B16.9,RCC-M 2,QA1,2-1/2"x1",Φ73xΦ33.4,个,0.8,Kg,
SPR00905,偏心大小头,SCH80SxSCH80S,SS,BW,022Cr19Ni10,CP05T3017,ASME B16.9,RCC-M 2,QA1,2-1/2"x1",Φ73xΦ33.4,个,0.87,Kg,
SPR00906,偏心大小头,SCH40SxSCH40S,SS,BW,022Cr19Ni10,CP05T3017,ASME B16.9,RCC-M 3,QA2,2-1/2"x1",Φ73xΦ33.4,个,0.64,Kg,
SPR00907,偏心大小头,3.18mmxSCH40,SS,BW,20,CP05T3025,ASME B16.9,NA,QNCa,2-1/2"x1",Φ73xΦ33.4,个,,Kg,
SPR00908,偏心大小头,SCH10SxSCH10S,SS,BW,022Cr17Ni12Mo2,CP05T3023,ASME B16.9,NA,QNCa,2-1/2"x1",Φ73xΦ33.4,个,0.38,Kg,
SPR00909,偏心大小头,SCH10SxSCH10S,SS,BW,022Cr19Ni10,CP05T3023,ASME B16.9,NA,QNCa,2-1/2"x1",Φ73xΦ33.4,个,0.38,Kg,
SPR00910,偏心大小头,SCH160xSCH160,SS,BW,022Cr19Ni10,CP05T3017,ASME B16.9,RCC-M 1,QA1,2-1/2"x1-1/4",Φ73xΦ42.2,个,1.4,Kg,
SPR00911,偏心大小头,SCH160xSCH160,SS,BW,022Cr19Ni10,CP05T3017,ASME B16.9,RCC-M 2,QA1,2-1/2"x1-1/4",Φ73xΦ42.2,个,1.4,Kg,
SPR00912,偏心大小头,SCH40xSCH40,SS,BW,20,CP05T3019,ASME B16.9,RCC-M 2,QA1,2-1/2"x1-1/4",Φ73xΦ42.2,个,0.8,Kg,
SPR00913,偏心大小头,SCH80SxSCH80S,SS,BW,022Cr19Ni10,CP05T3017,ASME B16.9,RCC-M 2,QA1,2-1/2"x1-1/4",Φ73xΦ42.2,个,0.9,Kg,
SPR00914,偏心大小头,SCH40SxSCH40S,SS,BW,022Cr19Ni10,CP05T3017,ASME B16.9,RCC-M 3,QA2,2-1/2"x1-1/4",Φ73xΦ42.2,个,0.73,Kg,
SPR00915,偏心大小头,3.18mmxSCH40,SS,BW,20,CP05T3025,ASME B16.9,NA,QNCa,2-1/2"x1-1/4",Φ73xΦ42.2,个,,Kg,
SPR00916,偏心大小头,SCH10SxSCH10S,SS,BW,022Cr17Ni12Mo2,CP05T3023,ASME B16.9,NA,QNCa,2-1/2"x1-1/4",Φ73xΦ42.2,个,0.43,Kg,
SPR00917,偏心大小头,SCH10SxSCH10S,SS,BW,022Cr19Ni10,CP05T3023,ASME B16.9,NA,QNCa,2-1/2"x1-1/4",Φ73xΦ42.2,个,0.43,Kg,
SPR00918,偏心大小头,SCH160xSCH160,SS,BW,022Cr19Ni10,CP05T3017,ASME B16.9,RCC-M 1,QA1,2-1/2"x1-1/2",Φ73xΦ48.3,个,1.4,Kg,
SPR00919,偏心大小头,SCH160xSCH160,SS,BW,022Cr19Ni10,CP05T3017,ASME B16.9,RCC-M 2,QA1,2-1/2"x1-1/2",Φ73xΦ48.3,个,1.4,Kg,
SPR00920,偏心大小头,SCH40xSCH40,SS,BW,20,CP05T3019,ASME B16.9,RCC-M 2,QA1,2-1/2"x1-1/2",Φ73xΦ48.3,个,0.8,Kg,
SPR00921,偏心大小头,SCH80SxSCH80S,SS,BW,022Cr19Ni10,CP05T3017,ASME B16.9,RCC-M 2,QA1,2-1/2"x1-1/2",Φ73xΦ48.3,个,0.94,Kg,
SPR00922,偏心大小头,SCH40SxSCH40S,SS,BW,022Cr19Ni10,CP05T3017,ASME B16.9,RCC-M 3,QA2,2-1/2"x1-1/2",Φ73xΦ48.3,个,0.76,Kg,
SPR00923,偏心大小头,3.18mmxSCH40,SS,BW,20,CP05T3025,ASME B16.9,NA,QNCa,2-1/2"x1-1/2",Φ73xΦ48.3,个,,Kg,
SPR00924,偏心大小头,SCH10SxSCH10S,SS,BW,022Cr17Ni12Mo2,CP05T3023,ASME B16.9,NA,QNCa,2-1/2"x1-1/2",Φ73xΦ48.3,个,0.44,Kg,
SPR00925,偏心大小头,SCH10SxSCH10S,SS,BW,022Cr19Ni10,CP05T3023,ASME B16.9,NA,QNCa,2-1/2"x1-1/2",Φ73xΦ48.3,个,0.44,Kg,
SPR00926,偏心大小头,SCH160xSCH160,SS,BW,022Cr19Ni10,CP05T3017,ASME B16.9,RCC-M 1,QA1,2-1/2"x2",Φ73xΦ60.3,个,1.4,Kg,
SPR00927,偏心大小头,SCH160xSCH160,SS,BW,022Cr19Ni10,CP05T3017,ASME B16.9,RCC-M 2,QA1,2-1/2"x2",Φ73xΦ60.3,个,1.4,Kg,
SPR00928,偏心大小头,SCH40xSCH40,SS,BW,20,CP05T3019,ASME B16.9,RCC-M 2,QA1,2-1/2"x2",Φ73xΦ60.3,个,0.8,Kg,
SPR00929,偏心大小头,SCH80SxSCH80S,SS,BW,022Cr19Ni10,CP05T3017,ASME B16.9,RCC-M 2,QA1,2-1/2"x2",Φ73xΦ60.3,个,1.05,Kg,
SPR00930,偏心大小头,SCH40SxSCH40S,SS,BW,022Cr19Ni10,CP05T3017,ASME B16.9,RCC-M 3,QA2,2-1/2"x2",Φ73xΦ60.3,个,0.8,Kg,
SPR00931,偏心大小头,3.18mmx3.18mm,SS,BW,20,CP05T3025,ASME B16.9,NA,QNCa,2-1/2"x2",Φ73xΦ60.3,个,,Kg,
SPR00932,偏心大小头,SCH10SxSCH10S,SS,BW,022Cr17Ni12Mo2,CP05T3023,ASME B16.9,NA,QNCa,2-1/2"x2",Φ73xΦ60.3,个,0.47,Kg,
SPR00933,偏心大小头,SCH10SxSCH10S,SS,BW,022Cr19Ni10,CP05T3023,ASME B16.9,NA,QNCa,2-1/2"x2",Φ73xΦ60.3,个,0.47,Kg,
SPR00934,偏心大小头,SCH160xSCH160,SS,BW,022Cr19Ni10,CP05T3017,ASME B16.9,RCC-M 1,QA1,3"x1",Φ88.9xΦ33.4,个,,Kg,
SPR00935,偏心大小头,SCH160xSCH160,SS,BW,022Cr19Ni10,CP05T3017,ASME B16.9,RCC-M 2,QA1,3"x1",Φ88.9xΦ33.4,个,,Kg,
SPR00936,偏心大小头,SCH40xSCH40,SS,BW,20,CP05T3019,ASME B16.9,RCC-M 2,QA1,3"x1",Φ88.9xΦ33.4,个,,Kg,
SPR00937,偏心大小头,SCH80SxSCH80S,SS,BW,022Cr19Ni10,CP05T3017,ASME B16.9,RCC-M 2,QA1,3"x1",Φ88.9xΦ33.4,个,,Kg,
SPR00938,偏心大小头,SCH40SxSCH40S,SS,BW,022Cr19Ni10,CP05T3017,ASME B16.9,RCC-M 3,QA2,3"x1",Φ88.9xΦ33.4,个,,Kg,
SPR00939,偏心大小头,3.18mmxSCH40,SS,BW,20,CP05T3025,ASME B16.9,NA,QNCa,3"x1",Φ88.9xΦ33.4,个,,Kg,
SPR00940,偏心大小头,SCH10SxSCH10S,SS,BW,022Cr17Ni12Mo2,CP05T3023,ASME B16.9,NA,QNCa,3"x1",Φ88.9xΦ33.4,个,,Kg,
SPR00941,偏心大小头,SCH10SxSCH10S,SS,BW,022Cr19Ni10,CP05T3023,ASME B16.9,NA,QNCa,3"x1",Φ88.9xΦ33.4,个,,Kg,
SPR00942,偏心大小头,SCH160xSCH160,SS,BW,022Cr19Ni10,CP05T3017,ASME B16.9,RCC-M 1,QA1,3"x1-1/4",Φ88.9xΦ42.2,个,2.1,Kg,
SPR00943,偏心大小头,SCH160xSCH160,SS,BW,022Cr19Ni10,CP05T3017,ASME B16.9,RCC-M 2,QA1,3"x1-1/4",Φ88.9xΦ42.2,个,2.1,Kg,
SPR00944,偏心大小头,SCH40xSCH40,SS,BW,20,CP05T3019,ASME B16.9,RCC-M 2,QA1,3"x1-1/4",Φ88.9xΦ42.2,个,1.05,Kg,
SPR00945,偏心大小头,SCH80SxSCH80S,SS,BW,022Cr19Ni10,CP05T3017,ASME B16.9,RCC-M 2,QA1,3"x1-1/4",Φ88.9xΦ42.2,个,1.15,Kg,
SPR00946,偏心大小头,SCH40SxSCH40S,SS,BW,022Cr19Ni10,CP05T3017,ASME B16.9,RCC-M 3,QA2,3"x1-1/4",Φ88.9xΦ42.2,个,0.85,Kg,
SPR00947,偏心大小头,3.18mmxSCH40,SS,BW,20,CP05T3025,ASME B16.9,NA,QNCa,3"x1-1/4",Φ88.9xΦ42.2,个,,Kg,
SPR00948,偏心大小头,SCH10SxSCH10S,SS,BW,022Cr17Ni12Mo2,CP05T3023,ASME B16.9,NA,QNCa,3"x1-1/4",Φ88.9xΦ42.2,个,0.47,Kg,
SPR00949,偏心大小头,SCH10SxSCH10S,SS,BW,022Cr19Ni10,CP05T3023,ASME B16.9,NA,QNCa,3"x1-1/4",Φ88.9xΦ42.2,个,0.47,Kg,
SPR00950,偏心大小头,SCH160xSCH160,SS,BW,022Cr19Ni10,CP05T3017,ASME B16.9,RCC-M 1,QA1,3"x1-1/2",Φ88.9xΦ48.3,个,2.1,Kg,
SPR00951,偏心大小头,SCH160xSCH160,SS,BW,022Cr19Ni10,CP05T3017,ASME B16.9,RCC-M 2,QA1,3"x1-1/2",Φ88.9xΦ48.3,个,2.1,Kg,
SPR00952,偏心大小头,SCH40xSCH40,SS,BW,20,CP05T3019,ASME B16.9,RCC-M 2,QA1,3"x1-1/2",Φ88.9xΦ48.3,个,1.05,Kg,
SPR00953,偏心大小头,SCH80SxSCH80S,SS,BW,022Cr19Ni10,CP05T3017,ASME B16.9,RCC-M 2,QA1,3"x1-1/2",Φ88.9xΦ48.3,个,1.2,Kg,
SPR00954,偏心大小头,SCH40SxSCH40S,SS,BW,022Cr19Ni10,CP05T3017,ASME B16.9,RCC-M 3,QA2,3"x1-1/2",Φ88.9xΦ48.3,个,0.94,Kg,
SPR00955,偏心大小头,3.18mmxSCH40,SS,BW,20,CP05T3025,ASME B16.9,NA,QNCa,3"x1-1/2",Φ88.9xΦ48.3,个,,Kg,
SPR00956,偏心大小头,SCH10SxSCH10S,SS,BW,022Cr17Ni12Mo2,CP05T3023,ASME B16.9,NA,QNCa,3"x1-1/2",Φ88.9xΦ48.3,个,0.51,Kg,
SPR00957,偏心大小头,SCH10SxSCH10S,SS,BW,022Cr19Ni10,CP05T3023,ASME B16.9,NA,QNCa,3"x1-1/2",Φ88.9xΦ48.3,个,0.51,Kg,
SPR00958,偏心大小头,SCH160xSCH160,SS,BW,022Cr19Ni10,CP05T3017,ASME B16.9,RCC-M 1,QA1,3"x2",Φ88.9xΦ60.3,个,2.1,Kg,
SPR00959,偏心大小头,SCH160xSCH160,SS,BW,022Cr19Ni10,CP05T3017,ASME B16.9,RCC-M 2,QA1,3"x2",Φ88.9xΦ60.3,个,1.89,Kg,
SPR00960,偏心大小头,SCH40xSCH40,SS,BW,20,CP05T3019,ASME B16.9,RCC-M 2,QA1,3"x2",Φ88.9xΦ60.3,个,1.05,Kg,
SPR00961,偏心大小头,SCH80SxSCH80S,SS,BW,022Cr19Ni10,CP05T3017,ASME B16.9,RCC-M 2,QA1,3"x2",Φ88.9xΦ60.3,个,1.29,Kg,
SPR00962,偏心大小头,SCH40SxSCH40S,SS,BW,022Cr19Ni10,CP05T3017,ASME B16.9,RCC-M 3,QA2,3"x2",Φ88.9xΦ60.3,个,1,Kg,
SPR00963,偏心大小头,3.18mmx3.18mm,SS,BW,20,CP05T3025,ASME B16.9,NA,QNCa,3"x2",Φ88.9xΦ60.3,个,0.55,Kg,
SPR00964,偏心大小头,SCH10SxSCH10S,SS,BW,022Cr17Ni12Mo2,CP05T3023,ASME B16.9,NA,QNCa,3"x2",Φ88.9xΦ60.3,个,0.55,Kg,
SPR00965,偏心大小头,SCH10SxSCH10S,SS,BW,022Cr19Ni10,CP05T3023,ASME B16.9,NA,QNCa,3"x2",Φ88.9xΦ60.3,个,1.89,Kg,
SPR00966,偏心大小头,SCH160xSCH160,SS,BW,022Cr19Ni10,CP05T3017,ASME B16.9,RCC-M 1,QA1,3"x2-1/2",Φ88.9xΦ73,个,2.1,Kg,
SPR00967,偏心大小头,SCH160xSCH160,SS,BW,022Cr19Ni10,CP05T3017,ASME B16.9,RCC-M 2,QA1,3"x2-1/2",Φ88.9xΦ73,个,2.1,Kg,
SPR00968,偏心大小头,SCH40xSCH40,SS,BW,20,CP05T3019,ASME B16.9,RCC-M 2,QA1,3"x2-1/2",Φ88.9xΦ73,个,1.05,Kg,
SPR00969,偏心大小头,SCH80SxSCH80S,SS,BW,022Cr19Ni10,CP05T3017,ASME B16.9,RCC-M 2,QA1,3"x2-1/2",Φ88.9xΦ73,个,1.49,Kg,
SPR00970,偏心大小头,SCH40SxSCH40S,SS,BW,022Cr19Ni10,CP05T3017,ASME B16.9,RCC-M 3,QA2,3"x2-1/2",Φ88.9xΦ73,个,1.1,Kg,
SPR00971,偏心大小头,3.18mmx3.18mm,SS,BW,20,CP05T3025,ASME B16.9,NA,QNCa,3"x2-1/2",Φ88.9xΦ73,个,,Kg,
SPR00972,偏心大小头,SCH10SxSCH10S,SS,BW,022Cr17Ni12Mo2,CP05T3023,ASME B16.9,NA,QNCa,3"x2-1/2",Φ88.9xΦ73,个,0.59,Kg,
SPR00973,偏心大小头,SCH10SxSCH10S,SS,BW,022Cr19Ni10,CP05T3023,ASME B16.9,NA,QNCa,3"x2-1/2",Φ88.9xΦ73,个,0.59,Kg,
SPR00974,偏心大小头,SCH160xSCH160,SS,BW,022Cr19Ni10,CP05T3017,ASME B16.9,RCC-M 1,QA1,3-1/2"x1-1/4",Φ101.6xΦ42.2,个,3,Kg,
SPR00975,偏心大小头,SCH160xSCH160,SS,BW,022Cr19Ni10,CP05T3017,ASME B16.9,RCC-M 2,QA1,3-1/2"x1-1/4",Φ101.6xΦ42.2,个,3,Kg,
SPR00976,偏心大小头,SCH40xSCH40,SS,BW,20,CP05T3019,ASME B16.9,RCC-M 2,QA1,3-1/2"x1-1/4",Φ101.6xΦ42.2,个,1.36,Kg,
SPR00977,偏心大小头,SCH80SxSCH80S,SS,BW,022Cr19Ni10,CP05T3017,ASME B16.9,RCC-M 2,QA1,3-1/2"x1-1/4",Φ101.6xΦ42.2,个,1.6,Kg,
SPR00978,偏心大小头,SCH40SxSCH40S,SS,BW,022Cr19Ni10,CP05T3017,ASME B16.9,RCC-M 3,QA2,3-1/2"x1-1/4",Φ101.6xΦ42.2,个,1.2,Kg,
SPR00979,偏心大小头,SCH10SxSCH10S,SS,BW,022Cr17Ni12Mo2,CP05T3023,ASME B16.9,NA,QNCa,3-1/2"x1-1/4",Φ101.6xΦ42.2,个,0.62,Kg,
SPR00980,偏心大小头,SCH10SxSCH10S,SS,BW,022Cr19Ni10,CP05T3023,ASME B16.9,NA,QNCa,3-1/2"x1-1/4",Φ101.6xΦ42.2,个,0.62,Kg,
SPR00981,偏心大小头,SCH160xSCH160,SS,BW,022Cr19Ni10,CP05T3017,ASME B16.9,RCC-M 1,QA1,3-1/2"x1-1/2",Φ101.6xΦ48.3,个,3,Kg,
SPR00982,偏心大小头,SCH160xSCH160,SS,BW,022Cr19Ni10,CP05T3017,ASME B16.9,RCC-M 2,QA1,3-1/2"x1-1/2",Φ101.6xΦ48.3,个,3,Kg,
SPR00983,偏心大小头,SCH40xSCH40,SS,BW,20,CP05T3019,ASME B16.9,RCC-M 2,QA1,3-1/2"x1-1/2",Φ101.6xΦ48.3,个,1.36,Kg,
SPR00984,偏心大小头,SCH80SxSCH80S,SS,BW,022Cr19Ni10,CP05T3017,ASME B16.9,RCC-M 2,QA1,3-1/2"x1-1/2",Φ101.6xΦ48.3,个,1.65,Kg,
SPR00985,偏心大小头,SCH40SxSCH40S,SS,BW,022Cr19Ni10,CP05T3017,ASME B16.9,RCC-M 3,QA2,3-1/2"x1-1/2",Φ101.6xΦ48.3,个,1.25,Kg,
SPR00986,偏心大小头,SCH10SxSCH10S,SS,BW,022Cr17Ni12Mo2,CP05T3023,ASME B16.9,NA,QNCa,3-1/2"x1-1/2",Φ101.6xΦ48.3,个,0.66,Kg,
SPR00987,偏心大小头,SCH10SxSCH10S,SS,BW,022Cr19Ni10,CP05T3023,ASME B16.9,NA,QNCa,3-1/2"x1-1/2",Φ101.6xΦ48.3,个,0.66,Kg,
SPR00988,偏心大小头,SCH160xSCH160,SS,BW,022Cr19Ni10,CP05T3017,ASME B16.9,RCC-M 1,QA1,3-1/2"x2",Φ101.6xΦ60.3,个,3,Kg,
SPR00989,偏心大小头,SCH160xSCH160,SS,BW,022Cr19Ni10,CP05T3017,ASME B16.9,RCC-M 2,QA1,3-1/2"x2",Φ101.6xΦ60.3,个,3,Kg,
SPR00990,偏心大小头,SCH40xSCH40,SS,BW,20,CP05T3019,ASME B16.9,RCC-M 2,QA1,3-1/2"x2",Φ101.6xΦ60.3,个,1.36,Kg,
SPR00991,偏心大小头,SCH80SxSCH80S,SS,BW,022Cr19Ni10,CP05T3017,ASME B16.9,RCC-M 2,QA1,3-1/2"x2",Φ101.6xΦ60.3,个,1.75,Kg,
SPR00992,偏心大小头,SCH40SxSCH40S,SS,BW,022Cr19Ni10,CP05T3017,ASME B16.9,RCC-M 3,QA2,3-1/2"x2",Φ101.6xΦ60.3,个,1.35,Kg,
SPR00993,偏心大小头,SCH10SxSCH10S,SS,BW,022Cr17Ni12Mo2,CP05T3023,ASME B16.9,NA,QNCa,3-1/2"x2",Φ101.6xΦ60.3,个,0.71,Kg,
SPR00994,偏心大小头,SCH10SxSCH10S,SS,BW,022Cr19Ni10,CP05T3023,ASME B16.9,NA,QNCa,3-1/2"x2",Φ101.6xΦ60.3,个,0.71,Kg,
SPR00995,偏心大小头,SCH160xSCH160,SS,BW,022Cr19Ni10,CP05T3017,ASME B16.9,RCC-M 1,QA1,3-1/2"x2-1/2",Φ101.6xΦ73,个,3,Kg,
SPR00996,偏心大小头,SCH160xSCH160,SS,BW,022Cr19Ni10,CP05T3017,ASME B16.9,RCC-M 2,QA1,3-1/2"x2-1/2",Φ101.6xΦ73,个,3,Kg,
SPR00997,偏心大小头,SCH40xSCH40,SS,BW,20,CP05T3019,ASME B16.9,RCC-M 2,QA1,3-1/2"x2-1/2",Φ101.6xΦ73,个,1.36,Kg,
SPR00998,偏心大小头,SCH80SxSCH80S,SS,BW,022Cr19Ni10,CP05T3017,ASME B16.9,RCC-M 2,QA1,3-1/2"x2-1/2",Φ101.6xΦ73,个,1.9,Kg,
SPR00999,偏心大小头,SCH40SxSCH40S,SS,BW,022Cr19Ni10,CP05T3017,ASME B16.9,RCC-M 3,QA2,3-1/2"x2-1/2",Φ101.6xΦ73,个,1.46,Kg,
SPR01000,偏心大小头,SCH10SxSCH10S,SS,BW,022Cr17Ni12Mo2,CP05T3023,ASME B16.9,NA,QNCa,3-1/2"x2-1/2",Φ101.6xΦ73,个,0.77,Kg,
SPR01001,偏心大小头,SCH10SxSCH10S,SS,BW,022Cr19Ni10,CP05T3023,ASME B16.9,NA,QNCa,3-1/2"x2-1/2",Φ101.6xΦ73,个,0.77,Kg,
SPR01002,偏心大小头,SCH160xSCH160,SS,BW,022Cr19Ni10,CP05T3017,ASME B16.9,RCC-M 1,QA1,3-1/2"x3",Φ101.6xΦ88.9,个,3,Kg,
SPR01003,偏心大小头,SCH160xSCH160,SS,BW,022Cr19Ni10,CP05T3017,ASME B16.9,RCC-M 2,QA1,3-1/2"x3",Φ101.6xΦ88.9,个,3,Kg,
SPR01004,偏心大小头,SCH40xSCH40,SS,BW,20,CP05T3019,ASME B16.9,RCC-M 2,QA1,3-1/2"x3",Φ101.6xΦ88.9,个,1.36,Kg,
SPR01005,偏心大小头,SCH80SxSCH80S,SS,BW,022Cr19Ni10,CP05T3017,ASME B16.9,RCC-M 2,QA1,3-1/2"x3",Φ101.6xΦ88.9,个,2,Kg,
SPR01006,偏心大小头,SCH40SxSCH40S,SS,BW,022Cr19Ni10,CP05T3017,ASME B16.9,RCC-M 3,QA2,3-1/2"x3",Φ101.6xΦ88.9,个,1.5,Kg,
SPR01007,偏心大小头,SCH10SxSCH10S,SS,BW,022Cr17Ni12Mo2,CP05T3023,ASME B16.9,NA,QNCa,3-1/2"x3",Φ101.6xΦ88.9,个,0.8,Kg,
SPR01008,偏心大小头,SCH10SxSCH10S,SS,BW,022Cr19Ni10,CP05T3023,ASME B16.9,NA,QNCa,3-1/2"x3",Φ101.6xΦ88.9,个,0.8,Kg,
SPR01009,偏心大小头,SCH160xSCH160,SS,BW,022Cr19Ni10,CP05T3017,ASME B16.9,RCC-M 1,QA1,4"x1-1/2",Φ114.3xΦ48.3,个,3.7,Kg,
SPR01010,偏心大小头,SCH160xSCH160,SS,BW,022Cr19Ni10,CP05T3017,ASME B16.9,RCC-M 2,QA1,4"x1-1/2",Φ114.3xΦ48.3,个,3.7,Kg,
SPR01011,偏心大小头,SCH40xSCH40,SS,BW,20,CP05T3019,ASME B16.9,RCC-M 2,QA1,4"x1-1/2",Φ114.3xΦ48.3,个,1.63,Kg,
SPR01012,偏心大小头,SCH80SxSCH80S,SS,BW,022Cr19Ni10,CP05T3017,ASME B16.9,RCC-M 2,QA1,4"x1-1/2",Φ114.3xΦ48.3,个,1.9,Kg,
SPR01013,偏心大小头,SCH40SxSCH40S,SS,BW,022Cr19Ni10,CP05T3017,ASME B16.9,RCC-M 3,QA2,4"x1-1/2",Φ114.3xΦ48.3,个,1.35,Kg,
SPR01014,偏心大小头,3.58mmxSCH40,SS,BW,20,CP05T3025,ASME B16.9,NA,QNCa,4"x1-1/2",Φ114.3xΦ48.3,个,,Kg,
SPR01015,偏心大小头,SCH10SxSCH10S,SS,BW,022Cr17Ni12Mo2,CP05T3023,ASME B16.9,NA,QNCa,4"x1-1/2",Φ114.3xΦ48.3,个,0.68,Kg,
SPR01016,偏心大小头,SCH10SxSCH10S,SS,BW,022Cr19Ni10,CP05T3023,ASME B16.9,NA,QNCa,4"x1-1/2",Φ114.3xΦ48.3,个,3.8,Kg,
SPR01017,偏心大小头,SCH160xSCH160,SS,BW,022Cr19Ni10,CP05T3017,ASME B16.9,RCC-M 1,QA1,4"x2",Φ114.3xΦ60.3,个,3.7,Kg,
SPR01018,偏心大小头,SCH160xSCH160,SS,BW,022Cr19Ni10,CP05T3017,ASME B16.9,RCC-M 2,QA1,4"x2",Φ114.3xΦ60.3,个,3.41,Kg,
SPR01019,偏心大小头,SCH40xSCH40,SS,BW,20,CP05T3019,ASME B16.9,RCC-M 2,QA1,4"x2",Φ114.3xΦ60.3,个,1.63,Kg,
SPR01020,偏心大小头,SCH80SxSCH80S,SS,BW,022Cr19Ni10,CP05T3017,ASME B16.9,RCC-M 2,QA1,4"x2",Φ114.3xΦ60.3,个,1.95,Kg,
SPR01021,偏心大小头,SCH40SxSCH40S,SS,BW,022Cr19Ni10,CP05T3017,ASME B16.9,RCC-M 3,QA2,4"x2",Φ114.3xΦ60.3,个,1.6,Kg,
SPR01022,偏心大小头,3.58mmx3.18mm,SS,BW,20,CP05T3025,ASME B16.9,NA,QNCa,4"x2",Φ114.3xΦ60.3,个,,Kg,
SPR01023,偏心大小头,SCH10SxSCH10S,SS,BW,022Cr17Ni12Mo2,CP05T3023,ASME B16.9,NA,QNCa,4"x2",Φ114.3xΦ60.3,个,0.78,Kg,
SPR01024,偏心大小头,SCH10SxSCH10S,SS,BW,022Cr19Ni10,CP05T3023,ASME B16.9,NA,QNCa,4"x2",Φ114.3xΦ60.3,个,0.78,Kg,
SPR01025,偏心大小头,SCH160xSCH160,SS,BW,022Cr19Ni10,CP05T3017,ASME B16.9,RCC-M 1,QA1,4"x2-1/2",Φ114.3xΦ73,个,3.7,Kg,
SPR01026,偏心大小头,SCH160xSCH160,SS,BW,022Cr19Ni10,CP05T3017,ASME B16.9,RCC-M 2,QA1,4"x2-1/2",Φ114.3xΦ73,个,3.7,Kg,
SPR01027,偏心大小头,SCH40xSCH40,SS,BW,20,CP05T3019,ASME B16.9,RCC-M 2,QA1,4"x2-1/2",Φ114.3xΦ73,个,1.63,Kg,
SPR01028,偏心大小头,SCH80SxSCH80S,SS,BW,022Cr19Ni10,CP05T3017,ASME B16.9,RCC-M 2,QA1,4"x2-1/2",Φ114.3xΦ73,个,2.2,Kg,
SPR01029,偏心大小头,SCH40SxSCH40S,SS,BW,022Cr19Ni10,CP05T3017,ASME B16.9,RCC-M 3,QA2,4"x2-1/2",Φ114.3xΦ73,个,1.65,Kg,
SPR01030,偏心大小头,3.58mmx3.18mm,SS,BW,20,CP05T3025,ASME B16.9,NA,QNCa,4"x2-1/2",Φ114.3xΦ73,个,,Kg,
SPR01031,偏心大小头,SCH10SxSCH10S,SS,BW,022Cr17Ni12Mo2,CP05T3023,ASME B16.9,NA,QNCa,4"x2-1/2",Φ114.3xΦ73,个,0.83,Kg,
SPR01032,偏心大小头,SCH10SxSCH10S,SS,BW,022Cr19Ni10,CP05T3023,ASME B16.9,NA,QNCa,4"x2-1/2",Φ114.3xΦ73,个,0.83,Kg,
SPR01033,偏心大小头,SCH160xSCH160,SS,BW,022Cr19Ni10,CP05T3017,ASME B16.9,RCC-M 1,QA1,4"x3",Φ114.3xΦ88.9,个,3.7,Kg,
SPR01034,偏心大小头,SCH160xSCH160,SS,BW,022Cr19Ni10,CP05T3017,ASME B16.9,RCC-M 2,QA1,4"x3",Φ114.3xΦ88.9,个,3.41,Kg,
SPR01035,偏心大小头,SCH40xSCH40,SS,BW,20,CP05T3019,ASME B16.9,RCC-M 2,QA1,4"x3",Φ114.3xΦ88.9,个,1.63,Kg,
SPR01036,偏心大小头,SCH80SxSCH80S,SS,BW,022Cr19Ni10,CP05T3017,ASME B16.9,RCC-M 2,QA1,4"x3",Φ114.3xΦ88.9,个,2.3,Kg,
SPR01037,偏心大小头,SCH40SxSCH40S,SS,BW,022Cr19Ni10,CP05T3017,ASME B16.9,RCC-M 3,QA2,4"x3",Φ114.3xΦ88.9,个,1.75,Kg,
SPR01038,偏心大小头,3.58mmx3.18mm,SS,BW,20,CP05T3025,ASME B16.9,NA,QNCa,4"x3",Φ114.3xΦ88.9,个,,Kg,
SPR01039,偏心大小头,SCH10SxSCH10S,SS,BW,022Cr17Ni12Mo2,CP05T3023,ASME B16.9,NA,QNCa,4"x3",Φ114.3xΦ88.9,个,0.87,Kg,
SPR01040,偏心大小头,SCH10SxSCH10S,SS,BW,022Cr19Ni10,CP05T3023,ASME B16.9,NA,QNCa,4"x3",Φ114.3xΦ88.9,个,0.87,Kg,
SPR01041,偏心大小头,SCH160xSCH160,SS,BW,022Cr19Ni10,CP05T3017,ASME B16.9,RCC-M 1,QA1,4"x3-1/2",Φ114.3xΦ101.6,个,3.7,Kg,
SPR01042,偏心大小头,SCH160xSCH160,SS,BW,022Cr19Ni10,CP05T3017,ASME B16.9,RCC-M 2,QA1,4"x3-1/2",Φ114.3xΦ101.6,个,3.7,Kg,
SPR01043,偏心大小头,SCH40xSCH40,SS,BW,20,CP05T3019,ASME B16.9,RCC-M 2,QA1,4"x3-1/2",Φ114.3xΦ101.6,个,1.63,Kg,
SPR01044,偏心大小头,SCH80SxSCH80S,SS,BW,022Cr19Ni10,CP05T3017,ASME B16.9,RCC-M 2,QA1,4"x3-1/2",Φ114.3xΦ101.6,个,2.4,Kg,
SPR01045,偏心大小头,SCH40SxSCH40S,SS,BW,022Cr19Ni10,CP05T3017,ASME B16.9,RCC-M 3,QA2,4"x3-1/2",Φ114.3xΦ101.6,个,1.8,Kg,
SPR01046,偏心大小头,3.58mmx3.58mm,SS,BW,20,CP05T3025,ASME B16.9,NA,QNCa,4"x3-1/2",Φ114.3xΦ101.6,个,,Kg,
SPR01047,偏心大小头,SCH10SxSCH10S,SS,BW,022Cr17Ni12Mo2,CP05T3023,ASME B16.9,NA,QNCa,4"x3-1/2",Φ114.3xΦ101.6,个,0.9,Kg,
SPR01048,偏心大小头,SCH10SxSCH10S,SS,BW,022Cr19Ni10,CP05T3023,ASME B16.9,NA,QNCa,4"x3-1/2",Φ114.3xΦ101.6,个,0.9,Kg,
SPR01049,偏心大小头,SCH160xSCH160,SS,BW,022Cr19Ni10,CP05T3017,ASME B16.9,RCC-M 1,QA1,5"x2",Φ141.3xΦ60.3,个,6.8,Kg,
SPR01050,偏心大小头,SCH160xSCH160,SS,BW,022Cr19Ni10,CP05T3017,ASME B16.9,RCC-M 2,QA1,5"x2",Φ141.3xΦ60.3,个,6.8,Kg,
SPR01051,偏心大小头,SCH40xSCH40,SS,BW,20,CP05T3019,ASME B16.9,RCC-M 2,QA1,5"x2",Φ141.3xΦ60.3,个,2.77,Kg,
SPR01052,偏心大小头,SCH80SxSCH80S,SS,BW,022Cr19Ni10,CP05T3017,ASME B16.9,RCC-M 2,QA1,5"x2",Φ141.3xΦ60.3,个,3.3,Kg,
SPR01053,偏心大小头,SCH40SxSCH40S,SS,BW,022Cr19Ni10,CP05T3017,ASME B16.9,RCC-M 3,QA2,5"x2",Φ141.3xΦ60.3,个,2.5,Kg,
SPR01054,偏心大小头,SCH10SxSCH10S,SS,BW,022Cr17Ni12Mo2,CP05T3023,ASME B16.9,NA,QNCa,5"x2",Φ141.3xΦ60.3,个,1.3,Kg,
SPR01055,偏心大小头,SCH10SxSCH10S,SS,BW,022Cr19Ni10,CP05T3023,ASME B16.9,NA,QNCa,5"x2",Φ141.3xΦ60.3,个,1.3,Kg,
SPR01056,偏心大小头,SCH160xSCH160,SS,BW,022Cr19Ni10,CP05T3017,ASME B16.9,RCC-M 1,QA1,5"x2-1/2",Φ141.3xΦ73,个,6.8,Kg,
SPR01057,偏心大小头,SCH160xSCH160,SS,BW,022Cr19Ni10,CP05T3017,ASME B16.9,RCC-M 2,QA1,5"x2-1/2",Φ141.3xΦ73,个,6.8,Kg,
SPR01058,偏心大小头,SCH40xSCH40,SS,BW,20,CP05T3019,ASME B16.9,RCC-M 2,QA1,5"x2-1/2",Φ141.3xΦ73,个,2.77,Kg,
SPR01059,偏心大小头,SCH80SxSCH80S,SS,BW,022Cr19Ni10,CP05T3017,ASME B16.9,RCC-M 2,QA1,5"x2-1/2",Φ141.3xΦ73,个,3.6,Kg,
SPR01060,偏心大小头,SCH40SxSCH40S,SS,BW,022Cr19Ni10,CP05T3017,ASME B16.9,RCC-M 3,QA2,5"x2-1/2",Φ141.3xΦ73,个,2.7,Kg,
SPR01061,偏心大小头,SCH10SxSCH10S,SS,BW,022Cr17Ni12Mo2,CP05T3023,ASME B16.9,NA,QNCa,5"x2-1/2",Φ141.3xΦ73,个,1.4,Kg,
SPR01062,偏心大小头,SCH10SxSCH10S,SS,BW,022Cr19Ni10,CP05T3023,ASME B16.9,NA,QNCa,5"x2-1/2",Φ141.3xΦ73,个,1.4,Kg,
SPR01063,偏心大小头,SCH160xSCH160,SS,BW,022Cr19Ni10,CP05T3017,ASME B16.9,RCC-M 1,QA1,5"x3",Φ141.3xΦ88.9,个,6.8,Kg,
SPR01064,偏心大小头,SCH160xSCH160,SS,BW,022Cr19Ni10,CP05T3017,ASME B16.9,RCC-M 2,QA1,5"x3",Φ141.3xΦ88.9,个,6.8,Kg,
SPR01065,偏心大小头,SCH40xSCH40,SS,BW,20,CP05T3019,ASME B16.9,RCC-M 2,QA1,5"x3",Φ141.3xΦ88.9,个,2.77,Kg,
SPR01066,偏心大小头,SCH80SxSCH80S,SS,BW,022Cr19Ni10,CP05T3017,ASME B16.9,RCC-M 2,QA1,5"x3",Φ141.3xΦ88.9,个,3.9,Kg,
SPR01067,偏心大小头,SCH40SxSCH40S,SS,BW,022Cr19Ni10,CP05T3017,ASME B16.9,RCC-M 3,QA2,5"x3",Φ141.3xΦ88.9,个,2.8,Kg,
SPR01068,偏心大小头,SCH10SxSCH10S,SS,BW,022Cr17Ni12Mo2,CP05T3023,ASME B16.9,NA,QNCa,5"x3",Φ141.3xΦ88.9,个,1.45,Kg,
SPR01069,偏心大小头,SCH10SxSCH10S,SS,BW,022Cr19Ni10,CP05T3023,ASME B16.9,NA,QNCa,5"x3",Φ141.3xΦ88.9,个,1.45,Kg,
SPR01070,偏心大小头,SCH160xSCH160,SS,BW,022Cr19Ni10,CP05T3017,ASME B16.9,RCC-M 1,QA1,5"x3-1/2",Φ141.3xΦ101.6,个,,Kg,
SPR01071,偏心大小头,SCH160xSCH160,SS,BW,022Cr19Ni10,CP05T3017,ASME B16.9,RCC-M 2,QA1,5"x3-1/2",Φ141.3xΦ101.6,个,,Kg,
SPR01072,偏心大小头,SCH40xSCH40,SS,BW,20,CP05T3019,ASME B16.9,RCC-M 2,QA1,5"x3-1/2",Φ141.3xΦ101.6,个,2.8,Kg,
SPR01073,偏心大小头,SCH80SxSCH80S,SS,BW,022Cr19Ni10,CP05T3017,ASME B16.9,RCC-M 2,QA1,5"x3-1/2",Φ141.3xΦ101.6,个,4,Kg,
SPR01074,偏心大小头,SCH40SxSCH40S,SS,BW,022Cr19Ni10,CP05T3017,ASME B16.9,RCC-M 3,QA2,5"x3-1/2",Φ141.3xΦ101.6,个,2.9,Kg,
SPR01075,偏心大小头,SCH10SxSCH10S,SS,BW,022Cr17Ni12Mo2,CP05T3023,ASME B16.9,NA,QNCa,5"x3-1/2",Φ141.3xΦ101.6,个,1.48,Kg,
SPR01076,偏心大小头,SCH10SxSCH10S,SS,BW,022Cr19Ni10,CP05T3023,ASME B16.9,NA,QNCa,5"x3-1/2",Φ141.3xΦ101.6,个,1.48,Kg,
SPR01077,偏心大小头,SCH160xSCH160,SS,BW,022Cr19Ni10,CP05T3017,ASME B16.9,RCC-M 1,QA1,5"x4",Φ141.3xΦ114.3,个,6.8,Kg,
SPR01078,偏心大小头,SCH160xSCH160,SS,BW,022Cr19Ni10,CP05T3017,ASME B16.9,RCC-M 2,QA1,5"x4",Φ141.3xΦ114.3,个,6.8,Kg,
SPR01079,偏心大小头,SCH40xSCH40,SS,BW,20,CP05T3019,ASME B16.9,RCC-M 2,QA1,5"x4",Φ141.3xΦ114.3,个,2.77,Kg,
SPR01080,偏心大小头,SCH80SxSCH80S,SS,BW,022Cr19Ni10,CP05T3017,ASME B16.9,RCC-M 2,QA1,5"x4",Φ141.3xΦ114.3,个,4.1,Kg,
SPR01081,偏心大小头,SCH40SxSCH40S,SS,BW,022Cr19Ni10,CP05T3017,ASME B16.9,RCC-M 3,QA2,5"x4",Φ141.3xΦ114.3,个,3,Kg,
SPR01082,偏心大小头,SCH10SxSCH10S,SS,BW,022Cr17Ni12Mo2,CP05T3023,ASME B16.9,NA,QNCa,5"x4",Φ141.3xΦ114.3,个,1.5,Kg,
SPR01083,偏心大小头,SCH10SxSCH10S,SS,BW,022Cr19Ni10,CP05T3023,ASME B16.9,NA,QNCa,5"x4",Φ141.3xΦ114.3,个,1.5,Kg,
SPR01084,偏心大小头,SCH160xSCH160,SS,BW,022Cr19Ni10,CP05T3017,ASME B16.9,RCC-M 1,QA1,6"x2",Φ168.3xΦ60.3,个,,Kg,
SPR01085,偏心大小头,SCH160xSCH160,SS,BW,022Cr19Ni10,CP05T3017,ASME B16.9,RCC-M 2,QA1,6"x2",Φ168.3xΦ60.3,个,,Kg,
SPR01086,偏心大小头,SCH40xSCH40,SS,BW,20,CP05T3019,ASME B16.9,RCC-M 2,QA1,6"x2",Φ168.3xΦ60.3,个,,Kg,
SPR01087,偏心大小头,SCH80SxSCH80S,SS,BW,022Cr19Ni10,CP05T3017,ASME B16.9,RCC-M 2,QA1,6"x2",Φ168.3xΦ60.3,个,,Kg,
SPR01088,偏心大小头,SCH40SxSCH40S,SS,BW,022Cr19Ni10,CP05T3017,ASME B16.9,RCC-M 3,QA2,6"x2",Φ168.3xΦ60.3,个,,Kg,
SPR01089,偏心大小头,4.37mmx3.18mm,SS,BW,20,CP05T3025,ASME B16.9,NA,QNCa,6"x2",Φ168.3xΦ60.3,个,,Kg,
SPR01090,偏心大小头,SCH10SxSCH10S,SS,BW,022Cr17Ni12Mo2,CP05T3023,ASME B16.9,NA,QNCa,6"x2",Φ168.3xΦ60.3,个,,Kg,
SPR01091,偏心大小头,SCH10SxSCH10S,SS,BW,022Cr19Ni10,CP05T3023,ASME B16.9,NA,QNCa,6"x2",Φ168.3xΦ60.3,个,,Kg,
SPR01092,偏心大小头,SCH160xSCH160,SS,BW,022Cr19Ni10,CP05T3017,ASME B16.9,RCC-M 1,QA1,6"x2-1/2",Φ168.3xΦ73,个,10.4,Kg,
SPR01093,偏心大小头,SCH160xSCH160,SS,BW,022Cr19Ni10,CP05T3017,ASME B16.9,RCC-M 2,QA1,6"x2-1/2",Φ168.3xΦ73,个,10.4,Kg,
SPR01094,偏心大小头,SCH40xSCH40,SS,BW,20,CP05T3019,ASME B16.9,RCC-M 2,QA1,6"x2-1/2",Φ168.3xΦ73,个,3.96,Kg,
SPR01095,偏心大小头,SCH80SxSCH80S,SS,BW,022Cr19Ni10,CP05T3017,ASME B16.9,RCC-M 2,QA1,6"x2-1/2",Φ168.3xΦ73,个,4.9,Kg,
SPR01096,偏心大小头,SCH40SxSCH40S,SS,BW,022Cr19Ni10,CP05T3017,ASME B16.9,RCC-M 3,QA2,6"x2-1/2",Φ168.3xΦ73,个,3.8,Kg,
SPR01097,偏心大小头,4.37mmx3.18mm,SS,BW,20,CP05T3025,ASME B16.9,NA,QNCa,6"x2-1/2",Φ168.3xΦ73,个,,Kg,
SPR01098,偏心大小头,SCH10SxSCH10S,SS,BW,022Cr17Ni12Mo2,CP05T3023,ASME B16.9,NA,QNCa,6"x2-1/2",Φ168.3xΦ73,个,1.55,Kg,
SPR01099,偏心大小头,SCH10SxSCH10S,SS,BW,022Cr19Ni10,CP05T3023,ASME B16.9,NA,QNCa,6"x2-1/2",Φ168.3xΦ73,个,1.55,Kg,
SPR01100,偏心大小头,SCH160xSCH160,SS,BW,022Cr19Ni10,CP05T3017,ASME B16.9,RCC-M 1,QA1,6"x3",Φ168.3xΦ88.9,个,10.4,Kg,
SPR01101,偏心大小头,SCH160xSCH160,SS,BW,022Cr19Ni10,CP05T3017,ASME B16.9,RCC-M 2,QA1,6"x3",Φ168.3xΦ88.9,个,10.4,Kg,
SPR01102,偏心大小头,SCH40xSCH40,SS,BW,20,CP05T3019,ASME B16.9,RCC-M 2,QA1,6"x3",Φ168.3xΦ88.9,个,3.96,Kg,
SPR01103,偏心大小头,SCH80SxSCH80S,SS,BW,022Cr19Ni10,CP05T3017,ASME B16.9,RCC-M 2,QA1,6"x3",Φ168.3xΦ88.9,个,5.5,Kg,
SPR01104,偏心大小头,SCH40SxSCH40S,SS,BW,022Cr19Ni10,CP05T3017,ASME B16.9,RCC-M 3,QA2,6"x3",Φ168.3xΦ88.9,个,4,Kg,
SPR01105,偏心大小头,4.37mmx3.18mm,SS,BW,20,CP05T3025,ASME B16.9,NA,QNCa,6"x3",Φ168.3xΦ88.9,个,,Kg,
SPR01106,偏心大小头,SCH10SxSCH10S,SS,BW,022Cr17Ni12Mo2,CP05T3023,ASME B16.9,NA,QNCa,6"x3",Φ168.3xΦ88.9,个,1.8,Kg,
SPR01107,偏心大小头,SCH10SxSCH10S,SS,BW,022Cr19Ni10,CP05T3023,ASME B16.9,NA,QNCa,6"x3",Φ168.3xΦ88.9,个,1.8,Kg,
SPR01108,偏心大小头,SCH160xSCH160,SS,BW,022Cr19Ni10,CP05T3017,ASME B16.9,RCC-M 1,QA1,6"x3-1/2",Φ168.3xΦ101.6,个,10.4,Kg,
SPR01109,偏心大小头,SCH160xSCH160,SS,BW,022Cr19Ni10,CP05T3017,ASME B16.9,RCC-M 2,QA1,6"x3-1/2",Φ168.3xΦ101.6,个,10.4,Kg,
SPR01110,偏心大小头,SCH40xSCH40,SS,BW,20,CP05T3019,ASME B16.9,RCC-M 2,QA1,6"x3-1/2",Φ168.3xΦ101.6,个,3.96,Kg,
SPR01111,偏心大小头,SCH80SxSCH80S,SS,BW,022Cr19Ni10,CP05T3017,ASME B16.9,RCC-M 2,QA1,6"x3-1/2",Φ168.3xΦ101.6,个,5.75,Kg,
SPR01112,偏心大小头,SCH40SxSCH40S,SS,BW,022Cr19Ni10,CP05T3017,ASME B16.9,RCC-M 3,QA2,6"x3-1/2",Φ168.3xΦ101.6,个,4.05,Kg,
SPR01113,偏心大小头,4.37mmx3.58mm,SS,BW,20,CP05T3025,ASME B16.9,NA,QNCa,6"x3-1/2",Φ168.3xΦ101.6,个,,Kg,
SPR01114,偏心大小头,SCH10SxSCH10S,SS,BW,022Cr17Ni12Mo2,CP05T3023,ASME B16.9,NA,QNCa,6"x3-1/2",Φ168.3xΦ101.6,个,1.9,Kg,
SPR01115,偏心大小头,SCH10SxSCH10S,SS,BW,022Cr19Ni10,CP05T3023,ASME B16.9,NA,QNCa,6"x3-1/2",Φ168.3xΦ101.6,个,1.9,Kg,
SPR01116,偏心大小头,SCH160xSCH160,SS,BW,022Cr19Ni10,CP05T3017,ASME B16.9,RCC-M 1,QA1,6"x4",Φ168.3xΦ114.3,个,9.4,Kg,
SPR01117,偏心大小头,SCH160xSCH160,SS,BW,022Cr19Ni10,CP05T3017,ASME B16.9,RCC-M 2,QA1,6"x4",Φ168.3xΦ114.3,个,10.4,Kg,
SPR01118,偏心大小头,SCH40xSCH40,SS,BW,20,CP05T3019,ASME B16.9,RCC-M 2,QA1,6"x4",Φ168.3xΦ114.3,个,3.96,Kg,
SPR01119,偏心大小头,SCH80SxSCH80S,SS,BW,022Cr19Ni10,CP05T3017,ASME B16.9,RCC-M 2,QA1,6"x4",Φ168.3xΦ114.3,个,5.95,Kg,
SPR01120,偏心大小头,SCH40SxSCH40S,SS,BW,022Cr19Ni10,CP05T3017,ASME B16.9,RCC-M 3,QA2,6"x4",Φ168.3xΦ114.3,个,4.1,Kg,
SPR01121,偏心大小头,4.37mmx3.58mm,SS,BW,20,CP05T3025,ASME B16.9,NA,QNCa,6"x4",Φ168.3xΦ114.3,个,,Kg,
SPR01122,偏心大小头,SCH10SxSCH10S,SS,BW,022Cr17Ni12Mo2,CP05T3023,ASME B16.9,NA,QNCa,6"x4",Φ168.3xΦ114.3,个,1.95,Kg,
SPR01123,偏心大小头,SCH10SxSCH10S,SS,BW,022Cr19Ni10,CP05T3023,ASME B16.9,NA,QNCa,6"x4",Φ168.3xΦ114.3,个,1.95,Kg,
SPR01124,偏心大小头,SCH160xSCH160,SS,BW,022Cr19Ni10,CP05T3017,ASME B16.9,RCC-M 1,QA1,6"x5",Φ168.3xΦ141.3,个,10.4,Kg,
SPR01125,偏心大小头,SCH160xSCH160,SS,BW,022Cr19Ni10,CP05T3017,ASME B16.9,RCC-M 2,QA1,6"x5",Φ168.3xΦ141.3,个,10.4,Kg,
SPR01126,偏心大小头,SCH40xSCH40,SS,BW,20,CP05T3019,ASME B16.9,RCC-M 2,QA1,6"x5",Φ168.3xΦ141.3,个,3.96,Kg,
SPR01127,偏心大小头,SCH80SxSCH80S,SS,BW,022Cr19Ni10,CP05T3017,ASME B16.9,RCC-M 2,QA1,6"x5",Φ168.3xΦ141.3,个,6.2,Kg,
SPR01128,偏心大小头,SCH40SxSCH40S,SS,BW,022Cr19Ni10,CP05T3017,ASME B16.9,RCC-M 3,QA2,6"x5",Φ168.3xΦ141.3,个,4.3,Kg,
SPR01129,偏心大小头,4.37mmx3.96mm,SS,BW,20,CP05T3025,ASME B16.9,NA,QNCa,6"x5",Φ168.3xΦ141.3,个,,Kg,
SPR01130,偏心大小头,SCH10SxSCH10S,SS,BW,022Cr17Ni12Mo2,CP05T3023,ASME B16.9,NA,QNCa,6"x5",Φ168.3xΦ141.3,个,2,Kg,
SPR01131,偏心大小头,SCH10SxSCH10S,SS,BW,022Cr19Ni10,CP05T3023,ASME B16.9,NA,QNCa,6"x5",Φ168.3xΦ141.3,个,2,Kg,
SPR01132,偏心大小头,SCH160xSCH160,SS,BW,022Cr19Ni10,CP05T3017,ASME B16.9,RCC-M 1,QA1,8"x3-1/2",Φ219.1xΦ101.6,个,18.9,Kg,
SPR01133,偏心大小头,SCH160xSCH160,SS,BW,022Cr19Ni10,CP05T3017,ASME B16.9,RCC-M 2,QA1,8"x3-1/2",Φ219.1xΦ101.6,个,18.9,Kg,
SPR01134,偏心大小头,SCH40xSCH40,SS,BW,20,CP05T3019,ASME B16.9,RCC-M 2,QA1,8"x3-1/2",Φ219.1xΦ101.6,个,6.31,Kg,
SPR01135,偏心大小头,SCH80SxSCH80S,SS,BW,022Cr19Ni10,CP05T3017,ASME B16.9,RCC-M 2,QA1,8"x3-1/2",Φ219.1xΦ101.6,个,8,Kg,
SPR01136,偏心大小头,SCH40SxSCH40S,SS,BW,022Cr19Ni10,CP05T3017,ASME B16.9,RCC-M 3,QA2,8"x3-1/2",Φ219.1xΦ101.6,个,6.4,Kg,
SPR01137,偏心大小头,SCH10SxSCH10S,SS,BW,022Cr17Ni12Mo2,CP05T3023,ASME B16.9,NA,QNCa,8"x3-1/2",Φ219.1xΦ101.6,个,2.95,Kg,
SPR01138,偏心大小头,SCH10SxSCH10S,SS,BW,022Cr19Ni10,CP05T3023,ASME B16.9,NA,QNCa,8"x3-1/2",Φ219.1xΦ101.6,个,2.95,Kg,
SPR01139,偏心大小头,SCH20x3.58mm,SS,BW,20,CP05T3025,ASME B16.9,NA,QNCa,8"x3-1/2",Φ219.1xΦ101.6,个,,Kg,
SPR01140,偏心大小头,SCH160xSCH160,SS,BW,022Cr19Ni10,CP05T3017,ASME B16.9,RCC-M 1,QA1,8"x4",Φ219.1xΦ114.3,个,18.9,Kg,
SPR01141,偏心大小头,SCH160xSCH160,SS,BW,022Cr19Ni10,CP05T3017,ASME B16.9,RCC-M 2,QA1,8"x4",Φ219.1xΦ114.3,个,18.9,Kg,
SPR01142,偏心大小头,SCH40xSCH40,SS,BW,20,CP05T3019,ASME B16.9,RCC-M 2,QA1,8"x4",Φ219.1xΦ114.3,个,6.31,Kg,
SPR01143,偏心大小头,SCH80SxSCH80S,SS,BW,022Cr19Ni10,CP05T3017,ASME B16.9,RCC-M 2,QA1,8"x4",Φ219.1xΦ114.3,个,9.2,Kg,
SPR01144,偏心大小头,SCH40SxSCH40S,SS,BW,022Cr19Ni10,CP05T3017,ASME B16.9,RCC-M 3,QA2,8"x4",Φ219.1xΦ114.3,个,6.5,Kg,
SPR01145,偏心大小头,SCH10SxSCH10S,SS,BW,022Cr17Ni12Mo2,CP05T3023,ASME B16.9,NA,QNCa,8"x4",Φ219.1xΦ114.3,个,3,Kg,
SPR01146,偏心大小头,SCH10SxSCH10S,SS,BW,022Cr19Ni10,CP05T3023,ASME B16.9,NA,QNCa,8"x4",Φ219.1xΦ114.3,个,3,Kg,
SPR01147,偏心大小头,SCH20x3.58mm,SS,BW,20,CP05T3025,ASME B16.9,NA,QNCa,8"x4",Φ219.1xΦ114.3,个,,Kg,
SPR01148,偏心大小头,SCH160xSCH160,SS,BW,022Cr19Ni10,CP05T3017,ASME B16.9,RCC-M 1,QA1,8"x5",Φ219.1xΦ141.3,个,18.9,Kg,
SPR01149,偏心大小头,SCH160xSCH160,SS,BW,022Cr19Ni10,CP05T3017,ASME B16.9,RCC-M 2,QA1,8"x5",Φ219.1xΦ141.3,个,18.9,Kg,
SPR01150,偏心大小头,SCH40xSCH40,SS,BW,20,CP05T3019,ASME B16.9,RCC-M 2,QA1,8"x5",Φ219.1xΦ141.3,个,6.31,Kg,
SPR01151,偏心大小头,SCH80SxSCH80S,SS,BW,022Cr19Ni10,CP05T3017,ASME B16.9,RCC-M 2,QA1,8"x5",Φ219.1xΦ141.3,个,9.7,Kg,
SPR01152,偏心大小头,SCH40SxSCH40S,SS,BW,022Cr19Ni10,CP05T3017,ASME B16.9,RCC-M 3,QA2,8"x5",Φ219.1xΦ141.3,个,6.7,Kg,
SPR01153,偏心大小头,SCH10SxSCH10S,SS,BW,022Cr17Ni12Mo2,CP05T3023,ASME B16.9,NA,QNCa,8"x5",Φ219.1xΦ141.3,个,3.1,Kg,
SPR01154,偏心大小头,SCH10SxSCH10S,SS,BW,022Cr19Ni10,CP05T3023,ASME B16.9,NA,QNCa,8"x5",Φ219.1xΦ141.3,个,3.1,Kg,
SPR01155,偏心大小头,SCH20x3.96mm,SS,BW,20,CP05T3025,ASME B16.9,NA,QNCa,8"x5",Φ219.1xΦ141.3,个,,Kg,
SPR01156,偏心大小头,SCH160xSCH160,SS,BW,022Cr19Ni10,CP05T3017,ASME B16.9,RCC-M 1,QA1,8"x6",Φ219.1xΦ168.3,个,18.9,Kg,
SPR01157,偏心大小头,SCH160xSCH160,SS,BW,022Cr19Ni10,CP05T3017,ASME B16.9,RCC-M 2,QA1,8"x6",Φ219.1xΦ168.3,个,18.9,Kg,
SPR01158,偏心大小头,SCH40xSCH40,SS,BW,20,CP05T3019,ASME B16.9,RCC-M 2,QA1,8"x6",Φ219.1xΦ168.3,个,6.31,Kg,
SPR01159,偏心大小头,SCH80SxSCH80S,SS,BW,022Cr19Ni10,CP05T3017,ASME B16.9,RCC-M 2,QA1,8"x6",Φ219.1xΦ168.3,个,10.1,Kg,
SPR01160,偏心大小头,SCH40SxSCH40S,SS,BW,022Cr19Ni10,CP05T3017,ASME B16.9,RCC-M 3,QA2,8"x6",Φ219.1xΦ168.3,个,6.9,Kg,
SPR01161,偏心大小头,SCH10SxSCH10S,SS,BW,022Cr17Ni12Mo2,CP05T3023,ASME B16.9,NA,QNCa,8"x6",Φ219.1xΦ168.3,个,3.2,Kg,
SPR01162,偏心大小头,SCH10SxSCH10S,SS,BW,022Cr19Ni10,CP05T3023,ASME B16.9,NA,QNCa,8"x6",Φ219.1xΦ168.3,个,3.2,Kg,
SPR01163,偏心大小头,SCH20x4.37mm,SS,BW,20,CP05T3025,ASME B16.9,NA,QNCa,8"x6",Φ219.1xΦ168.3,个,,Kg,
SPR01164,偏心大小头,SCH140xSCH160,SS,BW,026Cr18Ni12Mo2N,CP05T3017,ASME B16.9,RCC-M 1,QA1,10"x4",Φ273xΦ114.3,个,30.5,Kg,
SPR01165,偏心大小头,SCH140xSCH160,SS,BW,022Cr19Ni10,CP05T3017,ASME B16.9,RCC-M 2,QA1,10"x4",Φ273xΦ114.3,个,30.5,Kg,
SPR01166,偏心大小头,SCH40xSCH40,SS,BW,20,CP05T3019,ASME B16.9,RCC-M 2,QA1,10"x4",Φ273xΦ114.3,个,10.7,Kg,
SPR01167,偏心大小头,SCH80SxSCH80S,SS,BW,022Cr19Ni10,CP05T3017,ASME B16.9,RCC-M 2,QA1,10"x4",Φ273xΦ114.3,个,12.5,Kg,
SPR01168,偏心大小头,SCH80SxSCH40S,SS,BW,022Cr19Ni10,CP05T3017,ASME B16.9,RCC-M 3,QA2,10"x4",Φ273xΦ114.3,个,12.5,Kg,
SPR01169,偏心大小头,SCH10SxSCH10S,SS,BW,022Cr17Ni12Mo2,CP05T3023,ASME B16.9,NA,QNCa,10"x4",Φ273xΦ114.3,个,4.7,Kg,
SPR01170,偏心大小头,SCH10SxSCH10S,SS,BW,022Cr19Ni10,CP05T3023,ASME B16.9,NA,QNCa,10"x4",Φ273xΦ114.3,个,4.7,Kg,
SPR01171,偏心大小头,SCH20x3.58mm,SS,BW,20,CP05T3025,ASME B16.9,NA,QNCa,10"x4",Φ273xΦ114.3,个,7.85,Kg,
SPR01172,偏心大小头,SCH140xSCH160,SS,BW,026Cr18Ni12Mo2N,CP05T3017,ASME B16.9,RCC-M 1,QA1,10"x5",Φ273xΦ141.3,个,30.5,Kg,
SPR01173,偏心大小头,SCH140xSCH160,SS,BW,022Cr19Ni10,CP05T3017,ASME B16.9,RCC-M 2,QA1,10"x5",Φ273xΦ141.3,个,30.5,Kg,
SPR01174,偏心大小头,SCH40xSCH40,SS,BW,20,CP05T3019,ASME B16.9,RCC-M 2,QA1,10"x5",Φ273xΦ141.3,个,10.7,Kg,
SPR01175,偏心大小头,SCH80SxSCH80S,SS,BW,022Cr19Ni10,CP05T3017,ASME B16.9,RCC-M 2,QA1,10"x5",Φ273xΦ141.3,个,14.2,Kg,
SPR01176,偏心大小头,SCH80SxSCH40S,SS,BW,022Cr19Ni10,CP05T3017,ASME B16.9,RCC-M 3,QA2,10"x5",Φ273xΦ141.3,个,14.2,Kg,
SPR01177,偏心大小头,SCH10SxSCH10S,SS,BW,022Cr17Ni12Mo2,CP05T3023,ASME B16.9,NA,QNCa,10"x5",Φ273xΦ141.3,个,4.9,Kg,
SPR01178,偏心大小头,SCH10SxSCH10S,SS,BW,022Cr19Ni10,CP05T3023,ASME B16.9,NA,QNCa,10"x5",Φ273xΦ141.3,个,4.9,Kg,
SPR01179,偏心大小头,SCH20x3.96mm,SS,BW,20,CP05T3025,ASME B16.9,NA,QNCa,10"x5",Φ273xΦ141.3,个,7.85,Kg,
SPR01180,偏心大小头,SCH140xSCH160,SS,BW,026Cr18Ni12Mo2N,CP05T3017,ASME B16.9,RCC-M 1,QA1,10"x6",Φ273xΦ168.3,个,30.5,Kg,
SPR01181,偏心大小头,SCH140xSCH160,SS,BW,022Cr19Ni10,CP05T3017,ASME B16.9,RCC-M 2,QA1,10"x6",Φ273xΦ168.3,个,30.5,Kg,
SPR01182,偏心大小头,SCH40xSCH40,SS,BW,20,CP05T3019,ASME B16.9,RCC-M 2,QA1,10"x6",Φ273xΦ168.3,个,10.7,Kg,
SPR01183,偏心大小头,SCH80SxSCH80S,SS,BW,022Cr19Ni10,CP05T3017,ASME B16.9,RCC-M 2,QA1,10"x6",Φ273xΦ168.3,个,14.8,Kg,
SPR01184,偏心大小头,SCH80SxSCH40S,SS,BW,022Cr19Ni10,CP05T3017,ASME B16.9,RCC-M 3,QA2,10"x6",Φ273xΦ168.3,个,14.8,Kg,
SPR01185,偏心大小头,SCH10SxSCH10S,SS,BW,022Cr17Ni12Mo2,CP05T3023,ASME B16.9,NA,QNCa,10"x6",Φ273xΦ168.3,个,5,Kg,
SPR01186,偏心大小头,SCH10SxSCH10S,SS,BW,022Cr19Ni10,CP05T3023,ASME B16.9,NA,QNCa,10"x6",Φ273xΦ168.3,个,5,Kg,
SPR01187,偏心大小头,SCH20x4.37mm,SS,BW,20,CP05T3025,ASME B16.9,NA,QNCa,10"x6",Φ273xΦ168.3,个,27.5,Kg,
SPR01188,偏心大小头,SCH140xSCH160,SS,BW,026Cr18Ni12Mo2N,CP05T3017,ASME B16.9,RCC-M 1,QA1,10"x8",Φ273xΦ219.1,个,30.5,Kg,
SPR01189,偏心大小头,SCH140xSCH160,SS,BW,022Cr19Ni10,CP05T3017,ASME B16.9,RCC-M 2,QA1,10"x8",Φ273xΦ219.1,个,30.5,Kg,
SPR01190,偏心大小头,SCH40xSCH40,SS,BW,20,CP05T3019,ASME B16.9,RCC-M 2,QA1,10"x8",Φ273xΦ219.1,个,10.7,Kg,
SPR01191,偏心大小头,SCH80SxSCH80S,SS,BW,022Cr19Ni10,CP05T3017,ASME B16.9,RCC-M 2,QA1,10"x8",Φ273xΦ219.1,个,15.6,Kg,
SPR01192,偏心大小头,SCH80SxSCH40S,SS,BW,022Cr19Ni10,CP05T3017,ASME B16.9,RCC-M 3,QA2,10"x8",Φ273xΦ219.1,个,15.6,Kg,
SPR01193,偏心大小头,SCH10SxSCH10S,SS,BW,022Cr17Ni12Mo2,CP05T3023,ASME B16.9,NA,QNCa,10"x8",Φ273xΦ219.1,个,5.2,Kg,
SPR01194,偏心大小头,SCH10SxSCH10S,SS,BW,022Cr19Ni10,CP05T3023,ASME B16.9,NA,QNCa,10"x8",Φ273xΦ219.1,个,5.2,Kg,
SPR01195,偏心大小头,SCH20xSCH20,SS,BW,20,CP05T3025,ASME B16.9,NA,QNCa,10"x8",Φ273xΦ219.1,个,27.5,Kg,
SPR01196,偏心大小头,SCH140xSCH160,SS,BW,026Cr18Ni12Mo2N,CP05T3017,ASME B16.9,RCC-M 1,QA1,12"x5",Φ323.8xΦ141.3,个,44.2,Kg,
SPR01197,偏心大小头,SCH140xSCH160,SS,BW,022Cr19Ni10,CP05T3017,ASME B16.9,RCC-M 2,QA1,12"x5",Φ323.8xΦ141.3,个,44.2,Kg,
SPR01198,偏心大小头,SCH40xSCH40,SS,BW,20,CP05T3019,ASME B16.9,RCC-M 2,QA1,12"x5",Φ323.8xΦ141.3,个,16.3,Kg,
SPR01199,偏心大小头,SCH80SxSCH80S,SS,BW,022Cr19Ni10,CP05T3017,ASME B16.9,RCC-M 2,QA1,12"x5",Φ323.8xΦ141.3,个,19.4,Kg,
SPR01200,偏心大小头,SCH80SxSCH40S,SS,BW,022Cr19Ni10,CP05T3017,ASME B16.9,RCC-M 3,QA2,12"x5",Φ323.8xΦ141.3,个,19.4,Kg,
SPR01201,偏心大小头,7.14mmx3.96mm,SS,BW,20,CP05T3025,ASME B16.9,NA,QNCa,12"x5",Φ323.8xΦ141.3,个,,Kg,
SPR01202,偏心大小头,SCH10SxSCH10S,SS,BW,022Cr17Ni12Mo2,CP05T3023,ASME B16.9,NA,QNCa,12"x5",Φ323.8xΦ141.3,个,7.3,Kg,
SPR01203,偏心大小头,SCH10SxSCH10S,SS,BW,022Cr19Ni10,CP05T3023,ASME B16.9,NA,QNCa,12"x5",Φ323.8xΦ141.3,个,7.3,Kg,
SPR01204,偏心大小头,SCH20x3.96mm,SS,BW,20,CP05T3025,ASME B16.9,NA,QNCa,12"x5",Φ323.8xΦ141.3,个,11.2,Kg,
SPR01205,偏心大小头,SCH140xSCH160,SS,BW,026Cr18Ni12Mo2N,CP05T3017,ASME B16.9,RCC-M 1,QA1,12"x6",Φ323.8xΦ168.3,个,44.2,Kg,
SPR01206,偏心大小头,SCH140xSCH160,SS,BW,022Cr19Ni10,CP05T3017,ASME B16.9,RCC-M 2,QA1,12"x6",Φ323.8xΦ168.3,个,44.2,Kg,
SPR01207,偏心大小头,SCH40xSCH40,SS,BW,20,CP05T3019,ASME B16.9,RCC-M 2,QA1,12"x6",Φ323.8xΦ168.3,个,16.3,Kg,
SPR01208,偏心大小头,SCH80SxSCH80S,SS,BW,022Cr19Ni10,CP05T3017,ASME B16.9,RCC-M 2,QA1,12"x6",Φ323.8xΦ168.3,个,20.1,Kg,
SPR01209,偏心大小头,SCH80SxSCH40S,SS,BW,022Cr19Ni10,CP05T3017,ASME B16.9,RCC-M 3,QA2,12"x6",Φ323.8xΦ168.3,个,20.1,Kg,
SPR01210,偏心大小头,7.14mmx4.37mm,SS,BW,20,CP05T3025,ASME B16.9,NA,QNCa,12"x6",Φ323.8xΦ168.3,个,,Kg,
SPR01211,偏心大小头,SCH10SxSCH10S,SS,BW,022Cr17Ni12Mo2,CP05T3023,ASME B16.9,NA,QNCa,12"x6",Φ323.8xΦ168.3,个,7.4,Kg,
SPR01212,偏心大小头,SCH10SxSCH10S,SS,BW,022Cr19Ni10,CP05T3023,ASME B16.9,NA,QNCa,12"x6",Φ323.8xΦ168.3,个,7.4,Kg,
SPR01213,偏心大小头,SCH20x4.37mm,SS,BW,20,CP05T3025,ASME B16.9,NA,QNCa,12"x6",Φ323.8xΦ168.3,个,11.2,Kg,
SPR01214,偏心大小头,SCH140xSCH160,SS,BW,026Cr18Ni12Mo2N,CP05T3017,ASME B16.9,RCC-M 1,QA1,12"x8",Φ323.8xΦ219.1,个,44.2,Kg,
SPR01215,偏心大小头,SCH140xSCH160,SS,BW,022Cr19Ni10,CP05T3017,ASME B16.9,RCC-M 2,QA1,12"x8",Φ323.8xΦ219.1,个,44.2,Kg,
SPR01216,偏心大小头,SCH40xSCH40,SS,BW,20,CP05T3019,ASME B16.9,RCC-M 2,QA1,12"x8",Φ323.8xΦ219.1,个,16.3,Kg,
SPR01217,偏心大小头,SCH80SxSCH80S,SS,BW,022Cr19Ni10,CP05T3017,ASME B16.9,RCC-M 2,QA1,12"x8",Φ323.8xΦ219.1,个,20.9,Kg,
SPR01218,偏心大小头,SCH80SxSCH40S,SS,BW,022Cr19Ni10,CP05T3017,ASME B16.9,RCC-M 3,QA2,12"x8",Φ323.8xΦ219.1,个,20.9,Kg,
SPR01219,偏心大小头,7.14mmxSCH20,SS,BW,20,CP05T3025,ASME B16.9,NA,QNCa,12"x8",Φ323.8xΦ219.1,个,7.66,Kg,
SPR01220,偏心大小头,SCH10SxSCH10S,SS,BW,022Cr17Ni12Mo2,CP05T3023,ASME B16.9,NA,QNCa,12"x8",Φ323.8xΦ219.1,个,7.7,Kg,
SPR01221,偏心大小头,SCH10SxSCH10S,SS,BW,022Cr19Ni10,CP05T3023,ASME B16.9,NA,QNCa,12"x8",Φ323.8xΦ219.1,个,7.7,Kg,
SPR01222,偏心大小头,SCH20xSCH20,SS,BW,20,CP05T3025,ASME B16.9,NA,QNCa,12"x8",Φ323.8xΦ219.1,个,11.2,Kg,
SPR01223,偏心大小头,SCH140xSCH140,SS,BW,026Cr18Ni12Mo2N,CP05T3017,ASME B16.9,RCC-M 1,QA1,12"x10",Φ323.8xΦ273,个,44.2,Kg,
SPR01224,偏心大小头,SCH140xSCH140,SS,BW,022Cr19Ni10,CP05T3017,ASME B16.9,RCC-M 2,QA1,12"x10",Φ323.8xΦ273,个,44.2,Kg,
SPR01225,偏心大小头,SCH40xSCH40,SS,BW,20,CP05T3019,ASME B16.9,RCC-M 2,QA1,12"x10",Φ323.8xΦ273,个,16.3,Kg,
SPR01226,偏心大小头,SCH80SxSCH80S,SS,BW,022Cr19Ni10,CP05T3017,ASME B16.9,RCC-M 2,QA1,12"x10",Φ323.8xΦ273,个,21.6,Kg,
SPR01227,偏心大小头,SCH80SxSCH80S,SS,BW,022Cr19Ni10,CP05T3017,ASME B16.9,RCC-M 3,QA2,12"x10",Φ323.8xΦ273,个,21.6,Kg,
SPR01228,偏心大小头,7.14mmxSCH20,SS,BW,20,CP05T3025,ASME B16.9,NA,QNCa,12"x10",Φ323.8xΦ273,个,,Kg,
SPR01229,偏心大小头,SCH10SxSCH10S,SS,BW,022Cr17Ni12Mo2,CP05T3023,ASME B16.9,NA,QNCa,12"x10",Φ323.8xΦ273,个,8,Kg,
SPR01230,偏心大小头,SCH10SxSCH10S,SS,BW,022Cr19Ni10,CP05T3023,ASME B16.9,NA,QNCa,12"x10",Φ323.8xΦ273,个,8,Kg,
SPR01231,偏心大小头,SCH20xSCH20,SS,BW,20,CP05T3025,ASME B16.9,NA,QNCa,12"x10",Φ323.8xΦ273,个,11.2,Kg,
SPR01232,偏心大小头,SCH140xSCH160,SS,BW,026Cr18Ni12Mo2N,CP05T3017,ASME B16.9,RCC-M 1,QA1,14"x6",Φ355.6xΦ168.3,个,88.4,Kg,
SPR01233,偏心大小头,SCH140xSCH160,SS,BW,022Cr19Ni10,CP05T3017,ASME B16.9,RCC-M 2,QA1,14"x6",Φ355.6xΦ168.3,个,88.4,Kg,
SPR01234,偏心大小头,SCH40xSCH40,SS,BW,20,CP05T3019,ASME B16.9,RCC-M 2,QA1,14"x6",Φ355.6xΦ168.3,个,32.1,Kg,
SPR01235,偏心大小头,SCH80SxSCH80S,SS,BW,022Cr19Ni10,CP05T3017,ASME B16.9,RCC-M 2,QA1,14"x6",Φ355.6xΦ168.3,个,,Kg,
SPR01236,偏心大小头,SCH60xSCH40S,SS,BW,022Cr19Ni10,CP05T3017,ASME B16.9,RCC-M 3,QA2,14"x6",Φ355.6xΦ168.3,个,,Kg,
SPR01237,偏心大小头,SCH10SxSCH10S,SS,BW,022Cr17Ni12Mo2,CP05T3023,ASME B16.9,NA,QNCa,14"x6",Φ355.6xΦ168.3,个,13.1,Kg,
SPR01238,偏心大小头,SCH10SxSCH10S,SS,BW,022Cr19Ni10,CP05T3023,ASME B16.9,NA,QNCa,14"x6",Φ355.6xΦ168.3,个,13.1,Kg,
SPR01239,偏心大小头,SCH20x4.37mm,SS,BW,20,CP05T3025,ASME B16.9,NA,QNCa,14"x6",Φ355.6xΦ168.3,个,25.6,Kg,
SPR01240,偏心大小头,SCH140xSCH160,SS,BW,026Cr18Ni12Mo2N,CP05T3017,ASME B16.9,RCC-M 1,QA1,14"x8",Φ355.6xΦ219.1,个,88.4,Kg,
SPR01241,偏心大小头,SCH140xSCH160,SS,BW,022Cr19Ni10,CP05T3017,ASME B16.9,RCC-M 2,QA1,14"x8",Φ355.6xΦ219.1,个,88.4,Kg,
SPR01242,偏心大小头,SCH40xSCH40,SS,BW,20,CP05T3019,ASME B16.9,RCC-M 2,QA1,14"x8",Φ355.6xΦ219.1,个,32.1,Kg,
SPR01243,偏心大小头,SCH80SxSCH80S,SS,BW,022Cr19Ni10,CP05T3017,ASME B16.9,RCC-M 2,QA1,14"x8",Φ355.6xΦ219.1,个,,Kg,
SPR01244,偏心大小头,SCH60xSCH40S,SS,BW,022Cr19Ni10,CP05T3017,ASME B16.9,RCC-M 3,QA2,14"x8",Φ355.6xΦ219.1,个,42,Kg,
SPR01245,偏心大小头,SCH10SxSCH10S,SS,BW,022Cr17Ni12Mo2,CP05T3023,ASME B16.9,NA,QNCa,14"x8",Φ355.6xΦ219.1,个,13.9,Kg,
SPR01246,偏心大小头,SCH10SxSCH10S,SS,BW,022Cr19Ni10,CP05T3023,ASME B16.9,NA,QNCa,14"x8",Φ355.6xΦ219.1,个,13.9,Kg,
SPR01247,偏心大小头,SCH20xSCH20,SS,BW,20,CP05T3025,ASME B16.9,NA,QNCa,14"x8",Φ355.6xΦ219.1,个,25.6,Kg,
SPR01248,偏心大小头,SCH140xSCH140,SS,BW,026Cr18Ni12Mo2N,CP05T3017,ASME B16.9,RCC-M 1,QA1,14"x10",Φ355.6xΦ273,个,88.4,Kg,
SPR01249,偏心大小头,SCH140xSCH140,SS,BW,022Cr19Ni10,CP05T3017,ASME B16.9,RCC-M 2,QA1,14"x10",Φ355.6xΦ273,个,88.4,Kg,
SPR01250,偏心大小头,SCH40xSCH40,SS,BW,20,CP05T3019,ASME B16.9,RCC-M 2,QA1,14"x10",Φ355.6xΦ273,个,32.1,Kg,
SPR01251,偏心大小头,SCH80SxSCH80S,SS,BW,022Cr19Ni10,CP05T3017,ASME B16.9,RCC-M 2,QA1,14"x10",Φ355.6xΦ273,个,,Kg,
SPR01252,偏心大小头,SCH60xSCH80S,SS,BW,022Cr19Ni10,CP05T3017,ASME B16.9,RCC-M 3,QA2,14"x10",Φ355.6xΦ273,个,42,Kg,
SPR01253,偏心大小头,SCH10SxSCH10S,SS,BW,022Cr17Ni12Mo2,CP05T3023,ASME B16.9,NA,QNCa,14"x10",Φ355.6xΦ273,个,14.4,Kg,
SPR01254,偏心大小头,SCH10SxSCH10S,SS,BW,022Cr19Ni10,CP05T3023,ASME B16.9,NA,QNCa,14"x10",Φ355.6xΦ273,个,14.4,Kg,
SPR01255,偏心大小头,SCH20xSCH20,SS,BW,20,CP05T3025,ASME B16.9,NA,QNCa,14"x10",Φ355.6xΦ273,个,25.6,Kg,
SPR01256,偏心大小头,SCH140xSCH140,SS,BW,026Cr18Ni12Mo2N,CP05T3017,ASME B16.9,RCC-M 1,QA1,14"x12",Φ355.6xΦ323.8,个,88.4,Kg,
SPR01257,偏心大小头,SCH140xSCH140,SS,BW,022Cr19Ni10,CP05T3017,ASME B16.9,RCC-M 2,QA1,14"x12",Φ355.6xΦ323.8,个,88.4,Kg,
SPR01258,偏心大小头,SCH40xSCH40,SS,BW,20,CP05T3019,ASME B16.9,RCC-M 2,QA1,14"x12",Φ355.6xΦ323.8,个,32.1,Kg,
SPR01259,偏心大小头,SCH80SxSCH80S,SS,BW,022Cr19Ni10,CP05T3017,ASME B16.9,RCC-M 2,QA1,14"x12",Φ355.6xΦ323.8,个,,Kg,
SPR01260,偏心大小头,SCH60xSCH80S,SS,BW,022Cr19Ni10,CP05T3017,ASME B16.9,RCC-M 3,QA2,14"x12",Φ355.6xΦ323.8,个,42,Kg,
SPR01261,偏心大小头,SCH10SxSCH10S,SS,BW,022Cr17Ni12Mo2,CP05T3023,ASME B16.9,NA,QNCa,14"x12",Φ355.6xΦ323.8,个,15.3,Kg,
SPR01262,偏心大小头,SCH10SxSCH10S,SS,BW,022Cr19Ni10,CP05T3023,ASME B16.9,NA,QNCa,14"x12",Φ355.6xΦ323.8,个,15.3,Kg,
SPR01263,偏心大小头,SCH20x7.14mm,SS,BW,20,CP05T3025,ASME B16.9,NA,QNCa,14"x12",Φ355.6xΦ323.8,个,25.6,Kg,
SPR01264,偏心大小头,SCH140xSCH160,SS,BW,026Cr18Ni12Mo2N,CP05T3017,ASME B16.9,RCC-M 1,QA1,16"x8",Φ406.4xΦ219.1,个,123.9,Kg,
SPR01265,偏心大小头,SCH140xSCH160,SS,BW,022Cr19Ni10,CP05T3017,ASME B16.9,RCC-M 2,QA1,16"x8",Φ406.4xΦ219.1,个,123.9,Kg,
SPR01266,偏心大小头,SCH40xSCH40,SS,BW,20,CP05T3019,ASME B16.9,RCC-M 2,QA1,16"x8",Φ406.4xΦ219.1,个,48.8,Kg,
SPR01267,偏心大小头,SCH80SxSCH80S,SS,BW,022Cr19Ni10,CP05T3017,ASME B16.9,RCC-M 2,QA1,16"x8",Φ406.4xΦ219.1,个,,Kg,
SPR01268,偏心大小头,SCH60xSCH40S,SS,BW,022Cr19Ni10,CP05T3017,ASME B16.9,RCC-M 3,QA2,16"x8",Φ406.4xΦ219.1,个,57,Kg,
SPR01269,偏心大小头,SCH10SxSCH10S,SS,BW,022Cr17Ni12Mo2,CP05T3023,ASME B16.9,NA,QNCa,16"x8",Φ406.4xΦ219.1,个,16.7,Kg,
SPR01270,偏心大小头,SCH10SxSCH10S,SS,BW,022Cr19Ni10,CP05T3023,ASME B16.9,NA,QNCa,16"x8",Φ406.4xΦ219.1,个,16.7,Kg,
SPR01271,偏心大小头,SCH20xSCH20,SS,BW,20,CP05T3025,ASME B16.9,NA,QNCa,16"x8",Φ406.4xΦ219.1,个,30.5,Kg,
SPR01272,偏心大小头,SCH140xSCH140,SS,BW,026Cr18Ni12Mo2N,CP05T3017,ASME B16.9,RCC-M 1,QA1,16"x10",Φ406.4xΦ273,个,123.9,Kg,
SPR01273,偏心大小头,SCH140xSCH140,SS,BW,022Cr19Ni10,CP05T3017,ASME B16.9,RCC-M 2,QA1,16"x10",Φ406.4xΦ273,个,123.9,Kg,
SPR01274,偏心大小头,SCH40xSCH40,SS,BW,20,CP05T3019,ASME B16.9,RCC-M 2,QA1,16"x10",Φ406.4xΦ273,个,48.8,Kg,
SPR01275,偏心大小头,SCH80SxSCH80S,SS,BW,022Cr19Ni10,CP05T3017,ASME B16.9,RCC-M 2,QA1,16"x10",Φ406.4xΦ273,个,,Kg,
SPR01276,偏心大小头,SCH60xSCH80S,SS,BW,022Cr19Ni10,CP05T3017,ASME B16.9,RCC-M 3,QA2,16"x10",Φ406.4xΦ273,个,57,Kg,
SPR01277,偏心大小头,SCH10SxSCH10S,SS,BW,022Cr17Ni12Mo2,CP05T3023,ASME B16.9,NA,QNCa,16"x10",Φ406.4xΦ273,个,17.7,Kg,
SPR01278,偏心大小头,SCH10SxSCH10S,SS,BW,022Cr19Ni10,CP05T3023,ASME B16.9,NA,QNCa,16"x10",Φ406.4xΦ273,个,17.7,Kg,
SPR01279,偏心大小头,SCH20xSCH20,SS,BW,20,CP05T3025,ASME B16.9,NA,QNCa,16"x10",Φ406.4xΦ273,个,30.5,Kg,
SPR01280,偏心大小头,SCH140xSCH140,SS,BW,026Cr18Ni12Mo2N,CP05T3017,ASME B16.9,RCC-M 1,QA1,16"x12",Φ406.4xΦ323.8,个,123.9,Kg,
SPR01281,偏心大小头,SCH140xSCH140,SS,BW,022Cr19Ni10,CP05T3017,ASME B16.9,RCC-M 2,QA1,16"x12",Φ406.4xΦ323.8,个,123.9,Kg,
SPR01282,偏心大小头,SCH40xSCH40,SS,BW,20,CP05T3019,ASME B16.9,RCC-M 2,QA1,16"x12",Φ406.4xΦ323.8,个,48.8,Kg,
SPR01283,偏心大小头,SCH80SxSCH80S,SS,BW,022Cr19Ni10,CP05T3017,ASME B16.9,RCC-M 2,QA1,16"x12",Φ406.4xΦ323.8,个,,Kg,
SPR01284,偏心大小头,SCH60xSCH80S,SS,BW,022Cr19Ni10,CP05T3017,ASME B16.9,RCC-M 3,QA2,16"x12",Φ406.4xΦ323.8,个,57,Kg,
SPR01285,偏心大小头,SCH10SxSCH10S,SS,BW,022Cr17Ni12Mo2,CP05T3023,ASME B16.9,NA,QNCa,16"x12",Φ406.4xΦ323.8,个,18.3,Kg,
SPR01286,偏心大小头,SCH10SxSCH10S,SS,BW,022Cr19Ni10,CP05T3023,ASME B16.9,NA,QNCa,16"x12",Φ406.4xΦ323.8,个,18.3,Kg,
SPR01287,偏心大小头,SCH20x7.14mm,SS,BW,20,CP05T3025,ASME B16.9,NA,QNCa,16"x12",Φ406.4xΦ323.8,个,30.5,Kg,
SPR01288,偏心大小头,SCH140xSCH140,SS,BW,026Cr18Ni12Mo2N,CP05T3017,ASME B16.9,RCC-M 1,QA1,16"x14",Φ406.4xΦ355.6,个,123.9,Kg,
SPR01289,偏心大小头,SCH140xSCH140,SS,BW,022Cr19Ni10,CP05T3017,ASME B16.9,RCC-M 2,QA1,16"x14",Φ406.4xΦ355.6,个,123.9,Kg,
SPR01290,偏心大小头,SCH40xSCH40,SS,BW,20,CP05T3019,ASME B16.9,RCC-M 2,QA1,16"x14",Φ406.4xΦ355.6,个,48.8,Kg,
SPR01291,偏心大小头,SCH80SxSCH80S,SS,BW,022Cr19Ni10,CP05T3017,ASME B16.9,RCC-M 2,QA1,16"x14",Φ406.4xΦ355.6,个,,Kg,
SPR01292,偏心大小头,SCH60xSCH60,SS,BW,022Cr19Ni10,CP05T3017,ASME B16.9,RCC-M 3,QA2,16"x14",Φ406.4xΦ355.6,个,57,Kg,
SPR01293,偏心大小头,SCH10SxSCH10S,SS,BW,022Cr17Ni12Mo2,CP05T3023,ASME B16.9,NA,QNCa,16"x14",Φ406.4xΦ355.6,个,18.8,Kg,
SPR01294,偏心大小头,SCH10SxSCH10S,SS,BW,022Cr19Ni10,CP05T3023,ASME B16.9,NA,QNCa,16"x14",Φ406.4xΦ355.6,个,18.8,Kg,
SPR01295,偏心大小头,SCH20xSCH20,SS,BW,20,CP05T3025,ASME B16.9,NA,QNCa,16"x14",Φ406.4xΦ355.6,个,30.5,Kg,
SPR01296,偏心大小头,SCH140xSCH140,SS,BW,026Cr18Ni12Mo2N,CP05T3017,ASME B16.9,RCC-M 1,QA1,18"x10",Φ457xΦ273,个,162.9,Kg,
SPR01297,偏心大小头,SCH140xSCH140,SS,BW,022Cr19Ni10,CP05T3017,ASME B16.9,RCC-M 2,QA1,18"x10",Φ457xΦ273,个,162.9,Kg,
SPR01298,偏心大小头,SCH140xSCH140,SS,BW,026Cr18Ni12Mo2N,CP05T3017,ASME B16.9,RCC-M 1,QA1,18"x12",Φ457xΦ323.8,个,162.9,Kg,
SPR01299,偏心大小头,SCH140xSCH140,SS,BW,022Cr19Ni10,CP05T3017,ASME B16.9,RCC-M 2,QA1,18"x12",Φ457xΦ323.8,个,162.9,Kg,
SPR01300,偏心大小头,SCH140xSCH140,SS,BW,026Cr18Ni12Mo2N,CP05T3017,ASME B16.9,RCC-M 1,QA1,18"x14",Φ457xΦ355.6,个,162.9,Kg,
SPR01301,偏心大小头,SCH140xSCH140,SS,BW,022Cr19Ni10,CP05T3017,ASME B16.9,RCC-M 2,QA1,18"x14",Φ457xΦ355.6,个,162.9,Kg,
SPR01302,偏心大小头,SCH140xSCH140,SS,BW,026Cr18Ni12Mo2N,CP05T3017,ASME B16.9,RCC-M 1,QA1,18"x16",Φ457xΦ406.4,个,162.9,Kg,
SPR01303,偏心大小头,SCH140xSCH140,SS,BW,022Cr19Ni10,CP05T3017,ASME B16.9,RCC-M 2,QA1,18"x16",Φ457xΦ406.4,个,162.9,Kg,
SPR01304,偏心大小头,SCH140xSCH160,SS,BW,026Cr18Ni12Mo2N,CP05T3017,ASME B16.9,RCC-M 1,QA1,20"x8",Φ508xΦ219.1,个,,Kg,
SPR01305,偏心大小头,SCH140xSCH160,SS,BW,022Cr19Ni10,CP05T3017,ASME B16.9,RCC-M 2,QA1,20"x8",Φ508xΦ219.1,个,,Kg,
SPR01306,偏心大小头,SCH20xSCH20,FS,BW,20,CP05T3025,ASME B16.9,NA,QNCa,20"x8",Φ508xΦ219.1,个,,Kg,
SPR01307,偏心大小头,SCH140xSCH140,SS,BW,026Cr18Ni12Mo2N,CP05T3017,ASME B16.9,RCC-M 1,QA1,20"x12",Φ508xΦ323.8,个,266.9,Kg,
SPR01308,偏心大小头,SCH140xSCH140,SS,BW,022Cr19Ni10,CP05T3017,ASME B16.9,RCC-M 2,QA1,20"x12",Φ508xΦ323.8,个,266.9,Kg,
SPR01309,偏心大小头,SCH20xSCH20,FS,BW,20,CP05T3025,ASME B16.9,NA,QNCa,20"x12",Φ508xΦ323.8,个,62.7,Kg,
SPR01310,偏心大小头,SCH140xSCH140,SS,BW,026Cr18Ni12Mo2N,CP05T3017,ASME B16.9,RCC-M 1,QA1,20"x14",Φ508xΦ355.6,个,266.9,Kg,
SPR01311,偏心大小头,SCH140xSCH140,SS,BW,022Cr19Ni10,CP05T3017,ASME B16.9,RCC-M 2,QA1,20"x14",Φ508xΦ355.6,个,266.9,Kg,
SPR01312,偏心大小头,SCH20xSCH20,FS,BW,20,CP05T3025,ASME B16.9,NA,QNCa,20"x14",Φ508xΦ355.6,个,62.7,Kg,
SPR01313,偏心大小头,SCH140xSCH140,SS,BW,026Cr18Ni12Mo2N,CP05T3017,ASME B16.9,RCC-M 1,QA1,20"x16",Φ508xΦ406.4,个,266.9,Kg,
SPR01314,偏心大小头,SCH140xSCH140,SS,BW,022Cr19Ni10,CP05T3017,ASME B16.9,RCC-M 2,QA1,20"x16",Φ508xΦ406.4,个,266.9,Kg,
SPR01315,偏心大小头,SCH20xSCH20,FS,BW,20,CP05T3025,ASME B16.9,NA,QNCa,20"x16",Φ508xΦ406.4,个,62.7,Kg,
SPR01316,偏心大小头,SCH140xSCH140,SS,BW,026Cr18Ni12Mo2N,CP05T3017,ASME B16.9,RCC-M 1,QA1,20"x18",Φ508xΦ457,个,266.9,Kg,
SPR01317,偏心大小头,SCH140xSCH140,SS,BW,022Cr19Ni10,CP05T3017,ASME B16.9,RCC-M 2,QA1,20"x18",Φ508xΦ457,个,266.9,Kg,
SPR01318,偏心大小头,SCH20xSCH20,FS,BW,20,CP05T3025,ASME B16.9,NA,QNCa,20"x18",Φ508xΦ457,个,62.7,Kg,
SPR01319,偏心大小头,SCH140xSCH140,SS,BW,026Cr18Ni12Mo2N,CP05T3017,ASME B16.9,RCC-M 1,QA1,22"x14",Φ559xΦ355.4,个,315.5,Kg,
SPR01320,偏心大小头,SCH140xSCH140,SS,BW,022Cr19Ni10,CP05T3017,ASME B16.9,RCC-M 2,QA1,22"x14",Φ559xΦ355.4,个,315.5,Kg,
SPR01321,偏心大小头,SCH30xSCH20,FS,BW,20,CP05T3025,ASME B16.9,NA,QNCa,22"x14",Φ559xΦ355.4,个,92,Kg,
SPR01322,偏心大小头,SCH140xSCH140,SS,BW,026Cr18Ni12Mo2N,CP05T3017,ASME B16.9,RCC-M 1,QA1,22"x16",Φ559xΦ406.4,个,315.5,Kg,
SPR01323,偏心大小头,SCH140xSCH140,SS,BW,022Cr19Ni10,CP05T3017,ASME B16.9,RCC-M 2,QA1,22"x16",Φ559xΦ406.4,个,315.5,Kg,
SPR01324,偏心大小头,SCH30xSCH20,FS,BW,20,CP05T3025,ASME B16.9,NA,QNCa,22"x16",Φ559xΦ406.4,个,92,Kg,
SPR01325,偏心大小头,SCH140xSCH140,SS,BW,026Cr18Ni12Mo2N,CP05T3017,ASME B16.9,RCC-M 1,QA1,22"x18",Φ559xΦ457,个,315.5,Kg,
SPR01326,偏心大小头,SCH140xSCH140,SS,BW,022Cr19Ni10,CP05T3017,ASME B16.9,RCC-M 2,QA1,22"x18",Φ559xΦ457,个,315.5,Kg,
SPR01327,偏心大小头,SCH30xSCH20,FS,BW,20,CP05T3025,ASME B16.9,NA,QNCa,22"x18",Φ559xΦ457,个,92,Kg,
SPR01328,偏心大小头,SCH140xSCH140,SS,BW,026Cr18Ni12Mo2N,CP05T3017,ASME B16.9,RCC-M 1,QA1,22"x20",Φ559xΦ508,个,315.5,Kg,
SPR01329,偏心大小头,SCH140xSCH140,SS,BW,022Cr19Ni10,CP05T3017,ASME B16.9,RCC-M 2,QA1,22"x20",Φ559xΦ508,个,315.5,Kg,
SPR01330,偏心大小头,SCH30xSCH20,FS,BW,20,CP05T3025,ASME B16.9,NA,QNCa,22"x20",Φ559xΦ508,个,92,Kg,
SPR01331,偏心大小头,SCH140xSCH140,SS,BW,026Cr18Ni12Mo2N,CP05T3017,ASME B16.9,RCC-M 1,QA1,24"x16",Φ610xΦ406.4,个,378.3,Kg,
SPR01332,偏心大小头,SCH140xSCH140,SS,BW,022Cr19Ni10,CP05T3017,ASME B16.9,RCC-M 2,QA1,24"x16",Φ610xΦ406.4,个,378.3,Kg,
SPR01333,偏心大小头,SCH140xSCH140,SS,BW,026Cr18Ni12Mo2N,CP05T3017,ASME B16.9,RCC-M 1,QA1,24"x18",Φ610xΦ457,个,378.3,Kg,
SPR01334,偏心大小头,SCH140xSCH140,SS,BW,022Cr19Ni10,CP05T3017,ASME B16.9,RCC-M 2,QA1,24"x18",Φ610xΦ457,个,378.3,Kg,
SPR01335,偏心大小头,SCH140xSCH140,SS,BW,026Cr18Ni12Mo2N,CP05T3017,ASME B16.9,RCC-M 1,QA1,24"x20",Φ610xΦ508,个,378.3,Kg,
SPR01336,偏心大小头,SCH140xSCH140,SS,BW,022Cr19Ni10,CP05T3017,ASME B16.9,RCC-M 2,QA1,24"x20",Φ610xΦ508,个,378.3,Kg,
SPR01337,偏心大小头,SCH140xSCH140,SS,BW,026Cr18Ni12Mo2N,CP05T3017,ASME B16.9,RCC-M 1,QA1,24"x22",Φ610xΦ559,个,378.3,Kg,
SPR01338,偏心大小头,SCH140xSCH140,SS,BW,022Cr19Ni10,CP05T3017,ASME B16.9,RCC-M 2,QA1,24"x22",Φ610xΦ559,个,378.3,Kg,
SPR01339,偏心大小头,3.18mmxSCH40,SS,BW,20,CP05T3019,ASME B16.9,RCC-M 2,QA1,2-1/2"x1",Φ73xΦ33.4,个,,Kg,
SPR01340,偏心大小头,3.18mmxSCH40,SS,BW,20,CP05T3019,ASME B16.9,RCC-M 3,QA2,2-1/2"x1",Φ73xΦ33.4,个,,Kg,
SPR01341,偏心大小头,SCH10SxSCH10S,SS,BW,022Cr19Ni10,CP05T3017,ASME B16.9,RCC-M 2,QA1,2-1/2"x1",Φ73xΦ33.4,个,0.38,Kg,
SPR01342,偏心大小头,SCH10SxSCH10S,SS,BW,022Cr19Ni10,CP05T3017,ASME B16.9,RCC-M 3,QA2,2-1/2"x1",Φ73xΦ33.4,个,0.38,Kg,
SPR01343,偏心大小头,SCH160xSCH160,SS,BW,P280GH,CP05T3019,ASME B16.9,RCC-M 2,QA1,2-1/2"x1",Φ73xΦ33.4,个,1.4,Kg,
SPR01344,偏心大小头,SCH40xSCH40,SS,BW,20,CP05T3019,ASME B16.9,RCC-M 3,QA2,2-1/2"x1",Φ73xΦ33.4,个,0.8,Kg,
SPR01345,偏心大小头,SCH40SxSCH40S,SS,BW,022Cr19Ni10,CP05T3017,ASME B16.9,RCC-M 2,QA1,2-1/2"x1",Φ73xΦ33.4,个,0.64,Kg,
SPR01346,偏心大小头,SCH80xSCH80,SS,BW,20,CP05T3019,ASME B16.9,RCC-M 2,QA1,2-1/2"x1",Φ73xΦ33.4,个,1.03,Kg,
SPR01347,偏心大小头,SCH80xSCH80,SS,BW,P280GH,CP05T3019,ASME B16.9,RCC-M 2,QA1,2-1/2"x1",Φ73xΦ33.4,个,1.03,Kg,
SPR01348,偏心大小头,3.18mmxSCH40,SS,BW,20,CP05T3019,ASME B16.9,RCC-M 2,QA1,2-1/2"x1-1/4",Φ73xΦ42.2,个,,Kg,
SPR01349,偏心大小头,3.18mmxSCH40,SS,BW,20,CP05T3019,ASME B16.9,RCC-M 3,QA2,2-1/2"x1-1/4",Φ73xΦ42.2,个,,Kg,
SPR01350,偏心大小头,SCH10SxSCH10S,SS,BW,022Cr19Ni10,CP05T3017,ASME B16.9,RCC-M 2,QA1,2-1/2"x1-1/4",Φ73xΦ42.2,个,0.43,Kg,
SPR01351,偏心大小头,SCH10SxSCH10S,SS,BW,022Cr19Ni10,CP05T3017,ASME B16.9,RCC-M 3,QA2,2-1/2"x1-1/4",Φ73xΦ42.2,个,0.43,Kg,
SPR01352,偏心大小头,SCH160xSCH160,SS,BW,P280GH,CP05T3019,ASME B16.9,RCC-M 2,QA1,2-1/2"x1-1/4",Φ73xΦ42.2,个,1.4,Kg,
SPR01353,偏心大小头,SCH40xSCH40,SS,BW,20,CP05T3019,ASME B16.9,RCC-M 3,QA2,2-1/2"x1-1/4",Φ73xΦ42.2,个,0.8,Kg,
SPR01354,偏心大小头,SCH40SxSCH40S,SS,BW,022Cr19Ni10,CP05T3017,ASME B16.9,RCC-M 2,QA1,2-1/2"x1-1/4",Φ73xΦ42.2,个,0.73,Kg,
SPR01355,偏心大小头,SCH80xSCH80,SS,BW,20,CP05T3019,ASME B16.9,RCC-M 2,QA1,2-1/2"x1-1/4",Φ73xΦ42.2,个,1.03,Kg,
SPR01356,偏心大小头,SCH80xSCH80,SS,BW,P280GH,CP05T3019,ASME B16.9,RCC-M 2,QA1,2-1/2"x1-1/4",Φ73xΦ42.2,个,1.03,Kg,
SPR01357,偏心大小头,3.18mmxSCH40,SS,BW,20,CP05T3019,ASME B16.9,RCC-M 2,QA1,2-1/2"x1-1/2",Φ73xΦ48.3,个,,Kg,
SPR01358,偏心大小头,3.18mmxSCH40,SS,BW,20,CP05T3019,ASME B16.9,RCC-M 3,QA2,2-1/2"x1-1/2",Φ73xΦ48.3,个,,Kg,
SPR01359,偏心大小头,SCH10SxSCH10S,SS,BW,022Cr19Ni10,CP05T3017,ASME B16.9,RCC-M 2,QA1,2-1/2"x1-1/2",Φ73xΦ48.3,个,0.44,Kg,
SPR01360,偏心大小头,SCH10SxSCH10S,SS,BW,022Cr19Ni10,CP05T3017,ASME B16.9,RCC-M 3,QA2,2-1/2"x1-1/2",Φ73xΦ48.3,个,0.44,Kg,
SPR01361,偏心大小头,SCH160xSCH160,SS,BW,P280GH,CP05T3019,ASME B16.9,RCC-M 2,QA1,2-1/2"x1-1/2",Φ73xΦ48.3,个,1.4,Kg,
SPR01362,偏心大小头,SCH40xSCH40,SS,BW,20,CP05T3019,ASME B16.9,RCC-M 3,QA2,2-1/2"x1-1/2",Φ73xΦ48.3,个,0.8,Kg,
SPR01363,偏心大小头,SCH40SxSCH40S,SS,BW,022Cr19Ni10,CP05T3017,ASME B16.9,RCC-M 2,QA1,2-1/2"x1-1/2",Φ73xΦ48.3,个,0.76,Kg,
SPR01364,偏心大小头,SCH80xSCH80,SS,BW,20,CP05T3019,ASME B16.9,RCC-M 2,QA1,2-1/2"x1-1/2",Φ73xΦ48.3,个,1.03,Kg,
SPR01365,偏心大小头,SCH80xSCH80,SS,BW,P280GH,CP05T3019,ASME B16.9,RCC-M 2,QA1,2-1/2"x1-1/2",Φ73xΦ48.3,个,1.03,Kg,
SPR01366,偏心大小头,3.18mmx3.18mm,SS,BW,20,CP05T3019,ASME B16.9,RCC-M 2,QA1,2-1/2"x2",Φ73xΦ60.3,个,,Kg,
SPR01367,偏心大小头,3.18mmx3.18mm,SS,BW,20,CP05T3019,ASME B16.9,RCC-M 3,QA2,2-1/2"x2",Φ73xΦ60.3,个,,Kg,
SPR01368,偏心大小头,SCH10SxSCH10S,SS,BW,022Cr19Ni10,CP05T3017,ASME B16.9,RCC-M 2,QA1,2-1/2"x2",Φ73xΦ60.3,个,0.47,Kg,
SPR01369,偏心大小头,SCH10SxSCH10S,SS,BW,022Cr19Ni10,CP05T3017,ASME B16.9,RCC-M 3,QA2,2-1/2"x2",Φ73xΦ60.3,个,0.47,Kg,
SPR01370,偏心大小头,SCH160xSCH160,SS,BW,P280GH,CP05T3019,ASME B16.9,RCC-M 2,QA1,2-1/2"x2",Φ73xΦ60.3,个,1.4,Kg,
SPR01371,偏心大小头,SCH40xSCH40,SS,BW,20,CP05T3019,ASME B16.9,RCC-M 3,QA2,2-1/2"x2",Φ73xΦ60.3,个,0.8,Kg,
SPR01372,偏心大小头,SCH40SxSCH40S,SS,BW,022Cr19Ni10,CP05T3017,ASME B16.9,RCC-M 2,QA1,2-1/2"x2",Φ73xΦ60.3,个,0.8,Kg,
SPR01373,偏心大小头,SCH80xSCH80,SS,BW,20,CP05T3019,ASME B16.9,RCC-M 2,QA1,2-1/2"x2",Φ73xΦ60.3,个,1.03,Kg,
SPR01374,偏心大小头,SCH80xSCH80,SS,BW,P280GH,CP05T3019,ASME B16.9,RCC-M 2,QA1,2-1/2"x2",Φ73xΦ60.3,个,1.03,Kg,
SPR01375,偏心大小头,3.18mmxSCH40,SS,BW,20,CP05T3019,ASME B16.9,RCC-M 2,QA1,3"x1",Φ88.9xΦ33.4,个,,Kg,
SPR01376,偏心大小头,3.18mmxSCH40,SS,BW,20,CP05T3019,ASME B16.9,RCC-M 3,QA2,3"x1",Φ88.9xΦ33.4,个,,Kg,
SPR01377,偏心大小头,SCH10SxSCH10S,SS,BW,022Cr19Ni10,CP05T3017,ASME B16.9,RCC-M 2,QA1,3"x1",Φ88.9xΦ33.4,个,,Kg,
SPR01378,偏心大小头,SCH10SxSCH10S,SS,BW,022Cr19Ni10,CP05T3017,ASME B16.9,RCC-M 3,QA2,3"x1",Φ88.9xΦ33.4,个,,Kg,
SPR01379,偏心大小头,SCH160xSCH160,SS,BW,P280GH,CP05T3019,ASME B16.9,RCC-M 2,QA1,3"x1",Φ88.9xΦ33.4,个,,Kg,
SPR01380,偏心大小头,SCH40xSCH40,SS,BW,20,CP05T3019,ASME B16.9,RCC-M 3,QA2,3"x1",Φ88.9xΦ33.4,个,,Kg,
SPR01381,偏心大小头,SCH40SxSCH40S,SS,BW,022Cr19Ni10,CP05T3017,ASME B16.9,RCC-M 2,QA1,3"x1",Φ88.9xΦ33.4,个,,Kg,
SPR01382,偏心大小头,SCH80xSCH80,SS,BW,20,CP05T3019,ASME B16.9,RCC-M 2,QA1,3"x1",Φ88.9xΦ33.4,个,,Kg,
SPR01383,偏心大小头,SCH80xSCH80,SS,BW,P280GH,CP05T3019,ASME B16.9,RCC-M 2,QA1,3"x1",Φ88.9xΦ33.4,个,,Kg,
SPR01384,偏心大小头,3.18mmxSCH40,SS,BW,20,CP05T3019,ASME B16.9,RCC-M 2,QA1,3"x1-1/4",Φ88.9xΦ42.2,个,,Kg,
SPR01385,偏心大小头,3.18mmxSCH40,SS,BW,20,CP05T3019,ASME B16.9,RCC-M 3,QA2,3"x1-1/4",Φ88.9xΦ42.2,个,,Kg,
SPR01386,偏心大小头,SCH10SxSCH10S,SS,BW,022Cr19Ni10,CP05T3017,ASME B16.9,RCC-M 2,QA1,3"x1-1/4",Φ88.9xΦ42.2,个,0.47,Kg,
SPR01387,偏心大小头,SCH10SxSCH10S,SS,BW,022Cr19Ni10,CP05T3017,ASME B16.9,RCC-M 3,QA2,3"x1-1/4",Φ88.9xΦ42.2,个,0.47,Kg,
SPR01388,偏心大小头,SCH160xSCH160,SS,BW,P280GH,CP05T3019,ASME B16.9,RCC-M 2,QA1,3"x1-1/4",Φ88.9xΦ42.2,个,2.1,Kg,
SPR01389,偏心大小头,SCH40xSCH40,SS,BW,20,CP05T3019,ASME B16.9,RCC-M 3,QA2,3"x1-1/4",Φ88.9xΦ42.2,个,1.05,Kg,
SPR01390,偏心大小头,SCH40SxSCH40S,SS,BW,022Cr19Ni10,CP05T3017,ASME B16.9,RCC-M 2,QA1,3"x1-1/4",Φ88.9xΦ42.2,个,0.85,Kg,
SPR01391,偏心大小头,SCH80xSCH80,SS,BW,20,CP05T3019,ASME B16.9,RCC-M 2,QA1,3"x1-1/4",Φ88.9xΦ42.2,个,1.42,Kg,
SPR01392,偏心大小头,SCH80xSCH80,SS,BW,P280GH,CP05T3019,ASME B16.9,RCC-M 2,QA1,3"x1-1/4",Φ88.9xΦ42.2,个,1.42,Kg,
SPR01393,偏心大小头,3.18mmxSCH40,SS,BW,20,CP05T3019,ASME B16.9,RCC-M 2,QA1,3"x1-1/2",Φ88.9xΦ48.3,个,,Kg,
SPR01394,偏心大小头,3.18mmxSCH40,SS,BW,20,CP05T3019,ASME B16.9,RCC-M 3,QA2,3"x1-1/2",Φ88.9xΦ48.3,个,,Kg,
SPR01395,偏心大小头,SCH10SxSCH10S,SS,BW,022Cr19Ni10,CP05T3017,ASME B16.9,RCC-M 2,QA1,3"x1-1/2",Φ88.9xΦ48.3,个,0.51,Kg,
SPR01396,偏心大小头,SCH10SxSCH10S,SS,BW,022Cr19Ni10,CP05T3017,ASME B16.9,RCC-M 3,QA2,3"x1-1/2",Φ88.9xΦ48.3,个,0.51,Kg,
SPR01397,偏心大小头,SCH160xSCH160,SS,BW,P280GH,CP05T3019,ASME B16.9,RCC-M 2,QA1,3"x1-1/2",Φ88.9xΦ48.3,个,2.1,Kg,
SPR01398,偏心大小头,SCH40xSCH40,SS,BW,20,CP05T3019,ASME B16.9,RCC-M 3,QA2,3"x1-1/2",Φ88.9xΦ48.3,个,1.05,Kg,
SPR01399,偏心大小头,SCH40SxSCH40S,SS,BW,022Cr19Ni10,CP05T3017,ASME B16.9,RCC-M 2,QA1,3"x1-1/2",Φ88.9xΦ48.3,个,0.94,Kg,
SPR01400,偏心大小头,SCH80xSCH80,SS,BW,20,CP05T3019,ASME B16.9,RCC-M 2,QA1,3"x1-1/2",Φ88.9xΦ48.3,个,1.42,Kg,
SPR01401,偏心大小头,SCH80xSCH80,SS,BW,P280GH,CP05T3019,ASME B16.9,RCC-M 2,QA1,3"x1-1/2",Φ88.9xΦ48.3,个,1.42,Kg,
SPR01402,偏心大小头,3.18mmx3.18mm,SS,BW,20,CP05T3019,ASME B16.9,RCC-M 2,QA1,3"x2",Φ88.9xΦ60.3,个,,Kg,
SPR01403,偏心大小头,3.18mmx3.18mm,SS,BW,20,CP05T3019,ASME B16.9,RCC-M 3,QA2,3"x2",Φ88.9xΦ60.3,个,,Kg,
SPR01404,偏心大小头,SCH10SxSCH10S,SS,BW,022Cr19Ni10,CP05T3017,ASME B16.9,RCC-M 2,QA1,3"x2",Φ88.9xΦ60.3,个,0.55,Kg,
SPR01405,偏心大小头,SCH10SxSCH10S,SS,BW,022Cr19Ni10,CP05T3017,ASME B16.9,RCC-M 3,QA2,3"x2",Φ88.9xΦ60.3,个,0.55,Kg,
SPR01406,偏心大小头,SCH160xSCH160,SS,BW,P280GH,CP05T3019,ASME B16.9,RCC-M 2,QA1,3"x2",Φ88.9xΦ60.3,个,2.1,Kg,
SPR01407,偏心大小头,SCH40xSCH40,SS,BW,20,CP05T3019,ASME B16.9,RCC-M 3,QA2,3"x2",Φ88.9xΦ60.3,个,1.05,Kg,
SPR01408,偏心大小头,SCH40SxSCH40S,SS,BW,022Cr19Ni10,CP05T3017,ASME B16.9,RCC-M 2,QA1,3"x2",Φ88.9xΦ60.3,个,1,Kg,
SPR01409,偏心大小头,SCH80xSCH80,SS,BW,20,CP05T3019,ASME B16.9,RCC-M 2,QA1,3"x2",Φ88.9xΦ60.3,个,1.42,Kg,
SPR01410,偏心大小头,SCH80xSCH80,SS,BW,P280GH,CP05T3019,ASME B16.9,RCC-M 2,QA1,3"x2",Φ88.9xΦ60.3,个,1.42,Kg,
SPR01411,偏心大小头,3.18mmx3.18mm,SS,BW,20,CP05T3019,ASME B16.9,RCC-M 2,QA1,3"x2-1/2",Φ88.9xΦ73,个,,Kg,
SPR01412,偏心大小头,3.18mmx3.18mm,SS,BW,20,CP05T3019,ASME B16.9,RCC-M 3,QA2,3"x2-1/2",Φ88.9xΦ73,个,,Kg,
SPR01413,偏心大小头,SCH10SxSCH10S,SS,BW,022Cr19Ni10,CP05T3017,ASME B16.9,RCC-M 2,QA1,3"x2-1/2",Φ88.9xΦ73,个,0.59,Kg,
SPR01414,偏心大小头,SCH10SxSCH10S,SS,BW,022Cr19Ni10,CP05T3017,ASME B16.9,RCC-M 3,QA2,3"x2-1/2",Φ88.9xΦ73,个,0.59,Kg,
SPR01415,偏心大小头,SCH160xSCH160,SS,BW,P280GH,CP05T3019,ASME B16.9,RCC-M 2,QA1,3"x2-1/2",Φ88.9xΦ73,个,2.1,Kg,
SPR01416,偏心大小头,SCH40xSCH40,SS,BW,20,CP05T3019,ASME B16.9,RCC-M 3,QA2,3"x2-1/2",Φ88.9xΦ73,个,1.05,Kg,
SPR01417,偏心大小头,SCH40SxSCH40S,SS,BW,022Cr19Ni10,CP05T3017,ASME B16.9,RCC-M 2,QA1,3"x2-1/2",Φ88.9xΦ73,个,1.1,Kg,
SPR01418,偏心大小头,SCH80xSCH80,SS,BW,20,CP05T3019,ASME B16.9,RCC-M 2,QA1,3"x2-1/2",Φ88.9xΦ73,个,1.42,Kg,
SPR01419,偏心大小头,SCH80xSCH80,SS,BW,P280GH,CP05T3019,ASME B16.9,RCC-M 2,QA1,3"x2-1/2",Φ88.9xΦ73,个,1.42,Kg,
SPR01420,偏心大小头,SCH10SxSCH10S,SS,BW,022Cr19Ni10,CP05T3017,ASME B16.9,RCC-M 2,QA1,3-1/2"x1-1/4",Φ101.6xΦ42.2,个,0.62,Kg,
SPR01421,偏心大小头,SCH10SxSCH10S,SS,BW,022Cr19Ni10,CP05T3017,ASME B16.9,RCC-M 3,QA2,3-1/2"x1-1/4",Φ101.6xΦ42.2,个,0.62,Kg,
SPR01422,偏心大小头,SCH160xSCH160,SS,BW,P280GH,CP05T3019,ASME B16.9,RCC-M 2,QA1,3-1/2"x1-1/4",Φ101.6xΦ42.2,个,3,Kg,
SPR01423,偏心大小头,SCH40xSCH40,SS,BW,20,CP05T3019,ASME B16.9,RCC-M 3,QA2,3-1/2"x1-1/4",Φ101.6xΦ42.2,个,1.36,Kg,
SPR01424,偏心大小头,SCH40SxSCH40S,SS,BW,022Cr19Ni10,CP05T3017,ASME B16.9,RCC-M 2,QA1,3-1/2"x1-1/4",Φ101.6xΦ42.2,个,1.2,Kg,
SPR01425,偏心大小头,SCH80xSCH80,SS,BW,20,CP05T3019,ASME B16.9,RCC-M 2,QA1,3-1/2"x1-1/4",Φ101.6xΦ42.2,个,1.89,Kg,
SPR01426,偏心大小头,SCH80xSCH80,SS,BW,P280GH,CP05T3019,ASME B16.9,RCC-M 2,QA1,3-1/2"x1-1/4",Φ101.6xΦ42.2,个,1.89,Kg,
SPR01427,偏心大小头,SCH10SxSCH10S,SS,BW,022Cr19Ni10,CP05T3017,ASME B16.9,RCC-M 2,QA1,3-1/2"x1-1/2",Φ101.6xΦ48.3,个,0.66,Kg,
SPR01428,偏心大小头,SCH10SxSCH10S,SS,BW,022Cr19Ni10,CP05T3017,ASME B16.9,RCC-M 3,QA2,3-1/2"x1-1/2",Φ101.6xΦ48.3,个,0.66,Kg,
SPR01429,偏心大小头,SCH160xSCH160,SS,BW,P280GH,CP05T3019,ASME B16.9,RCC-M 2,QA1,3-1/2"x1-1/2",Φ101.6xΦ48.3,个,3,Kg,
SPR01430,偏心大小头,SCH40xSCH40,SS,BW,20,CP05T3019,ASME B16.9,RCC-M 3,QA2,3-1/2"x1-1/2",Φ101.6xΦ48.3,个,1.36,Kg,
SPR01431,偏心大小头,SCH40SxSCH40S,SS,BW,022Cr19Ni10,CP05T3017,ASME B16.9,RCC-M 2,QA1,3-1/2"x1-1/2",Φ101.6xΦ48.3,个,1.25,Kg,
SPR01432,偏心大小头,SCH80xSCH80,SS,BW,20,CP05T3019,ASME B16.9,RCC-M 2,QA1,3-1/2"x1-1/2",Φ101.6xΦ48.3,个,1.89,Kg,
SPR01433,偏心大小头,SCH80xSCH80,SS,BW,P280GH,CP05T3019,ASME B16.9,RCC-M 2,QA1,3-1/2"x1-1/2",Φ101.6xΦ48.3,个,1.89,Kg,
SPR01434,偏心大小头,SCH10SxSCH10S,SS,BW,022Cr19Ni10,CP05T3017,ASME B16.9,RCC-M 2,QA1,3-1/2"x2",Φ101.6xΦ60.3,个,0.71,Kg,
SPR01435,偏心大小头,SCH10SxSCH10S,SS,BW,022Cr19Ni10,CP05T3017,ASME B16.9,RCC-M 3,QA2,3-1/2"x2",Φ101.6xΦ60.3,个,0.71,Kg,
SPR01436,偏心大小头,SCH160xSCH160,SS,BW,P280GH,CP05T3019,ASME B16.9,RCC-M 2,QA1,3-1/2"x2",Φ101.6xΦ60.3,个,3,Kg,
SPR01437,偏心大小头,SCH40xSCH40,SS,BW,20,CP05T3019,ASME B16.9,RCC-M 3,QA2,3-1/2"x2",Φ101.6xΦ60.3,个,1.36,Kg,
SPR01438,偏心大小头,SCH40SxSCH40S,SS,BW,022Cr19Ni10,CP05T3017,ASME B16.9,RCC-M 2,QA1,3-1/2"x2",Φ101.6xΦ60.3,个,1.35,Kg,
SPR01439,偏心大小头,SCH80xSCH80,SS,BW,20,CP05T3019,ASME B16.9,RCC-M 2,QA1,3-1/2"x2",Φ101.6xΦ60.3,个,1.89,Kg,
SPR01440,偏心大小头,SCH80xSCH80,SS,BW,P280GH,CP05T3019,ASME B16.9,RCC-M 2,QA1,3-1/2"x2",Φ101.6xΦ60.3,个,1.89,Kg,
SPR01441,偏心大小头,SCH10SxSCH10S,SS,BW,022Cr19Ni10,CP05T3017,ASME B16.9,RCC-M 2,QA1,3-1/2"x2-1/2",Φ101.6xΦ73,个,0.77,Kg,
SPR01442,偏心大小头,SCH10SxSCH10S,SS,BW,022Cr19Ni10,CP05T3017,ASME B16.9,RCC-M 3,QA2,3-1/2"x2-1/2",Φ101.6xΦ73,个,0.77,Kg,
SPR01443,偏心大小头,SCH160xSCH160,SS,BW,P280GH,CP05T3019,ASME B16.9,RCC-M 2,QA1,3-1/2"x2-1/2",Φ101.6xΦ73,个,3,Kg,
SPR01444,偏心大小头,SCH40xSCH40,SS,BW,20,CP05T3019,ASME B16.9,RCC-M 3,QA2,3-1/2"x2-1/2",Φ101.6xΦ73,个,1.36,Kg,
SPR01445,偏心大小头,SCH40SxSCH40S,SS,BW,022Cr19Ni10,CP05T3017,ASME B16.9,RCC-M 2,QA1,3-1/2"x2-1/2",Φ101.6xΦ73,个,1.46,Kg,
SPR01446,偏心大小头,SCH80xSCH80,SS,BW,20,CP05T3019,ASME B16.9,RCC-M 2,QA1,3-1/2"x2-1/2",Φ101.6xΦ73,个,1.89,Kg,
SPR01447,偏心大小头,SCH80xSCH80,SS,BW,P280GH,CP05T3019,ASME B16.9,RCC-M 2,QA1,3-1/2"x2-1/2",Φ101.6xΦ73,个,1.89,Kg,
SPR01448,偏心大小头,SCH10SxSCH10S,SS,BW,022Cr19Ni10,CP05T3017,ASME B16.9,RCC-M 2,QA1,3-1/2"x3",Φ101.6xΦ88.9,个,0.8,Kg,
SPR01449,偏心大小头,SCH10SxSCH10S,SS,BW,022Cr19Ni10,CP05T3017,ASME B16.9,RCC-M 3,QA2,3-1/2"x3",Φ101.6xΦ88.9,个,0.8,Kg,
SPR01450,偏心大小头,SCH160xSCH160,SS,BW,P280GH,CP05T3019,ASME B16.9,RCC-M 2,QA1,3-1/2"x3",Φ101.6xΦ88.9,个,3,Kg,
SPR01451,偏心大小头,SCH40xSCH40,SS,BW,20,CP05T3019,ASME B16.9,RCC-M 3,QA2,3-1/2"x3",Φ101.6xΦ88.9,个,1.36,Kg,
SPR01452,偏心大小头,SCH40SxSCH40S,SS,BW,022Cr19Ni10,CP05T3017,ASME B16.9,RCC-M 2,QA1,3-1/2"x3",Φ101.6xΦ88.9,个,1.5,Kg,
SPR01453,偏心大小头,SCH80xSCH80,SS,BW,20,CP05T3019,ASME B16.9,RCC-M 2,QA1,3-1/2"x3",Φ101.6xΦ88.9,个,1.89,Kg,
SPR01454,偏心大小头,SCH80xSCH80,SS,BW,P280GH,CP05T3019,ASME B16.9,RCC-M 2,QA1,3-1/2"x3",Φ101.6xΦ88.9,个,1.89,Kg,
SPR01455,偏心大小头,3.58mmxSCH40,SS,BW,20,CP05T3019,ASME B16.9,RCC-M 2,QA1,4"x1-1/2",Φ114.3xΦ48.3,个,,Kg,
SPR01456,偏心大小头,3.58mmxSCH40,SS,BW,20,CP05T3019,ASME B16.9,RCC-M 3,QA2,4"x1-1/2",Φ114.3xΦ48.3,个,,Kg,
SPR01457,偏心大小头,SCH10SxSCH10S,SS,BW,022Cr19Ni10,CP05T3017,ASME B16.9,RCC-M 2,QA1,4"x1-1/2",Φ114.3xΦ48.3,个,0.68,Kg,
SPR01458,偏心大小头,SCH10SxSCH10S,SS,BW,022Cr19Ni10,CP05T3017,ASME B16.9,RCC-M 3,QA2,4"x1-1/2",Φ114.3xΦ48.3,个,0.68,Kg,
SPR01459,偏心大小头,SCH160xSCH160,SS,BW,P280GH,CP05T3019,ASME B16.9,RCC-M 2,QA1,4"x1-1/2",Φ114.3xΦ48.3,个,3.7,Kg,
SPR01460,偏心大小头,SCH40xSCH40,SS,BW,20,CP05T3019,ASME B16.9,RCC-M 3,QA2,4"x1-1/2",Φ114.3xΦ48.3,个,1.63,Kg,
SPR01461,偏心大小头,SCH40SxSCH40S,SS,BW,022Cr19Ni10,CP05T3017,ASME B16.9,RCC-M 2,QA1,4"x1-1/2",Φ114.3xΦ48.3,个,1.35,Kg,
SPR01462,偏心大小头,SCH80xSCH80,SS,BW,20,CP05T3019,ASME B16.9,RCC-M 2,QA1,4"x1-1/2",Φ114.3xΦ48.3,个,2.27,Kg,
SPR01463,偏心大小头,SCH80xSCH80,SS,BW,P280GH,CP05T3019,ASME B16.9,RCC-M 2,QA1,4"x1-1/2",Φ114.3xΦ48.3,个,2.27,Kg,
SPR01464,偏心大小头,3.58mmx3.18mm,SS,BW,20,CP05T3019,ASME B16.9,RCC-M 2,QA1,4"x2",Φ114.3xΦ60.3,个,,Kg,
SPR01465,偏心大小头,3.58mmx3.18mm,SS,BW,20,CP05T3019,ASME B16.9,RCC-M 3,QA2,4"x2",Φ114.3xΦ60.3,个,,Kg,
SPR01466,偏心大小头,SCH10SxSCH10S,SS,BW,022Cr19Ni10,CP05T3017,ASME B16.9,RCC-M 2,QA1,4"x2",Φ114.3xΦ60.3,个,0.78,Kg,
SPR01467,偏心大小头,SCH10SxSCH10S,SS,BW,022Cr19Ni10,CP05T3017,ASME B16.9,RCC-M 3,QA2,4"x2",Φ114.3xΦ60.3,个,0.78,Kg,
SPR01468,偏心大小头,SCH160xSCH160,SS,BW,P280GH,CP05T3019,ASME B16.9,RCC-M 2,QA1,4"x2",Φ114.3xΦ60.3,个,3.7,Kg,
SPR01469,偏心大小头,SCH40xSCH40,SS,BW,20,CP05T3019,ASME B16.9,RCC-M 3,QA2,4"x2",Φ114.3xΦ60.3,个,1.63,Kg,
SPR01470,偏心大小头,SCH40SxSCH40S,SS,BW,022Cr19Ni10,CP05T3017,ASME B16.9,RCC-M 2,QA1,4"x2",Φ114.3xΦ60.3,个,1.6,Kg,
SPR01471,偏心大小头,SCH80xSCH80,SS,BW,20,CP05T3019,ASME B16.9,RCC-M 2,QA1,4"x2",Φ114.3xΦ60.3,个,2.27,Kg,
SPR01472,偏心大小头,SCH80xSCH80,SS,BW,P280GH,CP05T3019,ASME B16.9,RCC-M 2,QA1,4"x2",Φ114.3xΦ60.3,个,2.27,Kg,
SPR01473,偏心大小头,3.58mmx3.18mm,SS,BW,20,CP05T3019,ASME B16.9,RCC-M 2,QA1,4"x2-1/2",Φ114.3xΦ73,个,,Kg,
SPR01474,偏心大小头,3.58mmx3.18mm,SS,BW,20,CP05T3019,ASME B16.9,RCC-M 3,QA2,4"x2-1/2",Φ114.3xΦ73,个,,Kg,
SPR01475,偏心大小头,SCH10SxSCH10S,SS,BW,022Cr19Ni10,CP05T3017,ASME B16.9,RCC-M 2,QA1,4"x2-1/2",Φ114.3xΦ73,个,0.83,Kg,
SPR01476,偏心大小头,SCH10SxSCH10S,SS,BW,022Cr19Ni10,CP05T3017,ASME B16.9,RCC-M 3,QA2,4"x2-1/2",Φ114.3xΦ73,个,0.83,Kg,
SPR01477,偏心大小头,SCH160xSCH160,SS,BW,P280GH,CP05T3019,ASME B16.9,RCC-M 2,QA1,4"x2-1/2",Φ114.3xΦ73,个,3.7,Kg,
SPR01478,偏心大小头,SCH40xSCH40,SS,BW,20,CP05T3019,ASME B16.9,RCC-M 3,QA2,4"x2-1/2",Φ114.3xΦ73,个,1.63,Kg,
SPR01479,偏心大小头,SCH40SxSCH40S,SS,BW,022Cr19Ni10,CP05T3017,ASME B16.9,RCC-M 2,QA1,4"x2-1/2",Φ114.3xΦ73,个,1.65,Kg,
SPR01480,偏心大小头,SCH80xSCH80,SS,BW,20,CP05T3019,ASME B16.9,RCC-M 2,QA1,4"x2-1/2",Φ114.3xΦ73,个,2.27,Kg,
SPR01481,偏心大小头,SCH80xSCH80,SS,BW,P280GH,CP05T3019,ASME B16.9,RCC-M 2,QA1,4"x2-1/2",Φ114.3xΦ73,个,2.27,Kg,
SPR01482,偏心大小头,3.58mmx3.18mm,SS,BW,20,CP05T3019,ASME B16.9,RCC-M 2,QA1,4"x3",Φ114.3xΦ88.9,个,,Kg,
SPR01483,偏心大小头,3.58mmx3.18mm,SS,BW,20,CP05T3019,ASME B16.9,RCC-M 3,QA2,4"x3",Φ114.3xΦ88.9,个,,Kg,
SPR01484,偏心大小头,SCH10SxSCH10S,SS,BW,022Cr19Ni10,CP05T3017,ASME B16.9,RCC-M 2,QA1,4"x3",Φ114.3xΦ88.9,个,0.87,Kg,
SPR01485,偏心大小头,SCH10SxSCH10S,SS,BW,022Cr19Ni10,CP05T3017,ASME B16.9,RCC-M 3,QA2,4"x3",Φ114.3xΦ88.9,个,0.87,Kg,
SPR01486,偏心大小头,SCH160xSCH160,SS,BW,P280GH,CP05T3019,ASME B16.9,RCC-M 2,QA1,4"x3",Φ114.3xΦ88.9,个,3.7,Kg,
SPR01487,偏心大小头,SCH40xSCH40,SS,BW,20,CP05T3019,ASME B16.9,RCC-M 3,QA2,4"x3",Φ114.3xΦ88.9,个,1.63,Kg,
SPR01488,偏心大小头,SCH40SxSCH40S,SS,BW,022Cr19Ni10,CP05T3017,ASME B16.9,RCC-M 2,QA1,4"x3",Φ114.3xΦ88.9,个,1.75,Kg,
SPR01489,偏心大小头,SCH80xSCH80,SS,BW,20,CP05T3019,ASME B16.9,RCC-M 2,QA1,4"x3",Φ114.3xΦ88.9,个,2.27,Kg,
SPR01490,偏心大小头,SCH80xSCH80,SS,BW,P280GH,CP05T3019,ASME B16.9,RCC-M 2,QA1,4"x3",Φ114.3xΦ88.9,个,2.27,Kg,
SPR01491,偏心大小头,3.58mmx3.58mm,SS,BW,20,CP05T3019,ASME B16.9,RCC-M 2,QA1,4"x3-1/2",Φ114.3xΦ101.6,个,,Kg,
SPR01492,偏心大小头,3.58mmx3.58mm,SS,BW,20,CP05T3019,ASME B16.9,RCC-M 3,QA2,4"x3-1/2",Φ114.3xΦ101.6,个,,Kg,
SPR01493,偏心大小头,SCH10SxSCH10S,SS,BW,022Cr19Ni10,CP05T3017,ASME B16.9,RCC-M 2,QA1,4"x3-1/2",Φ114.3xΦ101.6,个,0.9,Kg,
SPR01494,偏心大小头,SCH10SxSCH10S,SS,BW,022Cr19Ni10,CP05T3017,ASME B16.9,RCC-M 3,QA2,4"x3-1/2",Φ114.3xΦ101.6,个,0.9,Kg,
SPR01495,偏心大小头,SCH160xSCH160,SS,BW,P280GH,CP05T3019,ASME B16.9,RCC-M 2,QA1,4"x3-1/2",Φ114.3xΦ101.6,个,3.7,Kg,
SPR01496,偏心大小头,SCH40xSCH40,SS,BW,20,CP05T3019,ASME B16.9,RCC-M 3,QA2,4"x3-1/2",Φ114.3xΦ101.6,个,1.63,Kg,
SPR01497,偏心大小头,SCH40SxSCH40S,SS,BW,022Cr19Ni10,CP05T3017,ASME B16.9,RCC-M 2,QA1,4"x3-1/2",Φ114.3xΦ101.6,个,1.8,Kg,
SPR01498,偏心大小头,SCH80xSCH80,SS,BW,20,CP05T3019,ASME B16.9,RCC-M 2,QA1,4"x3-1/2",Φ114.3xΦ101.6,个,2.27,Kg,
SPR01499,偏心大小头,SCH80xSCH80,SS,BW,P280GH,CP05T3019,ASME B16.9,RCC-M 2,QA1,4"x3-1/2",Φ114.3xΦ101.6,个,2.27,Kg,
SPR01500,偏心大小头,SCH10SxSCH10S,SS,BW,022Cr19Ni10,CP05T3017,ASME B16.9,RCC-M 2,QA1,5"x2",Φ141.3xΦ60.3,个,1.3,Kg,
SPR01501,偏心大小头,SCH10SxSCH10S,SS,BW,022Cr19Ni10,CP05T3017,ASME B16.9,RCC-M 3,QA2,5"x2",Φ141.3xΦ60.3,个,1.3,Kg,
SPR01502,偏心大小头,SCH160xSCH160,SS,BW,P280GH,CP05T3019,ASME B16.9,RCC-M 2,QA1,5"x2",Φ141.3xΦ60.3,个,6.8,Kg,
SPR01503,偏心大小头,SCH40xSCH40,SS,BW,20,CP05T3019,ASME B16.9,RCC-M 3,QA2,5"x2",Φ141.3xΦ60.3,个,2.77,Kg,
SPR01504,偏心大小头,SCH40SxSCH40S,SS,BW,022Cr19Ni10,CP05T3017,ASME B16.9,RCC-M 2,QA1,5"x2",Φ141.3xΦ60.3,个,2.5,Kg,
SPR01505,偏心大小头,SCH80xSCH80,SS,BW,20,CP05T3019,ASME B16.9,RCC-M 2,QA1,5"x2",Φ141.3xΦ60.3,个,3.93,Kg,
SPR01506,偏心大小头,SCH10SxSCH10S,SS,BW,022Cr19Ni10,CP05T3017,ASME B16.9,RCC-M 2,QA1,5"x2-1/2",Φ141.3xΦ73,个,1.4,Kg,
SPR01507,偏心大小头,SCH10SxSCH10S,SS,BW,022Cr19Ni10,CP05T3017,ASME B16.9,RCC-M 3,QA2,5"x2-1/2",Φ141.3xΦ73,个,1.4,Kg,
SPR01508,偏心大小头,SCH160xSCH160,SS,BW,P280GH,CP05T3019,ASME B16.9,RCC-M 2,QA1,5"x2-1/2",Φ141.3xΦ73,个,6.8,Kg,
SPR01509,偏心大小头,SCH40xSCH40,SS,BW,20,CP05T3019,ASME B16.9,RCC-M 3,QA2,5"x2-1/2",Φ141.3xΦ73,个,2.77,Kg,
SPR01510,偏心大小头,SCH40SxSCH40S,SS,BW,022Cr19Ni10,CP05T3017,ASME B16.9,RCC-M 2,QA1,5"x2-1/2",Φ141.3xΦ73,个,2.7,Kg,
SPR01511,偏心大小头,SCH80xSCH80,SS,BW,20,CP05T3019,ASME B16.9,RCC-M 2,QA1,5"x2-1/2",Φ141.3xΦ73,个,3.93,Kg,
SPR01512,偏心大小头,SCH10SxSCH10S,SS,BW,022Cr19Ni10,CP05T3017,ASME B16.9,RCC-M 2,QA1,5"x3",Φ141.3xΦ88.9,个,1.45,Kg,
SPR01513,偏心大小头,SCH10SxSCH10S,SS,BW,022Cr19Ni10,CP05T3017,ASME B16.9,RCC-M 3,QA2,5"x3",Φ141.3xΦ88.9,个,1.45,Kg,
SPR01514,偏心大小头,SCH160xSCH160,SS,BW,P280GH,CP05T3019,ASME B16.9,RCC-M 2,QA1,5"x3",Φ141.3xΦ88.9,个,6.8,Kg,
SPR01515,偏心大小头,SCH40xSCH40,SS,BW,20,CP05T3019,ASME B16.9,RCC-M 3,QA2,5"x3",Φ141.3xΦ88.9,个,2.77,Kg,
SPR01516,偏心大小头,SCH40SxSCH40S,SS,BW,022Cr19Ni10,CP05T3017,ASME B16.9,RCC-M 2,QA1,5"x3",Φ141.3xΦ88.9,个,2.8,Kg,
SPR01517,偏心大小头,SCH80xSCH80,SS,BW,20,CP05T3019,ASME B16.9,RCC-M 2,QA1,5"x3",Φ141.3xΦ88.9,个,3.93,Kg,
SPR01518,偏心大小头,SCH10SxSCH10S,SS,BW,022Cr19Ni10,CP05T3017,ASME B16.9,RCC-M 2,QA1,5"x3-1/2",Φ141.3xΦ101.6,个,1.48,Kg,
SPR01519,偏心大小头,SCH10SxSCH10S,SS,BW,022Cr19Ni10,CP05T3017,ASME B16.9,RCC-M 3,QA2,5"x3-1/2",Φ141.3xΦ101.6,个,1.48,Kg,
SPR01520,偏心大小头,SCH160xSCH160,SS,BW,P280GH,CP05T3019,ASME B16.9,RCC-M 2,QA1,5"x3-1/2",Φ141.3xΦ101.6,个,,Kg,
SPR01521,偏心大小头,SCH40xSCH40,SS,BW,20,CP05T3019,ASME B16.9,RCC-M 3,QA2,5"x3-1/2",Φ141.3xΦ101.6,个,2.8,Kg,
SPR01522,偏心大小头,SCH40SxSCH40S,SS,BW,022Cr19Ni10,CP05T3017,ASME B16.9,RCC-M 2,QA1,5"x3-1/2",Φ141.3xΦ101.6,个,2.9,Kg,
SPR01523,偏心大小头,SCH80xSCH80,SS,BW,20,CP05T3019,ASME B16.9,RCC-M 2,QA1,5"x3-1/2",Φ141.3xΦ101.6,个,3.93,Kg,
SPR01524,偏心大小头,SCH10SxSCH10S,SS,BW,022Cr19Ni10,CP05T3017,ASME B16.9,RCC-M 2,QA1,5"x4",Φ141.3xΦ114.3,个,1.5,Kg,
SPR01525,偏心大小头,SCH10SxSCH10S,SS,BW,022Cr19Ni10,CP05T3017,ASME B16.9,RCC-M 3,QA2,5"x4",Φ141.3xΦ114.3,个,1.5,Kg,
SPR01526,偏心大小头,SCH160xSCH160,SS,BW,P280GH,CP05T3019,ASME B16.9,RCC-M 2,QA1,5"x4",Φ141.3xΦ114.3,个,6.8,Kg,
SPR01527,偏心大小头,SCH40xSCH40,SS,BW,20,CP05T3019,ASME B16.9,RCC-M 3,QA2,5"x4",Φ141.3xΦ114.3,个,2.77,Kg,
SPR01528,偏心大小头,SCH40SxSCH40S,SS,BW,022Cr19Ni10,CP05T3017,ASME B16.9,RCC-M 2,QA1,5"x4",Φ141.3xΦ114.3,个,3,Kg,
SPR01529,偏心大小头,SCH80xSCH80,SS,BW,20,CP05T3019,ASME B16.9,RCC-M 2,QA1,5"x4",Φ141.3xΦ114.3,个,3.93,Kg,
SPR01530,偏心大小头,4.37mmx3.18mm,SS,BW,20,CP05T3019,ASME B16.9,RCC-M 2,QA1,6"x2",Φ168.3xΦ60.3,个,,Kg,
SPR01531,偏心大小头,4.37mmx3.18mm,SS,BW,20,CP05T3019,ASME B16.9,RCC-M 3,QA2,6"x2",Φ168.3xΦ60.3,个,,Kg,
SPR01532,偏心大小头,SCH10SxSCH10S,SS,BW,022Cr19Ni10,CP05T3017,ASME B16.9,RCC-M 2,QA1,6"x2",Φ168.3xΦ60.3,个,,Kg,
SPR01533,偏心大小头,SCH10SxSCH10S,SS,BW,022Cr19Ni10,CP05T3017,ASME B16.9,RCC-M 3,QA2,6"x2",Φ168.3xΦ60.3,个,,Kg,
SPR01534,偏心大小头,SCH120xSCH80,SS,BW,P280GH,CP05T3019,ASME B16.9,RCC-M 2,QA1,6"x2",Φ168.3xΦ60.3,个,,Kg,
SPR01535,偏心大小头,SCH160xSCH160,SS,BW,P280GH,CP05T3019,ASME B16.9,RCC-M 2,QA1,6"x2",Φ168.3xΦ60.3,个,,Kg,
SPR01536,偏心大小头,SCH40xSCH40,SS,BW,20,CP05T3019,ASME B16.9,RCC-M 3,QA2,6"x2",Φ168.3xΦ60.3,个,,Kg,
SPR01537,偏心大小头,SCH40SxSCH40S,SS,BW,022Cr19Ni10,CP05T3017,ASME B16.9,RCC-M 2,QA1,6"x2",Φ168.3xΦ60.3,个,,Kg,
SPR01538,偏心大小头,SCH80xSCH80,SS,BW,20,CP05T3019,ASME B16.9,RCC-M 2,QA1,6"x2",Φ168.3xΦ60.3,个,,Kg,
SPR01539,偏心大小头,4.37mmx3.18mm,SS,BW,20,CP05T3019,ASME B16.9,RCC-M 2,QA1,6"x2-1/2",Φ168.3xΦ73,个,,Kg,
SPR01540,偏心大小头,4.37mmx3.18mm,SS,BW,20,CP05T3019,ASME B16.9,RCC-M 3,QA2,6"x2-1/2",Φ168.3xΦ73,个,,Kg,
SPR01541,偏心大小头,SCH10SxSCH10S,SS,BW,022Cr19Ni10,CP05T3017,ASME B16.9,RCC-M 2,QA1,6"x2-1/2",Φ168.3xΦ73,个,1.55,Kg,
SPR01542,偏心大小头,SCH10SxSCH10S,SS,BW,022Cr19Ni10,CP05T3017,ASME B16.9,RCC-M 3,QA2,6"x2-1/2",Φ168.3xΦ73,个,1.55,Kg,
SPR01543,偏心大小头,SCH120xSCH80,SS,BW,P280GH,CP05T3019,ASME B16.9,RCC-M 2,QA1,6"x2-1/2",Φ168.3xΦ73,个,8.4,Kg,
SPR01544,偏心大小头,SCH160xSCH160,SS,BW,P280GH,CP05T3019,ASME B16.9,RCC-M 2,QA1,6"x2-1/2",Φ168.3xΦ73,个,10.4,Kg,
SPR01545,偏心大小头,SCH40xSCH40,SS,BW,20,CP05T3019,ASME B16.9,RCC-M 3,QA2,6"x2-1/2",Φ168.3xΦ73,个,3.96,Kg,
SPR01546,偏心大小头,SCH40SxSCH40S,SS,BW,022Cr19Ni10,CP05T3017,ASME B16.9,RCC-M 2,QA1,6"x2-1/2",Φ168.3xΦ73,个,3.8,Kg,
SPR01547,偏心大小头,SCH80xSCH80,SS,BW,20,CP05T3019,ASME B16.9,RCC-M 2,QA1,6"x2-1/2",Φ168.3xΦ73,个,5.95,Kg,
SPR01548,偏心大小头,4.37mmx3.18mm,SS,BW,20,CP05T3019,ASME B16.9,RCC-M 2,QA1,6"x3",Φ168.3xΦ88.9,个,,Kg,
SPR01549,偏心大小头,4.37mmx3.18mm,SS,BW,20,CP05T3019,ASME B16.9,RCC-M 3,QA2,6"x3",Φ168.3xΦ88.9,个,,Kg,
SPR01550,偏心大小头,SCH10SxSCH10S,SS,BW,022Cr19Ni10,CP05T3017,ASME B16.9,RCC-M 2,QA1,6"x3",Φ168.3xΦ88.9,个,1.8,Kg,
SPR01551,偏心大小头,SCH10SxSCH10S,SS,BW,022Cr19Ni10,CP05T3017,ASME B16.9,RCC-M 3,QA2,6"x3",Φ168.3xΦ88.9,个,1.8,Kg,
SPR01552,偏心大小头,SCH120xSCH80,SS,BW,P280GH,CP05T3019,ASME B16.9,RCC-M 2,QA1,6"x3",Φ168.3xΦ88.9,个,8.4,Kg,
SPR01553,偏心大小头,SCH160xSCH160,SS,BW,P280GH,CP05T3019,ASME B16.9,RCC-M 2,QA1,6"x3",Φ168.3xΦ88.9,个,10.4,Kg,
SPR01554,偏心大小头,SCH40xSCH40,SS,BW,20,CP05T3019,ASME B16.9,RCC-M 3,QA2,6"x3",Φ168.3xΦ88.9,个,3.96,Kg,
SPR01555,偏心大小头,SCH40SxSCH40S,SS,BW,022Cr19Ni10,CP05T3017,ASME B16.9,RCC-M 2,QA1,6"x3",Φ168.3xΦ88.9,个,4,Kg,
SPR01556,偏心大小头,SCH80xSCH80,SS,BW,20,CP05T3019,ASME B16.9,RCC-M 2,QA1,6"x3",Φ168.3xΦ88.9,个,5.95,Kg,
SPR01557,偏心大小头,4.37mmx3.58mm,SS,BW,20,CP05T3019,ASME B16.9,RCC-M 2,QA1,6"x3-1/2",Φ168.3xΦ101.6,个,,Kg,
SPR01558,偏心大小头,4.37mmx3.58mm,SS,BW,20,CP05T3019,ASME B16.9,RCC-M 3,QA2,6"x3-1/2",Φ168.3xΦ101.6,个,,Kg,
SPR01559,偏心大小头,SCH10SxSCH10S,SS,BW,022Cr19Ni10,CP05T3017,ASME B16.9,RCC-M 2,QA1,6"x3-1/2",Φ168.3xΦ101.6,个,1.9,Kg,
SPR01560,偏心大小头,SCH10SxSCH10S,SS,BW,022Cr19Ni10,CP05T3017,ASME B16.9,RCC-M 3,QA2,6"x3-1/2",Φ168.3xΦ101.6,个,1.9,Kg,
SPR01561,偏心大小头,SCH120xSCH80,SS,BW,P280GH,CP05T3019,ASME B16.9,RCC-M 2,QA1,6"x3-1/2",Φ168.3xΦ101.6,个,8.4,Kg,
SPR01562,偏心大小头,SCH160xSCH160,SS,BW,P280GH,CP05T3019,ASME B16.9,RCC-M 2,QA1,6"x3-1/2",Φ168.3xΦ101.6,个,10.4,Kg,
SPR01563,偏心大小头,SCH40xSCH40,SS,BW,20,CP05T3019,ASME B16.9,RCC-M 3,QA2,6"x3-1/2",Φ168.3xΦ101.6,个,3.96,Kg,
SPR01564,偏心大小头,SCH40SxSCH40S,SS,BW,022Cr19Ni10,CP05T3017,ASME B16.9,RCC-M 2,QA1,6"x3-1/2",Φ168.3xΦ101.6,个,4.05,Kg,
SPR01565,偏心大小头,SCH80xSCH80,SS,BW,20,CP05T3019,ASME B16.9,RCC-M 2,QA1,6"x3-1/2",Φ168.3xΦ101.6,个,5.95,Kg,
SPR01566,偏心大小头,4.37mmx3.58mm,SS,BW,20,CP05T3019,ASME B16.9,RCC-M 2,QA1,6"x4",Φ168.3xΦ114.3,个,,Kg,
SPR01567,偏心大小头,4.37mmx3.58mm,SS,BW,20,CP05T3019,ASME B16.9,RCC-M 3,QA2,6"x4",Φ168.3xΦ114.3,个,,Kg,
SPR01568,偏心大小头,SCH10SxSCH10S,SS,BW,022Cr19Ni10,CP05T3017,ASME B16.9,RCC-M 2,QA1,6"x4",Φ168.3xΦ114.3,个,1.95,Kg,
SPR01569,偏心大小头,SCH10SxSCH10S,SS,BW,022Cr19Ni10,CP05T3017,ASME B16.9,RCC-M 3,QA2,6"x4",Φ168.3xΦ114.3,个,1.95,Kg,
SPR01570,偏心大小头,SCH120xSCH80,SS,BW,P280GH,CP05T3019,ASME B16.9,RCC-M 2,QA1,6"x4",Φ168.3xΦ114.3,个,8.4,Kg,
SPR01571,偏心大小头,SCH160xSCH160,SS,BW,P280GH,CP05T3019,ASME B16.9,RCC-M 2,QA1,6"x4",Φ168.3xΦ114.3,个,10.4,Kg,
SPR01572,偏心大小头,SCH40xSCH40,SS,BW,20,CP05T3019,ASME B16.9,RCC-M 3,QA2,6"x4",Φ168.3xΦ114.3,个,3.96,Kg,
SPR01573,偏心大小头,SCH40SxSCH40S,SS,BW,022Cr19Ni10,CP05T3017,ASME B16.9,RCC-M 2,QA1,6"x4",Φ168.3xΦ114.3,个,4.1,Kg,
SPR01574,偏心大小头,SCH80xSCH80,SS,BW,20,CP05T3019,ASME B16.9,RCC-M 2,QA1,6"x4",Φ168.3xΦ114.3,个,5.95,Kg,
SPR01575,偏心大小头,4.37mmx4.37mm,SS,BW,20,CP05T3019,ASME B16.9,RCC-M 2,QA1,6"x5",Φ168.3xΦ141.3,个,,Kg,
SPR01576,偏心大小头,4.37mmx4.37mm,SS,BW,20,CP05T3019,ASME B16.9,RCC-M 3,QA2,6"x5",Φ168.3xΦ141.3,个,,Kg,
SPR01577,偏心大小头,SCH10SxSCH10S,SS,BW,022Cr19Ni10,CP05T3017,ASME B16.9,RCC-M 2,QA1,6"x5",Φ168.3xΦ141.3,个,2,Kg,
SPR01578,偏心大小头,SCH10SxSCH10S,SS,BW,022Cr19Ni10,CP05T3017,ASME B16.9,RCC-M 3,QA2,6"x5",Φ168.3xΦ141.3,个,2,Kg,
SPR01579,偏心大小头,SCH120xSCH120,SS,BW,P280GH,CP05T3019,ASME B16.9,RCC-M 2,QA1,6"x5",Φ168.3xΦ141.3,个,8.4,Kg,
SPR01580,偏心大小头,SCH160xSCH160,SS,BW,P280GH,CP05T3019,ASME B16.9,RCC-M 2,QA1,6"x5",Φ168.3xΦ141.3,个,10.4,Kg,
SPR01581,偏心大小头,SCH40xSCH40,SS,BW,20,CP05T3019,ASME B16.9,RCC-M 3,QA2,6"x5",Φ168.3xΦ141.3,个,3.96,Kg,
SPR01582,偏心大小头,SCH40SxSCH40S,SS,BW,022Cr19Ni10,CP05T3017,ASME B16.9,RCC-M 2,QA1,6"x5",Φ168.3xΦ141.3,个,4.3,Kg,
SPR01583,偏心大小头,SCH80xSCH80,SS,BW,20,CP05T3019,ASME B16.9,RCC-M 2,QA1,6"x5",Φ168.3xΦ141.3,个,5.95,Kg,
SPR01584,偏心大小头,SCH10SxSCH10S,SS,BW,022Cr19Ni10,CP05T3017,ASME B16.9,RCC-M 2,QA1,8"x3-1/2",Φ219.1xΦ101.6,个,2.95,Kg,
SPR01585,偏心大小头,SCH10SxSCH10S,SS,BW,022Cr19Ni10,CP05T3017,ASME B16.9,RCC-M 3,QA2,8"x3-1/2",Φ219.1xΦ101.6,个,2.95,Kg,
SPR01586,偏心大小头,SCH120xSCH80,SS,BW,P280GH,CP05T3019,ASME B16.9,RCC-M 2,QA1,8"x3-1/2",Φ219.1xΦ101.6,个,15.3,Kg,
SPR01587,偏心大小头,SCH160xSCH160,SS,BW,P280GH,CP05T3019,ASME B16.9,RCC-M 2,QA1,8"x3-1/2",Φ219.1xΦ101.6,个,18.9,Kg,
SPR01588,偏心大小头,SCH20x3.58mm,SS,BW,20,CP05T3019,ASME B16.9,RCC-M 2,QA1,8"x3-1/2",Φ219.1xΦ101.6,个,,Kg,
SPR01589,偏心大小头,SCH20x3.58mm,SS,BW,20,CP05T3019,ASME B16.9,RCC-M 3,QA2,8"x3-1/2",Φ219.1xΦ101.6,个,,Kg,
SPR01590,偏心大小头,SCH40xSCH40,SS,BW,20,CP05T3019,ASME B16.9,RCC-M 3,QA2,8"x3-1/2",Φ219.1xΦ101.6,个,6.31,Kg,
SPR01591,偏心大小头,SCH40SxSCH40S,SS,BW,022Cr19Ni10,CP05T3017,ASME B16.9,RCC-M 2,QA1,8"x3-1/2",Φ219.1xΦ101.6,个,6.4,Kg,
SPR01592,偏心大小头,SCH80xSCH80,SS,BW,20,CP05T3019,ASME B16.9,RCC-M 2,QA1,8"x3-1/2",Φ219.1xΦ101.6,个,9.26,Kg,
SPR01593,偏心大小头,SCH10SxSCH10S,SS,BW,022Cr19Ni10,CP05T3017,ASME B16.9,RCC-M 2,QA1,8"x4",Φ219.1xΦ114.3,个,3,Kg,
SPR01594,偏心大小头,SCH10SxSCH10S,SS,BW,022Cr19Ni10,CP05T3017,ASME B16.9,RCC-M 3,QA2,8"x4",Φ219.1xΦ114.3,个,3,Kg,
SPR01595,偏心大小头,SCH120xSCH80,SS,BW,P280GH,CP05T3019,ASME B16.9,RCC-M 2,QA1,8"x4",Φ219.1xΦ114.3,个,15.3,Kg,
SPR01596,偏心大小头,SCH160xSCH160,SS,BW,P280GH,CP05T3019,ASME B16.9,RCC-M 2,QA1,8"x4",Φ219.1xΦ114.3,个,18.9,Kg,
SPR01597,偏心大小头,SCH20x3.58mm,SS,BW,20,CP05T3019,ASME B16.9,RCC-M 2,QA1,8"x4",Φ219.1xΦ114.3,个,,Kg,
SPR01598,偏心大小头,SCH20x3.58mm,SS,BW,20,CP05T3019,ASME B16.9,RCC-M 3,QA2,8"x4",Φ219.1xΦ114.3,个,,Kg,
SPR01599,偏心大小头,SCH40xSCH40,SS,BW,20,CP05T3019,ASME B16.9,RCC-M 3,QA2,8"x4",Φ219.1xΦ114.3,个,6.31,Kg,
SPR01600,偏心大小头,SCH40SxSCH40S,SS,BW,022Cr19Ni10,CP05T3017,ASME B16.9,RCC-M 2,QA1,8"x4",Φ219.1xΦ114.3,个,6.5,Kg,
SPR01601,偏心大小头,SCH80xSCH80,SS,BW,20,CP05T3019,ASME B16.9,RCC-M 2,QA1,8"x4",Φ219.1xΦ114.3,个,9.26,Kg,
SPR01602,偏心大小头,SCH10SxSCH10S,SS,BW,022Cr19Ni10,CP05T3017,ASME B16.9,RCC-M 2,QA1,8"x5",Φ219.1xΦ141.3,个,3.1,Kg,
SPR01603,偏心大小头,SCH10SxSCH10S,SS,BW,022Cr19Ni10,CP05T3017,ASME B16.9,RCC-M 3,QA2,8"x5",Φ219.1xΦ141.3,个,3.1,Kg,
SPR01604,偏心大小头,SCH120xSCH120,SS,BW,P280GH,CP05T3019,ASME B16.9,RCC-M 2,QA1,8"x5",Φ219.1xΦ141.3,个,15.3,Kg,
SPR01605,偏心大小头,SCH160xSCH160,SS,BW,P280GH,CP05T3019,ASME B16.9,RCC-M 2,QA1,8"x5",Φ219.1xΦ141.3,个,18.9,Kg,
SPR01606,偏心大小头,SCH20x4.37mm,SS,BW,20,CP05T3019,ASME B16.9,RCC-M 2,QA1,8"x5",Φ219.1xΦ141.3,个,,Kg,
SPR01607,偏心大小头,SCH20x4.37mm,SS,BW,20,CP05T3019,ASME B16.9,RCC-M 3,QA2,8"x5",Φ219.1xΦ141.3,个,,Kg,
SPR01608,偏心大小头,SCH40xSCH40,SS,BW,20,CP05T3019,ASME B16.9,RCC-M 3,QA2,8"x5",Φ219.1xΦ141.3,个,6.31,Kg,
SPR01609,偏心大小头,SCH40SxSCH40S,SS,BW,022Cr19Ni10,CP05T3017,ASME B16.9,RCC-M 2,QA1,8"x5",Φ219.1xΦ141.3,个,6.7,Kg,
SPR01610,偏心大小头,SCH80xSCH80,SS,BW,20,CP05T3019,ASME B16.9,RCC-M 2,QA1,8"x5",Φ219.1xΦ141.3,个,9.26,Kg,
SPR01611,偏心大小头,SCH10SxSCH10S,SS,BW,022Cr19Ni10,CP05T3017,ASME B16.9,RCC-M 2,QA1,8"x6",Φ219.1xΦ168.3,个,3.2,Kg,
SPR01612,偏心大小头,SCH10SxSCH10S,SS,BW,022Cr19Ni10,CP05T3017,ASME B16.9,RCC-M 3,QA2,8"x6",Φ219.1xΦ168.3,个,3.2,Kg,
SPR01613,偏心大小头,SCH120xSCH120,SS,BW,P280GH,CP05T3019,ASME B16.9,RCC-M 2,QA1,8"x6",Φ219.1xΦ168.3,个,15.3,Kg,
SPR01614,偏心大小头,SCH160xSCH160,SS,BW,P280GH,CP05T3019,ASME B16.9,RCC-M 2,QA1,8"x6",Φ219.1xΦ168.3,个,18.9,Kg,
SPR01615,偏心大小头,SCH20x4.37mm,SS,BW,20,CP05T3019,ASME B16.9,RCC-M 2,QA1,8"x6",Φ219.1xΦ168.3,个,,Kg,
SPR01616,偏心大小头,SCH20x4.37mm,SS,BW,20,CP05T3019,ASME B16.9,RCC-M 3,QA2,8"x6",Φ219.1xΦ168.3,个,,Kg,
SPR01617,偏心大小头,SCH40xSCH40,SS,BW,20,CP05T3019,ASME B16.9,RCC-M 3,QA2,8"x6",Φ219.1xΦ168.3,个,6.31,Kg,
SPR01618,偏心大小头,SCH40SxSCH40S,SS,BW,022Cr19Ni10,CP05T3017,ASME B16.9,RCC-M 2,QA1,8"x6",Φ219.1xΦ168.3,个,6.9,Kg,
SPR01619,偏心大小头,SCH80xSCH80,SS,BW,20,CP05T3019,ASME B16.9,RCC-M 2,QA1,8"x6",Φ219.1xΦ168.3,个,9.26,Kg,
SPR01620,偏心大小头,SCH10SxSCH10S,SS,BW,022Cr19Ni10,CP05T3017,ASME B16.9,RCC-M 2,QA1,10"x4",Φ273xΦ114.3,个,4.7,Kg,
SPR01621,偏心大小头,SCH10SxSCH10S,SS,BW,022Cr19Ni10,CP05T3017,ASME B16.9,RCC-M 3,QA2,10"x4",Φ273xΦ114.3,个,4.7,Kg,
SPR01622,偏心大小头,SCH160xSCH160,SS,BW,P280GH,CP05T3019,ASME B16.9,RCC-M 2,QA1,10"x4",Φ273xΦ114.3,个,33.9,Kg,
SPR01623,偏心大小头,SCH20x3.58mm,SS,BW,20,CP05T3019,ASME B16.9,RCC-M 2,QA1,10"x4",Φ273xΦ114.3,个,7.85,Kg,
SPR01624,偏心大小头,SCH20x3.58mm,SS,BW,20,CP05T3019,ASME B16.9,RCC-M 3,QA2,10"x4",Φ273xΦ114.3,个,7.85,Kg,
SPR01625,偏心大小头,SCH40xSCH40,SS,BW,20,CP05T3019,ASME B16.9,RCC-M 3,QA2,10"x4",Φ273xΦ114.3,个,10.7,Kg,
SPR01626,偏心大小头,SCH60xSCH80,SS,BW,P280GH,CP05T3019,ASME B16.9,RCC-M 2,QA1,10"x4",Φ273xΦ114.3,个,,Kg,
SPR01627,偏心大小头,SCH80xSCH80,SS,BW,20,CP05T3019,ASME B16.9,RCC-M 2,QA1,10"x4",Φ273xΦ114.3,个,17.5,Kg,
SPR01628,偏心大小头,SCH80SxSCH40S,SS,BW,022Cr19Ni10,CP05T3017,ASME B16.9,RCC-M 2,QA1,10"x4",Φ273xΦ114.3,个,12.5,Kg,
SPR01629,偏心大小头,SCH10SxSCH10S,SS,BW,022Cr19Ni10,CP05T3017,ASME B16.9,RCC-M 2,QA1,10"x5",Φ273xΦ141.3,个,4.9,Kg,
SPR01630,偏心大小头,SCH10SxSCH10S,SS,BW,022Cr19Ni10,CP05T3017,ASME B16.9,RCC-M 3,QA2,10"x5",Φ273xΦ141.3,个,4.9,Kg,
SPR01631,偏心大小头,SCH160xSCH160,SS,BW,P280GH,CP05T3019,ASME B16.9,RCC-M 2,QA1,10"x5",Φ273xΦ141.3,个,33.9,Kg,
SPR01632,偏心大小头,SCH20x4.37mm,SS,BW,20,CP05T3019,ASME B16.9,RCC-M 2,QA1,10"x5",Φ273xΦ141.3,个,7.85,Kg,
SPR01633,偏心大小头,SCH20x4.37mm,SS,BW,20,CP05T3019,ASME B16.9,RCC-M 3,QA2,10"x5",Φ273xΦ141.3,个,7.85,Kg,
SPR01634,偏心大小头,SCH40xSCH40,SS,BW,20,CP05T3019,ASME B16.9,RCC-M 3,QA2,10"x5",Φ273xΦ141.3,个,10.7,Kg,
SPR01635,偏心大小头,SCH60xSCH120,SS,BW,P280GH,CP05T3019,ASME B16.9,RCC-M 2,QA1,10"x5",Φ273xΦ141.3,个,,Kg,
SPR01636,偏心大小头,SCH80xSCH80,SS,BW,20,CP05T3019,ASME B16.9,RCC-M 2,QA1,10"x5",Φ273xΦ141.3,个,17.5,Kg,
SPR01637,偏心大小头,SCH80SxSCH40S,SS,BW,022Cr19Ni10,CP05T3017,ASME B16.9,RCC-M 2,QA1,10"x5",Φ273xΦ141.3,个,14.2,Kg,
SPR01638,偏心大小头,SCH10SxSCH10S,SS,BW,022Cr19Ni10,CP05T3017,ASME B16.9,RCC-M 2,QA1,10"x6",Φ273xΦ168.3,个,5,Kg,
SPR01639,偏心大小头,SCH10SxSCH10S,SS,BW,022Cr19Ni10,CP05T3017,ASME B16.9,RCC-M 3,QA2,10"x6",Φ273xΦ168.3,个,5,Kg,
SPR01640,偏心大小头,SCH160xSCH160,SS,BW,P280GH,CP05T3019,ASME B16.9,RCC-M 2,QA1,10"x6",Φ273xΦ168.3,个,33.9,Kg,
SPR01641,偏心大小头,SCH20x4.37mm,SS,BW,20,CP05T3019,ASME B16.9,RCC-M 2,QA1,10"x6",Φ273xΦ168.3,个,7.85,Kg,
SPR01642,偏心大小头,SCH20x4.37mm,SS,BW,20,CP05T3019,ASME B16.9,RCC-M 3,QA2,10"x6",Φ273xΦ168.3,个,7.85,Kg,
SPR01643,偏心大小头,SCH40xSCH40,SS,BW,20,CP05T3019,ASME B16.9,RCC-M 3,QA2,10"x6",Φ273xΦ168.3,个,10.7,Kg,
SPR01644,偏心大小头,SCH60xSCH120,SS,BW,P280GH,CP05T3019,ASME B16.9,RCC-M 2,QA1,10"x6",Φ273xΦ168.3,个,,Kg,
SPR01645,偏心大小头,SCH80xSCH80,SS,BW,20,CP05T3019,ASME B16.9,RCC-M 2,QA1,10"x6",Φ273xΦ168.3,个,17.5,Kg,
SPR01646,偏心大小头,SCH80SxSCH40S,SS,BW,022Cr19Ni10,CP05T3017,ASME B16.9,RCC-M 2,QA1,10"x6",Φ273xΦ168.3,个,14.8,Kg,
SPR01647,偏心大小头,SCH10SxSCH10S,SS,BW,022Cr19Ni10,CP05T3017,ASME B16.9,RCC-M 2,QA1,10"x8",Φ273xΦ219.1,个,5.2,Kg,
SPR01648,偏心大小头,SCH10SxSCH10S,SS,BW,022Cr19Ni10,CP05T3017,ASME B16.9,RCC-M 3,QA2,10"x8",Φ273xΦ219.1,个,5.2,Kg,
SPR01649,偏心大小头,SCH160xSCH160,SS,BW,P280GH,CP05T3019,ASME B16.9,RCC-M 2,QA1,10"x8",Φ273xΦ219.1,个,33.9,Kg,
SPR01650,偏心大小头,SCH20xSCH20,SS,BW,20,CP05T3019,ASME B16.9,RCC-M 2,QA1,10"x8",Φ273xΦ219.1,个,7.85,Kg,
SPR01651,偏心大小头,SCH20xSCH20,SS,BW,20,CP05T3019,ASME B16.9,RCC-M 3,QA2,10"x8",Φ273xΦ219.1,个,7.85,Kg,
SPR01652,偏心大小头,SCH40xSCH40,SS,BW,20,CP05T3019,ASME B16.9,RCC-M 3,QA2,10"x8",Φ273xΦ219.1,个,10.7,Kg,
SPR01653,偏心大小头,SCH60xSCH120,SS,BW,P280GH,CP05T3019,ASME B16.9,RCC-M 2,QA1,10"x8",Φ273xΦ219.1,个,14.5,Kg,
SPR01654,偏心大小头,SCH80xSCH80,SS,BW,20,CP05T3019,ASME B16.9,RCC-M 2,QA1,10"x8",Φ273xΦ219.1,个,17.5,Kg,
SPR01655,偏心大小头,SCH80SxSCH40S,SS,BW,022Cr19Ni10,CP05T3017,ASME B16.9,RCC-M 2,QA1,10"x8",Φ273xΦ219.1,个,15.6,Kg,
SPR01656,偏心大小头,7.14mmx4.37mm,SS,BW,20,CP05T3019,ASME B16.9,RCC-M 2,QA1,12"x5",Φ323.8xΦ141.3,个,,Kg,
SPR01657,偏心大小头,7.14mmx4.37mm,SS,BW,20,CP05T3019,ASME B16.9,RCC-M 3,QA2,12"x5",Φ323.8xΦ141.3,个,,Kg,
SPR01658,偏心大小头,SCH10SxSCH10S,SS,BW,022Cr19Ni10,CP05T3017,ASME B16.9,RCC-M 2,QA1,12"x5",Φ323.8xΦ141.3,个,7.3,Kg,
SPR01659,偏心大小头,SCH10SxSCH10S,SS,BW,022Cr19Ni10,CP05T3017,ASME B16.9,RCC-M 3,QA2,12"x5",Φ323.8xΦ141.3,个,7.3,Kg,
SPR01660,偏心大小头,SCH160xSCH160,SS,BW,P280GH,CP05T3019,ASME B16.9,RCC-M 2,QA1,12"x5",Φ323.8xΦ141.3,个,50.6,Kg,
SPR01661,偏心大小头,SCH40xSCH40,SS,BW,20,CP05T3019,ASME B16.9,RCC-M 3,QA2,12"x5",Φ323.8xΦ141.3,个,16.3,Kg,
SPR01662,偏心大小头,SCH80xSCH80,SS,BW,20,CP05T3019,ASME B16.9,RCC-M 2,QA1,12"x5",Φ323.8xΦ141.3,个,25.1,Kg,
SPR01663,偏心大小头,SCH80SxSCH40S,SS,BW,022Cr19Ni10,CP05T3017,ASME B16.9,RCC-M 2,QA1,12"x5",Φ323.8xΦ141.3,个,19.4,Kg,
SPR01664,偏心大小头,7.14mmx4.37mm,SS,BW,20,CP05T3019,ASME B16.9,RCC-M 2,QA1,12"x6",Φ323.8xΦ168.3,个,,Kg,
SPR01665,偏心大小头,7.14mmx4.37mm,SS,BW,20,CP05T3019,ASME B16.9,RCC-M 3,QA2,12"x6",Φ323.8xΦ168.3,个,,Kg,
SPR01666,偏心大小头,SCH10SxSCH10S,SS,BW,022Cr19Ni10,CP05T3017,ASME B16.9,RCC-M 2,QA1,12"x6",Φ323.8xΦ168.3,个,7.4,Kg,
SPR01667,偏心大小头,SCH10SxSCH10S,SS,BW,022Cr19Ni10,CP05T3017,ASME B16.9,RCC-M 3,QA2,12"x6",Φ323.8xΦ168.3,个,7.4,Kg,
SPR01668,偏心大小头,SCH160xSCH160,SS,BW,P280GH,CP05T3019,ASME B16.9,RCC-M 2,QA1,12"x6",Φ323.8xΦ168.3,个,50.6,Kg,
SPR01669,偏心大小头,SCH40xSCH40,SS,BW,20,CP05T3019,ASME B16.9,RCC-M 3,QA2,12"x6",Φ323.8xΦ168.3,个,16.3,Kg,
SPR01670,偏心大小头,SCH80xSCH80,SS,BW,20,CP05T3019,ASME B16.9,RCC-M 2,QA1,12"x6",Φ323.8xΦ168.3,个,25.1,Kg,
SPR01671,偏心大小头,SCH80SxSCH40S,SS,BW,022Cr19Ni10,CP05T3017,ASME B16.9,RCC-M 2,QA1,12"x6",Φ323.8xΦ168.3,个,20.1,Kg,
SPR01672,偏心大小头,7.14mmxSCH20,SS,BW,20,CP05T3019,ASME B16.9,RCC-M 2,QA1,12"x8",Φ323.8xΦ219.1,个,,Kg,
SPR01673,偏心大小头,7.14mmxSCH20,SS,BW,20,CP05T3019,ASME B16.9,RCC-M 3,QA2,12"x8",Φ323.8xΦ219.1,个,,Kg,
SPR01674,偏心大小头,SCH10SxSCH10S,SS,BW,022Cr19Ni10,CP05T3017,ASME B16.9,RCC-M 2,QA1,12"x8",Φ323.8xΦ219.1,个,7.7,Kg,
SPR01675,偏心大小头,SCH10SxSCH10S,SS,BW,022Cr19Ni10,CP05T3017,ASME B16.9,RCC-M 3,QA2,12"x8",Φ323.8xΦ219.1,个,7.7,Kg,
SPR01676,偏心大小头,SCH160xSCH160,SS,BW,P280GH,CP05T3019,ASME B16.9,RCC-M 2,QA1,12"x8",Φ323.8xΦ219.1,个,50.6,Kg,
SPR01677,偏心大小头,SCH40xSCH40,SS,BW,20,CP05T3019,ASME B16.9,RCC-M 3,QA2,12"x8",Φ323.8xΦ219.1,个,16.3,Kg,
SPR01678,偏心大小头,SCH80xSCH80,SS,BW,20,CP05T3019,ASME B16.9,RCC-M 2,QA1,12"x8",Φ323.8xΦ219.1,个,25.1,Kg,
SPR01679,偏心大小头,SCH80SxSCH40S,SS,BW,022Cr19Ni10,CP05T3017,ASME B16.9,RCC-M 2,QA1,12"x8",Φ323.8xΦ219.1,个,20.9,Kg,
SPR01680,偏心大小头,7.14mmxSCH20,SS,BW,20,CP05T3019,ASME B16.9,RCC-M 2,QA1,12"x10",Φ323.8xΦ273,个,,Kg,
SPR01681,偏心大小头,7.14mmxSCH20,SS,BW,20,CP05T3019,ASME B16.9,RCC-M 3,QA2,12"x10",Φ323.8xΦ273,个,,Kg,
SPR01682,偏心大小头,SCH10SxSCH10S,SS,BW,022Cr19Ni10,CP05T3017,ASME B16.9,RCC-M 2,QA1,12"x10",Φ323.8xΦ273,个,8,Kg,
SPR01683,偏心大小头,SCH10SxSCH10S,SS,BW,022Cr19Ni10,CP05T3017,ASME B16.9,RCC-M 3,QA2,12"x10",Φ323.8xΦ273,个,8,Kg,
SPR01684,偏心大小头,SCH160xSCH160,SS,BW,P280GH,CP05T3019,ASME B16.9,RCC-M 2,QA1,12"x10",Φ323.8xΦ273,个,50.6,Kg,
SPR01685,偏心大小头,SCH40xSCH40,SS,BW,20,CP05T3019,ASME B16.9,RCC-M 3,QA2,12"x10",Φ323.8xΦ273,个,16.3,Kg,
SPR01686,偏心大小头,SCH80xSCH80,SS,BW,20,CP05T3019,ASME B16.9,RCC-M 2,QA1,12"x10",Φ323.8xΦ273,个,25.1,Kg,
SPR01688,偏心大小头,SCH10SxSCH10S,SS,BW,022Cr19Ni10,CP05T3017,ASME B16.9,RCC-M 2,QA1,14"x6",Φ355.6xΦ168.3,个,13.1,Kg,
SPR01689,偏心大小头,SCH160xSCH160,SS,BW,P280GH,CP05T3019,ASME B16.9,RCC-M 2,QA1,14"x6",Φ355.6xΦ168.3,个,98.2,Kg,
SPR01690,偏心大小头,SCH20x4.37mm,SS,BW,20,CP05T3019,ASME B16.9,RCC-M 2,QA1,14"x6",Φ355.6xΦ168.3,个,25.6,Kg,
SPR01691,偏心大小头,SCH20x4.37mm,SS,BW,20,CP05T3019,ASME B16.9,RCC-M 3,QA2,14"x6",Φ355.6xΦ168.3,个,25.6,Kg,
SPR01692,偏心大小头,SCH40xSCH40,SS,BW,20,CP05T3019,ASME B16.9,RCC-M 3,QA2,14"x6",Φ355.6xΦ168.3,个,32.1,Kg,
SPR01693,偏心大小头,SCH60xSCH40S,SS,BW,022Cr19Ni10,CP05T3017,ASME B16.9,RCC-M 2,QA1,14"x6",Φ355.6xΦ168.3,个,,Kg,
SPR01694,偏心大小头,SCH80xSCH80,SS,BW,20,CP05T3019,ASME B16.9,RCC-M 2,QA1,14"x6",Φ355.6xΦ168.3,个,56.5,Kg,
SPR01695,偏心大小头,SCH10SxSCH10S,SS,BW,022Cr19Ni10,CP05T3017,ASME B16.9,RCC-M 2,QA1,14"x8",Φ355.6xΦ219.1,个,13.9,Kg,
SPR01696,偏心大小头,SCH160xSCH160,SS,BW,P280GH,CP05T3019,ASME B16.9,RCC-M 2,QA1,14"x8",Φ355.6xΦ219.1,个,98.2,Kg,
SPR01697,偏心大小头,SCH20xSCH20,SS,BW,20,CP05T3019,ASME B16.9,RCC-M 2,QA1,14"x8",Φ355.6xΦ219.1,个,25.6,Kg,
SPR01698,偏心大小头,SCH20xSCH20,SS,BW,20,CP05T3019,ASME B16.9,RCC-M 3,QA2,14"x8",Φ355.6xΦ219.1,个,25.6,Kg,
SPR01699,偏心大小头,SCH40xSCH40,SS,BW,20,CP05T3019,ASME B16.9,RCC-M 3,QA2,14"x8",Φ355.6xΦ219.1,个,32.1,Kg,
SPR01700,偏心大小头,SCH60xSCH40S,SS,BW,022Cr19Ni10,CP05T3017,ASME B16.9,RCC-M 2,QA1,14"x8",Φ355.6xΦ219.1,个,42,Kg,
SPR01701,偏心大小头,SCH80xSCH80,SS,BW,20,CP05T3019,ASME B16.9,RCC-M 2,QA1,14"x8",Φ355.6xΦ219.1,个,56.5,Kg,
SPR01702,偏心大小头,SCH10SxSCH10S,SS,BW,022Cr19Ni10,CP05T3017,ASME B16.9,RCC-M 2,QA1,14"x10",Φ355.6xΦ273,个,14.4,Kg,
SPR01703,偏心大小头,SCH160xSCH160,SS,BW,P280GH,CP05T3019,ASME B16.9,RCC-M 2,QA1,14"x10",Φ355.6xΦ273,个,98.2,Kg,
SPR01704,偏心大小头,SCH20xSCH20,SS,BW,20,CP05T3019,ASME B16.9,RCC-M 2,QA1,14"x10",Φ355.6xΦ273,个,25.6,Kg,
SPR01705,偏心大小头,SCH20xSCH20,SS,BW,20,CP05T3019,ASME B16.9,RCC-M 3,QA2,14"x10",Φ355.6xΦ273,个,25.6,Kg,
SPR01706,偏心大小头,SCH40xSCH40,SS,BW,20,CP05T3019,ASME B16.9,RCC-M 3,QA2,14"x10",Φ355.6xΦ273,个,32.1,Kg,
SPR01707,偏心大小头,SCH60xSCH80S,SS,BW,022Cr19Ni10,CP05T3017,ASME B16.9,RCC-M 2,QA1,14"x10",Φ355.6xΦ273,个,42,Kg,
SPR01708,偏心大小头,SCH80xSCH80,SS,BW,20,CP05T3019,ASME B16.9,RCC-M 2,QA1,14"x10",Φ355.6xΦ273,个,56.5,Kg,
SPR01709,偏心大小头,SCH10SxSCH10S,SS,BW,022Cr19Ni10,CP05T3017,ASME B16.9,RCC-M 2,QA1,14"x12",Φ355.6xΦ323.8,个,15.3,Kg,
SPR01710,偏心大小头,SCH160xSCH160,SS,BW,P280GH,CP05T3019,ASME B16.9,RCC-M 2,QA1,14"x12",Φ355.6xΦ323.8,个,98.2,Kg,
SPR01711,偏心大小头,SCH20x7.14mm,SS,BW,20,CP05T3019,ASME B16.9,RCC-M 2,QA1,14"x12",Φ355.6xΦ323.8,个,25.6,Kg,
SPR01712,偏心大小头,SCH20x7.14mm,SS,BW,20,CP05T3019,ASME B16.9,RCC-M 3,QA2,14"x12",Φ355.6xΦ323.8,个,25.6,Kg,
SPR01713,偏心大小头,SCH40xSCH40,SS,BW,20,CP05T3019,ASME B16.9,RCC-M 3,QA2,14"x12",Φ355.6xΦ323.8,个,32.1,Kg,
SPR01714,偏心大小头,SCH60xSCH80S,SS,BW,022Cr19Ni10,CP05T3017,ASME B16.9,RCC-M 2,QA1,14"x12",Φ355.6xΦ323.8,个,42,Kg,
SPR01715,偏心大小头,SCH80xSCH80,SS,BW,20,CP05T3019,ASME B16.9,RCC-M 2,QA1,14"x12",Φ355.6xΦ323.8,个,56.5,Kg,
SPR01716,偏心大小头,8.74mmxSCH20,SS,BW,20,CP05T3019,ASME B16.9,RCC-M 2,QA1,16"x8",Φ406.4xΦ219.1,个,,Kg,
SPR01719,偏心大小头,9.8mmxSCH20,SS,BW,20,CP05T3019,ASME B16.9,RCC-M 3,QA2,16"x8",Φ406.4xΦ219.1,个,,Kg,
SPR01720,偏心大小头,SCH10SxSCH10S,SS,BW,022Cr19Ni10,CP05T3017,ASME B16.9,RCC-M 2,QA1,16"x8",Φ406.4xΦ219.1,个,16.7,Kg,
SPR01721,偏心大小头,SCH160xSCH160,SS,BW,P280GH,CP05T3019,ASME B16.9,RCC-M 2,QA1,16"x8",Φ406.4xΦ219.1,个,135.8,Kg,
SPR01722,偏心大小头,SCH40xSCH40,SS,BW,20,CP05T3019,ASME B16.9,RCC-M 3,QA2,16"x8",Φ406.4xΦ219.1,个,48.8,Kg,
SPR01723,偏心大小头,SCH40SxSCH10S,SS,BW,022Cr19Ni10,CP05T3017,ASME B16.9,RCC-M 2,QA1,16"x8",Φ406.4xΦ219.1,个,33.3,Kg,
SPR01724,偏心大小头,SCH60xSCH40S,SS,BW,022Cr19Ni10,CP05T3017,ASME B16.9,RCC-M 2,QA1,16"x8",Φ406.4xΦ219.1,个,57,Kg,
SPR01725,偏心大小头,SCH80xSCH80,SS,BW,20,CP05T3019,ASME B16.9,RCC-M 2,QA1,16"x8",Φ406.4xΦ219.1,个,79,Kg,
SPR01726,偏心大小头,8.74mmxSCH20,SS,BW,20,CP05T3019,ASME B16.9,RCC-M 2,QA1,16"x10",Φ406.4xΦ273,个,,Kg,
SPR01729,偏心大小头,9.8mmxSCH20,SS,BW,20,CP05T3019,ASME B16.9,RCC-M 3,QA2,16"x10",Φ406.4xΦ273,个,,Kg,
SPR01730,偏心大小头,SCH10SxSCH10S,SS,BW,022Cr19Ni10,CP05T3017,ASME B16.9,RCC-M 2,QA1,16"x10",Φ406.4xΦ273,个,17.7,Kg,
SPR01731,偏心大小头,SCH160xSCH160,SS,BW,P280GH,CP05T3019,ASME B16.9,RCC-M 2,QA1,16"x10",Φ406.4xΦ273,个,135.8,Kg,
SPR01732,偏心大小头,SCH40xSCH40,SS,BW,20,CP05T3019,ASME B16.9,RCC-M 3,QA2,16"x10",Φ406.4xΦ273,个,48.8,Kg,
SPR01733,偏心大小头,SCH40SxSCH10S,SS,BW,022Cr19Ni10,CP05T3017,ASME B16.9,RCC-M 2,QA1,16"x10",Φ406.4xΦ273,个,35.4,Kg,
SPR01734,偏心大小头,SCH60xSCH80S,SS,BW,022Cr19Ni10,CP05T3017,ASME B16.9,RCC-M 2,QA1,16"x10",Φ406.4xΦ273,个,57,Kg,
SPR01735,偏心大小头,SCH80xSCH80,SS,BW,20,CP05T3019,ASME B16.9,RCC-M 2,QA1,16"x10",Φ406.4xΦ273,个,79,Kg,
SPR01736,偏心大小头,8.74mmx7.14mm,SS,BW,20,CP05T3019,ASME B16.9,RCC-M 2,QA1,16"x12",Φ406.4xΦ323.8,个,,Kg,
SPR01739,偏心大小头,9.8mmx7.14mm,SS,BW,20,CP05T3019,ASME B16.9,RCC-M 3,QA2,16"x12",Φ406.4xΦ323.8,个,,Kg,
SPR01740,偏心大小头,SCH10SxSCH10S,SS,BW,022Cr19Ni10,CP05T3017,ASME B16.9,RCC-M 2,QA1,16"x12",Φ406.4xΦ323.8,个,18.3,Kg,
SPR01741,偏心大小头,SCH160xSCH160,SS,BW,P280GH,CP05T3019,ASME B16.9,RCC-M 2,QA1,16"x12",Φ406.4xΦ323.8,个,135.8,Kg,
SPR01742,偏心大小头,SCH40xSCH40,SS,BW,20,CP05T3019,ASME B16.9,RCC-M 3,QA2,16"x12",Φ406.4xΦ323.8,个,48.8,Kg,
SPR01743,偏心大小头,SCH40SxSCH10S,SS,BW,022Cr19Ni10,CP05T3017,ASME B16.9,RCC-M 2,QA1,16"x12",Φ406.4xΦ323.8,个,36.7,Kg,
SPR01744,偏心大小头,SCH60xSCH80S,SS,BW,022Cr19Ni10,CP05T3017,ASME B16.9,RCC-M 2,QA1,16"x12",Φ406.4xΦ323.8,个,57,Kg,
SPR01745,偏心大小头,SCH80xSCH80,SS,BW,20,CP05T3019,ASME B16.9,RCC-M 2,QA1,16"x12",Φ406.4xΦ323.8,个,79,Kg,
SPR01746,偏心大小头,8.74mmxSCH20,SS,BW,20,CP05T3019,ASME B16.9,RCC-M 2,QA1,16"x14",Φ406.4xΦ355.6,个,,Kg,
SPR01749,偏心大小头,9.8mmxSCH20,SS,BW,20,CP05T3019,ASME B16.9,RCC-M 3,QA2,16"x14",Φ406.4xΦ355.6,个,,Kg,
SPR01750,偏心大小头,SCH10SxSCH10S,SS,BW,022Cr19Ni10,CP05T3017,ASME B16.9,RCC-M 2,QA1,16"x14",Φ406.4xΦ355.6,个,18.8,Kg,
SPR01751,偏心大小头,SCH160xSCH160,SS,BW,P280GH,CP05T3019,ASME B16.9,RCC-M 2,QA1,16"x14",Φ406.4xΦ355.6,个,135.8,Kg,
SPR01752,偏心大小头,SCH40xSCH40,SS,BW,20,CP05T3019,ASME B16.9,RCC-M 3,QA2,16"x14",Φ406.4xΦ355.6,个,48.8,Kg,
SPR01753,偏心大小头,SCH40SxSCH10S,SS,BW,022Cr19Ni10,CP05T3017,ASME B16.9,RCC-M 2,QA1,16"x14",Φ406.4xΦ355.6,个,37.6,Kg,
SPR01754,偏心大小头,SCH60xSCH60,SS,BW,022Cr19Ni10,CP05T3017,ASME B16.9,RCC-M 2,QA1,16"x14",Φ406.4xΦ355.6,个,57,Kg,
SPR01755,偏心大小头,SCH80xSCH80,SS,BW,20,CP05T3019,ASME B16.9,RCC-M 2,QA1,16"x14",Φ406.4xΦ355.6,个,79,Kg,
SPR01756,偏心大小头,SCH10xSCH20,FS,BW,Q265HR,CP05T3021,ASME B16.9,RCC-M 3,QA2,18"x10",Φ457xΦ273,个,21.5,Kg,
SPR01757,偏心大小头,SCH20xSCH10S,SS,BW,022Cr19Ni10,CP05T3017,ASME B16.9,RCC-M 2,QA1,18"x10",Φ457xΦ273,个,35.2,Kg,
SPR01758,偏心大小头,SCH10x7.14mm,FS,BW,Q265HR,CP05T3021,ASME B16.9,RCC-M 3,QA2,18"x12",Φ457xΦ323.8,个,21.5,Kg,
SPR01759,偏心大小头,SCH20xSCH10S,SS,BW,022Cr19Ni10,CP05T3017,ASME B16.9,RCC-M 2,QA1,18"x12",Φ457xΦ323.8,个,35.2,Kg,
SPR01760,偏心大小头,SCH10xSCH20,FS,BW,Q265HR,CP05T3021,ASME B16.9,RCC-M 3,QA2,18"x14",Φ457xΦ355.6,个,21.5,Kg,
SPR01761,偏心大小头,SCH20xSCH10S,SS,BW,022Cr19Ni10,CP05T3017,ASME B16.9,RCC-M 2,QA1,18"x14",Φ457xΦ355.6,个,35.2,Kg,
SPR01762,偏心大小头,SCH10x9.8mm,FS,BW,Q265HR,CP05T3021,ASME B16.9,RCC-M 3,QA2,18"x16",Φ457xΦ406.4,个,21.5,Kg,
SPR01763,偏心大小头,SCH20xSCH10S,SS,BW,022Cr19Ni10,CP05T3017,ASME B16.9,RCC-M 2,QA1,18"x16",Φ457xΦ406.4,个,35.2,Kg,
SPR01764,偏心大小头,SCH10xSCH20,FS,BW,Q265HR,CP05T3021,ASME B16.9,RCC-M 3,QA2,20"x8",Φ508xΦ219.1,个,,Kg,
SPR01765,偏心大小头,SCH10x7.14mm,FS,BW,Q265HR,CP05T3021,ASME B16.9,RCC-M 3,QA2,20"x12",Φ508xΦ323.8,个,36,Kg,
SPR01766,偏心大小头,SCH10xSCH20,FS,BW,Q265HR,CP05T3021,ASME B16.9,RCC-M 3,QA2,20"x14",Φ508xΦ355.6,个,36,Kg,
SPR01767,偏心大小头,SCH10x9.8mm,FS,BW,Q265HR,CP05T3021,ASME B16.9,RCC-M 3,QA2,20"x16",Φ508xΦ406.4,个,36,Kg,
SPR01768,偏心大小头,SCH10xSCH10,FS,BW,Q265HR,CP05T3021,ASME B16.9,RCC-M 3,QA2,20"x18",Φ508xΦ457,个,36,Kg,
SPR01769,偏心大小头,SCH10xSCH20,FS,BW,Q265HR,CP05T3021,ASME B16.9,RCC-M 3,QA2,22"x14",Φ559xΦ355.4,个,38,Kg,
SPR01770,偏心大小头,SCH10x9.8mm,FS,BW,Q265HR,CP05T3021,ASME B16.9,RCC-M 3,QA2,22"x16",Φ559xΦ406.4,个,38,Kg,
SPR01771,偏心大小头,SCH10xSCH10,FS,BW,Q265HR,CP05T3021,ASME B16.9,RCC-M 3,QA2,22"x18",Φ559xΦ457,个,38,Kg,
SPR01772,偏心大小头,SCH10xSCH10,FS,BW,Q265HR,CP05T3021,ASME B16.9,RCC-M 3,QA2,22"x20",Φ559xΦ508,个,38,Kg,
SPR01773,偏心大小头,SCH10x9.8mm,FS,BW,Q265HR,CP05T3021,ASME B16.9,RCC-M 3,QA2,24"x16",Φ610xΦ406.4,个,47.5,Kg,
SPR01774,偏心大小头,SCH10xSCH10,FS,BW,Q265HR,CP05T3021,ASME B16.9,RCC-M 3,QA2,24"x18",Φ610xΦ457,个,47.5,Kg,
SPR01775,偏心大小头,SCH10xSCH10,FS,BW,Q265HR,CP05T3021,ASME B16.9,RCC-M 3,QA2,24"x20",Φ610xΦ508,个,47.5,Kg,
SPR01776,偏心大小头,SCH10xSCH10,FS,BW,Q265HR,CP05T3021,ASME B16.9,RCC-M 3,QA2,24"x22",Φ610xΦ559,个,47.5,Kg,
SPR01777,偏心大小头,SCH10xSCH10,FS,BW,Q265HR,CP05T3021,ASME B16.9,RCC-M 3,QA2,26"x18",Φ660xΦ457,个,75,Kg,
SPR01778,偏心大小头,SCH10xSCH10,FS,BW,Q265HR,CP05T3021,ASME B16.9,RCC-M 3,QA2,26"x20",Φ660xΦ508,个,75,Kg,
SPR01779,偏心大小头,SCH10xSCH10,FS,BW,Q265HR,CP05T3021,ASME B16.9,RCC-M 3,QA2,26"x22",Φ660xΦ559,个,75,Kg,
SPR01780,偏心大小头,SCH10xSCH10,FS,BW,Q265HR,CP05T3021,ASME B16.9,RCC-M 3,QA2,26"x24",Φ660xΦ610,个,75,Kg,
SPR01781,偏心大小头,SCH10xSCH10,FS,BW,Q265HR,CP05T3021,ASME B16.9,RCC-M 3,QA2,28"x18",Φ711xΦ457,个,79,Kg,
SPR01782,偏心大小头,SCH10xSCH10,FS,BW,Q265HR,CP05T3021,ASME B16.9,RCC-M 3,QA2,28"x20",Φ711xΦ508,个,79,Kg,
SPR01783,偏心大小头,SCH10xSCH10,FS,BW,Q265HR,CP05T3021,ASME B16.9,RCC-M 3,QA2,28"x24",Φ711xΦ610,个,79,Kg,
SPR01784,偏心大小头,SCH10xSCH10,FS,BW,Q265HR,CP05T3021,ASME B16.9,RCC-M 3,QA2,28"x26",Φ711xΦ660,个,79,Kg,
SPR01785,偏心大小头,SCH10xSCH10,FS,BW,Q265HR,CP05T3021,ASME B16.9,RCC-M 3,QA2,30"x20",Φ762xΦ508,个,85,Kg,
SPR01786,偏心大小头,SCH10xSCH10,FS,BW,Q265HR,CP05T3021,ASME B16.9,RCC-M 3,QA2,30"x24",Φ762xΦ610,个,85,Kg,
SPR01787,偏心大小头,SCH10xSCH10,FS,BW,Q265HR,CP05T3021,ASME B16.9,RCC-M 3,QA2,30"x26",Φ762xΦ660,个,85,Kg,
SPR01788,偏心大小头,SCH10xSCH10,FS,BW,Q265HR,CP05T3021,ASME B16.9,RCC-M 3,QA2,30"x28",Φ762xΦ711,个,85,Kg,
SPR01789,偏心大小头,9.52mmxSCH10,FS,BW,Q265HR,CP05T3021,ASME B16.9,RCC-M 3,QA2,32"x24",Φ813xΦ610,个,115,Kg,
SPR01790,偏心大小头,9.52mmxSCH10,FS,BW,Q265HR,CP05T3021,ASME B16.9,RCC-M 3,QA2,32"x26",Φ813xΦ660,个,115,Kg,
SPR01791,偏心大小头,9.52mmxSCH10,FS,BW,Q265HR,CP05T3021,ASME B16.9,RCC-M 3,QA2,32"x28",Φ813xΦ711,个,115,Kg,
SPR01792,偏心大小头,9.52mmxSCH10,FS,BW,Q265HR,CP05T3021,ASME B16.9,RCC-M 3,QA2,32"x30",Φ813xΦ762,个,115,Kg,
SPR01793,偏心大小头,9.52mmxSCH10,FS,BW,Q265HR,CP05T3021,ASME B16.9,RCC-M 3,QA2,34"x24",Φ864xΦ610,个,123,Kg,
SPR01794,偏心大小头,9.52mmxSCH10,FS,BW,Q265HR,CP05T3021,ASME B16.9,RCC-M 3,QA2,34"x26",Φ864xΦ660,个,123,Kg,
SPR01795,偏心大小头,9.52mmxSCH10,FS,BW,Q265HR,CP05T3021,ASME B16.9,RCC-M 3,QA2,34"x30",Φ864xΦ762,个,123,Kg,
SPR01796,偏心大小头,9.52mmx9.52mm,FS,BW,Q265HR,CP05T3021,ASME B16.9,RCC-M 3,QA2,34"x32",Φ864xΦ813,个,123,Kg,
SPR01797,偏心大小头,9.52mmxSCH10,FS,BW,Q265HR,CP05T3021,ASME B16.9,RCC-M 3,QA2,36"x24",Φ914xΦ610,个,129,Kg,
SPR01798,偏心大小头,9.52mmxSCH10,FS,BW,Q265HR,CP05T3021,ASME B16.9,RCC-M 3,QA2,36"x26",Φ914xΦ660,个,129,Kg,
SPR01799,偏心大小头,9.52mmxSCH10,FS,BW,Q265HR,CP05T3021,ASME B16.9,RCC-M 3,QA2,36"x30",Φ914xΦ762,个,129,Kg,
SPR01800,偏心大小头,9.52mmx9.52mm,FS,BW,Q265HR,CP05T3021,ASME B16.9,RCC-M 3,QA2,36"x32",Φ914xΦ813,个,129,Kg,
SPR01801,偏心大小头,9.52mmx9.52mm,FS,BW,Q265HR,CP05T3021,ASME B16.9,RCC-M 3,QA2,36"x34",Φ914xΦ864,个,129,Kg,
SPR01803,同心大小头,SCH10SxSCH10S,SS,BW,022Cr19Ni10,CP05T3017,ASME B16.9,RCC-M 3,QA2,14"x12",Φ355.6xΦ323.8,个,15.3,Kg,
SPR01804,同心大小头,SCH10SxSCH10S,SS,BW,022Cr19Ni10,CP05T3017,ASME B16.9,RCC-M 3,QA2,14"x10",Φ355.6xΦ273,个,14.4,Kg,
SPR01805,同心大小头,SCH10SxSCH10S,SS,BW,022Cr19Ni10,CP05T3017,ASME B16.9,RCC-M 3,QA2,16"x14",Φ406.4xΦ355.6,个,18.8,Kg,
SPR01806,同心大小头,SCH10SxSCH10S,SS,BW,022Cr19Ni10,CP05T3017,ASME B16.9,RCC-M 3,QA2,16"x12",Φ406.4xΦ323.8,个,18.3,Kg,
SPR01807,偏心大小头,SCH10SxSCH10S,SS,BW,022Cr19Ni10,CP05T3017,ASME B16.9,RCC-M 3,QA2,14"x12",Φ355.6xΦ323.8,个,15.3,Kg,
SPR01808,偏心大小头,SCH10SxSCH10S,SS,BW,022Cr19Ni10,CP05T3017,ASME B16.9,RCC-M 3,QA2,14"x10",Φ355.6xΦ273,个,14.4,Kg,
SPR01809,偏心大小头,SCH10SxSCH10S,SS,BW,022Cr19Ni10,CP05T3017,ASME B16.9,RCC-M 3,QA2,16"x14",Φ406.4xΦ355.6,个,18.8,Kg,
SPR01810,偏心大小头,SCH10SxSCH10S,SS,BW,022Cr19Ni10,CP05T3017,ASME B16.9,RCC-M 3,QA2,16"x12",Φ406.4xΦ323.8,个,18.3,Kg,
SPR01811,同心大小头,SCH10SxSCH10S,SS,BW,022Cr19Ni10,CP05T3017,ASME B16.9,RCC-M 3,QA2,14"x6",Φ355.6xΦ168.3,个,13.1,Kg,
SPR01812,偏心大小头,SCH10SxSCH10S,SS,BW,022Cr19Ni10,CP05T3017,ASME B16.9,RCC-M 3,QA2,14"x6",Φ355.6xΦ168.3,个,13.1,Kg,
SPR01813,同心大小头,SCH10SxSCH10S,SS,BW,022Cr19Ni10,CP05T3017,ASME B16.9,RCC-M 3,QA2,14"x8",Φ355.6xΦ219.1,个,13.9,Kg,
SPR01814,偏心大小头,SCH10SxSCH10S,SS,BW,022Cr19Ni10,CP05T3017,ASME B16.9,RCC-M 3,QA2,14"x8",Φ355.6xΦ219.1,个,13.9,Kg,
SPR01815,同心大小头,SCH10SxSCH10S,SS,BW,022Cr19Ni10,CP05T3017,ASME B16.9,RCC-M 3,QA2,16"x8",Φ406.4xΦ219.1,个,16.7,Kg,
SPR01816,偏心大小头,SCH10SxSCH10S,SS,BW,022Cr19Ni10,CP05T3017,ASME B16.9,RCC-M 3,QA2,16"x8",Φ406.4xΦ219.1,个,16.7,Kg,
SPR01817,同心大小头,SCH10SxSCH10S,SS,BW,022Cr19Ni10,CP05T3017,ASME B16.9,RCC-M 3,QA2,16"x10",Φ406.4xΦ273,个,17.7,Kg,
SPR01818,偏心大小头,SCH10SxSCH10S,SS,BW,022Cr19Ni10,CP05T3017,ASME B16.9,RCC-M 3,QA2,16"x10",Φ406.4xΦ273,个,17.7,Kg,
SPR01820,同心大小头,2.2mmx2.2mm,,,环氧树脂玻璃纤维,,SY/T 6266,NA,QNCa,4"x3",,个,,Kg,
SPR01821,同心大小头,SCH80SxSCH80S,SS,BW,022Cr19Ni10,CP05T3017,ASME B16.9,RCC-M 2,QA1,10"x6",Φ273xΦ168.3,个,14.8,Kg,
SPR01822,同心大小头,SCH80SxSCH80S,SS,BW,022Cr19Ni10,CP05T3017,ASME B16.9,RCC-M 2,QA1,10"x8",Φ273xΦ219.1,个,15.6,Kg,
SPR01823,同心大小头,SCH80SxSCH80S,SS,BW,022Cr19Ni10,CP05T3017,ASME B16.9,RCC-M 2,QA1,10"x5",Φ273xΦ141.3,个,14.2,Kg,
SPR01824,同心大小头,SCH80SxSCH80S,SS,BW,022Cr19Ni10,CP05T3017,ASME B16.9,RCC-M 2,QA1,12"x6",Φ323.8xΦ168.3,个,20.1,Kg,
SPR01825,同心大小头,SCH80SxSCH80S,SS,BW,022Cr19Ni10,CP05T3017,ASME B16.9,RCC-M 2,QA1,12"x8",Φ323.8xΦ219.1,个,20.9,Kg,
SPR01826,同心大小头,SCH80SxSCH80S,SS,BW,022Cr19Ni10,CP05T3017,ASME B16.9,RCC-M 2,QA1,12"x5",Φ323.8xΦ141.3,个,19.4,Kg,
SPR01830,偏心大小头,SCH10SxSCH40S,SS,BW,022Cr19Ni10,CP05T3017,ASME B16.9,RCC-M 2,QA1,3"x3/4",Φ88.9xΦ26.7,个,,Kg,
SPR01831,同心大小头,SCH10SxSCH40S,SS,BW,022Cr19Ni10,CP05T3017,ASME B16.9,RCC-M 2,QA1,3"x3/4",Φ88.9xΦ26.7,个,,Kg,
SPR01880,同心大小头,3.18mmxSCH10S,SS,BW,20,CP05T3019,ASME B16.9,RCC-M 3,QA2,2-1/2"x1",Φ73xΦ33.4,个,,Kg,
SPR01881,同心大小头,3.18mmxSCH10S,SS,BW,20,CP05T3019,ASME B16.9,RCC-M 3,QA2,2-1/2"x1-1/4",Φ73xΦ42.2,个,,Kg,
SPR01882,同心大小头,3.18mmxSCH10S,SS,BW,20,CP05T3019,ASME B16.9,RCC-M 3,QA2,2-1/2"x1-1/2",Φ73xΦ48.3,个,,Kg,
SPR01883,同心大小头,3.18mmxSCH10S,SS,BW,20,CP05T3019,ASME B16.9,RCC-M 3,QA2,2-1/2"x2",Φ73xΦ60.3,个,,Kg,
SPR01884,同心大小头,3.18mmxSCH10S,SS,BW,20,CP05T3019,ASME B16.9,RCC-M 3,QA2,3"x1",Φ88.9xΦ33.4,个,,Kg,
SPR01885,同心大小头,3.18mmxSCH10S,SS,BW,20,CP05T3019,ASME B16.9,RCC-M 3,QA2,3"x1-1/4",Φ88.9xΦ42.2,个,,Kg,
SPR01886,同心大小头,3.18mmxSCH10S,SS,BW,20,CP05T3019,ASME B16.9,RCC-M 3,QA2,3"x1-1/2",Φ88.9xΦ48.3,个,,Kg,
SPR01887,同心大小头,3.18mmxSCH10S,SS,BW,20,CP05T3019,ASME B16.9,RCC-M 3,QA2,3"x2",Φ88.9xΦ60.3,个,,Kg,
SPR01888,同心大小头,3.58mmxSCH10S,SS,BW,20,CP05T3019,ASME B16.9,RCC-M 3,QA2,4"x1-1/2",Φ114.3xΦ48.3,个,,Kg,
SPR01889,同心大小头,3.58mmxSCH10S,SS,BW,20,CP05T3019,ASME B16.9,RCC-M 3,QA2,4"x2",Φ114.3xΦ60.3,个,,Kg,
SPR01890,同心大小头,4.37mmxSCH10S,SS,BW,20,CP05T3019,ASME B16.9,RCC-M 3,QA2,6"x2",Φ168.3xΦ60.3,个,,Kg,
SPR01891,偏心大小头,3.18mmxSCH10S,SS,BW,20,CP05T3019,ASME B16.9,RCC-M 3,QA2,2-1/2"x1",Φ73xΦ33.4,个,,Kg,
SPR01892,偏心大小头,3.18mmxSCH10S,SS,BW,20,CP05T3019,ASME B16.9,RCC-M 3,QA2,2-1/2"x1-1/4",Φ73xΦ42.2,个,,Kg,
SPR01893,偏心大小头,3.18mmxSCH10S,SS,BW,20,CP05T3019,ASME B16.9,RCC-M 3,QA2,2-1/2"x1-1/2",Φ73xΦ48.3,个,,Kg,
SPR01894,偏心大小头,3.18mmxSCH10S,SS,BW,20,CP05T3019,ASME B16.9,RCC-M 3,QA2,2-1/2"x2",Φ73xΦ60.3,个,,Kg,
SPR01895,偏心大小头,3.18mmxSCH10S,SS,BW,20,CP05T3019,ASME B16.9,RCC-M 3,QA2,3"x1",Φ88.9xΦ33.4,个,,Kg,
SPR01896,偏心大小头,3.18mmxSCH10S,SS,BW,20,CP05T3019,ASME B16.9,RCC-M 3,QA2,3"x1-1/4",Φ88.9xΦ42.2,个,,Kg,
SPR01897,偏心大小头,3.18mmxSCH10S,SS,BW,20,CP05T3019,ASME B16.9,RCC-M 3,QA2,3"x1-1/2",Φ88.9xΦ48.3,个,,Kg,
SPR01898,偏心大小头,3.18mmxSCH10S,SS,BW,20,CP05T3019,ASME B16.9,RCC-M 3,QA2,3"x2",Φ88.9xΦ60.3,个,,Kg,
SPR01899,偏心大小头,3.58mmxSCH10S,SS,BW,20,CP05T3019,ASME B16.9,RCC-M 3,QA2,4"x1-1/2",Φ114.3xΦ48.3,个,,Kg,
SPR01900,偏心大小头,3.58mmxSCH10S,SS,BW,20,CP05T3019,ASME B16.9,RCC-M 3,QA2,4"x2",Φ114.3xΦ60.3,个,,Kg,
SPR01901,偏心大小头,4.37mmxSCH10S,SS,BW,20,CP05T3019,ASME B16.9,RCC-M 3,QA2,6"x2",Φ168.3xΦ60.3,个,,Kg,
SPR01902,同心大小头,SCH10SxSCH40S,SS,BW,022Cr19Ni10,CP05T3017,ASME B16.9,RCC-M 2,QA1,2-1/2"x1",Φ73xΦ33.4,个,0.38,Kg,
SPR01903,同心大小头,SCH10SxSCH40S,SS,BW,022Cr19Ni10,CP05T3017,ASME B16.9,RCC-M 2,QA1,2-1/2"x1-1/4",Φ73xΦ42.2,个,0.43,Kg,
SPR01904,同心大小头,SCH10SxSCH40S,SS,BW,022Cr19Ni10,CP05T3017,ASME B16.9,RCC-M 2,QA1,2-1/2"x1-1/2",Φ73xΦ48.3,个,0.44,Kg,
SPR01905,同心大小头,SCH10SxSCH40S,SS,BW,022Cr19Ni10,CP05T3017,ASME B16.9,RCC-M 2,QA1,2-1/2"x2",Φ73xΦ60.3,个,0.47,Kg,
SPR01906,同心大小头,SCH10SxSCH40S,SS,BW,022Cr19Ni10,CP05T3017,ASME B16.9,RCC-M 2,QA1,3"x1",Φ88.9xΦ33.4,个,,Kg,
SPR01907,同心大小头,SCH10SxSCH40S,SS,BW,022Cr19Ni10,CP05T3017,ASME B16.9,RCC-M 2,QA1,3"x1-1/4",Φ88.9xΦ42.2,个,0.47,Kg,
SPR01908,同心大小头,SCH10SxSCH40S,SS,BW,022Cr19Ni10,CP05T3017,ASME B16.9,RCC-M 2,QA1,3"x1-1/2",Φ88.9xΦ48.3,个,0.51,Kg,
SPR01909,同心大小头,SCH10SxSCH40S,SS,BW,022Cr19Ni10,CP05T3017,ASME B16.9,RCC-M 2,QA1,3"x2",Φ88.9xΦ60.3,个,0.55,Kg,
SPR01910,同心大小头,SCH10SxSCH40S,SS,BW,022Cr19Ni10,CP05T3017,ASME B16.9,RCC-M 2,QA1,3-1/2"x1-1/4",Φ101.6xΦ42.2,个,0.62,Kg,
SPR01911,同心大小头,SCH10SxSCH40S,SS,BW,022Cr19Ni10,CP05T3017,ASME B16.9,RCC-M 2,QA1,3-1/2"x1-1/2",Φ101.6xΦ48.3,个,0.66,Kg,
SPR01912,同心大小头,SCH10SxSCH40S,SS,BW,022Cr19Ni10,CP05T3017,ASME B16.9,RCC-M 2,QA1,3-1/2"x2",Φ101.6xΦ60.3,个,0.71,Kg,
SPR01913,同心大小头,SCH10SxSCH40S,SS,BW,022Cr19Ni10,CP05T3017,ASME B16.9,RCC-M 2,QA1,4"x1-1/2",Φ114.3xΦ48.3,个,0.68,Kg,
SPR01914,同心大小头,SCH10SxSCH40S,SS,BW,022Cr19Ni10,CP05T3017,ASME B16.9,RCC-M 2,QA1,4"x2",Φ114.3xΦ60.3,个,0.78,Kg,
SPR01915,同心大小头,SCH10SxSCH40S,SS,BW,022Cr19Ni10,CP05T3017,ASME B16.9,RCC-M 2,QA1,5"x2",Φ141.3xΦ60.3,个,1.3,Kg,
SPR01916,同心大小头,SCH10SxSCH40S,SS,BW,022Cr19Ni10,CP05T3017,ASME B16.9,RCC-M 2,QA1,6"x2",Φ168.3xΦ60.3,个,,Kg,
SPR01917,偏心大小头,SCH10SxSCH40S,SS,BW,022Cr19Ni10,CP05T3017,ASME B16.9,RCC-M 2,QA1,2-1/2"x1",Φ73xΦ33.4,个,0.38,Kg,
SPR01918,偏心大小头,SCH10SxSCH40S,SS,BW,022Cr19Ni10,CP05T3017,ASME B16.9,RCC-M 2,QA1,2-1/2"x1-1/4",Φ73xΦ42.2,个,0.43,Kg,
SPR01919,偏心大小头,SCH10SxSCH40S,SS,BW,022Cr19Ni10,CP05T3017,ASME B16.9,RCC-M 2,QA1,2-1/2"x1-1/2",Φ73xΦ48.3,个,0.44,Kg,
SPR01920,偏心大小头,SCH10SxSCH40S,SS,BW,022Cr19Ni10,CP05T3017,ASME B16.9,RCC-M 2,QA1,2-1/2"x2",Φ73xΦ60.3,个,0.47,Kg,
SPR01921,偏心大小头,SCH10SxSCH40S,SS,BW,022Cr19Ni10,CP05T3017,ASME B16.9,RCC-M 2,QA1,3"x1",Φ88.9xΦ33.4,个,,Kg,
SPR01922,偏心大小头,SCH10SxSCH40S,SS,BW,022Cr19Ni10,CP05T3017,ASME B16.9,RCC-M 2,QA1,3"x1-1/4",Φ88.9xΦ42.2,个,0.47,Kg,
SPR01923,偏心大小头,SCH10SxSCH40S,SS,BW,022Cr19Ni10,CP05T3017,ASME B16.9,RCC-M 2,QA1,3"x1-1/2",Φ88.9xΦ48.3,个,0.51,Kg,
SPR01924,偏心大小头,SCH10SxSCH40S,SS,BW,022Cr19Ni10,CP05T3017,ASME B16.9,RCC-M 2,QA1,3"x2",Φ88.9xΦ60.3,个,0.55,Kg,
SPR01925,偏心大小头,SCH10SxSCH40S,SS,BW,022Cr19Ni10,CP05T3017,ASME B16.9,RCC-M 2,QA1,3-1/2"x1-1/4",Φ101.6xΦ42.2,个,0.62,Kg,
SPR01926,偏心大小头,SCH10SxSCH40S,SS,BW,022Cr19Ni10,CP05T3017,ASME B16.9,RCC-M 2,QA1,3-1/2"x1-1/2",Φ101.6xΦ48.3,个,0.66,Kg,
SPR01927,偏心大小头,SCH10SxSCH40S,SS,BW,022Cr19Ni10,CP05T3017,ASME B16.9,RCC-M 2,QA1,3-1/2"x2",Φ101.6xΦ60.3,个,0.71,Kg,
SPR01928,偏心大小头,SCH10SxSCH40S,SS,BW,022Cr19Ni10,CP05T3017,ASME B16.9,RCC-M 2,QA1,4"x1-1/2",Φ114.3xΦ48.3,个,0.68,Kg,
SPR01929,偏心大小头,SCH10SxSCH40S,SS,BW,022Cr19Ni10,CP05T3017,ASME B16.9,RCC-M 2,QA1,4"x2",Φ114.3xΦ60.3,个,0.78,Kg,
SPR01930,偏心大小头,SCH10SxSCH40S,SS,BW,022Cr19Ni10,CP05T3017,ASME B16.9,RCC-M 2,QA1,5"x2",Φ141.3xΦ60.3,个,1.3,Kg,
SPR01931,偏心大小头,SCH10SxSCH40S,SS,BW,022Cr19Ni10,CP05T3017,ASME B16.9,RCC-M 2,QA1,6"x2",Φ168.3xΦ60.3,个,,Kg,
SPR01964,同心大小头,SCH60xSCH80,SS,BW,P280GH,CP05T3019,ASME B16.9,RCC-M 2,QA1,10"x8",Φ273xΦ219.1,个,,Kg,
SPR01965,同心大小头,SCH120xSCH120,SS,BW,026Cr18Ni12Mo2N,CP05T3017,ASME B16.9,RCC-M 2,QA1,12"x6",Φ323.8xΦ168.3,个,,Kg,
SPR01966,同心大小头,SCH160xSCH160,SS,BW,026Cr18Ni12Mo2N,CP05T3017,ASME B16.9,RCC-M 1,QA1,6"x4",Φ168.3xΦ114.3,个,,Kg,
SPR02229,同心大小头,3.96mmx3.58mm,SS,BW,20,CP05T3025,ASME B16.9,NA,QNCa,5"x4",Φ141.3xΦ114.3,个,,Kg,
SPR02230,偏心大小头,3.96mmx3.58mm,SS,BW,20,CP05T3025,ASME B16.9,NA,QNCa,5"x4",Φ141.3xΦ114.3,个,,Kg,
SPR02266,同心大小头,14.27mmx3.58mm,SS,BW,20,CP05T3019,ASME B16.9,RCC-M 3,QA2,10"x4",Φ273xΦ114.3,个,,Kg,
SPR02267,同心大小头,14.27mmx4.37mm,SS,BW,20,CP05T3019,ASME B16.9,RCC-M 3,QA2,10"x6",Φ273xΦ168.3,个,,Kg,
SPR02268,同心大小头,14.27mmxSCH20,SS,BW,20,CP05T3019,ASME B16.9,RCC-M 3,QA2,10"x8",Φ273xΦ219.1,个,,Kg,
SPR02269,偏心大小头,14.27mmx3.58mm,SS,BW,20,CP05T3019,ASME B16.9,RCC-M 3,QA2,10"x4",Φ273xΦ114.3,个,,Kg,
SPR02270,偏心大小头,14.27mmx4.37mm,SS,BW,20,CP05T3019,ASME B16.9,RCC-M 3,QA2,10"x6",Φ273xΦ168.3,个,,Kg,
SPR02271,偏心大小头,14.27mmxSCH20,SS,BW,20,CP05T3019,ASME B16.9,RCC-M 3,QA2,10"x8",Φ273xΦ219.1,个,,Kg,
SPR02272,同心大小头,3.96mmx3.58mm,SS,BW,20,CP05T3025,ASME B16.9,NA,QNCa,5"x3-1/2",Φ141.3xΦ101.6,个,,Kg,
SPR02273,偏心大小头,3.96mmx3.58mm,SS,BW,20,CP05T3025,ASME B16.9,NA,QNCa,5"x3-1/2",Φ141.3xΦ101.6,个,,Kg,
SPR02274,同心大小头,3.96mmx3.18mm,SS,BW,20,CP05T3025,ASME B16.9,NA,QNCa,5"x3",Φ141.3xΦ88.9,个,,Kg,
SPR02275,偏心大小头,3.96mmx3.18mm,SS,BW,20,CP05T3025,ASME B16.9,NA,QNCa,5"x3",Φ141.3xΦ88.9,个,,Kg,
SPR02276,同心大小头,3.96mmx3.18mm,SS,BW,20,CP05T3025,ASME B16.9,NA,QNCa,5"x2-1/2",Φ141.3xΦ73,个,,Kg,
SPR02277,偏心大小头,3.96mmx3.18mm,SS,BW,20,CP05T3025,ASME B16.9,NA,QNCa,5"x2-1/2",Φ141.3xΦ73,个,,Kg,
SPR02278,同心大小头,3.96mmx3.18mm,SS,BW,20,CP05T3025,ASME B16.9,NA,QNCa,5"x2",Φ141.3xΦ60.3,个,,Kg,
SPR02279,偏心大小头,3.96mmx3.18mm,SS,BW,20,CP05T3025,ASME B16.9,NA,QNCa,5"x2",Φ141.3xΦ60.3,个,,Kg,
SPR02280,同心大小头,SCH80SxSCH80S,SS,BW,022Cr19Ni10,CP05T3017,ASME B16.9,RCC-M 2,QA1,10"x4",Φ273xΦ114.3,个,12.5,Kg,
SPR02281,同心大小头,SCH40SxSCH10S,SS,BW,022Cr19Ni10,CP05T3017,ASME B16.9,RCC-M 2,QA1,8"x6",Φ219.1xΦ168.3,个,,Kg,
SPR02282,同心异径管,4.5mmx4.5mm,,,环氧树脂玻璃纤维,,SY/T 6266,NA,QNCa,4"x3",,个,,Kg,
SPR02283,同心大小头,SCH40SxSCH40S(坡口为SCH40SxSCH10S),SS,BW,022Cr19Ni10,CP05T3017,ASME B16.9,RCC-M 2,QA1,8"x6",Φ219.1xΦ168.3,个,,Kg,
SPR02284,同心大小头,SCH40SxSCH40S(坡口为SCH40SxSCH10S),SS,BW,022Cr19Ni10,CP05T3017,ASME B16.9,RCC-M 2,QA1,6"x4",Φ168.3xΦ114.3,个,,Kg,
SPR02309,同心大小头,SCH40SxSCH40S,SS,BW,022Cr19Ni10,CP05T3017,ASME B16.9,RCC-M 3,QA2,2"x3/4",Φ60.3xΦ26.7,个,,Kg,
SPR02310,同心大小头,SCH80SxSCH80S,SS,BW,022Cr19Ni10,CP05T3017,ASME B16.9,RCC-M 3,QA2,6"x3",Φ168.3xΦ88.9,个,,Kg,
SPR02311,同心大小头,30.18mmx31.25mm,SS,BW,P280GH,CP05T3019,ASME B16.9,NA,QA3,30"x26",Φ762xΦ660,个,,Kg,
SPR02312,短管,36.53mmx32mm,SS,BW,P280GH,RCC-M M1144,FQZ32300S13716A44DD,NA,QA3,32",,个,,Kg,
SPR02317,同心大小头,SCH40SxSCH40S,SS,BW,022Cr19Ni10,CP05T3017,ASME B16.9,RCC-M 3,QA2,16"x8",Φ406.4xΦ219.1,个,,Kg,
SPR02319,同心大小头,SCH80SxSCH80S,SS,BW,026Cr18Ni12Mo2N,CP05T3017,ASME B16.9,RCC-M 2,QA1,8"x6",Φ219.1xΦ168.3,个,,Kg,
SPR02320,同心大小头,SCH80SxSCH80S,SS,BW,026Cr18Ni12Mo2N,CP05T3017,ASME B16.9,RCC-M 2,QA1,6"x4",Φ168.3xΦ114.3,个,,Kg,
SPR02321,同心大小头,6.35mmx5.56mm,SS,BW,P280GH,RCC-M M1152,ASME B16.9,NA,QA3,1-1/2"x1",Φ48.3xΦ33.4,个,,Kg,
SPR02322,同心大小头,14.27mmx9.53mm,SS,BW,P280GH,RCC-M M1144,ASME B16.9,NA,QA3,5"x4",Φ141.3xΦ114.3,个,,Kg,
SPR02323,同心大小头,SCH40xSCH10,FS,BW,Q235B(内外壁热浸镀锌),GB/T 13401-2017,GB/T 12459-2017,NA,QNCa,DN150X80,,个,,Kg,
SPR02324,同心大小头,SCH40xSCH40,FS,BW,Q235B(内外壁热浸镀锌),GB/T 13401-2017,GB/T 12459-2017,NA,QNCa,DN150X100,,个,,Kg,
SPR02325,同心大小头,SCH30xSCH40,FS,BW,Q235B(内外壁热浸镀锌),GB/T 13401-2017,GB/T 12459-2017,NA,QNCa,DN200X100,,个,,Kg,
SPR02326,同心大小头,SCH30xSCH40,FS,BW,Q235B(内外壁热浸镀锌),GB/T 13401-2017,GB/T 12459-2017,NA,QNCa,DN200X150,,个,,Kg,
SPR02327,同心大小头,8.74mmxSCH40,FS,BW,Q235B(内外壁热浸镀锌),GB/T 13401-2017,GB/T 12459-2017,NA,QNCa,DN250X100,,个,,Kg,
SPR02328,同心大小头,SCH40xSCH40,FS,BW,Q235B(内外壁热浸镀锌),GB/T 13401-2017,GB/T 12459-2017,NA,QNCa,DN250X150,,个,,Kg,
SPR02329,同心大小头,8.74mmxSCH30,FS,BW,Q235B(内外壁热浸镀锌),GB/T 13401-2017,GB/T 12459-2017,NA,QNCa,DN250X200,,个,,Kg,
SPR02330,同心大小头,SCH40x9.53mm,FS,BW,Q235B(内外壁热浸镀锌),GB/T 13401-2017,GB/T 12459-2017,NA,QNCa,DN300X150,,个,,Kg,
SPR02331,同心大小头,SCH30xSCH30,FS,BW,Q235B(内外壁热浸镀锌),GB/T 13401-2017,GB/T 12459-2017,NA,QNCa,DN300X200,,个,,Kg,
SPR02332,同心大小头,SCH40x8.74mm,FS,BW,Q235B(内外壁热浸镀锌),GB/T 13401-2017,GB/T 12459-2017,NA,QNCa,DN300X250,,个,,Kg,
SPR02333,同心大小头,SCH30xSCH30,FS,BW,Q235B(内外壁热浸镀锌),GB/T 13401-2017,GB/T 12459-2017,NA,QNCa,DN400X200,,个,,Kg,
SPR02334,同心大小头,SCH30x8.74mm,FS,BW,Q235B(内外壁热浸镀锌),GB/T 13401-2017,GB/T 12459-2017,NA,QNCa,DN400X250,,个,,Kg,
SPR02335,同心大小头,SCH30x9.53mm,FS,BW,Q235B(内外壁热浸镀锌),GB/T 13401-2017,GB/T 12459-2017,NA,QNCa,DN400X300,,个,,Kg,
SPR02336,同心大小头,SCH30xSCH30,FS,BW,Q235B(内外壁热浸镀锌),GB/T 13401-2017,GB/T 12459-2017,NA,QNCa,DN400X350,,个,,Kg,
SPR02337,同心大小头,9.53mmx8.74mm,FS,BW,Q235B(内外壁热浸镀锌),GB/T 13401-2017,GB/T 12459-2017,NA,QNCa,DN450X250,,个,,Kg,
SPR02338,同心大小头,9.53mmx9.53mm,FS,BW,Q235B(内外壁热浸镀锌),GB/T 13401-2017,GB/T 12459-2017,NA,QNCa,DN450X300,,个,,Kg,
SPR02339,同心大小头,9.53mmxSCH30,FS,BW,Q235B(内外壁热浸镀锌),GB/T 13401-2017,GB/T 12459-2017,NA,QNCa,DN450X350,,个,,Kg,
SPR02340,同心大小头,9.53mmxSCH30,FS,BW,Q235B(内外壁热浸镀锌),GB/T 13401-2017,GB/T 12459-2017,NA,QNCa,DN450X400,,个,,Kg,
SPR02341,同心大小头,SCH20x9.53mm,FS,BW,Q235B(内外壁热浸镀锌),GB/T 13401-2017,GB/T 12459-2017,NA,QNCa,DN500X300,,个,,Kg,
SPR02342,同心大小头,SCH20xSCH30,FS,BW,Q235B(内外壁热浸镀锌),GB/T 13401-2017,GB/T 12459-2017,NA,QNCa,DN500X350,,个,,Kg,
SPR02343,同心大小头,SCH20xSCH30,FS,BW,Q235B(内外壁热浸镀锌),GB/T 13401-2017,GB/T 12459-2017,NA,QNCa,DN500X400,,个,,Kg,
SPR02541,同心大小头,SCH40xSCH10S,SS,BW,022Cr25Ni7Mo4N,CP05T3089,ASME B16.9,RCC-M 3,QA2,1"x1/2",Φ33.4xΦ21.3,个,,Kg,
SPR03556,同心大小头,SCH160xSCH160,SS,BW,022Cr19Ni10,CP05T3017,ASME B16.9,RCC-M 2,QA1,2"x1",Φ60.3xΦ33.4,个,,Kg,
SPR03557,偏心大小头,SCH160xSCH160,SS,BW,022Cr19Ni10,CP05T3017,ASME B16.9,RCC-M 2,QA1,2"x1",Φ60.3xΦ33.4,个,,Kg,
SPR03612,同心大小头,3.58mmxSCH40,SS,BW,20,CP05T3025,ASME B16.9,NA,QA3,4"x1-1/2",Φ114.3xΦ48.3,个,,Kg,
SPR03613,同心大小头,3.58mmxSCH30,SS,BW,022Cr25Ni7Mo4N,CP05T3089,ASME B16.9,RCC-M 3,QA2,4"x2",Φ114.3xΦ60.3,个,,Kg,
SPR03614,同心大小头,SCH80xSCH80,SS,BW,P280GH,CP05T3019,ASME B16.9,RCC-M 2,QA1,1"x3/4",Φ33.4xΦ26.7,个,,Kg,
SPT00001,等径三通,CL6000,FO,SW,022Cr19Ni10,CP05T3038,ASME B16.11,RCC-M 1,QA1,1/4",,个,0.22,Kg,
SPT00002,等径三通,CL3000,FO,SW,022Cr19Ni10,CP05T3038,ASME B16.11,RCC-M 2,QA1,1/4",,个,0.13,Kg,
SPT00003,等径三通,CL3000,FO,SW,20,CP05T3037,ASME B16.11,RCC-M 2,QA1,1/4",,个,0.13,Kg,
SPT00004,等径三通,CL6000,FO,SW,022Cr19Ni10,CP05T3038,ASME B16.11,RCC-M 2,QA1,1/4",,个,0.22,Kg,
SPT00005,等径三通,CL6000,FO,SW,20,CP05T3037,ASME B16.11,RCC-M 2,QA1,1/4",,个,0.22,Kg,
SPT00006,等径三通,CL6000,FO,SW,P280GH,CP05T3052,ASME B16.11,RCC-M 2,QA1,1/4",,个,0.22,Kg,
SPT00007,等径三通,CL3000,FO,SW,022Cr17Ni12Mo2,CP05T3038,ASME B16.11,RCC-M 3,QA2,1/4",,个,0.13,Kg,
SPT00008,等径三通,CL3000,FO,SW,022Cr19Ni10,CP05T3038,ASME B16.11,RCC-M 3,QA2,1/4",,个,0.13,Kg,
SPT00009,等径三通,CL3000,FO,SW,20,CP05T3037,ASME B16.11,RCC-M 3,QA2,1/4",,个,0.13,Kg,
SPT00010,等径三通,CL3000,FO,SW,022Cr17Ni12Mo2,CP05T3023,ASME B16.11,NA,QNCa,1/4",,个,0.13,Kg,
SPT00011,等径三通,CL3000,FO,SW,022Cr19Ni10,CP05T3023,ASME B16.11,NA,QNCa,1/4",,个,0.13,Kg,
SPT00012,等径三通,CL3000,FO,SW,20,CP05T3025,ASME B16.11,NA,QNCa,1/4",,个,0.2,Kg,
SPT00013,等径三通,CL6000,FO,SW,022Cr19Ni10,CP05T3038,ASME B16.11,RCC-M 1,QA1,3/8",,个,0.45,Kg,
SPT00014,等径三通,CL3000,FO,SW,022Cr19Ni10,CP05T3038,ASME B16.11,RCC-M 2,QA1,3/8",,个,0.16,Kg,
SPT00015,等径三通,CL3000,FO,SW,20,CP05T3037,ASME B16.11,RCC-M 2,QA1,3/8",,个,0.16,Kg,
SPT00016,等径三通,CL6000,FO,SW,022Cr19Ni10,CP05T3038,ASME B16.11,RCC-M 2,QA1,3/8",,个,0.45,Kg,
SPT00017,等径三通,CL6000,FO,SW,20,CP05T3037,ASME B16.11,RCC-M 2,QA1,3/8",,个,0.45,Kg,
SPT00018,等径三通,CL6000,FO,SW,P280GH,CP05T3052,ASME B16.11,RCC-M 2,QA1,3/8",,个,0.45,Kg,
SPT00019,等径三通,CL3000,FO,SW,022Cr17Ni12Mo2,CP05T3038,ASME B16.11,RCC-M 3,QA2,3/8",,个,0.16,Kg,
SPT00020,等径三通,CL3000,FO,SW,022Cr19Ni10,CP05T3038,ASME B16.11,RCC-M 3,QA2,3/8",,个,0.16,Kg,
SPT00021,等径三通,CL3000,FO,SW,20,CP05T3037,ASME B16.11,RCC-M 3,QA2,3/8",,个,0.16,Kg,
SPT00022,等径三通,CL3000,FO,SW,022Cr17Ni12Mo2,CP05T3023,ASME B16.11,NA,QNCa,3/8",,个,0.16,Kg,
SPT00023,等径三通,CL3000,FO,SW,022Cr19Ni10,CP05T3023,ASME B16.11,NA,QNCa,3/8",,个,0.16,Kg,
SPT00024,等径三通,CL3000,FO,SW,20,CP05T3025,ASME B16.11,NA,QNCa,3/8",,个,0.16,Kg,
SPT00025,等径三通,CL6000,FO,SW,022Cr19Ni10,CP05T3038,ASME B16.11,RCC-M 1,QA1,1/2",,个,0.55,Kg,
SPT00026,等径三通,CL3000,FO,SW,022Cr19Ni10,CP05T3038,ASME B16.11,RCC-M 2,QA1,1/2",,个,0.35,Kg,
SPT00027,等径三通,CL3000,FO,SW,20,CP05T3037,ASME B16.11,RCC-M 2,QA1,1/2",,个,0.35,Kg,
SPT00028,等径三通,CL6000,FO,SW,022Cr19Ni10,CP05T3038,ASME B16.11,RCC-M 2,QA1,1/2",,个,0.55,Kg,
SPT00029,等径三通,CL6000,FO,SW,20,CP05T3037,ASME B16.11,RCC-M 2,QA1,1/2",,个,0.55,Kg,
SPT00030,等径三通,CL6000,FO,SW,P280GH,CP05T3052,ASME B16.11,RCC-M 2,QA1,1/2",,个,0.55,Kg,
SPT00031,等径三通,CL3000,FO,SW,022Cr17Ni12Mo2,CP05T3038,ASME B16.11,RCC-M 3,QA2,1/2",,个,0.35,Kg,
SPT00032,等径三通,CL3000,FO,SW,022Cr19Ni10,CP05T3038,ASME B16.11,RCC-M 3,QA2,1/2",,个,0.35,Kg,
SPT00033,等径三通,CL3000,FO,SW,20,CP05T3037,ASME B16.11,RCC-M 3,QA2,1/2",,个,0.35,Kg,
SPT00034,等径三通,CL3000,FO,SW,022Cr17Ni12Mo2,CP05T3023,ASME B16.11,NA,QNCa,1/2",,个,0.35,Kg,
SPT00035,等径三通,CL3000,FO,SW,022Cr19Ni10,CP05T3023,ASME B16.11,NA,QNCa,1/2",,个,0.35,Kg,
SPT00036,等径三通,CL3000,FO,SW,20,CP05T3025,ASME B16.11,NA,QNCa,1/2",,个,0.4,Kg,
SPT00037,等径三通,CL6000,FO,SW,022Cr19Ni10,CP05T3038,ASME B16.11,RCC-M 1,QA1,3/4",,个,0.9,Kg,
SPT00038,等径三通,CL3000,FO,SW,022Cr19Ni10,CP05T3038,ASME B16.11,RCC-M 2,QA1,3/4",,个,0.4,Kg,
SPT00039,等径三通,CL3000,FO,SW,20,CP05T3037,ASME B16.11,RCC-M 2,QA1,3/4",,个,0.4,Kg,
SPT00040,等径三通,CL6000,FO,SW,022Cr19Ni10,CP05T3038,ASME B16.11,RCC-M 2,QA1,3/4",,个,0.9,Kg,
SPT00041,等径三通,CL6000,FO,SW,20,CP05T3037,ASME B16.11,RCC-M 2,QA1,3/4",,个,0.9,Kg,
SPT00042,等径三通,CL6000,FO,SW,P280GH,CP05T3052,ASME B16.11,RCC-M 2,QA1,3/4",,个,0.9,Kg,
SPT00043,等径三通,CL3000,FO,SW,022Cr17Ni12Mo2,CP05T3038,ASME B16.11,RCC-M 3,QA2,3/4",,个,0.4,Kg,
SPT00044,等径三通,CL3000,FO,SW,022Cr19Ni10,CP05T3038,ASME B16.11,RCC-M 3,QA2,3/4",,个,0.4,Kg,
SPT00045,等径三通,CL3000,FO,SW,20,CP05T3037,ASME B16.11,RCC-M 3,QA2,3/4",,个,0.4,Kg,
SPT00046,等径三通,CL3000,FO,SW,022Cr17Ni12Mo2,CP05T3023,ASME B16.11,NA,QNCa,3/4",,个,0.4,Kg,
SPT00047,等径三通,CL3000,FO,SW,022Cr19Ni10,CP05T3023,ASME B16.11,NA,QNCa,3/4",,个,0.4,Kg,
SPT00048,等径三通,CL3000,FO,SW,20,CP05T3025,ASME B16.11,NA,QNCa,3/4",,个,0.4,Kg,
SPT00049,等径三通,CL6000,FO,SW,022Cr19Ni10,CP05T3038,ASME B16.11,RCC-M 1,QA1,1",,个,1.46,Kg,
SPT00050,等径三通,CL3000,FO,SW,022Cr19Ni10,CP05T3038,ASME B16.11,RCC-M 2,QA1,1",,个,0.66,Kg,
SPT00051,等径三通,CL3000,FO,SW,20,CP05T3037,ASME B16.11,RCC-M 2,QA1,1",,个,0.66,Kg,
SPT00052,等径三通,CL6000,FO,SW,022Cr19Ni10,CP05T3038,ASME B16.11,RCC-M 2,QA1,1",,个,1.46,Kg,
SPT00053,等径三通,CL6000,FO,SW,20,CP05T3037,ASME B16.11,RCC-M 2,QA1,1",,个,1.46,Kg,
SPT00054,等径三通,CL6000,FO,SW,P280GH,CP05T3052,ASME B16.11,RCC-M 2,QA1,1",,个,1.46,Kg,
SPT00055,等径三通,CL3000,FO,SW,022Cr17Ni12Mo2,CP05T3038,ASME B16.11,RCC-M 3,QA2,1",,个,0.66,Kg,
SPT00056,等径三通,CL3000,FO,SW,022Cr19Ni10,CP05T3038,ASME B16.11,RCC-M 3,QA2,1",,个,0.66,Kg,
SPT00057,等径三通,CL3000,FO,SW,20,CP05T3037,ASME B16.11,RCC-M 3,QA2,1",,个,0.66,Kg,
SPT00058,等径三通,CL3000,FO,SW,022Cr17Ni12Mo2,CP05T3023,ASME B16.11,NA,QNCa,1",,个,0.66,Kg,
SPT00059,等径三通,CL3000,FO,SW,022Cr19Ni10,CP05T3023,ASME B16.11,NA,QNCa,1",,个,0.66,Kg,
SPT00060,等径三通,CL3000,FO,SW,20,CP05T3025,ASME B16.11,NA,QNCa,1",,个,0.7,Kg,
SPT00061,等径三通,CL3000,FO,SW,022Cr19Ni10,CP05T3038,ASME B16.11,RCC-M 2,QA1,1-1/4",,个,1,Kg,
SPT00062,等径三通,CL3000,FO,SW,20,CP05T3037,ASME B16.11,RCC-M 2,QA1,1-1/4",,个,1,Kg,
SPT00063,等径三通,CL6000,FO,SW,022Cr19Ni10,CP05T3038,ASME B16.11,RCC-M 2,QA1,1-1/4",,个,1.9,Kg,
SPT00064,等径三通,CL6000,FO,SW,20,CP05T3037,ASME B16.11,RCC-M 2,QA1,1-1/4",,个,1.9,Kg,
SPT00065,等径三通,CL6000,FO,SW,P280GH,CP05T3052,ASME B16.11,RCC-M 2,QA1,1-1/4",,个,1.9,Kg,
SPT00066,等径三通,CL3000,FO,SW,022Cr17Ni12Mo2,CP05T3038,ASME B16.11,RCC-M 3,QA2,1-1/4",,个,1,Kg,
SPT00067,等径三通,CL3000,FO,SW,022Cr19Ni10,CP05T3038,ASME B16.11,RCC-M 3,QA2,1-1/4",,个,1,Kg,
SPT00068,等径三通,CL3000,FO,SW,20,CP05T3037,ASME B16.11,RCC-M 3,QA2,1-1/4",,个,1,Kg,
SPT00069,等径三通,CL3000,FO,SW,022Cr17Ni12Mo2,CP05T3023,ASME B16.11,NA,QNCa,1-1/4",,个,1,Kg,
SPT00070,等径三通,CL3000,FO,SW,022Cr19Ni10,CP05T3023,ASME B16.11,NA,QNCa,1-1/4",,个,1,Kg,
SPT00071,等径三通,CL3000,FO,SW,20,CP05T3025,ASME B16.11,NA,QNCa,1-1/4",,个,1,Kg,
SPT00072,等径三通,SCH160,SS,BW,022Cr19Ni10,CP05T3017,ASME B16.9,RCC-M 1,QA1,1-1/2",Φ48.3,个,1.5,Kg,
SPT00073,等径三通,CL3000,FO,SW,022Cr19Ni10,CP05T3038,ASME B16.11,RCC-M 2,QA1,1-1/2",,个,1.4,Kg,
SPT00074,等径三通,CL3000,FO,SW,20,CP05T3037,ASME B16.11,RCC-M 2,QA1,1-1/2",,个,1.4,Kg,
SPT00075,等径三通,CL6000,FO,SW,022Cr19Ni10,CP05T3038,ASME B16.11,RCC-M 2,QA1,1-1/2",,个,3.4,Kg,
SPT00076,等径三通,CL6000,FO,SW,20,CP05T3037,ASME B16.11,RCC-M 2,QA1,1-1/2",,个,3.4,Kg,
SPT00077,等径三通,CL6000,FO,SW,P280GH,CP05T3052,ASME B16.11,RCC-M 2,QA1,1-1/2",,个,3.4,Kg,
SPT00078,等径三通,CL3000,FO,SW,022Cr17Ni12Mo2,CP05T3038,ASME B16.11,RCC-M 3,QA2,1-1/2",,个,1.4,Kg,
SPT00079,等径三通,CL3000,FO,SW,022Cr19Ni10,CP05T3038,ASME B16.11,RCC-M 3,QA2,1-1/2",,个,1.4,Kg,
SPT00080,等径三通,CL3000,FO,SW,20,CP05T3037,ASME B16.11,RCC-M 3,QA2,1-1/2",,个,1.4,Kg,
SPT00081,等径三通,CL3000,FO,SW,022Cr17Ni12Mo2,CP05T3023,ASME B16.11,NA,QNCa,1-1/2",,个,1.4,Kg,
SPT00082,等径三通,CL3000,FO,SW,022Cr19Ni10,CP05T3023,ASME B16.11,NA,QNCa,1-1/2",,个,1.4,Kg,
SPT00083,等径三通,CL3000,FO,SW,20,CP05T3025,ASME B16.11,NA,QNCa,1-1/2",,个,1.4,Kg,
SPT00084,等径三通,SCH160,SS,BW,022Cr19Ni10,CP05T3017,ASME B16.9,RCC-M 1,QA1,2",Φ60.3,个,2.5,Kg,
SPT00085,等径三通,CL3000,FO,SW,022Cr19Ni10,CP05T3038,ASME B16.11,RCC-M 2,QA1,2",,个,2.2,Kg,
SPT00086,等径三通,CL3000,FO,SW,20,CP05T3037,ASME B16.11,RCC-M 2,QA1,2",,个,2.2,Kg,
SPT00087,等径三通,CL6000,FO,SW,022Cr19Ni10,CP05T3038,ASME B16.11,RCC-M 2,QA1,2",,个,3.7,Kg,
SPT00088,等径三通,CL6000,FO,SW,20,CP05T3037,ASME B16.11,RCC-M 2,QA1,2",,个,3.7,Kg,
SPT00089,等径三通,CL6000,FO,SW,P280GH,CP05T3052,ASME B16.11,RCC-M 2,QA1,2",,个,3.7,Kg,
SPT00090,等径三通,CL3000,FO,SW,022Cr17Ni12Mo2,CP05T3038,ASME B16.11,RCC-M 3,QA2,2",,个,2.2,Kg,
SPT00091,等径三通,CL3000,FO,SW,022Cr19Ni10,CP05T3038,ASME B16.11,RCC-M 3,QA2,2",,个,2.2,Kg,
SPT00092,等径三通,CL3000,FO,SW,20,CP05T3037,ASME B16.11,RCC-M 3,QA2,2",,个,2.2,Kg,
SPT00093,等径三通,CL3000,FO,SW,022Cr17Ni12Mo2,CP05T3023,ASME B16.11,NA,QNCa,2",,个,2.2,Kg,
SPT00094,等径三通,CL3000,FO,SW,022Cr19Ni10,CP05T3023,ASME B16.11,NA,QNCa,2",,个,2.2,Kg,
SPT00095,等径三通,CL3000,FO,SW,20,CP05T3025,ASME B16.11,NA,QNCa,2",,个,2.2,Kg,
SPT00096,等径三通,SCH160,SS,BW,022Cr19Ni10,CP05T3017,ASME B16.9,RCC-M 1,QA1,2-1/2",Φ73,个,3.8,Kg,
SPT00097,等径三通,3.18mm,SS,BW,20,CP05T3019,ASME B16.9,RCC-M 2,QA1,2-1/2",Φ73,个,,Kg,
SPT00098,等径三通,SCH10S,SS,BW,022Cr19Ni10,CP05T3017,ASME B16.9,RCC-M 2,QA1,2-1/2",Φ73,个,1.4,Kg,
SPT00099,等径三通,SCH160,SS,BW,022Cr19Ni10,CP05T3017,ASME B16.9,RCC-M 2,QA1,2-1/2",Φ73,个,3.8,Kg,
SPT00100,等径三通,SCH160,SS,BW,P280GH,CP05T3019,ASME B16.9,RCC-M 2,QA1,2-1/2",Φ73,个,3.8,Kg,
SPT00101,等径三通,SCH40,SS,BW,20,CP05T3019,ASME B16.9,RCC-M 2,QA1,2-1/2",Φ73,个,2.68,Kg,
SPT00102,等径三通,SCH40S,SS,BW,022Cr19Ni10,CP05T3017,ASME B16.9,RCC-M 2,QA1,2-1/2",Φ73,个,2.2,Kg,
SPT00103,等径三通,SCH80,SS,BW,20,CP05T3019,ASME B16.9,RCC-M 2,QA1,2-1/2",Φ73,个,2.95,Kg,
SPT00104,等径三通,SCH80,SS,BW,P280GH,CP05T3019,ASME B16.9,RCC-M 2,QA1,2-1/2",Φ73,个,2.95,Kg,
SPT00105,等径三通,SCH80S,SS,BW,022Cr19Ni10,CP05T3017,ASME B16.9,RCC-M 2,QA1,2-1/2",Φ73,个,3.1,Kg,
SPT00106,等径三通,3.18mm,SS,BW,20,CP05T3019,ASME B16.9,RCC-M 3,QA2,2-1/2",Φ73,个,3.4,Kg,
SPT00107,等径三通,SCH10S,SS,BW,022Cr19Ni10,CP05T3017,ASME B16.9,RCC-M 3,QA2,2-1/2",Φ73,个,1.4,Kg,
SPT00108,等径三通,SCH40,SS,BW,20,CP05T3019,ASME B16.9,RCC-M 3,QA2,2-1/2",Φ73,个,2.68,Kg,
SPT00109,等径三通,SCH40S,SS,BW,022Cr19Ni10,CP05T3017,ASME B16.9,RCC-M 3,QA2,2-1/2",Φ73,个,2.2,Kg,
SPT00110,等径三通,3.18mm,SS,BW,20,CP05T3025,ASME B16.9,NA,QNCa,2-1/2",Φ73,个,2.7,Kg,
SPT00111,等径三通,SCH10S,SS,BW,022Cr17Ni12Mo2,CP05T3023,ASME B16.9,NA,QNCa,2-1/2",Φ73,个,1.4,Kg,
SPT00112,等径三通,SCH10S,SS,BW,022Cr19Ni10,CP05T3023,ASME B16.9,NA,QNCa,2-1/2",Φ73,个,1.4,Kg,
SPT00113,等径三通,SCH160,SS,BW,022Cr19Ni10,CP05T3017,ASME B16.9,RCC-M 1,QA1,3",Φ88.9,个,6.6,Kg,
SPT00114,等径三通,3.18mm,SS,BW,20,CP05T3019,ASME B16.9,RCC-M 2,QA1,3",Φ88.9,个,,Kg,
SPT00115,等径三通,SCH10S,SS,BW,022Cr19Ni10,CP05T3017,ASME B16.9,RCC-M 2,QA1,3",Φ88.9,个,1.8,Kg,
SPT00116,等径三通,SCH160,SS,BW,022Cr19Ni10,CP05T3017,ASME B16.9,RCC-M 2,QA1,3",Φ88.9,个,6.6,Kg,
SPT00117,等径三通,SCH160,SS,BW,P280GH,CP05T3019,ASME B16.9,RCC-M 2,QA1,3",Φ88.9,个,6.6,Kg,
SPT00118,等径三通,SCH40,SS,BW,20,CP05T3019,ASME B16.9,RCC-M 2,QA1,3",Φ88.9,个,3.76,Kg,
SPT00119,等径三通,SCH40S,SS,BW,022Cr19Ni10,CP05T3017,ASME B16.9,RCC-M 2,QA1,3",Φ88.9,个,3.3,Kg,
SPT00120,等径三通,SCH80,SS,BW,20,CP05T3019,ASME B16.9,RCC-M 2,QA1,3",Φ88.9,个,4.35,Kg,
SPT00121,等径三通,SCH80,SS,BW,P280GH,CP05T3019,ASME B16.9,RCC-M 2,QA1,3",Φ88.9,个,4.35,Kg,
SPT00122,等径三通,SCH80S,SS,BW,022Cr19Ni10,CP05T3017,ASME B16.9,RCC-M 2,QA1,3",Φ88.9,个,4.4,Kg,
SPT00123,等径三通,3.18mm,SS,BW,20,CP05T3019,ASME B16.9,RCC-M 3,QA2,3",Φ88.9,个,3.8,Kg,
SPT00124,等径三通,SCH10S,SS,BW,022Cr19Ni10,CP05T3017,ASME B16.9,RCC-M 3,QA2,3",Φ88.9,个,1.8,Kg,
SPT00125,等径三通,SCH40,SS,BW,20,CP05T3019,ASME B16.9,RCC-M 3,QA2,3",Φ88.9,个,3.76,Kg,
SPT00126,等径三通,SCH40S,SS,BW,022Cr19Ni10,CP05T3017,ASME B16.9,RCC-M 3,QA2,3",Φ88.9,个,3.3,Kg,
SPT00127,等径三通,3.18mm,SS,BW,20,CP05T3025,ASME B16.9,NA,QNCa,3",Φ88.9,个,3.9,Kg,
SPT00128,等径三通,SCH10S,SS,BW,022Cr17Ni12Mo2,CP05T3023,ASME B16.9,NA,QNCa,3",Φ88.9,个,1.8,Kg,
SPT00129,等径三通,SCH10S,SS,BW,022Cr19Ni10,CP05T3023,ASME B16.9,NA,QNCa,3",Φ88.9,个,1.77,Kg,
SPT00130,等径三通,SCH160,SS,BW,022Cr19Ni10,CP05T3017,ASME B16.9,RCC-M 1,QA1,3-1/2",Φ101.6,个,,Kg,
SPT00131,等径三通,SCH10S,SS,BW,022Cr19Ni10,CP05T3017,ASME B16.9,RCC-M 2,QA1,3-1/2",Φ101.6,个,2.7,Kg,
SPT00132,等径三通,SCH160,SS,BW,022Cr19Ni10,CP05T3017,ASME B16.9,RCC-M 2,QA1,3-1/2",Φ101.6,个,,Kg,
SPT00133,等径三通,SCH160,SS,BW,P280GH,CP05T3019,ASME B16.9,RCC-M 2,QA1,3-1/2",Φ101.6,个,,Kg,
SPT00134,等径三通,SCH40,SS,BW,20,CP05T3019,ASME B16.9,RCC-M 2,QA1,3-1/2",Φ101.6,个,4.62,Kg,
SPT00135,等径三通,SCH40S,SS,BW,022Cr19Ni10,CP05T3017,ASME B16.9,RCC-M 2,QA1,3-1/2",Φ101.6,个,4.1,Kg,
SPT00136,等径三通,SCH80,SS,BW,20,CP05T3019,ASME B16.9,RCC-M 2,QA1,3-1/2",Φ101.6,个,5.85,Kg,
SPT00137,等径三通,SCH80,SS,BW,P280GH,CP05T3019,ASME B16.9,RCC-M 2,QA1,3-1/2",Φ101.6,个,5.85,Kg,
SPT00138,等径三通,SCH80S,SS,BW,022Cr19Ni10,CP05T3017,ASME B16.9,RCC-M 2,QA1,3-1/2",Φ101.6,个,5.4,Kg,
SPT00139,等径三通,SCH10S,SS,BW,022Cr19Ni10,CP05T3017,ASME B16.9,RCC-M 3,QA2,3-1/2",Φ101.6,个,2.7,Kg,
SPT00140,等径三通,SCH40,SS,BW,20,CP05T3019,ASME B16.9,RCC-M 3,QA2,3-1/2",Φ101.6,个,4.62,Kg,
SPT00141,等径三通,SCH40S,SS,BW,022Cr19Ni10,CP05T3017,ASME B16.9,RCC-M 3,QA2,3-1/2",Φ101.6,个,4.1,Kg,
SPT00142,等径三通,SCH10S,SS,BW,022Cr17Ni12Mo2,CP05T3023,ASME B16.9,NA,QNCa,3-1/2",Φ101.6,个,2.7,Kg,
SPT00143,等径三通,SCH10S,SS,BW,022Cr19Ni10,CP05T3023,ASME B16.9,NA,QNCa,3-1/2",Φ101.6,个,2.7,Kg,
SPT00144,等径三通,SCH160,SS,BW,022Cr19Ni10,CP05T3017,ASME B16.9,RCC-M 1,QA1,4",Φ114.3,个,11.5,Kg,
SPT00145,等径三通,3.58mm,SS,BW,20,CP05T3019,ASME B16.9,RCC-M 2,QA1,4",Φ114.3,个,6.3,Kg,
SPT00146,等径三通,SCH10S,SS,BW,022Cr19Ni10,CP05T3017,ASME B16.9,RCC-M 2,QA1,4",Φ114.3,个,3.5,Kg,
SPT00147,等径三通,SCH160,SS,BW,022Cr19Ni10,CP05T3017,ASME B16.9,RCC-M 2,QA1,4",Φ114.3,个,11.5,Kg,
SPT00148,等径三通,SCH160,SS,BW,P280GH,CP05T3019,ASME B16.9,RCC-M 2,QA1,4",Φ114.3,个,11.5,Kg,
SPT00149,等径三通,SCH40,SS,BW,20,CP05T3019,ASME B16.9,RCC-M 2,QA1,4",Φ114.3,个,6.5,Kg,
SPT00150,等径三通,SCH40S,SS,BW,022Cr19Ni10,CP05T3017,ASME B16.9,RCC-M 2,QA1,4",Φ114.3,个,5.3,Kg,
SPT00151,等径三通,SCH80,SS,BW,20,CP05T3019,ASME B16.9,RCC-M 2,QA1,4",Φ114.3,个,7.66,Kg,
SPT00152,等径三通,SCH80,SS,BW,P280GH,CP05T3019,ASME B16.9,RCC-M 2,QA1,4",Φ114.3,个,7.66,Kg,
SPT00153,等径三通,SCH80S,SS,BW,022Cr19Ni10,CP05T3017,ASME B16.9,RCC-M 2,QA1,4",Φ114.3,个,7.7,Kg,
SPT00154,等径三通,3.58mm,SS,BW,20,CP05T3019,ASME B16.9,RCC-M 3,QA2,4",Φ114.3,个,6.3,Kg,
SPT00155,等径三通,SCH10S,SS,BW,022Cr19Ni10,CP05T3017,ASME B16.9,RCC-M 3,QA2,4",Φ114.3,个,3.5,Kg,
SPT00156,等径三通,SCH40,SS,BW,20,CP05T3019,ASME B16.9,RCC-M 3,QA2,4",Φ114.3,个,6.5,Kg,
SPT00157,等径三通,SCH40S,SS,BW,022Cr19Ni10,CP05T3017,ASME B16.9,RCC-M 3,QA2,4",Φ114.3,个,5.3,Kg,
SPT00158,等径三通,3.58mm,SS,BW,20,CP05T3025,ASME B16.9,NA,QNCa,4",Φ114.3,个,6,Kg,
SPT00159,等径三通,SCH10S,SS,BW,022Cr17Ni12Mo2,CP05T3023,ASME B16.9,NA,QNCa,4",Φ114.3,个,3.5,Kg,
SPT00160,等径三通,SCH10S,SS,BW,022Cr19Ni10,CP05T3023,ASME B16.9,NA,QNCa,4",Φ114.3,个,3.5,Kg,
SPT00161,等径三通,SCH160,SS,BW,022Cr19Ni10,CP05T3017,ASME B16.9,RCC-M 1,QA1,5",Φ141.3,个,19.8,Kg,
SPT00162,等径三通,SCH10S,SS,BW,022Cr19Ni10,CP05T3017,ASME B16.9,RCC-M 2,QA1,5",Φ141.3,个,6.1,Kg,
SPT00163,等径三通,SCH160,SS,BW,022Cr19Ni10,CP05T3017,ASME B16.9,RCC-M 2,QA1,5",Φ141.3,个,19.8,Kg,
SPT00164,等径三通,SCH160,SS,BW,P280GH,CP05T3019,ASME B16.9,RCC-M 2,QA1,5",Φ141.3,个,19.8,Kg,
SPT00165,等径三通,SCH40,SS,BW,20,CP05T3019,ASME B16.9,RCC-M 2,QA1,5",Φ141.3,个,9.66,Kg,
SPT00166,等径三通,SCH40S,SS,BW,022Cr19Ni10,CP05T3017,ASME B16.9,RCC-M 2,QA1,5",Φ141.3,个,9.4,Kg,
SPT00167,等径三通,SCH80,SS,BW,20,CP05T3019,ASME B16.9,RCC-M 2,QA1,5",Φ141.3,个,13.5,Kg,
SPT00168,等径三通,SCH80S,SS,BW,022Cr19Ni10,CP05T3017,ASME B16.9,RCC-M 2,QA1,5",Φ141.3,个,11.5,Kg,
SPT00169,等径三通,SCH10S,SS,BW,022Cr19Ni10,CP05T3017,ASME B16.9,RCC-M 3,QA2,5",Φ141.3,个,6.1,Kg,
SPT00170,等径三通,SCH40,SS,BW,20,CP05T3019,ASME B16.9,RCC-M 3,QA2,5",Φ141.3,个,9.66,Kg,
SPT00171,等径三通,SCH40S,SS,BW,022Cr19Ni10,CP05T3017,ASME B16.9,RCC-M 3,QA2,5",Φ141.3,个,9.4,Kg,
SPT00172,等径三通,SCH10S,SS,BW,022Cr17Ni12Mo2,CP05T3023,ASME B16.9,NA,QNCa,5",Φ141.3,个,6.1,Kg,
SPT00173,等径三通,SCH10S,SS,BW,022Cr19Ni10,CP05T3023,ASME B16.9,NA,QNCa,5",Φ141.3,个,6.1,Kg,
SPT00174,等径三通,SCH160,SS,BW,022Cr19Ni10,CP05T3017,ASME B16.9,RCC-M 1,QA1,6",Φ168.3,个,31.3,Kg,
SPT00175,等径三通,4.37mm,SS,BW,20,CP05T3019,ASME B16.9,RCC-M 2,QA1,6",Φ168.3,个,16.6,Kg,
SPT00176,等径三通,SCH10S,SS,BW,022Cr19Ni10,CP05T3017,ASME B16.9,RCC-M 2,QA1,6",Φ168.3,个,8.1,Kg,
SPT00177,等径三通,SCH120,SS,BW,P280GH,CP05T3019,ASME B16.9,RCC-M 2,QA1,6",Φ168.3,个,25.1,Kg,
SPT00178,等径三通,SCH160,SS,BW,022Cr19Ni10,CP05T3017,ASME B16.9,RCC-M 2,QA1,6",Φ168.3,个,31.3,Kg,
SPT00179,等径三通,SCH160,SS,BW,P280GH,CP05T3019,ASME B16.9,RCC-M 2,QA1,6",Φ168.3,个,31.3,Kg,
SPT00180,等径三通,SCH40,SS,BW,20,CP05T3019,ASME B16.9,RCC-M 2,QA1,6",Φ168.3,个,14,Kg,
SPT00181,等径三通,SCH40S,SS,BW,022Cr19Ni10,CP05T3017,ASME B16.9,RCC-M 2,QA1,6",Φ168.3,个,11,Kg,
SPT00182,等径三通,SCH80,SS,BW,20,CP05T3019,ASME B16.9,RCC-M 2,QA1,6",Φ168.3,个,19.3,Kg,
SPT00183,等径三通,SCH80S,SS,BW,022Cr19Ni10,CP05T3017,ASME B16.9,RCC-M 2,QA1,6",Φ168.3,个,13.6,Kg,
SPT00184,等径三通,4.37mm,SS,BW,20,CP05T3019,ASME B16.9,RCC-M 3,QA2,6",Φ168.3,个,16.6,Kg,
SPT00185,等径三通,SCH10S,SS,BW,022Cr19Ni10,CP05T3017,ASME B16.9,RCC-M 3,QA2,6",Φ168.3,个,8.1,Kg,
SPT00186,等径三通,SCH40,SS,BW,20,CP05T3019,ASME B16.9,RCC-M 3,QA2,6",Φ168.3,个,14,Kg,
SPT00187,等径三通,SCH40S,SS,BW,022Cr19Ni10,CP05T3017,ASME B16.9,RCC-M 3,QA2,6",Φ168.3,个,11,Kg,
SPT00188,等径三通,4.37mm,SS,BW,20,CP05T3025,ASME B16.9,NA,QNCa,6",Φ168.3,个,16,Kg,
SPT00189,等径三通,SCH10S,SS,BW,022Cr17Ni12Mo2,CP05T3023,ASME B16.9,NA,QNCa,6",Φ168.3,个,8.1,Kg,
SPT00190,等径三通,SCH10S,SS,BW,022Cr19Ni10,CP05T3023,ASME B16.9,NA,QNCa,6",Φ168.3,个,8.1,Kg,
SPT00191,等径三通,SCH160,SS,BW,022Cr19Ni10,CP05T3017,ASME B16.9,RCC-M 1,QA1,8",Φ219.1,个,60.1,Kg,
SPT00192,等径三通,SCH10S,SS,BW,022Cr19Ni10,CP05T3017,ASME B16.9,RCC-M 2,QA1,8",Φ219.1,个,15.6,Kg,
SPT00193,等径三通,SCH120,SS,BW,P280GH,CP05T3019,ASME B16.9,RCC-M 2,QA1,8",Φ219.1,个,48.9,Kg,
SPT00194,等径三通,SCH160,SS,BW,022Cr19Ni10,CP05T3017,ASME B16.9,RCC-M 2,QA1,8",Φ219.1,个,60.1,Kg,
SPT00195,等径三通,SCH160,SS,BW,P280GH,CP05T3019,ASME B16.9,RCC-M 2,QA1,8",Φ219.1,个,60.1,Kg,
SPT00196,等径三通,SCH20,SS,BW,20,CP05T3019,ASME B16.9,RCC-M 2,QA1,8",Φ219.1,个,17.5,Kg,
SPT00197,等径三通,SCH40,SS,BW,20,CP05T3019,ASME B16.9,RCC-M 2,QA1,8",Φ219.1,个,24.5,Kg,
SPT00198,等径三通,SCH40S,SS,BW,022Cr19Ni10,CP05T3017,ASME B16.9,RCC-M 2,QA1,8",Φ219.1,个,21,Kg,
SPT00199,等径三通,SCH80,SS,BW,20,CP05T3019,ASME B16.9,RCC-M 2,QA1,8",Φ219.1,个,34.5,Kg,
SPT00200,等径三通,SCH80,SS,BW,P280GH,CP05T3019,ASME B16.9,RCC-M 2,QA1,8",Φ219.1,个,34.5,Kg,
SPT00201,等径三通,SCH80S,SS,BW,022Cr19Ni10,CP05T3017,ASME B16.9,RCC-M 2,QA1,8",Φ219.1,个,28,Kg,
SPT00202,等径三通,SCH10S,SS,BW,022Cr19Ni10,CP05T3017,ASME B16.9,RCC-M 3,QA2,8",Φ219.1,个,15.6,Kg,
SPT00203,等径三通,SCH20,SS,BW,20,CP05T3019,ASME B16.9,RCC-M 3,QA2,8",Φ219.1,个,17.5,Kg,
SPT00204,等径三通,SCH40,SS,BW,20,CP05T3019,ASME B16.9,RCC-M 3,QA2,8",Φ219.1,个,24.5,Kg,
SPT00205,等径三通,SCH40S,SS,BW,022Cr19Ni10,CP05T3017,ASME B16.9,RCC-M 3,QA2,8",Φ219.1,个,21,Kg,
SPT00206,等径三通,SCH10S,SS,BW,022Cr17Ni12Mo2,CP05T3023,ASME B16.9,NA,QNCa,8",Φ219.1,个,15.6,Kg,
SPT00207,等径三通,SCH10S,SS,BW,022Cr19Ni10,CP05T3023,ASME B16.9,NA,QNCa,8",Φ219.1,个,15.6,Kg,
SPT00208,等径三通,SCH20,SS,BW,20,CP05T3025,ASME B16.9,NA,QNCa,8",Φ219.1,个,23,Kg,
SPT00209,等径三通,SCH140,SS,BW,026Cr18Ni12Mo2N,CP05T3017,ASME B16.9,RCC-M 1,QA1,10",Φ273,个,105,Kg,
SPT00210,等径三通,SCH10S,SS,BW,022Cr19Ni10,CP05T3017,ASME B16.9,RCC-M 2,QA1,10",Φ273,个,27,Kg,
SPT00211,等径三通,SCH140,SS,BW,022Cr19Ni10,CP05T3017,ASME B16.9,RCC-M 2,QA1,10",Φ273,个,105,Kg,
SPT00212,等径三通,SCH160,SS,BW,P280GH,CP05T3019,ASME B16.9,RCC-M 2,QA1,10",Φ273,个,116.6,Kg,
SPT00213,等径三通,SCH20,SS,BW,20,CP05T3019,ASME B16.9,RCC-M 2,QA1,10",Φ273,个,28,Kg,
SPT00214,等径三通,SCH40,SS,BW,20,CP05T3019,ASME B16.9,RCC-M 2,QA1,10",Φ273,个,41.3,Kg,
SPT00215,等径三通,SCH60,SS,BW,P280GH,CP05T3019,ASME B16.9,RCC-M 2,QA1,10",Φ273,个,58.57,Kg,
SPT00216,等径三通,SCH80,SS,BW,20,CP05T3019,ASME B16.9,RCC-M 2,QA1,10",Φ273,个,67.5,Kg,
SPT00217,等径三通,SCH80S,SS,BW,022Cr19Ni10,CP05T3017,ASME B16.9,RCC-M 2,QA1,10",Φ273,个,50,Kg,
SPT00218,等径三通,SCH10S,SS,BW,022Cr19Ni10,CP05T3017,ASME B16.9,RCC-M 3,QA2,10",Φ273,个,27,Kg,
SPT00219,等径三通,SCH20,SS,BW,20,CP05T3019,ASME B16.9,RCC-M 3,QA2,10",Φ273,个,28,Kg,
SPT00220,等径三通,SCH40,SS,BW,20,CP05T3019,ASME B16.9,RCC-M 3,QA2,10",Φ273,个,41.3,Kg,
SPT00221,等径三通,SCH80S,SS,BW,022Cr19Ni10,CP05T3017,ASME B16.9,RCC-M 3,QA2,10",Φ273,个,50,Kg,
SPT00222,等径三通,SCH10S,SS,BW,022Cr17Ni12Mo2,CP05T3023,ASME B16.9,NA,QNCa,10",Φ273,个,27,Kg,
SPT00223,等径三通,SCH10S,SS,BW,022Cr19Ni10,CP05T3023,ASME B16.9,NA,QNCa,10",Φ273,个,26.7,Kg,
SPT00224,等径三通,SCH20,SS,BW,20,CP05T3025,ASME B16.9,NA,QNCa,10",Φ273,个,34.7,Kg,
SPT00225,等径三通,SCH140,SS,BW,026Cr18Ni12Mo2N,CP05T3017,ASME B16.9,RCC-M 1,QA1,12",Φ323.8,个,159.8,Kg,
SPT00226,等径三通,7.14mm,SS,BW,20,CP05T3019,ASME B16.9,RCC-M 2,QA1,12",Φ323.8,个,,Kg,
SPT00227,等径三通,SCH10S,SS,BW,022Cr19Ni10,CP05T3017,ASME B16.9,RCC-M 2,QA1,12",Φ323.8,个,40,Kg,
SPT00228,等径三通,SCH140,SS,BW,022Cr19Ni10,CP05T3017,ASME B16.9,RCC-M 2,QA1,12",Φ323.8,个,159.8,Kg,
SPT00229,等径三通,SCH160,SS,BW,P280GH,CP05T3019,ASME B16.9,RCC-M 2,QA1,12",Φ323.8,个,183.3,Kg,
SPT00230,等径三通,SCH40,SS,BW,20,CP05T3019,ASME B16.9,RCC-M 2,QA1,12",Φ323.8,个,69,Kg,
SPT00231,等径三通,SCH80,SS,BW,20,CP05T3019,ASME B16.9,RCC-M 2,QA1,12",Φ323.8,个,105,Kg,
SPT00232,等径三通,SCH80S,SS,BW,022Cr19Ni10,CP05T3017,ASME B16.9,RCC-M 2,QA1,12",Φ323.8,个,84,Kg,
SPT00233,等径三通,7.14mm,SS,BW,20,CP05T3019,ASME B16.9,RCC-M 3,QA2,12",Φ323.8,个,55.9,Kg,
SPT00234,等径三通,SCH10S,SS,BW,022Cr19Ni10,CP05T3017,ASME B16.9,RCC-M 3,QA2,12",Φ323.8,个,40,Kg,
SPT00235,等径三通,SCH40,SS,BW,20,CP05T3019,ASME B16.9,RCC-M 3,QA2,12",Φ323.8,个,69,Kg,
SPT00236,等径三通,SCH80S,SS,BW,022Cr19Ni10,CP05T3017,ASME B16.9,RCC-M 3,QA2,12",Φ323.8,个,84,Kg,
SPT00237,等径三通,7.14mm,SS,BW,20,CP05T3025,ASME B16.9,NA,QNCa,12",Φ323.8,个,65,Kg,
SPT00238,等径三通,SCH10S,SS,BW,022Cr17Ni12Mo2,CP05T3023,ASME B16.9,NA,QNCa,12",Φ323.8,个,40,Kg,
SPT00239,等径三通,SCH10S,SS,BW,022Cr19Ni10,CP05T3023,ASME B16.9,NA,QNCa,12",Φ323.8,个,40,Kg,
SPT00240,等径三通,SCH20,SS,BW,20,CP05T3025,ASME B16.9,NA,QNCa,12",Φ323.8,个,42.6,Kg,
SPT00241,等径三通,SCH140,SS,BW,026Cr18Ni12Mo2N,CP05T3017,ASME B16.9,RCC-M 1,QA1,14",Φ355.6,个,212.6,Kg,
SPT00242,等径三通,SCH10S,SS,BW,022Cr19Ni10,CP05T3017,ASME B16.9,RCC-M 2,QA1,14",Φ355.6,个,48,Kg,
SPT00243,等径三通,SCH140,SS,BW,022Cr19Ni10,CP05T3017,ASME B16.9,RCC-M 2,QA1,14",Φ355.6,个,212.6,Kg,
SPT00244,等径三通,SCH160,SS,BW,P280GH,CP05T3019,ASME B16.9,RCC-M 2,QA1,14",Φ355.6,个,236.2,Kg,
SPT00245,等径三通,SCH20,SS,BW,20,CP05T3019,ASME B16.9,RCC-M 2,QA1,14",Φ355.6,个,64.5,Kg,
SPT00246,等径三通,SCH40,SS,BW,20,CP05T3019,ASME B16.9,RCC-M 2,QA1,14",Φ355.6,个,96,Kg,
SPT00247,等径三通,SCH60,SS,BW,022Cr19Ni10,CP05T3017,ASME B16.9,RCC-M 2,QA1,14",Φ355.6,个,104,Kg,
SPT00248,等径三通,SCH80,SS,BW,20,CP05T3019,ASME B16.9,RCC-M 2,QA1,14",Φ355.6,个,142,Kg,
SPT00249,等径三通,SCH80S,SS,BW,022Cr19Ni10,CP05T3017,ASME B16.9,RCC-M 2,QA1,14",Φ355.6,个,100,Kg,
SPT00250,等径三通,SCH20,SS,BW,20,CP05T3019,ASME B16.9,RCC-M 3,QA2,14",Φ355.6,个,64.5,Kg,
SPT00251,等径三通,SCH40,SS,BW,20,CP05T3019,ASME B16.9,RCC-M 3,QA2,14",Φ355.6,个,96,Kg,
SPT00252,等径三通,SCH60,SS,BW,022Cr19Ni10,CP05T3017,ASME B16.9,RCC-M 3,QA2,14",Φ355.6,个,141.2,Kg,
SPT00253,等径三通,SCH10S,SS,BW,022Cr17Ni12Mo2,CP05T3023,ASME B16.9,NA,QNCa,14",Φ355.6,个,48,Kg,
SPT00254,等径三通,SCH10S,SS,BW,022Cr19Ni10,CP05T3023,ASME B16.9,NA,QNCa,14",Φ355.6,个,48,Kg,
SPT00255,等径三通,SCH20,SS,BW,20,CP05T3025,ASME B16.9,NA,QNCa,14",Φ355.6,个,84,Kg,
SPT00256,等径三通,SCH140,SS,BW,026Cr18Ni12Mo2N,CP05T3017,ASME B16.9,RCC-M 1,QA1,16",Φ406.4,个,296.2,Kg,
SPT00257,等径三通,8.74mm,SS,BW,20,CP05T3019,ASME B16.9,RCC-M 2,QA1,16",Φ406.4,个,,Kg,
SPT00258,等径三通,SCH10S,SS,BW,022Cr19Ni10,CP05T3017,ASME B16.9,RCC-M 2,QA1,16",Φ406.4,个,59,Kg,
SPT00259,等径三通,SCH140,SS,BW,022Cr19Ni10,CP05T3017,ASME B16.9,RCC-M 2,QA1,16",Φ406.4,个,296.2,Kg,
SPT00260,等径三通,SCH160,SS,BW,P280GH,CP05T3019,ASME B16.9,RCC-M 2,QA1,16",Φ406.4,个,324.8,Kg,
SPT00261,等径三通,SCH40,SS,BW,20,CP05T3019,ASME B16.9,RCC-M 2,QA1,16",Φ406.4,个,120,Kg,
SPT00262,等径三通,SCH40S,SS,BW,022Cr19Ni10,CP05T3017,ASME B16.9,RCC-M 2,QA1,16",Φ406.4,个,100,Kg,
SPT00263,等径三通,SCH60,SS,BW,022Cr19Ni10,CP05T3017,ASME B16.9,RCC-M 2,QA1,16",Φ406.4,个,207.93,Kg,
SPT00264,等径三通,SCH80,SS,BW,20,CP05T3019,ASME B16.9,RCC-M 2,QA1,16",Φ406.4,个,187,Kg,
SPT00265,等径三通,SCH80S,SS,BW,022Cr19Ni10,CP05T3017,ASME B16.9,RCC-M 2,QA1,16",Φ406.4,个,,Kg,
SPT00266,等径三通,9.8mm,SS,BW,20,CP05T3019,ASME B16.9,RCC-M 3,QA2,16",Φ406.4,个,,Kg,
SPT00267,等径三通,SCH40,SS,BW,20,CP05T3019,ASME B16.9,RCC-M 3,QA2,16",Φ406.4,个,120,Kg,
SPT00268,等径三通,SCH60,SS,BW,022Cr19Ni10,CP05T3017,ASME B16.9,RCC-M 3,QA2,16",Φ406.4,个,207.93,Kg,
SPT00269,等径三通,SCH10S,SS,BW,022Cr17Ni12Mo2,CP05T3023,ASME B16.9,NA,QNCa,16",Φ406.4,个,59,Kg,
SPT00270,等径三通,SCH10S,SS,BW,022Cr19Ni10,CP05T3023,ASME B16.9,NA,QNCa,16",Φ406.4,个,59,Kg,
SPT00271,等径三通,SCH20,SS,BW,20,CP05T3025,ASME B16.9,NA,QNCa,16",Φ406.4,个,78.2,Kg,
SPT00272,等径三通,SCH140,SS,BW,026Cr18Ni12Mo2N,CP05T3017,ASME B16.9,RCC-M 1,QA1,18",Φ457,个,282.5,Kg,
SPT00273,等径三通,SCH20,SS,BW,022Cr19Ni10,CP05T3017,ASME B16.9,RCC-M 2,QA1,18",Φ457,个,102,Kg,
SPT00274,等径三通,SCH10,FS,BW,Q265HR,CP05T3021,ASME B16.9,RCC-M 3,QA2,18",Φ457,个,58,Kg,
SPT00275,等径三通,SCH140,SS,BW,026Cr18Ni12Mo2N,CP05T3017,ASME B16.9,RCC-M 1,QA1,20",Φ508,个,397.8,Kg,
SPT00276,等径三通,SCH10,FS,BW,Q265HR,CP05T3021,ASME B16.9,RCC-M 3,QA2,20",Φ508,个,85,Kg,
SPT00277,等径三通,SCH20,SS,BW,20,CP05T3025,ASME B16.9,NA,QNCa,20",Φ508,个,168,Kg,
SPT00278,等径三通,SCH140,SS,BW,026Cr18Ni12Mo2N,CP05T3017,ASME B16.9,RCC-M 1,QA1,22",Φ559,个,512.7,Kg,
SPT00279,等径三通,SCH10,FS,BW,Q265HR,CP05T3021,ASME B16.9,RCC-M 3,QA2,22",Φ559,个,92,Kg,
SPT00280,等径三通,SCH30,SS,BW,20,CP05T3025,ASME B16.9,NA,QNCa,22",Φ559,个,355,Kg,
SPT00281,等径三通,SCH140,SS,BW,026Cr18Ni12Mo2N,CP05T3017,ASME B16.9,RCC-M 1,QA1,24",Φ610,个,651.1,Kg,
SPT00282,等径三通,SCH10,FS,BW,Q265HR,CP05T3021,ASME B16.9,RCC-M 3,QA2,24",Φ610,个,138,Kg,
SPT00283,等径三通,SCH10,FS,BW,Q265HR,CP05T3021,ASME B16.9,RCC-M 3,QA2,26",Φ660,个,240,Kg,
SPT00284,等径三通,SCH10,FS,BW,Q265HR,CP05T3021,ASME B16.9,RCC-M 3,QA2,28",Φ711,个,280,Kg,
SPT00285,等径三通,SCH10,FS,BW,Q265HR,CP05T3021,ASME B16.9,RCC-M 3,QA2,30",Φ762,个,322,Kg,
SPT00286,等径三通,9.52mm,FS,BW,Q265HR,CP05T3021,ASME B16.9,RCC-M 3,QA2,32",Φ813,个,451,Kg,
SPT00287,等径三通,9.52mm,FS,BW,Q265HR,CP05T3021,ASME B16.9,RCC-M 3,QA2,34",Φ864,个,516,Kg,
SPT00288,等径三通,9.52mm,FS,BW,Q265HR,CP05T3021,ASME B16.9,RCC-M 3,QA2,36",Φ914,个,587.5,Kg,
SPT00290,异径三通,CL6000,FO,SW,022Cr19Ni10,CP05T3038,ASME B16.11,RCC-M 2,QA1,1/2"x1/4",,个,,Kg,
SPT00291,异径三通,CL6000,FO,SW,022Cr19Ni10,CP05T3038,ASME B16.11,RCC-M 2,QA1,1/2"x3/8",,个,,Kg,
SPT00292,异径三通,CL6000,FO,SW,022Cr19Ni10,CP05T3038,ASME B16.11,RCC-M 2,QA1,3/4"x3/8",,个,,Kg,
SPT00293,异径三通,CL6000,FO,SW,022Cr19Ni10,CP05T3038,ASME B16.11,RCC-M 2,QA1,3/4"x1/2",,个,,Kg,
SPT00294,异径三通,CL6000,FO,SW,022Cr19Ni10,CP05T3038,ASME B16.11,RCC-M 2,QA1,1"x1/2",,个,,Kg,
SPT00295,异径三通,CL6000,FO,SW,022Cr19Ni10,CP05T3038,ASME B16.11,RCC-M 2,QA1,1"x3/4",,个,,Kg,
SPT00296,异径三通,CL6000,FO,SW,022Cr19Ni10,CP05T3038,ASME B16.11,RCC-M 2,QA1,1-1/4"x1/2",,个,,Kg,
SPT00297,异径三通,CL6000,FO,SW,022Cr19Ni10,CP05T3038,ASME B16.11,RCC-M 2,QA1,1-1/4"x3/4",,个,,Kg,
SPT00298,异径三通,CL6000,FO,SW,022Cr19Ni10,CP05T3038,ASME B16.11,RCC-M 2,QA1,1-1/4"x1",,个,,Kg,
SPT00299,异径三通,SCH160xSCH160,SS,BW,022Cr19Ni10,CP05T3017,ASME B16.9,RCC-M 1,QA1,1-1/2"x1/2",Φ48.3xΦ21.3,个,1.25,Kg,
SPT00300,异径三通,CL6000,FO,SW,022Cr19Ni10,CP05T3038,ASME B16.11,RCC-M 2,QA1,1-1/2"x1/2",,个,,Kg,
SPT00301,异径三通,SCH160xSCH160,SS,BW,022Cr19Ni10,CP05T3017,ASME B16.9,RCC-M 1,QA1,1-1/2"x3/4",Φ48.3xΦ26.7,个,1.19,Kg,
SPT00302,异径三通,CL6000,FO,SW,022Cr19Ni10,CP05T3038,ASME B16.11,RCC-M 2,QA1,1-1/2"x3/4",,个,,Kg,
SPT00303,异径三通,SCH160xSCH160,SS,BW,022Cr19Ni10,CP05T3017,ASME B16.9,RCC-M 1,QA1,1-1/2"x1",Φ48.3xΦ33.4,个,1.25,Kg,
SPT00304,异径三通,CL6000,FO,SW,022Cr19Ni10,CP05T3038,ASME B16.11,RCC-M 2,QA1,1-1/2"x1",,个,,Kg,
SPT00305,异径三通,SCH160xSCH160,SS,BW,022Cr19Ni10,CP05T3017,ASME B16.9,RCC-M 1,QA1,1-1/2"x1-1/4",Φ48.3xΦ42.2,个,1.25,Kg,
SPT00306,异径三通,CL6000,FO,SW,022Cr19Ni10,CP05T3038,ASME B16.11,RCC-M 2,QA1,1-1/2"x1-1/4",,个,,Kg,
SPT00307,异径三通,SCH160xSCH160,SS,BW,022Cr19Ni10,CP05T3017,ASME B16.9,RCC-M 1,QA1,2"x3/4",Φ60.3xΦ26.7,个,2.16,Kg,
SPT00308,异径三通,CL6000,FO,SW,022Cr19Ni10,CP05T3038,ASME B16.11,RCC-M 2,QA1,2"x3/4",,个,,Kg,
SPT00309,异径三通,SCH160xSCH160,SS,BW,022Cr19Ni10,CP05T3017,ASME B16.9,RCC-M 1,QA1,2"x1",Φ60.3xΦ33.4,个,2.19,Kg,
SPT00310,异径三通,CL6000,FO,SW,022Cr19Ni10,CP05T3038,ASME B16.11,RCC-M 2,QA1,2"x1",,个,,Kg,
SPT00311,异径三通,SCH160xSCH160,SS,BW,022Cr19Ni10,CP05T3017,ASME B16.9,RCC-M 1,QA1,2"x1-1/4",Φ60.3xΦ42.2,个,2.23,Kg,
SPT00312,异径三通,CL6000,FO,SW,022Cr19Ni10,CP05T3038,ASME B16.11,RCC-M 2,QA1,2"x1-1/4",,个,,Kg,
SPT00313,异径三通,SCH160xSCH160,SS,BW,022Cr19Ni10,CP05T3017,ASME B16.9,RCC-M 1,QA1,2"x1-1/2",Φ60.3xΦ48.3,个,2.27,Kg,
SPT00314,异径三通,CL6000,FO,SW,022Cr19Ni10,CP05T3038,ASME B16.11,RCC-M 2,QA1,2"x1-1/2",,个,,Kg,
SPT00315,异径三通,SCH160xSCH160,SS,BW,022Cr19Ni10,CP05T3017,ASME B16.9,RCC-M 1,QA1,2-1/2"x1",Φ73xΦ33.4,个,3.27,Kg,
SPT00316,异径三通,3.18mmxSCH40,SS,BW,20,CP05T3019,ASME B16.9,RCC-M 2,QA1,2-1/2"x1",Φ73xΦ33.4,个,3.4,Kg,
SPT00317,异径三通,SCH10SxSCH10S,SS,BW,022Cr19Ni10,CP05T3017,ASME B16.9,RCC-M 2,QA1,2-1/2"x1",Φ73xΦ33.4,个,1.15,Kg,
SPT00318,异径三通,SCH160xSCH160,SS,BW,P280GH,CP05T3019,ASME B16.9,RCC-M 2,QA1,2-1/2"x1",Φ73xΦ33.4,个,3.27,Kg,
SPT00319,异径三通,SCH40xSCH40,SS,BW,20,CP05T3019,ASME B16.9,RCC-M 2,QA1,2-1/2"x1",Φ73xΦ33.4,个,1.96,Kg,
SPT00320,异径三通,SCH40SxSCH40S,SS,BW,022Cr19Ni10,CP05T3017,ASME B16.9,RCC-M 2,QA1,2-1/2"x1",Φ73xΦ33.4,个,1.87,Kg,
SPT00321,异径三通,SCH80xSCH80,SS,BW,20,CP05T3019,ASME B16.9,RCC-M 2,QA1,2-1/2"x1",Φ73xΦ33.4,个,3.37,Kg,
SPT00322,异径三通,SCH80xSCH80,SS,BW,P280GH,CP05T3019,ASME B16.9,RCC-M 2,QA1,2-1/2"x1",Φ73xΦ33.4,个,3.37,Kg,
SPT00323,异径三通,SCH80SxSCH80S,SS,BW,022Cr19Ni10,CP05T3017,ASME B16.9,RCC-M 2,QA1,2-1/2"x1",Φ73xΦ33.4,个,2.65,Kg,
SPT00324,异径三通,3.18mmxSCH40,SS,BW,20,CP05T3019,ASME B16.9,RCC-M 3,QA2,2-1/2"x1",Φ73xΦ33.4,个,,Kg,
SPT00325,异径三通,SCH10SxSCH10S,SS,BW,022Cr19Ni10,CP05T3017,ASME B16.9,RCC-M 3,QA2,2-1/2"x1",Φ73xΦ33.4,个,1.15,Kg,
SPT00326,异径三通,SCH40xSCH40,SS,BW,20,CP05T3019,ASME B16.9,RCC-M 3,QA2,2-1/2"x1",Φ73xΦ33.4,个,1.96,Kg,
SPT00327,异径三通,SCH40SxSCH40S,SS,BW,022Cr19Ni10,CP05T3017,ASME B16.9,RCC-M 3,QA2,2-1/2"x1",Φ73xΦ33.4,个,1.87,Kg,
SPT00328,异径三通,3.18mmxSCH40,SS,BW,20,CP05T3025,ASME B16.9,NA,QNCa,2-1/2"x1",Φ73xΦ33.4,个,,Kg,
SPT00329,异径三通,SCH10SxSCH10S,SS,BW,022Cr17Ni12Mo2,CP05T3023,ASME B16.9,NA,QNCa,2-1/2"x1",Φ73xΦ33.4,个,1.15,Kg,
SPT00330,异径三通,SCH10SxSCH10S,SS,BW,022Cr19Ni10,CP05T3023,ASME B16.9,NA,QNCa,2-1/2"x1",Φ73xΦ33.4,个,1.15,Kg,
SPT00331,异径三通,SCH160xSCH160,SS,BW,022Cr19Ni10,CP05T3017,ASME B16.9,RCC-M 1,QA1,2-1/2"x1-1/4",Φ73xΦ42.2,个,3.3,Kg,
SPT00332,异径三通,3.18mmxSCH40,SS,BW,20,CP05T3019,ASME B16.9,RCC-M 2,QA1,2-1/2"x1-1/4",Φ73xΦ42.2,个,,Kg,
SPT00333,异径三通,SCH10SxSCH10S,SS,BW,022Cr19Ni10,CP05T3017,ASME B16.9,RCC-M 2,QA1,2-1/2"x1-1/4",Φ73xΦ42.2,个,1.17,Kg,
SPT00334,异径三通,SCH160xSCH160,SS,BW,P280GH,CP05T3019,ASME B16.9,RCC-M 2,QA1,2-1/2"x1-1/4",Φ73xΦ42.2,个,3.3,Kg,
SPT00335,异径三通,SCH40xSCH40,SS,BW,20,CP05T3019,ASME B16.9,RCC-M 2,QA1,2-1/2"x1-1/4",Φ73xΦ42.2,个,1.99,Kg,
SPT00336,异径三通,SCH40SxSCH40S,SS,BW,022Cr19Ni10,CP05T3017,ASME B16.9,RCC-M 2,QA1,2-1/2"x1-1/4",Φ73xΦ42.2,个,1.89,Kg,
SPT00337,异径三通,SCH80xSCH80,SS,BW,20,CP05T3019,ASME B16.9,RCC-M 2,QA1,2-1/2"x1-1/4",Φ73xΦ42.2,个,3.37,Kg,
SPT00338,异径三通,SCH80xSCH80,SS,BW,P280GH,CP05T3019,ASME B16.9,RCC-M 2,QA1,2-1/2"x1-1/4",Φ73xΦ42.2,个,3.37,Kg,
SPT00339,异径三通,SCH80SxSCH80S,SS,BW,022Cr19Ni10,CP05T3017,ASME B16.9,RCC-M 2,QA1,2-1/2"x1-1/4",Φ73xΦ42.2,个,2.7,Kg,
SPT00340,异径三通,3.18mmxSCH40,SS,BW,20,CP05T3019,ASME B16.9,RCC-M 3,QA2,2-1/2"x1-1/4",Φ73xΦ42.2,个,,Kg,
SPT00341,异径三通,SCH10SxSCH10S,SS,BW,022Cr19Ni10,CP05T3017,ASME B16.9,RCC-M 3,QA2,2-1/2"x1-1/4",Φ73xΦ42.2,个,1.17,Kg,
SPT00342,异径三通,SCH40xSCH40,SS,BW,20,CP05T3019,ASME B16.9,RCC-M 3,QA2,2-1/2"x1-1/4",Φ73xΦ42.2,个,1.99,Kg,
SPT00343,异径三通,SCH40SxSCH40S,SS,BW,022Cr19Ni10,CP05T3017,ASME B16.9,RCC-M 3,QA2,2-1/2"x1-1/4",Φ73xΦ42.2,个,1.89,Kg,
SPT00344,异径三通,3.18mmxSCH40,SS,BW,20,CP05T3025,ASME B16.9,NA,QNCa,2-1/2"x1-1/4",Φ73xΦ42.2,个,,Kg,
SPT00345,异径三通,SCH10SxSCH10S,SS,BW,022Cr17Ni12Mo2,CP05T3023,ASME B16.9,NA,QNCa,2-1/2"x1-1/4",Φ73xΦ42.2,个,1.17,Kg,
SPT00346,异径三通,SCH10SxSCH10S,SS,BW,022Cr19Ni10,CP05T3023,ASME B16.9,NA,QNCa,2-1/2"x1-1/4",Φ73xΦ42.2,个,1.17,Kg,
SPT00347,异径三通,SCH160xSCH160,SS,BW,022Cr19Ni10,CP05T3017,ASME B16.9,RCC-M 1,QA1,2-1/2"x1-1/2",Φ73xΦ48.3,个,3.35,Kg,
SPT00348,异径三通,3.18mmxSCH40,SS,BW,20,CP05T3019,ASME B16.9,RCC-M 2,QA1,2-1/2"x1-1/2",Φ73xΦ48.3,个,,Kg,
SPT00349,异径三通,SCH10SxSCH10S,SS,BW,022Cr19Ni10,CP05T3017,ASME B16.9,RCC-M 2,QA1,2-1/2"x1-1/2",Φ73xΦ48.3,个,1.19,Kg,
SPT00350,异径三通,SCH160xSCH160,SS,BW,P280GH,CP05T3019,ASME B16.9,RCC-M 2,QA1,2-1/2"x1-1/2",Φ73xΦ48.3,个,3.35,Kg,
SPT00351,异径三通,SCH40xSCH40,SS,BW,20,CP05T3019,ASME B16.9,RCC-M 2,QA1,2-1/2"x1-1/2",Φ73xΦ48.3,个,2.04,Kg,
SPT00352,异径三通,SCH40SxSCH40S,SS,BW,022Cr19Ni10,CP05T3017,ASME B16.9,RCC-M 2,QA1,2-1/2"x1-1/2",Φ73xΦ48.3,个,1.93,Kg,
SPT00353,异径三通,SCH80xSCH80,SS,BW,20,CP05T3019,ASME B16.9,RCC-M 2,QA1,2-1/2"x1-1/2",Φ73xΦ48.3,个,3.37,Kg,
SPT00354,异径三通,SCH80xSCH80,SS,BW,P280GH,CP05T3019,ASME B16.9,RCC-M 2,QA1,2-1/2"x1-1/2",Φ73xΦ48.3,个,3.37,Kg,
SPT00355,异径三通,SCH80SxSCH80S,SS,BW,022Cr19Ni10,CP05T3017,ASME B16.9,RCC-M 2,QA1,2-1/2"x1-1/2",Φ73xΦ48.3,个,2.75,Kg,
SPT00356,异径三通,3.18mmxSCH40,SS,BW,20,CP05T3019,ASME B16.9,RCC-M 3,QA2,2-1/2"x1-1/2",Φ73xΦ48.3,个,,Kg,
SPT00357,异径三通,SCH10SxSCH10S,SS,BW,022Cr19Ni10,CP05T3017,ASME B16.9,RCC-M 3,QA2,2-1/2"x1-1/2",Φ73xΦ48.3,个,1.19,Kg,
SPT00358,异径三通,SCH40xSCH40,SS,BW,20,CP05T3019,ASME B16.9,RCC-M 3,QA2,2-1/2"x1-1/2",Φ73xΦ48.3,个,2.04,Kg,
SPT00359,异径三通,SCH40SxSCH40S,SS,BW,022Cr19Ni10,CP05T3017,ASME B16.9,RCC-M 3,QA2,2-1/2"x1-1/2",Φ73xΦ48.3,个,1.93,Kg,
SPT00360,异径三通,3.18mmxSCH40,SS,BW,20,CP05T3025,ASME B16.9,NA,QNCa,2-1/2"x1-1/2",Φ73xΦ48.3,个,,Kg,
SPT00361,异径三通,SCH10SxSCH10S,SS,BW,022Cr17Ni12Mo2,CP05T3023,ASME B16.9,NA,QNCa,2-1/2"x1-1/2",Φ73xΦ48.3,个,1.19,Kg,
SPT00362,异径三通,SCH10SxSCH10S,SS,BW,022Cr19Ni10,CP05T3023,ASME B16.9,NA,QNCa,2-1/2"x1-1/2",Φ73xΦ48.3,个,1.185,Kg,
SPT00363,异径三通,SCH160xSCH160,SS,BW,022Cr19Ni10,CP05T3017,ASME B16.9,RCC-M 1,QA1,2-1/2"x2",Φ73xΦ60.3,个,3.45,Kg,
SPT00364,异径三通,3.18mmx3.18mm,SS,BW,20,CP05T3019,ASME B16.9,RCC-M 2,QA1,2-1/2"x2",Φ73xΦ60.3,个,,Kg,
SPT00365,异径三通,SCH10SxSCH10S,SS,BW,022Cr19Ni10,CP05T3017,ASME B16.9,RCC-M 2,QA1,2-1/2"x2",Φ73xΦ60.3,个,1.21,Kg,
SPT00366,异径三通,SCH160xSCH160,SS,BW,P280GH,CP05T3019,ASME B16.9,RCC-M 2,QA1,2-1/2"x2",Φ73xΦ60.3,个,3.45,Kg,
SPT00367,异径三通,SCH40xSCH40,SS,BW,20,CP05T3019,ASME B16.9,RCC-M 2,QA1,2-1/2"x2",Φ73xΦ60.3,个,2.08,Kg,
SPT00368,异径三通,SCH40SxSCH40S,SS,BW,022Cr19Ni10,CP05T3017,ASME B16.9,RCC-M 2,QA1,2-1/2"x2",Φ73xΦ60.3,个,1.98,Kg,
SPT00369,异径三通,SCH80xSCH80,SS,BW,20,CP05T3019,ASME B16.9,RCC-M 2,QA1,2-1/2"x2",Φ73xΦ60.3,个,3.37,Kg,
SPT00370,异径三通,SCH80xSCH80,SS,BW,P280GH,CP05T3019,ASME B16.9,RCC-M 2,QA1,2-1/2"x2",Φ73xΦ60.3,个,3.37,Kg,
SPT00371,异径三通,SCH80SxSCH80S,SS,BW,022Cr19Ni10,CP05T3017,ASME B16.9,RCC-M 2,QA1,2-1/2"x2",Φ73xΦ60.3,个,2.8,Kg,
SPT00372,异径三通,3.18mmx3.18mm,SS,BW,20,CP05T3019,ASME B16.9,RCC-M 3,QA2,2-1/2"x2",Φ73xΦ60.3,个,,Kg,
SPT00373,异径三通,SCH10SxSCH10S,SS,BW,022Cr19Ni10,CP05T3017,ASME B16.9,RCC-M 3,QA2,2-1/2"x2",Φ73xΦ60.3,个,1.21,Kg,
SPT00374,异径三通,SCH40xSCH40,SS,BW,20,CP05T3019,ASME B16.9,RCC-M 3,QA2,2-1/2"x2",Φ73xΦ60.3,个,2.08,Kg,
SPT00375,异径三通,SCH40SxSCH40S,SS,BW,022Cr19Ni10,CP05T3017,ASME B16.9,RCC-M 3,QA2,2-1/2"x2",Φ73xΦ60.3,个,1.98,Kg,
SPT00376,异径三通,3.18mmx3.18mm,SS,BW,20,CP05T3025,ASME B16.9,NA,QNCa,2-1/2"x2",Φ73xΦ60.3,个,3.5,Kg,
SPT00377,异径三通,SCH10SxSCH10S,SS,BW,022Cr17Ni12Mo2,CP05T3023,ASME B16.9,NA,QNCa,2-1/2"x2",Φ73xΦ60.3,个,1.21,Kg,
SPT00378,异径三通,SCH10SxSCH10S,SS,BW,022Cr19Ni10,CP05T3023,ASME B16.9,NA,QNCa,2-1/2"x2",Φ73xΦ60.3,个,1.21,Kg,
SPT00379,异径三通,SCH160xSCH160,SS,BW,022Cr19Ni10,CP05T3017,ASME B16.9,RCC-M 1,QA1,3"x1",Φ88.9xΦ33.4,个,,Kg,
SPT00380,异径三通,3.18mmxSCH40,SS,BW,20,CP05T3019,ASME B16.9,RCC-M 2,QA1,3"x1",Φ88.9xΦ33.4,个,,Kg,
SPT00381,异径三通,SCH10SxSCH10S,SS,BW,022Cr19Ni10,CP05T3017,ASME B16.9,RCC-M 2,QA1,3"x1",Φ88.9xΦ33.4,个,,Kg,
SPT00382,异径三通,SCH160xSCH160,SS,BW,P280GH,CP05T3019,ASME B16.9,RCC-M 2,QA1,3"x1",Φ88.9xΦ33.4,个,,Kg,
SPT00383,异径三通,SCH40xSCH40,SS,BW,20,CP05T3019,ASME B16.9,RCC-M 2,QA1,3"x1",Φ88.9xΦ33.4,个,,Kg,
SPT00384,异径三通,SCH40SxSCH40S,SS,BW,022Cr19Ni10,CP05T3017,ASME B16.9,RCC-M 2,QA1,3"x1",Φ88.9xΦ33.4,个,,Kg,
SPT00385,异径三通,SCH80xSCH80,SS,BW,20,CP05T3019,ASME B16.9,RCC-M 2,QA1,3"x1",Φ88.9xΦ33.4,个,,Kg,
SPT00386,异径三通,SCH80xSCH80,SS,BW,P280GH,CP05T3019,ASME B16.9,RCC-M 2,QA1,3"x1",Φ88.9xΦ33.4,个,,Kg,
SPT00387,异径三通,SCH80SxSCH80S,SS,BW,022Cr19Ni10,CP05T3017,ASME B16.9,RCC-M 2,QA1,3"x1",Φ88.9xΦ33.4,个,,Kg,
SPT00388,异径三通,3.18mmxSCH40,SS,BW,20,CP05T3019,ASME B16.9,RCC-M 3,QA2,3"x1",Φ88.9xΦ33.4,个,,Kg,
SPT00389,异径三通,SCH10SxSCH10S,SS,BW,022Cr19Ni10,CP05T3017,ASME B16.9,RCC-M 3,QA2,3"x1",Φ88.9xΦ33.4,个,,Kg,
SPT00390,异径三通,SCH40xSCH40,SS,BW,20,CP05T3019,ASME B16.9,RCC-M 3,QA2,3"x1",Φ88.9xΦ33.4,个,,Kg,
SPT00391,异径三通,SCH40SxSCH40S,SS,BW,022Cr19Ni10,CP05T3017,ASME B16.9,RCC-M 3,QA2,3"x1",Φ88.9xΦ33.4,个,,Kg,
SPT00392,异径三通,3.18mmxSCH40,SS,BW,20,CP05T3025,ASME B16.9,NA,QNCa,3"x1",Φ88.9xΦ33.4,个,,Kg,
SPT00393,异径三通,SCH10SxSCH10S,SS,BW,022Cr17Ni12Mo2,CP05T3023,ASME B16.9,NA,QNCa,3"x1",Φ88.9xΦ33.4,个,,Kg,
SPT00394,异径三通,SCH10SxSCH10S,SS,BW,022Cr19Ni10,CP05T3023,ASME B16.9,NA,QNCa,3"x1",Φ88.9xΦ33.4,个,1.58,Kg,
SPT00395,异径三通,SCH160xSCH160,SS,BW,022Cr19Ni10,CP05T3017,ASME B16.9,RCC-M 1,QA1,3"x1-1/4",Φ88.9xΦ42.2,个,5.4,Kg,
SPT00396,异径三通,3.18mmxSCH40,SS,BW,20,CP05T3019,ASME B16.9,RCC-M 2,QA1,3"x1-1/4",Φ88.9xΦ42.2,个,,Kg,
SPT00397,异径三通,SCH10SxSCH10S,SS,BW,022Cr19Ni10,CP05T3017,ASME B16.9,RCC-M 2,QA1,3"x1-1/4",Φ88.9xΦ42.2,个,1.57,Kg,
SPT00398,异径三通,SCH160xSCH160,SS,BW,P280GH,CP05T3019,ASME B16.9,RCC-M 2,QA1,3"x1-1/4",Φ88.9xΦ42.2,个,5.4,Kg,
SPT00399,异径三通,SCH40xSCH40,SS,BW,20,CP05T3019,ASME B16.9,RCC-M 2,QA1,3"x1-1/4",Φ88.9xΦ42.2,个,2.88,Kg,
SPT00400,异径三通,SCH40SxSCH40S,SS,BW,022Cr19Ni10,CP05T3017,ASME B16.9,RCC-M 2,QA1,3"x1-1/4",Φ88.9xΦ42.2,个,2.8,Kg,
SPT00401,异径三通,SCH80xSCH80,SS,BW,20,CP05T3019,ASME B16.9,RCC-M 2,QA1,3"x1-1/4",Φ88.9xΦ42.2,个,4.25,Kg,
SPT00402,异径三通,SCH80xSCH80,SS,BW,P280GH,CP05T3019,ASME B16.9,RCC-M 2,QA1,3"x1-1/4",Φ88.9xΦ42.2,个,4.25,Kg,
SPT00403,异径三通,SCH80SxSCH80S,SS,BW,022Cr19Ni10,CP05T3017,ASME B16.9,RCC-M 2,QA1,3"x1-1/4",Φ88.9xΦ42.2,个,3.8,Kg,
SPT00404,异径三通,3.18mmxSCH40,SS,BW,20,CP05T3019,ASME B16.9,RCC-M 3,QA2,3"x1-1/4",Φ88.9xΦ42.2,个,,Kg,
SPT00405,异径三通,SCH10SxSCH10S,SS,BW,022Cr19Ni10,CP05T3017,ASME B16.9,RCC-M 3,QA2,3"x1-1/4",Φ88.9xΦ42.2,个,1.57,Kg,
SPT00406,异径三通,SCH40xSCH40,SS,BW,20,CP05T3019,ASME B16.9,RCC-M 3,QA2,3"x1-1/4",Φ88.9xΦ42.2,个,2.88,Kg,
SPT00407,异径三通,SCH40SxSCH40S,SS,BW,022Cr19Ni10,CP05T3017,ASME B16.9,RCC-M 3,QA2,3"x1-1/4",Φ88.9xΦ42.2,个,2.8,Kg,
SPT00408,异径三通,3.18mmxSCH40,SS,BW,20,CP05T3025,ASME B16.9,NA,QNCa,3"x1-1/4",Φ88.9xΦ42.2,个,,Kg,
SPT00409,异径三通,SCH10SxSCH10S,SS,BW,022Cr17Ni12Mo2,CP05T3023,ASME B16.9,NA,QNCa,3"x1-1/4",Φ88.9xΦ42.2,个,1.57,Kg,
SPT00410,异径三通,SCH10SxSCH10S,SS,BW,022Cr19Ni10,CP05T3023,ASME B16.9,NA,QNCa,3"x1-1/4",Φ88.9xΦ42.2,个,1.57,Kg,
SPT00411,异径三通,SCH160xSCH160,SS,BW,022Cr19Ni10,CP05T3017,ASME B16.9,RCC-M 1,QA1,3"x1-1/2",Φ88.9xΦ48.3,个,5.5,Kg,
SPT00412,异径三通,3.18mmxSCH40,SS,BW,20,CP05T3019,ASME B16.9,RCC-M 2,QA1,3"x1-1/2",Φ88.9xΦ48.3,个,,Kg,
SPT00413,异径三通,SCH10SxSCH10S,SS,BW,022Cr19Ni10,CP05T3017,ASME B16.9,RCC-M 2,QA1,3"x1-1/2",Φ88.9xΦ48.3,个,1.6,Kg,
SPT00414,异径三通,SCH160xSCH160,SS,BW,P280GH,CP05T3019,ASME B16.9,RCC-M 2,QA1,3"x1-1/2",Φ88.9xΦ48.3,个,5.5,Kg,
SPT00415,异径三通,SCH40xSCH40,SS,BW,20,CP05T3019,ASME B16.9,RCC-M 2,QA1,3"x1-1/2",Φ88.9xΦ48.3,个,2.88,Kg,
SPT00416,异径三通,SCH40SxSCH40S,SS,BW,022Cr19Ni10,CP05T3017,ASME B16.9,RCC-M 2,QA1,3"x1-1/2",Φ88.9xΦ48.3,个,2.85,Kg,
SPT00417,异径三通,SCH80xSCH80,SS,BW,20,CP05T3019,ASME B16.9,RCC-M 2,QA1,3"x1-1/2",Φ88.9xΦ48.3,个,4.25,Kg,
SPT00418,异径三通,SCH80xSCH80,SS,BW,P280GH,CP05T3019,ASME B16.9,RCC-M 2,QA1,3"x1-1/2",Φ88.9xΦ48.3,个,4.25,Kg,
SPT00419,异径三通,SCH80SxSCH80S,SS,BW,022Cr19Ni10,CP05T3017,ASME B16.9,RCC-M 2,QA1,3"x1-1/2",Φ88.9xΦ48.3,个,3.85,Kg,
SPT00420,异径三通,3.18mmxSCH40,SS,BW,20,CP05T3019,ASME B16.9,RCC-M 3,QA2,3"x1-1/2",Φ88.9xΦ48.3,个,,Kg,
SPT00421,异径三通,SCH10SxSCH10S,SS,BW,022Cr19Ni10,CP05T3017,ASME B16.9,RCC-M 3,QA2,3"x1-1/2",Φ88.9xΦ48.3,个,1.6,Kg,
SPT00422,异径三通,SCH40xSCH40,SS,BW,20,CP05T3019,ASME B16.9,RCC-M 3,QA2,3"x1-1/2",Φ88.9xΦ48.3,个,2.88,Kg,
SPT00423,异径三通,SCH40SxSCH40S,SS,BW,022Cr19Ni10,CP05T3017,ASME B16.9,RCC-M 3,QA2,3"x1-1/2",Φ88.9xΦ48.3,个,2.85,Kg,
SPT00424,异径三通,3.18mmxSCH40,SS,BW,20,CP05T3025,ASME B16.9,NA,QNCa,3"x1-1/2",Φ88.9xΦ48.3,个,2.9,Kg,
SPT00425,异径三通,SCH10SxSCH10S,SS,BW,022Cr17Ni12Mo2,CP05T3023,ASME B16.9,NA,QNCa,3"x1-1/2",Φ88.9xΦ48.3,个,1.6,Kg,
SPT00426,异径三通,SCH10SxSCH10S,SS,BW,022Cr19Ni10,CP05T3023,ASME B16.9,NA,QNCa,3"x1-1/2",Φ88.9xΦ48.3,个,1.605,Kg,
SPT00427,异径三通,SCH160xSCH160,SS,BW,022Cr19Ni10,CP05T3017,ASME B16.9,RCC-M 1,QA1,3"x2",Φ88.9xΦ60.3,个,5.5,Kg,
SPT00428,异径三通,3.18mmx3.18mm,SS,BW,20,CP05T3019,ASME B16.9,RCC-M 2,QA1,3"x2",Φ88.9xΦ60.3,个,,Kg,
SPT00429,异径三通,SCH10SxSCH10S,SS,BW,022Cr19Ni10,CP05T3017,ASME B16.9,RCC-M 2,QA1,3"x2",Φ88.9xΦ60.3,个,1.65,Kg,
SPT00430,异径三通,SCH160xSCH160,SS,BW,P280GH,CP05T3019,ASME B16.9,RCC-M 2,QA1,3"x2",Φ88.9xΦ60.3,个,5.5,Kg,
SPT00431,异径三通,SCH40xSCH40,SS,BW,20,CP05T3019,ASME B16.9,RCC-M 2,QA1,3"x2",Φ88.9xΦ60.3,个,2.9,Kg,
SPT00432,异径三通,SCH40SxSCH40S,SS,BW,022Cr19Ni10,CP05T3017,ASME B16.9,RCC-M 2,QA1,3"x2",Φ88.9xΦ60.3,个,2.9,Kg,
SPT00433,异径三通,SCH80xSCH80,SS,BW,20,CP05T3019,ASME B16.9,RCC-M 2,QA1,3"x2",Φ88.9xΦ60.3,个,4.25,Kg,
SPT00434,异径三通,SCH80xSCH80,SS,BW,P280GH,CP05T3019,ASME B16.9,RCC-M 2,QA1,3"x2",Φ88.9xΦ60.3,个,6.5,Kg,
SPT00435,异径三通,SCH80SxSCH80S,SS,BW,022Cr19Ni10,CP05T3017,ASME B16.9,RCC-M 2,QA1,3"x2",Φ88.9xΦ60.3,个,3.9,Kg,
SPT00436,异径三通,3.18mmx3.18mm,SS,BW,20,CP05T3019,ASME B16.9,RCC-M 3,QA2,3"x2",Φ88.9xΦ60.3,个,,Kg,
SPT00437,异径三通,SCH10SxSCH10S,SS,BW,022Cr19Ni10,CP05T3017,ASME B16.9,RCC-M 3,QA2,3"x2",Φ88.9xΦ60.3,个,1.65,Kg,
SPT00438,异径三通,SCH40xSCH40,SS,BW,20,CP05T3019,ASME B16.9,RCC-M 3,QA2,3"x2",Φ88.9xΦ60.3,个,2.9,Kg,
SPT00439,异径三通,SCH40SxSCH40S,SS,BW,022Cr19Ni10,CP05T3017,ASME B16.9,RCC-M 3,QA2,3"x2",Φ88.9xΦ60.3,个,2.9,Kg,
SPT00440,异径三通,3.18mmx3.18mm,SS,BW,20,CP05T3025,ASME B16.9,NA,QNCa,3"x2",Φ88.9xΦ60.3,个,2.9,Kg,
SPT00441,异径三通,SCH10SxSCH10S,SS,BW,022Cr17Ni12Mo2,CP05T3023,ASME B16.9,NA,QNCa,3"x2",Φ88.9xΦ60.3,个,1.65,Kg,
SPT00442,异径三通,SCH10SxSCH10S,SS,BW,022Cr19Ni10,CP05T3023,ASME B16.9,NA,QNCa,3"x2",Φ88.9xΦ60.3,个,1.625,Kg,
SPT00443,异径三通,SCH160xSCH160,SS,BW,022Cr19Ni10,CP05T3017,ASME B16.9,RCC-M 1,QA1,3"x2-1/2",Φ88.9xΦ73,个,5.6,Kg,
SPT00444,异径三通,3.18mmx3.18mm,SS,BW,20,CP05T3019,ASME B16.9,RCC-M 2,QA1,3"x2-1/2",Φ88.9xΦ73,个,,Kg,
SPT00445,异径三通,SCH10SxSCH10S,SS,BW,022Cr19Ni10,CP05T3017,ASME B16.9,RCC-M 2,QA1,3"x2-1/2",Φ88.9xΦ73,个,1.7,Kg,
SPT00446,异径三通,SCH160xSCH160,SS,BW,P280GH,CP05T3019,ASME B16.9,RCC-M 2,QA1,3"x2-1/2",Φ88.9xΦ73,个,5.6,Kg,
SPT00447,异径三通,SCH40xSCH40,SS,BW,20,CP05T3019,ASME B16.9,RCC-M 2,QA1,3"x2-1/2",Φ88.9xΦ73,个,3,Kg,
SPT00448,异径三通,SCH40SxSCH40S,SS,BW,022Cr19Ni10,CP05T3017,ASME B16.9,RCC-M 2,QA1,3"x2-1/2",Φ88.9xΦ73,个,3,Kg,
SPT00449,异径三通,SCH80xSCH80,SS,BW,20,CP05T3019,ASME B16.9,RCC-M 2,QA1,3"x2-1/2",Φ88.9xΦ73,个,4.25,Kg,
SPT00450,异径三通,SCH80xSCH80,SS,BW,P280GH,CP05T3019,ASME B16.9,RCC-M 2,QA1,3"x2-1/2",Φ88.9xΦ73,个,4.25,Kg,
SPT00451,异径三通,SCH80SxSCH80S,SS,BW,022Cr19Ni10,CP05T3017,ASME B16.9,RCC-M 2,QA1,3"x2-1/2",Φ88.9xΦ73,个,4,Kg,
SPT00452,异径三通,3.18mmx3.18mm,SS,BW,20,CP05T3019,ASME B16.9,RCC-M 3,QA2,3"x2-1/2",Φ88.9xΦ73,个,,Kg,
SPT00453,异径三通,SCH10SxSCH10S,SS,BW,022Cr19Ni10,CP05T3017,ASME B16.9,RCC-M 3,QA2,3"x2-1/2",Φ88.9xΦ73,个,1.7,Kg,
SPT00454,异径三通,SCH40xSCH40,SS,BW,20,CP05T3019,ASME B16.9,RCC-M 3,QA2,3"x2-1/2",Φ88.9xΦ73,个,3,Kg,
SPT00455,异径三通,SCH40SxSCH40S,SS,BW,022Cr19Ni10,CP05T3017,ASME B16.9,RCC-M 3,QA2,3"x2-1/2",Φ88.9xΦ73,个,3,Kg,
SPT00456,异径三通,3.18mmx3.18mm,SS,BW,20,CP05T3025,ASME B16.9,NA,QNCa,3"x2-1/2",Φ88.9xΦ73,个,3,Kg,
SPT00457,异径三通,SCH10SxSCH10S,SS,BW,022Cr17Ni12Mo2,CP05T3023,ASME B16.9,NA,QNCa,3"x2-1/2",Φ88.9xΦ73,个,1.7,Kg,
SPT00458,异径三通,SCH10SxSCH10S,SS,BW,022Cr19Ni10,CP05T3023,ASME B16.9,NA,QNCa,3"x2-1/2",Φ88.9xΦ73,个,1.685,Kg,
SPT00459,异径三通,SCH160xSCH160,SS,BW,022Cr19Ni10,CP05T3017,ASME B16.9,RCC-M 1,QA1,3-1/2"x1-1/2",Φ101.6xΦ48.3,个,,Kg,
SPT00460,异径三通,SCH10SxSCH10S,SS,BW,022Cr19Ni10,CP05T3017,ASME B16.9,RCC-M 2,QA1,3-1/2"x1-1/2",Φ101.6xΦ48.3,个,2,Kg,
SPT00461,异径三通,SCH160xSCH160,SS,BW,P280GH,CP05T3019,ASME B16.9,RCC-M 2,QA1,3-1/2"x1-1/2",Φ101.6xΦ48.3,个,,Kg,
SPT00462,异径三通,SCH40xSCH40,SS,BW,20,CP05T3019,ASME B16.9,RCC-M 2,QA1,3-1/2"x1-1/2",Φ101.6xΦ48.3,个,3.85,Kg,
SPT00463,异径三通,SCH40SxSCH40S,SS,BW,022Cr19Ni10,CP05T3017,ASME B16.9,RCC-M 2,QA1,3-1/2"x1-1/2",Φ101.6xΦ48.3,个,3.45,Kg,
SPT00464,异径三通,SCH80xSCH80,SS,BW,20,CP05T3019,ASME B16.9,RCC-M 2,QA1,3-1/2"x1-1/2",Φ101.6xΦ48.3,个,6.52,Kg,
SPT00465,异径三通,SCH80xSCH80,SS,BW,P280GH,CP05T3019,ASME B16.9,RCC-M 2,QA1,3-1/2"x1-1/2",Φ101.6xΦ48.3,个,6.52,Kg,
SPT00466,异径三通,SCH80SxSCH80S,SS,BW,022Cr19Ni10,CP05T3017,ASME B16.9,RCC-M 2,QA1,3-1/2"x1-1/2",Φ101.6xΦ48.3,个,4.6,Kg,
SPT00467,异径三通,SCH10SxSCH10S,SS,BW,022Cr19Ni10,CP05T3017,ASME B16.9,RCC-M 3,QA2,3-1/2"x1-1/2",Φ101.6xΦ48.3,个,2,Kg,
SPT00468,异径三通,SCH40xSCH40,SS,BW,20,CP05T3019,ASME B16.9,RCC-M 3,QA2,3-1/2"x1-1/2",Φ101.6xΦ48.3,个,3.85,Kg,
SPT00469,异径三通,SCH40SxSCH40S,SS,BW,022Cr19Ni10,CP05T3017,ASME B16.9,RCC-M 3,QA2,3-1/2"x1-1/2",Φ101.6xΦ48.3,个,3.45,Kg,
SPT00470,异径三通,SCH10SxSCH10S,SS,BW,022Cr17Ni12Mo2,CP05T3023,ASME B16.9,NA,QNCa,3-1/2"x1-1/2",Φ101.6xΦ48.3,个,2,Kg,
SPT00471,异径三通,SCH10SxSCH10S,SS,BW,022Cr19Ni10,CP05T3023,ASME B16.9,NA,QNCa,3-1/2"x1-1/2",Φ101.6xΦ48.3,个,2,Kg,
SPT00472,异径三通,SCH160xSCH160,SS,BW,022Cr19Ni10,CP05T3017,ASME B16.9,RCC-M 1,QA1,3-1/2"x2",Φ101.6xΦ60.3,个,,Kg,
SPT00473,异径三通,SCH10SxSCH10S,SS,BW,022Cr19Ni10,CP05T3017,ASME B16.9,RCC-M 2,QA1,3-1/2"x2",Φ101.6xΦ60.3,个,2.05,Kg,
SPT00474,异径三通,SCH160xSCH160,SS,BW,P280GH,CP05T3019,ASME B16.9,RCC-M 2,QA1,3-1/2"x2",Φ101.6xΦ60.3,个,,Kg,
SPT00475,异径三通,SCH40xSCH40,SS,BW,20,CP05T3019,ASME B16.9,RCC-M 2,QA1,3-1/2"x2",Φ101.6xΦ60.3,个,3.85,Kg,
SPT00476,异径三通,SCH40SxSCH40S,SS,BW,022Cr19Ni10,CP05T3017,ASME B16.9,RCC-M 2,QA1,3-1/2"x2",Φ101.6xΦ60.3,个,3.5,Kg,
SPT00477,异径三通,SCH80xSCH80,SS,BW,20,CP05T3019,ASME B16.9,RCC-M 2,QA1,3-1/2"x2",Φ101.6xΦ60.3,个,6.52,Kg,
SPT00478,异径三通,SCH80xSCH80,SS,BW,P280GH,CP05T3019,ASME B16.9,RCC-M 2,QA1,3-1/2"x2",Φ101.6xΦ60.3,个,6.52,Kg,
SPT00479,异径三通,SCH80SxSCH80S,SS,BW,022Cr19Ni10,CP05T3017,ASME B16.9,RCC-M 2,QA1,3-1/2"x2",Φ101.6xΦ60.3,个,4.7,Kg,
SPT00480,异径三通,SCH10SxSCH10S,SS,BW,022Cr19Ni10,CP05T3017,ASME B16.9,RCC-M 3,QA2,3-1/2"x2",Φ101.6xΦ60.3,个,2.05,Kg,
SPT00481,异径三通,SCH40xSCH40,SS,BW,20,CP05T3019,ASME B16.9,RCC-M 3,QA2,3-1/2"x2",Φ101.6xΦ60.3,个,3.85,Kg,
SPT00482,异径三通,SCH40SxSCH40S,SS,BW,022Cr19Ni10,CP05T3017,ASME B16.9,RCC-M 3,QA2,3-1/2"x2",Φ101.6xΦ60.3,个,3.5,Kg,
SPT00483,异径三通,SCH10SxSCH10S,SS,BW,022Cr17Ni12Mo2,CP05T3023,ASME B16.9,NA,QNCa,3-1/2"x2",Φ101.6xΦ60.3,个,2.05,Kg,
SPT00484,异径三通,SCH10SxSCH10S,SS,BW,022Cr19Ni10,CP05T3023,ASME B16.9,NA,QNCa,3-1/2"x2",Φ101.6xΦ60.3,个,2.05,Kg,
SPT00485,异径三通,SCH160xSCH160,SS,BW,022Cr19Ni10,CP05T3017,ASME B16.9,RCC-M 1,QA1,3-1/2"x2-1/2",Φ101.6xΦ73,个,,Kg,
SPT00486,异径三通,SCH10SxSCH10S,SS,BW,022Cr19Ni10,CP05T3017,ASME B16.9,RCC-M 2,QA1,3-1/2"x2-1/2",Φ101.6xΦ73,个,2.1,Kg,
SPT00487,异径三通,SCH160xSCH160,SS,BW,P280GH,CP05T3019,ASME B16.9,RCC-M 2,QA1,3-1/2"x2-1/2",Φ101.6xΦ73,个,,Kg,
SPT00488,异径三通,SCH40xSCH40,SS,BW,20,CP05T3019,ASME B16.9,RCC-M 2,QA1,3-1/2"x2-1/2",Φ101.6xΦ73,个,3.99,Kg,
SPT00489,异径三通,SCH40SxSCH40S,SS,BW,022Cr19Ni10,CP05T3017,ASME B16.9,RCC-M 2,QA1,3-1/2"x2-1/2",Φ101.6xΦ73,个,4.05,Kg,
SPT00490,异径三通,SCH80xSCH80,SS,BW,20,CP05T3019,ASME B16.9,RCC-M 2,QA1,3-1/2"x2-1/2",Φ101.6xΦ73,个,6.52,Kg,
SPT00491,异径三通,SCH80xSCH80,SS,BW,P280GH,CP05T3019,ASME B16.9,RCC-M 2,QA1,3-1/2"x2-1/2",Φ101.6xΦ73,个,6.52,Kg,
SPT00492,异径三通,SCH80SxSCH80S,SS,BW,022Cr19Ni10,CP05T3017,ASME B16.9,RCC-M 2,QA1,3-1/2"x2-1/2",Φ101.6xΦ73,个,4.8,Kg,
SPT00493,异径三通,SCH10SxSCH10S,SS,BW,022Cr19Ni10,CP05T3017,ASME B16.9,RCC-M 3,QA2,3-1/2"x2-1/2",Φ101.6xΦ73,个,2.1,Kg,
SPT00494,异径三通,SCH40xSCH40,SS,BW,20,CP05T3019,ASME B16.9,RCC-M 3,QA2,3-1/2"x2-1/2",Φ101.6xΦ73,个,3.99,Kg,
SPT00495,异径三通,SCH40SxSCH40S,SS,BW,022Cr19Ni10,CP05T3017,ASME B16.9,RCC-M 3,QA2,3-1/2"x2-1/2",Φ101.6xΦ73,个,4.05,Kg,
SPT00496,异径三通,SCH10SxSCH10S,SS,BW,022Cr17Ni12Mo2,CP05T3023,ASME B16.9,NA,QNCa,3-1/2"x2-1/2",Φ101.6xΦ73,个,2.1,Kg,
SPT00497,异径三通,SCH10SxSCH10S,SS,BW,022Cr19Ni10,CP05T3023,ASME B16.9,NA,QNCa,3-1/2"x2-1/2",Φ101.6xΦ73,个,2.1,Kg,
SPT00498,异径三通,SCH160xSCH160,SS,BW,022Cr19Ni10,CP05T3017,ASME B16.9,RCC-M 1,QA1,3-1/2"x3",Φ101.6xΦ88.9,个,,Kg,
SPT00499,异径三通,SCH10SxSCH10S,SS,BW,022Cr19Ni10,CP05T3017,ASME B16.9,RCC-M 2,QA1,3-1/2"x3",Φ101.6xΦ88.9,个,2.15,Kg,
SPT00500,异径三通,SCH160xSCH160,SS,BW,P280GH,CP05T3019,ASME B16.9,RCC-M 2,QA1,3-1/2"x3",Φ101.6xΦ88.9,个,,Kg,
SPT00501,异径三通,SCH40xSCH40,SS,BW,20,CP05T3019,ASME B16.9,RCC-M 2,QA1,3-1/2"x3",Φ101.6xΦ88.9,个,4.09,Kg,
SPT00502,异径三通,SCH40SxSCH40S,SS,BW,022Cr19Ni10,CP05T3017,ASME B16.9,RCC-M 2,QA1,3-1/2"x3",Φ101.6xΦ88.9,个,4.15,Kg,
SPT00503,异径三通,SCH80xSCH80,SS,BW,20,CP05T3019,ASME B16.9,RCC-M 2,QA1,3-1/2"x3",Φ101.6xΦ88.9,个,6.52,Kg,
SPT00504,异径三通,SCH80xSCH80,SS,BW,P280GH,CP05T3019,ASME B16.9,RCC-M 2,QA1,3-1/2"x3",Φ101.6xΦ88.9,个,6.52,Kg,
SPT00505,异径三通,SCH80SxSCH80S,SS,BW,022Cr19Ni10,CP05T3017,ASME B16.9,RCC-M 2,QA1,3-1/2"x3",Φ101.6xΦ88.9,个,4.9,Kg,
SPT00506,异径三通,SCH10SxSCH10S,SS,BW,022Cr19Ni10,CP05T3017,ASME B16.9,RCC-M 3,QA2,3-1/2"x3",Φ101.6xΦ88.9,个,2.15,Kg,
SPT00507,异径三通,SCH40xSCH40,SS,BW,20,CP05T3019,ASME B16.9,RCC-M 3,QA2,3-1/2"x3",Φ101.6xΦ88.9,个,4.09,Kg,
SPT00508,异径三通,SCH40SxSCH40S,SS,BW,022Cr19Ni10,CP05T3017,ASME B16.9,RCC-M 3,QA2,3-1/2"x3",Φ101.6xΦ88.9,个,4.15,Kg,
SPT00509,异径三通,SCH10SxSCH10S,SS,BW,022Cr17Ni12Mo2,CP05T3023,ASME B16.9,NA,QNCa,3-1/2"x3",Φ101.6xΦ88.9,个,2.15,Kg,
SPT00510,异径三通,SCH10SxSCH10S,SS,BW,022Cr19Ni10,CP05T3023,ASME B16.9,NA,QNCa,3-1/2"x3",Φ101.6xΦ88.9,个,2.15,Kg,
SPT00511,异径三通,SCH160xSCH160,SS,BW,022Cr19Ni10,CP05T3017,ASME B16.9,RCC-M 1,QA1,4"x1-1/2",Φ114.3xΦ48.3,个,15.5,Kg,
SPT00512,异径三通,3.58mmxSCH40,SS,BW,20,CP05T3019,ASME B16.9,RCC-M 2,QA1,4"x1-1/2",Φ114.3xΦ48.3,个,,Kg,
SPT00513,异径三通,SCH10SxSCH10S,SS,BW,022Cr19Ni10,CP05T3017,ASME B16.9,RCC-M 2,QA1,4"x1-1/2",Φ114.3xΦ48.3,个,2.9,Kg,
SPT00514,异径三通,SCH160xSCH160,SS,BW,P280GH,CP05T3019,ASME B16.9,RCC-M 2,QA1,4"x1-1/2",Φ114.3xΦ48.3,个,15.5,Kg,
SPT00515,异径三通,SCH40xSCH40,SS,BW,20,CP05T3019,ASME B16.9,RCC-M 2,QA1,4"x1-1/2",Φ114.3xΦ48.3,个,4.95,Kg,
SPT00516,异径三通,SCH40SxSCH40S,SS,BW,022Cr19Ni10,CP05T3017,ASME B16.9,RCC-M 2,QA1,4"x1-1/2",Φ114.3xΦ48.3,个,4.45,Kg,
SPT00517,异径三通,SCH80xSCH80,SS,BW,20,CP05T3019,ASME B16.9,RCC-M 2,QA1,4"x1-1/2",Φ114.3xΦ48.3,个,7.5,Kg,
SPT00518,异径三通,SCH80xSCH80,SS,BW,P280GH,CP05T3019,ASME B16.9,RCC-M 2,QA1,4"x1-1/2",Φ114.3xΦ48.3,个,7.5,Kg,
SPT00519,异径三通,SCH80SxSCH80S,SS,BW,022Cr19Ni10,CP05T3017,ASME B16.9,RCC-M 2,QA1,4"x1-1/2",Φ114.3xΦ48.3,个,6.5,Kg,
SPT00520,异径三通,3.58mmxSCH40,SS,BW,20,CP05T3019,ASME B16.9,RCC-M 3,QA2,4"x1-1/2",Φ114.3xΦ48.3,个,,Kg,
SPT00521,异径三通,SCH10SxSCH10S,SS,BW,022Cr19Ni10,CP05T3017,ASME B16.9,RCC-M 3,QA2,4"x1-1/2",Φ114.3xΦ48.3,个,2.9,Kg,
SPT00522,异径三通,SCH40xSCH40,SS,BW,20,CP05T3019,ASME B16.9,RCC-M 3,QA2,4"x1-1/2",Φ114.3xΦ48.3,个,4.95,Kg,
SPT00523,异径三通,SCH40SxSCH40S,SS,BW,022Cr19Ni10,CP05T3017,ASME B16.9,RCC-M 3,QA2,4"x1-1/2",Φ114.3xΦ48.3,个,4.45,Kg,
SPT00524,异径三通,3.58mmxSCH40,SS,BW,20,CP05T3025,ASME B16.9,NA,QNCa,4"x1-1/2",Φ114.3xΦ48.3,个,4.95,Kg,
SPT00525,异径三通,SCH10SxSCH10S,SS,BW,022Cr17Ni12Mo2,CP05T3023,ASME B16.9,NA,QNCa,4"x1-1/2",Φ114.3xΦ48.3,个,2.9,Kg,
SPT00526,异径三通,SCH10SxSCH10S,SS,BW,022Cr19Ni10,CP05T3023,ASME B16.9,NA,QNCa,4"x1-1/2",Φ114.3xΦ48.3,个,2.9,Kg,
SPT00527,异径三通,SCH160xSCH160,SS,BW,022Cr19Ni10,CP05T3017,ASME B16.9,RCC-M 1,QA1,4"x2",Φ114.3xΦ60.3,个,15.5,Kg,
SPT00528,异径三通,3.58mmx3.18mm,SS,BW,20,CP05T3019,ASME B16.9,RCC-M 2,QA1,4"x2",Φ114.3xΦ60.3,个,,Kg,
SPT00529,异径三通,SCH10SxSCH10S,SS,BW,022Cr19Ni10,CP05T3017,ASME B16.9,RCC-M 2,QA1,4"x2",Φ114.3xΦ60.3,个,2.93,Kg,
SPT00530,异径三通,SCH160xSCH160,SS,BW,P280GH,CP05T3019,ASME B16.9,RCC-M 2,QA1,4"x2",Φ114.3xΦ60.3,个,15.5,Kg,
SPT00531,异径三通,SCH40xSCH40,SS,BW,20,CP05T3019,ASME B16.9,RCC-M 2,QA1,4"x2",Φ114.3xΦ60.3,个,4.99,Kg,
SPT00532,异径三通,SCH40SxSCH40S,SS,BW,022Cr19Ni10,CP05T3017,ASME B16.9,RCC-M 2,QA1,4"x2",Φ114.3xΦ60.3,个,4.5,Kg,
SPT00533,异径三通,SCH80xSCH80,SS,BW,20,CP05T3019,ASME B16.9,RCC-M 2,QA1,4"x2",Φ114.3xΦ60.3,个,7.5,Kg,
SPT00534,异径三通,SCH80xSCH80,SS,BW,P280GH,CP05T3019,ASME B16.9,RCC-M 2,QA1,4"x2",Φ114.3xΦ60.3,个,7.5,Kg,
SPT00535,异径三通,SCH80SxSCH80S,SS,BW,022Cr19Ni10,CP05T3017,ASME B16.9,RCC-M 2,QA1,4"x2",Φ114.3xΦ60.3,个,6.55,Kg,
SPT00536,异径三通,3.58mmx3.18mm,SS,BW,20,CP05T3019,ASME B16.9,RCC-M 3,QA2,4"x2",Φ114.3xΦ60.3,个,5.18,Kg,
SPT00537,异径三通,SCH10SxSCH10S,SS,BW,022Cr19Ni10,CP05T3017,ASME B16.9,RCC-M 3,QA2,4"x2",Φ114.3xΦ60.3,个,2.93,Kg,
SPT00538,异径三通,SCH40xSCH40,SS,BW,20,CP05T3019,ASME B16.9,RCC-M 3,QA2,4"x2",Φ114.3xΦ60.3,个,4.99,Kg,
SPT00539,异径三通,SCH40SxSCH40S,SS,BW,022Cr19Ni10,CP05T3017,ASME B16.9,RCC-M 3,QA2,4"x2",Φ114.3xΦ60.3,个,4.5,Kg,
SPT00540,异径三通,3.58mmx3.18mm,SS,BW,20,CP05T3025,ASME B16.9,NA,QNCa,4"x2",Φ114.3xΦ60.3,个,5,Kg,
SPT00541,异径三通,SCH10SxSCH10S,SS,BW,022Cr17Ni12Mo2,CP05T3023,ASME B16.9,NA,QNCa,4"x2",Φ114.3xΦ60.3,个,2.93,Kg,
SPT00542,异径三通,SCH10SxSCH10S,SS,BW,022Cr19Ni10,CP05T3023,ASME B16.9,NA,QNCa,4"x2",Φ114.3xΦ60.3,个,2.93,Kg,
SPT00543,异径三通,SCH160xSCH160,SS,BW,022Cr19Ni10,CP05T3017,ASME B16.9,RCC-M 1,QA1,4"x2-1/2",Φ114.3xΦ73,个,15.5,Kg,
SPT00544,异径三通,3.58mmx3.18mm,SS,BW,20,CP05T3019,ASME B16.9,RCC-M 2,QA1,4"x2-1/2",Φ114.3xΦ73,个,,Kg,
SPT00545,异径三通,SCH10SxSCH10S,SS,BW,022Cr19Ni10,CP05T3017,ASME B16.9,RCC-M 2,QA1,4"x2-1/2",Φ114.3xΦ73,个,2.97,Kg,
SPT00546,异径三通,SCH160xSCH160,SS,BW,P280GH,CP05T3019,ASME B16.9,RCC-M 2,QA1,4"x2-1/2",Φ114.3xΦ73,个,15.5,Kg,
SPT00547,异径三通,SCH40xSCH40,SS,BW,20,CP05T3019,ASME B16.9,RCC-M 2,QA1,4"x2-1/2",Φ114.3xΦ73,个,5.13,Kg,
SPT00548,异径三通,SCH40SxSCH40S,SS,BW,022Cr19Ni10,CP05T3017,ASME B16.9,RCC-M 2,QA1,4"x2-1/2",Φ114.3xΦ73,个,4.55,Kg,
SPT00549,异径三通,SCH80xSCH80,SS,BW,20,CP05T3019,ASME B16.9,RCC-M 2,QA1,4"x2-1/2",Φ114.3xΦ73,个,7.5,Kg,
SPT00550,异径三通,SCH80xSCH80,SS,BW,P280GH,CP05T3019,ASME B16.9,RCC-M 2,QA1,4"x2-1/2",Φ114.3xΦ73,个,7.5,Kg,
SPT00551,异径三通,SCH80SxSCH80S,SS,BW,022Cr19Ni10,CP05T3017,ASME B16.9,RCC-M 2,QA1,4"x2-1/2",Φ114.3xΦ73,个,6.6,Kg,
SPT00552,异径三通,3.58mmx3.18mm,SS,BW,20,CP05T3019,ASME B16.9,RCC-M 3,QA2,4"x2-1/2",Φ114.3xΦ73,个,,Kg,
SPT00553,异径三通,SCH10SxSCH10S,SS,BW,022Cr19Ni10,CP05T3017,ASME B16.9,RCC-M 3,QA2,4"x2-1/2",Φ114.3xΦ73,个,2.97,Kg,
SPT00554,异径三通,SCH40xSCH40,SS,BW,20,CP05T3019,ASME B16.9,RCC-M 3,QA2,4"x2-1/2",Φ114.3xΦ73,个,5.13,Kg,
SPT00555,异径三通,SCH40SxSCH40S,SS,BW,022Cr19Ni10,CP05T3017,ASME B16.9,RCC-M 3,QA2,4"x2-1/2",Φ114.3xΦ73,个,4.55,Kg,
SPT00556,异径三通,3.58mmx3.18mm,SS,BW,20,CP05T3025,ASME B16.9,NA,QNCa,4"x2-1/2",Φ114.3xΦ73,个,5.2,Kg,
SPT00557,异径三通,SCH10SxSCH10S,SS,BW,022Cr17Ni12Mo2,CP05T3023,ASME B16.9,NA,QNCa,4"x2-1/2",Φ114.3xΦ73,个,2.97,Kg,
SPT00558,异径三通,SCH10SxSCH10S,SS,BW,022Cr19Ni10,CP05T3023,ASME B16.9,NA,QNCa,4"x2-1/2",Φ114.3xΦ73,个,2.97,Kg,
SPT00559,异径三通,SCH160xSCH160,SS,BW,022Cr19Ni10,CP05T3017,ASME B16.9,RCC-M 1,QA1,4"x3",Φ114.3xΦ88.9,个,15.9,Kg,
SPT00560,异径三通,3.58mmx3.18mm,SS,BW,20,CP05T3019,ASME B16.9,RCC-M 2,QA1,4"x3",Φ114.3xΦ88.9,个,,Kg,
SPT00561,异径三通,SCH10SxSCH10S,SS,BW,022Cr19Ni10,CP05T3017,ASME B16.9,RCC-M 2,QA1,4"x3",Φ114.3xΦ88.9,个,3.05,Kg,
SPT00562,异径三通,SCH160xSCH160,SS,BW,P280GH,CP05T3019,ASME B16.9,RCC-M 2,QA1,4"x3",Φ114.3xΦ88.9,个,15.9,Kg,
SPT00563,异径三通,SCH40xSCH40,SS,BW,20,CP05T3019,ASME B16.9,RCC-M 2,QA1,4"x3",Φ114.3xΦ88.9,个,5.18,Kg,
SPT00564,异径三通,SCH40SxSCH40S,SS,BW,022Cr19Ni10,CP05T3017,ASME B16.9,RCC-M 2,QA1,4"x3",Φ114.3xΦ88.9,个,4.65,Kg,
SPT00565,异径三通,SCH80xSCH80,SS,BW,20,CP05T3019,ASME B16.9,RCC-M 2,QA1,4"x3",Φ114.3xΦ88.9,个,7.5,Kg,
SPT00566,异径三通,SCH80xSCH80,SS,BW,P280GH,CP05T3019,ASME B16.9,RCC-M 2,QA1,4"x3",Φ114.3xΦ88.9,个,7.5,Kg,
SPT00567,异径三通,SCH80SxSCH80S,SS,BW,022Cr19Ni10,CP05T3017,ASME B16.9,RCC-M 2,QA1,4"x3",Φ114.3xΦ88.9,个,6.8,Kg,
SPT00568,异径三通,3.58mmx3.18mm,SS,BW,20,CP05T3019,ASME B16.9,RCC-M 3,QA2,4"x3",Φ114.3xΦ88.9,个,5.18,Kg,
SPT00569,异径三通,SCH10SxSCH10S,SS,BW,022Cr19Ni10,CP05T3017,ASME B16.9,RCC-M 3,QA2,4"x3",Φ114.3xΦ88.9,个,3.05,Kg,
SPT00570,异径三通,SCH40xSCH40,SS,BW,20,CP05T3019,ASME B16.9,RCC-M 3,QA2,4"x3",Φ114.3xΦ88.9,个,5.18,Kg,
SPT00571,异径三通,SCH40SxSCH40S,SS,BW,022Cr19Ni10,CP05T3017,ASME B16.9,RCC-M 3,QA2,4"x3",Φ114.3xΦ88.9,个,4.65,Kg,
SPT00572,异径三通,3.58mmx3.18mm,SS,BW,20,CP05T3025,ASME B16.9,NA,QNCa,4"x3",Φ114.3xΦ88.9,个,5.2,Kg,
SPT00573,异径三通,SCH10SxSCH10S,SS,BW,022Cr17Ni12Mo2,CP05T3023,ASME B16.9,NA,QNCa,4"x3",Φ114.3xΦ88.9,个,3.05,Kg,
SPT00574,异径三通,SCH10SxSCH10S,SS,BW,022Cr19Ni10,CP05T3023,ASME B16.9,NA,QNCa,4"x3",Φ114.3xΦ88.9,个,3.05,Kg,
SPT00575,异径三通,SCH160xSCH160,SS,BW,022Cr19Ni10,CP05T3017,ASME B16.9,RCC-M 1,QA1,4"x3-1/2",Φ114.3xΦ101.6,个,,Kg,
SPT00576,异径三通,3.58mmx3.58mm,SS,BW,20,CP05T3019,ASME B16.9,RCC-M 2,QA1,4"x3-1/2",Φ114.3xΦ101.6,个,,Kg,
SPT00577,异径三通,SCH10SxSCH10S,SS,BW,022Cr19Ni10,CP05T3017,ASME B16.9,RCC-M 2,QA1,4"x3-1/2",Φ114.3xΦ101.6,个,3.1,Kg,
SPT00578,异径三通,SCH160xSCH160,SS,BW,P280GH,CP05T3019,ASME B16.9,RCC-M 2,QA1,4"x3-1/2",Φ114.3xΦ101.6,个,,Kg,
SPT00579,异径三通,SCH40xSCH40,SS,BW,20,CP05T3019,ASME B16.9,RCC-M 2,QA1,4"x3-1/2",Φ114.3xΦ101.6,个,5.27,Kg,
SPT00580,异径三通,SCH40SxSCH40S,SS,BW,022Cr19Ni10,CP05T3017,ASME B16.9,RCC-M 2,QA1,4"x3-1/2",Φ114.3xΦ101.6,个,4.7,Kg,
SPT00581,异径三通,SCH80xSCH80,SS,BW,20,CP05T3019,ASME B16.9,RCC-M 2,QA1,4"x3-1/2",Φ114.3xΦ101.6,个,7.5,Kg,
SPT00582,异径三通,SCH80xSCH80,SS,BW,P280GH,CP05T3019,ASME B16.9,RCC-M 2,QA1,4"x3-1/2",Φ114.3xΦ101.6,个,7.5,Kg,
SPT00583,异径三通,SCH80SxSCH80S,SS,BW,022Cr19Ni10,CP05T3017,ASME B16.9,RCC-M 2,QA1,4"x3-1/2",Φ114.3xΦ101.6,个,6.95,Kg,
SPT00584,异径三通,3.58mmx3.58mm,SS,BW,20,CP05T3019,ASME B16.9,RCC-M 3,QA2,4"x3-1/2",Φ114.3xΦ101.6,个,,Kg,
SPT00585,异径三通,SCH10SxSCH10S,SS,BW,022Cr19Ni10,CP05T3017,ASME B16.9,RCC-M 3,QA2,4"x3-1/2",Φ114.3xΦ101.6,个,3.1,Kg,
SPT00586,异径三通,SCH40xSCH40,SS,BW,20,CP05T3019,ASME B16.9,RCC-M 3,QA2,4"x3-1/2",Φ114.3xΦ101.6,个,5.27,Kg,
SPT00587,异径三通,SCH40SxSCH40S,SS,BW,022Cr19Ni10,CP05T3017,ASME B16.9,RCC-M 3,QA2,4"x3-1/2",Φ114.3xΦ101.6,个,4.7,Kg,
SPT00588,异径三通,3.58mmx3.58mm,SS,BW,20,CP05T3025,ASME B16.9,NA,QNCa,4"x3-1/2",Φ114.3xΦ101.6,个,,Kg,
SPT00589,异径三通,SCH10SxSCH10S,SS,BW,022Cr17Ni12Mo2,CP05T3023,ASME B16.9,NA,QNCa,4"x3-1/2",Φ114.3xΦ101.6,个,3.1,Kg,
SPT00590,异径三通,SCH10SxSCH10S,SS,BW,022Cr19Ni10,CP05T3023,ASME B16.9,NA,QNCa,4"x3-1/2",Φ114.3xΦ101.6,个,3.1,Kg,
SPT00591,异径三通,SCH160xSCH160,SS,BW,022Cr19Ni10,CP05T3017,ASME B16.9,RCC-M 1,QA1,5"x2",Φ141.3xΦ60.3,个,23,Kg,
SPT00592,异径三通,SCH10SxSCH10S,SS,BW,022Cr19Ni10,CP05T3017,ASME B16.9,RCC-M 2,QA1,5"x2",Φ141.3xΦ60.3,个,5.1,Kg,
SPT00593,异径三通,SCH160xSCH160,SS,BW,P280GH,CP05T3019,ASME B16.9,RCC-M 2,QA1,5"x2",Φ141.3xΦ60.3,个,23,Kg,
SPT00594,异径三通,SCH40xSCH40,SS,BW,20,CP05T3019,ASME B16.9,RCC-M 2,QA1,5"x2",Φ141.3xΦ60.3,个,7.81,Kg,
SPT00595,异径三通,SCH40SxSCH40S,SS,BW,022Cr19Ni10,CP05T3017,ASME B16.9,RCC-M 2,QA1,5"x2",Φ141.3xΦ60.3,个,7.9,Kg,
SPT00596,异径三通,SCH80xSCH80,SS,BW,20,CP05T3019,ASME B16.9,RCC-M 2,QA1,5"x2",Φ141.3xΦ60.3,个,12.1,Kg,
SPT00597,异径三通,SCH80SxSCH80S,SS,BW,022Cr19Ni10,CP05T3017,ASME B16.9,RCC-M 2,QA1,5"x2",Φ141.3xΦ60.3,个,9.5,Kg,
SPT00598,异径三通,SCH10SxSCH10S,SS,BW,022Cr19Ni10,CP05T3017,ASME B16.9,RCC-M 3,QA2,5"x2",Φ141.3xΦ60.3,个,5.1,Kg,
SPT00599,异径三通,SCH40xSCH40,SS,BW,20,CP05T3019,ASME B16.9,RCC-M 3,QA2,5"x2",Φ141.3xΦ60.3,个,7.81,Kg,
SPT00600,异径三通,SCH40SxSCH40S,SS,BW,022Cr19Ni10,CP05T3017,ASME B16.9,RCC-M 3,QA2,5"x2",Φ141.3xΦ60.3,个,7.9,Kg,
SPT00601,异径三通,SCH10SxSCH10S,SS,BW,022Cr17Ni12Mo2,CP05T3023,ASME B16.9,NA,QNCa,5"x2",Φ141.3xΦ60.3,个,5.1,Kg,
SPT00602,异径三通,SCH10SxSCH10S,SS,BW,022Cr19Ni10,CP05T3023,ASME B16.9,NA,QNCa,5"x2",Φ141.3xΦ60.3,个,5.1,Kg,
SPT00603,异径三通,SCH160xSCH160,SS,BW,022Cr19Ni10,CP05T3017,ASME B16.9,RCC-M 1,QA1,5"x2-1/2",Φ141.3xΦ73,个,23,Kg,
SPT00604,异径三通,SCH10SxSCH10S,SS,BW,022Cr19Ni10,CP05T3017,ASME B16.9,RCC-M 2,QA1,5"x2-1/2",Φ141.3xΦ73,个,5.2,Kg,
SPT00605,异径三通,SCH160xSCH160,SS,BW,P280GH,CP05T3019,ASME B16.9,RCC-M 2,QA1,5"x2-1/2",Φ141.3xΦ73,个,23,Kg,
SPT00606,异径三通,SCH40xSCH40,SS,BW,20,CP05T3019,ASME B16.9,RCC-M 2,QA1,5"x2-1/2",Φ141.3xΦ73,个,7.9,Kg,
SPT00607,异径三通,SCH40SxSCH40S,SS,BW,022Cr19Ni10,CP05T3017,ASME B16.9,RCC-M 2,QA1,5"x2-1/2",Φ141.3xΦ73,个,8,Kg,
SPT00608,异径三通,SCH80xSCH80,SS,BW,20,CP05T3019,ASME B16.9,RCC-M 2,QA1,5"x2-1/2",Φ141.3xΦ73,个,12.1,Kg,
SPT00609,异径三通,SCH80SxSCH80S,SS,BW,022Cr19Ni10,CP05T3017,ASME B16.9,RCC-M 2,QA1,5"x2-1/2",Φ141.3xΦ73,个,9.65,Kg,
SPT00610,异径三通,SCH10SxSCH10S,SS,BW,022Cr19Ni10,CP05T3017,ASME B16.9,RCC-M 3,QA2,5"x2-1/2",Φ141.3xΦ73,个,5.2,Kg,
SPT00611,异径三通,SCH40xSCH40,SS,BW,20,CP05T3019,ASME B16.9,RCC-M 3,QA2,5"x2-1/2",Φ141.3xΦ73,个,7.9,Kg,
SPT00612,异径三通,SCH40SxSCH40S,SS,BW,022Cr19Ni10,CP05T3017,ASME B16.9,RCC-M 3,QA2,5"x2-1/2",Φ141.3xΦ73,个,8,Kg,
SPT00613,异径三通,SCH10SxSCH10S,SS,BW,022Cr17Ni12Mo2,CP05T3023,ASME B16.9,NA,QNCa,5"x2-1/2",Φ141.3xΦ73,个,5.2,Kg,
SPT00614,异径三通,SCH10SxSCH10S,SS,BW,022Cr19Ni10,CP05T3023,ASME B16.9,NA,QNCa,5"x2-1/2",Φ141.3xΦ73,个,5.2,Kg,
SPT00615,异径三通,SCH160xSCH160,SS,BW,022Cr19Ni10,CP05T3017,ASME B16.9,RCC-M 1,QA1,5"x3",Φ141.3xΦ88.9,个,23,Kg,
SPT00616,异径三通,SCH10SxSCH10S,SS,BW,022Cr19Ni10,CP05T3017,ASME B16.9,RCC-M 2,QA1,5"x3",Φ141.3xΦ88.9,个,5.25,Kg,
SPT00617,异径三通,SCH160xSCH160,SS,BW,P280GH,CP05T3019,ASME B16.9,RCC-M 2,QA1,5"x3",Φ141.3xΦ88.9,个,23,Kg,
SPT00618,异径三通,SCH40xSCH40,SS,BW,20,CP05T3019,ASME B16.9,RCC-M 2,QA1,5"x3",Φ141.3xΦ88.9,个,7.99,Kg,
SPT00619,异径三通,SCH40SxSCH40S,SS,BW,022Cr19Ni10,CP05T3017,ASME B16.9,RCC-M 2,QA1,5"x3",Φ141.3xΦ88.9,个,8.1,Kg,
SPT00620,异径三通,SCH80xSCH80,SS,BW,20,CP05T3019,ASME B16.9,RCC-M 2,QA1,5"x3",Φ141.3xΦ88.9,个,12.1,Kg,
SPT00621,异径三通,SCH80SxSCH80S,SS,BW,022Cr19Ni10,CP05T3017,ASME B16.9,RCC-M 2,QA1,5"x3",Φ141.3xΦ88.9,个,9.75,Kg,
SPT00622,异径三通,SCH10SxSCH10S,SS,BW,022Cr19Ni10,CP05T3017,ASME B16.9,RCC-M 3,QA2,5"x3",Φ141.3xΦ88.9,个,5.25,Kg,
SPT00623,异径三通,SCH40xSCH40,SS,BW,20,CP05T3019,ASME B16.9,RCC-M 3,QA2,5"x3",Φ141.3xΦ88.9,个,7.99,Kg,
SPT00624,异径三通,SCH40SxSCH40S,SS,BW,022Cr19Ni10,CP05T3017,ASME B16.9,RCC-M 3,QA2,5"x3",Φ141.3xΦ88.9,个,8.1,Kg,
SPT00625,异径三通,SCH10SxSCH10S,SS,BW,022Cr17Ni12Mo2,CP05T3023,ASME B16.9,NA,QNCa,5"x3",Φ141.3xΦ88.9,个,5.25,Kg,
SPT00626,异径三通,SCH10SxSCH10S,SS,BW,022Cr19Ni10,CP05T3023,ASME B16.9,NA,QNCa,5"x3",Φ141.3xΦ88.9,个,5.25,Kg,
SPT00627,异径三通,SCH160xSCH160,SS,BW,022Cr19Ni10,CP05T3017,ASME B16.9,RCC-M 1,QA1,5"x3-1/2",Φ141.3xΦ101.6,个,,Kg,
SPT00628,异径三通,SCH10SxSCH10S,SS,BW,022Cr19Ni10,CP05T3017,ASME B16.9,RCC-M 2,QA1,5"x3-1/2",Φ141.3xΦ101.6,个,5.35,Kg,
SPT00629,异径三通,SCH160xSCH160,SS,BW,P280GH,CP05T3019,ASME B16.9,RCC-M 2,QA1,5"x3-1/2",Φ141.3xΦ101.6,个,,Kg,
SPT00630,异径三通,SCH40xSCH40,SS,BW,20,CP05T3019,ASME B16.9,RCC-M 2,QA1,5"x3-1/2",Φ141.3xΦ101.6,个,8.08,Kg,
SPT00631,异径三通,SCH40SxSCH40S,SS,BW,022Cr19Ni10,CP05T3017,ASME B16.9,RCC-M 2,QA1,5"x3-1/2",Φ141.3xΦ101.6,个,8.3,Kg,
SPT00632,异径三通,SCH80xSCH80,SS,BW,20,CP05T3019,ASME B16.9,RCC-M 2,QA1,5"x3-1/2",Φ141.3xΦ101.6,个,12.1,Kg,
SPT00633,异径三通,SCH80SxSCH80S,SS,BW,022Cr19Ni10,CP05T3017,ASME B16.9,RCC-M 2,QA1,5"x3-1/2",Φ141.3xΦ101.6,个,10,Kg,
SPT00634,异径三通,SCH10SxSCH10S,SS,BW,022Cr19Ni10,CP05T3017,ASME B16.9,RCC-M 3,QA2,5"x3-1/2",Φ141.3xΦ101.6,个,5.35,Kg,
SPT00635,异径三通,SCH40xSCH40,SS,BW,20,CP05T3019,ASME B16.9,RCC-M 3,QA2,5"x3-1/2",Φ141.3xΦ101.6,个,8.08,Kg,
SPT00636,异径三通,SCH40SxSCH40S,SS,BW,022Cr19Ni10,CP05T3017,ASME B16.9,RCC-M 3,QA2,5"x3-1/2",Φ141.3xΦ101.6,个,8.3,Kg,
SPT00637,异径三通,SCH10SxSCH10S,SS,BW,022Cr17Ni12Mo2,CP05T3023,ASME B16.9,NA,QNCa,5"x3-1/2",Φ141.3xΦ101.6,个,5.35,Kg,
SPT00638,异径三通,SCH10SxSCH10S,SS,BW,022Cr19Ni10,CP05T3023,ASME B16.9,NA,QNCa,5"x3-1/2",Φ141.3xΦ101.6,个,5.35,Kg,
SPT00639,异径三通,SCH160xSCH160,SS,BW,022Cr19Ni10,CP05T3017,ASME B16.9,RCC-M 1,QA1,5"x4",Φ141.3xΦ114.3,个,23,Kg,
SPT00640,异径三通,SCH10SxSCH10S,SS,BW,022Cr19Ni10,CP05T3017,ASME B16.9,RCC-M 2,QA1,5"x4",Φ141.3xΦ114.3,个,5.5,Kg,
SPT00641,异径三通,SCH160xSCH160,SS,BW,P280GH,CP05T3019,ASME B16.9,RCC-M 2,QA1,5"x4",Φ141.3xΦ114.3,个,23,Kg,
SPT00642,异径三通,SCH40xSCH40,SS,BW,20,CP05T3019,ASME B16.9,RCC-M 2,QA1,5"x4",Φ141.3xΦ114.3,个,8.22,Kg,
SPT00643,异径三通,SCH40SxSCH40S,SS,BW,022Cr19Ni10,CP05T3017,ASME B16.9,RCC-M 2,QA1,5"x4",Φ141.3xΦ114.3,个,8.5,Kg,
SPT00644,异径三通,SCH80xSCH80,SS,BW,20,CP05T3019,ASME B16.9,RCC-M 2,QA1,5"x4",Φ141.3xΦ114.3,个,12.1,Kg,
SPT00645,异径三通,SCH80SxSCH80S,SS,BW,022Cr19Ni10,CP05T3017,ASME B16.9,RCC-M 2,QA1,5"x4",Φ141.3xΦ114.3,个,10.2,Kg,
SPT00646,异径三通,SCH10SxSCH10S,SS,BW,022Cr19Ni10,CP05T3017,ASME B16.9,RCC-M 3,QA2,5"x4",Φ141.3xΦ114.3,个,5.5,Kg,
SPT00647,异径三通,SCH40xSCH40,SS,BW,20,CP05T3019,ASME B16.9,RCC-M 3,QA2,5"x4",Φ141.3xΦ114.3,个,8.22,Kg,
SPT00648,异径三通,SCH40SxSCH40S,SS,BW,022Cr19Ni10,CP05T3017,ASME B16.9,RCC-M 3,QA2,5"x4",Φ141.3xΦ114.3,个,8.5,Kg,
SPT00649,异径三通,SCH10SxSCH10S,SS,BW,022Cr17Ni12Mo2,CP05T3023,ASME B16.9,NA,QNCa,5"x4",Φ141.3xΦ114.3,个,5.5,Kg,
SPT00650,异径三通,SCH10SxSCH10S,SS,BW,022Cr19Ni10,CP05T3023,ASME B16.9,NA,QNCa,5"x4",Φ141.3xΦ114.3,个,5.5,Kg,
SPT00651,异径三通,SCH160xSCH160,SS,BW,022Cr19Ni10,CP05T3017,ASME B16.9,RCC-M 1,QA1,6"x2-1/2",Φ168.3xΦ73,个,29,Kg,
SPT00652,异径三通,4.37mmx3.18mm,SS,BW,20,CP05T3019,ASME B16.9,RCC-M 2,QA1,6"x2-1/2",Φ168.3xΦ73,个,,Kg,
SPT00653,异径三通,SCH10SxSCH10S,SS,BW,022Cr19Ni10,CP05T3017,ASME B16.9,RCC-M 2,QA1,6"x2-1/2",Φ168.3xΦ73,个,6.75,Kg,
SPT00654,异径三通,SCH120xSCH80,SS,BW,P280GH,CP05T3019,ASME B16.9,RCC-M 2,QA1,6"x2-1/2",Φ168.3xΦ73,个,,Kg,
SPT00655,异径三通,SCH160xSCH160,SS,BW,P280GH,CP05T3019,ASME B16.9,RCC-M 2,QA1,6"x2-1/2",Φ168.3xΦ73,个,29,Kg,
SPT00656,异径三通,SCH40xSCH40,SS,BW,20,CP05T3019,ASME B16.9,RCC-M 2,QA1,6"x2-1/2",Φ168.3xΦ73,个,16,Kg,
SPT00657,异径三通,SCH40SxSCH40S,SS,BW,022Cr19Ni10,CP05T3017,ASME B16.9,RCC-M 2,QA1,6"x2-1/2",Φ168.3xΦ73,个,11.7,Kg,
SPT00658,异径三通,SCH80xSCH80,SS,BW,20,CP05T3019,ASME B16.9,RCC-M 2,QA1,6"x2-1/2",Φ168.3xΦ73,个,18,Kg,
SPT00659,异径三通,SCH80SxSCH80S,SS,BW,022Cr19Ni10,CP05T3017,ASME B16.9,RCC-M 2,QA1,6"x2-1/2",Φ168.3xΦ73,个,11.4,Kg,
SPT00660,异径三通,4.37mmx3.18mm,SS,BW,20,CP05T3019,ASME B16.9,RCC-M 3,QA2,6"x2-1/2",Φ168.3xΦ73,个,,Kg,
SPT00661,异径三通,SCH10SxSCH10S,SS,BW,022Cr19Ni10,CP05T3017,ASME B16.9,RCC-M 3,QA2,6"x2-1/2",Φ168.3xΦ73,个,6.75,Kg,
SPT00662,异径三通,SCH40xSCH40,SS,BW,20,CP05T3019,ASME B16.9,RCC-M 3,QA2,6"x2-1/2",Φ168.3xΦ73,个,16,Kg,
SPT00663,异径三通,SCH40SxSCH40S,SS,BW,022Cr19Ni10,CP05T3017,ASME B16.9,RCC-M 3,QA2,6"x2-1/2",Φ168.3xΦ73,个,11.7,Kg,
SPT00664,异径三通,4.37mmx3.18mm,SS,BW,20,CP05T3025,ASME B16.9,NA,QNCa,6"x2-1/2",Φ168.3xΦ73,个,,Kg,
SPT00665,异径三通,SCH10SxSCH10S,SS,BW,022Cr17Ni12Mo2,CP05T3023,ASME B16.9,NA,QNCa,6"x2-1/2",Φ168.3xΦ73,个,6.75,Kg,
SPT00666,异径三通,SCH10SxSCH10S,SS,BW,022Cr19Ni10,CP05T3023,ASME B16.9,NA,QNCa,6"x2-1/2",Φ168.3xΦ73,个,6.75,Kg,
SPT00667,异径三通,SCH160xSCH160,SS,BW,022Cr19Ni10,CP05T3017,ASME B16.9,RCC-M 1,QA1,6"x3",Φ168.3xΦ88.9,个,30,Kg,
SPT00668,异径三通,4.37mmx3.18mm,SS,BW,20,CP05T3019,ASME B16.9,RCC-M 2,QA1,6"x3",Φ168.3xΦ88.9,个,,Kg,
SPT00669,异径三通,SCH10SxSCH10S,SS,BW,022Cr19Ni10,CP05T3017,ASME B16.9,RCC-M 2,QA1,6"x3",Φ168.3xΦ88.9,个,6.85,Kg,
SPT00670,异径三通,SCH120xSCH80,SS,BW,P280GH,CP05T3019,ASME B16.9,RCC-M 2,QA1,6"x3",Φ168.3xΦ88.9,个,29,Kg,
SPT00671,异径三通,SCH160xSCH160,SS,BW,P280GH,CP05T3019,ASME B16.9,RCC-M 2,QA1,6"x3",Φ168.3xΦ88.9,个,30,Kg,
SPT00672,异径三通,SCH40xSCH40,SS,BW,20,CP05T3019,ASME B16.9,RCC-M 2,QA1,6"x3",Φ168.3xΦ88.9,个,16,Kg,
SPT00673,异径三通,SCH40SxSCH40S,SS,BW,022Cr19Ni10,CP05T3017,ASME B16.9,RCC-M 2,QA1,6"x3",Φ168.3xΦ88.9,个,11.9,Kg,
SPT00674,异径三通,SCH80xSCH80,SS,BW,20,CP05T3019,ASME B16.9,RCC-M 2,QA1,6"x3",Φ168.3xΦ88.9,个,18,Kg,
SPT00675,异径三通,SCH80SxSCH80S,SS,BW,022Cr19Ni10,CP05T3017,ASME B16.9,RCC-M 2,QA1,6"x3",Φ168.3xΦ88.9,个,11.5,Kg,
SPT00676,异径三通,4.37mmx3.18mm,SS,BW,20,CP05T3019,ASME B16.9,RCC-M 3,QA2,6"x3",Φ168.3xΦ88.9,个,16.6,Kg,
SPT00677,异径三通,SCH10SxSCH10S,SS,BW,022Cr19Ni10,CP05T3017,ASME B16.9,RCC-M 3,QA2,6"x3",Φ168.3xΦ88.9,个,6.85,Kg,
SPT00678,异径三通,SCH40xSCH40,SS,BW,20,CP05T3019,ASME B16.9,RCC-M 3,QA2,6"x3",Φ168.3xΦ88.9,个,16,Kg,
SPT00679,异径三通,SCH40SxSCH40S,SS,BW,022Cr19Ni10,CP05T3017,ASME B16.9,RCC-M 3,QA2,6"x3",Φ168.3xΦ88.9,个,11.9,Kg,
SPT00680,异径三通,4.37mmx3.18mm,SS,BW,20,CP05T3025,ASME B16.9,NA,QNCa,6"x3",Φ168.3xΦ88.9,个,16,Kg,
SPT00681,异径三通,SCH10SxSCH10S,SS,BW,022Cr17Ni12Mo2,CP05T3023,ASME B16.9,NA,QNCa,6"x3",Φ168.3xΦ88.9,个,6.85,Kg,
SPT00682,异径三通,SCH10SxSCH10S,SS,BW,022Cr19Ni10,CP05T3023,ASME B16.9,NA,QNCa,6"x3",Φ168.3xΦ88.9,个,6.85,Kg,
SPT00683,异径三通,SCH160xSCH160,SS,BW,022Cr19Ni10,CP05T3017,ASME B16.9,RCC-M 1,QA1,6"x3-1/2",Φ168.3xΦ101.6,个,,Kg,
SPT00684,异径三通,4.37mmx3.58mm,SS,BW,20,CP05T3019,ASME B16.9,RCC-M 2,QA1,6"x3-1/2",Φ168.3xΦ101.6,个,,Kg,
SPT00685,异径三通,SCH10SxSCH10S,SS,BW,022Cr19Ni10,CP05T3017,ASME B16.9,RCC-M 2,QA1,6"x3-1/2",Φ168.3xΦ101.6,个,6.95,Kg,
SPT00686,异径三通,SCH120xSCH80,SS,BW,P280GH,CP05T3019,ASME B16.9,RCC-M 2,QA1,6"x3-1/2",Φ168.3xΦ101.6,个,,Kg,
SPT00687,异径三通,SCH160xSCH160,SS,BW,P280GH,CP05T3019,ASME B16.9,RCC-M 2,QA1,6"x3-1/2",Φ168.3xΦ101.6,个,,Kg,
SPT00688,异径三通,SCH40xSCH40,SS,BW,20,CP05T3019,ASME B16.9,RCC-M 2,QA1,6"x3-1/2",Φ168.3xΦ101.6,个,16,Kg,
SPT00689,异径三通,SCH40SxSCH40S,SS,BW,022Cr19Ni10,CP05T3017,ASME B16.9,RCC-M 2,QA1,6"x3-1/2",Φ168.3xΦ101.6,个,12,Kg,
SPT00690,异径三通,SCH80xSCH80,SS,BW,20,CP05T3019,ASME B16.9,RCC-M 2,QA1,6"x3-1/2",Φ168.3xΦ101.6,个,18,Kg,
SPT00691,异径三通,SCH80SxSCH80S,SS,BW,022Cr19Ni10,CP05T3017,ASME B16.9,RCC-M 2,QA1,6"x3-1/2",Φ168.3xΦ101.6,个,11.7,Kg,
SPT00692,异径三通,4.37mmx3.58mm,SS,BW,20,CP05T3019,ASME B16.9,RCC-M 3,QA2,6"x3-1/2",Φ168.3xΦ101.6,个,,Kg,
SPT00693,异径三通,SCH10SxSCH10S,SS,BW,022Cr19Ni10,CP05T3017,ASME B16.9,RCC-M 3,QA2,6"x3-1/2",Φ168.3xΦ101.6,个,6.95,Kg,
SPT00694,异径三通,SCH40xSCH40,SS,BW,20,CP05T3019,ASME B16.9,RCC-M 3,QA2,6"x3-1/2",Φ168.3xΦ101.6,个,16,Kg,
SPT00695,异径三通,SCH40SxSCH40S,SS,BW,022Cr19Ni10,CP05T3017,ASME B16.9,RCC-M 3,QA2,6"x3-1/2",Φ168.3xΦ101.6,个,12,Kg,
SPT00696,异径三通,4.37mmx3.58mm,SS,BW,20,CP05T3025,ASME B16.9,NA,QNCa,6"x3-1/2",Φ168.3xΦ101.6,个,,Kg,
SPT00697,异径三通,SCH10SxSCH10S,SS,BW,022Cr17Ni12Mo2,CP05T3023,ASME B16.9,NA,QNCa,6"x3-1/2",Φ168.3xΦ101.6,个,6.95,Kg,
SPT00698,异径三通,SCH10SxSCH10S,SS,BW,022Cr19Ni10,CP05T3023,ASME B16.9,NA,QNCa,6"x3-1/2",Φ168.3xΦ101.6,个,6.95,Kg,
SPT00699,异径三通,SCH160xSCH160,SS,BW,022Cr19Ni10,CP05T3017,ASME B16.9,RCC-M 1,QA1,6"x4",Φ168.3xΦ114.3,个,30,Kg,
SPT00700,异径三通,4.37mmx3.58mm,SS,BW,20,CP05T3019,ASME B16.9,RCC-M 2,QA1,6"x4",Φ168.3xΦ114.3,个,,Kg,
SPT00701,异径三通,SCH10SxSCH10S,SS,BW,022Cr19Ni10,CP05T3017,ASME B16.9,RCC-M 2,QA1,6"x4",Φ168.3xΦ114.3,个,7.1,Kg,
SPT00702,异径三通,SCH120xSCH80,SS,BW,P280GH,CP05T3019,ASME B16.9,RCC-M 2,QA1,6"x4",Φ168.3xΦ114.3,个,29,Kg,
SPT00703,异径三通,SCH160xSCH160,SS,BW,P280GH,CP05T3019,ASME B16.9,RCC-M 2,QA1,6"x4",Φ168.3xΦ114.3,个,30,Kg,
SPT00704,异径三通,SCH40xSCH40,SS,BW,20,CP05T3019,ASME B16.9,RCC-M 2,QA1,6"x4",Φ168.3xΦ114.3,个,16,Kg,
SPT00705,异径三通,SCH40SxSCH40S,SS,BW,022Cr19Ni10,CP05T3017,ASME B16.9,RCC-M 2,QA1,6"x4",Φ168.3xΦ114.3,个,12.1,Kg,
SPT00706,异径三通,SCH80xSCH80,SS,BW,20,CP05T3019,ASME B16.9,RCC-M 2,QA1,6"x4",Φ168.3xΦ114.3,个,18,Kg,
SPT00707,异径三通,SCH80SxSCH80S,SS,BW,022Cr19Ni10,CP05T3017,ASME B16.9,RCC-M 2,QA1,6"x4",Φ168.3xΦ114.3,个,12,Kg,
SPT00708,异径三通,4.37mmx3.58mm,SS,BW,20,CP05T3019,ASME B16.9,RCC-M 3,QA2,6"x4",Φ168.3xΦ114.3,个,16.6,Kg,
SPT00709,异径三通,SCH10SxSCH10S,SS,BW,022Cr19Ni10,CP05T3017,ASME B16.9,RCC-M 3,QA2,6"x4",Φ168.3xΦ114.3,个,7.1,Kg,
SPT00710,异径三通,SCH40xSCH40,SS,BW,20,CP05T3019,ASME B16.9,RCC-M 3,QA2,6"x4",Φ168.3xΦ114.3,个,16,Kg,
SPT00711,异径三通,SCH40SxSCH40S,SS,BW,022Cr19Ni10,CP05T3017,ASME B16.9,RCC-M 3,QA2,6"x4",Φ168.3xΦ114.3,个,12.1,Kg,
SPT00712,异径三通,4.37mmx3.58mm,SS,BW,20,CP05T3025,ASME B16.9,NA,QNCa,6"x4",Φ168.3xΦ114.3,个,16,Kg,
SPT00713,异径三通,SCH10SxSCH10S,SS,BW,022Cr17Ni12Mo2,CP05T3023,ASME B16.9,NA,QNCa,6"x4",Φ168.3xΦ114.3,个,7.1,Kg,
SPT00714,异径三通,SCH10SxSCH10S,SS,BW,022Cr19Ni10,CP05T3023,ASME B16.9,NA,QNCa,6"x4",Φ168.3xΦ114.3,个,7.1,Kg,
SPT00715,异径三通,SCH160xSCH160,SS,BW,022Cr19Ni10,CP05T3017,ASME B16.9,RCC-M 1,QA1,6"x5",Φ168.3xΦ141.3,个,30,Kg,
SPT00716,异径三通,4.37mmx4.37mm,SS,BW,20,CP05T3019,ASME B16.9,RCC-M 2,QA1,6"x5",Φ168.3xΦ141.3,个,,Kg,
SPT00717,异径三通,SCH10SxSCH10S,SS,BW,022Cr19Ni10,CP05T3017,ASME B16.9,RCC-M 2,QA1,6"x5",Φ168.3xΦ141.3,个,7.25,Kg,
SPT00718,异径三通,SCH120xSCH120,SS,BW,P280GH,CP05T3019,ASME B16.9,RCC-M 2,QA1,6"x5",Φ168.3xΦ141.3,个,29,Kg,
SPT00719,异径三通,SCH160xSCH160,SS,BW,P280GH,CP05T3019,ASME B16.9,RCC-M 2,QA1,6"x5",Φ168.3xΦ141.3,个,30,Kg,
SPT00720,异径三通,SCH40xSCH40,SS,BW,20,CP05T3019,ASME B16.9,RCC-M 2,QA1,6"x5",Φ168.3xΦ141.3,个,16,Kg,
SPT00721,异径三通,SCH40SxSCH40S,SS,BW,022Cr19Ni10,CP05T3017,ASME B16.9,RCC-M 2,QA1,6"x5",Φ168.3xΦ141.3,个,12.3,Kg,
SPT00722,异径三通,SCH80xSCH80,SS,BW,20,CP05T3019,ASME B16.9,RCC-M 2,QA1,6"x5",Φ168.3xΦ141.3,个,18,Kg,
SPT00723,异径三通,SCH80SxSCH80S,SS,BW,022Cr19Ni10,CP05T3017,ASME B16.9,RCC-M 2,QA1,6"x5",Φ168.3xΦ141.3,个,12.2,Kg,
SPT00724,异径三通,4.37mmx4.37mm,SS,BW,20,CP05T3019,ASME B16.9,RCC-M 3,QA2,6"x5",Φ168.3xΦ141.3,个,,Kg,
SPT00725,异径三通,SCH10SxSCH10S,SS,BW,022Cr19Ni10,CP05T3017,ASME B16.9,RCC-M 3,QA2,6"x5",Φ168.3xΦ141.3,个,7.25,Kg,
SPT00726,异径三通,SCH40xSCH40,SS,BW,20,CP05T3019,ASME B16.9,RCC-M 3,QA2,6"x5",Φ168.3xΦ141.3,个,16,Kg,
SPT00727,异径三通,SCH40SxSCH40S,SS,BW,022Cr19Ni10,CP05T3017,ASME B16.9,RCC-M 3,QA2,6"x5",Φ168.3xΦ141.3,个,12.3,Kg,
SPT00728,异径三通,4.37mmx3.96mm,SS,BW,20,CP05T3025,ASME B16.9,NA,QNCa,6"x5",Φ168.3xΦ141.3,个,,Kg,
SPT00729,异径三通,SCH10SxSCH10S,SS,BW,022Cr17Ni12Mo2,CP05T3023,ASME B16.9,NA,QNCa,6"x5",Φ168.3xΦ141.3,个,7.25,Kg,
SPT00730,异径三通,SCH10SxSCH10S,SS,BW,022Cr19Ni10,CP05T3023,ASME B16.9,NA,QNCa,6"x5",Φ168.3xΦ141.3,个,7.25,Kg,
SPT00731,异径三通,SCH160xSCH160,SS,BW,022Cr19Ni10,CP05T3017,ASME B16.9,RCC-M 1,QA1,8"x3",Φ219.1xΦ88.9,个,,Kg,
SPT00732,异径三通,SCH10SxSCH10S,SS,BW,022Cr19Ni10,CP05T3017,ASME B16.9,RCC-M 2,QA1,8"x3",Φ219.1xΦ88.9,个,,Kg,
SPT00733,异径三通,SCH120xSCH80,SS,BW,P280GH,CP05T3019,ASME B16.9,RCC-M 2,QA1,8"x3",Φ219.1xΦ88.9,个,,Kg,
SPT00734,异径三通,SCH160xSCH160,SS,BW,P280GH,CP05T3019,ASME B16.9,RCC-M 2,QA1,8"x3",Φ219.1xΦ88.9,个,,Kg,
SPT00735,异径三通,SCH20x3.18mm,SS,BW,20,CP05T3019,ASME B16.9,RCC-M 2,QA1,8"x3",Φ219.1xΦ88.9,个,,Kg,
SPT00736,异径三通,SCH40xSCH40,SS,BW,20,CP05T3019,ASME B16.9,RCC-M 2,QA1,8"x3",Φ219.1xΦ88.9,个,,Kg,
SPT00737,异径三通,SCH40SxSCH40S,SS,BW,022Cr19Ni10,CP05T3017,ASME B16.9,RCC-M 2,QA1,8"x3",Φ219.1xΦ88.9,个,,Kg,
SPT00738,异径三通,SCH80xSCH80,SS,BW,20,CP05T3019,ASME B16.9,RCC-M 2,QA1,8"x3",Φ219.1xΦ88.9,个,,Kg,
SPT00739,异径三通,SCH80SxSCH80S,SS,BW,022Cr19Ni10,CP05T3017,ASME B16.9,RCC-M 2,QA1,8"x3",Φ219.1xΦ88.9,个,,Kg,
SPT00740,异径三通,SCH10SxSCH10S,SS,BW,022Cr19Ni10,CP05T3017,ASME B16.9,RCC-M 3,QA2,8"x3",Φ219.1xΦ88.9,个,,Kg,
SPT00741,异径三通,SCH20x3.18mm,SS,BW,20,CP05T3019,ASME B16.9,RCC-M 3,QA2,8"x3",Φ219.1xΦ88.9,个,,Kg,
SPT00742,异径三通,SCH40xSCH40,SS,BW,20,CP05T3019,ASME B16.9,RCC-M 3,QA2,8"x3",Φ219.1xΦ88.9,个,,Kg,
SPT00743,异径三通,SCH40SxSCH40S,SS,BW,022Cr19Ni10,CP05T3017,ASME B16.9,RCC-M 3,QA2,8"x3",Φ219.1xΦ88.9,个,,Kg,
SPT00744,异径三通,SCH10SxSCH10S,SS,BW,022Cr17Ni12Mo2,CP05T3023,ASME B16.9,NA,QNCa,8"x3",Φ219.1xΦ88.9,个,,Kg,
SPT00745,异径三通,SCH10SxSCH10S,SS,BW,022Cr19Ni10,CP05T3023,ASME B16.9,NA,QNCa,8"x3",Φ219.1xΦ88.9,个,,Kg,
SPT00746,异径三通,SCH20x3.18mm,SS,BW,20,CP05T3025,ASME B16.9,NA,QNCa,8"x3",Φ219.1xΦ88.9,个,28,Kg,
SPT00747,异径三通,SCH160xSCH160,SS,BW,022Cr19Ni10,CP05T3017,ASME B16.9,RCC-M 1,QA1,8"x3-1/2",Φ219.1xΦ101.6,个,,Kg,
SPT00748,异径三通,SCH10SxSCH10S,SS,BW,022Cr19Ni10,CP05T3017,ASME B16.9,RCC-M 2,QA1,8"x3-1/2",Φ219.1xΦ101.6,个,13.3,Kg,
SPT00749,异径三通,SCH120xSCH80,SS,BW,P280GH,CP05T3019,ASME B16.9,RCC-M 2,QA1,8"x3-1/2",Φ219.1xΦ101.6,个,44,Kg,
SPT00750,异径三通,SCH160xSCH160,SS,BW,P280GH,CP05T3019,ASME B16.9,RCC-M 2,QA1,8"x3-1/2",Φ219.1xΦ101.6,个,,Kg,
SPT00751,异径三通,SCH20x3.58mm,SS,BW,20,CP05T3019,ASME B16.9,RCC-M 2,QA1,8"x3-1/2",Φ219.1xΦ101.6,个,,Kg,
SPT00752,异径三通,SCH40xSCH40,SS,BW,20,CP05T3019,ASME B16.9,RCC-M 2,QA1,8"x3-1/2",Φ219.1xΦ101.6,个,28,Kg,
SPT00753,异径三通,SCH40SxSCH40S,SS,BW,022Cr19Ni10,CP05T3017,ASME B16.9,RCC-M 2,QA1,8"x3-1/2",Φ219.1xΦ101.6,个,17.8,Kg,
SPT00754,异径三通,SCH80xSCH80,SS,BW,20,CP05T3019,ASME B16.9,RCC-M 2,QA1,8"x3-1/2",Φ219.1xΦ101.6,个,34,Kg,
SPT00755,异径三通,SCH80SxSCH80S,SS,BW,022Cr19Ni10,CP05T3017,ASME B16.9,RCC-M 2,QA1,8"x3-1/2",Φ219.1xΦ101.6,个,23.9,Kg,
SPT00756,异径三通,SCH10SxSCH10S,SS,BW,022Cr19Ni10,CP05T3017,ASME B16.9,RCC-M 3,QA2,8"x3-1/2",Φ219.1xΦ101.6,个,13.3,Kg,
SPT00757,异径三通,SCH20x3.58mm,SS,BW,20,CP05T3019,ASME B16.9,RCC-M 3,QA2,8"x3-1/2",Φ219.1xΦ101.6,个,,Kg,
SPT00758,异径三通,SCH40xSCH40,SS,BW,20,CP05T3019,ASME B16.9,RCC-M 3,QA2,8"x3-1/2",Φ219.1xΦ101.6,个,28,Kg,
SPT00759,异径三通,SCH40SxSCH40S,SS,BW,022Cr19Ni10,CP05T3017,ASME B16.9,RCC-M 3,QA2,8"x3-1/2",Φ219.1xΦ101.6,个,17.8,Kg,
SPT00760,异径三通,SCH10SxSCH10S,SS,BW,022Cr17Ni12Mo2,CP05T3023,ASME B16.9,NA,QNCa,8"x3-1/2",Φ219.1xΦ101.6,个,13.3,Kg,
SPT00761,异径三通,SCH10SxSCH10S,SS,BW,022Cr19Ni10,CP05T3023,ASME B16.9,NA,QNCa,8"x3-1/2",Φ219.1xΦ101.6,个,13.3,Kg,
SPT00762,异径三通,SCH20x3.58mm,SS,BW,20,CP05T3025,ASME B16.9,NA,QNCa,8"x3-1/2",Φ219.1xΦ101.6,个,,Kg,
SPT00763,异径三通,SCH160xSCH160,SS,BW,022Cr19Ni10,CP05T3017,ASME B16.9,RCC-M 1,QA1,8"x4",Φ219.1xΦ114.3,个,49,Kg,
SPT00764,异径三通,SCH10SxSCH10S,SS,BW,022Cr19Ni10,CP05T3017,ASME B16.9,RCC-M 2,QA1,8"x4",Φ219.1xΦ114.3,个,13.4,Kg,
SPT00765,异径三通,SCH120xSCH80,SS,BW,P280GH,CP05T3019,ASME B16.9,RCC-M 2,QA1,8"x4",Φ219.1xΦ114.3,个,44,Kg,
SPT00766,异径三通,SCH160xSCH160,SS,BW,P280GH,CP05T3019,ASME B16.9,RCC-M 2,QA1,8"x4",Φ219.1xΦ114.3,个,49,Kg,
SPT00767,异径三通,SCH20x3.58mm,SS,BW,20,CP05T3019,ASME B16.9,RCC-M 2,QA1,8"x4",Φ219.1xΦ114.3,个,,Kg,
SPT00768,异径三通,SCH40xSCH40,SS,BW,20,CP05T3019,ASME B16.9,RCC-M 2,QA1,8"x4",Φ219.1xΦ114.3,个,28,Kg,
SPT00769,异径三通,SCH40SxSCH40S,SS,BW,022Cr19Ni10,CP05T3017,ASME B16.9,RCC-M 2,QA1,8"x4",Φ219.1xΦ114.3,个,10,Kg,
SPT00770,异径三通,SCH80xSCH80,SS,BW,20,CP05T3019,ASME B16.9,RCC-M 2,QA1,8"x4",Φ219.1xΦ114.3,个,34,Kg,
SPT00771,异径三通,SCH80SxSCH80S,SS,BW,022Cr19Ni10,CP05T3017,ASME B16.9,RCC-M 2,QA1,8"x4",Φ219.1xΦ114.3,个,24.2,Kg,
SPT00772,异径三通,SCH10SxSCH10S,SS,BW,022Cr19Ni10,CP05T3017,ASME B16.9,RCC-M 3,QA2,8"x4",Φ219.1xΦ114.3,个,13.4,Kg,
SPT00773,异径三通,SCH20x3.58mm,SS,BW,20,CP05T3019,ASME B16.9,RCC-M 3,QA2,8"x4",Φ219.1xΦ114.3,个,,Kg,
SPT00774,异径三通,SCH40xSCH40,SS,BW,20,CP05T3019,ASME B16.9,RCC-M 3,QA2,8"x4",Φ219.1xΦ114.3,个,28,Kg,
SPT00775,异径三通,SCH40SxSCH40S,SS,BW,022Cr19Ni10,CP05T3017,ASME B16.9,RCC-M 3,QA2,8"x4",Φ219.1xΦ114.3,个,18,Kg,
SPT00776,异径三通,SCH10SxSCH10S,SS,BW,022Cr17Ni12Mo2,CP05T3023,ASME B16.9,NA,QNCa,8"x4",Φ219.1xΦ114.3,个,13.4,Kg,
SPT00777,异径三通,SCH10SxSCH10S,SS,BW,022Cr19Ni10,CP05T3023,ASME B16.9,NA,QNCa,8"x4",Φ219.1xΦ114.3,个,13.4,Kg,
SPT00778,异径三通,SCH20x3.58mm,SS,BW,20,CP05T3025,ASME B16.9,NA,QNCa,8"x4",Φ219.1xΦ114.3,个,28,Kg,
SPT00779,异径三通,SCH160xSCH160,SS,BW,022Cr19Ni10,CP05T3017,ASME B16.9,RCC-M 1,QA1,8"x5",Φ219.1xΦ141.3,个,52,Kg,
SPT00780,异径三通,SCH10SxSCH10S,SS,BW,022Cr19Ni10,CP05T3017,ASME B16.9,RCC-M 2,QA1,8"x5",Φ219.1xΦ141.3,个,13.7,Kg,
SPT00781,异径三通,SCH120xSCH120,SS,BW,P280GH,CP05T3019,ASME B16.9,RCC-M 2,QA1,8"x5",Φ219.1xΦ141.3,个,44,Kg,
SPT00782,异径三通,SCH160xSCH160,SS,BW,P280GH,CP05T3019,ASME B16.9,RCC-M 2,QA1,8"x5",Φ219.1xΦ141.3,个,52,Kg,
SPT00783,异径三通,SCH20x4.37mm,SS,BW,20,CP05T3019,ASME B16.9,RCC-M 2,QA1,8"x5",Φ219.1xΦ141.3,个,,Kg,
SPT00784,异径三通,SCH40xSCH40,SS,BW,20,CP05T3019,ASME B16.9,RCC-M 2,QA1,8"x5",Φ219.1xΦ141.3,个,28,Kg,
SPT00785,异径三通,SCH40SxSCH40S,SS,BW,022Cr19Ni10,CP05T3017,ASME B16.9,RCC-M 2,QA1,8"x5",Φ219.1xΦ141.3,个,18.4,Kg,
SPT00786,异径三通,SCH80xSCH80,SS,BW,20,CP05T3019,ASME B16.9,RCC-M 2,QA1,8"x5",Φ219.1xΦ141.3,个,34,Kg,
SPT00787,异径三通,SCH80SxSCH80S,SS,BW,022Cr19Ni10,CP05T3017,ASME B16.9,RCC-M 2,QA1,8"x5",Φ219.1xΦ141.3,个,24.7,Kg,
SPT00788,异径三通,SCH10SxSCH10S,SS,BW,022Cr19Ni10,CP05T3017,ASME B16.9,RCC-M 3,QA2,8"x5",Φ219.1xΦ141.3,个,13.7,Kg,
SPT00789,异径三通,SCH20x4.37mm,SS,BW,20,CP05T3019,ASME B16.9,RCC-M 3,QA2,8"x5",Φ219.1xΦ141.3,个,,Kg,
SPT00790,异径三通,SCH40xSCH40,SS,BW,20,CP05T3019,ASME B16.9,RCC-M 3,QA2,8"x5",Φ219.1xΦ141.3,个,28,Kg,
SPT00791,异径三通,SCH40SxSCH40S,SS,BW,022Cr19Ni10,CP05T3017,ASME B16.9,RCC-M 3,QA2,8"x5",Φ219.1xΦ141.3,个,18.4,Kg,
SPT00792,异径三通,SCH10SxSCH10S,SS,BW,022Cr17Ni12Mo2,CP05T3023,ASME B16.9,NA,QNCa,8"x5",Φ219.1xΦ141.3,个,13.7,Kg,
SPT00793,异径三通,SCH10SxSCH10S,SS,BW,022Cr19Ni10,CP05T3023,ASME B16.9,NA,QNCa,8"x5",Φ219.1xΦ141.3,个,13.7,Kg,
SPT00794,异径三通,SCH20x3.96mm,SS,BW,20,CP05T3025,ASME B16.9,NA,QNCa,8"x5",Φ219.1xΦ141.3,个,,Kg,
SPT00795,异径三通,SCH160xSCH160,SS,BW,022Cr19Ni10,CP05T3017,ASME B16.9,RCC-M 1,QA1,8"x6",Φ219.1xΦ168.3,个,52,Kg,
SPT00796,异径三通,SCH10SxSCH10S,SS,BW,022Cr19Ni10,CP05T3017,ASME B16.9,RCC-M 2,QA1,8"x6",Φ219.1xΦ168.3,个,14,Kg,
SPT00797,异径三通,SCH120xSCH120,SS,BW,P280GH,CP05T3019,ASME B16.9,RCC-M 2,QA1,8"x6",Φ219.1xΦ168.3,个,52,Kg,
SPT00798,异径三通,SCH160xSCH160,SS,BW,P280GH,CP05T3019,ASME B16.9,RCC-M 2,QA1,8"x6",Φ219.1xΦ168.3,个,52,Kg,
SPT00799,异径三通,SCH20x4.37mm,SS,BW,20,CP05T3019,ASME B16.9,RCC-M 2,QA1,8"x6",Φ219.1xΦ168.3,个,,Kg,
SPT00800,异径三通,SCH40xSCH40,SS,BW,20,CP05T3019,ASME B16.9,RCC-M 2,QA1,8"x6",Φ219.1xΦ168.3,个,28,Kg,
SPT00801,异径三通,SCH40SxSCH40S,SS,BW,022Cr19Ni10,CP05T3017,ASME B16.9,RCC-M 2,QA1,8"x6",Φ219.1xΦ168.3,个,18.8,Kg,
SPT00802,异径三通,SCH80xSCH80,SS,BW,20,CP05T3019,ASME B16.9,RCC-M 2,QA1,8"x6",Φ219.1xΦ168.3,个,34,Kg,
SPT00803,异径三通,SCH80SxSCH80S,SS,BW,022Cr19Ni10,CP05T3017,ASME B16.9,RCC-M 2,QA1,8"x6",Φ219.1xΦ168.3,个,25.3,Kg,
SPT00804,异径三通,SCH10SxSCH10S,SS,BW,022Cr19Ni10,CP05T3017,ASME B16.9,RCC-M 3,QA2,8"x6",Φ219.1xΦ168.3,个,14,Kg,
SPT00805,异径三通,SCH20x4.37mm,SS,BW,20,CP05T3019,ASME B16.9,RCC-M 3,QA2,8"x6",Φ219.1xΦ168.3,个,21,Kg,
SPT00806,异径三通,SCH40xSCH40,SS,BW,20,CP05T3019,ASME B16.9,RCC-M 3,QA2,8"x6",Φ219.1xΦ168.3,个,28,Kg,
SPT00807,异径三通,SCH40SxSCH40S,SS,BW,022Cr19Ni10,CP05T3017,ASME B16.9,RCC-M 3,QA2,8"x6",Φ219.1xΦ168.3,个,18.8,Kg,
SPT00808,异径三通,SCH10SxSCH10S,SS,BW,022Cr17Ni12Mo2,CP05T3023,ASME B16.9,NA,QNCa,8"x6",Φ219.1xΦ168.3,个,14,Kg,
SPT00809,异径三通,SCH10SxSCH10S,SS,BW,022Cr19Ni10,CP05T3023,ASME B16.9,NA,QNCa,8"x6",Φ219.1xΦ168.3,个,14,Kg,
SPT00810,异径三通,SCH20x4.37mm,SS,BW,20,CP05T3025,ASME B16.9,NA,QNCa,8"x6",Φ219.1xΦ168.3,个,28,Kg,
SPT00811,异径三通,SCH140xSCH160,SS,BW,026Cr18Ni12Mo2N,CP05T3017,ASME B16.9,RCC-M 1,QA1,10"x3",Φ273xΦ88.9,个,,Kg,
SPT00812,异径三通,SCH10SxSCH10S,SS,BW,022Cr19Ni10,CP05T3017,ASME B16.9,RCC-M 2,QA1,10"x3",Φ273xΦ88.9,个,,Kg,
SPT00813,异径三通,SCH140xSCH160,SS,BW,022Cr19Ni10,CP05T3017,ASME B16.9,RCC-M 2,QA1,10"x3",Φ273xΦ88.9,个,,Kg,
SPT00814,异径三通,SCH160xSCH160,SS,BW,P280GH,CP05T3019,ASME B16.9,RCC-M 2,QA1,10"x3",Φ273xΦ88.9,个,,Kg,
SPT00815,异径三通,SCH20x3.18mm,SS,BW,20,CP05T3019,ASME B16.9,RCC-M 2,QA1,10"x3",Φ273xΦ88.9,个,,Kg,
SPT00816,异径三通,SCH40xSCH40,SS,BW,20,CP05T3019,ASME B16.9,RCC-M 2,QA1,10"x3",Φ273xΦ88.9,个,,Kg,
SPT00817,异径三通,SCH60xSCH80,SS,BW,P280GH,CP05T3019,ASME B16.9,RCC-M 2,QA1,10"x3",Φ273xΦ88.9,个,,Kg,
SPT00818,异径三通,SCH80xSCH80,SS,BW,20,CP05T3019,ASME B16.9,RCC-M 2,QA1,10"x3",Φ273xΦ88.9,个,,Kg,
SPT00819,异径三通,SCH80SxSCH40S,SS,BW,022Cr19Ni10,CP05T3017,ASME B16.9,RCC-M 2,QA1,10"x3",Φ273xΦ88.9,个,,Kg,
SPT00820,异径三通,SCH10SxSCH10S,SS,BW,022Cr19Ni10,CP05T3017,ASME B16.9,RCC-M 3,QA2,10"x3",Φ273xΦ88.9,个,,Kg,
SPT00821,异径三通,SCH20x3.18mm,SS,BW,20,CP05T3019,ASME B16.9,RCC-M 3,QA2,10"x3",Φ273xΦ88.9,个,,Kg,
SPT00822,异径三通,SCH40xSCH40,SS,BW,20,CP05T3019,ASME B16.9,RCC-M 3,QA2,10"x3",Φ273xΦ88.9,个,,Kg,
SPT00823,异径三通,SCH80SxSCH40S,SS,BW,022Cr19Ni10,CP05T3017,ASME B16.9,RCC-M 3,QA2,10"x3",Φ273xΦ88.9,个,,Kg,
SPT00824,异径三通,SCH10SxSCH10S,SS,BW,022Cr17Ni12Mo2,CP05T3023,ASME B16.9,NA,QNCa,10"x3",Φ273xΦ88.9,个,,Kg,
SPT00825,异径三通,SCH10SxSCH10S,SS,BW,022Cr19Ni10,CP05T3023,ASME B16.9,NA,QNCa,10"x3",Φ273xΦ88.9,个,,Kg,
SPT00826,异径三通,SCH20x3.18mm,SS,BW,20,CP05T3025,ASME B16.9,NA,QNCa,10"x3",Φ273xΦ88.9,个,29,Kg,
SPT00827,异径三通,SCH140xSCH160,SS,BW,026Cr18Ni12Mo2N,CP05T3017,ASME B16.9,RCC-M 1,QA1,10"x4",Φ273xΦ114.3,个,85,Kg,
SPT00828,异径三通,SCH10SxSCH10S,SS,BW,022Cr19Ni10,CP05T3017,ASME B16.9,RCC-M 2,QA1,10"x4",Φ273xΦ114.3,个,22.7,Kg,
SPT00829,异径三通,SCH140xSCH160,SS,BW,022Cr19Ni10,CP05T3017,ASME B16.9,RCC-M 2,QA1,10"x4",Φ273xΦ114.3,个,85,Kg,
SPT00830,异径三通,SCH160xSCH160,SS,BW,P280GH,CP05T3019,ASME B16.9,RCC-M 2,QA1,10"x4",Φ273xΦ114.3,个,85,Kg,
SPT00831,异径三通,SCH20x3.58mm,SS,BW,20,CP05T3019,ASME B16.9,RCC-M 2,QA1,10"x4",Φ273xΦ114.3,个,,Kg,
SPT00832,异径三通,SCH40xSCH40,SS,BW,20,CP05T3019,ASME B16.9,RCC-M 2,QA1,10"x4",Φ273xΦ114.3,个,41,Kg,
SPT00833,异径三通,SCH60xSCH80,SS,BW,P280GH,CP05T3019,ASME B16.9,RCC-M 2,QA1,10"x4",Φ273xΦ114.3,个,,Kg,
SPT00834,异径三通,SCH80xSCH80,SS,BW,20,CP05T3019,ASME B16.9,RCC-M 2,QA1,10"x4",Φ273xΦ114.3,个,53,Kg,
SPT00835,异径三通,SCH80SxSCH40S,SS,BW,022Cr19Ni10,CP05T3017,ASME B16.9,RCC-M 2,QA1,10"x4",Φ273xΦ114.3,个,42.4,Kg,
SPT00836,异径三通,SCH10SxSCH10S,SS,BW,022Cr19Ni10,CP05T3017,ASME B16.9,RCC-M 3,QA2,10"x4",Φ273xΦ114.3,个,22.7,Kg,
SPT00837,异径三通,SCH20x3.58mm,SS,BW,20,CP05T3019,ASME B16.9,RCC-M 3,QA2,10"x4",Φ273xΦ114.3,个,29,Kg,
SPT00838,异径三通,SCH40xSCH40,SS,BW,20,CP05T3019,ASME B16.9,RCC-M 3,QA2,10"x4",Φ273xΦ114.3,个,41,Kg,
SPT00839,异径三通,SCH80SxSCH40S,SS,BW,022Cr19Ni10,CP05T3017,ASME B16.9,RCC-M 3,QA2,10"x4",Φ273xΦ114.3,个,42.4,Kg,
SPT00840,异径三通,SCH10SxSCH10S,SS,BW,022Cr17Ni12Mo2,CP05T3023,ASME B16.9,NA,QNCa,10"x4",Φ273xΦ114.3,个,22.7,Kg,
SPT00841,异径三通,SCH10SxSCH10S,SS,BW,022Cr19Ni10,CP05T3023,ASME B16.9,NA,QNCa,10"x4",Φ273xΦ114.3,个,22.7,Kg,
SPT00842,异径三通,SCH20x3.58mm,SS,BW,20,CP05T3025,ASME B16.9,NA,QNCa,10"x4",Φ273xΦ114.3,个,,Kg,
SPT00843,异径三通,SCH140xSCH160,SS,BW,026Cr18Ni12Mo2N,CP05T3017,ASME B16.9,RCC-M 1,QA1,10"x5",Φ273xΦ141.3,个,,Kg,
SPT00844,异径三通,SCH10SxSCH10S,SS,BW,022Cr19Ni10,CP05T3017,ASME B16.9,RCC-M 2,QA1,10"x5",Φ273xΦ141.3,个,23,Kg,
SPT00845,异径三通,SCH140xSCH160,SS,BW,022Cr19Ni10,CP05T3017,ASME B16.9,RCC-M 2,QA1,10"x5",Φ273xΦ141.3,个,,Kg,
SPT00846,异径三通,SCH160xSCH160,SS,BW,P280GH,CP05T3019,ASME B16.9,RCC-M 2,QA1,10"x5",Φ273xΦ141.3,个,89,Kg,
SPT00847,异径三通,SCH20x4.37mm,SS,BW,20,CP05T3019,ASME B16.9,RCC-M 2,QA1,10"x5",Φ273xΦ141.3,个,,Kg,
SPT00848,异径三通,SCH40xSCH40,SS,BW,20,CP05T3019,ASME B16.9,RCC-M 2,QA1,10"x5",Φ273xΦ141.3,个,41,Kg,
SPT00849,异径三通,SCH60xSCH120,SS,BW,P280GH,CP05T3019,ASME B16.9,RCC-M 2,QA1,10"x5",Φ273xΦ141.3,个,,Kg,
SPT00850,异径三通,SCH80xSCH80,SS,BW,20,CP05T3019,ASME B16.9,RCC-M 2,QA1,10"x5",Φ273xΦ141.3,个,53,Kg,
SPT00851,异径三通,SCH80SxSCH40S,SS,BW,022Cr19Ni10,CP05T3017,ASME B16.9,RCC-M 2,QA1,10"x5",Φ273xΦ141.3,个,42.9,Kg,
SPT00852,异径三通,SCH10SxSCH10S,SS,BW,022Cr19Ni10,CP05T3017,ASME B16.9,RCC-M 3,QA2,10"x5",Φ273xΦ141.3,个,23,Kg,
SPT00853,异径三通,SCH20x4.37mm,SS,BW,20,CP05T3019,ASME B16.9,RCC-M 3,QA2,10"x5",Φ273xΦ141.3,个,,Kg,
SPT00854,异径三通,SCH40xSCH40,SS,BW,20,CP05T3019,ASME B16.9,RCC-M 3,QA2,10"x5",Φ273xΦ141.3,个,41,Kg,
SPT00855,异径三通,SCH80SxSCH40S,SS,BW,022Cr19Ni10,CP05T3017,ASME B16.9,RCC-M 3,QA2,10"x5",Φ273xΦ141.3,个,42.9,Kg,
SPT00856,异径三通,SCH10SxSCH10S,SS,BW,022Cr17Ni12Mo2,CP05T3023,ASME B16.9,NA,QNCa,10"x5",Φ273xΦ141.3,个,23,Kg,
SPT00857,异径三通,SCH10SxSCH10S,SS,BW,022Cr19Ni10,CP05T3023,ASME B16.9,NA,QNCa,10"x5",Φ273xΦ141.3,个,23,Kg,
SPT00858,异径三通,SCH20x3.96mm,SS,BW,20,CP05T3025,ASME B16.9,NA,QNCa,10"x5",Φ273xΦ141.3,个,,Kg,
SPT00859,异径三通,SCH140xSCH160,SS,BW,026Cr18Ni12Mo2N,CP05T3017,ASME B16.9,RCC-M 1,QA1,10"x6",Φ273xΦ168.3,个,,Kg,
SPT00860,异径三通,SCH10SxSCH10S,SS,BW,022Cr19Ni10,CP05T3017,ASME B16.9,RCC-M 2,QA1,10"x6",Φ273xΦ168.3,个,23.5,Kg,
SPT00861,异径三通,SCH140xSCH160,SS,BW,022Cr19Ni10,CP05T3017,ASME B16.9,RCC-M 2,QA1,10"x6",Φ273xΦ168.3,个,101,Kg,
SPT00862,异径三通,SCH160xSCH160,SS,BW,P280GH,CP05T3019,ASME B16.9,RCC-M 2,QA1,10"x6",Φ273xΦ168.3,个,101,Kg,
SPT00863,异径三通,SCH20x4.37mm,SS,BW,20,CP05T3019,ASME B16.9,RCC-M 2,QA1,10"x6",Φ273xΦ168.3,个,,Kg,
SPT00864,异径三通,SCH40xSCH40,SS,BW,20,CP05T3019,ASME B16.9,RCC-M 2,QA1,10"x6",Φ273xΦ168.3,个,41,Kg,
SPT00865,异径三通,SCH60xSCH120,SS,BW,P280GH,CP05T3019,ASME B16.9,RCC-M 2,QA1,10"x6",Φ273xΦ168.3,个,,Kg,
SPT00866,异径三通,SCH80xSCH80,SS,BW,20,CP05T3019,ASME B16.9,RCC-M 2,QA1,10"x6",Φ273xΦ168.3,个,54,Kg,
SPT00867,异径三通,SCH80SxSCH40S,SS,BW,022Cr19Ni10,CP05T3017,ASME B16.9,RCC-M 2,QA1,10"x6",Φ273xΦ168.3,个,43.9,Kg,
SPT00868,异径三通,SCH10SxSCH10S,SS,BW,022Cr19Ni10,CP05T3017,ASME B16.9,RCC-M 3,QA2,10"x6",Φ273xΦ168.3,个,23.5,Kg,
SPT00869,异径三通,SCH20x4.37mm,SS,BW,20,CP05T3019,ASME B16.9,RCC-M 3,QA2,10"x6",Φ273xΦ168.3,个,29,Kg,
SPT00870,异径三通,SCH40xSCH40,SS,BW,20,CP05T3019,ASME B16.9,RCC-M 3,QA2,10"x6",Φ273xΦ168.3,个,41,Kg,
SPT00871,异径三通,SCH80SxSCH40S,SS,BW,022Cr19Ni10,CP05T3017,ASME B16.9,RCC-M 3,QA2,10"x6",Φ273xΦ168.3,个,43.9,Kg,
SPT00872,异径三通,SCH10SxSCH10S,SS,BW,022Cr17Ni12Mo2,CP05T3023,ASME B16.9,NA,QNCa,10"x6",Φ273xΦ168.3,个,23.5,Kg,
SPT00873,异径三通,SCH10SxSCH10S,SS,BW,022Cr19Ni10,CP05T3023,ASME B16.9,NA,QNCa,10"x6",Φ273xΦ168.3,个,23.5,Kg,
SPT00874,异径三通,SCH20x4.37mm,SS,BW,20,CP05T3025,ASME B16.9,NA,QNCa,10"x6",Φ273xΦ168.3,个,29,Kg,
SPT00875,异径三通,SCH140xSCH160,SS,BW,026Cr18Ni12Mo2N,CP05T3017,ASME B16.9,RCC-M 1,QA1,10"x8",Φ273xΦ219.1,个,99,Kg,
SPT00876,异径三通,SCH10SxSCH10S,SS,BW,022Cr19Ni10,CP05T3017,ASME B16.9,RCC-M 2,QA1,10"x8",Φ273xΦ219.1,个,24.1,Kg,
SPT00877,异径三通,SCH140xSCH160,SS,BW,022Cr19Ni10,CP05T3017,ASME B16.9,RCC-M 2,QA1,10"x8",Φ273xΦ219.1,个,99,Kg,
SPT00878,异径三通,SCH160xSCH160,SS,BW,P280GH,CP05T3019,ASME B16.9,RCC-M 2,QA1,10"x8",Φ273xΦ219.1,个,109,Kg,
SPT00879,异径三通,SCH20xSCH20,SS,BW,20,CP05T3019,ASME B16.9,RCC-M 2,QA1,10"x8",Φ273xΦ219.1,个,29,Kg,
SPT00880,异径三通,SCH40xSCH40,SS,BW,20,CP05T3019,ASME B16.9,RCC-M 2,QA1,10"x8",Φ273xΦ219.1,个,41,Kg,
SPT00881,异径三通,SCH60xSCH120,SS,BW,P280GH,CP05T3019,ASME B16.9,RCC-M 2,QA1,10"x8",Φ273xΦ219.1,个,53,Kg,
SPT00882,异径三通,SCH80xSCH80,SS,BW,20,CP05T3019,ASME B16.9,RCC-M 2,QA1,10"x8",Φ273xΦ219.1,个,71,Kg,
SPT00883,异径三通,SCH80SxSCH40S,SS,BW,022Cr19Ni10,CP05T3017,ASME B16.9,RCC-M 2,QA1,10"x8",Φ273xΦ219.1,个,44.8,Kg,
SPT00884,异径三通,SCH10SxSCH10S,SS,BW,022Cr19Ni10,CP05T3017,ASME B16.9,RCC-M 3,QA2,10"x8",Φ273xΦ219.1,个,24.1,Kg,
SPT00885,异径三通,SCH20xSCH20,SS,BW,20,CP05T3019,ASME B16.9,RCC-M 3,QA2,10"x8",Φ273xΦ219.1,个,29,Kg,
SPT00886,异径三通,SCH40xSCH40,SS,BW,20,CP05T3019,ASME B16.9,RCC-M 3,QA2,10"x8",Φ273xΦ219.1,个,41,Kg,
SPT00887,异径三通,SCH80SxSCH40S,SS,BW,022Cr19Ni10,CP05T3017,ASME B16.9,RCC-M 3,QA2,10"x8",Φ273xΦ219.1,个,44.8,Kg,
SPT00888,异径三通,SCH10SxSCH10S,SS,BW,022Cr17Ni12Mo2,CP05T3023,ASME B16.9,NA,QNCa,10"x8",Φ273xΦ219.1,个,24.1,Kg,
SPT00889,异径三通,SCH10SxSCH10S,SS,BW,022Cr19Ni10,CP05T3023,ASME B16.9,NA,QNCa,10"x8",Φ273xΦ219.1,个,24.1,Kg,
SPT00890,异径三通,SCH20xSCH20,SS,BW,20,CP05T3025,ASME B16.9,NA,QNCa,10"x8",Φ273xΦ219.1,个,29,Kg,
SPT00891,异径三通,SCH140xSCH160,SS,BW,026Cr18Ni12Mo2N,CP05T3017,ASME B16.9,RCC-M 1,QA1,12"x5",Φ323.8xΦ141.3,个,,Kg,
SPT00892,异径三通,7.14mmx4.37mm,SS,BW,20,CP05T3019,ASME B16.9,RCC-M 2,QA1,12"x5",Φ323.8xΦ141.3,个,,Kg,
SPT00893,异径三通,SCH10SxSCH10S,SS,BW,022Cr19Ni10,CP05T3017,ASME B16.9,RCC-M 2,QA1,12"x5",Φ323.8xΦ141.3,个,33.5,Kg,
SPT00894,异径三通,SCH140xSCH160,SS,BW,022Cr19Ni10,CP05T3017,ASME B16.9,RCC-M 2,QA1,12"x5",Φ323.8xΦ141.3,个,,Kg,
SPT00895,异径三通,SCH160xSCH160,SS,BW,P280GH,CP05T3019,ASME B16.9,RCC-M 2,QA1,12"x5",Φ323.8xΦ141.3,个,144,Kg,
SPT00896,异径三通,SCH40xSCH40,SS,BW,20,CP05T3019,ASME B16.9,RCC-M 2,QA1,12"x5",Φ323.8xΦ141.3,个,64,Kg,
SPT00897,异径三通,SCH80xSCH80,SS,BW,20,CP05T3019,ASME B16.9,RCC-M 2,QA1,12"x5",Φ323.8xΦ141.3,个,82,Kg,
SPT00898,异径三通,SCH80SxSCH40S,SS,BW,022Cr19Ni10,CP05T3017,ASME B16.9,RCC-M 2,QA1,12"x5",Φ323.8xΦ141.3,个,71.1,Kg,
SPT00899,异径三通,7.14mmx4.37mm,SS,BW,20,CP05T3019,ASME B16.9,RCC-M 3,QA2,12"x5",Φ323.8xΦ141.3,个,,Kg,
SPT00900,异径三通,SCH10SxSCH10S,SS,BW,022Cr19Ni10,CP05T3017,ASME B16.9,RCC-M 3,QA2,12"x5",Φ323.8xΦ141.3,个,33.5,Kg,
SPT00901,异径三通,SCH40xSCH40,SS,BW,20,CP05T3019,ASME B16.9,RCC-M 3,QA2,12"x5",Φ323.8xΦ141.3,个,64,Kg,
SPT00902,异径三通,SCH80SxSCH40S,SS,BW,022Cr19Ni10,CP05T3017,ASME B16.9,RCC-M 3,QA2,12"x5",Φ323.8xΦ141.3,个,71.1,Kg,
SPT00903,异径三通,7.14mmx3.96mm,SS,BW,20,CP05T3025,ASME B16.9,NA,QNCa,12"x5",Φ323.8xΦ141.3,个,,Kg,
SPT00904,异径三通,SCH10SxSCH10S,SS,BW,022Cr17Ni12Mo2,CP05T3023,ASME B16.9,NA,QNCa,12"x5",Φ323.8xΦ141.3,个,33.5,Kg,
SPT00905,异径三通,SCH10SxSCH10S,SS,BW,022Cr19Ni10,CP05T3023,ASME B16.9,NA,QNCa,12"x5",Φ323.8xΦ141.3,个,33.5,Kg,
SPT00906,异径三通,SCH20x3.96mm,SS,BW,20,CP05T3025,ASME B16.9,NA,QNCa,12"x5",Φ323.8xΦ141.3,个,,Kg,
SPT00907,异径三通,SCH140xSCH160,SS,BW,026Cr18Ni12Mo2N,CP05T3017,ASME B16.9,RCC-M 1,QA1,12"x6",Φ323.8xΦ168.3,个,,Kg,
SPT00908,异径三通,7.14mmx4.37mm,SS,BW,20,CP05T3019,ASME B16.9,RCC-M 2,QA1,12"x6",Φ323.8xΦ168.3,个,,Kg,
SPT00909,异径三通,SCH10SxSCH10S,SS,BW,022Cr19Ni10,CP05T3017,ASME B16.9,RCC-M 2,QA1,12"x6",Φ323.8xΦ168.3,个,33.9,Kg,
SPT00910,异径三通,SCH140xSCH160,SS,BW,022Cr19Ni10,CP05T3017,ASME B16.9,RCC-M 2,QA1,12"x6",Φ323.8xΦ168.3,个,,Kg,
SPT00911,异径三通,SCH160xSCH160,SS,BW,P280GH,CP05T3019,ASME B16.9,RCC-M 2,QA1,12"x6",Φ323.8xΦ168.3,个,144,Kg,
SPT00912,异径三通,SCH40xSCH40,SS,BW,20,CP05T3019,ASME B16.9,RCC-M 2,QA1,12"x6",Φ323.8xΦ168.3,个,64,Kg,
SPT00913,异径三通,SCH80xSCH80,SS,BW,20,CP05T3019,ASME B16.9,RCC-M 2,QA1,12"x6",Φ323.8xΦ168.3,个,82,Kg,
SPT00914,异径三通,SCH80SxSCH40S,SS,BW,022Cr19Ni10,CP05T3017,ASME B16.9,RCC-M 2,QA1,12"x6",Φ323.8xΦ168.3,个,72,Kg,
SPT00915,异径三通,7.14mmx4.37mm,SS,BW,20,CP05T3019,ASME B16.9,RCC-M 3,QA2,12"x6",Φ323.8xΦ168.3,个,,Kg,
SPT00916,异径三通,SCH10SxSCH10S,SS,BW,022Cr19Ni10,CP05T3017,ASME B16.9,RCC-M 3,QA2,12"x6",Φ323.8xΦ168.3,个,33.9,Kg,
SPT00917,异径三通,SCH40xSCH40,SS,BW,20,CP05T3019,ASME B16.9,RCC-M 3,QA2,12"x6",Φ323.8xΦ168.3,个,64,Kg,
SPT00918,异径三通,SCH80SxSCH40S,SS,BW,022Cr19Ni10,CP05T3017,ASME B16.9,RCC-M 3,QA2,12"x6",Φ323.8xΦ168.3,个,72,Kg,
SPT00919,异径三通,7.14mmx4.37mm,SS,BW,20,CP05T3025,ASME B16.9,NA,QNCa,12"x6",Φ323.8xΦ168.3,个,63,Kg,
SPT00920,异径三通,SCH10SxSCH10S,SS,BW,022Cr17Ni12Mo2,CP05T3023,ASME B16.9,NA,QNCa,12"x6",Φ323.8xΦ168.3,个,33.9,Kg,
SPT00921,异径三通,SCH10SxSCH10S,SS,BW,022Cr19Ni10,CP05T3023,ASME B16.9,NA,QNCa,12"x6",Φ323.8xΦ168.3,个,33.9,Kg,
SPT00922,异径三通,SCH20x4.37mm,SS,BW,20,CP05T3025,ASME B16.9,NA,QNCa,12"x6",Φ323.8xΦ168.3,个,41,Kg,
SPT00923,异径三通,SCH140xSCH160,SS,BW,026Cr18Ni12Mo2N,CP05T3017,ASME B16.9,RCC-M 1,QA1,12"x8",Φ323.8xΦ219.1,个,144,Kg,
SPT00924,异径三通,7.14mmxSCH20,SS,BW,20,CP05T3019,ASME B16.9,RCC-M 2,QA1,12"x8",Φ323.8xΦ219.1,个,,Kg,
SPT00925,异径三通,SCH10SxSCH10S,SS,BW,022Cr19Ni10,CP05T3017,ASME B16.9,RCC-M 2,QA1,12"x8",Φ323.8xΦ219.1,个,34.7,Kg,
SPT00926,异径三通,SCH140xSCH160,SS,BW,022Cr19Ni10,CP05T3017,ASME B16.9,RCC-M 2,QA1,12"x8",Φ323.8xΦ219.1,个,144,Kg,
SPT00927,异径三通,SCH160xSCH160,SS,BW,P280GH,CP05T3019,ASME B16.9,RCC-M 2,QA1,12"x8",Φ323.8xΦ219.1,个,155,Kg,
SPT00928,异径三通,SCH40xSCH40,SS,BW,20,CP05T3019,ASME B16.9,RCC-M 2,QA1,12"x8",Φ323.8xΦ219.1,个,64,Kg,
SPT00929,异径三通,SCH80xSCH80,SS,BW,20,CP05T3019,ASME B16.9,RCC-M 2,QA1,12"x8",Φ323.8xΦ219.1,个,82,Kg,
SPT00930,异径三通,SCH80SxSCH40S,SS,BW,022Cr19Ni10,CP05T3017,ASME B16.9,RCC-M 2,QA1,12"x8",Φ323.8xΦ219.1,个,34.7,Kg,
SPT00931,异径三通,7.14mmxSCH20,SS,BW,20,CP05T3019,ASME B16.9,RCC-M 3,QA2,12"x8",Φ323.8xΦ219.1,个,,Kg,
SPT00932,异径三通,SCH10SxSCH10S,SS,BW,022Cr19Ni10,CP05T3017,ASME B16.9,RCC-M 3,QA2,12"x8",Φ323.8xΦ219.1,个,34.7,Kg,
SPT00933,异径三通,SCH40xSCH40,SS,BW,20,CP05T3019,ASME B16.9,RCC-M 3,QA2,12"x8",Φ323.8xΦ219.1,个,64,Kg,
SPT00934,异径三通,SCH80SxSCH40S,SS,BW,022Cr19Ni10,CP05T3017,ASME B16.9,RCC-M 3,QA2,12"x8",Φ323.8xΦ219.1,个,73.8,Kg,
SPT00935,异径三通,7.14mmxSCH20,SS,BW,20,CP05T3025,ASME B16.9,NA,QNCa,12"x8",Φ323.8xΦ219.1,个,,Kg,
SPT00936,异径三通,SCH10SxSCH10S,SS,BW,022Cr17Ni12Mo2,CP05T3023,ASME B16.9,NA,QNCa,12"x8",Φ323.8xΦ219.1,个,34.7,Kg,
SPT00937,异径三通,SCH10SxSCH10S,SS,BW,022Cr19Ni10,CP05T3023,ASME B16.9,NA,QNCa,12"x8",Φ323.8xΦ219.1,个,34.7,Kg,
SPT00938,异径三通,SCH20xSCH20,SS,BW,20,CP05T3025,ASME B16.9,NA,QNCa,12"x8",Φ323.8xΦ219.1,个,41,Kg,
SPT00939,异径三通,SCH140xSCH140,SS,BW,026Cr18Ni12Mo2N,CP05T3017,ASME B16.9,RCC-M 1,QA1,12"x10",Φ323.8xΦ273,个,160,Kg,
SPT00940,异径三通,7.14mmxSCH20,SS,BW,20,CP05T3019,ASME B16.9,RCC-M 2,QA1,12"x10",Φ323.8xΦ273,个,,Kg,
SPT00941,异径三通,SCH10SxSCH10S,SS,BW,022Cr19Ni10,CP05T3017,ASME B16.9,RCC-M 2,QA1,12"x10",Φ323.8xΦ273,个,35.5,Kg,
SPT00942,异径三通,SCH140xSCH140,SS,BW,022Cr19Ni10,CP05T3017,ASME B16.9,RCC-M 2,QA1,12"x10",Φ323.8xΦ273,个,160,Kg,
SPT00943,异径三通,SCH160xSCH160,SS,BW,P280GH,CP05T3019,ASME B16.9,RCC-M 2,QA1,12"x10",Φ323.8xΦ273,个,171,Kg,
SPT00944,异径三通,SCH40xSCH40,SS,BW,20,CP05T3019,ASME B16.9,RCC-M 2,QA1,12"x10",Φ323.8xΦ273,个,67,Kg,
SPT00945,异径三通,SCH80xSCH80,SS,BW,20,CP05T3019,ASME B16.9,RCC-M 2,QA1,12"x10",Φ323.8xΦ273,个,103,Kg,
SPT00946,异径三通,SCH80SxSCH80S,SS,BW,022Cr19Ni10,CP05T3017,ASME B16.9,RCC-M 2,QA1,12"x10",Φ323.8xΦ273,个,75.2,Kg,
SPT00947,异径三通,7.14mmxSCH20,SS,BW,20,CP05T3019,ASME B16.9,RCC-M 3,QA2,12"x10",Φ323.8xΦ273,个,,Kg,
SPT00948,异径三通,SCH10SxSCH10S,SS,BW,022Cr19Ni10,CP05T3017,ASME B16.9,RCC-M 3,QA2,12"x10",Φ323.8xΦ273,个,35.5,Kg,
SPT00949,异径三通,SCH40xSCH40,SS,BW,20,CP05T3019,ASME B16.9,RCC-M 3,QA2,12"x10",Φ323.8xΦ273,个,67,Kg,
SPT00950,异径三通,SCH80SxSCH80S,SS,BW,022Cr19Ni10,CP05T3017,ASME B16.9,RCC-M 3,QA2,12"x10",Φ323.8xΦ273,个,75.2,Kg,
SPT00951,异径三通,7.14mmxSCH20,SS,BW,20,CP05T3025,ASME B16.9,NA,QNCa,12"x10",Φ323.8xΦ273,个,,Kg,
SPT00952,异径三通,SCH10SxSCH10S,SS,BW,022Cr17Ni12Mo2,CP05T3023,ASME B16.9,NA,QNCa,12"x10",Φ323.8xΦ273,个,35.5,Kg,
SPT00953,异径三通,SCH10SxSCH10S,SS,BW,022Cr19Ni10,CP05T3023,ASME B16.9,NA,QNCa,12"x10",Φ323.8xΦ273,个,35.5,Kg,
SPT00954,异径三通,SCH20xSCH20,SS,BW,20,CP05T3025,ASME B16.9,NA,QNCa,12"x10",Φ323.8xΦ273,个,43,Kg,
SPT00955,异径三通,SCH140xSCH160,SS,BW,026Cr18Ni12Mo2N,CP05T3017,ASME B16.9,RCC-M 1,QA1,14"x6",Φ355.6xΦ168.3,个,,Kg,
SPT00956,异径三通,SCH10SxSCH10S,SS,BW,022Cr19Ni10,CP05T3017,ASME B16.9,RCC-M 2,QA1,14"x6",Φ355.6xΦ168.3,个,41.2,Kg,
SPT00957,异径三通,SCH140xSCH160,SS,BW,022Cr19Ni10,CP05T3017,ASME B16.9,RCC-M 2,QA1,14"x6",Φ355.6xΦ168.3,个,,Kg,
SPT00958,异径三通,SCH160xSCH160,SS,BW,P280GH,CP05T3019,ASME B16.9,RCC-M 2,QA1,14"x6",Φ355.6xΦ168.3,个,270,Kg,
SPT00959,异径三通,SCH20x4.37mm,SS,BW,20,CP05T3019,ASME B16.9,RCC-M 2,QA1,14"x6",Φ355.6xΦ168.3,个,,Kg,
SPT00960,异径三通,SCH40xSCH40,SS,BW,20,CP05T3019,ASME B16.9,RCC-M 2,QA1,14"x6",Φ355.6xΦ168.3,个,109,Kg,
SPT00961,异径三通,SCH60xSCH40S,SS,BW,022Cr19Ni10,CP05T3017,ASME B16.9,RCC-M 2,QA1,14"x6",Φ355.6xΦ168.3,个,115.5,Kg,
SPT00962,异径三通,SCH80xSCH80,SS,BW,20,CP05T3019,ASME B16.9,RCC-M 2,QA1,14"x6",Φ355.6xΦ168.3,个,122,Kg,
SPT00963,异径三通,SCH80SxSCH80S,SS,BW,022Cr19Ni10,CP05T3017,ASME B16.9,RCC-M 2,QA1,14"x6",Φ355.6xΦ168.3,个,,Kg,
SPT00964,异径三通,SCH20x4.37mm,SS,BW,20,CP05T3019,ASME B16.9,RCC-M 3,QA2,14"x6",Φ355.6xΦ168.3,个,,Kg,
SPT00965,异径三通,SCH40xSCH40,SS,BW,20,CP05T3019,ASME B16.9,RCC-M 3,QA2,14"x6",Φ355.6xΦ168.3,个,109,Kg,
SPT00966,异径三通,SCH60xSCH40S,SS,BW,022Cr19Ni10,CP05T3017,ASME B16.9,RCC-M 3,QA2,14"x6",Φ355.6xΦ168.3,个,,Kg,
SPT00967,异径三通,SCH10SxSCH10S,SS,BW,022Cr17Ni12Mo2,CP05T3023,ASME B16.9,NA,QNCa,14"x6",Φ355.6xΦ168.3,个,41.2,Kg,
SPT00968,异径三通,SCH10SxSCH10S,SS,BW,022Cr19Ni10,CP05T3023,ASME B16.9,NA,QNCa,14"x6",Φ355.6xΦ168.3,个,41.2,Kg,
SPT00969,异径三通,SCH20x4.37mm,SS,BW,20,CP05T3025,ASME B16.9,NA,QNCa,14"x6",Φ355.6xΦ168.3,个,,Kg,
SPT00970,异径三通,SCH140xSCH160,SS,BW,026Cr18Ni12Mo2N,CP05T3017,ASME B16.9,RCC-M 1,QA1,14"x8",Φ355.6xΦ219.1,个,250,Kg,
SPT00971,异径三通,SCH10SxSCH10S,SS,BW,022Cr19Ni10,CP05T3017,ASME B16.9,RCC-M 2,QA1,14"x8",Φ355.6xΦ219.1,个,41.7,Kg,
SPT00972,异径三通,SCH140xSCH160,SS,BW,022Cr19Ni10,CP05T3017,ASME B16.9,RCC-M 2,QA1,14"x8",Φ355.6xΦ219.1,个,250,Kg,
SPT00973,异径三通,SCH160xSCH160,SS,BW,P280GH,CP05T3019,ASME B16.9,RCC-M 2,QA1,14"x8",Φ355.6xΦ219.1,个,270,Kg,
SPT00974,异径三通,SCH20xSCH20,SS,BW,20,CP05T3019,ASME B16.9,RCC-M 2,QA1,14"x8",Φ355.6xΦ219.1,个,90,Kg,
SPT00975,异径三通,SCH40xSCH40,SS,BW,20,CP05T3019,ASME B16.9,RCC-M 2,QA1,14"x8",Φ355.6xΦ219.1,个,109,Kg,
SPT00976,异径三通,SCH60xSCH40S,SS,BW,022Cr19Ni10,CP05T3017,ASME B16.9,RCC-M 2,QA1,14"x8",Φ355.6xΦ219.1,个,136,Kg,
SPT00977,异径三通,SCH80xSCH80,SS,BW,20,CP05T3019,ASME B16.9,RCC-M 2,QA1,14"x8",Φ355.6xΦ219.1,个,122,Kg,
SPT00978,异径三通,SCH80SxSCH80S,SS,BW,022Cr19Ni10,CP05T3017,ASME B16.9,RCC-M 2,QA1,14"x8",Φ355.6xΦ219.1,个,,Kg,
SPT00979,异径三通,SCH20xSCH20,SS,BW,20,CP05T3019,ASME B16.9,RCC-M 3,QA2,14"x8",Φ355.6xΦ219.1,个,90,Kg,
SPT00980,异径三通,SCH40xSCH40,SS,BW,20,CP05T3019,ASME B16.9,RCC-M 3,QA2,14"x8",Φ355.6xΦ219.1,个,109,Kg,
SPT00981,异径三通,SCH60xSCH40S,SS,BW,022Cr19Ni10,CP05T3017,ASME B16.9,RCC-M 3,QA2,14"x8",Φ355.6xΦ219.1,个,136,Kg,
SPT00982,异径三通,SCH10SxSCH10S,SS,BW,022Cr17Ni12Mo2,CP05T3023,ASME B16.9,NA,QNCa,14"x8",Φ355.6xΦ219.1,个,41.7,Kg,
SPT00983,异径三通,SCH10SxSCH10S,SS,BW,022Cr19Ni10,CP05T3023,ASME B16.9,NA,QNCa,14"x8",Φ355.6xΦ219.1,个,41.7,Kg,
SPT00984,异径三通,SCH20xSCH20,SS,BW,20,CP05T3025,ASME B16.9,NA,QNCa,14"x8",Φ355.6xΦ219.1,个,90,Kg,
SPT00985,异径三通,SCH140xSCH140,SS,BW,026Cr18Ni12Mo2N,CP05T3017,ASME B16.9,RCC-M 1,QA1,14"x10",Φ355.6xΦ273,个,265,Kg,
SPT00986,异径三通,SCH10SxSCH10S,SS,BW,022Cr19Ni10,CP05T3017,ASME B16.9,RCC-M 2,QA1,14"x10",Φ355.6xΦ273,个,42.7,Kg,
SPT00987,异径三通,SCH140xSCH140,SS,BW,022Cr19Ni10,CP05T3017,ASME B16.9,RCC-M 2,QA1,14"x10",Φ355.6xΦ273,个,265,Kg,
SPT00988,异径三通,SCH160xSCH160,SS,BW,P280GH,CP05T3019,ASME B16.9,RCC-M 2,QA1,14"x10",Φ355.6xΦ273,个,285,Kg,
SPT00989,异径三通,SCH20xSCH20,SS,BW,20,CP05T3019,ASME B16.9,RCC-M 2,QA1,14"x10",Φ355.6xΦ273,个,90,Kg,
SPT00990,异径三通,SCH40xSCH40,SS,BW,20,CP05T3019,ASME B16.9,RCC-M 2,QA1,14"x10",Φ355.6xΦ273,个,109,Kg,
SPT00991,异径三通,SCH60xSCH80S,SS,BW,022Cr19Ni10,CP05T3017,ASME B16.9,RCC-M 2,QA1,14"x10",Φ355.6xΦ273,个,136,Kg,
SPT00992,异径三通,SCH80xSCH80,SS,BW,20,CP05T3019,ASME B16.9,RCC-M 2,QA1,14"x10",Φ355.6xΦ273,个,141,Kg,
SPT00993,异径三通,SCH80SxSCH80S,SS,BW,022Cr19Ni10,CP05T3017,ASME B16.9,RCC-M 2,QA1,14"x10",Φ355.6xΦ273,个,,Kg,
SPT00994,异径三通,SCH20xSCH20,SS,BW,20,CP05T3019,ASME B16.9,RCC-M 3,QA2,14"x10",Φ355.6xΦ273,个,90,Kg,
SPT00995,异径三通,SCH40xSCH40,SS,BW,20,CP05T3019,ASME B16.9,RCC-M 3,QA2,14"x10",Φ355.6xΦ273,个,109,Kg,
SPT00996,异径三通,SCH60xSCH80S,SS,BW,022Cr19Ni10,CP05T3017,ASME B16.9,RCC-M 3,QA2,14"x10",Φ355.6xΦ273,个,136,Kg,
SPT00997,异径三通,SCH10SxSCH10S,SS,BW,022Cr17Ni12Mo2,CP05T3023,ASME B16.9,NA,QNCa,14"x10",Φ355.6xΦ273,个,42.7,Kg,
SPT00998,异径三通,SCH10SxSCH10S,SS,BW,022Cr19Ni10,CP05T3023,ASME B16.9,NA,QNCa,14"x10",Φ355.6xΦ273,个,42.7,Kg,
SPT00999,异径三通,SCH20xSCH20,SS,BW,20,CP05T3025,ASME B16.9,NA,QNCa,14"x10",Φ355.6xΦ273,个,90,Kg,
SPT01000,异径三通,SCH140xSCH140,SS,BW,026Cr18Ni12Mo2N,CP05T3017,ASME B16.9,RCC-M 1,QA1,14"x12",Φ355.6xΦ323.8,个,275,Kg,
SPT01001,异径三通,SCH10SxSCH10S,SS,BW,022Cr19Ni10,CP05T3017,ASME B16.9,RCC-M 2,QA1,14"x12",Φ355.6xΦ323.8,个,43.6,Kg,
SPT01002,异径三通,SCH140xSCH140,SS,BW,022Cr19Ni10,CP05T3017,ASME B16.9,RCC-M 2,QA1,14"x12",Φ355.6xΦ323.8,个,275,Kg,
SPT01003,异径三通,SCH160xSCH160,SS,BW,P280GH,CP05T3019,ASME B16.9,RCC-M 2,QA1,14"x12",Φ355.6xΦ323.8,个,300,Kg,
SPT01004,异径三通,SCH20x7.14mm,SS,BW,20,CP05T3019,ASME B16.9,RCC-M 2,QA1,14"x12",Φ355.6xΦ323.8,个,95,Kg,
SPT01005,异径三通,SCH40xSCH40,SS,BW,20,CP05T3019,ASME B16.9,RCC-M 2,QA1,14"x12",Φ355.6xΦ323.8,个,114,Kg,
SPT01006,异径三通,SCH60xSCH80S,SS,BW,022Cr19Ni10,CP05T3017,ASME B16.9,RCC-M 2,QA1,14"x12",Φ355.6xΦ323.8,个,141,Kg,
SPT01007,异径三通,SCH80xSCH80,SS,BW,20,CP05T3019,ASME B16.9,RCC-M 2,QA1,14"x12",Φ355.6xΦ323.8,个,143,Kg,
SPT01008,异径三通,SCH80SxSCH80S,SS,BW,022Cr19Ni10,CP05T3017,ASME B16.9,RCC-M 2,QA1,14"x12",Φ355.6xΦ323.8,个,,Kg,
SPT01009,异径三通,SCH20x7.14mm,SS,BW,20,CP05T3019,ASME B16.9,RCC-M 3,QA2,14"x12",Φ355.6xΦ323.8,个,95,Kg,
SPT01010,异径三通,SCH40xSCH40,SS,BW,20,CP05T3019,ASME B16.9,RCC-M 3,QA2,14"x12",Φ355.6xΦ323.8,个,114,Kg,
SPT01011,异径三通,SCH60xSCH80S,SS,BW,022Cr19Ni10,CP05T3017,ASME B16.9,RCC-M 3,QA2,14"x12",Φ355.6xΦ323.8,个,141,Kg,
SPT01012,异径三通,SCH10SxSCH10S,SS,BW,022Cr17Ni12Mo2,CP05T3023,ASME B16.9,NA,QNCa,14"x12",Φ355.6xΦ323.8,个,43.6,Kg,
SPT01013,异径三通,SCH10SxSCH10S,SS,BW,022Cr19Ni10,CP05T3023,ASME B16.9,NA,QNCa,14"x12",Φ355.6xΦ323.8,个,43.6,Kg,
SPT01014,异径三通,SCH20x7.14mm,SS,BW,20,CP05T3025,ASME B16.9,NA,QNCa,14"x12",Φ355.6xΦ323.8,个,95,Kg,
SPT01015,异径三通,SCH140xSCH160,SS,BW,026Cr18Ni12Mo2N,CP05T3017,ASME B16.9,RCC-M 1,QA1,16"x6",Φ406.4xΦ168.3,个,,Kg,
SPT01016,异径三通,8.74mmx4.37mm,SS,BW,20,CP05T3019,ASME B16.9,RCC-M 2,QA1,16"x6",Φ406.4xΦ168.3,个,,Kg,
SPT01017,异径三通,SCH10SxSCH10S,SS,BW,022Cr19Ni10,CP05T3017,ASME B16.9,RCC-M 2,QA1,16"x6",Φ406.4xΦ168.3,个,49.4,Kg,
SPT01018,异径三通,SCH140xSCH160,SS,BW,022Cr19Ni10,CP05T3017,ASME B16.9,RCC-M 2,QA1,16"x6",Φ406.4xΦ168.3,个,,Kg,
SPT01019,异径三通,SCH160xSCH160,SS,BW,P280GH,CP05T3019,ASME B16.9,RCC-M 2,QA1,16"x6",Φ406.4xΦ168.3,个,295,Kg,
SPT01020,异径三通,SCH40xSCH40,SS,BW,20,CP05T3019,ASME B16.9,RCC-M 2,QA1,16"x6",Φ406.4xΦ168.3,个,160,Kg,
SPT01021,异径三通,SCH40SxSCH10S,SS,BW,022Cr19Ni10,CP05T3017,ASME B16.9,RCC-M 2,QA1,16"x6",Φ406.4xΦ168.3,个,83.5,Kg,
SPT01022,异径三通,SCH60xSCH40S,SS,BW,022Cr19Ni10,CP05T3017,ASME B16.9,RCC-M 2,QA1,16"x6",Φ406.4xΦ168.3,个,,Kg,
SPT01023,异径三通,SCH80xSCH80,SS,BW,20,CP05T3019,ASME B16.9,RCC-M 2,QA1,16"x6",Φ406.4xΦ168.3,个,163,Kg,
SPT01024,异径三通,SCH80SxSCH80S,SS,BW,022Cr19Ni10,CP05T3017,ASME B16.9,RCC-M 2,QA1,16"x6",Φ406.4xΦ168.3,个,,Kg,
SPT01025,异径三通,9.8mmx4.37mm,SS,BW,20,CP05T3019,ASME B16.9,RCC-M 3,QA2,16"x6",Φ406.4xΦ168.3,个,,Kg,
SPT01026,异径三通,SCH40xSCH40,SS,BW,20,CP05T3019,ASME B16.9,RCC-M 3,QA2,16"x6",Φ406.4xΦ168.3,个,160,Kg,
SPT01027,异径三通,SCH60xSCH40S,SS,BW,022Cr19Ni10,CP05T3017,ASME B16.9,RCC-M 3,QA2,16"x6",Φ406.4xΦ168.3,个,,Kg,
SPT01028,异径三通,SCH10SxSCH10S,SS,BW,022Cr17Ni12Mo2,CP05T3023,ASME B16.9,NA,QNCa,16"x6",Φ406.4xΦ168.3,个,49.4,Kg,
SPT01029,异径三通,SCH10SxSCH10S,SS,BW,022Cr19Ni10,CP05T3023,ASME B16.9,NA,QNCa,16"x6",Φ406.4xΦ168.3,个,49.4,Kg,
SPT01030,异径三通,SCH20x4.37mm,SS,BW,20,CP05T3025,ASME B16.9,NA,QNCa,16"x6",Φ406.4xΦ168.3,个,,Kg,
SPT01031,异径三通,SCH140xSCH160,SS,BW,026Cr18Ni12Mo2N,CP05T3017,ASME B16.9,RCC-M 1,QA1,16"x8",Φ406.4xΦ219.1,个,295,Kg,
SPT01032,异径三通,8.74mmxSCH20,SS,BW,20,CP05T3019,ASME B16.9,RCC-M 2,QA1,16"x8",Φ406.4xΦ219.1,个,,Kg,
SPT01033,异径三通,SCH10SxSCH10S,SS,BW,022Cr19Ni10,CP05T3017,ASME B16.9,RCC-M 2,QA1,16"x8",Φ406.4xΦ219.1,个,49.8,Kg,
SPT01034,异径三通,SCH140xSCH160,SS,BW,022Cr19Ni10,CP05T3017,ASME B16.9,RCC-M 2,QA1,16"x8",Φ406.4xΦ219.1,个,295,Kg,
SPT01035,异径三通,SCH160xSCH160,SS,BW,P280GH,CP05T3019,ASME B16.9,RCC-M 2,QA1,16"x8",Φ406.4xΦ219.1,个,295,Kg,
SPT01036,异径三通,SCH40xSCH40,SS,BW,20,CP05T3019,ASME B16.9,RCC-M 2,QA1,16"x8",Φ406.4xΦ219.1,个,160,Kg,
SPT01037,异径三通,SCH40SxSCH10S,SS,BW,022Cr19Ni10,CP05T3017,ASME B16.9,RCC-M 2,QA1,16"x8",Φ406.4xΦ219.1,个,84.5,Kg,
SPT01038,异径三通,SCH60xSCH40S,SS,BW,022Cr19Ni10,CP05T3017,ASME B16.9,RCC-M 2,QA1,16"x8",Φ406.4xΦ219.1,个,161,Kg,
SPT01039,异径三通,SCH80xSCH80,SS,BW,20,CP05T3019,ASME B16.9,RCC-M 2,QA1,16"x8",Φ406.4xΦ219.1,个,163,Kg,
SPT01040,异径三通,SCH80SxSCH80S,SS,BW,022Cr19Ni10,CP05T3017,ASME B16.9,RCC-M 2,QA1,16"x8",Φ406.4xΦ219.1,个,,Kg,
SPT01041,异径三通,9.8mmxSCH20,SS,BW,20,CP05T3019,ASME B16.9,RCC-M 3,QA2,16"x8",Φ406.4xΦ219.1,个,,Kg,
SPT01042,异径三通,SCH40xSCH40,SS,BW,20,CP05T3019,ASME B16.9,RCC-M 3,QA2,16"x8",Φ406.4xΦ219.1,个,160,Kg,
SPT01043,异径三通,SCH60xSCH40S,SS,BW,022Cr19Ni10,CP05T3017,ASME B16.9,RCC-M 3,QA2,16"x8",Φ406.4xΦ219.1,个,161,Kg,
SPT01044,异径三通,SCH10SxSCH10S,SS,BW,022Cr17Ni12Mo2,CP05T3023,ASME B16.9,NA,QNCa,16"x8",Φ406.4xΦ219.1,个,49.8,Kg,
SPT01045,异径三通,SCH10SxSCH10S,SS,BW,022Cr19Ni10,CP05T3023,ASME B16.9,NA,QNCa,16"x8",Φ406.4xΦ219.1,个,49.8,Kg,
SPT01046,异径三通,SCH20xSCH20,SS,BW,20,CP05T3025,ASME B16.9,NA,QNCa,16"x8",Φ406.4xΦ219.1,个,98,Kg,
SPT01047,异径三通,SCH140xSCH140,SS,BW,026Cr18Ni12Mo2N,CP05T3017,ASME B16.9,RCC-M 1,QA1,16"x10",Φ406.4xΦ273,个,310,Kg,
SPT01048,异径三通,8.74mmxSCH20,SS,BW,20,CP05T3019,ASME B16.9,RCC-M 2,QA1,16"x10",Φ406.4xΦ273,个,,Kg,
SPT01049,异径三通,SCH10SxSCH10S,SS,BW,022Cr19Ni10,CP05T3017,ASME B16.9,RCC-M 2,QA1,16"x10",Φ406.4xΦ273,个,50.7,Kg,
SPT01050,异径三通,SCH140xSCH140,SS,BW,022Cr19Ni10,CP05T3017,ASME B16.9,RCC-M 2,QA1,16"x10",Φ406.4xΦ273,个,310,Kg,
SPT01051,异径三通,SCH160xSCH160,SS,BW,P280GH,CP05T3019,ASME B16.9,RCC-M 2,QA1,16"x10",Φ406.4xΦ273,个,360,Kg,
SPT01052,异径三通,SCH40xSCH40,SS,BW,20,CP05T3019,ASME B16.9,RCC-M 2,QA1,16"x10",Φ406.4xΦ273,个,160,Kg,
SPT01053,异径三通,SCH40SxSCH10S,SS,BW,022Cr19Ni10,CP05T3017,ASME B16.9,RCC-M 2,QA1,16"x10",Φ406.4xΦ273,个,85.5,Kg,
SPT01054,异径三通,SCH60xSCH80S,SS,BW,022Cr19Ni10,CP05T3017,ASME B16.9,RCC-M 2,QA1,16"x10",Φ406.4xΦ273,个,163,Kg,
SPT01055,异径三通,SCH80xSCH80,SS,BW,20,CP05T3019,ASME B16.9,RCC-M 2,QA1,16"x10",Φ406.4xΦ273,个,163,Kg,
SPT01056,异径三通,SCH80SxSCH80S,SS,BW,022Cr19Ni10,CP05T3017,ASME B16.9,RCC-M 2,QA1,16"x10",Φ406.4xΦ273,个,,Kg,
SPT01057,异径三通,9.8mmxSCH20,SS,BW,20,CP05T3019,ASME B16.9,RCC-M 3,QA2,16"x10",Φ406.4xΦ273,个,,Kg,
SPT01058,异径三通,SCH40xSCH40,SS,BW,20,CP05T3019,ASME B16.9,RCC-M 3,QA2,16"x10",Φ406.4xΦ273,个,160,Kg,
SPT01059,异径三通,SCH60xSCH80S,SS,BW,022Cr19Ni10,CP05T3017,ASME B16.9,RCC-M 3,QA2,16"x10",Φ406.4xΦ273,个,163,Kg,
SPT01060,异径三通,SCH10SxSCH10S,SS,BW,022Cr17Ni12Mo2,CP05T3023,ASME B16.9,NA,QNCa,16"x10",Φ406.4xΦ273,个,50.7,Kg,
SPT01061,异径三通,SCH10SxSCH10S,SS,BW,022Cr19Ni10,CP05T3023,ASME B16.9,NA,QNCa,16"x10",Φ406.4xΦ273,个,50.7,Kg,
SPT01062,异径三通,SCH20xSCH20,SS,BW,20,CP05T3025,ASME B16.9,NA,QNCa,16"x10",Φ406.4xΦ273,个,98,Kg,
SPT01063,异径三通,SCH140xSCH140,SS,BW,026Cr18Ni12Mo2N,CP05T3017,ASME B16.9,RCC-M 1,QA1,16"x12",Φ406.4xΦ323.8,个,340,Kg,
SPT01064,异径三通,8.74mmx7.14mm,SS,BW,20,CP05T3019,ASME B16.9,RCC-M 2,QA1,16"x12",Φ406.4xΦ323.8,个,,Kg,
SPT01065,异径三通,SCH10SxSCH10S,SS,BW,022Cr19Ni10,CP05T3017,ASME B16.9,RCC-M 2,QA1,16"x12",Φ406.4xΦ323.8,个,51.6,Kg,
SPT01066,异径三通,SCH140xSCH140,SS,BW,022Cr19Ni10,CP05T3017,ASME B16.9,RCC-M 2,QA1,16"x12",Φ406.4xΦ323.8,个,340,Kg,
SPT01067,异径三通,SCH160xSCH160,SS,BW,P280GH,CP05T3019,ASME B16.9,RCC-M 2,QA1,16"x12",Φ406.4xΦ323.8,个,385,Kg,
SPT01068,异径三通,SCH40xSCH40,SS,BW,20,CP05T3019,ASME B16.9,RCC-M 2,QA1,16"x12",Φ406.4xΦ323.8,个,161,Kg,
SPT01069,异径三通,SCH40SxSCH10S,SS,BW,022Cr19Ni10,CP05T3017,ASME B16.9,RCC-M 2,QA1,16"x12",Φ406.4xΦ323.8,个,87.5,Kg,
SPT01070,异径三通,SCH60xSCH80S,SS,BW,022Cr19Ni10,CP05T3017,ASME B16.9,RCC-M 2,QA1,16"x12",Φ406.4xΦ323.8,个,181,Kg,
SPT01071,异径三通,SCH80xSCH80,SS,BW,20,CP05T3019,ASME B16.9,RCC-M 2,QA1,16"x12",Φ406.4xΦ323.8,个,181,Kg,
SPT01072,异径三通,SCH80SxSCH80S,SS,BW,022Cr19Ni10,CP05T3017,ASME B16.9,RCC-M 2,QA1,16"x12",Φ406.4xΦ323.8,个,,Kg,
SPT01073,异径三通,9.8mmx7.14mm,SS,BW,20,CP05T3019,ASME B16.9,RCC-M 3,QA2,16"x12",Φ406.4xΦ323.8,个,,Kg,
SPT01074,异径三通,SCH40xSCH40,SS,BW,20,CP05T3019,ASME B16.9,RCC-M 3,QA2,16"x12",Φ406.4xΦ323.8,个,161,Kg,
SPT01075,异径三通,SCH60xSCH80S,SS,BW,022Cr19Ni10,CP05T3017,ASME B16.9,RCC-M 3,QA2,16"x12",Φ406.4xΦ323.8,个,181,Kg,
SPT01076,异径三通,SCH10SxSCH10S,SS,BW,022Cr17Ni12Mo2,CP05T3023,ASME B16.9,NA,QNCa,16"x12",Φ406.4xΦ323.8,个,51.6,Kg,
SPT01077,异径三通,SCH10SxSCH10S,SS,BW,022Cr19Ni10,CP05T3023,ASME B16.9,NA,QNCa,16"x12",Φ406.4xΦ323.8,个,51.6,Kg,
SPT01078,异径三通,SCH20x7.14mm,SS,BW,20,CP05T3025,ASME B16.9,NA,QNCa,16"x12",Φ406.4xΦ323.8,个,100,Kg,
SPT01079,异径三通,SCH140xSCH140,SS,BW,026Cr18Ni12Mo2N,CP05T3017,ASME B16.9,RCC-M 1,QA1,16"x14",Φ406.4xΦ355.6,个,360,Kg,
SPT01080,异径三通,8.74mmxSCH20,SS,BW,20,CP05T3019,ASME B16.9,RCC-M 2,QA1,16"x14",Φ406.4xΦ355.6,个,,Kg,
SPT01081,异径三通,SCH10SxSCH10S,SS,BW,022Cr19Ni10,CP05T3017,ASME B16.9,RCC-M 2,QA1,16"x14",Φ406.4xΦ355.6,个,53,Kg,
SPT01082,异径三通,SCH140xSCH140,SS,BW,022Cr19Ni10,CP05T3017,ASME B16.9,RCC-M 2,QA1,16"x14",Φ406.4xΦ355.6,个,360,Kg,
SPT01083,异径三通,SCH160xSCH160,SS,BW,P280GH,CP05T3019,ASME B16.9,RCC-M 2,QA1,16"x14",Φ406.4xΦ355.6,个,410,Kg,
SPT01084,异径三通,SCH40xSCH40,SS,BW,20,CP05T3019,ASME B16.9,RCC-M 2,QA1,16"x14",Φ406.4xΦ355.6,个,167,Kg,
SPT01085,异径三通,SCH40SxSCH10S,SS,BW,022Cr19Ni10,CP05T3017,ASME B16.9,RCC-M 2,QA1,16"x14",Φ406.4xΦ355.6,个,90,Kg,
SPT01086,异径三通,SCH60xSCH60,SS,BW,022Cr19Ni10,CP05T3017,ASME B16.9,RCC-M 2,QA1,16"x14",Φ406.4xΦ355.6,个,208,Kg,
SPT01087,异径三通,SCH80xSCH80,SS,BW,20,CP05T3019,ASME B16.9,RCC-M 2,QA1,16"x14",Φ406.4xΦ355.6,个,200,Kg,
SPT01088,异径三通,SCH80SxSCH80S,SS,BW,022Cr19Ni10,CP05T3017,ASME B16.9,RCC-M 2,QA1,16"x14",Φ406.4xΦ355.6,个,,Kg,
SPT01089,异径三通,9.8mmxSCH20,SS,BW,20,CP05T3019,ASME B16.9,RCC-M 3,QA2,16"x14",Φ406.4xΦ355.6,个,,Kg,
SPT01090,异径三通,SCH40xSCH40,SS,BW,20,CP05T3019,ASME B16.9,RCC-M 3,QA2,16"x14",Φ406.4xΦ355.6,个,167,Kg,
SPT01091,异径三通,SCH60xSCH60,SS,BW,022Cr19Ni10,CP05T3017,ASME B16.9,RCC-M 3,QA2,16"x14",Φ406.4xΦ355.6,个,208,Kg,
SPT01092,异径三通,SCH10SxSCH10S,SS,BW,022Cr17Ni12Mo2,CP05T3023,ASME B16.9,NA,QNCa,16"x14",Φ406.4xΦ355.6,个,53,Kg,
SPT01093,异径三通,SCH10SxSCH10S,SS,BW,022Cr19Ni10,CP05T3023,ASME B16.9,NA,QNCa,16"x14",Φ406.4xΦ355.6,个,53,Kg,
SPT01094,异径三通,SCH20xSCH20,SS,BW,20,CP05T3025,ASME B16.9,NA,QNCa,16"x14",Φ406.4xΦ355.6,个,100,Kg,
SPT01095,异径三通,SCH140xSCH160,SS,BW,026Cr18Ni12Mo2N,CP05T3017,ASME B16.9,RCC-M 1,QA1,18"x8",Φ457xΦ219.1,个,360,Kg,
SPT01096,异径三通,SCH140xSCH160,SS,BW,022Cr19Ni10,CP05T3017,ASME B16.9,RCC-M 2,QA1,18"x8",Φ457xΦ219.1,个,360,Kg,
SPT01097,异径三通,SCH20xSCH10S,SS,BW,022Cr19Ni10,CP05T3017,ASME B16.9,RCC-M 2,QA1,18"x8",Φ457xΦ219.1,个,123,Kg,
SPT01098,异径三通,SCH10xSCH20,FS,BW,Q265HR,CP05T3021,ASME B16.9,RCC-M 3,QA2,18"x8",Φ457xΦ219.1,个,,Kg,
SPT01099,异径三通,SCH140xSCH140,SS,BW,026Cr18Ni12Mo2N,CP05T3017,ASME B16.9,RCC-M 1,QA1,18"x10",Φ457xΦ273,个,385,Kg,
SPT01100,异径三通,SCH140xSCH140,SS,BW,022Cr19Ni10,CP05T3017,ASME B16.9,RCC-M 2,QA1,18"x10",Φ457xΦ273,个,385,Kg,
SPT01101,异径三通,SCH20xSCH10S,SS,BW,022Cr19Ni10,CP05T3017,ASME B16.9,RCC-M 2,QA1,18"x10",Φ457xΦ273,个,123,Kg,
SPT01102,异径三通,SCH10xSCH20,FS,BW,Q265HR,CP05T3021,ASME B16.9,RCC-M 3,QA2,18"x10",Φ457xΦ273,个,113,Kg,
SPT01103,异径三通,SCH140xSCH140,SS,BW,026Cr18Ni12Mo2N,CP05T3017,ASME B16.9,RCC-M 1,QA1,18"x12",Φ457xΦ323.8,个,410,Kg,
SPT01104,异径三通,SCH140xSCH140,SS,BW,022Cr19Ni10,CP05T3017,ASME B16.9,RCC-M 2,QA1,18"x12",Φ457xΦ323.8,个,410,Kg,
SPT01105,异径三通,SCH20xSCH10S,SS,BW,022Cr19Ni10,CP05T3017,ASME B16.9,RCC-M 2,QA1,18"x12",Φ457xΦ323.8,个,127,Kg,
SPT01106,异径三通,SCH10x7.14mm,FS,BW,Q265HR,CP05T3021,ASME B16.9,RCC-M 3,QA2,18"x12",Φ457xΦ323.8,个,,Kg,
SPT01107,异径三通,SCH140xSCH140,SS,BW,026Cr18Ni12Mo2N,CP05T3017,ASME B16.9,RCC-M 1,QA1,18"x14",Φ457xΦ355.6,个,455,Kg,
SPT01108,异径三通,SCH140xSCH140,SS,BW,022Cr19Ni10,CP05T3017,ASME B16.9,RCC-M 2,QA1,18"x14",Φ457xΦ355.6,个,455,Kg,
SPT01109,异径三通,SCH20xSCH10S,SS,BW,022Cr19Ni10,CP05T3017,ASME B16.9,RCC-M 2,QA1,18"x14",Φ457xΦ355.6,个,127,Kg,
SPT01110,异径三通,SCH10xSCH20,FS,BW,Q265HR,CP05T3021,ASME B16.9,RCC-M 3,QA2,18"x14",Φ457xΦ355.6,个,105,Kg,
SPT01111,异径三通,SCH140xSCH140,SS,BW,026Cr18Ni12Mo2N,CP05T3017,ASME B16.9,RCC-M 1,QA1,18"x16",Φ457xΦ406.4,个,475,Kg,
SPT01112,异径三通,SCH140xSCH140,SS,BW,022Cr19Ni10,CP05T3017,ASME B16.9,RCC-M 2,QA1,18"x16",Φ457xΦ406.4,个,475,Kg,
SPT01113,异径三通,SCH20xSCH10S,SS,BW,022Cr19Ni10,CP05T3017,ASME B16.9,RCC-M 2,QA1,18"x16",Φ457xΦ406.4,个,127,Kg,
SPT01114,异径三通,SCH10x9.8mm,FS,BW,Q265HR,CP05T3021,ASME B16.9,RCC-M 3,QA2,18"x16",Φ457xΦ406.4,个,105,Kg,
SPT01115,异径三通,SCH140xSCH160,SS,BW,026Cr18Ni12Mo2N,CP05T3017,ASME B16.9,RCC-M 1,QA1,20"x8",Φ508xΦ219.1,个,450,Kg,
SPT01116,异径三通,SCH140xSCH160,SS,BW,022Cr19Ni10,CP05T3017,ASME B16.9,RCC-M 2,QA1,20"x8",Φ508xΦ219.1,个,450,Kg,
SPT01117,异径三通,SCH10xSCH20,FS,BW,Q265HR,CP05T3021,ASME B16.9,RCC-M 3,QA2,20"x8",Φ508xΦ219.1,个,,Kg,
SPT01118,异径三通,SCH20xSCH20,SS,BW,20,CP05T3025,ASME B16.9,NA,QNCa,20"x8",Φ508xΦ219.1,个,164,Kg,
SPT01119,异径三通,SCH140xSCH140,SS,BW,026Cr18Ni12Mo2N,CP05T3017,ASME B16.9,RCC-M 1,QA1,20"x10",Φ508xΦ273,个,500,Kg,
SPT01120,异径三通,SCH140xSCH140,SS,BW,022Cr19Ni10,CP05T3017,ASME B16.9,RCC-M 2,QA1,20"x10",Φ508xΦ273,个,500,Kg,
SPT01121,异径三通,SCH10xSCH20,FS,BW,Q265HR,CP05T3021,ASME B16.9,RCC-M 3,QA2,20"x10",Φ508xΦ273,个,,Kg,
SPT01122,异径三通,SCH20xSCH20,SS,BW,20,CP05T3025,ASME B16.9,NA,QNCa,20"x10",Φ508xΦ273,个,164,Kg,
SPT01123,异径三通,SCH140xSCH140,SS,BW,026Cr18Ni12Mo2N,CP05T3017,ASME B16.9,RCC-M 1,QA1,20"x12",Φ508xΦ323.8,个,540,Kg,
SPT01124,异径三通,SCH140xSCH140,SS,BW,022Cr19Ni10,CP05T3017,ASME B16.9,RCC-M 2,QA1,20"x12",Φ508xΦ323.8,个,540,Kg,
SPT01125,异径三通,SCH10x7.14mm,FS,BW,Q265HR,CP05T3021,ASME B16.9,RCC-M 3,QA2,20"x12",Φ508xΦ323.8,个,,Kg,
SPT01126,异径三通,SCH20xSCH20,SS,BW,20,CP05T3025,ASME B16.9,NA,QNCa,20"x12",Φ508xΦ323.8,个,164,Kg,
SPT01127,异径三通,SCH140xSCH140,SS,BW,026Cr18Ni12Mo2N,CP05T3017,ASME B16.9,RCC-M 1,QA1,20"x14",Φ508xΦ355.6,个,590,Kg,
SPT01128,异径三通,SCH140xSCH140,SS,BW,022Cr19Ni10,CP05T3017,ASME B16.9,RCC-M 2,QA1,20"x14",Φ508xΦ355.6,个,590,Kg,
SPT01129,异径三通,SCH10xSCH20,FS,BW,Q265HR,CP05T3021,ASME B16.9,RCC-M 3,QA2,20"x14",Φ508xΦ355.6,个,110,Kg,
SPT01130,异径三通,SCH20xSCH20,SS,BW,20,CP05T3025,ASME B16.9,NA,QNCa,20"x14",Φ508xΦ355.6,个,164,Kg,
SPT01131,异径三通,SCH140xSCH140,SS,BW,026Cr18Ni12Mo2N,CP05T3017,ASME B16.9,RCC-M 1,QA1,20"x16",Φ508xΦ406.4,个,630,Kg,
SPT01132,异径三通,SCH140xSCH140,SS,BW,022Cr19Ni10,CP05T3017,ASME B16.9,RCC-M 2,QA1,20"x16",Φ508xΦ406.4,个,630,Kg,
SPT01133,异径三通,SCH10x9.8mm,FS,BW,Q265HR,CP05T3021,ASME B16.9,RCC-M 3,QA2,20"x16",Φ508xΦ406.4,个,112,Kg,
SPT01134,异径三通,SCH20xSCH20,SS,BW,20,CP05T3025,ASME B16.9,NA,QNCa,20"x16",Φ508xΦ406.4,个,168,Kg,
SPT01135,异径三通,SCH140xSCH140,SS,BW,026Cr18Ni12Mo2N,CP05T3017,ASME B16.9,RCC-M 1,QA1,20"x18",Φ508xΦ457,个,680,Kg,
SPT01136,异径三通,SCH140xSCH140,SS,BW,022Cr19Ni10,CP05T3017,ASME B16.9,RCC-M 2,QA1,20"x18",Φ508xΦ457,个,680,Kg,
SPT01137,异径三通,SCH10xSCH10,FS,BW,Q265HR,CP05T3021,ASME B16.9,RCC-M 3,QA2,20"x18",Φ508xΦ457,个,112,Kg,
SPT01138,异径三通,SCH20xSCH20,SS,BW,20,CP05T3025,ASME B16.9,NA,QNCa,20"x18",Φ508xΦ457,个,168,Kg,
SPT01139,异径三通,SCH140xSCH140,SS,BW,026Cr18Ni12Mo2N,CP05T3017,ASME B16.9,RCC-M 1,QA1,22"x10",Φ559xΦ273,个,725,Kg,
SPT01140,异径三通,SCH140xSCH140,SS,BW,022Cr19Ni10,CP05T3017,ASME B16.9,RCC-M 2,QA1,22"x10",Φ559xΦ273,个,725,Kg,
SPT01141,异径三通,SCH10xSCH20,FS,BW,Q265HR,CP05T3021,ASME B16.9,RCC-M 3,QA2,22"x10",Φ559xΦ273,个,,Kg,
SPT01142,异径三通,SCH30xSCH20,SS,BW,20,CP05T3025,ASME B16.9,NA,QNCa,22"x10",Φ559xΦ273,个,245,Kg,
SPT01143,异径三通,SCH140xSCH140,SS,BW,026Cr18Ni12Mo2N,CP05T3017,ASME B16.9,RCC-M 1,QA1,22"x12",Φ559xΦ323.8,个,725,Kg,
SPT01144,异径三通,SCH140xSCH140,SS,BW,022Cr19Ni10,CP05T3017,ASME B16.9,RCC-M 2,QA1,22"x12",Φ559xΦ323.8,个,725,Kg,
SPT01145,异径三通,SCH10x7.14mm,FS,BW,Q265HR,CP05T3021,ASME B16.9,RCC-M 3,QA2,22"x12",Φ559xΦ323.8,个,,Kg,
SPT01146,异径三通,SCH30xSCH20,SS,BW,20,CP05T3025,ASME B16.9,NA,QNCa,22"x12",Φ559xΦ323.8,个,245,Kg,
SPT01147,异径三通,SCH140xSCH140,SS,BW,026Cr18Ni12Mo2N,CP05T3017,ASME B16.9,RCC-M 1,QA1,22"x14",Φ559xΦ355.6,个,725,Kg,
SPT01148,异径三通,SCH140xSCH140,SS,BW,022Cr19Ni10,CP05T3017,ASME B16.9,RCC-M 2,QA1,22"x14",Φ559xΦ355.6,个,725,Kg,
SPT01149,异径三通,SCH10xSCH20,FS,BW,Q265HR,CP05T3021,ASME B16.9,RCC-M 3,QA2,22"x14",Φ559xΦ355.6,个,160,Kg,
SPT01150,异径三通,SCH30xSCH20,SS,BW,20,CP05T3025,ASME B16.9,NA,QNCa,22"x14",Φ559xΦ355.6,个,245,Kg,
SPT01151,异径三通,SCH140xSCH140,SS,BW,026Cr18Ni12Mo2N,CP05T3017,ASME B16.9,RCC-M 1,QA1,22"x16",Φ559xΦ406.4,个,840,Kg,
SPT01152,异径三通,SCH140xSCH140,SS,BW,022Cr19Ni10,CP05T3017,ASME B16.9,RCC-M 2,QA1,22"x16",Φ559xΦ406.4,个,840,Kg,
SPT01153,异径三通,SCH10x9.8mm,FS,BW,Q265HR,CP05T3021,ASME B16.9,RCC-M 3,QA2,22"x16",Φ559xΦ406.4,个,190,Kg,
SPT01154,异径三通,SCH30xSCH20,SS,BW,20,CP05T3025,ASME B16.9,NA,QNCa,22"x16",Φ559xΦ406.4,个,260,Kg,
SPT01155,异径三通,SCH140xSCH140,SS,BW,026Cr18Ni12Mo2N,CP05T3017,ASME B16.9,RCC-M 1,QA1,22"x18",Φ559xΦ457,个,840,Kg,
SPT01156,异径三通,SCH140xSCH140,SS,BW,022Cr19Ni10,CP05T3017,ASME B16.9,RCC-M 2,QA1,22"x18",Φ559xΦ457,个,840,Kg,
SPT01157,异径三通,SCH10xSCH10,FS,BW,Q265HR,CP05T3021,ASME B16.9,RCC-M 3,QA2,22"x18",Φ559xΦ457,个,190,Kg,
SPT01158,异径三通,SCH30xSCH20,SS,BW,20,CP05T3025,ASME B16.9,NA,QNCa,22"x18",Φ559xΦ457,个,260,Kg,
SPT01159,异径三通,SCH140xSCH140,SS,BW,026Cr18Ni12Mo2N,CP05T3017,ASME B16.9,RCC-M 1,QA1,22"x20",Φ559xΦ508,个,910,Kg,
SPT01160,异径三通,SCH140xSCH140,SS,BW,022Cr19Ni10,CP05T3017,ASME B16.9,RCC-M 2,QA1,22"x20",Φ559xΦ508,个,910,Kg,
SPT01161,异径三通,SCH10xSCH10,FS,BW,Q265HR,CP05T3021,ASME B16.9,RCC-M 3,QA2,22"x20",Φ559xΦ508,个,210,Kg,
SPT01162,异径三通,SCH30xSCH20,SS,BW,20,CP05T3025,ASME B16.9,NA,QNCa,22"x20",Φ559xΦ508,个,280,Kg,
SPT01163,异径三通,SCH140xSCH140,SS,BW,026Cr18Ni12Mo2N,CP05T3017,ASME B16.9,RCC-M 1,QA1,24"x10",Φ610xΦ273,个,950,Kg,
SPT01164,异径三通,SCH140xSCH140,SS,BW,022Cr19Ni10,CP05T3017,ASME B16.9,RCC-M 2,QA1,24"x10",Φ610xΦ273,个,950,Kg,
SPT01165,异径三通,SCH10xSCH20,FS,BW,Q265HR,CP05T3021,ASME B16.9,RCC-M 3,QA2,24"x10",Φ610xΦ273,个,150,Kg,
SPT01166,异径三通,SCH140xSCH140,SS,BW,026Cr18Ni12Mo2N,CP05T3017,ASME B16.9,RCC-M 1,QA1,24"x12",Φ610xΦ323.8,个,980,Kg,
SPT01167,异径三通,SCH140xSCH140,SS,BW,022Cr19Ni10,CP05T3017,ASME B16.9,RCC-M 2,QA1,24"x12",Φ610xΦ323.8,个,980,Kg,
SPT01168,异径三通,SCH10x7.14mm,FS,BW,Q265HR,CP05T3021,ASME B16.9,RCC-M 3,QA2,24"x12",Φ610xΦ323.8,个,,Kg,
SPT01169,异径三通,SCH140xSCH140,SS,BW,026Cr18Ni12Mo2N,CP05T3017,ASME B16.9,RCC-M 1,QA1,24"x14",Φ610xΦ355.6,个,1050,Kg,
SPT01170,异径三通,SCH140xSCH140,SS,BW,022Cr19Ni10,CP05T3017,ASME B16.9,RCC-M 2,QA1,24"x14",Φ610xΦ355.6,个,1050,Kg,
SPT01171,异径三通,SCH10xSCH20,FS,BW,Q265HR,CP05T3021,ASME B16.9,RCC-M 3,QA2,24"x14",Φ610xΦ355.6,个,150,Kg,
SPT01172,异径三通,SCH140xSCH140,SS,BW,026Cr18Ni12Mo2N,CP05T3017,ASME B16.9,RCC-M 1,QA1,24"x16",Φ610xΦ406.4,个,1040,Kg,
SPT01173,异径三通,SCH140xSCH140,SS,BW,022Cr19Ni10,CP05T3017,ASME B16.9,RCC-M 2,QA1,24"x16",Φ610xΦ406.4,个,1040,Kg,
SPT01174,异径三通,SCH10x9.8mm,FS,BW,Q265HR,CP05T3021,ASME B16.9,RCC-M 3,QA2,24"x16",Φ610xΦ406.4,个,150,Kg,
SPT01175,异径三通,SCH140xSCH140,SS,BW,026Cr18Ni12Mo2N,CP05T3017,ASME B16.9,RCC-M 1,QA1,24"x18",Φ610xΦ457,个,1090,Kg,
SPT01176,异径三通,SCH140xSCH140,SS,BW,022Cr19Ni10,CP05T3017,ASME B16.9,RCC-M 2,QA1,24"x18",Φ610xΦ457,个,1090,Kg,
SPT01177,异径三通,SCH10xSCH10,FS,BW,Q265HR,CP05T3021,ASME B16.9,RCC-M 3,QA2,24"x18",Φ610xΦ457,个,151,Kg,
SPT01178,异径三通,SCH140xSCH140,SS,BW,026Cr18Ni12Mo2N,CP05T3017,ASME B16.9,RCC-M 1,QA1,24"x20",Φ610xΦ508,个,1140,Kg,
SPT01179,异径三通,SCH140xSCH140,SS,BW,022Cr19Ni10,CP05T3017,ASME B16.9,RCC-M 2,QA1,24"x20",Φ610xΦ508,个,1140,Kg,
SPT01180,异径三通,SCH10xSCH10,FS,BW,Q265HR,CP05T3021,ASME B16.9,RCC-M 3,QA2,24"x20",Φ610xΦ508,个,151,Kg,
SPT01181,异径三通,SCH140xSCH140,SS,BW,026Cr18Ni12Mo2N,CP05T3017,ASME B16.9,RCC-M 1,QA1,24"x22",Φ610xΦ559,个,1160,Kg,
SPT01182,异径三通,SCH140xSCH140,SS,BW,022Cr19Ni10,CP05T3017,ASME B16.9,RCC-M 2,QA1,24"x22",Φ610xΦ559,个,1160,Kg,
SPT01183,异径三通,SCH10xSCH10,FS,BW,Q265HR,CP05T3021,ASME B16.9,RCC-M 3,QA2,24"x22",Φ610xΦ559,个,151,Kg,
SPT01184,异径三通,SCH10x7.14mm,FS,BW,Q265HR,CP05T3021,ASME B16.9,RCC-M 3,QA2,26"x12",Φ660xΦ323.8,个,,Kg,
SPT01185,异径三通,SCH10xSCH20,FS,BW,Q265HR,CP05T3021,ASME B16.9,RCC-M 3,QA2,26"x14",Φ660xΦ355.6,个,199,Kg,
SPT01186,异径三通,SCH10x9.8mm,FS,BW,Q265HR,CP05T3021,ASME B16.9,RCC-M 3,QA2,26"x16",Φ660xΦ406.4,个,205,Kg,
SPT01187,异径三通,SCH10xSCH10,FS,BW,Q265HR,CP05T3021,ASME B16.9,RCC-M 3,QA2,26"x18",Φ660xΦ457,个,212,Kg,
SPT01188,异径三通,SCH10xSCH10,FS,BW,Q265HR,CP05T3021,ASME B16.9,RCC-M 3,QA2,26"x20",Φ660xΦ508,个,219,Kg,
SPT01189,异径三通,SCH10xSCH10,FS,BW,Q265HR,CP05T3021,ASME B16.9,RCC-M 3,QA2,26"x22",Φ660xΦ559,个,234,Kg,
SPT01190,异径三通,SCH10xSCH10,FS,BW,Q265HR,CP05T3021,ASME B16.9,RCC-M 3,QA2,26"x24",Φ660xΦ610,个,234,Kg,
SPT01191,异径三通,SCH10x7.14mm,FS,BW,Q265HR,CP05T3021,ASME B16.9,RCC-M 3,QA2,28"x12",Φ711xΦ323.8,个,243,Kg,
SPT01192,异径三通,SCH10xSCH20,FS,BW,Q265HR,CP05T3021,ASME B16.9,RCC-M 3,QA2,28"x14",Φ711xΦ355.6,个,228,Kg,
SPT01193,异径三通,SCH10x9.8mm,FS,BW,Q265HR,CP05T3021,ASME B16.9,RCC-M 3,QA2,28"x16",Φ711xΦ406.4,个,235,Kg,
SPT01194,异径三通,SCH10xSCH10,FS,BW,Q265HR,CP05T3021,ASME B16.9,RCC-M 3,QA2,28"x18",Φ711xΦ457,个,243,Kg,
SPT01195,异径三通,SCH10xSCH10,FS,BW,Q265HR,CP05T3021,ASME B16.9,RCC-M 3,QA2,28"x20",Φ711xΦ508,个,251,Kg,
SPT01196,异径三通,SCH10xSCH10,FS,BW,Q265HR,CP05T3021,ASME B16.9,RCC-M 3,QA2,28"x22",Φ711xΦ559,个,258,Kg,
SPT01197,异径三通,SCH10xSCH10,FS,BW,Q265HR,CP05T3021,ASME B16.9,RCC-M 3,QA2,28"x24",Φ711xΦ610,个,266,Kg,
SPT01198,异径三通,SCH10xSCH10,FS,BW,Q265HR,CP05T3021,ASME B16.9,RCC-M 3,QA2,28"x26",Φ711xΦ660,个,271,Kg,
SPT01199,异径三通,SCH10xSCH20,FS,BW,Q265HR,CP05T3021,ASME B16.9,RCC-M 3,QA2,30"x10",Φ762xΦ273,个,,Kg,
SPT01200,异径三通,SCH10x7.14mm,FS,BW,Q265HR,CP05T3021,ASME B16.9,RCC-M 3,QA2,30"x12",Φ762xΦ323.8,个,,Kg,
SPT01201,异径三通,SCH10xSCH20,FS,BW,Q265HR,CP05T3021,ASME B16.9,RCC-M 3,QA2,30"x14",Φ762xΦ355.6,个,257,Kg,
SPT01202,异径三通,SCH10x9.8mm,FS,BW,Q265HR,CP05T3021,ASME B16.9,RCC-M 3,QA2,30"x16",Φ762xΦ406.4,个,266,Kg,
SPT01203,异径三通,SCH10xSCH10,FS,BW,Q265HR,CP05T3021,ASME B16.9,RCC-M 3,QA2,30"x18",Φ762xΦ457,个,274,Kg,
SPT01204,异径三通,SCH10xSCH10,FS,BW,Q265HR,CP05T3021,ASME B16.9,RCC-M 3,QA2,30"x20",Φ762xΦ508,个,283,Kg,
SPT01205,异径三通,SCH10xSCH10,FS,BW,Q265HR,CP05T3021,ASME B16.9,RCC-M 3,QA2,30"x22",Φ762xΦ559,个,291,Kg,
SPT01206,异径三通,SCH10xSCH10,FS,BW,Q265HR,CP05T3021,ASME B16.9,RCC-M 3,QA2,30"x24",Φ762xΦ610,个,300,Kg,
SPT01207,异径三通,SCH10xSCH10,FS,BW,Q265HR,CP05T3021,ASME B16.9,RCC-M 3,QA2,30"x26",Φ762xΦ660,个,308,Kg,
SPT01208,异径三通,SCH10xSCH10,FS,BW,Q265HR,CP05T3021,ASME B16.9,RCC-M 3,QA2,30"x28",Φ762xΦ711,个,315,Kg,
SPT01209,异径三通,9.52mmxSCH20,FS,BW,Q265HR,CP05T3021,ASME B16.9,RCC-M 3,QA2,32"x14",Φ813xΦ355.6,个,415,Kg,
SPT01210,异径三通,9.52mmx9.8mm,FS,BW,Q265HR,CP05T3021,ASME B16.9,RCC-M 3,QA2,32"x16",Φ813xΦ406.4,个,425,Kg,
SPT01211,异径三通,9.52mmxSCH10,FS,BW,Q265HR,CP05T3021,ASME B16.9,RCC-M 3,QA2,32"x18",Φ813xΦ457,个,436,Kg,
SPT01212,异径三通,9.52mmxSCH10,FS,BW,Q265HR,CP05T3021,ASME B16.9,RCC-M 3,QA2,32"x20",Φ813xΦ508,个,448,Kg,
SPT01213,异径三通,9.52mmxSCH10,FS,BW,Q265HR,CP05T3021,ASME B16.9,RCC-M 3,QA2,32"x22",Φ813xΦ559,个,460,Kg,
SPT01214,异径三通,9.52mmxSCH10,FS,BW,Q265HR,CP05T3021,ASME B16.9,RCC-M 3,QA2,32"x24",Φ813xΦ610,个,472,Kg,
SPT01215,异径三通,9.52mmxSCH10,FS,BW,Q265HR,CP05T3021,ASME B16.9,RCC-M 3,QA2,32"x26",Φ813xΦ660,个,482,Kg,
SPT01216,异径三通,9.52mmxSCH10,FS,BW,Q265HR,CP05T3021,ASME B16.9,RCC-M 3,QA2,32"x28",Φ813xΦ711,个,493,Kg,
SPT01217,异径三通,9.52mmxSCH10,FS,BW,Q265HR,CP05T3021,ASME B16.9,RCC-M 3,QA2,32"x30",Φ813xΦ762,个,506,Kg,
SPT01218,异径三通,9.52mmx9.8mm,FS,BW,Q265HR,CP05T3021,ASME B16.9,RCC-M 3,QA2,34"x16",Φ864xΦ406.4,个,415,Kg,
SPT01219,异径三通,9.52mmxSCH10,FS,BW,Q265HR,CP05T3021,ASME B16.9,RCC-M 3,QA2,34"x18",Φ864xΦ457,个,425,Kg,
SPT01220,异径三通,9.52mmxSCH10,FS,BW,Q265HR,CP05T3021,ASME B16.9,RCC-M 3,QA2,34"x20",Φ864xΦ508,个,436,Kg,
SPT01221,异径三通,9.52mmxSCH10,FS,BW,Q265HR,CP05T3021,ASME B16.9,RCC-M 3,QA2,34"x22",Φ864xΦ559,个,448,Kg,
SPT01222,异径三通,9.52mmxSCH10,FS,BW,Q265HR,CP05T3021,ASME B16.9,RCC-M 3,QA2,34"x24",Φ864xΦ610,个,460,Kg,
SPT01223,异径三通,9.52mmxSCH10,FS,BW,Q265HR,CP05T3021,ASME B16.9,RCC-M 3,QA2,34"x26",Φ864xΦ660,个,472,Kg,
SPT01224,异径三通,9.52mmxSCH10,FS,BW,Q265HR,CP05T3021,ASME B16.9,RCC-M 3,QA2,34"x28",Φ864xΦ711,个,482,Kg,
SPT01225,异径三通,9.52mmxSCH10,FS,BW,Q265HR,CP05T3021,ASME B16.9,RCC-M 3,QA2,34"x30",Φ864xΦ762,个,493,Kg,
SPT01226,异径三通,9.52mmx9.52mm,FS,BW,Q265HR,CP05T3021,ASME B16.9,RCC-M 3,QA2,34"x32",Φ864xΦ813,个,506,Kg,
SPT01227,异径三通,9.52mmx9.8mm,FS,BW,Q265HR,CP05T3021,ASME B16.9,RCC-M 3,QA2,36"x16",Φ914xΦ406.4,个,472,Kg,
SPT01228,异径三通,9.52mmxSCH10,FS,BW,Q265HR,CP05T3021,ASME B16.9,RCC-M 3,QA2,36"x18",Φ914xΦ457,个,483,Kg,
SPT01229,异径三通,9.52mmxSCH10,FS,BW,Q265HR,CP05T3021,ASME B16.9,RCC-M 3,QA2,36"x20",Φ914xΦ508,个,493,Kg,
SPT01230,异径三通,9.52mmxSCH10,FS,BW,Q265HR,CP05T3021,ASME B16.9,RCC-M 3,QA2,36"x22",Φ914xΦ559,个,502,Kg,
SPT01231,异径三通,9.52mmxSCH10,FS,BW,Q265HR,CP05T3021,ASME B16.9,RCC-M 3,QA2,36"x24",Φ914xΦ610,个,513,Kg,
SPT01232,异径三通,9.52mmxSCH10,FS,BW,Q265HR,CP05T3021,ASME B16.9,RCC-M 3,QA2,36"x26",Φ914xΦ660,个,526,Kg,
SPT01233,异径三通,9.52mmxSCH10,FS,BW,Q265HR,CP05T3021,ASME B16.9,RCC-M 3,QA2,36"x28",Φ914xΦ711,个,537,Kg,
SPT01234,异径三通,9.52mmxSCH10,FS,BW,Q265HR,CP05T3021,ASME B16.9,RCC-M 3,QA2,36"x30",Φ914xΦ762,个,548,Kg,
SPT01235,异径三通,9.52mmx9.52mm,FS,BW,Q265HR,CP05T3021,ASME B16.9,RCC-M 3,QA2,36"x32",Φ914xΦ813,个,561,Kg,
SPT01236,异径三通,9.52mmx9.52mm,FS,BW,Q265HR,CP05T3021,ASME B16.9,RCC-M 3,QA2,36"x34",Φ914xΦ864,个,574,Kg,
SPT01237,支架三通,CL6000,FO,SW,022Cr19Ni10,CP05T3038,ASME B16.11,RCC-M 1,QA1,1/2",,个,,Kg,支管不开孔
SPT01238,支架三通,CL6000,FO,SW,022Cr19Ni10,CP05T3038,ASME B16.11,RCC-M 1,QA1,3/4",,个,0.9,Kg,支管不开孔
SPT01239,支架三通,CL6000,FO,SW,022Cr19Ni10,CP05T3038,ASME B16.11,RCC-M 1,QA1,1",,个,,Kg,支管不开孔
SPT01240,支架三通,CL3000,FO,SW,022Cr19Ni10,CP05T3038,ASME B16.11,RCC-M 2,QA1,1/4",,个,,Kg,支管不开孔
SPT01241,支架三通,CL3000,FO,SW,022Cr19Ni10,CP05T3038,ASME B16.11,RCC-M 2,QA1,3/8",,个,,Kg,支管不开孔
SPT01242,支架三通,CL3000,FO,SW,022Cr19Ni10,CP05T3038,ASME B16.11,RCC-M 2,QA1,1/2",,个,,Kg,支管不开孔
SPT01243,支架三通,CL3000,FO,SW,022Cr19Ni10,CP05T3038,ASME B16.11,RCC-M 2,QA1,3/4",,个,,Kg,支管不开孔
SPT01244,支架三通,CL3000,FO,SW,022Cr19Ni10,CP05T3038,ASME B16.11,RCC-M 2,QA1,1",,个,0.66,Kg,支管不开孔
SPT01245,支架三通,CL3000,FO,SW,022Cr19Ni10,CP05T3038,ASME B16.11,RCC-M 2,QA1,1-1/4",,个,,Kg,支管不开孔
SPT01246,支架三通,CL3000,FO,SW,022Cr19Ni10,CP05T3038,ASME B16.11,RCC-M 2,QA1,1-1/2",,个,,Kg,支管不开孔
SPT01247,支架三通,CL3000,FO,SW,022Cr19Ni10,CP05T3038,ASME B16.11,RCC-M 2,QA1,2",,个,,Kg,支管不开孔
SPT01248,支架三通,CL3000,FO,SW,20,CP05T3037,ASME B16.11,RCC-M 2,QA1,1/4",,个,,Kg,支管不开孔
SPT01249,支架三通,CL3000,FO,SW,20,CP05T3037,ASME B16.11,RCC-M 2,QA1,3/8",,个,,Kg,支管不开孔
SPT01250,支架三通,CL3000,FO,SW,20,CP05T3037,ASME B16.11,RCC-M 2,QA1,1/2",,个,,Kg,支管不开孔
SPT01251,支架三通,CL3000,FO,SW,20,CP05T3037,ASME B16.11,RCC-M 2,QA1,3/4",,个,,Kg,支管不开孔
SPT01252,支架三通,CL3000,FO,SW,20,CP05T3037,ASME B16.11,RCC-M 2,QA1,1",,个,,Kg,支管不开孔
SPT01253,支架三通,CL3000,FO,SW,20,CP05T3037,ASME B16.11,RCC-M 2,QA1,1-1/4",,个,,Kg,支管不开孔
SPT01254,支架三通,CL3000,FO,SW,20,CP05T3037,ASME B16.11,RCC-M 2,QA1,1-1/2",,个,,Kg,支管不开孔
SPT01255,支架三通,CL3000,FO,SW,20,CP05T3037,ASME B16.11,RCC-M 2,QA1,2",,个,,Kg,支管不开孔
SPT01256,支架三通,CL6000,FO,SW,022Cr19Ni10,CP05T3038,ASME B16.11,RCC-M 2,QA1,1/2",,个,,Kg,支管不开孔
SPT01257,支架三通,CL6000,FO,SW,022Cr19Ni10,CP05T3038,ASME B16.11,RCC-M 2,QA1,3/4",,个,,Kg,支管不开孔
SPT01258,支架三通,CL6000,FO,SW,022Cr19Ni10,CP05T3038,ASME B16.11,RCC-M 2,QA1,1",,个,,Kg,支管不开孔
SPT01259,支架三通,CL6000,FO,SW,022Cr19Ni10,CP05T3038,ASME B16.11,RCC-M 2,QA1,1-1/4",,个,,Kg,支管不开孔
SPT01260,支架三通,CL6000,FO,SW,022Cr19Ni10,CP05T3038,ASME B16.11,RCC-M 2,QA1,1-1/2",,个,,Kg,支管不开孔
SPT01261,支架三通,CL6000,FO,SW,022Cr19Ni10,CP05T3038,ASME B16.11,RCC-M 2,QA1,2",,个,,Kg,支管不开孔
SPT01262,支架三通,CL6000,FO,SW,20,CP05T3037,ASME B16.11,RCC-M 2,QA1,1/4",,个,,Kg,支管不开孔
SPT01263,支架三通,CL6000,FO,SW,20,CP05T3037,ASME B16.11,RCC-M 2,QA1,3/8",,个,,Kg,支管不开孔
SPT01264,支架三通,CL6000,FO,SW,20,CP05T3037,ASME B16.11,RCC-M 2,QA1,1/2",,个,,Kg,支管不开孔
SPT01265,支架三通,CL6000,FO,SW,20,CP05T3037,ASME B16.11,RCC-M 2,QA1,3/4",,个,,Kg,支管不开孔
SPT01266,支架三通,CL6000,FO,SW,20,CP05T3037,ASME B16.11,RCC-M 2,QA1,1",,个,,Kg,支管不开孔
SPT01267,支架三通,CL6000,FO,SW,20,CP05T3037,ASME B16.11,RCC-M 2,QA1,1-1/4",,个,,Kg,支管不开孔
SPT01268,支架三通,CL6000,FO,SW,20,CP05T3037,ASME B16.11,RCC-M 2,QA1,1-1/2",,个,,Kg,支管不开孔
SPT01269,支架三通,CL6000,FO,SW,20,CP05T3037,ASME B16.11,RCC-M 2,QA1,2",,个,,Kg,支管不开孔
SPT01270,支架三通,CL6000,FO,SW,P280GH,CP05T3052,ASME B16.11,RCC-M 2,QA1,1/4",,个,,Kg,支管不开孔
SPT01271,支架三通,CL6000,FO,SW,P280GH,CP05T3052,ASME B16.11,RCC-M 2,QA1,3/8",,个,,Kg,支管不开孔
SPT01272,支架三通,CL6000,FO,SW,P280GH,CP05T3052,ASME B16.11,RCC-M 2,QA1,1/2",,个,,Kg,支管不开孔
SPT01273,支架三通,CL6000,FO,SW,P280GH,CP05T3052,ASME B16.11,RCC-M 2,QA1,3/4",,个,,Kg,支管不开孔
SPT01274,支架三通,CL6000,FO,SW,P280GH,CP05T3052,ASME B16.11,RCC-M 2,QA1,1",,个,,Kg,支管不开孔
SPT01275,支架三通,CL6000,FO,SW,P280GH,CP05T3052,ASME B16.11,RCC-M 2,QA1,1-1/4",,个,,Kg,支管不开孔
SPT01276,支架三通,CL6000,FO,SW,P280GH,CP05T3052,ASME B16.11,RCC-M 2,QA1,1-1/2",,个,,Kg,支管不开孔
SPT01277,支架三通,CL6000,FO,SW,P280GH,CP05T3052,ASME B16.11,RCC-M 2,QA1,2",,个,,Kg,支管不开孔
SPT01278,支架三通,CL3000,FO,SW,022Cr17Ni12Mo2,CP05T3038,ASME B16.11,RCC-M 3,QA2,1/2",,个,,Kg,支管不开孔
SPT01279,支架三通,CL3000,FO,SW,022Cr17Ni12Mo2,CP05T3038,ASME B16.11,RCC-M 3,QA2,3/4",,个,,Kg,支管不开孔
SPT01280,支架三通,CL3000,FO,SW,022Cr17Ni12Mo2,CP05T3038,ASME B16.11,RCC-M 3,QA2,1",,个,,Kg,支管不开孔
SPT01281,支架三通,CL3000,FO,SW,022Cr17Ni12Mo2,CP05T3038,ASME B16.11,RCC-M 3,QA2,1-1/4",,个,,Kg,支管不开孔
SPT01282,支架三通,CL3000,FO,SW,022Cr17Ni12Mo2,CP05T3038,ASME B16.11,RCC-M 3,QA2,1-1/2",,个,,Kg,支管不开孔
SPT01283,支架三通,CL3000,FO,SW,022Cr17Ni12Mo2,CP05T3038,ASME B16.11,RCC-M 3,QA2,2",,个,,Kg,支管不开孔
SPT01284,支架三通,CL3000,FO,SW,022Cr19Ni10,CP05T3038,ASME B16.11,RCC-M 3,QA2,1/2",,个,,Kg,支管不开孔
SPT01285,支架三通,CL3000,FO,SW,022Cr19Ni10,CP05T3038,ASME B16.11,RCC-M 3,QA2,3/4",,个,,Kg,支管不开孔
SPT01286,支架三通,CL3000,FO,SW,022Cr19Ni10,CP05T3038,ASME B16.11,RCC-M 3,QA2,1",,个,,Kg,支管不开孔
SPT01287,支架三通,CL3000,FO,SW,022Cr19Ni10,CP05T3038,ASME B16.11,RCC-M 3,QA2,1-1/4",,个,,Kg,支管不开孔
SPT01288,支架三通,CL3000,FO,SW,022Cr19Ni10,CP05T3038,ASME B16.11,RCC-M 3,QA2,1-1/2",,个,,Kg,支管不开孔
SPT01289,支架三通,CL3000,FO,SW,022Cr19Ni10,CP05T3038,ASME B16.11,RCC-M 3,QA2,2",,个,,Kg,支管不开孔
SPT01290,支架三通,CL3000,FO,SW,20,CP05T3037,ASME B16.11,RCC-M 3,QA2,1/4",,个,,Kg,支管不开孔
SPT01291,支架三通,CL3000,FO,SW,20,CP05T3037,ASME B16.11,RCC-M 3,QA2,3/8",,个,,Kg,支管不开孔
SPT01292,支架三通,CL3000,FO,SW,20,CP05T3037,ASME B16.11,RCC-M 3,QA2,1/2",,个,,Kg,支管不开孔
SPT01293,支架三通,CL3000,FO,SW,20,CP05T3037,ASME B16.11,RCC-M 3,QA2,3/4",,个,,Kg,支管不开孔
SPT01294,支架三通,CL3000,FO,SW,20,CP05T3037,ASME B16.11,RCC-M 3,QA2,1",,个,,Kg,支管不开孔
SPT01295,支架三通,CL3000,FO,SW,20,CP05T3037,ASME B16.11,RCC-M 3,QA2,1-1/4",,个,,Kg,支管不开孔
SPT01296,支架三通,CL3000,FO,SW,20,CP05T3037,ASME B16.11,RCC-M 3,QA2,1-1/2",,个,,Kg,支管不开孔
SPT01297,支架三通,CL3000,FO,SW,20,CP05T3037,ASME B16.11,RCC-M 3,QA2,2",,个,,Kg,支管不开孔
SPT01298,支架三通,CL3000,FO,SW,022Cr17Ni12Mo2,CP05T3023,ASME B16.11,NA,QNCa,1/2",,个,,Kg,支管不开孔
SPT01299,支架三通,CL3000,FO,SW,022Cr17Ni12Mo2,CP05T3023,ASME B16.11,NA,QNCa,3/4",,个,,Kg,支管不开孔
SPT01300,支架三通,CL3000,FO,SW,022Cr17Ni12Mo2,CP05T3023,ASME B16.11,NA,QNCa,1",,个,0.66,Kg,支管不开孔
SPT01301,支架三通,CL3000,FO,SW,022Cr17Ni12Mo2,CP05T3023,ASME B16.11,NA,QNCa,1-1/4",,个,,Kg,支管不开孔
SPT01302,支架三通,CL3000,FO,SW,022Cr17Ni12Mo2,CP05T3023,ASME B16.11,NA,QNCa,1-1/2",,个,,Kg,支管不开孔
SPT01303,支架三通,CL3000,FO,SW,022Cr17Ni12Mo2,CP05T3023,ASME B16.11,NA,QNCa,2",,个,,Kg,支管不开孔
SPT01304,支架三通,CL3000,FO,SW,022Cr19Ni10,CP05T3023,ASME B16.11,NA,QNCa,1/2",,个,0.35,Kg,支管不开孔
SPT01305,支架三通,CL3000,FO,SW,022Cr19Ni10,CP05T3023,ASME B16.11,NA,QNCa,3/4",,个,0.4,Kg,支管不开孔
SPT01306,支架三通,CL3000,FO,SW,022Cr19Ni10,CP05T3023,ASME B16.11,NA,QNCa,1",,个,,Kg,支管不开孔
SPT01307,支架三通,CL3000,FO,SW,022Cr19Ni10,CP05T3023,ASME B16.11,NA,QNCa,1-1/4",,个,,Kg,支管不开孔
SPT01308,支架三通,CL3000,FO,SW,022Cr19Ni10,CP05T3023,ASME B16.11,NA,QNCa,1-1/2",,个,1.4,Kg,支管不开孔
SPT01309,支架三通,CL3000,FO,SW,022Cr19Ni10,CP05T3023,ASME B16.11,NA,QNCa,2",,个,2.2,Kg,支管不开孔
SPT01310,支架三通,CL3000,FO,SW,20,CP05T3025,ASME B16.11,NA,QNCa,1/4",,个,,Kg,支管不开孔
SPT01311,支架三通,CL3000,FO,SW,20,CP05T3025,ASME B16.11,NA,QNCa,3/8",,个,,Kg,支管不开孔
SPT01312,支架三通,CL3000,FO,SW,20,CP05T3025,ASME B16.11,NA,QNCa,1/2",,个,0.4,Kg,支管不开孔
SPT01313,支架三通,CL3000,FO,SW,20,CP05T3025,ASME B16.11,NA,QNCa,3/4",,个,0.4,Kg,支管不开孔
SPT01314,支架三通,CL3000,FO,SW,20,CP05T3025,ASME B16.11,NA,QNCa,1",,个,0.7,Kg,支管不开孔
SPT01315,支架三通,CL3000,FO,SW,20,CP05T3025,ASME B16.11,NA,QNCa,1-1/4",,个,,Kg,支管不开孔
SPT01316,支架三通,CL3000,FO,SW,20,CP05T3025,ASME B16.11,NA,QNCa,1-1/2",,个,1.4,Kg,支管不开孔
SPT01317,支架三通,CL3000,FO,SW,20,CP05T3025,ASME B16.11,NA,QNCa,2",,个,2.2,Kg,支管不开孔
SPT01320,异径三通,SCH160xSCH160,SS,BW,022Cr19Ni10,CP05T3017,ASME B16.9,RCC-M 2,QA1,2-1/2"x1",Φ73xΦ33.4,个,3.27,Kg,
SPT01321,异径三通,SCH160xSCH160,SS,BW,022Cr19Ni10,CP05T3017,ASME B16.9,RCC-M 2,QA1,2-1/2"x1-1/4",Φ73xΦ42.2,个,3.3,Kg,
SPT01322,异径三通,SCH160xSCH160,SS,BW,022Cr19Ni10,CP05T3017,ASME B16.9,RCC-M 2,QA1,2-1/2"x1-1/2",Φ73xΦ48.3,个,3.35,Kg,
SPT01323,异径三通,SCH160xSCH160,SS,BW,022Cr19Ni10,CP05T3017,ASME B16.9,RCC-M 2,QA1,2-1/2"x2",Φ73xΦ60.3,个,3.45,Kg,
SPT01324,异径三通,SCH160xSCH160,SS,BW,022Cr19Ni10,CP05T3017,ASME B16.9,RCC-M 2,QA1,3"x1",Φ88.9xΦ33.4,个,,Kg,
SPT01325,异径三通,SCH160xSCH160,SS,BW,022Cr19Ni10,CP05T3017,ASME B16.9,RCC-M 2,QA1,3"x1-1/4",Φ88.9xΦ42.2,个,5.4,Kg,
SPT01326,异径三通,SCH160xSCH160,SS,BW,022Cr19Ni10,CP05T3017,ASME B16.9,RCC-M 2,QA1,3"x1-1/2",Φ88.9xΦ48.3,个,5.5,Kg,
SPT01327,异径三通,SCH160xSCH160,SS,BW,022Cr19Ni10,CP05T3017,ASME B16.9,RCC-M 2,QA1,3"x2",Φ88.9xΦ60.3,个,5.5,Kg,
SPT01328,异径三通,SCH160xSCH160,SS,BW,022Cr19Ni10,CP05T3017,ASME B16.9,RCC-M 2,QA1,3"x2-1/2",Φ88.9xΦ73,个,5.6,Kg,
SPT01329,异径三通,SCH160xSCH160,SS,BW,022Cr19Ni10,CP05T3017,ASME B16.9,RCC-M 2,QA1,3-1/2"x1-1/2",Φ101.6xΦ48.3,个,,Kg,
SPT01330,异径三通,SCH160xSCH160,SS,BW,022Cr19Ni10,CP05T3017,ASME B16.9,RCC-M 2,QA1,3-1/2"x2",Φ101.6xΦ60.3,个,,Kg,
SPT01331,异径三通,SCH160xSCH160,SS,BW,022Cr19Ni10,CP05T3017,ASME B16.9,RCC-M 2,QA1,3-1/2"x3",Φ101.6xΦ88.9,个,,Kg,
SPT01332,异径三通,SCH160xSCH160,SS,BW,022Cr19Ni10,CP05T3017,ASME B16.9,RCC-M 2,QA1,4"x1-1/2",Φ114.3xΦ48.3,个,15.5,Kg,
SPT01333,异径三通,SCH160xSCH160,SS,BW,022Cr19Ni10,CP05T3017,ASME B16.9,RCC-M 2,QA1,4"x2",Φ114.3xΦ60.3,个,15.5,Kg,
SPT01334,异径三通,SCH160xSCH160,SS,BW,022Cr19Ni10,CP05T3017,ASME B16.9,RCC-M 2,QA1,4"x2-1/2",Φ114.3xΦ73,个,15.5,Kg,
SPT01335,异径三通,SCH160xSCH160,SS,BW,022Cr19Ni10,CP05T3017,ASME B16.9,RCC-M 2,QA1,4"x3",Φ114.3xΦ88.9,个,15.9,Kg,
SPT01336,异径三通,SCH160xSCH160,SS,BW,022Cr19Ni10,CP05T3017,ASME B16.9,RCC-M 2,QA1,4"x3-1/2",Φ114.3xΦ101.6,个,,Kg,
SPT01337,异径三通,SCH160xSCH160,SS,BW,022Cr19Ni10,CP05T3017,ASME B16.9,RCC-M 2,QA1,5"x2",Φ141.3xΦ60.3,个,23,Kg,
SPT01338,异径三通,SCH160xSCH160,SS,BW,022Cr19Ni10,CP05T3017,ASME B16.9,RCC-M 2,QA1,5"x2-1/2",Φ141.3xΦ73,个,23,Kg,
SPT01339,异径三通,SCH160xSCH160,SS,BW,022Cr19Ni10,CP05T3017,ASME B16.9,RCC-M 2,QA1,5"x3",Φ141.3xΦ88.9,个,23,Kg,
SPT01340,异径三通,SCH160xSCH160,SS,BW,022Cr19Ni10,CP05T3017,ASME B16.9,RCC-M 2,QA1,5"x3-1/2",Φ141.3xΦ101.6,个,,Kg,
SPT01341,异径三通,SCH160xSCH160,SS,BW,022Cr19Ni10,CP05T3017,ASME B16.9,RCC-M 2,QA1,5"x4",Φ141.3xΦ114.3,个,23,Kg,
SPT01342,异径三通,SCH160xSCH160,SS,BW,022Cr19Ni10,CP05T3017,ASME B16.9,RCC-M 2,QA1,6"x2-1/2",Φ168.3xΦ73,个,29,Kg,
SPT01343,异径三通,SCH160xSCH160,SS,BW,022Cr19Ni10,CP05T3017,ASME B16.9,RCC-M 2,QA1,6"x3",Φ168.3xΦ88.9,个,30,Kg,
SPT01344,异径三通,SCH160xSCH160,SS,BW,022Cr19Ni10,CP05T3017,ASME B16.9,RCC-M 2,QA1,6"x3-1/2",Φ168.3xΦ101.6,个,,Kg,
SPT01345,异径三通,SCH160xSCH160,SS,BW,022Cr19Ni10,CP05T3017,ASME B16.9,RCC-M 2,QA1,6"x4",Φ168.3xΦ114.3,个,30,Kg,
SPT01346,异径三通,SCH160xSCH160,SS,BW,022Cr19Ni10,CP05T3017,ASME B16.9,RCC-M 2,QA1,6"x5",Φ168.3xΦ141.3,个,30,Kg,
SPT01347,异径三通,SCH160xSCH160,SS,BW,022Cr19Ni10,CP05T3017,ASME B16.9,RCC-M 2,QA1,8"x3",Φ219.1xΦ88.9,个,,Kg,
SPT01348,异径三通,SCH160xSCH160,SS,BW,022Cr19Ni10,CP05T3017,ASME B16.9,RCC-M 2,QA1,8"x3-1/2",Φ219.1xΦ101.6,个,,Kg,
SPT01349,异径三通,SCH160xSCH160,SS,BW,022Cr19Ni10,CP05T3017,ASME B16.9,RCC-M 2,QA1,8"x4",Φ219.1xΦ114.3,个,49,Kg,
SPT01350,异径三通,SCH160xSCH160,SS,BW,022Cr19Ni10,CP05T3017,ASME B16.9,RCC-M 2,QA1,8"x5",Φ219.1xΦ141.3,个,52,Kg,
SPT01351,异径三通,SCH160xSCH160,SS,BW,022Cr19Ni10,CP05T3017,ASME B16.9,RCC-M 2,QA1,8"x6",Φ219.1xΦ168.3,个,52,Kg,
SPT01352,等径三通(ST-I),1mm,FO,SW,TP2,GB/T 18033,GB/T 11618.1,NA,QNCc,DN8,Φ10,个,,Kg,
SPT01353,等径三通(ST-I),1.2mm,FO,SW,TP2,GB/T 18033,GB/T 11618.1,NA,QNCc,DN10,Φ12,个,,Kg,
SPT01354,等径三通(ST-I),1mm,FO,SW,TP2,GB/T 18033,GB/T 11618.1,NA,QNCc,DN15,Φ15,个,,Kg,
SPT01355,等径三通(ST-I),1.2mm,FO,SW,TP2,GB/T 18033,GB/T 11618.1,NA,QNCc,DN20,Φ22,个,,Kg,
SPT01356,等径三通(ST-I),1.2mm,FO,SW,TP2,GB/T 18033,GB/T 11618.1,NA,QNCc,DN25,Φ28,个,,Kg,
SPT01357,等径三通(ST-I),2mm,FO,SW,TP2,GB/T 18033,GB/T 11618.1,NA,QNCc,DN32,Φ35,个,,Kg,
SPT01358,等径三通,SCH10S,SS,BW,022Cr19Ni10,CP05T3017,ASME B16.9,RCC-M 3,QA2,14",Φ355.6,个,48,Kg,
SPT01359,等径三通,SCH10S,SS,BW,022Cr19Ni10,CP05T3017,ASME B16.9,RCC-M 3,QA2,16",Φ406.4,个,59,Kg,
SPT01360,异径三通,SCH10SxSCH10S,SS,BW,022Cr19Ni10,CP05T3017,ASME B16.9,RCC-M 3,QA2,14"x12",Φ355.6xΦ323.8,个,43.6,Kg,
SPT01361,异径三通,SCH10SxSCH10S,SS,BW,022Cr19Ni10,CP05T3017,ASME B16.9,RCC-M 3,QA2,14"x10",Φ355.6xΦ273,个,42.7,Kg,
SPT01362,异径三通,SCH10SxSCH10S,SS,BW,022Cr19Ni10,CP05T3017,ASME B16.9,RCC-M 3,QA2,16"x14",Φ406.4xΦ355.6,个,53,Kg,
SPT01363,异径三通,SCH10SxSCH10S,SS,BW,022Cr19Ni10,CP05T3017,ASME B16.9,RCC-M 3,QA2,16"x12",Φ406.4xΦ323.8,个,51.6,Kg,
SPT01364,异径三通,SCH10SxSCH10S,SS,BW,022Cr19Ni10,CP05T3017,ASME B16.9,RCC-M 2,QA1,12"x4",Φ323.8xΦ114.3,个,,Kg,
SPT01365,异径三通,SCH10SxSCH10S,SS,BW,022Cr19Ni10,CP05T3017,ASME B16.9,RCC-M 3,QA2,14"x6",Φ355.6xΦ168.3,个,41.2,Kg,
SPT01366,异径三通,SCH10SxSCH10S,SS,BW,022Cr19Ni10,CP05T3017,ASME B16.9,RCC-M 3,QA2,14"x8",Φ355.6xΦ219.1,个,41.7,Kg,
SPT01367,异径三通,SCH10SxSCH10S,SS,BW,022Cr19Ni10,CP05T3017,ASME B16.9,RCC-M 3,QA2,12"x4",Φ323.8xΦ114.3,个,,Kg,
SPT01368,异径三通,SCH10SxSCH10S,SS,BW,022Cr19Ni10,CP05T3017,ASME B16.9,RCC-M 3,QA2,16"x6",Φ406.4xΦ168.3,个,49.4,Kg,
SPT01369,异径三通,SCH10SxSCH10S,SS,BW,022Cr19Ni10,CP05T3017,ASME B16.9,RCC-M 3,QA2,16"x8",Φ406.4xΦ219.1,个,49.8,Kg,
SPT01370,异径三通,SCH10SxSCH10S,SS,BW,022Cr19Ni10,CP05T3017,ASME B16.9,RCC-M 3,QA2,16"x10",Φ406.4xΦ273,个,50.7,Kg,
SPT01371,异径三通,SCH10SxSCH10S,SS,BW,022Cr19Ni10,CP05T3023,ASME B16.9,NA,QNCa,12"x4",Φ323.8xΦ114.3,个,,Kg,
SPT01372,异径三通,SCH80SxSCH40S,SS,BW,022Cr19Ni10,CP05T3017,ASME B16.9,RCC-M 2,QA1,12"x4",Φ323.8xΦ114.3,个,,Kg,
SPT01373,异径三通,SCH80SxSCH40S,SS,BW,022Cr19Ni10,CP05T3017,ASME B16.9,RCC-M 3,QA2,12"x4",Φ323.8xΦ114.3,个,,Kg,
SPT01374,异径三通,31.75mmxSCH120,SS,BW,P280GH,CP05T3019,ASME B16.9,RCC-M 2,QA1,18"x8",Φ457xΦ219.1,个,340,Kg,
SPT01375,异径三通,31.75mmxSCH60,SS,BW,P280GH,CP05T3019,ASME B16.9,RCC-M 2,QA1,18"x10",Φ457xΦ273,个,,Kg,
SPT01376,异径三通,31.75mmxSCH120,SS,BW,P280GH,CP05T3019,ASME B16.9,RCC-M 2,QA1,18"x12",Φ457xΦ323.8,个,,Kg,
SPT01377,异径三通,31.75mmxSCH120,SS,BW,P280GH,CP05T3019,ASME B16.9,RCC-M 2,QA1,18"x14",Φ457xΦ355.6,个,,Kg,
SPT01378,异径三通,31.75mmxSCH120,SS,BW,P280GH,CP05T3019,ASME B16.9,RCC-M 2,QA1,18"x16",Φ457xΦ406.4,个,,Kg,
SPT01379,等径三通,31.75mm,SS,BW,P280GH,CP05T3019,ASME B16.9,RCC-M 2,QA1,18",Φ457,个,,Kg,
SPT01380,异径三通,SCH140xSCH160,SS,BW,026Cr18Ni12Mo2N,CP05T3017,ASME B16.9,RCC-M 1,QA1,12"x4",Φ323.8xΦ114.3,个,,Kg,
SPT01381,异径三通,SCH140xSCH160,SS,BW,022Cr19Ni10,CP05T3017,ASME B16.9,RCC-M 2,QA1,12"x4",Φ323.8xΦ114.3,个,,Kg,
SPT01382,异径三通,SCH10SxSCH10S,SS,BW,022Cr17Ni12Mo2,CP05T3023,ASME B16.9,NA,QNCa,12"x4",Φ323.8xΦ114.3,个,,Kg,
SPT01385,等径三通,2.2mm,,,环氧树脂玻璃纤维,,SY/T 6266,NA,QNCa,3",,个,,Kg,
SPT01386,等径三通,2.2mm,,,环氧树脂玻璃纤维,,SY/T 6266,NA,QNCa,4",,个,,Kg,
SPT01405,异径三通,SCH80SxSCH80S,SS,BW,022Cr19Ni10,CP05T3017,ASME B16.9,RCC-M 2,QA1,10"x4",Φ273xΦ114.3,个,42.4,Kg,
SPT01406,异径三通,SCH80SxSCH80S,SS,BW,022Cr19Ni10,CP05T3017,ASME B16.9,RCC-M 2,QA1,10"x6",Φ273xΦ168.3,个,43.9,Kg,
SPT01407,异径三通,SCH80SxSCH80S,SS,BW,022Cr19Ni10,CP05T3017,ASME B16.9,RCC-M 2,QA1,10"x8",Φ273xΦ219.1,个,44.8,Kg,
SPT01408,异径三通,SCH80SxSCH80S,SS,BW,022Cr19Ni10,CP05T3017,ASME B16.9,RCC-M 2,QA1,10"x3",Φ273xΦ88.9,个,,Kg,
SPT01409,异径三通,SCH80SxSCH80S,SS,BW,022Cr19Ni10,CP05T3017,ASME B16.9,RCC-M 2,QA1,10"x5",Φ273xΦ141.3,个,42.9,Kg,
SPT01410,异径三通,SCH80SxSCH80S,SS,BW,022Cr19Ni10,CP05T3017,ASME B16.9,RCC-M 2,QA1,12"x4",Φ323.8xΦ114.3,个,,Kg,
SPT01411,异径三通,SCH80SxSCH80S,SS,BW,022Cr19Ni10,CP05T3017,ASME B16.9,RCC-M 2,QA1,12"x6",Φ323.8xΦ168.3,个,34.7,Kg,
SPT01412,异径三通,SCH80SxSCH80S,SS,BW,022Cr19Ni10,CP05T3017,ASME B16.9,RCC-M 2,QA1,12"x8",Φ323.8xΦ219.1,个,73.8,Kg,
SPT01413,异径三通,SCH80SxSCH80S,SS,BW,022Cr19Ni10,CP05T3017,ASME B16.9,RCC-M 2,QA1,12"x5",Φ323.8xΦ141.3,个,71.1,Kg,
SPT01420,异径三通,SCH160xSCH160,SS,BW,022Cr19Ni10,CP05T3017,ASME B16.9,RCC-M 2,QA1,2"x1",Φ60.3xΦ33.4,个,2.19,Kg,
SPT01421,异径三通,3.18mmxSCH10S,SS,BW,20,CP05T3019,ASME B16.9,RCC-M 3,QA2,2-1/2"x1",Φ73xΦ33.4,个,,Kg,
SPT01422,异径三通,3.18mmxSCH10S,SS,BW,20,CP05T3019,ASME B16.9,RCC-M 3,QA2,2-1/2"x1-1/4",Φ73xΦ42.2,个,,Kg,
SPT01423,异径三通,3.18mmxSCH10S,SS,BW,20,CP05T3019,ASME B16.9,RCC-M 3,QA2,2-1/2"x1-1/2",Φ73xΦ48.3,个,,Kg,
SPT01424,异径三通,3.18mmxSCH10S,SS,BW,20,CP05T3019,ASME B16.9,RCC-M 3,QA2,2-1/2"x2",Φ73xΦ60.3,个,,Kg,
SPT01425,异径三通,3.18mmxSCH10S,SS,BW,20,CP05T3019,ASME B16.9,RCC-M 3,QA2,3"x1",Φ88.9xΦ33.4,个,,Kg,
SPT01426,异径三通,3.18mmxSCH10S,SS,BW,20,CP05T3019,ASME B16.9,RCC-M 3,QA2,3"x1-1/4",Φ88.9xΦ42.2,个,,Kg,
SPT01427,异径三通,3.18mmxSCH10S,SS,BW,20,CP05T3019,ASME B16.9,RCC-M 3,QA2,3"x1-1/2",Φ88.9xΦ48.3,个,,Kg,
SPT01428,异径三通,3.18mmxSCH10S,SS,BW,20,CP05T3019,ASME B16.9,RCC-M 3,QA2,3"x2",Φ88.9xΦ60.3,个,,Kg,
SPT01429,异径三通,3.58mmxSCH10S,SS,BW,20,CP05T3019,ASME B16.9,RCC-M 3,QA2,4"x1-1/2",Φ114.3xΦ48.3,个,,Kg,
SPT01430,异径三通,3.58mmxSCH10S,SS,BW,20,CP05T3019,ASME B16.9,RCC-M 3,QA2,4"x2",Φ114.3xΦ60.3,个,,Kg,
SPT01431,异径三通,SCH10SxSCH40S,SS,BW,022Cr19Ni10,CP05T3017,ASME B16.9,RCC-M 2,QA1,2-1/2"x1",Φ73xΦ33.4,个,1.15,Kg,
SPT01432,异径三通,SCH10SxSCH40S,SS,BW,022Cr19Ni10,CP05T3017,ASME B16.9,RCC-M 2,QA1,2-1/2"x1-1/4",Φ73xΦ42.2,个,1.17,Kg,
SPT01433,异径三通,SCH10SxSCH40S,SS,BW,022Cr19Ni10,CP05T3017,ASME B16.9,RCC-M 2,QA1,2-1/2"x1-1/2",Φ73xΦ48.3,个,1.19,Kg,
SPT01434,异径三通,SCH10SxSCH40S,SS,BW,022Cr19Ni10,CP05T3017,ASME B16.9,RCC-M 2,QA1,2-1/2"x2",Φ73xΦ60.3,个,1.21,Kg,
SPT01435,异径三通,SCH10SxSCH40S,SS,BW,022Cr19Ni10,CP05T3017,ASME B16.9,RCC-M 2,QA1,3"x1",Φ88.9xΦ33.4,个,,Kg,
SPT01436,异径三通,SCH10SxSCH40S,SS,BW,022Cr19Ni10,CP05T3017,ASME B16.9,RCC-M 2,QA1,3"x1-1/4",Φ88.9xΦ42.2,个,1.57,Kg,
SPT01437,异径三通,SCH10SxSCH40S,SS,BW,022Cr19Ni10,CP05T3017,ASME B16.9,RCC-M 2,QA1,3"x1-1/2",Φ88.9xΦ48.3,个,1.6,Kg,
SPT01438,异径三通,SCH10SxSCH40S,SS,BW,022Cr19Ni10,CP05T3017,ASME B16.9,RCC-M 2,QA1,3"x2",Φ88.9xΦ60.3,个,1.65,Kg,
SPT01439,异径三通,SCH10SxSCH40S,SS,BW,022Cr19Ni10,CP05T3017,ASME B16.9,RCC-M 2,QA1,3-1/2"x1-1/2",Φ101.6xΦ48.3,个,2,Kg,
SPT01440,异径三通,SCH10SxSCH40S,SS,BW,022Cr19Ni10,CP05T3017,ASME B16.9,RCC-M 2,QA1,3-1/2"x2",Φ101.6xΦ60.3,个,2.05,Kg,
SPT01441,异径三通,SCH10SxSCH40S,SS,BW,022Cr19Ni10,CP05T3017,ASME B16.9,RCC-M 2,QA1,4"x1-1/2",Φ114.3xΦ48.3,个,2.9,Kg,
SPT01442,异径三通,SCH10SxSCH40S,SS,BW,022Cr19Ni10,CP05T3017,ASME B16.9,RCC-M 2,QA1,4"x2",Φ114.3xΦ60.3,个,2.93,Kg,
SPT01443,异径三通,SCH10SxSCH40S,SS,BW,022Cr19Ni10,CP05T3017,ASME B16.9,RCC-M 2,QA1,5"x2",Φ141.3xΦ60.3,个,5.1,Kg,
SPT01444,异径三通,SCH10SxSCH40S,SS,BW,022Cr19Ni10,CP05T3017,ASME B16.9,RCC-M 3,QA2,3"x1",Φ88.9xΦ33.4,个,,Kg,
SPT01445,异径三通,SCH10SxSCH40S,SS,BW,022Cr19Ni10,CP05T3017,ASME B16.9,RCC-M 3,QA2,3"x1-1/4",Φ88.9xΦ42.2,个,1.57,Kg,
SPT01446,异径三通,SCH10SxSCH40S,SS,BW,022Cr19Ni10,CP05T3017,ASME B16.9,RCC-M 3,QA2,3"x1-1/2",Φ88.9xΦ48.3,个,1.6,Kg,
SPT01447,异径三通,SCH10SxSCH40S,SS,BW,022Cr19Ni10,CP05T3017,ASME B16.9,RCC-M 3,QA2,3"x2",Φ88.9xΦ60.3,个,1.65,Kg,
SPT01448,异径三通,SCH10SxSCH40S,SS,BW,022Cr19Ni10,CP05T3017,ASME B16.9,RCC-M 3,QA2,4"x1-1/2",Φ114.3xΦ48.3,个,2.9,Kg,
SPT01449,异径三通,SCH10SxSCH40S,SS,BW,022Cr19Ni10,CP05T3017,ASME B16.9,RCC-M 3,QA2,4"x2",Φ114.3xΦ60.3,个,2.93,Kg,
SPT01450,等径三通(ST-I),1mm,FO,SW,TP2,GB/T 18033,GB/T 11618.1,NA,QNCc,DN6,Φ8,个,,Kg,
SPT01451,等径三通(ST-I),2mm,FO,SW,TP2,GB/T 18033,GB/T 11618.1,NA,QNCc,DN40,Φ42,个,,Kg,
SPT01452,异径三通(RT-I),1mm,FO,SW,TP2,GB/T 18033,GB/T 11618.1,NA,QNCc,DN8xDN6,Φ10xΦ8,个,,Kg,
SPT01453,异径三通(RT-I),1.2mmx1mm,FO,SW,TP2,GB/T 18033,GB/T 11618.1,NA,QNCc,DN10xDN8,Φ12xΦ10,个,,Kg,
SPT01454,异径三通(RT-I),1mm,FO,SW,TP2,GB/T 18033,GB/T 11618.1,NA,QNCc,DN15xDN8,Φ15xΦ10,个,,Kg,
SPT01455,异径三通(RT-I),1mmx1.2mm,FO,SW,TP2,GB/T 18033,GB/T 11618.1,NA,QNCc,DN15xDN10,Φ15xΦ12,个,,Kg,
SPT01456,异径三通(RT-I),1.2mmx1.2mm,FO,SW,TP2,GB/T 18033,GB/T 11618.1,NA,QNCc,DN20xDN10,Φ22xΦ12,个,,Kg,
SPT01457,异径三通(RT-I),1.2mmx1mm,FO,SW,TP2,GB/T 18033,GB/T 11618.1,NA,QNCc,DN20xDN15,Φ22xΦ15,个,,Kg,
SPT01458,异径三通(RT-I),1.2mmx1.2mm,FO,SW,TP2,GB/T 18033,GB/T 11618.1,NA,QNCc,DN25xDN10,Φ28xΦ12,个,,Kg,
SPT01459,异径三通(RT-I),1.2mmx1mm,FO,SW,TP2,GB/T 18033,GB/T 11618.1,NA,QNCc,DN25xDN15,Φ28xΦ15,个,,Kg,
SPT01460,异径三通(RT-I),1.2mmx1.2mm,FO,SW,TP2,GB/T 18033,GB/T 11618.1,NA,QNCc,DN25xDN20,Φ28xΦ22,个,,Kg,
SPT01461,异径三通(RT-I),2mmx1mm,FO,SW,TP2,GB/T 18033,GB/T 11618.1,NA,QNCc,DN32xDN15,Φ35xΦ15,个,,Kg,
SPT01462,异径三通(RT-I),2mmx1.2mm,FO,SW,TP2,GB/T 18033,GB/T 11618.1,NA,QNCc,DN32xDN20,Φ35xΦ22,个,,Kg,
SPT01463,异径三通(RT-I),2mmx1.2mm,FO,SW,TP2,GB/T 18033,GB/T 11618.1,NA,QNCc,DN32xDN25,Φ35xΦ28,个,,Kg,
SPT01464,异径三通(RT-I),2mmx1mm,FO,SW,TP2,GB/T 18033,GB/T 11618.1,NA,QNCc,DN40xDN15,Φ42xΦ15,个,,Kg,
SPT01465,异径三通(RT-I),2mmx1.2mm,FO,SW,TP2,GB/T 18033,GB/T 11618.1,NA,QNCc,DN40xDN20,Φ42xΦ22,个,,Kg,
SPT01466,异径三通(RT-I),2mmx1.2mm,FO,SW,TP2,GB/T 18033,GB/T 11618.1,NA,QNCc,DN40xDN25,Φ42xΦ28,个,,Kg,
SPT01467,异径三通(RT-I),2mmx2mm,FO,SW,TP2,GB/T 18033,GB/T 11618.1,NA,QNCc,DN40xDN32,Φ42xΦ35,个,,Kg,
SPT01684,异径三通,SCH160xSCH160,SS,BW,022Cr19Ni10,CP05T3017,ASME B16.9,RCC-M 2,QA1,1-1/2"x1/2",Φ48.3xΦ21.3,个,1.25,Kg,
SPT01685,异径三通,SCH160xSCH160,SS,BW,022Cr19Ni10,CP05T3017,ASME B16.9,RCC-M 2,QA1,1-1/2"x3/4",Φ48.3xΦ26.7,个,1.19,Kg,
SPT01686,等径三通,3.96mm,SS,BW,20,CP05T3025,ASME B16.9,NA,QNCa,5",Φ141.3,个,,Kg,
SPT01699,等径三通,14.27mm,SS,BW,20,CP05T3019,ASME B16.9,RCC-M 3,QA2,10",Φ273,个,,Kg,
SPT01700,等径三通,14.27mm,FS,BW,Q265HR,CP05T3021,ASME B16.9,RCC-M 3,QA2,28",Φ711,个,,Kg,
SPT01701,等径三通,14.27mm,FS,BW,Q265HR,CP05T3021,ASME B16.9,RCC-M 3,QA2,36",Φ914,个,,Kg,
SPT01702,等径三通,14.27mm,FS,BW,Q265HR,CP05T3021,ASME B16.9,RCC-M 3,QA2,48",Φ1219,个,,Kg,
SPT01703,异径三通,14.27mmxSCH20,SS,BW,20,CP05T3019,ASME B16.9,RCC-M 3,QA2,10"x8",Φ273xΦ219.1,个,,Kg,
SPT01704,异径三通,14.27mmx4.37mm,SS,BW,20,CP05T3019,ASME B16.9,RCC-M 3,QA2,10"x6",Φ273xΦ168.3,个,,Kg,
SPT01705,异径三通,14.27mmx3.58mm,SS,BW,20,CP05T3019,ASME B16.9,RCC-M 3,QA2,10"x4",Φ273xΦ114.3,个,,Kg,
SPT01706,异径三通,14.27mmx3.18mm,SS,BW,20,CP05T3019,ASME B16.9,RCC-M 3,QA2,10"x3",Φ273xΦ88.9,个,,Kg,
SPT01707,异径三通,14.27mmx14.27mm,FS,BW,Q265HR,CP05T3021,ASME B16.9,RCC-M 3,QA2,36"x28",Φ914xΦ711,个,,Kg,
SPT01708,异径三通,14.27mmx14.27mm,FS,BW,Q265HR,CP05T3021,ASME B16.9,RCC-M 3,QA2,48"x36",Φ1219xΦ914,个,,Kg,
SPT01709,异径三通,14.27mmx14.27mm,FS,BW,Q265HR,CP05T3021,ASME B16.9,RCC-M 3,QA2,48"x28",Φ1219xΦ711,个,,Kg,
SPT01710,异径三通,3.96mmx3.58mm,SS,BW,20,CP05T3025,ASME B16.9,NA,QNCa,5"x4",Φ141.3xΦ114.3,个,,Kg,
SPT01711,异径三通,3.96mmx3.58mm,SS,BW,20,CP05T3025,ASME B16.9,NA,QNCa,5"x3-1/2",Φ141.3xΦ101.6,个,,Kg,
SPT01712,异径三通,3.96mmx3.18mm,SS,BW,20,CP05T3025,ASME B16.9,NA,QNCa,5"x3",Φ141.3xΦ88.9,个,,Kg,
SPT01713,异径三通,3.96mmx3.18mm,SS,BW,20,CP05T3025,ASME B16.9,NA,QNCa,5"x2-1/2",Φ141.3xΦ73,个,,Kg,
SPT01714,异径三通,3.96mmx3.18mm,SS,BW,20,CP05T3025,ASME B16.9,NA,QNCa,5"x2",Φ141.3xΦ60.3,个,,Kg,
SPT01715,等径三通,SCH20(坡口为SCH10S),SS,BW,022Cr19Ni10,CP05T3017,ASME B16.9,RCC-M 3,QA2,14",Φ355.6,个,90,Kg,
SPT01716,异径三通,SCH20xSCH20(坡口为SCH10S),SS,BW,022Cr19Ni10,CP05T3017,ASME B16.9,RCC-M 2,QA1,16"x8",Φ406.4xΦ219.1,个,98,Kg,
SPT01717,异径三通,SCH20xSCH20(坡口为SCH10S),SS,BW,022Cr19Ni10,CP05T3017,ASME B16.9,RCC-M 2,QA1,16"x10",Φ406.4xΦ273,个,98,Kg,
SPT01718,异径三通,SCH20xSCH20(坡口为SCH10S),SS,BW,022Cr19Ni10,CP05T3017,ASME B16.9,RCC-M 2,QA1,16"x14",Φ406.4xΦ355.6,个,100,Kg,
SPT01719,异径三通,SCH20xSCH20(24"坡口为SCH10),FS,BW,Q265HR,CP05T3021,ASME B16.9,RCC-M 3,QA2,24"x10",Φ610xΦ273,个,204,Kg,
SPT01720,异径三通,SCH80SxSCH40S(坡口为SCH10S),SS,BW,022Cr19Ni10,CP05T3017,ASME B16.9,RCC-M 2,QA1,10"x6",Φ273xΦ168.3,个,,Kg,
SPT01721,等径三通,4.5mm,,,环氧树脂玻璃纤维,,SY/T 6266,NA,QNCa,1",,个,,Kg,
SPT01722,等径三通,4.5mm,,,环氧树脂玻璃纤维,,SY/T 6266,NA,QNCa,3",,个,,Kg,
SPT01723,等径三通,4.5mm,,,环氧树脂玻璃纤维,,SY/T 6266,NA,QNCa,4",,个,,Kg,
SPT01724,异径三通,4.5mmx4.5mm,,,环氧树脂玻璃纤维,,SY/T 6266,NA,QNCa,3"X1",,个,,Kg,
SPT01725,异径三通,4.5mmx4.5mm,,,环氧树脂玻璃纤维,,SY/T 6266,NA,QNCa,4"x1",,个,,Kg,
SPT01726,等径三通,SCH40S(坡口为SCH40SxSCH10S),SS,BW,022Cr19Ni10,CP05T3017,ASME B16.9,RCC-M 2,QA1,8",Φ219.1,个,,Kg,
SPT01727,等径三通,SCH40S(坡口为SCH40SxSCH10S),SS,BW,022Cr19Ni10,CP05T3017,ASME B16.9,RCC-M 2,QA1,6",Φ168.3,个,,Kg,
SPT01728,等径三通,SCH20(坡口为SCH10S),SS,BW,022Cr19Ni10,CP05T3017,ASME B16.9,RCC-M 2,QA1,10",Φ273,个,,Kg,
SPT01729,异径三通,SCH20xSCH20(坡口为SCH10S),SS,BW,022Cr19Ni10,CP05T3017,ASME B16.9,RCC-M 2,QA1,10"x4",Φ273xΦ114.3,个,,Kg,
SPT01730,异径三通,SCH40SxSCH10S,SS,BW,022Cr19Ni10,CP05T3017,ASME B16.9,RCC-M 2,QA1,10"x6",Φ273xΦ168.3,个,,Kg,
SPT01731,异径三通,SCH20x9.8mm,FS,BW,Q265HR,CP05T3021,ASME B16.9,RCC-M 3,QA2,26"x16" ,Φ660xΦ406.4,个,,Kg,
SPT01732,支架三通,CL6000,FO,SW,022Cr19Ni10,CP05T3038,ASME B16.11,RCC-M 2,QA1,1/4",,个,,Kg,支管不开孔
SPT01736,等径三通,SCH120xSCH80S,SS,BW,026Cr18Ni12Mo2N,CP05T3017,ASME B16.9,RCC-M 2,QA1,12",Φ323.8,个,,Kg,
SPT01737,等径三通,SCH120,SS,BW,026Cr18Ni12Mo2N,CP05T3017,ASME B16.9,RCC-M 2,QA1,12",Φ323.8,个,,Kg,
SPT01738,等径三通,SCH160,SS,BW,026Cr18Ni12Mo2N,CP05T3017,ASME B16.9,RCC-M 1,QA1,6",Φ168.3,个,,Kg,
SPT01748,异径三通,SCH40SxSCH80S,SS,BW,022Cr19Ni10,CP05T3017,ASME B16.9,RCC-M 3,QA2,8"x6",Φ219.1xΦ168.3,个,,Kg,
SPT01749,异径三通,SCH20xSCH20(24"坡口为SCH10),FS,BW,Q265HR,CP05T3021,ASME B16.9,RCC-M 3,QA2,24"x14",Φ610xΦ355.6,个,,Kg,
SPT01750,等径三通,25.4mm,SS,BW,P280GH,RCC-M M1152,ASME B16.9,NA,QA3,12",Φ323.8,个,,Kg,
SPT01751,等径三通,11.13mm,SS,BW,P280GH,RCC-M M1152,ASME B16.9,NA,QA3,4",Φ114.3,个,,Kg,
SPT01752,异径三通,19.05mmx14.27mm,SS,BW,P280GH,RCC-M M1144,ASME B16.9,NA,QA3,12"x8",Φ323.8xΦ219.1,个,,Kg,
SPT01753,异径三通,38.1mmx22.23mm,SS,BW,P280GH,RCC-M M1152,ASME B16.9,NA,QA3,22"x10",Φ559xΦ273,个,,Kg,
SPT01754,异径三通,34.93mmx19.05mm,SS,BW,P280GH,RCC-M M1144,ASME B16.9,NA,QA3,30"x14",Φ762xΦ355.6,个,,Kg,
SPT01755,异径三通,34.93mmx19.05mm,SS,BW,P280GH,RCC-M M1144,ASME B16.9,NA,QA3,30"x12",Φ762xΦ323.8,个,,Kg,
SPT01756,异径三通,30.18mmx19.05mm,SS,BW,P280GH,RCC-M M1144,ASME B16.9,NA,QA3,26"x12",Φ660xΦ323.8,个,,Kg,
SPT01757,异径三通,12.7mmx11.13mm,SS,BW,P280GH,RCC-M M1152,ASME B16.9,NA,QA3,6"x4",Φ168.3xΦ114.3,个,,Kg,
SPT01763,异径三通,CL6000,FO,SW,022Cr19Ni10,CP05T3023,ASME B16.11,RCC-M 2,QA1,2"x1/2",,个,,Kg,
SPT01764,异径三通,SCH160xSCH160,SS,BW,022Cr19Ni10,CP05T3023,ASME B16.9,RCC-M 1,QA1,6"x2",Φ168.3xΦ60.3,个,,Kg,
SPT01765,等径三通,SCH160,SS,BW,022Cr19Ni10,CP05T3017,ASME B16.9,RCC-M 1,QA1,1",Φ33.4,个,,Kg,
SPT01766,等径三通,3.18mm,SS,BW,20,CP05T3019,ASME B16.9,RCC-M 3,QA2,2",Φ60.3,个,,Kg,
SPT01769,异径三通,SCH40SxSCH40S,SS,BW,022Cr19Ni10,CP05T3017,ASME B16.9,RCC-M 2,QA1,10"x8",Φ273xΦ219.1,个,,Kg,
SPT01770,异径三通,SCH160xSCH160,SS,BW,026Cr18Ni12Mo2N,CP05T3017,ASME B16.9,RCC-M 1,QA1,6"x4",Φ168.3xΦ114.3,个,,Kg,
SPT01772,异径三通,19.05mmx14.27mm,SS,BW,P280GH,RCC-M M1144,ASME B16.9,NA,QA3,12"x5",Φ323.8xΦ141.3,个,,Kg,
SPT01773,异径三通,31.75mmxSCH120,SS,BW,P280GH(主给水流量控制系统专用),CP05T3019,ASME B16.9,RCC-M 2,QA1,18"x8",Φ457xΦ219.1,个,,Kg,
SPT01774,等径三通,SCH40,FS,BW,Q235B(内外壁热浸镀锌),GB/T 13401-2017,GB/T 12459-2017,NA,QNCa,DN100,,个,,Kg,
SPT01775,等径三通,SCH40,FS,BW,Q235B(内外壁热浸镀锌),GB/T 13401-2017,GB/T 12459-2017,NA,QNCa,DN150,,个,,Kg,
SPT01776,等径三通,SCH30,FS,BW,Q235B(内外壁热浸镀锌),GB/T 13401-2017,GB/T 12459-2017,NA,QNCa,DN200,,个,,Kg,
SPT01777,等径三通,8.74mm,FS,BW,Q235B(内外壁热浸镀锌),GB/T 13401-2017,GB/T 12459-2017,NA,QNCa,DN250,,个,,Kg,
SPT01778,等径三通,9.53mm,FS,BW,Q235B(内外壁热浸镀锌),GB/T 13401-2017,GB/T 12459-2017,NA,QNCa,DN300,,个,,Kg,
SPT01779,等径三通,SCH30,FS,BW,Q235B(内外壁热浸镀锌),GB/T 13401-2017,GB/T 12459-2017,NA,QNCa,DN350,,个,,Kg,
SPT01780,等径三通,SCH30,FS,BW,Q235B(内外壁热浸镀锌),GB/T 13401-2017,GB/T 12459-2017,NA,QNCa,DN400,,个,,Kg,
SPT01781,等径三通,9.53mm,FS,BW,Q235B(内外壁热浸镀锌),GB/T 13401-2017,GB/T 12459-2017,NA,QNCa,DN450,,个,,Kg,
SPT01782,异径三通,SCH40xSCH10,FS,BW,Q235B(内外壁热浸镀锌),GB/T 13401-2017,GB/T 12459-2017,NA,QNCa,DN150X80,,个,,Kg,
SPT01783,异径三通,SCH30xSCH40,FS,BW,Q235B(内外壁热浸镀锌),GB/T 13401-2017,GB/T 12459-2017,NA,QNCa,DN200X100,,个,,Kg,
SPT01784,异径三通,SCH30xSCH40,FS,BW,Q235B(内外壁热浸镀锌),GB/T 13401-2017,GB/T 12459-2017,NA,QNCa,DN200X150,,个,,Kg,
SPT01785,异径三通,8.74mmxSCH40,FS,BW,Q235B(内外壁热浸镀锌),GB/T 13401-2017,GB/T 12459-2017,NA,QNCa,DN250X150,,个,,Kg,
SPT01786,异径三通,8.74mmxSCH30,FS,BW,Q235B(内外壁热浸镀锌),GB/T 13401-2017,GB/T 12459-2017,NA,QNCa,DN250X200,,个,,Kg,
SPT01788,异径三通,9.53mmxSCH40,FS,BW,Q235B(内外壁热浸镀锌),GB/T 13401-2017,GB/T 12459-2017,NA,QNCa,DN300X150,,个,,Kg,
SPT01789,异径三通,9.53mmxSCH30,FS,BW,Q235B(内外壁热浸镀锌),GB/T 13401-2017,GB/T 12459-2017,NA,QNCa,DN300X200,,个,,Kg,
SPT01790,异径三通,SCH30xSCH40,FS,BW,Q235B(内外壁热浸镀锌),GB/T 13401-2017,GB/T 12459-2017,NA,QNCa,DN400X150,,个,,Kg,
SPT01791,异径三通,SCH30xSCH30,FS,BW,Q235B(内外壁热浸镀锌),GB/T 13401-2017,GB/T 12459-2017,NA,QNCa,DN400X200,,个,,Kg,
SPT01792,异径三通,SCH30x8.74mm,FS,BW,Q235B(内外壁热浸镀锌),GB/T 13401-2017,GB/T 12459-2017,NA,QNCa,DN400X250,,个,,Kg,
SPT01793,异径三通,SCH30x9.53mm,FS,BW,Q235B(内外壁热浸镀锌),GB/T 13401-2017,GB/T 12459-2017,NA,QNCa,DN400X300,,个,,Kg,
SPT01794,异径三通,SCH20xSCH30,FS,BW,Q235B(内外壁热浸镀锌),GB/T 13401-2017,GB/T 12459-2017,NA,QNCa,DN500X200,,个,,Kg,
SPT01795,异径三通,SCH20x8.74mm,FS,BW,Q235B(内外壁热浸镀锌),GB/T 13401-2017,GB/T 12459-2017,NA,QNCa,DN500X250,,个,,Kg,
SPT01796,异径三通,SCH20x9.53mm,FS,BW,Q235B(内外壁热浸镀锌),GB/T 13401-2017,GB/T 12459-2017,NA,QNCa,DN500X300,,个,,Kg,
SPT01797,异径三通,SCH20xSCH30,FS,BW,Q235B(内外壁热浸镀锌),GB/T 13401-2017,GB/T 12459-2017,NA,QNCa,DN500X400,,个,,Kg,
SPT01798,等径三通,12.7mm,SS,BW,20,CP05T3025,ASME B16.9,NA,QNCa,24",Φ610,个,,Kg,
SPT02033,异径三通,3mmx2.5mm,SS,RF,20(内衬聚丙烯层),,DL/T 935-2020,NA,QNCa,DN50xDN20,Φ60.3xΦ26.7,个,,Kg,
SPT02034,异径三通(S5系列),5.8mx2.0mm,,SA,PVC-C,,GB/T 18993.3,NA,QNCa,DN50xDN20,Φ63xΦ20,个,,Kg,
SPT02035,等径三通,SCH10S,SS,BW,022Cr25Ni7Mo4N,CP05T3089,ASME B16.9,RCC-M 3,QA2,1/2",Φ21.3,个,,Kg,
SPT02036,等径三通,SCH40,SS,BW,022Cr25Ni7Mo4N,CP05T3089,ASME B16.9,RCC-M 3,QA2,1",Φ33.4,个,,Kg,
SPT03302,等径三通,3.58mm,SS,BW,20,CP05T3025,ASME B16.9,NA,QA3,4",Φ114.3,个,,Kg,
SPT03303,异径三通,3.58mmxSCH40,SS,BW,20,CP05T3025,ASME B16.9,NA,QA3,4"x1-1/2",Φ114.3xΦ48.3,个,,Kg,
SPT03304,等径三通,SCH30,SS,BW,022Cr25Ni7Mo4N,CP05T3089,ASME B16.9,RCC-M 3,QA2,2",Φ60.3,个,,Kg,
SPT03305,等径三通,CL3000,FO,SW,022Cr25Ni7Mo4N,CP05T3091,ASME B16.11,RCC-M 3,QA2,1/2",Φ21.3,个,,Kg,
SQT00001,疏水罐,25.4mm,SS,BW,P280GH,RCC-M M1144,FQZ32300S14716A44DD,NA,QA3,18",,个,,Kg,
SQT00002,疏水罐,19.05mm,SS,BW,P280GH,RCC-M M1144,FQZ32300S15716A44DD,NA,QA3,12",,个,,Kg,
SQT00003,疏水罐,14.27mm,SS,BW,P280GH,RCC-M M1144,FQZ32300S21716A44DD,NA,QA3,8",,个,,Kg,主蒸汽疏水罐
SQT00004,疏水罐,14.27mm,SS,BW,P280GH,RCC-M M1144,FQZ32300S44716A44DD,NA,QA3,8",,个,,Kg,旁路疏水罐
SPK00650,闭式洒水喷头K=80,1.6MPa,,FIL,,,美国威景公司,NA,QA3,1/2",,个,,Kg,"T=93℃,不作为区分物相的标准，但是需要写在等级描述中用于出图"
SPE02728,非标90°弯头,2.24mm,SS,BW,20,CP05T3025,CP05T4010,NA,QNCa,1/4",Φ13.7,个,0.09,kg,
SPE02729,非标90°弯头,3.02mm,SS,BW,20,CP05T3025,CP05T4010,NA,QNCa,1/4",Φ13.7,个,0.09,kg,
SPE02730,非标90°弯头,2.77mm,SS,BW,20,CP05T3025,CP05T4010,NA,QNCa,1/2",Φ21.3,个,0.11,kg,
SPE02731,非标90°弯头,2.87mm,SS,BW,20,CP05T3025,CP05T4010,NA,QNCa,3/4",Φ26.7,个,0.15,kg,
SPE02732,非标90°弯头,3.18mm,SS,BW,20,CP05T3025,CP05T4010,NA,QNCa,2",Φ60.3,个,0.65,kg,
SPE02733,非标45°弯头,2.77mm,SS,BW,20,CP05T3025,CP05T4010,NA,QNCa,1/2",Φ21.3,个,0.06,kg,
SPE02734,非标45°弯头,2.87mm,SS,BW,20,CP05T3025,CP05T4010,NA,QNCa,3/4",Φ26.7,个,0.08,kg,
SPE02735,非标45°弯头,3.18mm,SS,BW,20,CP05T3025,CP05T4010,NA,QNCa,2",Φ60.3,个,0.42,kg,
SPE02736,非标45°弯头,2.24mm,SS,BW,20,CP05T3025,CP05T4010,NA,QNCa,1/4",Φ13.7,个,0.06,kg,
SPR03615,非标同心大小头,2.87mmx2.77mm,FO,BW,20,CP05T3025,CP05T4010,NA,QNCa,3/4"x1/2",Φ26.7xΦ21.3,个,0.1,kg,
SPR03616,非标同心大小头,3.18mmx2.87mm,FO,BW,20,CP05T3025,CP05T4010,NA,QNCa,2"x3/4",Φ60.3xΦ26.7,个,0.32,kg,
SPR03617,非标同心大小头,3.18mmx2.77mm,FO,BW,20,CP05T3025,CP05T4010,NA,QNCa,2"x1/2",Φ60.3xΦ21.3,个,0.28,kg,
SPR03618,非标同心大小头,2.87mmx2.24mm,FO,BW,20,CP05T3025,CP05T4010,NA,QNCa,3/4"x1/4",Φ26.7xΦ13.7,个,0.1,kg,
SPR03619,非标同心大小头,2.77mmx2.24mm,FO,BW,20,CP05T3025,CP05T4010,NA,QNCa,1/2"x1/4",Φ21.3xΦ13.7,个,0.09,kg,
SPR03620,非标偏心大小头,2.87mmx2.77mm,FO,BW,20,CP05T3025,CP05T4010,NA,QNCa,3/4"x1/2",Φ26.7xΦ21.3,个,0.1,kg,
SPR03621,非标偏心大小头,3.18mmx2.87mm,FO,BW,20,CP05T3025,CP05T4010,NA,QNCa,2"x3/4",Φ60.3xΦ26.7,个,0.32,kg,
SPR03622,非标偏心大小头,3.18mmx2.77mm,FO,BW,20,CP05T3025,CP05T4010,NA,QNCa,2"x1/2",Φ60.3xΦ21.3,个,0.28,kg,
SPR03623,非标偏心大小头,2.87mmx2.24mm,FO,BW,20,CP05T3025,CP05T4010,NA,QNCa,3/4"x1/4",Φ26.7xΦ13.7,个,0.1,kg,
SPR03624,非标偏心大小头,2.77mmx2.24mm,FO,BW,20,CP05T3025,CP05T4010,NA,QNCa,1/2"x1/4",Φ21.3xΦ13.7,个,0.09,kg,
SPT03306,非标三通,2.24mm,FO,BW,20,CP05T3025,CP05T4010,NA,QNCa,1/4",Φ13.7,个,0.4,kg,
SPT03307,非标三通,2.77mm,FO,BW,20,CP05T3025,CP05T4010,NA,QNCa,1/2",Φ21.3,个,0.4,kg,
SPT03308,非标三通,2.87mm,FO,BW,20,CP05T3025,CP05T4010,NA,QNCa,3/4",Φ26.7,个,0.7,kg,
SPT03309,非标三通,3.18mm,FO,BW,20,CP05T3025,CP05T4010,NA,QNCa,2",Φ60.3,个,2.5,kg,
SPT03310,非标支架三通,2.24mm,FO,BW,20,CP05T3025,CP05T4010,NA,QNCa,1/4",Φ13.7,个,0.4,kg,
SPT03311,非标支架三通,2.87mm,FO,BW,20,CP05T3025,CP05T4010,NA,QNCa,3/4",Φ26.7,个,0.7,kg,
SPE02737,非标45°弯头,2.11mm,SS,BW,022Cr19Ni10,CP05T3023,CP05T4010,NA,QNCa,1/2",Φ21.3,个,0.07,kg,
SPE02738,非标45°弯头,2.11mm,SS,BW,022Cr19Ni10,CP05T3023,CP05T4010,NA,QNCa,3/4",Φ26.7,个,0.09,kg,
SPE02739,非标45°弯头,2.77mm,SS,BW,022Cr19Ni10,CP05T3023,CP05T4010,NA,QNCa,1",Φ33.4,个,0.15,kg,
SPE02740,非标45°弯头,2.77mm,SS,BW,022Cr19Ni10,CP05T3023,CP05T4010,NA,QNCa,1-1/2",Φ48.3,个,0.27,kg,
SPE02741,非标45°弯头,2.77mm,SS,BW,022Cr19Ni10,CP05T3023,CP05T4010,NA,QNCa,2",Φ60.3,个,0.4,kg,
SPE02742,非标45°弯头,2.77mm,SS,BW,022Cr19Ni10,CP05T3023,CP05T4010,NA,QNCa,1-1/4",Φ42.2,个,0.22,kg,
SPE02743,非标45°弯头,2.77mm,SS,BW,022Cr17Ni12Mo2,CP05T3023,CP05T4010,NA,QNCa,2",Φ60.3,个,0.4,kg,
SPE02744,非标45°弯头,1.65mm,SS,BW,022Cr19Ni10,CP05T3023,CP05T4010,NA,QNCa,1/4",Φ13.7,个,0.05,kg,
SPE02745,非标45°弯头,2.11mm,SS,BW,022Cr17Ni12Mo2,CP05T3023,CP05T4010,NA,QNCa,1/2",Φ21.3,个,0.07,kg,
SPE02746,非标90°弯头,1.65mm,SS,BW,022Cr19Ni10,CP05T3023,CP05T4010,NA,QNCa,1/4",Φ13.7,个,0.08,kg,
SPE02747,非标90°弯头,3.02mm,SS,BW,022Cr19Ni10,CP05T3023,CP05T4010,NA,QNCa,1/4",Φ13.7,个,0.09,kg,
SPE02748,非标90°弯头,2.11mm,SS,BW,022Cr19Ni10,CP05T3023,CP05T4010,NA,QNCa,1/2",Φ21.3,个,0.1,kg,
SPE02749,非标90°弯头,2.77mm,SS,BW,022Cr19Ni10,CP05T3023,CP05T4010,NA,QNCa,1/2",Φ21.3,个,0.11,kg,
SPE02750,非标90°弯头,2.11mm,SS,BW,022Cr17Ni12Mo2,CP05T3023,CP05T4010,NA,QNCa,3/4",Φ26.7,个,0.13,kg,
SPE02751,非标90°弯头,2.11mm,SS,BW,022Cr19Ni10,CP05T3023,CP05T4010,NA,QNCa,3/4",Φ26.7,个,0.13,kg,
SPE02752,非标90°弯头,2.87mm,SS,BW,022Cr19Ni10,CP05T3023,CP05T4010,NA,QNCa,3/4",Φ26.7,个,0.15,kg,
SPE02753,非标90°弯头,2.77mm,SS,BW,022Cr17Ni12Mo2,CP05T3023,CP05T4010,NA,QNCa,1",Φ33.4,个,0.22,kg,
SPE02754,非标90°弯头,2.77mm,SS,BW,022Cr19Ni10,CP05T3023,CP05T4010,NA,QNCa,1",Φ33.4,个,0.22,kg,
SPE02755,非标90°弯头,2.77mm,SS,BW,022Cr19Ni10,CP05T3023,CP05T4010,NA,QNCa,1-1/2",Φ48.3,个,0.4,kg,
SPE02756,非标90°弯头,2.77mm,SS,BW,022Cr19Ni10,CP05T3023,CP05T4010,NA,QNCa,2",Φ60.3,个,0.6,kg,
SPE02757,非标90°弯头,2.77mm,SS,BW,022Cr19Ni10,CP05T3023,CP05T4010,NA,QNCa,1-1/4",Φ42.2,个,0.32,kg,
SPE02758,非标90°弯头,2.11mm,SS,BW,022Cr17Ni12Mo2,CP05T3023,CP05T4010,NA,QNCa,1/2",Φ21.3,个,0.1,kg,
SPE02759,非标90°弯头,1.65mm,SS,BW,022Cr17Ni12Mo2,CP05T3023,CP05T4010,NA,QNCa,1/4",Φ13.7,个,0.08,kg,
SPE02760,非标90°弯头,2.77mm,SS,BW,022Cr17Ni12Mo2,CP05T3023,CP05T4010,NA,QNCa,1-1/2",Φ48.3,个,0.4,kg,
SPE02761,非标90°弯头,2.77mm,SS,BW,022Cr17Ni12Mo2,CP05T3023,CP05T4010,NA,QNCa,2",Φ60.3,个,0.63,kg,
SPT03312,非标三通,2.11mm,FO,BW,022Cr17Ni12Mo2,CP05T3023,CP05T4010,NA,QNCa,1/2",Φ21.3,个,0.4,kg,
SPT03313,非标三通,2.77mm,FO,BW,022Cr17Ni12Mo2,CP05T3023,CP05T4010,NA,QNCa,2",Φ60.3,个,2.5,kg,
SPT03314,非标三通,1.65mm,FO,BW,022Cr19Ni10,CP05T3023,CP05T4010,NA,QNCa,1/4",Φ13.7,个,0.4,kg,
SPT03315,非标三通,2.77mm,FO,BW,022Cr17Ni12Mo2,CP05T3023,CP05T4010,NA,QNCa,1-1/2",Φ48.3,个,2.2,kg,
SPT03316,非标三通,2.11mm,FO,BW,022Cr19Ni10,CP05T3023,CP05T4010,NA,QNCa,1/2",Φ21.3,个,0.4,kg,
SPT03317,非标三通,2.11mm,FO,BW,022Cr19Ni10,CP05T3023,CP05T4010,NA,QNCa,3/4",Φ26.7,个,0.66,kg,
SPT03318,非标三通,2.87mm,FO,BW,022Cr19Ni10,CP05T3023,CP05T4010,NA,QNCa,3/4",Φ26.7,个,0.66,kg,
SPT03319,非标三通,2.77mm,FO,BW,022Cr17Ni12Mo2,CP05T3023,CP05T4010,NA,QNCa,1",Φ33.4,个,1.4,kg,
SPT03320,非标三通,2.77mm,FO,BW,022Cr19Ni10,CP05T3023,CP05T4010,NA,QNCa,1",Φ33.4,个,1.4,kg,
SPT03321,非标三通,2.77mm,FO,BW,022Cr19Ni10,CP05T3023,CP05T4010,NA,QNCa,1-1/2",Φ48.3,个,2.2,kg,
SPT03322,非标三通,2.77mm,FO,BW,022Cr19Ni10,CP05T3023,CP05T4010,NA,QNCa,2",Φ60.3,个,2.5,kg,
SPT03323,非标支架三通,2.11mm,FO,BW,022Cr19Ni10,CP05T3023,CP05T4010,NA,QNCa,1/2",Φ21.3,个,0.4,kg,
SPT03324,非标支架三通,2.11mm,FO,BW,022Cr19Ni10,CP05T3023,CP05T4010,NA,QNCa,3/4",Φ26.7,个,0.66,kg,
SPT03325,非标支架三通,2.77mm,FO,BW,022Cr19Ni10,CP05T3023,CP05T4010,NA,QNCa,1-1/2",Φ48.3,个,2.2,kg,
SPT03326,非标支架三通,2.77mm,FO,BW,022Cr19Ni10,CP05T3023,CP05T4010,NA,QNCa,1",Φ33.4,个,1.4,kg,
SPT03327,非标支架三通,1.65mm,FO,BW,022Cr19Ni10,CP05T3023,CP05T4010,NA,QNCa,1/4",Φ13.7,个,0.35,kg,
SPR03625,非标同心大小头,2.11mmx1.65mm,FO,BW,022Cr19Ni10,CP05T3023,CP05T4010,NA,QNCa,1/2"x1/4",Φ21.3xΦ13.7,个,0.08,kg,
SPR03626,非标同心大小头,2.11mmx2.11mm,FO,BW,022Cr19Ni10,CP05T3023,CP05T4010,NA,QNCa,3/4"x1/2",Φ26.7xΦ21.3,个,0.09,kg,
SPR03627,非标同心大小头,2.77mmx1.65mm,FO,BW,022Cr19Ni10,CP05T3023,CP05T4010,NA,QNCa,1"x1/4",Φ33.4xΦ13.7,个,0.14,kg,
SPR03628,非标同心大小头,2.77mmx2.11mm,FO,BW,022Cr17Ni12Mo2,CP05T3023,CP05T4010,NA,QNCa,1"x1/2",Φ33.4xΦ21.3,个,0.15,kg,
SPR03629,非标同心大小头,2.77mmx2.11mm,FO,BW,022Cr19Ni10,CP05T3023,CP05T4010,NA,QNCa,1"x1/2",Φ33.4xΦ21.3,个,0.15,kg,
SPR03630,非标同心大小头,2.77mmx2.11mm,FO,BW,022Cr19Ni10,CP05T3023,CP05T4010,NA,QNCa,1"x3/4",Φ33.4xΦ26.7,个,0.15,kg,
SPR03631,非标同心大小头,2.77mmx2.11mm,FO,BW,022Cr19Ni10,CP05T3023,CP05T4010,NA,QNCa,1-1/2"x3/4",Φ48.3xΦ26.7,个,0.25,kg,
SPR03632,非标同心大小头,2.77mmx2.77mm,FO,BW,022Cr19Ni10,CP05T3023,CP05T4010,NA,QNCa,1-1/2"x1",Φ48.3xΦ33.4,个,0.25,kg,
SPR03633,非标同心大小头,2.77mmx2.77mm,FO,BW,022Cr19Ni10,CP05T3023,CP05T4010,NA,QNCa,2"x1",Φ60.3xΦ33.4,个,0.32,kg,
SPR03634,非标同心大小头,2.77mmx2.77mm,FO,BW,022Cr19Ni10,CP05T3023,CP05T4010,NA,QNCa,2"x1-1/2",Φ60.3xΦ48.3,个,0.32,kg,
SPR03635,非标同心大小头,2.11mmx1.65mm,FO,BW,022Cr19Ni10,CP05T3023,CP05T4010,NA,QNCa,3/4"x1/4",Φ26.7xΦ13.7,个,0.09,kg,
SPR03637,非标同心大小头,3.2mmx1.65mm,FO,BW,022Cr19Ni10,CP05T3023,CP05T4010,NA,QNCa,3/8"x1/4",Φ17.1xΦ13.7,个,0.08,kg,
SPR03638,非标偏心大小头,2.11mmx1.65mm,FO,BW,022Cr19Ni10,CP05T3023,CP05T4010,NA,QNCa,1/2"x1/4",Φ21.3xΦ13.7,个,0.08,kg,
SPR03639,非标偏心大小头,2.11mmx2.11mm,FO,BW,022Cr19Ni10,CP05T3023,CP05T4010,NA,QNCa,3/4"x1/2",Φ26.7xΦ21.3,个,0.09,kg,
SPR03640,非标偏心大小头,2.77mmx1.65mm,FO,BW,022Cr19Ni10,CP05T3023,CP05T4010,NA,QNCa,1"x1/4",Φ33.4xΦ13.7,个,0.14,kg,
SPR03641,非标偏心大小头,2.77mmx2.11mm,FO,BW,022Cr17Ni12Mo2,CP05T3023,CP05T4010,NA,QNCa,1"x1/2",Φ33.4xΦ21.3,个,0.15,kg,
SPR03642,非标偏心大小头,2.77mmx2.11mm,FO,BW,022Cr19Ni10,CP05T3023,CP05T4010,NA,QNCa,1"x1/2",Φ33.4xΦ21.3,个,0.15,kg,
SPR03643,非标偏心大小头,2.77mmx2.11mm,FO,BW,022Cr19Ni10,CP05T3023,CP05T4010,NA,QNCa,1"x3/4",Φ33.4xΦ26.7,个,0.15,kg,
SPR03644,非标偏心大小头,2.77mmx2.11mm,FO,BW,022Cr19Ni10,CP05T3023,CP05T4010,NA,QNCa,1-1/2"x3/4",Φ48.3xΦ26.7,个,0.25,kg,
SPR03645,非标偏心大小头,2.77mmx2.77mm,FO,BW,022Cr19Ni10,CP05T3023,CP05T4010,NA,QNCa,1-1/2"x1",Φ48.3xΦ33.4,个,0.25,kg,
SPR03646,非标偏心大小头,2.77mmx2.77mm,FO,BW,022Cr19Ni10,CP05T3023,CP05T4010,NA,QNCa,2"x1",Φ60.3xΦ33.4,个,0.32,kg,
SPR03647,非标偏心大小头,2.77mmx2.77mm,FO,BW,022Cr19Ni10,CP05T3023,CP05T4010,NA,QNCa,2"x1-1/2",Φ60.3xΦ48.3,个,0.32,kg,
SPR03648,非标偏心大小头,2.11mmx1.65mm,FO,BW,022Cr19Ni10,CP05T3023,CP05T4010,NA,QNCa,3/4"x1/4",Φ26.7xΦ13.7,个,0.09,kg,
SPR03650,非标偏心大小头,3.2mmx1.65mm,FO,BW,022Cr19Ni10,CP05T3023,CP05T4010,NA,QNCa,3/8"x1/4",Φ17.1xΦ13.7,个,0.08,kg,
SPE02762,非标45°弯头,2.77mm,SS,BW,20,CP05T3019,CP05T4010,RCC-M 3,QA2,1/2",Φ21.3,个,0.08,kg,
SPE02763,非标45°弯头,2.87mm,SS,BW,20,CP05T3019,CP05T4010,RCC-M 3,QA2,3/4",Φ26.7,个,0.11,kg,
SPE02764,非标45°弯头,3.18mm,SS,BW,20,CP05T3019,CP05T4010,RCC-M 3,QA2,2",Φ60.3,个,0.42,kg,
SPE02765,非标45°弯头,2.24mm,SS,BW,20,CP05T3019,CP05T4010,RCC-M 3,QA2,1/4",Φ13.7,个,0.06,kg,
SPE02766,非标90°弯头,2.24mm,SS,BW,20,CP05T3019,CP05T4010,RCC-M 3,QA2,1/4",Φ13.7,个,0.09,kg,
SPE02767,非标90°弯头,2.77mm,SS,BW,20,CP05T3019,CP05T4010,RCC-M 2,QA1,1/2",Φ21.3,个,0.11,kg,
SPE02768,非标90°弯头,2.77mm,SS,BW,20,CP05T3019,CP05T4010,RCC-M 3,QA2,1/2",Φ21.3,个,0.11,kg,
SPE02769,非标90°弯头,2.87mm,SS,BW,20,CP05T3019,CP05T4010,RCC-M 2,QA1,3/4",Φ26.7,个,0.15,kg,
SPE02770,非标90°弯头,2.87mm,SS,BW,20,CP05T3019,CP05T4010,RCC-M 3,QA2,3/4",Φ26.7,个,0.15,kg,
SPE02771,非标90°弯头,3.18mm,SS,BW,20,CP05T3019,CP05T4010,RCC-M 2,QA1,2",Φ60.3,个,0.65,kg,
SPE02772,非标90°弯头,3.18mm,SS,BW,20,CP05T3019,CP05T4010,RCC-M 3,QA2,2",Φ60.3,个,0.65,kg,
SPT03328,非标三通,2.24mm,FO,BW,20,CP05T3037,CP05T4010,RCC-M 3,QA2,1/4",Φ13.7,个,0.35,kg,
SPT03329,非标三通,2.77mm,FO,BW,20,CP05T3037,CP05T4010,RCC-M 3,QA2,1/2",Φ21.3,个,0.4,kg,
SPT03330,非标三通,2.87mm,FO,BW,20,CP05T3037,CP05T4010,RCC-M 2,QA1,3/4",Φ26.7,个,0.66,kg,
SPT03331,非标三通,2.87mm,FO,BW,20,CP05T3037,CP05T4010,RCC-M 3,QA2,3/4",Φ26.7,个,0.66,kg,
SPT03332,非标三通,3.18mm,FO,BW,20,CP05T3037,CP05T4010,RCC-M 2,QA1,2",Φ60.3,个,2.5,kg,
SPT03333,非标三通,3.18mm,FO,BW,20,CP05T3037,CP05T4010,RCC-M 3,QA2,2",Φ60.3,个,2.5,kg,
SPR03651,非标同心大小头,2.77mmx2.24mm,FO,BW,20,CP05T3037,CP05T4010,RCC-M 3,QA2,1/2"x1/4",Φ21.3xΦ13.7,个,0.08,kg,
SPR03652,非标同心大小头,2.77mmx3.02mm,FO,BW,20,CP05T3037,CP05T4010,RCC-M 3,QA2,1/2"x1/4",Φ21.3xΦ13.7,个,0.08,kg,
SPR03653,非标同心大小头,2.87mmx2.77mm,FO,BW,20,CP05T3037,CP05T4010,RCC-M 3,QA2,3/4"x1/2",Φ26.7xΦ21.3,个,0.08,kg,
SPR03654,非标偏心大小头,2.77mmx2.24mm,FO,BW,20,CP05T3037,CP05T4010,RCC-M 3,QA2,1/2"x1/4",Φ21.3xΦ13.7,个,0.08,kg,
SPR03655,非标偏心大小头,2.77mmx3.02mm,FO,BW,20,CP05T3037,CP05T4010,RCC-M 3,QA2,1/2"x1/4",Φ21.3xΦ13.7,个,0.08,kg,
SPR03656,非标偏心大小头,2.87mmx2.77mm,FO,BW,20,CP05T3037,CP05T4010,RCC-M 3,QA2,3/4"x1/2",Φ26.7xΦ21.3,个,0.08,kg,
SPT03334,非标支架三通,3.18mm,FO,BW,20,CP05T3037,CP05T4010,RCC-M 3,QA2,2",Φ60.3,个,2.5,kg,
SPT03335,非标支架三通,2.87mm,FO,BW,20,CP05T3037,CP05T4010,RCC-M 2,QA1,3/4",Φ26.7,个,0.66,kg,
SPT03336,非标支架三通,2.87mm,FO,BW,20,CP05T3037,CP05T4010,RCC-M 3,QA2,3/4",Φ26.7,个,0.66,kg,
SPE02773,非标45°弯头,2.77mm,SS,BW,022Cr19Ni10,CP05T3017,CP05T4010,RCC-M 2,QA1,1/2",Φ21.3,个,0.08,kg,
SPE02774,非标45°弯头,2.77mm,SS,BW,022Cr19Ni10,CP05T3017,CP05T4010,RCC-M 2,QA1,1",Φ33.4,个,0.15,kg,
SPE02775,非标45°弯头,2.11mm,SS,BW,022Cr17Ni12Mo2,CP05T3017,CP05T4010,RCC-M 3,QA2,1/2",Φ21.3,个,0.07,kg,
SPE02776,非标45°弯头,2.24mm,SS,BW,022Cr19Ni10,CP05T3017,CP05T4010,RCC-M 2,QA1,1/4",Φ13.7,个,0.06,kg,
SPE02777,非标45°弯头,3.02mm,SS,BW,022Cr19Ni10,CP05T3017,CP05T4010,RCC-M 2,QA1,1/4",Φ13.7,个,0.06,kg,
SPE02779,非标45°弯头,1.65mm,SS,BW,022Cr19Ni10,CP05T3017,CP05T4010,RCC-M 3,QA2,1/4",Φ13.7,个,0.05,kg,
SPE02780,非标45°弯头,2.11mm,SS,BW,022Cr19Ni10,CP05T3017,CP05T4010,RCC-M 3,QA2,1/2",Φ21.3,个,0.07,kg,
SPE02781,非标45°弯头,2.87mm,SS,BW,022Cr19Ni10,CP05T3017,CP05T4010,RCC-M 2,QA1,3/4",Φ26.7,个,0.11,kg,
SPE02782,非标45°弯头,2.11mm,SS,BW,022Cr19Ni10,CP05T3017,CP05T4010,RCC-M 3,QA2,3/4",Φ26.7,个,0.09,kg,
SPE02783,非标45°弯头,2.77mm,SS,BW,022Cr19Ni10,CP05T3017,CP05T4010,RCC-M 3,QA2,1",Φ33.4,个,0.15,kg,
SPE02784,非标45°弯头,2.77mm,SS,BW,022Cr19Ni10,CP05T3017,CP05T4010,RCC-M 3,QA2,1-1/2",Φ48.3,个,0.27,kg,
SPE02785,非标45°弯头,2.77mm,SS,BW,022Cr19Ni10,CP05T3017,CP05T4010,RCC-M 2,QA1,2",Φ60.3,个,0.4,kg,
SPE02786,非标45°弯头,2.77mm,SS,BW,022Cr19Ni10,CP05T3017,CP05T4010,RCC-M 3,QA2,2",Φ60.3,个,0.4,kg,
SPE02787,非标90°弯头,2.31mm,SS,BW,022Cr19Ni10,CP05T3017,CP05T4010,RCC-M 2,QA1,3/8",Φ17.1,个,0.09,kg,
SPE02788,非标90°弯头,1.65mm,SS,BW,022Cr19Ni10,CP05T3017,CP05T4010,RCC-M 2,QA1,1/4",Φ13.7,个,0.08,kg,
SPE02789,非标90°弯头,2.24mm,SS,BW,022Cr19Ni10,CP05T3017,CP05T4010,RCC-M 2,QA1,1/4",Φ13.7,个,0.09,kg,
SPE02790,非标90°弯头,3.02mm,SS,BW,022Cr19Ni10,CP05T3017,CP05T4010,RCC-M 2,QA1,1/4",Φ13.7,个,0.09,kg,
SPE02792,非标90°弯头,1.65mm,SS,BW,022Cr19Ni10,CP05T3017,CP05T4010,RCC-M 3,QA2,1/4",Φ13.7,个,0.08,kg,
SPE02793,非标90°弯头,2.24mm,SS,BW,022Cr19Ni10,CP05T3017,CP05T4010,RCC-M 3,QA2,1/4",Φ13.7,个,0.09,kg,
SPE02794,非标90°弯头,3.02mm,SS,BW,022Cr19Ni10,CP05T3017,CP05T4010,RCC-M 3,QA2,1/4",Φ13.7,个,0.09,kg,
SPE02795,非标90°弯头,2.11mm,SS,BW,022Cr19Ni10,CP05T3017,CP05T4010,RCC-M 2,QA1,1/2",Φ21.3,个,0.1,kg,
SPE02796,非标90°弯头,2.77mm,SS,BW,022Cr19Ni10,CP05T3017,CP05T4010,RCC-M 2,QA1,1/2",Φ21.3,个,0.11,kg,
SPE02797,非标90°弯头,2.11mm,SS,BW,022Cr19Ni10,CP05T3017,CP05T4010,RCC-M 3,QA2,1/2",Φ21.3,个,0.1,kg,
SPE02798,非标90°弯头,2.11mm,SS,BW,022Cr17Ni12Mo2,CP05T3017,CP05T4010,RCC-M 3,QA2,1/2",Φ21.3,个,0.1,kg,
SPE02799,非标90°弯头,2.11mm,SS,BW,022Cr19Ni10,CP05T3017,CP05T4010,RCC-M 2,QA1,3/4",Φ26.7,个,0.13,kg,
SPE02800,非标90°弯头,2.87mm,SS,BW,022Cr19Ni10,CP05T3017,CP05T4010,RCC-M 2,QA1,3/4",Φ26.7,个,0.15,kg,
SPE02801,非标90°弯头,2.11mm,SS,BW,022Cr17Ni12Mo2,CP05T3017,CP05T4010,RCC-M 3,QA2,3/4",Φ26.7,个,0.13,kg,
SPE02802,非标90°弯头,2.11mm,SS,BW,022Cr19Ni10,CP05T3017,CP05T4010,RCC-M 3,QA2,3/4",Φ26.7,个,0.13,kg,
SPE02803,非标90°弯头,2.87mm,SS,BW,022Cr19Ni10,CP05T3017,CP05T4010,RCC-M 3,QA2,3/4",Φ26.7,个,0.15,kg,
SPE02804,非标90°弯头,2.77mm,SS,BW,022Cr19Ni10,CP05T3017,CP05T4010,RCC-M 2,QA1,1",Φ33.4,个,0.21,kg,
SPE02805,非标90°弯头,2.77mm,SS,BW,022Cr19Ni10,CP05T3017,CP05T4010,RCC-M 3,QA2,1",Φ33.4,个,0.21,kg,
SPE02806,非标90°弯头,2.77mm,SS,BW,022Cr19Ni10,CP05T3017,CP05T4010,RCC-M 2,QA1,1-1/2",Φ48.3,个,0.4,kg,
SPE02807,非标90°弯头,2.77mm,SS,BW,022Cr19Ni10,CP05T3017,CP05T4010,RCC-M 3,QA2,1-1/2",Φ48.3,个,0.4,kg,
SPE02808,非标90°弯头,2.77mm,SS,BW,022Cr19Ni10,CP05T3017,CP05T4010,RCC-M 2,QA1,2",Φ60.3,个,0.6,kg,
SPE02809,非标90°弯头,2.77mm,SS,BW,022Cr19Ni10,CP05T3017,CP05T4010,RCC-M 3,QA2,2",Φ60.3,个,0.6,kg,
SPE02810,非标90°弯头,3.18mm,SS,BW,022Cr17Ni12Mo2,CP05T3017,CP05T4010,RCC-M 3,QA2,2",Φ60.3,个,0.65,kg,
SPT03337,非标三通,2.24mm,FO,BW,022Cr19Ni10,CP05T3038,CP05T4010,RCC-M 2,QA1,1/4",Φ13.7,个,0.35,kg,
SPT03338,非标三通,3.02mm,FO,BW,022Cr19Ni10,CP05T3038,CP05T4010,RCC-M 2,QA1,1/4",Φ13.7,个,0.35,kg,
SPT03339,非标三通,1.65mm,FO,BW,022Cr19Ni10,CP05T3038,CP05T4010,RCC-M 3,QA2,1/4",Φ13.7,个,0.35,kg,
SPT03340,非标三通,2.24mm,FO,BW,022Cr19Ni10,CP05T3038,CP05T4010,RCC-M 3,QA2,1/4",Φ13.7,个,0.35,kg,
SPT03341,非标三通,3.02mm,FO,BW,022Cr19Ni10,CP05T3038,CP05T4010,RCC-M 3,QA2,1/4",Φ13.7,个,0.35,kg,
SPT03342,非标三通,2.11mm,FO,BW,022Cr19Ni10,CP05T3038,CP05T4010,RCC-M 2,QA1,1/2",Φ21.3,个,0.4,kg,
SPT03343,非标三通,2.77mm,FO,BW,022Cr19Ni10,CP05T3038,CP05T4010,RCC-M 2,QA1,1/2",Φ21.3,个,0.4,kg,
SPT03344,非标三通,2.11mm,FO,BW,022Cr19Ni10,CP05T3038,CP05T4010,RCC-M 3,QA2,1/2",Φ21.3,个,0.4,kg,
SPT03345,非标三通,2.77mm,FO,BW,022Cr19Ni10,CP05T3038,CP05T4010,RCC-M 3,QA2,1/2",Φ21.3,个,0.4,kg,
SPT03346,非标三通,2.11mm,FO,BW,022Cr17Ni12Mo2,CP05T3038,CP05T4010,RCC-M 3,QA2,1/2",Φ21.3,个,0.4,kg,
SPT03347,非标三通,2.11mm,FO,BW,022Cr19Ni10,CP05T3038,CP05T4010,RCC-M 2,QA1,3/4",Φ26.7,个,0.66,kg,
SPT03348,非标三通,2.87mm,FO,BW,022Cr19Ni10,CP05T3038,CP05T4010,RCC-M 2,QA1,3/4",Φ26.7,个,0.66,kg,
SPT03349,非标三通,2.11mm,FO,BW,022Cr19Ni10,CP05T3038,CP05T4010,RCC-M 3,QA2,3/4",Φ26.7,个,0.66,kg,
SPT03350,非标三通,2.87mm,FO,BW,022Cr19Ni10,CP05T3038,CP05T4010,RCC-M 3,QA2,3/4",Φ26.7,个,0.66,kg,
SPT03351,非标三通,2.77mm,FO,BW,022Cr19Ni10,CP05T3038,CP05T4010,RCC-M 2,QA1,1",Φ33.4,个,1.4,kg,
SPT03352,非标三通,2.77mm,FO,BW,022Cr19Ni10,CP05T3038,CP05T4010,RCC-M 3,QA2,1",Φ33.4,个,1.4,kg,
SPT03353,非标三通,2.77mm,FO,BW,022Cr19Ni10,CP05T3038,CP05T4010,RCC-M 3,QA2,1-1/2",Φ48.3,个,2.2,kg,
SPT03354,非标三通,2.77mm,FO,BW,022Cr19Ni10,CP05T3038,CP05T4010,RCC-M 2,QA1,2",Φ60.3,个,2.5,kg,
SPT03356,非标三通,3.18mm,FO,BW,022Cr17Ni12Mo2,CP05T3038,CP05T4010,RCC-M 3,QA2,2",Φ60.3,个,2.5,kg,
SPT03357,非标三通,2.11mm,FO,BW,022Cr17Ni12Mo2,CP05T3038,CP05T4010,RCC-M 3,QA2,3/4",Φ26.7,个,0.66,kg,
SPT03358,非标支架三通,2.77mm,FO,BW,022Cr19Ni10,CP05T3038,CP05T4010,RCC-M 2,QA1,1",Φ33.4,个,3.4,kg,
SPT03359,非标支架三通,2.11mm,FO,BW,022Cr19Ni10,CP05T3038,CP05T4010,RCC-M 2,QA1,1/2",Φ21.3,个,0.6,kg,
SPT03360,非标支架三通,2.77mm,FO,BW,022Cr19Ni10,CP05T3038,CP05T4010,RCC-M 2,QA1,1/2",Φ21.3,个,0.6,kg,
SPT03361,非标支架三通,2.11mm,FO,BW,022Cr19Ni10,CP05T3038,CP05T4010,RCC-M 2,QA1,3/4",Φ26.7,个,0.8,kg,
SPT03362,非标支架三通,2.87mm,FO,BW,022Cr19Ni10,CP05T3038,CP05T4010,RCC-M 2,QA1,3/4",Φ26.7,个,0.8,kg,
SPT03363,非标支架三通,2.11mm,FO,BW,022Cr19Ni10,CP05T3038,CP05T4010,RCC-M 3,QA2,3/4",Φ26.7,个,0.8,kg,
SPT03364,非标支架三通,2.77mm,FO,BW,022Cr19Ni10,CP05T3038,CP05T4010,RCC-M 3,QA2,1",Φ33.4,个,3.4,kg,
SPT03365,非标支架三通,1.65mm,FO,BW,022Cr19Ni10,CP05T3038,CP05T4010,RCC-M 2,QA1,1/4",Φ13.7,个,0.5,kg,
SPT03366,非标支架三通,3.02mm,FO,BW,022Cr19Ni10,CP05T3038,CP05T4010,RCC-M 2,QA1,1/4",Φ13.7,个,0.5,kg,
SPT03367,非标支架三通,2.11mm,FO,BW,022Cr19Ni10,CP05T3038,CP05T4010,RCC-M 3,QA2,1/2",Φ21.3,个,0.6,kg,
SPT03368,非标支架三通,2.77mm,FO,BW,022Cr19Ni10,CP05T3038,CP05T4010,RCC-M 3,QA2,2",Φ60.3,个,2.5,kg,
SPR03657,非标同心大小头,2.77mmx2.24mm,FO,BW,022Cr19Ni10,CP05T3038,CP05T4010,RCC-M 2,QA1,1/2"x1/4",Φ21.3xΦ13.7,个,0.09,kg,
SPR03658,非标同心大小头,2.65mmx1.65mm,FO,BW,022Cr19Ni10,CP05T3038,CP05T4010,RCC-M 2,QA1,1/2"x1/4",Φ21.3xΦ13.7,个,0.09,kg,
SPR03659,非标同心大小头,2.11mmx1.65mm,FO,BW,022Cr19Ni10,CP05T3038,CP05T4010,RCC-M 3,QA2,1/2"x1/4",Φ21.3xΦ13.7,个,0.08,kg,
SPR03660,非标同心大小头,2.87mmx2.77mm,FO,BW,022Cr19Ni10,CP05T3038,CP05T4010,RCC-M 3,QA2,3/4"x1/2",Φ26.7xΦ21.3,个,0.1,kg,
SPR03661,非标同心大小头,2.11mmx2.11mm,FO,BW,022Cr19Ni10,CP05T3038,CP05T4010,RCC-M 3,QA2,3/4"x1/2",Φ26.7xΦ21.3,个,0.09,kg,
SPR03662,非标同心大小头,2.77mmx1.65mm,FO,BW,022Cr19Ni10,CP05T3038,CP05T4010,RCC-M 3,QA2,1"x1/4",Φ33.4xΦ13.7,个,0.16,kg,
SPR03663,非标同心大小头,2.77mmx2.77mm,FO,BW,022Cr19Ni10,CP05T3038,CP05T4010,RCC-M 2,QA1,2"x1",Φ60.3xΦ33.4,个,0.32,kg,
SPR03664,非标同心大小头,2.77mmx2.77mm,FO,BW,022Cr19Ni10,CP05T3038,CP05T4010,RCC-M 3,QA2,2"x1-1/2",Φ60.3xΦ48.3,个,0.32,kg,
SPR03665,非标同心大小头,2.77mmx2.11mm,FO,BW,022Cr19Ni10,CP05T3038,CP05T4010,RCC-M 2,QA1,2"x3/4",Φ60.3xΦ26.7,个,0.32,kg,
SPR03666,非标同心大小头,2.77mmx2.11mm,FO,BW,022Cr19Ni10,CP05T3038,CP05T4010,RCC-M 3,QA2,1-1/2"x3/4",Φ48.3xΦ26.7,个,0.25,kg,
SPR03667,非标同心大小头,2.77mmx2.77mm,FO,BW,022Cr19Ni10,CP05T3038,CP05T4010,RCC-M 3,QA2,2"x1",Φ60.3xΦ33.4,个,0.32,kg,
SPR03668,非标同心大小头,2.11mmx3.02mm,FO,BW,022Cr19Ni10,CP05T3038,CP05T4010,RCC-M 3,QA2,3/4"x1/4",Φ26.7xΦ13.7,个,0.09,kg,
SPR03669,非标同心大小头,2.11mmx1.65mm,FO,BW,022Cr19Ni10,CP05T3038,CP05T4010,RCC-M 3,QA2,3/4"x1/4",Φ26.7xΦ13.7,个,0.09,kg,
SPR03670,非标偏心大小头,2.77mmx2.24mm,FO,BW,022Cr19Ni10,CP05T3038,CP05T4010,RCC-M 2,QA1,1/2"x1/4",Φ21.3xΦ13.7,个,0.09,kg,
SPR03671,非标偏心大小头,2.65mmx1.65mm,FO,BW,022Cr19Ni10,CP05T3038,CP05T4010,RCC-M 2,QA1,1/2"x1/4",Φ21.3xΦ13.7,个,0.09,kg,
SPR03672,非标偏心大小头,2.11mmx1.65mm,FO,BW,022Cr19Ni10,CP05T3038,CP05T4010,RCC-M 3,QA2,1/2"x1/4",Φ21.3xΦ13.7,个,0.08,kg,
SPR03673,非标偏心大小头,2.87mmx2.77mm,FO,BW,022Cr19Ni10,CP05T3038,CP05T4010,RCC-M 3,QA2,3/4"x1/2",Φ26.7xΦ21.3,个,0.1,kg,
SPR03674,非标偏心大小头,2.11mmx2.11mm,FO,BW,022Cr19Ni10,CP05T3038,CP05T4010,RCC-M 3,QA2,3/4"x1/2",Φ26.7xΦ21.3,个,0.09,kg,
SPR03675,非标偏心大小头,2.77mmx1.65mm,FO,BW,022Cr19Ni10,CP05T3038,CP05T4010,RCC-M 3,QA2,1"x1/4",Φ33.4xΦ13.7,个,0.16,kg,
SPR03676,非标偏心大小头,2.77mmx2.77mm,FO,BW,022Cr19Ni10,CP05T3038,CP05T4010,RCC-M 2,QA1,2"x1",Φ60.3xΦ33.4,个,0.32,kg,
SPR03677,非标偏心大小头,2.77mmx2.77mm,FO,BW,022Cr19Ni10,CP05T3038,CP05T4010,RCC-M 3,QA2,2"x1-1/2",Φ60.3xΦ48.3,个,0.32,kg,
SPR03678,非标偏心大小头,2.77mmx2.11mm,FO,BW,022Cr19Ni10,CP05T3038,CP05T4010,RCC-M 2,QA1,2"x3/4",Φ60.3xΦ26.7,个,0.32,kg,
SPR03679,非标偏心大小头,2.77mmx2.11mm,FO,BW,022Cr19Ni10,CP05T3038,CP05T4010,RCC-M 3,QA2,1-1/2"x3/4",Φ48.3xΦ26.7,个,0.25,kg,
SPR03680,非标偏心大小头,2.77mmx2.77mm,FO,BW,022Cr19Ni10,CP05T3038,CP05T4010,RCC-M 3,QA2,2"x1",Φ60.3xΦ33.4,个,0.32,kg,
SPR03681,非标偏心大小头,2.11mmx3.02mm,FO,BW,022Cr19Ni10,CP05T3038,CP05T4010,RCC-M 3,QA2,3/4"x1/4",Φ26.7xΦ13.7,个,0.09,kg,
SPR03682,非标偏心大小头,2.11mmx1.65mm,FO,BW,022Cr19Ni10,CP05T3038,CP05T4010,RCC-M 3,QA2,3/4"x1/4",Φ26.7xΦ13.7,个,0.09,kg,
SPP00658,无缝钢管,34mm,SS,,P280GH,CP05T3026,API 5L,RCC-M 2,QA1,32",Φ813,M,,kg,
SPP00659,无缝钢管,34mm,SS,,P280GH(LBB),CP05T3026,API 5L,RCC-M 2,QA1,32",Φ813,M,,kg,采用LBB技术
SPF01292,对接焊法兰,CL150(SCH40),,RF/WN,16Mn,CP05T3025,ASME B16.5(CP05T2002),NA,QNCa,3/4",,个,,kg,
SPF01293,对接焊法兰,CL150(SCH40),,RF/WN,16Mn,CP05T3025,ASME B16.5(CP05T2002),NA,QNCa,1",,个,,kg,
SPF01294,对接焊法兰,CL150(SCH40),,RF/WN,16Mn,CP05T3025,ASME B16.5(CP05T2002),NA,QNCa,1-1/2",,个,,kg,
SPF01295,对接焊法兰,CL150(3.18mm),,RF/WN,16Mn,CP05T3025,ASME B16.5(CP05T2002),NA,QNCa,2",,个,,kg,
SPF01296,对接焊法兰,CL150(SCH10S),,RF/WN,S30403,CP05T3023,ASME B16.5(CP05T2002),NA,QNCa,1/2",,个,,kg,
SPF01297,对接焊法兰,CL150(SCH10S),,RF/WN,S31603,CP05T3023,ASME B16.5(CP05T2002),NA,QNCa,1/2",,个,,kg,
SPF01298,对接焊法兰,CL150(SCH10S),,RF/WN,S30403,CP05T3023,ASME B16.5(CP05T2002),NA,QNCa,3/4",,个,,kg,
SPF01299,对接焊法兰,CL150(SCH10S),,RF/WN,S31603,CP05T3023,ASME B16.5(CP05T2002),NA,QNCa,3/4",,个,,kg,
SPF01300,对接焊法兰,CL150(SCH10S),,RF/WN,S30403,CP05T3023,ASME B16.5(CP05T2002),NA,QNCa,1",,个,,kg,
SPF01301,对接焊法兰,CL150(SCH10S),,RF/WN,S30403,CP05T3023,ASME B16.5(CP05T2002),NA,QNCa,1-1/4",,个,,kg,
SPF01302,对接焊法兰,CL150(SCH10S),,RF/WN,S30403,CP05T3023,ASME B16.5(CP05T2002),NA,QNCa,1-1/2",,个,,kg,
SPF01303,对接焊法兰,CL150(SCH10S),,RF/WN,S31603,CP05T3023,ASME B16.5(CP05T2002),NA,QNCa,1-1/2",,个,,kg,
SPF01304,对接焊法兰,CL150(SCH10S),,RF/WN,S30403,CP05T3023,ASME B16.5(CP05T2002),NA,QNCa,2",,个,,kg,
SPF01305,对接焊法兰,CL150(SCH10S),,RF/WN,S31603,CP05T3023,ASME B16.5(CP05T2002),NA,QNCa,2",,个,,kg,
SPF01306,对接焊法兰,CL150(SCH40),,RF/WN,16Mn,CP05T3025,ASME B16.5(CP05T2002),NA,QNCa,1/2",,个,,kg,
SPF01307,对接焊法兰,CL150(SCH40),,RF/WN,P280GH,CP05T3052,ASME B16.5(CP05T2002),RCC-M 2,QA1,1/2",,个,,kg,
SPF01308,对接焊法兰,CL600(SCH80),,RF/WN,P280GH,CP05T3052,ASME B16.5(CP05T2002),RCC-M 2,QA1,1/2",,个,,kg,
SPF01309,对接焊法兰,CL1500(SCH80),,RF/WN,P280GH,CP05T3052,ASME B16.5(CP05T2002),RCC-M 2,QA1,1/2",,个,,kg,
SPF01310,对接焊法兰,CL300(SCH40),,RF/WN,P280GH,CP05T3052,ASME B16.5(CP05T2002),RCC-M 3,QA2,1/2",,个,,kg,
SPF01311,对接焊法兰,CL150(SCH40),,RF/WN,P280GH,CP05T3052,ASME B16.5(CP05T2002),RCC-M 2,QA1,3/4",,个,,kg,
SPF01312,对接焊法兰,CL1500(SCH80),,RF/WN,P280GH,CP05T3052,ASME B16.5(CP05T2002),RCC-M 2,QA1,3/4",,个,,kg,
SPF01313,对接焊法兰,CL150(SCH40),,RF/WN,P280GH,CP05T3052,ASME B16.5(CP05T2002),RCC-M 3,QA2,3/4",,个,,kg,
SPF01314,对接焊法兰,CL1500(SCH80),,RF/WN,P280GH,CP05T3052,ASME B16.5(CP05T2002),RCC-M 2,QA1,1",,个,,kg,
SPF01315,对接焊法兰,CL150(SCH40),,RF/WN,P280GH,CP05T3052,ASME B16.5(CP05T2002),RCC-M 3,QA2,1",,个,,kg,
SPF01316,对接焊法兰,CL300(SCH40),,RF/WN,P280GH,CP05T3052,ASME B16.5(CP05T2002),RCC-M 3,QA2,1",,个,,kg,
SPF01317,对接焊法兰,CL150(SCH40),,RF/WN,P280GH,CP05T3052,ASME B16.5(CP05T2002),RCC-M 3,QA2,1-1/2",,个,,kg,
SPF01318,对接焊法兰,CL150(3.18mm),,RF/WN,P280GH,CP05T3052,ASME B16.5(CP05T2002),RCC-M 2,QA1,2",,个,,kg,
SPF01319,对接焊法兰,CL600(SCH80),,RF/WN,P280GH,CP05T3052,ASME B16.5(CP05T2002),RCC-M 2,QA1,2",,个,,kg,
SPF01222,对接焊法兰,CL150(3.18mm),,RF/WN,P280GH,CP05T3052,ASME B16.5(CP05T2002),RCC-M 3,QA2,2",,个,,kg,压力(壁厚)一栏括号内为接管壁厚
SPF01320,对接焊法兰,CL900(SCH80),,RF/WN,P280GH,CP05T3052,ASME B16.5(CP05T2002),RCC-M 2,QA1,1/2",,个,,kg,
SPF01321,对接焊法兰,CL1500(SCH160),,RF/WN,P280GH,CP05T3052,ASME B16.5(CP05T2002),RCC-M 2,QA1,2",,个,,kg,
SPE02811,45°长半径弯头,SCH40,SS,BW,20,CP05T3019,ASME B16.9,RCC-M 2,QA1,1",Φ33.4,个,,kg,
SPE02812,45°长半径弯头,SCH40,SS,BW,20,CP05T3019,ASME B16.9,RCC-M 2,QA1,1-1/2",Φ48.3,个,,kg,
SPE02813,45°长半径弯头,SCH40,SS,BW,20,CP05T3019,ASME B16.9,RCC-M 2,QA1,1-1/4",Φ42.2,个,,kg,
SPE02814,45°长半径弯头,SCH40,SS,BW,20,CP05T3019,ASME B16.9,RCC-M 2,QA1,2",Φ60.3,个,,kg,
SPE02815,90°长半径弯头,SCH40,SS,BW,20,CP05T3019,ASME B16.9,RCC-M 2,QA1,1",Φ33.4,个,,kg,
SPE02816,90°长半径弯头,SCH40,SS,BW,20,CP05T3019,ASME B16.9,RCC-M 2,QA1,1-1/2",Φ48.3,个,,kg,
SPE02817,90°长半径弯头,SCH40,SS,BW,20,CP05T3019,ASME B16.9,RCC-M 2,QA1,1-1/4",Φ42.2,个,,kg,
SPE02818,90°长半径弯头,SCH40,SS,BW,20,CP05T3019,ASME B16.9,RCC-M 2,QA1,2",Φ60.3,个,,kg,
SPK00651,管帽,SCH40,EM,BW,20,CP05T3019,ASME B16.9,RCC-M 2,QA1,1",Φ33.4,个,,kg,
SPK00652,管帽,SCH40,EM,BW,20,CP05T3019,ASME B16.9,RCC-M 2,QA1,1-1/2",Φ48.3,个,,kg,
SPK00653,管帽,SCH40,EM,BW,20,CP05T3019,ASME B16.9,RCC-M 2,QA1,1-1/4",Φ42.2,个,,kg,
SPK00654,管帽,SCH40,EM,BW,20,CP05T3019,ASME B16.9,RCC-M 2,QA1,2",Φ60.3,个,,kg,
SPT03369,等径三通,SCH40,SS,BW,20,CP05T3019,ASME B16.9,RCC-M 2,QA1,1",Φ33.4,个,,kg,
SPT03370,等径三通,SCH40,SS,BW,20,CP05T3019,ASME B16.9,RCC-M 2,QA1,1-1/2",Φ48.3,个,,kg,
SPT03371,等径三通,SCH40,SS,BW,20,CP05T3019,ASME B16.9,RCC-M 2,QA1,1-1/4",Φ42.2,个,,kg,
SPT03372,等径三通,SCH40,SS,BW,20,CP05T3019,ASME B16.9,RCC-M 2,QA1,2",Φ60.3,个,,kg,
SPR03684,同心大小头,SCH40xSCH80,SS,BW,20,CP05T3019,ASME B16.9,RCC-M 2,QA1,2"x3/4",Φ60.3xΦ26.7,个,,kg,
SPR03685,同心大小头,SCH40xSCH40,SS,BW,20,CP05T3019,ASME B16.9,RCC-M 2,QA1,2"x1-1/4",Φ60.3xΦ42.2,个,,kg,
SPR03686,同心大小头,SCH40xSCH80,SS,BW,20,CP05T3019,ASME B16.9,RCC-M 2,QA1,1"x1/2",Φ33.4xΦ21.3,个,,kg,
SPR03687,同心大小头,SCH40xSCH80,SS,BW,20,CP05T3019,ASME B16.9,RCC-M 2,QA1,1"x3/4",Φ33.4xΦ26.7,个,,kg,
SPE02819,45°长半径弯头,SCH40,SS,BW,20,CP05T3019,ASME B16.9,RCC-M 3,QA2,1",Φ33.4,个,,kg,
SPE02820,45°长半径弯头,SCH40,SS,BW,20,CP05T3019,ASME B16.9,RCC-M 3,QA2,1-1/2",Φ48.3,个,,kg,
SPE02821,45°长半径弯头,SCH40,SS,BW,20,CP05T3019,ASME B16.9,RCC-M 3,QA2,2",Φ60.3,个,,kg,
SPE01450,90°长半径弯头,SCH40,SS,BW,20,CP05T3019,ASME B16.9,RCC-M 3,QA2,1",Φ33.4,个,,kg,
SPE02778,90°长半径弯头,SCH40,SS,BW,20,CP05T3019,ASME B16.9,RCC-M 3,QA2,1-1/2",Φ48.3,个,,kg,
SPE02791,90°长半径弯头,SCH40,SS,BW,20,CP05T3019,ASME B16.9,RCC-M 3,QA2,2",Φ60.3,个,,kg,
SPK00655,管帽,SCH40,EM,BW,20,CP05T3019,ASME B16.9,RCC-M 3,QA2,1",Φ33.4,个,,kg,
SPK00656,管帽,SCH40,EM,BW,20,CP05T3019,ASME B16.9,RCC-M 3,QA2,1-1/2",Φ48.3,个,,kg,
SPK00657,管帽,SCH40,EM,BW,20,CP05T3019,ASME B16.9,RCC-M 3,QA2,2",Φ60.3,个,,kg,
SPT03373,等径三通,SCH40,SS,BW,20,CP05T3019,ASME B16.9,RCC-M 3,QA2,1",Φ33.4,个,,kg,
SPT03374,等径三通,SCH40,SS,BW,20,CP05T3019,ASME B16.9,RCC-M 3,QA2,1-1/2",Φ48.3,个,,kg,
SPT03355,等径三通,SCH40,SS,BW,20,CP05T3019,ASME B16.9,RCC-M 3,QA2,2",Φ60.3,个,,kg,
SPR03688,同心大小头,SCH40xSCH40,SS,BW,20,CP05T3019,ASME B16.9,RCC-M 3,QA2,2"x1",Φ60.3xΦ33.4,个,,kg,
SPR03689,同心大小头,SCH40xSCH40,SS,BW,20,CP05T3019,ASME B16.9,RCC-M 3,QA2,2"x1-1/4",Φ60.3xΦ42.2,个,,kg,
SPR03649,同心大小头,SCH40xSCH40,SS,BW,20,CP05T3019,ASME B16.9,RCC-M 3,QA2,2"x1-1/2",Φ60.3xΦ48.3,个,,kg,
SPR03636,同心大小头,SCH40xSCH40,SS,BW,20,CP05T3019,ASME B16.9,RCC-M 3,QA2,1-1/2"x1",Φ48.3xΦ33.4,个,,kg,
SPF01322,对接焊法兰,CL300(SCH40S),,RF/WN,022Cr19Ni10,CP05T3038,ASME B16.5(CP05T2002),RCC-M 2,QA1,1/2",,个,,kg,
SPF01323,对接焊法兰,CL150(SCH10S),,RF/WN,022Cr19Ni10,CP05T3038,ASME B16.5(CP05T2002),RCC-M 3,QA2,1/2",,个,,kg,
SPF01324,对接焊法兰,CL600(SCH40S),,RF/WN,022Cr19Ni10,CP05T3038,ASME B16.5(CP05T2002),RCC-M 3,QA2,1/2",,个,,kg,
SPF01325,对接焊法兰,CL150(SCH10S),,RF/WN,022Cr19Ni10,CP05T3038,ASME B16.5(CP05T2002),RCC-M 2,QA1,3/4",,个,,kg,
SPF01326,对接焊法兰,CL300(SCH40S),,RF/WN,022Cr19Ni10,CP05T3038,ASME B16.5(CP05T2002),RCC-M 2,QA1,3/4",,个,,kg,
SPF01327,对接焊法兰,CL1500(SCH80S),,RF/WN,022Cr19Ni10,CP05T3038,ASME B16.5(CP05T2002),RCC-M 2,QA1,3/4",,个,,kg,
SPF01328,对接焊法兰,CL600(SCH40S),,RF/WN,022Cr19Ni10,CP05T3038,ASME B16.5(CP05T2002),RCC-M 3,QA2,3/4",,个,,kg,
SPF01329,对接焊法兰,CL150(SCH10S),,RF/WN,022Cr19Ni10,CP05T3038,ASME B16.5(CP05T2002),RCC-M 2,QA1,1",,个,,kg,
SPF01330,对接焊法兰,CL150(SCH10S),,RF/WN,022Cr19Ni10,CP05T3038,ASME B16.5(CP05T2002),RCC-M 2,QA1,2",,个,,kg,
SPF01331,对接焊法兰,CL150(SCH40S),,RF/WN,022Cr25Ni7Mo4N,CP05T3091,ASME B16.5(CP05T2002),RCC-M 3,QA2,1",,个,,kg,
SPF01332,对接焊法兰,CL1500(SCH160S),,RF/WN,026Cr18Ni12Mo2N,CP05T3038,ASME B16.5(CP05T2002),RCC-M 2,QA1,1/2",,个,,kg,
SPE02822,45°长半径弯头,SCH80,SS,BW,20,CP05T3019,ASME B16.9,RCC-M 2,QA1,1/2",Φ21.3,个,,kg,
SPE02823,45°长半径弯头,SCH80,SS,BW,20,CP05T3019,ASME B16.9,RCC-M 2,QA1,3/4",Φ26.7,个,,kg,
SPE02824,45°长半径弯头,SCH80,SS,BW,20,CP05T3019,ASME B16.9,RCC-M 2,QA1,1",Φ33.4,个,,kg,
SPE02825,45°长半径弯头,SCH80,SS,BW,20,CP05T3019,ASME B16.9,RCC-M 2,QA1,1-1/2",Φ48.3,个,,kg,
SPE02826,45°长半径弯头,SCH80,SS,BW,20,CP05T3019,ASME B16.9,RCC-M 2,QA1,2",Φ60.3,个,,kg,
SPE02827,90°长半径弯头,SCH80,SS,BW,20,CP05T3019,ASME B16.9,RCC-M 2,QA1,1/2",Φ21.3,个,,kg,
SPE02828,90°长半径弯头,SCH80,SS,BW,20,CP05T3019,ASME B16.9,RCC-M 2,QA1,3/4",Φ26.7,个,,kg,
SPE02829,90°长半径弯头,SCH80,SS,BW,20,CP05T3019,ASME B16.9,RCC-M 2,QA1,1",Φ33.4,个,,kg,
SPE02830,90°长半径弯头,SCH80,SS,BW,20,CP05T3019,ASME B16.9,RCC-M 2,QA1,1-1/2",Φ48.3,个,,kg,
SPE02831,90°长半径弯头,SCH80,SS,BW,20,CP05T3019,ASME B16.9,RCC-M 2,QA1,2",Φ60.3,个,,kg,
SPK00658,管帽,SCH80,EM,BW,20,CP05T3019,ASME B16.9,RCC-M 2,QA1,2",Φ60.3,个,,kg,
SPK00659,管帽,SCH80,EM,BW,20,CP05T3019,ASME B16.9,RCC-M 2,QA1,3/4",Φ26.7,个,,kg,
SPK00660,管帽,SCH80,EM,BW,20,CP05T3019,ASME B16.9,RCC-M 2,QA1,1",Φ33.4,个,,kg,
SPK00661,管帽,SCH80,EM,BW,20,CP05T3019,ASME B16.9,RCC-M 2,QA1,1-1/2",Φ48.3,个,,kg,
SPT03375,等径三通,SCH80,SS,BW,20,CP05T3019,ASME B16.9,RCC-M 2,QA1,1/2",Φ21.3,个,,kg,
SPT03376,等径三通,SCH80,SS,BW,20,CP05T3019,ASME B16.9,RCC-M 2,QA1,3/4",Φ26.7,个,,kg,
SPT03377,等径三通,SCH80,SS,BW,20,CP05T3019,ASME B16.9,RCC-M 2,QA1,1",Φ33.4,个,,kg,
SPT03378,等径三通,SCH80,SS,BW,20,CP05T3019,ASME B16.9,RCC-M 2,QA1,1-1/2",Φ48.3,个,,kg,
SPT03379,等径三通,SCH80,SS,BW,20,CP05T3019,ASME B16.9,RCC-M 2,QA1,2",Φ60.3,个,,kg,
SPR03690,同心大小头,SCH80xSCH80,SS,BW,20,CP05T3019,ASME B16.9,RCC-M 2,QA1,2"x3/4",Φ60.3xΦ26.7,个,,kg,
SPR03691,同心大小头,SCH80xSCH80,SS,BW,20,CP05T3019,ASME B16.9,RCC-M 2,QA1,1"x1/2",Φ33.4xΦ21.3,个,,kg,
SPR03692,同心大小头,SCH80xSCH80,SS,BW,20,CP05T3019,ASME B16.9,RCC-M 2,QA1,1"x3/4",Φ33.4xΦ26.7,个,,kg,
SPR03693,同心大小头,SCH80xSCH80,SS,BW,20,CP05T3019,ASME B16.9,RCC-M 2,QA1,3/4"x1/2",Φ26.7XΦ21.3,个,,kg,
SPE02832,45°长半径弯头,SCH160,SS,BW,P280GH,CP05T3052,ASME B16.9,RCC-M 2,QA1,1/2",Φ21.3,个,,kg,
SPE02833,45°长半径弯头,SCH160,SS,BW,P280GH,CP05T3052,ASME B16.9,RCC-M 2,QA1,3/4",Φ26.7,个,,kg,
SPE02834,45°长半径弯头,SCH160,SS,BW,P280GH,CP05T3052,ASME B16.9,RCC-M 2,QA1,1-1/2",Φ48.3,个,,kg,
SPE02835,45°长半径弯头,SCH160,SS,BW,P280GH,CP05T3052,ASME B16.9,RCC-M 2,QA1,2",Φ60.3,个,,kg,
SPE02836,90°长半径弯头,SCH160,SS,BW,P280GH,CP05T3052,ASME B16.9,RCC-M 2,QA1,1/2",Φ21.3,个,,kg,
SPE02837,90°长半径弯头,SCH160,SS,BW,P280GH,CP05T3052,ASME B16.9,RCC-M 2,QA1,3/4",Φ26.7,个,,kg,
SPE02838,90°长半径弯头,SCH160,SS,BW,P280GH,CP05T3052,ASME B16.9,RCC-M 2,QA1,1-1/2",Φ48.3,个,,kg,
SPE02839,90°长半径弯头,SCH160,SS,BW,P280GH,CP05T3052,ASME B16.9,RCC-M 2,QA1,2",Φ60.3,个,,kg,
SPK00662,管帽,SCH160,EM,BW,P280GH,CP05T3052,ASME B16.9,RCC-M 2,QA1,1/2",Φ21.3,个,,kg,
SPK00663,管帽,SCH160,EM,BW,P280GH,CP05T3052,ASME B16.9,RCC-M 2,QA1,3/4",Φ26.7,个,,kg,
SPK00664,管帽,SCH160,EM,BW,P280GH,CP05T3052,ASME B16.9,RCC-M 2,QA1,1-1/2",Φ48.3,个,,kg,
SPK00665,管帽,SCH160,EM,BW,P280GH,CP05T3052,ASME B16.9,RCC-M 2,QA1,2",Φ60.3,个,,kg,
SPT03380,等径三通,SCH160,SS,BW,P280GH,CP05T3052,ASME B16.9,RCC-M 2,QA1,1/2",Φ21.3,个,,kg,
SPT03381,等径三通,SCH160,SS,BW,P280GH,CP05T3052,ASME B16.9,RCC-M 2,QA1,3/4",Φ26.7,个,,kg,
SPT03382,等径三通,SCH160,SS,BW,P280GH,CP05T3052,ASME B16.9,RCC-M 2,QA1,1-1/2",Φ48.3,个,,kg,
SPT03383,等径三通,SCH160,SS,BW,P280GH,CP05T3052,ASME B16.9,RCC-M 2,QA1,2",Φ60.3,个,,kg,
SPR03694,同心大小头,SCH160xSCH160,SS,BW,P280GH,CP05T3052,ASME B16.9,RCC-M 2,QA1,2"x3/4",Φ60.3xΦ26.7,个,,kg,
SPR03695,同心大小头,SCH160xSCH160,SS,BW,P280GH,CP05T3052,ASME B16.9,RCC-M 2,QA1,2"x1",Φ60.3xΦ33.4,个,,kg,
SPR03696,同心大小头,SCH160xSCH160,SS,BW,P280GH,CP05T3052,ASME B16.9,RCC-M 2,QA1,1-1/2"x1/2",Φ48.3xΦ21.3,个,,kg,
SPR03697,同心大小头,SCH160xSCH160,SS,BW,P280GH,CP05T3052,ASME B16.9,RCC-M 2,QA1,1-1/2"x3/4",Φ48.3xΦ26.7,个,,kg,
SPR03698,同心大小头,SCH160xSCH160,SS,BW,P280GH,CP05T3052,ASME B16.9,RCC-M 2,QA1,1-1/2"x1",Φ48.3xΦ33.4,个,,kg,
SPE02840,90°长半径弯头,SCH40,SS,BW,20,CP05T3025,ASME B16.9,NA,QNCa,1-1/4",Φ42.2,个,,kg,
SPE02841,90°长半径弯头,SCH40,SS,BW,20,CP05T3025,ASME B16.9,NA,QNCa,1-1/2",Φ48.3,个,,kg,
SPE02842,45°长半径弯头,SCH40,SS,BW,20,CP05T3025,ASME B16.9,NA,QNCa,1-1/2",Φ48.3,个,,kg,
SPE02843,45°长半径弯头,SCH40,SS,BW,20,CP05T3025,ASME B16.9,NA,QNCa,1-1/4",Φ42.2,个,,kg,
SPT03384,等径三通,SCH40,SS,BW,20,CP05T3025,ASME B16.9,NA,QNCa,1",Φ33.4,个,,kg,
SPT03385,等径三通,SCH40,SS,BW,20,CP05T3025,ASME B16.9,NA,QNCa,1-1/4",Φ42.2,个,,kg,
SPT03386,等径三通,SCH40,SS,BW,20,CP05T3025,ASME B16.9,NA,QNCa,1-1/2",Φ48.3,个,,kg,
SPK00666,管帽,SCH40,EM,BW,20,CP05T3025,ASME B16.9,NA,QNCa,1",Φ33.4,个,,kg,
SPK00667,管帽,SCH40,EM,BW,20,CP05T3025,ASME B16.9,NA,QNCa,1-1/2",Φ48.3,个,,kg,
SPK00668,管帽,SCH80,EM,BW,20,CP05T3019,ASME B16.9,RCC-M 2,QA1,1/2",Φ21.3,个,,kg,
SPE02844,45°长半径弯头,SCH160,SS,BW,022Cr19Ni10,CP05T3017,ASME B16.9,RCC-M 1,QA1,3/4",Φ26.7,个,,kg,
SPE02845,45°长半径弯头,SCH160,SS,BW,022Cr19Ni10,CP05T3017,ASME B16.9,RCC-M 1,QA1,1",Φ33.4,个,,kg,
SPE02846,90°长半径弯头,SCH160,SS,BW,022Cr19Ni10,CP05T3017,ASME B16.9,RCC-M 1,QA1,3/4",Φ26.7,个,,kg,
SPT03387,等径三通,SCH160,SS,BW,022Cr19Ni10,CP05T3017,ASME B16.9,RCC-M 1,QA1,3/4",Φ26.7,个,,kg,
SPE02847,45°长半径弯头,SCH40S,SS,BW,022Cr19Ni10,CP05T3017,ASME B16.9,RCC-M 2,QA1,1",Φ33.4,个,,kg,
SPE02848,45°长半径弯头,SCH160,SS,BW,022Cr19Ni10,CP05T3017,ASME B16.9,RCC-M 2,QA1,1/2",Φ21.3,个,,kg,
SPE02849,45°长半径弯头,SCH160,SS,BW,022Cr19Ni10,CP05T3017,ASME B16.9,RCC-M 2,QA1,3/4",Φ26.7,个,,kg,
SPE02850,45°长半径弯头,SCH40S,SS,BW,022Cr19Ni10,CP05T3017,ASME B16.9,RCC-M 2,QA1,1-1/2",Φ48.3,个,,kg,
SPE02851,45°长半径弯头,SCH160,SS,BW,022Cr19Ni10,CP05T3017,ASME B16.9,RCC-M 2,QA1,1",Φ33.4,个,,kg,
SPE02852,45°长半径弯头,SCH40S,SS,BW,022Cr19Ni10,CP05T3017,ASME B16.9,RCC-M 2,QA1,2",Φ60.3,个,,kg,
SPE02853,45°长半径弯头,SCH160,SS,BW,022Cr19Ni10,CP05T3017,ASME B16.9,RCC-M 2,QA1,1-1/2",Φ48.3,个,,kg,
SPE02854,45°长半径弯头,SCH80S,SS,BW,022Cr19Ni10,CP05T3017,ASME B16.9,RCC-M 2,QA1,1/2",Φ21.3,个,,kg,
SPE02855,45°长半径弯头,SCH80S,SS,BW,022Cr19Ni10,CP05T3017,ASME B16.9,RCC-M 2,QA1,3/4",Φ26.7,个,,kg,
SPE02856,45°长半径弯头,SCH80S,SS,BW,022Cr19Ni10,CP05T3017,ASME B16.9,RCC-M 2,QA1,1",Φ33.4,个,,kg,
SPE02857,45°长半径弯头,SCH80S,SS,BW,022Cr19Ni10,CP05T3017,ASME B16.9,RCC-M 2,QA1,1-1/2",Φ48.3,个,,kg,
SPE02858,45°长半径弯头,SCH80S,SS,BW,022Cr19Ni10,CP05T3017,ASME B16.9,RCC-M 2,QA1,2",Φ60.3,个,,kg,
SPE02859,90°长半径弯头,SCH40S,SS,BW,022Cr19Ni10,CP05T3017,ASME B16.9,RCC-M 2,QA1,1",Φ33.4,个,,kg,
SPE02860,90°长半径弯头,SCH40S,SS,BW,022Cr19Ni10,CP05T3017,ASME B16.9,RCC-M 2,QA1,1-1/2",Φ48.3,个,,kg,
SPE02861,90°长半径弯头,SCH40S,SS,BW,022Cr19Ni10,CP05T3017,ASME B16.9,RCC-M 2,QA1,2",Φ60.3,个,,kg,
SPE02862,90°长半径弯头,SCH160,SS,BW,022Cr19Ni10,CP05T3017,ASME B16.9,RCC-M 2,QA1,1/2",Φ21.3,个,,kg,
SPE02863,90°长半径弯头,SCH160,SS,BW,022Cr19Ni10,CP05T3017,ASME B16.9,RCC-M 2,QA1,3/4",Φ26.7,个,,kg,
SPE02864,90°长半径弯头,SCH160,SS,BW,022Cr19Ni10,CP05T3017,ASME B16.9,RCC-M 2,QA1,1",Φ33.4,个,,kg,
SPE02865,90°长半径弯头,SCH160,SS,BW,022Cr19Ni10,CP05T3017,ASME B16.9,RCC-M 2,QA1,1-1/2",Φ48.3,个,,kg,
SPE02866,90°长半径弯头,SCH80S,SS,BW,022Cr19Ni10,CP05T3017,ASME B16.9,RCC-M 2,QA1,1/2",Φ21.3,个,,kg,
SPE02867,90°长半径弯头,SCH80S,SS,BW,022Cr19Ni10,CP05T3017,ASME B16.9,RCC-M 2,QA1,3/4",Φ26.7,个,,kg,
SPE02868,90°长半径弯头,SCH80S,SS,BW,022Cr19Ni10,CP05T3017,ASME B16.9,RCC-M 2,QA1,1",Φ33.4,个,,kg,
SPE02869,90°长半径弯头,SCH80S,SS,BW,022Cr19Ni10,CP05T3017,ASME B16.9,RCC-M 2,QA1,1-1/2",Φ48.3,个,,kg,
SPK00669,管帽,SCH40S,EM,BW,022Cr19Ni10,CP05T3017,ASME B16.9,RCC-M 2,QA1,1",Φ33.4,个,,kg,
SPK00670,管帽,SCH80S,EM,BW,022Cr19Ni10,CP05T3017,ASME B16.9,RCC-M 2,QA1,1",Φ33.4,个,,kg,
SPK00671,管帽,SCH80S,EM,BW,022Cr19Ni10,CP05T3017,ASME B16.9,RCC-M 2,QA1,1/2",Φ21.3,个,,kg,
SPK00672,管帽,SCH80S,EM,BW,022Cr19Ni10,CP05T3017,ASME B16.9,RCC-M 2,QA1,3/4",Φ26.7,个,,kg,
SPT03388,等径三通,SCH40S,SS,BW,022Cr19Ni10,CP05T3017,ASME B16.9,RCC-M 2,QA1,1",Φ33.4,个,,kg,
SPT03389,等径三通,SCH40S,SS,BW,022Cr19Ni10,CP05T3017,ASME B16.9,RCC-M 2,QA1,1-1/2",Φ48.3,个,,kg,
SPT03390,等径三通,SCH40S,SS,BW,022Cr19Ni10,CP05T3017,ASME B16.9,RCC-M 2,QA1,2",Φ60.3,个,,kg,
SPT03391,等径三通,SCH160,SS,BW,022Cr19Ni10,CP05T3017,ASME B16.9,RCC-M 2,QA1,1",Φ33.4,个,,kg,
SPT03392,等径三通,SCH160,SS,BW,022Cr19Ni10,CP05T3017,ASME B16.9,RCC-M 2,QA1,1/2",Φ21.3,个,,kg,
SPT03393,等径三通,SCH160,SS,BW,022Cr19Ni10,CP05T3017,ASME B16.9,RCC-M 2,QA1,3/4",Φ26.7,个,,kg,
SPT03394,等径三通,SCH160,SS,BW,022Cr19Ni10,CP05T3017,ASME B16.9,RCC-M 2,QA1,1-1/2",Φ48.3,个,,kg,
SPT03395,等径三通,SCH80S,SS,BW,022Cr19Ni10,CP05T3017,ASME B16.9,RCC-M 2,QA1,1",Φ33.4,个,,kg,
SPT03396,等径三通,SCH80S,SS,BW,022Cr19Ni10,CP05T3017,ASME B16.9,RCC-M 2,QA1,1/2",Φ21.3,个,,kg,
SPT03397,等径三通,SCH160,SS,BW,022Cr19Ni10,CP05T3017,ASME B16.9,RCC-M 2,QA1,2",Φ60.3,个,,kg,
SPT03398,等径三通,SCH80S,SS,BW,022Cr19Ni10,CP05T3017,ASME B16.9,RCC-M 2,QA1,3/4",Φ26.7,个,,kg,
SPT03399,等径三通,SCH80S,SS,BW,022Cr19Ni10,CP05T3017,ASME B16.9,RCC-M 2,QA1,1-1/2",Φ48.3,个,,kg,
SPT03400,等径三通,SCH80S,SS,BW,022Cr19Ni10,CP05T3017,ASME B16.9,RCC-M 2,QA1,2",Φ60.3,个,,kg,
SPE02870,45°长半径弯头,SCH40S,SS,BW,022Cr19Ni10,CP05T3017,ASME B16.9,RCC-M 3,QA2,1",Φ33.4,个,,kg,
SPE02871,45°长半径弯头,SCH40S,SS,BW,022Cr19Ni10,CP05T3017,ASME B16.9,RCC-M 3,QA2,2",Φ60.3,个,,kg,
SPE02872,90°长半径弯头,SCH40S,SS,BW,022Cr19Ni10,CP05T3017,ASME B16.9,RCC-M 3,QA2,1",Φ33.4,个,,kg,
SPE02873,90°长半径弯头,SCH40S,SS,BW,022Cr19Ni10,CP05T3017,ASME B16.9,RCC-M 3,QA2,2",Φ60.3,个,,kg,
SPK00673,管帽,SCH40S,EM,BW,022Cr19Ni10,CP05T3017,ASME B16.9,RCC-M 3,QA2,1",Φ33.4,个,,kg,
SPT03401,等径三通,SCH40,SS,BW,022Cr17Ni12Mo2,CP05T3017,ASME B16.9,RCC-M 3,QA2,1",Φ33.4,个,,kg,
SPT03402,等径三通,SCH40S,SS,BW,022Cr19Ni10,CP05T3017,ASME B16.9,RCC-M 3,QA2,1",Φ33.4,个,,kg,
SPT03403,等径三通,SCH40S,SS,BW,022Cr19Ni10,CP05T3017,ASME B16.9,RCC-M 3,QA2,2",Φ60.3,个,,kg,
SPR03699,同心大小头,SCH160xSCH160,SS,BW,022Cr19Ni10,CP05T3017,ASME B16.9,RCC-M 2,QA1,1"x1/2",Φ33.4xΦ21.3,个,,kg,
SPR03700,同心大小头,SCH160xSCH160,SS,BW,022Cr19Ni10,CP05T3017,ASME B16.9,RCC-M 2,QA1,1"x3/4",Φ33.4xΦ26.7,个,,kg,
SPR03701,同心大小头,SCH160xSCH160,SS,BW,022Cr19Ni10,CP05T3017,ASME B16.9,RCC-M 2,QA1,1-1/2"x1",Φ48.3xΦ33.4,个,,kg,
SPR03702,同心大小头,SCH160xSCH160,SS,BW,022Cr19Ni10,CP05T3017,ASME B16.9,RCC-M 2,QA1,1-1/2"x1/2",Φ48.3xΦ21.3,个,,kg,
SPR03703,同心大小头,SCH160xSCH160,SS,BW,022Cr19Ni10,CP05T3017,ASME B16.9,RCC-M 2,QA1,3/4"x1/2",Φ26.7XΦ21.3,个,,kg,
SPR03704,同心大小头,SCH160xSCH160,SS,BW,022Cr19Ni10,CP05T3017,ASME B16.9,RCC-M 2,QA1,2"x1-1/2",Φ60.3xΦ48.3,个,,kg,
SPR03705,同心大小头,SCH160xSCH160,SS,BW,022Cr19Ni10,CP05T3017,ASME B16.9,RCC-M 2,QA1,1-1/2"x3/4",Φ48.3xΦ26.7,个,,kg,
SPR03706,同心大小头,SCH160xSCH160,SS,BW,022Cr19Ni10,CP05T3017,ASME B16.9,RCC-M 2,QA1,2"x3/4",Φ60.3xΦ26.7,个,,kg,
SPR03707,同心大小头,SCH80SxSCH80S,SS,BW,022Cr19Ni10,CP05T3017,ASME B16.9,RCC-M 2,QA1,1"x1/2",Φ33.4xΦ21.3,个,,kg,
SPR03708,同心大小头,SCH80SxSCH80S,SS,BW,022Cr19Ni10,CP05T3017,ASME B16.9,RCC-M 2,QA1,1-1/2"x1",Φ48.3xΦ33.4,个,,kg,
SPR03709,同心大小头,SCH80SxSCH80S,SS,BW,022Cr19Ni10,CP05T3017,ASME B16.9,RCC-M 2,QA1,2"x1",Φ60.3xΦ33.4,个,,kg,
SPR03710,同心大小头,SCH80SxSCH80S,SS,BW,022Cr19Ni10,CP05T3017,ASME B16.9,RCC-M 2,QA1,1-1/2"x1/2",Φ48.3xΦ21.3,个,,kg,
SPR03711,同心大小头,SCH80SxSCH80S,SS,BW,022Cr19Ni10,CP05T3017,ASME B16.9,RCC-M 2,QA1,3/4"x1/2",Φ26.7XΦ21.3,个,,kg,
SPR03712,同心大小头,SCH80SxSCH80S,SS,BW,022Cr19Ni10,CP05T3017,ASME B16.9,RCC-M 2,QA1,2"x1-1/2",Φ60.3xΦ48.3,个,,kg,
SPR03713,同心大小头,SCH80SxSCH80S,SS,BW,022Cr19Ni10,CP05T3017,ASME B16.9,RCC-M 2,QA1,1-1/2"x3/4",Φ48.3xΦ26.7,个,,kg,
SPR03714,同心大小头,SCH80SxSCH80S,SS,BW,022Cr19Ni10,CP05T3017,ASME B16.9,RCC-M 2,QA1,2"x3/4",Φ60.3xΦ26.7,个,,kg,
SPR03715,同心大小头,SCH40SxSCH40S,SS,BW,022Cr19Ni10,CP05T3017,ASME B16.9,RCC-M 2,QA1,1-1/2"x1",Φ48.3xΦ33.4,个,,kg,
SPR03716,同心大小头,SCH40SxSCH40S,SS,BW,022Cr19Ni10,CP05T3017,ASME B16.9,RCC-M 2,QA1,2"x1",Φ60.3xΦ33.4,个,,kg,
SPR03717,同心大小头,SCH40SxSCH40S,SS,BW,022Cr19Ni10,CP05T3017,ASME B16.9,RCC-M 2,QA1,2"x1-1/2",Φ60.3xΦ48.3,个,,kg,
SPR03718,同心大小头,SCH40SxSCH40S,SS,BW,022Cr19Ni10,CP05T3017,ASME B16.9,RCC-M 3,QA2,2"x1",Φ60.3xΦ33.4,个,,kg,
SPE02874,90°长半径弯头,SCH40,SS,BW,022Cr17Ni12Mo2,CP05T3017,ASME B16.9,RCC-M 3,QA2,1",Φ33.4,个,,kg,
SPE02875,90°长半径弯头,SCH40S,SS,BW,022Cr19Ni10,CP05T3017,ASME B16.9,RCC-M 3,QA2,1-1/2",Φ48.3,个,,kg,
SPE02876,90°长半径弯头,SCH40,SS,BW,022Cr17Ni12Mo2,CP05T3017,ASME B16.9,RCC-M 3,QA2,2",Φ60.3,个,,kg,
SPE02877,45°长半径弯头,SCH40S,SS,BW,022Cr19Ni10,CP05T3017,ASME B16.9,RCC-M 3,QA2,1-1/2",Φ48.3,个,,kg,
SPT03404,等径三通,SCH40,SS,BW,022Cr17Ni12Mo2,CP05T3017,ASME B16.9,RCC-M 3,QA2,2",Φ60.3,个,,kg,
SPT03405,等径三通,SCH40S,SS,BW,022Cr19Ni10,CP05T3017,ASME B16.9,RCC-M 3,QA2,1-1/2",Φ48.3,个,,kg,
SPT03406,异径三通,9.53mmx6.35mm,FS,BW,20,CP05T3025,ASME B16.9,NA,QA3,28"x12",Φ711x323.8,个,,,
SPR03683,偏心大小头,9.53mmx9.53mm,FS,BW,20,CP05T3025,ASME B16.9,NA,QA3,28"x20",Φ711xΦ508,个,,,
SPK00674,管帽,9.53mm,EM,BW,20,CP05T3025,ASME B16.9,NA,QA3,28",Φ711,个,,,
SPE02878,90°长半径弯头,9.53mm,FS,BW,20,CP05T3025,ASME B16.9,NA,QA3,28",Φ711,个,,,
SPE02879,90°短半径弯头,9.53mm,FS,BW,20,CP05T3025,DL/T 695-2014,NA,QA3,DN700,Φ711,个,,,
SPE02883,非标45°弯头,2.77mm,SS,BW,20,CP05T3019,CP05T4010,RCC-M 2,QA1,1/2",Φ21.3,个,,kg,
SPE02884,非标45°弯头,2.87mm,SS,BW,20,CP05T3019,CP05T4010,RCC-M 2,QA1,3/4",Φ26.7,个,,kg,
SPE02888,非标45°弯头,3.18mm,SS,BW,20,CP05T3019,CP05T4010,RCC-M 2,QA1,2",Φ60.3,个,,kg,
SPE02902,非标45°弯头,2.77mm,SS,BW,022Cr19Ni10,CP05T3017,CP05T4010,RCC-M 2,QA1,1-1/4",Φ42.2,个,,kg,
SPE02903,非标45°弯头,2.77mm,SS,BW,022Cr19Ni10,CP05T3017,CP05T4010,RCC-M 2,QA1,1-1/2",Φ48.3,个,,kg,
SPE02904,非标45°弯头,2.11mm,SS,BW,022Cr19Ni10,CP05T3017,CP05T4010,RCC-M 2,QA1,3/4",Φ26.7,个,,kg,
SPE02905,非标90°弯头,2.77mm,SS,BW,022Cr19Ni10,CP05T3017,CP05T4010,RCC-M 2,QA1,1-1/4",Φ42.2,个,,kg,
SPE02906,非标45°弯头,2.11mm,SS,BW,022Cr19Ni10,CP05T3017,CP05T4010,RCC-M 2,QA1,1/2",Φ21.3,个,,kg,
SPE02909,非标90°弯头,2.77mm,SS,BW,022Cr19Ni10,CP05T3017,CP05T4010,RCC-M 3,QA1,1/2",Φ21.3,个,,kg,
SPE02912,非标45°弯头,2.77mm,SS,BW,022Cr19Ni10,CP05T3017,CP05T4010,RCC-M 3,QA1,1/2",Φ21.3,个,,kg,
SPE02913,非标45°弯头,2.87mm,SS,BW,022Cr19Ni10,CP05T3017,CP05T4010,RCC-M 3,QA1,3/4",Φ26.7,个,,kg,
SPE02926,非标45°弯头,2.77mm,SS,BW,022Cr19Ni10,CP05T3017,CP05T4010,RCC-M 3,QA1,1-1/4",Φ42.2,个,,kg,
SPE02927,非标90°弯头,2.77mm,SS,BW,022Cr19Ni10,CP05T3017,CP05T4010,RCC-M 3,QA1,1-1/4",Φ42.2,个,,kg,
SPE02928,非标45°弯头,2.11mm,SS,BW,022Cr17Ni12Mo2,CP05T3023,CP05T4010,NA,QA1,3/4",Φ26.7,个,,kg,
SPE02929,非标45°弯头,2.77mm,SS,BW,022Cr17Ni12Mo2,CP05T3023,CP05T4010,NA,QA1,1",Φ33.4,个,,kg,
SPE02930,非标45°弯头,2.77mm,SS,BW,022Cr17Ni12Mo2,CP05T3023,CP05T4010,NA,QA1,1-1/4",Φ42.2,个,,kg,
SPE02931,非标45°弯头,2.77mm,SS,BW,022Cr17Ni12Mo2,CP05T3023,CP05T4010,NA,QA1,1-1/2",Φ48.3,个,,kg,
SPE02932,非标90°弯头,2.77mm,SS,BW,022Cr17Ni12Mo2,CP05T3023,CP05T4010,NA,QA1,1-1/4",Φ42.2,个,,kg,
SPT03407,非标三通,2.77mm,FO,BW,20,CP05T3037,CP05T4010,RCC-M 2,QA1,1/2",Φ21.3,个,,kg,
SPT03410,非标支架三通,2.77mm,FO,BW,20,CP05T3037,CP05T4010,RCC-M 2,QA1,1/2",Φ21.3,个,,kg,
SPT03413,非标支架三通,3.18mm,FO,BW,20,CP05T3037,CP05T4010,RCC-M 2,QA1,2",Φ60.3,个,,kg,
SPT03416,非标支架三通,2.77mm,FO,BW,20,CP05T3037,CP05T4010,RCC-M 3,QA1,1/2",Φ21.3,个,,kg,
SPT03424,非标支架三通,2.77mm,FO,BW,20,CP05T3025,CP05T4010,NA,QA1,1/2",Φ21.3,个,,kg,
SPT03427,非标三通,2.77mm,FO,BW,022Cr19Ni10,CP05T3038,CP05T4010,RCC-M 2,QA1,1-1/2",Φ48.3,个,,kg,
SPT03428,非标支架三通,2.77mm,FO,BW,022Cr19Ni10,CP05T3038,CP05T4010,RCC-M 2,QA1,1-1/2",Φ48.3,个,,kg,
SPT03429,非标支架三通,2.77mm,FO,BW,022Cr19Ni10,CP05T3038,CP05T4010,RCC-M 2,QA1,2",Φ60.3,个,,kg,
SPT03433,非标支架三通,2.77mm,FO,BW,022Cr19Ni10,CP05T3038,CP05T4010,RCC-M 3,QA1,1/2",Φ21.3,个,,kg,
SPT03437,非标支架三通,2.87mm,FO,BW,022Cr19Ni10,CP05T3038,CP05T4010,RCC-M 3,QA1,3/4",Φ26.7,个,,kg,
SPT03444,非标三通,2.77mm,FO,BW,022Cr19Ni10,CP05T3038,CP05T4010,RCC-M 3,QA1,2",Φ60.3,个,,kg,
SPT03445,非标支架三通,2.77mm,FO,BW,022Cr19Ni10,CP05T3038,CP05T4010,RCC-M 3,QA1,1-1/2",Φ48.3,个,,kg,
SPT03446,非标支架三通,2.77mm,FO,BW,022Cr19Ni10,CP05T3023,CP05T4010,NA,QA1,2",Φ60.3,个,,kg,
SPT03447,非标三通,2.11mm,FO,BW,022Cr17Ni12Mo2,CP05T3023,CP05T4010,NA,QA1,3/4",Φ26.7,个,,kg,
SPT03448,非标支架三通,2.11mm,FO,BW,022Cr17Ni12Mo2,CP05T3023,CP05T4010,NA,QA1,1/2",Φ21.3,个,,kg,
SPT03449,非标支架三通,2.77mm,FO,BW,022Cr17Ni12Mo2,CP05T3023,CP05T4010,NA,QA1,1",Φ33.4,个,,kg,
SPT03450,非标支架三通,2.77mm,FO,BW,022Cr17Ni12Mo2,CP05T3023,CP05T4010,NA,QA1,1-1/2",Φ48.3,个,,kg,
SPT03451,非标支架三通,2.77mm,FO,BW,022Cr17Ni12Mo2,CP05T3023,CP05T4010,NA,QA1,2",Φ60.3,个,,kg,
SPT03452,非标支架三通,2.11mm,FO,BW,022Cr17Ni12Mo2,CP05T3023,CP05T4010,NA,QA1,3/4",Φ26.7,个,,kg,
SPR03719,非标同心大小头,2.77mmx2.24mm,FO,BW,20,CP05T3037,CP05T4010,RCC-M 2,QA1,1/2"x1/4",Φ21.3x13.7,个,,kg,
SPR03720,非标同心大小头,2.87mmx2.24mm,FO,BW,20,CP05T3037,CP05T4010,RCC-M 2,QA1,3/4"x1/4",Φ26.7x13.7,个,,kg,
SPR03721,非标同心大小头,2.87mmx2.77mm,FO,BW,20,CP05T3037,CP05T4010,RCC-M 2,QA1,3/4"x1/2",Φ26.7x21.3,个,,kg,
SPR03722,非标同心大小头,3.38mmx2.24mm,FO,BW,20,CP05T3037,CP05T4010,RCC-M 2,QA1,1"x1/4",Φ33.4x13.7,个,,kg,
SPR03723,非标同心大小头,3.38mmx2.77mm,FO,BW,20,CP05T3037,CP05T4010,RCC-M 2,QA1,1"x1/2",Φ33.4x21.3,个,,kg,
SPR03724,非标同心大小头,3.38mmx2.87mm,FO,BW,20,CP05T3037,CP05T4010,RCC-M 2,QA1,1"x3/4",Φ33.4x26.7,个,,kg,
SPR03725,非标同心大小头,3.56mmx2.87mm,FO,BW,20,CP05T3037,CP05T4010,RCC-M 2,QA1,1-1/4"x3/4",Φ42.2x26.7,个,,kg,
SPR03726,非标同心大小头,3.68mmx2.77mm,FO,BW,20,CP05T3037,CP05T4010,RCC-M 2,QA1,1-1/2"x1/2",Φ48.3x21.3,个,,kg,
SPR03727,非标同心大小头,3.68mmx2.87mm,FO,BW,20,CP05T3037,CP05T4010,RCC-M 2,QA1,1-1/2"x3/4",Φ48.3x26.7,个,,kg,
SPR03728,非标同心大小头,3.68mmx3.38mm,FO,BW,20,CP05T3037,CP05T4010,RCC-M 2,QA1,1-1/2"x1",Φ48.3x33.4,个,,kg,
SPR03729,非标同心大小头,3.18mmx2.77mm,FO,BW,20,CP05T3037,CP05T4010,RCC-M 2,QA1,2"x1/2",Φ60.3x21.3,个,,kg,
SPR03730,非标同心大小头,3.18mmx2.87mm,FO,BW,20,CP05T3037,CP05T4010,RCC-M 2,QA1,2"x3/4",Φ60.3x26.7,个,,kg,
SPR03731,非标同心大小头,3.18mmx3.38mm,FO,BW,20,CP05T3037,CP05T4010,RCC-M 2,QA1,2"x1",Φ60.3x33.4,个,,kg,
SPR03732,非标同心大小头,3.18mmx3.56mm,FO,BW,20,CP05T3037,CP05T4010,RCC-M 2,QA1,2"x1-1/4",Φ60.3x42.2,个,,kg,
SPR03733,非标同心大小头,3.18mmx3.68mm,FO,BW,20,CP05T3037,CP05T4010,RCC-M 2,QA1,2"x1-1/2",Φ60.3x48.3,个,,kg,
SPR03734,非标同心大小头,2.87mmx2.24mm,FO,BW,20,CP05T3037,CP05T4010,RCC-M 3,QA1,3/4"x1/4",Φ26.7x13.7,个,,kg,
SPR03735,非标同心大小头,3.38mmx2.24mm,FO,BW,20,CP05T3037,CP05T4010,RCC-M 3,QA1,1"x1/4",Φ33.4x13.7,个,,kg,
SPR03736,非标同心大小头,3.38mmx2.77mm,FO,BW,20,CP05T3037,CP05T4010,RCC-M 3,QA1,1"x1/2",Φ33.4x21.3,个,,kg,
SPR03737,非标同心大小头,3.38mmx2.87mm,FO,BW,20,CP05T3037,CP05T4010,RCC-M 3,QA1,1"x3/4",Φ33.4x26.7,个,,kg,
SPR03738,非标同心大小头,3.56mmx2.87mm,FO,BW,20,CP05T3037,CP05T4010,RCC-M 3,QA1,1-1/4"x3/4",Φ42.2x26.7,个,,kg,
SPR03739,非标同心大小头,3.68mmx2.77mm,FO,BW,20,CP05T3037,CP05T4010,RCC-M 3,QA1,1-1/2"x1/2",Φ48.3x21.3,个,,kg,
SPR03740,非标同心大小头,3.68mmx2.87mm,FO,BW,20,CP05T3037,CP05T4010,RCC-M 3,QA1,1-1/2"x3/4",Φ48.3x26.7,个,,kg,
SPR03741,非标同心大小头,3.68mmx3.38mm,FO,BW,20,CP05T3037,CP05T4010,RCC-M 3,QA1,1-1/2"x1",Φ48.3x33.4,个,,kg,
SPR03742,非标同心大小头,3.18mmx2.77mm,FO,BW,20,CP05T3037,CP05T4010,RCC-M 3,QA1,2"x1/2",Φ60.3x21.3,个,,kg,
SPR03743,非标同心大小头,3.18mmx2.87mm,FO,BW,20,CP05T3037,CP05T4010,RCC-M 3,QA1,2"x3/4",Φ60.3x26.7,个,,kg,
SPR03744,非标同心大小头,3.18mmx3.38mm,FO,BW,20,CP05T3037,CP05T4010,RCC-M 3,QA1,2"x1",Φ60.3x33.4,个,,kg,
SPR03745,非标同心大小头,3.18mmx3.56mm,FO,BW,20,CP05T3037,CP05T4010,RCC-M 3,QA1,2"x1-1/4",Φ60.3x42.2,个,,kg,
SPR03746,非标同心大小头,3.18mmx3.68mm,FO,BW,20,CP05T3037,CP05T4010,RCC-M 3,QA1,2"x1-1/2",Φ60.3x48.3,个,,kg,
SPR03747,非标同心大小头,3.38mmx2.24mm,FO,BW,20,CP05T3025,CP05T4010,NA,QA1,1"x1/4",Φ33.4x13.7,个,,kg,
SPR03748,非标同心大小头,3.38mmx2.77mm,FO,BW,20,CP05T3025,CP05T4010,NA,QA1,1"x1/2",Φ33.4x21.3,个,,kg,
SPR03749,非标同心大小头,3.38mmx2.87mm,FO,BW,20,CP05T3025,CP05T4010,NA,QA1,1"x3/4",Φ33.4x26.7,个,,kg,
SPR03750,非标同心大小头,3.56mmx2.87mm,FO,BW,20,CP05T3025,CP05T4010,NA,QA1,1-1/4"x3/4",Φ42.2x26.7,个,,kg,
SPR03751,非标同心大小头,3.68mmx2.77mm,FO,BW,20,CP05T3025,CP05T4010,NA,QA1,1-1/2"x1/2",Φ48.3x21.3,个,,kg,
SPR03752,非标同心大小头,3.68mmx2.87mm,FO,BW,20,CP05T3025,CP05T4010,NA,QA1,1-1/2"x3/4",Φ48.3x26.7,个,,kg,
SPR03753,非标同心大小头,3.68mmx3.38mm,FO,BW,20,CP05T3025,CP05T4010,NA,QA1,1-1/2"x1",Φ48.3x33.4,个,,kg,
SPR03754,非标同心大小头,3.18mmx3.38mm,FO,BW,20,CP05T3025,CP05T4010,NA,QA1,2"x1",Φ60.3x33.4,个,,kg,
SPR03755,非标同心大小头,3.18mmx3.56mm,FO,BW,20,CP05T3025,CP05T4010,NA,QA1,2"x1-1/4",Φ60.3x42.2,个,,kg,
SPR03756,非标同心大小头,3.18mmx3.68mm,FO,BW,20,CP05T3025,CP05T4010,NA,QA1,2"x1-1/2",Φ60.3x48.3,个,,kg,
SPR03757,非标同心大小头,3.91mmx2.77mm,FO,BW,20,CP05T3037,CP05T4010,RCC-M 2,QA1,2"x1/2",Φ60.3x21.3,个,,kg,
SPR03758,非标同心大小头,3.91mmx2.87mm,FO,BW,20,CP05T3037,CP05T4010,RCC-M 2,QA1,2"x3/4",Φ60.3x26.7,个,,kg,
SPR03759,非标同心大小头,3.91mmx3.38mm,FO,BW,20,CP05T3037,CP05T4010,RCC-M 2,QA1,2"x1",Φ60.3x33.4,个,,kg,
SPR03760,非标同心大小头,3.91mmx3.56mm,FO,BW,20,CP05T3037,CP05T4010,RCC-M 2,QA1,2"x1-1/4",Φ60.3x42.2,个,,kg,
SPR03761,非标同心大小头,3.91mmx3.68mm,FO,BW,20,CP05T3037,CP05T4010,RCC-M 2,QA1,2"x1-1/2",Φ60.3x48.3,个,,kg,
SPR03762,非标同心大小头,2.77mmx2.24mm,FO,BW,20,CP05T3037,CP05T4010,RCC-M 3,QA1,1/2"x1/4",Φ21.3x13.7,个,,kg,
SPR03763,非标同心大小头,2.87mmx2.77mm,FO,BW,20,CP05T3037,CP05T4010,RCC-M 3,QA1,3/4"x1/2",Φ26.7x21.3,个,,kg,
SPR03764,非标同心大小头,3.91mmx2.77mm,FO,BW,20,CP05T3037,CP05T4010,RCC-M 3,QA1,2"x1/2",Φ60.3x21.3,个,,kg,
SPR03765,非标同心大小头,3.91mmx2.87mm,FO,BW,20,CP05T3037,CP05T4010,RCC-M 3,QA1,2"x3/4",Φ60.3x26.7,个,,kg,
SPR03766,非标同心大小头,3.91mmx3.38mm,FO,BW,20,CP05T3037,CP05T4010,RCC-M 3,QA1,2"x1",Φ60.3x33.4,个,,kg,
SPR03767,非标同心大小头,3.91mmx3.56mm,FO,BW,20,CP05T3037,CP05T4010,RCC-M 3,QA1,2"x1-1/4",Φ60.3x42.2,个,,kg,
SPR03768,非标同心大小头,3.91mmx3.68mm,FO,BW,20,CP05T3037,CP05T4010,RCC-M 3,QA1,2"x1-1/2",Φ60.3x48.3,个,,kg,
SPR03769,非标同心大小头,2.77mmx2.24mm,FO,BW,022Cr19Ni10,CP05T3038,CP05T4010,RCC-M 3,QA1,1/2"x1/4",Φ21.3x13.7,个,,kg,
SPR03770,非标同心大小头,2.87mmx2.24mm,FO,BW,022Cr19Ni10,CP05T3038,CP05T4010,RCC-M 3,QA1,3/4"x1/4",Φ26.7x13.7,个,,kg,
SPR03771,非标同心大小头,3.38mmx2.24mm,FO,BW,022Cr19Ni10,CP05T3038,CP05T4010,RCC-M 3,QA1,1"x1/4",Φ33.4x13.7,个,,kg,
SPR03772,非标同心大小头,3.38mmx2.77mm,FO,BW,022Cr19Ni10,CP05T3038,CP05T4010,RCC-M 3,QA1,1"x1/2",Φ33.4x21.3,个,,kg,
SPR03773,非标同心大小头,3.38mmx2.87mm,FO,BW,022Cr19Ni10,CP05T3038,CP05T4010,RCC-M 3,QA1,1"x3/4",Φ33.4x26.7,个,,kg,
SPR03774,非标同心大小头,3.56mmx2.87mm,FO,BW,022Cr19Ni10,CP05T3038,CP05T4010,RCC-M 3,QA1,1-1/4"x3/4",Φ42.2x26.7,个,,kg,
SPR03775,非标同心大小头,3.68mmx2.77mm,FO,BW,022Cr19Ni10,CP05T3038,CP05T4010,RCC-M 3,QA1,1-1/2"x1/2",Φ48.3x21.3,个,,kg,
SPR03776,非标同心大小头,3.68mmx2.87mm,FO,BW,022Cr19Ni10,CP05T3038,CP05T4010,RCC-M 3,QA1,1-1/2"x3/4",Φ48.3x26.7,个,,kg,
SPR03777,非标同心大小头,3.68mmx3.38mm,FO,BW,022Cr19Ni10,CP05T3038,CP05T4010,RCC-M 3,QA1,1-1/2"x1",Φ48.3x33.4,个,,kg,
SPR03778,非标同心大小头,3.91mmx2.77mm,FO,BW,022Cr19Ni10,CP05T3038,CP05T4010,RCC-M 3,QA1,2"x1/2",Φ60.3x21.3,个,,kg,
SPR03779,非标同心大小头,3.91mmx2.87mm,FO,BW,022Cr19Ni10,CP05T3038,CP05T4010,RCC-M 3,QA1,2"x3/4",Φ60.3x26.7,个,,kg,
SPR03780,非标同心大小头,3.91mmx3.38mm,FO,BW,022Cr19Ni10,CP05T3038,CP05T4010,RCC-M 3,QA1,2"x1",Φ60.3x33.4,个,,kg,
SPR03781,非标同心大小头,3.91mmx3.56mm,FO,BW,022Cr19Ni10,CP05T3038,CP05T4010,RCC-M 3,QA1,2"x1-1/4",Φ60.3x42.2,个,,kg,
SPR03782,非标同心大小头,3.91mmx3.68mm,FO,BW,022Cr19Ni10,CP05T3038,CP05T4010,RCC-M 3,QA1,2"x1-1/2",Φ60.3x48.3,个,,kg,
SPR03783,非标同心大小头,2.87mmx2.24mm,FO,BW,022Cr19Ni10,CP05T3038,CP05T4010,RCC-M 2,QA1,3/4"x1/4",Φ26.7x13.7,个,,kg,
SPR03784,非标同心大小头,2.87mmx2.77mm,FO,BW,022Cr19Ni10,CP05T3038,CP05T4010,RCC-M 2,QA1,3/4"x1/2",Φ26.7x21.3,个,,kg,
SPR03785,非标同心大小头,3.38mmx2.24mm,FO,BW,022Cr19Ni10,CP05T3038,CP05T4010,RCC-M 2,QA1,1"x1/4",Φ33.4x13.7,个,,kg,
SPR03786,非标同心大小头,3.38mmx2.77mm,FO,BW,022Cr19Ni10,CP05T3038,CP05T4010,RCC-M 2,QA1,1"x1/2",Φ33.4x21.3,个,,kg,
SPR03787,非标同心大小头,3.38mmx2.87mm,FO,BW,022Cr19Ni10,CP05T3038,CP05T4010,RCC-M 2,QA1,1"x3/4",Φ33.4x26.7,个,,kg,
SPR03788,非标同心大小头,3.56mmx2.87mm,FO,BW,022Cr19Ni10,CP05T3038,CP05T4010,RCC-M 2,QA1,1-1/4"x3/4",Φ42.2x26.7,个,,kg,
SPR03789,非标同心大小头,3.68mmx2.77mm,FO,BW,022Cr19Ni10,CP05T3038,CP05T4010,RCC-M 2,QA1,1-1/2"x1/2",Φ48.3x21.3,个,,kg,
SPR03790,非标同心大小头,3.68mmx2.87mm,FO,BW,022Cr19Ni10,CP05T3038,CP05T4010,RCC-M 2,QA1,1-1/2"x3/4",Φ48.3x26.7,个,,kg,
SPR03791,非标同心大小头,3.68mmx3.38mm,FO,BW,022Cr19Ni10,CP05T3038,CP05T4010,RCC-M 2,QA1,1-1/2"x1",Φ48.3x33.4,个,,kg,
SPR03792,非标同心大小头,3.91mmx2.77mm,FO,BW,022Cr19Ni10,CP05T3038,CP05T4010,RCC-M 2,QA1,2"x1/2",Φ60.3x21.3,个,,kg,
SPR03793,非标同心大小头,3.91mmx2.87mm,FO,BW,022Cr19Ni10,CP05T3038,CP05T4010,RCC-M 2,QA1,2"x3/4",Φ60.3x26.7,个,,kg,
SPR03794,非标同心大小头,3.91mmx3.38mm,FO,BW,022Cr19Ni10,CP05T3038,CP05T4010,RCC-M 2,QA1,2"x1",Φ60.3x33.4,个,,kg,
SPR03795,非标同心大小头,3.91mmx3.56mm,FO,BW,022Cr19Ni10,CP05T3038,CP05T4010,RCC-M 2,QA1,2"x1-1/4",Φ60.3x42.2,个,,kg,
SPR03796,非标同心大小头,3.91mmx3.68mm,FO,BW,022Cr19Ni10,CP05T3038,CP05T4010,RCC-M 2,QA1,2"x1-1/2",Φ60.3x48.3,个,,kg,
SPR03797,非标同心大小头,2.11mmx1.65mm,FO,BW,022Cr19Ni10,CP05T3038,CP05T4010,RCC-M 2,QA1,1/2"x1/4",Φ21.3x13.7,个,,kg,
SPR03798,非标同心大小头,2.11mmx1.65mm,FO,BW,022Cr19Ni10,CP05T3038,CP05T4010,RCC-M 2,QA1,3/4"x1/4",Φ26.7x13.7,个,,kg,
SPR03799,非标同心大小头,2.11mmx2.11mm,FO,BW,022Cr19Ni10,CP05T3038,CP05T4010,RCC-M 2,QA1,3/4"x1/2",Φ26.7x21.3,个,,kg,
SPR03800,非标同心大小头,2.77mmx1.65mm,FO,BW,022Cr19Ni10,CP05T3038,CP05T4010,RCC-M 2,QA1,1"x1/4",Φ33.4x13.7,个,,kg,
SPR03801,非标同心大小头,2.77mmx2.11mm,FO,BW,022Cr19Ni10,CP05T3038,CP05T4010,RCC-M 2,QA1,1"x1/2",Φ33.4x21.3,个,,kg,
SPR03802,非标同心大小头,2.77mmx2.11mm,FO,BW,022Cr19Ni10,CP05T3038,CP05T4010,RCC-M 2,QA1,1"x3/4",Φ33.4x26.7,个,,kg,
SPR03803,非标同心大小头,2.77mmx2.11mm,FO,BW,022Cr19Ni10,CP05T3038,CP05T4010,RCC-M 2,QA1,1-1/4"x3/4",Φ42.2x26.7,个,,kg,
SPR03804,非标同心大小头,2.77mmx2.11mm,FO,BW,022Cr19Ni10,CP05T3038,CP05T4010,RCC-M 2,QA1,1-1/2"x1/2",Φ48.3x21.3,个,,kg,
SPR03805,非标同心大小头,2.77mmx2.11mm,FO,BW,022Cr19Ni10,CP05T3038,CP05T4010,RCC-M 2,QA1,1-1/2"x3/4",Φ48.3x26.7,个,,kg,
SPR03806,非标同心大小头,2.77mmx2.77mm,FO,BW,022Cr19Ni10,CP05T3038,CP05T4010,RCC-M 2,QA1,1-1/2"x1",Φ48.3x33.4,个,,kg,
SPR03807,非标同心大小头,2.77mmx2.11mm,FO,BW,022Cr19Ni10,CP05T3038,CP05T4010,RCC-M 2,QA1,2"x1/2",Φ60.3x21.3,个,,kg,
SPR03808,非标同心大小头,2.77mmx2.77mm,FO,BW,022Cr19Ni10,CP05T3038,CP05T4010,RCC-M 2,QA1,2"x1-1/4",Φ60.3x42.2,个,,kg,
SPR03809,非标同心大小头,2.77mmx2.77mm,FO,BW,022Cr19Ni10,CP05T3038,CP05T4010,RCC-M 2,QA1,2"x1-1/2",Φ60.3x48.3,个,,kg,
SPR03810,非标同心大小头,2.77mmx2.11mm,FO,BW,022Cr19Ni10,CP05T3038,CP05T4010,RCC-M 3,QA1,1"x1/2",Φ33.4x21.3,个,,kg,
SPR03811,非标同心大小头,2.77mmx2.11mm,FO,BW,022Cr19Ni10,CP05T3038,CP05T4010,RCC-M 3,QA1,1"x3/4",Φ33.4x26.7,个,,kg,
SPR03812,非标同心大小头,2.77mmx2.11mm,FO,BW,022Cr19Ni10,CP05T3038,CP05T4010,RCC-M 3,QA1,1-1/4"x3/4",Φ42.2x26.7,个,,kg,
SPR03813,非标同心大小头,2.77mmx2.11mm,FO,BW,022Cr19Ni10,CP05T3038,CP05T4010,RCC-M 3,QA1,1-1/2"x1/2",Φ48.3x21.3,个,,kg,
SPR03814,非标同心大小头,2.77mmx2.77mm,FO,BW,022Cr19Ni10,CP05T3038,CP05T4010,RCC-M 3,QA1,1-1/2"x1",Φ48.3x33.4,个,,kg,
SPR03815,非标同心大小头,2.77mmx2.11mm,FO,BW,022Cr19Ni10,CP05T3038,CP05T4010,RCC-M 3,QA1,2"x1/2",Φ60.3x21.3,个,,kg,
SPR03816,非标同心大小头,2.77mmx2.11mm,FO,BW,022Cr19Ni10,CP05T3038,CP05T4010,RCC-M 3,QA1,2"x3/4",Φ60.3x26.7,个,,kg,
SPR03817,非标同心大小头,2.77mmx2.77mm,FO,BW,022Cr19Ni10,CP05T3038,CP05T4010,RCC-M 3,QA1,2"x1-1/4",Φ60.3x42.2,个,,kg,
SPR03818,非标同心大小头,2.77mmx2.77mm,FO,BW,022Cr19Ni10,CP05T3038,CP05T4010,RCC-M 3,QA1,2"x1-1/2",Φ60.3x48.3,个,,kg,
SPR03819,非标同心大小头,2.77mmx2.11mm,FO,BW,022Cr19Ni10,CP05T3023,CP05T4010,NA,QA1,1-1/4"x3/4",Φ42.2x26.7,个,,kg,
SPR03820,非标同心大小头,2.77mmx2.11mm,FO,BW,022Cr19Ni10,CP05T3023,CP05T4010,NA,QA1,1-1/2"x1/2",Φ48.3x21.3,个,,kg,
SPR03821,非标同心大小头,2.77mmx2.11mm,FO,BW,022Cr19Ni10,CP05T3023,CP05T4010,NA,QA1,2"x1/2",Φ60.3x21.3,个,,kg,
SPR03822,非标同心大小头,2.77mmx2.11mm,FO,BW,022Cr19Ni10,CP05T3023,CP05T4010,NA,QA1,2"x3/4",Φ60.3x26.7,个,,kg,
SPR03823,非标同心大小头,2.77mmx2.77mm,FO,BW,022Cr19Ni10,CP05T3023,CP05T4010,NA,QA1,2"x1-1/4",Φ60.3x42.2,个,,kg,
SPR03824,非标同心大小头,2.11mmx1.65mm,FO,BW,022Cr17Ni12Mo2,CP05T3023,CP05T4010,NA,QA1,1/2"x1/4",Φ21.3x13.7,个,,kg,
SPR03825,非标同心大小头,2.11mmx1.65mm,FO,BW,022Cr17Ni12Mo2,CP05T3023,CP05T4010,NA,QA1,3/4"x1/4",Φ26.7x13.7,个,,kg,
SPR03826,非标同心大小头,2.11mmx2.11mm,FO,BW,022Cr17Ni12Mo2,CP05T3023,CP05T4010,NA,QA1,3/4"x1/2",Φ26.7x21.3,个,,kg,
SPR03827,非标同心大小头,2.77mmx1.65mm,FO,BW,022Cr17Ni12Mo2,CP05T3023,CP05T4010,NA,QA1,1"x1/4",Φ33.4x13.7,个,,kg,
SPR03828,非标同心大小头,2.77mmx2.11mm,FO,BW,022Cr17Ni12Mo2,CP05T3023,CP05T4010,NA,QA1,1"x3/4",Φ33.4x26.7,个,,kg,
SPR03829,非标同心大小头,2.77mmx2.11mm,FO,BW,022Cr17Ni12Mo2,CP05T3023,CP05T4010,NA,QA1,1-1/4"x3/4",Φ42.2x26.7,个,,kg,
SPR03830,非标同心大小头,2.77mmx2.11mm,FO,BW,022Cr17Ni12Mo2,CP05T3023,CP05T4010,NA,QA1,1-1/2"x1/2",Φ48.3x21.3,个,,kg,
SPR03831,非标同心大小头,2.77mmx2.11mm,FO,BW,022Cr17Ni12Mo2,CP05T3023,CP05T4010,NA,QA1,1-1/2"x3/4",Φ48.3x26.7,个,,kg,
SPR03832,非标同心大小头,2.77mmx2.77mm,FO,BW,022Cr17Ni12Mo2,CP05T3023,CP05T4010,NA,QA1,1-1/2"x1",Φ48.3x33.4,个,,kg,
SPR03833,非标同心大小头,2.77mmx2.11mm,FO,BW,022Cr17Ni12Mo2,CP05T3023,CP05T4010,NA,QA1,2"x1/2",Φ60.3x21.3,个,,kg,
SPR03834,非标同心大小头,2.77mmx2.11mm,FO,BW,022Cr17Ni12Mo2,CP05T3023,CP05T4010,NA,QA1,2"x3/4",Φ60.3x26.7,个,,kg,
SPR03835,非标同心大小头,2.77mmx2.77mm,FO,BW,022Cr17Ni12Mo2,CP05T3023,CP05T4010,NA,QA1,2"x1",Φ60.3x33.4,个,,kg,
SPR03836,非标同心大小头,2.77mmx2.77mm,FO,BW,022Cr17Ni12Mo2,CP05T3023,CP05T4010,NA,QA1,2"x1-1/4",Φ60.3x42.2,个,,kg,
SPR03837,非标同心大小头,2.77mmx2.77mm,FO,BW,022Cr17Ni12Mo2,CP05T3023,CP05T4010,NA,QA1,2"x1-1/2",Φ60.3x48.3,个,,kg,
SPR03839,非标同心大小头,3.73mmx3.02mm,FO,BW,20,CP05T3037,CP05T4010,RCC-M 2,QA1,1/2"x1/4",Φ21.3x13.7,个,,kg,
SPR03840,非标同心大小头,3.91mmx3.02mm,FO,BW,20,CP05T3037,CP05T4010,RCC-M 2,QA1,3/4"x1/4",Φ26.7x13.7,个,,kg,
SPR03841,非标同心大小头,3.91mmx3.73mm,FO,BW,20,CP05T3037,CP05T4010,RCC-M 2,QA1,3/4"x1/2",Φ26.7x21.3,个,,kg,
SPR03842,非标同心大小头,4.55mmx3.02mm,FO,BW,20,CP05T3037,CP05T4010,RCC-M 2,QA1,1"x1/4",Φ33.4x13.7,个,,kg,
SPR03843,非标同心大小头,4.55mmx3.73mm,FO,BW,20,CP05T3037,CP05T4010,RCC-M 2,QA1,1"x1/2",Φ33.4x21.3,个,,kg,
SPR03844,非标同心大小头,4.55mmx3.91mm,FO,BW,20,CP05T3037,CP05T4010,RCC-M 2,QA1,1"x3/4",Φ33.4x26.7,个,,kg,
SPR03845,非标同心大小头,4.85mmx3.91mm,FO,BW,20,CP05T3037,CP05T4010,RCC-M 2,QA1,1-1/4"x3/4",Φ42.2x26.7,个,,kg,
SPR03846,非标同心大小头,5.08mmx3.73mm,FO,BW,20,CP05T3037,CP05T4010,RCC-M 2,QA1,1-1/2"x1/2",Φ48.3x21.3,个,,kg,
SPR03847,非标同心大小头,5.08mmx3.91mm,FO,BW,20,CP05T3037,CP05T4010,RCC-M 2,QA1,1-1/2"x3/4",Φ48.3x26.7,个,,kg,
SPR03848,非标同心大小头,5.08mmx4.55mm,FO,BW,20,CP05T3037,CP05T4010,RCC-M 2,QA1,1-1/2"x1",Φ48.3x33.4,个,,kg,
SPR03849,非标同心大小头,5.54mmx3.73mm,FO,BW,20,CP05T3037,CP05T4010,RCC-M 2,QA1,2"x1/2",Φ60.3x21.3,个,,kg,
SPR03850,非标同心大小头,5.54mmx3.91mm,FO,BW,20,CP05T3037,CP05T4010,RCC-M 2,QA1,2"x3/4",Φ60.3x26.7,个,,kg,
SPR03851,非标同心大小头,5.54mmx4.55mm,FO,BW,20,CP05T3037,CP05T4010,RCC-M 2,QA1,2"x1",Φ60.3x33.4,个,,kg,
SPR03852,非标同心大小头,5.54mmx4.85mm,FO,BW,20,CP05T3037,CP05T4010,RCC-M 2,QA1,2"x1-1/4",Φ60.3x42.2,个,,kg,
SPR03853,非标同心大小头,5.54mmx5.08mm,FO,BW,20,CP05T3037,CP05T4010,RCC-M 2,QA1,2"x1-1/2",Φ60.3x48.3,个,,kg,
SPR03854,非标同心大小头,3.73mmx3.02mm,FO,BW,022Cr19Ni10,CP05T3038,CP05T4010,RCC-M 2,QA1,1/2"x1/4",Φ21.3x13.7,个,,kg,
SPR03855,非标同心大小头,3.91mmx3.02mm,FO,BW,022Cr19Ni10,CP05T3038,CP05T4010,RCC-M 2,QA1,3/4"x1/4",Φ26.7x13.7,个,,kg,
SPR03856,非标同心大小头,3.91mmx3.73mm,FO,BW,022Cr19Ni10,CP05T3038,CP05T4010,RCC-M 2,QA1,3/4"x1/2",Φ26.7x21.3,个,,kg,
SPR03857,非标同心大小头,4.55mmx3.02mm,FO,BW,022Cr19Ni10,CP05T3038,CP05T4010,RCC-M 2,QA1,1"x1/4",Φ33.4x13.7,个,,kg,
SPR03858,非标同心大小头,4.55mmx3.73mm,FO,BW,022Cr19Ni10,CP05T3038,CP05T4010,RCC-M 2,QA1,1"x1/2",Φ33.4x21.3,个,,kg,
SPR03859,非标同心大小头,4.55mmx3.91mm,FO,BW,022Cr19Ni10,CP05T3038,CP05T4010,RCC-M 2,QA1,1"x3/4",Φ33.4x26.7,个,,kg,
SPR03860,非标同心大小头,4.85mmx3.91mm,FO,BW,022Cr19Ni10,CP05T3038,CP05T4010,RCC-M 2,QA1,1-1/4"x3/4",Φ42.2x26.7,个,,kg,
SPR03861,非标同心大小头,5.08mmx3.73mm,FO,BW,022Cr19Ni10,CP05T3038,CP05T4010,RCC-M 2,QA1,1-1/2"x1/2",Φ48.3x21.3,个,,kg,
SPR03862,非标同心大小头,5.08mmx3.91mm,FO,BW,022Cr19Ni10,CP05T3038,CP05T4010,RCC-M 2,QA1,1-1/2"x3/4",Φ48.3x26.7,个,,kg,
SPR03863,非标同心大小头,5.08mmx4.55mm,FO,BW,022Cr19Ni10,CP05T3038,CP05T4010,RCC-M 2,QA1,1-1/2"x1",Φ48.3x33.4,个,,kg,
SPR03864,非标同心大小头,5.54mmx3.73mm,FO,BW,022Cr19Ni10,CP05T3038,CP05T4010,RCC-M 2,QA1,2"x1/2",Φ60.3x21.3,个,,kg,
SPR03865,非标同心大小头,5.54mmx3.91mm,FO,BW,022Cr19Ni10,CP05T3038,CP05T4010,RCC-M 2,QA1,2"x3/4",Φ60.3x26.7,个,,kg,
SPR03866,非标同心大小头,5.54mmx4.55mm,FO,BW,022Cr19Ni10,CP05T3038,CP05T4010,RCC-M 2,QA1,2"x1",Φ60.3x33.4,个,,kg,
SPR03867,非标同心大小头,5.54mmx4.85mm,FO,BW,022Cr19Ni10,CP05T3038,CP05T4010,RCC-M 2,QA1,2"x1-1/4",Φ60.3x42.2,个,,kg,
SPR03868,非标同心大小头,5.54mmx5.08mm,FO,BW,022Cr19Ni10,CP05T3038,CP05T4010,RCC-M 2,QA1,2"x1-1/2",Φ60.3x48.3,个,,kg,
SPR03869,非标同心大小头,5.56mmx4.78mm,FO,BW,20,CP05T3037,CP05T4010,RCC-M 2,QA1,3/4"x1/2",Φ26.7x21.3,个,,kg,
SPR03870,非标同心大小头,6.35mmx4.78mm,FO,BW,20,CP05T3037,CP05T4010,RCC-M 2,QA1,1"x1/2",Φ33.4x21.3,个,,kg,
SPR03871,非标同心大小头,6.35mmx5.56mm,FO,BW,20,CP05T3037,CP05T4010,RCC-M 2,QA1,1"x3/4",Φ33.4x26.7,个,,kg,
SPR03872,非标同心大小头,6.35mmx5.56mm,FO,BW,20,CP05T3037,CP05T4010,RCC-M 2,QA1,1-1/4"x3/4",Φ42.2x26.7,个,,kg,
SPR03873,非标同心大小头,7.14mmx4.78mm,FO,BW,20,CP05T3037,CP05T4010,RCC-M 2,QA1,1-1/2"x1/2",Φ48.3x21.3,个,,kg,
SPR03874,非标同心大小头,7.14mmx5.56mm,FO,BW,20,CP05T3037,CP05T4010,RCC-M 2,QA1,1-1/2"x3/4",Φ48.3x26.7,个,,kg,
SPR03875,非标同心大小头,7.14mmx6.35mm,FO,BW,20,CP05T3037,CP05T4010,RCC-M 2,QA1,1-1/2"x1",Φ48.3x33.4,个,,kg,
SPR03876,非标同心大小头,8.74mmx4.78mm,FO,BW,20,CP05T3037,CP05T4010,RCC-M 2,QA1,2"x1/2",Φ60.3x21.3,个,,kg,
SPR03877,非标同心大小头,8.74mmx5.56mm,FO,BW,20,CP05T3037,CP05T4010,RCC-M 2,QA1,2"x3/4",Φ60.3x26.7,个,,kg,
SPR03878,非标同心大小头,8.74mmx6.35mm,FO,BW,20,CP05T3037,CP05T4010,RCC-M 2,QA1,2"x1",Φ60.3x33.4,个,,kg,
SPR03879,非标同心大小头,8.74mmx6.35mm,FO,BW,20,CP05T3037,CP05T4010,RCC-M 2,QA1,2"x1-1/4",Φ60.3x42.2,个,,kg,
SPR03880,非标同心大小头,8.74mmx7.14mm,FO,BW,20,CP05T3037,CP05T4010,RCC-M 2,QA1,2"x1-1/2",Φ60.3x48.3,个,,kg,
SPR03881,非标同心大小头,4.78mmx3.02mm,FO,BW,022Cr19Ni10,CP05T3038,CP05T4010,RCC-M 2,QA1,1/2"x1/4",Φ21.3x13.7,个,,kg,
SPR03882,非标同心大小头,5.56mmx3.02mm,FO,BW,022Cr19Ni10,CP05T3038,CP05T4010,RCC-M 2,QA1,3/4"x1/4",Φ26.7x13.7,个,,kg,
SPR03883,非标同心大小头,6.35mmx3.02mm,FO,BW,022Cr19Ni10,CP05T3038,CP05T4010,RCC-M 2,QA1,1"x1/4",Φ33.4x13.7,个,,kg,
SPR03884,非标同心大小头,5.56mmx4.78mm,FO,BW,022Cr19Ni10,CP05T3038,CP05T4010,RCC-M 2,QA1,3/4"x1/2",Φ26.7x21.3,个,,kg,
SPR03885,非标同心大小头,6.35mmx4.78mm,FO,BW,022Cr19Ni10,CP05T3038,CP05T4010,RCC-M 2,QA1,1"x1/2",Φ33.4x21.3,个,,kg,
SPR03886,非标同心大小头,6.35mmx5.56mm,FO,BW,022Cr19Ni10,CP05T3038,CP05T4010,RCC-M 2,QA1,1"x3/4",Φ33.4x26.7,个,,kg,
SPR03887,非标同心大小头,6.35mmx5.56mm,FO,BW,022Cr19Ni10,CP05T3038,CP05T4010,RCC-M 2,QA1,1-1/4"x3/4",Φ42.2x26.7,个,,kg,
SPR03888,非标同心大小头,7.14mmx4.78mm,FO,BW,022Cr19Ni10,CP05T3038,CP05T4010,RCC-M 2,QA1,1-1/2"x1/2",Φ48.3x21.3,个,,kg,
SPR03889,非标同心大小头,7.14mmx5.56mm,FO,BW,022Cr19Ni10,CP05T3038,CP05T4010,RCC-M 2,QA1,1-1/2"x3/4",Φ48.3x26.7,个,,kg,
SPR03890,非标同心大小头,7.14mmx6.35mm,FO,BW,022Cr19Ni10,CP05T3038,CP05T4010,RCC-M 2,QA1,1-1/2"x1",Φ48.3x33.4,个,,kg,
SPR03891,非标同心大小头,8.74mmx4.78mm,FO,BW,022Cr19Ni10,CP05T3038,CP05T4010,RCC-M 2,QA1,2"x1/2",Φ60.3x21.3,个,,kg,
SPR03892,非标同心大小头,8.74mmx5.56mm,FO,BW,022Cr19Ni10,CP05T3038,CP05T4010,RCC-M 2,QA1,2"x3/4",Φ60.3x26.7,个,,kg,
SPR03893,非标同心大小头,8.74mmx6.35mm,FO,BW,022Cr19Ni10,CP05T3038,CP05T4010,RCC-M 2,QA1,2"x1",Φ60.3x33.4,个,,kg,
SPR03894,非标同心大小头,8.74mmx6.35mm,FO,BW,022Cr19Ni10,CP05T3038,CP05T4010,RCC-M 2,QA1,2"x1-1/4",Φ60.3x42.2,个,,kg,
SPR03895,非标同心大小头,8.74mmx7.14mm,FO,BW,022Cr19Ni10,CP05T3038,CP05T4010,RCC-M 2,QA1,2"x1-1/2",Φ60.3x48.3,个,,kg,
SPK00675,高速水雾喷头K=32,1.6MPa,,FIL,,,美国威景公司,NA,QA3,1/2",,个,,Kg,喷射角120°
SPR03896,同心大小头,SCH120xSCH120,SS,BW,022Cr19Ni10,CP05T3017,ASME B16.9,RCC-M 2,QA1,12"x8",Φ323.8xΦ219.1,个,,Kg,
SPE02982,90°长半径弯头,SCH120,SS,BW,022Cr19Ni10,CP05T3017,ASME B16.9,RCC-M 2,QA1,12",Φ323.8,个,,Kg,
SPP00660,无缝钢管,SCH120,SS,,022Cr19Ni10,CP05T3016,ASME B36.10M,RCC-M 2,QA1,12",Φ323.8,M,,Kg,
SPP00661,无缝钢管,SCH30,SS,,022Cr25Ni7Mo4N,CP05T3088,ASME B36.10M,RCC-M 3,QA2,3",,M,,kg,
SPP00662,无缝钢管,SCH20,SS,,022Cr25Ni7Mo4N,CP05T3088,ASME B36.10M,RCC-M 3,QA2,18",,M,,kg,
SPP00663,无缝钢管,SCH20,SS,,022Cr25Ni7Mo4N,CP05T3088,ASME B36.10M,RCC-M 3,QA2,24'',,M,,kg,
SPP00664,卷焊钢管,9.53mm,RS,,022Cr25Ni7Mo4N,CP05T3070,API 5L,RCC-M 3,QA2,30",Φ762,M,,kg,
SPP00665,卷焊钢管,9.53mm,RS,,022Cr25Ni7Mo4N,CP05T3070,API 5L,RCC-M 3,QA2,32",Φ813,M,,kg,
SPP00666,卷焊钢管,9.53mm,RS,,022Cr25Ni7Mo4N,CP05T3070,API 5L,RCC-M 3,QA2,36",Φ914,M,,kg,
SPP00667,卷焊钢管,SCH10S,RS,,022Cr19Ni10,CP05T3048,ASME B36.19M,RCC-M 2,QA2,30",Φ762,M,,kg,
SPE02985,90°长半径弯头,SCH30,SS,BW,022Cr25Ni7Mo4N,CP05T3089,ASME B16.9,RCC-M 3,QA2,3",Φ88.9,个,,kg,
SPE02986,90°长半径弯头,SCH30,SS,BW,022Cr25Ni7Mo4N,CP05T3089,ASME B16.9,RCC-M 3,QA2,4",Φ114.3,个,,kg,
SPE02987,90°长半径弯头,SCH20,SS,BW,022Cr25Ni7Mo4N,CP05T3089,ASME B16.9,RCC-M 3,QA2,18",Φ457,个,,kg,
SPE02988,90°长半径弯头,SCH20,SS,BW,022Cr25Ni7Mo4N,CP05T3089,ASME B16.9,RCC-M 3,QA2,24",Φ610,个,,kg,
SPE02989,90°长半径弯头,9.53mm,FS,BW,022Cr25Ni7Mo4N,CP05T3096,ASME B16.9,RCC-M 3,QA2,30",Φ762,个,,kg,
SPE02990,45°长半径弯头,SCH30,SS,BW,022Cr25Ni7Mo4N,CP05T3089,ASME B16.9,RCC-M 3,QA2,3",Φ88.9,个,,kg,
SPE02991,45°长半径弯头,SCH20,SS,BW,022Cr25Ni7Mo4N,CP05T3089,ASME B16.9,RCC-M 3,QA2,18",Φ457,个,,kg,
SPE02992,45°长半径弯头,SCH20,SS,BW,022Cr25Ni7Mo4N,CP05T3089,ASME B16.9,RCC-M 3,QA2,24",Φ610,个,,kg,
SPE02993,45°长半径弯头,9.53mm,FS,BW,022Cr25Ni7Mo4N,CP05T3096,ASME B16.9,RCC-M 3,QA2,30",Φ762,个,,kg,
SPE02994,90°短半径弯头,SCH20,SS,BW,022Cr25Ni7Mo4N,CP05T3089,ASME B16.9,RCC-M 3,QA2,18",Φ457,个,,kg,
SPE02995,90°短半径弯头,SCH20,SS,BW,022Cr25Ni7Mo4N,CP05T3089,ASME B16.9,RCC-M 3,QA2,24",Φ610,个,,kg,
SPE02996,90°短半径弯头,9.53mm,FS,BW,022Cr25Ni7Mo4N,CP05T3096,ASME B16.9,RCC-M 3,QA2,30",Φ762,个,,kg,
SPT03498,等径三通,9.53mm,FS,BW,022Cr25Ni7Mo4N,CP05T3096,ASME B16.9,RCC-M 3,QA2,30",Φ762,个,,kg,
SPT03499,等径三通,SCH10S,FS,BW,022Cr25Ni7Mo4N,CP05T3096,ASME B16.9,RCC-M 3,QA2,30",Φ762,个,,kg,
SPR03897,同心大小头,9.53mmxSCH20,FS,BW,022Cr25Ni7Mo4N,CP05T3096,ASME B16.9,RCC-M 3,QA2,30"x24",Φ762xΦ610,个,,kg,
SPR03898,同心大小头,9.53mm,FS,BW,022Cr25Ni7Mo4N,CP05T3096,ASME B16.9,RCC-M 3,QA2,36"x30",Φ914xΦ762,个,,kg,
SPR03901,非标同心大小头,2.11mmx3.02mm,SS,BW,022Cr25Ni7Mo4N,CP05T3089,CP05T4010,RCC-M 3,QA2,1/2"x1/4",Φ21.3xΦ13.7,个,,kg,
SPE03000,非标90°弯头,2.11mm,SS,BW,022Cr25Ni7Mo4N,CP05T3089,CP05T4010,RCC-M 3,QA2,3/4",Φ26.7,个,,Kg,
SPE03001,非标90°弯头,2.11mm,SS,BW,022Cr25Ni7Mo4N,CP05T3089,CP05T4010,RCC-M 3,QA2,1/2",Φ21.3,个,,Kg,
SPE03002,非标90°弯头,3.18mm,SS,BW,022Cr25Ni7Mo4N,CP05T3089,CP05T4010,RCC-M 3,QA2,2",Φ60.3,个,,Kg,
SPE03003,非标45°弯头,2.11mm,SS,BW,022Cr25Ni7Mo4N,CP05T3089,CP05T4010,RCC-M 3,QA2,1/2",Φ21.3,个,,Kg,
SPR03902,非标同心大小头,3.38mmx2.11mm,SS,BW,022Cr25Ni7Mo4N,CP05T3089,CP05T4010,RCC-M 3,QA2,1"x1/2",Φ33.4xΦ21.3,个,,Kg,
SPT03500,非标三通,2.11mm,SS,BW,022Cr25Ni7Mo4N,CP05T3089,CP05T4010,RCC-M 3,QA2,1/2",Φ21.3,个,,Kg,
SPT03501,非标三通,3.18mm,SS,BW,022Cr25Ni7Mo4N,CP05T3089,CP05T4010,RCC-M 3,QA2,2",Φ60.3,个,,Kg,
SPR03903,同心大小头,SCH20xSCH20,SS,BW,022Cr25Ni7Mo4N,CP05T3089,ASME B16.9,RCC-M 3,QA2,24"x18",Φ610xΦ457,个,,Kg,
SPT03502,等径三通,SCH10S,SS,BW,022Cr25Ni7Mo4N,CP05T3089,ASME B16.9,RCC-M 3,QA2,24",Φ610,个,,Kg,
SPF01333,对接焊法兰,CL150(SCH30),,RF/WN,022Cr25Ni7Mo4N,CP05T3091,ASME B16.5(CP05T2002),RCC-M 3,QA2,3",,个,,Kg,压力(壁厚)一栏括号内为接管壁厚
SPF01334,对接焊法兰,CL150(SCH20),,RF/WN,022Cr25Ni7Mo4N,CP05T3091,ASME B16.5(CP05T2002),RCC-M 3,QA2,18",,个,,Kg,压力(壁厚)一栏括号内为接管壁厚
SPF01335,对接焊法兰,CL150(SCH20),,FF/WN,022Cr25Ni7Mo4N,CP05T3091,ASME B16.5(CP05T2002),RCC-M 3,QA2,18",,个,,Kg,压力(壁厚)一栏括号内为接管壁厚
SPF01336,对接焊法兰(A系列),CL150(9.53mm),,RF/WN,022Cr25Ni7Mo4N,CP05T3091,ASME B16.47(CP05T2002),RCC-M 3,QA2,30",,个,,Kg,压力(壁厚)一栏括号内为接管壁厚
SPF01337,法兰盖,CL150,,RF,022Cr25Ni7Mo4N,CP05T3091,ASME B16.5,RCC-M 3,QA2,3",,个,,Kg,
SPF01338,对接焊法兰,CL150(4.78mm),,RF/WN,022Cr25Ni7Mo4N,CP05T3091,ASME B16.5(CP05T2002),RCC-M 3,QA2,6",,个,,Kg,压力(壁厚)一栏括号内为接管壁厚
SPF01339,法兰盖,CL150,,RF,022Cr25Ni7Mo4N,CP05T3091,ASME B16.5,RCC-M 3,QA2,6",,个,,Kg,
SPP00668,无缝钢管,SCH10S,SS,,022Cr19Ni10,CP05T3016,ASME B36.19M,RCC-M 3,QA2,24",Φ610,m,94.53,Kg,通风用
SPE03004,90°短半径弯头,SCH10S,FS,BW,022Cr19Ni10,CP05T4074,ASME B16.9,RCC-M 3,QA2,24",Φ610,个,136,Kg,通风用
SPE03005,90°短半径弯头,SCH10S,FS,BW,022Cr19Ni10,CP05T4074,ASME B16.9,RCC-M 3,QA2,30",Φ762,个,265,Kg,通风用
SPF01340,法兰盖,CL150,,RF,022Cr19Ni10,CP05T3038,ASME B16.5,RCC-M 3,QA2,24",,个,,Kg,通风用
SPF01341,对接焊法兰,CL150(SCH10S),,RF/WN,022Cr19Ni10,CP05T3038,ASME B16.5(CP05T2002),RCC-M 3,QA2,24",Φ610,个,,Kg,压力(壁厚)一栏括号内为接管壁厚通风用
SPF01342,法兰盖(B系列),CL150,,RF,022Cr19Ni10,CP05T3038,ASME B16.47,RCC-M 3,QA2,30",Φ762,个,,Kg,通风用
SPF01343,对接焊法兰(B系列),CL150(SCH10S),,RF/WN,022Cr19Ni10,CP05T3038,ASME B16.47(CP05T2002),RCC-M 3,QA2,30",Φ762,个,,Kg,压力(壁厚)一栏括号内为接管壁厚通风用
SPP00669,无缝钢管,4.78mm,SS,,022Cr25Ni7Mo4N,CP05T3088,API 5L,RCC-M 3,QA2,6",,M,,Kg,
SPP00670,卷焊钢管,SCH10S,RS,,022Cr19Ni10,CP05T3048,ASME B36.19M,RCC-M 3,QA2,30",Φ762,M,,kg,
SPF01344,法兰盖(A系列),CL150,,RF,P280GH,CP05T3052,ASME B16.47,RCC-M 3,QA2,28",,个,,,
SPE03008,45°长半径弯头,SCH30,SS,BW,022Cr25Ni7Mo4N,CP05T3089,ASME B16.9,RCC-M 3,QA2,2",Φ60.3,个,,Kg,
SPF01345,对接焊法兰,CL150(SCH30),,FF/WN,022Cr25Ni7Mo4N,CP05T3091,ASME B16.5(CP05T2002),RCC-M 3,QA2,2",Φ60.3,个,,Kg,
SPT03504,异径三通,SCH20x4.78mm,SS,BW,022Cr25Ni7Mo4N,CP05T3089,ASME B16.9,RCC-M 3,QA2,18"x8",Φ457xΦ219.1,,,,
SPR03904,同心大小头,4.78mmx4.78mm,SS,BW,022Cr25Ni7Mo4N,CP05T3089,ASME B16.9,RCC-M 3,QA2,8"x6",Φ219.1xΦ168.3,,,,
SPT03505,异径三通,9.53mmxSCH20,FS,BW,022Cr25Ni7Mo4N,CP05T3089,ASME B16.9,RCC-M 3,QA2,30"x24",Φ762xΦ610,,,,
SPT01690,限流三通,,,BW/SW,022Cr19Ni10,CP05T3038,2026E4001-001,RCC-M 2,QA1,3"x1",Φ88.9xΦ33.8,个,,Kg,
SPT01691,限流三通,,,BW/SW,022Cr19Ni10,CP05T3038,2026E4001-001,RCC-M 2,QA1,3"x2",Φ88.9xΦ61.2,个,,Kg,
SPT01687,限流三通,SCH160,,BW,022Cr19Ni10,CP05T3038,2026E4001-002,RCC-M 1,QA1,2"x1/2",,个,,Kg,
SPT01688,限流三通,,,BW/SW,022Cr19Ni10,CP05T3038,2026E4001-003,RCC-M 1,QA1,2"x1/2",Φ60.3xΦ21.8,个,,Kg,
SPT01694,压力测量用三通,CL3000,,SW,20,CP05T3037,2026E4001-004,RCC-M 3,QA2,1"x3/4",Φ33.8,个,,Kg,
SPT01692,压力测量用三通,CL3000,,SW,022Cr19Ni10,CP05T3038,2026E4001-005,RCC-M 2,QA1,2"x3/4",Φ61.2xΦ27.1,个,,Kg,
SPT01695,压力测量用三通,CL3000,,SW,022Cr19Ni10,CP05T3038,2026E4001-005,RCC-M 3,QA2,2"x3/4",Φ61.2xΦ27.1,个,,Kg,
SPT01697,压力测量用三通,CL3000,,SW,022Cr19Ni10,,2026E4001-005,NA,QA3,2"x3/4",Φ61.2xΦ27.1,个,,Kg,
SPT01689,压力测量用三通,CL3000,,SW,022Cr19Ni10,CP05T3038,2026E4001-006,RCC-M 1,QA1,3/4",Φ27.1,个,,Kg,
SPT01693,压力测量用三通,CL3000,,SW,022Cr19Ni10,CP05T3038,2026E4001-006,RCC-M 2,QA1,3/4",Φ27.1,个,,Kg,
SPT01696,压力测量用三通,CL3000,,SW,022Cr19Ni10,CP05T3038,2026E4001-006,RCC-M 3,QA2,3/4",Φ27.1,个,,Kg,
SPT01698,压力测量用三通,CL3000,,SW,022Cr19Ni10,,2026E4001-006,NA,QA3,3/4",Φ27.1,个,,Kg,
SPU00013,软管接头,,,,022Cr19Ni10,CP05T3023,2026E4001-007-0,NA,QA3,3"x2-1/2",Φ88.9xΦ73,个,,Kg,
SPR02233,限流管接头,,,SW,022Cr19Ni10,CP05T3038,2026E4001-008,RCC-M 1,QA1,1/2",Φ21.8xΦ21.3,个,0.2,Kg,
SPR02234,限流管接头,,,SW,022Cr19Ni10,CP05T3038,2026E4001-008,RCC-M 1,QA1,3/4",Φ27.1xΦ26.7,个,0.3,Kg,
SPR02473,限流管接头,,,SW,022Cr19Ni10,CP05T3038,2026E4001-008,RCC-M 1,QA1,1",Φ34.1xΦ33.4,个,0.3,Kg,
SPR02235,管接头(1型),,,SW,026Cr18Ni12Mo2N,CP05T3038,2026E4001-009,RCC-M 2,QA1,1"x1/8",Φ33.8xΦ20,个,,Kg,
SPR02236,管接头(2型),,,SW,026Cr18Ni12Mo2N,CP05T3038,2026E4001-009,RCC-M 2,QA1,1"x1/8",Φ33.8xΦ20,个,,Kg,
SPR02237,限流管接头,,,SW,20,CP05T3037,2026E4001-010,RCC-M 2,QA1,1"x1/2",Φ38.2xΦ21.8,个,,Kg,
SPR02238,异径管接头,,,SW,026Cr18Ni12Mo2N,CP05T3038,2026E4001-011,RCC-M 2,QA1,3/8"x1/4",Φ17.52xΦ14.2,个,,Kg,
SPR02239,异径管接头,,,SW,022Cr19Ni10,CP05T3038,2026E4001-012,RCC-M 2,QA1,3/4"x1/2",Φ26.7xΦ21.8,个,,Kg,
SPR02240,异径管接头,3.05mm,,BW/SW,022Cr19Ni10,CP05T3038,2026E4001-013,RCC-M 2,QA1,3"x1/2",Φ88.9xΦ21.8,个,,Kg,
SPR02241,异径管接头,,,SW,P280GH,CP05T3052,2026E4001-014,RCC-M 2,QA1,3/4"x1/2",,个,,Kg,
SPR03611,WAI系统用异径管接头,,,FIL/SW,022Cr19Ni10,CP05T3038,2026E4001-016,RCC-M 3,QA2,3/4"x1/4",,个,,Kg,
SPC00850,双头螺纹管接头,,,FIL,022Cr19Ni10,CP05T3038,2026E4001-019,RCC-M 2,QA1,1",,个,8.631,Kg,
SPK00420,螺纹管帽,CL3000,FO,FIL,022Cr19Ni10,,2026E4001-020,RCC-M 1,QA1,1/4",,个,0.04,Kg,
SPK00424,螺纹管帽,CL3000,FO,FIL,20,,2026E4001-020,RCC-M 2,QA1,1/4",,个,0.04,Kg,
SPK00428,螺纹管帽,CL3000,FO,FIL,20,,2026E4001-020,RCC-M 3,QA2,1/4",,个,0.04,Kg,
SPK00432,螺纹管帽,CL3000,FO,FIL,20,,2026E4001-020,NA,QA3,1/4",,个,0.04,Kg,
SPK00460,螺纹管帽,CL3000,FO,FIL,P280GH,,2026E4001-020,RCC-M 2,QA1,1/4",,个,0.04,Kg,
SPK00461,螺纹管帽,CL3000,FO,FIL,022Cr19Ni10,,2026E4001-020,RCC-M 2,QA1,1/4",,个,0.04,Kg,
SPK00462,螺纹管帽,CL3000,FO,FIL,022Cr17Ni12Mo2,,2026E4001-020,RCC-M 3,QA2,1/4",,个,0.04,Kg,
SPK00463,螺纹管帽,CL3000,FO,FIL,022Cr19Ni10,,2026E4001-020,RCC-M 3,QA2,1/4",,个,0.04,Kg,
SPK00465,螺纹管帽,CL3000,FO,FIL,022Cr19Ni10,,2026E4001-020,NA,QA3,1/4",,个,0.04,Kg,
SPK00466,螺纹管帽,CL3000,FO,FIL,022Cr17Ni12Mo2,,2026E4001-020,NA,QA3,1/4",,个,0.04,Kg,
SPK00497,螺纹管帽,CL3000,FO,FIL,022Cr25Ni7Mo4N,CP05T3091,2026E4001-020,RCC-M 3,QA2,1/4",,个,0.05,Kg,
SPO01607,管座,,FO,SW,022Cr19Ni10,,2026E4001-021,RCC-M 2,QA1,3/4",Φ27,个,,Kg,
SPO01609,管座,,FO,SW,20,,2026E4001-021,RCC-M 2,QA1,3/4",Φ27,个,,Kg,
SPO01610,管座,,FO,SW,P280GH,,2026E4001-021,RCC-M 2,QA1,3/4",Φ27,个,,Kg,
SPO01713,管座,,FO,SW,022Cr25Ni7Mo4N,CP05T3091,2026E4001-021,RCC-M 3,QA2,3/4'',Φ27,个,,Kg,
SPO01714,管座,,FO,SW,022Cr19Ni10,,2026E4001-021,NA,QNC,3/4",Φ27,个,,Kg,
SPR01939,取样井A=100,,,FIL,022Cr19Ni10,CP05T3038,2026E4001-022,RCC-M 2,QA1,1",Φ27.4,个,,Kg,
SPR01940,取样井A=155,,,FIL,022Cr19Ni10,CP05T3038,2026E4001-022,RCC-M 2,QA1,1",Φ27.4,个,,Kg,
SPR01941,取样井A=215,,,FIL,022Cr19Ni10,CP05T3038,2026E4001-022,RCC-M 2,QA1,1",Φ27.4,个,,Kg,
SPR01942,取样井A=255,,,FIL,022Cr19Ni10,CP05T3038,2026E4001-022,RCC-M 2,QA1,1",Φ27.4,个,,Kg,
SPR01943,取样井A=100,,,FIL,022Cr19Ni10,CP05T3038,2026E4001-022,RCC-M 3,QA2,1",Φ27.4,个,,Kg,
SPR01944,取样井A=155,,,FIL,022Cr19Ni10,CP05T3038,2026E4001-022,RCC-M 3,QA2,1",Φ27.4,个,,Kg,
SPR01945,取样井A=215,,,FIL,022Cr19Ni10,CP05T3038,2026E4001-022,RCC-M 3,QA2,1",Φ27.4,个,,Kg,
SPR01946,取样井A=255,,,FIL,022Cr19Ni10,CP05T3038,2026E4001-022,RCC-M 3,QA2,1",Φ27.4,个,,Kg,
SPR01947,取样井A=100,,,FIL,022Cr19Ni10,,2026E4001-022,NA,QA3,1",Φ27.4,个,,Kg,
SPR01948,取样井A=155,,,FIL,022Cr19Ni10,,2026E4001-022,NA,QA3,1",Φ27.4,个,,Kg,
SPR01949,取样井A=215,,,FIL,022Cr19Ni10,,2026E4001-022,NA,QA3,1",Φ27.4,个,,Kg,
SPR01950,取样井A=255,,,FIL,022Cr19Ni10,,2026E4001-022,NA,QA3,1",Φ27.4,个,,Kg,
SPR01955,取样井A=100,,,FIL,022Cr17Ni12Mo2,CP05T3038,2026E4001-022,RCC-M 3,QA2,1",Φ27.4,个,,Kg,
SPR01956,取样井A=155,,,FIL,022Cr17Ni12Mo2,CP05T3038,2026E4001-022,RCC-M 3,QA2,1",Φ27.4,个,,Kg,
SPR01957,取样井A=215,,,FIL,022Cr17Ni12Mo2,CP05T3038,2026E4001-022,RCC-M 3,QA2,1",Φ27.4,个,,Kg,
SPR01958,取样井A=255,,,FIL,022Cr17Ni12Mo2,CP05T3038,2026E4001-022,RCC-M 3,QA2,1",Φ27.4,个,,Kg,
SPR01959,取样井A=100,,,FIL,022Cr17Ni12Mo2,,2026E4001-022,NA,QA3,1",Φ27.4,个,,Kg,
SPR01960,取样井A=155,,,FIL,022Cr17Ni12Mo2,,2026E4001-022,NA,QA3,1",Φ27.4,个,,Kg,
SPR01961,取样井A=215,,,FIL,022Cr17Ni12Mo2,,2026E4001-022,NA,QA3,1",Φ27.4,个,,Kg,
SPR01962,取样井A=255,,,FIL,022Cr17Ni12Mo2,,2026E4001-022,NA,QA3,1",Φ27.4,个,,Kg,
SPO01628,接管座,,,BW,P280GH,CP05T3052,2026E4001-023,RCC-M 2,QA1,4",,个,,Kg,
SPO01629,接管座,,,BW,P280GH,CP05T3052,2026E4001-024,RCC-M 2,QA1,3",Φ88.9,个,,Kg,
SPO01630,接管座,SCH120,,BW,P280GH,CP05T3052,2026E4001-025,RCC-M 2,QA1,8",Φ219.1,个,,Kg,
SPO01624,接管座,,,FIL,022Cr19Ni10,CP05T3038,2026E4001-026,RCC-M 3,QA2,1-1/2",,个,,Kg,CIS系统液位计接管座
SPO01627,接管座,,,FIL,022Cr19Ni10,CP05T3038,2026E4001-026,RCC-M 2,QA1,1-1/2",,个,,Kg,CIS系统液位计接管座
SPO01666,管座,,,FIL,022Cr19Ni10,CP05T3038,2026E4001-027,NA,QA3,3/4",Φ34,个,,Kg,
SPO01500,TFM可拆卸插塞L=17,,,,P280GH,CP05T3052,2026E4001-029-0,RCC-M 2,QA1,M36,Φ29,个,,Kg,
SPO01501,TSM 可拆卸插塞L=27,,,,P280GH,CP05T3052,2026E4001-029-0,RCC-M 2,QA1,M36,Φ29,个,,Kg,
SPO01443,接管座,,,FIL,022Cr19Ni10,CP05T3038,2026E4001-030,RCC-M 2,QA1,3/4",,个,,Kg,
SPO01502,射线插塞E=40,,,FIL,20,CP05T3037,2026E4001-031,RCC-M 2,QA1,M27,Φ35,个,,Kg,
SPO01622,射线插塞E=15,,,FIL,20,CP05T3037,2026E4001-031,RCC-M 2,QA1,M27,Φ35,个,,Kg,
SPO01623,射线插塞E=25,,,FIL,20,CP05T3037,2026E4001-031,RCC-M 2,QA1,M27,Φ35,个,,Kg,
SPO01613,射线插塞E=15,,,FIL,022Cr19Ni10,CP05T3038,2026E4001-032,RCC-M 1,QA1,M27,,个,,Kg,
SPO01614,射线插塞E=25,,,FIL,022Cr19Ni10,CP05T3038,2026E4001-032,RCC-M 1,QA1,M27,,个,,Kg,
SPO01615,射线插塞E=40,,,FIL,022Cr19Ni10,CP05T3038,2026E4001-032,RCC-M 1,QA1,M27,,个,,Kg,
SPO01616,射线插塞E=15,,,FIL,022Cr19Ni10,CP05T3038,2026E4001-032,RCC-M 2,QA1,M27,,个,,Kg,
SPO01617,射线插塞E=25,,,FIL,022Cr19Ni10,CP05T3038,2026E4001-032,RCC-M 2,QA1,M27,,个,,Kg,
SPO01618,射线插塞E=40,,,FIL,022Cr19Ni10,CP05T3038,2026E4001-032,RCC-M 2,QA1,M27,,个,,Kg,
SPO01619,射线插塞E=15,,,FIL,022Cr19Ni10,CP05T3038,2026E4001-032,RCC-M 3,QA2,M27,,个,,Kg,
SPO01620,射线插塞E=25,,,FIL,022Cr19Ni10,CP05T3038,2026E4001-032,RCC-M 3,QA2,M27,,个,,Kg,
SPO01621,射线插塞E=15,,,FIL,022Cr19Ni10,,2026E4001-032,NA,QA3,M27,,个,,Kg,
SPO01631,射线插塞E=15,,,FIL,026Cr18Ni12Mo2N,CP05T3038,2026E4001-032,RCC-M 1,QA1,M27,,个,,Kg,
SPO01632,射线插塞E=25,,,FIL,026Cr18Ni12Mo2N,CP05T3038,2026E4001-032,RCC-M 1,QA1,M27,,个,,Kg,
SPO01633,射线插塞E=40,,,FIL,026Cr18Ni12Mo2N,CP05T3038,2026E4001-032,RCC-M 1,QA1,M27,,个,,Kg,
SPO01634,射线插塞E=15,,,FIL,026Cr18Ni12Mo2N,CP05T3038,2026E4001-032,RCC-M 2,QA1,M27,,个,,Kg,
SPO01635,射线插塞E=25,,,FIL,026Cr18Ni12Mo2N,CP05T3038,2026E4001-032,RCC-M 2,QA1,M27,,个,,Kg,
SPO01636,射线插塞E=40,,,FIL,026Cr18Ni12Mo2N,CP05T3038,2026E4001-032,RCC-M 2,QA1,M27,,个,,Kg,
SPO01637,射线插塞E=15,,,FIL,026Cr18Ni12Mo2N,CP05T3038,2026E4001-032,RCC-M 3,QA2,M27,,个,,Kg,
SPO01638,射线插塞E=25,,,FIL,026Cr18Ni12Mo2N,CP05T3038,2026E4001-032,RCC-M 3,QA2,M27,,个,,Kg,
SPO01639,射线插塞E=15,,,FIL,026Cr18Ni12Mo2N,,2026E4001-032,NA,QA3,M27,,个,,Kg,
SPO01441,接管座,,,FIL,022Cr19Ni10,CP05T3038,2026E4001-033,RCC-M 2,QA1,1/2",,个,,Kg,
SPO01442,接管座,,FO,FIL,20,,2026E4001-034,RCC-M 2,QA1,1",Φ35,个,,Kg,
SPO01611,接管座,,FO,FIL,022Cr19Ni10,,2026E4001-034,RCC-M 2,QA1,1",Φ35,个,,Kg,
SPO01612,接管座,,FO,FIL,P280GH,,2026E4001-034,RCC-M 2,QA1,1",Φ35,个,,Kg,
SPO01642,接管座,,FO,FIL,022Cr19Ni10,,2026E4001-034,RCC-M 1,QA1,1",Φ35,个,,Kg,
SPO01444,接管座,,,SW,P280GH,CP05T3052,2026E4001-035,RCC-M 2,QA1,3/4",Φ27.1,个,,Kg,
SPO01418,接管座,,,SW,022Cr19Ni10,CP05T3038,2026E4001-036,RCC-M 1,QA1,1/2",Φ21.8,个,0.2,Kg,
SPO01419,接管座,,,SW,022Cr19Ni10,CP05T3038,2026E4001-036,RCC-M 1,QA1,3/4",Φ27.1,个,0.3,Kg,
SPO01420,接管座,,,SW,022Cr19Ni10,CP05T3038,2026E4001-036,RCC-M 1,QA1,1",Φ33.8,个,0.5,Kg,
SPO01421,接管座,,,SW,022Cr19Ni10,CP05T3038,2026E4001-036,RCC-M 1,QA1,1-1/2",Φ48.7,个,1,Kg,
SPO01422,接管座,,,SW,022Cr19Ni10,CP05T3038,2026E4001-036,RCC-M 1,QA1,2",Φ61.1,个,2,Kg,
SPO01445,接管座,,,SW,022Cr19Ni10,CP05T3038,2026E4001-036,RCC-M 2,QA1,1/2",Φ21.8,个,0.2,Kg,
SPO01446,接管座,,,SW,022Cr19Ni10,CP05T3038,2026E4001-036,RCC-M 2,QA1,3/4",Φ27.1,个,0.3,Kg,
SPO01447,接管座,,,SW,022Cr19Ni10,CP05T3038,2026E4001-036,RCC-M 2,QA1,1",Φ33.8,个,0.5,Kg,
SPO01448,接管座,,,SW,022Cr19Ni10,CP05T3038,2026E4001-036,RCC-M 2,QA1,1-1/2",Φ48.7,个,1,Kg,
SPO01449,接管座,,,SW,022Cr19Ni10,CP05T3038,2026E4001-036,RCC-M 2,QA1,2",Φ61.1,个,2,Kg,
SPO01423,接管座,,,SW,026Cr18Ni12Mo2N,CP05T3038,2026E4001-037,RCC-M 1,QA1,1/2",Φ21.8,个,0.2,Kg,
SPO01424,接管座,,,SW,026Cr18Ni12Mo2N,CP05T3038,2026E4001-037,RCC-M 1,QA1,3/4",Φ27.1,个,0.3,Kg,
SPO01425,接管座,,,SW,026Cr18Ni12Mo2N,CP05T3038,2026E4001-037,RCC-M 1,QA1,1",Φ33.8,个,0.5,Kg,
SPO01426,接管座,,,SW,026Cr18Ni12Mo2N,CP05T3038,2026E4001-037,RCC-M 1,QA1,1-1/2",Φ48.7,个,1,Kg,
SPO01427,接管座,,,SW,026Cr18Ni12Mo2N,CP05T3038,2026E4001-037,RCC-M 1,QA1,2",Φ61.1,个,2,Kg,
SPO01594,接管座,,,SW,026Cr18Ni12Mo2N,CP05T3038,2026E4001-037,RCC-M 2,QA1,1/2",Φ21.8,个,0.2,Kg,
SPO01595,接管座,,,SW,026Cr18Ni12Mo2N,CP05T3038,2026E4001-037,RCC-M 2,QA1,3/4",Φ27.1,个,0.3,Kg,
SPO01596,接管座,,,SW,026Cr18Ni12Mo2N,CP05T3038,2026E4001-037,RCC-M 2,QA1,1",Φ33.8,个,0.5,Kg,
SPO01597,接管座,,,SW,026Cr18Ni12Mo2N,CP05T3038,2026E4001-037,RCC-M 2,QA1,1-1/2",Φ48.7,个,1,Kg,
SPO01598,接管座,,,SW,026Cr18Ni12Mo2N,CP05T3038,2026E4001-037,RCC-M 2,QA1,2",Φ61.1,个,2,Kg,
SPO01450,接管座,,,SW,022Cr19Ni10,CP05T3038,2026E4001-038,RCC-M 2,QA1,1/2",Φ21.8,个,0.15,Kg,
SPO01451,接管座,,,SW,022Cr19Ni10,CP05T3038,2026E4001-038,RCC-M 2,QA1,3/4",Φ27.1,个,0.2,Kg,
SPO01452,接管座,,,SW,022Cr19Ni10,CP05T3038,2026E4001-038,RCC-M 2,QA1,1",Φ33.8,个,0.3,Kg,
SPO01453,接管座,,,SW,022Cr19Ni10,CP05T3038,2026E4001-038,RCC-M 2,QA1,1-1/2",Φ48.7,个,0.5,Kg,
SPO01454,接管座,,,SW,022Cr19Ni10,CP05T3038,2026E4001-038,RCC-M 2,QA1,2",Φ61.7,个,1,Kg,
SPO01455,接管座,,,SW,022Cr19Ni10,CP05T3038,2026E4001-038,RCC-M 2,QA1,1/4",Φ14.2,个,0.07,Kg,
SPO01428,接管座,,,SW,026Cr18Ni12Mo2N,CP05T3038,2026E4001-039,RCC-M 1,QA1,1/2",Φ21.8,个,0.3,Kg,
SPO01429,接管座,,,SW,026Cr18Ni12Mo2N,CP05T3038,2026E4001-039,RCC-M 1,QA1,3/4",Φ27.1,个,0.6,Kg,
SPO01430,接管座,,,SW,026Cr18Ni12Mo2N,CP05T3038,2026E4001-039,RCC-M 1,QA1,1",Φ33.8,个,1,Kg,
SPO01599,接管座,,,SW,026Cr18Ni12Mo2N,CP05T3038,2026E4001-039,RCC-M 2,QA1,1/2",Φ21.8,个,0.3,Kg,
SPO01600,接管座,,,SW,026Cr18Ni12Mo2N,CP05T3038,2026E4001-039,RCC-M 2,QA1,3/4",Φ27.1,个,0.6,Kg,
SPO01601,接管座,,,SW,026Cr18Ni12Mo2N,CP05T3038,2026E4001-039,RCC-M 2,QA1,1",Φ33.8,个,1,Kg,
SPO01431,接管座,,,BW,026Cr18Ni12Mo2N,CP05T3038,2026E4001-040,RCC-M 1,QA1,1-1/2",Φ48.3,个,1.5,Kg,
SPO01432,接管座,,,BW,026Cr18Ni12Mo2N,CP05T3038,2026E4001-040,RCC-M 1,QA1,2",Φ60.3,个,2.4,Kg,
SPO01602,接管座,,,BW,026Cr18Ni12Mo2N,CP05T3038,2026E4001-040,RCC-M 2,QA1,1-1/2",Φ48.3,个,1.5,Kg,
SPO01603,接管座,,,BW,026Cr18Ni12Mo2N,CP05T3038,2026E4001-040,RCC-M 2,QA1,2",Φ60.3,个,2.4,Kg,
SPO01456,接管座,,,SW,022Cr19Ni10,CP05T3038,2026E4001-041,RCC-M 2,QA1,1/2",Φ21.8,个,0.12,Kg,
SPO01457,接管座,,,SW,022Cr19Ni10,CP05T3038,2026E4001-041,RCC-M 2,QA1,3/4",Φ27.1,个,0.2,Kg,
SPO01458,接管座,,,SW,022Cr19Ni10,CP05T3038,2026E4001-041,RCC-M 2,QA1,1",Φ33.8,个,0.3,Kg,
SPO01459,接管座,,,SW,022Cr19Ni10,CP05T3038,2026E4001-041,RCC-M 2,QA1,1-1/2",Φ48.7,个,0.4,Kg,
SPO01460,接管座,,,SW,022Cr19Ni10,CP05T3038,2026E4001-041,RCC-M 2,QA1,2",Φ61.1,个,0.8,Kg,
SPO01461,接管座,,,SW,022Cr19Ni10,CP05T3038,2026E4001-041,RCC-M 2,QA1,1/4",Φ14.2,个,0.1,Kg,
SPO01488,接管座,,,SW,022Cr19Ni10,CP05T3038,2026E4001-041,RCC-M 3,QA2,1/2",Φ21.8,个,0.12,Kg,
SPO01489,接管座,,,SW,022Cr19Ni10,CP05T3038,2026E4001-041,RCC-M 3,QA2,3/4",Φ27.1,个,0.2,Kg,
SPO01490,接管座,,,SW,022Cr19Ni10,CP05T3038,2026E4001-041,RCC-M 3,QA2,1",Φ33.8,个,0.3,Kg,
SPO01491,接管座,,,SW,022Cr19Ni10,CP05T3038,2026E4001-041,RCC-M 3,QA2,1-1/2",Φ48.7,个,0.4,Kg,
SPO01492,接管座,,,SW,022Cr19Ni10,CP05T3038,2026E4001-041,RCC-M 3,QA2,2",Φ61.1,个,0.8,Kg,
SPO01493,接管座,,,SW,022Cr19Ni10,CP05T3038,2026E4001-041,RCC-M 3,QA2,1/4",Φ14.2,个,0.1,Kg,
SPO01494,接管座,,,SW,022Cr19Ni10,,2026E4001-041,NA,QA3,1/2",Φ21.8,个,0.12,Kg,
SPO01495,接管座,,,SW,022Cr19Ni10,,2026E4001-041,NA,QA3,3/4",Φ27.1,个,0.2,Kg,
SPO01496,接管座,,,SW,022Cr19Ni10,,2026E4001-041,NA,QA3,1",Φ33.8,个,0.3,Kg,
SPO01497,接管座,,,SW,022Cr19Ni10,,2026E4001-041,NA,QA3,1-1/2",Φ48.7,个,0.4,Kg,
SPO01498,接管座,,,SW,022Cr19Ni10,,2026E4001-041,NA,QA3,2",Φ61.1,个,0.8,Kg,
SPO01499,接管座,,,SW,022Cr19Ni10,,2026E4001-041,NA,QA3,1/4",Φ14.2,个,0.1,Kg,
SPO01433,限流接管座,,,SW,022Cr19Ni10,CP05T3038,2026E4001-042,RCC-M 1,QA1,1/2",Φ21.8,个,0.2,Kg,
SPO01434,限流接管座,,,SW,022Cr19Ni10,CP05T3038,2026E4001-042,RCC-M 1,QA1,3/4",Φ27.1,个,0.3,Kg,
SPO01462,限流接管座,,,SW,022Cr19Ni10,CP05T3038,2026E4001-042,RCC-M 2,QA1,1/2",Φ21.8,个,0.2,Kg,
SPO01463,限流接管座,,,SW,022Cr19Ni10,CP05T3038,2026E4001-042,RCC-M 2,QA1,3/4",Φ27.1,个,0.3,Kg,
SPO01435,限流接管座,,,SW,022Cr19Ni10,CP05T3038,2026E4001-043,RCC-M 1,QA1,1/2",Φ21.8,个,0.4,Kg,
SPO01436,限流接管座,,,SW,022Cr19Ni10,CP05T3038,2026E4001-043,RCC-M 1,QA1,3/4",Φ27.1,个,0.7,Kg,
SPO01437,限流接管座,,,SW,022Cr19Ni10,CP05T3038,2026E4001-043,RCC-M 1,QA1,1",Φ33.8,个,1,Kg,
SPO01464,限流接管座,,,SW,022Cr19Ni10,CP05T3038,2026E4001-043,RCC-M 2,QA1,1/2",Φ21.8,个,0.4,Kg,
SPO01465,限流接管座,,,SW,022Cr19Ni10,CP05T3038,2026E4001-043,RCC-M 2,QA1,3/4",Φ27.1,个,0.7,Kg,
SPO01466,限流接管座,,,SW,022Cr19Ni10,CP05T3038,2026E4001-043,RCC-M 2,QA1,1",Φ33.8,个,1,Kg,
SPO01438,限流接管座,,,SW,026Cr18Ni12Mo2N,CP05T3038,2026E4001-044,RCC-M 1,QA1,1/2",Φ21.8,个,0.4,Kg,
SPO01439,限流接管座,,,SW,026Cr18Ni12Mo2N,CP05T3038,2026E4001-044,RCC-M 1,QA1,3/4",Φ27.1,个,0.7,Kg,
SPO01440,限流接管座,,,SW,026Cr18Ni12Mo2N,CP05T3038,2026E4001-044,RCC-M 1,QA1,1",Φ33.8,个,1,Kg,
SPO01604,限流接管座,,,SW,026Cr18Ni12Mo2N,CP05T3038,2026E4001-044,RCC-M 2,QA1,1/2",Φ21.8,个,0.4,Kg,
SPO01605,限流接管座,,,SW,026Cr18Ni12Mo2N,CP05T3038,2026E4001-044,RCC-M 2,QA1,3/4",Φ27.1,个,0.7,Kg,
SPO01606,限流接管座,,,SW,026Cr18Ni12Mo2N,CP05T3038,2026E4001-044,RCC-M 2,QA1,1",Φ33.8,个,1,Kg,
SPO01467,测压接管座,,,SW,022Cr19Ni10,CP05T3038,2026E4001-045,RCC-M 2,QA1,3/4",Φ27,个,,Kg,
SPO01468,测温接管座,,,FIL,P280GH,CP05T3052,2026E4001-046,RCC-M 2,QA1,1/2",,个,,Kg,
SPO01469,接管座,,,SW,P280GH,CP05T3052,2026E4001-047,RCC-M 2,QA1,1/2",Φ21.8,个,0.15,Kg,
SPO01470,接管座,,,SW,P280GH,CP05T3052,2026E4001-047,RCC-M 2,QA1,3/4",Φ27.1,个,0.2,Kg,
SPO01471,接管座,,,SW,P280GH,CP05T3052,2026E4001-047,RCC-M 2,QA1,1",Φ33.8,个,0.4,Kg,
SPO01472,接管座,,,SW,P280GH,CP05T3052,2026E4001-048,RCC-M 2,QA1,1/2",Φ21.8,个,0.15,Kg,
SPO01473,接管座,,,SW,P280GH,CP05T3052,2026E4001-048,RCC-M 2,QA1,3/4",Φ27.1,个,0.2,Kg,
SPO01474,接管座,,,SW,P280GH,CP05T3052,2026E4001-048,RCC-M 2,QA1,1",Φ33.8,个,0.4,Kg,
SPO01475,接管座,,,SW,P280GH,CP05T3052,2026E4001-048,RCC-M 2,QA1,1/4",Φ14.2,个,0.1,Kg,
SPO01476,接管座,,,SW,022Cr19Ni10,CP05T3038,2026E4001-049,RCC-M 2,QA1,1/2",Φ21.8,个,0.12,Kg,
SPO01477,接管座,,,SW,022Cr19Ni10,CP05T3038,2026E4001-049,RCC-M 2,QA1,3/4",Φ27.1,个,0.2,Kg,
SPO01478,接管座,,,SW,022Cr19Ni10,CP05T3038,2026E4001-049,RCC-M 2,QA1,1",Φ33.8,个,0.3,Kg,
SPO01479,接管座,,,SW,022Cr19Ni10,CP05T3038,2026E4001-049,RCC-M 2,QA1,1-1/2",Φ48.7,个,0.4,Kg,
SPO01480,接管座,,,SW,022Cr19Ni10,CP05T3038,2026E4001-049,RCC-M 2,QA1,2",Φ61.1,个,0.8,Kg,
SPO01481,接管座,,,SW,022Cr19Ni10,CP05T3038,2026E4001-049,RCC-M 2,QA1,1/4",Φ14.2,个,0.1,Kg,
SPR02232,限流大小头,SCH160,,BW/SW,022Cr19Ni10,CP05T3038,2026E4001-050,RCC-M 1,QA1,2"x1/2",Φ60.3xΦ21.8,个,,Kg,
SPR02242,大小头,,,SW,022Cr19Ni10,CP05T3038,2026E4001-051,RCC-M 3,QA2,2"x1-1/2",Φ61.2xΦ48.5,个,,Kg,
SPR01974,大小头,,,SW/FIL,022Cr19Ni10,,2026E4001-052,RCC-M 1,QA1,1"x3/8",,个,,Kg,
SPR01975,大小头,,,SW/FIL,022Cr19Ni10,,2026E4001-052,RCC-M 1,QA1,2"x3/8",,个,,Kg,
SPR01983,大小头,,,SW/FIL,20,,2026E4001-052,RCC-M 2,QA1,1"x3/8",,个,,Kg,
SPR01984,大小头,,,SW/FIL,20,,2026E4001-052,RCC-M 2,QA1,2"x3/8",,个,,Kg,
SPR01992,大小头,,,SW/FIL,20,,2026E4001-052,RCC-M 3,QA2,1"x3/8",,个,,Kg,
SPR01993,大小头,,,SW/FIL,20,,2026E4001-052,RCC-M 3,QA2,2"x3/8",,个,,Kg,
SPR02001,大小头,,,SW/FIL,20,,2026E4001-052,NA,QA3,1"x3/8",,个,,Kg,
SPR02002,大小头,,,SW/FIL,20,,2026E4001-052,NA,QA3,2"x3/8",,个,,Kg,
SPR02247,大小头,,,SW/FIL,022Cr19Ni10,,2026E4001-052,RCC-M 2,QA1,1"x3/8",,个,,Kg,
SPR02248,大小头,,,SW/FIL,022Cr19Ni10,,2026E4001-052,RCC-M 2,QA1,2"x3/8",,个,,Kg,
SPR02249,大小头,,,SW/FIL,022Cr17Ni12Mo2,,2026E4001-052,RCC-M 3,QA2,1"x3/8",,个,,Kg,
SPR02250,大小头,,,SW/FIL,022Cr17Ni12Mo2,,2026E4001-052,RCC-M 3,QA2,2"x3/8",,个,,Kg,
SPR02251,大小头,,,SW/FIL,022Cr19Ni10,,2026E4001-052,RCC-M 3,QA2,1"x3/8",,个,,Kg,
SPR02252,大小头,,,SW/FIL,022Cr19Ni10,,2026E4001-052,RCC-M 3,QA2,2"x3/8",,个,,Kg,
SPR02253,大小头,,,SW/FIL,P280GH,,2026E4001-052,RCC-M 2,QA1,1"x3/8",,个,,Kg,
SPR02254,大小头,,,SW/FIL,P280GH,,2026E4001-052,RCC-M 2,QA1,2"x3/8",,个,,Kg,
SPR02257,大小头,,,SW/FIL,022Cr19Ni10,,2026E4001-052,NA,QA3,1"x3/8",,个,,Kg,
SPR02258,大小头,,,SW/FIL,022Cr19Ni10,,2026E4001-052,NA,QA3,2"x3/8",,个,,Kg,
SPR02259,大小头,,,SW/FIL,022Cr17Ni12Mo2,,2026E4001-052,NA,QA3,1"x3/8",,个,,Kg,
SPR02260,大小头,,,SW/FIL,022Cr17Ni12Mo2,,2026E4001-052,NA,QA3,2"x3/8",,个,,Kg,
SPK00433,堵头,,,FIL,20,,2026E4001-053,NA,QA3,3/8",,个,,Kg,
SPK00435,堵头,,,FIL,20,,2026E4001-053,NA,QA3,1",,个,,Kg,
SPG00639,垫圈,,,,TP2,GB/T 2040-2008,2026E4001-055,NA,QA3,DN20,Φ26x18x2,个,,Kg,
SPG00640,垫圈,,,,非石棉纤维板,GB/T 9129-2003,2026E4001-055,NA,QA3,DN40,Φ50x35x2,个,,Kg,
SPR01840,延长管L=100,,,,20,,2026E4001-059,RCC-M 2,QA1,3/4"x1/2",Φ26.7xΦ21.3,个,,Kg,
SPR01841,延长管L=100,,,,P280GH,,2026E4001-059,RCC-M 2,QA1,3/4"x1/2",Φ26.7xΦ21.3,个,,Kg,
SPR01842,延长管L=100,,,,20,,2026E4001-059,RCC-M 3,QA2,3/4"x1/2",Φ26.7xΦ21.3,个,,Kg,
SPR01843,延长管L=100,,,,20,,2026E4001-059,NA,QA3,3/4"x1/2",Φ26.7xΦ21.3,个,,Kg,
SPR01844,延长管L=100,,,,022Cr17Ni12Mo2,CP05T3088,2026E4001-059,RCC-M 3,QA2,3/4"x1/2",Φ26.7xΦ21.3,个,,Kg,
SPR01845,延长管L=100,,,,022Cr19Ni10,CP05T3088,2026E4001-059,RCC-M 1,QA1,3/4"x1/2",Φ26.7xΦ21.3,个,,Kg,
SPR01846,延长管L=100,,,,022Cr19Ni10,CP05T3088,2026E4001-059,RCC-M 2,QA1,3/4"x1/2",Φ26.7xΦ21.3,个,,Kg,
SPR01847,延长管L=100,,,,022Cr19Ni10,CP05T3088,2026E4001-059,RCC-M 3,QA2,3/4"x1/2",Φ26.7xΦ21.3,个,,Kg,
SPR01848,延长管L=100,,,,022Cr19Ni10,,2026E4001-059,NA,QA3,3/4"x1/2",Φ26.7xΦ21.3,个,,Kg,
SPR01850,延长管L=100,,,,022Cr17Ni12Mo2,,2026E4001-059,NA,QA3,3/4"x1/2",Φ26.7xΦ21.3,个,,Kg,
SPR01851,延长管L=210,,,,20,,2026E4001-059,RCC-M 2,QA1,3/4"x1/2",Φ26.7xΦ21.3,个,,Kg,
SPR01852,延长管L=210,,,,P280GH,,2026E4001-059,RCC-M 2,QA1,3/4"x1/2",Φ26.7xΦ21.3,个,,Kg,
SPR01853,延长管L=210,,,,20,,2026E4001-059,RCC-M 3,QA2,3/4"x1/2",Φ26.7xΦ21.3,个,,Kg,
SPR01854,延长管L=210,,,,20,,2026E4001-059,NA,QA3,3/4"x1/2",Φ26.7xΦ21.3,个,,Kg,
SPR01855,延长管L=210,,,,022Cr17Ni12Mo2,CP05T3088,2026E4001-059,RCC-M 3,QA2,3/4"x1/2",Φ26.7xΦ21.3,个,,Kg,
SPR01856,延长管L=210,,,,022Cr19Ni10,CP05T3088,2026E4001-059,RCC-M 1,QA1,3/4"x1/2",Φ26.7xΦ21.3,个,,Kg,
SPR01857,延长管L=210,,,,022Cr19Ni10,CP05T3088,2026E4001-059,RCC-M 2,QA1,3/4"x1/2",Φ26.7xΦ21.3,个,,Kg,
SPR01858,延长管L=210,,,,022Cr19Ni10,CP05T3088,2026E4001-059,RCC-M 3,QA2,3/4"x1/2",Φ26.7xΦ21.3,个,,Kg,
SPR01859,延长管L=210,,,,022Cr19Ni10,,2026E4001-059,NA,QA3,3/4"x1/2",Φ26.7xΦ21.3,个,,Kg,
SPR01861,延长管L=210,,,,022Cr17Ni12Mo2,,2026E4001-059,NA,QA3,3/4"x1/2",Φ26.7xΦ21.3,个,,Kg,
SPR01862,延长管L=270,,,,20,,2026E4001-059,RCC-M 2,QA1,3/4"x1/2",Φ26.7xΦ21.3,个,,Kg,
SPR01863,延长管L=270,,,,P280GH,,2026E4001-059,RCC-M 2,QA1,3/4"x1/2",Φ26.7xΦ21.3,个,,Kg,
SPR01864,延长管L=270,,,,20,,2026E4001-059,RCC-M 3,QA2,3/4"x1/2",Φ26.7xΦ21.3,个,,Kg,
SPR01865,延长管L=270,,,,20,,2026E4001-059,NA,QA3,3/4"x1/2",Φ26.7xΦ21.3,个,,Kg,
SPR01866,延长管L=270,,,,022Cr17Ni12Mo2,CP05T3088,2026E4001-059,RCC-M 3,QA2,3/4"x1/2",Φ26.7xΦ21.3,个,,Kg,
SPR01867,延长管L=270,,,,022Cr19Ni10,CP05T3088,2026E4001-059,RCC-M 1,QA1,3/4"x1/2",Φ26.7xΦ21.3,个,,Kg,
SPR01868,延长管L=270,,,,022Cr19Ni10,CP05T3088,2026E4001-059,RCC-M 2,QA1,3/4"x1/2",Φ26.7xΦ21.3,个,,Kg,
SPR01869,延长管L=270,,,,022Cr19Ni10,CP05T3088,2026E4001-059,RCC-M 3,QA2,3/4"x1/2",Φ26.7xΦ21.3,个,,Kg,
SPR01870,延长管L=270,,,,022Cr19Ni10,,2026E4001-059,NA,QA3,3/4"x1/2",Φ26.7xΦ21.3,个,,Kg,
SPR01872,延长管L=270,,,,022Cr17Ni12Mo2,,2026E4001-059,NA,QA3,3/4"x1/2",Φ26.7xΦ21.3,个,,Kg,
SPR02542,延长管L=100,,,,022Cr25Ni7Mo4N,CP05T3088,2026E4001-059,RCC-M 3,QA2,3/4"x1/2",Φ26.7xΦ21.3,个,,Kg,
SPE01336,90.3°弯头,,,BW,P280GH,CP05T3031,2026E4001-060,RCC-M 2,QA1,32",,个,,Kg,
SPE01338,89.7°弯头,,,BW,P280GH,CP05T3031,2026E4001-060,RCC-M 2,QA1,32",,个,,Kg,
SPE01339,17.7°弯头,,,BW,P280GH,CP05T3031,2026E4001-060,RCC-M 2,QA1,32",,个,,Kg,
SPE01340,18.6°弯头,,,BW,P280GH,CP05T3031,2026E4001-060,RCC-M 2,QA1,32",,个,,Kg,
SPE01341,18°弯头,,,BW,P280GH,CP05T3031,2026E4001-060,RCC-M 2,QA1,32",,个,,Kg,
SPE01342,15.4°弯头,,,BW,P280GH,CP05T3031,2026E4001-060,RCC-M 2,QA1,32",,个,,Kg,
SPE01343,20.1°弯头,,,BW,P280GH,CP05T3031,2026E4001-060,RCC-M 2,QA1,32",,个,,Kg,
SPE01344,79.1°弯头,,,BW,P280GH,CP05T3031,2026E4001-060,RCC-M 2,QA1,32",,个,,Kg,
SPE01345,24°弯头,,,BW,P280GH,CP05T3031,2026E4001-060,RCC-M 2,QA1,32",,个,,Kg,
SPE01346,19°弯头,,,BW,P280GH,CP05T3031,2026E4001-060,RCC-M 2,QA1,32",,个,,Kg,
SPE01376,88.1°弯头,,,BW,P280GH,CP05T3031,2026E4001-060,RCC-M 2,QA1,32",,个,,Kg,
SPE01377,26.5°弯头,,,BW,P280GH,CP05T3031,2026E4001-060,RCC-M 2,QA1,32",,个,,Kg,
SPE02716,90.3°弯头,,,BW,P280GH(LBB),CP05T3031,2026E4001-060,RCC-M 2,QA1,32",,个,,Kg,采用LBB技术
SPE02717,88.1°弯头,,,BW,P280GH(LBB),CP05T3031,2026E4001-060,RCC-M 2,QA1,32",,个,,Kg,采用LBB技术
SPE02718,89.7°弯头,,,BW,P280GH(LBB),CP05T3031,2026E4001-060,RCC-M 2,QA1,32",,个,,Kg,采用LBB技术
SPE02719,17.7°弯头,,,BW,P280GH(LBB),CP05T3031,2026E4001-060,RCC-M 2,QA1,32",,个,,Kg,采用LBB技术
SPE02720,18.6°弯头,,,BW,P280GH(LBB),CP05T3031,2026E4001-060,RCC-M 2,QA1,32",,个,,Kg,采用LBB技术
SPE02721,18°弯头,,,BW,P280GH(LBB),CP05T3031,2026E4001-060,RCC-M 2,QA1,32",,个,,Kg,采用LBB技术
SPE02722,15.4°弯头,,,BW,P280GH(LBB),CP05T3031,2026E4001-060,RCC-M 2,QA1,32",,个,,Kg,采用LBB技术
SPE02723,20.1°弯头,,,BW,P280GH(LBB),CP05T3031,2026E4001-060,RCC-M 2,QA1,32",,个,,Kg,采用LBB技术
SPE02724,79.1°弯头,,,BW,P280GH(LBB),CP05T3031,2026E4001-060,RCC-M 2,QA1,32",,个,,Kg,采用LBB技术
SPE02725,24°弯头,,,BW,P280GH(LBB),CP05T3031,2026E4001-060,RCC-M 2,QA1,32",,个,,Kg,采用LBB技术
SPE02726,19°弯头,,,BW,P280GH(LBB),CP05T3031,2026E4001-060,RCC-M 2,QA1,32",,个,,Kg,采用LBB技术
SPE02727,26.5°弯头,,,BW,P280GH(LBB),CP05T3031,2026E4001-060,RCC-M 2,QA1,32",,个,,Kg,采用LBB技术
SPE02983,76.2°弯头,,,BW,P280GH,CP05T3031,2026E4001-060,RCC-M 2,QA1,32",,个,,Kg,
SPE02984,76.2°弯头,,,BW,P280GH(LBB),CP05T3031,2026E4001-060,RCC-M 2,QA1,32",,个,,Kg,采用LBB技术
SPR02231,压力表接管,,,FIL,022Cr19Ni10,,2026E4001-061,RCC-M 1,QA1,3/4",Φ26.7xΦ25.6,个,,Kg,
SPR02246,蒸汽管道排汽罩,,,,P265GH,CP05T3033,2026E4001-062,NA,QA3,22"x3/4",,个,,Kg,
SPO01715,管接头,,,SW,20,CP05T3025,2026E4001-063,NA,QA3,3/4",,个,,Kg,
SPO01716,管接头,,,SW,20,CP05T3025,2026E4001-063,NA,QA3,2",,个,,Kg,
SPU00020,接管座,,,SW,20,CP05T3003,2026E4001-064,RCC-M 3,QA2,3"x1"x3/4",,个,,Kg,
SPU00021,接管座,,,SW,20,CP05T3003,2026E4001-065,RCC-M 3,QA2,3"x3/4",,个,,Kg,
SPO01717,测湿度接管座,,,FIL,20,CP05T3025,2026E4001-068,NA,QNC,1/2",,个,,Kg,
SPU00022,接管座,,FO,SW,022Cr17Ni12Mo2,CP05T3091,2026E4001-527,RCC-M 3,QA2,3"x3/4",Φ88.9xΦ26.7,个,,Kg,
SPF01346,WES不锈钢非标法兰,,,FF/SW,022Cr17Ni12Mo2,CP05T3091,2026E4001-528,RCC-M 3,QA2,3/4",,个,,Kg,
SPO01718,接管座,,,SW,P280GH,CP05T3025,2026E4001-047,NA,QA3,1/2",Φ21.8,个,0.15,Kg,
SPO01719,接管座,,,SW,P280GH,CP05T3025,2026E4001-047,NA,QA3,3/4",Φ27.1,个,0.2,Kg,
SPO01720,接管座,,,SW,P280GH,CP05T3025,2026E4001-047,NA,QA3,1",Φ33.8,个,0.4,Kg,
