,编码,品名,压力(壁厚),制造形式,连接形式,材料牌号,材料标准,规格标准,RCC-M,质保等级,公称直径,外径/Φ,单位,单重,单重单位,备注
,CPC00025,异径承插管接头,CL6000,FO,SW,022Cr19Ni10,1916T3038,ASME B16.11,RCC-M 1,QA1,"3/8""x1/4""",,个,,KG,
,CPC00026,异径承插管接头,CL3000,FO,SW,022Cr17Ni12Mo2,1916T3038,ASME B16.11,RCC-M 2,QA1,"3/8""x1/4""",,个,,KG,
,CPC00027,异径承插管接头,CL3000,FO,SW,022Cr19Ni10,1916T3038,ASME B16.11,RCC-M 2,QA1,"3/8""x1/4""",,个,,KG,
,CPC00028,异径承插管接头,CL3000,FO,SW,20,1916T3037,ASME B16.11,RCC-M 2,QA1,"3/8""x1/4""",,个,,KG,
,CPC00029,异径承插管接头,CL6000,FO,SW,022Cr19Ni10,1916T3038,ASME B16.11,RCC-M 2,QA1,"3/8""x1/4""",,个,,KG,
,CPC00030,异径承插管接头,CL6000,FO,SW,P280GH,1916T3052,ASME B16.11,RCC-M 2,QA1,"3/8""x1/4""",,个,,KG,
,CPC00031,异径承插管接头,CL3000,FO,SW,022Cr17Ni12Mo2,1916T3038,ASME B16.11,RCC-M 3,QA2,"3/8""x1/4""",,个,,KG,
,CPC00032,异径承插管接头,CL3000,FO,SW,022Cr19Ni10,1916T3038,ASME B16.11,RCC-M 3,QA2,"3/8""x1/4""",,个,,KG,
,CPC00033,异径承插管接头,CL3000,FO,SW,20,1916T3037,ASME B16.11,RCC-M 3,QA2,"3/8""x1/4""",,个,,KG,
,CPC00034,异径承插管接头,CL3000,FO,SW,022Cr17Ni12Mo2,1916T3023,ASME B16.11,NA,QNCa,"3/8""x1/4""",,个,,KG,
,CPC00035,异径承插管接头,CL3000,FO,SW,022Cr19Ni10,1916T3023,ASME B16.11,NA,QNCa,"3/8""x1/4""",,个,,KG,
,CPC00036,异径承插管接头,CL3000,FO,SW,20,1916T3025,ASME B16.11,NA,QNCa,"3/8""x1/4""",,个,,KG,
,CPC00049,异径承插管接头,CL6000,FO,SW,022Cr19Ni10,1916T3038,ASME B16.11,RCC-M 1,QA1,"1/2""x1/4""",,个,,KG,
,CPC00050,异径承插管接头,CL3000,FO,SW,022Cr17Ni12Mo2,1916T3038,ASME B16.11,RCC-M 2,QA1,"1/2""x1/4""",,个,,KG,
,CPC00051,异径承插管接头,CL3000,FO,SW,022Cr19Ni10,1916T3038,ASME B16.11,RCC-M 2,QA1,"1/2""x1/4""",,个,0.13,KG,
,CPC00052,异径承插管接头,CL3000,FO,SW,20,1916T3037,ASME B16.11,RCC-M 2,QA1,"1/2""x1/4""",,个,,KG,
,CPC00053,异径承插管接头,CL6000,FO,SW,022Cr19Ni10,1916T3038,ASME B16.11,RCC-M 2,QA1,"1/2""x1/4""",,个,0.16,KG,
,CPC00054,异径承插管接头,CL6000,FO,SW,P280GH,1916T3052,ASME B16.11,RCC-M 2,QA1,"1/2""x1/4""",,个,,KG,
,CPC00055,异径承插管接头,CL3000,FO,SW,022Cr17Ni12Mo2,1916T3038,ASME B16.11,RCC-M 3,QA2,"1/2""x1/4""",,个,,KG,
,CPC00056,异径承插管接头,CL3000,FO,SW,022Cr19Ni10,1916T3038,ASME B16.11,RCC-M 3,QA2,"1/2""x1/4""",,个,0.13,KG,
,CPC00057,异径承插管接头,CL3000,FO,SW,20,1916T3037,ASME B16.11,RCC-M 3,QA2,"1/2""x1/4""",,个,0.13,KG,
,CPC00058,异径承插管接头,CL3000,FO,SW,022Cr17Ni12Mo2,1916T3023,ASME B16.11,NA,QNCa,"1/2""x1/4""",,个,,KG,
,CPC00059,异径承插管接头,CL3000,FO,SW,022Cr19Ni10,1916T3023,ASME B16.11,NA,QNCa,"1/2""x1/4""",,个,0.2,KG,
,CPC00060,异径承插管接头,CL3000,FO,SW,20,1916T3025,ASME B16.11,NA,QNCa,"1/2""x1/4""",,个,0.1,KG,
,CPC00061,异径承插管接头,CL6000,FO,SW,022Cr19Ni10,1916T3038,ASME B16.11,RCC-M 1,QA1,"1/2""x3/8""",,个,,KG,
,CPC00062,异径承插管接头,CL3000,FO,SW,022Cr17Ni12Mo2,1916T3038,ASME B16.11,RCC-M 2,QA1,"1/2""x3/8""",,个,,KG,
,CPC00063,异径承插管接头,CL3000,FO,SW,022Cr19Ni10,1916T3038,ASME B16.11,RCC-M 2,QA1,"1/2""x3/8""",,个,,KG,
,CPC00064,异径承插管接头,CL3000,FO,SW,20,1916T3037,ASME B16.11,RCC-M 2,QA1,"1/2""x3/8""",,个,,KG,
,CPC00065,异径承插管接头,CL6000,FO,SW,022Cr19Ni10,1916T3038,ASME B16.11,RCC-M 2,QA1,"1/2""x3/8""",,个,,KG,
,CPC00066,异径承插管接头,CL6000,FO,SW,P280GH,1916T3052,ASME B16.11,RCC-M 2,QA1,"1/2""x3/8""",,个,,KG,
,CPC00067,异径承插管接头,CL3000,FO,SW,022Cr17Ni12Mo2,1916T3038,ASME B16.11,RCC-M 3,QA2,"1/2""x3/8""",,个,0.13,KG,
,CPC00068,异径承插管接头,CL3000,FO,SW,022Cr19Ni10,1916T3038,ASME B16.11,RCC-M 3,QA2,"1/2""x3/8""",,个,,KG,
,CPC00069,异径承插管接头,CL3000,FO,SW,20,1916T3037,ASME B16.11,RCC-M 3,QA2,"1/2""x3/8""",,个,,KG,
,CPC00070,异径承插管接头,CL3000,FO,SW,022Cr17Ni12Mo2,1916T3023,ASME B16.11,NA,QNCa,"1/2""x3/8""",,个,,KG,
,CPC00071,异径承插管接头,CL3000,FO,SW,022Cr19Ni10,1916T3023,ASME B16.11,NA,QNCa,"1/2""x3/8""",,个,0.2,KG,
,CPC00072,异径承插管接头,CL3000,FO,SW,20,1916T3025,ASME B16.11,NA,QNCa,"1/2""x3/8""",,个,0.1,KG,
,CPC00085,异径承插管接头,CL6000,FO,SW,022Cr19Ni10,1916T3038,ASME B16.11,RCC-M 1,QA1,"3/4""x1/4""",,个,,KG,
,CPC00086,异径承插管接头,CL3000,FO,SW,022Cr17Ni12Mo2,1916T3038,ASME B16.11,RCC-M 2,QA1,"3/4""x1/4""",,个,,KG,
,CPC00087,异径承插管接头,CL3000,FO,SW,022Cr19Ni10,1916T3038,ASME B16.11,RCC-M 2,QA1,"3/4""x1/4""",,个,,KG,
,CPC00088,异径承插管接头,CL3000,FO,SW,20,1916T3037,ASME B16.11,RCC-M 2,QA1,"3/4""x1/4""",,个,,KG,
,CPC00089,异径承插管接头,CL6000,FO,SW,022Cr19Ni10,1916T3038,ASME B16.11,RCC-M 2,QA1,"3/4""x1/4""",,个,0.28,KG,
,CPC00090,异径承插管接头,CL6000,FO,SW,P280GH,1916T3052,ASME B16.11,RCC-M 2,QA1,"3/4""x1/4""",,个,,KG,
,CPC00091,异径承插管接头,CL3000,FO,SW,022Cr17Ni12Mo2,1916T3038,ASME B16.11,RCC-M 3,QA2,"3/4""x1/4""",,个,,KG,
,CPC00092,异径承插管接头,CL3000,FO,SW,022Cr19Ni10,1916T3038,ASME B16.11,RCC-M 3,QA2,"3/4""x1/4""",,个,,KG,
,CPC00093,异径承插管接头,CL3000,FO,SW,20,1916T3037,ASME B16.11,RCC-M 3,QA2,"3/4""x1/4""",,个,,KG,
,CPC00094,异径承插管接头,CL3000,FO,SW,022Cr17Ni12Mo2,1916T3023,ASME B16.11,NA,QNCa,"3/4""x1/4""",,个,,KG,
,CPC00095,异径承插管接头,CL3000,FO,SW,022Cr19Ni10,1916T3023,ASME B16.11,NA,QNCa,"3/4""x1/4""",,个,,KG,
,CPC00096,异径承插管接头,CL3000,FO,SW,20,1916T3025,ASME B16.11,NA,QNCa,"3/4""x1/4""",,个,,KG,
,CPC00100,异径承插管接头,CL3000,FO,SW,20,1916T3037,ASME B16.11,RCC-M 2,QA1,"3/4""x3/8""",,个,,KG,
,CPC00105,异径承插管接头,CL3000,FO,SW,20,1916T3037,ASME B16.11,RCC-M 3,QA2,"3/4""x3/8""",,个,,KG,
,CPC00108,异径承插管接头,CL3000,FO,SW,20,1916T3025,ASME B16.11,NA,QNCa,"3/4""x3/8""",,个,,KG,
,CPC00109,异径承插管接头,CL6000,FO,SW,022Cr19Ni10,1916T3038,ASME B16.11,RCC-M 1,QA1,"3/4""x1/2""",,个,,KG,
,CPC00110,异径承插管接头,CL3000,FO,SW,022Cr17Ni12Mo2,1916T3038,ASME B16.11,RCC-M 2,QA1,"3/4""x1/2""",,个,,KG,
,CPC00111,异径承插管接头,CL3000,FO,SW,022Cr19Ni10,1916T3038,ASME B16.11,RCC-M 2,QA1,"3/4""x1/2""",,个,,KG,
,CPC00112,异径承插管接头,CL3000,FO,SW,20,1916T3037,ASME B16.11,RCC-M 2,QA1,"3/4""x1/2""",,个,0.2,KG,
,CPC00113,异径承插管接头,CL6000,FO,SW,022Cr19Ni10,1916T3038,ASME B16.11,RCC-M 2,QA1,"3/4""x1/2""",,个,0.28,KG,
,CPC00114,异径承插管接头,CL6000,FO,SW,P280GH,1916T3052,ASME B16.11,RCC-M 2,QA1,"3/4""x1/2""",,个,0.28,KG,
,CPC00115,异径承插管接头,CL3000,FO,SW,022Cr17Ni12Mo2,1916T3038,ASME B16.11,RCC-M 3,QA2,"3/4""x1/2""",,个,,KG,
,CPC00116,异径承插管接头,CL3000,FO,SW,022Cr19Ni10,1916T3038,ASME B16.11,RCC-M 3,QA2,"3/4""x1/2""",,个,0.2,KG,
,CPC00117,异径承插管接头,CL3000,FO,SW,20,1916T3037,ASME B16.11,RCC-M 3,QA2,"3/4""x1/2""",,个,0.2,KG,
,CPC00118,异径承插管接头,CL3000,FO,SW,022Cr17Ni12Mo2,1916T3023,ASME B16.11,NA,QNCa,"3/4""x1/2""",,个,0.2,KG,
,CPC00119,异径承插管接头,CL3000,FO,SW,022Cr19Ni10,1916T3023,ASME B16.11,NA,QNCa,"3/4""x1/2""",,个,0.2,KG,
,CPC00120,异径承插管接头,CL3000,FO,SW,20,1916T3025,ASME B16.11,NA,QNCa,"3/4""x1/2""",,个,0.2,KG,
,CPC00133,异径承插管接头,CL6000,FO,SW,022Cr19Ni10,1916T3038,ASME B16.11,RCC-M 1,QA1,"1""x1/4""",,个,,KG,
,CPC00135,异径承插管接头,CL3000,FO,SW,022Cr19Ni10,1916T3038,ASME B16.11,RCC-M 2,QA1,"1""x1/4""",,个,,KG,
,CPC00136,异径承插管接头,CL3000,FO,SW,20,1916T3037,ASME B16.11,RCC-M 2,QA1,"1""x1/4""",,个,,KG,
,CPC00137,异径承插管接头,CL6000,FO,SW,022Cr19Ni10,1916T3038,ASME B16.11,RCC-M 2,QA1,"1""x1/4""",,个,,KG,
,CPC00138,异径承插管接头,CL6000,FO,SW,P280GH,1916T3052,ASME B16.11,RCC-M 2,QA1,"1""x1/4""",,个,,KG,
,CPC00139,异径承插管接头,CL3000,FO,SW,022Cr17Ni12Mo2,1916T3038,ASME B16.11,RCC-M 3,QA2,"1""x1/4""",,个,,KG,
,CPC00140,异径承插管接头,CL3000,FO,SW,022Cr19Ni10,1916T3038,ASME B16.11,RCC-M 3,QA2,"1""x1/4""",,个,0.28,KG,
,CPC00141,异径承插管接头,CL3000,FO,SW,20,1916T3037,ASME B16.11,RCC-M 3,QA2,"1""x1/4""",,个,,KG,
,CPC00142,异径承插管接头,CL3000,FO,SW,022Cr17Ni12Mo2,1916T3023,ASME B16.11,NA,QNCa,"1""x1/4""",,个,,KG,
,CPC00143,异径承插管接头,CL3000,FO,SW,022Cr19Ni10,1916T3023,ASME B16.11,NA,QNCa,"1""x1/4""",,个,0.3,KG,
,CPC00144,异径承插管接头,CL3000,FO,SW,20,1916T3025,ASME B16.11,NA,QNCa,"1""x1/4""",,个,,KG,
,CPC00148,异径承插管接头,CL3000,FO,SW,20,1916T3037,ASME B16.11,RCC-M 2,QA1,"1""x3/8""",,个,,KG,
,CPC00153,异径承插管接头,CL3000,FO,SW,20,1916T3037,ASME B16.11,RCC-M 3,QA2,"1""x3/8""",,个,,KG,
,CPC00156,异径承插管接头,CL3000,FO,SW,20,1916T3025,ASME B16.11,NA,QNCa,"1""x3/8""",,个,,KG,
,CPC00157,异径承插管接头,CL6000,FO,SW,022Cr19Ni10,1916T3038,ASME B16.11,RCC-M 1,QA1,"1""x1/2""",,个,,KG,
,CPC00158,异径承插管接头,CL3000,FO,SW,022Cr17Ni12Mo2,1916T3038,ASME B16.11,RCC-M 2,QA1,"1""x1/2""",,个,,KG,
,CPC00159,异径承插管接头,CL3000,FO,SW,022Cr19Ni10,1916T3038,ASME B16.11,RCC-M 2,QA1,"1""x1/2""",,个,0.28,KG,
,CPC00160,异径承插管接头,CL3000,FO,SW,20,1916T3037,ASME B16.11,RCC-M 2,QA1,"1""x1/2""",,个,,KG,
,CPC00161,异径承插管接头,CL6000,FO,SW,022Cr19Ni10,1916T3038,ASME B16.11,RCC-M 2,QA1,"1""x1/2""",,个,,KG,
,CPC00162,异径承插管接头,CL6000,FO,SW,P280GH,1916T3052,ASME B16.11,RCC-M 2,QA1,"1""x1/2""",,个,,KG,
,CPC00163,异径承插管接头,CL3000,FO,SW,022Cr17Ni12Mo2,1916T3038,ASME B16.11,RCC-M 3,QA2,"1""x1/2""",,个,0.28,KG,
,CPC00164,异径承插管接头,CL3000,FO,SW,022Cr19Ni10,1916T3038,ASME B16.11,RCC-M 3,QA2,"1""x1/2""",,个,0.28,KG,
,CPC00165,异径承插管接头,CL3000,FO,SW,20,1916T3037,ASME B16.11,RCC-M 3,QA2,"1""x1/2""",,个,0.28,KG,
,CPC00166,异径承插管接头,CL3000,FO,SW,022Cr17Ni12Mo2,1916T3023,ASME B16.11,NA,QNCa,"1""x1/2""",,个,0.3,KG,
,CPC00167,异径承插管接头,CL3000,FO,SW,022Cr19Ni10,1916T3023,ASME B16.11,NA,QNCa,"1""x1/2""",,个,0.3,KG,
,CPC00168,异径承插管接头,CL3000,FO,SW,20,1916T3025,ASME B16.11,NA,QNCa,"1""x1/2""",,个,,KG,
,CPC00169,异径承插管接头,CL6000,FO,SW,022Cr19Ni10,1916T3038,ASME B16.11,RCC-M 1,QA1,"1""x3/4""",,个,0.48,KG,
,CPC00170,异径承插管接头,CL3000,FO,SW,022Cr17Ni12Mo2,1916T3038,ASME B16.11,RCC-M 2,QA1,"1""x3/4""",,个,,KG,
,CPC00171,异径承插管接头,CL3000,FO,SW,022Cr19Ni10,1916T3038,ASME B16.11,RCC-M 2,QA1,"1""x3/4""",,个,,KG,
,CPC00172,异径承插管接头,CL3000,FO,SW,20,1916T3037,ASME B16.11,RCC-M 2,QA1,"1""x3/4""",,个,0.28,KG,
,CPC00173,异径承插管接头,CL6000,FO,SW,022Cr19Ni10,1916T3038,ASME B16.11,RCC-M 2,QA1,"1""x3/4""",,个,0.48,KG,
,CPC00174,异径承插管接头,CL6000,FO,SW,P280GH,1916T3052,ASME B16.11,RCC-M 2,QA1,"1""x3/4""",,个,,KG,
,CPC00175,异径承插管接头,CL3000,FO,SW,022Cr17Ni12Mo2,1916T3038,ASME B16.11,RCC-M 3,QA2,"1""x3/4""",,个,0.28,KG,
,CPC00176,异径承插管接头,CL3000,FO,SW,022Cr19Ni10,1916T3038,ASME B16.11,RCC-M 3,QA2,"1""x3/4""",,个,0.28,KG,
,CPC00177,异径承插管接头,CL3000,FO,SW,20,1916T3037,ASME B16.11,RCC-M 3,QA2,"1""x3/4""",,个,0.28,KG,
,CPC00178,异径承插管接头,CL3000,FO,SW,022Cr17Ni12Mo2,1916T3023,ASME B16.11,NA,QNCa,"1""x3/4""",,个,0.3,KG,
,CPC00179,异径承插管接头,CL3000,FO,SW,022Cr19Ni10,1916T3023,ASME B16.11,NA,QNCa,"1""x3/4""",,个,0.3,KG,
,CPC00180,异径承插管接头,CL3000,FO,SW,20,1916T3025,ASME B16.11,NA,QNCa,"1""x3/4""",,个,0.3,KG,
,CPC00194,异径承插管接头,CL3000,FO,SW,20,1916T3037,ASME B16.11,RCC-M 2,QA1,"1-1/4""x1/4""",,个,,KG,
,CPC00199,异径承插管接头,CL3000,FO,SW,20,1916T3037,ASME B16.11,RCC-M 3,QA2,"1-1/4""x1/4""",,个,,KG,
,CPC00202,异径承插管接头,CL3000,FO,SW,20,1916T3025,ASME B16.11,NA,QNCa,"1-1/4""x1/4""",,个,,KG,
,CPC00205,异径承插管接头,CL3000,FO,SW,20,1916T3037,ASME B16.11,RCC-M 2,QA1,"1-1/4""x3/8""",,个,,KG,
,CPC00210,异径承插管接头,CL3000,FO,SW,20,1916T3037,ASME B16.11,RCC-M 3,QA2,"1-1/4""x3/8""",,个,,KG,
,CPC00213,异径承插管接头,CL3000,FO,SW,20,1916T3025,ASME B16.11,NA,QNCa,"1-1/4""x3/8""",,个,,KG,
,CPC00216,异径承插管接头,CL3000,FO,SW,20,1916T3037,ASME B16.11,RCC-M 2,QA1,"1-1/4""x1/2""",,个,,KG,
,CPC00221,异径承插管接头,CL3000,FO,SW,20,1916T3037,ASME B16.11,RCC-M 3,QA2,"1-1/4""x1/2""",,个,,KG,
,CPC00224,异径承插管接头,CL3000,FO,SW,20,1916T3025,ASME B16.11,NA,QNCa,"1-1/4""x1/2""",,个,,KG,
,CPC00226,异径承插管接头,CL3000,FO,SW,022Cr19Ni10,1916T3038,ASME B16.11,RCC-M 2,QA1,"1-1/4""x3/4""",,个,,KG,
,CPC00227,异径承插管接头,CL3000,FO,SW,20,1916T3037,ASME B16.11,RCC-M 2,QA1,"1-1/4""x3/4""",,个,,KG,
,CPC00228,异径承插管接头,CL6000,FO,SW,022Cr19Ni10,1916T3038,ASME B16.11,RCC-M 2,QA1,"1-1/4""x3/4""",,个,,KG,
,CPC00229,异径承插管接头,CL6000,FO,SW,P280GH,1916T3052,ASME B16.11,RCC-M 2,QA1,"1-1/4""x3/4""",,个,,KG,
,CPC00230,异径承插管接头,CL3000,FO,SW,022Cr17Ni12Mo2,1916T3038,ASME B16.11,RCC-M 3,QA2,"1-1/4""x3/4""",,个,,KG,
,CPC00231,异径承插管接头,CL3000,FO,SW,022Cr19Ni10,1916T3038,ASME B16.11,RCC-M 3,QA2,"1-1/4""x3/4""",,个,,KG,
,CPC00232,异径承插管接头,CL3000,FO,SW,20,1916T3037,ASME B16.11,RCC-M 3,QA2,"1-1/4""x3/4""",,个,,KG,
,CPC00233,异径承插管接头,CL3000,FO,SW,022Cr17Ni12Mo2,1916T3023,ASME B16.11,NA,QNCa,"1-1/4""x3/4""",,个,,KG,
,CPC00234,异径承插管接头,CL3000,FO,SW,022Cr19Ni10,1916T3023,ASME B16.11,NA,QNCa,"1-1/4""x3/4""",,个,,KG,
,CPC00235,异径承插管接头,CL3000,FO,SW,20,1916T3025,ASME B16.11,NA,QNCa,"1-1/4""x3/4""",,个,,KG,
,CPC00236,异径承插管接头,CL3000,FO,SW,022Cr17Ni12Mo2,1916T3038,ASME B16.11,RCC-M 2,QA1,"1-1/4""x1""",,个,,KG,
,CPC00237,异径承插管接头,CL3000,FO,SW,022Cr19Ni10,1916T3038,ASME B16.11,RCC-M 2,QA1,"1-1/4""x1""",,个,,KG,
,CPC00238,异径承插管接头,CL3000,FO,SW,20,1916T3037,ASME B16.11,RCC-M 2,QA1,"1-1/4""x1""",,个,,KG,
,CPC00239,异径承插管接头,CL6000,FO,SW,022Cr19Ni10,1916T3038,ASME B16.11,RCC-M 2,QA1,"1-1/4""x1""",,个,,KG,
,CPC00240,异径承插管接头,CL6000,FO,SW,P280GH,1916T3052,ASME B16.11,RCC-M 2,QA1,"1-1/4""x1""",,个,,KG,
,CPC00241,异径承插管接头,CL3000,FO,SW,022Cr17Ni12Mo2,1916T3038,ASME B16.11,RCC-M 3,QA2,"1-1/4""x1""",,个,,KG,
,CPC00242,异径承插管接头,CL3000,FO,SW,022Cr19Ni10,1916T3038,ASME B16.11,RCC-M 3,QA2,"1-1/4""x1""",,个,,KG,
,CPC00243,异径承插管接头,CL3000,FO,SW,20,1916T3037,ASME B16.11,RCC-M 3,QA2,"1-1/4""x1""",,个,,KG,
,CPC00244,异径承插管接头,CL3000,FO,SW,022Cr17Ni12Mo2,1916T3023,ASME B16.11,NA,QNCa,"1-1/4""x1""",,个,,KG,
,CPC00245,异径承插管接头,CL3000,FO,SW,022Cr19Ni10,1916T3023,ASME B16.11,NA,QNCa,"1-1/4""x1""",,个,,KG,
,CPC00246,异径承插管接头,CL3000,FO,SW,20,1916T3025,ASME B16.11,NA,QNCa,"1-1/4""x1""",,个,,KG,
,CPC00260,异径承插管接头,CL3000,FO,SW,20,1916T3037,ASME B16.11,RCC-M 2,QA1,"1-1/2""x1/4""",,个,,KG,
,CPC00265,异径承插管接头,CL3000,FO,SW,20,1916T3037,ASME B16.11,RCC-M 3,QA2,"1-1/2""x1/4""",,个,,KG,
,CPC00268,异径承插管接头,CL3000,FO,SW,20,1916T3025,ASME B16.11,NA,QNCa,"1-1/2""x1/4""",,个,,KG,
,CPC00271,异径承插管接头,CL3000,FO,SW,20,1916T3037,ASME B16.11,RCC-M 2,QA1,"1-1/2""x3/8""",,个,,KG,
,CPC00276,异径承插管接头,CL3000,FO,SW,20,1916T3037,ASME B16.11,RCC-M 3,QA2,"1-1/2""x3/8""",,个,,KG,
,CPC00279,异径承插管接头,CL3000,FO,SW,20,1916T3025,ASME B16.11,NA,QNCa,"1-1/2""x3/8""",,个,,KG,
,CPC00280,异径承插管接头,CL3000,FO,SW,022Cr17Ni12Mo2,1916T3038,ASME B16.11,RCC-M 2,QA1,"1-1/2""x1/2""",,个,,KG,
,CPC00281,异径承插管接头,CL3000,FO,SW,022Cr19Ni10,1916T3038,ASME B16.11,RCC-M 2,QA1,"1-1/2""x1/2""",,个,,KG,
,CPC00282,异径承插管接头,CL3000,FO,SW,20,1916T3037,ASME B16.11,RCC-M 2,QA1,"1-1/2""x1/2""",,个,,KG,
,CPC00283,异径承插管接头,CL6000,FO,SW,022Cr19Ni10,1916T3038,ASME B16.11,RCC-M 2,QA1,"1-1/2""x1/2""",,个,,KG,
,CPC00284,异径承插管接头,CL6000,FO,SW,P280GH,1916T3052,ASME B16.11,RCC-M 2,QA1,"1-1/2""x1/2""",,个,,KG,
,CPC00285,异径承插管接头,CL3000,FO,SW,022Cr17Ni12Mo2,1916T3038,ASME B16.11,RCC-M 3,QA2,"1-1/2""x1/2""",,个,0.52,KG,
,CPC00286,异径承插管接头,CL3000,FO,SW,022Cr19Ni10,1916T3038,ASME B16.11,RCC-M 3,QA2,"1-1/2""x1/2""",,个,0.52,KG,
,CPC00287,异径承插管接头,CL3000,FO,SW,20,1916T3037,ASME B16.11,RCC-M 3,QA2,"1-1/2""x1/2""",,个,,KG,
,CPC00288,异径承插管接头,CL3000,FO,SW,022Cr17Ni12Mo2,1916T3023,ASME B16.11,NA,QNCa,"1-1/2""x1/2""",,个,,KG,
,CPC00289,异径承插管接头,CL3000,FO,SW,022Cr19Ni10,1916T3023,ASME B16.11,NA,QNCa,"1-1/2""x1/2""",,个,0.5,KG,
,CPC00290,异径承插管接头,CL3000,FO,SW,20,1916T3025,ASME B16.11,NA,QNCa,"1-1/2""x1/2""",,个,,KG,
,CPC00291,异径承插管接头,CL3000,FO,SW,022Cr17Ni12Mo2,1916T3038,ASME B16.11,RCC-M 2,QA1,"1-1/2""x3/4""",,个,,KG,
,CPC00292,异径承插管接头,CL3000,FO,SW,022Cr19Ni10,1916T3038,ASME B16.11,RCC-M 2,QA1,"1-1/2""x3/4""",,个,0.52,KG,
,CPC00293,异径承插管接头,CL3000,FO,SW,20,1916T3037,ASME B16.11,RCC-M 2,QA1,"1-1/2""x3/4""",,个,,KG,
,CPC00294,异径承插管接头,CL6000,FO,SW,022Cr19Ni10,1916T3038,ASME B16.11,RCC-M 2,QA1,"1-1/2""x3/4""",,个,,KG,
,CPC00295,异径承插管接头,CL6000,FO,SW,P280GH,1916T3052,ASME B16.11,RCC-M 2,QA1,"1-1/2""x3/4""",,个,,KG,
,CPC00296,异径承插管接头,CL3000,FO,SW,022Cr17Ni12Mo2,1916T3038,ASME B16.11,RCC-M 3,QA2,"1-1/2""x3/4""",,个,,KG,
,CPC00297,异径承插管接头,CL3000,FO,SW,022Cr19Ni10,1916T3038,ASME B16.11,RCC-M 3,QA2,"1-1/2""x3/4""",,个,,KG,
,CPC00298,异径承插管接头,CL3000,FO,SW,20,1916T3037,ASME B16.11,RCC-M 3,QA2,"1-1/2""x3/4""",,个,0.52,KG,
,CPC00299,异径承插管接头,CL3000,FO,SW,022Cr17Ni12Mo2,1916T3023,ASME B16.11,NA,QNCa,"1-1/2""x3/4""",,个,,KG,
,CPC00300,异径承插管接头,CL3000,FO,SW,022Cr19Ni10,1916T3023,ASME B16.11,NA,QNCa,"1-1/2""x3/4""",,个,0.5,KG,
,CPC00301,异径承插管接头,CL3000,FO,SW,20,1916T3025,ASME B16.11,NA,QNCa,"1-1/2""x3/4""",,个,0.6,KG,
,CPC00302,异径承插管接头,CL3000,FO,SW,022Cr17Ni12Mo2,1916T3038,ASME B16.11,RCC-M 2,QA1,"1-1/2""x1""",,个,,KG,
,CPC00303,异径承插管接头,CL3000,FO,SW,022Cr19Ni10,1916T3038,ASME B16.11,RCC-M 2,QA1,"1-1/2""x1""",,个,,KG,
,CPC00304,异径承插管接头,CL3000,FO,SW,20,1916T3037,ASME B16.11,RCC-M 2,QA1,"1-1/2""x1""",,个,,KG,
,CPC00305,异径承插管接头,CL6000,FO,SW,022Cr19Ni10,1916T3038,ASME B16.11,RCC-M 2,QA1,"1-1/2""x1""",,个,,KG,
,CPC00306,异径承插管接头,CL6000,FO,SW,P280GH,1916T3052,ASME B16.11,RCC-M 2,QA1,"1-1/2""x1""",,个,,KG,
,CPC00307,异径承插管接头,CL3000,FO,SW,022Cr17Ni12Mo2,1916T3038,ASME B16.11,RCC-M 3,QA2,"1-1/2""x1""",,个,0.52,KG,
,CPC00308,异径承插管接头,CL3000,FO,SW,022Cr19Ni10,1916T3038,ASME B16.11,RCC-M 3,QA2,"1-1/2""x1""",,个,,KG,
,CPC00309,异径承插管接头,CL3000,FO,SW,20,1916T3037,ASME B16.11,RCC-M 3,QA2,"1-1/2""x1""",,个,0.52,KG,
,CPC00310,异径承插管接头,CL3000,FO,SW,022Cr17Ni12Mo2,1916T3023,ASME B16.11,NA,QNCa,"1-1/2""x1""",,个,,KG,
,CPC00311,异径承插管接头,CL3000,FO,SW,022Cr19Ni10,1916T3023,ASME B16.11,NA,QNCa,"1-1/2""x1""",,个,0.5,KG,
,CPC00312,异径承插管接头,CL3000,FO,SW,20,1916T3025,ASME B16.11,NA,QNCa,"1-1/2""x1""",,个,0.6,KG,
,CPC00315,异径承插管接头,CL3000,FO,SW,20,1916T3037,ASME B16.11,RCC-M 2,QA1,"1-1/2""x1-1/4""",,个,,KG,
,CPC00320,异径承插管接头,CL3000,FO,SW,20,1916T3037,ASME B16.11,RCC-M 3,QA2,"1-1/2""x1-1/4""",,个,,KG,
,CPC00323,异径承插管接头,CL3000,FO,SW,20,1916T3025,ASME B16.11,NA,QNCa,"1-1/2""x1-1/4""",,个,,KG,
,CPC00337,异径承插管接头,CL3000,FO,SW,20,1916T3037,ASME B16.11,RCC-M 2,QA1,"2""x1/4""",,个,,KG,
,CPC00342,异径承插管接头,CL3000,FO,SW,20,1916T3037,ASME B16.11,RCC-M 3,QA2,"2""x1/4""",,个,,KG,
,CPC00345,异径承插管接头,CL3000,FO,SW,20,1916T3025,ASME B16.11,NA,QNCa,"2""x1/4""",,个,0.6,KG,
,CPC00348,异径承插管接头,CL3000,FO,SW,20,1916T3037,ASME B16.11,RCC-M 2,QA1,"2""x3/8""",,个,,KG,
,CPC00353,异径承插管接头,CL3000,FO,SW,20,1916T3037,ASME B16.11,RCC-M 3,QA2,"2""x3/8""",,个,,KG,
,CPC00356,异径承插管接头,CL3000,FO,SW,20,1916T3025,ASME B16.11,NA,QNCa,"2""x3/8""",,个,0.8,KG,
,CPC00359,异径承插管接头,CL3000,FO,SW,20,1916T3037,ASME B16.11,RCC-M 2,QA1,"2""x1/2""",,个,,KG,
,CPC00364,异径承插管接头,CL3000,FO,SW,20,1916T3037,ASME B16.11,RCC-M 3,QA2,"2""x1/2""",,个,0.95,KG,
,CPC00367,异径承插管接头,CL3000,FO,SW,20,1916T3025,ASME B16.11,NA,QNCa,"2""x1/2""",,个,,KG,
,CPC00368,异径承插管接头,CL3000,FO,SW,022Cr17Ni12Mo2,1916T3038,ASME B16.11,RCC-M 2,QA1,"2""x3/4""",,个,,KG,
,CPC00369,异径承插管接头,CL3000,FO,SW,022Cr19Ni10,1916T3038,ASME B16.11,RCC-M 2,QA1,"2""x3/4""",,个,,KG,
,CPC00370,异径承插管接头,CL3000,FO,SW,20,1916T3037,ASME B16.11,RCC-M 2,QA1,"2""x3/4""",,个,,KG,
,CPC00371,异径承插管接头,CL6000,FO,SW,022Cr19Ni10,1916T3038,ASME B16.11,RCC-M 2,QA1,"2""x3/4""",,个,,KG,
,CPC00372,异径承插管接头,CL6000,FO,SW,P280GH,1916T3052,ASME B16.11,RCC-M 2,QA1,"2""x3/4""",,个,,KG,
,CPC00373,异径承插管接头,CL3000,FO,SW,022Cr17Ni12Mo2,1916T3038,ASME B16.11,RCC-M 3,QA2,"2""x3/4""",,个,,KG,
,CPC00374,异径承插管接头,CL3000,FO,SW,022Cr19Ni10,1916T3038,ASME B16.11,RCC-M 3,QA2,"2""x3/4""",,个,0.95,KG,
,CPC00375,异径承插管接头,CL3000,FO,SW,20,1916T3037,ASME B16.11,RCC-M 3,QA2,"2""x3/4""",,个,0.95,KG,
,CPC00376,异径承插管接头,CL3000,FO,SW,022Cr17Ni12Mo2,1916T3023,ASME B16.11,NA,QNCa,"2""x3/4""",,个,,KG,
,CPC00377,异径承插管接头,CL3000,FO,SW,022Cr19Ni10,1916T3023,ASME B16.11,NA,QNCa,"2""x3/4""",,个,1,KG,
,CPC00378,异径承插管接头,CL3000,FO,SW,20,1916T3025,ASME B16.11,NA,QNCa,"2""x3/4""",,个,0.9,KG,
,CPC00379,异径承插管接头,CL3000,FO,SW,022Cr17Ni12Mo2,1916T3038,ASME B16.11,RCC-M 2,QA1,"2""x1""",,个,,KG,
,CPC00380,异径承插管接头,CL3000,FO,SW,022Cr19Ni10,1916T3038,ASME B16.11,RCC-M 2,QA1,"2""x1""",,个,0.95,KG,
,CPC00381,异径承插管接头,CL3000,FO,SW,20,1916T3037,ASME B16.11,RCC-M 2,QA1,"2""x1""",,个,,KG,
,CPC00382,异径承插管接头,CL6000,FO,SW,022Cr19Ni10,1916T3038,ASME B16.11,RCC-M 2,QA1,"2""x1""",,个,1.65,KG,
,CPC00383,异径承插管接头,CL6000,FO,SW,P280GH,1916T3052,ASME B16.11,RCC-M 2,QA1,"2""x1""",,个,,KG,
,CPC00384,异径承插管接头,CL3000,FO,SW,022Cr17Ni12Mo2,1916T3038,ASME B16.11,RCC-M 3,QA2,"2""x1""",,个,,KG,
,CPC00385,异径承插管接头,CL3000,FO,SW,022Cr19Ni10,1916T3038,ASME B16.11,RCC-M 3,QA2,"2""x1""",,个,,KG,
,CPC00386,异径承插管接头,CL3000,FO,SW,20,1916T3037,ASME B16.11,RCC-M 3,QA2,"2""x1""",,个,0.95,KG,
,CPC00387,异径承插管接头,CL3000,FO,SW,022Cr17Ni12Mo2,1916T3023,ASME B16.11,NA,QNCa,"2""x1""",,个,,KG,
,CPC00388,异径承插管接头,CL3000,FO,SW,022Cr19Ni10,1916T3023,ASME B16.11,NA,QNCa,"2""x1""",,个,1,KG,
,CPC00389,异径承插管接头,CL3000,FO,SW,20,1916T3025,ASME B16.11,NA,QNCa,"2""x1""",,个,1.4,KG,
,CPC00401,异径承插管接头,CL3000,FO,SW,022Cr17Ni12Mo2,1916T3038,ASME B16.11,RCC-M 2,QA1,"2""x1-1/2""",,个,,KG,
,CPC00402,异径承插管接头,CL3000,FO,SW,022Cr19Ni10,1916T3038,ASME B16.11,RCC-M 2,QA1,"2""x1-1/2""",,个,,KG,
,CPC00403,异径承插管接头,CL3000,FO,SW,20,1916T3037,ASME B16.11,RCC-M 2,QA1,"2""x1-1/2""",,个,,KG,
,CPC00404,异径承插管接头,CL6000,FO,SW,022Cr19Ni10,1916T3038,ASME B16.11,RCC-M 2,QA1,"2""x1-1/2""",,个,,KG,
,CPC00405,异径承插管接头,CL6000,FO,SW,P280GH,1916T3052,ASME B16.11,RCC-M 2,QA1,"2""x1-1/2""",,个,,KG,
,CPC00406,异径承插管接头,CL3000,FO,SW,022Cr17Ni12Mo2,1916T3038,ASME B16.11,RCC-M 3,QA2,"2""x1-1/2""",,个,,KG,
,CPC00407,异径承插管接头,CL3000,FO,SW,022Cr19Ni10,1916T3038,ASME B16.11,RCC-M 3,QA2,"2""x1-1/2""",,个,0.95,KG,
,CPC00408,异径承插管接头,CL3000,FO,SW,20,1916T3037,ASME B16.11,RCC-M 3,QA2,"2""x1-1/2""",,个,0.95,KG,
,CPC00409,异径承插管接头,CL3000,FO,SW,022Cr17Ni12Mo2,1916T3023,ASME B16.11,NA,QNCa,"2""x1-1/2""",,个,,KG,
,CPC00410,异径承插管接头,CL3000,FO,SW,022Cr19Ni10,1916T3023,ASME B16.11,NA,QNCa,"2""x1-1/2""",,个,1,KG,
,CPC00411,异径承插管接头,CL3000,FO,SW,20,1916T3025,ASME B16.11,NA,QNCa,"2""x1-1/2""",,个,1.4,KG,
,CPC00412,双头承插管接头,CL6000,FO,SW,022Cr19Ni10,1916T3038,ASME B16.11,RCC-M 1,QA1,"1/4""",,个,0.07,KG,
,CPC00413,双头承插管接头,CL3000,FO,SW,022Cr19Ni10,1916T3038,ASME B16.11,RCC-M 2,QA1,"1/4""",,个,0.06,KG,
,CPC00414,双头承插管接头,CL3000,FO,SW,20,1916T3037,ASME B16.11,RCC-M 2,QA1,"1/4""",,个,0.06,KG,
,CPC00415,双头承插管接头,CL6000,FO,SW,022Cr19Ni10,1916T3038,ASME B16.11,RCC-M 2,QA1,"1/4""",,个,0.07,KG,
,CPC00416,双头承插管接头,CL6000,FO,SW,P280GH,1916T3052,ASME B16.11,RCC-M 2,QA1,"1/4""",,个,0.07,KG,
,CPC00417,双头承插管接头,CL3000,FO,SW,022Cr17Ni12Mo2,1916T3038,ASME B16.11,RCC-M 3,QA2,"1/4""",,个,0.06,KG,
,CPC00418,双头承插管接头,CL3000,FO,SW,022Cr19Ni10,1916T3038,ASME B16.11,RCC-M 3,QA2,"1/4""",,个,0.06,KG,
,CPC00419,双头承插管接头,CL3000,FO,SW,20,1916T3037,ASME B16.11,RCC-M 3,QA2,"1/4""",,个,0.06,KG,
,CPC00420,双头承插管接头,CL3000,FO,SW,022Cr17Ni12Mo2,1916T3023,ASME B16.11,NA,QNCa,"1/4""",,个,0.06,KG,
,CPC00421,双头承插管接头,CL3000,FO,SW,022Cr19Ni10,1916T3023,ASME B16.11,NA,QNCa,"1/4""",,个,0.06,KG,
,CPC00422,双头承插管接头,CL3000,FO,SW,20,1916T3025,ASME B16.11,NA,QNCa,"1/4""",,个,0.06,KG,
,CPC00423,双头承插管接头,CL6000,FO,SW,022Cr19Ni10,1916T3038,ASME B16.11,RCC-M 1,QA1,"3/8""",,个,0.1,KG,
,CPC00424,双头承插管接头,CL3000,FO,SW,022Cr19Ni10,1916T3038,ASME B16.11,RCC-M 2,QA1,"3/8""",,个,0.08,KG,
,CPC00425,双头承插管接头,CL3000,FO,SW,20,1916T3037,ASME B16.11,RCC-M 2,QA1,"3/8""",,个,0.08,KG,
,CPC00426,双头承插管接头,CL6000,FO,SW,022Cr19Ni10,1916T3038,ASME B16.11,RCC-M 2,QA1,"3/8""",,个,0.1,KG,
,CPC00427,双头承插管接头,CL6000,FO,SW,P280GH,1916T3052,ASME B16.11,RCC-M 2,QA1,"3/8""",,个,0.1,KG,
,CPC00428,双头承插管接头,CL3000,FO,SW,022Cr17Ni12Mo2,1916T3038,ASME B16.11,RCC-M 3,QA2,"3/8""",,个,0.08,KG,
,CPC00429,双头承插管接头,CL3000,FO,SW,022Cr19Ni10,1916T3038,ASME B16.11,RCC-M 3,QA2,"3/8""",,个,0.08,KG,
,CPC00430,双头承插管接头,CL3000,FO,SW,20,1916T3037,ASME B16.11,RCC-M 3,QA2,"3/8""",,个,0.08,KG,
,CPC00431,双头承插管接头,CL3000,FO,SW,022Cr17Ni12Mo2,1916T3023,ASME B16.11,NA,QNCa,"3/8""",,个,0.08,KG,
,CPC00432,双头承插管接头,CL3000,FO,SW,022Cr19Ni10,1916T3023,ASME B16.11,NA,QNCa,"3/8""",,个,0.08,KG,
,CPC00433,双头承插管接头,CL3000,FO,SW,20,1916T3025,ASME B16.11,NA,QNCa,"3/8""",,个,0.08,KG,
,CPC00434,双头承插管接头,CL6000,FO,SW,022Cr19Ni10,1916T3038,ASME B16.11,RCC-M 1,QA1,"1/2""",,个,0.16,KG,
,CPC00435,双头承插管接头,CL3000,FO,SW,022Cr19Ni10,1916T3038,ASME B16.11,RCC-M 2,QA1,"1/2""",,个,0.13,KG,
,CPC00436,双头承插管接头,CL3000,FO,SW,20,1916T3037,ASME B16.11,RCC-M 2,QA1,"1/2""",,个,0.13,KG,
,CPC00437,双头承插管接头,CL6000,FO,SW,022Cr19Ni10,1916T3038,ASME B16.11,RCC-M 2,QA1,"1/2""",,个,0.16,KG,
,CPC00438,双头承插管接头,CL6000,FO,SW,P280GH,1916T3052,ASME B16.11,RCC-M 2,QA1,"1/2""",,个,0.16,KG,
,CPC00439,双头承插管接头,CL3000,FO,SW,022Cr17Ni12Mo2,1916T3038,ASME B16.11,RCC-M 3,QA2,"1/2""",,个,0.13,KG,
,CPC00440,双头承插管接头,CL3000,FO,SW,022Cr19Ni10,1916T3038,ASME B16.11,RCC-M 3,QA2,"1/2""",,个,0.13,KG,
,CPC00441,双头承插管接头,CL3000,FO,SW,20,1916T3037,ASME B16.11,RCC-M 3,QA2,"1/2""",,个,0.13,KG,
,CPC00442,双头承插管接头,CL3000,FO,SW,022Cr17Ni12Mo2,1916T3023,ASME B16.11,NA,QNCa,"1/2""",,个,0.13,KG,
,CPC00443,双头承插管接头,CL3000,FO,SW,022Cr19Ni10,1916T3023,ASME B16.11,NA,QNCa,"1/2""",,个,0.13,KG,
,CPC00444,双头承插管接头,CL3000,FO,SW,20,1916T3025,ASME B16.11,NA,QNCa,"1/2""",,个,0.2,KG,
,CPC00445,双头承插管接头,CL6000,FO,SW,022Cr19Ni10,1916T3038,ASME B16.11,RCC-M 1,QA1,"3/4""",,个,0.28,KG,
,CPC00446,双头承插管接头,CL3000,FO,SW,022Cr19Ni10,1916T3038,ASME B16.11,RCC-M 2,QA1,"3/4""",,个,0.2,KG,
,CPC00447,双头承插管接头,CL3000,FO,SW,20,1916T3037,ASME B16.11,RCC-M 2,QA1,"3/4""",,个,0.2,KG,
,CPC00448,双头承插管接头,CL6000,FO,SW,022Cr19Ni10,1916T3038,ASME B16.11,RCC-M 2,QA1,"3/4""",,个,0.28,KG,
,CPC00449,双头承插管接头,CL6000,FO,SW,P280GH,1916T3052,ASME B16.11,RCC-M 2,QA1,"3/4""",,个,0.28,KG,
,CPC00450,双头承插管接头,CL3000,FO,SW,022Cr17Ni12Mo2,1916T3038,ASME B16.11,RCC-M 3,QA2,"3/4""",,个,0.2,KG,
,CPC00451,双头承插管接头,CL3000,FO,SW,022Cr19Ni10,1916T3038,ASME B16.11,RCC-M 3,QA2,"3/4""",,个,0.2,KG,
,CPC00452,双头承插管接头,CL3000,FO,SW,20,1916T3037,ASME B16.11,RCC-M 3,QA2,"3/4""",,个,0.2,KG,
,CPC00453,双头承插管接头,CL3000,FO,SW,022Cr17Ni12Mo2,1916T3023,ASME B16.11,NA,QNCa,"3/4""",,个,0.2,KG,
,CPC00454,双头承插管接头,CL3000,FO,SW,022Cr19Ni10,1916T3023,ASME B16.11,NA,QNCa,"3/4""",,个,0.2,KG,
,CPC00455,双头承插管接头,CL3000,FO,SW,20,1916T3025,ASME B16.11,NA,QNCa,"3/4""",,个,0.2,KG,
,CPC00456,双头承插管接头,CL6000,FO,SW,022Cr19Ni10,1916T3038,ASME B16.11,RCC-M 1,QA1,"1""",,个,0.48,KG,
,CPC00457,双头承插管接头,CL3000,FO,SW,022Cr19Ni10,1916T3038,ASME B16.11,RCC-M 2,QA1,"1""",,个,0.28,KG,
,CPC00458,双头承插管接头,CL3000,FO,SW,20,1916T3037,ASME B16.11,RCC-M 2,QA1,"1""",,个,0.28,KG,
,CPC00459,双头承插管接头,CL6000,FO,SW,022Cr19Ni10,1916T3038,ASME B16.11,RCC-M 2,QA1,"1""",,个,0.48,KG,
,CPC00460,双头承插管接头,CL6000,FO,SW,P280GH,1916T3052,ASME B16.11,RCC-M 2,QA1,"1""",,个,0.48,KG,
,CPC00461,双头承插管接头,CL3000,FO,SW,022Cr17Ni12Mo2,1916T3038,ASME B16.11,RCC-M 3,QA2,"1""",,个,0.28,KG,
,CPC00462,双头承插管接头,CL3000,FO,SW,022Cr19Ni10,1916T3038,ASME B16.11,RCC-M 3,QA2,"1""",,个,0.28,KG,
,CPC00463,双头承插管接头,CL3000,FO,SW,20,1916T3037,ASME B16.11,RCC-M 3,QA2,"1""",,个,0.28,KG,
,CPC00464,双头承插管接头,CL3000,FO,SW,022Cr17Ni12Mo2,1916T3023,ASME B16.11,NA,QNCa,"1""",,个,0.28,KG,
,CPC00465,双头承插管接头,CL3000,FO,SW,022Cr19Ni10,1916T3023,ASME B16.11,NA,QNCa,"1""",,个,0.28,KG,
,CPC00466,双头承插管接头,CL3000,FO,SW,20,1916T3025,ASME B16.11,NA,QNCa,"1""",,个,0.3,KG,
,CPC00467,双头承插管接头,CL3000,FO,SW,022Cr19Ni10,1916T3038,ASME B16.11,RCC-M 2,QA1,"1-1/4""",,个,0.48,KG,
,CPC00468,双头承插管接头,CL3000,FO,SW,20,1916T3037,ASME B16.11,RCC-M 2,QA1,"1-1/4""",,个,0.48,KG,
,CPC00469,双头承插管接头,CL6000,FO,SW,022Cr19Ni10,1916T3038,ASME B16.11,RCC-M 2,QA1,"1-1/4""",,个,0.65,KG,
,CPC00470,双头承插管接头,CL6000,FO,SW,P280GH,1916T3052,ASME B16.11,RCC-M 2,QA1,"1-1/4""",,个,0.65,KG,
,CPC00471,双头承插管接头,CL3000,FO,SW,022Cr17Ni12Mo2,1916T3038,ASME B16.11,RCC-M 3,QA2,"1-1/4""",,个,0.48,KG,
,CPC00472,双头承插管接头,CL3000,FO,SW,022Cr19Ni10,1916T3038,ASME B16.11,RCC-M 3,QA2,"1-1/4""",,个,0.48,KG,
,CPC00473,双头承插管接头,CL3000,FO,SW,20,1916T3037,ASME B16.11,RCC-M 3,QA2,"1-1/4""",,个,0.48,KG,
,CPC00474,双头承插管接头,CL3000,FO,SW,022Cr17Ni12Mo2,1916T3023,ASME B16.11,NA,QNCa,"1-1/4""",,个,0.48,KG,
,CPC00475,双头承插管接头,CL3000,FO,SW,022Cr19Ni10,1916T3023,ASME B16.11,NA,QNCa,"1-1/4""",,个,0.48,KG,
,CPC00476,双头承插管接头,CL3000,FO,SW,20,1916T3025,ASME B16.11,NA,QNCa,"1-1/4""",,个,0.48,KG,
,CPC00477,双头承插管接头,CL3000,FO,SW,022Cr19Ni10,1916T3038,ASME B16.11,RCC-M 2,QA1,"1-1/2""",,个,0.52,KG,
,CPC00478,双头承插管接头,CL3000,FO,SW,20,1916T3037,ASME B16.11,RCC-M 2,QA1,"1-1/2""",,个,0.52,KG,
,CPC00479,双头承插管接头,CL6000,FO,SW,022Cr19Ni10,1916T3038,ASME B16.11,RCC-M 2,QA1,"1-1/2""",,个,0.84,KG,
,CPC00480,双头承插管接头,CL6000,FO,SW,P280GH,1916T3052,ASME B16.11,RCC-M 2,QA1,"1-1/2""",,个,0.84,KG,
,CPC00481,双头承插管接头,CL3000,FO,SW,022Cr17Ni12Mo2,1916T3038,ASME B16.11,RCC-M 3,QA2,"1-1/2""",,个,0.52,KG,
,CPC00482,双头承插管接头,CL3000,FO,SW,022Cr19Ni10,1916T3038,ASME B16.11,RCC-M 3,QA2,"1-1/2""",,个,0.52,KG,
,CPC00483,双头承插管接头,CL3000,FO,SW,20,1916T3037,ASME B16.11,RCC-M 3,QA2,"1-1/2""",,个,0.52,KG,
,CPC00484,双头承插管接头,CL3000,FO,SW,022Cr17Ni12Mo2,1916T3023,ASME B16.11,NA,QNCa,"1-1/2""",,个,0.52,KG,
,CPC00485,双头承插管接头,CL3000,FO,SW,022Cr19Ni10,1916T3023,ASME B16.11,NA,QNCa,"1-1/2""",,个,0.52,KG,
,CPC00486,双头承插管接头,CL3000,FO,SW,20,1916T3025,ASME B16.11,NA,QNCa,"1-1/2""",,个,0.6,KG,
,CPC00487,双头承插管接头,CL3000,FO,SW,022Cr19Ni10,1916T3038,ASME B16.11,RCC-M 2,QA1,"2""",,个,0.95,KG,
,CPC00488,双头承插管接头,CL3000,FO,SW,20,1916T3037,ASME B16.11,RCC-M 2,QA1,"2""",,个,0.95,KG,
,CPC00489,双头承插管接头,CL6000,FO,SW,022Cr19Ni10,1916T3038,ASME B16.11,RCC-M 2,QA1,"2""",,个,0.95,KG,
,CPC00490,双头承插管接头,CL6000,FO,SW,P280GH,1916T3052,ASME B16.11,RCC-M 2,QA1,"2""",,个,1.65,KG,
,CPC00491,双头承插管接头,CL3000,FO,SW,022Cr17Ni12Mo2,1916T3038,ASME B16.11,RCC-M 3,QA2,"2""",,个,0.95,KG,
,CPC00492,双头承插管接头,CL3000,FO,SW,022Cr19Ni10,1916T3038,ASME B16.11,RCC-M 3,QA2,"2""",,个,0.95,KG,
,CPC00493,双头承插管接头,CL3000,FO,SW,20,1916T3037,ASME B16.11,RCC-M 3,QA2,"2""",,个,0.95,KG,
,CPC00494,双头承插管接头,CL3000,FO,SW,022Cr17Ni12Mo2,1916T3023,ASME B16.11,NA,QNCa,"2""",,个,0.95,KG,
,CPC00495,双头承插管接头,CL3000,FO,SW,022Cr19Ni10,1916T3023,ASME B16.11,NA,QNCa,"2""",,个,0.95,KG,
,CPC00496,双头承插管接头,CL3000,FO,SW,20,1916T3025,ASME B16.11,NA,QNCa,"2""",,个,1,KG,
,CPC00497,异径套筒,CL6000,FO,MF,022Cr19Ni10,1916T3038,MSS SP79,RCC-M 1,QA1,"3/8""x1/4""",,个,,KG,
,CPC00498,异径套筒,CL3000,FO,MF,022Cr19Ni10,1916T3038,MSS SP79,RCC-M 2,QA1,"3/8""x1/4""",,个,,KG,
,CPC00499,异径套筒,CL3000,FO,MF,20,1916T3037,MSS SP79,RCC-M 2,QA1,"3/8""x1/4""",,个,,KG,
,CPC00500,异径套筒,CL6000,FO,MF,022Cr19Ni10,1916T3038,MSS SP79,RCC-M 2,QA1,"3/8""x1/4""",,个,,KG,
,CPC00501,异径套筒,CL6000,FO,MF,P280GH,1916T3052,MSS SP79,RCC-M 2,QA1,"3/8""x1/4""",,个,,KG,
,CPC00502,异径套筒,CL3000,FO,MF,022Cr17Ni12Mo2,1916T3038,MSS SP79,RCC-M 3,QA2,"3/8""x1/4""",,个,,KG,
,CPC00503,异径套筒,CL3000,FO,MF,022Cr19Ni10,1916T3038,MSS SP79,RCC-M 3,QA2,"3/8""x1/4""",,个,,KG,
,CPC00504,异径套筒,CL3000,FO,MF,20,1916T3037,MSS SP79,RCC-M 3,QA2,"3/8""x1/4""",,个,,KG,
,CPC00505,异径套筒,CL3000,FO,MF,022Cr17Ni12Mo2,1916T3023,MSS SP79,NA,QNCa,"3/8""x1/4""",,个,,KG,
,CPC00506,异径套筒,CL3000,FO,MF,022Cr19Ni10,1916T3023,MSS SP79,NA,QNCa,"3/8""x1/4""",,个,,KG,
,CPC00507,异径套筒,CL3000,FO,MF,20,1916T3025,MSS SP79,NA,QNCa,"3/8""x1/4""",,个,,KG,
,CPC00508,异径套筒,CL6000,FO,MF,022Cr19Ni10,1916T3038,MSS SP79,RCC-M 1,QA1,"1/2""x1/4""",,个,,KG,
,CPC00509,异径套筒,CL3000,FO,MF,022Cr19Ni10,1916T3038,MSS SP79,RCC-M 2,QA1,"1/2""x1/4""",,个,0.2,KG,
,CPC00510,异径套筒,CL3000,FO,MF,20,1916T3037,MSS SP79,RCC-M 2,QA1,"1/2""x1/4""",,个,,KG,
,CPC00511,异径套筒,CL6000,FO,MF,022Cr19Ni10,1916T3038,MSS SP79,RCC-M 2,QA1,"1/2""x1/4""",,个,0.2,KG,
,CPC00512,异径套筒,CL6000,FO,MF,P280GH,1916T3052,MSS SP79,RCC-M 2,QA1,"1/2""x1/4""",,个,,KG,
,CPC00513,异径套筒,CL3000,FO,MF,022Cr17Ni12Mo2,1916T3038,MSS SP79,RCC-M 3,QA2,"1/2""x1/4""",,个,,KG,
,CPC00514,异径套筒,CL3000,FO,MF,022Cr19Ni10,1916T3038,MSS SP79,RCC-M 3,QA2,"1/2""x1/4""",,个,0.2,KG,
,CPC00515,异径套筒,CL3000,FO,MF,20,1916T3037,MSS SP79,RCC-M 3,QA2,"1/2""x1/4""",,个,0.2,KG,
,CPC00516,异径套筒,CL3000,FO,MF,022Cr17Ni12Mo2,1916T3023,MSS SP79,NA,QNCa,"1/2""x1/4""",,个,,KG,
,CPC00517,异径套筒,CL3000,FO,MF,022Cr19Ni10,1916T3023,MSS SP79,NA,QNCa,"1/2""x1/4""",,个,0.1,KG,
,CPC00518,异径套筒,CL3000,FO,MF,20,1916T3025,MSS SP79,NA,QNCa,"1/2""x1/4""",,个,0.1,KG,
,CPC00519,异径套筒,CL6000,FO,MF,022Cr19Ni10,1916T3038,MSS SP79,RCC-M 1,QA1,"1/2""x3/8""",,个,,KG,
,CPC00520,异径套筒,CL3000,FO,MF,022Cr19Ni10,1916T3038,MSS SP79,RCC-M 2,QA1,"1/2""x3/8""",,个,,KG,
,CPC00521,异径套筒,CL3000,FO,MF,20,1916T3037,MSS SP79,RCC-M 2,QA1,"1/2""x3/8""",,个,,KG,
,CPC00522,异径套筒,CL6000,FO,MF,022Cr19Ni10,1916T3038,MSS SP79,RCC-M 2,QA1,"1/2""x3/8""",,个,,KG,
,CPC00523,异径套筒,CL6000,FO,MF,P280GH,1916T3052,MSS SP79,RCC-M 2,QA1,"1/2""x3/8""",,个,,KG,
,CPC00524,异径套筒,CL3000,FO,MF,022Cr17Ni12Mo2,1916T3038,MSS SP79,RCC-M 3,QA2,"1/2""x3/8""",,个,,KG,
,CPC00525,异径套筒,CL3000,FO,MF,022Cr19Ni10,1916T3038,MSS SP79,RCC-M 3,QA2,"1/2""x3/8""",,个,,KG,
,CPC00526,异径套筒,CL3000,FO,MF,20,1916T3037,MSS SP79,RCC-M 3,QA2,"1/2""x3/8""",,个,0.2,KG,
,CPC00527,异径套筒,CL3000,FO,MF,022Cr17Ni12Mo2,1916T3023,MSS SP79,NA,QNCa,"1/2""x3/8""",,个,,KG,
,CPC00528,异径套筒,CL3000,FO,MF,022Cr19Ni10,1916T3023,MSS SP79,NA,QNCa,"1/2""x3/8""",,个,0.1,KG,
,CPC00529,异径套筒,CL3000,FO,MF,20,1916T3025,MSS SP79,NA,QNCa,"1/2""x3/8""",,个,0.1,KG,
,CPC00530,异径套筒,CL6000,FO,MF,022Cr19Ni10,1916T3038,MSS SP79,RCC-M 1,QA1,"3/4""x3/8""",,个,,KG,
,CPC00531,异径套筒,CL6000,FO,MF,022Cr19Ni10,1916T3038,MSS SP79,RCC-M 2,QA1,"3/4""x3/8""",,个,,KG,
,CPC00532,异径套筒,CL6000,FO,MF,P280GH,1916T3052,MSS SP79,RCC-M 2,QA1,"3/4""x3/8""",,个,,KG,
,CPC00533,异径套筒,CL6000,FO,MF,022Cr19Ni10,1916T3038,MSS SP79,RCC-M 1,QA1,"3/4""x1/2""",,个,,KG,
,CPC00534,异径套筒,CL3000,FO,MF,022Cr19Ni10,1916T3038,MSS SP79,RCC-M 2,QA1,"3/4""x1/2""",,个,0.2,KG,
,CPC00535,异径套筒,CL3000,FO,MF,20,1916T3037,MSS SP79,RCC-M 2,QA1,"3/4""x1/2""",,个,,KG,
,CPC00536,异径套筒,CL6000,FO,MF,022Cr19Ni10,1916T3038,MSS SP79,RCC-M 2,QA1,"3/4""x1/2""",,个,0.2,KG,
,CPC00537,异径套筒,CL6000,FO,MF,P280GH,1916T3052,MSS SP79,RCC-M 2,QA1,"3/4""x1/2""",,个,,KG,
,CPC00538,异径套筒,CL3000,FO,MF,022Cr17Ni12Mo2,1916T3038,MSS SP79,RCC-M 3,QA2,"3/4""x1/2""",,个,,KG,
,CPC00539,异径套筒,CL3000,FO,MF,022Cr19Ni10,1916T3038,MSS SP79,RCC-M 3,QA2,"3/4""x1/2""",,个,0.2,KG,
,CPC00540,异径套筒,CL3000,FO,MF,20,1916T3037,MSS SP79,RCC-M 3,QA2,"3/4""x1/2""",,个,0.2,KG,
,CPC00541,异径套筒,CL3000,FO,MF,022Cr17Ni12Mo2,1916T3023,MSS SP79,NA,QNCa,"3/4""x1/2""",,个,,KG,
,CPC00542,异径套筒,CL3000,FO,MF,022Cr19Ni10,1916T3023,MSS SP79,NA,QNCa,"3/4""x1/2""",,个,0.2,KG,
,CPC00543,异径套筒,CL3000,FO,MF,20,1916T3025,MSS SP79,NA,QNCa,"3/4""x1/2""",,个,0.1,KG,
,CPC00544,异径套筒,CL6000,FO,MF,022Cr19Ni10,1916T3038,MSS SP79,RCC-M 1,QA1,"1""x1/2""",,个,,KG,
,CPC00545,异径套筒,CL6000,FO,MF,022Cr19Ni10,1916T3038,MSS SP79,RCC-M 2,QA1,"1""x1/2""",,个,0.4,KG,
,CPC00546,异径套筒,CL6000,FO,MF,P280GH,1916T3052,MSS SP79,RCC-M 2,QA1,"1""x1/2""",,个,,KG,
,CPC00547,异径套筒,CL6000,FO,MF,022Cr19Ni10,1916T3038,MSS SP79,RCC-M 1,QA1,"1""x3/4""",,个,0.4,KG,
,CPC00548,异径套筒,CL3000,FO,MF,022Cr19Ni10,1916T3038,MSS SP79,RCC-M 2,QA1,"1""x3/4""",,个,,KG,
,CPC00549,异径套筒,CL3000,FO,MF,20,1916T3037,MSS SP79,RCC-M 2,QA1,"1""x3/4""",,个,0.2,KG,
,CPC00550,异径套筒,CL6000,FO,MF,022Cr19Ni10,1916T3038,MSS SP79,RCC-M 2,QA1,"1""x3/4""",,个,0.4,KG,
,CPC00551,异径套筒,CL6000,FO,MF,P280GH,1916T3052,MSS SP79,RCC-M 2,QA1,"1""x3/4""",,个,,KG,
,CPC00552,异径套筒,CL3000,FO,MF,022Cr17Ni12Mo2,1916T3038,MSS SP79,RCC-M 3,QA2,"1""x3/4""",,个,,KG,
,CPC00553,异径套筒,CL3000,FO,MF,022Cr19Ni10,1916T3038,MSS SP79,RCC-M 3,QA2,"1""x3/4""",,个,0.4,KG,
,CPC00554,异径套筒,CL3000,FO,MF,20,1916T3037,MSS SP79,RCC-M 3,QA2,"1""x3/4""",,个,0.2,KG,
,CPC00555,异径套筒,CL3000,FO,MF,022Cr17Ni12Mo2,1916T3023,MSS SP79,NA,QNCa,"1""x3/4""",,个,0.2,KG,
,CPC00556,异径套筒,CL3000,FO,MF,022Cr19Ni10,1916T3023,MSS SP79,NA,QNCa,"1""x3/4""",,个,0.2,KG,
,CPC00557,异径套筒,CL3000,FO,MF,20,1916T3025,MSS SP79,NA,QNCa,"1""x3/4""",,个,0.2,KG,
,CPC00558,异径套筒,CL3000,FO,MF,022Cr19Ni10,1916T3038,MSS SP79,RCC-M 2,QA1,"1-1/4""x1""",,个,,KG,
,CPC00559,异径套筒,CL3000,FO,MF,20,1916T3037,MSS SP79,RCC-M 2,QA1,"1-1/4""x1""",,个,,KG,
,CPC00560,异径套筒,CL6000,FO,MF,022Cr19Ni10,1916T3038,MSS SP79,RCC-M 2,QA1,"1-1/4""x1""",,个,,KG,
,CPC00561,异径套筒,CL6000,FO,MF,P280GH,1916T3052,MSS SP79,RCC-M 2,QA1,"1-1/4""x1""",,个,,KG,
,CPC00562,异径套筒,CL3000,FO,MF,022Cr17Ni12Mo2,1916T3038,MSS SP79,RCC-M 3,QA2,"1-1/4""x1""",,个,,KG,
,CPC00563,异径套筒,CL3000,FO,MF,022Cr19Ni10,1916T3038,MSS SP79,RCC-M 3,QA2,"1-1/4""x1""",,个,0.5,KG,
,CPC00564,异径套筒,CL3000,FO,MF,20,1916T3037,MSS SP79,RCC-M 3,QA2,"1-1/4""x1""",,个,,KG,
,CPC00565,异径套筒,CL3000,FO,MF,022Cr17Ni12Mo2,1916T3023,MSS SP79,NA,QNCa,"1-1/4""x1""",,个,,KG,
,CPC00566,异径套筒,CL3000,FO,MF,022Cr19Ni10,1916T3023,MSS SP79,NA,QNCa,"1-1/4""x1""",,个,,KG,
,CPC00567,异径套筒,CL3000,FO,MF,20,1916T3025,MSS SP79,NA,QNCa,"1-1/4""x1""",,个,,KG,
,CPC00568,异径套筒,CL6000,FO,MF,022Cr19Ni10,1916T3038,MSS SP79,RCC-M 2,QA1,"1-1/2""x1""",,个,0.5,KG,
,CPC00569,异径套筒,CL6000,FO,MF,P280GH,1916T3052,MSS SP79,RCC-M 2,QA1,"1-1/2""x1""",,个,,KG,
,CPC00570,异径套筒,CL3000,FO,MF,022Cr19Ni10,1916T3038,MSS SP79,RCC-M 2,QA1,"1-1/2""x1-1/4""",,个,,KG,
,CPC00571,异径套筒,CL3000,FO,MF,20,1916T3037,MSS SP79,RCC-M 2,QA1,"1-1/2""x1-1/4""",,个,,KG,
,CPC00572,异径套筒,CL6000,FO,MF,022Cr19Ni10,1916T3038,MSS SP79,RCC-M 2,QA1,"1-1/2""x1-1/4""",,个,,KG,
,CPC00573,异径套筒,CL6000,FO,MF,P280GH,1916T3052,MSS SP79,RCC-M 2,QA1,"1-1/2""x1-1/4""",,个,,KG,
,CPC00574,异径套筒,CL3000,FO,MF,022Cr17Ni12Mo2,1916T3038,MSS SP79,RCC-M 3,QA2,"1-1/2""x1-1/4""",,个,,KG,
,CPC00575,异径套筒,CL3000,FO,MF,022Cr19Ni10,1916T3038,MSS SP79,RCC-M 3,QA2,"1-1/2""x1-1/4""",,个,,KG,
,CPC00576,异径套筒,CL3000,FO,MF,20,1916T3037,MSS SP79,RCC-M 3,QA2,"1-1/2""x1-1/4""",,个,,KG,
,CPC00577,异径套筒,CL3000,FO,MF,022Cr17Ni12Mo2,1916T3023,MSS SP79,NA,QNCa,"1-1/2""x1-1/4""",,个,,KG,
,CPC00578,异径套筒,CL3000,FO,MF,022Cr19Ni10,1916T3023,MSS SP79,NA,QNCa,"1-1/2""x1-1/4""",,个,,KG,
,CPC00579,异径套筒,CL3000,FO,MF,20,1916T3025,MSS SP79,NA,QNCa,"1-1/2""x1-1/4""",,个,0.4,KG,
,CPC00580,异径套筒,CL3000,FO,MF,022Cr19Ni10,1916T3038,MSS SP79,RCC-M 2,QA1,"2""x1-1/2""",,个,0.6,KG,
,CPC00581,异径套筒,CL3000,FO,MF,20,1916T3037,MSS SP79,RCC-M 2,QA1,"2""x1-1/2""",,个,,KG,
,CPC00582,异径套筒,CL6000,FO,MF,022Cr19Ni10,1916T3038,MSS SP79,RCC-M 2,QA1,"2""x1-1/2""",,个,,KG,
,CPC00583,异径套筒,CL6000,FO,MF,P280GH,1916T3052,MSS SP79,RCC-M 2,QA1,"2""x1-1/2""",,个,0.6,KG,
,CPC00584,异径套筒,CL3000,FO,MF,022Cr17Ni12Mo2,1916T3038,MSS SP79,RCC-M 3,QA2,"2""x1-1/2""",,个,,KG,
,CPC00585,异径套筒,CL3000,FO,MF,022Cr19Ni10,1916T3038,MSS SP79,RCC-M 3,QA2,"2""x1-1/2""",,个,0.6,KG,
,CPC00586,异径套筒,CL3000,FO,MF,20,1916T3037,MSS SP79,RCC-M 3,QA2,"2""x1-1/2""",,个,0.6,KG,
,CPC00587,异径套筒,CL3000,FO,MF,022Cr17Ni12Mo2,1916T3023,MSS SP79,NA,QNCa,"2""x1-1/2""",,个,,KG,
,CPC00588,异径套筒,CL3000,FO,MF,022Cr19Ni10,1916T3023,MSS SP79,NA,QNCa,"2""x1-1/2""",,个,0.7,KG,
,CPC00589,异径套筒,CL3000,FO,MF,20,1916T3025,MSS SP79,NA,QNCa,"2""x1-1/2""",,个,0.5,KG,
,CPC00590,异径套筒,CL6000,FO,MF,022Cr19Ni10,1916T3038,MSS SP79,RCC-M 1,QA1,"3/4""x1/4""",,个,,KG,
,CPC00591,异径套筒,CL3000,FO,MF,022Cr19Ni10,1916T3038,MSS SP79,RCC-M 2,QA1,"3/4""x1/4""",,个,,KG,
,CPC00592,异径套筒,CL3000,FO,MF,20,1916T3037,MSS SP79,RCC-M 2,QA1,"3/4""x1/4""",,个,,KG,
,CPC00593,异径套筒,CL6000,FO,MF,022Cr19Ni10,1916T3038,MSS SP79,RCC-M 2,QA1,"3/4""x1/4""",,个,0.2,KG,
,CPC00594,异径套筒,CL6000,FO,MF,P280GH,1916T3052,MSS SP79,RCC-M 2,QA1,"3/4""x1/4""",,个,,KG,
,CPC00595,异径套筒,CL3000,FO,MF,022Cr17Ni12Mo2,1916T3038,MSS SP79,RCC-M 3,QA2,"3/4""x1/4""",,个,,KG,
,CPC00596,异径套筒,CL3000,FO,MF,022Cr19Ni10,1916T3038,MSS SP79,RCC-M 3,QA2,"3/4""x1/4""",,个,0.2,KG,
,CPC00597,异径套筒,CL3000,FO,MF,20,1916T3037,MSS SP79,RCC-M 3,QA2,"3/4""x1/4""",,个,0.2,KG,
,CPC00598,异径套筒,CL3000,FO,MF,022Cr17Ni12Mo2,1916T3023,MSS SP79,NA,QNCa,"3/4""x1/4""",,个,,KG,
,CPC00599,异径套筒,CL3000,FO,MF,022Cr19Ni10,1916T3023,MSS SP79,NA,QNCa,"3/4""x1/4""",,个,0.2,KG,
,CPC00600,异径套筒,CL3000,FO,MF,20,1916T3025,MSS SP79,NA,QNCa,"3/4""x1/4""",,个,,KG,
,CPC00601,异径套筒,CL3000,FO,MF,022Cr19Ni10,1916T3038,MSS SP79,RCC-M 2,QA1,"3/4""x3/8""",,个,,KG,
,CPC00602,异径套筒,CL3000,FO,MF,20,1916T3037,MSS SP79,RCC-M 2,QA1,"3/4""x3/8""",,个,,KG,
,CPC00603,异径套筒,CL3000,FO,MF,022Cr17Ni12Mo2,1916T3038,MSS SP79,RCC-M 3,QA2,"3/4""x3/8""",,个,,KG,
,CPC00604,异径套筒,CL3000,FO,MF,022Cr19Ni10,1916T3038,MSS SP79,RCC-M 3,QA2,"3/4""x3/8""",,个,,KG,
,CPC00605,异径套筒,CL3000,FO,MF,20,1916T3037,MSS SP79,RCC-M 3,QA2,"3/4""x3/8""",,个,,KG,
,CPC00606,异径套筒,CL3000,FO,MF,022Cr17Ni12Mo2,1916T3023,MSS SP79,NA,QNCa,"3/4""x3/8""",,个,,KG,
,CPC00607,异径套筒,CL3000,FO,MF,022Cr19Ni10,1916T3023,MSS SP79,NA,QNCa,"3/4""x3/8""",,个,,KG,
,CPC00608,异径套筒,CL3000,FO,MF,20,1916T3025,MSS SP79,NA,QNCa,"3/4""x3/8""",,个,,KG,
,CPC00609,异径套筒,CL6000,FO,MF,022Cr19Ni10,1916T3038,MSS SP79,RCC-M 1,QA1,"1""x1/4""",,个,,KG,
,CPC00610,异径套筒,CL3000,FO,MF,022Cr19Ni10,1916T3038,MSS SP79,RCC-M 2,QA1,"1""x1/4""",,个,,KG,
,CPC00611,异径套筒,CL3000,FO,MF,20,1916T3037,MSS SP79,RCC-M 2,QA1,"1""x1/4""",,个,,KG,
,CPC00612,异径套筒,CL6000,FO,MF,022Cr19Ni10,1916T3038,MSS SP79,RCC-M 2,QA1,"1""x1/4""",,个,0.4,KG,
,CPC00613,异径套筒,CL6000,FO,MF,P280GH,1916T3052,MSS SP79,RCC-M 2,QA1,"1""x1/4""",,个,,KG,
,CPC00614,异径套筒,CL3000,FO,MF,022Cr17Ni12Mo2,1916T3038,MSS SP79,RCC-M 3,QA2,"1""x1/4""",,个,,KG,
,CPC00615,异径套筒,CL3000,FO,MF,022Cr19Ni10,1916T3038,MSS SP79,RCC-M 3,QA2,"1""x1/4""",,个,0.4,KG,
,CPC00616,异径套筒,CL3000,FO,MF,20,1916T3037,MSS SP79,RCC-M 3,QA2,"1""x1/4""",,个,0.2,KG,
,CPC00617,异径套筒,CL3000,FO,MF,022Cr17Ni12Mo2,1916T3023,MSS SP79,NA,QNCa,"1""x1/4""",,个,,KG,
,CPC00618,异径套筒,CL3000,FO,MF,022Cr19Ni10,1916T3023,MSS SP79,NA,QNCa,"1""x1/4""",,个,0.2,KG,
,CPC00619,异径套筒,CL3000,FO,MF,20,1916T3025,MSS SP79,NA,QNCa,"1""x1/4""",,个,0.2,KG,
,CPC00620,异径套筒,CL6000,FO,MF,022Cr19Ni10,1916T3038,MSS SP79,RCC-M 1,QA1,"1""x3/8""",,个,,KG,
,CPC00621,异径套筒,CL3000,FO,MF,022Cr19Ni10,1916T3038,MSS SP79,RCC-M 2,QA1,"1""x3/8""",,个,,KG,
,CPC00622,异径套筒,CL3000,FO,MF,20,1916T3037,MSS SP79,RCC-M 2,QA1,"1""x3/8""",,个,,KG,
,CPC00623,异径套筒,CL6000,FO,MF,022Cr19Ni10,1916T3038,MSS SP79,RCC-M 2,QA1,"1""x3/8""",,个,,KG,
,CPC00624,异径套筒,CL6000,FO,MF,P280GH,1916T3052,MSS SP79,RCC-M 2,QA1,"1""x3/8""",,个,0.4,KG,
,CPC00625,异径套筒,CL3000,FO,MF,022Cr17Ni12Mo2,1916T3038,MSS SP79,RCC-M 3,QA2,"1""x3/8""",,个,,KG,
,CPC00626,异径套筒,CL3000,FO,MF,022Cr19Ni10,1916T3038,MSS SP79,RCC-M 3,QA2,"1""x3/8""",,个,,KG,
,CPC00627,异径套筒,CL3000,FO,MF,20,1916T3037,MSS SP79,RCC-M 3,QA2,"1""x3/8""",,个,,KG,
,CPC00628,异径套筒,CL3000,FO,MF,022Cr17Ni12Mo2,1916T3023,MSS SP79,NA,QNCa,"1""x3/8""",,个,,KG,
,CPC00629,异径套筒,CL3000,FO,MF,022Cr19Ni10,1916T3023,MSS SP79,NA,QNCa,"1""x3/8""",,个,,KG,
,CPC00630,异径套筒,CL3000,FO,MF,20,1916T3025,MSS SP79,NA,QNCa,"1""x3/8""",,个,,KG,
,CPC00631,异径套筒,CL3000,FO,MF,022Cr19Ni10,1916T3038,MSS SP79,RCC-M 2,QA1,"1""x1/2""",,个,0.4,KG,
,CPC00632,异径套筒,CL3000,FO,MF,20,1916T3037,MSS SP79,RCC-M 2,QA1,"1""x1/2""",,个,0.2,KG,
,CPC00633,异径套筒,CL3000,FO,MF,022Cr17Ni12Mo2,1916T3038,MSS SP79,RCC-M 3,QA2,"1""x1/2""",,个,,KG,
,CPC00634,异径套筒,CL3000,FO,MF,022Cr19Ni10,1916T3038,MSS SP79,RCC-M 3,QA2,"1""x1/2""",,个,0.4,KG,
,CPC00635,异径套筒,CL3000,FO,MF,20,1916T3037,MSS SP79,RCC-M 3,QA2,"1""x1/2""",,个,0.2,KG,
,CPC00636,异径套筒,CL3000,FO,MF,022Cr17Ni12Mo2,1916T3023,MSS SP79,NA,QNCa,"1""x1/2""",,个,0.2,KG,
,CPC00637,异径套筒,CL3000,FO,MF,022Cr19Ni10,1916T3023,MSS SP79,NA,QNCa,"1""x1/2""",,个,0.2,KG,
,CPC00638,异径套筒,CL3000,FO,MF,20,1916T3025,MSS SP79,NA,QNCa,"1""x1/2""",,个,0.3,KG,
,CPC00639,异径套筒,CL3000,FO,MF,022Cr19Ni10,1916T3038,MSS SP79,RCC-M 2,QA1,"1-1/4""x1/4""",,个,,KG,
,CPC00640,异径套筒,CL3000,FO,MF,20,1916T3037,MSS SP79,RCC-M 2,QA1,"1-1/4""x1/4""",,个,,KG,
,CPC00641,异径套筒,CL6000,FO,MF,022Cr19Ni10,1916T3038,MSS SP79,RCC-M 2,QA1,"1-1/4""x1/4""",,个,,KG,
,CPC00642,异径套筒,CL6000,FO,MF,P280GH,1916T3052,MSS SP79,RCC-M 2,QA1,"1-1/4""x1/4""",,个,,KG,
,CPC00643,异径套筒,CL3000,FO,MF,022Cr17Ni12Mo2,1916T3038,MSS SP79,RCC-M 3,QA2,"1-1/4""x1/4""",,个,,KG,
,CPC00644,异径套筒,CL3000,FO,MF,022Cr19Ni10,1916T3038,MSS SP79,RCC-M 3,QA2,"1-1/4""x1/4""",,个,,KG,
,CPC00645,异径套筒,CL3000,FO,MF,20,1916T3037,MSS SP79,RCC-M 3,QA2,"1-1/4""x1/4""",,个,,KG,
,CPC00646,异径套筒,CL3000,FO,MF,022Cr17Ni12Mo2,1916T3023,MSS SP79,NA,QNCa,"1-1/4""x1/4""",,个,,KG,
,CPC00647,异径套筒,CL3000,FO,MF,022Cr19Ni10,1916T3023,MSS SP79,NA,QNCa,"1-1/4""x1/4""",,个,,KG,
,CPC00648,异径套筒,CL3000,FO,MF,20,1916T3025,MSS SP79,NA,QNCa,"1-1/4""x1/4""",,个,,KG,
,CPC00649,异径套筒,CL3000,FO,MF,022Cr19Ni10,1916T3038,MSS SP79,RCC-M 2,QA1,"1-1/4""x3/8""",,个,,KG,
,CPC00650,异径套筒,CL3000,FO,MF,20,1916T3037,MSS SP79,RCC-M 2,QA1,"1-1/4""x3/8""",,个,,KG,
,CPC00651,异径套筒,CL6000,FO,MF,022Cr19Ni10,1916T3038,MSS SP79,RCC-M 2,QA1,"1-1/4""x3/8""",,个,,KG,
,CPC00652,异径套筒,CL6000,FO,MF,P280GH,1916T3052,MSS SP79,RCC-M 2,QA1,"1-1/4""x3/8""",,个,,KG,
,CPC00653,异径套筒,CL3000,FO,MF,022Cr17Ni12Mo2,1916T3038,MSS SP79,RCC-M 3,QA2,"1-1/4""x3/8""",,个,,KG,
,CPC00654,异径套筒,CL3000,FO,MF,022Cr19Ni10,1916T3038,MSS SP79,RCC-M 3,QA2,"1-1/4""x3/8""",,个,,KG,
,CPC00655,异径套筒,CL3000,FO,MF,20,1916T3037,MSS SP79,RCC-M 3,QA2,"1-1/4""x3/8""",,个,,KG,
,CPC00656,异径套筒,CL3000,FO,MF,022Cr17Ni12Mo2,1916T3023,MSS SP79,NA,QNCa,"1-1/4""x3/8""",,个,,KG,
,CPC00657,异径套筒,CL3000,FO,MF,022Cr19Ni10,1916T3023,MSS SP79,NA,QNCa,"1-1/4""x3/8""",,个,,KG,
,CPC00658,异径套筒,CL3000,FO,MF,20,1916T3025,MSS SP79,NA,QNCa,"1-1/4""x3/8""",,个,,KG,
,CPC00659,异径套筒,CL3000,FO,MF,022Cr19Ni10,1916T3038,MSS SP79,RCC-M 2,QA1,"1-1/4""x1/2""",,个,,KG,
,CPC00660,异径套筒,CL3000,FO,MF,20,1916T3037,MSS SP79,RCC-M 2,QA1,"1-1/4""x1/2""",,个,,KG,
,CPC00661,异径套筒,CL6000,FO,MF,022Cr19Ni10,1916T3038,MSS SP79,RCC-M 2,QA1,"1-1/4""x1/2""",,个,,KG,
,CPC00662,异径套筒,CL6000,FO,MF,P280GH,1916T3052,MSS SP79,RCC-M 2,QA1,"1-1/4""x1/2""",,个,,KG,
,CPC00663,异径套筒,CL3000,FO,MF,022Cr17Ni12Mo2,1916T3038,MSS SP79,RCC-M 3,QA2,"1-1/4""x1/2""",,个,,KG,
,CPC00664,异径套筒,CL3000,FO,MF,022Cr19Ni10,1916T3038,MSS SP79,RCC-M 3,QA2,"1-1/4""x1/2""",,个,0.5,KG,
,CPC00665,异径套筒,CL3000,FO,MF,20,1916T3037,MSS SP79,RCC-M 3,QA2,"1-1/4""x1/2""",,个,,KG,
,CPC00666,异径套筒,CL3000,FO,MF,022Cr17Ni12Mo2,1916T3023,MSS SP79,NA,QNCa,"1-1/4""x1/2""",,个,,KG,
,CPC00667,异径套筒,CL3000,FO,MF,022Cr19Ni10,1916T3023,MSS SP79,NA,QNCa,"1-1/4""x1/2""",,个,,KG,
,CPC00668,异径套筒,CL3000,FO,MF,20,1916T3025,MSS SP79,NA,QNCa,"1-1/4""x1/2""",,个,,KG,
,CPC00669,异径套筒,CL3000,FO,MF,022Cr19Ni10,1916T3038,MSS SP79,RCC-M 2,QA1,"1-1/4""x3/4""",,个,,KG,
,CPC00670,异径套筒,CL3000,FO,MF,20,1916T3037,MSS SP79,RCC-M 2,QA1,"1-1/4""x3/4""",,个,,KG,
,CPC00671,异径套筒,CL6000,FO,MF,022Cr19Ni10,1916T3038,MSS SP79,RCC-M 2,QA1,"1-1/4""x3/4""",,个,,KG,
,CPC00672,异径套筒,CL6000,FO,MF,P280GH,1916T3052,MSS SP79,RCC-M 2,QA1,"1-1/4""x3/4""",,个,,KG,
,CPC00673,异径套筒,CL3000,FO,MF,022Cr17Ni12Mo2,1916T3038,MSS SP79,RCC-M 3,QA2,"1-1/4""x3/4""",,个,,KG,
,CPC00674,异径套筒,CL3000,FO,MF,022Cr19Ni10,1916T3038,MSS SP79,RCC-M 3,QA2,"1-1/4""x3/4""",,个,,KG,
,CPC00675,异径套筒,CL3000,FO,MF,20,1916T3037,MSS SP79,RCC-M 3,QA2,"1-1/4""x3/4""",,个,,KG,
,CPC00676,异径套筒,CL3000,FO,MF,022Cr17Ni12Mo2,1916T3023,MSS SP79,NA,QNCa,"1-1/4""x3/4""",,个,,KG,
,CPC00677,异径套筒,CL3000,FO,MF,022Cr19Ni10,1916T3023,MSS SP79,NA,QNCa,"1-1/4""x3/4""",,个,,KG,
,CPC00678,异径套筒,CL3000,FO,MF,20,1916T3025,MSS SP79,NA,QNCa,"1-1/4""x3/4""",,个,,KG,
,CPC00679,异径套筒,CL3000,FO,MF,022Cr19Ni10,1916T3038,MSS SP79,RCC-M 2,QA1,"1-1/2""x3/8""",,个,,KG,
,CPC00680,异径套筒,CL3000,FO,MF,20,1916T3037,MSS SP79,RCC-M 2,QA1,"1-1/2""x3/8""",,个,,KG,
,CPC00681,异径套筒,CL6000,FO,MF,022Cr19Ni10,1916T3038,MSS SP79,RCC-M 2,QA1,"1-1/2""x3/8""",,个,,KG,
,CPC00682,异径套筒,CL6000,FO,MF,P280GH,1916T3052,MSS SP79,RCC-M 2,QA1,"1-1/2""x3/8""",,个,,KG,
,CPC00683,异径套筒,CL3000,FO,MF,022Cr17Ni12Mo2,1916T3038,MSS SP79,RCC-M 3,QA2,"1-1/2""x3/8""",,个,,KG,
,CPC00684,异径套筒,CL3000,FO,MF,022Cr19Ni10,1916T3038,MSS SP79,RCC-M 3,QA2,"1-1/2""x3/8""",,个,,KG,
,CPC00685,异径套筒,CL3000,FO,MF,20,1916T3037,MSS SP79,RCC-M 3,QA2,"1-1/2""x3/8""",,个,,KG,
,CPC00686,异径套筒,CL3000,FO,MF,022Cr17Ni12Mo2,1916T3023,MSS SP79,NA,QNCa,"1-1/2""x3/8""",,个,,KG,
,CPC00687,异径套筒,CL3000,FO,MF,022Cr19Ni10,1916T3023,MSS SP79,NA,QNCa,"1-1/2""x3/8""",,个,,KG,
,CPC00688,异径套筒,CL3000,FO,MF,20,1916T3025,MSS SP79,NA,QNCa,"1-1/2""x3/8""",,个,,KG,
,CPC00689,异径套筒,CL3000,FO,MF,022Cr19Ni10,1916T3038,MSS SP79,RCC-M 2,QA1,"1-1/2""x1/2""",,个,,KG,
,CPC00690,异径套筒,CL3000,FO,MF,20,1916T3037,MSS SP79,RCC-M 2,QA1,"1-1/2""x1/2""",,个,,KG,
,CPC00691,异径套筒,CL6000,FO,MF,022Cr19Ni10,1916T3038,MSS SP79,RCC-M 2,QA1,"1-1/2""x1/2""",,个,0.5,KG,
,CPC00692,异径套筒,CL6000,FO,MF,P280GH,1916T3052,MSS SP79,RCC-M 2,QA1,"1-1/2""x1/2""",,个,,KG,
,CPC00693,异径套筒,CL3000,FO,MF,022Cr17Ni12Mo2,1916T3038,MSS SP79,RCC-M 3,QA2,"1-1/2""x1/2""",,个,,KG,
,CPC00694,异径套筒,CL3000,FO,MF,022Cr19Ni10,1916T3038,MSS SP79,RCC-M 3,QA2,"1-1/2""x1/2""",,个,0.5,KG,
,CPC00695,异径套筒,CL3000,FO,MF,20,1916T3037,MSS SP79,RCC-M 3,QA2,"1-1/2""x1/2""",,个,0.4,KG,
,CPC00696,异径套筒,CL3000,FO,MF,022Cr17Ni12Mo2,1916T3023,MSS SP79,NA,QNCa,"1-1/2""x1/2""",,个,,KG,
,CPC00697,异径套筒,CL3000,FO,MF,022Cr19Ni10,1916T3023,MSS SP79,NA,QNCa,"1-1/2""x1/2""",,个,0.4,KG,
,CPC00698,异径套筒,CL3000,FO,MF,20,1916T3025,MSS SP79,NA,QNCa,"1-1/2""x1/2""",,个,0.4,KG,
,CPC00699,异径套筒,CL3000,FO,MF,022Cr19Ni10,1916T3038,MSS SP79,RCC-M 2,QA1,"1-1/2""x3/4""",,个,0.5,KG,
,CPC00700,异径套筒,CL3000,FO,MF,20,1916T3037,MSS SP79,RCC-M 2,QA1,"1-1/2""x3/4""",,个,,KG,
,CPC00701,异径套筒,CL6000,FO,MF,022Cr19Ni10,1916T3038,MSS SP79,RCC-M 2,QA1,"1-1/2""x3/4""",,个,,KG,
,CPC00702,异径套筒,CL6000,FO,MF,P280GH,1916T3052,MSS SP79,RCC-M 2,QA1,"1-1/2""x3/4""",,个,,KG,
,CPC00703,异径套筒,CL3000,FO,MF,022Cr17Ni12Mo2,1916T3038,MSS SP79,RCC-M 3,QA2,"1-1/2""x3/4""",,个,,KG,
,CPC00704,异径套筒,CL3000,FO,MF,022Cr19Ni10,1916T3038,MSS SP79,RCC-M 3,QA2,"1-1/2""x3/4""",,个,0.5,KG,
,CPC00705,异径套筒,CL3000,FO,MF,20,1916T3037,MSS SP79,RCC-M 3,QA2,"1-1/2""x3/4""",,个,0.4,KG,
,CPC00706,异径套筒,CL3000,FO,MF,022Cr17Ni12Mo2,1916T3023,MSS SP79,NA,QNCa,"1-1/2""x3/4""",,个,,KG,
,CPC00707,异径套筒,CL3000,FO,MF,022Cr19Ni10,1916T3023,MSS SP79,NA,QNCa,"1-1/2""x3/4""",,个,0.4,KG,
,CPC00708,异径套筒,CL3000,FO,MF,20,1916T3025,MSS SP79,NA,QNCa,"1-1/2""x3/4""",,个,0.4,KG,
,CPC00709,异径套筒,CL3000,FO,MF,022Cr19Ni10,1916T3038,MSS SP79,RCC-M 2,QA1,"1-1/2""x1""",,个,,KG,
,CPC00710,异径套筒,CL3000,FO,MF,20,1916T3037,MSS SP79,RCC-M 2,QA1,"1-1/2""x1""",,个,,KG,
,CPC00711,异径套筒,CL3000,FO,MF,022Cr17Ni12Mo2,1916T3038,MSS SP79,RCC-M 3,QA2,"1-1/2""x1""",,个,,KG,
,CPC00712,异径套筒,CL3000,FO,MF,022Cr19Ni10,1916T3038,MSS SP79,RCC-M 3,QA2,"1-1/2""x1""",,个,0.5,KG,
,CPC00713,异径套筒,CL3000,FO,MF,20,1916T3037,MSS SP79,RCC-M 3,QA2,"1-1/2""x1""",,个,0.4,KG,
,CPC00714,异径套筒,CL3000,FO,MF,022Cr17Ni12Mo2,1916T3023,MSS SP79,NA,QNCa,"1-1/2""x1""",,个,,KG,
,CPC00715,异径套筒,CL3000,FO,MF,022Cr19Ni10,1916T3023,MSS SP79,NA,QNCa,"1-1/2""x1""",,个,0.4,KG,
,CPC00716,异径套筒,CL3000,FO,MF,20,1916T3025,MSS SP79,NA,QNCa,"1-1/2""x1""",,个,0.4,KG,
,CPC00717,异径套筒,CL3000,FO,MF,022Cr19Ni10,1916T3038,MSS SP79,RCC-M 2,QA1,"2""x1/2""",,个,0.6,KG,
,CPC00718,异径套筒,CL3000,FO,MF,20,1916T3037,MSS SP79,RCC-M 2,QA1,"2""x1/2""",,个,0.6,KG,
,CPC00719,异径套筒,CL6000,FO,MF,022Cr19Ni10,1916T3038,MSS SP79,RCC-M 2,QA1,"2""x1/2""",,个,0.6,KG,
,CPC00720,异径套筒,CL6000,FO,MF,P280GH,1916T3052,MSS SP79,RCC-M 2,QA1,"2""x1/2""",,个,,KG,
,CPC00721,异径套筒,CL3000,FO,MF,022Cr17Ni12Mo2,1916T3038,MSS SP79,RCC-M 3,QA2,"2""x1/2""",,个,,KG,
,CPC00722,异径套筒,CL3000,FO,MF,022Cr19Ni10,1916T3038,MSS SP79,RCC-M 3,QA2,"2""x1/2""",,个,0.6,KG,
,CPC00723,异径套筒,CL3000,FO,MF,20,1916T3037,MSS SP79,RCC-M 3,QA2,"2""x1/2""",,个,0.6,KG,
,CPC00724,异径套筒,CL3000,FO,MF,022Cr17Ni12Mo2,1916T3023,MSS SP79,NA,QNCa,"2""x1/2""",,个,,KG,
,CPC00725,异径套筒,CL3000,FO,MF,022Cr19Ni10,1916T3023,MSS SP79,NA,QNCa,"2""x1/2""",,个,0.7,KG,
,CPC00726,异径套筒,CL3000,FO,MF,20,1916T3025,MSS SP79,NA,QNCa,"2""x1/2""",,个,0.5,KG,
,CPC00727,异径套筒,CL3000,FO,MF,022Cr19Ni10,1916T3038,MSS SP79,RCC-M 2,QA1,"2""x3/4""",,个,0.6,KG,
,CPC00728,异径套筒,CL3000,FO,MF,20,1916T3037,MSS SP79,RCC-M 2,QA1,"2""x3/4""",,个,,KG,
,CPC00729,异径套筒,CL6000,FO,MF,022Cr19Ni10,1916T3038,MSS SP79,RCC-M 2,QA1,"2""x3/4""",,个,0.6,KG,
,CPC00730,异径套筒,CL6000,FO,MF,P280GH,1916T3052,MSS SP79,RCC-M 2,QA1,"2""x3/4""",,个,0.6,KG,
,CPC00731,异径套筒,CL3000,FO,MF,022Cr17Ni12Mo2,1916T3038,MSS SP79,RCC-M 3,QA2,"2""x3/4""",,个,,KG,
,CPC00732,异径套筒,CL3000,FO,MF,022Cr19Ni10,1916T3038,MSS SP79,RCC-M 3,QA2,"2""x3/4""",,个,0.6,KG,
,CPC00733,异径套筒,CL3000,FO,MF,20,1916T3037,MSS SP79,RCC-M 3,QA2,"2""x3/4""",,个,0.6,KG,
,CPC00734,异径套筒,CL3000,FO,MF,022Cr17Ni12Mo2,1916T3023,MSS SP79,NA,QNCa,"2""x3/4""",,个,,KG,
,CPC00735,异径套筒,CL3000,FO,MF,022Cr19Ni10,1916T3023,MSS SP79,NA,QNCa,"2""x3/4""",,个,0.7,KG,
,CPC00736,异径套筒,CL3000,FO,MF,20,1916T3025,MSS SP79,NA,QNCa,"2""x3/4""",,个,0.5,KG,
,CPC00737,异径套筒,CL3000,FO,MF,022Cr19Ni10,1916T3038,MSS SP79,RCC-M 2,QA1,"2""x1""",,个,0.6,KG,
,CPC00738,异径套筒,CL3000,FO,MF,20,1916T3037,MSS SP79,RCC-M 2,QA1,"2""x1""",,个,0.6,KG,
,CPC00739,异径套筒,CL6000,FO,MF,022Cr19Ni10,1916T3038,MSS SP79,RCC-M 2,QA1,"2""x1""",,个,0.6,KG,
,CPC00740,异径套筒,CL6000,FO,MF,P280GH,1916T3052,MSS SP79,RCC-M 2,QA1,"2""x1""",,个,0.6,KG,
,CPC00741,异径套筒,CL3000,FO,MF,022Cr17Ni12Mo2,1916T3038,MSS SP79,RCC-M 3,QA2,"2""x1""",,个,,KG,
,CPC00742,异径套筒,CL3000,FO,MF,022Cr19Ni10,1916T3038,MSS SP79,RCC-M 3,QA2,"2""x1""",,个,0.6,KG,
,CPC00743,异径套筒,CL3000,FO,MF,20,1916T3037,MSS SP79,RCC-M 3,QA2,"2""x1""",,个,0.6,KG,
,CPC00744,异径套筒,CL3000,FO,MF,022Cr17Ni12Mo2,1916T3023,MSS SP79,NA,QNCa,"2""x1""",,个,0.7,KG,
,CPC00745,异径套筒,CL3000,FO,MF,022Cr19Ni10,1916T3023,MSS SP79,NA,QNCa,"2""x1""",,个,0.7,KG,
,CPC00746,异径套筒,CL3000,FO,MF,20,1916T3025,MSS SP79,NA,QNCa,"2""x1""",,个,0.5,KG,
,CPC00747,异径套筒,CL3000,FO,MF,022Cr19Ni10,1916T3038,MSS SP79,RCC-M 2,QA1,"2""x1-1/4""",,个,,KG,
,CPC00748,异径套筒,CL3000,FO,MF,20,1916T3037,MSS SP79,RCC-M 2,QA1,"2""x1-1/4""",,个,,KG,
,CPC00749,异径套筒,CL6000,FO,MF,022Cr19Ni10,1916T3038,MSS SP79,RCC-M 2,QA1,"2""x1-1/4""",,个,,KG,
,CPC00750,异径套筒,CL6000,FO,MF,P280GH,1916T3052,MSS SP79,RCC-M 2,QA1,"2""x1-1/4""",,个,,KG,
,CPC00751,异径套筒,CL3000,FO,MF,022Cr17Ni12Mo2,1916T3038,MSS SP79,RCC-M 3,QA2,"2""x1-1/4""",,个,,KG,
,CPC00752,异径套筒,CL3000,FO,MF,022Cr19Ni10,1916T3038,MSS SP79,RCC-M 3,QA2,"2""x1-1/4""",,个,,KG,
,CPC00753,异径套筒,CL3000,FO,MF,20,1916T3037,MSS SP79,RCC-M 3,QA2,"2""x1-1/4""",,个,,KG,
,CPC00754,异径套筒,CL3000,FO,MF,022Cr17Ni12Mo2,1916T3023,MSS SP79,NA,QNCa,"2""x1-1/4""",,个,,KG,
,CPC00755,异径套筒,CL3000,FO,MF,022Cr19Ni10,1916T3023,MSS SP79,NA,QNCa,"2""x1-1/4""",,个,0.7,KG,
,CPC00756,异径套筒,CL3000,FO,MF,20,1916T3025,MSS SP79,NA,QNCa,"2""x1-1/4""",,个,0.6,KG,
,CPC00758,异径套筒,CL3000,FO,MF,022Cr19Ni10,1916T3038,MSS SP79,RCC-M 2,QA1,"1-1/2""x1/4""",,个,,KG,
,CPC00759,异径套筒,CL6000,FO,MF,022Cr19Ni10,1916T3038,MSS SP79,RCC-M 2,QA1,"1-1/2""x1/4""",,个,,KG,
,CPC00760,异径套筒,CL3000,FO,MF,022Cr17Ni12Mo2,1916T3038,MSS SP79,RCC-M 3,QA2,"1-1/2""x1/4""",,个,,KG,
,CPC00761,异径套筒,CL3000,FO,MF,022Cr19Ni10,1916T3038,MSS SP79,RCC-M 3,QA2,"1-1/2""x1/4""",,个,0.5,KG,
,CPC00762,异径套筒,CL3000,FO,MF,022Cr17Ni12Mo2,1916T3023,MSS SP79,NA,QNCa,"1-1/2""x1/4""",,个,,KG,
,CPC00763,异径套筒,CL3000,FO,MF,022Cr19Ni10,1916T3023,MSS SP79,NA,QNCa,"1-1/2""x1/4""",,个,0.4,KG,
,CPC00765,异径套筒,CL3000,FO,MF,022Cr19Ni10,1916T3038,MSS SP79,RCC-M 2,QA1,"2""x1/4""",,个,,KG,
,CPC00766,异径套筒,CL6000,FO,MF,022Cr19Ni10,1916T3038,MSS SP79,RCC-M 2,QA1,"2""x1/4""",,个,,KG,
,CPC00767,异径套筒,CL3000,FO,MF,022Cr17Ni12Mo2,1916T3038,MSS SP79,RCC-M 3,QA2,"2""x1/4""",,个,,KG,
,CPC00768,异径套筒,CL3000,FO,MF,022Cr19Ni10,1916T3038,MSS SP79,RCC-M 3,QA2,"2""x1/4""",,个,0.6,KG,
,CPC00769,异径套筒,CL3000,FO,MF,022Cr17Ni12Mo2,1916T3023,MSS SP79,NA,QNCa,"2""x1/4""",,个,0.7,KG,
,CPC00770,异径套筒,CL3000,FO,MF,022Cr19Ni10,1916T3023,MSS SP79,NA,QNCa,"2""x1/4""",,个,0.7,KG,
,CPC00771,等径接头SC-I,1mm,FO,SW,TP2,GB/T 18033,GB/T 11618.1,NA,QNCc,DN8,Φ10,个,,KG,
,CPC00772,等径接头SC-I,1.2mm,FO,SW,TP2,GB/T 18033,GB/T 11618.1,NA,QNCc,DN10,Φ12,个,,KG,
,CPC00773,等径接头SC-I,1mm,FO,SW,TP2,GB/T 18033,GB/T 11618.1,NA,QNCc,DN15,Φ15,个,,KG,
,CPC00774,等径接头SC-I,1.2mm,FO,SW,TP2,GB/T 18033,GB/T 11618.1,NA,QNCc,DN20,Φ22,个,,KG,
,CPC00775,等径接头SC-I,1.2mm,FO,SW,TP2,GB/T 18033,GB/T 11618.1,NA,QNCc,DN25,Φ28,个,,KG,
,CPC00776,等径接头SC-I,2mm,FO,SW,TP2,GB/T 18033,GB/T 11618.1,NA,QNCc,DN32,Φ35,个,,KG,
,CPC00777,异径接头RC-I,1.2mmx1mm,FO,SW,TP2,GB/T 18033,GB/T 11618.1,NA,QNCc,DN10xDN8,Φ12xΦ10,个,,KG,
,CPC00778,异径接头RC-I,1mmx1mm,FO,SW,TP2,GB/T 18033,GB/T 11618.1,NA,QNCc,DN15xDN8,Φ15xΦ10,个,,KG,
,CPC00779,异径接头RC-I,1mmx1.2mm,FO,SW,TP2,GB/T 18033,GB/T 11618.1,NA,QNCc,DN15xDN10,Φ15xΦ12,个,,KG,
,CPC00780,异径接头RC-I,1.2mmx1.2mm,FO,SW,TP2,GB/T 18033,GB/T 11618.1,NA,QNCc,DN20xDN10,Φ22xΦ12,个,,KG,
,CPC00781,异径接头RC-I,1.2mmx1mm,FO,SW,TP2,GB/T 18033,GB/T 11618.1,NA,QNCc,DN20xDN15,Φ22xΦ15,个,,KG,
,CPC00782,异径接头RC-I,1.2mmx1mm,FO,SW,TP2,GB/T 18033,GB/T 11618.1,NA,QNCc,DN25xDN15,Φ28xΦ15,个,,KG,
,CPC00783,异径接头RC-I,1.2mmx1.2mm,FO,SW,TP2,GB/T 18033,GB/T 11618.1,NA,QNCc,DN25xDN20,Φ28xΦ22,个,,KG,
,CPC00784,异径接头RC-I,2mmx1.2mm,FO,SW,TP2,GB/T 18033,GB/T 11618.1,NA,QNCc,DN32xDN20,Φ35xΦ22,个,,KG,
,CPC00785,异径接头RC-I,2mmx1.2mm,FO,SW,TP2,GB/T 18033,GB/T 11618.1,NA,QNCc,DN32xDN25,Φ35xΦ28,个,,KG,
,CPC00786,内螺纹转换接头FTC-I,,FO,FIL,HPb59-1,GB/T 1527,GB/T 11618.1,NA,QNCc,DN8,Φ10,个,,KG,
,CPC00787,内螺纹转换接头FTC-I,,FO,FIL,HPb59-1,GB/T 1527,GB/T 11618.1,NA,QNCc,DN10,Φ12,个,,KG,
,CPC00788,内螺纹转换接头FTC-I,,FO,FIL,HPb59-1,GB/T 1527,GB/T 11618.1,NA,QNCc,DN15,Φ15,个,,KG,
,CPC00789,内螺纹转换接头FTC-I,,FO,FIL,HPb59-1,GB/T 1527,GB/T 11618.1,NA,QNCc,DN20,Φ22,个,,KG,
,CPC00790,内螺纹转换接头FTC-I,,FO,FIL,HPb59-1,GB/T 1527,GB/T 11618.1,NA,QNCc,DN25,Φ28,个,,KG,
,CPC00791,内螺纹转换接头FTC-I,,FO,FIL,HPb59-1,GB/T 1527,GB/T 11618.1,NA,QNCc,DN32,Φ35,个,,KG,
,CPC00792,外螺纹转换接头ETC-I,,FO,FIL,HPb59-1,GB/T 1527,GB/T 11618.1,NA,QNCc,DN8,Φ10,个,,KG,
,CPC00793,外螺纹转换接头ETC-I,,FO,FIL,HPb59-1,GB/T 1527,GB/T 11618.1,NA,QNCc,DN10,Φ12,个,,KG,
,CPC00794,外螺纹转换接头ETC-I,,FO,FIL,HPb59-1,GB/T 1527,GB/T 11618.1,NA,QNCc,DN15,Φ15,个,,KG,
,CPC00795,外螺纹转换接头ETC-I,,FO,FIL,HPb59-1,GB/T 1527,GB/T 11618.1,NA,QNCc,DN20,Φ22,个,,KG,
,CPC00796,外螺纹转换接头ETC-I,,FO,FIL,HPb59-1,GB/T 1527,GB/T 11618.1,NA,QNCc,DN25,Φ28,个,,KG,
,CPC00797,外螺纹转换接头ETC-I,,FO,FIL,HPb59-1,GB/T 1527,GB/T 11618.1,NA,QNCc,DN32,Φ35,个,,KG,
,CPC00798,异径套筒,CL6000,FO,MF,022Cr19Ni10,1916T3038,MSS SP79,RCC-M 1,QA1,"1-1/4""x3/4""",,个,,KG,
,CPC00799,异径套筒,CL6000,FO,MF,022Cr19Ni10,1916T3038,MSS SP79,RCC-M 1,QA1,"1-1/4""x1""",,个,,KG,
,CPC00800,异径套筒,CL6000,FO,MF,022Cr19Ni10,1916T3038,MSS SP79,RCC-M 1,QA1,"1-1/4""x1/4""",,个,,KG,
,CPC00801,异径套筒,CL6000,FO,MF,022Cr19Ni10,1916T3038,MSS SP79,RCC-M 1,QA1,"1-1/4""x3/8""",,个,,KG,
,CPC00802,异径套筒,CL6000,FO,MF,022Cr19Ni10,1916T3038,MSS SP79,RCC-M 1,QA1,"1-1/4""x1/2""",,个,,KG,
,CPC00803,异径套筒,CL6000,FO,MF,022Cr19Ni10,1916T3038,MSS SP79,RCC-M 1,QA1,"1-1/2""x1/2""",,个,,KG,
,CPC00804,异径套筒,CL6000,FO,MF,022Cr19Ni10,1916T3038,MSS SP79,RCC-M 1,QA1,"1-1/2""x3/4""",,个,,KG,
,CPC00805,异径套筒,CL6000,FO,MF,022Cr19Ni10,1916T3038,MSS SP79,RCC-M 1,QA1,"1-1/2""x1""",,个,,KG,
,CPC00806,异径套筒,CL6000,FO,MF,022Cr19Ni10,1916T3038,MSS SP79,RCC-M 1,QA1,"1-1/2""x1-1/4""",,个,,KG,
,CPC00807,异径套筒,CL6000,FO,MF,022Cr19Ni10,1916T3038,MSS SP79,RCC-M 1,QA1,"1-1/2""x3/8""",,个,,KG,
,CPC00808,异径套筒,CL6000,FO,MF,022Cr19Ni10,1916T3038,MSS SP79,RCC-M 1,QA1,"2""x3/4""",,个,,KG,
,CPC00809,异径套筒,CL6000,FO,MF,022Cr19Ni10,1916T3038,MSS SP79,RCC-M 1,QA1,"2""x1""",,个,0.6,KG,
,CPC00810,异径套筒,CL6000,FO,MF,022Cr19Ni10,1916T3038,MSS SP79,RCC-M 1,QA1,"2""x1-1/4""",,个,,KG,
,CPC00811,异径套筒,CL6000,FO,MF,022Cr19Ni10,1916T3038,MSS SP79,RCC-M 1,QA1,"2""x1-1/2""",,个,,KG,
,CPC00812,异径套筒,CL6000,FO,MF,022Cr19Ni10,1916T3038,MSS SP79,RCC-M 1,QA1,"2""x1/2""",,个,,KG,
,CPC00830,双头承插管接头,1.8mm,,,环氧树脂玻璃纤维,,SY/T 6266,NA,QNCa,"3""",,个,,KG,
,CPC00831,等径接头SC-I,1mm,FO,SW,TP2,GB/T 18033,GB/T 11618.1,NA,QNCc,DN6,Φ8,个,,KG,
,CPC00832,内螺纹转换接头FTC-I,,FO,FIL,HPb59-1,GB/T 1527,GB/T 11618.1,NA,QNCc,DN6,Φ8,个,,KG,
,CPC00833,外螺纹转换接头ETC-I,,FO,FIL,HPb59-1,GB/T 1527,GB/T 11618.1,NA,QNCc,DN6,Φ8,个,,KG,
,CPC00834,等径接头SC-I,2mm,FO,SW,TP2,GB/T 18033,GB/T 11618.1,NA,QNCc,DN40,Φ42,个,,KG,
,CPC00835,内螺纹转换接头FTC-I,,FO,FIL,HPb59-1,GB/T 1527,GB/T 11618.1,NA,QNCc,DN40,Φ42,个,,KG,
,CPC00836,外螺纹转换接头ETC-I,,FO,FIL,HPb59-1,GB/T 1527,GB/T 11618.1,NA,QNCc,DN40,Φ42,个,,KG,
,CPC00837,异径接头RC-I,1mmx1mm,FO,SW,TP2,GB/T 18033,GB/T 11618.1,NA,QNCc,DN8xDN6,Φ10xΦ8,个,,KG,
,CPC00838,异径接头RC-I,2mmx1mm,FO,SW,TP2,GB/T 18033,GB/T 11618.1,NA,QNCc,DN40xDN15,Φ42xΦ15,个,,KG,
,CPC00839,异径接头RC-I,2mmx1.2mm,FO,SW,TP2,GB/T 18033,GB/T 11618.1,NA,QNCc,DN40xDN20,Φ42xΦ22,个,,KG,
,CPC00840,异径接头RC-I,2mmx1.2mm,FO,SW,TP2,GB/T 18033,GB/T 11618.1,NA,QNCc,DN40xDN25,Φ42xΦ28,个,,KG,
,CPC00841,异径接头RC-I,2mmx2mm,FO,SW,TP2,GB/T 18033,GB/T 11618.1,NA,QNCc,DN40xDN32,Φ42xΦ35,个,,KG,
,CPC00849,异径接头RC-I,2mmx1mm,FO,SW,TP2,GB/T 18033,GB/T 11618.1,NA,QNCc,DN32xDN15,Φ35xΦ15,个,,KG,
,CPC00850,双头螺纹管接头,,,FIL,022Cr19Ni10,1916T3038,1916E4001-019,RCC-M 2,QA1,"1""",,个,8.631,KG,
,CPC00859,双头螺纹管接头,CL3000,FO,FIL,20,1916T3025,ASME B16.11,NA,QNCa,"1/2""",,个,,KG,
,CPC00860,异径螺纹管接头,CL3000,FO,FIL,20,1916T3025,ASME B16.11,NA,QNCa,"3/4""x1/2""",,个,,KG,
,CPC00861,异径螺纹管接头,CL3000,FO,FIL,20,1916T3025,ASME B16.11,NA,QNCa,"1""x1/2""",,个,,KG,
,CPC00862,异径螺纹管接头,CL3000,FO,FIL,20,1916T3025,ASME B16.11,NA,QNCa,"1-1/2""x1/2""",,个,,KG,
,CPC00863,双头螺纹管接头,CL3000,FO,FIL,022Cr19Ni10,1916T3023,ASME B16.11,NA,QNCa,"1/2""",,个,,KG,
,CPC00864,异径螺纹管接头,CL3000,FO,FIL,022Cr19Ni10,1916T3023,ASME B16.11,NA,QNCa,"3/4""x1/2""",,个,,KG,
,CPC00865,异径螺纹管接头,CL3000,FO,FIL,022Cr19Ni10,1916T3023,ASME B16.11,NA,QNCa,"1""x1/2""",,个,,KG,
,CPC00866,异径螺纹管接头,CL3000,FO,FIL,022Cr19Ni10,1916T3023,ASME B16.11,NA,QNCa,"1-1/2""x1/2""",,个,,KG,
,CPC00867,双头螺纹管接头,CL3000,FO,FIL,20,1916T3025,ASME B16.11,NA,QNCa,"1-1/4""",,个,,KG,
,CPC00868,双头螺纹管接头,CL3000,FO,FIL,022Cr19Ni10,1916T3023,ASME B16.11,NA,QNCa,"1-1/4""",,个,,KG,
,CPC00869,池壁喷头螺纹接头,CL3000,,FIL,316L,ASTM A351,SSCo,NA,QNC,"1/8""",,个,,KG,
,CPC00871,双头承插管接头,CL6000,FO,SW,022Cr19Ni10,1916T3023,ASME B16.11,NA,QNCa,"1/2""",,个,,KG,
,CPC00875,联合管接头,6000LB,FO,SW,022Cr19Ni10,1916T3038,MSS SP83,RCC-M 2,QA2,"1/4""x1/4""",,个,,KG,
,CPC00876,联合管接头,3000LB,FO,SW,022Cr19Ni10,1916T3038,MSS SP83,RCC-M 3,QA2,"1/4""x1/4""",,个,,KG,
,CPC00877,联合管接头,3000LB,FO,SW,022Cr19Ni10,1916T3023,MSS SP83,NA,QA3,"1/4""x1/4""",,个,,KG,
,CPC00878,联合管接头,3000LB,FO,SW,022Cr19Ni10,1916T3023,MSS SP83,NA,QA3,"1/2""x1/2""",,个,,KG,
,CPC00879,联合管接头,3000LB,FO,SW,022Cr19Ni10,1916T3038,MSS SP83,RCC-M 3,QA2,"3/4""x3/4""",,个,,KG,
,CPC00880,联合管接头,3000LB,FO,SW,022Cr19Ni10,1916T3023,MSS SP83,NA,QA3,"3/4""x3/4""",,个,,KG,
,CPC00883,异径承插管接头,CL3000,FO,SW,S30408,GB/T 14976-2012,GB/T 14383-2008,NA,QNCa,DN40XDN25,Φ48xΦ34,个,,KG,
,CPC00887,异径承插管接头,CL3000,FO,SW,S30408,GB/T 14976-2012,GB/T 14383-2008,NA,QNCa,DN50XDN25,Φ60xΦ34,个,,KG,
,CPC00909,塑料管直接头,9.6mm,,SA,PVC-C,,GB/T 18993.3,NA,QNCa,DN50,Φ63,个,,KG,
,CPC00910,异径套筒,CL3000,FO,MF,022Cr25Ni7Mo4N,1916T3091,MSS SP79,RCC-M 3,QA2,"1/2""x1/4""",,个,,KG,
,CPC00911,塑料管直接头,7.9mm,,SA,PVC-C,,GB/T 18993.3,NA,QNCa,DN50,Φ63,个,,KG,
,CPC00918,异径承插管接头,CL3000,FO,SW,S30408,GB/T 14976-2012,GB/T 14383-2008,NA,QNCa,DN25XDN15,Φ34xΦ21,个,,KG,
,CPC00919,异径承插管接头,CL3000,FO,SW,S30403,GB/T 14976-2012,GB/T 14383-2008,NA,QNCa,DN50XDN25,Φ60xΦ34,个,,KG,
,CPC00920,异径承插管接头,CL3000,FO,SW,S30403,GB/T 14976-2012,GB/T 14383-2008,NA,QNCa,DN40XDN25,Φ48xΦ34,个,,KG,
,CPC00921,异径承插管接头,CL3000,FO,SW,S30403,GB/T 14976-2012,GB/T 14383-2008,NA,QNCa,DN25XDN15,Φ34xΦ21,个,,KG,
,CPC00922,异径承插管接头,CL3000,FO,SW,20,GB/T 8163-2008,GB/T 14383-2008,NA,QNCa,DN50XDN25,Φ60xΦ34,个,,KG,
,CPC00923,异径承插管接头,CL3000,FO,SW,20(内外壁热浸镀锌),GB/T 8163-2008(GB/T 13912-2020),GB/T 14383-2008,NA,QNCa,DN50XDN25,Φ60xΦ34,个,,KG,
,CPC00924,异径承插管接头,CL3000,FO,SW,20(内外壁热浸镀锌),GB/T 8163-2008(GB/T 13912-2020),GB/T 14383-2008,NA,QNCa,DN25XDN15,Φ34xΦ21,个,,KG,
,CPC00925,异径承插管接头,CL3000,FO,SW,022Cr25Ni7Mo4N,1916T3091,ASME B16.11,RCC-M 3,QA2,"1""x1/2""",Φ33.4xΦ21.3,个,,KG,
,CPC00926,双头承插管接头,CL3000,FO,SW,20,1916T3025,ASME B16.11,NA,QA3,"1-1/2""",,个,,KG,
,CPC60001,双头螺口管接头,CL3000,FO,FIL,20(内外壁热浸镀锌),GB/T 13912-2002,GB/T 14383-2008,NA,QNCa,DN25,,个,,KG,
,CPC60002,双头承插管接头,CL3000,FO,SW,06Cr19Ni10,,GB/T 14383-2008,NA,QNCa,DN15,,个,,KG,
,CPC60003,双头承插管接头,CL3000,FO,SW,06Cr19Ni10,,GB/T 14383-2008,NA,QNCa,DN20,,个,,KG,
,CPC60004,双头承插管接头,CL3000,FO,SW,06Cr19Ni10,,GB/T 14383-2008,NA,QNCa,DN25,,个,,KG,
,CPC60005,双头承插管接头,CL3000,FO,SW,06Cr19Ni10,,GB/T 14383-2008,NA,QNCa,DN50,,个,,KG,
,CPC60006,异径承插管接头,CL3000,FO,SW,06Cr19Ni10,,GB/T 14383-2008,NA,QNCa,DN50xDN40,,个,,KG,
,CPC60007,异径套筒,CL3000,FO,MF,06Cr19Ni10,,MSS SP79,NA,QNCa,"1""x3/4""",,个,,KG,
,CPC60008,螺纹活接头,CL2000,FO,FIL,20(内外壁热浸镀锌),GB/T 13912-2002,SHT 3424-2011,NA,QNCa,DN25,,个,,KG,
,CPC60009,六角头内外螺纹接头,CL2000,FO,FIL,20(内外壁热浸镀锌),GB/T 13912-2002,GB/T 14383-2008,NA,QNCa,DN32xDN15,,个,,KG,
,CPC60010,六角头内外螺纹接头,CL2000,FO,FIL,20(内外壁热浸镀锌),GB/T 13912-2002,GB/T 14383-2008,NA,QNCa,DN25xDN15,,个,,KG,
,CPC60011,双头承插管接头,CL3000,FO,SW,06Cr19Ni10,,GB/T 14383-2008,NA,QNCa,DN32,,个,,KG,
,CPC60012,异径承插管接头,CL3000,FO,SW,06Cr19Ni10,,GB/T 14383-2008,NA,QNCa,DN40xDN32,,个,,KG,
,CPC60013,异径承插管接头,CL3000,FO,SW,06Cr19Ni10,,GB/T 14383-2008,NA,QNCa,DN32xDN25,,个,,KG,
,CPC60014,异径承插管接头,CL3000,FO,SW,06Cr19Ni10,,GB/T 14383-2008,NA,QNCa,DN25xDN20,,个,,KG,
,CPC60015,异径承插管接头,CL3000,FO,SW,06Cr19Ni10,,GB/T 14383-2008,NA,QNCa,DN20xDN15,,个,,KG,
,CPC60016,异径承插管接头,CL3000,FO,SW,20,,GB/T 14383-2008,NA,QNCa,DN25xDN15,,个,,KG,
,CPC60017,双头承插管接头,CL3000,FO,SW,20,,GB/T 14383-2008,NA,QNCa,DN20,,个,,KG,
,CPC60018,双头承插管接头,CL3000,FO,SW,20,,GB/T 14383-2008,NA,QNCa,DN50,,个,,KG,
,CPC60019,异径套筒,CL3000,FO,MF,06Cr19Ni10,,MSS SP79,NA,QNCa,"3/4""x1/2""",,个,,KG,
,CPC60020,异径承插管接头,CL3000,FO,SW,06Cr19Ni10,,GB/T 14383-2008,NA,QNCa,DN25xDN15,,个,,KG,
,CPC60021,双头螺口管接头,CL3000,FO,FIL,20(内外壁热浸镀锌),GB/T 13912-2002,GB/T 14383-2008,NA,QNCa,DN32,,个,,KG,
,CPE00001,45°长半径弯头,SCH160,SS,BW,022Cr19Ni10,1916T3017,ASME B16.9,RCC-M 1,QA1,"2-1/2""",,个,1.15,KG,
,CPE00002,45°长半径弯头,3.18mm,SS,BW,20,1916T3019,ASME B16.9,RCC-M 2,QA1,"2-1/2""",,个,,KG,
,CPE00003,45°长半径弯头,SCH10S,SS,BW,022Cr19Ni10,1916T3017,ASME B16.9,RCC-M 2,QA1,"2-1/2""",,个,0.48,KG,
,CPE00004,45°长半径弯头,SCH160,SS,BW,022Cr19Ni10,1916T3017,ASME B16.9,RCC-M 2,QA1,"2-1/2""",,个,1.15,KG,
,CPE00005,45°长半径弯头,SCH160,SS,BW,P280GH,1916T3019,ASME B16.9,RCC-M 2,QA1,"2-1/2""",,个,1.15,KG,
,CPE00006,45°长半径弯头,SCH40,SS,BW,20,1916T3019,ASME B16.9,RCC-M 2,QA1,"2-1/2""",,个,0.69,KG,
,CPE00007,45°长半径弯头,SCH40S,SS,BW,022Cr19Ni10,1916T3017,ASME B16.9,RCC-M 2,QA1,"2-1/2""",,个,0.75,KG,
,CPE00008,45°长半径弯头,SCH80,SS,BW,20,1916T3019,ASME B16.9,RCC-M 2,QA1,"2-1/2""",,个,0.9,KG,
,CPE00009,45°长半径弯头,SCH80,SS,BW,P280GH,1916T3019,ASME B16.9,RCC-M 2,QA1,"2-1/2""",,个,0.9,KG,
,CPE00010,45°长半径弯头,SCH80S,SS,BW,022Cr19Ni10,1916T3017,ASME B16.9,RCC-M 2,QA1,"2-1/2""",,个,1,KG,
,CPE00011,45°长半径弯头,3.18mm,SS,BW,20,1916T3019,ASME B16.9,RCC-M 3,QA2,"2-1/2""",,个,0.8,KG,
,CPE00012,45°长半径弯头,SCH10S,SS,BW,022Cr19Ni10,1916T3017,ASME B16.9,RCC-M 3,QA2,"2-1/2""",,个,0.48,KG,
,CPE00013,45°长半径弯头,SCH40,SS,BW,20,1916T3019,ASME B16.9,RCC-M 3,QA2,"2-1/2""",,个,0.69,KG,
,CPE00014,45°长半径弯头,SCH40S,SS,BW,022Cr19Ni10,1916T3017,ASME B16.9,RCC-M 3,QA2,"2-1/2""",,个,0.75,KG,
,CPE00015,45°长半径弯头,3.18mm,SS,BW,20,1916T3025,ASME B16.9,NA,QNCa,"2-1/2""",,个,0.7,KG,
,CPE00016,45°长半径弯头,SCH10S,SS,BW,022Cr17Ni12Mo2,1916T3023,ASME B16.9,NA,QNCa,"2-1/2""",,个,0.48,KG,
,CPE00017,45°长半径弯头,SCH10S,SS,BW,022Cr19Ni10,1916T3023,ASME B16.9,NA,QNCa,"2-1/2""",,个,0.48,KG,
,CPE00018,45°长半径弯头,SCH160,SS,BW,022Cr19Ni10,1916T3017,ASME B16.9,RCC-M 1,QA1,"3""",,个,1.95,KG,
,CPE00019,45°长半径弯头,3.18mm,SS,BW,20,1916T3019,ASME B16.9,RCC-M 2,QA1,"3""",,个,,KG,
,CPE00020,45°长半径弯头,SCH10S,SS,BW,022Cr19Ni10,1916T3017,ASME B16.9,RCC-M 2,QA1,"3""",,个,0.62,KG,
,CPE00021,45°长半径弯头,SCH160,SS,BW,022Cr19Ni10,1916T3017,ASME B16.9,RCC-M 2,QA1,"3""",,个,1.95,KG,
,CPE00022,45°长半径弯头,SCH160,SS,BW,P280GH,1916T3019,ASME B16.9,RCC-M 2,QA1,"3""",,个,1.95,KG,
,CPE00023,45°长半径弯头,SCH40,SS,BW,20,1916T3019,ASME B16.9,RCC-M 2,QA1,"3""",,个,1.1,KG,
,CPE00024,45°长半径弯头,SCH40S,SS,BW,022Cr19Ni10,1916T3017,ASME B16.9,RCC-M 2,QA1,"3""",,个,1.05,KG,
,CPE00025,45°长半径弯头,SCH80,SS,BW,20,1916T3019,ASME B16.9,RCC-M 2,QA1,"3""",,个,1.44,KG,
,CPE00026,45°长半径弯头,SCH80,SS,BW,P280GH,1916T3019,ASME B16.9,RCC-M 2,QA1,"3""",,个,1.44,KG,
,CPE00027,45°长半径弯头,SCH80S,SS,BW,022Cr19Ni10,1916T3017,ASME B16.9,RCC-M 2,QA1,"3""",,个,1.5,KG,
,CPE00028,45°长半径弯头,3.18mm,SS,BW,20,1916T3019,ASME B16.9,RCC-M 3,QA2,"3""",,个,1.1,KG,
,CPE00029,45°长半径弯头,SCH10S,SS,BW,022Cr19Ni10,1916T3017,ASME B16.9,RCC-M 3,QA2,"3""",,个,0.62,KG,
,CPE00030,45°长半径弯头,SCH40,SS,BW,20,1916T3019,ASME B16.9,RCC-M 3,QA2,"3""",,个,1.1,KG,
,CPE00031,45°长半径弯头,SCH40S,SS,BW,022Cr19Ni10,1916T3017,ASME B16.9,RCC-M 3,QA2,"3""",,个,1.05,KG,
,CPE00032,45°长半径弯头,3.18mm,SS,BW,20,1916T3025,ASME B16.9,NA,QNCa,"3""",,个,1.1,KG,
,CPE00033,45°长半径弯头,SCH10S,SS,BW,022Cr17Ni12Mo2,1916T3023,ASME B16.9,NA,QNCa,"3""",,个,0.62,KG,
,CPE00034,45°长半径弯头,SCH10S,SS,BW,022Cr19Ni10,1916T3023,ASME B16.9,NA,QNCa,"3""",,个,0.62,KG,
,CPE00035,45°长半径弯头,SCH160,SS,BW,022Cr19Ni10,1916T3017,ASME B16.9,RCC-M 1,QA1,"3-1/2""",,个,,KG,
,CPE00036,45°长半径弯头,SCH10S,SS,BW,022Cr19Ni10,1916T3017,ASME B16.9,RCC-M 2,QA1,"3-1/2""",,个,0.76,KG,
,CPE00037,45°长半径弯头,SCH160,SS,BW,022Cr19Ni10,1916T3017,ASME B16.9,RCC-M 2,QA1,"3-1/2""",,个,,KG,
,CPE00038,45°长半径弯头,SCH160,SS,BW,P280GH,1916T3019,ASME B16.9,RCC-M 2,QA1,"3-1/2""",,个,,KG,
,CPE00039,45°长半径弯头,SCH40,SS,BW,20,1916T3019,ASME B16.9,RCC-M 2,QA1,"3-1/2""",,个,1.48,KG,
,CPE00040,45°长半径弯头,SCH40S,SS,BW,022Cr19Ni10,1916T3017,ASME B16.9,RCC-M 2,QA1,"3-1/2""",,个,1.45,KG,
,CPE00041,45°长半径弯头,SCH80,SS,BW,20,1916T3019,ASME B16.9,RCC-M 2,QA1,"3-1/2""",,个,2.03,KG,
,CPE00042,45°长半径弯头,SCH80,SS,BW,P280GH,1916T3019,ASME B16.9,RCC-M 2,QA1,"3-1/2""",,个,2.03,KG,
,CPE00043,45°长半径弯头,SCH80S,SS,BW,022Cr19Ni10,1916T3017,ASME B16.9,RCC-M 2,QA1,"3-1/2""",,个,2,KG,
,CPE00044,45°长半径弯头,SCH10S,SS,BW,022Cr19Ni10,1916T3017,ASME B16.9,RCC-M 3,QA2,"3-1/2""",,个,0.76,KG,
,CPE00045,45°长半径弯头,SCH40,SS,BW,20,1916T3019,ASME B16.9,RCC-M 3,QA2,"3-1/2""",,个,1.48,KG,
,CPE00046,45°长半径弯头,SCH40S,SS,BW,022Cr19Ni10,1916T3017,ASME B16.9,RCC-M 3,QA2,"3-1/2""",,个,1.45,KG,
,CPE00047,45°长半径弯头,SCH10S,SS,BW,022Cr17Ni12Mo2,1916T3023,ASME B16.9,NA,QNCa,"3-1/2""",,个,0.76,KG,
,CPE00048,45°长半径弯头,SCH10S,SS,BW,022Cr19Ni10,1916T3023,ASME B16.9,NA,QNCa,"3-1/2""",,个,0.76,KG,
,CPE00049,45°长半径弯头,SCH160,SS,BW,022Cr19Ni10,1916T3017,ASME B16.9,RCC-M 1,QA1,"4""",,个,4.05,KG,
,CPE00050,45°长半径弯头,3.58mm,SS,BW,20,1916T3019,ASME B16.9,RCC-M 2,QA1,"4""",,个,,KG,
,CPE00051,45°长半径弯头,SCH10S,SS,BW,022Cr19Ni10,1916T3017,ASME B16.9,RCC-M 2,QA1,"4""",,个,1.1,KG,
,CPE00052,45°长半径弯头,SCH160,SS,BW,022Cr19Ni10,1916T3017,ASME B16.9,RCC-M 2,QA1,"4""",,个,4.05,KG,
,CPE00053,45°长半径弯头,SCH160,SS,BW,P280GH,1916T3019,ASME B16.9,RCC-M 2,QA1,"4""",,个,4.05,KG,
,CPE00054,45°长半径弯头,SCH40,SS,BW,20,1916T3019,ASME B16.9,RCC-M 2,QA1,"4""",,个,2.07,KG,
,CPE00055,45°长半径弯头,SCH40S,SS,BW,022Cr19Ni10,1916T3017,ASME B16.9,RCC-M 2,QA1,"4""",,个,2.1,KG,
,CPE00056,45°长半径弯头,SCH80,SS,BW,20,1916T3019,ASME B16.9,RCC-M 2,QA1,"4""",,个,2.8,KG,
,CPE00057,45°长半径弯头,SCH80,SS,BW,P280GH,1916T3019,ASME B16.9,RCC-M 2,QA1,"4""",,个,2.8,KG,
,CPE00058,45°长半径弯头,SCH80S,SS,BW,022Cr19Ni10,1916T3017,ASME B16.9,RCC-M 2,QA1,"4""",,个,3.1,KG,
,CPE00059,45°长半径弯头,3.58mm,SS,BW,20,1916T3019,ASME B16.9,RCC-M 3,QA2,"4""",,个,2,KG,
,CPE00060,45°长半径弯头,SCH10S,SS,BW,022Cr19Ni10,1916T3017,ASME B16.9,RCC-M 3,QA2,"4""",,个,1.1,KG,
,CPE00061,45°长半径弯头,SCH40,SS,BW,20,1916T3019,ASME B16.9,RCC-M 3,QA2,"4""",,个,2.07,KG,
,CPE00062,45°长半径弯头,SCH40S,SS,BW,022Cr19Ni10,1916T3017,ASME B16.9,RCC-M 3,QA2,"4""",,个,2.1,KG,
,CPE00063,45°长半径弯头,3.58mm,SS,BW,20,1916T3025,ASME B16.9,NA,QNCa,"4""",,个,1.95,KG,
,CPE00064,45°长半径弯头,SCH10S,SS,BW,022Cr17Ni12Mo2,1916T3023,ASME B16.9,NA,QNCa,"4""",,个,1.1,KG,
,CPE00065,45°长半径弯头,SCH10S,SS,BW,022Cr19Ni10,1916T3023,ASME B16.9,NA,QNCa,"4""",,个,1.075,KG,
,CPE00066,45°长半径弯头,SCH160,SS,BW,022Cr19Ni10,1916T3017,ASME B16.9,RCC-M 1,QA1,"5""",,个,7.45,KG,
,CPE00067,45°长半径弯头,SCH10S,SS,BW,022Cr19Ni10,1916T3017,ASME B16.9,RCC-M 2,QA1,"5""",,个,1.8,KG,
,CPE00068,45°长半径弯头,SCH160,SS,BW,022Cr19Ni10,1916T3017,ASME B16.9,RCC-M 2,QA1,"5""",,个,7.45,KG,
,CPE00069,45°长半径弯头,SCH160,SS,BW,P280GH,1916T3019,ASME B16.9,RCC-M 2,QA1,"5""",,个,7.45,KG,
,CPE00070,45°长半径弯头,SCH40,SS,BW,20,1916T3019,ASME B16.9,RCC-M 2,QA1,"5""",,个,3.45,KG,
,CPE00071,45°长半径弯头,SCH40S,SS,BW,022Cr19Ni10,1916T3017,ASME B16.9,RCC-M 2,QA1,"5""",,个,3.4,KG,
,CPE00072,45°长半径弯头,SCH80,SS,BW,20,1916T3019,ASME B16.9,RCC-M 2,QA1,"5""",,个,4.81,KG,
,CPE00073,45°长半径弯头,SCH80S,SS,BW,022Cr19Ni10,1916T3017,ASME B16.9,RCC-M 2,QA1,"5""",,个,4.8,KG,
,CPE00074,45°长半径弯头,SCH10S,SS,BW,022Cr19Ni10,1916T3017,ASME B16.9,RCC-M 3,QA2,"5""",,个,1.8,KG,
,CPE00075,45°长半径弯头,SCH40,SS,BW,20,1916T3019,ASME B16.9,RCC-M 3,QA2,"5""",,个,3.45,KG,
,CPE00076,45°长半径弯头,SCH40S,SS,BW,022Cr19Ni10,1916T3017,ASME B16.9,RCC-M 3,QA2,"5""",,个,3.4,KG,
,CPE00077,45°长半径弯头,SCH10S,SS,BW,022Cr17Ni12Mo2,1916T3023,ASME B16.9,NA,QNCa,"5""",,个,1.8,KG,
,CPE00078,45°长半径弯头,SCH10S,SS,BW,022Cr19Ni10,1916T3023,ASME B16.9,NA,QNCa,"5""",,个,1.8,KG,
,CPE00079,45°长半径弯头,SCH160,SS,BW,022Cr19Ni10,1916T3017,ASME B16.9,RCC-M 1,QA1,"6""",,个,12.3,KG,
,CPE00080,45°长半径弯头,4.37mm,SS,BW,20,1916T3019,ASME B16.9,RCC-M 2,QA1,"6""",,个,5.9,KG,
,CPE00081,45°长半径弯头,SCH10S,SS,BW,022Cr19Ni10,1916T3017,ASME B16.9,RCC-M 2,QA1,"6""",,个,12.3,KG,
,CPE00082,45°长半径弯头,SCH120,SS,BW,P280GH,1916T3019,ASME B16.9,RCC-M 2,QA1,"6""",,个,9.85,KG,
,CPE00083,45°长半径弯头,SCH160,SS,BW,022Cr19Ni10,1916T3017,ASME B16.9,RCC-M 2,QA1,"6""",,个,12.3,KG,
,CPE00084,45°长半径弯头,SCH160,SS,BW,P280GH,1916T3019,ASME B16.9,RCC-M 2,QA1,"6""",,个,12.3,KG,
,CPE00085,45°长半径弯头,SCH40,SS,BW,20,1916T3019,ASME B16.9,RCC-M 2,QA1,"6""",,个,5.35,KG,
,CPE00086,45°长半径弯头,SCH40S,SS,BW,022Cr19Ni10,1916T3017,ASME B16.9,RCC-M 2,QA1,"6""",,个,5.4,KG,
,CPE00087,45°长半径弯头,SCH80,SS,BW,20,1916T3019,ASME B16.9,RCC-M 2,QA1,"6""",,个,8.25,KG,
,CPE00088,45°长半径弯头,SCH80S,SS,BW,022Cr19Ni10,1916T3017,ASME B16.9,RCC-M 2,QA1,"6""",,个,8.2,KG,
,CPE00089,45°长半径弯头,4.37mm,SS,BW,20,1916T3019,ASME B16.9,RCC-M 3,QA2,"6""",,个,5.9,KG,
,CPE00090,45°长半径弯头,SCH10S,SS,BW,022Cr19Ni10,1916T3017,ASME B16.9,RCC-M 3,QA2,"6""",,个,2.75,KG,
,CPE00091,45°长半径弯头,SCH40,SS,BW,20,1916T3019,ASME B16.9,RCC-M 3,QA2,"6""",,个,5.35,KG,
,CPE00092,45°长半径弯头,SCH40S,SS,BW,022Cr19Ni10,1916T3017,ASME B16.9,RCC-M 3,QA2,"6""",,个,5.4,KG,
,CPE00093,45°长半径弯头,4.37mm,SS,BW,20,1916T3025,ASME B16.9,NA,QNCa,"6""",,个,5.1,KG,
,CPE00094,45°长半径弯头,SCH10S,SS,BW,022Cr17Ni12Mo2,1916T3023,ASME B16.9,NA,QNCa,"6""",,个,2.75,KG,
,CPE00095,45°长半径弯头,SCH10S,SS,BW,022Cr19Ni10,1916T3023,ASME B16.9,NA,QNCa,"6""",,个,2.72,KG,
,CPE00096,45°长半径弯头,SCH160,SS,BW,022Cr19Ni10,1916T3017,ASME B16.9,RCC-M 1,QA1,"8""",,个,27,KG,
,CPE00097,45°长半径弯头,SCH10S,SS,BW,022Cr19Ni10,1916T3017,ASME B16.9,RCC-M 2,QA1,"8""",,个,5.3,KG,
,CPE00098,45°长半径弯头,SCH120,SS,BW,P280GH,1916T3019,ASME B16.9,RCC-M 2,QA1,"8""",,个,21.95,KG,
,CPE00099,45°长半径弯头,SCH160,SS,BW,022Cr19Ni10,1916T3017,ASME B16.9,RCC-M 2,QA1,"8""",,个,27,KG,
,CPE00100,45°长半径弯头,SCH160,SS,BW,P280GH,1916T3019,ASME B16.9,RCC-M 2,QA1,"8""",,个,27,KG,
,CPE00101,45°长半径弯头,SCH20,SS,BW,20,1916T3019,ASME B16.9,RCC-M 2,QA1,"8""",,个,8.25,KG,
,CPE00102,45°长半径弯头,SCH40,SS,BW,20,1916T3019,ASME B16.9,RCC-M 2,QA1,"8""",,个,10.8,KG,
,CPE00103,45°长半径弯头,SCH40S,SS,BW,022Cr19Ni10,1916T3017,ASME B16.9,RCC-M 2,QA1,"8""",,个,10.7,KG,
,CPE00104,45°长半径弯头,SCH80,SS,BW,20,1916T3019,ASME B16.9,RCC-M 2,QA1,"8""",,个,15.8,KG,
,CPE00105,45°长半径弯头,SCH80S,SS,BW,022Cr19Ni10,1916T3017,ASME B16.9,RCC-M 2,QA1,"8""",,个,16.5,KG,
,CPE00106,45°长半径弯头,SCH10S,SS,BW,022Cr19Ni10,1916T3017,ASME B16.9,RCC-M 3,QA2,"8""",,个,5.3,KG,
,CPE00107,45°长半径弯头,SCH20,SS,BW,20,1916T3019,ASME B16.9,RCC-M 3,QA2,"8""",,个,8.25,KG,
,CPE00108,45°长半径弯头,SCH40,SS,BW,20,1916T3019,ASME B16.9,RCC-M 3,QA2,"8""",,个,10.8,KG,
,CPE00109,45°长半径弯头,SCH40S,SS,BW,022Cr19Ni10,1916T3017,ASME B16.9,RCC-M 3,QA2,"8""",,个,10.7,KG,
,CPE00110,45°长半径弯头,SCH10S,SS,BW,022Cr17Ni12Mo2,1916T3023,ASME B16.9,NA,QNCa,"8""",,个,5.3,KG,
,CPE00111,45°长半径弯头,SCH10S,SS,BW,022Cr19Ni10,1916T3023,ASME B16.9,NA,QNCa,"8""",,个,6.3,KG,
,CPE00112,45°长半径弯头,SCH20,SS,BW,20,1916T3025,ASME B16.9,NA,QNCa,"8""",,个,9,KG,
,CPE00113,45°长半径弯头,SCH140,SS,BW,026Cr18Ni12Mo2N,1916T3017,ASME B16.9,RCC-M 1,QA1,"10""",,个,47,KG,
,CPE00114,45°长半径弯头,SCH10S,SS,BW,022Cr19Ni10,1916T3017,ASME B16.9,RCC-M 2,QA1,"10""",,个,9.8,KG,
,CPE00115,45°长半径弯头,SCH140,SS,BW,022Cr19Ni10,1916T3017,ASME B16.9,RCC-M 2,QA1,"10""",,个,47,KG,
,CPE00116,45°长半径弯头,SCH160,SS,BW,P280GH,1916T3019,ASME B16.9,RCC-M 2,QA1,"10""",,个,52.2,KG,
,CPE00117,45°长半径弯头,SCH20,SS,BW,20,1916T3019,ASME B16.9,RCC-M 2,QA1,"10""",,个,12.9,KG,
,CPE00118,45°长半径弯头,SCH40,SS,BW,20,1916T3019,ASME B16.9,RCC-M 2,QA1,"10""",,个,18.5,KG,
,CPE00119,45°长半径弯头,SCH60,SS,BW,P280GH,1916T3019,ASME B16.9,RCC-M 2,QA1,"10""",,个,24.3,KG,
,CPE00120,45°长半径弯头,SCH80,SS,BW,20,1916T3019,ASME B16.9,RCC-M 2,QA1,"10""",,个,30.35,KG,
,CPE00121,45°长半径弯头,SCH80S,SS,BW,022Cr19Ni10,1916T3017,ASME B16.9,RCC-M 2,QA1,"10""",,个,26,KG,
,CPE00122,45°长半径弯头,SCH10S,SS,BW,022Cr19Ni10,1916T3017,ASME B16.9,RCC-M 3,QA2,"10""",,个,9.8,KG,
,CPE00123,45°长半径弯头,SCH20,SS,BW,20,1916T3019,ASME B16.9,RCC-M 3,QA2,"10""",,个,12.9,KG,
,CPE00124,45°长半径弯头,SCH40,SS,BW,20,1916T3019,ASME B16.9,RCC-M 3,QA2,"10""",,个,18.5,KG,
,CPE00125,45°长半径弯头,SCH80S,SS,BW,022Cr19Ni10,1916T3017,ASME B16.9,RCC-M 3,QA2,"10""",,个,26,KG,
,CPE00126,45°长半径弯头,SCH10S,SS,BW,022Cr17Ni12Mo2,1916T3023,ASME B16.9,NA,QNCa,"10""",,个,9.8,KG,
,CPE00127,45°长半径弯头,SCH10S,SS,BW,022Cr19Ni10,1916T3023,ASME B16.9,NA,QNCa,"10""",,个,9.79,KG,
,CPE00128,45°长半径弯头,SCH20,SS,BW,20,1916T3025,ASME B16.9,NA,QNCa,"10""",,个,12.9,KG,
,CPE00129,45°长半径弯头,SCH140,SS,BW,026Cr18Ni12Mo2N,1916T3017,ASME B16.9,RCC-M 1,QA1,"12""",,个,75.7,KG,
,CPE00130,45°长半径弯头,7.14mm,SS,BW,20,1916T3019,ASME B16.9,RCC-M 2,QA1,"12""",,个,,KG,
,CPE00131,45°长半径弯头,SCH10S,SS,BW,022Cr19Ni10,1916T3017,ASME B16.9,RCC-M 2,QA1,"12""",,个,13.6,KG,
,CPE00132,45°长半径弯头,SCH140,SS,BW,022Cr19Ni10,1916T3017,ASME B16.9,RCC-M 2,QA1,"12""",,个,75.7,KG,
,CPE00133,45°长半径弯头,SCH160,SS,BW,P280GH,1916T3019,ASME B16.9,RCC-M 2,QA1,"12""",,个,86.85,KG,
,CPE00134,45°长半径弯头,SCH40,SS,BW,20,1916T3019,ASME B16.9,RCC-M 2,QA1,"12""",,个,30.5,KG,
,CPE00135,45°长半径弯头,SCH80,SS,BW,20,1916T3019,ASME B16.9,RCC-M 2,QA1,"12""",,个,48.7,KG,
,CPE00136,45°长半径弯头,SCH80S,SS,BW,022Cr19Ni10,1916T3017,ASME B16.9,RCC-M 2,QA1,"12""",,个,40,KG,
,CPE00137,45°长半径弯头,7.14mm,SS,BW,20,1916T3019,ASME B16.9,RCC-M 3,QA2,"12""",,个,26.6,KG,
,CPE00138,45°长半径弯头,SCH10S,SS,BW,022Cr19Ni10,1916T3017,ASME B16.9,RCC-M 3,QA2,"12""",,个,13.6,KG,
,CPE00139,45°长半径弯头,SCH40,SS,BW,20,1916T3019,ASME B16.9,RCC-M 3,QA2,"12""",,个,30.5,KG,
,CPE00140,45°长半径弯头,SCH80S,SS,BW,022Cr19Ni10,1916T3017,ASME B16.9,RCC-M 3,QA2,"12""",,个,40,KG,
,CPE00141,45°长半径弯头,7.14mm,SS,BW,20,1916T3025,ASME B16.9,NA,QNCa,"12""",,个,27,KG,
,CPE00142,45°长半径弯头,SCH10S,SS,BW,022Cr17Ni12Mo2,1916T3023,ASME B16.9,NA,QNCa,"12""",,个,13.6,KG,
,CPE00143,45°长半径弯头,SCH10S,SS,BW,022Cr19Ni10,1916T3023,ASME B16.9,NA,QNCa,"12""",,个,13.6,KG,
,CPE00144,45°长半径弯头,SCH20,SS,BW,20,1916T3025,ASME B16.9,NA,QNCa,"12""",,个,24.8,KG,
,CPE00145,45°长半径弯头,SCH140,SS,BW,026Cr18Ni12Mo2N,1916T3017,ASME B16.9,RCC-M 1,QA1,"14""",,个,107.6,KG,
,CPE00146,45°长半径弯头,SCH10S,SS,BW,022Cr19Ni10,1916T3017,ASME B16.9,RCC-M 2,QA1,"14""",,个,18.1,KG,
,CPE00147,45°长半径弯头,SCH140,SS,BW,022Cr19Ni10,1916T3017,ASME B16.9,RCC-M 2,QA1,"14""",,个,107.6,KG,
,CPE00148,45°长半径弯头,SCH160,SS,BW,P280GH,1916T3019,ASME B16.9,RCC-M 2,QA1,"14""",,个,119.55,KG,
,CPE00149,45°长半径弯头,SCH20,SS,BW,20,1916T3019,ASME B16.9,RCC-M 2,QA1,"14""",,个,30.1,KG,
,CPE00150,45°长半径弯头,SCH40,SS,BW,20,1916T3019,ASME B16.9,RCC-M 2,QA1,"14""",,个,42.55,KG,
,CPE00151,45°长半径弯头,SCH60,SS,BW,022Cr19Ni10,1916T3017,ASME B16.9,RCC-M 2,QA1,"14""",,个,46,KG,
,CPE00152,45°长半径弯头,SCH80,SS,BW,20,1916T3019,ASME B16.9,RCC-M 2,QA1,"14""",,个,69.5,KG,
,CPE00153,45°长半径弯头,SCH80S,SS,BW,022Cr19Ni10,1916T3017,ASME B16.9,RCC-M 2,QA1,"14""",,个,46,KG,
,CPE00154,45°长半径弯头,SCH20,SS,BW,20,1916T3019,ASME B16.9,RCC-M 3,QA2,"14""",,个,30.1,KG,
,CPE00155,45°长半径弯头,SCH40,SS,BW,20,1916T3019,ASME B16.9,RCC-M 3,QA2,"14""",,个,42.55,KG,
,CPE00156,45°长半径弯头,SCH60,SS,BW,022Cr19Ni10,1916T3017,ASME B16.9,RCC-M 3,QA2,"14""",,个,55.84,KG,
,CPE00157,45°长半径弯头,SCH10S,SS,BW,022Cr17Ni12Mo2,1916T3023,ASME B16.9,NA,QNCa,"14""",,个,18.1,KG,
,CPE00158,45°长半径弯头,SCH10S,SS,BW,022Cr19Ni10,1916T3023,ASME B16.9,NA,QNCa,"14""",,个,18.1,KG,
,CPE00159,45°长半径弯头,SCH20,SS,BW,20,1916T3025,ASME B16.9,NA,QNCa,"14""",,个,32,KG,
,CPE00160,45°长半径弯头,SCH140,SS,BW,026Cr18Ni12Mo2N,1916T3017,ASME B16.9,RCC-M 1,QA1,"16""",,个,161.6,KG,
,CPE00161,45°长半径弯头,8.74mm,SS,BW,20,1916T3019,ASME B16.9,RCC-M 2,QA1,"16""",,个,,KG,
,CPE00162,45°长半径弯头,SCH10S,SS,BW,022Cr19Ni10,1916T3017,ASME B16.9,RCC-M 2,QA1,"16""",,个,23.8,KG,
,CPE00163,45°长半径弯头,SCH140,SS,BW,022Cr19Ni10,1916T3017,ASME B16.9,RCC-M 2,QA1,"16""",,个,161.6,KG,
,CPE00164,45°长半径弯头,SCH160,SS,BW,P280GH,1916T3019,ASME B16.9,RCC-M 2,QA1,"16""",,个,177.2,KG,
,CPE00165,45°长半径弯头,SCH40,SS,BW,20,1916T3019,ASME B16.9,RCC-M 2,QA1,"16""",,个,60.5,KG,
,CPE00166,45°长半径弯头,SCH40S,SS,BW,022Cr19Ni10,1916T3017,ASME B16.9,RCC-M 2,QA1,"16""",,个,46.2,KG,
,CPE00167,45°长半径弯头,SCH60,SS,BW,022Cr19Ni10,1916T3017,ASME B16.9,RCC-M 2,QA1,"16""",,个,80.81,KG,
,CPE00168,45°长半径弯头,SCH80,SS,BW,20,1916T3019,ASME B16.9,RCC-M 2,QA1,"16""",,个,100,KG,
,CPE00169,45°长半径弯头,SCH80S,SS,BW,022Cr19Ni10,1916T3017,ASME B16.9,RCC-M 2,QA1,"16""",,个,,KG,
,CPE00170,45°长半径弯头,9.8mm,SS,BW,20,1916T3019,ASME B16.9,RCC-M 3,QA2,"16""",,个,,KG,
,CPE00171,45°长半径弯头,SCH40,SS,BW,20,1916T3019,ASME B16.9,RCC-M 3,QA2,"16""",,个,60.5,KG,
,CPE00172,45°长半径弯头,SCH60,SS,BW,022Cr19Ni10,1916T3017,ASME B16.9,RCC-M 3,QA2,"16""",,个,80.81,KG,
,CPE00173,45°长半径弯头,SCH10S,SS,BW,022Cr17Ni12Mo2,1916T3023,ASME B16.9,NA,QNCa,"16""",,个,23.8,KG,
,CPE00174,45°长半径弯头,SCH10S,SS,BW,022Cr19Ni10,1916T3023,ASME B16.9,NA,QNCa,"16""",,个,23.8,KG,
,CPE00175,45°长半径弯头,SCH20,SS,BW,20,1916T3025,ASME B16.9,NA,QNCa,"16""",,个,39,KG,
,CPE00176,45°长半径弯头,SCH140,SS,BW,026Cr18Ni12Mo2N,1916T3017,ASME B16.9,RCC-M 1,QA1,"18""",,个,222.75,KG,
,CPE00177,45°长半径弯头,31.75mm,SS,BW,P280GH,1916T3019,ASME B16.9,RCC-M 2,QA1,"18""",,个,396.44,KG,
,CPE00178,45°长半径弯头,SCH140,SS,BW,022Cr19Ni10,1916T3017,ASME B16.9,RCC-M 2,QA1,"18""",,个,222.75,KG,
,CPE00179,45°长半径弯头,SCH20,SS,BW,022Cr19Ni10,1916T3017,ASME B16.9,RCC-M 2,QA1,"18""",,个,43.85,KG,
,CPE00180,45°长半径弯头,SCH10,FS,BW,Q265HR,1916T3021,ASME B16.9,RCC-M 3,QA2,"18""",,个,28.1,KG,
,CPE00181,45°长半径弯头,SCH140,SS,BW,026Cr18Ni12Mo2N,1916T3017,ASME B16.9,RCC-M 1,QA1,"20""",,个,308.05,KG,
,CPE00182,45°长半径弯头,SCH140,SS,BW,022Cr19Ni10,1916T3017,ASME B16.9,RCC-M 2,QA1,"20""",,个,308.05,KG,
,CPE00183,45°长半径弯头,SCH10,FS,BW,Q265HR,1916T3021,ASME B16.9,RCC-M 3,QA2,"20""",,个,41.1,KG,
,CPE00184,45°长半径弯头,SCH20,SS,BW,20,1916T3025,ASME B16.9,NA,QNCa,"20""",,个,73.5,KG,
,CPE00185,45°长半径弯头,SCH140,SS,BW,026Cr18Ni12Mo2N,1916T3017,ASME B16.9,RCC-M 1,QA1,"22""",,个,301.05,KG,
,CPE00186,45°长半径弯头,SCH140,SS,BW,022Cr19Ni10,1916T3017,ASME B16.9,RCC-M 2,QA1,"22""",,个,301.05,KG,
,CPE00187,45°长半径弯头,SCH10,FS,BW,Q265HR,1916T3021,ASME B16.9,RCC-M 3,QA2,"22""",,个,49.8,KG,
,CPE00188,45°长半径弯头,SCH30,SS,BW,20,1916T3025,ASME B16.9,NA,QNCa,"22""",,个,128.1,KG,
,CPE00189,45°长半径弯头,SCH140,SS,BW,026Cr18Ni12Mo2N,1916T3017,ASME B16.9,RCC-M 1,QA1,"24""",,个,523.9,KG,
,CPE00190,45°长半径弯头,SCH140,SS,BW,022Cr19Ni10,1916T3017,ASME B16.9,RCC-M 2,QA1,"24""",,个,523.9,KG,
,CPE00191,45°长半径弯头,SCH10,FS,BW,Q265HR,1916T3021,ASME B16.9,RCC-M 3,QA2,"24""",,个,68,KG,
,CPE00192,45°长半径弯头,SCH10,FS,BW,Q265HR,1916T3021,ASME B16.9,RCC-M 3,QA2,"26""",,个,104,KG,
,CPE00193,45°长半径弯头,SCH10,FS,BW,Q265HR,1916T3021,ASME B16.9,RCC-M 3,QA2,"28""",,个,121,KG,
,CPE00194,45°长半径弯头,SCH10,FS,BW,Q265HR,1916T3021,ASME B16.9,RCC-M 3,QA2,"30""",,个,132.5,KG,
,CPE00195,45°长半径弯头,32mm,SS,BW,P280GH,1916T3031,ASME B16.9,RCC-M 2,QA1,"32""",,个,803.33,KG,
,CPE00196,45°长半径弯头,46mm,SS,BW,P280GH,1916T3031,ASME B16.9,RCC-M 2,QA1,"32""",,个,,KG,
,CPE00197,45°长半径弯头,9.52mm,FS,BW,Q265HR,1916T3021,ASME B16.9,RCC-M 3,QA2,"32""",,个,193,KG,
,CPE00198,45°长半径弯头,9.52mm,FS,BW,Q265HR,1916T3021,ASME B16.9,RCC-M 3,QA2,"34""",,个,215,KG,
,CPE00199,45°长半径弯头,9.52mm,FS,BW,Q265HR,1916T3021,ASME B16.9,RCC-M 3,QA2,"36""",,个,241,KG,
,CPE00201,45°弯头,CL6000,FO,SW,022Cr19Ni10,1916T3038,ASME B16.11,RCC-M 1,QA1,"1/4""",,个,0.16,KG,
,CPE00202,45°弯头,CL3000,FO,SW,022Cr19Ni10,1916T3038,ASME B16.11,RCC-M 2,QA1,"1/4""",,个,0.08,KG,
,CPE00203,45°弯头,CL3000,FO,SW,20,1916T3037,ASME B16.11,RCC-M 2,QA1,"1/4""",,个,0.08,KG,
,CPE00204,45°弯头,CL6000,FO,SW,022Cr19Ni10,1916T3038,ASME B16.11,RCC-M 2,QA1,"1/4""",,个,0.16,KG,
,CPE00205,45°弯头,CL6000,FO,SW,20,1916T3037,ASME B16.11,RCC-M 2,QA1,"1/4""",,个,0.16,KG,
,CPE00206,45°弯头,CL6000,FO,SW,P280GH,1916T3052,ASME B16.11,RCC-M 2,QA1,"1/4""",,个,0.16,KG,
,CPE00208,45°弯头,CL3000,FO,SW,022Cr17Ni12Mo2,1916T3038,ASME B16.11,RCC-M 3,QA2,"1/4""",,个,0.08,KG,
,CPE00209,45°弯头,CL3000,FO,SW,022Cr19Ni10,1916T3038,ASME B16.11,RCC-M 3,QA2,"1/4""",,个,0.08,KG,
,CPE00210,45°弯头,CL3000,FO,SW,20,1916T3037,ASME B16.11,RCC-M 3,QA2,"1/4""",,个,0.08,KG,
,CPE00211,45°弯头,CL3000,FO,SW,022Cr17Ni12Mo2,1916T3023,ASME B16.11,NA,QNCa,"1/4""",,个,0.08,KG,
,CPE00212,45°弯头,CL3000,FO,SW,022Cr19Ni10,1916T3023,ASME B16.11,NA,QNCa,"1/4""",,个,0.08,KG,
,CPE00213,45°弯头,CL3000,FO,SW,20,1916T3025,ASME B16.11,NA,QNCa,"1/4""",,个,0.08,KG,
,CPE00214,45°弯头,CL6000,FO,SW,022Cr19Ni10,1916T3038,ASME B16.11,RCC-M 1,QA1,"3/8""",,个,0.28,KG,
,CPE00215,45°弯头,CL3000,FO,SW,022Cr19Ni10,1916T3038,ASME B16.11,RCC-M 2,QA1,"3/8""",,个,0.12,KG,
,CPE00216,45°弯头,CL3000,FO,SW,20,1916T3037,ASME B16.11,RCC-M 2,QA1,"3/8""",,个,0.12,KG,
,CPE00217,45°弯头,CL6000,FO,SW,022Cr19Ni10,1916T3038,ASME B16.11,RCC-M 2,QA1,"3/8""",,个,0.28,KG,
,CPE00218,45°弯头,CL6000,FO,SW,20,1916T3037,ASME B16.11,RCC-M 2,QA1,"3/8""",,个,0.28,KG,
,CPE00219,45°弯头,CL6000,FO,SW,P280GH,1916T3052,ASME B16.11,RCC-M 2,QA1,"3/8""",,个,0.28,KG,
,CPE00221,45°弯头,CL3000,FO,SW,022Cr17Ni12Mo2,1916T3038,ASME B16.11,RCC-M 3,QA2,"3/8""",,个,0.12,KG,
,CPE00222,45°弯头,CL3000,FO,SW,022Cr19Ni10,1916T3038,ASME B16.11,RCC-M 3,QA2,"3/8""",,个,0.12,KG,
,CPE00223,45°弯头,CL3000,FO,SW,20,1916T3037,ASME B16.11,RCC-M 3,QA2,"3/8""",,个,0.12,KG,
,CPE00224,45°弯头,CL3000,FO,SW,022Cr17Ni12Mo2,1916T3023,ASME B16.11,NA,QNCa,"3/8""",,个,0.12,KG,
,CPE00225,45°弯头,CL3000,FO,SW,022Cr19Ni10,1916T3023,ASME B16.11,NA,QNCa,"3/8""",,个,0.12,KG,
,CPE00226,45°弯头,CL3000,FO,SW,20,1916T3025,ASME B16.11,NA,QNCa,"3/8""",,个,0.12,KG,
,CPE00227,45°弯头,CL6000,FO,SW,022Cr19Ni10,1916T3038,ASME B16.11,RCC-M 1,QA1,"1/2""",,个,0.3,KG,
,CPE00228,45°弯头,CL3000,FO,SW,022Cr19Ni10,1916T3038,ASME B16.11,RCC-M 2,QA1,"1/2""",,个,0.22,KG,
,CPE00229,45°弯头,CL3000,FO,SW,20,1916T3037,ASME B16.11,RCC-M 2,QA1,"1/2""",,个,0.22,KG,
,CPE00230,45°弯头,CL6000,FO,SW,022Cr19Ni10,1916T3038,ASME B16.11,RCC-M 2,QA1,"1/2""",,个,0.3,KG,
,CPE00231,45°弯头,CL6000,FO,SW,20,1916T3037,ASME B16.11,RCC-M 2,QA1,"1/2""",,个,0.3,KG,
,CPE00232,45°弯头,CL6000,FO,SW,P280GH,1916T3052,ASME B16.11,RCC-M 2,QA1,"1/2""",,个,0.3,KG,
,CPE00234,45°弯头,CL3000,FO,SW,022Cr17Ni12Mo2,1916T3038,ASME B16.11,RCC-M 3,QA2,"1/2""",,个,0.22,KG,
,CPE00235,45°弯头,CL3000,FO,SW,022Cr19Ni10,1916T3038,ASME B16.11,RCC-M 3,QA2,"1/2""",,个,0.22,KG,
,CPE00236,45°弯头,CL3000,FO,SW,20,1916T3037,ASME B16.11,RCC-M 3,QA2,"1/2""",,个,0.22,KG,
,CPE00237,45°弯头,CL3000,FO,SW,022Cr17Ni12Mo2,1916T3023,ASME B16.11,NA,QNCa,"1/2""",,个,0.22,KG,
,CPE00238,45°弯头,CL3000,FO,SW,022Cr19Ni10,1916T3023,ASME B16.11,NA,QNCa,"1/2""",,个,0.22,KG,
,CPE00239,45°弯头,CL3000,FO,SW,20,1916T3025,ASME B16.11,NA,QNCa,"1/2""",,个,0.3,KG,
,CPE00240,45°弯头,CL6000,FO,SW,022Cr19Ni10,1916T3038,ASME B16.11,RCC-M 1,QA1,"3/4""",,个,0.59,KG,
,CPE00241,45°弯头,CL3000,FO,SW,022Cr19Ni10,1916T3038,ASME B16.11,RCC-M 2,QA1,"3/4""",,个,0.28,KG,
,CPE00242,45°弯头,CL3000,FO,SW,20,1916T3037,ASME B16.11,RCC-M 2,QA1,"3/4""",,个,0.28,KG,
,CPE00243,45°弯头,CL6000,FO,SW,022Cr19Ni10,1916T3038,ASME B16.11,RCC-M 2,QA1,"3/4""",,个,0.59,KG,
,CPE00244,45°弯头,CL6000,FO,SW,20,1916T3037,ASME B16.11,RCC-M 2,QA1,"3/4""",,个,0.59,KG,
,CPE00245,45°弯头,CL6000,FO,SW,P280GH,1916T3052,ASME B16.11,RCC-M 2,QA1,"3/4""",,个,0.59,KG,
,CPE00247,45°弯头,CL3000,FO,SW,022Cr17Ni12Mo2,1916T3038,ASME B16.11,RCC-M 3,QA2,"3/4""",,个,0.28,KG,
,CPE00248,45°弯头,CL3000,FO,SW,022Cr19Ni10,1916T3038,ASME B16.11,RCC-M 3,QA2,"3/4""",,个,0.28,KG,
,CPE00249,45°弯头,CL3000,FO,SW,20,1916T3037,ASME B16.11,RCC-M 3,QA2,"3/4""",,个,0.28,KG,
,CPE00250,45°弯头,CL3000,FO,SW,022Cr17Ni12Mo2,1916T3023,ASME B16.11,NA,QNCa,"3/4""",,个,0.28,KG,
,CPE00251,45°弯头,CL3000,FO,SW,022Cr19Ni10,1916T3023,ASME B16.11,NA,QNCa,"3/4""",,个,0.28,KG,
,CPE00252,45°弯头,CL3000,FO,SW,20,1916T3025,ASME B16.11,NA,QNCa,"3/4""",,个,0.3,KG,
,CPE00253,45°弯头,CL6000,FO,SW,022Cr19Ni10,1916T3038,ASME B16.11,RCC-M 1,QA1,"1""",,个,0.9,KG,
,CPE00254,45°弯头,CL3000,FO,SW,022Cr19Ni10,1916T3038,ASME B16.11,RCC-M 2,QA1,"1""",,个,0.43,KG,
,CPE00255,45°弯头,CL3000,FO,SW,20,1916T3037,ASME B16.11,RCC-M 2,QA1,"1""",,个,0.43,KG,
,CPE00256,45°弯头,CL6000,FO,SW,022Cr19Ni10,1916T3038,ASME B16.11,RCC-M 2,QA1,"1""",,个,0.9,KG,
,CPE00257,45°弯头,CL6000,FO,SW,20,1916T3037,ASME B16.11,RCC-M 2,QA1,"1""",,个,0.9,KG,
,CPE00258,45°弯头,CL6000,FO,SW,P280GH,1916T3052,ASME B16.11,RCC-M 2,QA1,"1""",,个,0.9,KG,
,CPE00260,45°弯头,CL3000,FO,SW,022Cr17Ni12Mo2,1916T3038,ASME B16.11,RCC-M 3,QA2,"1""",,个,0.43,KG,
,CPE00261,45°弯头,CL3000,FO,SW,022Cr19Ni10,1916T3038,ASME B16.11,RCC-M 3,QA2,"1""",,个,0.43,KG,
,CPE00262,45°弯头,CL3000,FO,SW,20,1916T3037,ASME B16.11,RCC-M 3,QA2,"1""",,个,0.43,KG,
,CPE00263,45°弯头,CL3000,FO,SW,022Cr17Ni12Mo2,1916T3023,ASME B16.11,NA,QNCa,"1""",,个,0.43,KG,
,CPE00264,45°弯头,CL3000,FO,SW,022Cr19Ni10,1916T3023,ASME B16.11,NA,QNCa,"1""",,个,0.43,KG,
,CPE00265,45°弯头,CL3000,FO,SW,20,1916T3025,ASME B16.11,NA,QNCa,"1""",,个,0.5,KG,
,CPE00266,45°弯头,CL3000,FO,SW,022Cr19Ni10,1916T3038,ASME B16.11,RCC-M 2,QA1,"1-1/4""",,个,0.65,KG,
,CPE00267,45°弯头,CL3000,FO,SW,20,1916T3037,ASME B16.11,RCC-M 2,QA1,"1-1/4""",,个,0.65,KG,
,CPE00268,45°弯头,CL6000,FO,SW,022Cr19Ni10,1916T3038,ASME B16.11,RCC-M 2,QA1,"1-1/4""",,个,1.15,KG,
,CPE00269,45°弯头,CL6000,FO,SW,20,1916T3037,ASME B16.11,RCC-M 2,QA1,"1-1/4""",,个,1.15,KG,
,CPE00270,45°弯头,CL6000,FO,SW,P280GH,1916T3052,ASME B16.11,RCC-M 2,QA1,"1-1/4""",,个,1.15,KG,
,CPE00272,45°弯头,CL3000,FO,SW,022Cr17Ni12Mo2,1916T3038,ASME B16.11,RCC-M 3,QA2,"1-1/4""",,个,0.65,KG,
,CPE00273,45°弯头,CL3000,FO,SW,022Cr19Ni10,1916T3038,ASME B16.11,RCC-M 3,QA2,"1-1/4""",,个,0.65,KG,
,CPE00274,45°弯头,CL3000,FO,SW,20,1916T3037,ASME B16.11,RCC-M 3,QA2,"1-1/4""",,个,0.65,KG,
,CPE00275,45°弯头,CL3000,FO,SW,022Cr17Ni12Mo2,1916T3023,ASME B16.11,NA,QNCa,"1-1/4""",,个,0.65,KG,
,CPE00276,45°弯头,CL3000,FO,SW,022Cr19Ni10,1916T3023,ASME B16.11,NA,QNCa,"1-1/4""",,个,0.65,KG,
,CPE00277,45°弯头,CL3000,FO,SW,20,1916T3025,ASME B16.11,NA,QNCa,"1-1/4""",,个,0.65,KG,
,CPE00278,45°短半径弯头,SCH160,SS,BW,022Cr19Ni10,1916T3017,ASME B16.9,RCC-M 1,QA1,"1-1/2""",,个,,KG,
,CPE00279,45°弯头,CL3000,FO,SW,022Cr19Ni10,1916T3038,ASME B16.11,RCC-M 2,QA1,"1-1/2""",,个,0.79,KG,
,CPE00280,45°弯头,CL3000,FO,SW,20,1916T3037,ASME B16.11,RCC-M 2,QA1,"1-1/2""",,个,0.79,KG,
,CPE00281,45°弯头,CL6000,FO,SW,022Cr19Ni10,1916T3038,ASME B16.11,RCC-M 2,QA1,"1-1/2""",,个,2.02,KG,
,CPE00282,45°弯头,CL6000,FO,SW,20,1916T3037,ASME B16.11,RCC-M 2,QA1,"1-1/2""",,个,2.02,KG,
,CPE00283,45°弯头,CL6000,FO,SW,P280GH,1916T3052,ASME B16.11,RCC-M 2,QA1,"1-1/2""",,个,2.02,KG,
,CPE00285,45°弯头,CL3000,FO,SW,022Cr17Ni12Mo2,1916T3038,ASME B16.11,RCC-M 3,QA2,"1-1/2""",,个,0.79,KG,
,CPE00286,45°弯头,CL3000,FO,SW,022Cr19Ni10,1916T3038,ASME B16.11,RCC-M 3,QA2,"1-1/2""",,个,0.79,KG,
,CPE00287,45°弯头,CL3000,FO,SW,20,1916T3037,ASME B16.11,RCC-M 3,QA2,"1-1/2""",,个,0.79,KG,
,CPE00288,45°弯头,CL3000,FO,SW,022Cr17Ni12Mo2,1916T3023,ASME B16.11,NA,QNCa,"1-1/2""",,个,0.79,KG,
,CPE00289,45°弯头,CL3000,FO,SW,022Cr19Ni10,1916T3023,ASME B16.11,NA,QNCa,"1-1/2""",,个,0.79,KG,
,CPE00290,45°弯头,CL3000,FO,SW,20,1916T3025,ASME B16.11,NA,QNCa,"1-1/2""",,个,0.8,KG,
,CPE00291,45°短半径弯头,SCH160,SS,BW,022Cr19Ni10,1916T3017,ASME B16.9,RCC-M 1,QA1,"2""",,个,,KG,
,CPE00292,45°弯头,CL3000,FO,SW,022Cr19Ni10,1916T3038,ASME B16.11,RCC-M 2,QA1,"2""",,个,1.25,KG,
,CPE00293,45°弯头,CL3000,FO,SW,20,1916T3037,ASME B16.11,RCC-M 2,QA1,"2""",,个,1.25,KG,
,CPE00294,45°弯头,CL6000,FO,SW,022Cr19Ni10,1916T3038,ASME B16.11,RCC-M 2,QA1,"2""",,个,2.3,KG,
,CPE00295,45°弯头,CL6000,FO,SW,20,1916T3037,ASME B16.11,RCC-M 2,QA1,"2""",,个,2.3,KG,
,CPE00296,45°弯头,CL6000,FO,SW,P280GH,1916T3052,ASME B16.11,RCC-M 2,QA1,"2""",,个,2.3,KG,
,CPE00298,45°弯头,CL3000,FO,SW,022Cr17Ni12Mo2,1916T3038,ASME B16.11,RCC-M 3,QA2,"2""",,个,1.25,KG,
,CPE00299,45°弯头,CL3000,FO,SW,022Cr19Ni10,1916T3038,ASME B16.11,RCC-M 3,QA2,"2""",,个,1.25,KG,
,CPE00300,45°弯头,CL3000,FO,SW,20,1916T3037,ASME B16.11,RCC-M 3,QA2,"2""",,个,1.25,KG,
,CPE00301,45°弯头,CL3000,FO,SW,022Cr17Ni12Mo2,1916T3023,ASME B16.11,NA,QNCa,"2""",,个,1.25,KG,
,CPE00302,45°弯头,CL3000,FO,SW,022Cr19Ni10,1916T3023,ASME B16.11,NA,QNCa,"2""",,个,1.25,KG,
,CPE00303,45°弯头,CL3000,FO,SW,20,1916T3025,ASME B16.11,NA,QNCa,"2""",,个,1.3,KG,
,CPE00304,45°短半径弯头,SCH160,SS,BW,022Cr19Ni10,1916T3017,ASME B16.9,RCC-M 1,QA1,"2-1/2""",,个,,KG,
,CPE00305,45°短半径弯头,3.18mm,SS,BW,20,1916T3019,ASME B16.9,RCC-M 2,QA1,"2-1/2""",,个,,KG,
,CPE00306,45°短半径弯头,SCH10S,SS,BW,022Cr19Ni10,1916T3017,ASME B16.9,RCC-M 2,QA1,"2-1/2""",,个,,KG,
,CPE00307,45°短半径弯头,SCH160,SS,BW,022Cr19Ni10,1916T3017,ASME B16.9,RCC-M 2,QA1,"2-1/2""",,个,,KG,
,CPE00308,45°短半径弯头,SCH160,SS,BW,P280GH,1916T3019,ASME B16.9,RCC-M 2,QA1,"2-1/2""",,个,,KG,
,CPE00309,45°短半径弯头,SCH40,SS,BW,20,1916T3019,ASME B16.9,RCC-M 2,QA1,"2-1/2""",,个,,KG,
,CPE00310,45°短半径弯头,SCH40S,SS,BW,022Cr19Ni10,1916T3017,ASME B16.9,RCC-M 2,QA1,"2-1/2""",,个,,KG,
,CPE00311,45°短半径弯头,SCH80,SS,BW,20,1916T3019,ASME B16.9,RCC-M 2,QA1,"2-1/2""",,个,,KG,
,CPE00312,45°短半径弯头,SCH80,SS,BW,P280GH,1916T3019,ASME B16.9,RCC-M 2,QA1,"2-1/2""",,个,,KG,
,CPE00313,45°短半径弯头,SCH80S,SS,BW,022Cr19Ni10,1916T3017,ASME B16.9,RCC-M 2,QA1,"2-1/2""",,个,,KG,
,CPE00314,45°短半径弯头,3.18mm,SS,BW,20,1916T3019,ASME B16.9,RCC-M 3,QA2,"2-1/2""",,个,,KG,
,CPE00315,45°短半径弯头,SCH10S,SS,BW,022Cr19Ni10,1916T3017,ASME B16.9,RCC-M 3,QA2,"2-1/2""",,个,,KG,
,CPE00316,45°短半径弯头,SCH40,SS,BW,20,1916T3019,ASME B16.9,RCC-M 3,QA2,"2-1/2""",,个,,KG,
,CPE00317,45°短半径弯头,SCH40S,SS,BW,022Cr19Ni10,1916T3017,ASME B16.9,RCC-M 3,QA2,"2-1/2""",,个,,KG,
,CPE00318,45°短半径弯头,3.18mm,SS,BW,20,1916T3025,ASME B16.9,NA,QNCa,"2-1/2""",,个,,KG,
,CPE00319,45°短半径弯头,SCH10S,SS,BW,022Cr17Ni12Mo2,1916T3023,ASME B16.9,NA,QNCa,"2-1/2""",,个,,KG,
,CPE00320,45°短半径弯头,SCH10S,SS,BW,022Cr19Ni10,1916T3023,ASME B16.9,NA,QNCa,"2-1/2""",,个,,KG,
,CPE00321,45°短半径弯头,SCH160,SS,BW,022Cr19Ni10,1916T3017,ASME B16.9,RCC-M 1,QA1,"3""",,个,,KG,
,CPE00322,45°短半径弯头,3.18mm,SS,BW,20,1916T3019,ASME B16.9,RCC-M 2,QA1,"3""",,个,,KG,
,CPE00323,45°短半径弯头,SCH10S,SS,BW,022Cr19Ni10,1916T3017,ASME B16.9,RCC-M 2,QA1,"3""",,个,,KG,
,CPE00324,45°短半径弯头,SCH160,SS,BW,022Cr19Ni10,1916T3017,ASME B16.9,RCC-M 2,QA1,"3""",,个,,KG,
,CPE00325,45°短半径弯头,SCH160,SS,BW,P280GH,1916T3019,ASME B16.9,RCC-M 2,QA1,"3""",,个,,KG,
,CPE00326,45°短半径弯头,SCH40,SS,BW,20,1916T3019,ASME B16.9,RCC-M 2,QA1,"3""",,个,,KG,
,CPE00327,45°短半径弯头,SCH40S,SS,BW,022Cr19Ni10,1916T3017,ASME B16.9,RCC-M 2,QA1,"3""",,个,,KG,
,CPE00328,45°短半径弯头,SCH80,SS,BW,20,1916T3019,ASME B16.9,RCC-M 2,QA1,"3""",,个,,KG,
,CPE00329,45°短半径弯头,SCH80,SS,BW,P280GH,1916T3019,ASME B16.9,RCC-M 2,QA1,"3""",,个,,KG,
,CPE00330,45°短半径弯头,SCH80S,SS,BW,022Cr19Ni10,1916T3017,ASME B16.9,RCC-M 2,QA1,"3""",,个,,KG,
,CPE00331,45°短半径弯头,3.18mm,SS,BW,20,1916T3019,ASME B16.9,RCC-M 3,QA2,"3""",,个,,KG,
,CPE00332,45°短半径弯头,SCH10S,SS,BW,022Cr19Ni10,1916T3017,ASME B16.9,RCC-M 3,QA2,"3""",,个,,KG,
,CPE00333,45°短半径弯头,SCH40,SS,BW,20,1916T3019,ASME B16.9,RCC-M 3,QA2,"3""",,个,,KG,
,CPE00334,45°短半径弯头,SCH40S,SS,BW,022Cr19Ni10,1916T3017,ASME B16.9,RCC-M 3,QA2,"3""",,个,,KG,
,CPE00335,45°短半径弯头,3.18mm,SS,BW,20,1916T3025,ASME B16.9,NA,QNCa,"3""",,个,,KG,
,CPE00336,45°短半径弯头,SCH10S,SS,BW,022Cr17Ni12Mo2,1916T3023,ASME B16.9,NA,QNCa,"3""",,个,,KG,
,CPE00337,45°短半径弯头,SCH10S,SS,BW,022Cr19Ni10,1916T3023,ASME B16.9,NA,QNCa,"3""",,个,,KG,
,CPE00338,45°短半径弯头,SCH160,SS,BW,022Cr19Ni10,1916T3017,ASME B16.9,RCC-M 1,QA1,"3-1/2""",,个,,KG,
,CPE00339,45°短半径弯头,SCH10S,SS,BW,022Cr19Ni10,1916T3017,ASME B16.9,RCC-M 2,QA1,"3-1/2""",,个,,KG,
,CPE00340,45°短半径弯头,SCH160,SS,BW,022Cr19Ni10,1916T3017,ASME B16.9,RCC-M 2,QA1,"3-1/2""",,个,,KG,
,CPE00341,45°短半径弯头,SCH160,SS,BW,P280GH,1916T3019,ASME B16.9,RCC-M 2,QA1,"3-1/2""",,个,,KG,
,CPE00342,45°短半径弯头,SCH40,SS,BW,20,1916T3019,ASME B16.9,RCC-M 2,QA1,"3-1/2""",,个,,KG,
,CPE00343,45°短半径弯头,SCH40S,SS,BW,022Cr19Ni10,1916T3017,ASME B16.9,RCC-M 2,QA1,"3-1/2""",,个,,KG,
,CPE00344,45°短半径弯头,SCH80,SS,BW,20,1916T3019,ASME B16.9,RCC-M 2,QA1,"3-1/2""",,个,,KG,
,CPE00345,45°短半径弯头,SCH80,SS,BW,P280GH,1916T3019,ASME B16.9,RCC-M 2,QA1,"3-1/2""",,个,,KG,
,CPE00346,45°短半径弯头,SCH80S,SS,BW,022Cr19Ni10,1916T3017,ASME B16.9,RCC-M 2,QA1,"3-1/2""",,个,,KG,
,CPE00347,45°短半径弯头,SCH10S,SS,BW,022Cr19Ni10,1916T3017,ASME B16.9,RCC-M 3,QA2,"3-1/2""",,个,,KG,
,CPE00348,45°短半径弯头,SCH40,SS,BW,20,1916T3019,ASME B16.9,RCC-M 3,QA2,"3-1/2""",,个,,KG,
,CPE00349,45°短半径弯头,SCH40S,SS,BW,022Cr19Ni10,1916T3017,ASME B16.9,RCC-M 3,QA2,"3-1/2""",,个,,KG,
,CPE00350,45°短半径弯头,SCH10S,SS,BW,022Cr17Ni12Mo2,1916T3023,ASME B16.9,NA,QNCa,"3-1/2""",,个,,KG,
,CPE00351,45°短半径弯头,SCH10S,SS,BW,022Cr19Ni10,1916T3023,ASME B16.9,NA,QNCa,"3-1/2""",,个,,KG,
,CPE00352,45°短半径弯头,SCH160,SS,BW,022Cr19Ni10,1916T3017,ASME B16.9,RCC-M 1,QA1,"4""",,个,,KG,
,CPE00353,45°短半径弯头,3.58mm,SS,BW,20,1916T3019,ASME B16.9,RCC-M 2,QA1,"4""",,个,,KG,
,CPE00354,45°短半径弯头,SCH10S,SS,BW,022Cr19Ni10,1916T3017,ASME B16.9,RCC-M 2,QA1,"4""",,个,,KG,
,CPE00355,45°短半径弯头,SCH160,SS,BW,022Cr19Ni10,1916T3017,ASME B16.9,RCC-M 2,QA1,"4""",,个,,KG,
,CPE00356,45°短半径弯头,SCH160,SS,BW,P280GH,1916T3019,ASME B16.9,RCC-M 2,QA1,"4""",,个,,KG,
,CPE00357,45°短半径弯头,SCH40,SS,BW,20,1916T3019,ASME B16.9,RCC-M 2,QA1,"4""",,个,,KG,
,CPE00358,45°短半径弯头,SCH40S,SS,BW,022Cr19Ni10,1916T3017,ASME B16.9,RCC-M 2,QA1,"4""",,个,,KG,
,CPE00359,45°短半径弯头,SCH80,SS,BW,20,1916T3019,ASME B16.9,RCC-M 2,QA1,"4""",,个,,KG,
,CPE00360,45°短半径弯头,SCH80,SS,BW,P280GH,1916T3019,ASME B16.9,RCC-M 2,QA1,"4""",,个,,KG,
,CPE00361,45°短半径弯头,SCH80S,SS,BW,022Cr19Ni10,1916T3017,ASME B16.9,RCC-M 2,QA1,"4""",,个,,KG,
,CPE00362,45°短半径弯头,3.58mm,SS,BW,20,1916T3019,ASME B16.9,RCC-M 3,QA2,"4""",,个,,KG,
,CPE00363,45°短半径弯头,SCH10S,SS,BW,022Cr19Ni10,1916T3017,ASME B16.9,RCC-M 3,QA2,"4""",,个,,KG,
,CPE00364,45°短半径弯头,SCH40,SS,BW,20,1916T3019,ASME B16.9,RCC-M 3,QA2,"4""",,个,,KG,
,CPE00365,45°短半径弯头,SCH40S,SS,BW,022Cr19Ni10,1916T3017,ASME B16.9,RCC-M 3,QA2,"4""",,个,,KG,
,CPE00366,45°短半径弯头,3.58mm,SS,BW,20,1916T3025,ASME B16.9,NA,QNCa,"4""",,个,,KG,
,CPE00367,45°短半径弯头,SCH10S,SS,BW,022Cr17Ni12Mo2,1916T3023,ASME B16.9,NA,QNCa,"4""",,个,,KG,
,CPE00368,45°短半径弯头,SCH10S,SS,BW,022Cr19Ni10,1916T3023,ASME B16.9,NA,QNCa,"4""",,个,,KG,
,CPE00369,45°短半径弯头,SCH160,SS,BW,022Cr19Ni10,1916T3017,ASME B16.9,RCC-M 1,QA1,"5""",,个,,KG,
,CPE00370,45°短半径弯头,SCH10S,SS,BW,022Cr19Ni10,1916T3017,ASME B16.9,RCC-M 2,QA1,"5""",,个,,KG,
,CPE00371,45°短半径弯头,SCH160,SS,BW,022Cr19Ni10,1916T3017,ASME B16.9,RCC-M 2,QA1,"5""",,个,,KG,
,CPE00372,45°短半径弯头,SCH160,SS,BW,P280GH,1916T3019,ASME B16.9,RCC-M 2,QA1,"5""",,个,,KG,
,CPE00373,45°短半径弯头,SCH40,SS,BW,20,1916T3019,ASME B16.9,RCC-M 2,QA1,"5""",,个,,KG,
,CPE00374,45°短半径弯头,SCH40S,SS,BW,022Cr19Ni10,1916T3017,ASME B16.9,RCC-M 2,QA1,"5""",,个,,KG,
,CPE00375,45°短半径弯头,SCH80,SS,BW,20,1916T3019,ASME B16.9,RCC-M 2,QA1,"5""",,个,,KG,
,CPE00376,45°短半径弯头,SCH80S,SS,BW,022Cr19Ni10,1916T3017,ASME B16.9,RCC-M 2,QA1,"5""",,个,,KG,
,CPE00377,45°短半径弯头,SCH10S,SS,BW,022Cr19Ni10,1916T3017,ASME B16.9,RCC-M 3,QA2,"5""",,个,,KG,
,CPE00378,45°短半径弯头,SCH40,SS,BW,20,1916T3019,ASME B16.9,RCC-M 3,QA2,"5""",,个,,KG,
,CPE00379,45°短半径弯头,SCH40S,SS,BW,022Cr19Ni10,1916T3017,ASME B16.9,RCC-M 3,QA2,"5""",,个,,KG,
,CPE00380,45°短半径弯头,SCH10S,SS,BW,022Cr17Ni12Mo2,1916T3023,ASME B16.9,NA,QNCa,"5""",,个,,KG,
,CPE00381,45°短半径弯头,SCH10S,SS,BW,022Cr19Ni10,1916T3023,ASME B16.9,NA,QNCa,"5""",,个,,KG,
,CPE00382,45°短半径弯头,SCH160,SS,BW,022Cr19Ni10,1916T3017,ASME B16.9,RCC-M 1,QA1,"6""",,个,,KG,
,CPE00383,45°短半径弯头,4.37mm,SS,BW,20,1916T3019,ASME B16.9,RCC-M 2,QA1,"6""",,个,,KG,
,CPE00384,45°短半径弯头,SCH10S,SS,BW,022Cr19Ni10,1916T3017,ASME B16.9,RCC-M 2,QA1,"6""",,个,,KG,
,CPE00385,45°短半径弯头,SCH120,SS,BW,P280GH,1916T3019,ASME B16.9,RCC-M 2,QA1,"6""",,个,,KG,
,CPE00386,45°短半径弯头,SCH160,SS,BW,022Cr19Ni10,1916T3017,ASME B16.9,RCC-M 2,QA1,"6""",,个,,KG,
,CPE00387,45°短半径弯头,SCH160,SS,BW,P280GH,1916T3019,ASME B16.9,RCC-M 2,QA1,"6""",,个,,KG,
,CPE00388,45°短半径弯头,SCH40,SS,BW,20,1916T3019,ASME B16.9,RCC-M 2,QA1,"6""",,个,,KG,
,CPE00389,45°短半径弯头,SCH40S,SS,BW,022Cr19Ni10,1916T3017,ASME B16.9,RCC-M 2,QA1,"6""",,个,,KG,
,CPE00390,45°短半径弯头,SCH80,SS,BW,20,1916T3019,ASME B16.9,RCC-M 2,QA1,"6""",,个,,KG,
,CPE00391,45°短半径弯头,SCH80S,SS,BW,022Cr19Ni10,1916T3017,ASME B16.9,RCC-M 2,QA1,"6""",,个,,KG,
,CPE00392,45°短半径弯头,4.37mm,SS,BW,20,1916T3019,ASME B16.9,RCC-M 3,QA2,"6""",,个,,KG,
,CPE00393,45°短半径弯头,SCH10S,SS,BW,022Cr19Ni10,1916T3017,ASME B16.9,RCC-M 3,QA2,"6""",,个,,KG,
,CPE00394,45°短半径弯头,SCH40,SS,BW,20,1916T3019,ASME B16.9,RCC-M 3,QA2,"6""",,个,,KG,
,CPE00395,45°短半径弯头,SCH40S,SS,BW,022Cr19Ni10,1916T3017,ASME B16.9,RCC-M 3,QA2,"6""",,个,,KG,
,CPE00396,45°短半径弯头,4.37mm,SS,BW,20,1916T3025,ASME B16.9,NA,QNCa,"6""",,个,,KG,
,CPE00397,45°短半径弯头,SCH10S,SS,BW,022Cr17Ni12Mo2,1916T3023,ASME B16.9,NA,QNCa,"6""",,个,,KG,
,CPE00398,45°短半径弯头,SCH10S,SS,BW,022Cr19Ni10,1916T3023,ASME B16.9,NA,QNCa,"6""",,个,,KG,
,CPE00399,45°短半径弯头,SCH160,SS,BW,022Cr19Ni10,1916T3017,ASME B16.9,RCC-M 1,QA1,"8""",,个,,KG,
,CPE00400,45°短半径弯头,SCH10S,SS,BW,022Cr19Ni10,1916T3017,ASME B16.9,RCC-M 2,QA1,"8""",,个,,KG,
,CPE00401,45°短半径弯头,SCH120,SS,BW,P280GH,1916T3019,ASME B16.9,RCC-M 2,QA1,"8""",,个,,KG,
,CPE00402,45°短半径弯头,SCH160,SS,BW,022Cr19Ni10,1916T3017,ASME B16.9,RCC-M 2,QA1,"8""",,个,,KG,
,CPE00403,45°短半径弯头,SCH160,SS,BW,P280GH,1916T3019,ASME B16.9,RCC-M 2,QA1,"8""",,个,,KG,
,CPE00404,45°短半径弯头,SCH20,SS,BW,20,1916T3019,ASME B16.9,RCC-M 2,QA1,"8""",,个,,KG,
,CPE00405,45°短半径弯头,SCH40,SS,BW,20,1916T3019,ASME B16.9,RCC-M 2,QA1,"8""",,个,,KG,
,CPE00406,45°短半径弯头,SCH40S,SS,BW,022Cr19Ni10,1916T3017,ASME B16.9,RCC-M 2,QA1,"8""",,个,,KG,
,CPE00407,45°短半径弯头,SCH80,SS,BW,20,1916T3019,ASME B16.9,RCC-M 2,QA1,"8""",,个,,KG,
,CPE00408,45°短半径弯头,SCH80S,SS,BW,022Cr19Ni10,1916T3017,ASME B16.9,RCC-M 2,QA1,"8""",,个,,KG,
,CPE00409,45°短半径弯头,SCH10S,SS,BW,022Cr19Ni10,1916T3017,ASME B16.9,RCC-M 3,QA2,"8""",,个,,KG,
,CPE00410,45°短半径弯头,SCH20,SS,BW,20,1916T3019,ASME B16.9,RCC-M 3,QA2,"8""",,个,,KG,
,CPE00411,45°短半径弯头,SCH40,SS,BW,20,1916T3019,ASME B16.9,RCC-M 3,QA2,"8""",,个,,KG,
,CPE00412,45°短半径弯头,SCH40S,SS,BW,022Cr19Ni10,1916T3017,ASME B16.9,RCC-M 3,QA2,"8""",,个,,KG,
,CPE00413,45°短半径弯头,SCH10S,SS,BW,022Cr17Ni12Mo2,1916T3023,ASME B16.9,NA,QNCa,"8""",,个,,KG,
,CPE00414,45°短半径弯头,SCH10S,SS,BW,022Cr19Ni10,1916T3023,ASME B16.9,NA,QNCa,"8""",,个,,KG,
,CPE00415,45°短半径弯头,SCH20,SS,BW,20,1916T3025,ASME B16.9,NA,QNCa,"8""",,个,,KG,
,CPE00416,45°短半径弯头,SCH140,SS,BW,026Cr18Ni12Mo2N,1916T3017,ASME B16.9,RCC-M 1,QA1,"10""",,个,,KG,
,CPE00417,45°短半径弯头,SCH10S,SS,BW,022Cr19Ni10,1916T3017,ASME B16.9,RCC-M 2,QA1,"10""",,个,,KG,
,CPE00418,45°短半径弯头,SCH140,SS,BW,022Cr19Ni10,1916T3017,ASME B16.9,RCC-M 2,QA1,"10""",,个,,KG,
,CPE00419,45°短半径弯头,SCH160,SS,BW,P280GH,1916T3019,ASME B16.9,RCC-M 2,QA1,"10""",,个,,KG,
,CPE00420,45°短半径弯头,SCH20,SS,BW,20,1916T3019,ASME B16.9,RCC-M 2,QA1,"10""",,个,,KG,
,CPE00421,45°短半径弯头,SCH40,SS,BW,20,1916T3019,ASME B16.9,RCC-M 2,QA1,"10""",,个,,KG,
,CPE00422,45°短半径弯头,SCH60,SS,BW,P280GH,1916T3019,ASME B16.9,RCC-M 2,QA1,"10""",,个,,KG,
,CPE00423,45°短半径弯头,SCH80,SS,BW,20,1916T3019,ASME B16.9,RCC-M 2,QA1,"10""",,个,,KG,
,CPE00424,45°短半径弯头,SCH80S,SS,BW,022Cr19Ni10,1916T3017,ASME B16.9,RCC-M 2,QA1,"10""",,个,,KG,
,CPE00425,45°短半径弯头,SCH10S,SS,BW,022Cr19Ni10,1916T3017,ASME B16.9,RCC-M 3,QA2,"10""",,个,,KG,
,CPE00426,45°短半径弯头,SCH20,SS,BW,20,1916T3019,ASME B16.9,RCC-M 3,QA2,"10""",,个,,KG,
,CPE00427,45°短半径弯头,SCH40,SS,BW,20,1916T3019,ASME B16.9,RCC-M 3,QA2,"10""",,个,,KG,
,CPE00428,45°短半径弯头,SCH80S,SS,BW,022Cr19Ni10,1916T3017,ASME B16.9,RCC-M 3,QA2,"10""",,个,,KG,
,CPE00429,45°短半径弯头,SCH10S,SS,BW,022Cr17Ni12Mo2,1916T3023,ASME B16.9,NA,QNCa,"10""",,个,,KG,
,CPE00430,45°短半径弯头,SCH10S,SS,BW,022Cr19Ni10,1916T3023,ASME B16.9,NA,QNCa,"10""",,个,,KG,
,CPE00431,45°短半径弯头,SCH20,SS,BW,20,1916T3025,ASME B16.9,NA,QNCa,"10""",,个,,KG,
,CPE00432,45°短半径弯头,SCH140,SS,BW,026Cr18Ni12Mo2N,1916T3017,ASME B16.9,RCC-M 1,QA1,"12""",,个,,KG,
,CPE00433,45°短半径弯头,7.14mm,SS,BW,20,1916T3019,ASME B16.9,RCC-M 2,QA1,"12""",,个,,KG,
,CPE00434,45°短半径弯头,SCH10S,SS,BW,022Cr19Ni10,1916T3017,ASME B16.9,RCC-M 2,QA1,"12""",,个,,KG,
,CPE00435,45°短半径弯头,SCH140,SS,BW,022Cr19Ni10,1916T3017,ASME B16.9,RCC-M 2,QA1,"12""",,个,,KG,
,CPE00436,45°短半径弯头,SCH160,SS,BW,P280GH,1916T3019,ASME B16.9,RCC-M 2,QA1,"12""",,个,,KG,
,CPE00437,45°短半径弯头,SCH40,SS,BW,20,1916T3019,ASME B16.9,RCC-M 2,QA1,"12""",,个,,KG,
,CPE00438,45°短半径弯头,SCH80,SS,BW,20,1916T3019,ASME B16.9,RCC-M 2,QA1,"12""",,个,,KG,
,CPE00439,45°短半径弯头,SCH80S,SS,BW,022Cr19Ni10,1916T3017,ASME B16.9,RCC-M 2,QA1,"12""",,个,,KG,
,CPE00440,45°短半径弯头,7.14mm,SS,BW,20,1916T3019,ASME B16.9,RCC-M 3,QA2,"12""",,个,,KG,
,CPE00441,45°短半径弯头,SCH10S,SS,BW,022Cr19Ni10,1916T3017,ASME B16.9,RCC-M 3,QA2,"12""",,个,,KG,
,CPE00442,45°短半径弯头,SCH40,SS,BW,20,1916T3019,ASME B16.9,RCC-M 3,QA2,"12""",,个,,KG,
,CPE00443,45°短半径弯头,SCH80S,SS,BW,022Cr19Ni10,1916T3017,ASME B16.9,RCC-M 3,QA2,"12""",,个,,KG,
,CPE00444,45°短半径弯头,7.14mm,SS,BW,20,1916T3025,ASME B16.9,NA,QNCa,"12""",,个,,KG,
,CPE00445,45°短半径弯头,SCH10S,SS,BW,022Cr17Ni12Mo2,1916T3023,ASME B16.9,NA,QNCa,"12""",,个,,KG,
,CPE00446,45°短半径弯头,SCH10S,SS,BW,022Cr19Ni10,1916T3023,ASME B16.9,NA,QNCa,"12""",,个,,KG,
,CPE00447,45°短半径弯头,SCH20,SS,BW,20,1916T3025,ASME B16.9,NA,QNCa,"12""",,个,,KG,
,CPE00448,45°短半径弯头,SCH140,SS,BW,026Cr18Ni12Mo2N,1916T3017,ASME B16.9,RCC-M 1,QA1,"14""",,个,,KG,
,CPE00449,45°短半径弯头,SCH10S,SS,BW,022Cr19Ni10,1916T3017,ASME B16.9,RCC-M 2,QA1,"14""",,个,,KG,
,CPE00450,45°短半径弯头,SCH140,SS,BW,022Cr19Ni10,1916T3017,ASME B16.9,RCC-M 2,QA1,"14""",,个,,KG,
,CPE00451,45°短半径弯头,SCH160,SS,BW,P280GH,1916T3019,ASME B16.9,RCC-M 2,QA1,"14""",,个,,KG,
,CPE00452,45°短半径弯头,SCH20,SS,BW,20,1916T3019,ASME B16.9,RCC-M 2,QA1,"14""",,个,,KG,
,CPE00453,45°短半径弯头,SCH40,SS,BW,20,1916T3019,ASME B16.9,RCC-M 2,QA1,"14""",,个,,KG,
,CPE00454,45°短半径弯头,SCH60,SS,BW,022Cr19Ni10,1916T3017,ASME B16.9,RCC-M 2,QA1,"14""",,个,,KG,
,CPE00455,45°短半径弯头,SCH80,SS,BW,20,1916T3019,ASME B16.9,RCC-M 2,QA1,"14""",,个,,KG,
,CPE00456,45°短半径弯头,SCH80S,SS,BW,022Cr19Ni10,1916T3017,ASME B16.9,RCC-M 2,QA1,"14""",,个,,KG,
,CPE00457,45°短半径弯头,SCH20,SS,BW,20,1916T3019,ASME B16.9,RCC-M 3,QA2,"14""",,个,,KG,
,CPE00458,45°短半径弯头,SCH40,SS,BW,20,1916T3019,ASME B16.9,RCC-M 3,QA2,"14""",,个,,KG,
,CPE00459,45°短半径弯头,SCH60,SS,BW,022Cr19Ni10,1916T3017,ASME B16.9,RCC-M 3,QA2,"14""",,个,,KG,
,CPE00460,45°短半径弯头,SCH10S,SS,BW,022Cr17Ni12Mo2,1916T3023,ASME B16.9,NA,QNCa,"14""",,个,,KG,
,CPE00461,45°短半径弯头,SCH10S,SS,BW,022Cr19Ni10,1916T3023,ASME B16.9,NA,QNCa,"14""",,个,,KG,
,CPE00462,45°短半径弯头,SCH20,SS,BW,20,1916T3025,ASME B16.9,NA,QNCa,"14""",,个,,KG,
,CPE00463,45°短半径弯头,SCH140,SS,BW,026Cr18Ni12Mo2N,1916T3017,ASME B16.9,RCC-M 1,QA1,"16""",,个,,KG,
,CPE00464,45°短半径弯头,8.74mm,SS,BW,20,1916T3019,ASME B16.9,RCC-M 2,QA1,"16""",,个,,KG,
,CPE00465,45°短半径弯头,SCH10S,SS,BW,022Cr19Ni10,1916T3017,ASME B16.9,RCC-M 2,QA1,"16""",,个,,KG,
,CPE00466,45°短半径弯头,SCH140,SS,BW,022Cr19Ni10,1916T3017,ASME B16.9,RCC-M 2,QA1,"16""",,个,,KG,
,CPE00467,45°短半径弯头,SCH160,SS,BW,P280GH,1916T3019,ASME B16.9,RCC-M 2,QA1,"16""",,个,,KG,
,CPE00468,45°短半径弯头,SCH40,SS,BW,20,1916T3019,ASME B16.9,RCC-M 2,QA1,"16""",,个,,KG,
,CPE00469,45°短半径弯头,SCH40S,SS,BW,022Cr19Ni10,1916T3017,ASME B16.9,RCC-M 2,QA1,"16""",,个,,KG,
,CPE00470,45°短半径弯头,SCH60,SS,BW,022Cr19Ni10,1916T3017,ASME B16.9,RCC-M 2,QA1,"16""",,个,,KG,
,CPE00471,45°短半径弯头,SCH80,SS,BW,20,1916T3019,ASME B16.9,RCC-M 2,QA1,"16""",,个,,KG,
,CPE00472,45°短半径弯头,SCH80S,SS,BW,022Cr19Ni10,1916T3017,ASME B16.9,RCC-M 2,QA1,"16""",,个,,KG,
,CPE00473,45°短半径弯头,9.8mm,SS,BW,20,1916T3019,ASME B16.9,RCC-M 3,QA2,"16""",,个,,KG,
,CPE00474,45°短半径弯头,SCH40,SS,BW,20,1916T3019,ASME B16.9,RCC-M 3,QA2,"16""",,个,,KG,
,CPE00475,45°短半径弯头,SCH60,SS,BW,022Cr19Ni10,1916T3017,ASME B16.9,RCC-M 3,QA2,"16""",,个,,KG,
,CPE00476,45°短半径弯头,SCH10S,SS,BW,022Cr17Ni12Mo2,1916T3023,ASME B16.9,NA,QNCa,"16""",,个,,KG,
,CPE00477,45°短半径弯头,SCH10S,SS,BW,022Cr19Ni10,1916T3023,ASME B16.9,NA,QNCa,"16""",,个,,KG,
,CPE00478,45°短半径弯头,SCH20,SS,BW,20,1916T3025,ASME B16.9,NA,QNCa,"16""",,个,,KG,
,CPE00479,45°短半径弯头,SCH140,SS,BW,026Cr18Ni12Mo2N,1916T3017,ASME B16.9,RCC-M 1,QA1,"18""",,个,,KG,
,CPE00480,45°短半径弯头,31.75mm,SS,BW,P280GH,1916T3019,ASME B16.9,RCC-M 2,QA1,"18""",,个,,KG,
,CPE00481,45°短半径弯头,SCH140,SS,BW,022Cr19Ni10,1916T3017,ASME B16.9,RCC-M 2,QA1,"18""",,个,,KG,
,CPE00482,45°短半径弯头,SCH20,SS,BW,022Cr19Ni10,1916T3017,ASME B16.9,RCC-M 2,QA1,"18""",,个,,KG,
,CPE00483,45°短半径弯头,SCH10,FS,BW,Q265HR,1916T3021,ASME B16.9,RCC-M 3,QA2,"18""",,个,,KG,
,CPE00484,45°短半径弯头,SCH140,SS,BW,026Cr18Ni12Mo2N,1916T3017,ASME B16.9,RCC-M 1,QA1,"20""",,个,,KG,
,CPE00485,45°短半径弯头,SCH140,SS,BW,022Cr19Ni10,1916T3017,ASME B16.9,RCC-M 2,QA1,"20""",,个,,KG,
,CPE00486,45°短半径弯头,SCH10,FS,BW,Q265HR,1916T3021,ASME B16.9,RCC-M 3,QA2,"20""",,个,,KG,
,CPE00487,45°短半径弯头,SCH20,SS,BW,20,1916T3025,ASME B16.9,NA,QNCa,"20""",,个,,KG,
,CPE00488,45°短半径弯头,SCH140,SS,BW,026Cr18Ni12Mo2N,1916T3017,ASME B16.9,RCC-M 1,QA1,"22""",,个,,KG,
,CPE00489,45°短半径弯头,SCH140,SS,BW,022Cr19Ni10,1916T3017,ASME B16.9,RCC-M 2,QA1,"22""",,个,,KG,
,CPE00490,45°短半径弯头,SCH10,FS,BW,Q265HR,1916T3021,ASME B16.9,RCC-M 3,QA2,"22""",,个,,KG,
,CPE00491,45°短半径弯头,SCH30,SS,BW,20,1916T3025,ASME B16.9,NA,QNCa,"22""",,个,,KG,
,CPE00492,45°短半径弯头,SCH140,SS,BW,026Cr18Ni12Mo2N,1916T3017,ASME B16.9,RCC-M 1,QA1,"24""",,个,,KG,
,CPE00493,45°短半径弯头,SCH140,SS,BW,022Cr19Ni10,1916T3017,ASME B16.9,RCC-M 2,QA1,"24""",,个,,KG,
,CPE00494,45°短半径弯头,SCH10,FS,BW,Q265HR,1916T3021,ASME B16.9,RCC-M 3,QA2,"24""",,个,,KG,
,CPE00495,45°短半径弯头,SCH10,FS,BW,Q265HR,1916T3021,ASME B16.9,RCC-M 3,QA2,"26""",,个,,KG,
,CPE00496,45°短半径弯头,SCH10,FS,BW,Q265HR,1916T3021,ASME B16.9,RCC-M 3,QA2,"28""",,个,,KG,
,CPE00497,45°短半径弯头,SCH10,FS,BW,Q265HR,1916T3021,ASME B16.9,RCC-M 3,QA2,"30""",,个,,KG,
,CPE00498,45°短半径弯头,32mm,SS,BW,P280GH,1916T3031,ASME B16.9,RCC-M 2,QA1,"32""",,个,,KG,
,CPE00499,45°短半径弯头,46mm,SS,BW,P280GH,1916T3031,ASME B16.9,RCC-M 2,QA1,"32""",,个,,KG,
,CPE00500,45°短半径弯头,9.52mm,FS,BW,Q265HR,1916T3021,ASME B16.9,RCC-M 3,QA2,"32""",,个,,KG,
,CPE00501,45°短半径弯头,9.52mm,FS,BW,Q265HR,1916T3021,ASME B16.9,RCC-M 3,QA2,"34""",,个,,KG,
,CPE00502,45°短半径弯头,9.52mm,FS,BW,Q265HR,1916T3021,ASME B16.9,RCC-M 3,QA2,"36""",,个,,KG,
,CPE00504,90°长半径弯头,SCH160,SS,BW,022Cr19Ni10,1916T3017,ASME B16.9,RCC-M 1,QA1,"2-1/2""",,个,2.3,KG,
,CPE00505,90°长半径弯头,3.18mm,SS,BW,20,1916T3019,ASME B16.9,RCC-M 2,QA1,"2-1/2""",,个,1.5,KG,
,CPE00506,90°长半径弯头,SCH10S,SS,BW,022Cr19Ni10,1916T3017,ASME B16.9,RCC-M 2,QA1,"2-1/2""",,个,0.85,KG,
,CPE00507,90°长半径弯头,SCH160,SS,BW,022Cr19Ni10,1916T3017,ASME B16.9,RCC-M 2,QA1,"2-1/2""",,个,2.3,KG,
,CPE00508,90°长半径弯头,SCH160,SS,BW,P280GH,1916T3019,ASME B16.9,RCC-M 2,QA1,"2-1/2""",,个,2.3,KG,
,CPE00509,90°长半径弯头,SCH40,SS,BW,20,1916T3019,ASME B16.9,RCC-M 2,QA1,"2-1/2""",,个,1.37,KG,
,CPE00510,90°长半径弯头,SCH40S,SS,BW,022Cr19Ni10,1916T3017,ASME B16.9,RCC-M 2,QA1,"2-1/2""",,个,1.4,KG,
,CPE00511,90°长半径弯头,SCH80,SS,BW,20,1916T3019,ASME B16.9,RCC-M 2,QA1,"2-1/2""",,个,1.8,KG,
,CPE00512,90°长半径弯头,SCH80,SS,BW,P280GH,1916T3019,ASME B16.9,RCC-M 2,QA1,"2-1/2""",,个,1.8,KG,
,CPE00513,90°长半径弯头,SCH80S,SS,BW,022Cr19Ni10,1916T3017,ASME B16.9,RCC-M 2,QA1,"2-1/2""",,个,1.8,KG,
,CPE00514,90°长半径弯头,3.18mm,SS,BW,20,1916T3019,ASME B16.9,RCC-M 3,QA2,"2-1/2""",,个,1.5,KG,
,CPE00515,90°长半径弯头,SCH10S,SS,BW,022Cr19Ni10,1916T3017,ASME B16.9,RCC-M 3,QA2,"2-1/2""",,个,0.85,KG,
,CPE00516,90°长半径弯头,SCH40,SS,BW,20,1916T3019,ASME B16.9,RCC-M 3,QA2,"2-1/2""",,个,1.37,KG,
,CPE00517,90°长半径弯头,SCH40S,SS,BW,022Cr19Ni10,1916T3017,ASME B16.9,RCC-M 3,QA2,"2-1/2""",,个,1.4,KG,
,CPE00518,90°长半径弯头,3.18mm,SS,BW,20,1916T3025,ASME B16.9,NA,QNCa,"2-1/2""",,个,1.3,KG,
,CPE00519,90°长半径弯头,SCH10S,SS,BW,022Cr17Ni12Mo2,1916T3023,ASME B16.9,NA,QNCa,"2-1/2""",,个,0.85,KG,
,CPE00520,90°长半径弯头,SCH10S,SS,BW,022Cr19Ni10,1916T3023,ASME B16.9,NA,QNCa,"2-1/2""",,个,0.85,KG,
,CPE00521,90°长半径弯头,SCH160,SS,BW,022Cr19Ni10,1916T3017,ASME B16.9,RCC-M 1,QA1,"3""",,个,2.3,KG,
,CPE00522,90°长半径弯头,3.18mm,SS,BW,20,1916T3019,ASME B16.9,RCC-M 2,QA1,"3""",,个,2.2,KG,
,CPE00523,90°长半径弯头,SCH10S,SS,BW,022Cr19Ni10,1916T3017,ASME B16.9,RCC-M 2,QA1,"3""",,个,1.2,KG,
,CPE00524,90°长半径弯头,SCH160,SS,BW,022Cr19Ni10,1916T3017,ASME B16.9,RCC-M 2,QA1,"3""",,个,2.3,KG,
,CPE00525,90°长半径弯头,SCH160,SS,BW,P280GH,1916T3019,ASME B16.9,RCC-M 2,QA1,"3""",,个,3.9,KG,
,CPE00526,90°长半径弯头,SCH40,SS,BW,20,1916T3019,ASME B16.9,RCC-M 2,QA1,"3""",,个,2.19,KG,
,CPE00527,90°长半径弯头,SCH40S,SS,BW,022Cr19Ni10,1916T3017,ASME B16.9,RCC-M 2,QA1,"3""",,个,2.2,KG,
,CPE00528,90°长半径弯头,SCH80,SS,BW,20,1916T3019,ASME B16.9,RCC-M 2,QA1,"3""",,个,2.87,KG,
,CPE00529,90°长半径弯头,SCH80,SS,BW,P280GH,1916T3019,ASME B16.9,RCC-M 2,QA1,"3""",,个,2.87,KG,
,CPE00530,90°长半径弯头,SCH80S,SS,BW,022Cr19Ni10,1916T3017,ASME B16.9,RCC-M 2,QA1,"3""",,个,3,KG,
,CPE00531,90°长半径弯头,3.18mm,SS,BW,20,1916T3019,ASME B16.9,RCC-M 3,QA2,"3""",,个,2.2,KG,
,CPE00532,90°长半径弯头,SCH10S,SS,BW,022Cr19Ni10,1916T3017,ASME B16.9,RCC-M 3,QA2,"3""",,个,1.2,KG,
,CPE00533,90°长半径弯头,SCH40,SS,BW,20,1916T3019,ASME B16.9,RCC-M 3,QA2,"3""",,个,2.19,KG,
,CPE00534,90°长半径弯头,SCH40S,SS,BW,022Cr19Ni10,1916T3017,ASME B16.9,RCC-M 3,QA2,"3""",,个,2.2,KG,
,CPE00535,90°长半径弯头,3.18mm,SS,BW,20,1916T3025,ASME B16.9,NA,QNCa,"3""",,个,2.1,KG,
,CPE00536,90°长半径弯头,SCH10S,SS,BW,022Cr17Ni12Mo2,1916T3023,ASME B16.9,NA,QNCa,"3""",,个,1.2,KG,
,CPE00537,90°长半径弯头,SCH10S,SS,BW,022Cr19Ni10,1916T3023,ASME B16.9,NA,QNCa,"3""",,个,1.2,KG,
,CPE00538,90°长半径弯头,SCH160,SS,BW,022Cr19Ni10,1916T3017,ASME B16.9,RCC-M 1,QA1,"3-1/2""",,个,,KG,
,CPE00539,90°长半径弯头,SCH10S,SS,BW,022Cr19Ni10,1916T3017,ASME B16.9,RCC-M 2,QA1,"3-1/2""",,个,1.7,KG,
,CPE00540,90°长半径弯头,SCH160,SS,BW,022Cr19Ni10,1916T3017,ASME B16.9,RCC-M 2,QA1,"3-1/2""",,个,,KG,
,CPE00541,90°长半径弯头,SCH160,SS,BW,P280GH,1916T3019,ASME B16.9,RCC-M 2,QA1,"3-1/2""",,个,,KG,
,CPE00542,90°长半径弯头,SCH40,SS,BW,20,1916T3019,ASME B16.9,RCC-M 2,QA1,"3-1/2""",,个,2.96,KG,
,CPE00543,90°长半径弯头,SCH40S,SS,BW,022Cr19Ni10,1916T3017,ASME B16.9,RCC-M 2,QA1,"3-1/2""",,个,2.9,KG,
,CPE00544,90°长半径弯头,SCH80,SS,BW,20,1916T3019,ASME B16.9,RCC-M 2,QA1,"3-1/2""",,个,4.06,KG,
,CPE00545,90°长半径弯头,SCH80,SS,BW,P280GH,1916T3019,ASME B16.9,RCC-M 2,QA1,"3-1/2""",,个,4.06,KG,
,CPE00546,90°长半径弯头,SCH80S,SS,BW,022Cr19Ni10,1916T3017,ASME B16.9,RCC-M 2,QA1,"3-1/2""",,个,4,KG,
,CPE00547,90°长半径弯头,SCH10S,SS,BW,022Cr19Ni10,1916T3017,ASME B16.9,RCC-M 3,QA2,"3-1/2""",,个,1.7,KG,
,CPE00548,90°长半径弯头,SCH40,SS,BW,20,1916T3019,ASME B16.9,RCC-M 3,QA2,"3-1/2""",,个,2.96,KG,
,CPE00549,90°长半径弯头,SCH40S,SS,BW,022Cr19Ni10,1916T3017,ASME B16.9,RCC-M 3,QA2,"3-1/2""",,个,2.9,KG,
,CPE00550,90°长半径弯头,SCH10S,SS,BW,022Cr17Ni12Mo2,1916T3023,ASME B16.9,NA,QNCa,"3-1/2""",,个,1.7,KG,
,CPE00551,90°长半径弯头,SCH10S,SS,BW,022Cr19Ni10,1916T3023,ASME B16.9,NA,QNCa,"3-1/2""",,个,1.7,KG,
,CPE00552,90°长半径弯头,SCH160,SS,BW,022Cr19Ni10,1916T3017,ASME B16.9,RCC-M 1,QA1,"4""",,个,8.1,KG,
,CPE00553,90°长半径弯头,3.58mm,SS,BW,20,1916T3019,ASME B16.9,RCC-M 2,QA1,"4""",,个,4,KG,
,CPE00554,90°长半径弯头,SCH10S,SS,BW,022Cr19Ni10,1916T3017,ASME B16.9,RCC-M 2,QA1,"4""",,个,2.2,KG,
,CPE00555,90°长半径弯头,SCH160,SS,BW,022Cr19Ni10,1916T3017,ASME B16.9,RCC-M 2,QA1,"4""",,个,8.1,KG,
,CPE00556,90°长半径弯头,SCH160,SS,BW,P280GH,1916T3019,ASME B16.9,RCC-M 2,QA1,"4""",,个,8.1,KG,
,CPE00557,90°长半径弯头,SCH40,SS,BW,20,1916T3019,ASME B16.9,RCC-M 2,QA1,"4""",,个,4.13,KG,
,CPE00558,90°长半径弯头,SCH40S,SS,BW,022Cr19Ni10,1916T3017,ASME B16.9,RCC-M 2,QA1,"4""",,个,4.2,KG,
,CPE00559,90°长半径弯头,SCH80,SS,BW,20,1916T3019,ASME B16.9,RCC-M 2,QA1,"4""",,个,5.6,KG,
,CPE00560,90°长半径弯头,SCH80,SS,BW,P280GH,1916T3019,ASME B16.9,RCC-M 2,QA1,"4""",,个,5.6,KG,
,CPE00561,90°长半径弯头,SCH80S,SS,BW,022Cr19Ni10,1916T3017,ASME B16.9,RCC-M 2,QA1,"4""",,个,6.2,KG,
,CPE00562,90°长半径弯头,3.58mm,SS,BW,20,1916T3019,ASME B16.9,RCC-M 3,QA2,"4""",,个,4,KG,
,CPE00563,90°长半径弯头,SCH10S,SS,BW,022Cr19Ni10,1916T3017,ASME B16.9,RCC-M 3,QA2,"4""",,个,2.2,KG,
,CPE00564,90°长半径弯头,SCH40,SS,BW,20,1916T3019,ASME B16.9,RCC-M 3,QA2,"4""",,个,4.13,KG,
,CPE00565,90°长半径弯头,SCH40S,SS,BW,022Cr19Ni10,1916T3017,ASME B16.9,RCC-M 3,QA2,"4""",,个,4.2,KG,
,CPE00566,90°长半径弯头,3.58mm,SS,BW,20,1916T3025,ASME B16.9,NA,QNCa,"4""",,个,3.9,KG,
,CPE00567,90°长半径弯头,SCH10S,SS,BW,022Cr17Ni12Mo2,1916T3023,ASME B16.9,NA,QNCa,"4""",,个,2.2,KG,
,CPE00568,90°长半径弯头,SCH10S,SS,BW,022Cr19Ni10,1916T3023,ASME B16.9,NA,QNCa,"4""",,个,2.2,KG,
,CPE00569,90°长半径弯头,SCH160,SS,BW,022Cr19Ni10,1916T3017,ASME B16.9,RCC-M 1,QA1,"5""",,个,14.9,KG,
,CPE00570,90°长半径弯头,SCH10S,SS,BW,022Cr19Ni10,1916T3017,ASME B16.9,RCC-M 2,QA1,"5""",,个,3.6,KG,
,CPE00571,90°长半径弯头,SCH160,SS,BW,022Cr19Ni10,1916T3017,ASME B16.9,RCC-M 2,QA1,"5""",,个,14.9,KG,
,CPE00572,90°长半径弯头,SCH160,SS,BW,P280GH,1916T3019,ASME B16.9,RCC-M 2,QA1,"5""",,个,14.9,KG,
,CPE00573,90°长半径弯头,SCH40,SS,BW,20,1916T3019,ASME B16.9,RCC-M 2,QA1,"5""",,个,6.89,KG,
,CPE00574,90°长半径弯头,SCH40S,SS,BW,022Cr19Ni10,1916T3017,ASME B16.9,RCC-M 2,QA1,"5""",,个,6.9,KG,
,CPE00575,90°长半径弯头,SCH80,SS,BW,20,1916T3019,ASME B16.9,RCC-M 2,QA1,"5""",,个,9.62,KG,
,CPE00576,90°长半径弯头,SCH80S,SS,BW,022Cr19Ni10,1916T3017,ASME B16.9,RCC-M 2,QA1,"5""",,个,9.6,KG,
,CPE00577,90°长半径弯头,SCH10S,SS,BW,022Cr19Ni10,1916T3017,ASME B16.9,RCC-M 3,QA2,"5""",,个,3.6,KG,
,CPE00578,90°长半径弯头,SCH40,SS,BW,20,1916T3019,ASME B16.9,RCC-M 3,QA2,"5""",,个,6.89,KG,
,CPE00579,90°长半径弯头,SCH40S,SS,BW,022Cr19Ni10,1916T3017,ASME B16.9,RCC-M 3,QA2,"5""",,个,6.9,KG,
,CPE00580,90°长半径弯头,SCH10S,SS,BW,022Cr17Ni12Mo2,1916T3023,ASME B16.9,NA,QNCa,"5""",,个,3.6,KG,
,CPE00581,90°长半径弯头,SCH10S,SS,BW,022Cr19Ni10,1916T3023,ASME B16.9,NA,QNCa,"5""",,个,3.6,KG,
,CPE00582,90°长半径弯头,SCH160,SS,BW,022Cr19Ni10,1916T3017,ASME B16.9,RCC-M 1,QA1,"6""",,个,24.6,KG,
,CPE00583,90°长半径弯头,4.37mm,SS,BW,20,1916T3019,ASME B16.9,RCC-M 2,QA1,"6""",,个,11.6,KG,
,CPE00584,90°长半径弯头,SCH10S,SS,BW,022Cr19Ni10,1916T3017,ASME B16.9,RCC-M 2,QA1,"6""",,个,5.4,KG,
,CPE00585,90°长半径弯头,SCH120,SS,BW,P280GH,1916T3019,ASME B16.9,RCC-M 2,QA1,"6""",,个,19.7,KG,
,CPE00586,90°长半径弯头,SCH160,SS,BW,022Cr19Ni10,1916T3017,ASME B16.9,RCC-M 2,QA1,"6""",,个,24.6,KG,
,CPE00587,90°长半径弯头,SCH160,SS,BW,P280GH,1916T3019,ASME B16.9,RCC-M 2,QA1,"6""",,个,24.6,KG,
,CPE00588,90°长半径弯头,SCH40,SS,BW,20,1916T3019,ASME B16.9,RCC-M 2,QA1,"6""",,个,10.7,KG,
,CPE00589,90°长半径弯头,SCH40S,SS,BW,022Cr19Ni10,1916T3017,ASME B16.9,RCC-M 2,QA1,"6""",,个,11,KG,
,CPE00590,90°长半径弯头,SCH80,SS,BW,20,1916T3019,ASME B16.9,RCC-M 2,QA1,"6""",,个,16.5,KG,
,CPE00591,90°长半径弯头,SCH80S,SS,BW,022Cr19Ni10,1916T3017,ASME B16.9,RCC-M 2,QA1,"6""",,个,16.3,KG,
,CPE00592,90°长半径弯头,4.37mm,SS,BW,20,1916T3019,ASME B16.9,RCC-M 3,QA2,"6""",,个,11.6,KG,
,CPE00593,90°长半径弯头,SCH10S,SS,BW,022Cr19Ni10,1916T3017,ASME B16.9,RCC-M 3,QA2,"6""",,个,5.4,KG,
,CPE00594,90°长半径弯头,SCH40,SS,BW,20,1916T3019,ASME B16.9,RCC-M 3,QA2,"6""",,个,10.7,KG,
,CPE00595,90°长半径弯头,SCH40S,SS,BW,022Cr19Ni10,1916T3017,ASME B16.9,RCC-M 3,QA2,"6""",,个,11,KG,
,CPE00596,90°长半径弯头,4.37mm,SS,BW,20,1916T3025,ASME B16.9,NA,QNCa,"6""",,个,10.2,KG,
,CPE00597,90°长半径弯头,SCH10S,SS,BW,022Cr17Ni12Mo2,1916T3023,ASME B16.9,NA,QNCa,"6""",,个,5.4,KG,
,CPE00598,90°长半径弯头,SCH10S,SS,BW,022Cr19Ni10,1916T3023,ASME B16.9,NA,QNCa,"6""",,个,5.4,KG,
,CPE00599,90°长半径弯头,SCH160,SS,BW,022Cr19Ni10,1916T3017,ASME B16.9,RCC-M 1,QA1,"8""",,个,54,KG,
,CPE00600,90°长半径弯头,SCH10S,SS,BW,022Cr19Ni10,1916T3017,ASME B16.9,RCC-M 2,QA1,"8""",,个,10.6,KG,
,CPE00601,90°长半径弯头,SCH120,SS,BW,P280GH,1916T3019,ASME B16.9,RCC-M 2,QA1,"8""",,个,43.9,KG,
,CPE00602,90°长半径弯头,SCH160,SS,BW,022Cr19Ni10,1916T3017,ASME B16.9,RCC-M 2,QA1,"8""",,个,54,KG,
,CPE00603,90°长半径弯头,SCH160,SS,BW,P280GH,1916T3019,ASME B16.9,RCC-M 2,QA1,"8""",,个,54,KG,
,CPE00604,90°长半径弯头,SCH20,SS,BW,20,1916T3019,ASME B16.9,RCC-M 2,QA1,"8""",,个,16.5,KG,
,CPE00605,90°长半径弯头,SCH40,SS,BW,20,1916T3019,ASME B16.9,RCC-M 2,QA1,"8""",,个,21.6,KG,
,CPE00606,90°长半径弯头,SCH40S,SS,BW,022Cr19Ni10,1916T3017,ASME B16.9,RCC-M 2,QA1,"8""",,个,30,KG,
,CPE00607,90°长半径弯头,SCH80,SS,BW,20,1916T3019,ASME B16.9,RCC-M 2,QA1,"8""",,个,31.6,KG,
,CPE00608,90°长半径弯头,SCH80S,SS,BW,022Cr19Ni10,1916T3017,ASME B16.9,RCC-M 2,QA1,"8""",,个,33.1,KG,
,CPE00609,90°长半径弯头,SCH10S,SS,BW,022Cr19Ni10,1916T3017,ASME B16.9,RCC-M 3,QA2,"8""",,个,10.6,KG,
,CPE00610,90°长半径弯头,SCH20,SS,BW,20,1916T3019,ASME B16.9,RCC-M 3,QA2,"8""",,个,16.5,KG,
,CPE00611,90°长半径弯头,SCH40,SS,BW,20,1916T3019,ASME B16.9,RCC-M 3,QA2,"8""",,个,21.6,KG,
,CPE00612,90°长半径弯头,SCH40S,SS,BW,022Cr19Ni10,1916T3017,ASME B16.9,RCC-M 3,QA2,"8""",,个,21.5,KG,
,CPE00613,90°长半径弯头,SCH10S,SS,BW,022Cr17Ni12Mo2,1916T3023,ASME B16.9,NA,QNCa,"8""",,个,10.6,KG,
,CPE00614,90°长半径弯头,SCH10S,SS,BW,022Cr19Ni10,1916T3023,ASME B16.9,NA,QNCa,"8""",,个,10.6,KG,
,CPE00615,90°长半径弯头,SCH20,SS,BW,20,1916T3025,ASME B16.9,NA,QNCa,"8""",,个,16.6,KG,
,CPE00616,90°长半径弯头,SCH140,SS,BW,026Cr18Ni12Mo2N,1916T3017,ASME B16.9,RCC-M 1,QA1,"10""",,个,94,KG,
,CPE00617,90°长半径弯头,SCH10S,SS,BW,022Cr19Ni10,1916T3017,ASME B16.9,RCC-M 2,QA1,"10""",,个,19.5,KG,
,CPE00618,90°长半径弯头,SCH140,SS,BW,022Cr19Ni10,1916T3017,ASME B16.9,RCC-M 2,QA1,"10""",,个,94,KG,
,CPE00619,90°长半径弯头,SCH160,SS,BW,P280GH,1916T3019,ASME B16.9,RCC-M 2,QA1,"10""",,个,104.4,KG,
,CPE00620,90°长半径弯头,SCH20,SS,BW,20,1916T3019,ASME B16.9,RCC-M 2,QA1,"10""",,个,25.8,KG,
,CPE00621,90°长半径弯头,SCH40,SS,BW,20,1916T3019,ASME B16.9,RCC-M 2,QA1,"10""",,个,37,KG,
,CPE00622,90°长半径弯头,SCH60,SS,BW,P280GH,1916T3019,ASME B16.9,RCC-M 2,QA1,"10""",,个,48.6,KG,
,CPE00623,90°长半径弯头,SCH80,SS,BW,20,1916T3019,ASME B16.9,RCC-M 2,QA1,"10""",,个,60.7,KG,
,CPE00624,90°长半径弯头,SCH80S,SS,BW,022Cr19Ni10,1916T3017,ASME B16.9,RCC-M 2,QA1,"10""",,个,52,KG,
,CPE00625,90°长半径弯头,SCH10S,SS,BW,022Cr19Ni10,1916T3017,ASME B16.9,RCC-M 3,QA2,"10""",,个,19.5,KG,
,CPE00626,90°长半径弯头,SCH20,SS,BW,20,1916T3019,ASME B16.9,RCC-M 3,QA2,"10""",,个,25.8,KG,
,CPE00627,90°长半径弯头,SCH40,SS,BW,20,1916T3019,ASME B16.9,RCC-M 3,QA2,"10""",,个,37,KG,
,CPE00628,90°长半径弯头,SCH80S,SS,BW,022Cr19Ni10,1916T3017,ASME B16.9,RCC-M 3,QA2,"10""",,个,52,KG,
,CPE00629,90°长半径弯头,SCH10S,SS,BW,022Cr17Ni12Mo2,1916T3023,ASME B16.9,NA,QNCa,"10""",,个,19.5,KG,
,CPE00630,90°长半径弯头,SCH10S,SS,BW,022Cr19Ni10,1916T3023,ASME B16.9,NA,QNCa,"10""",,个,19.5,KG,
,CPE00631,90°长半径弯头,SCH20,SS,BW,20,1916T3025,ASME B16.9,NA,QNCa,"10""",,个,25.8,KG,
,CPE00632,90°长半径弯头,SCH140,SS,BW,026Cr18Ni12Mo2N,1916T3017,ASME B16.9,RCC-M 1,QA1,"12""",,个,151.4,KG,
,CPE00633,90°长半径弯头,7.14mm,SS,BW,20,1916T3019,ASME B16.9,RCC-M 2,QA1,"12""",,个,,KG,
,CPE00634,90°长半径弯头,SCH10S,SS,BW,022Cr19Ni10,1916T3017,ASME B16.9,RCC-M 2,QA1,"12""",,个,27.5,KG,
,CPE00635,90°长半径弯头,SCH140,SS,BW,022Cr19Ni10,1916T3017,ASME B16.9,RCC-M 2,QA1,"12""",,个,151.4,KG,
,CPE00636,90°长半径弯头,SCH160,SS,BW,P280GH,1916T3019,ASME B16.9,RCC-M 2,QA1,"12""",,个,173.7,KG,
,CPE00637,90°长半径弯头,SCH40,SS,BW,20,1916T3019,ASME B16.9,RCC-M 2,QA1,"12""",,个,61,KG,
,CPE00638,90°长半径弯头,SCH80,SS,BW,20,1916T3019,ASME B16.9,RCC-M 2,QA1,"12""",,个,97.4,KG,
,CPE00639,90°长半径弯头,SCH80S,SS,BW,022Cr19Ni10,1916T3017,ASME B16.9,RCC-M 2,QA1,"12""",,个,80,KG,
,CPE00640,90°长半径弯头,7.14mm,SS,BW,20,1916T3019,ASME B16.9,RCC-M 3,QA2,"12""",,个,51.4,KG,
,CPE00641,90°长半径弯头,SCH10S,SS,BW,022Cr19Ni10,1916T3017,ASME B16.9,RCC-M 3,QA2,"12""",,个,27.5,KG,
,CPE00642,90°长半径弯头,SCH40,SS,BW,20,1916T3019,ASME B16.9,RCC-M 3,QA2,"12""",,个,61,KG,
,CPE00643,90°长半径弯头,SCH80S,SS,BW,022Cr19Ni10,1916T3017,ASME B16.9,RCC-M 3,QA2,"12""",,个,80,KG,
,CPE00644,90°长半径弯头,7.14mm,SS,BW,20,1916T3025,ASME B16.9,NA,QNCa,"12""",,个,54,KG,
,CPE00645,90°长半径弯头,SCH10S,SS,BW,022Cr17Ni12Mo2,1916T3023,ASME B16.9,NA,QNCa,"12""",,个,27.2,KG,
,CPE00646,90°长半径弯头,SCH10S,SS,BW,022Cr19Ni10,1916T3023,ASME B16.9,NA,QNCa,"12""",,个,27.5,KG,
,CPE00647,90°长半径弯头,SCH20,SS,BW,20,1916T3025,ASME B16.9,NA,QNCa,"12""",,个,37.3,KG,
,CPE00648,90°长半径弯头,SCH140,SS,BW,026Cr18Ni12Mo2N,1916T3017,ASME B16.9,RCC-M 1,QA1,"14""",,个,215.2,KG,
,CPE00649,90°长半径弯头,SCH10S,SS,BW,022Cr19Ni10,1916T3017,ASME B16.9,RCC-M 2,QA1,"14""",,个,36,KG,
,CPE00650,90°长半径弯头,SCH140,SS,BW,022Cr19Ni10,1916T3017,ASME B16.9,RCC-M 2,QA1,"14""",,个,215.2,KG,
,CPE00651,90°长半径弯头,SCH160,SS,BW,P280GH,1916T3019,ASME B16.9,RCC-M 2,QA1,"14""",,个,239.1,KG,
,CPE00652,90°长半径弯头,SCH20,SS,BW,20,1916T3019,ASME B16.9,RCC-M 2,QA1,"14""",,个,60.2,KG,
,CPE00653,90°长半径弯头,SCH40,SS,BW,20,1916T3019,ASME B16.9,RCC-M 2,QA1,"14""",,个,85.1,KG,
,CPE00654,90°长半径弯头,SCH60,SS,BW,022Cr19Ni10,1916T3017,ASME B16.9,RCC-M 2,QA1,"14""",,个,92,KG,
,CPE00655,90°长半径弯头,SCH80,SS,BW,20,1916T3019,ASME B16.9,RCC-M 2,QA1,"14""",,个,139,KG,
,CPE00656,90°长半径弯头,SCH80S,SS,BW,022Cr19Ni10,1916T3017,ASME B16.9,RCC-M 2,QA1,"14""",,个,84,KG,
,CPE00657,90°长半径弯头,SCH20,SS,BW,20,1916T3019,ASME B16.9,RCC-M 3,QA2,"14""",,个,60.2,KG,
,CPE00658,90°长半径弯头,SCH40,SS,BW,20,1916T3019,ASME B16.9,RCC-M 3,QA2,"14""",,个,85.1,KG,
,CPE00659,90°长半径弯头,SCH60,SS,BW,022Cr19Ni10,1916T3017,ASME B16.9,RCC-M 3,QA2,"14""",,个,111.26,KG,
,CPE00660,90°长半径弯头,SCH10S,SS,BW,022Cr17Ni12Mo2,1916T3023,ASME B16.9,NA,QNCa,"14""",,个,36,KG,
,CPE00661,90°长半径弯头,SCH10S,SS,BW,022Cr19Ni10,1916T3023,ASME B16.9,NA,QNCa,"14""",,个,36,KG,
,CPE00662,90°长半径弯头,SCH20,SS,BW,20,1916T3025,ASME B16.9,NA,QNCa,"14""",,个,60,KG,
,CPE00663,90°长半径弯头,SCH140,SS,BW,026Cr18Ni12Mo2N,1916T3017,ASME B16.9,RCC-M 1,QA1,"16""",,个,323.2,KG,
,CPE00664,90°长半径弯头,8.74mm,SS,BW,20,1916T3019,ASME B16.9,RCC-M 2,QA1,"16""",,个,,KG,
,CPE00665,90°长半径弯头,SCH10S,SS,BW,022Cr19Ni10,1916T3017,ASME B16.9,RCC-M 2,QA1,"16""",,个,47.5,KG,
,CPE00666,90°长半径弯头,SCH140,SS,BW,022Cr19Ni10,1916T3017,ASME B16.9,RCC-M 2,QA1,"16""",,个,323.2,KG,
,CPE00667,90°长半径弯头,SCH160,SS,BW,P280GH,1916T3019,ASME B16.9,RCC-M 2,QA1,"16""",,个,354.4,KG,
,CPE00668,90°长半径弯头,SCH40,SS,BW,20,1916T3019,ASME B16.9,RCC-M 2,QA1,"16""",,个,121,KG,
,CPE00669,90°长半径弯头,SCH40S,SS,BW,022Cr19Ni10,1916T3017,ASME B16.9,RCC-M 2,QA1,"16""",,个,92,KG,
,CPE00670,90°长半径弯头,SCH60,SS,BW,022Cr19Ni10,1916T3017,ASME B16.9,RCC-M 2,QA1,"16""",,个,161.17,KG,
,CPE00671,90°长半径弯头,SCH80,SS,BW,20,1916T3019,ASME B16.9,RCC-M 2,QA1,"16""",,个,200,KG,
,CPE00672,90°长半径弯头,SCH80S,SS,BW,022Cr19Ni10,1916T3017,ASME B16.9,RCC-M 2,QA1,"16""",,个,,KG,
,CPE00673,90°长半径弯头,9.8mm,SS,BW,20,1916T3019,ASME B16.9,RCC-M 3,QA2,"16""",,个,,KG,
,CPE00674,90°长半径弯头,SCH40,SS,BW,20,1916T3019,ASME B16.9,RCC-M 3,QA2,"16""",,个,121,KG,
,CPE00675,90°长半径弯头,SCH60,SS,BW,022Cr19Ni10,1916T3017,ASME B16.9,RCC-M 3,QA2,"16""",,个,161.17,KG,
,CPE00676,90°长半径弯头,SCH10S,SS,BW,022Cr17Ni12Mo2,1916T3023,ASME B16.9,NA,QNCa,"16""",,个,47.5,KG,
,CPE00677,90°长半径弯头,SCH10S,SS,BW,022Cr19Ni10,1916T3023,ASME B16.9,NA,QNCa,"16""",,个,47.5,KG,
,CPE00678,90°长半径弯头,SCH20,SS,BW,20,1916T3025,ASME B16.9,NA,QNCa,"16""",,个,78,KG,
,CPE00679,90°长半径弯头,SCH140,SS,BW,026Cr18Ni12Mo2N,1916T3017,ASME B16.9,RCC-M 1,QA1,"18""",,个,445.5,KG,
,CPE00680,90°长半径弯头,31.75mm,SS,BW,P280GH,1916T3019,ASME B16.9,RCC-M 2,QA1,"18""",,个,792.88,KG,
,CPE00681,90°长半径弯头,SCH140,SS,BW,022Cr19Ni10,1916T3017,ASME B16.9,RCC-M 2,QA1,"18""",,个,445.5,KG,
,CPE00682,90°长半径弯头,SCH20,SS,BW,022Cr19Ni10,1916T3017,ASME B16.9,RCC-M 2,QA1,"18""",,个,87.7,KG,
,CPE00683,90°长半径弯头,SCH10,FS,BW,Q265HR,1916T3021,ASME B16.9,RCC-M 3,QA2,"18""",,个,56.2,KG,
,CPE00684,90°长半径弯头,SCH140,SS,BW,026Cr18Ni12Mo2N,1916T3017,ASME B16.9,RCC-M 1,QA1,"20""",,个,616.1,KG,
,CPE00685,90°长半径弯头,SCH140,SS,BW,022Cr19Ni10,1916T3017,ASME B16.9,RCC-M 2,QA1,"20""",,个,616.1,KG,
,CPE00686,90°长半径弯头,SCH10,FS,BW,Q265HR,1916T3021,ASME B16.9,RCC-M 3,QA2,"20""",,个,82.2,KG,
,CPE00687,90°长半径弯头,SCH20,SS,BW,20,1916T3025,ASME B16.9,NA,QNCa,"20""",,个,147,KG,
,CPE00688,90°长半径弯头,SCH140,SS,BW,026Cr18Ni12Mo2N,1916T3017,ASME B16.9,RCC-M 1,QA1,"22""",,个,801.1,KG,
,CPE00689,90°长半径弯头,SCH140,SS,BW,022Cr19Ni10,1916T3017,ASME B16.9,RCC-M 2,QA1,"22""",,个,801.1,KG,
,CPE00690,90°长半径弯头,SCH10,FS,BW,Q265HR,1916T3021,ASME B16.9,RCC-M 3,QA2,"22""",,个,99.6,KG,
,CPE00691,90°长半径弯头,SCH30,SS,BW,20,1916T3025,ASME B16.9,NA,QNCa,"22""",,个,250.2,KG,
,CPE00692,90°长半径弯头,SCH140,SS,BW,026Cr18Ni12Mo2N,1916T3017,ASME B16.9,RCC-M 1,QA1,"24""",,个,1047.8,KG,
,CPE00693,90°长半径弯头,SCH140,SS,BW,022Cr19Ni10,1916T3017,ASME B16.9,RCC-M 2,QA1,"24""",,个,1047.8,KG,
,CPE00694,90°长半径弯头,SCH10,FS,BW,Q265HR,1916T3021,ASME B16.9,RCC-M 3,QA2,"24""",,个,136,KG,
,CPE00695,90°长半径弯头,SCH10,FS,BW,Q265HR,1916T3021,ASME B16.9,RCC-M 3,QA2,"26""",,个,208,KG,
,CPE00696,90°长半径弯头,SCH10,FS,BW,Q265HR,1916T3021,ASME B16.9,RCC-M 3,QA2,"28""",,个,242,KG,
,CPE00697,90°长半径弯头,SCH10,FS,BW,Q265HR,1916T3021,ASME B16.9,RCC-M 3,QA2,"30""",,个,265,KG,
,CPE00698,90°长半径弯头,32mm,SS,BW,P280GH,1916T3031,ASME B16.9,RCC-M 2,QA1,"32""",,个,1606.66,KG,
,CPE00699,90°长半径弯头,46mm,SS,BW,P280GH,1916T3031,ASME B16.9,RCC-M 2,QA1,"32""",,个,,KG,
,CPE00700,90°长半径弯头,9.52mm,FS,BW,Q265HR,1916T3021,ASME B16.9,RCC-M 3,QA2,"32""",,个,390,KG,
,CPE00701,90°长半径弯头,9.52mm,FS,BW,Q265HR,1916T3021,ASME B16.9,RCC-M 3,QA2,"34""",,个,430,KG,
,CPE00702,90°长半径弯头,9.52mm,FS,BW,Q265HR,1916T3021,ASME B16.9,RCC-M 3,QA2,"36""",,个,482,KG,
,CPE00704,90°弯头,CL6000,FO,SW,022Cr19Ni10,1916T3038,ASME B16.11,RCC-M 1,QA1,"1/4""",,个,0.15,KG,
,CPE00705,90°弯头,CL3000,FO,SW,022Cr19Ni10,1916T3038,ASME B16.11,RCC-M 2,QA1,"1/4""",,个,0.09,KG,
,CPE00706,90°弯头,CL3000,FO,SW,20,1916T3037,ASME B16.11,RCC-M 2,QA1,"1/4""",,个,0.09,KG,
,CPE00707,90°弯头,CL6000,FO,SW,022Cr19Ni10,1916T3038,ASME B16.11,RCC-M 2,QA1,"1/4""",,个,0.15,KG,
,CPE00708,90°弯头,CL6000,FO,SW,20,1916T3037,ASME B16.11,RCC-M 2,QA1,"1/4""",,个,0.15,KG,
,CPE00709,90°弯头,CL6000,FO,SW,P280GH,1916T3052,ASME B16.11,RCC-M 2,QA1,"1/4""",,个,0.15,KG,
,CPE00711,90°弯头,CL3000,FO,SW,022Cr17Ni12Mo2,1916T3038,ASME B16.11,RCC-M 3,QA2,"1/4""",,个,0.09,KG,
,CPE00712,90°弯头,CL3000,FO,SW,022Cr19Ni10,1916T3038,ASME B16.11,RCC-M 3,QA2,"1/4""",,个,0.09,KG,
,CPE00713,90°弯头,CL3000,FO,SW,20,1916T3037,ASME B16.11,RCC-M 3,QA2,"1/4""",,个,0.09,KG,
,CPE00714,90°弯头,CL3000,FO,SW,022Cr17Ni12Mo2,1916T3023,ASME B16.11,NA,QNCa,"1/4""",,个,0.09,KG,
,CPE00715,90°弯头,CL3000,FO,SW,022Cr19Ni10,1916T3023,ASME B16.11,NA,QNCa,"1/4""",,个,0.09,KG,
,CPE00716,90°弯头,CL3000,FO,SW,20,1916T3025,ASME B16.11,NA,QNCa,"1/4""",,个,0.1,KG,
,CPE00717,90°弯头,CL6000,FO,SW,022Cr19Ni10,1916T3038,ASME B16.11,RCC-M 1,QA1,"3/8""",,个,0.32,KG,
,CPE00718,90°弯头,CL3000,FO,SW,022Cr19Ni10,1916T3038,ASME B16.11,RCC-M 2,QA1,"3/8""",,个,0.12,KG,
,CPE00719,90°弯头,CL3000,FO,SW,20,1916T3037,ASME B16.11,RCC-M 2,QA1,"3/8""",,个,0.12,KG,
,CPE00720,90°弯头,CL6000,FO,SW,022Cr19Ni10,1916T3038,ASME B16.11,RCC-M 2,QA1,"3/8""",,个,0.32,KG,
,CPE00721,90°弯头,CL6000,FO,SW,20,1916T3037,ASME B16.11,RCC-M 2,QA1,"3/8""",,个,0.32,KG,
,CPE00722,90°弯头,CL6000,FO,SW,P280GH,1916T3052,ASME B16.11,RCC-M 2,QA1,"3/8""",,个,0.32,KG,
,CPE00724,90°弯头,CL3000,FO,SW,022Cr17Ni12Mo2,1916T3038,ASME B16.11,RCC-M 3,QA2,"3/8""",,个,0.12,KG,
,CPE00725,90°弯头,CL3000,FO,SW,022Cr19Ni10,1916T3038,ASME B16.11,RCC-M 3,QA2,"3/8""",,个,0.12,KG,
,CPE00726,90°弯头,CL3000,FO,SW,20,1916T3037,ASME B16.11,RCC-M 3,QA2,"3/8""",,个,0.12,KG,
,CPE00727,90°弯头,CL3000,FO,SW,022Cr17Ni12Mo2,1916T3023,ASME B16.11,NA,QNCa,"3/8""",,个,0.12,KG,
,CPE00728,90°弯头,CL3000,FO,SW,022Cr19Ni10,1916T3023,ASME B16.11,NA,QNCa,"3/8""",,个,0.12,KG,
,CPE00729,90°弯头,CL3000,FO,SW,20,1916T3025,ASME B16.11,NA,QNCa,"3/8""",,个,0.2,KG,
,CPE00730,90°弯头,CL6000,FO,SW,022Cr19Ni10,1916T3038,ASME B16.11,RCC-M 1,QA1,"1/2""",,个,0.4,KG,
,CPE00731,90°弯头,CL3000,FO,SW,022Cr19Ni10,1916T3038,ASME B16.11,RCC-M 2,QA1,"1/2""",,个,0.26,KG,
,CPE00732,90°弯头,CL3000,FO,SW,20,1916T3037,ASME B16.11,RCC-M 2,QA1,"1/2""",,个,0.26,KG,
,CPE00733,90°弯头,CL6000,FO,SW,022Cr19Ni10,1916T3038,ASME B16.11,RCC-M 2,QA1,"1/2""",,个,0.4,KG,
,CPE00734,90°弯头,CL6000,FO,SW,20,1916T3037,ASME B16.11,RCC-M 2,QA1,"1/2""",,个,0.4,KG,
,CPE00735,90°弯头,CL6000,FO,SW,P280GH,1916T3052,ASME B16.11,RCC-M 2,QA1,"1/2""",,个,0.4,KG,
,CPE00737,90°弯头,CL3000,FO,SW,022Cr17Ni12Mo2,1916T3038,ASME B16.11,RCC-M 3,QA2,"1/2""",,个,0.26,KG,
,CPE00738,90°弯头,CL3000,FO,SW,022Cr19Ni10,1916T3038,ASME B16.11,RCC-M 3,QA2,"1/2""",,个,0.26,KG,
,CPE00739,90°弯头,CL3000,FO,SW,20,1916T3037,ASME B16.11,RCC-M 3,QA2,"1/2""",,个,0.26,KG,
,CPE00740,90°弯头,CL3000,FO,SW,022Cr17Ni12Mo2,1916T3023,ASME B16.11,NA,QNCa,"1/2""",,个,0.26,KG,
,CPE00741,90°弯头,CL3000,FO,SW,022Cr19Ni10,1916T3023,ASME B16.11,NA,QNCa,"1/2""",,个,0.26,KG,
,CPE00742,90°弯头,CL3000,FO,SW,20,1916T3025,ASME B16.11,NA,QNCa,"1/2""",,个,0.3,KG,
,CPE00743,90°弯头,CL6000,FO,SW,022Cr19Ni10,1916T3038,ASME B16.11,RCC-M 1,QA1,"3/4""",,个,0.65,KG,
,CPE00744,90°弯头,CL3000,FO,SW,022Cr19Ni10,1916T3038,ASME B16.11,RCC-M 2,QA1,"3/4""",,个,0.35,KG,
,CPE00745,90°弯头,CL3000,FO,SW,20,1916T3037,ASME B16.11,RCC-M 2,QA1,"3/4""",,个,0.35,KG,
,CPE00746,90°弯头,CL6000,FO,SW,022Cr19Ni10,1916T3038,ASME B16.11,RCC-M 2,QA1,"3/4""",,个,0.65,KG,
,CPE00747,90°弯头,CL6000,FO,SW,20,1916T3037,ASME B16.11,RCC-M 2,QA1,"3/4""",,个,0.65,KG,
,CPE00748,90°弯头,CL6000,FO,SW,P280GH,1916T3052,ASME B16.11,RCC-M 2,QA1,"3/4""",,个,0.65,KG,
,CPE00750,90°弯头,CL3000,FO,SW,022Cr17Ni12Mo2,1916T3038,ASME B16.11,RCC-M 3,QA2,"3/4""",,个,0.35,KG,
,CPE00751,90°弯头,CL3000,FO,SW,022Cr19Ni10,1916T3038,ASME B16.11,RCC-M 3,QA2,"3/4""",,个,0.35,KG,
,CPE00752,90°弯头,CL3000,FO,SW,20,1916T3037,ASME B16.11,RCC-M 3,QA2,"3/4""",,个,0.35,KG,
,CPE00753,90°弯头,CL3000,FO,SW,022Cr17Ni12Mo2,1916T3023,ASME B16.11,NA,QNCa,"3/4""",,个,0.35,KG,
,CPE00754,90°弯头,CL3000,FO,SW,022Cr19Ni10,1916T3023,ASME B16.11,NA,QNCa,"3/4""",,个,0.35,KG,
,CPE00755,90°弯头,CL3000,FO,SW,20,1916T3025,ASME B16.11,NA,QNCa,"3/4""",,个,0.4,KG,
,CPE00756,90°弯头,CL6000,FO,SW,022Cr19Ni10,1916T3038,ASME B16.11,RCC-M 1,QA1,"1""",,个,1.25,KG,
,CPE00757,90°弯头,CL3000,FO,SW,022Cr19Ni10,1916T3038,ASME B16.11,RCC-M 2,QA1,"1""",,个,0.49,KG,
,CPE00758,90°弯头,CL3000,FO,SW,20,1916T3037,ASME B16.11,RCC-M 2,QA1,"1""",,个,0.49,KG,
,CPE00759,90°弯头,CL6000,FO,SW,022Cr19Ni10,1916T3038,ASME B16.11,RCC-M 2,QA1,"1""",,个,1.25,KG,
,CPE00760,90°弯头,CL6000,FO,SW,20,1916T3037,ASME B16.11,RCC-M 2,QA1,"1""",,个,1.25,KG,
,CPE00761,90°弯头,CL6000,FO,SW,P280GH,1916T3052,ASME B16.11,RCC-M 2,QA1,"1""",,个,1.25,KG,
,CPE00763,90°弯头,CL3000,FO,SW,022Cr17Ni12Mo2,1916T3038,ASME B16.11,RCC-M 3,QA2,"1""",,个,0.49,KG,
,CPE00764,90°弯头,CL3000,FO,SW,022Cr19Ni10,1916T3038,ASME B16.11,RCC-M 3,QA2,"1""",,个,0.49,KG,
,CPE00765,90°弯头,CL3000,FO,SW,20,1916T3037,ASME B16.11,RCC-M 3,QA2,"1""",,个,0.49,KG,
,CPE00766,90°弯头,CL3000,FO,SW,022Cr17Ni12Mo2,1916T3023,ASME B16.11,NA,QNCa,"1""",,个,0.49,KG,
,CPE00767,90°弯头,CL3000,FO,SW,022Cr19Ni10,1916T3023,ASME B16.11,NA,QNCa,"1""",,个,0.49,KG,
,CPE00768,90°弯头,CL3000,FO,SW,20,1916T3025,ASME B16.11,NA,QNCa,"1""",,个,0.49,KG,
,CPE00769,90°弯头,CL3000,FO,SW,022Cr19Ni10,1916T3038,ASME B16.11,RCC-M 2,QA1,"1-1/4""",,个,0.85,KG,
,CPE00770,90°弯头,CL3000,FO,SW,20,1916T3037,ASME B16.11,RCC-M 2,QA1,"1-1/4""",,个,0.85,KG,
,CPE00771,90°弯头,CL6000,FO,SW,022Cr19Ni10,1916T3038,ASME B16.11,RCC-M 2,QA1,"1-1/4""",,个,1.4,KG,
,CPE00772,90°弯头,CL6000,FO,SW,20,1916T3037,ASME B16.11,RCC-M 2,QA1,"1-1/4""",,个,1.4,KG,
,CPE00773,90°弯头,CL6000,FO,SW,P280GH,1916T3052,ASME B16.11,RCC-M 2,QA1,"1-1/4""",,个,1.4,KG,
,CPE00775,90°弯头,CL3000,FO,SW,022Cr17Ni12Mo2,1916T3038,ASME B16.11,RCC-M 3,QA2,"1-1/4""",,个,0.85,KG,
,CPE00776,90°弯头,CL3000,FO,SW,022Cr19Ni10,1916T3038,ASME B16.11,RCC-M 3,QA2,"1-1/4""",,个,0.85,KG,
,CPE00777,90°弯头,CL3000,FO,SW,20,1916T3037,ASME B16.11,RCC-M 3,QA2,"1-1/4""",,个,0.85,KG,
,CPE00778,90°弯头,CL3000,FO,SW,022Cr17Ni12Mo2,1916T3023,ASME B16.11,NA,QNCa,"1-1/4""",,个,0.85,KG,
,CPE00779,90°弯头,CL3000,FO,SW,022Cr19Ni10,1916T3023,ASME B16.11,NA,QNCa,"1-1/4""",,个,0.85,KG,
,CPE00780,90°弯头,CL3000,FO,SW,20,1916T3025,ASME B16.11,NA,QNCa,"1-1/4""",,个,0.9,KG,
,CPE00781,90°短半径弯头,SCH160,SS,BW,022Cr19Ni10,1916T3017,ASME B16.9,RCC-M 1,QA1,"1-1/2""",,个,0.4,KG,
,CPE00782,90°弯头,CL3000,FO,SW,022Cr19Ni10,1916T3038,ASME B16.11,RCC-M 2,QA1,"1-1/2""",,个,1.05,KG,
,CPE00783,90°弯头,CL3000,FO,SW,20,1916T3037,ASME B16.11,RCC-M 2,QA1,"1-1/2""",,个,1.05,KG,
,CPE00784,90°弯头,CL6000,FO,SW,022Cr19Ni10,1916T3038,ASME B16.11,RCC-M 2,QA1,"1-1/2""",,个,2.45,KG,
,CPE00785,90°弯头,CL6000,FO,SW,20,1916T3037,ASME B16.11,RCC-M 2,QA1,"1-1/2""",,个,2.45,KG,
,CPE00786,90°弯头,CL6000,FO,SW,P280GH,1916T3052,ASME B16.11,RCC-M 2,QA1,"1-1/2""",,个,2.45,KG,
,CPE00788,90°弯头,CL3000,FO,SW,022Cr17Ni12Mo2,1916T3038,ASME B16.11,RCC-M 3,QA2,"1-1/2""",,个,1.05,KG,
,CPE00789,90°弯头,CL3000,FO,SW,022Cr19Ni10,1916T3038,ASME B16.11,RCC-M 3,QA2,"1-1/2""",,个,1.05,KG,
,CPE00790,90°弯头,CL3000,FO,SW,20,1916T3037,ASME B16.11,RCC-M 3,QA2,"1-1/2""",,个,1.05,KG,
,CPE00791,90°弯头,CL3000,FO,SW,022Cr17Ni12Mo2,1916T3023,ASME B16.11,NA,QNCa,"1-1/2""",,个,1.05,KG,
,CPE00792,90°弯头,CL3000,FO,SW,022Cr19Ni10,1916T3023,ASME B16.11,NA,QNCa,"1-1/2""",,个,1.05,KG,
,CPE00793,90°弯头,CL3000,FO,SW,20,1916T3025,ASME B16.11,NA,QNCa,"1-1/2""",,个,1.05,KG,
,CPE00794,90°短半径弯头,SCH160,SS,BW,022Cr19Ni10,1916T3017,ASME B16.9,RCC-M 1,QA1,"2""",,个,2,KG,
,CPE00795,90°弯头,CL3000,FO,SW,022Cr19Ni10,1916T3038,ASME B16.11,RCC-M 2,QA1,"2""",,个,1.75,KG,
,CPE00796,90°弯头,CL3000,FO,SW,20,1916T3037,ASME B16.11,RCC-M 2,QA1,"2""",,个,1.75,KG,
,CPE00797,90°弯头,CL6000,FO,SW,022Cr19Ni10,1916T3038,ASME B16.11,RCC-M 2,QA1,"2""",,个,2.76,KG,
,CPE00798,90°弯头,CL6000,FO,SW,20,1916T3037,ASME B16.11,RCC-M 2,QA1,"2""",,个,2.76,KG,
,CPE00799,90°弯头,CL6000,FO,SW,P280GH,1916T3052,ASME B16.11,RCC-M 2,QA1,"2""",,个,2.76,KG,
,CPE00801,90°弯头,CL3000,FO,SW,022Cr17Ni12Mo2,1916T3038,ASME B16.11,RCC-M 3,QA2,"2""",,个,1.75,KG,
,CPE00802,90°弯头,CL3000,FO,SW,022Cr19Ni10,1916T3038,ASME B16.11,RCC-M 3,QA2,"2""",,个,1.75,KG,
,CPE00803,90°弯头,CL3000,FO,SW,20,1916T3037,ASME B16.11,RCC-M 3,QA2,"2""",,个,1.75,KG,
,CPE00804,90°弯头,CL3000,FO,SW,022Cr17Ni12Mo2,1916T3023,ASME B16.11,NA,QNCa,"2""",,个,1.75,KG,
,CPE00805,90°弯头,CL3000,FO,SW,022Cr19Ni10,1916T3023,ASME B16.11,NA,QNCa,"2""",,个,1.75,KG,
,CPE00806,90°弯头,CL3000,FO,SW,20,1916T3025,ASME B16.11,NA,QNCa,"2""",,个,1.8,KG,
,CPE00807,90°短半径弯头,SCH160,SS,BW,022Cr19Ni10,1916T3017,ASME B16.9,RCC-M 1,QA1,"2-1/2""",,个,1.5,KG,
,CPE00808,90°短半径弯头,3.18mm,SS,BW,20,1916T3019,ASME B16.9,RCC-M 2,QA1,"2-1/2""",,个,,KG,
,CPE00809,90°短半径弯头,SCH10S,SS,BW,022Cr19Ni10,1916T3017,ASME B16.9,RCC-M 2,QA1,"2-1/2""",,个,0.75,KG,
,CPE00810,90°短半径弯头,SCH160,SS,BW,022Cr19Ni10,1916T3017,ASME B16.9,RCC-M 2,QA1,"2-1/2""",,个,1.5,KG,
,CPE00811,90°短半径弯头,SCH160,SS,BW,P280GH,1916T3019,ASME B16.9,RCC-M 2,QA1,"2-1/2""",,个,1.5,KG,
,CPE00812,90°短半径弯头,SCH40,SS,BW,20,1916T3019,ASME B16.9,RCC-M 2,QA1,"2-1/2""",,个,0.91,KG,
,CPE00813,90°短半径弯头,SCH40S,SS,BW,022Cr19Ni10,1916T3017,ASME B16.9,RCC-M 2,QA1,"2-1/2""",,个,1.05,KG,
,CPE00814,90°短半径弯头,SCH80,SS,BW,20,1916T3019,ASME B16.9,RCC-M 2,QA1,"2-1/2""",,个,1.18,KG,
,CPE00815,90°短半径弯头,SCH80,SS,BW,P280GH,1916T3019,ASME B16.9,RCC-M 2,QA1,"2-1/2""",,个,1.18,KG,
,CPE00816,90°短半径弯头,SCH80S,SS,BW,022Cr19Ni10,1916T3017,ASME B16.9,RCC-M 2,QA1,"2-1/2""",,个,1.3,KG,
,CPE00817,90°短半径弯头,3.18mm,SS,BW,20,1916T3019,ASME B16.9,RCC-M 3,QA2,"2-1/2""",,个,,KG,
,CPE00818,90°短半径弯头,SCH10S,SS,BW,022Cr19Ni10,1916T3017,ASME B16.9,RCC-M 3,QA2,"2-1/2""",,个,0.75,KG,
,CPE00819,90°短半径弯头,SCH40,SS,BW,20,1916T3019,ASME B16.9,RCC-M 3,QA2,"2-1/2""",,个,0.91,KG,
,CPE00820,90°短半径弯头,SCH40S,SS,BW,022Cr19Ni10,1916T3017,ASME B16.9,RCC-M 3,QA2,"2-1/2""",,个,1.05,KG,
,CPE00821,90°短半径弯头,3.18mm,SS,BW,20,1916T3025,ASME B16.9,NA,QNCa,"2-1/2""",,个,0.9,KG,
,CPE00822,90°短半径弯头,SCH10S,SS,BW,022Cr17Ni12Mo2,1916T3023,ASME B16.9,NA,QNCa,"2-1/2""",,个,0.75,KG,
,CPE00823,90°短半径弯头,SCH10S,SS,BW,022Cr19Ni10,1916T3023,ASME B16.9,NA,QNCa,"2-1/2""",,个,0.62,KG,
,CPE00824,90°短半径弯头,SCH160,SS,BW,022Cr19Ni10,1916T3017,ASME B16.9,RCC-M 1,QA1,"3""",,个,2.6,KG,
,CPE00825,90°短半径弯头,3.18mm,SS,BW,20,1916T3019,ASME B16.9,RCC-M 2,QA1,"3""",,个,,KG,
,CPE00826,90°短半径弯头,SCH10S,SS,BW,022Cr19Ni10,1916T3017,ASME B16.9,RCC-M 2,QA1,"3""",,个,1,KG,
,CPE00827,90°短半径弯头,SCH160,SS,BW,022Cr19Ni10,1916T3017,ASME B16.9,RCC-M 2,QA1,"3""",,个,2.6,KG,
,CPE00828,90°短半径弯头,SCH160,SS,BW,P280GH,1916T3019,ASME B16.9,RCC-M 2,QA1,"3""",,个,2.6,KG,
,CPE00829,90°短半径弯头,SCH40,SS,BW,20,1916T3019,ASME B16.9,RCC-M 2,QA1,"3""",,个,1.36,KG,
,CPE00830,90°短半径弯头,SCH40S,SS,BW,022Cr19Ni10,1916T3017,ASME B16.9,RCC-M 2,QA1,"3""",,个,1.5,KG,
,CPE00831,90°短半径弯头,SCH80,SS,BW,20,1916T3019,ASME B16.9,RCC-M 2,QA1,"3""",,个,1.91,KG,
,CPE00832,90°短半径弯头,SCH80,SS,BW,P280GH,1916T3019,ASME B16.9,RCC-M 2,QA1,"3""",,个,1.91,KG,
,CPE00833,90°短半径弯头,SCH80S,SS,BW,022Cr19Ni10,1916T3017,ASME B16.9,RCC-M 2,QA1,"3""",,个,1.9,KG,
,CPE00834,90°短半径弯头,3.18mm,SS,BW,20,1916T3019,ASME B16.9,RCC-M 3,QA2,"3""",,个,,KG,
,CPE00835,90°短半径弯头,SCH10S,SS,BW,022Cr19Ni10,1916T3017,ASME B16.9,RCC-M 3,QA2,"3""",,个,1,KG,
,CPE00836,90°短半径弯头,SCH40,SS,BW,20,1916T3019,ASME B16.9,RCC-M 3,QA2,"3""",,个,1.36,KG,
,CPE00837,90°短半径弯头,SCH40S,SS,BW,022Cr19Ni10,1916T3017,ASME B16.9,RCC-M 3,QA2,"3""",,个,1.5,KG,
,CPE00838,90°短半径弯头,3.18mm,SS,BW,20,1916T3025,ASME B16.9,NA,QNCa,"3""",,个,1.4,KG,
,CPE00839,90°短半径弯头,SCH10S,SS,BW,022Cr17Ni12Mo2,1916T3023,ASME B16.9,NA,QNCa,"3""",,个,1,KG,
,CPE00840,90°短半径弯头,SCH10S,SS,BW,022Cr19Ni10,1916T3023,ASME B16.9,NA,QNCa,"3""",,个,0.98,KG,
,CPE00841,90°短半径弯头,SCH160,SS,BW,022Cr19Ni10,1916T3017,ASME B16.9,RCC-M 1,QA1,"3-1/2""",,个,,KG,
,CPE00842,90°短半径弯头,SCH10S,SS,BW,022Cr19Ni10,1916T3017,ASME B16.9,RCC-M 2,QA1,"3-1/2""",,个,1.4,KG,
,CPE00843,90°短半径弯头,SCH160,SS,BW,022Cr19Ni10,1916T3017,ASME B16.9,RCC-M 2,QA1,"3-1/2""",,个,,KG,
,CPE00844,90°短半径弯头,SCH160,SS,BW,P280GH,1916T3019,ASME B16.9,RCC-M 2,QA1,"3-1/2""",,个,,KG,
,CPE00845,90°短半径弯头,SCH40,SS,BW,20,1916T3019,ASME B16.9,RCC-M 2,QA1,"3-1/2""",,个,1.96,KG,
,CPE00846,90°短半径弯头,SCH40S,SS,BW,022Cr19Ni10,1916T3017,ASME B16.9,RCC-M 2,QA1,"3-1/2""",,个,2.05,KG,
,CPE00847,90°短半径弯头,SCH80,SS,BW,20,1916T3019,ASME B16.9,RCC-M 2,QA1,"3-1/2""",,个,2.58,KG,
,CPE00848,90°短半径弯头,SCH80,SS,BW,P280GH,1916T3019,ASME B16.9,RCC-M 2,QA1,"3-1/2""",,个,2.58,KG,
,CPE00849,90°短半径弯头,SCH80S,SS,BW,022Cr19Ni10,1916T3017,ASME B16.9,RCC-M 2,QA1,"3-1/2""",,个,2.4,KG,
,CPE00850,90°短半径弯头,SCH10S,SS,BW,022Cr19Ni10,1916T3017,ASME B16.9,RCC-M 3,QA2,"3-1/2""",,个,1.4,KG,
,CPE00851,90°短半径弯头,SCH40,SS,BW,20,1916T3019,ASME B16.9,RCC-M 3,QA2,"3-1/2""",,个,1.96,KG,
,CPE00852,90°短半径弯头,SCH40S,SS,BW,022Cr19Ni10,1916T3017,ASME B16.9,RCC-M 3,QA2,"3-1/2""",,个,2.05,KG,
,CPE00853,90°短半径弯头,SCH10S,SS,BW,022Cr17Ni12Mo2,1916T3023,ASME B16.9,NA,QNCa,"3-1/2""",,个,1.4,KG,
,CPE00854,90°短半径弯头,SCH10S,SS,BW,022Cr19Ni10,1916T3023,ASME B16.9,NA,QNCa,"3-1/2""",,个,1.4,KG,
,CPE00855,90°短半径弯头,SCH160,SS,BW,022Cr19Ni10,1916T3017,ASME B16.9,RCC-M 1,QA1,"4""",,个,5.4,KG,
,CPE00856,90°短半径弯头,3.58mm,SS,BW,20,1916T3019,ASME B16.9,RCC-M 2,QA1,"4""",,个,,KG,
,CPE00857,90°短半径弯头,SCH10S,SS,BW,022Cr19Ni10,1916T3017,ASME B16.9,RCC-M 2,QA1,"4""",,个,1.7,KG,
,CPE00858,90°短半径弯头,SCH160,SS,BW,022Cr19Ni10,1916T3017,ASME B16.9,RCC-M 2,QA1,"4""",,个,5.4,KG,
,CPE00859,90°短半径弯头,SCH160,SS,BW,P280GH,1916T3019,ASME B16.9,RCC-M 2,QA1,"4""",,个,5.4,KG,
,CPE00860,90°短半径弯头,SCH40,SS,BW,20,1916T3019,ASME B16.9,RCC-M 2,QA1,"4""",,个,2.77,KG,
,CPE00861,90°短半径弯头,SCH40S,SS,BW,022Cr19Ni10,1916T3017,ASME B16.9,RCC-M 2,QA1,"4""",,个,3.1,KG,
,CPE00862,90°短半径弯头,SCH80,SS,BW,20,1916T3019,ASME B16.9,RCC-M 2,QA1,"4""",,个,3.54,KG,
,CPE00863,90°短半径弯头,SCH80,SS,BW,P280GH,1916T3019,ASME B16.9,RCC-M 2,QA1,"4""",,个,3.54,KG,
,CPE00864,90°短半径弯头,SCH80S,SS,BW,022Cr19Ni10,1916T3017,ASME B16.9,RCC-M 2,QA1,"4""",,个,4.1,KG,
,CPE00865,90°短半径弯头,3.58mm,SS,BW,20,1916T3019,ASME B16.9,RCC-M 3,QA2,"4""",,个,,KG,
,CPE00866,90°短半径弯头,SCH10S,SS,BW,022Cr19Ni10,1916T3017,ASME B16.9,RCC-M 3,QA2,"4""",,个,1.7,KG,
,CPE00867,90°短半径弯头,SCH40,SS,BW,20,1916T3019,ASME B16.9,RCC-M 3,QA2,"4""",,个,2.77,KG,
,CPE00868,90°短半径弯头,SCH40S,SS,BW,022Cr19Ni10,1916T3017,ASME B16.9,RCC-M 3,QA2,"4""",,个,3.1,KG,
,CPE00869,90°短半径弯头,3.58mm,SS,BW,20,1916T3025,ASME B16.9,NA,QNCa,"4""",,个,,KG,
,CPE00870,90°短半径弯头,SCH10S,SS,BW,022Cr17Ni12Mo2,1916T3023,ASME B16.9,NA,QNCa,"4""",,个,1.7,KG,
,CPE00871,90°短半径弯头,SCH10S,SS,BW,022Cr19Ni10,1916T3023,ASME B16.9,NA,QNCa,"4""",,个,1.72,KG,
,CPE00872,90°短半径弯头,SCH160,SS,BW,022Cr19Ni10,1916T3017,ASME B16.9,RCC-M 1,QA1,"5""",,个,9.9,KG,
,CPE00873,90°短半径弯头,SCH10S,SS,BW,022Cr19Ni10,1916T3017,ASME B16.9,RCC-M 2,QA1,"5""",,个,2.8,KG,
,CPE00874,90°短半径弯头,SCH160,SS,BW,022Cr19Ni10,1916T3017,ASME B16.9,RCC-M 2,QA1,"5""",,个,9.9,KG,
,CPE00875,90°短半径弯头,SCH160,SS,BW,P280GH,1916T3019,ASME B16.9,RCC-M 2,QA1,"5""",,个,9.9,KG,
,CPE00876,90°短半径弯头,SCH40,SS,BW,20,1916T3019,ASME B16.9,RCC-M 2,QA1,"5""",,个,4.4,KG,
,CPE00877,90°短半径弯头,SCH40S,SS,BW,022Cr19Ni10,1916T3017,ASME B16.9,RCC-M 2,QA1,"5""",,个,5.3,KG,
,CPE00878,90°短半径弯头,SCH80,SS,BW,20,1916T3019,ASME B16.9,RCC-M 2,QA1,"5""",,个,6.46,KG,
,CPE00879,90°短半径弯头,SCH80S,SS,BW,022Cr19Ni10,1916T3017,ASME B16.9,RCC-M 2,QA1,"5""",,个,7.3,KG,
,CPE00880,90°短半径弯头,SCH10S,SS,BW,022Cr19Ni10,1916T3017,ASME B16.9,RCC-M 3,QA2,"5""",,个,2.8,KG,
,CPE00881,90°短半径弯头,SCH40,SS,BW,20,1916T3019,ASME B16.9,RCC-M 3,QA2,"5""",,个,4.4,KG,
,CPE00882,90°短半径弯头,SCH40S,SS,BW,022Cr19Ni10,1916T3017,ASME B16.9,RCC-M 3,QA2,"5""",,个,5.3,KG,
,CPE00883,90°短半径弯头,SCH10S,SS,BW,022Cr17Ni12Mo2,1916T3023,ASME B16.9,NA,QNCa,"5""",,个,2.8,KG,
,CPE00884,90°短半径弯头,SCH10S,SS,BW,022Cr19Ni10,1916T3023,ASME B16.9,NA,QNCa,"5""",,个,2.8,KG,
,CPE00885,90°短半径弯头,SCH160,SS,BW,022Cr19Ni10,1916T3017,ASME B16.9,RCC-M 1,QA1,"6""",,个,16.4,KG,
,CPE00886,90°短半径弯头,4.37mm,SS,BW,20,1916T3019,ASME B16.9,RCC-M 2,QA1,"6""",,个,,KG,
,CPE00887,90°短半径弯头,SCH10S,SS,BW,022Cr19Ni10,1916T3017,ASME B16.9,RCC-M 2,QA1,"6""",,个,4.2,KG,
,CPE00888,90°短半径弯头,SCH120,SS,BW,P280GH,1916T3019,ASME B16.9,RCC-M 2,QA1,"6""",,个,13.1,KG,
,CPE00889,90°短半径弯头,SCH160,SS,BW,022Cr19Ni10,1916T3017,ASME B16.9,RCC-M 2,QA1,"6""",,个,16.4,KG,
,CPE00890,90°短半径弯头,SCH160,SS,BW,P280GH,1916T3019,ASME B16.9,RCC-M 2,QA1,"6""",,个,16.4,KG,
,CPE00891,90°短半径弯头,SCH40,SS,BW,20,1916T3019,ASME B16.9,RCC-M 2,QA1,"6""",,个,7.12,KG,
,CPE00892,90°短半径弯头,SCH40S,SS,BW,022Cr19Ni10,1916T3017,ASME B16.9,RCC-M 2,QA1,"6""",,个,7.9,KG,
,CPE00893,90°短半径弯头,SCH80,SS,BW,20,1916T3019,ASME B16.9,RCC-M 2,QA1,"6""",,个,10.6,KG,
,CPE00894,90°短半径弯头,SCH80S,SS,BW,022Cr19Ni10,1916T3017,ASME B16.9,RCC-M 2,QA1,"6""",,个,11.8,KG,
,CPE00895,90°短半径弯头,4.37mm,SS,BW,20,1916T3019,ASME B16.9,RCC-M 3,QA2,"6""",,个,,KG,
,CPE00896,90°短半径弯头,SCH10S,SS,BW,022Cr19Ni10,1916T3017,ASME B16.9,RCC-M 3,QA2,"6""",,个,4.2,KG,
,CPE00897,90°短半径弯头,SCH40,SS,BW,20,1916T3019,ASME B16.9,RCC-M 3,QA2,"6""",,个,7.12,KG,
,CPE00898,90°短半径弯头,SCH40S,SS,BW,022Cr19Ni10,1916T3017,ASME B16.9,RCC-M 3,QA2,"6""",,个,7.9,KG,
,CPE00899,90°短半径弯头,4.37mm,SS,BW,20,1916T3025,ASME B16.9,NA,QNCa,"6""",,个,6.5,KG,
,CPE00900,90°短半径弯头,SCH10S,SS,BW,022Cr17Ni12Mo2,1916T3023,ASME B16.9,NA,QNCa,"6""",,个,4.2,KG,
,CPE00901,90°短半径弯头,SCH10S,SS,BW,022Cr19Ni10,1916T3023,ASME B16.9,NA,QNCa,"6""",,个,2.77,KG,
,CPE00902,90°短半径弯头,SCH160,SS,BW,022Cr19Ni10,1916T3017,ASME B16.9,RCC-M 1,QA1,"8""",,个,36,KG,
,CPE00903,90°短半径弯头,SCH10S,SS,BW,022Cr19Ni10,1916T3017,ASME B16.9,RCC-M 2,QA1,"8""",,个,8,KG,
,CPE00904,90°短半径弯头,SCH120,SS,BW,P280GH,1916T3019,ASME B16.9,RCC-M 2,QA1,"8""",,个,29.2,KG,
,CPE00905,90°短半径弯头,SCH160,SS,BW,022Cr19Ni10,1916T3017,ASME B16.9,RCC-M 2,QA1,"8""",,个,36,KG,
,CPE00906,90°短半径弯头,SCH160,SS,BW,P280GH,1916T3019,ASME B16.9,RCC-M 2,QA1,"8""",,个,36,KG,
,CPE00907,90°短半径弯头,SCH20,SS,BW,20,1916T3019,ASME B16.9,RCC-M 2,QA1,"8""",,个,11,KG,
,CPE00908,90°短半径弯头,SCH40,SS,BW,20,1916T3019,ASME B16.9,RCC-M 2,QA1,"8""",,个,14.1,KG,
,CPE00909,90°短半径弯头,SCH40S,SS,BW,022Cr19Ni10,1916T3017,ASME B16.9,RCC-M 2,QA1,"8""",,个,17,KG,
,CPE00910,90°短半径弯头,SCH80,SS,BW,20,1916T3019,ASME B16.9,RCC-M 2,QA1,"8""",,个,21.1,KG,
,CPE00911,90°短半径弯头,SCH80S,SS,BW,022Cr19Ni10,1916T3017,ASME B16.9,RCC-M 2,QA1,"8""",,个,25,KG,
,CPE00912,90°短半径弯头,SCH10S,SS,BW,022Cr19Ni10,1916T3017,ASME B16.9,RCC-M 3,QA2,"8""",,个,8,KG,
,CPE00913,90°短半径弯头,SCH20,SS,BW,20,1916T3019,ASME B16.9,RCC-M 3,QA2,"8""",,个,11,KG,
,CPE00914,90°短半径弯头,SCH40,SS,BW,20,1916T3019,ASME B16.9,RCC-M 3,QA2,"8""",,个,14.1,KG,
,CPE00915,90°短半径弯头,SCH40S,SS,BW,022Cr19Ni10,1916T3017,ASME B16.9,RCC-M 3,QA2,"8""",,个,17,KG,
,CPE00916,90°短半径弯头,SCH10S,SS,BW,022Cr17Ni12Mo2,1916T3023,ASME B16.9,NA,QNCa,"8""",,个,8,KG,
,CPE00917,90°短半径弯头,SCH10S,SS,BW,022Cr19Ni10,1916T3023,ASME B16.9,NA,QNCa,"8""",,个,8,KG,
,CPE00918,90°短半径弯头,SCH20,SS,BW,20,1916T3025,ASME B16.9,NA,QNCa,"8""",,个,11.1,KG,
,CPE00919,90°短半径弯头,SCH140,SS,BW,026Cr18Ni12Mo2N,1916T3017,ASME B16.9,RCC-M 1,QA1,"10""",,个,62.7,KG,
,CPE00920,90°短半径弯头,SCH10S,SS,BW,022Cr19Ni10,1916T3017,ASME B16.9,RCC-M 2,QA1,"10""",,个,15.9,KG,
,CPE00921,90°短半径弯头,SCH140,SS,BW,022Cr19Ni10,1916T3017,ASME B16.9,RCC-M 2,QA1,"10""",,个,62.7,KG,
,CPE00922,90°短半径弯头,SCH160,SS,BW,P280GH,1916T3019,ASME B16.9,RCC-M 2,QA1,"10""",,个,69.6,KG,
,CPE00923,90°短半径弯头,SCH20,SS,BW,20,1916T3019,ASME B16.9,RCC-M 2,QA1,"10""",,个,17.35,KG,
,CPE00924,90°短半径弯头,SCH40,SS,BW,20,1916T3019,ASME B16.9,RCC-M 2,QA1,"10""",,个,24.6,KG,
,CPE00925,90°短半径弯头,SCH60,SS,BW,P280GH,1916T3019,ASME B16.9,RCC-M 2,QA1,"10""",,个,31.15,KG,
,CPE00926,90°短半径弯头,SCH80,SS,BW,20,1916T3019,ASME B16.9,RCC-M 2,QA1,"10""",,个,40.4,KG,
,CPE00927,90°短半径弯头,SCH80S,SS,BW,022Cr19Ni10,1916T3017,ASME B16.9,RCC-M 2,QA1,"10""",,个,45,KG,
,CPE00928,90°短半径弯头,SCH10S,SS,BW,022Cr19Ni10,1916T3017,ASME B16.9,RCC-M 3,QA2,"10""",,个,15.9,KG,
,CPE00929,90°短半径弯头,SCH20,SS,BW,20,1916T3019,ASME B16.9,RCC-M 3,QA2,"10""",,个,16.8,KG,
,CPE00930,90°短半径弯头,SCH40,SS,BW,20,1916T3019,ASME B16.9,RCC-M 3,QA2,"10""",,个,24.6,KG,
,CPE00931,90°短半径弯头,SCH80S,SS,BW,022Cr19Ni10,1916T3017,ASME B16.9,RCC-M 3,QA2,"10""",,个,45,KG,
,CPE00932,90°短半径弯头,SCH10S,SS,BW,022Cr17Ni12Mo2,1916T3023,ASME B16.9,NA,QNCa,"10""",,个,15.9,KG,
,CPE00933,90°短半径弯头,SCH10S,SS,BW,022Cr19Ni10,1916T3023,ASME B16.9,NA,QNCa,"10""",,个,15.9,KG,
,CPE00934,90°短半径弯头,SCH20,SS,BW,20,1916T3025,ASME B16.9,NA,QNCa,"10""",,个,17.4,KG,
,CPE00935,90°短半径弯头,SCH140,SS,BW,026Cr18Ni12Mo2N,1916T3017,ASME B16.9,RCC-M 1,QA1,"12""",,个,100.9,KG,
,CPE00936,90°短半径弯头,7.14mm,SS,BW,20,1916T3019,ASME B16.9,RCC-M 2,QA1,"12""",,个,,KG,
,CPE00937,90°短半径弯头,SCH10S,SS,BW,022Cr19Ni10,1916T3017,ASME B16.9,RCC-M 2,QA1,"12""",,个,18.1,KG,
,CPE00938,90°短半径弯头,SCH140,SS,BW,022Cr19Ni10,1916T3017,ASME B16.9,RCC-M 2,QA1,"12""",,个,100.9,KG,
,CPE00939,90°短半径弯头,SCH160,SS,BW,P280GH,1916T3019,ASME B16.9,RCC-M 2,QA1,"12""",,个,115.8,KG,
,CPE00940,90°短半径弯头,SCH40,SS,BW,20,1916T3019,ASME B16.9,RCC-M 2,QA1,"12""",,个,40.6,KG,
,CPE00941,90°短半径弯头,SCH80,SS,BW,20,1916T3019,ASME B16.9,RCC-M 2,QA1,"12""",,个,65,KG,
,CPE00942,90°短半径弯头,SCH80S,SS,BW,022Cr19Ni10,1916T3017,ASME B16.9,RCC-M 2,QA1,"12""",,个,57,KG,
,CPE00943,90°短半径弯头,7.14mm,SS,BW,20,1916T3019,ASME B16.9,RCC-M 3,QA2,"12""",,个,,KG,
,CPE00944,90°短半径弯头,SCH10S,SS,BW,022Cr19Ni10,1916T3017,ASME B16.9,RCC-M 3,QA2,"12""",,个,18.1,KG,
,CPE00945,90°短半径弯头,SCH40,SS,BW,20,1916T3019,ASME B16.9,RCC-M 3,QA2,"12""",,个,40.6,KG,
,CPE00946,90°短半径弯头,SCH80S,SS,BW,022Cr19Ni10,1916T3017,ASME B16.9,RCC-M 3,QA2,"12""",,个,57,KG,
,CPE00947,90°短半径弯头,7.14mm,SS,BW,20,1916T3025,ASME B16.9,NA,QNCa,"12""",,个,,KG,
,CPE00948,90°短半径弯头,SCH10S,SS,BW,022Cr17Ni12Mo2,1916T3023,ASME B16.9,NA,QNCa,"12""",,个,18.1,KG,
,CPE00949,90°短半径弯头,SCH10S,SS,BW,022Cr19Ni10,1916T3023,ASME B16.9,NA,QNCa,"12""",,个,18.1,KG,
,CPE00950,90°短半径弯头,SCH20,SS,BW,20,1916T3025,ASME B16.9,NA,QNCa,"12""",,个,24.1,KG,
,CPE00951,90°短半径弯头,SCH140,SS,BW,026Cr18Ni12Mo2N,1916T3017,ASME B16.9,RCC-M 1,QA1,"14""",,个,143.5,KG,
,CPE00952,90°短半径弯头,SCH10S,SS,BW,022Cr19Ni10,1916T3017,ASME B16.9,RCC-M 2,QA1,"14""",,个,23.5,KG,
,CPE00953,90°短半径弯头,SCH140,SS,BW,022Cr19Ni10,1916T3017,ASME B16.9,RCC-M 2,QA1,"14""",,个,143.5,KG,
,CPE00954,90°短半径弯头,SCH160,SS,BW,P280GH,1916T3019,ASME B16.9,RCC-M 2,QA1,"14""",,个,159.4,KG,
,CPE00955,90°短半径弯头,SCH20,SS,BW,20,1916T3019,ASME B16.9,RCC-M 2,QA1,"14""",,个,40.2,KG,
,CPE00956,90°短半径弯头,SCH40,SS,BW,20,1916T3019,ASME B16.9,RCC-M 2,QA1,"14""",,个,54.5,KG,
,CPE00957,90°短半径弯头,SCH60,SS,BW,022Cr19Ni10,1916T3017,ASME B16.9,RCC-M 2,QA1,"14""",,个,74,KG,
,CPE00958,90°短半径弯头,SCH80,SS,BW,20,1916T3019,ASME B16.9,RCC-M 2,QA1,"14""",,个,92.4,KG,
,CPE00959,90°短半径弯头,SCH80S,SS,BW,022Cr19Ni10,1916T3017,ASME B16.9,RCC-M 2,QA1,"14""",,个,,KG,
,CPE00960,90°短半径弯头,SCH20,SS,BW,20,1916T3019,ASME B16.9,RCC-M 3,QA2,"14""",,个,39.5,KG,
,CPE00961,90°短半径弯头,SCH40,SS,BW,20,1916T3019,ASME B16.9,RCC-M 3,QA2,"14""",,个,54.5,KG,
,CPE00962,90°短半径弯头,SCH60,SS,BW,022Cr19Ni10,1916T3017,ASME B16.9,RCC-M 3,QA2,"14""",,个,74,KG,
,CPE00963,90°短半径弯头,SCH10S,SS,BW,022Cr17Ni12Mo2,1916T3023,ASME B16.9,NA,QNCa,"14""",,个,23.5,KG,
,CPE00964,90°短半径弯头,SCH10S,SS,BW,022Cr19Ni10,1916T3023,ASME B16.9,NA,QNCa,"14""",,个,23.5,KG,
,CPE00965,90°短半径弯头,SCH20,SS,BW,20,1916T3025,ASME B16.9,NA,QNCa,"14""",,个,40.2,KG,
,CPE00966,90°短半径弯头,SCH140,SS,BW,026Cr18Ni12Mo2N,1916T3017,ASME B16.9,RCC-M 1,QA1,"16""",,个,215.5,KG,
,CPE00967,90°短半径弯头,8.74mm,SS,BW,20,1916T3019,ASME B16.9,RCC-M 2,QA1,"16""",,个,,KG,
,CPE00968,90°短半径弯头,SCH10S,SS,BW,022Cr19Ni10,1916T3017,ASME B16.9,RCC-M 2,QA1,"16""",,个,31,KG,
,CPE00969,90°短半径弯头,SCH140,SS,BW,022Cr19Ni10,1916T3017,ASME B16.9,RCC-M 2,QA1,"16""",,个,215.5,KG,
,CPE00970,90°短半径弯头,SCH160,SS,BW,P280GH,1916T3019,ASME B16.9,RCC-M 2,QA1,"16""",,个,236.3,KG,
,CPE00971,90°短半径弯头,SCH40,SS,BW,20,1916T3019,ASME B16.9,RCC-M 2,QA1,"16""",,个,80.4,KG,
,CPE00972,90°短半径弯头,SCH40S,SS,BW,022Cr19Ni10,1916T3017,ASME B16.9,RCC-M 2,QA1,"16""",,个,60,KG,
,CPE00973,90°短半径弯头,SCH60,SS,BW,022Cr19Ni10,1916T3017,ASME B16.9,RCC-M 2,QA1,"16""",,个,107.14,KG,
,CPE00974,90°短半径弯头,SCH80,SS,BW,20,1916T3019,ASME B16.9,RCC-M 2,QA1,"16""",,个,133,KG,
,CPE00975,90°短半径弯头,SCH80S,SS,BW,022Cr19Ni10,1916T3017,ASME B16.9,RCC-M 2,QA1,"16""",,个,,KG,
,CPE00976,90°短半径弯头,9.8mm,SS,BW,20,1916T3019,ASME B16.9,RCC-M 3,QA2,"16""",,个,,KG,
,CPE00977,90°短半径弯头,SCH40,SS,BW,20,1916T3019,ASME B16.9,RCC-M 3,QA2,"16""",,个,80.4,KG,
,CPE00978,90°短半径弯头,SCH60,SS,BW,022Cr19Ni10,1916T3017,ASME B16.9,RCC-M 3,QA2,"16""",,个,107.14,KG,
,CPE00979,90°短半径弯头,SCH10S,SS,BW,022Cr17Ni12Mo2,1916T3023,ASME B16.9,NA,QNCa,"16""",,个,30.8,KG,
,CPE00980,90°短半径弯头,SCH10S,SS,BW,022Cr19Ni10,1916T3023,ASME B16.9,NA,QNCa,"16""",,个,31,KG,
,CPE00981,90°短半径弯头,SCH20,SS,BW,20,1916T3025,ASME B16.9,NA,QNCa,"16""",,个,51.9,KG,
,CPE00982,90°短半径弯头,SCH140,SS,BW,026Cr18Ni12Mo2N,1916T3017,ASME B16.9,RCC-M 1,QA1,"18""",,个,297,KG,
,CPE00983,90°短半径弯头,31.75mm,SS,BW,P280GH,1916T3019,ASME B16.9,RCC-M 2,QA1,"18""",,个,,KG,
,CPE00984,90°短半径弯头,SCH140,SS,BW,022Cr19Ni10,1916T3017,ASME B16.9,RCC-M 2,QA1,"18""",,个,297,KG,
,CPE00985,90°短半径弯头,SCH20,SS,BW,022Cr19Ni10,1916T3017,ASME B16.9,RCC-M 2,QA1,"18""",,个,65.7,KG,
,CPE00986,90°短半径弯头,SCH10,FS,BW,Q265HR,1916T3021,ASME B16.9,RCC-M 3,QA2,"18""",,个,38.3,KG,
,CPE00987,90°短半径弯头,SCH140,SS,BW,026Cr18Ni12Mo2N,1916T3017,ASME B16.9,RCC-M 1,QA1,"20""",,个,410.7,KG,
,CPE00988,90°短半径弯头,SCH140,SS,BW,022Cr19Ni10,1916T3017,ASME B16.9,RCC-M 2,QA1,"20""",,个,410.7,KG,
,CPE00989,90°短半径弯头,SCH10,FS,BW,Q265HR,1916T3021,ASME B16.9,RCC-M 3,QA2,"20""",,个,54.9,KG,
,CPE00990,90°短半径弯头,SCH20,SS,BW,20,1916T3025,ASME B16.9,NA,QNCa,"20""",,个,97.9,KG,
,CPE00991,90°短半径弯头,SCH140,SS,BW,026Cr18Ni12Mo2N,1916T3017,ASME B16.9,RCC-M 1,QA1,"22""",,个,534.1,KG,
,CPE00992,90°短半径弯头,SCH140,SS,BW,022Cr19Ni10,1916T3017,ASME B16.9,RCC-M 2,QA1,"22""",,个,534.1,KG,
,CPE00993,90°短半径弯头,SCH10,FS,BW,Q265HR,1916T3021,ASME B16.9,RCC-M 3,QA2,"22""",,个,66.5,KG,
,CPE00994,90°短半径弯头,SCH30,SS,BW,20,1916T3025,ASME B16.9,NA,QNCa,"22""",,个,171.5,KG,
,CPE00995,90°短半径弯头,SCH140,SS,BW,026Cr18Ni12Mo2N,1916T3017,ASME B16.9,RCC-M 1,QA1,"24""",,个,698.6,KG,
,CPE00996,90°短半径弯头,SCH140,SS,BW,022Cr19Ni10,1916T3017,ASME B16.9,RCC-M 2,QA1,"24""",,个,698.6,KG,
,CPE00997,90°短半径弯头,SCH10,FS,BW,Q265HR,1916T3021,ASME B16.9,RCC-M 3,QA2,"24""",,个,90.6,KG,
,CPE00998,90°短半径弯头,SCH10,FS,BW,Q265HR,1916T3021,ASME B16.9,RCC-M 3,QA2,"26""",,个,,KG,
,CPE00999,90°短半径弯头,SCH10,FS,BW,Q265HR,1916T3021,ASME B16.9,RCC-M 3,QA2,"28""",,个,,KG,
,CPE01000,90°短半径弯头,SCH10,FS,BW,Q265HR,1916T3021,ASME B16.9,RCC-M 3,QA2,"30""",,个,,KG,
,CPE01001,90°短半径弯头,32mm,SS,BW,P280GH,1916T3031,ASME B16.9,RCC-M 2,QA1,"32""",,个,,KG,
,CPE01002,90°短半径弯头,46mm,SS,BW,P280GH,1916T3031,ASME B16.9,RCC-M 2,QA1,"32""",,个,,KG,
,CPE01003,90°短半径弯头,9.52mm,FS,BW,Q265HR,1916T3021,ASME B16.9,RCC-M 3,QA2,"32""",,个,,KG,
,CPE01004,90°短半径弯头,9.52mm,FS,BW,Q265HR,1916T3021,ASME B16.9,RCC-M 3,QA2,"34""",,个,,KG,
,CPE01005,90°短半径弯头,9.52mm,FS,BW,Q265HR,1916T3021,ASME B16.9,RCC-M 3,QA2,"36""",,个,,KG,
,CPE01007,90°长半径弯头,SCH40S,SS,BW,022Cr19Ni10,1916T3017,ASME B16.9,RCC-M 3,QA2,"14""",,个,70,KG,
,CPE01008,45°长半径弯头,SCH40S,SS,BW,022Cr19Ni10,1916T3017,ASME B16.9,RCC-M 3,QA2,"14""",,个,35.4,KG,
,CPE01009,45°短半径弯头,SCH40S,SS,BW,022Cr19Ni10,1916T3017,ASME B16.9,RCC-M 3,QA2,"14""",,个,,KG,
,CPE01010,90°短半径弯头,SCH40S,SS,BW,022Cr19Ni10,1916T3017,ASME B16.9,RCC-M 3,QA2,"16""",,个,60,KG,
,CPE01011,90°长半径弯头,SCH40S,SS,BW,022Cr19Ni10,1916T3017,ASME B16.9,RCC-M 3,QA2,"16""",,个,92,KG,
,CPE01012,45°长半径弯头,SCH40S,SS,BW,022Cr19Ni10,1916T3017,ASME B16.9,RCC-M 3,QA2,"16""",,个,46.2,KG,
,CPE01013,45°短半径弯头,SCH40S,SS,BW,022Cr19Ni10,1916T3017,ASME B16.9,RCC-M 3,QA2,"16""",,个,,KG,
,CPE01014,90°短半径弯头,SCH40S,SS,BW,022Cr19Ni10,1916T3017,ASME B16.9,RCC-M 3,QA2,"14""",,个,46,KG,
,CPE01015,45°弯头A45E-I,1mm,FO,SW,TP2,GB/T 18033,GB/T 11618.1,NA,QNCc,DN8,Φ10,个,,KG,
,CPE01016,45°弯头A45E-I,1.2mm,FO,SW,TP2,GB/T 18033,GB/T 11618.1,NA,QNCc,DN10,Φ12,个,,KG,
,CPE01017,45°弯头A45E-I,1mm,FO,SW,TP2,GB/T 18033,GB/T 11618.1,NA,QNCc,DN15,Φ15,个,,KG,
,CPE01018,45°弯头A45E-I,1.2mm,FO,SW,TP2,GB/T 18033,GB/T 11618.1,NA,QNCc,DN20,Φ22,个,,KG,
,CPE01019,45°弯头A45E-I,1.2mm,FO,SW,TP2,GB/T 18033,GB/T 11618.1,NA,QNCc,DN25,Φ28,个,,KG,
,CPE01020,45°弯头A45E-I,2mm,FO,SW,TP2,GB/T 18033,GB/T 11618.1,NA,QNCc,DN32,Φ35,个,,KG,
,CPE01021,90°弯头A90E-I,1mm,FO,SW,TP2,GB/T 18033,GB/T 11618.1,NA,QNCc,DN8,Φ10,个,,KG,
,CPE01022,90°弯头A90E-I,1.2mm,FO,SW,TP2,GB/T 18033,GB/T 11618.1,NA,QNCc,DN10,Φ12,个,,KG,
,CPE01023,90°弯头A90E-I,1mm,FO,SW,TP2,GB/T 18033,GB/T 11618.1,NA,QNCc,DN15,Φ15,个,,KG,
,CPE01024,90°弯头A90E-I,1.2mm,FO,SW,TP2,GB/T 18033,GB/T 11618.1,NA,QNCc,DN20,Φ22,个,,KG,
,CPE01025,90°弯头A90E-I,1.2mm,FO,SW,TP2,GB/T 18033,GB/T 11618.1,NA,QNCc,DN25,Φ28,个,,KG,
,CPE01026,90°弯头A90E-I,2mm,FO,SW,TP2,GB/T 18033,GB/T 11618.1,NA,QNCc,DN32,Φ35,个,,KG,
,CPE01027,45°长半径弯头,SCH10S,SS,BW,022Cr19Ni10,1916T3017,ASME B16.9,RCC-M 3,QA2,"14""",,个,18.1,KG,
,CPE01028,45°长半径弯头,SCH10S,SS,BW,022Cr19Ni10,1916T3017,ASME B16.9,RCC-M 3,QA2,"16""",,个,23.8,KG,
,CPE01029,45°短半径弯头,SCH10S,SS,BW,022Cr19Ni10,1916T3017,ASME B16.9,RCC-M 3,QA2,"14""",,个,,KG,
,CPE01030,45°短半径弯头,SCH10S,SS,BW,022Cr19Ni10,1916T3017,ASME B16.9,RCC-M 3,QA2,"16""",,个,,KG,
,CPE01031,90°长半径弯头,SCH10S,SS,BW,022Cr19Ni10,1916T3017,ASME B16.9,RCC-M 3,QA2,"14""",,个,36,KG,
,CPE01032,90°长半径弯头,SCH10S,SS,BW,022Cr19Ni10,1916T3017,ASME B16.9,RCC-M 3,QA2,"16""",,个,47.5,KG,
,CPE01033,90°短半径弯头,SCH10S,SS,BW,022Cr19Ni10,1916T3017,ASME B16.9,RCC-M 3,QA2,"14""",,个,23.5,KG,
,CPE01034,90°短半径弯头,SCH10S,SS,BW,022Cr19Ni10,1916T3017,ASME B16.9,RCC-M 3,QA2,"16""",,个,31,KG,
,CPE01035,90°长半径弯头,SCH160,SS,BW,022Cr19Ni10,1916T3017,ASME B16.9,RCC-M 1,QA1,"1-1/2""",,个,0.7,KG,
,CPE01036,45°长半径弯头,SCH160,SS,BW,022Cr19Ni10,1916T3017,ASME B16.9,RCC-M 1,QA1,"1-1/2""",,个,0.35,KG,
,CPE01037,90°长半径弯头,SCH160,SS,BW,022Cr19Ni10,1916T3017,ASME B16.9,RCC-M 1,QA1,"2""",,个,1.3,KG,
,CPE01038,45°长半径弯头,SCH160,SS,BW,022Cr19Ni10,1916T3017,ASME B16.9,RCC-M 1,QA1,"2""",,个,0.65,KG,
,CPE01040,45°弯头,1.8mm,,,环氧树脂玻璃纤维,,SY/T 6266,NA,QNCa,"3""",,个,,KG,
,CPE01041,90°弯头,1.8mm,,,环氧树脂玻璃纤维,,SY/T 6266,NA,QNCa,"3""",,个,,KG,
,CPE01045,45°弯头A45E-I,1mm,FO,SW,TP2,GB/T 18033,GB/T 11618.1,NA,QNCc,DN6,Φ8,个,,KG,
,CPE01046,90°弯头A90E-I,1mm,FO,SW,TP2,GB/T 18033,GB/T 11618.1,NA,QNCc,DN6,Φ8,个,,KG,
,CPE01047,45°弯头A45E-I,2mm,FO,SW,TP2,GB/T 18033,GB/T 11618.1,NA,QNCc,DN40,Φ42,个,,KG,
,CPE01048,90°弯头A90E-I,2mm,FO,SW,TP2,GB/T 18033,GB/T 11618.1,NA,QNCc,DN40,Φ42,个,,KG,
,CPE01050,45°弯头,CL3000,FO,SW,S30408,,GB/T 14383-2008,NA,QNCa,DN15,,个,,KG,
,CPE01051,45°弯头,CL3000,FO,SW,S30408,,GB/T 14383-2008,NA,QNCa,DN20,,个,,KG,
,CPE01052,45°弯头,CL3000,FO,SW,S30408,,GB/T 14383-2008,NA,QNCa,DN25,,个,,KG,
,CPE01053,45°弯头,CL3000,FO,SW,S30408,,GB/T 14383-2008,NA,QNCa,DN32,,个,,KG,
,CPE01054,45°弯头,CL3000,FO,SW,S30408,,GB/T 14383-2008,NA,QNCa,DN40,,个,,KG,
,CPE01055,45°弯头,CL3000,FO,SW,S30408,,GB/T 14383-2008,NA,QNCa,DN50,,个,,KG,
,CPE01056,45°弯头,CL3000,FO,SW,S30403,,GB/T 14383-2008,NA,QNCa,DN15,,个,,KG,
,CPE01057,45°弯头,CL3000,FO,SW,S30403,,GB/T 14383-2008,NA,QNCa,DN20,,个,,KG,
,CPE01058,45°弯头,CL3000,FO,SW,S30403,,GB/T 14383-2008,NA,QNCa,DN25,,个,,KG,
,CPE01059,45°弯头,CL3000,FO,SW,S30403,,GB/T 14383-2008,NA,QNCa,DN32,,个,,KG,
,CPE01060,45°弯头,CL3000,FO,SW,S30403,,GB/T 14383-2008,NA,QNCa,DN40,,个,,KG,
,CPE01061,45°弯头,CL3000,FO,SW,S30403,,GB/T 14383-2008,NA,QNCa,DN50,,个,,KG,
,CPE01062,45°弯头,CL3000,FO,SW,20,,GB/T 14383-2008,NA,QNCa,DN15,,个,,KG,
,CPE01063,45°弯头,CL3000,FO,SW,20,,GB/T 14383-2008,NA,QNCa,DN20,,个,,KG,
,CPE01064,45°弯头,CL3000,FO,SW,20,,GB/T 14383-2008,NA,QNCa,DN25,,个,,KG,
,CPE01065,45°弯头,CL3000,FO,SW,20,,GB/T 14383-2008,NA,QNCa,DN32,,个,,KG,
,CPE01066,45°弯头,CL3000,FO,SW,20,,GB/T 14383-2008,NA,QNCa,DN40,,个,,KG,
,CPE01067,45°弯头,CL3000,FO,SW,20,,GB/T 14383-2008,NA,QNCa,DN50,,个,,KG,
,CPE01068,45°弯头,CL2000,FO,FIL,20(内外壁热浸镀锌),GB/T 13912-2002,GB/T 14383-2008,NA,QNCa,DN15,,个,,KG,
,CPE01069,45°弯头,CL2000,FO,FIL,20(内外壁热浸镀锌),GB/T 13912-2002,GB/T 14383-2008,NA,QNCa,DN20,,个,,KG,
,CPE01070,45°弯头,CL2000,FO,FIL,20(内外壁热浸镀锌),GB/T 13912-2002,GB/T 14383-2008,NA,QNCa,DN25,,个,,KG,
,CPE01071,45°弯头,CL2000,FO,FIL,20(内外壁热浸镀锌),GB/T 13912-2002,GB/T 14383-2008,NA,QNCa,DN32,,个,,KG,
,CPE01072,45°弯头,CL2000,FO,FIL,20(内外壁热浸镀锌),GB/T 13912-2002,GB/T 14383-2008,NA,QNCa,DN40,,个,,KG,
,CPE01073,45°弯头,CL2000,FO,FIL,20(内外壁热浸镀锌),GB/T 13912-2002,GB/T 14383-2008,NA,QNCa,DN50,,个,,KG,
,CPE01074,45°长半径弯头,SCH10S,SS,BW,S30408,,GB/T 12459-2005,NA,QNCa,DN65,,个,,KG,
,CPE01075,45°长半径弯头,SCH10S,SS,BW,S30408,,GB/T 12459-2005,NA,QNCa,DN80,,个,,KG,
,CPE01076,45°长半径弯头,SCH10S,SS,BW,S30403,,GB/T 12459-2005,NA,QNCa,DN65,,个,,KG,
,CPE01077,45°长半径弯头,SCH10S,SS,BW,S30403,,GB/T 12459-2005,NA,QNCa,DN80,,个,,KG,
,CPE01078,45°长半径弯头,SCH10S,SS,BW,20,,GB/T 12459-2005,NA,QNCa,DN65,,个,,KG,
,CPE01079,45°长半径弯头,SCH10S,SS,BW,20,,GB/T 12459-2005,NA,QNCa,DN80,,个,,KG,
,CPE01080,45°长半径弯头,SCH10S,SS,BW,20(内外壁热浸镀锌),GB/T 13912-2002,GB/T 12459-2005,NA,QNCa,DN65,,个,,KG,
,CPE01081,45°长半径弯头,SCH10S,SS,BW,20(内外壁热浸镀锌),GB/T 13912-2002,GB/T 12459-2005,NA,QNCa,DN80,,个,,KG,
,CPE01082,45°长半径弯头,SCH40S,SS,BW,S30408,,GB/T 12459-2005,NA,QNCa,DN100,,个,,KG,
,CPE01083,45°长半径弯头,SCH40S,SS,BW,S30408,,GB/T 12459-2005,NA,QNCa,DN150,,个,,KG,
,CPE01084,45°长半径弯头,SCH40S,SS,BW,S30403,,GB/T 12459-2005,NA,QNCa,DN100,,个,,KG,
,CPE01085,45°长半径弯头,SCH40S,SS,BW,S30403,,GB/T 12459-2005,NA,QNCa,DN150,,个,,KG,
,CPE01086,45°长半径弯头,SCH40,SS,BW,20,,GB/T 12459-2005,NA,QNCa,DN100,,个,,KG,
,CPE01087,45°长半径弯头,SCH40,SS,BW,20,,GB/T 12459-2005,NA,QNCa,DN150,,个,,KG,
,CPE01088,45°长半径弯头,SCH40,SS,BW,20(内外壁热浸镀锌),GB/T 13912-2002,GB/T 12459-2005,NA,QNCa,DN100,,个,,KG,
,CPE01089,45°长半径弯头,SCH40,SS,BW,20(内外壁热浸镀锌),GB/T 13912-2002,GB/T 12459-2005,NA,QNCa,DN150,,个,,KG,
,CPE01090,45°长半径弯头,SCH30,SS,BW,S30408,,GB/T 12459-2005,NA,QNCa,DN200,,个,,KG,
,CPE01091,45°长半径弯头,SCH30,SS,BW,S30408,,GB/T 12459-2005,NA,QNCa,DN250,,个,,KG,
,CPE01092,45°长半径弯头,SCH30,SS,BW,S30403,,GB/T 12459-2005,NA,QNCa,DN200,,个,,KG,
,CPE01093,45°长半径弯头,SCH30,SS,BW,S30403,,GB/T 12459-2005,NA,QNCa,DN250,,个,,KG,
,CPE01094,45°长半径弯头,SCH20,SS,BW,20,,GB/T 12459-2005,NA,QNCa,DN200,,个,,KG,
,CPE01095,45°长半径弯头,SCH20,SS,BW,20,,GB/T 12459-2005,NA,QNCa,DN250,,个,,KG,
,CPE01096,45°长半径弯头,SCH20,SS,BW,20(内外壁热浸镀锌),GB/T 13912-2002,GB/T 12459-2005,NA,QNCa,DN200,,个,,KG,
,CPE01097,45°长半径弯头,SCH20,SS,BW,20(内外壁热浸镀锌),GB/T 13912-2002,GB/T 12459-2005,NA,QNCa,DN250,,个,,KG,
,CPE01098,45°长半径弯头,SCH30,SS,BW,20,,GB/T 12459-2005,NA,QNCa,DN300,,个,,KG,
,CPE01099,45°长半径弯头,SCH30,SS,BW,20,,GB/T 12459-2005,NA,QNCa,DN350,,个,,KG,
,CPE01100,45°长半径弯头,SCH30,SS,BW,20(内外壁热浸镀锌),GB/T 13912-2002,GB/T 12459-2005,NA,QNCa,DN300,,个,,KG,
,CPE01101,45°长半径弯头,SCH30,SS,BW,20(内外壁热浸镀锌),GB/T 13912-2002,GB/T 12459-2005,NA,QNCa,DN350,,个,,KG,
,CPE01102,90°弯头,CL3000,FO,SW,S30408,,GB/T 14383-2008,NA,QNCa,DN15,,个,,KG,
,CPE01103,90°弯头,CL3000,FO,SW,S30408,,GB/T 14383-2008,NA,QNCa,DN20,,个,,KG,
,CPE01104,90°弯头,CL3000,FO,SW,S30408,,GB/T 14383-2008,NA,QNCa,DN25,,个,,KG,
,CPE01105,90°弯头,CL3000,FO,SW,S30408,,GB/T 14383-2008,NA,QNCa,DN32,,个,,KG,
,CPE01106,90°弯头,CL3000,FO,SW,S30408,,GB/T 14383-2008,NA,QNCa,DN40,,个,,KG,
,CPE01107,90°弯头,CL3000,FO,SW,S30408,,GB/T 14383-2008,NA,QNCa,DN50,,个,,KG,
,CPE01108,90°弯头,CL3000,FO,SW,S30403,,GB/T 14383-2008,NA,QNCa,DN15,,个,,KG,
,CPE01109,90°弯头,CL3000,FO,SW,S30403,,GB/T 14383-2008,NA,QNCa,DN20,,个,,KG,
,CPE01110,90°弯头,CL3000,FO,SW,S30403,,GB/T 14383-2008,NA,QNCa,DN25,,个,,KG,
,CPE01111,90°弯头,CL3000,FO,SW,S30403,,GB/T 14383-2008,NA,QNCa,DN32,,个,,KG,
,CPE01112,90°弯头,CL3000,FO,SW,S30403,,GB/T 14383-2008,NA,QNCa,DN40,,个,,KG,
,CPE01113,90°弯头,CL3000,FO,SW,S30403,,GB/T 14383-2008,NA,QNCa,DN50,,个,,KG,
,CPE01114,90°弯头,CL3000,FO,SW,20,,GB/T 14383-2008,NA,QNCa,DN15,,个,,KG,
,CPE01115,90°弯头,CL3000,FO,SW,20,,GB/T 14383-2008,NA,QNCa,DN20,,个,,KG,
,CPE01116,90°弯头,CL3000,FO,SW,20,,GB/T 14383-2008,NA,QNCa,DN25,,个,,KG,
,CPE01117,90°弯头,CL3000,FO,SW,20,,GB/T 14383-2008,NA,QNCa,DN32,,个,,KG,
,CPE01118,90°弯头,CL3000,FO,SW,20,,GB/T 14383-2008,NA,QNCa,DN40,,个,,KG,
,CPE01119,90°弯头,CL3000,FO,SW,20,,GB/T 14383-2008,NA,QNCa,DN50,,个,,KG,
,CPE01120,90°弯头,CL2000,FO,FIL,20(内外壁热浸镀锌),GB/T 13912-2002,GB/T 14383-2008,NA,QNCa,DN15,,个,,KG,
,CPE01121,90°弯头,CL2000,FO,FIL,20(内外壁热浸镀锌),GB/T 13912-2002,GB/T 14383-2008,NA,QNCa,DN20,,个,,KG,
,CPE01122,90°弯头,CL2000,FO,FIL,20(内外壁热浸镀锌),GB/T 13912-2002,GB/T 14383-2008,NA,QNCa,DN25,,个,,KG,
,CPE01123,90°弯头,CL2000,FO,FIL,20(内外壁热浸镀锌),GB/T 13912-2002,GB/T 14383-2008,NA,QNCa,DN32,,个,,KG,
,CPE01124,90°弯头,CL2000,FO,FIL,20(内外壁热浸镀锌),GB/T 13912-2002,GB/T 14383-2008,NA,QNCa,DN40,,个,,KG,
,CPE01125,90°弯头,CL2000,FO,FIL,20(内外壁热浸镀锌),GB/T 13912-2002,GB/T 14383-2008,NA,QNCa,DN50,,个,,KG,
,CPE01126,90°短半径弯头,SCH10S,SS,BW,S30408,,GB/T 12459-2005,NA,QNCa,DN65,,个,,KG,
,CPE01127,90°短半径弯头,SCH10S,SS,BW,S30408,,GB/T 12459-2005,NA,QNCa,DN80,,个,,KG,
,CPE01128,90°短半径弯头,SCH10S,SS,BW,S30403,,GB/T 12459-2005,NA,QNCa,DN65,,个,,KG,
,CPE01129,90°短半径弯头,SCH10S,SS,BW,S30403,,GB/T 12459-2005,NA,QNCa,DN80,,个,,KG,
,CPE01130,90°短半径弯头,SCH40S,SS,BW,S30408,,GB/T 12459-2005,NA,QNCa,DN100,,个,,KG,
,CPE01131,90°短半径弯头,SCH40S,SS,BW,S30408,,GB/T 12459-2005,NA,QNCa,DN150,,个,,KG,
,CPE01132,90°短半径弯头,SCH40S,SS,BW,S30403,,GB/T 12459-2005,NA,QNCa,DN100,,个,,KG,
,CPE01133,90°短半径弯头,SCH40S,SS,BW,S30403,,GB/T 12459-2005,NA,QNCa,DN150,,个,,KG,
,CPE01134,90°短半径弯头,SCH10S,SS,BW,20,,GB/T 12459-2005,NA,QNCa,DN65,,个,,KG,
,CPE01135,90°短半径弯头,SCH10S,SS,BW,20,,GB/T 12459-2005,NA,QNCa,DN80,,个,,KG,
,CPE01136,90°短半径弯头,SCH40,SS,BW,20,,GB/T 12459-2005,NA,QNCa,DN100,,个,,KG,
,CPE01137,90°短半径弯头,SCH40,SS,BW,20,,GB/T 12459-2005,NA,QNCa,DN150,,个,,KG,
,CPE01138,90°短半径弯头,SCH10S,SS,BW,20(内外壁热浸镀锌),GB/T 13912-2002,GB/T 12459-2005,NA,QNCa,DN65,,个,,KG,
,CPE01139,90°短半径弯头,SCH10S,SS,BW,20(内外壁热浸镀锌),GB/T 13912-2002,GB/T 12459-2005,NA,QNCa,DN80,,个,,KG,
,CPE01140,90°短半径弯头,SCH40,SS,BW,20(内外壁热浸镀锌),GB/T 13912-2002,GB/T 12459-2005,NA,QNCa,DN100,,个,,KG,
,CPE01141,90°短半径弯头,SCH40,SS,BW,20(内外壁热浸镀锌),GB/T 13912-2002,GB/T 12459-2005,NA,QNCa,DN150,,个,,KG,
,CPE01142,90°短半径弯头,SCH30,SS,BW,S30408,,GB/T 12459-2005,NA,QNCa,DN200,,个,,KG,
,CPE01143,90°短半径弯头,SCH30,SS,BW,S30408,,GB/T 12459-2005,NA,QNCa,DN250,,个,,KG,
,CPE01144,90°短半径弯头,SCH30,SS,BW,S30403,,GB/T 12459-2005,NA,QNCa,DN200,,个,,KG,
,CPE01145,90°短半径弯头,SCH30,SS,BW,S30403,,GB/T 12459-2005,NA,QNCa,DN250,,个,,KG,
,CPE01146,90°短半径弯头,SCH20,SS,BW,20,,GB/T 12459-2005,NA,QNCa,DN200,,个,,KG,
,CPE01147,90°短半径弯头,SCH20,SS,BW,20,,GB/T 12459-2005,NA,QNCa,DN250,,个,,KG,
,CPE01148,90°短半径弯头,SCH20,SS,BW,20(内外壁热浸镀锌),GB/T 13912-2002,GB/T 12459-2005,NA,QNCa,DN200,,个,,KG,
,CPE01149,90°短半径弯头,SCH20,SS,BW,20(内外壁热浸镀锌),GB/T 13912-2002,GB/T 12459-2005,NA,QNCa,DN250,,个,,KG,
,CPE01150,90°短半径弯头,SCH30,SS,BW,20,,GB/T 12459-2005,NA,QNCa,DN300,,个,,KG,
,CPE01151,90°短半径弯头,SCH30,SS,BW,20,,GB/T 12459-2005,NA,QNCa,DN350,,个,,KG,
,CPE01152,90°短半径弯头,SCH30,SS,BW,20(内外壁热浸镀锌),GB/T 13912-2002,GB/T 12459-2005,NA,QNCa,DN300,,个,,KG,
,CPE01153,90°短半径弯头,SCH30,SS,BW,20(内外壁热浸镀锌),GB/T 13912-2002,GB/T 12459-2005,NA,QNCa,DN350,,个,,KG,
,CPE01154,90°长半径弯头,SCH10S,SS,BW,S30408,,GB/T 12459-2005,NA,QNCa,DN65,,个,,KG,
,CPE01155,90°长半径弯头,SCH10S,SS,BW,S30408,,GB/T 12459-2005,NA,QNCa,DN80,,个,,KG,
,CPE01156,90°长半径弯头,SCH10S,SS,BW,S30403,,GB/T 12459-2005,NA,QNCa,DN65,,个,,KG,
,CPE01157,90°长半径弯头,SCH10S,SS,BW,S30403,,GB/T 12459-2005,NA,QNCa,DN80,,个,,KG,
,CPE01158,90°长半径弯头,SCH40S,SS,BW,S30408,,GB/T 12459-2005,NA,QNCa,DN100,,个,,KG,
,CPE01159,90°长半径弯头,SCH40S,SS,BW,S30408,,GB/T 12459-2005,NA,QNCa,DN150,,个,,KG,
,CPE01160,90°长半径弯头,SCH40S,SS,BW,S30403,,GB/T 12459-2005,NA,QNCa,DN100,,个,,KG,
,CPE01161,90°长半径弯头,SCH40S,SS,BW,S30403,,GB/T 12459-2005,NA,QNCa,DN150,,个,,KG,
,CPE01162,90°长半径弯头,SCH10S,SS,BW,20,,GB/T 12459-2005,NA,QNCa,DN65,,个,,KG,
,CPE01163,90°长半径弯头,SCH10S,SS,BW,20,,GB/T 12459-2005,NA,QNCa,DN80,,个,,KG,
,CPE01164,90°长半径弯头,SCH40,SS,BW,20,,GB/T 12459-2005,NA,QNCa,DN100,,个,,KG,
,CPE01165,90°长半径弯头,SCH40,SS,BW,20,,GB/T 12459-2005,NA,QNCa,DN150,,个,,KG,
,CPE01166,90°长半径弯头,SCH10S,SS,BW,20(内外壁热浸镀锌),GB/T 13912-2002,GB/T 12459-2005,NA,QNCa,DN65,,个,,KG,
,CPE01167,90°长半径弯头,SCH10S,SS,BW,20(内外壁热浸镀锌),GB/T 13912-2002,GB/T 12459-2005,NA,QNCa,DN80,,个,,KG,
,CPE01168,90°长半径弯头,SCH40,SS,BW,20(内外壁热浸镀锌),GB/T 13912-2002,GB/T 12459-2005,NA,QNCa,DN100,,个,,KG,
,CPE01169,90°长半径弯头,SCH40,SS,BW,20(内外壁热浸镀锌),GB/T 13912-2002,GB/T 12459-2005,NA,QNCa,DN150,,个,,KG,
,CPE01170,90°长半径弯头,SCH30,SS,BW,S30408,,GB/T 12459-2005,NA,QNCa,DN200,,个,,KG,
,CPE01171,90°长半径弯头,SCH30,SS,BW,S30408,,GB/T 12459-2005,NA,QNCa,DN250,,个,,KG,
,CPE01172,90°长半径弯头,SCH30,SS,BW,S30403,,GB/T 12459-2005,NA,QNCa,DN200,,个,,KG,
,CPE01173,90°长半径弯头,SCH30,SS,BW,S30403,,GB/T 12459-2005,NA,QNCa,DN250,,个,,KG,
,CPE01174,90°长半径弯头,SCH20,SS,BW,20,,GB/T 12459-2005,NA,QNCa,DN200,,个,,KG,
,CPE01175,90°长半径弯头,SCH20,SS,BW,20,,GB/T 12459-2005,NA,QNCa,DN250,,个,,KG,
,CPE01176,90°长半径弯头,SCH20,SS,BW,20(内外壁热浸镀锌),GB/T 13912-2002,GB/T 12459-2005,NA,QNCa,DN200,,个,,KG,
,CPE01177,90°长半径弯头,SCH20,SS,BW,20(内外壁热浸镀锌),GB/T 13912-2002,GB/T 12459-2005,NA,QNCa,DN250,,个,,KG,
,CPE01178,90°长半径弯头,SCH30,SS,BW,20,,GB/T 12459-2005,NA,QNCa,DN300,,个,,KG,
,CPE01179,90°长半径弯头,SCH30,SS,BW,20,,GB/T 12459-2005,NA,QNCa,DN350,,个,,KG,
,CPE01180,90°长半径弯头,SCH30,SS,BW,20(内外壁热浸镀锌),GB/T 13912-2002,GB/T 12459-2005,NA,QNCa,DN300,,个,,KG,
,CPE01181,90°长半径弯头,SCH30,SS,BW,20(内外壁热浸镀锌),GB/T 13912-2002,GB/T 12459-2005,NA,QNCa,DN350,,个,,KG,
,CPE01182,90°长半径异径弯头,SCH10SxSCH40S,SS,BW,S30408,,GB/T 12459-2005,NA,QNCa,DN65xDN50,,个,,KG,
,CPE01183,90°长半径异径弯头,SCH10SxSCH10S,SS,BW,S30408,,GB/T 12459-2005,NA,QNCa,DN65xDN40,,个,,KG,
,CPE01184,90°长半径异径弯头,SCH10SxSCH40S,SS,BW,S30408,,GB/T 12459-2005,NA,QNCa,DN65xDN32,,个,,KG,
,CPE01185,90°长半径异径弯头,SCH10SxSCH10S,SS,BW,S30408,,GB/T 12459-2005,NA,QNCa,DN80xDN65,,个,,KG,
,CPE01186,90°长半径异径弯头,SCH10SxSCH40S,SS,BW,S30408,,GB/T 12459-2005,NA,QNCa,DN80xDN50,,个,,KG,
,CPE01187,90°长半径异径弯头,SCH10SxSCH10S,SS,BW,S30408,,GB/T 12459-2005,NA,QNCa,DN80xDN40,,个,,KG,
,CPE01188,90°长半径异径弯头,SCH10SxSCH40S,SS,BW,S30403,,GB/T 12459-2005,NA,QNCa,DN65xDN50,,个,,KG,
,CPE01189,90°长半径异径弯头,SCH10SxSCH10S,SS,BW,S30403,,GB/T 12459-2005,NA,QNCa,DN65xDN40,,个,,KG,
,CPE01190,90°长半径异径弯头,SCH10SxSCH40S,SS,BW,S30403,,GB/T 12459-2005,NA,QNCa,DN65xDN32,,个,,KG,
,CPE01191,90°长半径异径弯头,SCH10SxSCH10S,SS,BW,S30403,,GB/T 12459-2005,NA,QNCa,DN80xDN65,,个,,KG,
,CPE01192,90°长半径异径弯头,SCH10SxSCH40S,SS,BW,S30403,,GB/T 12459-2005,NA,QNCa,DN80xDN50,,个,,KG,
,CPE01193,90°长半径异径弯头,SCH10SxSCH10S,SS,BW,S30403,,GB/T 12459-2005,NA,QNCa,DN80xDN40,,个,,KG,
,CPE01194,90°长半径异径弯头,SCH40SxSCH10S,SS,BW,S30408,,GB/T 12459-2005,NA,QNCa,DN100xDN80,,个,,KG,
,CPE01195,90°长半径异径弯头,SCH40SxSCH10S,SS,BW,S30408,,GB/T 12459-2005,NA,QNCa,DN100xDN65,,个,,KG,
,CPE01196,90°长半径异径弯头,SCH40SxSCH40S,SS,BW,S30408,,GB/T 12459-2005,NA,QNCa,DN100xDN50,,个,,KG,
,CPE01197,90°长半径异径弯头,SCH40SxSCH40S,SS,BW,S30408,,GB/T 12459-2005,NA,QNCa,DN150xDN100,,个,,KG,
,CPE01198,90°长半径异径弯头,SCH40SxSCH10S,SS,BW,S30408,,GB/T 12459-2005,NA,QNCa,DN150xDN80,,个,,KG,
,CPE01199,90°长半径异径弯头,SCH40SxSCH10S,SS,BW,S30403,,GB/T 12459-2005,NA,QNCa,DN100xDN80,,个,,KG,
,CPE01200,90°长半径异径弯头,SCH40SxSCH10S,SS,BW,S30403,,GB/T 12459-2005,NA,QNCa,DN100xDN65,,个,,KG,
,CPE01201,90°长半径异径弯头,SCH40SxSCH40S,SS,BW,S30403,,GB/T 12459-2005,NA,QNCa,DN100xDN50,,个,,KG,
,CPE01202,90°长半径异径弯头,SCH40SxSCH40S,SS,BW,S30403,,GB/T 12459-2005,NA,QNCa,DN150xDN100,,个,,KG,
,CPE01203,90°长半径异径弯头,SCH40SxSCH10S,SS,BW,S30403,,GB/T 12459-2005,NA,QNCa,DN150xDN80,,个,,KG,
,CPE01204,90°长半径异径弯头,SCH10SxSCH40,SS,BW,20,,GB/T 12459-2005,NA,QNCa,DN65xDN50,,个,,KG,
,CPE01205,90°长半径异径弯头,SCH10SxSCH80,SS,BW,20,,GB/T 12459-2005,NA,QNCa,DN65xDN40,,个,,KG,
,CPE01206,90°长半径异径弯头,SCH10SxSCH40,SS,BW,20,,GB/T 12459-2005,NA,QNCa,DN65xDN32,,个,,KG,
,CPE01207,90°长半径异径弯头,SCH10SxSCH10S,SS,BW,20,,GB/T 12459-2005,NA,QNCa,DN80xDN65,,个,,KG,
,CPE01208,90°长半径异径弯头,SCH10SxSCH40,SS,BW,20,,GB/T 12459-2005,NA,QNCa,DN80xDN50,,个,,KG,
,CPE01209,90°长半径异径弯头,SCH10SxSCH80,SS,BW,20,,GB/T 12459-2005,NA,QNCa,DN80xDN40,,个,,KG,
,CPE01210,90°长半径异径弯头,SCH40xSCH10S,SS,BW,20,,GB/T 12459-2005,NA,QNCa,DN100xDN80,,个,,KG,
,CPE01211,90°长半径异径弯头,SCH40xSCH10S,SS,BW,20,,GB/T 12459-2005,NA,QNCa,DN100xDN65,,个,,KG,
,CPE01212,90°长半径异径弯头,SCH40xSCH40,SS,BW,20,,GB/T 12459-2005,NA,QNCa,DN100xDN50,,个,,KG,
,CPE01213,90°长半径异径弯头,SCH40xSCH40,SS,BW,20,,GB/T 12459-2005,NA,QNCa,DN150xDN100,,个,,KG,
,CPE01214,90°长半径异径弯头,SCH40xSCH10S,SS,BW,20,,GB/T 12459-2005,NA,QNCa,DN150xDN80,,个,,KG,
,CPE01215,90°长半径异径弯头,SCH10SxSCH40,SS,BW,20(内外壁热浸镀锌),GB/T 13912-2002,GB/T 12459-2005,NA,QNCa,DN65xDN50,,个,,KG,
,CPE01216,90°长半径异径弯头,SCH10SxSCH80,SS,BW,20(内外壁热浸镀锌),GB/T 13912-2002,GB/T 12459-2005,NA,QNCa,DN65xDN40,,个,,KG,
,CPE01217,90°长半径异径弯头,SCH10SxSCH40,SS,BW,20(内外壁热浸镀锌),GB/T 13912-2002,GB/T 12459-2005,NA,QNCa,DN65xDN32,,个,,KG,
,CPE01218,90°长半径异径弯头,SCH10SxSCH10S,SS,BW,20(内外壁热浸镀锌),GB/T 13912-2002,GB/T 12459-2005,NA,QNCa,DN80xDN65,,个,,KG,
,CPE01219,90°长半径异径弯头,SCH10SxSCH40,SS,BW,20(内外壁热浸镀锌),GB/T 13912-2002,GB/T 12459-2005,NA,QNCa,DN80xDN50,,个,,KG,
,CPE01220,90°长半径异径弯头,SCH10SxSCH80,SS,BW,20(内外壁热浸镀锌),GB/T 13912-2002,GB/T 12459-2005,NA,QNCa,DN80xDN40,,个,,KG,
,CPE01221,90°长半径异径弯头,SCH40xSCH10S,SS,BW,20(内外壁热浸镀锌),GB/T 13912-2002,GB/T 12459-2005,NA,QNCa,DN100xDN80,,个,,KG,
,CPE01222,90°长半径异径弯头,SCH40xSCH10S,SS,BW,20(内外壁热浸镀锌),GB/T 13912-2002,GB/T 12459-2005,NA,QNCa,DN100xDN65,,个,,KG,
,CPE01223,90°长半径异径弯头,SCH40xSCH40,SS,BW,20(内外壁热浸镀锌),GB/T 13912-2002,GB/T 12459-2005,NA,QNCa,DN100xDN50,,个,,KG,
,CPE01224,90°长半径异径弯头,SCH40xSCH40,SS,BW,20(内外壁热浸镀锌),GB/T 13912-2002,GB/T 12459-2005,NA,QNCa,DN150xDN100,,个,,KG,
,CPE01225,90°长半径异径弯头,SCH40xSCH10S,SS,BW,20(内外壁热浸镀锌),GB/T 13912-2002,GB/T 12459-2005,NA,QNCa,DN150xDN80,,个,,KG,
,CPE01226,90°长半径异径弯头,SCH30xSCH40S,SS,BW,S30408,,GB/T 12459-2005,NA,QNCa,DN200xDN150,,个,,KG,
,CPE01227,90°长半径异径弯头,SCH30xSCH40S,SS,BW,S30408,,GB/T 12459-2005,NA,QNCa,DN200xDN100,,个,,KG,
,CPE01228,90°长半径异径弯头,SCH30xSCH30,SS,BW,S30408,,GB/T 12459-2005,NA,QNCa,DN250xDN200,,个,,KG,
,CPE01229,90°长半径异径弯头,SCH30xSCH40S,SS,BW,S30408,,GB/T 12459-2005,NA,QNCa,DN250xDN150,,个,,KG,
,CPE01230,90°长半径异径弯头,SCH30xSCH40S,SS,BW,S30403,,GB/T 12459-2005,NA,QNCa,DN200xDN150,,个,,KG,
,CPE01231,90°长半径异径弯头,SCH30xSCH40S,SS,BW,S30403,,GB/T 12459-2005,NA,QNCa,DN200xDN100,,个,,KG,
,CPE01232,90°长半径异径弯头,SCH30xSCH30,SS,BW,S30403,,GB/T 12459-2005,NA,QNCa,DN250xDN200,,个,,KG,
,CPE01233,90°长半径异径弯头,SCH30xSCH40S,SS,BW,S30403,,GB/T 12459-2005,NA,QNCa,DN250xDN150,,个,,KG,
,CPE01234,90°长半径异径弯头,SCH20xSCH40,SS,BW,20,,GB/T 12459-2005,NA,QNCa,DN200xDN150,,个,,KG,
,CPE01235,90°长半径异径弯头,SCH20xSCH40,SS,BW,20,,GB/T 12459-2005,NA,QNCa,DN200xDN100,,个,,KG,
,CPE01236,90°长半径异径弯头,SCH20xSCH20,SS,BW,20,,GB/T 12459-2005,NA,QNCa,DN250xDN200,,个,,KG,
,CPE01237,90°长半径异径弯头,SCH20xSCH40,SS,BW,20,,GB/T 12459-2005,NA,QNCa,DN250xDN150,,个,,KG,
,CPE01238,90°长半径异径弯头,SCH20xSCH40,SS,BW,20(内外壁热浸镀锌),GB/T 13912-2002,GB/T 12459-2005,NA,QNCa,DN200xDN150,,个,,KG,
,CPE01239,90°长半径异径弯头,SCH20xSCH40,SS,BW,20(内外壁热浸镀锌),GB/T 13912-2002,GB/T 12459-2005,NA,QNCa,DN200xDN100,,个,,KG,
,CPE01240,90°长半径异径弯头,SCH20xSCH20,SS,BW,20(内外壁热浸镀锌),GB/T 13912-2002,GB/T 12459-2005,NA,QNCa,DN250xDN200,,个,,KG,
,CPE01241,90°长半径异径弯头,SCH20xSCH40,SS,BW,20(内外壁热浸镀锌),GB/T 13912-2002,GB/T 12459-2005,NA,QNCa,DN250xDN150,,个,,KG,
,CPE01242,90°长半径异径弯头,SCH30xSCH20,SS,BW,20,,GB/T 12459-2005,NA,QNCa,DN300xDN250,,个,,KG,
,CPE01243,90°长半径异径弯头,SCH30xSCH20,SS,BW,20,,GB/T 12459-2005,NA,QNCa,DN300xDN200,,个,,KG,
,CPE01244,90°长半径异径弯头,SCH30xSCH40,SS,BW,20,,GB/T 12459-2005,NA,QNCa,DN300xDN150,,个,,KG,
,CPE01245,90°长半径异径弯头,SCH30xSCH30,SS,BW,20,,GB/T 12459-2005,NA,QNCa,DN350xDN300,,个,,KG,
,CPE01246,90°长半径异径弯头,SCH30xSCH20,SS,BW,20,,GB/T 12459-2005,NA,QNCa,DN350xDN250,,个,,KG,
,CPE01247,90°长半径异径弯头,SCH30xSCH20,SS,BW,20,,GB/T 12459-2005,NA,QNCa,DN350xDN200,,个,,KG,
,CPE01248,90°长半径异径弯头,SCH30xSCH20,SS,BW,20(内外壁热浸镀锌),GB/T 13912-2002,GB/T 12459-2005,NA,QNCa,DN300xDN250,,个,,KG,
,CPE01249,90°长半径异径弯头,SCH30xSCH20,SS,BW,20(内外壁热浸镀锌),GB/T 13912-2002,GB/T 12459-2005,NA,QNCa,DN300xDN200,,个,,KG,
,CPE01250,90°长半径异径弯头,SCH30xSCH40,SS,BW,20(内外壁热浸镀锌),GB/T 13912-2002,GB/T 12459-2005,NA,QNCa,DN300xDN150,,个,,KG,
,CPE01251,90°长半径异径弯头,SCH30xSCH30,SS,BW,20(内外壁热浸镀锌),GB/T 13912-2002,GB/T 12459-2005,NA,QNCa,DN350xDN300,,个,,KG,
,CPE01252,90°长半径异径弯头,SCH30xSCH20,SS,BW,20(内外壁热浸镀锌),GB/T 13912-2002,GB/T 12459-2005,NA,QNCa,DN350xDN250,,个,,KG,
,CPE01253,90°长半径异径弯头,SCH30xSCH20,SS,BW,20(内外壁热浸镀锌),GB/T 13912-2002,GB/T 12459-2005,NA,QNCa,DN350xDN200,,个,,KG,
,CPE01254,180°长半径弯头,SCH10S,SS,BW,S30408,,GB/T 12459-2005,NA,QNCa,DN65,,个,,KG,
,CPE01255,180°长半径弯头,SCH10S,SS,BW,S30408,,GB/T 12459-2005,NA,QNCa,DN80,,个,,KG,
,CPE01256,180°长半径弯头,SCH10S,SS,BW,S30403,,GB/T 12459-2005,NA,QNCa,DN65,,个,,KG,
,CPE01257,180°长半径弯头,SCH10S,SS,BW,S30403,,GB/T 12459-2005,NA,QNCa,DN80,,个,,KG,
,CPE01258,180°长半径弯头,SCH40S,SS,BW,S30408,,GB/T 12459-2005,NA,QNCa,DN100,,个,,KG,
,CPE01259,180°长半径弯头,SCH40S,SS,BW,S30408,,GB/T 12459-2005,NA,QNCa,DN150,,个,,KG,
,CPE01260,180°长半径弯头,SCH40S,SS,BW,S30403,,GB/T 12459-2005,NA,QNCa,DN100,,个,,KG,
,CPE01261,180°长半径弯头,SCH40S,SS,BW,S30403,,GB/T 12459-2005,NA,QNCa,DN150,,个,,KG,
,CPE01262,180°长半径弯头,SCH10S,SS,BW,20,,GB/T 12459-2005,NA,QNCa,DN65,,个,,KG,
,CPE01263,180°长半径弯头,SCH10S,SS,BW,20,,GB/T 12459-2005,NA,QNCa,DN80,,个,,KG,
,CPE01264,180°长半径弯头,SCH40,SS,BW,20,,GB/T 12459-2005,NA,QNCa,DN100,,个,,KG,
,CPE01265,180°长半径弯头,SCH40,SS,BW,20,,GB/T 12459-2005,NA,QNCa,DN150,,个,,KG,
,CPE01266,180°长半径弯头,SCH10S,SS,BW,20(内外壁热浸镀锌),GB/T 13912-2002,GB/T 12459-2005,NA,QNCa,DN65,,个,,KG,
,CPE01267,180°长半径弯头,SCH10S,SS,BW,20(内外壁热浸镀锌),GB/T 13912-2002,GB/T 12459-2005,NA,QNCa,DN80,,个,,KG,
,CPE01268,180°长半径弯头,SCH40,SS,BW,20(内外壁热浸镀锌),GB/T 13912-2002,GB/T 12459-2005,NA,QNCa,DN100,,个,,KG,
,CPE01269,180°长半径弯头,SCH40,SS,BW,20(内外壁热浸镀锌),GB/T 13912-2002,GB/T 12459-2005,NA,QNCa,DN150,,个,,KG,
,CPE01270,180°长半径弯头,SCH30,SS,BW,S30408,,GB/T 12459-2005,NA,QNCa,DN200,,个,,KG,
,CPE01271,180°长半径弯头,SCH30,SS,BW,S30408,,GB/T 12459-2005,NA,QNCa,DN250,,个,,KG,
,CPE01272,180°长半径弯头,SCH30,SS,BW,S30403,,GB/T 12459-2005,NA,QNCa,DN200,,个,,KG,
,CPE01273,180°长半径弯头,SCH30,SS,BW,S30403,,GB/T 12459-2005,NA,QNCa,DN250,,个,,KG,
,CPE01274,180°长半径弯头,SCH20,SS,BW,20,,GB/T 12459-2005,NA,QNCa,DN200,,个,,KG,
,CPE01275,180°长半径弯头,SCH20,SS,BW,20,,GB/T 12459-2005,NA,QNCa,DN250,,个,,KG,
,CPE01276,180°长半径弯头,SCH20,SS,BW,20(内外壁热浸镀锌),GB/T 13912-2002,GB/T 12459-2005,NA,QNCa,DN200,,个,,KG,
,CPE01277,180°长半径弯头,SCH20,SS,BW,20(内外壁热浸镀锌),GB/T 13912-2002,GB/T 12459-2005,NA,QNCa,DN250,,个,,KG,
,CPE01278,180°长半径弯头,SCH30,SS,BW,20,,GB/T 12459-2005,NA,QNCa,DN300,,个,,KG,
,CPE01279,180°长半径弯头,SCH30,SS,BW,20,,GB/T 12459-2005,NA,QNCa,DN350,,个,,KG,
,CPE01280,180°长半径弯头,SCH30,SS,BW,20(内外壁热浸镀锌),GB/T 13912-2002,GB/T 12459-2005,NA,QNCa,DN300,,个,,KG,
,CPE01281,180°长半径弯头,SCH30,SS,BW,20(内外壁热浸镀锌),GB/T 13912-2002,GB/T 12459-2005,NA,QNCa,DN350,,个,,KG,
,CPE01282,180°短半径弯头,SCH10S,SS,BW,S30408,,GB/T 12459-2005,NA,QNCa,DN65,,个,,KG,
,CPE01283,180°短半径弯头,SCH10S,SS,BW,S30408,,GB/T 12459-2005,NA,QNCa,DN80,,个,,KG,
,CPE01284,180°短半径弯头,SCH10S,SS,BW,S30403,,GB/T 12459-2005,NA,QNCa,DN65,,个,,KG,
,CPE01285,180°短半径弯头,SCH10S,SS,BW,S30403,,GB/T 12459-2005,NA,QNCa,DN80,,个,,KG,
,CPE01286,180°短半径弯头,SCH40S,SS,BW,S30408,,GB/T 12459-2005,NA,QNCa,DN100,,个,,KG,
,CPE01287,180°短半径弯头,SCH40S,SS,BW,S30408,,GB/T 12459-2005,NA,QNCa,DN150,,个,,KG,
,CPE01288,180°短半径弯头,SCH40S,SS,BW,S30403,,GB/T 12459-2005,NA,QNCa,DN100,,个,,KG,
,CPE01289,180°短半径弯头,SCH40S,SS,BW,S30403,,GB/T 12459-2005,NA,QNCa,DN150,,个,,KG,
,CPE01290,180°短半径弯头,SCH10S,SS,BW,20,,GB/T 12459-2005,NA,QNCa,DN65,,个,,KG,
,CPE01291,180°短半径弯头,SCH10S,SS,BW,20,,GB/T 12459-2005,NA,QNCa,DN80,,个,,KG,
,CPE01292,180°短半径弯头,SCH40,SS,BW,20,,GB/T 12459-2005,NA,QNCa,DN100,,个,,KG,
,CPE01293,180°短半径弯头,SCH40,SS,BW,20,,GB/T 12459-2005,NA,QNCa,DN150,,个,,KG,
,CPE01294,180°短半径弯头,SCH10S,SS,BW,20(内外壁热浸镀锌),GB/T 13912-2002,GB/T 12459-2005,NA,QNCa,DN65,,个,,KG,
,CPE01295,180°短半径弯头,SCH10S,SS,BW,20(内外壁热浸镀锌),GB/T 13912-2002,GB/T 12459-2005,NA,QNCa,DN80,,个,,KG,
,CPE01296,180°短半径弯头,SCH40,SS,BW,20(内外壁热浸镀锌),GB/T 13912-2002,GB/T 12459-2005,NA,QNCa,DN100,,个,,KG,
,CPE01297,180°短半径弯头,SCH40,SS,BW,20(内外壁热浸镀锌),GB/T 13912-2002,GB/T 12459-2005,NA,QNCa,DN150,,个,,KG,
,CPE01298,180°短半径弯头,SCH30,SS,BW,S30408,,GB/T 12459-2005,NA,QNCa,DN200,,个,,KG,
,CPE01299,180°短半径弯头,SCH30,SS,BW,S30408,,GB/T 12459-2005,NA,QNCa,DN250,,个,,KG,
,CPE01300,180°短半径弯头,SCH30,SS,BW,S30403,,GB/T 12459-2005,NA,QNCa,DN200,,个,,KG,
,CPE01301,180°短半径弯头,SCH30,SS,BW,S30403,,GB/T 12459-2005,NA,QNCa,DN250,,个,,KG,
,CPE01302,180°短半径弯头,SCH20,SS,BW,20,,GB/T 12459-2005,NA,QNCa,DN200,,个,,KG,
,CPE01303,180°短半径弯头,SCH20,SS,BW,20,,GB/T 12459-2005,NA,QNCa,DN250,,个,,KG,
,CPE01304,180°短半径弯头,SCH20,SS,BW,20(内外壁热浸镀锌),GB/T 13912-2002,GB/T 12459-2005,NA,QNCa,DN200,,个,,KG,
,CPE01305,180°短半径弯头,SCH20,SS,BW,20(内外壁热浸镀锌),GB/T 13912-2002,GB/T 12459-2005,NA,QNCa,DN250,,个,,KG,
,CPE01306,180°短半径弯头,SCH30,SS,BW,20,,GB/T 12459-2005,NA,QNCa,DN300,,个,,KG,
,CPE01307,180°短半径弯头,SCH30,SS,BW,20,,GB/T 12459-2005,NA,QNCa,DN350,,个,,KG,
,CPE01308,180°短半径弯头,SCH30,SS,BW,20(内外壁热浸镀锌),GB/T 13912-2002,GB/T 12459-2005,NA,QNCa,DN300,,个,,KG,
,CPE01309,180°短半径弯头,SCH30,SS,BW,20(内外壁热浸镀锌),GB/T 13912-2002,GB/T 12459-2005,NA,QNCa,DN350,,个,,KG,
,CPE01310,45°弯头,2.5mm,SS,RF,20(内衬聚丙烯层),,DL/T 935-2005,NA,QNCa,DN25,,个,,KG,
,CPE01311,45°弯头,2.5mm,SS,RF,20(内衬聚丙烯层),,DL/T 935-2005,NA,QNCa,DN32,,个,,KG,
,CPE01312,45°弯头,2.5mm,SS,RF,20(内衬聚丙烯层),,DL/T 935-2005,NA,QNCa,DN40,,个,,KG,
,CPE01313,45°弯头,3mm,SS,RF,20(内衬聚丙烯层),,DL/T 935-2005,NA,QNCa,DN50,,个,,KG,
,CPE01314,45°弯头,3.5mm,SS,RF,20(内衬聚丙烯层),,DL/T 935-2005,NA,QNCa,DN65,,个,,KG,
,CPE01315,45°弯头,4mm,SS,RF,20(内衬聚丙烯层),,DL/T 935-2005,NA,QNCa,DN80,,个,,KG,
,CPE01316,45°弯头,4mm,SS,RF,20(内衬聚丙烯层),,DL/T 935-2005,NA,QNCa,DN100,,个,,KG,
,CPE01317,45°弯头,4mm,SS,RF,20(内衬聚丙烯层),,DL/T 935-2005,NA,QNCa,DN125,,个,,KG,
,CPE01318,45°弯头,4.5mm,SS,RF,20(内衬聚丙烯层),,DL/T 935-2005,NA,QNCa,DN150,,个,,KG,
,CPE01319,45°弯头,6mm,SS,RF,20(内衬聚丙烯层),,DL/T 935-2005,NA,QNCa,DN200,,个,,KG,
,CPE01320,45°弯头,7mm,SS,RF,20(内衬聚丙烯层),,DL/T 935-2005,NA,QNCa,DN250,,个,,KG,
,CPE01321,45°弯头,8mm,SS,RF,20(内衬聚丙烯层),,DL/T 935-2005,NA,QNCa,DN300,,个,,KG,
,CPE01322,90°弯头,2.5mm,SS,RF,20(内衬聚丙烯层),,DL/T 935-2005,NA,QNCa,DN25,,个,,KG,
,CPE01323,90°弯头,2.5mm,SS,RF,20(内衬聚丙烯层),,DL/T 935-2005,NA,QNCa,DN32,,个,,KG,
,CPE01324,90°弯头,2.5mm,SS,RF,20(内衬聚丙烯层),,DL/T 935-2005,NA,QNCa,DN40,,个,,KG,
,CPE01325,90°弯头,3mm,SS,RF,20(内衬聚丙烯层),,DL/T 935-2005,NA,QNCa,DN50,,个,,KG,
,CPE01326,90°弯头,3.5mm,SS,RF,20(内衬聚丙烯层),,DL/T 935-2005,NA,QNCa,DN65,,个,,KG,
,CPE01327,90°弯头,4mm,SS,RF,20(内衬聚丙烯层),,DL/T 935-2005,NA,QNCa,DN80,,个,,KG,
,CPE01328,90°弯头,4mm,SS,RF,20(内衬聚丙烯层),,DL/T 935-2005,NA,QNCa,DN100,,个,,KG,
,CPE01329,90°弯头,4mm,SS,RF,20(内衬聚丙烯层),,DL/T 935-2005,NA,QNCa,DN125,,个,,KG,
,CPE01330,90°弯头,4.5mm,SS,RF,20(内衬聚丙烯层),,DL/T 935-2005,NA,QNCa,DN150,,个,,KG,
,CPE01331,90°弯头,6mm,SS,RF,20(内衬聚丙烯层),,DL/T 935-2005,NA,QNCa,DN200,,个,,KG,
,CPE01332,90°弯头,7mm,SS,RF,20(内衬聚丙烯层),,DL/T 935-2005,NA,QNCa,DN250,,个,,KG,
,CPE01333,90°弯头,8mm,SS,RF,20(内衬聚丙烯层),,DL/T 935-2005,NA,QNCa,DN300,,个,,KG,
,CPE01334,90°长半径弯头,3.96mm,SS,BW,20,1916T3025,ASME B16.9,NA,QNCa,"5""",,个,,KG,
,CPE01335,90°短半径弯头,3.96mm,SS,BW,20,1916T3025,ASME B16.9,NA,QNCa,"5""",,个,,KG,
,CPE01348,45°长半径弯头,14.27mm,SS,BW,20,1916T3019,ASME B16.9,RCC-M 3,QA2,"10""",,个,,KG,
,CPE01349,45°长半径弯头,14.27mm,FS,BW,Q265HR,1916T3021,ASME B16.9,RCC-M 3,QA2,"28""",,个,,KG,
,CPE01350,45°长半径弯头,14.27mm,FS,BW,Q265HR,1916T3021,ASME B16.9,RCC-M 3,QA2,"36""",,个,,KG,
,CPE01351,45°长半径弯头,14.27mm,FS,BW,Q265HR,1916T3021,ASME B16.9,RCC-M 3,QA2,"48""",,个,,KG,
,CPE01352,45°短半径弯头,14.27mm,SS,BW,20,1916T3019,ASME B16.9,RCC-M 3,QA2,"10""",,个,,KG,
,CPE01353,45°短半径弯头,14.27mm,FS,BW,Q265HR,1916T3021,ASME B16.9,RCC-M 3,QA2,"28""",,个,,KG,
,CPE01354,45°短半径弯头,14.27mm,FS,BW,Q265HR,1916T3021,ASME B16.9,RCC-M 3,QA2,"36""",,个,,KG,
,CPE01355,45°短半径弯头,14.27mm,FS,BW,Q265HR,1916T3021,ASME B16.9,RCC-M 3,QA2,"48""",,个,,KG,
,CPE01356,90°长半径弯头,14.27mm,SS,BW,20,1916T3019,ASME B16.9,RCC-M 3,QA2,"10""",,个,,KG,
,CPE01357,90°长半径弯头,14.27mm,FS,BW,Q265HR,1916T3021,ASME B16.9,RCC-M 3,QA2,"28""",,个,,KG,
,CPE01358,90°长半径弯头,14.27mm,FS,BW,Q265HR,1916T3021,ASME B16.9,RCC-M 3,QA2,"36""",,个,,KG,
,CPE01359,90°长半径弯头,14.27mm,FS,BW,Q265HR,1916T3021,ASME B16.9,RCC-M 3,QA2,"48""",,个,,KG,
,CPE01360,90°短半径弯头,14.27mm,SS,BW,20,1916T3019,ASME B16.9,RCC-M 3,QA2,"10""",,个,,KG,
,CPE01361,90°短半径弯头,14.27mm,FS,BW,Q265HR,1916T3021,ASME B16.9,RCC-M 3,QA2,"28""",,个,,KG,
,CPE01362,90°短半径弯头,14.27mm,FS,BW,Q265HR,1916T3021,ASME B16.9,RCC-M 3,QA2,"36""",,个,,KG,
,CPE01363,90°短半径弯头,14.27mm,FS,BW,Q265HR,1916T3021,ASME B16.9,RCC-M 3,QA2,"48""",,个,,KG,
,CPE01364,45°长半径弯头,3.96mm,SS,BW,20,1916T3025,ASME B16.9,NA,QNCa,"5""",,个,,KG,
,CPE01365,45°短半径弯头,3.96mm,SS,BW,20,1916T3025,ASME B16.9,NA,QNCa,"5""",,个,,KG,
,CPE01366,90°弯头,4.5mm,,,环氧树脂玻璃纤维,,SY/T 6266,NA,QNCa,"4""",,个,,KG,
,CPE01367,90°弯头,4.5mm,,,环氧树脂玻璃纤维,,SY/T 6266,NA,QNCa,"3""",,个,,KG,
,CPE01368,90°弯头,4.5mm,,,环氧树脂玻璃纤维,,SY/T 6266,NA,QNCa,"1""",,个,,KG,
,CPE01369,90°长半径弯头,SCH40S(坡口为SCH40SxSCH10S),SS,BW,022Cr19Ni10,1916T3017,ASME B16.9,RCC-M 2,QA1,"8""",,个,,KG,
,CPE01370,90°长半径弯头,SCH40S,SS,BW,022Cr19Ni10,1916T3017,ASME B16.9,RCC-M 2,QA1,"10""",,个,,KG,
,CPE01371,45°弯头,4.5mm,,,环氧树脂玻璃纤维,,SY/T 6266,NA,QNCa,"3""",,个,,KG,
,CPE01372,90°螺纹弯头,CL3000,FO,FIL,20,1916T3025,ASME B16.11,NA,QNCa,"1/2""",,个,,KG,
,CPE01373,90°螺纹弯头,CL3000,FO,FIL,20,1916T3025,ASME B16.11,NA,QNCa,"1-1/2""",,个,,KG,
,CPE01374,90°螺纹弯头,CL3000,FO,FIL,022Cr19Ni10,1916T3023,ASME B16.11,NA,QNCa,"1/2""",,个,,KG,
,CPE01375,90°螺纹弯头,CL3000,FO,FIL,022Cr19Ni10,1916T3023,ASME B16.11,NA,QNCa,"1-1/2""",,个,,KG,
,CPE01378,45°长半径弯头,SCH40,SS,BW,20,1916T3025,ASME B16.9,NA,QNCa,"1""",,个,,KG,
,CPE01379,90°长半径弯头,SCH40,SS,BW,20,1916T3025,ASME B16.9,NA,QNCa,"1""",,个,,KG,
,CPE01380,90°短半径弯头,3.18mm,SS,BW,20,1916T3025,ASME B16.28,NA,QNCa,"2""",,个,,KG,
,CPE01383,90°长半径弯头,SCH80,SS,BW,P280GH,1916T3019,ASME B16.9,RCC-M 2,QA1,"8""",,个,,KG,
,CPE01384,30°长半径弯头,SCH120,SS,BW,026Cr18Ni12Mo2N,1916T3017,ASME B16.9,RCC-M 2,QA1,"12""",,个,,KG,
,CPE01385,45°长半径弯头,SCH160,SS,BW,026Cr18Ni12Mo2N,1916T3017,ASME B16.9,RCC-M 1,QA1,"6""",,个,,KG,
,CPE01386,60°长半径弯头,SCH120,SS,BW,026Cr18Ni12Mo2N,1916T3017,ASME B16.9,RCC-M 2,QA1,"12""",,个,,KG,
,CPE01387,90°长半径弯头,SCH160,SS,BW,026Cr18Ni12Mo2N,1916T3017,ASME B16.9,RCC-M 1,QA1,"6""",,个,,KG,
,CPE01388,90°长半径弯头,SCH120,SS,BW,026Cr18Ni12Mo2N,1916T3017,ASME B16.9,RCC-M 2,QA1,"12""",,个,,KG,
,CPE01389,90°长半径弯头,SCH160(坡口SCH160xSCH80),SS,BW,P280GH,1916T3019,ASME B16.9,RCC-M 2,QA1,"3""",,个,,KG,
,CPE01390,45°长半径弯头,SCH40,SS,BW,20,,GB/T 12459-2005,NA,QNCa,DN65,,个,,KG,
,CPE01391,45°长半径弯头,SCH40,SS,BW,20,,GB/T 12459-2005,NA,QNCa,DN80,,个,,KG,
,CPE01392,90°短半径弯头,SCH40,SS,BW,20,,GB/T 12459-2005,NA,QNCa,DN65,,个,,KG,
,CPE01393,90°短半径弯头,SCH40,SS,BW,20,,GB/T 12459-2005,NA,QNCa,DN80,,个,,KG,
,CPE01394,90°长半径弯头,SCH40,SS,BW,20,,GB/T 12459-2005,NA,QNCa,DN65,,个,,KG,
,CPE01395,90°长半径弯头,SCH40,SS,BW,20,,GB/T 12459-2005,NA,QNCa,DN80,,个,,KG,
,CPE01396,90°长半径异径弯头,SCH40xSCH40,SS,BW,20,,GB/T 12459-2005,NA,QNCa,DN65xDN50,,个,,KG,
,CPE01397,90°长半径异径弯头,SCH40xSCH80,SS,BW,20,,GB/T 12459-2005,NA,QNCa,DN65xDN40,,个,,KG,
,CPE01398,90°长半径异径弯头,SCH40xSCH40,SS,BW,20,,GB/T 12459-2005,NA,QNCa,DN65xDN32,,个,,KG,
,CPE01399,90°长半径异径弯头,SCH40xSCH40,SS,BW,20,,GB/T 12459-2005,NA,QNCa,DN80xDN65,,个,,KG,
,CPE01400,90°长半径异径弯头,SCH40xSCH40,SS,BW,20,,GB/T 12459-2005,NA,QNCa,DN80xDN50,,个,,KG,
,CPE01401,90°长半径异径弯头,SCH40xSCH80,SS,BW,20,,GB/T 12459-2005,NA,QNCa,DN80xDN40,,个,,KG,
,CPE01402,90°长半径异径弯头,SCH40xSCH40,SS,BW,20,,GB/T 12459-2005,NA,QNCa,DN100xDN80,,个,,KG,
,CPE01403,90°长半径异径弯头,SCH40xSCH40,SS,BW,20,,GB/T 12459-2005,NA,QNCa,DN100xDN65,,个,,KG,
,CPE01404,90°长半径异径弯头,SCH40xSCH40,SS,BW,20,,GB/T 12459-2005,NA,QNCa,DN150xDN80,,个,,KG,
,CPE01405,180°长半径弯头,SCH40,SS,BW,20,,GB/T 12459-2005,NA,QNCa,DN65,,个,,KG,
,CPE01406,180°长半径弯头,SCH40,SS,BW,20,,GB/T 12459-2005,NA,QNCa,DN80,,个,,KG,
,CPE01407,180°短半径弯头,SCH40,SS,BW,20,,GB/T 12459-2005,NA,QNCa,DN65,,个,,KG,
,CPE01408,180°短半径弯头,SCH40,SS,BW,20,,GB/T 12459-2005,NA,QNCa,DN80,,个,,KG,
,CPE01409,90°长半径弯头,SCH80S,SS,BW,022Cr19Ni10,1916T3017,ASME B16.9,RCC-M 3,QA2,"3""",,个,,KG,
,CPE01410,90°长半径弯头,3mm,SS,RF,20(浸PE),,Q/HDCGF001-2008,NA,QNCa,DN20,Φ25,个,,KG,
,CPE01411,30°长半径弯头,38.1mm,SS,BW,P280GH,RCC-M M1152,ASME B16.9,NA,QA3,"22""",,个,,KG,
,CPE01412,45°长半径弯头,36.53mm,SS,BW,P280GH,RCC-M M1144,ASME B16.9,NA,QA3,"32""",,个,,KG,
,CPE01413,45°长半径弯头,30.18mm,SS,BW,P280GH,RCC-M M1144,ASME B16.9,NA,QA3,"26""",,个,,KG,
,CPE01414,45°长半径弯头,19.05mm,SS,BW,P280GH,1916T3019,ASME B16.9,NA,QA3,"12""",,个,,KG,
,CPE01415,45°长半径弯头,38.1mm,SS,BW,P280GH,RCC-M M1152,ASME B16.9,NA,QA3,"22""",,个,,KG,
,CPE01416,45°长半径弯头,22.23mm,SS,BW,P280GH,RCC-M M1152,ASME B16.9,NA,QA3,"10""",,个,,KG,
,CPE01417,60°长半径弯头,30.18mm,SS,BW,P280GH,RCC-M M1144,ASME B16.9,NA,QA3,"26""",,个,,KG,
,CPE01418,60°长半径弯头,38.1mm,SS,BW,P280GH,RCC-M M1152,ASME B16.9,NA,QA3,"22""",,个,,KG,
,CPE01419,60°长半径弯头,38.1mm,SS,BW,P280GH,1916T3019,ASME B16.9,NA,QA3,"20""",,个,,KG,
,CPE01420,60°长半径弯头,31.75mm,SS,BW,P280GH,RCC-M M1152,ASME B16.9,NA,QA3,"18""",,个,,KG,
,CPE01421,90°长半径弯头,36.53mm,SS,BW,P280GH,RCC-M M1144,ASME B16.9,NA,QA3,"32""",,个,,KG,
,CPE01422,90°长半径弯头,34.93mm,SS,BW,P280GH,RCC-M M1144,ASME B16.9,NA,QA3,"30""",,个,,KG,
,CPE01423,90°长半径弯头,30.18mm,SS,BW,P280GH,RCC-M M1144,ASME B16.9,NA,QA3,"26""",,个,,KG,
,CPE01424,90°长半径弯头,19.05mm,SS,BW,P280GH,RCC-M M1144,ASME B16.9,NA,QA3,"12""",,个,,KG,
,CPE01425,90°长半径弯头,38.1mm,SS,BW,P280GH,RCC-M M1152,ASME B16.9,NA,QA3,"22""",,个,,KG,
,CPE01426,90°长半径弯头,38.1mm,SS,BW,P280GH,RCC-M M1152,ASME B16.9,NA,QA3,"20""",,个,,KG,
,CPE01427,90°长半径弯头,22.23mm,SS,BW,P280GH,RCC-M M1152,ASME B16.9,NA,QA3,"10""",,个,,KG,
,CPE01428,90°长半径弯头,12.7mm,SS,BW,P280GH,RCC-M M1152,ASME B16.9,NA,QA3,"6""",,个,,KG,
,CPE01429,90°长半径弯头,11.13mm,SS,BW,P280GH,RCC-M M1152,ASME B16.9,NA,QA3,"4""",,个,,KG,
B,CPE01430,90°长半径弯头,SCH160,SS,BW,022Cr19Ni10,1916T3017,ASME B16.9,RCC-M 1,QA1,"1""",,个,,KG,
,CPE01431,45°长半径弯头,31.75mm,SS,BW,P280GH,RCC-M M1152,ASME B16.9,NA,QA3,"18""",,个,,KG,
,CPE01432,90°长半径弯头,31.75mm,SS,BW,P280GH,RCC-M M1152,ASME B16.9,NA,QA3,"18""",,个,,KG,
,CPE01433,90°长半径弯头,3.18mm,SS,BW,20,1916T3019,ASME B16.9,RCC-M 3,QA2,"2""",,个,,KG,
,CPE01435,60°长半径弯头,SCH160,SS,BW,026Cr18Ni12Mo2N,1916T3017,ASME B16.9,RCC-M 1,QA1,"6""",,个,,KG,
,CPE01436,90°长半径弯头,SCH160,SS,BW,026Cr18Ni12Mo2N,1916T3017,ASME B16.9,RCC-M 1,QA1,"4""",,个,,KG,
,CPE01437,45°长半径弯头,SCH80S,SS,BW,026Cr18Ni12Mo2N,1916T3017,ASME B16.9,RCC-M 2,QA1,"6""",,个,,KG,
,CPE01438,90°长半径弯头,9.53mm,SS,BW,P280GH,RCC-M M1144,ASME B16.9,NA,QA3,"4""",,个,,KG,
,CPE01440,29.4°长半径弯头,19.05mm,SS,BW,P280GH,RCC-M M1144,ASME B16.9,NA,QA3,"12""",,个,,KG,原45°长半径弯头
,CPE01441,89.4°长半径弯头,19.05mm,SS,BW,P280GH,RCC-M M1144,ASME B16.9,NA,QA3,"12""",,个,,KG,
,CPE01442,45°长半径弯头,38.1mm,SS,BW,P280GH,RCC-M M1152,ASME B16.9,NA,QA3,"20""",,个,,KG,原60°长半径弯头
,CPE01443,90°弯头,CL6000,FO,SW,026Cr18Ni12Mo2N,1916T3038,ASME B16.11,RCC-M 2,QA1,"1/2""",,个,,KG,
,CPE01444,90°短半径弯头,SCH40S,SS,BW,022Cr19Ni10,1916T3023,ASME B16.9,NA,QNCa,"24""",,个,,KG,
,CPE01445,45°长半径弯头,SCH10,SS,BW,P280GH,1916T3019,ASME B16.9,RCC-M 3,QA2,"24""",,个,,KG,
,CPE01446,90°长半径弯头,SCH10,SS,BW,P280GH,1916T3019,ASME B16.9,RCC-M 3,QA2,"24""",,个,,KG,
,CPE01447,90°长半径弯头,SCH10,SS,BW,P280GH,1916T3019,ASME B16.9,RCC-M 3,QA2,"26""",,个,,KG,
,CPE01448,90°长半径弯头,SCH10,SS,BW,P280GH,1916T3019,ASME B16.9,RCC-M 3,QA2,"28""",,个,,KG,
,CPE01449,90°长半径弯头,SCH120,SS,BW,P280GH(主给水流量控制系统专用),1916T3019,ASME B16.9,RCC-M 2,QA1,"8""",,个,,KG,
,CPE01450,90°长半径弯头,SCH40,SS,BW,20,1916T3019,ASME B16.9,RCC-M 3,QA2,"1""",,个,,KG,
,CPE01451,90°长半径弯头,SCH160,SS,BW,022Cr19Ni10,1916T3017,ASME B16.9,RCC-M 2,QA1,"2""",,个,,KG,
,CPE01452,45°长半径弯头,SCH160,SS,BW,022Cr19Ni10,1916T3017,ASME B16.9,RCC-M 2,QA1,"2""",,个,,KG,
,CPE01453,90°长半径弯头,SCH40,FS,BW,Q235B(内外壁热浸镀锌),GB/T 13401-2017,GB/T 12459-2017,NA,QNCa,DN80,,个,,KG,
,CPE01454,90°长半径弯头,SCH40,FS,BW,Q235B(内外壁热浸镀锌),GB/T 13401-2017,GB/T 12459-2017,NA,QNCa,DN100,,个,,KG,
,CPE01455,90°长半径弯头,SCH40,FS,BW,Q235B(内外壁热浸镀锌),GB/T 13401-2017,GB/T 12459-2017,NA,QNCa,DN150,,个,,KG,
,CPE01456,90°长半径弯头,SCH30,FS,BW,Q235B(内外壁热浸镀锌),GB/T 13401-2017,GB/T 12459-2017,NA,QNCa,DN200,,个,,KG,
,CPE01457,90°长半径弯头,8.74mm,FS,BW,Q235B(内外壁热浸镀锌),GB/T 13401-2017,GB/T 12459-2017,NA,QNCa,DN250,,个,,KG,
,CPE01458,90°长半径弯头,9.53mm,FS,BW,Q235B(内外壁热浸镀锌),GB/T 13401-2017,GB/T 12459-2017,NA,QNCa,DN300,,个,,KG,
,CPE01459,90°长半径弯头,SCH30,FS,BW,Q235B(内外壁热浸镀锌),GB/T 13401-2017,GB/T 12459-2017,NA,QNCa,DN350,,个,,KG,
,CPE01460,90°长半径弯头,SCH30,FS,BW,Q235B(内外壁热浸镀锌),GB/T 13401-2017,GB/T 12459-2017,NA,QNCa,DN400,,个,,KG,
,CPE01461,90°长半径弯头,9.53mm,FS,BW,Q235B(内外壁热浸镀锌),GB/T 13401-2017,GB/T 12459-2017,NA,QNCa,DN450,,个,,KG,
,CPE01462,90°长半径弯头,SCH20,FS,BW,Q235B(内外壁热浸镀锌),GB/T 13401-2017,GB/T 12459-2017,NA,QNCa,DN500,,个,,KG,
,CPE01463,45°长半径弯头,SCH40,FS,BW,Q235B(内外壁热浸镀锌),GB/T 13401-2017,GB/T 12459-2017,NA,QNCa,DN80,,个,,KG,
,CPE01464,45°长半径弯头,SCH40,FS,BW,Q235B(内外壁热浸镀锌),GB/T 13401-2017,GB/T 12459-2017,NA,QNCa,DN100,,个,,KG,
,CPE01465,45°长半径弯头,SCH40,FS,BW,Q235B(内外壁热浸镀锌),GB/T 13401-2017,GB/T 12459-2017,NA,QNCa,DN150,,个,,KG,
,CPE01466,45°长半径弯头,SCH30,FS,BW,Q235B(内外壁热浸镀锌),GB/T 13401-2017,GB/T 12459-2017,NA,QNCa,DN200,,个,,KG,
,CPE01467,45°长半径弯头,8.74mm,FS,BW,Q235B(内外壁热浸镀锌),GB/T 13401-2017,GB/T 12459-2017,NA,QNCa,DN250,,个,,KG,
,CPE01468,45°长半径弯头,9.53mm,FS,BW,Q235B(内外壁热浸镀锌),GB/T 13401-2017,GB/T 12459-2017,NA,QNCa,DN300,,个,,KG,
,CPE01469,45°长半径弯头,SCH30,FS,BW,Q235B(内外壁热浸镀锌),GB/T 13401-2017,GB/T 12459-2017,NA,QNCa,DN350,,个,,KG,
,CPE01470,45°长半径弯头,SCH30,FS,BW,Q235B(内外壁热浸镀锌),GB/T 13401-2017,GB/T 12459-2017,NA,QNCa,DN400,,个,,KG,
,CPE01471,45°长半径弯头,9.53mm,FS,BW,Q235B(内外壁热浸镀锌),GB/T 13401-2017,GB/T 12459-2017,NA,QNCa,DN450,,个,,KG,
,CPE01472,45°长半径弯头,SCH20,FS,BW,Q235B(内外壁热浸镀锌),GB/T 13401-2017,GB/T 12459-2017,NA,QNCa,DN500,,个,,KG,
,CPE01475,90°短半径弯头,12.7mm,SS,BW,20,1916T3025,ASME B16.9,NA,QNCa,"24""",,个,,KG,
,CPE01476,90°长半径弯头,25.4mm,SS,BW,P280GH,RCC-M M1152,ASME B16.9,NA,QA3,"12""",,个,,KG,
,CPE01477,30°长半径弯头,25.4mm,SS,BW,P280GH,RCC-M M1152,ASME B16.9,NA,QA3,"12""",,个,,KG,
,CPE01480,45°长半径弯头,12mm,SS,BW,S30408,GB/T 14976-2012,GB/T 12459-2017,NA,QNCa,DN300,,个,,KG,
,CPE01481,45°长半径弯头,12mm,SS,BW,S30408,GB/T 14976-2012,GB/T 12459-2017,NA,QNCa,DN350,,个,,KG,
,CPE01482,45°长半径弯头,12mm,SS,BW,S30408,GB/T 14976-2012,GB/T 12459-2017,NA,QNCa,DN400,,个,,KG,
,CPE01483,45°长半径弯头,12.5mm,SS,BW,S30408,GB/T 14976-2012,GB/T 12459-2017,NA,QNCa,DN450,,个,,KG,
,CPE01484,45°长半径弯头,12mm,SS,BW,S30403,GB/T 14976-2012,GB/T 12459-2017,NA,QNCa,DN300,,个,,KG,
,CPE01485,45°长半径弯头,12mm,SS,BW,S30403,GB/T 14976-2012,GB/T 12459-2017,NA,QNCa,DN350,,个,,KG,
,CPE01486,45°长半径弯头,12mm,SS,BW,S30403,GB/T 14976-2012,GB/T 12459-2017,NA,QNCa,DN400,,个,,KG,
,CPE01487,45°长半径弯头,12.5mm,SS,BW,S30403,GB/T 14976-2012,GB/T 12459-2017,NA,QNCa,DN450,,个,,KG,
,CPE01488,45°长半径弯头,9mm,SS,BW,20,GB/T 8163-2018,GB/T 12459-2017,NA,QNCa,DN400,,个,,KG,
,CPE01489,45°长半径弯头,9mm,SS,BW,20,GB/T 8163-2018,GB/T 12459-2017,NA,QNCa,DN450,,个,,KG,
,CPE01490,45°长半径弯头,9mm,SS,BW,20(内外壁热浸镀锌),GB/T 8163-2018(GB/T 13912-2020),GB/T 12459-2017,NA,QNCa,DN400,,个,,KG,
,CPE01491,45°长半径弯头,9mm,SS,BW,20(内外壁热浸镀锌),GB/T 8163-2018(GB/T 13912-2020),GB/T 12459-2017,NA,QNCa,DN450,,个,,KG,
,CPE01492,90°短半径弯头,12mm,SS,BW,S30408,GB/T 14976-2012,GB/T 12459-2017,NA,QNCa,DN300,,个,,KG,
,CPE01493,90°短半径弯头,12mm,SS,BW,S30408,GB/T 14976-2012,GB/T 12459-2017,NA,QNCa,DN350,,个,,KG,
,CPE01494,90°短半径弯头,12mm,SS,BW,S30408,GB/T 14976-2012,GB/T 12459-2017,NA,QNCa,DN400,,个,,KG,
,CPE01495,90°短半径弯头,12.5mm,SS,BW,S30408,GB/T 14976-2012,GB/T 12459-2017,NA,QNCa,DN450,,个,,KG,
,CPE01496,90°短半径弯头,12mm,SS,BW,S30403,GB/T 14976-2012,GB/T 12459-2017,NA,QNCa,DN300,,个,,KG,
,CPE01497,90°短半径弯头,12mm,SS,BW,S30403,GB/T 14976-2012,GB/T 12459-2017,NA,QNCa,DN350,,个,,KG,
,CPE01498,90°短半径弯头,12mm,SS,BW,S30403,GB/T 14976-2012,GB/T 12459-2017,NA,QNCa,DN400,,个,,KG,
,CPE01499,90°短半径弯头,12.5mm,SS,BW,S30403,GB/T 14976-2012,GB/T 12459-2017,NA,QNCa,DN450,,个,,KG,
,CPE01500,90°短半径弯头,9mm,SS,BW,20,GB/T 8163-2018,GB/T 12459-2017,NA,QNCa,DN400,,个,,KG,
,CPE01501,90°短半径弯头,9mm,SS,BW,20,GB/T 8163-2018,GB/T 12459-2017,NA,QNCa,DN450,,个,,KG,
,CPE01502,90°短半径弯头,9mm,SS,BW,20(内外壁热浸镀锌),GB/T 8163-2018(GB/T 13912-2020),GB/T 12459-2017,NA,QNCa,DN400,,个,,KG,
,CPE01503,90°短半径弯头,9mm,SS,BW,20(内外壁热浸镀锌),GB/T 8163-2018(GB/T 13912-2020),GB/T 12459-2017,NA,QNCa,DN450,,个,,KG,
,CPE01504,90°长半径弯头,12mm,SS,BW,S30408,GB/T 14976-2012,GB/T 12459-2017,NA,QNCa,DN300,,个,,KG,
,CPE01505,90°长半径弯头,12mm,SS,BW,S30408,GB/T 14976-2012,GB/T 12459-2017,NA,QNCa,DN350,,个,,KG,
,CPE01506,90°长半径弯头,12mm,SS,BW,S30408,GB/T 14976-2012,GB/T 12459-2017,NA,QNCa,DN400,,个,,KG,
,CPE01507,90°长半径弯头,12.5mm,SS,BW,S30408,GB/T 14976-2012,GB/T 12459-2017,NA,QNCa,DN450,,个,,KG,
,CPE01508,90°长半径弯头,12mm,SS,BW,S30403,GB/T 14976-2012,GB/T 12459-2017,NA,QNCa,DN300,,个,,KG,
,CPE01509,90°长半径弯头,12mm,SS,BW,S30403,GB/T 14976-2012,GB/T 12459-2017,NA,QNCa,DN350,,个,,KG,
,CPE01510,90°长半径弯头,12mm,SS,BW,S30403,GB/T 14976-2012,GB/T 12459-2017,NA,QNCa,DN400,,个,,KG,
,CPE01511,90°长半径弯头,12.5mm,SS,BW,S30403,GB/T 14976-2012,GB/T 12459-2017,NA,QNCa,DN450,,个,,KG,
,CPE01512,90°长半径弯头,9mm,SS,BW,20,GB/T 8163-2018,GB/T 12459-2017,NA,QNCa,DN400,,个,,KG,
,CPE01513,90°长半径弯头,9mm,SS,BW,20,GB/T 8163-2018,GB/T 12459-2017,NA,QNCa,DN450,,个,,KG,
,CPE01514,90°长半径弯头,9mm,SS,BW,20(内外壁热浸镀锌),GB/T 8163-2018(GB/T 13912-2020),GB/T 12459-2017,NA,QNCa,DN400,,个,,KG,
,CPE01515,90°长半径弯头,9mm,SS,BW,20(内外壁热浸镀锌),GB/T 8163-2018(GB/T 13912-2020),GB/T 12459-2017,NA,QNCa,DN450,,个,,KG,
,CPE01516,90°长半径异径弯头,12mmx8mm,SS,BW,S30408,GB/T 14976-2012,GB/T 12459-2017,NA,QNCa,DN300xDN250,,个,,KG,
,CPE01517,90°长半径异径弯头,12mmx7mm,SS,BW,S30408,GB/T 14976-2012,GB/T 12459-2017,NA,QNCa,DN300xDN200,,个,,KG,
,CPE01518,90°长半径异径弯头,12mmx7mm,SS,BW,S30408,GB/T 14976-2012,GB/T 12459-2017,NA,QNCa,DN300xDN150,,个,,KG,
,CPE01519,90°长半径异径弯头,12mmx12mm,SS,BW,S30408,GB/T 14976-2012,GB/T 12459-2017,NA,QNCa,DN350xDN300,,个,,KG,
,CPE01520,90°长半径异径弯头,12mmx8mm,SS,BW,S30408,GB/T 14976-2012,GB/T 12459-2017,NA,QNCa,DN350xDN250,,个,,KG,
,CPE01521,90°长半径异径弯头,12mmx7mm,SS,BW,S30408,GB/T 14976-2012,GB/T 12459-2017,NA,QNCa,DN350xDN200,,个,,KG,
,CPE01522,90°长半径异径弯头,12mmx12mm,SS,BW,S30408,GB/T 14976-2012,GB/T 12459-2017,NA,QNCa,DN400xDN350,,个,,KG,
,CPE01523,90°长半径异径弯头,12mmx12mm,SS,BW,S30408,GB/T 14976-2012,GB/T 12459-2017,NA,QNCa,DN400xDN300,,个,,KG,
,CPE01524,90°长半径异径弯头,12mmx8mm,SS,BW,S30408,GB/T 14976-2012,GB/T 12459-2017,NA,QNCa,DN400xDN250,,个,,KG,
,CPE01525,90°长半径异径弯头,12.5mmx12mm,SS,BW,S30408,GB/T 14976-2012,GB/T 12459-2017,NA,QNCa,DN450xDN400,,个,,KG,
,CPE01526,90°长半径异径弯头,12.5mmx12mm,SS,BW,S30408,GB/T 14976-2012,GB/T 12459-2017,NA,QNCa,DN450xDN350,,个,,KG,
,CPE01527,90°长半径异径弯头,12.5mmx12mm,SS,BW,S30408,GB/T 14976-2012,GB/T 12459-2017,NA,QNCa,DN450xDN300,,个,,KG,
,CPE01528,90°长半径异径弯头,12.5mmx8mm,SS,BW,S30408,GB/T 14976-2012,GB/T 12459-2017,NA,QNCa,DN450xDN250,,个,,KG,
,CPE01529,90°长半径异径弯头,12mmx8mm,SS,BW,S30403,GB/T 14976-2012,GB/T 12459-2017,NA,QNCa,DN300xDN250,,个,,KG,
,CPE01530,90°长半径异径弯头,12mmx7mm,SS,BW,S30403,GB/T 14976-2012,GB/T 12459-2017,NA,QNCa,DN300xDN200,,个,,KG,
,CPE01531,90°长半径异径弯头,12mmx7mm,SS,BW,S30403,GB/T 14976-2012,GB/T 12459-2017,NA,QNCa,DN300xDN150,,个,,KG,
,CPE01532,90°长半径异径弯头,12mmx12mm,SS,BW,S30403,GB/T 14976-2012,GB/T 12459-2017,NA,QNCa,DN350xDN300,,个,,KG,
,CPE01533,90°长半径异径弯头,12mmx8mm,SS,BW,S30403,GB/T 14976-2012,GB/T 12459-2017,NA,QNCa,DN350xDN250,,个,,KG,
,CPE01534,90°长半径异径弯头,12mmx7mm,SS,BW,S30403,GB/T 14976-2012,GB/T 12459-2017,NA,QNCa,DN350xDN200,,个,,KG,
,CPE01535,90°长半径异径弯头,12mmx12mm,SS,BW,S30403,GB/T 14976-2012,GB/T 12459-2017,NA,QNCa,DN400xDN350,,个,,KG,
,CPE01536,90°长半径异径弯头,12mmx12mm,SS,BW,S30403,GB/T 14976-2012,GB/T 12459-2017,NA,QNCa,DN400xDN300,,个,,KG,
,CPE01537,90°长半径异径弯头,12mmx8mm,SS,BW,S30403,GB/T 14976-2012,GB/T 12459-2017,NA,QNCa,DN400xDN250,,个,,KG,
,CPE01538,90°长半径异径弯头,12.5mmx12mm,SS,BW,S30403,GB/T 14976-2012,GB/T 12459-2017,NA,QNCa,DN450xDN400,,个,,KG,
,CPE01539,90°长半径异径弯头,12.5mmx12mm,SS,BW,S30403,GB/T 14976-2012,GB/T 12459-2017,NA,QNCa,DN450xDN350,,个,,KG,
,CPE01540,90°长半径异径弯头,12.5mmx12mm,SS,BW,S30403,GB/T 14976-2012,GB/T 12459-2017,NA,QNCa,DN450xDN300,,个,,KG,
,CPE01541,90°长半径异径弯头,12.5mmx8mm,SS,BW,S30403,GB/T 14976-2012,GB/T 12459-2017,NA,QNCa,DN450xDN250,,个,,KG,
,CPE01542,90°长半径异径弯头,9mmx9mm,SS,BW,20,GB/T 8163-2018,GB/T 12459-2017,NA,QNCa,DN400xDN350,,个,,KG,
,CPE01543,90°长半径异径弯头,9mmx8mm,SS,BW,20,GB/T 8163-2018,GB/T 12459-2017,NA,QNCa,DN400xDN300,,个,,KG,
,CPE01544,90°长半径异径弯头,9mmx6.5mm,SS,BW,20,GB/T 8163-2018,GB/T 12459-2017,NA,QNCa,DN400xDN250,,个,,KG,
,CPE01545,90°长半径异径弯头,9mmx9mm,SS,BW,20,GB/T 8163-2018,GB/T 12459-2017,NA,QNCa,DN450xDN400,,个,,KG,
,CPE01546,90°长半径异径弯头,9mmx9mm,SS,BW,20,GB/T 8163-2018,GB/T 12459-2017,NA,QNCa,DN450xDN350,,个,,KG,
,CPE01547,90°长半径异径弯头,9mmx8mm,SS,BW,20,GB/T 8163-2018,GB/T 12459-2017,NA,QNCa,DN450xDN300,,个,,KG,
,CPE01548,90°长半径异径弯头,9mmx6.5mm,SS,BW,20,GB/T 8163-2018,GB/T 12459-2017,NA,QNCa,DN450xDN250,,个,,KG,
,CPE01549,90°长半径异径弯头,9mmx9mm,SS,BW,20(内外壁热浸镀锌),GB/T 8163-2018(GB/T 13912-2020),GB/T 12459-2017,NA,QNCa,DN400xDN350,,个,,KG,
,CPE01550,90°长半径异径弯头,9mmx8mm,SS,BW,20(内外壁热浸镀锌),GB/T 8163-2018(GB/T 13912-2020),GB/T 12459-2017,NA,QNCa,DN400xDN300,,个,,KG,
,CPE01551,90°长半径异径弯头,9mmx6.5mm,SS,BW,20(内外壁热浸镀锌),GB/T 8163-2018(GB/T 13912-2020),GB/T 12459-2017,NA,QNCa,DN400xDN250,,个,,KG,
,CPE01552,90°长半径异径弯头,9mmx9mm,SS,BW,20(内外壁热浸镀锌),GB/T 8163-2018(GB/T 13912-2020),GB/T 12459-2017,NA,QNCa,DN450xDN400,,个,,KG,
,CPE01553,90°长半径异径弯头,9mmx9mm,SS,BW,20(内外壁热浸镀锌),GB/T 8163-2018(GB/T 13912-2020),GB/T 12459-2017,NA,QNCa,DN450xDN350,,个,,KG,
,CPE01554,90°长半径异径弯头,9mmx8mm,SS,BW,20(内外壁热浸镀锌),GB/T 8163-2018(GB/T 13912-2020),GB/T 12459-2017,NA,QNCa,DN450xDN300,,个,,KG,
,CPE01555,90°长半径异径弯头,9mmx6.5mm,SS,BW,20(内外壁热浸镀锌),GB/T 8163-2018(GB/T 13912-2020),GB/T 12459-2017,NA,QNCa,DN450xDN250,,个,,KG,
,CPE01556,180°短半径弯头,12mm,SS,BW,S30408,GB/T 14976-2012,GB/T 12459-2017,NA,QNCa,DN300,,个,,KG,
,CPE01557,180°短半径弯头,12mm,SS,BW,S30408,GB/T 14976-2012,GB/T 12459-2017,NA,QNCa,DN350,,个,,KG,
,CPE01558,180°短半径弯头,12mm,SS,BW,S30408,GB/T 14976-2012,GB/T 12459-2017,NA,QNCa,DN400,,个,,KG,
,CPE01559,180°短半径弯头,12.5mm,SS,BW,S30408,GB/T 14976-2012,GB/T 12459-2017,NA,QNCa,DN450,,个,,KG,
,CPE01560,180°短半径弯头,12mm,SS,BW,S30403,GB/T 14976-2012,GB/T 12459-2017,NA,QNCa,DN300,,个,,KG,
,CPE01561,180°短半径弯头,12mm,SS,BW,S30403,GB/T 14976-2012,GB/T 12459-2017,NA,QNCa,DN350,,个,,KG,
,CPE01562,180°短半径弯头,12mm,SS,BW,S30403,GB/T 14976-2012,GB/T 12459-2017,NA,QNCa,DN400,,个,,KG,
,CPE01563,180°短半径弯头,12.5mm,SS,BW,S30403,GB/T 14976-2012,GB/T 12459-2017,NA,QNCa,DN450,,个,,KG,
,CPE01564,180°短半径弯头,9mm,SS,BW,20,GB/T 8163-2018,GB/T 12459-2017,NA,QNCa,DN400,,个,,KG,
,CPE01565,180°短半径弯头,9mm,SS,BW,20,GB/T 8163-2018,GB/T 12459-2017,NA,QNCa,DN450,,个,,KG,
,CPE01566,180°短半径弯头,9mm,SS,BW,20(内外壁热浸镀锌),GB/T 8163-2018(GB/T 13912-2020),GB/T 12459-2017,NA,QNCa,DN400,,个,,KG,
,CPE01567,180°短半径弯头,9mm,SS,BW,20(内外壁热浸镀锌),GB/T 8163-2018(GB/T 13912-2020),GB/T 12459-2017,NA,QNCa,DN450,,个,,KG,
,CPE01568,180°长半径弯头,12mm,SS,BW,S30408,GB/T 14976-2012,GB/T 12459-2017,NA,QNCa,DN300,,个,,KG,
,CPE01569,180°长半径弯头,12mm,SS,BW,S30408,GB/T 14976-2012,GB/T 12459-2017,NA,QNCa,DN350,,个,,KG,
,CPE01570,180°长半径弯头,12mm,SS,BW,S30408,GB/T 14976-2012,GB/T 12459-2017,NA,QNCa,DN400,,个,,KG,
,CPE01571,180°长半径弯头,12.5mm,SS,BW,S30408,GB/T 14976-2012,GB/T 12459-2017,NA,QNCa,DN450,,个,,KG,
,CPE01572,180°长半径弯头,12mm,SS,BW,S30403,GB/T 14976-2012,GB/T 12459-2017,NA,QNCa,DN300,,个,,KG,
,CPE01573,180°长半径弯头,12mm,SS,BW,S30403,GB/T 14976-2012,GB/T 12459-2017,NA,QNCa,DN350,,个,,KG,
,CPE01574,180°长半径弯头,12mm,SS,BW,S30403,GB/T 14976-2012,GB/T 12459-2017,NA,QNCa,DN400,,个,,KG,
,CPE01575,180°长半径弯头,12.5mm,SS,BW,S30403,GB/T 14976-2012,GB/T 12459-2017,NA,QNCa,DN450,,个,,KG,
,CPE01576,180°长半径弯头,9mm,SS,BW,20,GB/T 8163-2018,GB/T 12459-2017,NA,QNCa,DN400,,个,,KG,
,CPE01577,180°长半径弯头,9mm,SS,BW,20,GB/T 8163-2018,GB/T 12459-2017,NA,QNCa,DN450,,个,,KG,
,CPE01578,180°长半径弯头,9mm,SS,BW,20(内外壁热浸镀锌),GB/T 8163-2018(GB/T 13912-2020),GB/T 12459-2017,NA,QNCa,DN400,,个,,KG,
,CPE01579,180°长半径弯头,9mm,SS,BW,20(内外壁热浸镀锌),GB/T 8163-2018(GB/T 13912-2020),GB/T 12459-2017,NA,QNCa,DN450,,个,,KG,
,CPE01650,90°弯头,9.6mm,,SA,PVC-C,,GB/T 18993.3,NA,QNCa,DN50,Φ63,个,,KG,
,CPE01651,45°长半径弯头,SCH10S,SS,BW,022Cr25Ni7Mo4N,1916T3089,ASME B16.9,RCC-M 3,QA2,"1/2""",,个,,KG,
,CPE01652,90°长半径弯头,SCH10S,SS,BW,022Cr25Ni7Mo4N,1916T3089,ASME B16.9,RCC-M 3,QA2,"3/4""",,个,,KG,
,CPE01653,90°长半径弯头,SCH10S,SS,BW,022Cr25Ni7Mo4N,1916T3089,ASME B16.9,RCC-M 3,QA2,"1/2""",,个,,KG,
,CPE01654,90°长半径弯头,SCH40,SS,BW,022Cr25Ni7Mo4N,1916T3089,ASME B16.9,RCC-M 3,QA2,"1""",,个,,KG,
,CPE02394,90°弯头,7.9mm,,SA,PVC-C,,GB/T 18993.3,NA,QNCa,DN50,Φ63,个,,KG,
,CPE02395,90°弯头,2.6mm,,SA,PVC-C,,GB/T 18993.3,NA,QNCa,DN20,Φ20,个,,KG,
,CPE02621,30°长半径弯头,SCH140,SS,BW,026Cr18Ni12Mo2N,1916T3017,ASME B16.9,RCC-M 1,QA1,"14""",,个,,KG,
,CPE02622,30°长半径弯头,SCH40S,SS,BW,022Cr19Ni10,1916T3017,ASME B16.9,RCC-M 3,QA2,"8""",,个,,KG,
,CPE02623,60°长半径弯头,SCH40S,SS,BW,022Cr19Ni10,1916T3017,ASME B16.9,RCC-M 3,QA2,"8""",,个,,KG,
,CPE02624,90°长半径弯头,SCH80S,SS,BW,022Cr19Ni10,1916T3017,ASME B16.9,RCC-M 2,QA1,"2""",,个,,KG,
,CPE02625,45°长半径弯头,SCH40S,SS,BW,S30408,GB/T 14976-2012,GB/T 12459-2017,NA,QNCa,DN200,Φ219,个,,KG,
,CPE02626,90°短半径弯头,SCH40S,SS,BW,S30408,GB/T 14976-2012,GB/T 12459-2017,NA,QNCa,DN200,Φ219,个,,KG,
,CPE02627,90°长半径弯头,SCH40S,SS,BW,S30408,GB/T 14976-2012,GB/T 12459-2017,NA,QNCa,DN200,Φ219,个,,KG,
,CPE02628,180°长半径弯头,SCH40S,SS,BW,S30408,GB/T 14976-2012,GB/T 12459-2017,NA,QNCa,DN200,Φ219,个,,KG,
,CPE02629,180°短半径弯头,SCH40S,SS,BW,S30408,GB/T 14976-2012,GB/T 12459-2017,NA,QNCa,DN200,Φ219,个,,KG,
,CPE02630,90°长半径异径弯头,SCH40SxSCH40S,SS,BW,S30408,GB/T 14976-2012,GB/T 12459-2017,NA,QNCa,DN200xDN150,Φ219xΦ168,个,,KG,
,CPE02631,90°长半径异径弯头,SCH40SxSCH40S,SS,BW,S30408,GB/T 14976-2012,GB/T 12459-2017,NA,QNCa,DN200xDN100,Φ219xΦ114,个,,KG,
,CPE02632,45°长半径弯头,SCH40S,SS,BW,S30408,GB/T 14976-2012,GB/T 12459-2017,NA,QNCa,DN250,Φ273,个,,KG,
,CPE02633,90°短半径弯头,SCH40S,SS,BW,S30408,GB/T 14976-2012,GB/T 12459-2017,NA,QNCa,DN250,Φ273,个,,KG,
,CPE02634,90°长半径弯头,SCH40S,SS,BW,S30408,GB/T 14976-2012,GB/T 12459-2017,NA,QNCa,DN250,Φ273,个,,KG,
,CPE02635,180°长半径弯头,SCH40S,SS,BW,S30408,GB/T 14976-2012,GB/T 12459-2017,NA,QNCa,DN250,Φ273,个,,KG,
,CPE02636,180°短半径弯头,SCH40S,SS,BW,S30408,GB/T 14976-2012,GB/T 12459-2017,NA,QNCa,DN250,Φ273,个,,KG,
,CPE02637,90°长半径异径弯头,SCH40SxSCH40S,SS,BW,S30408,GB/T 14976-2012,GB/T 12459-2017,NA,QNCa,DN250xDN200,Φ273xΦ219,个,,KG,
,CPE02638,90°长半径异径弯头,SCH40SxSCH40S,SS,BW,S30408,GB/T 14976-2012,GB/T 12459-2017,NA,QNCa,DN250xDN150,Φ273xΦ168,个,,KG,
,CPE02639,45°长半径弯头,SCH40S,SS,BW,S30403,GB/T 14976-2012,GB/T 12459-2017,NA,QNCa,DN200,Φ219,个,,KG,
,CPE02640,90°短半径弯头,SCH40S,SS,BW,S30403,GB/T 14976-2012,GB/T 12459-2017,NA,QNCa,DN200,Φ219,个,,KG,
,CPE02641,90°长半径弯头,SCH40S,SS,BW,S30403,GB/T 14976-2012,GB/T 12459-2017,NA,QNCa,DN200,Φ219,个,,KG,
,CPE02642,180°长半径弯头,SCH40S,SS,BW,S30403,GB/T 14976-2012,GB/T 12459-2017,NA,QNCa,DN200,Φ219,个,,KG,
,CPE02643,180°短半径弯头,SCH40S,SS,BW,S30403,GB/T 14976-2012,GB/T 12459-2017,NA,QNCa,DN200,Φ219,个,,KG,
,CPE02644,90°长半径异径弯头,SCH40SxSCH40S,SS,BW,S30403,GB/T 14976-2012,GB/T 12459-2017,NA,QNCa,DN200xDN150,Φ219xΦ168,个,,KG,
,CPE02645,90°长半径异径弯头,SCH40SxSCH40S,SS,BW,S30403,GB/T 14976-2012,GB/T 12459-2017,NA,QNCa,DN200xDN100,Φ219xΦ114,个,,KG,
,CPE02646,45°长半径弯头,SCH40S,SS,BW,S30403,GB/T 14976-2012,GB/T 12459-2017,NA,QNCa,DN250,Φ273,个,,KG,
,CPE02647,90°短半径弯头,SCH40S,SS,BW,S30403,GB/T 14976-2012,GB/T 12459-2017,NA,QNCa,DN250,Φ273,个,,KG,
,CPE02648,90°长半径弯头,SCH40S,SS,BW,S30403,GB/T 14976-2012,GB/T 12459-2017,NA,QNCa,DN250,Φ273,个,,KG,
,CPE02649,180°长半径弯头,SCH40S,SS,BW,S30403,GB/T 14976-2012,GB/T 12459-2017,NA,QNCa,DN250,Φ273,个,,KG,
,CPE02650,180°短半径弯头,SCH40S,SS,BW,S30403,GB/T 14976-2012,GB/T 12459-2017,NA,QNCa,DN250,Φ273,个,,KG,
,CPE02651,90°长半径异径弯头,SCH40SxSCH40S,SS,BW,S30403,GB/T 14976-2012,GB/T 12459-2017,NA,QNCa,DN250xDN200,Φ273xΦ219,个,,KG,
,CPE02652,90°长半径异径弯头,SCH40SxSCH40S,SS,BW,S30403,GB/T 14976-2012,GB/T 12459-2017,NA,QNCa,DN250xDN150,Φ273xΦ168,个,,KG,
,CPE02653,45°长半径弯头,SCH30,SS,BW,20,GB/T 8163-2008,GB/T 12459-2017,NA,QNCa,DN250,Φ273,个,,KG,
,CPE02654,90°短半径弯头,SCH30,SS,BW,20,GB/T 8163-2008,GB/T 12459-2017,NA,QNCa,DN250,Φ273,个,,KG,
,CPE02655,90°长半径弯头,SCH30,SS,BW,20,GB/T 8163-2008,GB/T 12459-2017,NA,QNCa,DN250,Φ273,个,,KG,
,CPE02656,180°长半径弯头,SCH30,SS,BW,20,GB/T 8163-2008,GB/T 12459-2017,NA,QNCa,DN250,Φ273,个,,KG,
,CPE02657,180°短半径弯头,SCH30,SS,BW,20,GB/T 8163-2008,GB/T 12459-2017,NA,QNCa,DN250,Φ273,个,,KG,
,CPE02658,90°长半径异径弯头,SCH30xSCH20,SS,BW,20,GB/T 8163-2008,GB/T 12459-2017,NA,QNCa,DN250xDN200,Φ273xΦ219,个,,KG,
,CPE02659,90°长半径异径弯头,SCH30xSCH40,SS,BW,20,GB/T 8163-2008,GB/T 12459-2017,NA,QNCa,DN250xDN150,Φ273xΦ168,个,,KG,
,CPE02660,45°长半径弯头,SCH30,SS,BW,20,GB/T 8163-2008,GB/T 12459-2017,NA,QNCa,DN65,Φ73,个,,KG,
,CPE02661,90°短半径弯头,SCH30,SS,BW,20,GB/T 8163-2008,GB/T 12459-2017,NA,QNCa,DN65,Φ73,个,,KG,
,CPE02662,90°长半径弯头,SCH30,SS,BW,20,GB/T 8163-2008,GB/T 12459-2017,NA,QNCa,DN65,Φ73,个,,KG,
,CPE02663,180°长半径弯头,SCH30,SS,BW,20,GB/T 8163-2008,GB/T 12459-2017,NA,QNCa,DN65,Φ73,个,,KG,
,CPE02664,180°短半径弯头,SCH30,SS,BW,20,GB/T 8163-2008,GB/T 12459-2017,NA,QNCa,DN65,Φ73,个,,KG,
,CPE02665,90°长半径异径弯头,SCH30xSCH40,SS,BW,20,GB/T 8163-2008,GB/T 12459-2017,NA,QNCa,DN65xDN50,Φ73xΦ60,个,,KG,
,CPE02666,90°长半径异径弯头,SCH30xSCH80,SS,BW,20,GB/T 8163-2008,GB/T 12459-2017,NA,QNCa,DN65xDN40,Φ73xΦ48,个,,KG,
,CPE02667,90°长半径异径弯头,SCH30xSCH40,SS,BW,20,GB/T 8163-2008,GB/T 12459-2017,NA,QNCa,DN65xDN32,Φ73xΦ42,个,,KG,
,CPE02668,90°长半径异径弯头,SCH40xSCH30,SS,BW,20,GB/T 8163-2008,GB/T 12459-2017,NA,QNCa,DN80xDN65,Φ89xΦ73,个,,KG,
,CPE02669,45°长半径弯头,SCH30,SS,BW,20(内外壁热浸镀锌),GB/T 8163-2008(GB/T 13912-2020),GB/T 12459-2017,NA,QNCa,DN250,Φ273,个,,KG,
,CPE02670,90°短半径弯头,SCH30,SS,BW,20(内外壁热浸镀锌),GB/T 8163-2008(GB/T 13912-2020),GB/T 12459-2017,NA,QNCa,DN250,Φ273,个,,KG,
,CPE02671,90°长半径弯头,SCH30,SS,BW,20(内外壁热浸镀锌),GB/T 8163-2008(GB/T 13912-2020),GB/T 12459-2017,NA,QNCa,DN250,Φ273,个,,KG,
,CPE02672,180°长半径弯头,SCH30,SS,BW,20(内外壁热浸镀锌),GB/T 8163-2008(GB/T 13912-2020),GB/T 12459-2017,NA,QNCa,DN250,Φ273,个,,KG,
,CPE02673,180°短半径弯头,SCH30,SS,BW,20(内外壁热浸镀锌),GB/T 8163-2008(GB/T 13912-2020),GB/T 12459-2017,NA,QNCa,DN250,Φ273,个,,KG,
,CPE02674,90°长半径异径弯头,SCH30xSCH20,SS,BW,20(内外壁热浸镀锌),GB/T 8163-2008(GB/T 13912-2020),GB/T 12459-2017,NA,QNCa,DN250xDN200,Φ273xΦ219,个,,KG,
,CPE02675,90°长半径异径弯头,SCH30xSCH40,SS,BW,20(内外壁热浸镀锌),GB/T 8163-2008(GB/T 13912-2020),GB/T 12459-2017,NA,QNCa,DN250xDN150,Φ273xΦ168,个,,KG,
,CPE02676,45°长半径弯头,SCH30,SS,BW,20(内外壁热浸镀锌),GB/T 8163-2008(GB/T 13912-2020),GB/T 12459-2017,NA,QNCa,DN65,Φ73,个,,KG,
,CPE02677,90°短半径弯头,SCH30,SS,BW,20(内外壁热浸镀锌),GB/T 8163-2008(GB/T 13912-2020),GB/T 12459-2017,NA,QNCa,DN65,Φ73,个,,KG,
,CPE02678,90°长半径弯头,SCH30,SS,BW,20(内外壁热浸镀锌),GB/T 8163-2008(GB/T 13912-2020),GB/T 12459-2017,NA,QNCa,DN65,Φ73,个,,KG,
,CPE02679,180°长半径弯头,SCH30,SS,BW,20(内外壁热浸镀锌),GB/T 8163-2008(GB/T 13912-2020),GB/T 12459-2017,NA,QNCa,DN65,Φ73,个,,KG,
,CPE02680,180°短半径弯头,SCH30,SS,BW,20(内外壁热浸镀锌),GB/T 8163-2008(GB/T 13912-2020),GB/T 12459-2017,NA,QNCa,DN65,Φ73,个,,KG,
,CPE02681,90°长半径异径弯头,SCH30xSCH40,SS,BW,20(内外壁热浸镀锌),GB/T 8163-2008(GB/T 13912-2020),GB/T 12459-2017,NA,QNCa,DN65xDN50,Φ73xΦ60,个,,KG,
,CPE02682,90°长半径异径弯头,SCH30xSCH80,SS,BW,20(内外壁热浸镀锌),GB/T 8163-2008(GB/T 13912-2020),GB/T 12459-2017,NA,QNCa,DN65xDN40,Φ73xΦ48,个,,KG,
,CPE02683,90°长半径异径弯头,SCH30xSCH40,SS,BW,20(内外壁热浸镀锌),GB/T 8163-2008(GB/T 13912-2020),GB/T 12459-2017,NA,QNCa,DN65xDN32,Φ73xΦ42,个,,KG,
,CPE02684,45°长半径弯头,SCH40,SS,BW,20(内外壁热浸镀锌),GB/T 8163-2008(GB/T 13912-2020),GB/T 12459-2017,NA,QNCa,DN80,Φ89,个,,KG,
,CPE02685,90°短半径弯头,SCH40,SS,BW,20(内外壁热浸镀锌),GB/T 8163-2008(GB/T 13912-2020),GB/T 12459-2017,NA,QNCa,DN80,Φ89,个,,KG,
,CPE02686,90°长半径弯头,SCH40,SS,BW,20(内外壁热浸镀锌),GB/T 8163-2008(GB/T 13912-2020),GB/T 12459-2017,NA,QNCa,DN80,Φ89,个,,KG,
,CPE02687,180°长半径弯头,SCH40,SS,BW,20(内外壁热浸镀锌),GB/T 8163-2008(GB/T 13912-2020),GB/T 12459-2017,NA,QNCa,DN80,Φ89,个,,KG,
,CPE02688,180°短半径弯头,SCH40,SS,BW,20(内外壁热浸镀锌),GB/T 8163-2008(GB/T 13912-2020),GB/T 12459-2017,NA,QNCa,DN80,Φ89,个,,KG,
,CPE02689,90°长半径异径弯头,SCH40xSCH30,SS,BW,20(内外壁热浸镀锌),GB/T 8163-2008(GB/T 13912-2020),GB/T 12459-2017,NA,QNCa,DN80xDN65,Φ89xΦ73,个,,KG,
,CPE02690,90°长半径异径弯头,SCH40xSCH40,SS,BW,20(内外壁热浸镀锌),GB/T 8163-2008(GB/T 13912-2020),GB/T 12459-2017,NA,QNCa,DN80xDN50,Φ89xΦ60,个,,KG,
,CPE02691,90°长半径异径弯头,SCH40xSCH80,SS,BW,20(内外壁热浸镀锌),GB/T 8163-2008(GB/T 13912-2020),GB/T 12459-2017,NA,QNCa,DN80xDN40,Φ89xΦ48,个,,KG,
,CPE02692,90°长半径弯头,3.58mm,SS,BW,20,1916T3025,ASME B16.9,NA,QA3,"4""",,个,,KG,
,CPE02693,90°弯头,CL3000,FO,SW,20,1916T3025,ASME B16.11,NA,QA3,"1-1/2""",,个,,KG,
,CPE02694,90°长半径弯头,SCH30,SS,BW,022Cr25Ni7Mo4N,1916T3089,ASME B16.9,RCC-M 3,QA2,"2""",Φ60.3,个,,KG,
,CPE02695,90°弯头,CL3000,FO,SW,022Cr25Ni7Mo4N,1916T3091,ASME B16.11,RCC-M 3,QA2,"1/2""",Φ21.3,个,,KG,
,CPE02696,90°弯头,PN16(2.5mm),FO,FF,20(内衬聚四氟乙烯PTFE),GB/T 8163-2008,DL/T 935-2005,NA,QNC,DN25,Φ32,个,,KG,适用于WES系统3/4寸衬塑管道及管件选型
,CPE02697,90°弯头,PN16(4mm),FO,FF,20(内衬聚四氟乙烯PTFE),GB/T 8163-2008,DL/T 935-2005,NA,QNC,DN80,Φ89,个,,KG,
,CPE02698,45°弯头,PN16(2.5mm),FO,FF,20(内衬聚四氟乙烯PTFE),GB/T 8163-2008,DL/T 935-2005,NA,QNC,DN25,Φ32,个,,KG,适用于WES系统3/4寸衬塑管道及管件选型
,CPE02728,45°长半径弯头,SCH10,SS,BW,20,1916T3019,ASME B16.9,RCC-M 3,QA2,"18""",,个,,KG,
,CPE02729,90°长半径弯头,SCH10,SS,BW,20,1916T3019,ASME B16.9,RCC-M 3,QA2,"18""",,个,,KG,
,CPE02730,45°长半径弯头,SCH10,SS,BW,20,1916T3019,ASME B16.9,RCC-M 3,QA2,"24""",,个,,KG,
,CPE02731,45°长半径弯头,SCH10,SS,BW,20,1916T3019,ASME B16.9,RCC-M 3,QA2,"26""",,个,,KG,
,CPE02732,90°长半径弯头,SCH10,SS,BW,20,1916T3019,ASME B16.9,RCC-M 3,QA2,"26""",,个,,KG,
,CPE60001,45°长半径弯头,SCH40,SS,BW,20(内外壁热浸镀锌),GB/T 13912-2002,GB/T 12459-2005,NA,QNCa,DN65,,个,,KG,
,CPE60002,90°长半径弯头,SCH40,SS,BW,20(内外壁热浸镀锌),GB/T 13912-2002,GB/T 12459-2005,NA,QNCa,DN65,,个,,KG,
,CPE60003,90°长半径弯头,SCH80,SS,BW,20,,GB/T 12459-2005,NA,QNCa,DN25,,个,,KG,
,CPE60004,90°长半径弯头,SCH80,SS,BW,20,,GB/T 12459-2005,NA,QNCa,DN40,,个,,KG,
,CPE60005,90°螺纹弯头,CL2000,FO,FIL,06Cr19Ni10,,GB/T 14383-2008,NA,QNCa,DN15,,个,,KG,
,CPE60006,90°长半径弯头,SCH40S,SS,BW,06Cr19Ni10,,GB/T 12459-2005,NA,QNCa,DN80,,个,,KG,
,CPE60007,30°螺纹弯头,CL2000,FO,FIL,20(内外壁热浸镀锌),GB/T 13912-2002,GB/T 14383-2008,NA,QNCa,DN80,,个,,KG,
,CPE60008,30°弯头,,,沟槽式,20(内外壁热浸镀锌),GB/T 13912-2002,国标图集04S206,NA,QNCa,DN150,,个,,KG,
,CPE60009,45°弯头,,,沟槽式,20(内外壁热浸镀锌),GB/T 13912-2002,国标图集04S206,NA,QNCa,DN200,,个,,KG,
,CPE60010,90°短半径弯头,SCH30,SS,BW,20,,GB/T 12459-2005,NA,QNCa,DN400,,个,,KG,
,CPE60011,90°弯头,,,沟槽式,20(内外壁热浸镀锌),GB/T 13912-2002,国标图集04S206,NA,QNCa,DN200,,个,,KG,
,CPE60012,90°弯头,,,沟槽式,20(内外壁热浸镀锌),GB/T 13912-2002,国标图集04S206,NA,QNCa,DN150,,个,,KG,
,CPF00001,对接焊法兰,CL2500(SCH160),,RF/WN,022Cr19Ni10,1916T3038,ASME B16.5(1916T2002),RCC-M 1,QA1,"1/2""",,个,3.6,KG,压力(壁厚)一栏括号内为接管壁厚
,CPF00002,对接焊法兰,CL2500(SCH160),,RF/WN,022Cr19Ni10,1916T3038,ASME B16.5(1916T2002),RCC-M 1,QA1,"3/4""",,个,4,KG,压力(壁厚)一栏括号内为接管壁厚
,CPF00003,对接焊法兰,CL2500(SCH160),,RF/WN,022Cr19Ni10,1916T3038,ASME B16.5(1916T2002),RCC-M 1,QA1,"1""",,个,6,KG,压力(壁厚)一栏括号内为接管壁厚
,CPF00004,对接焊法兰,CL2500(SCH160),,RF/WN,022Cr19Ni10,1916T3038,ASME B16.5(1916T2002),RCC-M 1,QA1,"1-1/4""",,个,9,KG,压力(壁厚)一栏括号内为接管壁厚
,CPF00005,对接焊法兰,CL2500(SCH160),,RF/WN,022Cr19Ni10,1916T3038,ASME B16.5(1916T2002),RCC-M 1,QA1,"1-1/2""",,个,13,KG,压力(壁厚)一栏括号内为接管壁厚
,CPF00006,对接焊法兰,CL2500(SCH160),,RF/WN,022Cr19Ni10,1916T3038,ASME B16.5(1916T2002),RCC-M 1,QA1,"2""",,个,19,KG,压力(壁厚)一栏括号内为接管壁厚
,CPF00007,对接焊法兰,CL2500(SCH160),,RF/WN,022Cr19Ni10,1916T3038,ASME B16.5(1916T2002),RCC-M 1,QA1,"2-1/2""",,个,24,KG,压力(壁厚)一栏括号内为接管壁厚
,CPF00008,对接焊法兰,CL150(SCH10S),,RF/WN,022Cr19Ni10,1916T3038,ASME B16.5(1916T2002),RCC-M 2,QA1,"2-1/2""",,个,4,KG,压力(壁厚)一栏括号内为接管壁厚
,CPF00009,对接焊法兰,CL150(3.18mm),,RF/WN,P280GH,1916T3052,ASME B16.5(1916T2002),RCC-M 2,QA1,"2-1/2""",,个,4,KG,压力(壁厚)一栏括号内为接管壁厚
,CPF00010,对接焊法兰,CL300(SCH10S),,RF/WN,022Cr19Ni10,1916T3038,ASME B16.5(1916T2002),RCC-M 2,QA1,"2-1/2""",,个,5,KG,压力(壁厚)一栏括号内为接管壁厚
,CPF00011,对接焊法兰,CL300(SCH40),,RF/WN,P280GH,1916T3052,ASME B16.5(1916T2002),RCC-M 2,QA1,"2-1/2""",,个,5,KG,压力(壁厚)一栏括号内为接管壁厚
,CPF00012,对接焊法兰,CL600(SCH40S),,RF/WN,022Cr19Ni10,1916T3038,ASME B16.5(1916T2002),RCC-M 2,QA1,"2-1/2""",,个,8,KG,压力(壁厚)一栏括号内为接管壁厚
,CPF00013,对接焊法兰,CL600(SCH80),,RF/WN,P280GH,1916T3052,ASME B16.5(1916T2002),RCC-M 2,QA1,"2-1/2""",,个,8,KG,压力(壁厚)一栏括号内为接管壁厚
,CPF00014,对接焊法兰,CL900(SCH80S),,RF/WN,022Cr19Ni10,1916T3038,ASME B16.5(1916T2002),RCC-M 2,QA1,"2-1/2""",,个,15.8,KG,压力(壁厚)一栏括号内为接管壁厚
,CPF00015,对接焊法兰,CL900(SCH80),,RF/WN,P280GH,1916T3052,ASME B16.5(1916T2002),RCC-M 2,QA1,"2-1/2""",,个,15.8,KG,压力(壁厚)一栏括号内为接管壁厚
,CPF00016,对接焊法兰,CL1500(SCH160),,RF/WN,P280GH,1916T3052,ASME B16.5(1916T2002),RCC-M 2,QA1,"2-1/2""",,个,15.8,KG,压力(壁厚)一栏括号内为接管壁厚
,CPF00017,对接焊法兰,CL2500(SCH160),,RF/WN,022Cr19Ni10,1916T3038,ASME B16.5(1916T2002),RCC-M 2,QA1,"2-1/2""",,个,24,KG,压力(壁厚)一栏括号内为接管壁厚
,CPF00018,对接焊法兰,CL150(SCH10S),,RF/WN,022Cr19Ni10,1916T3038,ASME B16.5(1916T2002),RCC-M 3,QA2,"2-1/2""",,个,4,KG,压力(壁厚)一栏括号内为接管壁厚
,CPF00019,对接焊法兰,CL150(3.18mm),,RF/WN,P280GH,1916T3052,ASME B16.5(1916T2002),RCC-M 3,QA2,"2-1/2""",,个,4,KG,压力(壁厚)一栏括号内为接管壁厚
,CPF00020,对接焊法兰,CL150(3.18mm),,FF/WN,P280GH,1916T3052,ASME B16.5(1916T2002),RCC-M 3,QA2,"2-1/2""",,个,,KG,压力(壁厚)一栏括号内为接管壁厚
,CPF00021,对接焊法兰,CL300(SCH40),,RF/WN,P280GH,1916T3052,ASME B16.5(1916T2002),RCC-M 3,QA2,"2-1/2""",,个,5,KG,压力(壁厚)一栏括号内为接管壁厚
,CPF00022,对接焊法兰,CL600(SCH40S),,RF/WN,022Cr19Ni10,1916T3038,ASME B16.5(1916T2002),RCC-M 3,QA2,"2-1/2""",,个,8,KG,压力(壁厚)一栏括号内为接管壁厚
,CPF00023,对接焊法兰,CL150(3.18mm),,RF/WN,16Mn,1916T3025,ASME B16.5(1916T2002),NA,QNCa,"2-1/2""",,个,4,KG,压力(壁厚)一栏括号内为接管壁厚
,CPF00024,对接焊法兰,CL150(SCH10S),,RF/WN,S30403,1916T3023,ASME B16.5(1916T2002),NA,QNCa,"2-1/2""",,个,4,KG,压力(壁厚)一栏括号内为接管壁厚
,CPF00025,对接焊法兰,CL150(SCH10S),,RF/WN,S31603,1916T3023,ASME B16.5(1916T2002),NA,QNCa,"2-1/2""",,个,4,KG,压力(壁厚)一栏括号内为接管壁厚
,CPF00026,对接焊法兰,CL2500(SCH160),,RF/WN,022Cr19Ni10,1916T3038,ASME B16.5(1916T2002),RCC-M 1,QA1,"3""",,个,43,KG,压力(壁厚)一栏括号内为接管壁厚
,CPF00027,对接焊法兰,CL150(SCH10S),,RF/WN,022Cr19Ni10,1916T3038,ASME B16.5(1916T2002),RCC-M 2,QA1,"3""",,个,4.5,KG,压力(壁厚)一栏括号内为接管壁厚
,CPF00028,对接焊法兰,CL150(3.18mm),,RF/WN,P280GH,1916T3052,ASME B16.5(1916T2002),RCC-M 2,QA1,"3""",,个,4.5,KG,压力(壁厚)一栏括号内为接管壁厚
,CPF00029,对接焊法兰,CL300(SCH10S),,RF/WN,022Cr19Ni10,1916T3038,ASME B16.5(1916T2002),RCC-M 2,QA1,"3""",,个,7,KG,压力(壁厚)一栏括号内为接管壁厚
,CPF00030,对接焊法兰,CL300(SCH40),,RF/WN,P280GH,1916T3052,ASME B16.5(1916T2002),RCC-M 2,QA1,"3""",,个,7,KG,压力(壁厚)一栏括号内为接管壁厚
,CPF00031,对接焊法兰,CL600(SCH40S),,RF/WN,022Cr19Ni10,1916T3038,ASME B16.5(1916T2002),RCC-M 2,QA1,"3""",,个,10.5,KG,压力(壁厚)一栏括号内为接管壁厚
,CPF00032,对接焊法兰,CL600(SCH80),,RF/WN,P280GH,1916T3052,ASME B16.5(1916T2002),RCC-M 2,QA1,"3""",,个,10.5,KG,压力(壁厚)一栏括号内为接管壁厚
,CPF00033,对接焊法兰,CL900(SCH80S),,RF/WN,022Cr19Ni10,1916T3038,ASME B16.5(1916T2002),RCC-M 2,QA1,"3""",,个,14.5,KG,压力(壁厚)一栏括号内为接管壁厚
,CPF00034,对接焊法兰,CL900(SCH80),,RF/WN,P280GH,1916T3052,ASME B16.5(1916T2002),RCC-M 2,QA1,"3""",,个,14.5,KG,压力(壁厚)一栏括号内为接管壁厚
,CPF00035,对接焊法兰,CL1500(SCH160),,RF/WN,P280GH,1916T3052,ASME B16.5(1916T2002),RCC-M 2,QA1,"3""",,个,22,KG,压力(壁厚)一栏括号内为接管壁厚
,CPF00036,对接焊法兰,CL2500(SCH160),,RF/WN,022Cr19Ni10,1916T3038,ASME B16.5(1916T2002),RCC-M 2,QA1,"3""",,个,43,KG,压力(壁厚)一栏括号内为接管壁厚
,CPF00037,对接焊法兰,CL150(SCH10S),,RF/WN,022Cr19Ni10,1916T3038,ASME B16.5(1916T2002),RCC-M 3,QA2,"3""",,个,4.5,KG,压力(壁厚)一栏括号内为接管壁厚
,CPF00038,对接焊法兰,CL150(3.18mm),,RF/WN,P280GH,1916T3052,ASME B16.5(1916T2002),RCC-M 3,QA2,"3""",,个,4.5,KG,压力(壁厚)一栏括号内为接管壁厚
,CPF00039,对接焊法兰,CL150(3.18mm),,FF/WN,P280GH,1916T3052,ASME B16.5(1916T2002),RCC-M 3,QA2,"3""",,个,,KG,压力(壁厚)一栏括号内为接管壁厚
,CPF00040,对接焊法兰,CL300(SCH40),,RF/WN,P280GH,1916T3052,ASME B16.5(1916T2002),RCC-M 3,QA2,"3""",,个,7,KG,压力(壁厚)一栏括号内为接管壁厚
,CPF00041,对接焊法兰,CL600(SCH40S),,RF/WN,022Cr19Ni10,1916T3038,ASME B16.5(1916T2002),RCC-M 3,QA2,"3""",,个,10.5,KG,压力(壁厚)一栏括号内为接管壁厚
,CPF00042,对接焊法兰,CL150(3.18mm),,RF/WN,16Mn,1916T3025,ASME B16.5(1916T2002),NA,QNCa,"3""",,个,4.5,KG,压力(壁厚)一栏括号内为接管壁厚
,CPF00043,对接焊法兰,CL150(SCH10S),,RF/WN,S30403,1916T3023,ASME B16.5(1916T2002),NA,QNCa,"3""",,个,4.5,KG,压力(壁厚)一栏括号内为接管壁厚
,CPF00044,对接焊法兰,CL150(SCH10S),,RF/WN,S31603,1916T3023,ASME B16.5(1916T2002),NA,QNCa,"3""",,个,4.5,KG,压力(壁厚)一栏括号内为接管壁厚
,CPF00048,对接焊法兰,CL300(SCH10S),,RF/WN,022Cr19Ni10,1916T3038,ASME B16.5(1916T2002),RCC-M 2,QA1,"3-1/2""",,个,9.2,KG,压力(壁厚)一栏括号内为接管壁厚
,CPF00049,对接焊法兰,CL300(SCH40),,RF/WN,P280GH,1916T3052,ASME B16.5(1916T2002),RCC-M 2,QA1,"3-1/2""",,个,9.2,KG,压力(壁厚)一栏括号内为接管壁厚
,CPF00059,对接焊法兰,CL300(SCH40),,RF/WN,P280GH,1916T3052,ASME B16.5(1916T2002),RCC-M 3,QA2,"3-1/2""",,个,9.2,KG,压力(壁厚)一栏括号内为接管壁厚
,CPF00064,对接焊法兰,CL2500(SCH160),,RF/WN,022Cr19Ni10,1916T3038,ASME B16.5(1916T2002),RCC-M 1,QA1,"4""",,个,66,KG,压力(壁厚)一栏括号内为接管壁厚
,CPF00065,对接焊法兰,CL150(SCH10S),,RF/WN,022Cr19Ni10,1916T3038,ASME B16.5(1916T2002),RCC-M 2,QA1,"4""",,个,7,KG,压力(壁厚)一栏括号内为接管壁厚
,CPF00066,对接焊法兰,CL150(3.58mm),,RF/WN,P280GH,1916T3052,ASME B16.5(1916T2002),RCC-M 2,QA1,"4""",,个,7,KG,压力(壁厚)一栏括号内为接管壁厚
,CPF00067,对接焊法兰,CL300(SCH10S),,RF/WN,022Cr19Ni10,1916T3038,ASME B16.5(1916T2002),RCC-M 2,QA1,"4""",,个,11,KG,压力(壁厚)一栏括号内为接管壁厚
,CPF00068,对接焊法兰,CL300(SCH40),,RF/WN,P280GH,1916T3052,ASME B16.5(1916T2002),RCC-M 2,QA1,"4""",,个,11,KG,压力(壁厚)一栏括号内为接管壁厚
,CPF00069,对接焊法兰,CL600(SCH40S),,RF/WN,022Cr19Ni10,1916T3038,ASME B16.5(1916T2002),RCC-M 2,QA1,"4""",,个,19,KG,压力(壁厚)一栏括号内为接管壁厚
,CPF00070,对接焊法兰,CL600(SCH80),,RF/WN,P280GH,1916T3052,ASME B16.5(1916T2002),RCC-M 2,QA1,"4""",,个,19,KG,压力(壁厚)一栏括号内为接管壁厚
,CPF00071,对接焊法兰,CL900(SCH80S),,RF/WN,022Cr19Ni10,1916T3038,ASME B16.5(1916T2002),RCC-M 2,QA1,"4""",,个,23,KG,压力(壁厚)一栏括号内为接管壁厚
,CPF00072,对接焊法兰,CL900(SCH80),,RF/WN,P280GH,1916T3052,ASME B16.5(1916T2002),RCC-M 2,QA1,"4""",,个,23,KG,压力(壁厚)一栏括号内为接管壁厚
,CPF00073,对接焊法兰,CL1500(SCH160),,RF/WN,P280GH,1916T3052,ASME B16.5(1916T2002),RCC-M 2,QA1,"4""",,个,30,KG,压力(壁厚)一栏括号内为接管壁厚
,CPF00074,对接焊法兰,CL2500(SCH160),,RF/WN,022Cr19Ni10,1916T3038,ASME B16.5(1916T2002),RCC-M 2,QA1,"4""",,个,66,KG,压力(壁厚)一栏括号内为接管壁厚
,CPF00075,对接焊法兰,CL150(SCH10S),,RF/WN,022Cr19Ni10,1916T3038,ASME B16.5(1916T2002),RCC-M 3,QA2,"4""",,个,7,KG,压力(壁厚)一栏括号内为接管壁厚
,CPF00076,对接焊法兰,CL150(3.58mm),,RF/WN,P280GH,1916T3052,ASME B16.5(1916T2002),RCC-M 3,QA2,"4""",,个,7,KG,压力(壁厚)一栏括号内为接管壁厚
,CPF00077,对接焊法兰,CL150(3.58mm),,FF/WN,P280GH,1916T3052,ASME B16.5(1916T2002),RCC-M 3,QA2,"4""",,个,,KG,压力(壁厚)一栏括号内为接管壁厚
,CPF00078,对接焊法兰,CL300(SCH40),,RF/WN,P280GH,1916T3052,ASME B16.5(1916T2002),RCC-M 3,QA2,"4""",,个,11,KG,压力(壁厚)一栏括号内为接管壁厚
,CPF00079,对接焊法兰,CL600(SCH40S),,RF/WN,022Cr19Ni10,1916T3038,ASME B16.5(1916T2002),RCC-M 3,QA2,"4""",,个,19,KG,压力(壁厚)一栏括号内为接管壁厚
,CPF00080,对接焊法兰,CL150(3.58mm),,RF/WN,16Mn,1916T3025,ASME B16.5(1916T2002),NA,QNCa,"4""",,个,7,KG,压力(壁厚)一栏括号内为接管壁厚
,CPF00081,对接焊法兰,CL150(SCH10S),,RF/WN,S30403,1916T3023,ASME B16.5(1916T2002),NA,QNCa,"4""",,个,7,KG,压力(壁厚)一栏括号内为接管壁厚
,CPF00082,对接焊法兰,CL150(SCH10S),,RF/WN,S31603,1916T3023,ASME B16.5(1916T2002),NA,QNCa,"4""",,个,7,KG,压力(壁厚)一栏括号内为接管壁厚
,CPF00083,对接焊法兰,CL2500(SCH160),,RF/WN,022Cr19Ni10,1916T3038,ASME B16.5(1916T2002),RCC-M 1,QA1,"5""",,个,111,KG,压力(壁厚)一栏括号内为接管壁厚
,CPF00084,对接焊法兰,CL150(SCH10S),,RF/WN,022Cr19Ni10,1916T3038,ASME B16.5(1916T2002),RCC-M 2,QA1,"5""",,个,8.6,KG,压力(壁厚)一栏括号内为接管壁厚
,CPF00086,对接焊法兰,CL300(SCH10S),,RF/WN,022Cr19Ni10,1916T3038,ASME B16.5(1916T2002),RCC-M 2,QA1,"5""",,个,14,KG,压力(壁厚)一栏括号内为接管壁厚
,CPF00087,对接焊法兰,CL300(SCH40),,RF/WN,P280GH,1916T3052,ASME B16.5(1916T2002),RCC-M 2,QA1,"5""",,个,14,KG,压力(壁厚)一栏括号内为接管壁厚
,CPF00088,对接焊法兰,CL600(SCH40S),,RF/WN,022Cr19Ni10,1916T3038,ASME B16.5(1916T2002),RCC-M 2,QA1,"5""",,个,31,KG,压力(壁厚)一栏括号内为接管壁厚
,CPF00089,对接焊法兰,CL600(SCH80),,RF/WN,P280GH,1916T3052,ASME B16.5(1916T2002),RCC-M 2,QA1,"5""",,个,31,KG,压力(壁厚)一栏括号内为接管壁厚
,CPF00090,对接焊法兰,CL900(SCH80S),,RF/WN,022Cr19Ni10,1916T3038,ASME B16.5(1916T2002),RCC-M 2,QA1,"5""",,个,37,KG,压力(壁厚)一栏括号内为接管壁厚
,CPF00092,对接焊法兰,CL1500(SCH160),,RF/WN,P280GH,1916T3052,ASME B16.5(1916T2002),RCC-M 2,QA1,"5""",,个,58,KG,压力(壁厚)一栏括号内为接管壁厚
,CPF00093,对接焊法兰,CL2500(SCH160),,RF/WN,022Cr19Ni10,1916T3038,ASME B16.5(1916T2002),RCC-M 2,QA1,"5""",,个,111,KG,压力(壁厚)一栏括号内为接管壁厚
,CPF00094,对接焊法兰,CL150(SCH10S),,RF/WN,022Cr19Ni10,1916T3038,ASME B16.5(1916T2002),RCC-M 3,QA2,"5""",,个,8.6,KG,压力(壁厚)一栏括号内为接管壁厚
,CPF00097,对接焊法兰,CL300(SCH40),,RF/WN,P280GH,1916T3052,ASME B16.5(1916T2002),RCC-M 3,QA2,"5""",,个,14,KG,压力(壁厚)一栏括号内为接管壁厚
,CPF00098,对接焊法兰,CL600(SCH40S),,RF/WN,022Cr19Ni10,1916T3038,ASME B16.5(1916T2002),RCC-M 3,QA2,"5""",,个,31,KG,压力(壁厚)一栏括号内为接管壁厚
,CPF00099,对接焊法兰,CL150(3.96mm),,RF/WN,16Mn,1916T3025,ASME B16.5(1916T2002),NA,QNCa,"5""",,个,8.6,KG,压力(壁厚)一栏括号内为接管壁厚
,CPF00100,对接焊法兰,CL150(SCH10S),,RF/WN,S30403,1916T3023,ASME B16.5(1916T2002),NA,QNCa,"5""",,个,8.6,KG,压力(壁厚)一栏括号内为接管壁厚
,CPF00101,对接焊法兰,CL150(SCH10S),,RF/WN,S31603,1916T3023,ASME B16.5(1916T2002),NA,QNCa,"5""",,个,8.6,KG,压力(壁厚)一栏括号内为接管壁厚
,CPF00102,对接焊法兰,CL2500(SCH160),,RF/WN,022Cr19Ni10,1916T3038,ASME B16.5(1916T2002),RCC-M 1,QA1,"6""",,个,172,KG,压力(壁厚)一栏括号内为接管壁厚
,CPF00103,对接焊法兰,CL150(SCH10S),,RF/WN,022Cr19Ni10,1916T3038,ASME B16.5(1916T2002),RCC-M 2,QA1,"6""",,个,10.8,KG,压力(壁厚)一栏括号内为接管壁厚
,CPF00104,对接焊法兰,CL150(4.37mm),,RF/WN,P280GH,1916T3052,ASME B16.5(1916T2002),RCC-M 2,QA1,"6""",,个,10.8,KG,压力(壁厚)一栏括号内为接管壁厚
,CPF00105,对接焊法兰,CL300(SCH10S),,RF/WN,022Cr19Ni10,1916T3038,ASME B16.5(1916T2002),RCC-M 2,QA1,"6""",,个,19,KG,压力(壁厚)一栏括号内为接管壁厚
,CPF00106,对接焊法兰,CL300(SCH40),,RF/WN,P280GH,1916T3052,ASME B16.5(1916T2002),RCC-M 2,QA1,"6""",,个,19,KG,压力(壁厚)一栏括号内为接管壁厚
,CPF00107,对接焊法兰,CL600(SCH40S),,RF/WN,022Cr19Ni10,1916T3038,ASME B16.5(1916T2002),RCC-M 2,QA1,"6""",,个,37,KG,压力(壁厚)一栏括号内为接管壁厚
,CPF00108,对接焊法兰,CL600(SCH80),,RF/WN,P280GH,1916T3052,ASME B16.5(1916T2002),RCC-M 2,QA1,"6""",,个,37,KG,压力(壁厚)一栏括号内为接管壁厚
,CPF00109,对接焊法兰,CL900(SCH80S),,RF/WN,022Cr19Ni10,1916T3038,ASME B16.5(1916T2002),RCC-M 2,QA1,"6""",,个,50,KG,压力(壁厚)一栏括号内为接管壁厚
,CPF00110,对接焊法兰,CL900(SCH120),,RF/WN,P280GH,1916T3052,ASME B16.5(1916T2002),RCC-M 2,QA1,"6""",,个,50,KG,压力(壁厚)一栏括号内为接管壁厚
,CPF00111,对接焊法兰,CL1500(SCH160),,RF/WN,P280GH,1916T3052,ASME B16.5(1916T2002),RCC-M 2,QA1,"6""",,个,70,KG,压力(壁厚)一栏括号内为接管壁厚
,CPF00112,对接焊法兰,CL2500(SCH160),,RF/WN,022Cr19Ni10,1916T3038,ASME B16.5(1916T2002),RCC-M 2,QA1,"6""",,个,172,KG,压力(壁厚)一栏括号内为接管壁厚
,CPF00113,对接焊法兰,CL150(SCH10S),,RF/WN,022Cr19Ni10,1916T3038,ASME B16.5(1916T2002),RCC-M 3,QA2,"6""",,个,10.8,KG,压力(壁厚)一栏括号内为接管壁厚
,CPF00114,对接焊法兰,CL150(4.37mm),,RF/WN,P280GH,1916T3052,ASME B16.5(1916T2002),RCC-M 3,QA2,"6""",,个,10.8,KG,压力(壁厚)一栏括号内为接管壁厚
,CPF00115,对接焊法兰,CL150(4.37mm),,FF/WN,P280GH,1916T3052,ASME B16.5(1916T2002),RCC-M 3,QA2,"6""",,个,,KG,压力(壁厚)一栏括号内为接管壁厚
,CPF00116,对接焊法兰,CL300(SCH40),,RF/WN,P280GH,1916T3052,ASME B16.5(1916T2002),RCC-M 3,QA2,"6""",,个,19,KG,压力(壁厚)一栏括号内为接管壁厚
,CPF00117,对接焊法兰,CL600(SCH40S),,RF/WN,022Cr19Ni10,1916T3038,ASME B16.5(1916T2002),RCC-M 3,QA2,"6""",,个,37,KG,压力(壁厚)一栏括号内为接管壁厚
,CPF00118,对接焊法兰,CL150(4.37mm),,RF/WN,16Mn,1916T3025,ASME B16.5(1916T2002),NA,QNCa,"6""",,个,10.8,KG,压力(壁厚)一栏括号内为接管壁厚
,CPF00119,对接焊法兰,CL150(SCH10S),,RF/WN,S30403,1916T3023,ASME B16.5(1916T2002),NA,QNCa,"6""",,个,10.8,KG,压力(壁厚)一栏括号内为接管壁厚
,CPF00120,对接焊法兰,CL150(SCH10S),,RF/WN,S31603,1916T3023,ASME B16.5(1916T2002),NA,QNCa,"6""",,个,10.8,KG,压力(壁厚)一栏括号内为接管壁厚
,CPF00121,对接焊法兰,CL2500(SCH160),,RF/WN,022Cr19Ni10,1916T3038,ASME B16.5(1916T2002),RCC-M 1,QA1,"8""",,个,261,KG,压力(壁厚)一栏括号内为接管壁厚
,CPF00122,对接焊法兰,CL150(SCH10S),,RF/WN,022Cr19Ni10,1916T3038,ASME B16.5(1916T2002),RCC-M 2,QA1,"8""",,个,18,KG,压力(壁厚)一栏括号内为接管壁厚
,CPF00123,对接焊法兰,CL150(SCH20),,RF/WN,P280GH,1916T3052,ASME B16.5(1916T2002),RCC-M 2,QA1,"8""",,个,18,KG,压力(壁厚)一栏括号内为接管壁厚
,CPF00124,对接焊法兰,CL300(SCH10S),,RF/WN,022Cr19Ni10,1916T3038,ASME B16.5(1916T2002),RCC-M 2,QA1,"8""",,个,30,KG,压力(壁厚)一栏括号内为接管壁厚
,CPF00125,对接焊法兰,CL300(SCH40),,RF/WN,P280GH,1916T3052,ASME B16.5(1916T2002),RCC-M 2,QA1,"8""",,个,30,KG,压力(壁厚)一栏括号内为接管壁厚
,CPF00126,对接焊法兰,CL600(SCH40S),,RF/WN,022Cr19Ni10,1916T3038,ASME B16.5(1916T2002),RCC-M 2,QA1,"8""",,个,53,KG,压力(壁厚)一栏括号内为接管壁厚
,CPF00127,对接焊法兰,CL600(SCH80),,RF/WN,P280GH,1916T3052,ASME B16.5(1916T2002),RCC-M 2,QA1,"8""",,个,53,KG,压力(壁厚)一栏括号内为接管壁厚
,CPF00128,对接焊法兰,CL900(SCH80S),,RF/WN,022Cr19Ni10,1916T3038,ASME B16.5(1916T2002),RCC-M 2,QA1,"8""",,个,85,KG,压力(壁厚)一栏括号内为接管壁厚
,CPF00129,对接焊法兰,CL900(SCH120),,RF/WN,P280GH,1916T3052,ASME B16.5(1916T2002),RCC-M 2,QA1,"8""",,个,85,KG,压力(壁厚)一栏括号内为接管壁厚
,CPF00130,对接焊法兰,CL1500(SCH160),,RF/WN,P280GH,1916T3052,ASME B16.5(1916T2002),RCC-M 2,QA1,"8""",,个,119,KG,压力(壁厚)一栏括号内为接管壁厚
,CPF00131,对接焊法兰,CL2500(SCH160),,RF/WN,022Cr19Ni10,1916T3038,ASME B16.5(1916T2002),RCC-M 2,QA1,"8""",,个,261,KG,压力(壁厚)一栏括号内为接管壁厚
,CPF00132,对接焊法兰,CL150(SCH10S),,RF/WN,022Cr19Ni10,1916T3038,ASME B16.5(1916T2002),RCC-M 3,QA2,"8""",,个,18,KG,压力(壁厚)一栏括号内为接管壁厚
,CPF00133,对接焊法兰,CL150(SCH20),,RF/WN,P280GH,1916T3052,ASME B16.5(1916T2002),RCC-M 3,QA2,"8""",,个,18,KG,压力(壁厚)一栏括号内为接管壁厚
,CPF00134,对接焊法兰,CL150(SCH20),,FF/WN,P280GH,1916T3052,ASME B16.5(1916T2002),RCC-M 3,QA2,"8""",,个,,KG,压力(壁厚)一栏括号内为接管壁厚
,CPF00135,对接焊法兰,CL300(SCH40),,RF/WN,P280GH,1916T3052,ASME B16.5(1916T2002),RCC-M 3,QA2,"8""",,个,30,KG,压力(壁厚)一栏括号内为接管壁厚
,CPF00136,对接焊法兰,CL600(SCH40S),,RF/WN,022Cr19Ni10,1916T3038,ASME B16.5(1916T2002),RCC-M 3,QA2,"8""",,个,53,KG,压力(壁厚)一栏括号内为接管壁厚
,CPF00137,对接焊法兰,CL150(SCH20),,RF/WN,16Mn,1916T3025,ASME B16.5(1916T2002),NA,QNCa,"8""",,个,18,KG,压力(壁厚)一栏括号内为接管壁厚
,CPF00138,对接焊法兰,CL150(SCH10S),,RF/WN,S30403,1916T3023,ASME B16.5(1916T2002),NA,QNCa,"8""",,个,18,KG,压力(壁厚)一栏括号内为接管壁厚
,CPF00139,对接焊法兰,CL150(SCH10S),,RF/WN,S31603,1916T3023,ASME B16.5(1916T2002),NA,QNCa,"8""",,个,18,KG,压力(壁厚)一栏括号内为接管壁厚
,CPF00140,对接焊法兰,CL2500(SCH140),,RF/WN,022Cr19Ni10,1916T3038,ASME B16.5(1916T2002),RCC-M 1,QA1,"10""",,个,485,KG,压力(壁厚)一栏括号内为接管壁厚
,CPF00141,对接焊法兰,CL150(SCH10S),,RF/WN,022Cr19Ni10,1916T3038,ASME B16.5(1916T2002),RCC-M 2,QA1,"10""",,个,24,KG,压力(壁厚)一栏括号内为接管壁厚
,CPF00142,对接焊法兰,CL150(SCH20),,RF/WN,P280GH,1916T3052,ASME B16.5(1916T2002),RCC-M 2,QA1,"10""",,个,24,KG,压力(壁厚)一栏括号内为接管壁厚
,CPF00143,对接焊法兰,CL300(SCH10S),,RF/WN,022Cr19Ni10,1916T3038,ASME B16.5(1916T2002),RCC-M 2,QA1,"10""",,个,41,KG,压力(壁厚)一栏括号内为接管壁厚
,CPF00144,对接焊法兰,CL300(SCH40),,RF/WN,P280GH,1916T3052,ASME B16.5(1916T2002),RCC-M 2,QA1,"10""",,个,41,KG,压力(壁厚)一栏括号内为接管壁厚
,CPF00145,对接焊法兰,CL600(SCH80S),,RF/WN,022Cr19Ni10,1916T3038,ASME B16.5(1916T2002),RCC-M 2,QA1,"10""",,个,86,KG,压力(壁厚)一栏括号内为接管壁厚
,CPF00146,对接焊法兰,CL600(SCH80),,RF/WN,P280GH,1916T3052,ASME B16.5(1916T2002),RCC-M 2,QA1,"10""",,个,86,KG,压力(壁厚)一栏括号内为接管壁厚
,CPF00147,对接焊法兰,CL900(SCH80S),,RF/WN,022Cr19Ni10,1916T3038,ASME B16.5(1916T2002),RCC-M 2,QA1,"10""",,个,118,KG,压力(壁厚)一栏括号内为接管壁厚
,CPF00148,对接焊法兰,CL900(SCH60),,RF/WN,P280GH,1916T3052,ASME B16.5(1916T2002),RCC-M 2,QA1,"10""",,个,118,KG,压力(壁厚)一栏括号内为接管壁厚
,CPF00149,对接焊法兰,CL1500(SCH160),,RF/WN,P280GH,1916T3052,ASME B16.5(1916T2002),RCC-M 2,QA1,"10""",,个,204,KG,压力(壁厚)一栏括号内为接管壁厚
,CPF00150,对接焊法兰,CL2500(SCH140),,RF/WN,022Cr19Ni10,1916T3038,ASME B16.5(1916T2002),RCC-M 2,QA1,"10""",,个,485,KG,压力(壁厚)一栏括号内为接管壁厚
,CPF00151,对接焊法兰,CL150(SCH10S),,RF/WN,022Cr19Ni10,1916T3038,ASME B16.5(1916T2002),RCC-M 3,QA2,"10""",,个,24,KG,压力(壁厚)一栏括号内为接管壁厚
,CPF00152,对接焊法兰,CL150(SCH20),,RF/WN,P280GH,1916T3052,ASME B16.5(1916T2002),RCC-M 3,QA2,"10""",,个,24,KG,压力(壁厚)一栏括号内为接管壁厚
,CPF00153,对接焊法兰,CL150(SCH20),,FF/WN,P280GH,1916T3052,ASME B16.5(1916T2002),RCC-M 3,QA2,"10""",,个,,KG,压力(壁厚)一栏括号内为接管壁厚
,CPF00154,对接焊法兰,CL300(SCH10S),,RF/WN,022Cr19Ni10,1916T3038,ASME B16.5(1916T2002),RCC-M 3,QA2,"10""",,个,41,KG,压力(壁厚)一栏括号内为接管壁厚
,CPF00155,对接焊法兰,CL300(SCH40),,RF/WN,P280GH,1916T3052,ASME B16.5(1916T2002),RCC-M 3,QA2,"10""",,个,41,KG,压力(壁厚)一栏括号内为接管壁厚
,CPF00156,对接焊法兰,CL600(SCH80S),,RF/WN,022Cr19Ni10,1916T3038,ASME B16.5(1916T2002),RCC-M 3,QA2,"10""",,个,86,KG,压力(壁厚)一栏括号内为接管壁厚
,CPF00157,对接焊法兰,CL150(SCH20),,RF/WN,16Mn,1916T3025,ASME B16.5(1916T2002),NA,QNCa,"10""",,个,24,KG,压力(壁厚)一栏括号内为接管壁厚
,CPF00158,对接焊法兰,CL150(SCH10S),,RF/WN,S30403,1916T3023,ASME B16.5(1916T2002),NA,QNCa,"10""",,个,24,KG,压力(壁厚)一栏括号内为接管壁厚
,CPF00159,对接焊法兰,CL150(SCH10S),,RF/WN,S31603,1916T3023,ASME B16.5(1916T2002),NA,QNCa,"10""",,个,24,KG,压力(壁厚)一栏括号内为接管壁厚
,CPF00160,对接焊法兰,CL2500(SCH140),,RF/WN,022Cr19Ni10,1916T3038,ASME B16.5(1916T2002),RCC-M 1,QA1,"12""",,个,730,KG,压力(壁厚)一栏括号内为接管壁厚
,CPF00161,对接焊法兰,CL150(SCH10S),,RF/WN,022Cr19Ni10,1916T3038,ASME B16.5(1916T2002),RCC-M 2,QA1,"12""",,个,37,KG,压力(壁厚)一栏括号内为接管壁厚
,CPF00162,对接焊法兰,CL150(7.14mm),,RF/WN,P280GH,1916T3052,ASME B16.5(1916T2002),RCC-M 2,QA1,"12""",,个,37,KG,压力(壁厚)一栏括号内为接管壁厚
,CPF00163,对接焊法兰,CL300(SCH10S),,RF/WN,022Cr19Ni10,1916T3038,ASME B16.5(1916T2002),RCC-M 2,QA1,"12""",,个,62,KG,压力(壁厚)一栏括号内为接管壁厚
,CPF00164,对接焊法兰,CL300(SCH40),,RF/WN,P280GH,1916T3052,ASME B16.5(1916T2002),RCC-M 2,QA1,"12""",,个,62,KG,压力(壁厚)一栏括号内为接管壁厚
,CPF00165,对接焊法兰,CL600(SCH80S),,RF/WN,022Cr19Ni10,1916T3038,ASME B16.5(1916T2002),RCC-M 2,QA1,"12""",,个,102,KG,压力(壁厚)一栏括号内为接管壁厚
,CPF00166,对接焊法兰,CL600(SCH80),,RF/WN,P280GH,1916T3052,ASME B16.5(1916T2002),RCC-M 2,QA1,"12""",,个,102,KG,压力(壁厚)一栏括号内为接管壁厚
,CPF00167,对接焊法兰,CL900(SCH80S),,RF/WN,022Cr19Ni10,1916T3038,ASME B16.5(1916T2002),RCC-M 2,QA1,"12""",,个,163,KG,压力(壁厚)一栏括号内为接管壁厚
,CPF00168,对接焊法兰,CL1500(SCH160),,RF/WN,P280GH,1916T3052,ASME B16.5(1916T2002),RCC-M 2,QA1,"12""",,个,303,KG,压力(壁厚)一栏括号内为接管壁厚
,CPF00169,对接焊法兰,CL2500(SCH140),,RF/WN,022Cr19Ni10,1916T3038,ASME B16.5(1916T2002),RCC-M 2,QA1,"12""",,个,730,KG,压力(壁厚)一栏括号内为接管壁厚
,CPF00170,对接焊法兰,CL150(SCH10S),,RF/WN,022Cr19Ni10,1916T3038,ASME B16.5(1916T2002),RCC-M 3,QA2,"12""",,个,37,KG,压力(壁厚)一栏括号内为接管壁厚
,CPF00171,对接焊法兰,CL150(7.14mm),,RF/WN,P280GH,1916T3052,ASME B16.5(1916T2002),RCC-M 3,QA2,"12""",,个,37,KG,压力(壁厚)一栏括号内为接管壁厚
,CPF00172,对接焊法兰,CL150(7.14mm),,FF/WN,P280GH,1916T3052,ASME B16.5(1916T2002),RCC-M 3,QA2,"12""",,个,,KG,压力(壁厚)一栏括号内为接管壁厚
,CPF00173,对接焊法兰,CL300(SCH40),,RF/WN,P280GH,1916T3052,ASME B16.5(1916T2002),RCC-M 3,QA2,"12""",,个,62,KG,压力(壁厚)一栏括号内为接管壁厚
,CPF00174,对接焊法兰,CL600(SCH80S),,RF/WN,022Cr19Ni10,1916T3038,ASME B16.5(1916T2002),RCC-M 3,QA2,"12""",,个,102,KG,压力(壁厚)一栏括号内为接管壁厚
,CPF00175,对接焊法兰,CL150(7.14mm),,RF/WN,16Mn,1916T3025,ASME B16.5(1916T2002),NA,QNCa,"12""",,个,37,KG,压力(壁厚)一栏括号内为接管壁厚
,CPF00176,对接焊法兰,CL150(SCH10S),,RF/WN,S30403,1916T3023,ASME B16.5(1916T2002),NA,QNCa,"12""",,个,37,KG,压力(壁厚)一栏括号内为接管壁厚
,CPF00177,对接焊法兰,CL150(SCH10S),,RF/WN,S31603,1916T3023,ASME B16.5(1916T2002),NA,QNCa,"12""",,个,37,KG,压力(壁厚)一栏括号内为接管壁厚
,CPF00179,对接焊法兰,CL150(SCH10S),,RF/WN,022Cr19Ni10,1916T3038,ASME B16.5(1916T2002),RCC-M 2,QA1,"14""",,个,47,KG,压力(壁厚)一栏括号内为接管壁厚
,CPF00180,对接焊法兰,CL150(SCH20),,RF/WN,P280GH,1916T3052,ASME B16.5(1916T2002),RCC-M 2,QA1,"14""",,个,47,KG,压力(壁厚)一栏括号内为接管壁厚
,CPF00181,对接焊法兰,CL300(SCH10S),,RF/WN,022Cr19Ni10,1916T3038,ASME B16.5(1916T2002),RCC-M 2,QA1,"14""",,个,84,KG,压力(壁厚)一栏括号内为接管壁厚
,CPF00182,对接焊法兰,CL300(SCH40),,RF/WN,P280GH,1916T3052,ASME B16.5(1916T2002),RCC-M 2,QA1,"14""",,个,84,KG,压力(壁厚)一栏括号内为接管壁厚
,CPF00183,对接焊法兰,CL600(SCH60),,RF/WN,022Cr19Ni10,1916T3038,ASME B16.5(1916T2002),RCC-M 2,QA1,"14""",,个,150,KG,压力(壁厚)一栏括号内为接管壁厚
,CPF00184,对接焊法兰,CL600(SCH80),,RF/WN,P280GH,1916T3052,ASME B16.5(1916T2002),RCC-M 2,QA1,"14""",,个,150,KG,压力(壁厚)一栏括号内为接管壁厚
,CPF00185,对接焊法兰,CL900(SCH80S),,RF/WN,022Cr19Ni10,1916T3038,ASME B16.5(1916T2002),RCC-M 2,QA1,"14""",,个,186,KG,压力(壁厚)一栏括号内为接管壁厚
,CPF00186,对接焊法兰,CL1500(SCH160),,RF/WN,P280GH,1916T3052,ASME B16.5(1916T2002),RCC-M 2,QA1,"14""",,个,426,KG,压力(壁厚)一栏括号内为接管壁厚
,CPF00188,对接焊法兰,CL150(SCH20),,RF/WN,P280GH,1916T3052,ASME B16.5(1916T2002),RCC-M 3,QA2,"14""",,个,47,KG,压力(壁厚)一栏括号内为接管壁厚
,CPF00189,对接焊法兰,CL150(SCH20),,FF/WN,P280GH,1916T3052,ASME B16.5(1916T2002),RCC-M 3,QA2,"14""",,个,,KG,压力(壁厚)一栏括号内为接管壁厚
,CPF00190,对接焊法兰,CL300(SCH40),,RF/WN,P280GH,1916T3052,ASME B16.5(1916T2002),RCC-M 3,QA2,"14""",,个,84,KG,压力(壁厚)一栏括号内为接管壁厚
,CPF00191,对接焊法兰,CL600(SCH60),,RF/WN,022Cr19Ni10,1916T3038,ASME B16.5(1916T2002),RCC-M 3,QA2,"14""",,个,150,KG,压力(壁厚)一栏括号内为接管壁厚
,CPF00192,对接焊法兰,CL150(SCH20),,RF/WN,16Mn,1916T3025,ASME B16.5(1916T2002),NA,QNCa,"14""",,个,47,KG,压力(壁厚)一栏括号内为接管壁厚
,CPF00193,对接焊法兰,CL150(SCH10S),,RF/WN,S30403,1916T3023,ASME B16.5(1916T2002),NA,QNCa,"14""",,个,47,KG,压力(壁厚)一栏括号内为接管壁厚
,CPF00194,对接焊法兰,CL150(SCH10S),,RF/WN,S31603,1916T3023,ASME B16.5(1916T2002),NA,QNCa,"14""",,个,47,KG,压力(壁厚)一栏括号内为接管壁厚
,CPF00196,对接焊法兰,CL150(SCH40S),,RF/WN,022Cr19Ni10,1916T3038,ASME B16.5(1916T2002),RCC-M 2,QA1,"16""",,个,58,KG,压力(壁厚)一栏括号内为接管壁厚
,CPF00197,对接焊法兰,CL150(8.74mm),,RF/WN,P280GH,1916T3052,ASME B16.5(1916T2002),RCC-M 2,QA1,"16""",,个,58,KG,压力(壁厚)一栏括号内为接管壁厚
,CPF00198,对接焊法兰,CL300(SCH10S),,RF/WN,022Cr19Ni10,1916T3038,ASME B16.5(1916T2002),RCC-M 2,QA1,"16""",,个,111,KG,压力(壁厚)一栏括号内为接管壁厚
,CPF00199,对接焊法兰,CL300(SCH40),,RF/WN,P280GH,1916T3052,ASME B16.5(1916T2002),RCC-M 2,QA1,"16""",,个,111,KG,压力(壁厚)一栏括号内为接管壁厚
,CPF00200,对接焊法兰,CL600(SCH60),,RF/WN,022Cr19Ni10,1916T3038,ASME B16.5(1916T2002),RCC-M 2,QA1,"16""",,个,190,KG,压力(壁厚)一栏括号内为接管壁厚
,CPF00201,对接焊法兰,CL600(SCH80),,RF/WN,P280GH,1916T3052,ASME B16.5(1916T2002),RCC-M 2,QA1,"16""",,个,190,KG,压力(壁厚)一栏括号内为接管壁厚
,CPF00202,对接焊法兰,CL900(SCH80S),,RF/WN,022Cr19Ni10,1916T3038,ASME B16.5(1916T2002),RCC-M 2,QA1,"16""",,个,224,KG,压力(壁厚)一栏括号内为接管壁厚
,CPF00203,对接焊法兰,CL1500(SCH160),,RF/WN,P280GH,1916T3052,ASME B16.5(1916T2002),RCC-M 2,QA1,"16""",,个,567,KG,压力(壁厚)一栏括号内为接管壁厚
,CPF00205,对接焊法兰,CL150(9.8mm),,RF/WN,P280GH,1916T3052,ASME B16.5(1916T2002),RCC-M 3,QA2,"16""",,个,58,KG,压力(壁厚)一栏括号内为接管壁厚
,CPF00206,对接焊法兰,CL150(9.8mm),,FF/WN,P280GH,1916T3052,ASME B16.5(1916T2002),RCC-M 3,QA2,"16""",,个,,KG,压力(壁厚)一栏括号内为接管壁厚
,CPF00207,对接焊法兰,CL300(SCH40),,RF/WN,P280GH,1916T3052,ASME B16.5(1916T2002),RCC-M 3,QA2,"16""",,个,111,KG,压力(壁厚)一栏括号内为接管壁厚
,CPF00208,对接焊法兰,CL600(SCH60),,RF/WN,022Cr19Ni10,1916T3038,ASME B16.5(1916T2002),RCC-M 3,QA2,"16""",,个,190,KG,压力(壁厚)一栏括号内为接管壁厚
,CPF00209,对接焊法兰,CL150(SCH20),,RF/WN,16Mn,1916T3025,ASME B16.5(1916T2002),NA,QNCa,"16""",,个,58,KG,压力(壁厚)一栏括号内为接管壁厚
,CPF00210,对接焊法兰,CL150(SCH10S),,RF/WN,S30403,1916T3023,ASME B16.5(1916T2002),NA,QNCa,"16""",,个,58,KG,压力(壁厚)一栏括号内为接管壁厚
,CPF00211,对接焊法兰,CL150(SCH10S),,RF/WN,S31603,1916T3023,ASME B16.5(1916T2002),NA,QNCa,"16""",,个,58,KG,压力(壁厚)一栏括号内为接管壁厚
,CPF00213,对接焊法兰,CL300(SCH20),,RF/WN,022Cr19Ni10,1916T3038,ASME B16.5(1916T2002),RCC-M 2,QA1,"18""",,个,138,KG,压力(壁厚)一栏括号内为接管壁厚
,CPF00215,对接焊法兰,CL150(SCH10),,RF/WN,P280GH,1916T3052,ASME B16.5(1916T2002),RCC-M 3,QA2,"18""",,个,64,KG,压力(壁厚)一栏括号内为接管壁厚
,CPF00219,对接焊法兰,CL150(SCH10),,RF/WN,P280GH,1916T3052,ASME B16.5(1916T2002),RCC-M 3,QA2,"20""",,个,77,KG,压力(壁厚)一栏括号内为接管壁厚
,CPF00221,对接焊法兰,CL150(SCH20),,RF/WN,P280GH,1916T3052,ASME B16.5(1916T2002),NA,QNCa,"20""",,个,77,KG,压力(壁厚)一栏括号内为接管壁厚
,CPF00229,对接焊法兰,CL150(SCH10),,RF/WN,P280GH,1916T3052,ASME B16.5(1916T2002),RCC-M 3,QA2,"24""",,个,118,KG,压力(壁厚)一栏括号内为接管壁厚
,CPF00231,对接焊法兰,CL150(SCH10),,RF/WN,P280GH,1916T3052,BS 3293(1916T2002),RCC-M 3,QA2,"26""",,个,136,KG,压力(壁厚)一栏括号内为接管壁厚
,CPF00232,对接焊法兰,CL150(SCH10),,RF/WN,P280GH,1916T3052,BS 3293(1916T2002),RCC-M 3,QA2,"28""",,个,143,KG,压力(壁厚)一栏括号内为接管壁厚
,CPF00233,对接焊法兰,CL150(SCH10),,FF/WN,P280GH,1916T3052,BS 3293(1916T2002),RCC-M 3,QA2,"28""",,个,,KG,压力(壁厚)一栏括号内为接管壁厚
,CPF00234,对接焊法兰,CL150(SCH10),,RF/WN,P280GH,1916T3052,BS 3293(1916T2002),RCC-M 3,QA2,"30""",,个,163,KG,压力(壁厚)一栏括号内为接管壁厚
,CPF00235,对接焊法兰,CL150(SCH10),,FF/WN,P280GH,1916T3052,BS 3293(1916T2002),RCC-M 3,QA2,"30""",,个,,KG,压力(壁厚)一栏括号内为接管壁厚
,CPF00236,对接焊法兰,CL150(9.52mm),,RF/WN,P280GH,1916T3052,BS 3293(1916T2002),RCC-M 3,QA2,"32""",,个,197,KG,压力(壁厚)一栏括号内为接管壁厚
,CPF00237,对接焊法兰,CL150(9.52mm),,FF/WN,P280GH,1916T3052,BS 3293(1916T2002),RCC-M 3,QA2,"32""",,个,,KG,压力(壁厚)一栏括号内为接管壁厚
,CPF00238,对接焊法兰,CL150(9.52mm),,RF/WN,P280GH,1916T3052,BS 3293(1916T2002),RCC-M 3,QA2,"34""",,个,211,KG,压力(壁厚)一栏括号内为接管壁厚
,CPF00240,对接焊法兰,CL150(9.52mm),,RF/WN,P280GH,1916T3052,BS 3293(1916T2002),RCC-M 3,QA2,"36""",,个,236,KG,压力(壁厚)一栏括号内为接管壁厚
,CPF00245,承插焊法兰,CL150,,RF/SW,022Cr19Ni10,1916T3038,ASME B16.5,RCC-M 2,QA1,"1/2""",,个,0.8,KG,
,CPF00246,承插焊法兰,CL150,,RF/SW,P280GH,1916T3052,ASME B16.5,RCC-M 2,QA1,"1/2""",,个,0.8,KG,
,CPF00247,承插焊法兰,CL300,,RF/SW,022Cr19Ni10,1916T3038,ASME B16.5,RCC-M 2,QA1,"1/2""",,个,1.2,KG,
,CPF00248,承插焊法兰,CL300,,RF/SW,P280GH,1916T3052,ASME B16.5,RCC-M 2,QA1,"1/2""",,个,1.2,KG,
,CPF00249,承插焊法兰,CL600,,RF/SW,022Cr19Ni10,1916T3038,ASME B16.5,RCC-M 2,QA1,"1/2""",,个,1.3,KG,
,CPF00250,承插焊法兰,CL600,,RF/SW,P280GH,1916T3052,ASME B16.5,RCC-M 2,QA1,"1/2""",,个,1.3,KG,
,CPF00251,承插焊法兰,CL900,,RF/SW,P280GH,1916T3052,ASME B16.5,RCC-M 2,QA1,"1/2""",,个,,KG,
,CPF00252,承插焊法兰,CL1500,,RF/SW,022Cr19Ni10,1916T3038,ASME B16.5,RCC-M 2,QA1,"1/2""",,个,1.7,KG,
,CPF00253,承插焊法兰,CL1500,,RF/SW,P280GH,1916T3052,ASME B16.5,RCC-M 2,QA1,"1/2""",,个,1.7,KG,
,CPF00254,承插焊法兰,CL150,,RF/SW,022Cr17Ni12Mo2,1916T3038,ASME B16.5,RCC-M 3,QA2,"1/2""",,个,0.8,KG,
,CPF00255,承插焊法兰,CL150,,RF/SW,022Cr19Ni10,1916T3038,ASME B16.5,RCC-M 3,QA2,"1/2""",,个,0.8,KG,
,CPF00256,承插焊法兰,CL150,,RF/SW,P280GH,1916T3052,ASME B16.5,RCC-M 3,QA2,"1/2""",,个,0.8,KG,
,CPF00257,承插焊法兰,CL300,,RF/SW,022Cr19Ni10,1916T3038,ASME B16.5,RCC-M 3,QA2,"1/2""",,个,1.2,KG,
,CPF00258,承插焊法兰,CL300,,RF/SW,P280GH,1916T3052,ASME B16.5,RCC-M 3,QA2,"1/2""",,个,1.2,KG,
,CPF00259,承插焊法兰,CL600,,RF/SW,022Cr19Ni10,1916T3038,ASME B16.5,RCC-M 3,QA2,"1/2""",,个,1.3,KG,
,CPF00260,承插焊法兰,CL150,,RF/SW,16Mn,1916T3025,ASME B16.5,NA,QNCa,"1/2""",,个,0.8,KG,
,CPF00261,承插焊法兰,CL150,,RF/SW,S30403,1916T3023,ASME B16.5,NA,QNCa,"1/2""",,个,0.5,KG,
,CPF00262,承插焊法兰,CL150,,RF/SW,S31603,1916T3023,ASME B16.5,NA,QNCa,"1/2""",,个,0.8,KG,
,CPF00263,承插焊法兰,CL150,,RF/SW,022Cr19Ni10,1916T3038,ASME B16.5,RCC-M 2,QA1,"3/4""",,个,0.9,KG,
,CPF00264,承插焊法兰,CL150,,RF/SW,P280GH,1916T3052,ASME B16.5,RCC-M 2,QA1,"3/4""",,个,0.9,KG,
,CPF00265,承插焊法兰,CL300,,RF/SW,022Cr19Ni10,1916T3038,ASME B16.5,RCC-M 2,QA1,"3/4""",,个,1.3,KG,
,CPF00266,承插焊法兰,CL300,,RF/SW,P280GH,1916T3052,ASME B16.5,RCC-M 2,QA1,"3/4""",,个,1.3,KG,
,CPF00267,承插焊法兰,CL600,,RF/SW,022Cr19Ni10,1916T3038,ASME B16.5,RCC-M 2,QA1,"3/4""",,个,1.4,KG,
,CPF00268,承插焊法兰,CL600,,RF/SW,P280GH,1916T3052,ASME B16.5,RCC-M 2,QA1,"3/4""",,个,1.4,KG,
,CPF00269,承插焊法兰,CL900,,RF/SW,P280GH,1916T3052,ASME B16.5,RCC-M 2,QA1,"3/4""",,个,,KG,
,CPF00270,承插焊法兰,CL1500,,RF/SW,022Cr19Ni10,1916T3038,ASME B16.5,RCC-M 2,QA1,"3/4""",,个,2.3,KG,
,CPF00271,承插焊法兰,CL1500,,RF/SW,P280GH,1916T3052,ASME B16.5,RCC-M 2,QA1,"3/4""",,个,2.3,KG,
,CPF00272,承插焊法兰,CL150,,RF/SW,022Cr17Ni12Mo2,1916T3038,ASME B16.5,RCC-M 3,QA2,"3/4""",,个,0.9,KG,
,CPF00273,承插焊法兰,CL150,,RF/SW,022Cr19Ni10,1916T3038,ASME B16.5,RCC-M 3,QA2,"3/4""",,个,0.9,KG,
,CPF00274,承插焊法兰,CL150,,RF/SW,P280GH,1916T3052,ASME B16.5,RCC-M 3,QA2,"3/4""",,个,0.9,KG,
,CPF00275,承插焊法兰,CL300,,RF/SW,022Cr19Ni10,1916T3038,ASME B16.5,RCC-M 3,QA2,"3/4""",,个,1.3,KG,
,CPF00276,承插焊法兰,CL300,,RF/SW,P280GH,1916T3052,ASME B16.5,RCC-M 3,QA2,"3/4""",,个,1.3,KG,
,CPF00277,承插焊法兰,CL600,,RF/SW,022Cr19Ni10,1916T3038,ASME B16.5,RCC-M 3,QA2,"3/4""",,个,1.4,KG,
,CPF00278,承插焊法兰,CL150,,RF/SW,16Mn,1916T3025,ASME B16.5,NA,QNCa,"3/4""",,个,0.9,KG,
,CPF00279,承插焊法兰,CL150,,RF/SW,S30403,1916T3023,ASME B16.5,NA,QNCa,"3/4""",,个,0.9,KG,
,CPF00280,承插焊法兰,CL150,,RF/SW,S31603,1916T3023,ASME B16.5,NA,QNCa,"3/4""",,个,0.9,KG,
,CPF00281,承插焊法兰,CL150,,RF/SW,022Cr19Ni10,1916T3038,ASME B16.5,RCC-M 2,QA1,"1""",,个,1,KG,
,CPF00282,承插焊法兰,CL150,,RF/SW,P280GH,1916T3052,ASME B16.5,RCC-M 2,QA1,"1""",,个,1,KG,
,CPF00283,承插焊法兰,CL300,,RF/SW,022Cr19Ni10,1916T3038,ASME B16.5,RCC-M 2,QA1,"1""",,个,1.4,KG,
,CPF00284,承插焊法兰,CL300,,RF/SW,P280GH,1916T3052,ASME B16.5,RCC-M 2,QA1,"1""",,个,1.4,KG,
,CPF00285,承插焊法兰,CL600,,RF/SW,022Cr19Ni10,1916T3038,ASME B16.5,RCC-M 2,QA1,"1""",,个,1.8,KG,
,CPF00286,承插焊法兰,CL600,,RF/SW,P280GH,1916T3052,ASME B16.5,RCC-M 2,QA1,"1""",,个,1.8,KG,
,CPF00287,承插焊法兰,CL900,,RF/SW,P280GH,1916T3052,ASME B16.5,RCC-M 2,QA1,"1""",,个,,KG,
,CPF00288,承插焊法兰,CL1500,,RF/SW,022Cr19Ni10,1916T3038,ASME B16.5,RCC-M 2,QA1,"1""",,个,3.4,KG,
,CPF00289,承插焊法兰,CL1500,,RF/SW,P280GH,1916T3052,ASME B16.5,RCC-M 2,QA1,"1""",,个,3.4,KG,
,CPF00290,承插焊法兰,CL150,,RF/SW,022Cr17Ni12Mo2,1916T3038,ASME B16.5,RCC-M 3,QA2,"1""",,个,1,KG,
,CPF00291,承插焊法兰,CL150,,RF/SW,022Cr19Ni10,1916T3038,ASME B16.5,RCC-M 3,QA2,"1""",,个,1,KG,
,CPF00292,承插焊法兰,CL150,,RF/SW,P280GH,1916T3052,ASME B16.5,RCC-M 3,QA2,"1""",,个,1,KG,
,CPF00293,承插焊法兰,CL300,,RF/SW,022Cr19Ni10,1916T3038,ASME B16.5,RCC-M 3,QA2,"1""",,个,1.4,KG,
,CPF00294,承插焊法兰,CL300,,RF/SW,P280GH,1916T3052,ASME B16.5,RCC-M 3,QA2,"1""",,个,1.4,KG,
,CPF00295,承插焊法兰,CL600,,RF/SW,022Cr19Ni10,1916T3038,ASME B16.5,RCC-M 3,QA2,"1""",,个,1.8,KG,
,CPF00296,承插焊法兰,CL150,,RF/SW,16Mn,1916T3025,ASME B16.5,NA,QNCa,"1""",,个,1,KG,
,CPF00297,承插焊法兰,CL150,,RF/SW,S30403,1916T3023,ASME B16.5,NA,QNCa,"1""",,个,1,KG,
,CPF00298,承插焊法兰,CL150,,RF/SW,S31603,1916T3023,ASME B16.5,NA,QNCa,"1""",,个,1,KG,
,CPF00299,承插焊法兰,CL150,,RF/SW,022Cr19Ni10,1916T3038,ASME B16.5,RCC-M 2,QA1,"1-1/4""",,个,1.3,KG,
,CPF00300,承插焊法兰,CL150,,RF/SW,P280GH,1916T3052,ASME B16.5,RCC-M 2,QA1,"1-1/4""",,个,1.3,KG,
,CPF00301,承插焊法兰,CL300,,RF/SW,022Cr19Ni10,1916T3038,ASME B16.5,RCC-M 2,QA1,"1-1/4""",,个,1.8,KG,
,CPF00302,承插焊法兰,CL300,,RF/SW,P280GH,1916T3052,ASME B16.5,RCC-M 2,QA1,"1-1/4""",,个,1.8,KG,
,CPF00303,承插焊法兰,CL600,,RF/SW,022Cr19Ni10,1916T3038,ASME B16.5,RCC-M 2,QA1,"1-1/4""",,个,2.6,KG,
,CPF00304,承插焊法兰,CL600,,RF/SW,P280GH,1916T3052,ASME B16.5,RCC-M 2,QA1,"1-1/4""",,个,2.6,KG,
,CPF00305,承插焊法兰,CL900,,RF/SW,P280GH,1916T3052,ASME B16.5,RCC-M 2,QA1,"1-1/4""",,个,,KG,
,CPF00306,承插焊法兰,CL1500,,RF/SW,022Cr19Ni10,1916T3038,ASME B16.5,RCC-M 2,QA1,"1-1/4""",,个,3.9,KG,
,CPF00307,承插焊法兰,CL1500,,RF/SW,P280GH,1916T3052,ASME B16.5,RCC-M 2,QA1,"1-1/4""",,个,3.9,KG,
,CPF00308,承插焊法兰,CL150,,RF/SW,022Cr17Ni12Mo2,1916T3038,ASME B16.5,RCC-M 3,QA2,"1-1/4""",,个,1.3,KG,
,CPF00309,承插焊法兰,CL150,,RF/SW,022Cr19Ni10,1916T3038,ASME B16.5,RCC-M 3,QA2,"1-1/4""",,个,1.3,KG,
,CPF00310,承插焊法兰,CL150,,RF/SW,P280GH,1916T3052,ASME B16.5,RCC-M 3,QA2,"1-1/4""",,个,1.3,KG,
,CPF00311,承插焊法兰,CL300,,RF/SW,022Cr19Ni10,1916T3038,ASME B16.5,RCC-M 3,QA2,"1-1/4""",,个,1.8,KG,
,CPF00312,承插焊法兰,CL300,,RF/SW,P280GH,1916T3052,ASME B16.5,RCC-M 3,QA2,"1-1/4""",,个,1.8,KG,
,CPF00313,承插焊法兰,CL600,,RF/SW,022Cr19Ni10,1916T3038,ASME B16.5,RCC-M 3,QA2,"1-1/4""",,个,2.6,KG,
,CPF00314,承插焊法兰,CL150,,RF/SW,16Mn,1916T3025,ASME B16.5,NA,QNCa,"1-1/4""",,个,1.3,KG,
,CPF00315,承插焊法兰,CL150,,RF/SW,S30403,1916T3023,ASME B16.5,NA,QNCa,"1-1/4""",,个,1.3,KG,
,CPF00316,承插焊法兰,CL150,,RF/SW,S31603,1916T3023,ASME B16.5,NA,QNCa,"1-1/4""",,个,1.3,KG,
,CPF00317,承插焊法兰,CL150,,RF/SW,022Cr19Ni10,1916T3038,ASME B16.5,RCC-M 2,QA1,"1-1/2""",,个,1.4,KG,
,CPF00318,承插焊法兰,CL150,,RF/SW,P280GH,1916T3052,ASME B16.5,RCC-M 2,QA1,"1-1/2""",,个,1.4,KG,
,CPF00319,承插焊法兰,CL300,,RF/SW,022Cr19Ni10,1916T3038,ASME B16.5,RCC-M 2,QA1,"1-1/2""",,个,2.5,KG,
,CPF00320,承插焊法兰,CL300,,RF/SW,P280GH,1916T3052,ASME B16.5,RCC-M 2,QA1,"1-1/2""",,个,2.5,KG,
,CPF00321,承插焊法兰,CL600,,RF/SW,022Cr19Ni10,1916T3038,ASME B16.5,RCC-M 2,QA1,"1-1/2""",,个,3.1,KG,
,CPF00322,承插焊法兰,CL600,,RF/SW,P280GH,1916T3052,ASME B16.5,RCC-M 2,QA1,"1-1/2""",,个,3.1,KG,
,CPF00323,承插焊法兰,CL900,,RF/SW,P280GH,1916T3052,ASME B16.5,RCC-M 2,QA1,"1-1/2""",,个,,KG,
,CPF00324,承插焊法兰,CL1500,,RF/SW,022Cr19Ni10,1916T3038,ASME B16.5,RCC-M 2,QA1,"1-1/2""",,个,5.4,KG,
,CPF00325,承插焊法兰,CL1500,,RF/SW,P280GH,1916T3052,ASME B16.5,RCC-M 2,QA1,"1-1/2""",,个,5.4,KG,
,CPF00326,承插焊法兰,CL150,,RF/SW,022Cr17Ni12Mo2,1916T3038,ASME B16.5,RCC-M 3,QA2,"1-1/2""",,个,1.4,KG,
,CPF00327,承插焊法兰,CL150,,RF/SW,022Cr19Ni10,1916T3038,ASME B16.5,RCC-M 3,QA2,"1-1/2""",,个,1.4,KG,
,CPF00328,承插焊法兰,CL150,,RF/SW,P280GH,1916T3052,ASME B16.5,RCC-M 3,QA2,"1-1/2""",,个,1.4,KG,
,CPF00329,承插焊法兰,CL300,,RF/SW,022Cr19Ni10,1916T3038,ASME B16.5,RCC-M 3,QA2,"1-1/2""",,个,2.5,KG,
,CPF00330,承插焊法兰,CL300,,RF/SW,P280GH,1916T3052,ASME B16.5,RCC-M 3,QA2,"1-1/2""",,个,2.5,KG,
,CPF00331,承插焊法兰,CL600,,RF/SW,022Cr19Ni10,1916T3038,ASME B16.5,RCC-M 3,QA2,"1-1/2""",,个,3.1,KG,
,CPF00332,承插焊法兰,CL150,,RF/SW,16Mn,1916T3025,ASME B16.5,NA,QNCa,"1-1/2""",,个,1.4,KG,
,CPF00333,承插焊法兰,CL150,,RF/SW,S30403,1916T3023,ASME B16.5,NA,QNCa,"1-1/2""",,个,1.4,KG,
,CPF00334,承插焊法兰,CL150,,RF/SW,S31603,1916T3023,ASME B16.5,NA,QNCa,"1-1/2""",,个,1.4,KG,
,CPF00335,承插焊法兰,CL150,,RF/SW,022Cr19Ni10,1916T3038,ASME B16.5,RCC-M 2,QA1,"2""",,个,2.3,KG,
,CPF00336,承插焊法兰,CL150,,RF/SW,P280GH,1916T3052,ASME B16.5,RCC-M 2,QA1,"2""",,个,2.3,KG,
,CPF00337,承插焊法兰,CL300,,RF/SW,022Cr19Ni10,1916T3038,ASME B16.5,RCC-M 2,QA1,"2""",,个,3,KG,
,CPF00338,承插焊法兰,CL300,,RF/SW,P280GH,1916T3052,ASME B16.5,RCC-M 2,QA1,"2""",,个,3,KG,
,CPF00339,承插焊法兰,CL600,,RF/SW,022Cr19Ni10,1916T3038,ASME B16.5,RCC-M 2,QA1,"2""",,个,4,KG,
,CPF00340,承插焊法兰,CL600,,RF/SW,P280GH,1916T3052,ASME B16.5,RCC-M 2,QA1,"2""",,个,4,KG,
,CPF00341,承插焊法兰,CL900,,RF/SW,P280GH,1916T3052,ASME B16.5,RCC-M 2,QA1,"2""",,个,,KG,
,CPF00342,承插焊法兰,CL1500,,RF/SW,022Cr19Ni10,1916T3038,ASME B16.5,RCC-M 2,QA1,"2""",,个,9.8,KG,
,CPF00343,承插焊法兰,CL1500,,RF/SW,P280GH,1916T3052,ASME B16.5,RCC-M 2,QA1,"2""",,个,9.8,KG,
,CPF00344,承插焊法兰,CL150,,RF/SW,022Cr17Ni12Mo2,1916T3038,ASME B16.5,RCC-M 3,QA2,"2""",,个,2.3,KG,
,CPF00345,承插焊法兰,CL150,,RF/SW,022Cr19Ni10,1916T3038,ASME B16.5,RCC-M 3,QA2,"2""",,个,2.3,KG,
,CPF00346,承插焊法兰,CL150,,RF/SW,P280GH,1916T3052,ASME B16.5,RCC-M 3,QA2,"2""",,个,2.3,KG,
,CPF00347,承插焊法兰,CL300,,RF/SW,022Cr19Ni10,1916T3038,ASME B16.5,RCC-M 3,QA2,"2""",,个,3,KG,
,CPF00348,承插焊法兰,CL300,,RF/SW,P280GH,1916T3052,ASME B16.5,RCC-M 3,QA2,"2""",,个,3,KG,
,CPF00349,承插焊法兰,CL600,,RF/SW,022Cr19Ni10,1916T3038,ASME B16.5,RCC-M 3,QA2,"2""",,个,4,KG,
,CPF00350,承插焊法兰,CL150,,RF/SW,16Mn,1916T3025,ASME B16.5,NA,QNCa,"2""",,个,2.3,KG,
,CPF00351,承插焊法兰,CL150,,RF/SW,S30403,1916T3023,ASME B16.5,NA,QNCa,"2""",,个,2.3,KG,
,CPF00352,承插焊法兰,CL150,,RF/SW,S31603,1916T3023,ASME B16.5,NA,QNCa,"2""",,个,2.3,KG,
,CPF00353,对焊带测量孔法兰,CL2500(SCH160),,RF/WN,022Cr19Ni10,1916T3038,ASME B16.36(1916T2002),RCC-M 1,QA1,"1""",,个,6.5,KG,压力(壁厚)一栏括号内为接管壁厚
,CPF00354,对焊带测量孔法兰,CL300(SCH10S),,RF/WN,022Cr19Ni10,1916T3038,ASME B16.36(1916T2002),RCC-M 2,QA1,"1""",,个,4.5,KG,压力(壁厚)一栏括号内为接管壁厚
,CPF00355,对焊带测量孔法兰,CL300(SCH40),,RF/WN,P280GH,1916T3052,ASME B16.36(1916T2002),RCC-M 2,QA1,"1""",,个,4.5,KG,压力(壁厚)一栏括号内为接管壁厚
,CPF00356,对焊带测量孔法兰,CL600(SCH40S),,RF/WN,022Cr19Ni10,1916T3038,ASME B16.36(1916T2002),RCC-M 2,QA1,"1""",,个,5.5,KG,压力(壁厚)一栏括号内为接管壁厚
,CPF00357,对焊带测量孔法兰,CL600(SCH80),,RF/WN,P280GH,1916T3052,ASME B16.36(1916T2002),RCC-M 2,QA1,"1""",,个,5.5,KG,压力(壁厚)一栏括号内为接管壁厚
,CPF00358,对焊带测量孔法兰,CL900(SCH80S),,RF/WN,022Cr19Ni10,1916T3038,ASME B16.36(1916T2002),RCC-M 2,QA1,"1""",,个,5.4,KG,压力(壁厚)一栏括号内为接管壁厚
,CPF00359,对焊带测量孔法兰,CL900(SCH80),,RF/WN,P280GH,1916T3052,ASME B16.36(1916T2002),RCC-M 2,QA1,"1""",,个,5.4,KG,压力(壁厚)一栏括号内为接管壁厚
,CPF00360,对焊带测量孔法兰,CL1500(SCH160),,RF/WN,P280GH,1916T3052,ASME B16.36(1916T2002),RCC-M 2,QA1,"1""",,个,5.4,KG,压力(壁厚)一栏括号内为接管壁厚
,CPF00361,对焊带测量孔法兰,CL2500(SCH160),,RF/WN,022Cr19Ni10,1916T3038,ASME B16.36(1916T2002),RCC-M 2,QA1,"1""",,个,6.5,KG,压力(壁厚)一栏括号内为接管壁厚
,CPF00362,对焊带测量孔法兰,CL300(SCH40),,RF/WN,022Cr17Ni12Mo2,1916T3038,ASME B16.36(1916T2002),RCC-M 3,QA2,"1""",,个,4.5,KG,压力(壁厚)一栏括号内为接管壁厚
,CPF00363,对焊带测量孔法兰,CL300(SCH10S),,RF/WN,022Cr19Ni10,1916T3038,ASME B16.36(1916T2002),RCC-M 3,QA2,"1""",,个,4.5,KG,压力(壁厚)一栏括号内为接管壁厚
,CPF00364,对焊带测量孔法兰,CL300(SCH40),,RF/WN,P280GH,1916T3052,ASME B16.36(1916T2002),RCC-M 3,QA2,"1""",,个,4.5,KG,压力(壁厚)一栏括号内为接管壁厚
,CPF00365,对焊带测量孔法兰,CL600(SCH40S),,RF/WN,022Cr19Ni10,1916T3038,ASME B16.36(1916T2002),RCC-M 3,QA2,"1""",,个,5.5,KG,压力(壁厚)一栏括号内为接管壁厚
,CPF00366,对焊带测量孔法兰,CL300(SCH40),,RF/WN,16Mn,1916T3025,ASME B16.36(1916T2002),NA,QNCa,"1""",,个,4.5,KG,压力(壁厚)一栏括号内为接管壁厚
,CPF00367,对焊带测量孔法兰,CL300(SCH10S),,RF/WN,S30403,1916T3023,ASME B16.36(1916T2002),NA,QNCa,"1""",,个,4.5,KG,压力(壁厚)一栏括号内为接管壁厚
,CPF00368,对焊带测量孔法兰,CL300(SCH10S),,RF/WN,S31603,1916T3023,ASME B16.36(1916T2002),NA,QNCa,"1""",,个,4.5,KG,压力(壁厚)一栏括号内为接管壁厚
,CPF00385,对焊带测量孔法兰,CL2500(SCH160),,RF/WN,022Cr19Ni10,1916T3038,ASME B16.36(1916T2002),RCC-M 1,QA1,"1-1/2""",,个,13,KG,压力(壁厚)一栏括号内为接管壁厚
,CPF00386,对焊带测量孔法兰,CL300(SCH10S),,RF/WN,022Cr19Ni10,1916T3038,ASME B16.36(1916T2002),RCC-M 2,QA1,"1-1/2""",,个,6.5,KG,压力(壁厚)一栏括号内为接管壁厚
,CPF00387,对焊带测量孔法兰,CL300(SCH40),,RF/WN,P280GH,1916T3052,ASME B16.36(1916T2002),RCC-M 2,QA1,"1-1/2""",,个,6.5,KG,压力(壁厚)一栏括号内为接管壁厚
,CPF00388,对焊带测量孔法兰,CL600(SCH40S),,RF/WN,022Cr19Ni10,1916T3038,ASME B16.36(1916T2002),RCC-M 2,QA1,"1-1/2""",,个,7.8,KG,压力(壁厚)一栏括号内为接管壁厚
,CPF00389,对焊带测量孔法兰,CL600(SCH80),,RF/WN,P280GH,1916T3052,ASME B16.36(1916T2002),RCC-M 2,QA1,"1-1/2""",,个,7.8,KG,压力(壁厚)一栏括号内为接管壁厚
,CPF00390,对焊带测量孔法兰,CL900(SCH80S),,RF/WN,022Cr19Ni10,1916T3038,ASME B16.36(1916T2002),RCC-M 2,QA1,"1-1/2""",,个,7.8,KG,压力(壁厚)一栏括号内为接管壁厚
,CPF00391,对焊带测量孔法兰,CL900(SCH80),,RF/WN,P280GH,1916T3052,ASME B16.36(1916T2002),RCC-M 2,QA1,"1-1/2""",,个,7.8,KG,压力(壁厚)一栏括号内为接管壁厚
,CPF00392,对焊带测量孔法兰,CL1500(SCH160),,RF/WN,P280GH,1916T3052,ASME B16.36(1916T2002),RCC-M 2,QA1,"1-1/2""",,个,7.8,KG,压力(壁厚)一栏括号内为接管壁厚
,CPF00393,对焊带测量孔法兰,CL2500(SCH160),,RF/WN,022Cr19Ni10,1916T3038,ASME B16.36(1916T2002),RCC-M 2,QA1,"1-1/2""",,个,13,KG,压力(壁厚)一栏括号内为接管壁厚
,CPF00395,对焊带测量孔法兰,CL300(SCH10S),,RF/WN,022Cr19Ni10,1916T3038,ASME B16.36(1916T2002),RCC-M 3,QA2,"1-1/2""",,个,6.5,KG,压力(壁厚)一栏括号内为接管壁厚
,CPF00396,对焊带测量孔法兰,CL300(SCH40),,RF/WN,P280GH,1916T3052,ASME B16.36(1916T2002),RCC-M 3,QA2,"1-1/2""",,个,6.5,KG,压力(壁厚)一栏括号内为接管壁厚
,CPF00397,对焊带测量孔法兰,CL600(SCH40S),,RF/WN,022Cr19Ni10,1916T3038,ASME B16.36(1916T2002),RCC-M 3,QA2,"1-1/2""",,个,7.8,KG,压力(壁厚)一栏括号内为接管壁厚
,CPF00398,对焊带测量孔法兰,CL300(SCH40),,RF/WN,16Mn,1916T3025,ASME B16.36(1916T2002),NA,QNCa,"1-1/2""",,个,6.5,KG,压力(壁厚)一栏括号内为接管壁厚
,CPF00399,对焊带测量孔法兰,CL300(SCH10S),,RF/WN,S30403,1916T3023,ASME B16.36(1916T2002),NA,QNCa,"1-1/2""",,个,6.5,KG,压力(壁厚)一栏括号内为接管壁厚
,CPF00400,对焊带测量孔法兰,CL300(SCH10S),,RF/WN,S31603,1916T3023,ASME B16.36(1916T2002),NA,QNCa,"1-1/2""",,个,6.5,KG,压力(壁厚)一栏括号内为接管壁厚
,CPF00401,对焊带测量孔法兰,CL2500(SCH160),,RF/WN,022Cr19Ni10,1916T3038,ASME B16.36(1916T2002),RCC-M 1,QA1,"2""",,个,19,KG,压力(壁厚)一栏括号内为接管壁厚
,CPF00402,对焊带测量孔法兰,CL300(SCH10S),,RF/WN,022Cr19Ni10,1916T3038,ASME B16.36(1916T2002),RCC-M 2,QA1,"2""",,个,7,KG,压力(壁厚)一栏括号内为接管壁厚
,CPF00403,对焊带测量孔法兰,CL300(3.18mm),,RF/WN,P280GH,1916T3052,ASME B16.36(1916T2002),RCC-M 2,QA1,"2""",,个,7,KG,压力(壁厚)一栏括号内为接管壁厚
,CPF00404,对焊带测量孔法兰,CL600(SCH40S),,RF/WN,022Cr19Ni10,1916T3038,ASME B16.36(1916T2002),RCC-M 2,QA1,"2""",,个,8.3,KG,压力(壁厚)一栏括号内为接管壁厚
,CPF00405,对焊带测量孔法兰,CL600(SCH80),,RF/WN,P280GH,1916T3052,ASME B16.36(1916T2002),RCC-M 2,QA1,"2""",,个,8.3,KG,压力(壁厚)一栏括号内为接管壁厚
,CPF00406,对焊带测量孔法兰,CL900(SCH80S),,RF/WN,022Cr19Ni10,1916T3038,ASME B16.36(1916T2002),RCC-M 2,QA1,"2""",,个,11.5,KG,压力(壁厚)一栏括号内为接管壁厚
,CPF00407,对焊带测量孔法兰,CL900(SCH80),,RF/WN,P280GH,1916T3052,ASME B16.36(1916T2002),RCC-M 2,QA1,"2""",,个,11.5,KG,压力(壁厚)一栏括号内为接管壁厚
,CPF00408,对焊带测量孔法兰,CL1500(SCH160),,RF/WN,P280GH,1916T3052,ASME B16.36(1916T2002),RCC-M 2,QA1,"2""",,个,11.5,KG,压力(壁厚)一栏括号内为接管壁厚
,CPF00409,对焊带测量孔法兰,CL2500(SCH160),,RF/WN,022Cr19Ni10,1916T3038,ASME B16.36(1916T2002),RCC-M 2,QA1,"2""",,个,19,KG,压力(壁厚)一栏括号内为接管壁厚
,CPF00410,对焊带测量孔法兰,CL300(SCH30),,RF/WN,022Cr17Ni12Mo2,1916T3038,ASME B16.36(1916T2002),RCC-M 3,QA2,"2""",,个,7,KG,压力(壁厚)一栏括号内为接管壁厚
,CPF00411,对焊带测量孔法兰,CL300(SCH10S),,RF/WN,022Cr19Ni10,1916T3038,ASME B16.36(1916T2002),RCC-M 3,QA2,"2""",,个,7,KG,压力(壁厚)一栏括号内为接管壁厚
,CPF00412,对焊带测量孔法兰,CL300(3.18mm),,RF/WN,P280GH,1916T3052,ASME B16.36(1916T2002),RCC-M 3,QA2,"2""",,个,7,KG,压力(壁厚)一栏括号内为接管壁厚
,CPF00413,对焊带测量孔法兰,CL600(SCH40S),,RF/WN,022Cr19Ni10,1916T3038,ASME B16.36(1916T2002),RCC-M 3,QA2,"2""",,个,8.3,KG,压力(壁厚)一栏括号内为接管壁厚
,CPF00414,对焊带测量孔法兰,CL300(3.18mm),,RF/WN,16Mn,1916T3025,ASME B16.36(1916T2002),NA,QNCa,"2""",,个,7,KG,压力(壁厚)一栏括号内为接管壁厚
,CPF00415,对焊带测量孔法兰,CL300(SCH10S),,RF/WN,S30403,1916T3023,ASME B16.36(1916T2002),NA,QNCa,"2""",,个,7,KG,压力(壁厚)一栏括号内为接管壁厚
,CPF00416,对焊带测量孔法兰,CL300(SCH10S),,RF/WN,S31603,1916T3023,ASME B16.36(1916T2002),NA,QNCa,"2""",,个,7,KG,压力(壁厚)一栏括号内为接管壁厚
,CPF00417,对焊带测量孔法兰,CL2500(SCH160),,RF/WN,022Cr19Ni10,1916T3038,ASME B16.36(1916T2002),RCC-M 1,QA1,"2-1/2""",,个,24,KG,压力(壁厚)一栏括号内为接管壁厚
,CPF00418,对焊带测量孔法兰,CL300(SCH10S),,RF/WN,022Cr19Ni10,1916T3038,ASME B16.36(1916T2002),RCC-M 2,QA1,"2-1/2""",,个,7.5,KG,压力(壁厚)一栏括号内为接管壁厚
,CPF00419,对焊带测量孔法兰,CL300(3.18mm),,RF/WN,P280GH,1916T3052,ASME B16.36(1916T2002),RCC-M 2,QA1,"2-1/2""",,个,7.5,KG,压力(壁厚)一栏括号内为接管壁厚
,CPF00420,对焊带测量孔法兰,CL600(SCH40S),,RF/WN,022Cr19Ni10,1916T3038,ASME B16.36(1916T2002),RCC-M 2,QA1,"2-1/2""",,个,10.8,KG,压力(壁厚)一栏括号内为接管壁厚
,CPF00421,对焊带测量孔法兰,CL600(SCH80),,RF/WN,P280GH,1916T3052,ASME B16.36(1916T2002),RCC-M 2,QA1,"2-1/2""",,个,10.8,KG,压力(壁厚)一栏括号内为接管壁厚
,CPF00422,对焊带测量孔法兰,CL900(SCH80S),,RF/WN,022Cr19Ni10,1916T3038,ASME B16.36(1916T2002),RCC-M 2,QA1,"2-1/2""",,个,15.8,KG,压力(壁厚)一栏括号内为接管壁厚
,CPF00423,对焊带测量孔法兰,CL900(SCH80),,RF/WN,P280GH,1916T3052,ASME B16.36(1916T2002),RCC-M 2,QA1,"2-1/2""",,个,15.8,KG,压力(壁厚)一栏括号内为接管壁厚
,CPF00424,对焊带测量孔法兰,CL1500(SCH160),,RF/WN,P280GH,1916T3052,ASME B16.36(1916T2002),RCC-M 2,QA1,"2-1/2""",,个,15.8,KG,压力(壁厚)一栏括号内为接管壁厚
,CPF00425,对焊带测量孔法兰,CL2500(SCH160),,RF/WN,022Cr19Ni10,1916T3038,ASME B16.36(1916T2002),RCC-M 2,QA1,"2-1/2""",,个,24,KG,压力(壁厚)一栏括号内为接管壁厚
,CPF00426,对焊带测量孔法兰,CL300(SCH10S),,RF/WN,022Cr19Ni10,1916T3038,ASME B16.36(1916T2002),RCC-M 3,QA2,"2-1/2""",,个,7.5,KG,压力(壁厚)一栏括号内为接管壁厚
,CPF00427,对焊带测量孔法兰,CL300(3.18mm),,RF/WN,P280GH,1916T3052,ASME B16.36(1916T2002),RCC-M 3,QA2,"2-1/2""",,个,7.5,KG,压力(壁厚)一栏括号内为接管壁厚
,CPF00428,对焊带测量孔法兰,CL600(SCH40S),,RF/WN,022Cr19Ni10,1916T3038,ASME B16.36(1916T2002),RCC-M 3,QA2,"2-1/2""",,个,10.8,KG,压力(壁厚)一栏括号内为接管壁厚
,CPF00429,对焊带测量孔法兰,CL300(3.18mm),,RF/WN,16Mn,1916T3025,ASME B16.36(1916T2002),NA,QNCa,"2-1/2""",,个,7.5,KG,压力(壁厚)一栏括号内为接管壁厚
,CPF00430,对焊带测量孔法兰,CL300(SCH10S),,RF/WN,S30403,1916T3023,ASME B16.36(1916T2002),NA,QNCa,"2-1/2""",,个,7.5,KG,压力(壁厚)一栏括号内为接管壁厚
,CPF00431,对焊带测量孔法兰,CL300(SCH10S),,RF/WN,S31603,1916T3023,ASME B16.36(1916T2002),NA,QNCa,"2-1/2""",,个,7.5,KG,压力(壁厚)一栏括号内为接管壁厚
,CPF00432,对焊带测量孔法兰,CL2500(SCH160),,RF/WN,022Cr19Ni10,1916T3038,ASME B16.36(1916T2002),RCC-M 1,QA1,"3""",,个,43,KG,压力(壁厚)一栏括号内为接管壁厚
,CPF00433,对焊带测量孔法兰,CL300(SCH10S),,RF/WN,022Cr19Ni10,1916T3038,ASME B16.36(1916T2002),RCC-M 2,QA1,"3""",,个,9.4,KG,压力(壁厚)一栏括号内为接管壁厚
,CPF00434,对焊带测量孔法兰,CL300(3.18mm),,RF/WN,P280GH,1916T3052,ASME B16.36(1916T2002),RCC-M 2,QA1,"3""",,个,9.4,KG,压力(壁厚)一栏括号内为接管壁厚
,CPF00435,对焊带测量孔法兰,CL600(SCH40S),,RF/WN,022Cr19Ni10,1916T3038,ASME B16.36(1916T2002),RCC-M 2,QA1,"3""",,个,12.6,KG,压力(壁厚)一栏括号内为接管壁厚
,CPF00436,对焊带测量孔法兰,CL600(SCH80),,RF/WN,P280GH,1916T3052,ASME B16.36(1916T2002),RCC-M 2,QA1,"3""",,个,12.6,KG,压力(壁厚)一栏括号内为接管壁厚
,CPF00437,对焊带测量孔法兰,CL900(SCH80S),,RF/WN,022Cr19Ni10,1916T3038,ASME B16.36(1916T2002),RCC-M 2,QA1,"3""",,个,14.5,KG,压力(壁厚)一栏括号内为接管壁厚
,CPF00438,对焊带测量孔法兰,CL900(SCH80),,RF/WN,P280GH,1916T3052,ASME B16.36(1916T2002),RCC-M 2,QA1,"3""",,个,14.5,KG,压力(壁厚)一栏括号内为接管壁厚
,CPF00439,对焊带测量孔法兰,CL1500(SCH160),,RF/WN,P280GH,1916T3052,ASME B16.36(1916T2002),RCC-M 2,QA1,"3""",,个,22,KG,压力(壁厚)一栏括号内为接管壁厚
,CPF00440,对焊带测量孔法兰,CL2500(SCH160),,RF/WN,022Cr19Ni10,1916T3038,ASME B16.36(1916T2002),RCC-M 2,QA1,"3""",,个,43,KG,压力(壁厚)一栏括号内为接管壁厚
,CPF00441,对焊带测量孔法兰,CL300(SCH10S),,RF/WN,022Cr19Ni10,1916T3038,ASME B16.36(1916T2002),RCC-M 3,QA2,"3""",,个,9.4,KG,压力(壁厚)一栏括号内为接管壁厚
,CPF00442,对焊带测量孔法兰,CL300(3.18mm),,RF/WN,P280GH,1916T3052,ASME B16.36(1916T2002),RCC-M 3,QA2,"3""",,个,9.4,KG,压力(壁厚)一栏括号内为接管壁厚
,CPF00443,对焊带测量孔法兰,CL600(SCH40S),,RF/WN,022Cr19Ni10,1916T3038,ASME B16.36(1916T2002),RCC-M 3,QA2,"3""",,个,12.6,KG,压力(壁厚)一栏括号内为接管壁厚
,CPF00444,对焊带测量孔法兰,CL300(3.18mm),,RF/WN,16Mn,1916T3025,ASME B16.36(1916T2002),NA,QNCa,"3""",,个,9.4,KG,压力(壁厚)一栏括号内为接管壁厚
,CPF00445,对焊带测量孔法兰,CL300(SCH10S),,RF/WN,S30403,1916T3023,ASME B16.36(1916T2002),NA,QNCa,"3""",,个,9.4,KG,压力(壁厚)一栏括号内为接管壁厚
,CPF00446,对焊带测量孔法兰,CL300(SCH10S),,RF/WN,S31603,1916T3023,ASME B16.36(1916T2002),NA,QNCa,"3""",,个,9.4,KG,压力(壁厚)一栏括号内为接管壁厚
,CPF00462,对焊带测量孔法兰,CL2500(SCH160),,RF/WN,022Cr19Ni10,1916T3038,ASME B16.36(1916T2002),RCC-M 1,QA1,"4""",,个,66,KG,压力(壁厚)一栏括号内为接管壁厚
,CPF00463,对焊带测量孔法兰,CL300(SCH10S),,RF/WN,022Cr19Ni10,1916T3038,ASME B16.36(1916T2002),RCC-M 2,QA1,"4""",,个,13.2,KG,压力(壁厚)一栏括号内为接管壁厚
,CPF00464,对焊带测量孔法兰,CL300(3.58mm),,RF/WN,P280GH,1916T3052,ASME B16.36(1916T2002),RCC-M 2,QA1,"4""",,个,13.2,KG,压力(壁厚)一栏括号内为接管壁厚
,CPF00465,对焊带测量孔法兰,CL600(SCH40S),,RF/WN,022Cr19Ni10,1916T3038,ASME B16.36(1916T2002),RCC-M 2,QA1,"4""",,个,19,KG,压力(壁厚)一栏括号内为接管壁厚
,CPF00466,对焊带测量孔法兰,CL600(SCH80),,RF/WN,P280GH,1916T3052,ASME B16.36(1916T2002),RCC-M 2,QA1,"4""",,个,19,KG,压力(壁厚)一栏括号内为接管壁厚
,CPF00467,对焊带测量孔法兰,CL900(SCH80S),,RF/WN,022Cr19Ni10,1916T3038,ASME B16.36(1916T2002),RCC-M 2,QA1,"4""",,个,23,KG,压力(壁厚)一栏括号内为接管壁厚
,CPF00468,对焊带测量孔法兰,CL900(SCH80),,RF/WN,P280GH,1916T3052,ASME B16.36(1916T2002),RCC-M 2,QA1,"4""",,个,23,KG,压力(壁厚)一栏括号内为接管壁厚
,CPF00469,对焊带测量孔法兰,CL1500(SCH160),,RF/WN,P280GH,1916T3052,ASME B16.36(1916T2002),RCC-M 2,QA1,"4""",,个,30,KG,压力(壁厚)一栏括号内为接管壁厚
,CPF00470,对焊带测量孔法兰,CL2500(SCH160),,RF/WN,022Cr19Ni10,1916T3038,ASME B16.36(1916T2002),RCC-M 2,QA1,"4""",,个,66,KG,压力(壁厚)一栏括号内为接管壁厚
,CPF00471,对焊带测量孔法兰,CL300(SCH10S),,RF/WN,022Cr19Ni10,1916T3038,ASME B16.36(1916T2002),RCC-M 3,QA2,"4""",,个,13.2,KG,压力(壁厚)一栏括号内为接管壁厚
,CPF00472,对焊带测量孔法兰,CL300(3.58mm),,RF/WN,P280GH,1916T3052,ASME B16.36(1916T2002),RCC-M 3,QA2,"4""",,个,13.2,KG,压力(壁厚)一栏括号内为接管壁厚
,CPF00473,对焊带测量孔法兰,CL600(SCH40S),,RF/WN,022Cr19Ni10,1916T3038,ASME B16.36(1916T2002),RCC-M 3,QA2,"4""",,个,19,KG,压力(壁厚)一栏括号内为接管壁厚
,CPF00474,对焊带测量孔法兰,CL300(3.58mm),,RF/WN,16Mn,1916T3025,ASME B16.36(1916T2002),NA,QNCa,"4""",,个,13.2,KG,压力(壁厚)一栏括号内为接管壁厚
,CPF00475,对焊带测量孔法兰,CL300(SCH10S),,RF/WN,S30403,1916T3023,ASME B16.36(1916T2002),NA,QNCa,"4""",,个,13.2,KG,压力(壁厚)一栏括号内为接管壁厚
,CPF00476,对焊带测量孔法兰,CL300(SCH10S),,RF/WN,S31603,1916T3023,ASME B16.36(1916T2002),NA,QNCa,"4""",,个,13.2,KG,压力(壁厚)一栏括号内为接管壁厚
,CPF00492,对焊带测量孔法兰,CL2500(SCH160),,RF/WN,022Cr19Ni10,1916T3038,ASME B16.36(1916T2002),RCC-M 1,QA1,"6""",,个,172,KG,压力(壁厚)一栏括号内为接管壁厚
,CPF00493,对焊带测量孔法兰,CL300(SCH10S),,RF/WN,022Cr19Ni10,1916T3038,ASME B16.36(1916T2002),RCC-M 2,QA1,"6""",,个,14.6,KG,压力(壁厚)一栏括号内为接管壁厚
,CPF00494,对焊带测量孔法兰,CL300(4.37mm),,RF/WN,P280GH,1916T3052,ASME B16.36(1916T2002),RCC-M 2,QA1,"6""",,个,14.6,KG,压力(壁厚)一栏括号内为接管壁厚
,CPF00495,对焊带测量孔法兰,CL600(SCH40S),,RF/WN,022Cr19Ni10,1916T3038,ASME B16.36(1916T2002),RCC-M 2,QA1,"6""",,个,37,KG,压力(壁厚)一栏括号内为接管壁厚
,CPF00496,对焊带测量孔法兰,CL600(SCH80),,RF/WN,P280GH,1916T3052,ASME B16.36(1916T2002),RCC-M 2,QA1,"6""",,个,37,KG,压力(壁厚)一栏括号内为接管壁厚
,CPF00497,对焊带测量孔法兰,CL900(SCH80S),,RF/WN,022Cr19Ni10,1916T3038,ASME B16.36(1916T2002),RCC-M 2,QA1,"6""",,个,50,KG,压力(壁厚)一栏括号内为接管壁厚
,CPF00498,对焊带测量孔法兰,CL900(SCH120),,RF/WN,P280GH,1916T3052,ASME B16.36(1916T2002),RCC-M 2,QA1,"6""",,个,50,KG,压力(壁厚)一栏括号内为接管壁厚
,CPF00499,对焊带测量孔法兰,CL1500(SCH160),,RF/WN,P280GH,1916T3052,ASME B16.36(1916T2002),RCC-M 2,QA1,"6""",,个,70,KG,压力(壁厚)一栏括号内为接管壁厚
,CPF00500,对焊带测量孔法兰,CL2500(SCH160),,RF/WN,022Cr19Ni10,1916T3038,ASME B16.36(1916T2002),RCC-M 2,QA1,"6""",,个,172,KG,压力(壁厚)一栏括号内为接管壁厚
,CPF00501,对焊带测量孔法兰,CL300(SCH10S),,RF/WN,022Cr19Ni10,1916T3038,ASME B16.36(1916T2002),RCC-M 3,QA2,"6""",,个,14.6,KG,压力(壁厚)一栏括号内为接管壁厚
,CPF00502,对焊带测量孔法兰,CL300(4.37mm),,RF/WN,P280GH,1916T3052,ASME B16.36(1916T2002),RCC-M 3,QA2,"6""",,个,14.6,KG,压力(壁厚)一栏括号内为接管壁厚
,CPF00503,对焊带测量孔法兰,CL600(SCH40S),,RF/WN,022Cr19Ni10,1916T3038,ASME B16.36(1916T2002),RCC-M 3,QA2,"6""",,个,37,KG,压力(壁厚)一栏括号内为接管壁厚
,CPF00504,对焊带测量孔法兰,CL300(4.37mm),,RF/WN,16Mn,1916T3025,ASME B16.36(1916T2002),NA,QNCa,"6""",,个,14.6,KG,压力(壁厚)一栏括号内为接管壁厚
,CPF00505,对焊带测量孔法兰,CL300(SCH10S),,RF/WN,S30403,1916T3023,ASME B16.36(1916T2002),NA,QNCa,"6""",,个,14.6,KG,压力(壁厚)一栏括号内为接管壁厚
,CPF00506,对焊带测量孔法兰,CL300(SCH10S),,RF/WN,S31603,1916T3023,ASME B16.36(1916T2002),NA,QNCa,"6""",,个,14.6,KG,压力(壁厚)一栏括号内为接管壁厚
,CPF00507,对焊带测量孔法兰,CL2500(SCH160),,RF/WN,022Cr19Ni10,1916T3038,ASME B16.36(1916T2002),RCC-M 1,QA1,"8""",,个,261,KG,压力(壁厚)一栏括号内为接管壁厚
,CPF00508,对焊带测量孔法兰,CL300(SCH10S),,RF/WN,022Cr19Ni10,1916T3038,ASME B16.36(1916T2002),RCC-M 2,QA1,"8""",,个,30,KG,压力(壁厚)一栏括号内为接管壁厚
,CPF00509,对焊带测量孔法兰,CL300(SCH20),,RF/WN,P280GH,1916T3052,ASME B16.36(1916T2002),RCC-M 2,QA1,"8""",,个,30,KG,压力(壁厚)一栏括号内为接管壁厚
,CPF00510,对焊带测量孔法兰,CL600(SCH40S),,RF/WN,022Cr19Ni10,1916T3038,ASME B16.36(1916T2002),RCC-M 2,QA1,"8""",,个,53,KG,压力(壁厚)一栏括号内为接管壁厚
,CPF00511,对焊带测量孔法兰,CL600(SCH80),,RF/WN,P280GH,1916T3052,ASME B16.36(1916T2002),RCC-M 2,QA1,"8""",,个,53,KG,压力(壁厚)一栏括号内为接管壁厚
,CPF00512,对焊带测量孔法兰,CL900(SCH80S),,RF/WN,022Cr19Ni10,1916T3038,ASME B16.36(1916T2002),RCC-M 2,QA1,"8""",,个,85,KG,压力(壁厚)一栏括号内为接管壁厚
,CPF00513,对焊带测量孔法兰,CL900(SCH120),,RF/WN,P280GH,1916T3052,ASME B16.36(1916T2002),RCC-M 2,QA1,"8""",,个,85,KG,压力(壁厚)一栏括号内为接管壁厚
,CPF00514,对焊带测量孔法兰,CL1500(SCH160),,RF/WN,P280GH,1916T3052,ASME B16.36(1916T2002),RCC-M 2,QA1,"8""",,个,119,KG,压力(壁厚)一栏括号内为接管壁厚
,CPF00515,对焊带测量孔法兰,CL2500(SCH160),,RF/WN,022Cr19Ni10,1916T3038,ASME B16.36(1916T2002),RCC-M 2,QA1,"8""",,个,261,KG,压力(壁厚)一栏括号内为接管壁厚
,CPF00516,对焊带测量孔法兰,CL300(SCH10S),,RF/WN,022Cr19Ni10,1916T3038,ASME B16.36(1916T2002),RCC-M 3,QA2,"8""",,个,30,KG,压力(壁厚)一栏括号内为接管壁厚
,CPF00517,对焊带测量孔法兰,CL300(SCH20),,RF/WN,P280GH,1916T3052,ASME B16.36(1916T2002),RCC-M 3,QA2,"8""",,个,30,KG,压力(壁厚)一栏括号内为接管壁厚
,CPF00518,对焊带测量孔法兰,CL600(SCH40S),,RF/WN,022Cr19Ni10,1916T3038,ASME B16.36(1916T2002),RCC-M 3,QA2,"8""",,个,53,KG,压力(壁厚)一栏括号内为接管壁厚
,CPF00519,对焊带测量孔法兰,CL300(SCH20),,RF/WN,16Mn,1916T3025,ASME B16.36(1916T2002),NA,QNCa,"8""",,个,30,KG,压力(壁厚)一栏括号内为接管壁厚
,CPF00520,对焊带测量孔法兰,CL300(SCH10S),,RF/WN,S30403,1916T3023,ASME B16.36(1916T2002),NA,QNCa,"8""",,个,30,KG,压力(壁厚)一栏括号内为接管壁厚
,CPF00521,对焊带测量孔法兰,CL300(SCH10S),,RF/WN,S31603,1916T3023,ASME B16.36(1916T2002),NA,QNCa,"8""",,个,30,KG,压力(壁厚)一栏括号内为接管壁厚
,CPF00522,对焊带测量孔法兰,CL2500(SCH140),,RF/WN,022Cr19Ni10,1916T3038,ASME B16.36(1916T2002),RCC-M 1,QA1,"10""",,个,485,KG,压力(壁厚)一栏括号内为接管壁厚
,CPF00523,对焊带测量孔法兰,CL300(SCH10S),,RF/WN,022Cr19Ni10,1916T3038,ASME B16.36(1916T2002),RCC-M 2,QA1,"10""",,个,41,KG,压力(壁厚)一栏括号内为接管壁厚
,CPF00524,对焊带测量孔法兰,CL300(SCH20),,RF/WN,P280GH,1916T3052,ASME B16.36(1916T2002),RCC-M 2,QA1,"10""",,个,41,KG,压力(壁厚)一栏括号内为接管壁厚
,CPF00525,对焊带测量孔法兰,CL600(SCH80S),,RF/WN,022Cr19Ni10,1916T3038,ASME B16.36(1916T2002),RCC-M 2,QA1,"10""",,个,86,KG,压力(壁厚)一栏括号内为接管壁厚
,CPF00526,对焊带测量孔法兰,CL600(SCH80),,RF/WN,P280GH,1916T3052,ASME B16.36(1916T2002),RCC-M 2,QA1,"10""",,个,86,KG,压力(壁厚)一栏括号内为接管壁厚
,CPF00527,对焊带测量孔法兰,CL900(SCH80S),,RF/WN,022Cr19Ni10,1916T3038,ASME B16.36(1916T2002),RCC-M 2,QA1,"10""",,个,118,KG,压力(壁厚)一栏括号内为接管壁厚
,CPF00528,对焊带测量孔法兰,CL900(SCH60),,RF/WN,P280GH,1916T3052,ASME B16.36(1916T2002),RCC-M 2,QA1,"10""",,个,118,KG,压力(壁厚)一栏括号内为接管壁厚
,CPF00529,对焊带测量孔法兰,CL1500(SCH160),,RF/WN,P280GH,1916T3052,ASME B16.36(1916T2002),RCC-M 2,QA1,"10""",,个,204,KG,压力(壁厚)一栏括号内为接管壁厚
,CPF00530,对焊带测量孔法兰,CL2500(SCH140),,RF/WN,022Cr19Ni10,1916T3038,ASME B16.36(1916T2002),RCC-M 2,QA1,"10""",,个,485,KG,压力(壁厚)一栏括号内为接管壁厚
,CPF00531,对焊带测量孔法兰,CL300(SCH10S),,RF/WN,022Cr19Ni10,1916T3038,ASME B16.36(1916T2002),RCC-M 3,QA2,"10""",,个,41,KG,压力(壁厚)一栏括号内为接管壁厚
,CPF00532,对焊带测量孔法兰,CL300(SCH20),,RF/WN,P280GH,1916T3052,ASME B16.36(1916T2002),RCC-M 3,QA2,"10""",,个,41,KG,压力(壁厚)一栏括号内为接管壁厚
,CPF00533,对焊带测量孔法兰,CL600(SCH80S),,RF/WN,022Cr19Ni10,1916T3038,ASME B16.36(1916T2002),RCC-M 3,QA2,"10""",,个,86,KG,压力(壁厚)一栏括号内为接管壁厚
,CPF00534,对焊带测量孔法兰,CL300(SCH20),,RF/WN,16Mn,1916T3025,ASME B16.36(1916T2002),NA,QNCa,"10""",,个,41,KG,压力(壁厚)一栏括号内为接管壁厚
,CPF00535,对焊带测量孔法兰,CL300(SCH10S),,RF/WN,S30403,1916T3023,ASME B16.36(1916T2002),NA,QNCa,"10""",,个,41,KG,压力(壁厚)一栏括号内为接管壁厚
,CPF00536,对焊带测量孔法兰,CL300(SCH10S),,RF/WN,S31603,1916T3023,ASME B16.36(1916T2002),NA,QNCa,"10""",,个,41,KG,压力(壁厚)一栏括号内为接管壁厚
,CPF00537,对焊带测量孔法兰,CL2500(SCH140),,RF/WN,022Cr19Ni10,1916T3038,ASME B16.36(1916T2002),RCC-M 1,QA1,"12""",,个,730,KG,压力(壁厚)一栏括号内为接管壁厚
,CPF00538,对焊带测量孔法兰,CL300(SCH10S),,RF/WN,022Cr19Ni10,1916T3038,ASME B16.36(1916T2002),RCC-M 2,QA1,"12""",,个,62,KG,压力(壁厚)一栏括号内为接管壁厚
,CPF00539,对焊带测量孔法兰,CL300(7.14mm),,RF/WN,P280GH,1916T3052,ASME B16.36(1916T2002),RCC-M 2,QA1,"12""",,个,62,KG,压力(壁厚)一栏括号内为接管壁厚
,CPF00540,对焊带测量孔法兰,CL600(SCH80S),,RF/WN,022Cr19Ni10,1916T3038,ASME B16.36(1916T2002),RCC-M 2,QA1,"12""",,个,102,KG,压力(壁厚)一栏括号内为接管壁厚
,CPF00541,对焊带测量孔法兰,CL600(SCH80),,RF/WN,P280GH,1916T3052,ASME B16.36(1916T2002),RCC-M 2,QA1,"12""",,个,102,KG,压力(壁厚)一栏括号内为接管壁厚
,CPF00542,对焊带测量孔法兰,CL900(SCH80S),,RF/WN,022Cr19Ni10,1916T3038,ASME B16.36(1916T2002),RCC-M 2,QA1,"12""",,个,163,KG,压力(壁厚)一栏括号内为接管壁厚
,CPF00543,对焊带测量孔法兰,CL1500(SCH160),,RF/WN,P280GH,1916T3052,ASME B16.36(1916T2002),RCC-M 2,QA1,"12""",,个,303,KG,压力(壁厚)一栏括号内为接管壁厚
,CPF00544,对焊带测量孔法兰,CL2500(SCH140),,RF/WN,022Cr19Ni10,1916T3038,ASME B16.36(1916T2002),RCC-M 2,QA1,"12""",,个,730,KG,压力(壁厚)一栏括号内为接管壁厚
,CPF00545,对焊带测量孔法兰,CL300(SCH10S),,RF/WN,022Cr19Ni10,1916T3038,ASME B16.36(1916T2002),RCC-M 3,QA2,"12""",,个,62,KG,压力(壁厚)一栏括号内为接管壁厚
,CPF00546,对焊带测量孔法兰,CL300(7.14mm),,RF/WN,P280GH,1916T3052,ASME B16.36(1916T2002),RCC-M 3,QA2,"12""",,个,62,KG,压力(壁厚)一栏括号内为接管壁厚
,CPF00547,对焊带测量孔法兰,CL600(SCH80S),,RF/WN,022Cr19Ni10,1916T3038,ASME B16.36(1916T2002),RCC-M 3,QA2,"12""",,个,102,KG,压力(壁厚)一栏括号内为接管壁厚
,CPF00548,对焊带测量孔法兰,CL300(7.14mm),,RF/WN,16Mn,1916T3025,ASME B16.36(1916T2002),NA,QNCa,"12""",,个,62,KG,压力(壁厚)一栏括号内为接管壁厚
,CPF00549,对焊带测量孔法兰,CL300(SCH10S),,RF/WN,S30403,1916T3023,ASME B16.36(1916T2002),NA,QNCa,"12""",,个,62,KG,压力(壁厚)一栏括号内为接管壁厚
,CPF00550,对焊带测量孔法兰,CL300(SCH10S),,RF/WN,S31603,1916T3023,ASME B16.36(1916T2002),NA,QNCa,"12""",,个,62,KG,压力(壁厚)一栏括号内为接管壁厚
,CPF00552,对焊带测量孔法兰,CL300(SCH10S),,RF/WN,022Cr19Ni10,1916T3038,ASME B16.36(1916T2002),RCC-M 2,QA1,"14""",,个,84,KG,压力(壁厚)一栏括号内为接管壁厚
,CPF00553,对焊带测量孔法兰,CL300(SCH20),,RF/WN,P280GH,1916T3052,ASME B16.36(1916T2002),RCC-M 2,QA1,"14""",,个,84,KG,压力(壁厚)一栏括号内为接管壁厚
,CPF00554,对焊带测量孔法兰,CL600(SCH60),,RF/WN,022Cr19Ni10,1916T3038,ASME B16.36(1916T2002),RCC-M 2,QA1,"14""",,个,150,KG,压力(壁厚)一栏括号内为接管壁厚
,CPF00555,对焊带测量孔法兰,CL600(SCH80),,RF/WN,P280GH,1916T3052,ASME B16.36(1916T2002),RCC-M 2,QA1,"14""",,个,150,KG,压力(壁厚)一栏括号内为接管壁厚
,CPF00556,对焊带测量孔法兰,CL900(SCH80S),,RF/WN,022Cr19Ni10,1916T3038,ASME B16.36(1916T2002),RCC-M 2,QA1,"14""",,个,186,KG,压力(壁厚)一栏括号内为接管壁厚
,CPF00557,对焊带测量孔法兰,CL1500(SCH160),,RF/WN,P280GH,1916T3052,ASME B16.36(1916T2002),RCC-M 2,QA1,"14""",,个,400,KG,压力(壁厚)一栏括号内为接管壁厚
,CPF00559,对焊带测量孔法兰,CL300(SCH40S),,RF/WN,022Cr19Ni10,1916T3038,ASME B16.36(1916T2002),RCC-M 3,QA2,"14""",,个,84,KG,压力(壁厚)一栏括号内为接管壁厚
,CPF00560,对焊带测量孔法兰,CL300(SCH20),,RF/WN,P280GH,1916T3052,ASME B16.36(1916T2002),RCC-M 3,QA2,"14""",,个,84,KG,压力(壁厚)一栏括号内为接管壁厚
,CPF00561,对焊带测量孔法兰,CL600(SCH60),,RF/WN,022Cr19Ni10,1916T3038,ASME B16.36(1916T2002),RCC-M 3,QA2,"14""",,个,150,KG,压力(壁厚)一栏括号内为接管壁厚
,CPF00562,对焊带测量孔法兰,CL300(SCH20),,RF/WN,16Mn,1916T3025,ASME B16.36(1916T2002),NA,QNCa,"14""",,个,84,KG,压力(壁厚)一栏括号内为接管壁厚
,CPF00563,对焊带测量孔法兰,CL300(SCH10S),,RF/WN,S30403,1916T3023,ASME B16.36(1916T2002),NA,QNCa,"14""",,个,84,KG,压力(壁厚)一栏括号内为接管壁厚
,CPF00564,对焊带测量孔法兰,CL300(SCH10S),,RF/WN,S31603,1916T3023,ASME B16.36(1916T2002),NA,QNCa,"14""",,个,84,KG,压力(壁厚)一栏括号内为接管壁厚
,CPF00566,对焊带测量孔法兰,CL300(SCH10S),,RF/WN,022Cr19Ni10,1916T3038,ASME B16.36(1916T2002),RCC-M 2,QA1,"16""",,个,111,KG,压力(壁厚)一栏括号内为接管壁厚
,CPF00567,对焊带测量孔法兰,CL300(8.74mm),,RF/WN,P280GH,1916T3052,ASME B16.36(1916T2002),RCC-M 2,QA1,"16""",,个,111,KG,压力(壁厚)一栏括号内为接管壁厚
,CPF00568,对焊带测量孔法兰,CL600(SCH60),,RF/WN,022Cr19Ni10,1916T3038,ASME B16.36(1916T2002),RCC-M 2,QA1,"16""",,个,190,KG,压力(壁厚)一栏括号内为接管壁厚
,CPF00569,对焊带测量孔法兰,CL600(SCH80),,RF/WN,P280GH,1916T3052,ASME B16.36(1916T2002),RCC-M 2,QA1,"16""",,个,190,KG,压力(壁厚)一栏括号内为接管壁厚
,CPF00570,对焊带测量孔法兰,CL900(SCH80S),,RF/WN,022Cr19Ni10,1916T3038,ASME B16.36(1916T2002),RCC-M 2,QA1,"16""",,个,224,KG,压力(壁厚)一栏括号内为接管壁厚
,CPF00571,对焊带测量孔法兰,CL1500(SCH160),,RF/WN,P280GH,1916T3052,ASME B16.36(1916T2002),RCC-M 2,QA1,"16""",,个,510,KG,压力(壁厚)一栏括号内为接管壁厚
,CPF00573,对焊带测量孔法兰,CL300(SCH40S),,RF/WN,022Cr19Ni10,1916T3038,ASME B16.36(1916T2002),RCC-M 3,QA2,"16""",,个,111,KG,压力(壁厚)一栏括号内为接管壁厚
,CPF00574,对焊带测量孔法兰,CL300(9.8mm),,RF/WN,P280GH,1916T3052,ASME B16.36(1916T2002),RCC-M 3,QA2,"16""",,个,111,KG,压力(壁厚)一栏括号内为接管壁厚
,CPF00575,对焊带测量孔法兰,CL600(SCH60),,RF/WN,022Cr19Ni10,1916T3038,ASME B16.36(1916T2002),RCC-M 3,QA2,"16""",,个,190,KG,压力(壁厚)一栏括号内为接管壁厚
,CPF00576,对焊带测量孔法兰,CL300(SCH20),,RF/WN,16Mn,1916T3025,ASME B16.36(1916T2002),NA,QNCa,"16""",,个,111,KG,压力(壁厚)一栏括号内为接管壁厚
,CPF00577,对焊带测量孔法兰,CL300(SCH10S),,RF/WN,S30403,1916T3023,ASME B16.36(1916T2002),NA,QNCa,"16""",,个,111,KG,压力(壁厚)一栏括号内为接管壁厚
,CPF00578,对焊带测量孔法兰,CL300(SCH10S),,RF/WN,S31603,1916T3023,ASME B16.36(1916T2002),NA,QNCa,"16""",,个,111,KG,压力(壁厚)一栏括号内为接管壁厚
,CPF00580,对焊带测量孔法兰,CL300(SCH20),,RF/WN,022Cr19Ni10,1916T3038,ASME B16.36(1916T2002),RCC-M 2,QA1,"18""",,个,138,KG,压力(壁厚)一栏括号内为接管壁厚
,CPF00582,对焊带测量孔法兰,CL300(SCH10),,RF/WN,P280GH,1916T3052,ASME B16.36(1916T2002),RCC-M 3,QA2,"18""",,个,138,KG,压力(壁厚)一栏括号内为接管壁厚
,CPF00586,对焊带测量孔法兰,CL300(SCH10),,RF/WN,P280GH,1916T3052,ASME B16.36(1916T2002),RCC-M 3,QA2,"20""",,个,171,KG,压力(壁厚)一栏括号内为接管壁厚
,CPF00587,对焊带测量孔法兰,CL300(SCH20),,RF/WN,16Mn,1916T3025,ASME B16.36(1916T2002),NA,QNCa,"20""",,个,171,KG,压力(壁厚)一栏括号内为接管壁厚
,CPF00594,对焊带测量孔法兰,CL300(SCH10),,RF/WN,P280GH,1916T3052,ASME B16.36(1916T2002),RCC-M 3,QA2,"24""",,个,247,KG,压力(壁厚)一栏括号内为接管壁厚
,CPF00603,法兰盖,CL2500,,RF,022Cr19Ni10,1916T3038,ASME B16.5,RCC-M 1,QA1,"1/2""",,个,3.3,KG,
,CPF00604,法兰盖,CL150,,RF,022Cr19Ni10,1916T3038,ASME B16.5,RCC-M 2,QA1,"1/2""",,个,1.2,KG,
,CPF00605,法兰盖,CL150,,RF,P280GH,1916T3052,ASME B16.5,RCC-M 2,QA1,"1/2""",,个,1.2,KG,
,CPF00606,法兰盖,CL300,,RF,022Cr19Ni10,1916T3038,ASME B16.5,RCC-M 2,QA1,"1/2""",,个,1.5,KG,
,CPF00607,法兰盖,CL300,,RF,P280GH,1916T3052,ASME B16.5,RCC-M 2,QA1,"1/2""",,个,1.5,KG,
,CPF00608,法兰盖,CL600,,RF,022Cr19Ni10,1916T3038,ASME B16.5,RCC-M 2,QA1,"1/2""",,个,1.4,KG,
,CPF00609,法兰盖,CL600,,RF,P280GH,1916T3052,ASME B16.5,RCC-M 2,QA1,"1/2""",,个,1.4,KG,
,CPF00610,法兰盖,CL900,,RF,022Cr19Ni10,1916T3038,ASME B16.5,RCC-M 2,QA1,"1/2""",,个,1.8,KG,
,CPF00611,法兰盖,CL900,,RF,P280GH,1916T3052,ASME B16.5,RCC-M 2,QA1,"1/2""",,个,1.8,KG,
,CPF00612,法兰盖,CL1500,,RF,P280GH,1916T3052,ASME B16.5,RCC-M 2,QA1,"1/2""",,个,1.8,KG,
,CPF00613,法兰盖,CL2500,,RF,022Cr19Ni10,1916T3038,ASME B16.5,RCC-M 2,QA1,"1/2""",,个,3.3,KG,
,CPF00614,法兰盖,CL150,,RF,022Cr17Ni12Mo2,1916T3038,ASME B16.5,RCC-M 3,QA2,"1/2""",,个,1.2,KG,
,CPF00615,法兰盖,CL150,,RF,022Cr19Ni10,1916T3038,ASME B16.5,RCC-M 3,QA2,"1/2""",,个,1.2,KG,
,CPF00616,法兰盖,CL150,,RF,P280GH,1916T3052,ASME B16.5,RCC-M 3,QA2,"1/2""",,个,1.2,KG,
,CPF00617,法兰盖,CL300,,RF,022Cr19Ni10,1916T3038,ASME B16.5,RCC-M 3,QA2,"1/2""",,个,1.5,KG,
,CPF00618,法兰盖,CL300,,RF,P280GH,1916T3052,ASME B16.5,RCC-M 3,QA2,"1/2""",,个,1.5,KG,
,CPF00619,法兰盖,CL600,,RF,022Cr19Ni10,1916T3038,ASME B16.5,RCC-M 3,QA2,"1/2""",,个,1.4,KG,
,CPF00620,法兰盖,CL150,,RF,16Mn,1916T3025,ASME B16.5,NA,QNCa,"1/2""",,个,0.5,KG,
,CPF00621,法兰盖,CL150,,RF,S30403,1916T3023,ASME B16.5,NA,QNCa,"1/2""",,个,0.5,KG,
,CPF00622,法兰盖,CL150,,RF,S31603,1916T3023,ASME B16.5,NA,QNCa,"1/2""",,个,1.2,KG,
,CPF00623,法兰盖,CL2500,,RF,022Cr19Ni10,1916T3038,ASME B16.5,RCC-M 1,QA1,"3/4""",,个,3.9,KG,
,CPF00624,法兰盖,CL150,,RF,022Cr19Ni10,1916T3038,ASME B16.5,RCC-M 2,QA1,"3/4""",,个,1.3,KG,
,CPF00625,法兰盖,CL150,,RF,P280GH,1916T3052,ASME B16.5,RCC-M 2,QA1,"3/4""",,个,1.3,KG,
,CPF00626,法兰盖,CL300,,RF,022Cr19Ni10,1916T3038,ASME B16.5,RCC-M 2,QA1,"3/4""",,个,1.6,KG,
,CPF00627,法兰盖,CL300,,RF,P280GH,1916T3052,ASME B16.5,RCC-M 2,QA1,"3/4""",,个,1.6,KG,
,CPF00628,法兰盖,CL600,,RF,022Cr19Ni10,1916T3038,ASME B16.5,RCC-M 2,QA1,"3/4""",,个,1.6,KG,
,CPF00629,法兰盖,CL600,,RF,P280GH,1916T3052,ASME B16.5,RCC-M 2,QA1,"3/4""",,个,1.6,KG,
,CPF00630,法兰盖,CL900,,RF,022Cr19Ni10,1916T3038,ASME B16.5,RCC-M 2,QA1,"3/4""",,个,2.7,KG,
,CPF00631,法兰盖,CL900,,RF,P280GH,1916T3052,ASME B16.5,RCC-M 2,QA1,"3/4""",,个,2.7,KG,
,CPF00632,法兰盖,CL1500,,RF,P280GH,1916T3052,ASME B16.5,RCC-M 2,QA1,"3/4""",,个,2.7,KG,
,CPF00633,法兰盖,CL2500,,RF,022Cr19Ni10,1916T3038,ASME B16.5,RCC-M 2,QA1,"3/4""",,个,3.9,KG,
,CPF00634,法兰盖,CL150,,RF,022Cr17Ni12Mo2,1916T3038,ASME B16.5,RCC-M 3,QA2,"3/4""",,个,1.3,KG,
,CPF00635,法兰盖,CL150,,RF,022Cr19Ni10,1916T3038,ASME B16.5,RCC-M 3,QA2,"3/4""",,个,1.3,KG,
,CPF00636,法兰盖,CL150,,RF,P280GH,1916T3052,ASME B16.5,RCC-M 3,QA2,"3/4""",,个,1.3,KG,
,CPF00637,法兰盖,CL300,,RF,022Cr19Ni10,1916T3038,ASME B16.5,RCC-M 3,QA2,"3/4""",,个,1.6,KG,
,CPF00638,法兰盖,CL300,,RF,P280GH,1916T3052,ASME B16.5,RCC-M 3,QA2,"3/4""",,个,1.6,KG,
,CPF00639,法兰盖,CL600,,RF,022Cr19Ni10,1916T3038,ASME B16.5,RCC-M 3,QA2,"3/4""",,个,1.6,KG,
,CPF00640,法兰盖,CL150,,RF,16Mn,1916T3025,ASME B16.5,NA,QNCa,"3/4""",,个,1.3,KG,
,CPF00641,法兰盖,CL150,,RF,S30403,1916T3023,ASME B16.5,NA,QNCa,"3/4""",,个,0.9,KG,
,CPF00642,法兰盖,CL150,,RF,S31603,1916T3023,ASME B16.5,NA,QNCa,"3/4""",,个,1.3,KG,
,CPF00643,法兰盖,CL2500,,RF,022Cr19Ni10,1916T3038,ASME B16.5,RCC-M 1,QA1,"1""",,个,5,KG,
,CPF00644,法兰盖,CL150,,RF,022Cr19Ni10,1916T3038,ASME B16.5,RCC-M 2,QA1,"1""",,个,1.4,KG,
,CPF00645,法兰盖,CL150,,RF,P280GH,1916T3052,ASME B16.5,RCC-M 2,QA1,"1""",,个,1.4,KG,
,CPF00646,法兰盖,CL300,,RF,022Cr19Ni10,1916T3038,ASME B16.5,RCC-M 2,QA1,"1""",,个,2,KG,
,CPF00647,法兰盖,CL300,,RF,P280GH,1916T3052,ASME B16.5,RCC-M 2,QA1,"1""",,个,2,KG,
,CPF00648,法兰盖,CL600,,RF,022Cr19Ni10,1916T3038,ASME B16.5,RCC-M 2,QA1,"1""",,个,2.1,KG,
,CPF00649,法兰盖,CL600,,RF,P280GH,1916T3052,ASME B16.5,RCC-M 2,QA1,"1""",,个,2.1,KG,
,CPF00650,法兰盖,CL900,,RF,022Cr19Ni10,1916T3038,ASME B16.5,RCC-M 2,QA1,"1""",,个,4,KG,
,CPF00651,法兰盖,CL900,,RF,P280GH,1916T3052,ASME B16.5,RCC-M 2,QA1,"1""",,个,4,KG,
,CPF00652,法兰盖,CL1500,,RF,P280GH,1916T3052,ASME B16.5,RCC-M 2,QA1,"1""",,个,4,KG,
,CPF00653,法兰盖,CL2500,,RF,022Cr19Ni10,1916T3038,ASME B16.5,RCC-M 2,QA1,"1""",,个,5,KG,
,CPF00654,法兰盖,CL150,,RF,022Cr17Ni12Mo2,1916T3038,ASME B16.5,RCC-M 3,QA2,"1""",,个,1.4,KG,
,CPF00655,法兰盖,CL150,,RF,022Cr19Ni10,1916T3038,ASME B16.5,RCC-M 3,QA2,"1""",,个,1.4,KG,
,CPF00656,法兰盖,CL150,,RF,P280GH,1916T3052,ASME B16.5,RCC-M 3,QA2,"1""",,个,1.4,KG,
,CPF00657,法兰盖,CL300,,RF,022Cr19Ni10,1916T3038,ASME B16.5,RCC-M 3,QA2,"1""",,个,2,KG,
,CPF00658,法兰盖,CL300,,RF,P280GH,1916T3052,ASME B16.5,RCC-M 3,QA2,"1""",,个,2,KG,
,CPF00659,法兰盖,CL600,,RF,022Cr19Ni10,1916T3038,ASME B16.5,RCC-M 3,QA2,"1""",,个,2.1,KG,
,CPF00660,法兰盖,CL150,,RF,16Mn,1916T3025,ASME B16.5,NA,QNCa,"1""",,个,1.4,KG,
,CPF00661,法兰盖,CL150,,RF,S30403,1916T3023,ASME B16.5,NA,QNCa,"1""",,个,1.4,KG,
,CPF00662,法兰盖,CL150,,RF,S31603,1916T3023,ASME B16.5,NA,QNCa,"1""",,个,1.4,KG,
,CPF00663,法兰盖,CL2500,,RF,022Cr19Ni10,1916T3038,ASME B16.5,RCC-M 1,QA1,"1-1/4""",,个,8.1,KG,
,CPF00664,法兰盖,CL150,,RF,022Cr19Ni10,1916T3038,ASME B16.5,RCC-M 2,QA1,"1-1/4""",,个,1.8,KG,
,CPF00665,法兰盖,CL150,,RF,P280GH,1916T3052,ASME B16.5,RCC-M 2,QA1,"1-1/4""",,个,1.8,KG,
,CPF00666,法兰盖,CL300,,RF,022Cr19Ni10,1916T3038,ASME B16.5,RCC-M 2,QA1,"1-1/4""",,个,2.5,KG,
,CPF00667,法兰盖,CL300,,RF,P280GH,1916T3052,ASME B16.5,RCC-M 2,QA1,"1-1/4""",,个,2.5,KG,
,CPF00668,法兰盖,CL600,,RF,022Cr19Ni10,1916T3038,ASME B16.5,RCC-M 2,QA1,"1-1/4""",,个,2.6,KG,
,CPF00669,法兰盖,CL600,,RF,P280GH,1916T3052,ASME B16.5,RCC-M 2,QA1,"1-1/4""",,个,2.6,KG,
,CPF00670,法兰盖,CL900,,RF,022Cr19Ni10,1916T3038,ASME B16.5,RCC-M 2,QA1,"1-1/4""",,个,5.8,KG,
,CPF00671,法兰盖,CL900,,RF,P280GH,1916T3052,ASME B16.5,RCC-M 2,QA1,"1-1/4""",,个,5.8,KG,
,CPF00672,法兰盖,CL1500,,RF,P280GH,1916T3052,ASME B16.5,RCC-M 2,QA1,"1-1/4""",,个,5.8,KG,
,CPF00673,法兰盖,CL2500,,RF,022Cr19Ni10,1916T3038,ASME B16.5,RCC-M 2,QA1,"1-1/4""",,个,8.1,KG,
,CPF00674,法兰盖,CL150,,RF,022Cr17Ni12Mo2,1916T3038,ASME B16.5,RCC-M 3,QA2,"1-1/4""",,个,1.8,KG,
,CPF00675,法兰盖,CL150,,RF,022Cr19Ni10,1916T3038,ASME B16.5,RCC-M 3,QA2,"1-1/4""",,个,1.8,KG,
,CPF00676,法兰盖,CL150,,RF,P280GH,1916T3052,ASME B16.5,RCC-M 3,QA2,"1-1/4""",,个,1.8,KG,
,CPF00677,法兰盖,CL300,,RF,022Cr19Ni10,1916T3038,ASME B16.5,RCC-M 3,QA2,"1-1/4""",,个,2.5,KG,
,CPF00678,法兰盖,CL300,,RF,P280GH,1916T3052,ASME B16.5,RCC-M 3,QA2,"1-1/4""",,个,2.5,KG,
,CPF00679,法兰盖,CL600,,RF,022Cr19Ni10,1916T3038,ASME B16.5,RCC-M 3,QA2,"1-1/4""",,个,2.6,KG,
,CPF00680,法兰盖,CL150,,RF,16Mn,1916T3025,ASME B16.5,NA,QNCa,"1-1/4""",,个,1.8,KG,
,CPF00681,法兰盖,CL150,,RF,S30403,1916T3023,ASME B16.5,NA,QNCa,"1-1/4""",,个,1.8,KG,
,CPF00682,法兰盖,CL150,,RF,S31603,1916T3023,ASME B16.5,NA,QNCa,"1-1/4""",,个,1.8,KG,
,CPF00683,法兰盖,CL2500,,RF,022Cr19Ni10,1916T3038,ASME B16.5,RCC-M 1,QA1,"1-1/2""",,个,11.5,KG,
,CPF00684,法兰盖,CL150,,RF,022Cr19Ni10,1916T3038,ASME B16.5,RCC-M 2,QA1,"1-1/2""",,个,2.2,KG,
,CPF00685,法兰盖,CL150,,RF,P280GH,1916T3052,ASME B16.5,RCC-M 2,QA1,"1-1/2""",,个,2.2,KG,
,CPF00686,法兰盖,CL300,,RF,022Cr19Ni10,1916T3038,ASME B16.5,RCC-M 2,QA1,"1-1/2""",,个,3,KG,
,CPF00687,法兰盖,CL300,,RF,P280GH,1916T3052,ASME B16.5,RCC-M 2,QA1,"1-1/2""",,个,3,KG,
,CPF00688,法兰盖,CL600,,RF,022Cr19Ni10,1916T3038,ASME B16.5,RCC-M 2,QA1,"1-1/2""",,个,3.3,KG,
,CPF00689,法兰盖,CL600,,RF,P280GH,1916T3052,ASME B16.5,RCC-M 2,QA1,"1-1/2""",,个,3.3,KG,
,CPF00690,法兰盖,CL900,,RF,022Cr19Ni10,1916T3038,ASME B16.5,RCC-M 2,QA1,"1-1/2""",,个,6.5,KG,
,CPF00691,法兰盖,CL900,,RF,P280GH,1916T3052,ASME B16.5,RCC-M 2,QA1,"1-1/2""",,个,6.5,KG,
,CPF00692,法兰盖,CL1500,,RF,P280GH,1916T3052,ASME B16.5,RCC-M 2,QA1,"1-1/2""",,个,6.5,KG,
,CPF00693,法兰盖,CL2500,,RF,022Cr19Ni10,1916T3038,ASME B16.5,RCC-M 2,QA1,"1-1/2""",,个,11.5,KG,
,CPF00694,法兰盖,CL150,,RF,022Cr17Ni12Mo2,1916T3038,ASME B16.5,RCC-M 3,QA2,"1-1/2""",,个,2.2,KG,
,CPF00695,法兰盖,CL150,,RF,022Cr19Ni10,1916T3038,ASME B16.5,RCC-M 3,QA2,"1-1/2""",,个,2.2,KG,
,CPF00696,法兰盖,CL150,,RF,P280GH,1916T3052,ASME B16.5,RCC-M 3,QA2,"1-1/2""",,个,2.2,KG,
,CPF00697,法兰盖,CL300,,RF,022Cr19Ni10,1916T3038,ASME B16.5,RCC-M 3,QA2,"1-1/2""",,个,3,KG,
,CPF00698,法兰盖,CL300,,RF,P280GH,1916T3052,ASME B16.5,RCC-M 3,QA2,"1-1/2""",,个,3,KG,
,CPF00699,法兰盖,CL600,,RF,022Cr19Ni10,1916T3038,ASME B16.5,RCC-M 3,QA2,"1-1/2""",,个,3.3,KG,
,CPF00700,法兰盖,CL150,,RF,16Mn,1916T3025,ASME B16.5,NA,QNCa,"1-1/2""",,个,2.2,KG,
,CPF00701,法兰盖,CL150,,RF,S30403,1916T3023,ASME B16.5,NA,QNCa,"1-1/2""",,个,2.2,KG,
,CPF00702,法兰盖,CL150,,RF,S31603,1916T3023,ASME B16.5,NA,QNCa,"1-1/2""",,个,2.2,KG,
,CPF00703,法兰盖,CL2500,,RF,022Cr19Ni10,1916T3038,ASME B16.5,RCC-M 1,QA1,"2""",,个,17.6,KG,
,CPF00704,法兰盖,CL150,,RF,022Cr19Ni10,1916T3038,ASME B16.5,RCC-M 2,QA1,"2""",,个,2.8,KG,
,CPF00705,法兰盖,CL150,,RF,P280GH,1916T3052,ASME B16.5,RCC-M 2,QA1,"2""",,个,2.8,KG,
,CPF00706,法兰盖,CL300,,RF,022Cr19Ni10,1916T3038,ASME B16.5,RCC-M 2,QA1,"2""",,个,3.5,KG,
,CPF00707,法兰盖,CL300,,RF,P280GH,1916T3052,ASME B16.5,RCC-M 2,QA1,"2""",,个,3.5,KG,
,CPF00708,法兰盖,CL600,,RF,022Cr19Ni10,1916T3038,ASME B16.5,RCC-M 2,QA1,"2""",,个,4.4,KG,
,CPF00709,法兰盖,CL600,,RF,P280GH,1916T3052,ASME B16.5,RCC-M 2,QA1,"2""",,个,4.4,KG,
,CPF00710,法兰盖,CL900,,RF,022Cr19Ni10,1916T3038,ASME B16.5,RCC-M 2,QA1,"2""",,个,11.5,KG,
,CPF00711,法兰盖,CL900,,RF,P280GH,1916T3052,ASME B16.5,RCC-M 2,QA1,"2""",,个,11.5,KG,
,CPF00712,法兰盖,CL1500,,RF,P280GH,1916T3052,ASME B16.5,RCC-M 2,QA1,"2""",,个,11.5,KG,
,CPF00713,法兰盖,CL2500,,RF,022Cr19Ni10,1916T3038,ASME B16.5,RCC-M 2,QA1,"2""",,个,17.6,KG,
,CPF00714,法兰盖,CL150,,RF,022Cr17Ni12Mo2,1916T3038,ASME B16.5,RCC-M 3,QA2,"2""",,个,2.8,KG,
,CPF00715,法兰盖,CL150,,RF,022Cr19Ni10,1916T3038,ASME B16.5,RCC-M 3,QA2,"2""",,个,2.8,KG,
,CPF00716,法兰盖,CL150,,RF,P280GH,1916T3052,ASME B16.5,RCC-M 3,QA2,"2""",,个,2.8,KG,
,CPF00717,法兰盖,CL300,,RF,022Cr19Ni10,1916T3038,ASME B16.5,RCC-M 3,QA2,"2""",,个,3.5,KG,
,CPF00718,法兰盖,CL300,,RF,P280GH,1916T3052,ASME B16.5,RCC-M 3,QA2,"2""",,个,3.5,KG,
,CPF00719,法兰盖,CL600,,RF,022Cr19Ni10,1916T3038,ASME B16.5,RCC-M 3,QA2,"2""",,个,4.4,KG,
,CPF00720,法兰盖,CL150,,RF,16Mn,1916T3025,ASME B16.5,NA,QNCa,"2""",,个,2.3,KG,
,CPF00721,法兰盖,CL150,,RF,S30403,1916T3023,ASME B16.5,NA,QNCa,"2""",,个,2.3,KG,
,CPF00722,法兰盖,CL150,,RF,S31603,1916T3023,ASME B16.5,NA,QNCa,"2""",,个,2.8,KG,
,CPF00723,法兰盖,CL2500,,RF,022Cr19Ni10,1916T3038,ASME B16.5,RCC-M 1,QA1,"2-1/2""",,个,26,KG,
,CPF00724,法兰盖,CL150,,RF,022Cr19Ni10,1916T3038,ASME B16.5,RCC-M 2,QA1,"2-1/2""",,个,4.7,KG,
,CPF00725,法兰盖,CL150,,RF,P280GH,1916T3052,ASME B16.5,RCC-M 2,QA1,"2-1/2""",,个,4.7,KG,
,CPF00726,法兰盖,CL300,,RF,022Cr19Ni10,1916T3038,ASME B16.5,RCC-M 2,QA1,"2-1/2""",,个,5.5,KG,
,CPF00727,法兰盖,CL300,,RF,P280GH,1916T3052,ASME B16.5,RCC-M 2,QA1,"2-1/2""",,个,5.5,KG,
,CPF00728,法兰盖,CL600,,RF,022Cr19Ni10,1916T3038,ASME B16.5,RCC-M 2,QA1,"2-1/2""",,个,6,KG,
,CPF00729,法兰盖,CL600,,RF,P280GH,1916T3052,ASME B16.5,RCC-M 2,QA1,"2-1/2""",,个,6,KG,
,CPF00730,法兰盖,CL900,,RF,022Cr19Ni10,1916T3038,ASME B16.5,RCC-M 2,QA1,"2-1/2""",,个,15.5,KG,
,CPF00731,法兰盖,CL900,,RF,P280GH,1916T3052,ASME B16.5,RCC-M 2,QA1,"2-1/2""",,个,15.5,KG,
,CPF00732,法兰盖,CL1500,,RF,P280GH,1916T3052,ASME B16.5,RCC-M 2,QA1,"2-1/2""",,个,15.5,KG,
,CPF00733,法兰盖,CL2500,,RF,022Cr19Ni10,1916T3038,ASME B16.5,RCC-M 2,QA1,"2-1/2""",,个,26,KG,
,CPF00734,法兰盖,CL150,,RF,022Cr19Ni10,1916T3038,ASME B16.5,RCC-M 3,QA2,"2-1/2""",,个,4.7,KG,
,CPF00735,法兰盖,CL150,,RF,P280GH,1916T3052,ASME B16.5,RCC-M 3,QA2,"2-1/2""",,个,4.7,KG,
,CPF00736,法兰盖,CL300,,RF,P280GH,1916T3052,ASME B16.5,RCC-M 3,QA2,"2-1/2""",,个,5.5,KG,
,CPF00737,法兰盖,CL600,,RF,022Cr19Ni10,1916T3038,ASME B16.5,RCC-M 3,QA2,"2-1/2""",,个,6,KG,
,CPF00738,法兰盖,CL150,,RF,16Mn,1916T3025,ASME B16.5,NA,QNCa,"2-1/2""",,个,3.2,KG,
,CPF00739,法兰盖,CL150,,RF,S30403,1916T3023,ASME B16.5,NA,QNCa,"2-1/2""",,个,4.7,KG,
,CPF00740,法兰盖,CL150,,RF,S31603,1916T3023,ASME B16.5,NA,QNCa,"2-1/2""",,个,4.7,KG,
,CPF00741,法兰盖,CL2500,,RF,022Cr19Ni10,1916T3038,ASME B16.5,RCC-M 1,QA1,"3""",,个,39,KG,
,CPF00742,法兰盖,CL150,,RF,022Cr19Ni10,1916T3038,ASME B16.5,RCC-M 2,QA1,"3""",,个,5.5,KG,
,CPF00743,法兰盖,CL150,,RF,P280GH,1916T3052,ASME B16.5,RCC-M 2,QA1,"3""",,个,5.5,KG,
,CPF00744,法兰盖,CL300,,RF,022Cr19Ni10,1916T3038,ASME B16.5,RCC-M 2,QA1,"3""",,个,7,KG,
,CPF00745,法兰盖,CL300,,RF,P280GH,1916T3052,ASME B16.5,RCC-M 2,QA1,"3""",,个,7,KG,
,CPF00746,法兰盖,CL600,,RF,022Cr19Ni10,1916T3038,ASME B16.5,RCC-M 2,QA1,"3""",,个,7.4,KG,
,CPF00747,法兰盖,CL600,,RF,P280GH,1916T3052,ASME B16.5,RCC-M 2,QA1,"3""",,个,7.4,KG,
,CPF00748,法兰盖,CL900,,RF,022Cr19Ni10,1916T3038,ASME B16.5,RCC-M 2,QA1,"3""",,个,14.5,KG,
,CPF00749,法兰盖,CL900,,RF,P280GH,1916T3052,ASME B16.5,RCC-M 2,QA1,"3""",,个,14.5,KG,
,CPF00750,法兰盖,CL1500,,RF,P280GH,1916T3052,ASME B16.5,RCC-M 2,QA1,"3""",,个,22,KG,
,CPF00751,法兰盖,CL2500,,RF,022Cr19Ni10,1916T3038,ASME B16.5,RCC-M 2,QA1,"3""",,个,39,KG,
,CPF00752,法兰盖,CL150,,RF,022Cr19Ni10,1916T3038,ASME B16.5,RCC-M 3,QA2,"3""",,个,5.5,KG,
,CPF00753,法兰盖,CL150,,RF,P280GH,1916T3052,ASME B16.5,RCC-M 3,QA2,"3""",,个,5.5,KG,
,CPF00754,法兰盖,CL300,,RF,P280GH,1916T3052,ASME B16.5,RCC-M 3,QA2,"3""",,个,7,KG,
,CPF00755,法兰盖,CL600,,RF,022Cr19Ni10,1916T3038,ASME B16.5,RCC-M 3,QA2,"3""",,个,7.4,KG,
,CPF00756,法兰盖,CL150,,RF,16Mn,1916T3025,ASME B16.5,NA,QNCa,"3""",,个,4,KG,
,CPF00757,法兰盖,CL150,,RF,S30403,1916T3023,ASME B16.5,NA,QNCa,"3""",,个,4,KG,
,CPF00758,法兰盖,CL150,,RF,S31603,1916T3023,ASME B16.5,NA,QNCa,"3""",,个,5.5,KG,
,CPF00762,法兰盖,CL300,,RF,022Cr19Ni10,1916T3038,ASME B16.5,RCC-M 2,QA1,"3-1/2""",,个,9,KG,
,CPF00763,法兰盖,CL300,,RF,P280GH,1916T3052,ASME B16.5,RCC-M 2,QA1,"3-1/2""",,个,9,KG,
,CPF00772,法兰盖,CL300,,RF,P280GH,1916T3052,ASME B16.5,RCC-M 3,QA2,"3-1/2""",,个,9,KG,
,CPF00777,法兰盖,CL2500,,RF,022Cr19Ni10,1916T3038,ASME B16.5,RCC-M 1,QA1,"4""",,个,60,KG,
,CPF00778,法兰盖,CL150,,RF,022Cr19Ni10,1916T3038,ASME B16.5,RCC-M 2,QA1,"4""",,个,8,KG,
,CPF00779,法兰盖,CL150,,RF,P280GH,1916T3052,ASME B16.5,RCC-M 2,QA1,"4""",,个,8,KG,
,CPF00780,法兰盖,CL300,,RF,022Cr19Ni10,1916T3038,ASME B16.5,RCC-M 2,QA1,"4""",,个,12,KG,
,CPF00781,法兰盖,CL300,,RF,P280GH,1916T3052,ASME B16.5,RCC-M 2,QA1,"4""",,个,12,KG,
,CPF00782,法兰盖,CL600,,RF,022Cr19Ni10,1916T3038,ASME B16.5,RCC-M 2,QA1,"4""",,个,17,KG,
,CPF00783,法兰盖,CL600,,RF,P280GH,1916T3052,ASME B16.5,RCC-M 2,QA1,"4""",,个,17,KG,
,CPF00784,法兰盖,CL900,,RF,022Cr19Ni10,1916T3038,ASME B16.5,RCC-M 2,QA1,"4""",,个,24,KG,
,CPF00785,法兰盖,CL900,,RF,P280GH,1916T3052,ASME B16.5,RCC-M 2,QA1,"4""",,个,24,KG,
,CPF00786,法兰盖,CL1500,,RF,P280GH,1916T3052,ASME B16.5,RCC-M 2,QA1,"4""",,个,33,KG,
,CPF00787,法兰盖,CL2500,,RF,022Cr19Ni10,1916T3038,ASME B16.5,RCC-M 2,QA1,"4""",,个,60,KG,
,CPF00788,法兰盖,CL150,,RF,022Cr19Ni10,1916T3038,ASME B16.5,RCC-M 3,QA2,"4""",,个,8,KG,
,CPF00789,法兰盖,CL150,,RF,P280GH,1916T3052,ASME B16.5,RCC-M 3,QA2,"4""",,个,8,KG,
,CPF00790,法兰盖,CL300,,RF,P280GH,1916T3052,ASME B16.5,RCC-M 3,QA2,"4""",,个,12,KG,
,CPF00791,法兰盖,CL600,,RF,022Cr19Ni10,1916T3038,ASME B16.5,RCC-M 3,QA2,"4""",,个,17,KG,
,CPF00792,法兰盖,CL150,,RF,16Mn,1916T3025,ASME B16.5,NA,QNCa,"4""",,个,8,KG,
,CPF00793,法兰盖,CL150,,RF,S30403,1916T3023,ASME B16.5,NA,QNCa,"4""",,个,4,KG,
,CPF00794,法兰盖,CL150,,RF,S31603,1916T3023,ASME B16.5,NA,QNCa,"4""",,个,8,KG,
,CPF00795,法兰盖,CL2500,,RF,022Cr19Ni10,1916T3038,ASME B16.5,RCC-M 1,QA1,"5""",,个,100,KG,
,CPF00796,法兰盖,CL150,,RF,022Cr19Ni10,1916T3038,ASME B16.5,RCC-M 2,QA1,"5""",,个,9,KG,
,CPF00797,法兰盖,CL150,,RF,P280GH,1916T3052,ASME B16.5,RCC-M 2,QA1,"5""",,个,9,KG,
,CPF00798,法兰盖,CL300,,RF,022Cr19Ni10,1916T3038,ASME B16.5,RCC-M 2,QA1,"5""",,个,15.8,KG,
,CPF00799,法兰盖,CL300,,RF,P280GH,1916T3052,ASME B16.5,RCC-M 2,QA1,"5""",,个,15.8,KG,
,CPF00800,法兰盖,CL600,,RF,022Cr19Ni10,1916T3038,ASME B16.5,RCC-M 2,QA1,"5""",,个,27,KG,
,CPF00801,法兰盖,CL600,,RF,P280GH,1916T3052,ASME B16.5,RCC-M 2,QA1,"5""",,个,27,KG,
,CPF00802,法兰盖,CL900,,RF,022Cr19Ni10,1916T3038,ASME B16.5,RCC-M 2,QA1,"5""",,个,39,KG,
,CPF00803,法兰盖,CL900,,RF,P280GH,1916T3052,ASME B16.5,RCC-M 2,QA1,"5""",,个,39,KG,
,CPF00804,法兰盖,CL1500,,RF,P280GH,1916T3052,ASME B16.5,RCC-M 2,QA1,"5""",,个,60,KG,
,CPF00805,法兰盖,CL2500,,RF,022Cr19Ni10,1916T3038,ASME B16.5,RCC-M 2,QA1,"5""",,个,100,KG,
,CPF00806,法兰盖,CL150,,RF,022Cr19Ni10,1916T3038,ASME B16.5,RCC-M 3,QA2,"5""",,个,9,KG,
,CPF00807,法兰盖,CL150,,RF,P280GH,1916T3052,ASME B16.5,RCC-M 3,QA2,"5""",,个,9,KG,
,CPF00808,法兰盖,CL300,,RF,P280GH,1916T3052,ASME B16.5,RCC-M 3,QA2,"5""",,个,15.8,KG,
,CPF00809,法兰盖,CL600,,RF,022Cr19Ni10,1916T3038,ASME B16.5,RCC-M 3,QA2,"5""",,个,27,KG,
,CPF00810,法兰盖,CL150,,RF,16Mn,1916T3025,ASME B16.5,NA,QNCa,"5""",,个,9,KG,
,CPF00811,法兰盖,CL150,,RF,S30403,1916T3023,ASME B16.5,NA,QNCa,"5""",,个,9,KG,
,CPF00812,法兰盖,CL150,,RF,S31603,1916T3023,ASME B16.5,NA,QNCa,"5""",,个,9,KG,
,CPF00813,法兰盖,CL2500,,RF,022Cr19Ni10,1916T3038,ASME B16.5,RCC-M 1,QA1,"6""",,个,140,KG,
,CPF00814,法兰盖,CL150,,RF,022Cr19Ni10,1916T3038,ASME B16.5,RCC-M 2,QA1,"6""",,个,12,KG,
,CPF00815,法兰盖,CL150,,RF,P280GH,1916T3052,ASME B16.5,RCC-M 2,QA1,"6""",,个,12,KG,
,CPF00816,法兰盖,CL300,,RF,022Cr19Ni10,1916T3038,ASME B16.5,RCC-M 2,QA1,"6""",,个,23,KG,
,CPF00817,法兰盖,CL300,,RF,P280GH,1916T3052,ASME B16.5,RCC-M 2,QA1,"6""",,个,23,KG,
,CPF00818,法兰盖,CL600,,RF,022Cr19Ni10,1916T3038,ASME B16.5,RCC-M 2,QA1,"6""",,个,32,KG,
,CPF00819,法兰盖,CL600,,RF,P280GH,1916T3052,ASME B16.5,RCC-M 2,QA1,"6""",,个,32,KG,
,CPF00820,法兰盖,CL900,,RF,022Cr19Ni10,1916T3038,ASME B16.5,RCC-M 2,QA1,"6""",,个,51,KG,
,CPF00821,法兰盖,CL900,,RF,P280GH,1916T3052,ASME B16.5,RCC-M 2,QA1,"6""",,个,51,KG,
,CPF00822,法兰盖,CL1500,,RF,P280GH,1916T3052,ASME B16.5,RCC-M 2,QA1,"6""",,个,72,KG,
,CPF00823,法兰盖,CL2500,,RF,022Cr19Ni10,1916T3038,ASME B16.5,RCC-M 2,QA1,"6""",,个,140,KG,
,CPF00824,法兰盖,CL150,,RF,022Cr19Ni10,1916T3038,ASME B16.5,RCC-M 3,QA2,"6""",,个,12,KG,
,CPF00825,法兰盖,CL150,,RF,P280GH,1916T3052,ASME B16.5,RCC-M 3,QA2,"6""",,个,12,KG,
,CPF00826,法兰盖,CL300,,RF,P280GH,1916T3052,ASME B16.5,RCC-M 3,QA2,"6""",,个,23,KG,
,CPF00827,法兰盖,CL600,,RF,022Cr19Ni10,1916T3038,ASME B16.5,RCC-M 3,QA2,"6""",,个,32,KG,
,CPF00828,法兰盖,CL150,,RF,16Mn,1916T3025,ASME B16.5,NA,QNCa,"6""",,个,12,KG,
,CPF00829,法兰盖,CL150,,RF,S30403,1916T3023,ASME B16.5,NA,QNCa,"6""",,个,12,KG,
,CPF00830,法兰盖,CL150,,RF,S31603,1916T3023,ASME B16.5,NA,QNCa,"6""",,个,12,KG,
,CPF00831,法兰盖,CL2500,,RF,022Cr19Ni10,1916T3038,ASME B16.5,RCC-M 1,QA1,"8""",,个,236,KG,
,CPF00832,法兰盖,CL150,,RF,022Cr19Ni10,1916T3038,ASME B16.5,RCC-M 2,QA1,"8""",,个,20,KG,
,CPF00833,法兰盖,CL150,,RF,P280GH,1916T3052,ASME B16.5,RCC-M 2,QA1,"8""",,个,20,KG,
,CPF00834,法兰盖,CL300,,RF,022Cr19Ni10,1916T3038,ASME B16.5,RCC-M 2,QA1,"8""",,个,37,KG,
,CPF00835,法兰盖,CL300,,RF,P280GH,1916T3052,ASME B16.5,RCC-M 2,QA1,"8""",,个,37,KG,
,CPF00836,法兰盖,CL600,,RF,022Cr19Ni10,1916T3038,ASME B16.5,RCC-M 2,QA1,"8""",,个,46,KG,
,CPF00837,法兰盖,CL600,,RF,P280GH,1916T3052,ASME B16.5,RCC-M 2,QA1,"8""",,个,46,KG,
,CPF00838,法兰盖,CL900,,RF,022Cr19Ni10,1916T3038,ASME B16.5,RCC-M 2,QA1,"8""",,个,89,KG,
,CPF00839,法兰盖,CL900,,RF,P280GH,1916T3052,ASME B16.5,RCC-M 2,QA1,"8""",,个,89,KG,
,CPF00840,法兰盖,CL1500,,RF,P280GH,1916T3052,ASME B16.5,RCC-M 2,QA1,"8""",,个,122,KG,
,CPF00841,法兰盖,CL2500,,RF,022Cr19Ni10,1916T3038,ASME B16.5,RCC-M 2,QA1,"8""",,个,236,KG,
,CPF00842,法兰盖,CL150,,RF,022Cr19Ni10,1916T3038,ASME B16.5,RCC-M 3,QA2,"8""",,个,20,KG,
,CPF00843,法兰盖,CL150,,RF,P280GH,1916T3052,ASME B16.5,RCC-M 3,QA2,"8""",,个,20,KG,
,CPF00844,法兰盖,CL300,,RF,P280GH,1916T3052,ASME B16.5,RCC-M 3,QA2,"8""",,个,37,KG,
,CPF00845,法兰盖,CL600,,RF,022Cr19Ni10,1916T3038,ASME B16.5,RCC-M 3,QA2,"8""",,个,46,KG,
,CPF00846,法兰盖,CL150,,RF,16Mn,1916T3025,ASME B16.5,NA,QNCa,"8""",,个,20,KG,
,CPF00847,法兰盖,CL150,,RF,S30403,1916T3023,ASME B16.5,NA,QNCa,"8""",,个,20,KG,
,CPF00848,法兰盖,CL150,,RF,S31603,1916T3023,ASME B16.5,NA,QNCa,"8""",,个,20,KG,
,CPF00849,法兰盖,CL2500,,RF,022Cr19Ni10,1916T3038,ASME B16.5,RCC-M 1,QA1,"10""",,个,450,KG,
,CPF00850,法兰盖,CL150,,RF,022Cr19Ni10,1916T3038,ASME B16.5,RCC-M 2,QA1,"10""",,个,32,KG,
,CPF00851,法兰盖,CL150,,RF,P280GH,1916T3052,ASME B16.5,RCC-M 2,QA1,"10""",,个,32,KG,
,CPF00852,法兰盖,CL300,,RF,022Cr19Ni10,1916T3038,ASME B16.5,RCC-M 2,QA1,"10""",,个,58,KG,
,CPF00853,法兰盖,CL300,,RF,P280GH,1916T3052,ASME B16.5,RCC-M 2,QA1,"10""",,个,58,KG,
,CPF00854,法兰盖,CL600,,RF,022Cr19Ni10,1916T3038,ASME B16.5,RCC-M 2,QA1,"10""",,个,74,KG,
,CPF00855,法兰盖,CL600,,RF,P280GH,1916T3052,ASME B16.5,RCC-M 2,QA1,"10""",,个,74,KG,
,CPF00856,法兰盖,CL900,,RF,022Cr19Ni10,1916T3038,ASME B16.5,RCC-M 2,QA1,"10""",,个,130,KG,
,CPF00857,法兰盖,CL900,,RF,P280GH,1916T3052,ASME B16.5,RCC-M 2,QA1,"10""",,个,130,KG,
,CPF00858,法兰盖,CL1500,,RF,P280GH,1916T3052,ASME B16.5,RCC-M 2,QA1,"10""",,个,210,KG,
,CPF00859,法兰盖,CL2500,,RF,022Cr19Ni10,1916T3038,ASME B16.5,RCC-M 2,QA1,"10""",,个,450,KG,
,CPF00860,法兰盖,CL150,,RF,022Cr19Ni10,1916T3038,ASME B16.5,RCC-M 3,QA2,"10""",,个,32,KG,
,CPF00861,法兰盖,CL150,,RF,P280GH,1916T3052,ASME B16.5,RCC-M 3,QA2,"10""",,个,32,KG,
,CPF00862,法兰盖,CL300,,RF,022Cr19Ni10,1916T3038,ASME B16.5,RCC-M 3,QA2,"10""",,个,58,KG,
,CPF00863,法兰盖,CL300,,RF,P280GH,1916T3052,ASME B16.5,RCC-M 3,QA2,"10""",,个,58,KG,
,CPF00864,法兰盖,CL600,,RF,022Cr19Ni10,1916T3038,ASME B16.5,RCC-M 3,QA2,"10""",,个,74,KG,
,CPF00865,法兰盖,CL150,,RF,16Mn,1916T3025,ASME B16.5,NA,QNCa,"10""",,个,32,KG,
,CPF00866,法兰盖,CL150,,RF,S30403,1916T3023,ASME B16.5,NA,QNCa,"10""",,个,32,KG,
,CPF00867,法兰盖,CL150,,RF,S31603,1916T3023,ASME B16.5,NA,QNCa,"10""",,个,32,KG,
,CPF00868,法兰盖,CL2500,,RF,022Cr19Ni10,1916T3038,ASME B16.5,RCC-M 1,QA1,"12""",,个,650,KG,
,CPF00869,法兰盖,CL150,,RF,022Cr19Ni10,1916T3038,ASME B16.5,RCC-M 2,QA1,"12""",,个,40,KG,
,CPF00870,法兰盖,CL150,,RF,P280GH,1916T3052,ASME B16.5,RCC-M 2,QA1,"12""",,个,40,KG,
,CPF00871,法兰盖,CL300,,RF,022Cr19Ni10,1916T3038,ASME B16.5,RCC-M 2,QA1,"12""",,个,83,KG,
,CPF00872,法兰盖,CL300,,RF,P280GH,1916T3052,ASME B16.5,RCC-M 2,QA1,"12""",,个,83,KG,
,CPF00873,法兰盖,CL600,,RF,022Cr19Ni10,1916T3038,ASME B16.5,RCC-M 2,QA1,"12""",,个,90,KG,
,CPF00874,法兰盖,CL600,,RF,P280GH,1916T3052,ASME B16.5,RCC-M 2,QA1,"12""",,个,90,KG,
,CPF00875,法兰盖,CL900,,RF,022Cr19Ni10,1916T3038,ASME B16.5,RCC-M 2,QA1,"12""",,个,175,KG,
,CPF00876,法兰盖,CL1500,,RF,P280GH,1916T3052,ASME B16.5,RCC-M 2,QA1,"12""",,个,315,KG,
,CPF00877,法兰盖,CL2500,,RF,022Cr19Ni10,1916T3038,ASME B16.5,RCC-M 2,QA1,"12""",,个,650,KG,
,CPF00878,法兰盖,CL150,,RF,022Cr19Ni10,1916T3038,ASME B16.5,RCC-M 3,QA2,"12""",,个,40,KG,
,CPF00879,法兰盖,CL150,,RF,P280GH,1916T3052,ASME B16.5,RCC-M 3,QA2,"12""",,个,40,KG,
,CPF00880,法兰盖,CL300,,RF,P280GH,1916T3052,ASME B16.5,RCC-M 3,QA2,"12""",,个,83,KG,
,CPF00881,法兰盖,CL600,,RF,022Cr19Ni10,1916T3038,ASME B16.5,RCC-M 3,QA2,"12""",,个,90,KG,
,CPF00882,法兰盖,CL150,,RF,16Mn,1916T3025,ASME B16.5,NA,QNCa,"12""",,个,55.7,KG,
,CPF00883,法兰盖,CL150,,RF,S30403,1916T3023,ASME B16.5,NA,QNCa,"12""",,个,40,KG,
,CPF00884,法兰盖,CL150,,RF,S31603,1916T3023,ASME B16.5,NA,QNCa,"12""",,个,40,KG,
,CPF00886,法兰盖,CL150,,RF,022Cr19Ni10,1916T3038,ASME B16.5,RCC-M 2,QA1,"14""",,个,59,KG,
,CPF00887,法兰盖,CL150,,RF,P280GH,1916T3052,ASME B16.5,RCC-M 2,QA1,"14""",,个,59,KG,
,CPF00888,法兰盖,CL300,,RF,022Cr19Ni10,1916T3038,ASME B16.5,RCC-M 2,QA1,"14""",,个,107,KG,
,CPF00889,法兰盖,CL300,,RF,P280GH,1916T3052,ASME B16.5,RCC-M 2,QA1,"14""",,个,107,KG,
,CPF00890,法兰盖,CL600,,RF,022Cr19Ni10,1916T3038,ASME B16.5,RCC-M 2,QA1,"14""",,个,108,KG,
,CPF00891,法兰盖,CL600,,RF,P280GH,1916T3052,ASME B16.5,RCC-M 2,QA1,"14""",,个,108,KG,
,CPF00892,法兰盖,CL900,,RF,022Cr19Ni10,1916T3038,ASME B16.5,RCC-M 2,QA1,"14""",,个,206,KG,
,CPF00893,法兰盖,CL1500,,RF,P280GH,1916T3052,ASME B16.5,RCC-M 2,QA1,"14""",,个,460,KG,
,CPF00895,法兰盖,CL150,,RF,P280GH,1916T3052,ASME B16.5,RCC-M 3,QA2,"14""",,个,59,KG,
,CPF00896,法兰盖,CL300,,RF,P280GH,1916T3052,ASME B16.5,RCC-M 3,QA2,"14""",,个,107,KG,
,CPF00897,法兰盖,CL600,,RF,022Cr19Ni10,1916T3038,ASME B16.5,RCC-M 3,QA2,"14""",,个,108,KG,
,CPF00898,法兰盖,CL150,,RF,16Mn,1916T3025,ASME B16.5,NA,QNCa,"14""",,个,59,KG,
,CPF00899,法兰盖,CL150,,RF,S30403,1916T3023,ASME B16.5,NA,QNCa,"14""",,个,59,KG,
,CPF00900,法兰盖,CL150,,RF,S31603,1916T3023,ASME B16.5,NA,QNCa,"14""",,个,59,KG,
,CPF00902,法兰盖,CL150,,RF,022Cr19Ni10,1916T3038,ASME B16.5,RCC-M 2,QA1,"16""",,个,77,KG,
,CPF00903,法兰盖,CL150,,RF,P280GH,1916T3052,ASME B16.5,RCC-M 2,QA1,"16""",,个,77,KG,
,CPF00904,法兰盖,CL300,,RF,022Cr19Ni10,1916T3038,ASME B16.5,RCC-M 2,QA1,"16""",,个,139,KG,
,CPF00905,法兰盖,CL300,,RF,P280GH,1916T3052,ASME B16.5,RCC-M 2,QA1,"16""",,个,139,KG,
,CPF00906,法兰盖,CL600,,RF,022Cr19Ni10,1916T3038,ASME B16.5,RCC-M 2,QA1,"16""",,个,150,KG,
,CPF00907,法兰盖,CL600,,RF,P280GH,1916T3052,ASME B16.5,RCC-M 2,QA1,"16""",,个,150,KG,
,CPF00908,法兰盖,CL900,,RF,022Cr19Ni10,1916T3038,ASME B16.5,RCC-M 2,QA1,"16""",,个,259,KG,
,CPF00909,法兰盖,CL1500,,RF,P280GH,1916T3052,ASME B16.5,RCC-M 2,QA1,"16""",,个,610,KG,
,CPF00911,法兰盖,CL150,,RF,P280GH,1916T3052,ASME B16.5,RCC-M 3,QA2,"16""",,个,77,KG,
,CPF00912,法兰盖,CL300,,RF,P280GH,1916T3052,ASME B16.5,RCC-M 3,QA2,"16""",,个,139,KG,
,CPF00913,法兰盖,CL600,,RF,022Cr19Ni10,1916T3038,ASME B16.5,RCC-M 3,QA2,"16""",,个,150,KG,
,CPF00914,法兰盖,CL150,,RF,16Mn,1916T3025,ASME B16.5,NA,QNCa,"16""",,个,77,KG,
,CPF00915,法兰盖,CL150,,RF,S30403,1916T3023,ASME B16.5,NA,QNCa,"16""",,个,77,KG,
,CPF00916,法兰盖,CL150,,RF,S31603,1916T3023,ASME B16.5,NA,QNCa,"16""",,个,77,KG,
,CPF00918,法兰盖,CL300,,RF,022Cr19Ni10,1916T3038,ASME B16.5,RCC-M 2,QA1,"18""",,个,177,KG,
,CPF00919,法兰盖,CL150,,RF,S31603,1916T3023,ASME B16.5,NA,QNCa,"1/4""",,个,,KG,
,CPF00920,法兰盖,CL150,,RF,S31603,1916T3023,ASME B16.5,NA,QNCa,"3/8""",,个,,KG,
,CPF00921,法兰盖,CL2500,,RF,022Cr19Ni10,1916T3038,ASME B16.5,RCC-M 1,QA1,"14""",,个,,KG,
,CPF00922,法兰盖,CL2500,,RF,022Cr19Ni10,1916T3038,ASME B16.5,RCC-M 1,QA1,"16""",,个,,KG,
,CPF00923,法兰盖,CL2500,,RF,022Cr19Ni10,1916T3038,ASME B16.5,RCC-M 2,QA1,"14""",,个,,KG,
,CPF00924,法兰盖,CL2500,,RF,022Cr19Ni10,1916T3038,ASME B16.5,RCC-M 2,QA1,"16""",,个,,KG,
,CPF00925,对接焊法兰,CL150(SCH40S),,RF/WN,022Cr19Ni10,1916T3038,ASME B16.5(1916T2002),RCC-M 3,QA2,"14""",,个,47,KG,压力(壁厚)一栏括号内为接管壁厚
,CPF00926,对接焊法兰,CL150(SCH40S),,RF/WN,022Cr19Ni10,1916T3038,ASME B16.5(1916T2002),RCC-M 3,QA2,"16""",,个,58,KG,压力(壁厚)一栏括号内为接管壁厚
,CPF00927,法兰盖,CL150,,RF,022Cr19Ni10,1916T3038,ASME B16.5,RCC-M 3,QA2,"14""",,个,59,KG,
,CPF00928,法兰盖,CL150,,RF,022Cr19Ni10,1916T3038,ASME B16.5,RCC-M 3,QA2,"16""",,个,77,KG,
,CPF00929,法兰盖,CL150,,RF,P280GH,1916T3052,ASME B16.5,RCC-M 3,QA2,"18""",,个,95,KG,
,CPF00930,法兰盖,CL150,,RF,P280GH,1916T3052,ASME B16.5,RCC-M 3,QA2,"20""",,个,123,KG,
,CPF00931,法兰盖,CL150,,RF,P280GH,1916T3052,ASME B16.5,RCC-M 3,QA2,"24""",,个,186,KG,
,CPF00941,对接焊法兰,CL1500(SCH160),,RF/WN,026Cr18Ni12Mo2N,1916T3038,ASME B16.5(1916T2002),RCC-M 1,QA1,"1/2""",,个,2,KG,压力(壁厚)一栏括号内为接管壁厚
,CPF00942,对接焊法兰,CL1500(SCH160),,RF/WN,026Cr18Ni12Mo2N,1916T3038,ASME B16.5(1916T2002),RCC-M 1,QA1,"3/4""",,个,3,KG,压力(壁厚)一栏括号内为接管壁厚
,CPF00943,对接焊法兰,CL1500(SCH160),,RF/WN,026Cr18Ni12Mo2N,1916T3038,ASME B16.5(1916T2002),RCC-M 1,QA1,"1""",,个,4,KG,压力(壁厚)一栏括号内为接管壁厚
,CPF00944,对接焊法兰,CL1500(SCH160),,RF/WN,026Cr18Ni12Mo2N,1916T3038,ASME B16.5(1916T2002),RCC-M 1,QA1,"1-1/4""",,个,4.6,KG,压力(壁厚)一栏括号内为接管壁厚
,CPF00945,对接焊法兰,CL1500(SCH160),,RF/WN,026Cr18Ni12Mo2N,1916T3038,ASME B16.5(1916T2002),RCC-M 1,QA1,"1-1/2""",,个,6.5,KG,压力(壁厚)一栏括号内为接管壁厚
,CPF00946,对接焊法兰,CL1500(SCH160),,RF/WN,026Cr18Ni12Mo2N,1916T3038,ASME B16.5(1916T2002),RCC-M 1,QA1,"2""",,个,11.5,KG,压力(壁厚)一栏括号内为接管壁厚
,CPF00947,对接焊法兰,CL1500(SCH160),,RF/WN,026Cr18Ni12Mo2N,1916T3038,ASME B16.5(1916T2002),RCC-M 1,QA1,"2-1/2""",,个,15.8,KG,压力(壁厚)一栏括号内为接管壁厚
,CPF00948,对接焊法兰,CL1500(SCH160),,RF/WN,026Cr18Ni12Mo2N,1916T3038,ASME B16.5(1916T2002),RCC-M 1,QA1,"3""",,个,22,KG,压力(壁厚)一栏括号内为接管壁厚
,CPF00949,对接焊法兰,CL1500(SCH160),,RF/WN,026Cr18Ni12Mo2N,1916T3038,ASME B16.5(1916T2002),RCC-M 1,QA1,"4""",,个,30,KG,压力(壁厚)一栏括号内为接管壁厚
,CPF00950,对接焊法兰,CL1500(SCH160),,RF/WN,026Cr18Ni12Mo2N,1916T3038,ASME B16.5(1916T2002),RCC-M 1,QA1,"6""",,个,70,KG,压力(壁厚)一栏括号内为接管壁厚
,CPF00951,对接焊法兰,CL1500(SCH160),,RF/WN,026Cr18Ni12Mo2N,1916T3038,ASME B16.5(1916T2002),RCC-M 1,QA1,"8""",,个,119,KG,压力(壁厚)一栏括号内为接管壁厚
,CPF00952,对接焊法兰,CL1500(SCH140),,RF/WN,026Cr18Ni12Mo2N,1916T3038,ASME B16.5(1916T2002),RCC-M 1,QA1,"10""",,个,204,KG,压力(壁厚)一栏括号内为接管壁厚
,CPF00953,对接焊法兰,CL1500(SCH140),,RF/WN,026Cr18Ni12Mo2N,1916T3038,ASME B16.5(1916T2002),RCC-M 1,QA1,"12""",,个,303,KG,压力(壁厚)一栏括号内为接管壁厚
,CPF00954,对焊带测量孔法兰,CL1500(SCH160),,RF/WN,026Cr18Ni12Mo2N,1916T3038,ASME B16.36(1916T2002),RCC-M 1,QA1,"1""",,个,5.4,KG,压力(壁厚)一栏括号内为接管壁厚
,CPF00955,对焊带测量孔法兰,CL1500(SCH160),,RF/WN,026Cr18Ni12Mo2N,1916T3038,ASME B16.36(1916T2002),RCC-M 1,QA1,"1-1/2""",,个,7.8,KG,压力(壁厚)一栏括号内为接管壁厚
,CPF00956,对焊带测量孔法兰,CL1500(SCH160),,RF/WN,026Cr18Ni12Mo2N,1916T3038,ASME B16.36(1916T2002),RCC-M 1,QA1,"2""",,个,11.5,KG,压力(壁厚)一栏括号内为接管壁厚
,CPF00957,对焊带测量孔法兰,CL1500(SCH160),,RF/WN,026Cr18Ni12Mo2N,1916T3038,ASME B16.36(1916T2002),RCC-M 1,QA1,"2-1/2""",,个,15.8,KG,压力(壁厚)一栏括号内为接管壁厚
,CPF00958,对焊带测量孔法兰,CL1500(SCH160),,RF/WN,026Cr18Ni12Mo2N,1916T3038,ASME B16.36(1916T2002),RCC-M 1,QA1,"3""",,个,22,KG,压力(壁厚)一栏括号内为接管壁厚
,CPF00959,对焊带测量孔法兰,CL1500(SCH160),,RF/WN,026Cr18Ni12Mo2N,1916T3038,ASME B16.36(1916T2002),RCC-M 1,QA1,"4""",,个,30,KG,压力(壁厚)一栏括号内为接管壁厚
,CPF00960,对焊带测量孔法兰,CL1500(SCH160),,RF/WN,026Cr18Ni12Mo2N,1916T3038,ASME B16.36(1916T2002),RCC-M 1,QA1,"6""",,个,70,KG,压力(壁厚)一栏括号内为接管壁厚
,CPF00961,对焊带测量孔法兰,CL1500(SCH160),,RF/WN,026Cr18Ni12Mo2N,1916T3038,ASME B16.36(1916T2002),RCC-M 1,QA1,"8""",,个,119,KG,压力(壁厚)一栏括号内为接管壁厚
,CPF00962,对焊带测量孔法兰,CL1500(SCH140),,RF/WN,026Cr18Ni12Mo2N,1916T3038,ASME B16.36(1916T2002),RCC-M 1,QA1,"10""",,个,204,KG,压力(壁厚)一栏括号内为接管壁厚
,CPF00963,对焊带测量孔法兰,CL1500(SCH140),,RF/WN,026Cr18Ni12Mo2N,1916T3038,ASME B16.36(1916T2002),RCC-M 1,QA1,"12""",,个,303,KG,压力(壁厚)一栏括号内为接管壁厚
,CPF00964,对接焊法兰,CL2500(SCH160),,RF/WN,022Cr19Ni10,1916T3038,ASME B16.5(1916T2002),RCC-M 2,QA1,"1/2""",,个,3.6,KG,压力(壁厚)一栏括号内为接管壁厚
,CPF00965,对接焊法兰,CL2500(SCH160),,RF/WN,022Cr19Ni10,1916T3038,ASME B16.5(1916T2002),RCC-M 2,QA1,"3/4""",,个,4,KG,压力(壁厚)一栏括号内为接管壁厚
,CPF00966,对接焊法兰,CL2500(SCH160),,RF/WN,022Cr19Ni10,1916T3038,ASME B16.5(1916T2002),RCC-M 2,QA1,"1""",,个,6,KG,压力(壁厚)一栏括号内为接管壁厚
,CPF00967,对接焊法兰,CL2500(SCH160),,RF/WN,022Cr19Ni10,1916T3038,ASME B16.5(1916T2002),RCC-M 2,QA1,"1-1/4""",,个,9,KG,压力(壁厚)一栏括号内为接管壁厚
,CPF00968,对接焊法兰,CL2500(SCH160),,RF/WN,022Cr19Ni10,1916T3038,ASME B16.5(1916T2002),RCC-M 2,QA1,"1-1/2""",,个,13,KG,压力(壁厚)一栏括号内为接管壁厚
,CPF00969,对接焊法兰,CL2500(SCH160),,RF/WN,022Cr19Ni10,1916T3038,ASME B16.5(1916T2002),RCC-M 2,QA1,"2""",,个,19,KG,压力(壁厚)一栏括号内为接管壁厚
,CPF00970,承插焊法兰,CL1500,,RF/SW,026Cr18Ni12Mo2N,1916T3038,ASME B16.5,RCC-M 2,QA1,"1/2""",,个,1.7,KG,
,CPF00971,承插焊法兰,CL1500,,RF/SW,026Cr18Ni12Mo2N,1916T3038,ASME B16.5,RCC-M 2,QA1,"3/4""",,个,2.3,KG,
,CPF00972,承插焊法兰,CL1500,,RF/SW,026Cr18Ni12Mo2N,1916T3038,ASME B16.5,RCC-M 2,QA1,"1""",,个,3.4,KG,
,CPF00973,承插焊法兰,CL1500,,RF/SW,026Cr18Ni12Mo2N,1916T3038,ASME B16.5,RCC-M 2,QA1,"1-1/4""",,个,3.9,KG,
,CPF00974,承插焊法兰,CL1500,,RF/SW,026Cr18Ni12Mo2N,1916T3038,ASME B16.5,RCC-M 2,QA1,"1-1/2""",,个,5.4,KG,
,CPF00975,承插焊法兰,CL1500,,RF/SW,026Cr18Ni12Mo2N,1916T3038,ASME B16.5,RCC-M 2,QA1,"2""",,个,9.8,KG,
,CPF00976,对接焊法兰,CL1500(SCH160),,RF/WN,026Cr18Ni12Mo2N,1916T3038,ASME B16.5(1916T2002),RCC-M 2,QA1,"2-1/2""",,个,15.8,KG,压力(壁厚)一栏括号内为接管壁厚
,CPF00977,对接焊法兰,CL1500(SCH160),,RF/WN,026Cr18Ni12Mo2N,1916T3038,ASME B16.5(1916T2002),RCC-M 2,QA1,"3""",,个,22,KG,压力(壁厚)一栏括号内为接管壁厚
,CPF00978,对接焊法兰,CL1500(SCH160),,RF/WN,026Cr18Ni12Mo2N,1916T3038,ASME B16.5(1916T2002),RCC-M 2,QA1,"4""",,个,30,KG,压力(壁厚)一栏括号内为接管壁厚
,CPF00979,对接焊法兰,CL1500(SCH160),,RF/WN,026Cr18Ni12Mo2N,1916T3038,ASME B16.5(1916T2002),RCC-M 2,QA1,"6""",,个,70,KG,压力(壁厚)一栏括号内为接管壁厚
,CPF00980,对接焊法兰,CL1500(SCH160),,RF/WN,026Cr18Ni12Mo2N,1916T3038,ASME B16.5(1916T2002),RCC-M 2,QA1,"8""",,个,119,KG,压力(壁厚)一栏括号内为接管壁厚
,CPF00981,对接焊法兰,CL1500(SCH140),,RF/WN,026Cr18Ni12Mo2N,1916T3038,ASME B16.5(1916T2002),RCC-M 2,QA1,"10""",,个,204,KG,压力(壁厚)一栏括号内为接管壁厚
,CPF00982,对接焊法兰,CL1500(SCH140),,RF/WN,026Cr18Ni12Mo2N,1916T3038,ASME B16.5(1916T2002),RCC-M 2,QA1,"12""",,个,303,KG,压力(壁厚)一栏括号内为接管壁厚
,CPF00983,对焊带测量孔法兰,CL1500(SCH160),,RF/WN,026Cr18Ni12Mo2N,1916T3038,ASME B16.36(1916T2002),RCC-M 2,QA1,"1""",,个,5.4,KG,压力(壁厚)一栏括号内为接管壁厚
,CPF00984,对焊带测量孔法兰,CL1500(SCH160),,RF/WN,026Cr18Ni12Mo2N,1916T3038,ASME B16.36(1916T2002),RCC-M 2,QA1,"1-1/2""",,个,7.8,KG,压力(壁厚)一栏括号内为接管壁厚
,CPF00985,对焊带测量孔法兰,CL1500(SCH160),,RF/WN,026Cr18Ni12Mo2N,1916T3038,ASME B16.36(1916T2002),RCC-M 2,QA1,"2""",,个,11.5,KG,压力(壁厚)一栏括号内为接管壁厚
,CPF00986,对焊带测量孔法兰,CL1500(SCH160),,RF/WN,026Cr18Ni12Mo2N,1916T3038,ASME B16.36(1916T2002),RCC-M 2,QA1,"2-1/2""",,个,15.8,KG,压力(壁厚)一栏括号内为接管壁厚
,CPF00987,对焊带测量孔法兰,CL1500(SCH160),,RF/WN,026Cr18Ni12Mo2N,1916T3038,ASME B16.36(1916T2002),RCC-M 2,QA1,"3""",,个,22,KG,压力(壁厚)一栏括号内为接管壁厚
,CPF00988,对焊带测量孔法兰,CL1500(SCH160),,RF/WN,026Cr18Ni12Mo2N,1916T3038,ASME B16.36(1916T2002),RCC-M 2,QA1,"4""",,个,30,KG,压力(壁厚)一栏括号内为接管壁厚
,CPF00989,对焊带测量孔法兰,CL1500(SCH160),,RF/WN,026Cr18Ni12Mo2N,1916T3038,ASME B16.36(1916T2002),RCC-M 2,QA1,"6""",,个,70,KG,压力(壁厚)一栏括号内为接管壁厚
,CPF00990,对焊带测量孔法兰,CL1500(SCH160),,RF/WN,026Cr18Ni12Mo2N,1916T3038,ASME B16.36(1916T2002),RCC-M 2,QA1,"8""",,个,119,KG,压力(壁厚)一栏括号内为接管壁厚
,CPF00991,对焊带测量孔法兰,CL1500(SCH140),,RF/WN,026Cr18Ni12Mo2N,1916T3038,ASME B16.36(1916T2002),RCC-M 2,QA1,"10""",,个,204,KG,压力(壁厚)一栏括号内为接管壁厚
,CPF00992,对焊带测量孔法兰,CL1500(SCH140),,RF/WN,026Cr18Ni12Mo2N,1916T3038,ASME B16.36(1916T2002),RCC-M 2,QA1,"12""",,个,303,KG,压力(壁厚)一栏括号内为接管壁厚
,CPF01000,承插焊法兰,1.5mm,,,环氧树脂玻璃纤维,,SY/T 6266,NA,QNCa,"2""",,个,,KG,
,CPF01001,承插焊法兰,1.8mm,,,环氧树脂玻璃纤维,,SY/T 6266,NA,QNCa,"3""",,个,,KG,
,CPF01002,承插焊法兰,2.1mm,,,环氧树脂玻璃纤维,,SY/T 6266,NA,QNCa,"1-1/2""",,个,,KG,
,CPF01003,承插焊法兰,2.2mm,,,环氧树脂玻璃纤维,,SY/T 6266,NA,QNCa,"4""",,个,,KG,
,CPF01004,承插焊法兰,3.4mm,,,环氧树脂玻璃纤维,,SY/T 6266,NA,QNCa,"6""",,个,,KG,
,CPF01005,法兰盖,,,,环氧树脂玻璃纤维,,SY/T 6266,NA,QNCa,"2""",,个,,KG,
,CPF01006,法兰盖,,,,环氧树脂玻璃纤维,,SY/T 6266,NA,QNCa,"6""",,个,,KG,
,CPF01010,法兰盖,CL150,,FF,P280GH,1916T3052,ASME B16.5,RCC-M 3,QA2,"3""",,个,,KG,
,CPF01011,法兰盖,CL150,,FF,P280GH,1916T3052,ASME B16.5,RCC-M 3,QA2,"10""",,个,,KG,
,CPF01012,法兰盖,CL150,,FF,P280GH,1916T3052,ASME B16.5,RCC-M 3,QA2,"16""",,个,,KG,
,CPF01013,法兰盖,CL150,,FF,P280GH,1916T3052,ASME B16.5,RCC-M 3,QA2,"20""",,个,,KG,
,CPF01015,对接焊法兰,PN16(2.8mm),,RF/WN,S30408,,GB/T 9115-2010,NA,QNCa,DN15,,个,,KG,压力(壁厚)一栏括号内为接管壁厚
,CPF01016,对接焊法兰,PN16(2.8mm),,RF/WN,S30408,,GB/T 9115-2010,NA,QNCa,DN20,,个,,KG,压力(壁厚)一栏括号内为接管壁厚
,CPF01017,对接焊法兰,PN16(2.8mm),,RF/WN,S30408,,GB/T 9115-2010,NA,QNCa,DN25,,个,,KG,压力(壁厚)一栏括号内为接管壁厚
,CPF01018,对接焊法兰,PN16(3.5mm),,RF/WN,S30408,,GB/T 9115-2010,NA,QNCa,DN32,,个,,KG,压力(壁厚)一栏括号内为接管壁厚
,CPF01019,对接焊法兰,PN16(2.8mm),,RF/WN,S30408,,GB/T 9115-2010,NA,QNCa,DN40,,个,,KG,压力(壁厚)一栏括号内为接管壁厚
,CPF01020,对接焊法兰,PN16(3.2mm),,RF/WN,S30408,,GB/T 9115-2010,NA,QNCa,DN50,,个,,KG,压力(壁厚)一栏括号内为接管壁厚
,CPF01021,对接焊法兰,PN16(3.5mm),,RF/WN,S30408,,GB/T 9115-2010,NA,QNCa,DN65,,个,,KG,压力(壁厚)一栏括号内为接管壁厚
,CPF01022,对接焊法兰,PN16(3.2mm),,RF/WN,S30408,,GB/T 9115-2010,NA,QNCa,DN80,,个,,KG,压力(壁厚)一栏括号内为接管壁厚
,CPF01023,对接焊法兰,PN16(4mm),,RF/WN,S30408,,GB/T 9115-2010,NA,QNCa,DN100,,个,,KG,压力(壁厚)一栏括号内为接管壁厚
,CPF01025,对接焊法兰,PN16(7mm),,RF/WN,S30408,,GB/T 9115-2010,NA,QNCa,DN150,,个,,KG,压力(壁厚)一栏括号内为接管壁厚
,CPF01026,对接焊法兰,PN16(7mm),,RF/WN,S30408,,GB/T 9115-2010,NA,QNCa,DN200,,个,,KG,压力(壁厚)一栏括号内为接管壁厚
,CPF01027,对接焊法兰,PN16(8mm),,RF/WN,S30408,,GB/T 9115-2010,NA,QNCa,DN250,,个,,KG,压力(壁厚)一栏括号内为接管壁厚
,CPF01028,对接焊法兰,PN16(2.8mm),,RF/WN,S30403,,GB/T 9115-2010,NA,QNCa,DN15,,个,,KG,压力(壁厚)一栏括号内为接管壁厚
,CPF01029,对接焊法兰,PN16(2.8mm),,RF/WN,S30403,,GB/T 9115-2010,NA,QNCa,DN20,,个,,KG,压力(壁厚)一栏括号内为接管壁厚
,CPF01030,对接焊法兰,PN16(2.8mm),,RF/WN,S30403,,GB/T 9115-2010,NA,QNCa,DN25,,个,,KG,压力(壁厚)一栏括号内为接管壁厚
,CPF01031,对接焊法兰,PN16(3.5mm),,RF/WN,S30403,,GB/T 9115-2010,NA,QNCa,DN32,,个,,KG,压力(壁厚)一栏括号内为接管壁厚
,CPF01032,对接焊法兰,PN16(2.8mm),,RF/WN,S30403,,GB/T 9115-2010,NA,QNCa,DN40,,个,,KG,压力(壁厚)一栏括号内为接管壁厚
,CPF01033,对接焊法兰,PN16(3.2mm),,RF/WN,S30403,,GB/T 9115-2010,NA,QNCa,DN50,,个,,KG,压力(壁厚)一栏括号内为接管壁厚
,CPF01034,对接焊法兰,PN16(3.5mm),,RF/WN,S30403,,GB/T 9115-2010,NA,QNCa,DN65,,个,,KG,压力(壁厚)一栏括号内为接管壁厚
,CPF01035,对接焊法兰,PN16(3.2mm),,RF/WN,S30403,,GB/T 9115-2010,NA,QNCa,DN80,,个,,KG,压力(壁厚)一栏括号内为接管壁厚
,CPF01036,对接焊法兰,PN16(4mm),,RF/WN,S30403,,GB/T 9115-2010,NA,QNCa,DN100,,个,,KG,压力(壁厚)一栏括号内为接管壁厚
,CPF01038,对接焊法兰,PN16(7mm),,RF/WN,S30403,,GB/T 9115-2010,NA,QNCa,DN150,,个,,KG,压力(壁厚)一栏括号内为接管壁厚
,CPF01039,对接焊法兰,PN16(7mm),,RF/WN,S30403,,GB/T 9115-2010,NA,QNCa,DN200,,个,,KG,压力(壁厚)一栏括号内为接管壁厚
,CPF01040,对接焊法兰,PN16(8mm),,RF/WN,S30403,,GB/T 9115-2010,NA,QNCa,DN250,,个,,KG,压力(壁厚)一栏括号内为接管壁厚
,CPF01041,对接焊法兰,PN16(2.8mm),,RF/WN,20,,GB/T 9115-2010,NA,QNCa,DN15,,个,,KG,压力(壁厚)一栏括号内为接管壁厚
,CPF01042,对接焊法兰,PN16(2.8mm),,RF/WN,20,,GB/T 9115-2010,NA,QNCa,DN20,,个,,KG,压力(壁厚)一栏括号内为接管壁厚
,CPF01043,对接焊法兰,PN16(3.5mm),,RF/WN,20,,GB/T 9115-2010,NA,QNCa,DN25,,个,,KG,压力(壁厚)一栏括号内为接管壁厚
,CPF01044,对接焊法兰,PN16(3.5mm),,RF/WN,20,,GB/T 9115-2010,NA,QNCa,DN32,,个,,KG,压力(壁厚)一栏括号内为接管壁厚
,CPF01045,对接焊法兰,PN16(4mm),,RF/WN,20,,GB/T 9115-2010,NA,QNCa,DN40,,个,,KG,压力(壁厚)一栏括号内为接管壁厚
,CPF01046,对接焊法兰,PN16(3.5mm),,RF/WN,20,,GB/T 9115-2010,NA,QNCa,DN50,,个,,KG,压力(壁厚)一栏括号内为接管壁厚
,CPF01047,对接焊法兰,PN16(3.5mm),,RF/WN,20,,GB/T 9115-2010,NA,QNCa,DN65,,个,,KG,压力(壁厚)一栏括号内为接管壁厚
,CPF01048,对接焊法兰,PN16(4mm),,RF/WN,20,,GB/T 9115-2010,NA,QNCa,DN80,,个,,KG,压力(壁厚)一栏括号内为接管壁厚
,CPF01049,对接焊法兰,PN16(4.5mm),,RF/WN,20,,GB/T 9115-2010,NA,QNCa,DN100,,个,,KG,压力(壁厚)一栏括号内为接管壁厚
,CPF01051,对接焊法兰,PN16(5mm),,RF/WN,20,,GB/T 9115-2010,NA,QNCa,DN150,,个,,KG,压力(壁厚)一栏括号内为接管壁厚
,CPF01052,对接焊法兰,PN16(6mm),,RF/WN,20,,GB/T 9115-2010,NA,QNCa,DN200,,个,,KG,压力(壁厚)一栏括号内为接管壁厚
,CPF01053,对接焊法兰,PN16(6.5mm),,RF/WN,20,,GB/T 9115-2010,NA,QNCa,DN250,,个,,KG,压力(壁厚)一栏括号内为接管壁厚
,CPF01054,对接焊法兰,PN16(8mm),,RF/WN,20,,GB/T 9115-2010,NA,QNCa,DN300,,个,,KG,压力(壁厚)一栏括号内为接管壁厚
,CPF01055,对接焊法兰,PN16(9mm),,RF/WN,20,,GB/T 9115-2010,NA,QNCa,DN350,,个,,KG,压力(壁厚)一栏括号内为接管壁厚
,CPF01056,对接焊法兰,PN16(2.8mm),,RF/WN,20(内外壁热浸镀锌),GB/T 13912-2002,GB/T 9115-2010,NA,QNCa,DN15,,个,,KG,压力(壁厚)一栏括号内为接管壁厚
,CPF01057,对接焊法兰,PN16(2.8mm),,RF/WN,20(内外壁热浸镀锌),GB/T 13912-2002,GB/T 9115-2010,NA,QNCa,DN20,,个,,KG,压力(壁厚)一栏括号内为接管壁厚
,CPF01058,对接焊法兰,PN16(3.5mm),,RF/WN,20(内外壁热浸镀锌),GB/T 13912-2002,GB/T 9115-2010,NA,QNCa,DN25,,个,,KG,压力(壁厚)一栏括号内为接管壁厚
,CPF01059,对接焊法兰,PN16(3.5mm),,RF/WN,20(内外壁热浸镀锌),GB/T 13912-2002,GB/T 9115-2010,NA,QNCa,DN32,,个,,KG,压力(壁厚)一栏括号内为接管壁厚
,CPF01060,对接焊法兰,PN16(4mm),,RF/WN,20(内外壁热浸镀锌),GB/T 13912-2002,GB/T 9115-2010,NA,QNCa,DN40,,个,,KG,压力(壁厚)一栏括号内为接管壁厚
,CPF01061,对接焊法兰,PN16(3.5mm),,RF/WN,20(内外壁热浸镀锌),GB/T 13912-2002,GB/T 9115-2010,NA,QNCa,DN50,,个,,KG,压力(壁厚)一栏括号内为接管壁厚
,CPF01062,对接焊法兰,PN16(3.5mm),,RF/WN,20(内外壁热浸镀锌),GB/T 13912-2002,GB/T 9115-2010,NA,QNCa,DN65,,个,,KG,压力(壁厚)一栏括号内为接管壁厚
,CPF01063,对接焊法兰,PN16(4mm),,RF/WN,20(内外壁热浸镀锌),GB/T 13912-2002,GB/T 9115-2010,NA,QNCa,DN80,,个,,KG,压力(壁厚)一栏括号内为接管壁厚
,CPF01064,对接焊法兰,PN16(4.5mm),,RF/WN,20(内外壁热浸镀锌),GB/T 13912-2002,GB/T 9115-2010,NA,QNCa,DN100,,个,,KG,压力(壁厚)一栏括号内为接管壁厚
,CPF01066,对接焊法兰,PN16(5mm),,RF/WN,20(内外壁热浸镀锌),GB/T 13912-2002,GB/T 9115-2010,NA,QNCa,DN150,,个,,KG,压力(壁厚)一栏括号内为接管壁厚
,CPF01067,对接焊法兰,PN16(6mm),,RF/WN,20(内外壁热浸镀锌),GB/T 13912-2002,GB/T 9115-2010,NA,QNCa,DN200,,个,,KG,压力(壁厚)一栏括号内为接管壁厚
,CPF01068,对接焊法兰,PN16(6.5mm),,RF/WN,20(内外壁热浸镀锌),GB/T 13912-2002,GB/T 9115-2010,NA,QNCa,DN250,,个,,KG,压力(壁厚)一栏括号内为接管壁厚
,CPF01069,对接焊法兰,PN16(8mm),,RF/WN,20(内外壁热浸镀锌),GB/T 13912-2002,GB/T 9115-2010,NA,QNCa,DN300,,个,,KG,压力(壁厚)一栏括号内为接管壁厚
,CPF01070,对接焊法兰,PN16(9mm),,RF/WN,20(内外壁热浸镀锌),GB/T 13912-2002,GB/T 9115-2010,NA,QNCa,DN350,,个,,KG,压力(壁厚)一栏括号内为接管壁厚
,CPF01071,板式平焊法兰,PN16(2.5mm),,RF/PL,20(内衬聚丙烯层),,GB/T 9119-2010,NA,QNCa,DN25,,个,,KG,压力(壁厚)一栏括号内为接管壁厚
,CPF01072,板式平焊法兰,PN16(2.5mm),,RF/PL,20(内衬聚丙烯层),,GB/T 9119-2010,NA,QNCa,DN32,,个,,KG,压力(壁厚)一栏括号内为接管壁厚
,CPF01073,板式平焊法兰,PN16(2.5mm),,RF/PL,20(内衬聚丙烯层),,GB/T 9119-2010,NA,QNCa,DN40,,个,,KG,压力(壁厚)一栏括号内为接管壁厚
,CPF01074,板式平焊法兰,PN16(3mm),,RF/PL,20(内衬聚丙烯层),,GB/T 9119-2010,NA,QNCa,DN50,,个,,KG,压力(壁厚)一栏括号内为接管壁厚
,CPF01075,板式平焊法兰,PN16(3.5mm),,RF/PL,20(内衬聚丙烯层),,GB/T 9119-2010,NA,QNCa,DN65,,个,,KG,压力(壁厚)一栏括号内为接管壁厚
,CPF01076,板式平焊法兰,PN16(4mm),,RF/PL,20(内衬聚丙烯层),,GB/T 9119-2010,NA,QNCa,DN80,,个,,KG,压力(壁厚)一栏括号内为接管壁厚
,CPF01077,板式平焊法兰,PN16(4mm),,RF/PL,20(内衬聚丙烯层),,GB/T 9119-2010,NA,QNCa,DN100,,个,,KG,压力(壁厚)一栏括号内为接管壁厚
,CPF01078,板式平焊法兰,PN16(4mm),,RF/PL,20(内衬聚丙烯层),,GB/T 9119-2010,NA,QNCa,DN125,,个,,KG,压力(壁厚)一栏括号内为接管壁厚
,CPF01079,板式平焊法兰,PN16(4.5mm),,RF/PL,20(内衬聚丙烯层),,GB/T 9119-2010,NA,QNCa,DN150,,个,,KG,压力(壁厚)一栏括号内为接管壁厚
,CPF01080,板式平焊法兰,PN16(6mm),,RF/PL,20(内衬聚丙烯层),,GB/T 9119-2010,NA,QNCa,DN200,,个,,KG,压力(壁厚)一栏括号内为接管壁厚
,CPF01081,板式平焊法兰,PN16(7mm),,RF/PL,20(内衬聚丙烯层),,GB/T 9119-2010,NA,QNCa,DN250,,个,,KG,压力(壁厚)一栏括号内为接管壁厚
,CPF01082,板式平焊法兰,PN16(8mm),,RF/PL,20(内衬聚丙烯层),,GB/T 9119-2010,NA,QNCa,DN300,,个,,KG,压力(壁厚)一栏括号内为接管壁厚
,CPF01083,法兰盖,PN16,,RF,S30408,,GB/T 9123-2010,NA,QNCa,DN15,,个,,KG,
,CPF01084,法兰盖,PN16,,RF,S30408,,GB/T 9123-2010,NA,QNCa,DN20,,个,,KG,
,CPF01085,法兰盖,PN16,,RF,S30408,,GB/T 9123-2010,NA,QNCa,DN25,,个,,KG,
,CPF01086,法兰盖,PN16,,RF,S30408,,GB/T 9123-2010,NA,QNCa,DN32,,个,,KG,
,CPF01087,法兰盖,PN16,,RF,S30408,,GB/T 9123-2010,NA,QNCa,DN40,,个,,KG,
,CPF01088,法兰盖,PN16,,RF,S30408,,GB/T 9123-2010,NA,QNCa,DN50,,个,,KG,
,CPF01089,法兰盖,PN16,,RF,S30408,,GB/T 9123-2010,NA,QNCa,DN65,,个,,KG,
,CPF01090,法兰盖,PN16,,RF,S30408,,GB/T 9123-2010,NA,QNCa,DN80,,个,,KG,
,CPF01091,法兰盖,PN16,,RF,S30408,,GB/T 9123-2010,NA,QNCa,DN100,,个,,KG,
,CPF01092,法兰盖,PN16,,RF,S30408,,GB/T 9123-2010,NA,QNCa,DN125,,个,,KG,
,CPF01093,法兰盖,PN16,,RF,S30408,,GB/T 9123-2010,NA,QNCa,DN150,,个,,KG,
,CPF01094,法兰盖,PN16,,RF,S30408,,GB/T 9123-2010,NA,QNCa,DN200,,个,,KG,
,CPF01095,法兰盖,PN16,,RF,S30408,,GB/T 9123-2010,NA,QNCa,DN250,,个,,KG,
,CPF01096,法兰盖,PN16,,RF,S30403,,GB/T 9123-2010,NA,QNCa,DN15,,个,,KG,
,CPF01097,法兰盖,PN16,,RF,S30403,,GB/T 9123-2010,NA,QNCa,DN20,,个,,KG,
,CPF01098,法兰盖,PN16,,RF,S30403,,GB/T 9123-2010,NA,QNCa,DN25,,个,,KG,
,CPF01099,法兰盖,PN16,,RF,S30403,,GB/T 9123-2010,NA,QNCa,DN32,,个,,KG,
,CPF01100,法兰盖,PN16,,RF,S30403,,GB/T 9123-2010,NA,QNCa,DN40,,个,,KG,
,CPF01101,法兰盖,PN16,,RF,S30403,,GB/T 9123-2010,NA,QNCa,DN50,,个,,KG,
,CPF01102,法兰盖,PN16,,RF,S30403,,GB/T 9123-2010,NA,QNCa,DN65,,个,,KG,
,CPF01103,法兰盖,PN16,,RF,S30403,,GB/T 9123-2010,NA,QNCa,DN80,,个,,KG,
,CPF01104,法兰盖,PN16,,RF,S30403,,GB/T 9123-2010,NA,QNCa,DN100,,个,,KG,
,CPF01105,法兰盖,PN16,,RF,S30403,,GB/T 9123-2010,NA,QNCa,DN125,,个,,KG,
,CPF01106,法兰盖,PN16,,RF,S30403,,GB/T 9123-2010,NA,QNCa,DN150,,个,,KG,
,CPF01107,法兰盖,PN16,,RF,S30403,,GB/T 9123-2010,NA,QNCa,DN200,,个,,KG,
,CPF01108,法兰盖,PN16,,RF,S30403,,GB/T 9123-2010,NA,QNCa,DN250,,个,,KG,
,CPF01109,法兰盖,PN16,,RF,20,,GB/T 9123-2010,NA,QNCa,DN15,,个,,KG,
,CPF01110,法兰盖,PN16,,RF,20,,GB/T 9123-2010,NA,QNCa,DN20,,个,,KG,
,CPF01111,法兰盖,PN16,,RF,20,,GB/T 9123-2010,NA,QNCa,DN25,,个,,KG,
,CPF01112,法兰盖,PN16,,RF,20,,GB/T 9123-2010,NA,QNCa,DN32,,个,,KG,
,CPF01113,法兰盖,PN16,,RF,20,,GB/T 9123-2010,NA,QNCa,DN40,,个,,KG,
,CPF01114,法兰盖,PN16,,RF,20,,GB/T 9123-2010,NA,QNCa,DN50,,个,,KG,
,CPF01115,法兰盖,PN16,,RF,20,,GB/T 9123-2010,NA,QNCa,DN65,,个,,KG,
,CPF01116,法兰盖,PN16,,RF,20,,GB/T 9123-2010,NA,QNCa,DN80,,个,,KG,
,CPF01117,法兰盖,PN16,,RF,20,,GB/T 9123-2010,NA,QNCa,DN100,,个,,KG,
,CPF01118,法兰盖,PN16,,RF,20,,GB/T 9123-2010,NA,QNCa,DN125,,个,,KG,
,CPF01119,法兰盖,PN16,,RF,20,,GB/T 9123-2010,NA,QNCa,DN150,,个,,KG,
,CPF01120,法兰盖,PN16,,RF,20,,GB/T 9123-2010,NA,QNCa,DN200,,个,,KG,
,CPF01121,法兰盖,PN16,,RF,20,,GB/T 9123-2010,NA,QNCa,DN250,,个,,KG,
,CPF01122,法兰盖,PN16,,RF,20,,GB/T 9123-2010,NA,QNCa,DN300,,个,,KG,
,CPF01123,法兰盖,PN16,,RF,20,,GB/T 9123-2010,NA,QNCa,DN350,,个,,KG,
,CPF01124,法兰盖,PN16,,RF,20(内外壁热浸镀锌),GB/T 13912-2002,GB/T 9123-2010,NA,QNCa,DN15,,个,,KG,
,CPF01125,法兰盖,PN16,,RF,20(内外壁热浸镀锌),GB/T 13912-2002,GB/T 9123-2010,NA,QNCa,DN20,,个,,KG,
,CPF01126,法兰盖,PN16,,RF,20(内外壁热浸镀锌),GB/T 13912-2002,GB/T 9123-2010,NA,QNCa,DN25,,个,,KG,
,CPF01127,法兰盖,PN16,,RF,20(内外壁热浸镀锌),GB/T 13912-2002,GB/T 9123-2010,NA,QNCa,DN32,,个,,KG,
,CPF01128,法兰盖,PN16,,RF,20(内外壁热浸镀锌),GB/T 13912-2002,GB/T 9123-2010,NA,QNCa,DN40,,个,,KG,
,CPF01129,法兰盖,PN16,,RF,20(内外壁热浸镀锌),GB/T 13912-2002,GB/T 9123-2010,NA,QNCa,DN50,,个,,KG,
,CPF01130,法兰盖,PN16,,RF,20(内外壁热浸镀锌),GB/T 13912-2002,GB/T 9123-2010,NA,QNCa,DN65,,个,,KG,
,CPF01131,法兰盖,PN16,,RF,20(内外壁热浸镀锌),GB/T 13912-2002,GB/T 9123-2010,NA,QNCa,DN80,,个,,KG,
,CPF01132,法兰盖,PN16,,RF,20(内外壁热浸镀锌),GB/T 13912-2002,GB/T 9123-2010,NA,QNCa,DN100,,个,,KG,
,CPF01133,法兰盖,PN16,,RF,20(内外壁热浸镀锌),GB/T 13912-2002,GB/T 9123-2010,NA,QNCa,DN125,,个,,KG,
,CPF01134,法兰盖,PN16,,RF,20(内外壁热浸镀锌),GB/T 13912-2002,GB/T 9123-2010,NA,QNCa,DN150,,个,,KG,
,CPF01135,法兰盖,PN16,,RF,20(内外壁热浸镀锌),GB/T 13912-2002,GB/T 9123-2010,NA,QNCa,DN200,,个,,KG,
,CPF01136,法兰盖,PN16,,RF,20(内外壁热浸镀锌),GB/T 13912-2002,GB/T 9123-2010,NA,QNCa,DN250,,个,,KG,
,CPF01137,法兰盖,PN16,,RF,20(内外壁热浸镀锌),GB/T 13912-2002,GB/T 9123-2010,NA,QNCa,DN300,,个,,KG,
,CPF01138,法兰盖,PN16,,RF,20(内外壁热浸镀锌),GB/T 13912-2002,GB/T 9123-2010,NA,QNCa,DN350,,个,,KG,
,CPF01139,法兰盖,PN16,,RF,20(内衬聚丙烯层),,GB/T 9123-2010,NA,QNCa,DN25,,个,,KG,
,CPF01140,法兰盖,PN16,,RF,20(内衬聚丙烯层),,GB/T 9123-2010,NA,QNCa,DN32,,个,,KG,
,CPF01141,法兰盖,PN16,,RF,20(内衬聚丙烯层),,GB/T 9123-2010,NA,QNCa,DN40,,个,,KG,
,CPF01142,法兰盖,PN16,,RF,20(内衬聚丙烯层),,GB/T 9123-2010,NA,QNCa,DN50,,个,,KG,
,CPF01143,法兰盖,PN16,,RF,20(内衬聚丙烯层),,GB/T 9123-2010,NA,QNCa,DN65,,个,,KG,
,CPF01144,法兰盖,PN16,,RF,20(内衬聚丙烯层),,GB/T 9123-2010,NA,QNCa,DN80,,个,,KG,
,CPF01145,法兰盖,PN16,,RF,20(内衬聚丙烯层),,GB/T 9123-2010,NA,QNCa,DN100,,个,,KG,
,CPF01146,法兰盖,PN16,,RF,20(内衬聚丙烯层),,GB/T 9123-2010,NA,QNCa,DN125,,个,,KG,
,CPF01147,法兰盖,PN16,,RF,20(内衬聚丙烯层),,GB/T 9123-2010,NA,QNCa,DN150,,个,,KG,
,CPF01148,法兰盖,PN16,,RF,20(内衬聚丙烯层),,GB/T 9123-2010,NA,QNCa,DN200,,个,,KG,
,CPF01149,法兰盖,PN16,,RF,20(内衬聚丙烯层),,GB/T 9123-2010,NA,QNCa,DN250,,个,,KG,
,CPF01150,法兰盖,PN16,,RF,20(内衬聚丙烯层),,GB/T 9123-2010,NA,QNCa,DN300,,个,,KG,
,CPF01153,法兰盖,CL150,,RF,022Cr17Ni12Mo2,1916T3038,ASME B16.5,RCC-M 3,QA2,"3""x3/4""",,个,,KG,
,CPF01154,对接焊法兰,CL150(SCH10),,FF/WN,P280GH,1916T3052,ASME B16.5(1916T2002),RCC-M 3,QA2,"18""",,个,,KG,压力(壁厚)一栏括号内为接管壁厚
,CPF01155,对接焊法兰,CL150(SCH10),,FF/WN,P280GH,1916T3052,ASME B16.5(1916T2002),RCC-M 3,QA2,"20""",,个,,KG,压力(壁厚)一栏括号内为接管壁厚
,CPF01156,对接焊法兰,CL150(SCH10),,FF/WN,P280GH,1916T3052,ASME B16.5(1916T2002),RCC-M 3,QA2,"24""",,个,,KG,压力(壁厚)一栏括号内为接管壁厚
,CPF01158,对接焊法兰,CL150(14.27mm),,RF/WN,P280GH,1916T3052,BS 3293(1916T2002),RCC-M 3,QA2,"48""",,个,563,KG,压力(壁厚)一栏括号内为接管壁厚
,CPF01159,对接焊法兰,CL300(SCH10S),,RF/WN,022Cr19Ni10,1916T3038,ASME B16.5(1916T2002),RCC-M 3,QA2,"2-1/2""",,个,5,KG,压力(壁厚)一栏括号内为接管壁厚
,CPF01160,对接焊法兰,CL300(SCH10S),,RF/WN,022Cr19Ni10,1916T3038,ASME B16.5(1916T2002),RCC-M 3,QA2,"3""",,个,7,KG,压力(壁厚)一栏括号内为接管壁厚
,CPF01161,对接焊法兰,CL300(SCH10S),,RF/WN,022Cr19Ni10,1916T3038,ASME B16.5(1916T2002),RCC-M 3,QA2,"3-1/2""",,个,9.2,KG,压力(壁厚)一栏括号内为接管壁厚
,CPF01162,对接焊法兰,CL300(SCH10S),,RF/WN,022Cr19Ni10,1916T3038,ASME B16.5(1916T2002),RCC-M 3,QA2,"4""",,个,11,KG,压力(壁厚)一栏括号内为接管壁厚
,CPF01163,对接焊法兰,CL300(SCH10S),,RF/WN,022Cr19Ni10,1916T3038,ASME B16.5(1916T2002),RCC-M 3,QA2,"5""",,个,14,KG,压力(壁厚)一栏括号内为接管壁厚
,CPF01164,对接焊法兰,CL300(SCH10S),,RF/WN,022Cr19Ni10,1916T3038,ASME B16.5(1916T2002),RCC-M 3,QA2,"6""",,个,19,KG,压力(壁厚)一栏括号内为接管壁厚
,CPF01165,对接焊法兰,CL300(SCH10S),,RF/WN,022Cr19Ni10,1916T3038,ASME B16.5(1916T2002),RCC-M 3,QA2,"8""",,个,30,KG,压力(壁厚)一栏括号内为接管壁厚
,CPF01166,法兰盖,CL300,,RF,022Cr19Ni10,1916T3038,ASME B16.5,RCC-M 3,QA2,"3""",,个,7,KG,
,CPF01167,法兰盖,CL300,,RF,022Cr19Ni10,1916T3038,ASME B16.5,RCC-M 3,QA2,"4""",,个,12,KG,
,CPF01168,法兰盖,CL300,,RF,022Cr19Ni10,1916T3038,ASME B16.5,RCC-M 3,QA2,"8""",,个,37,KG,
,CPF01170,平口法兰,4.5mm,,FF,环氧树脂玻璃纤维,,SY/T 6266,NA,QNCa,"3""",,个,,KG,
,CPF01171,平口法兰,4.5mm,,RF,环氧树脂玻璃纤维,,SY/T 6266,NA,QNCa,"1""",,个,,KG,
,CPF01172,法兰盖,CL1500,,RF,022Cr19Ni10,1916T3038,ASME B16.5,RCC-M 2,QA1,"1/2""",,个,,KG,
,CPF01173,法兰盖,CL1500,,RF,026Cr18Ni12Mo2N,1916T3038,ASME B16.5,RCC-M 1,QA1,"3/4""",,个,,KG,
,CPF01174,法兰盖,CL1500,,RF,026Cr18Ni12Mo2N,1916T3038,ASME B16.5,RCC-M 2,QA1,"1/2""",,个,,KG,
,CPF01175,对接焊法兰,CL1500(SCH160),,RF/WN,026Cr18Ni12Mo2N,1916T3038,ASME B16.5(1916T2002),RCC-M 2,QA1,"1/2""",,个,,KG,压力(壁厚)一栏括号内为接管壁厚
,CPF01176,对接焊法兰,CL150(SCH20),,RF/WN,16Mn,1916T3025,ASME B16.5(1916T2002),NA,QNCa,"12""",,个,,KG,压力(壁厚)一栏括号内为接管壁厚
,CPF01177,对接焊法兰,CL150(SCH10S),,RF/WN,022Cr19Ni10,1916T3038,ASME B16.5(1916T2002),RCC-M 2,QA1,"16""",,个,,KG,压力(壁厚)一栏括号内为接管壁厚
,CPF01178,对接焊法兰,CL150(14.27mm),,RF/WN,P280GH,1916T3052,BS 3293(1916T2002),RCC-M 3,QA2,"36""",,个,,KG,压力(壁厚)一栏括号内为接管壁厚
,CPF01179,对焊带测量孔法兰,CL300(SCH40S),,RF/WN,022Cr19Ni10,1916T3038,ASME B16.36(1916T2002),RCC-M 2,QA1,"1""",,个,,KG,压力(壁厚)一栏括号内为接管壁厚
,CPF01180,对焊带测量孔法兰,CL300(SCH40S),,RF/WN,022Cr19Ni10,1916T3038,ASME B16.36(1916T2002),RCC-M 2,QA1,"1-1/2""",,个,,KG,压力(壁厚)一栏括号内为接管壁厚
,CPF01181,对焊带测量孔法兰,CL300(SCH40),,RF/WN,P280GH,1916T3052,ASME B16.36(1916T2002),RCC-M 2,QA1,"2""",,个,,KG,压力(壁厚)一栏括号内为接管壁厚
,CPF01182,对焊带测量孔法兰,CL300(SCH40),,RF/WN,P280GH,1916T3052,ASME B16.36(1916T2002),RCC-M 3,QA2,"2""",,个,,KG,压力(壁厚)一栏括号内为接管壁厚
,CPF01183,对焊带测量孔法兰,CL300(SCH40),,RF/WN,P280GH,1916T3052,ASME B16.36(1916T2002),RCC-M 2,QA1,"2-1/2""",,个,,KG,压力(壁厚)一栏括号内为接管壁厚
,CPF01184,对焊带测量孔法兰,CL300(SCH40),,RF/WN,P280GH,1916T3052,ASME B16.36(1916T2002),RCC-M 3,QA2,"2-1/2""",,个,,KG,压力(壁厚)一栏括号内为接管壁厚
,CPF01185,对焊带测量孔法兰,CL300(SCH40),,RF/WN,P280GH,1916T3052,ASME B16.36(1916T2002),RCC-M 2,QA1,"3""",,个,,KG,压力(壁厚)一栏括号内为接管壁厚
,CPF01186,对焊带测量孔法兰,CL300(SCH40),,RF/WN,P280GH,1916T3052,ASME B16.36(1916T2002),RCC-M 3,QA2,"3""",,个,,KG,压力(壁厚)一栏括号内为接管壁厚
,CPF01187,对焊带测量孔法兰,CL300(SCH40),,RF/WN,P280GH,1916T3052,ASME B16.36(1916T2002),RCC-M 2,QA1,"4""",,个,,KG,压力(壁厚)一栏括号内为接管壁厚
,CPF01188,对焊带测量孔法兰,CL300(SCH40),,RF/WN,P280GH,1916T3052,ASME B16.36(1916T2002),RCC-M 3,QA2,"4""",,个,,KG,压力(壁厚)一栏括号内为接管壁厚
,CPF01189,对焊带测量孔法兰,CL300(SCH40),,RF/WN,P280GH,1916T3052,ASME B16.36(1916T2002),RCC-M 2,QA1,"6""",,个,,KG,压力(壁厚)一栏括号内为接管壁厚
,CPF01190,对焊带测量孔法兰,CL300(SCH40),,RF/WN,P280GH,1916T3052,ASME B16.36(1916T2002),RCC-M 3,QA2,"6""",,个,,KG,压力(壁厚)一栏括号内为接管壁厚
,CPF01191,对焊带测量孔法兰,CL300(SCH40),,RF/WN,P280GH,1916T3052,ASME B16.36(1916T2002),RCC-M 2,QA1,"8""",,个,,KG,压力(壁厚)一栏括号内为接管壁厚
,CPF01192,对焊带测量孔法兰,CL300(SCH40),,RF/WN,P280GH,1916T3052,ASME B16.36(1916T2002),RCC-M 3,QA2,"8""",,个,,KG,压力(壁厚)一栏括号内为接管壁厚
,CPF01193,对焊带测量孔法兰,CL300(SCH40),,RF/WN,P280GH,1916T3052,ASME B16.36(1916T2002),RCC-M 2,QA1,"10""",,个,,KG,压力(壁厚)一栏括号内为接管壁厚
,CPF01194,对焊带测量孔法兰,CL300(14.27mm),,RF/WN,P280GH,1916T3052,ASME B16.36(1916T2002),RCC-M 3,QA2,"10""",,个,,KG,压力(壁厚)一栏括号内为接管壁厚
,CPF01195,对焊带测量孔法兰,CL300(SCH40),,RF/WN,P280GH,1916T3052,ASME B16.36(1916T2002),RCC-M 3,QA2,"10""",,个,,KG,压力(壁厚)一栏括号内为接管壁厚
,CPF01196,对焊带测量孔法兰,CL300(SCH40),,RF/WN,P280GH,1916T3052,ASME B16.36(1916T2002),RCC-M 2,QA1,"12""",,个,,KG,压力(壁厚)一栏括号内为接管壁厚
,CPF01197,对焊带测量孔法兰,CL300(SCH40),,RF/WN,P280GH,1916T3052,ASME B16.36(1916T2002),RCC-M 3,QA2,"12""",,个,,KG,压力(壁厚)一栏括号内为接管壁厚
,CPF01198,对焊带测量孔法兰,CL300(SCH20),,RF/WN,16Mn,1916T3025,ASME B16.36(1916T2002),NA,QNCa,"12""",,个,,KG,压力(壁厚)一栏括号内为接管壁厚
,CPF01199,对焊带测量孔法兰,CL300(SCH40),,RF/WN,P280GH,1916T3052,ASME B16.36(1916T2002),RCC-M 2,QA1,"14""",,个,,KG,压力(壁厚)一栏括号内为接管壁厚
,CPF01200,对焊带测量孔法兰,CL300(SCH40),,RF/WN,P280GH,1916T3052,ASME B16.36(1916T2002),RCC-M 3,QA2,"14""",,个,,KG,压力(壁厚)一栏括号内为接管壁厚
,CPF01201,对焊带测量孔法兰,CL300(SCH40S),,RF/WN,022Cr19Ni10,1916T3038,ASME B16.36(1916T2002),RCC-M 2,QA1,"16""",,个,,KG,压力(壁厚)一栏括号内为接管壁厚
,CPF01202,对焊带测量孔法兰,CL300(SCH40),,RF/WN,P280GH,1916T3052,ASME B16.36(1916T2002),RCC-M 2,QA1,"16""",,个,,KG,压力(壁厚)一栏括号内为接管壁厚
,CPF01203,对焊带测量孔法兰,CL300(SCH40),,RF/WN,P280GH,1916T3052,ASME B16.36(1916T2002),RCC-M 3,QA2,"16""",,个,,KG,压力(壁厚)一栏括号内为接管壁厚
,CPF01204,对接焊法兰,CL150(SCH40S),,RF/WN,022Cr19Ni10,1916T3038,ASME B16.5(1916T2002),RCC-M 3,QA2,"8""",,个,,KG,压力(壁厚)一栏括号内为接管壁厚
,CPF01205,对接焊法兰,CL150(SCH40S),,RF/WN,022Cr19Ni10,1916T3038,ASME B16.5(1916T2002),RCC-M 3,QA2,"10""",,个,,KG,压力(壁厚)一栏括号内为接管壁厚
,CPF01206,对接焊法兰,CL150(SCH40S),,RF/WN,022Cr19Ni10,1916T3038,ASME B16.5(1916T2002),RCC-M 3,QA2,"12""",,个,,KG,压力(壁厚)一栏括号内为接管壁厚
,CPF01207,对焊带测量孔法兰,CL300(SCH40S),,RF/WN,022Cr19Ni10,1916T3038,ASME B16.36(1916T2002),RCC-M 3,QA2,"8""",,个,,KG,压力(壁厚)一栏括号内为接管壁厚
,CPF01208,对焊带测量孔法兰,CL300(SCH40S),,RF/WN,022Cr19Ni10,1916T3038,ASME B16.36(1916T2002),RCC-M 3,QA2,"10""",,个,,KG,压力(壁厚)一栏括号内为接管壁厚
,CPF01209,对焊带测量孔法兰,CL300(SCH40S),,RF/WN,022Cr19Ni10,1916T3038,ASME B16.36(1916T2002),RCC-M 3,QA2,"12""",,个,,KG,压力(壁厚)一栏括号内为接管壁厚
,CPF01210,对接焊法兰,CL1500(SCH80),,RF/WN,P280GH,1916T3052,ASME B16.5(1916T2002),RCC-M 2,QA1,"2-1/2""",,个,,KG,压力(壁厚)一栏括号内为接管壁厚
,CPF01211,对接焊法兰,CL1500(SCH80S),,RF/WN,022Cr19Ni10,1916T3038,ASME B16.5(1916T2002),RCC-M 2,QA1,"2-1/2""",,个,,KG,压力(壁厚)一栏括号内为接管壁厚
,CPF01212,法兰盖,CL1500,,RF,022Cr19Ni10,1916T3038,ASME B16.5,RCC-M 2,QA1,"3/4""",,个,,KG,
,CPF01213,法兰盖,CL1500,,RF,022Cr19Ni10,1916T3038,ASME B16.5,RCC-M 2,QA1,"1""",,个,,KG,
,CPF01214,法兰盖,CL1500,,RF,022Cr19Ni10,1916T3038,ASME B16.5,RCC-M 2,QA1,"1-1/4""",,个,,KG,
,CPF01215,法兰盖,CL1500,,RF,022Cr19Ni10,1916T3038,ASME B16.5,RCC-M 2,QA1,"1-1/2""",,个,,KG,
,CPF01216,法兰盖,CL1500,,RF,022Cr19Ni10,1916T3038,ASME B16.5,RCC-M 2,QA1,"2""",,个,,KG,
,CPF01217,法兰盖,CL1500,,RF,022Cr19Ni10,1916T3038,ASME B16.5,RCC-M 2,QA1,"2-1/2""",,个,,KG,
,CPF01218,法兰盖,CL150,,FF,022Cr17Ni12Mo2,1916T3038,ASME B16.5,RCC-M 3,QA2,"3""",,个,,KG,
,CPF01219,法兰盖,CL150,,FF,022Cr17Ni12Mo2,1916T3038,ASME B16.5,RCC-M 3,QA2,"4""",,个,,KG,
,CPF01220,平面法兰,CL150,,FF,环氧树脂玻璃纤维,,SY/T 6266,NA,QNCa,"3""",,个,,KG,
,CPF01221,板式平焊法兰,PN16(3mm),SS,RF/PL,20(浸PE),,GB/T 9119-2010,NA,QNCa,DN20,,个,,KG,压力(壁厚)一栏括号内为接管壁厚
,CPF01222,对接焊法兰,CL150(3.18mm),,RF/WN,P280GH,1916T3052,ASME B16.5(1916T2002),RCC-M 3,QA2,"2""",,个,,KG,压力(壁厚)一栏括号内为接管壁厚
,CPF01223,法兰盖,CL150,,FF,P280GH,1916T3052,BS 3293(1916G4053),RCC-M 3,QA2,"28""",,个,,KG,
,CPF01224,承插焊法兰,CL150,,FF/SW,P280GH,1916T3052,ASME B16.5,RCC-M 3,QA2,"1""",,个,,KG,
,CPF01225,承插焊法兰,CL150,,FF/SW,022Cr17Ni12Mo2,1916T3038,ASME B16.5,RCC-M 3,QA2,"1""",,个,,KG,
,CPF01226,对接焊法兰,CL150(3.18mm),,FF/WN,P280GH,1916T3052,ASME B16.5(1916T2002),RCC-M 3,QA2,"2""",,个,,KG,压力(壁厚)一栏括号内为接管壁厚
,CPF01227,对接焊法兰,CL600(SCH40S),,RF/WN,022Cr19Ni10,1916T3038,ASME B16.5(1916T2002),RCC-M 2,QA1,"10""",,个,,KG,压力(壁厚)一栏括号内为接管壁厚
,CPF01228,对接焊法兰,CL150(SCH40),,FF/WN,P280GH,1916T3052,ASME B16.5(1916T2002),RCC-M 3,QA2,"3""",,个,,KG,压力(壁厚)一栏括号内为接管壁厚
,CPF01229,对接焊法兰,CL150(SCH40),,FF/WN,P280GH,1916T3052,ASME B16.5(1916T2002),RCC-M 3,QA2,"1""",,个,,KG,压力(壁厚)一栏括号内为接管壁厚
,CPF01230,对接焊法兰,CL900(SCH40S),,RF/WN,022Cr19Ni10,1916T3038,ASME B16.5(1916T2002),RCC-M 2,QA1,"10""",,个,,KG,压力(壁厚)一栏括号内为接管壁厚
,CPF01231,对接焊法兰,PN16,,RF/WN,20(内外壁热浸镀锌),GB/T 13912-2002,GB/T 9115-2010,NA,QNCa,DN400,,个,,KG,
,CPF01232,对接焊法兰,PN16,,RF/WN,20(内外壁热浸镀锌),GB/T 13912-2002,GB/T 9115-2010,NA,QNCa,DN450,,个,,KG,
,CPF01233,对接焊法兰,PN16,,RF/WN,20(内外壁热浸镀锌),GB/T 13912-2002,GB/T 9115-2010,NA,QNCa,DN500,,个,,KG,
,CPF01234,法兰盖,PN16,,RF,20(内外壁热浸镀锌),GB/T 13912-2002,GB/T 9123-2010,NA,QNCa,DN400,,个,,KG,
,CPF01235,法兰盖,PN16,,RF,20(内外壁热浸镀锌),GB/T 13912-2002,GB/T 9123-2010,NA,QNCa,DN450,,个,,KG,
,CPF01236,法兰盖,PN16,,RF,20(内外壁热浸镀锌),GB/T 13912-2002,GB/T 9123-2010,NA,QNCa,DN500,,个,,KG,
,CPF01237,法兰盖,CL150,,RF,022Cr17Ni12Mo2,1916T3038,ASME B16.5,RCC-M 3,QA2,"3""",,个,,KG,
,CPF01238,对接焊法兰,PN16(12mm),,RF/WN,S30408,GB/T 14976-2012,GB/T 9115-2010,NA,QNCa,DN350,,个,,KG,
,CPF01239,对接焊法兰,PN16(12mm),,RF/WN,S30408,GB/T 14976-2012,GB/T 9115-2010,NA,QNCa,DN400,,个,,KG,
,CPF01240,对接焊法兰,PN16(12.5mm),,RF/WN,S30408,GB/T 14976-2012,GB/T 9115-2010,NA,QNCa,DN450,,个,,KG,
,CPF01241,对接焊法兰,PN16(12mm),,RF/WN,S30403,GB/T 14976-2012,GB/T 9115-2010,NA,QNCa,DN300,,个,,KG,
,CPF01242,对接焊法兰,PN16(12mm),,RF/WN,S30403,GB/T 14976-2012,GB/T 9115-2010,NA,QNCa,DN350,,个,,KG,
,CPF01243,对接焊法兰,PN16(12mm),,RF/WN,S30403,GB/T 14976-2012,GB/T 9115-2010,NA,QNCa,DN400,,个,,KG,
,CPF01244,对接焊法兰,PN16(12.5mm),,RF/WN,S30403,GB/T 14976-2012,GB/T 9115-2010,NA,QNCa,DN450,,个,,KG,
,CPF01245,对接焊法兰,PN16(9mm),,RF/WN,20,GB/T 8163-2018,GB/T 9115-2010,NA,QNCa,DN400,,个,,KG,
,CPF01246,对接焊法兰,PN16(9mm),,RF/WN,20,GB/T 8163-2018,GB/T 9115-2010,NA,QNCa,DN450,,个,,KG,
,CPF01247,对接焊法兰,PN16(9mm),,RF/WN,20(内外壁热浸镀锌),GB/T 8163-2018(GB/T 13912-2020),GB/T 9115-2010,NA,QNCa,DN400,,个,,KG,
,CPF01248,对接焊法兰,PN16(9mm),,RF/WN,20(内外壁热浸镀锌),GB/T 8163-2018(GB/T 13912-2020),GB/T 9115-2010,NA,QNCa,DN450,,个,,KG,
,CPF01249,法兰盖,PN16,,RF,S30408,GB/T 14976-2012,GB/T 9123-2010,NA,QNCa,DN300,,个,,KG,
,CPF01250,法兰盖,PN16,,RF,S30408,GB/T 14976-2012,GB/T 9123-2010,NA,QNCa,DN350,,个,,KG,
,CPF01251,法兰盖,PN16,,RF,S30408,GB/T 14976-2012,GB/T 9123-2010,NA,QNCa,DN400,,个,,KG,
,CPF01252,法兰盖,PN16,,RF,S30408,GB/T 14976-2012,GB/T 9123-2010,NA,QNCa,DN450,,个,,KG,
,CPF01253,法兰盖,PN16,,RF,S30403,GB/T 14976-2012,GB/T 9123-2010,NA,QNCa,DN300,,个,,KG,
,CPF01254,法兰盖,PN16,,RF,S30403,GB/T 14976-2012,GB/T 9123-2010,NA,QNCa,DN350,,个,,KG,
,CPF01255,法兰盖,PN16,,RF,S30403,GB/T 14976-2012,GB/T 9123-2010,NA,QNCa,DN400,,个,,KG,
,CPF01256,法兰盖,PN16,,RF,S30403,GB/T 14976-2012,GB/T 9123-2010,NA,QNCa,DN450,,个,,KG,
,CPF01257,法兰盖,PN16,,RF,20,GB/T 8163-2018,GB/T 9123-2010,NA,QNCa,DN400,,个,,KG,
,CPF01258,法兰盖,PN16,,RF,20,GB/T 8163-2018,GB/T 9123-2010,NA,QNCa,DN450,,个,,KG,
,CPF01259,法兰盖,PN16,,RF,20(内外壁热浸镀锌),GB/T 8163-2018(GB/T 13912-2020),GB/T 9123-2010,NA,QNCa,DN400,,个,,KG,
,CPF01260,法兰盖,PN16,,RF,20(内外壁热浸镀锌),GB/T 8163-2018(GB/T 13912-2020),GB/T 9123-2010,NA,QNCa,DN450,,个,,KG,
,CPF01261,对接焊法兰,PN16(12mm),,RF/WN,S30408,GB/T 14976-2012,GB/T 9115-2010,NA,QNCa,DN300,,个,,KG,
,CPF01268,板式平焊法兰(I系列),PN16(2.5mm),,RF/PL,20(内衬聚丙烯层),,GB/T 9119-2010,NA,QNCa,DN20,Φ26.9,个,,KG,压力(壁厚)一栏括号内为接管壁厚
,CPF01269,法兰盖,CL150,,RF,022Cr25Ni7Mo4N,1916T3091,ASME B16.5,RCC-M 3,QA2,3″,,个,,KG,
,CPF01270,法兰盖,CL150,,FF,022Cr25Ni7Mo4N,1916T3091,ASME B16.5,RCC-M 3,QA2,3″,,个,,KG,
,CPF01271,对接焊法兰,CL150(SCH10S),,RF/WN,022Cr25Ni7Mo4N,1916T3091,ASME B16.5(1916T2002),RCC-M 3,QA2,"3/4""",,个,,KG,
,CPF01272,对接焊法兰,CL150(SCH40),,RF/WN,022Cr25Ni7Mo4N,1916T3091,ASME B16.5(1916T2002),RCC-M 3,QA2,"1""",,个,,KG,
,CPF01273,法兰盖,CL150,,FF,022Cr25Ni7Mo4N,1916T3091,ASME B16.5,RCC-M 3,QA2,"4""",,个,,KG,
,CPF01275,对接焊法兰,CL150(7.14mm),,FF/WN,P280GH,1916T3052,ASME B16.5(1916T2002),RCC-M 2,QA1,"12""",,个,,KG,
,CPF01282,对接焊法兰,CL150(3.58mm),,FF/WN,022Cr25Ni7Mo4N,1916T3091,ASME B16.5,RCC-M 3,QA2,"4""",,个,,KG,
,CPF01283,承插焊法兰,CL150,,FF/SW,022Cr25Ni7Mo4N,1916T3091,ASME B16.5,RCC-M 3,QA2,"1""",,个,,KG,
,CPF01284,承插焊法兰,CL150,,RF/SW,022Cr25Ni7Mo4N,1916T3091,ASME B16.5,RCC-M 3,QA2,"3/4""",,个,,KG,
,CPF01285,板式平焊法兰,PN16,,FF/PL,20(内衬聚四氟乙烯PTFE),GB/T 8163-2008,GB/T 9124.1-2019,NA,QNC,DN25,Φ32,个,,KG,适用于WES系统3/4寸衬塑管道及管件选型
,CPF01286,板式平焊法兰,PN16,,FF/PL,20(内衬聚四氟乙烯PTFE),GB/T 8163-2008,GB/T 9124.1-2019,NA,QNC,DN80,Φ89,个,,KG,
,CPF01289,对接焊法兰,CL150(SCH120),,RF/WN,022Cr19Ni10,1916T3038,ASME B16.5(1916T2002),RCC-M 2,QA1,"10""",,个,,KG,压力(壁厚)一栏括号内为接管壁厚
,CPF01290,对接焊法兰,CL300(4.37mm),,RF/WN,P280GH,1916T3052,ASME B16.5(1916T2002),RCC-M 2,QA1,"6""",,个,,KG,压力(壁厚)一栏括号内为接管壁厚
,CPF01291,对接焊法兰,CL150(SCH120),,RF/WN,P280GH,1916T3052,ASME B16.5(1916T2002),RCC-M 2,QA1,"10""",,个,,KG,压力(壁厚)一栏括号内为接管壁厚
,CPF60001,板式平焊法兰(I系列),1.6MPa,,RF/PL,20,,GB/T 9119-2010,NA,QNCa,DN100,,个,,KG,
,CPF60002,板式平焊法兰(I系列),1.6MPa,,RF/PL,20,,GB/T 9119-2010,NA,QNCa,DN150,,个,,KG,
,CPF60003,板式平焊法兰(I系列),1.6MPa,,RF/PL,20,,GB/T 9119-2010,NA,QNCa,DN200,,个,,KG,
,CPF60004,板式平焊法兰(I系列),1.6MPa,,RF/PL,20,,GB/T 9119-2010,NA,QNCa,DN25,,个,,KG,
,CPF60005,板式平焊法兰(I系列),1.6MPa,,RF/PL,20,,GB/T 9119-2010,NA,QNCa,DN250,,个,,KG,
,CPF60006,板式平焊法兰(I系列),1.6MPa,,RF/PL,20,,GB/T 9119-2010,NA,QNCa,DN40,,个,,KG,
,CPF60007,板式平焊法兰(I系列),1.6MPa,,RF/PL,20,,GB/T 9119-2010,NA,QNCa,DN80,,个,,KG,
,CPF60008,对接焊法兰,1.0MPa,,RF/WN,20,,GB/T 9115-2010,NA,QNCa,DN100,,个,,KG,
,CPF60009,对接焊法兰,1.0MPa,,RF/WN,20,,GB/T 9115-2010,NA,QNCa,DN300,,个,,KG,
,CPF60010,法兰盖,1.0MPa,,RF,20,,GB/T 9123-2010,NA,QNCa,DN300,,个,,KG,
,CPF60011,板式平焊法兰(I系列),1.6MPa,,RF/PL,20,,GB/T 9119-2010,NA,QNCa,DN50,,个,,KG,
,CPF60012,对接焊法兰,CL150,,RF/WN,20,,ASME B16.5,NA,QNCa,"3""",,个,,KG,
,CPF60013,盘插L=1200,法兰PN10,,,球墨铸铁,,GB/T 13295-2013,NA,QNCa,DN300,,个,,KG,
,CPF60014,盘插L=1200,法兰PN10,,,球墨铸铁,,GB/T 13295-2013,NA,QNCa,DN100,,个,,KG,
,CPF60015,板式平焊法兰(I系列),1.0MPa,,RF/PL,20,,GB/T 9119-2010,NA,QNCa,DN200,,个,,KG,
,CPG00101,密封垫片,CL150,,,石墨,,1916T3071,RCC-M 2,QA1,"1/2""",,个,,KG,
,CPG00102,密封垫片,CL150,,,石墨,,1916T3071,RCC-M 2,QA1,"3/4""",,个,,KG,
,CPG00103,密封垫片,CL150,,,石墨,,1916T3071,RCC-M 2,QA1,"1""",,个,,KG,
,CPG00104,密封垫片,CL150,,,石墨,,1916T3071,RCC-M 2,QA1,"1-1/4""",,个,,KG,
,CPG00105,密封垫片,CL150,,,石墨,,1916T3071,RCC-M 2,QA1,"1-1/2""",,个,,KG,
,CPG00106,密封垫片,CL150,,,石墨,,1916T3071,RCC-M 2,QA1,"2""",,个,,KG,
,CPG00107,密封垫片,CL150,,,石墨,,1916T3071,RCC-M 2,QA1,"2-1/2""",,个,,KG,
,CPG00108,密封垫片,CL150,,,石墨,,1916T3071,RCC-M 2,QA1,"3""",,个,,KG,
,CPG00109,密封垫片,CL150,,,石墨,,1916T3071,RCC-M 2,QA1,"3-1/2""",,个,,KG,
,CPG00110,密封垫片,CL150,,,石墨,,1916T3071,RCC-M 2,QA1,"4""",,个,,KG,
,CPG00111,密封垫片,CL150,,,石墨,,1916T3071,RCC-M 2,QA1,"5""",,个,,KG,
,CPG00112,密封垫片,CL150,,,石墨,,1916T3071,RCC-M 2,QA1,"6""",,个,,KG,
,CPG00113,密封垫片,CL150,,,石墨,,1916T3071,RCC-M 2,QA1,"8""",,个,,KG,
,CPG00114,密封垫片,CL150,,,石墨,,1916T3071,RCC-M 2,QA1,"10""",,个,,KG,
,CPG00115,密封垫片,CL150,,,石墨,,1916T3071,RCC-M 2,QA1,"12""",,个,,KG,
,CPG00116,密封垫片,CL150,,,石墨,,1916T3071,RCC-M 2,QA1,"14""",,个,,KG,
,CPG00117,密封垫片,CL150,,,石墨,,1916T3071,RCC-M 2,QA1,"16""",,个,,KG,
,CPG00118,密封垫片,CL150,,,石墨,,1916T3071,RCC-M 2,QA1,"18""",,个,,KG,
,CPG00119,密封垫片,CL150,,,石墨,,1916T3071,RCC-M 2,QA1,"20""",,个,,KG,
,CPG00120,密封垫片,CL150,,,石墨,,1916T3071,RCC-M 2,QA1,"24""",,个,,KG,
,CPG00121,密封垫片,CL150,,,石墨,,1916T3071,RCC-M 2,QA1,"26""",,个,,KG,
,CPG00122,密封垫片,CL150,,,石墨,,1916T3071,RCC-M 2,QA1,"28""",,个,,KG,
,CPG00123,密封垫片,CL150,,,石墨,,1916T3071,RCC-M 2,QA1,"30""",,个,,KG,
,CPG00124,密封垫片,CL150,,,石墨,,1916T3071,RCC-M 2,QA1,"32""",,个,,KG,
,CPG00125,密封垫片,CL150,,,石墨,,1916T3071,RCC-M 2,QA1,"34""",,个,,KG,
,CPG00126,密封垫片,CL150,,,石墨,,1916T3071,RCC-M 2,QA1,"36""",,个,,KG,
,CPG00127,密封垫片,CL150,,,石墨,,1916T3071,RCC-M 3,QA2,"1/2""",,个,,KG,
,CPG00128,密封垫片,CL150,,,石墨,,1916T3071,RCC-M 3,QA2,"3/4""",,个,,KG,
,CPG00129,密封垫片,CL150,,,石墨,,1916T3071,RCC-M 3,QA2,"1""",,个,,KG,
,CPG00130,密封垫片,CL150,,,石墨,,1916T3071,RCC-M 3,QA2,"1-1/4""",,个,,KG,
,CPG00131,密封垫片,CL150,,,石墨,,1916T3071,RCC-M 3,QA2,"1-1/2""",,个,,KG,
,CPG00132,密封垫片,CL150,,,石墨,,1916T3071,RCC-M 3,QA2,"2""",,个,,KG,
,CPG00133,密封垫片,CL150,,,石墨,,1916T3071,RCC-M 3,QA2,"2-1/2""",,个,,KG,
,CPG00134,密封垫片,CL150,,,石墨,,1916T3071,RCC-M 3,QA2,"3""",,个,,KG,
,CPG00135,密封垫片,CL150,,,石墨,,1916T3071,RCC-M 3,QA2,"3-1/2""",,个,,KG,
,CPG00136,密封垫片,CL150,,,石墨,,1916T3071,RCC-M 3,QA2,"4""",,个,,KG,
,CPG00137,密封垫片,CL150,,,石墨,,1916T3071,RCC-M 3,QA2,"5""",,个,,KG,
,CPG00138,密封垫片,CL150,,,石墨,,1916T3071,RCC-M 3,QA2,"6""",,个,,KG,
,CPG00139,密封垫片,CL150,,,石墨,,1916T3071,RCC-M 3,QA2,"8""",,个,,KG,
,CPG00140,密封垫片,CL150,,,石墨,,1916T3071,RCC-M 3,QA2,"10""",,个,,KG,
,CPG00141,密封垫片,CL150,,,石墨,,1916T3071,RCC-M 3,QA2,"12""",,个,,KG,
,CPG00142,密封垫片,CL150,,,石墨,,1916T3071,RCC-M 3,QA2,"14""",,个,,KG,
,CPG00143,密封垫片,CL150,,,石墨,,1916T3071,RCC-M 3,QA2,"16""",,个,,KG,
,CPG00144,密封垫片,CL150,,,石墨,,1916T3071,RCC-M 3,QA2,"18""",,个,,KG,
,CPG00145,密封垫片,CL150,,,石墨,,1916T3071,RCC-M 3,QA2,"20""",,个,,KG,
,CPG00146,密封垫片,CL150,,,石墨,,1916T3071,RCC-M 3,QA2,"24""",,个,,KG,
,CPG00147,密封垫片,CL150,,,石墨,,1916T3071,RCC-M 3,QA2,"26""",,个,,KG,
,CPG00148,密封垫片,CL150,,,石墨,,1916T3071,RCC-M 3,QA2,"28""",,个,,KG,
,CPG00149,密封垫片,CL150,,,石墨,,1916T3071,RCC-M 3,QA2,"30""",,个,,KG,
,CPG00150,密封垫片,CL150,,,石墨,,1916T3071,RCC-M 3,QA2,"32""",,个,,KG,
,CPG00151,密封垫片,CL150,,,石墨,,1916T3071,RCC-M 3,QA2,"34""",,个,,KG,
,CPG00152,密封垫片,CL150,,,石墨,,1916T3071,RCC-M 3,QA2,"36""",,个,,KG,
,CPG00153,密封垫片,CL150,,,石墨缠绕,D2828,1916T3072,NA,QNCa,"1/2""",,个,,KG,
,CPG00154,密封垫片,CL150,,,石墨缠绕,D2828,1916T3072,NA,QNCa,"3/4""",,个,,KG,
,CPG00155,密封垫片,CL150,,,石墨缠绕,D2828,1916T3072,NA,QNCa,"1""",,个,,KG,
,CPG00156,密封垫片,CL150,,,石墨缠绕,D2828,1916T3072,NA,QNCa,"1-1/4""",,个,,KG,
,CPG00157,密封垫片,CL150,,,石墨缠绕,D2828,1916T3072,NA,QNCa,"1-1/2""",,个,,KG,
,CPG00158,密封垫片,CL150,,,石墨缠绕,D2828,1916T3072,NA,QNCa,"2""",,个,,KG,
,CPG00159,密封垫片,CL150,,,石墨缠绕,D2828,1916T3072,NA,QNCa,"2-1/2""",,个,,KG,
,CPG00160,密封垫片,CL150,,,石墨缠绕,D2828,1916T3072,NA,QNCa,"3""",,个,,KG,
,CPG00161,密封垫片,CL150,,,石墨缠绕,D2828,1916T3072,NA,QNCa,"3-1/2""",,个,,KG,
,CPG00162,密封垫片,CL150,,,石墨缠绕,D2828,1916T3072,NA,QNCa,"4""",,个,,KG,
,CPG00163,密封垫片,CL150,,,石墨缠绕,D2828,1916T3072,NA,QNCa,"5""",,个,,KG,
,CPG00164,密封垫片,CL150,,,石墨缠绕,D2828,1916T3072,NA,QNCa,"6""",,个,,KG,
,CPG00165,密封垫片,CL150,,,石墨缠绕,D2828,1916T3072,NA,QNCa,"8""",,个,,KG,
,CPG00166,密封垫片,CL150,,,石墨缠绕,D2828,1916T3072,NA,QNCa,"10""",,个,,KG,
,CPG00167,密封垫片,CL150,,,石墨缠绕,D2828,1916T3072,NA,QNCa,"12""",,个,,KG,
,CPG00168,密封垫片,CL150,,,石墨缠绕,D2828,1916T3072,NA,QNCa,"14""",,个,,KG,
,CPG00169,密封垫片,CL150,,,石墨缠绕,D2828,1916T3072,NA,QNCa,"16""",,个,,KG,
,CPG00170,密封垫片,CL150,,,石墨缠绕,D2828,1916T3072,NA,QNCa,"18""",,个,,KG,
,CPG00171,密封垫片,CL150,,,石墨缠绕,D2828,1916T3072,NA,QNCa,"20""",,个,,KG,
,CPG00172,密封垫片,CL150,,,石墨缠绕,D2828,1916T3072,NA,QNCa,"24""",,个,,KG,
,CPG00173,密封垫片,CL150,,,石墨缠绕,D2828,1916T3072,NA,QNCa,"26""",,个,,KG,
,CPG00174,密封垫片,CL150,,,石墨缠绕,D2828,1916T3072,NA,QNCa,"28""",,个,,KG,
,CPG00175,密封垫片,CL150,,,石墨缠绕,D2828,1916T3072,NA,QNCa,"30""",,个,,KG,
,CPG00176,密封垫片,CL150,,,石墨缠绕,D2828,1916T3072,NA,QNCa,"32""",,个,,KG,
,CPG00177,密封垫片,CL150,,,石墨缠绕,D2828,1916T3072,NA,QNCa,"34""",,个,,KG,
,CPG00178,密封垫片,CL150,,,石墨缠绕,D2828,1916T3072,NA,QNCa,"36""",,个,,KG,
,CPG00179,密封垫片,CL300,,,石墨,,1916T3071,RCC-M 2,QA1,"1/2""",,个,,KG,
,CPG00180,密封垫片,CL300,,,石墨,,1916T3071,RCC-M 2,QA1,"3/4""",,个,,KG,
,CPG00181,密封垫片,CL300,,,石墨,,1916T3071,RCC-M 2,QA1,"1""",,个,,KG,
,CPG00182,密封垫片,CL300,,,石墨,,1916T3071,RCC-M 2,QA1,"1-1/4""",,个,,KG,
,CPG00183,密封垫片,CL300,,,石墨,,1916T3071,RCC-M 2,QA1,"1-1/2""",,个,,KG,
,CPG00184,密封垫片,CL300,,,石墨,,1916T3071,RCC-M 2,QA1,"2""",,个,,KG,
,CPG00185,密封垫片,CL300,,,石墨,,1916T3071,RCC-M 2,QA1,"2-1/2""",,个,,KG,
,CPG00186,密封垫片,CL300,,,石墨,,1916T3071,RCC-M 2,QA1,"3""",,个,,KG,
,CPG00187,密封垫片,CL300,,,石墨,,1916T3071,RCC-M 2,QA1,"3-1/2""",,个,,KG,
,CPG00188,密封垫片,CL300,,,石墨,,1916T3071,RCC-M 2,QA1,"4""",,个,,KG,
,CPG00189,密封垫片,CL300,,,石墨,,1916T3071,RCC-M 2,QA1,"5""",,个,,KG,
,CPG00190,密封垫片,CL300,,,石墨,,1916T3071,RCC-M 2,QA1,"6""",,个,,KG,
,CPG00191,密封垫片,CL300,,,石墨,,1916T3071,RCC-M 2,QA1,"8""",,个,,KG,
,CPG00192,密封垫片,CL300,,,石墨,,1916T3071,RCC-M 2,QA1,"10""",,个,,KG,
,CPG00193,密封垫片,CL300,,,石墨,,1916T3071,RCC-M 2,QA1,"12""",,个,,KG,
,CPG00194,密封垫片,CL300,,,石墨,,1916T3071,RCC-M 2,QA1,"14""",,个,,KG,
,CPG00195,密封垫片,CL300,,,石墨,,1916T3071,RCC-M 2,QA1,"16""",,个,,KG,
,CPG00196,密封垫片,CL300,,,石墨,,1916T3071,RCC-M 2,QA1,"18""",,个,,KG,
,CPG00197,密封垫片,CL300,,,石墨,,1916T3071,RCC-M 2,QA1,"20""",,个,,KG,
,CPG00198,密封垫片,CL300,,,石墨,,1916T3071,RCC-M 2,QA1,"24""",,个,,KG,
,CPG00199,密封垫片,CL300,,,石墨,,1916T3071,RCC-M 2,QA1,"26""",,个,,KG,
,CPG00200,密封垫片,CL300,,,石墨,,1916T3071,RCC-M 2,QA1,"28""",,个,,KG,
,CPG00201,密封垫片,CL300,,,石墨,,1916T3071,RCC-M 2,QA1,"30""",,个,,KG,
,CPG00202,密封垫片,CL300,,,石墨,,1916T3071,RCC-M 2,QA1,"32""",,个,,KG,
,CPG00203,密封垫片,CL300,,,石墨,,1916T3071,RCC-M 2,QA1,"34""",,个,,KG,
,CPG00204,密封垫片,CL300,,,石墨,,1916T3071,RCC-M 2,QA1,"36""",,个,,KG,
,CPG00205,密封垫片,CL300,,,石墨,,1916T3071,RCC-M 3,QA2,"1/2""",,个,,KG,
,CPG00206,密封垫片,CL300,,,石墨,,1916T3071,RCC-M 3,QA2,"3/4""",,个,,KG,
,CPG00207,密封垫片,CL300,,,石墨,,1916T3071,RCC-M 3,QA2,"1""",,个,,KG,
,CPG00208,密封垫片,CL300,,,石墨,,1916T3071,RCC-M 3,QA2,"1-1/4""",,个,,KG,
,CPG00209,密封垫片,CL300,,,石墨,,1916T3071,RCC-M 3,QA2,"1-1/2""",,个,,KG,
,CPG00210,密封垫片,CL300,,,石墨,,1916T3071,RCC-M 3,QA2,"2""",,个,,KG,
,CPG00211,密封垫片,CL300,,,石墨,,1916T3071,RCC-M 3,QA2,"2-1/2""",,个,,KG,
,CPG00212,密封垫片,CL300,,,石墨,,1916T3071,RCC-M 3,QA2,"3""",,个,,KG,
,CPG00213,密封垫片,CL300,,,石墨,,1916T3071,RCC-M 3,QA2,"3-1/2""",,个,,KG,
,CPG00214,密封垫片,CL300,,,石墨,,1916T3071,RCC-M 3,QA2,"4""",,个,,KG,
,CPG00215,密封垫片,CL300,,,石墨,,1916T3071,RCC-M 3,QA2,"5""",,个,,KG,
,CPG00216,密封垫片,CL300,,,石墨,,1916T3071,RCC-M 3,QA2,"6""",,个,,KG,
,CPG00217,密封垫片,CL300,,,石墨,,1916T3071,RCC-M 3,QA2,"8""",,个,,KG,
,CPG00218,密封垫片,CL300,,,石墨,,1916T3071,RCC-M 3,QA2,"10""",,个,,KG,
,CPG00219,密封垫片,CL300,,,石墨,,1916T3071,RCC-M 3,QA2,"12""",,个,,KG,
,CPG00220,密封垫片,CL300,,,石墨,,1916T3071,RCC-M 3,QA2,"14""",,个,,KG,
,CPG00221,密封垫片,CL300,,,石墨,,1916T3071,RCC-M 3,QA2,"16""",,个,,KG,
,CPG00222,密封垫片,CL300,,,石墨,,1916T3071,RCC-M 3,QA2,"18""",,个,,KG,
,CPG00223,密封垫片,CL300,,,石墨,,1916T3071,RCC-M 3,QA2,"20""",,个,,KG,
,CPG00224,密封垫片,CL300,,,石墨,,1916T3071,RCC-M 3,QA2,"24""",,个,,KG,
,CPG00225,密封垫片,CL300,,,石墨,,1916T3071,RCC-M 3,QA2,"26""",,个,,KG,
,CPG00226,密封垫片,CL300,,,石墨,,1916T3071,RCC-M 3,QA2,"28""",,个,,KG,
,CPG00227,密封垫片,CL300,,,石墨,,1916T3071,RCC-M 3,QA2,"30""",,个,,KG,
,CPG00228,密封垫片,CL300,,,石墨,,1916T3071,RCC-M 3,QA2,"32""",,个,,KG,
,CPG00229,密封垫片,CL300,,,石墨,,1916T3071,RCC-M 3,QA2,"34""",,个,,KG,
,CPG00230,密封垫片,CL300,,,石墨,,1916T3071,RCC-M 3,QA2,"36""",,个,,KG,
,CPG00231,密封垫片,CL600,,,石墨,,1916T3071,RCC-M 2,QA1,"1/2""",,个,,KG,
,CPG00232,密封垫片,CL600,,,石墨,,1916T3071,RCC-M 2,QA1,"3/4""",,个,,KG,
,CPG00233,密封垫片,CL600,,,石墨,,1916T3071,RCC-M 2,QA1,"1""",,个,,KG,
,CPG00234,密封垫片,CL600,,,石墨,,1916T3071,RCC-M 2,QA1,"1-1/4""",,个,,KG,
,CPG00235,密封垫片,CL600,,,石墨,,1916T3071,RCC-M 2,QA1,"1-1/2""",,个,,KG,
,CPG00236,密封垫片,CL600,,,石墨,,1916T3071,RCC-M 2,QA1,"2""",,个,,KG,
,CPG00237,密封垫片,CL600,,,石墨,,1916T3071,RCC-M 2,QA1,"2-1/2""",,个,,KG,
,CPG00238,密封垫片,CL600,,,石墨,,1916T3071,RCC-M 2,QA1,"3""",,个,,KG,
,CPG00239,密封垫片,CL600,,,石墨,,1916T3071,RCC-M 2,QA1,"3-1/2""",,个,,KG,
,CPG00240,密封垫片,CL600,,,石墨,,1916T3071,RCC-M 2,QA1,"4""",,个,,KG,
,CPG00241,密封垫片,CL600,,,石墨,,1916T3071,RCC-M 2,QA1,"5""",,个,,KG,
,CPG00242,密封垫片,CL600,,,石墨,,1916T3071,RCC-M 2,QA1,"6""",,个,,KG,
,CPG00243,密封垫片,CL600,,,石墨,,1916T3071,RCC-M 2,QA1,"8""",,个,,KG,
,CPG00244,密封垫片,CL600,,,石墨,,1916T3071,RCC-M 2,QA1,"10""",,个,,KG,
,CPG00245,密封垫片,CL600,,,石墨,,1916T3071,RCC-M 2,QA1,"12""",,个,,KG,
,CPG00246,密封垫片,CL600,,,石墨,,1916T3071,RCC-M 2,QA1,"14""",,个,,KG,
,CPG00247,密封垫片,CL600,,,石墨,,1916T3071,RCC-M 2,QA1,"16""",,个,,KG,
,CPG00248,密封垫片,CL600,,,石墨,,1916T3071,RCC-M 2,QA1,"18""",,个,,KG,
,CPG00249,密封垫片,CL600,,,石墨,,1916T3071,RCC-M 2,QA1,"20""",,个,,KG,
,CPG00250,密封垫片,CL600,,,石墨,,1916T3071,RCC-M 2,QA1,"24""",,个,,KG,
,CPG00251,密封垫片,CL600,,,石墨,,1916T3071,RCC-M 2,QA1,"26""",,个,,KG,
,CPG00252,密封垫片,CL600,,,石墨,,1916T3071,RCC-M 2,QA1,"28""",,个,,KG,
,CPG00253,密封垫片,CL600,,,石墨,,1916T3071,RCC-M 2,QA1,"30""",,个,,KG,
,CPG00254,密封垫片,CL600,,,石墨,,1916T3071,RCC-M 2,QA1,"32""",,个,,KG,
,CPG00255,密封垫片,CL600,,,石墨,,1916T3071,RCC-M 2,QA1,"34""",,个,,KG,
,CPG00256,密封垫片,CL600,,,石墨,,1916T3071,RCC-M 2,QA1,"36""",,个,,KG,
,CPG00257,密封垫片,CL600,,,石墨,,1916T3071,RCC-M 3,QA2,"1/2""",,个,,KG,
,CPG00258,密封垫片,CL600,,,石墨,,1916T3071,RCC-M 3,QA2,"3/4""",,个,,KG,
,CPG00259,密封垫片,CL600,,,石墨,,1916T3071,RCC-M 3,QA2,"1""",,个,,KG,
,CPG00260,密封垫片,CL600,,,石墨,,1916T3071,RCC-M 3,QA2,"1-1/4""",,个,,KG,
,CPG00261,密封垫片,CL600,,,石墨,,1916T3071,RCC-M 3,QA2,"1-1/2""",,个,,KG,
,CPG00262,密封垫片,CL600,,,石墨,,1916T3071,RCC-M 3,QA2,"2""",,个,,KG,
,CPG00263,密封垫片,CL600,,,石墨,,1916T3071,RCC-M 3,QA2,"2-1/2""",,个,,KG,
,CPG00264,密封垫片,CL600,,,石墨,,1916T3071,RCC-M 3,QA2,"3""",,个,,KG,
,CPG00265,密封垫片,CL600,,,石墨,,1916T3071,RCC-M 3,QA2,"3-1/2""",,个,,KG,
,CPG00266,密封垫片,CL600,,,石墨,,1916T3071,RCC-M 3,QA2,"4""",,个,,KG,
,CPG00267,密封垫片,CL600,,,石墨,,1916T3071,RCC-M 3,QA2,"5""",,个,,KG,
,CPG00268,密封垫片,CL600,,,石墨,,1916T3071,RCC-M 3,QA2,"6""",,个,,KG,
,CPG00269,密封垫片,CL600,,,石墨,,1916T3071,RCC-M 3,QA2,"8""",,个,,KG,
,CPG00270,密封垫片,CL600,,,石墨,,1916T3071,RCC-M 3,QA2,"10""",,个,,KG,
,CPG00271,密封垫片,CL600,,,石墨,,1916T3071,RCC-M 3,QA2,"12""",,个,,KG,
,CPG00272,密封垫片,CL600,,,石墨,,1916T3071,RCC-M 3,QA2,"14""",,个,,KG,
,CPG00273,密封垫片,CL600,,,石墨,,1916T3071,RCC-M 3,QA2,"16""",,个,,KG,
,CPG00274,密封垫片,CL600,,,石墨,,1916T3071,RCC-M 3,QA2,"18""",,个,,KG,
,CPG00275,密封垫片,CL600,,,石墨,,1916T3071,RCC-M 3,QA2,"20""",,个,,KG,
,CPG00276,密封垫片,CL600,,,石墨,,1916T3071,RCC-M 3,QA2,"24""",,个,,KG,
,CPG00277,密封垫片,CL600,,,石墨,,1916T3071,RCC-M 3,QA2,"26""",,个,,KG,
,CPG00278,密封垫片,CL600,,,石墨,,1916T3071,RCC-M 3,QA2,"28""",,个,,KG,
,CPG00279,密封垫片,CL600,,,石墨,,1916T3071,RCC-M 3,QA2,"30""",,个,,KG,
,CPG00280,密封垫片,CL600,,,石墨,,1916T3071,RCC-M 3,QA2,"32""",,个,,KG,
,CPG00281,密封垫片,CL600,,,石墨,,1916T3071,RCC-M 3,QA2,"34""",,个,,KG,
,CPG00282,密封垫片,CL600,,,石墨,,1916T3071,RCC-M 3,QA2,"36""",,个,,KG,
,CPG00283,密封垫片,CL900,,,石墨,,1916T3071,RCC-M 2,QA1,"1/2""",,个,,KG,
,CPG00284,密封垫片,CL900,,,石墨,,1916T3071,RCC-M 2,QA1,"3/4""",,个,,KG,
,CPG00285,密封垫片,CL900,,,石墨,,1916T3071,RCC-M 2,QA1,"1""",,个,,KG,
,CPG00286,密封垫片,CL900,,,石墨,,1916T3071,RCC-M 2,QA1,"1-1/4""",,个,,KG,
,CPG00287,密封垫片,CL900,,,石墨,,1916T3071,RCC-M 2,QA1,"1-1/2""",,个,,KG,
,CPG00288,密封垫片,CL900,,,石墨,,1916T3071,RCC-M 2,QA1,"2""",,个,,KG,
,CPG00289,密封垫片,CL900,,,石墨,,1916T3071,RCC-M 2,QA1,"2-1/2""",,个,,KG,
,CPG00290,密封垫片,CL900,,,石墨,,1916T3071,RCC-M 2,QA1,"3""",,个,,KG,
,CPG00291,密封垫片,CL900,,,石墨,,1916T3071,RCC-M 2,QA1,"3-1/2""",,个,,KG,
,CPG00292,密封垫片,CL900,,,石墨,,1916T3071,RCC-M 2,QA1,"4""",,个,,KG,
,CPG00293,密封垫片,CL900,,,石墨,,1916T3071,RCC-M 2,QA1,"5""",,个,,KG,
,CPG00294,密封垫片,CL900,,,石墨,,1916T3071,RCC-M 2,QA1,"6""",,个,,KG,
,CPG00295,密封垫片,CL900,,,石墨,,1916T3071,RCC-M 2,QA1,"8""",,个,,KG,
,CPG00296,密封垫片,CL900,,,石墨,,1916T3071,RCC-M 2,QA1,"10""",,个,,KG,
,CPG00297,密封垫片,CL900,,,石墨,,1916T3071,RCC-M 2,QA1,"12""",,个,,KG,
,CPG00298,密封垫片,CL900,,,石墨,,1916T3071,RCC-M 2,QA1,"14""",,个,,KG,
,CPG00299,密封垫片,CL900,,,石墨,,1916T3071,RCC-M 2,QA1,"16""",,个,,KG,
,CPG00300,密封垫片,CL900,,,石墨,,1916T3071,RCC-M 2,QA1,"18""",,个,,KG,
,CPG00301,密封垫片,CL900,,,石墨,,1916T3071,RCC-M 2,QA1,"20""",,个,,KG,
,CPG00302,密封垫片,CL900,,,石墨,,1916T3071,RCC-M 2,QA1,"24""",,个,,KG,
,CPG00303,密封垫片,CL900,,,石墨,,1916T3071,RCC-M 2,QA1,"26""",,个,,KG,
,CPG00304,密封垫片,CL900,,,石墨,,1916T3071,RCC-M 2,QA1,"28""",,个,,KG,
,CPG00305,密封垫片,CL900,,,石墨,,1916T3071,RCC-M 2,QA1,"30""",,个,,KG,
,CPG00306,密封垫片,CL900,,,石墨,,1916T3071,RCC-M 2,QA1,"32""",,个,,KG,
,CPG00307,密封垫片,CL900,,,石墨,,1916T3071,RCC-M 2,QA1,"34""",,个,,KG,
,CPG00308,密封垫片,CL900,,,石墨,,1916T3071,RCC-M 2,QA1,"36""",,个,,KG,
,CPG00335,密封垫片,CL1500,,,石墨,,1916T3071,RCC-M 2,QA1,"1/2""",,个,,KG,
,CPG00336,密封垫片,CL1500,,,石墨,,1916T3071,RCC-M 2,QA1,"3/4""",,个,,KG,
,CPG00337,密封垫片,CL1500,,,石墨,,1916T3071,RCC-M 2,QA1,"1""",,个,,KG,
,CPG00338,密封垫片,CL1500,,,石墨,,1916T3071,RCC-M 2,QA1,"1-1/4""",,个,,KG,
,CPG00339,密封垫片,CL1500,,,石墨,,1916T3071,RCC-M 2,QA1,"1-1/2""",,个,,KG,
,CPG00340,密封垫片,CL1500,,,石墨,,1916T3071,RCC-M 2,QA1,"2""",,个,,KG,
,CPG00341,密封垫片,CL1500,,,石墨,,1916T3071,RCC-M 2,QA1,"2-1/2""",,个,,KG,
,CPG00342,密封垫片,CL1500,,,石墨,,1916T3071,RCC-M 2,QA1,"3""",,个,,KG,
,CPG00343,密封垫片,CL1500,,,石墨,,1916T3071,RCC-M 2,QA1,"3-1/2""",,个,,KG,
,CPG00344,密封垫片,CL1500,,,石墨,,1916T3071,RCC-M 2,QA1,"4""",,个,,KG,
,CPG00345,密封垫片,CL1500,,,石墨,,1916T3071,RCC-M 2,QA1,"5""",,个,,KG,
,CPG00346,密封垫片,CL1500,,,石墨,,1916T3071,RCC-M 2,QA1,"6""",,个,,KG,
,CPG00347,密封垫片,CL1500,,,石墨,,1916T3071,RCC-M 2,QA1,"8""",,个,,KG,
,CPG00348,密封垫片,CL1500,,,石墨,,1916T3071,RCC-M 2,QA1,"10""",,个,,KG,
,CPG00349,密封垫片,CL1500,,,石墨,,1916T3071,RCC-M 2,QA1,"12""",,个,,KG,
,CPG00350,密封垫片,CL1500,,,石墨,,1916T3071,RCC-M 2,QA1,"14""",,个,,KG,
,CPG00351,密封垫片,CL1500,,,石墨,,1916T3071,RCC-M 2,QA1,"16""",,个,,KG,
,CPG00352,密封垫片,CL1500,,,石墨,,1916T3071,RCC-M 2,QA1,"18""",,个,,KG,
,CPG00353,密封垫片,CL1500,,,石墨,,1916T3071,RCC-M 2,QA1,"20""",,个,,KG,
,CPG00354,密封垫片,CL1500,,,石墨,,1916T3071,RCC-M 2,QA1,"24""",,个,,KG,
,CPG00355,密封垫片,CL1500,,,石墨,,1916T3071,RCC-M 2,QA1,"26""",,个,,KG,
,CPG00356,密封垫片,CL1500,,,石墨,,1916T3071,RCC-M 2,QA1,"28""",,个,,KG,
,CPG00357,密封垫片,CL1500,,,石墨,,1916T3071,RCC-M 2,QA1,"30""",,个,,KG,
,CPG00358,密封垫片,CL1500,,,石墨,,1916T3071,RCC-M 2,QA1,"32""",,个,,KG,
,CPG00359,密封垫片,CL1500,,,石墨,,1916T3071,RCC-M 2,QA1,"34""",,个,,KG,
,CPG00360,密封垫片,CL1500,,,石墨,,1916T3071,RCC-M 2,QA1,"36""",,个,,KG,
,CPG00361,密封垫片,CL2500,,,石墨,,1916T3071,RCC-M 1,QA1,"1/2""",,个,,KG,
,CPG00362,密封垫片,CL2500,,,石墨,,1916T3071,RCC-M 1,QA1,"3/4""",,个,,KG,
,CPG00363,密封垫片,CL2500,,,石墨,,1916T3071,RCC-M 1,QA1,"1""",,个,,KG,
,CPG00364,密封垫片,CL2500,,,石墨,,1916T3071,RCC-M 1,QA1,"1-1/4""",,个,,KG,
,CPG00365,密封垫片,CL2500,,,石墨,,1916T3071,RCC-M 1,QA1,"1-1/2""",,个,,KG,
,CPG00366,密封垫片,CL2500,,,石墨,,1916T3071,RCC-M 1,QA1,"2""",,个,,KG,
,CPG00367,密封垫片,CL2500,,,石墨,,1916T3071,RCC-M 1,QA1,"2-1/2""",,个,,KG,
,CPG00368,密封垫片,CL2500,,,石墨,,1916T3071,RCC-M 1,QA1,"3""",,个,,KG,
,CPG00369,密封垫片,CL2500,,,石墨,,1916T3071,RCC-M 1,QA1,"3-1/2""",,个,,KG,
,CPG00370,密封垫片,CL2500,,,石墨,,1916T3071,RCC-M 1,QA1,"4""",,个,,KG,
,CPG00371,密封垫片,CL2500,,,石墨,,1916T3071,RCC-M 1,QA1,"5""",,个,,KG,
,CPG00372,密封垫片,CL2500,,,石墨,,1916T3071,RCC-M 1,QA1,"6""",,个,,KG,
,CPG00373,密封垫片,CL2500,,,石墨,,1916T3071,RCC-M 1,QA1,"8""",,个,,KG,
,CPG00374,密封垫片,CL2500,,,石墨,,1916T3071,RCC-M 1,QA1,"10""",,个,,KG,
,CPG00375,密封垫片,CL2500,,,石墨,,1916T3071,RCC-M 1,QA1,"12""",,个,,KG,
,CPG00376,密封垫片,CL2500,,,石墨,,1916T3071,RCC-M 1,QA1,"14""",,个,,KG,
,CPG00377,密封垫片,CL2500,,,石墨,,1916T3071,RCC-M 1,QA1,"16""",,个,,KG,
,CPG00378,密封垫片,CL2500,,,石墨,,1916T3071,RCC-M 1,QA1,"18""",,个,,KG,
,CPG00379,密封垫片,CL2500,,,石墨,,1916T3071,RCC-M 1,QA1,"20""",,个,,KG,
,CPG00380,密封垫片,CL2500,,,石墨,,1916T3071,RCC-M 1,QA1,"24""",,个,,KG,
,CPG00381,密封垫片,CL2500,,,石墨,,1916T3071,RCC-M 1,QA1,"26""",,个,,KG,
,CPG00382,密封垫片,CL2500,,,石墨,,1916T3071,RCC-M 1,QA1,"28""",,个,,KG,
,CPG00383,密封垫片,CL2500,,,石墨,,1916T3071,RCC-M 1,QA1,"30""",,个,,KG,
,CPG00384,密封垫片,CL2500,,,石墨,,1916T3071,RCC-M 1,QA1,"32""",,个,,KG,
,CPG00385,密封垫片,CL2500,,,石墨,,1916T3071,RCC-M 1,QA1,"34""",,个,,KG,
,CPG00386,密封垫片,CL2500,,,石墨,,1916T3071,RCC-M 1,QA1,"36""",,个,,KG,
,CPG00387,密封垫片,CL2500,,,石墨,,1916T3071,RCC-M 2,QA1,"1/2""",,个,,KG,
,CPG00388,密封垫片,CL2500,,,石墨,,1916T3071,RCC-M 2,QA1,"3/4""",,个,,KG,
,CPG00389,密封垫片,CL2500,,,石墨,,1916T3071,RCC-M 2,QA1,"1""",,个,,KG,
,CPG00390,密封垫片,CL2500,,,石墨,,1916T3071,RCC-M 2,QA1,"1-1/4""",,个,,KG,
,CPG00391,密封垫片,CL2500,,,石墨,,1916T3071,RCC-M 2,QA1,"1-1/2""",,个,,KG,
,CPG00392,密封垫片,CL2500,,,石墨,,1916T3071,RCC-M 2,QA1,"2""",,个,,KG,
,CPG00393,密封垫片,CL2500,,,石墨,,1916T3071,RCC-M 2,QA1,"2-1/2""",,个,,KG,
,CPG00394,密封垫片,CL2500,,,石墨,,1916T3071,RCC-M 2,QA1,"3""",,个,,KG,
,CPG00395,密封垫片,CL2500,,,石墨,,1916T3071,RCC-M 2,QA1,"3-1/2""",,个,,KG,
,CPG00396,密封垫片,CL2500,,,石墨,,1916T3071,RCC-M 2,QA1,"4""",,个,,KG,
,CPG00397,密封垫片,CL2500,,,石墨,,1916T3071,RCC-M 2,QA1,"5""",,个,,KG,
,CPG00398,密封垫片,CL2500,,,石墨,,1916T3071,RCC-M 2,QA1,"6""",,个,,KG,
,CPG00399,密封垫片,CL2500,,,石墨,,1916T3071,RCC-M 2,QA1,"8""",,个,,KG,
,CPG00400,密封垫片,CL2500,,,石墨,,1916T3071,RCC-M 2,QA1,"10""",,个,,KG,
,CPG00401,密封垫片,CL2500,,,石墨,,1916T3071,RCC-M 2,QA1,"12""",,个,,KG,
,CPG00402,密封垫片,CL2500,,,石墨,,1916T3071,RCC-M 2,QA1,"14""",,个,,KG,
,CPG00403,密封垫片,CL2500,,,石墨,,1916T3071,RCC-M 2,QA1,"16""",,个,,KG,
,CPG00404,密封垫片,CL2500,,,石墨,,1916T3071,RCC-M 2,QA1,"18""",,个,,KG,
,CPG00405,密封垫片,CL2500,,,石墨,,1916T3071,RCC-M 2,QA1,"20""",,个,,KG,
,CPG00406,密封垫片,CL2500,,,石墨,,1916T3071,RCC-M 2,QA1,"24""",,个,,KG,
,CPG00407,密封垫片,CL2500,,,石墨,,1916T3071,RCC-M 2,QA1,"26""",,个,,KG,
,CPG00408,密封垫片,CL2500,,,石墨,,1916T3071,RCC-M 2,QA1,"28""",,个,,KG,
,CPG00409,密封垫片,CL2500,,,石墨,,1916T3071,RCC-M 2,QA1,"30""",,个,,KG,
,CPG00410,密封垫片,CL2500,,,石墨,,1916T3071,RCC-M 2,QA1,"32""",,个,,KG,
,CPG00411,密封垫片,CL2500,,,石墨,,1916T3071,RCC-M 2,QA1,"34""",,个,,KG,
,CPG00412,密封垫片,CL2500,,,石墨,,1916T3071,RCC-M 2,QA1,"36""",,个,,KG,
,CPG00421,密封垫片,CL1500,,,石墨,,1916T3071,RCC-M 1,QA1,"1/2""",,个,,KG,
,CPG00422,密封垫片,CL1500,,,石墨,,1916T3071,RCC-M 1,QA1,"3/4""",,个,,KG,
,CPG00423,密封垫片,CL1500,,,石墨,,1916T3071,RCC-M 1,QA1,"1""",,个,,KG,
,CPG00424,密封垫片,CL1500,,,石墨,,1916T3071,RCC-M 1,QA1,"1-1/4""",,个,,KG,
,CPG00425,密封垫片,CL1500,,,石墨,,1916T3071,RCC-M 1,QA1,"1-1/2""",,个,,KG,
,CPG00426,密封垫片,CL1500,,,石墨,,1916T3071,RCC-M 1,QA1,"2""",,个,,KG,
,CPG00427,密封垫片,CL1500,,,石墨,,1916T3071,RCC-M 1,QA1,"2-1/2""",,个,,KG,
,CPG00428,密封垫片,CL1500,,,石墨,,1916T3071,RCC-M 1,QA1,"3""",,个,,KG,
,CPG00429,密封垫片,CL1500,,,石墨,,1916T3071,RCC-M 1,QA1,"3-1/2""",,个,,KG,
,CPG00430,密封垫片,CL1500,,,石墨,,1916T3071,RCC-M 1,QA1,"4""",,个,,KG,
,CPG00431,密封垫片,CL1500,,,石墨,,1916T3071,RCC-M 1,QA1,"5""",,个,,KG,
,CPG00432,密封垫片,CL1500,,,石墨,,1916T3071,RCC-M 1,QA1,"6""",,个,,KG,
,CPG00433,密封垫片,CL1500,,,石墨,,1916T3071,RCC-M 1,QA1,"8""",,个,,KG,
,CPG00434,密封垫片,CL1500,,,石墨,,1916T3071,RCC-M 1,QA1,"10""",,个,,KG,
,CPG00435,密封垫片,CL1500,,,石墨,,1916T3071,RCC-M 1,QA1,"12""",,个,,KG,
,CPG00436,密封垫片,CL1500,,,石墨,,1916T3071,RCC-M 1,QA1,"14""",,个,,KG,
,CPG00437,密封垫片,CL1500,,,石墨,,1916T3071,RCC-M 1,QA1,"16""",,个,,KG,
,CPG00438,密封垫片,CL1500,,,石墨,,1916T3071,RCC-M 1,QA1,"18""",,个,,KG,
,CPG00439,密封垫片,CL1500,,,石墨,,1916T3071,RCC-M 1,QA1,"20""",,个,,KG,
,CPG00440,密封垫片,CL1500,,,石墨,,1916T3071,RCC-M 1,QA1,"24""",,个,,KG,
,CPG00441,密封垫片,CL1500,,,石墨,,1916T3071,RCC-M 1,QA1,"26""",,个,,KG,
,CPG00442,密封垫片,CL1500,,,石墨,,1916T3071,RCC-M 1,QA1,"28""",,个,,KG,
,CPG00443,密封垫片,CL1500,,,石墨,,1916T3071,RCC-M 1,QA1,"30""",,个,,KG,
,CPG00444,密封垫片,CL1500,,,石墨,,1916T3071,RCC-M 1,QA1,"32""",,个,,KG,
,CPG00445,密封垫片,CL1500,,,石墨,,1916T3071,RCC-M 1,QA1,"34""",,个,,KG,
,CPG00446,密封垫片,CL1500,,,石墨,,1916T3071,RCC-M 1,QA1,"36""",,个,,KG,
,CPG00455,密封垫,3mm,,,氯丁橡胶 硬度70,,NF M 87-641,NA,QNCa,"3""",,个,,KG,
,CPG00456,密封垫,3mm,,,氯丁橡胶 硬度70,,NF M 87-641,NA,QNCa,"2""",,个,,KG,
,CPG00457,密封垫,3mm,,,氯丁橡胶 硬度70,,NF M 87-641,NA,QNCa,"1-1/2""",,个,,KG,
,CPG00458,密封垫,3mm,,,氯丁橡胶 硬度70,,NF M 87-641,NA,QNCa,"4""",,个,,KG,
,CPG00459,密封垫,3mm,,,氯丁橡胶 硬度70,,NF M 87-641,NA,QNCa,"6""",,个,,KG,
,CPG00512,密封垫片,CL300,,,石墨缠绕,D2828,1916T3072,NA,QNCa,"1/2""",,个,,KG,
,CPG00513,密封垫片,CL300,,,石墨缠绕,D2828,1916T3072,NA,QNCa,"3/4""",,个,,KG,
,CPG00514,密封垫片,CL300,,,石墨缠绕,D2828,1916T3072,NA,QNCa,"1""",,个,,KG,
,CPG00515,密封垫片,CL300,,,石墨缠绕,D2828,1916T3072,NA,QNCa,"1-1/4""",,个,,KG,
,CPG00516,密封垫片,CL300,,,石墨缠绕,D2828,1916T3072,NA,QNCa,"1-1/2""",,个,,KG,
,CPG00517,密封垫片,CL300,,,石墨缠绕,D2828,1916T3072,NA,QNCa,"2""",,个,,KG,
,CPG00518,密封垫片,CL300,,,石墨缠绕,D2828,1916T3072,NA,QNCa,"2-1/2""",,个,,KG,
,CPG00519,密封垫片,CL300,,,石墨缠绕,D2828,1916T3072,NA,QNCa,"3""",,个,,KG,
,CPG00520,密封垫片,CL300,,,石墨缠绕,D2828,1916T3072,NA,QNCa,"3-1/2""",,个,,KG,
,CPG00521,密封垫片,CL300,,,石墨缠绕,D2828,1916T3072,NA,QNCa,"4""",,个,,KG,
,CPG00522,密封垫片,CL300,,,石墨缠绕,D2828,1916T3072,NA,QNCa,"5""",,个,,KG,
,CPG00523,密封垫片,CL300,,,石墨缠绕,D2828,1916T3072,NA,QNCa,"6""",,个,,KG,
,CPG00524,密封垫片,CL300,,,石墨缠绕,D2828,1916T3072,NA,QNCa,"8""",,个,,KG,
,CPG00525,密封垫片,CL300,,,石墨缠绕,D2828,1916T3072,NA,QNCa,"10""",,个,,KG,
,CPG00526,密封垫片,CL300,,,石墨缠绕,D2828,1916T3072,NA,QNCa,"12""",,个,,KG,
,CPG00527,密封垫片,CL300,,,石墨缠绕,D2828,1916T3072,NA,QNCa,"14""",,个,,KG,
,CPG00528,密封垫片,CL300,,,石墨缠绕,D2828,1916T3072,NA,QNCa,"16""",,个,,KG,
,CPG00529,密封垫片,CL300,,,石墨缠绕,D2828,1916T3072,NA,QNCa,"18""",,个,,KG,
,CPG00530,密封垫片,CL300,,,石墨缠绕,D2828,1916T3072,NA,QNCa,"20""",,个,,KG,
,CPG00531,密封垫片,CL300,,,石墨缠绕,D2828,1916T3072,NA,QNCa,"24""",,个,,KG,
,CPG00532,密封垫片,CL300,,,石墨缠绕,D2828,1916T3072,NA,QNCa,"26""",,个,,KG,
,CPG00533,密封垫片,CL300,,,石墨缠绕,D2828,1916T3072,NA,QNCa,"28""",,个,,KG,
,CPG00534,密封垫片,CL300,,,石墨缠绕,D2828,1916T3072,NA,QNCa,"30""",,个,,KG,
,CPG00535,密封垫片,CL300,,,石墨缠绕,D2828,1916T3072,NA,QNCa,"32""",,个,,KG,
,CPG00536,密封垫片,CL300,,,石墨缠绕,D2828,1916T3072,NA,QNCa,"34""",,个,,KG,
,CPG00537,密封垫片,CL300,,,石墨缠绕,D2828,1916T3072,NA,QNCa,"36""",,个,,KG,
,CPG00540,密封垫片,CL150(3.2mm),,,PTFE(聚四氟乙烯),,1916T3074,RCC-M 3,QA2,"3""",,个,,KG,压力(壁厚)一栏括号内为垫片厚度
,CPG00541,密封垫片,CL150(3.2mm),,,PTFE(聚四氟乙烯),,1916T3074,RCC-M 3,QA2,"3-1/2""",,个,,KG,压力(壁厚)一栏括号内为垫片厚度
,CPG00542,密封垫片,CL150(3.2mm),,,PTFE(聚四氟乙烯),,1916T3074,RCC-M 3,QA2,"4""",,个,,KG,压力(壁厚)一栏括号内为垫片厚度
,CPG00543,密封垫片,CL150(3.2mm),,,PTFE(聚四氟乙烯),,1916T3074,RCC-M 3,QA2,"5""",,个,,KG,压力(壁厚)一栏括号内为垫片厚度
,CPG00544,密封垫片,CL150(3.2mm),,,PTFE(聚四氟乙烯),,1916T3074,RCC-M 3,QA2,"6""",,个,,KG,压力(壁厚)一栏括号内为垫片厚度
,CPG00545,密封垫片,CL150(3.2mm),,,PTFE(聚四氟乙烯),,1916T3074,RCC-M 3,QA2,"8""",,个,,KG,压力(壁厚)一栏括号内为垫片厚度
,CPG00546,密封垫片,CL150(3.2mm),,,PTFE(聚四氟乙烯),,1916T3074,RCC-M 3,QA2,"10""",,个,,KG,压力(壁厚)一栏括号内为垫片厚度
,CPG00547,密封垫片,CL150(3.2mm),,,PTFE(聚四氟乙烯),,1916T3074,RCC-M 3,QA2,"12""",,个,,KG,压力(壁厚)一栏括号内为垫片厚度
,CPG00548,密封垫片,CL150(3.2mm),,,PTFE(聚四氟乙烯),,1916T3074,RCC-M 3,QA2,"14""",,个,,KG,压力(壁厚)一栏括号内为垫片厚度
,CPG00549,密封垫片,CL150(3.2mm),,,PTFE(聚四氟乙烯),,1916T3074,RCC-M 3,QA2,"16""",,个,,KG,压力(壁厚)一栏括号内为垫片厚度
,CPG00550,密封垫片,CL150(3.2mm),,,PTFE(聚四氟乙烯),,1916T3074,RCC-M 3,QA2,"18""",,个,,KG,压力(壁厚)一栏括号内为垫片厚度
,CPG00551,密封垫片,CL150(3.2mm),,,PTFE(聚四氟乙烯),,1916T3074,RCC-M 3,QA2,"20""",,个,,KG,压力(壁厚)一栏括号内为垫片厚度
,CPG00552,密封垫片,CL150(3.2mm),,,PTFE(聚四氟乙烯),,1916T3074,RCC-M 3,QA2,"24""",,个,,KG,压力(壁厚)一栏括号内为垫片厚度
,CPG00553,密封垫片,CL150(3.2mm),,,PTFE(聚四氟乙烯),,1916T3074,RCC-M 3,QA2,"26""",,个,,KG,压力(壁厚)一栏括号内为垫片厚度
,CPG00554,密封垫片,CL150(3.2mm),,,PTFE(聚四氟乙烯),,1916T3074,RCC-M 3,QA2,"28""",,个,,KG,压力(壁厚)一栏括号内为垫片厚度
,CPG00555,密封垫片,CL150(3.2mm),,,PTFE(聚四氟乙烯),,1916T3074,RCC-M 3,QA2,"30""",,个,,KG,压力(壁厚)一栏括号内为垫片厚度
,CPG00556,密封垫片,CL150(3.2mm),,,PTFE(聚四氟乙烯),,1916T3074,RCC-M 3,QA2,"32""",,个,,KG,压力(壁厚)一栏括号内为垫片厚度
,CPG00557,密封垫片,CL150(3.2mm),,,PTFE(聚四氟乙烯),,1916T3074,RCC-M 3,QA2,"34""",,个,,KG,压力(壁厚)一栏括号内为垫片厚度
,CPG00558,密封垫片,CL150(3.2mm),,,PTFE(聚四氟乙烯),,1916T3074,RCC-M 3,QA2,"36""",,个,,KG,压力(壁厚)一栏括号内为垫片厚度
,CPG00601,带内环和定位环型缠绕式垫片,PN16,,,石墨缠绕,,GB/T 4622.2-2008,NA,QNCa,DN15,,个,,KG,
,CPG00602,带内环和定位环型缠绕式垫片,PN16,,,石墨缠绕,,GB/T 4622.2-2008,NA,QNCa,DN20,,个,,KG,
,CPG00603,带内环和定位环型缠绕式垫片,PN16,,,石墨缠绕,,GB/T 4622.2-2008,NA,QNCa,DN25,,个,,KG,
,CPG00604,带内环和定位环型缠绕式垫片,PN16,,,石墨缠绕,,GB/T 4622.2-2008,NA,QNCa,DN32,,个,,KG,
,CPG00605,带内环和定位环型缠绕式垫片,PN16,,,石墨缠绕,,GB/T 4622.2-2008,NA,QNCa,DN40,,个,,KG,
,CPG00606,带内环和定位环型缠绕式垫片,PN16,,,石墨缠绕,,GB/T 4622.2-2008,NA,QNCa,DN50,,个,,KG,
,CPG00607,带内环和定位环型缠绕式垫片,PN16,,,石墨缠绕,,GB/T 4622.2-2008,NA,QNCa,DN65,,个,,KG,
,CPG00608,带内环和定位环型缠绕式垫片,PN16,,,石墨缠绕,,GB/T 4622.2-2008,NA,QNCa,DN80,,个,,KG,
,CPG00609,带内环和定位环型缠绕式垫片,PN16,,,石墨缠绕,,GB/T 4622.2-2008,NA,QNCa,DN100,,个,,KG,
,CPG00610,带内环和定位环型缠绕式垫片,PN16,,,石墨缠绕,,GB/T 4622.2-2008,NA,QNCa,DN125,,个,,KG,
,CPG00611,带内环和定位环型缠绕式垫片,PN16,,,石墨缠绕,,GB/T 4622.2-2008,NA,QNCa,DN150,,个,,KG,
,CPG00612,带内环和定位环型缠绕式垫片,PN16,,,石墨缠绕,,GB/T 4622.2-2008,NA,QNCa,DN200,,个,,KG,
,CPG00613,带内环和定位环型缠绕式垫片,PN16,,,石墨缠绕,,GB/T 4622.2-2008,NA,QNCa,DN250,,个,,KG,
,CPG00614,带内环和定位环型缠绕式垫片,PN16,,,石墨缠绕,,GB/T 4622.2-2008,NA,QNCa,DN300,,个,,KG,
,CPG00615,带内环和定位环型缠绕式垫片,PN16,,,石墨缠绕,,GB/T 4622.2-2008,NA,QNCa,DN350,,个,,KG,
,CPG00616,密封垫片,PN16(3mm),,,橡胶,,GB/T 9126-2008,NA,QNCa,DN25,,个,,KG,压力(壁厚)一栏括号内为垫片厚度
,CPG00617,密封垫片,PN16(3mm),,,橡胶,,GB/T 9126-2008,NA,QNCa,DN32,,个,,KG,压力(壁厚)一栏括号内为垫片厚度
,CPG00618,密封垫片,PN16(3mm),,,橡胶,,GB/T 9126-2008,NA,QNCa,DN40,,个,,KG,压力(壁厚)一栏括号内为垫片厚度
,CPG00619,密封垫片,PN16(3mm),,,橡胶,,GB/T 9126-2008,NA,QNCa,DN50,,个,,KG,压力(壁厚)一栏括号内为垫片厚度
,CPG00620,密封垫片,PN16(3mm),,,橡胶,,GB/T 9126-2008,NA,QNCa,DN65,,个,,KG,压力(壁厚)一栏括号内为垫片厚度
,CPG00621,密封垫片,PN16(3mm),,,橡胶,,GB/T 9126-2008,NA,QNCa,DN80,,个,,KG,压力(壁厚)一栏括号内为垫片厚度
,CPG00622,密封垫片,PN16(3mm),,,橡胶,,GB/T 9126-2008,NA,QNCa,DN100,,个,,KG,压力(壁厚)一栏括号内为垫片厚度
,CPG00623,密封垫片,PN16(3mm),,,橡胶,,GB/T 9126-2008,NA,QNCa,DN125,,个,,KG,压力(壁厚)一栏括号内为垫片厚度
,CPG00624,密封垫片,PN16(3mm),,,橡胶,,GB/T 9126-2008,NA,QNCa,DN150,,个,,KG,压力(壁厚)一栏括号内为垫片厚度
,CPG00625,密封垫片,PN16(3mm),,RF,丁基橡胶,GB/T 5574-2008,GB/T 9126-2008,NA,QNCa,DN200,,个,,KG,压力(壁厚)一栏括号内为垫片厚度，连接形式一栏指对应的法兰形式
,CPG00626,密封垫片,PN16(3mm),,,橡胶,,GB/T 9126-2008,NA,QNCa,DN250,,个,,KG,压力(壁厚)一栏括号内为垫片厚度
,CPG00627,密封垫片,PN16(3mm),,,橡胶,,GB/T 9126-2008,NA,QNCa,DN300,,个,,KG,压力(壁厚)一栏括号内为垫片厚度
,CPG00628,密封垫片,CL150(3.2mm),,,PTFE(聚四氟乙烯),,1916T3074,RCC-M 3,QA2,"1""",,个,,KG,压力(壁厚)一栏括号内为垫片厚度
,CPG00630,密封垫片,CL150(3.2mm),,,PTFE(聚四氟乙烯),,1916T3074,RCC-M 3,QA2,"3/4""",,个,,KG,压力(壁厚)一栏括号内为垫片厚度
,CPG00639,垫圈,,,,TP2,GB/T 2040-2008,1916E4001-055,NA,QA3,26x18x2,,个,,KG,
,CPG00640,垫圈,,,,非石棉纤维板,GB/T 9129-2003,1916E4001-055,NA,QA3,50x35x2,,个,,KG,
,CPG00649,楔形垫片THK=100,CL150,,,玻璃丝,,1916G4094,RCC-M 3,QA2,"18""",,个,,KG,介质为海水，安装调整用
,CPG00650,楔形垫片THK=100,CL150,,,玻璃丝,,1916G4094,RCC-M 3,QA2,"24""",,个,,KG,介质为海水，安装调整用
,CPG00651,楔形垫片THK=100,CL150,,,玻璃丝,,1916G4094,RCC-M 3,QA2,"30""",,个,,KG,介质为海水，安装调整用
,CPG00652,楔形垫片THK=100,CL150,,,玻璃丝,,1916G4094,RCC-M 3,QA2,"32""",,个,,KG,介质为海水，安装调整用
,CPG00654,楔形垫片THK=100,CL150,,,玻璃丝,,1916G4094,RCC-M 3,QA2,"6""",,个,,KG,介质为海水，安装调整用
,CPG00655,密封垫片,CL150(3.2mm),,,PTFE(聚四氟乙烯),,1916T3074,RCC-M 3,QA2,"2""",,个,,KG,压力(壁厚)一栏括号内为垫片厚度
,CPG00656,管线盲板,CL150,,,022Cr19Ni10,,ASME B16.48,RCC-M 2,QA1,"6""",,个,,KG,
,CPG00657,楔形垫片THK=100,CL150,,,玻璃丝,,1916G4094,NA,QNCb,"18""",,个,,KG,
,CPG00658,楔形垫片THK=100,CL150,,,玻璃丝,,1916G4094,NA,QNCb,"24""",,个,,KG,
,CPG00659,楔形垫片THK=100,CL150,,,玻璃丝,,1916G4094,NA,QNCb,"30""",,个,,KG,
,CPG00660,楔形垫片THK=100,CL150,,,玻璃丝,,1916G4094,NA,QNCb,"32""",,个,,KG,
,CPG00661,楔形垫片THK=100,CL150,,,玻璃丝,,1916G4094,NA,QNCb,"6""",,个,,KG,
,CPG00662,带内环和定位环型缠绕式垫片,PN16,,,石墨缠绕,,GB/T 4622.2-2008,NA,QNCa,DN400,,个,,KG,
,CPG00663,带内环和定位环型缠绕式垫片,PN16,,,石墨缠绕,,GB/T 4622.2-2008,NA,QNCa,DN450,,个,,KG,
,CPG00664,带内环和定位环型缠绕式垫片,PN16,,,石墨缠绕,,GB/T 4622.2-2008,NA,QNCa,DN500,,个,,KG,
,CPG00667,楔形垫片THK=100,CL150,,,玻璃丝,,1916G4094,RCC-M 3,QA2,"3""",,个,,KG,介质为海水，安装调整用
,CPG00670,楔形垫片THK=100,CL150,,,玻璃丝,,1916G4094,NA,QA2,"3""",,个,,KG,介质为海水，安装调整用
,CPG00671,密封垫片,CL1500,,,石墨缠绕,D2828,1916T3072,NA,QNCa,"3/4""",,个,,KG,
,CPG00672,密封垫片,CL1500,,,石墨缠绕,D2828,1916T3072,NA,QNCa,"2""",,个,,KG,
,CPG00673,密封垫片,CL600,,,石墨缠绕,D2828,1916T3072,NA,QNCa,"1/2""",,个,,KG,
,CPG00674,密封垫片,PN16,,FF,PTFE(聚四氟乙烯),GB/T 9129-2003,GB/T 9126-2008,NA,QNC,DN25,,个,,KG,连接形式为对应法兰的连接形式
,CPG00675,密封垫片,PN16,,FF,PTFE(聚四氟乙烯),GB/T 9129-2003,GB/T 9126-2008,NA,QNC,DN80,,个,,KG,连接形式为对应法兰的连接形式
,CPG00676,楔形垫片THK=100,CL150,,,玻璃丝,,1916G4094,NA,QA3,"3""",,个,,KG,介质为海水，安装调整用
,CPG00677,楔形垫片THK=100,CL150,,,玻璃丝,,1916G4094,NA,QA3,"18""",,个,,KG,
,CPG00678,楔形垫片THK=100,CL150,,,玻璃丝,,1916G4094,NA,QA3,"24""",,个,,KG,
,CPG00679,楔形垫片THK=100,CL150,,,玻璃丝,,1916G4094,NA,QA3,"30""",,个,,KG,
,CPG00680,楔形垫片THK=100,CL150,,,玻璃丝,,1916G4094,NA,QA3,"32""",,个,,KG,
,CPG00681,楔形垫片THK=100,CL150,,,玻璃丝,,1916G4094,NA,QA3,"6""",,个,,KG,
,CPG60001,突面法兰用LATTYgold92非金属垫片,1.6MPa(3mm),,,非石棉纤维垫片,,GB/T 9129-2003,NA,QNCa,DN100,,个,,KG,压力(壁厚)一栏括号内为垫片厚度
,CPG60002,突面法兰用LATTYgold92非金属垫片,1.6MPa(3mm),,,非石棉纤维垫片,,GB/T 9129-2003,NA,QNCa,DN65,,个,,KG,压力(壁厚)一栏括号内为垫片厚度
,CPG60003,突面法兰用Garlock8314非金属垫片,1.6MPa(3mm),,,三元乙丙橡胶,,GB/T 9129-2003,NA,QNCa,DN100,,个,,KG,压力(壁厚)一栏括号内为垫片厚度
,CPG60004,突面法兰用Garlock8314非金属垫片,1.6MPa(3mm),,,三元乙丙橡胶,,GB/T 9129-2003,NA,QNCa,DN150,,个,,KG,压力(壁厚)一栏括号内为垫片厚度
,CPG60005,突面法兰用Garlock8314非金属垫片,1.6MPa(3mm),,,三元乙丙橡胶,,GB/T 9129-2003,NA,QNCa,DN200,,个,,KG,压力(壁厚)一栏括号内为垫片厚度
,CPG60006,突面法兰用Garlock8314非金属垫片,1.6MPa(3mm),,,三元乙丙橡胶,,GB/T 9129-2003,NA,QNCa,DN25,,个,,KG,压力(壁厚)一栏括号内为垫片厚度
,CPG60007,突面法兰用Garlock8314非金属垫片,1.6MPa(3mm),,,三元乙丙橡胶,,GB/T 9129-2003,NA,QNCa,DN250,,个,,KG,压力(壁厚)一栏括号内为垫片厚度
,CPG60008,突面法兰用Garlock8314非金属垫片,1.6MPa(3mm),,,三元乙丙橡胶,,GB/T 9129-2003,NA,QNCa,DN40,,个,,KG,压力(壁厚)一栏括号内为垫片厚度
,CPG60009,突面法兰用Garlock8314非金属垫片,1.6MPa(3mm),,,三元乙丙橡胶,,GB/T 9129-2003,NA,QNCa,DN80,,个,,KG,压力(壁厚)一栏括号内为垫片厚度
,CPG60010,带内环和定位环型缠绕式垫片,1.0MPa,,,石墨缠绕,,GB/T 4622.2-2008,NA,QNCa,DN100,,个,,KG,
,CPG60011,带内环和定位环型缠绕式垫片,1.0MPa,,,石墨缠绕,,GB/T 4622.2-2008,NA,QNCa,DN300,,个,,KG,
,CPG60012,突面法兰用LATTYgold92非金属垫片,1.6MPa(3mm),,,非石棉纤维垫片,,GB/T 9129-2003,NA,QNCa,DN50,,个,,KG,压力(壁厚)一栏括号内为垫片厚度
,CPI00838,多级节流孔板,31.75mm,SS,BW,P280GH,RCC-M M1152,FQZ32300S45716A44DD,NA,QA3,"18""",,个,,KG,
,CPI00839,单级节流孔板,38.1mm,SS,BW,P280GH,RCC-M M1152,FQZ32300S46716A44DD,NA,QA3,"20""",,个,,KG,
,CPK00001,管帽,CL3000,FO,SW,022Cr19Ni10,1916T3038,ASME B16.11,RCC-M 2,QA1,"1/4""",,个,0.04,KG,
,CPK00002,管帽,CL3000,FO,SW,20,1916T3037,ASME B16.11,RCC-M 2,QA1,"1/4""",,个,0.04,KG,
,CPK00003,管帽,CL6000,FO,SW,022Cr19Ni10,1916T3038,ASME B16.11,RCC-M 2,QA1,"1/4""",,个,0.05,KG,
,CPK00004,管帽,CL6000,FO,SW,20,1916T3037,ASME B16.11,RCC-M 2,QA1,"1/4""",,个,0.05,KG,
,CPK00005,管帽,CL6000,FO,SW,P280GH,1916T3052,ASME B16.11,RCC-M 2,QA1,"1/4""",,个,0.05,KG,
,CPK00006,管帽,CL3000,FO,SW,022Cr17Ni12Mo2,1916T3038,ASME B16.11,RCC-M 3,QA2,"1/4""",,个,0.04,KG,
,CPK00007,管帽,CL3000,FO,SW,022Cr19Ni10,1916T3038,ASME B16.11,RCC-M 3,QA2,"1/4""",,个,0.04,KG,
,CPK00008,管帽,CL3000,FO,SW,20,1916T3037,ASME B16.11,RCC-M 3,QA2,"1/4""",,个,0.08,KG,
,CPK00009,管帽,CL3000,FO,SW,022Cr17Ni12Mo2,1916T3023,ASME B16.11,NA,QNCa,"1/4""",,个,0.04,KG,
,CPK00010,管帽,CL3000,FO,SW,022Cr19Ni10,1916T3023,ASME B16.11,NA,QNCa,"1/4""",,个,0.04,KG,
,CPK00011,管帽,CL3000,FO,SW,20,1916T3025,ASME B16.11,NA,QNCa,"1/4""",,个,0.1,KG,
,CPK00012,管帽,CL3000,FO,SW,022Cr19Ni10,1916T3038,ASME B16.11,RCC-M 2,QA1,"3/8""",,个,0.05,KG,
,CPK00013,管帽,CL3000,FO,SW,20,1916T3037,ASME B16.11,RCC-M 2,QA1,"3/8""",,个,0.05,KG,
,CPK00014,管帽,CL6000,FO,SW,022Cr19Ni10,1916T3038,ASME B16.11,RCC-M 2,QA1,"3/8""",,个,0.07,KG,
,CPK00015,管帽,CL6000,FO,SW,20,1916T3037,ASME B16.11,RCC-M 2,QA1,"3/8""",,个,0.07,KG,
,CPK00016,管帽,CL6000,FO,SW,P280GH,1916T3052,ASME B16.11,RCC-M 2,QA1,"3/8""",,个,0.07,KG,
,CPK00017,管帽,CL3000,FO,SW,022Cr17Ni12Mo2,1916T3038,ASME B16.11,RCC-M 3,QA2,"3/8""",,个,0.05,KG,
,CPK00018,管帽,CL3000,FO,SW,022Cr19Ni10,1916T3038,ASME B16.11,RCC-M 3,QA2,"3/8""",,个,0.05,KG,
,CPK00019,管帽,CL3000,FO,SW,20,1916T3037,ASME B16.11,RCC-M 3,QA2,"3/8""",,个,0.05,KG,
,CPK00020,管帽,CL3000,FO,SW,022Cr17Ni12Mo2,1916T3023,ASME B16.11,NA,QNCa,"3/8""",,个,0.05,KG,
,CPK00021,管帽,CL3000,FO,SW,022Cr19Ni10,1916T3023,ASME B16.11,NA,QNCa,"3/8""",,个,0.05,KG,
,CPK00022,管帽,CL3000,FO,SW,20,1916T3025,ASME B16.11,NA,QNCa,"3/8""",,个,0.1,KG,
,CPK00023,管帽,SCH160,EM,BW,022Cr19Ni10,1916T3017,ASME B16.9,RCC-M 1,QA1,"1/2""",,个,0.1,KG,
,CPK00024,管帽,CL3000,FO,SW,022Cr19Ni10,1916T3038,ASME B16.11,RCC-M 2,QA1,"1/2""",,个,0.88,KG,
,CPK00025,管帽,CL3000,FO,SW,20,1916T3037,ASME B16.11,RCC-M 2,QA1,"1/2""",,个,0.08,KG,
,CPK00026,管帽,CL6000,FO,SW,022Cr19Ni10,1916T3038,ASME B16.11,RCC-M 2,QA1,"1/2""",,个,0.13,KG,
,CPK00027,管帽,CL6000,FO,SW,20,1916T3037,ASME B16.11,RCC-M 2,QA1,"1/2""",,个,0.13,KG,
,CPK00028,管帽,CL6000,FO,SW,P280GH,1916T3052,ASME B16.11,RCC-M 2,QA1,"1/2""",,个,0.13,KG,
,CPK00029,管帽,SCH160,EM,BW,022Cr19Ni10,1916T3017,ASME B16.9,RCC-M 2,QA1,"1/2""",,个,0.1,KG,
,CPK00030,管帽,CL3000,FO,SW,022Cr17Ni12Mo2,1916T3038,ASME B16.11,RCC-M 3,QA2,"1/2""",,个,0.08,KG,
,CPK00031,管帽,CL3000,FO,SW,022Cr19Ni10,1916T3038,ASME B16.11,RCC-M 3,QA2,"1/2""",,个,0.08,KG,
,CPK00032,管帽,CL3000,FO,SW,20,1916T3037,ASME B16.11,RCC-M 3,QA2,"1/2""",,个,0.08,KG,
,CPK00033,管帽,CL3000,FO,SW,022Cr17Ni12Mo2,1916T3023,ASME B16.11,NA,QNCa,"1/2""",,个,0.08,KG,
,CPK00034,管帽,CL3000,FO,SW,022Cr19Ni10,1916T3023,ASME B16.11,NA,QNCa,"1/2""",,个,0.08,KG,
,CPK00035,管帽,CL3000,FO,SW,20,1916T3025,ASME B16.11,NA,QNCa,"1/2""",,个,0.1,KG,
,CPK00036,管帽,SCH160,EM,BW,022Cr19Ni10,1916T3017,ASME B16.9,RCC-M 1,QA1,"3/4""",,个,0.12,KG,
,CPK00037,管帽,CL3000,FO,SW,022Cr19Ni10,1916T3038,ASME B16.11,RCC-M 2,QA1,"3/4""",,个,0.15,KG,
,CPK00038,管帽,CL3000,FO,SW,20,1916T3037,ASME B16.11,RCC-M 2,QA1,"3/4""",,个,0.15,KG,
,CPK00039,管帽,CL6000,FO,SW,022Cr19Ni10,1916T3038,ASME B16.11,RCC-M 2,QA1,"3/4""",,个,0.22,KG,
,CPK00040,管帽,CL6000,FO,SW,20,1916T3037,ASME B16.11,RCC-M 2,QA1,"3/4""",,个,0.22,KG,
,CPK00041,管帽,CL6000,FO,SW,P280GH,1916T3052,ASME B16.11,RCC-M 2,QA1,"3/4""",,个,0.22,KG,
,CPK00042,管帽,SCH160,EM,BW,022Cr19Ni10,1916T3017,ASME B16.9,RCC-M 2,QA1,"3/4""",,个,0.1,KG,
,CPK00043,管帽,CL3000,FO,SW,022Cr17Ni12Mo2,1916T3038,ASME B16.11,RCC-M 3,QA2,"3/4""",,个,0.15,KG,
,CPK00044,管帽,CL3000,FO,SW,022Cr19Ni10,1916T3038,ASME B16.11,RCC-M 3,QA2,"3/4""",,个,0.15,KG,
,CPK00045,管帽,CL3000,FO,SW,20,1916T3037,ASME B16.11,RCC-M 3,QA2,"3/4""",,个,0.15,KG,
,CPK00046,管帽,CL3000,FO,SW,022Cr17Ni12Mo2,1916T3023,ASME B16.11,NA,QNCa,"3/4""",,个,0.15,KG,
,CPK00047,管帽,CL3000,FO,SW,022Cr19Ni10,1916T3023,ASME B16.11,NA,QNCa,"3/4""",,个,0.15,KG,
,CPK00048,管帽,CL3000,FO,SW,20,1916T3025,ASME B16.11,NA,QNCa,"3/4""",,个,0.2,KG,
,CPK00049,管帽,SCH160,EM,BW,022Cr19Ni10,1916T3017,ASME B16.9,RCC-M 1,QA1,"1""",,个,0.15,KG,
,CPK00050,管帽,CL3000,FO,SW,022Cr19Ni10,1916T3038,ASME B16.11,RCC-M 2,QA1,"1""",,个,0.22,KG,
,CPK00051,管帽,CL3000,FO,SW,20,1916T3037,ASME B16.11,RCC-M 2,QA1,"1""",,个,0.22,KG,
,CPK00052,管帽,CL6000,FO,SW,022Cr19Ni10,1916T3038,ASME B16.11,RCC-M 2,QA1,"1""",,个,0.34,KG,
,CPK00053,管帽,CL6000,FO,SW,20,1916T3037,ASME B16.11,RCC-M 2,QA1,"1""",,个,0.34,KG,
,CPK00054,管帽,CL6000,FO,SW,P280GH,1916T3052,ASME B16.11,RCC-M 2,QA1,"1""",,个,0.34,KG,
,CPK00055,管帽,SCH160,EM,BW,022Cr19Ni10,1916T3017,ASME B16.9,RCC-M 2,QA1,"1""",,个,0.15,KG,
,CPK00056,管帽,CL3000,FO,SW,022Cr17Ni12Mo2,1916T3038,ASME B16.11,RCC-M 3,QA2,"1""",,个,0.22,KG,
,CPK00057,管帽,CL3000,FO,SW,022Cr19Ni10,1916T3038,ASME B16.11,RCC-M 3,QA2,"1""",,个,0.22,KG,
,CPK00058,管帽,CL3000,FO,SW,20,1916T3037,ASME B16.11,RCC-M 3,QA2,"1""",,个,0.22,KG,
,CPK00059,管帽,CL3000,FO,SW,022Cr17Ni12Mo2,1916T3023,ASME B16.11,NA,QNCa,"1""",,个,0.22,KG,
,CPK00060,管帽,CL3000,FO,SW,022Cr19Ni10,1916T3023,ASME B16.11,NA,QNCa,"1""",,个,0.22,KG,
,CPK00061,管帽,CL3000,FO,SW,20,1916T3025,ASME B16.11,NA,QNCa,"1""",,个,0.3,KG,
,CPK00062,管帽,SCH160,EM,BW,022Cr19Ni10,1916T3017,ASME B16.9,RCC-M 1,QA1,"1-1/4""",,个,0.23,KG,
,CPK00063,管帽,CL3000,FO,SW,022Cr19Ni10,1916T3038,ASME B16.11,RCC-M 2,QA1,"1-1/4""",,个,0.35,KG,
,CPK00064,管帽,CL3000,FO,SW,20,1916T3037,ASME B16.11,RCC-M 2,QA1,"1-1/4""",,个,0.35,KG,
,CPK00065,管帽,CL6000,FO,SW,022Cr19Ni10,1916T3038,ASME B16.11,RCC-M 2,QA1,"1-1/4""",,个,0.47,KG,
,CPK00066,管帽,CL6000,FO,SW,20,1916T3037,ASME B16.11,RCC-M 2,QA1,"1-1/4""",,个,0.47,KG,
,CPK00067,管帽,CL6000,FO,SW,P280GH,1916T3052,ASME B16.11,RCC-M 2,QA1,"1-1/4""",,个,0.47,KG,
,CPK00068,管帽,SCH160,EM,BW,022Cr19Ni10,1916T3017,ASME B16.9,RCC-M 2,QA1,"1-1/4""",,个,0.23,KG,
,CPK00069,管帽,CL3000,FO,SW,022Cr17Ni12Mo2,1916T3038,ASME B16.11,RCC-M 3,QA2,"1-1/4""",,个,0.35,KG,
,CPK00070,管帽,CL3000,FO,SW,022Cr19Ni10,1916T3038,ASME B16.11,RCC-M 3,QA2,"1-1/4""",,个,0.42,KG,
,CPK00071,管帽,CL3000,FO,SW,20,1916T3037,ASME B16.11,RCC-M 3,QA2,"1-1/4""",,个,0.35,KG,
,CPK00072,管帽,CL3000,FO,SW,022Cr17Ni12Mo2,1916T3023,ASME B16.11,NA,QNCa,"1-1/4""",,个,0.35,KG,
,CPK00073,管帽,CL3000,FO,SW,022Cr19Ni10,1916T3023,ASME B16.11,NA,QNCa,"1-1/4""",,个,0.35,KG,
,CPK00074,管帽,CL3000,FO,SW,20,1916T3025,ASME B16.11,NA,QNCa,"1-1/4""",,个,0.35,KG,
,CPK00075,管帽,SCH160,EM,BW,022Cr19Ni10,1916T3017,ASME B16.9,RCC-M 1,QA1,"1-1/2""",,个,0.3,KG,
,CPK00076,管帽,CL3000,FO,SW,022Cr19Ni10,1916T3038,ASME B16.11,RCC-M 2,QA1,"1-1/2""",,个,0.42,KG,
,CPK00077,管帽,CL3000,FO,SW,20,1916T3037,ASME B16.11,RCC-M 2,QA1,"1-1/2""",,个,0.42,KG,
,CPK00078,管帽,CL6000,FO,SW,022Cr19Ni10,1916T3038,ASME B16.11,RCC-M 2,QA1,"1-1/2""",,个,0.63,KG,
,CPK00079,管帽,CL6000,FO,SW,20,1916T3037,ASME B16.11,RCC-M 2,QA1,"1-1/2""",,个,0.63,KG,
,CPK00080,管帽,CL6000,FO,SW,P280GH,1916T3052,ASME B16.11,RCC-M 2,QA1,"1-1/2""",,个,0.63,KG,
,CPK00081,管帽,SCH160,EM,BW,022Cr19Ni10,1916T3017,ASME B16.9,RCC-M 2,QA1,"1-1/2""",,个,0.3,KG,
,CPK00082,管帽,CL3000,FO,SW,022Cr17Ni12Mo2,1916T3038,ASME B16.11,RCC-M 3,QA2,"1-1/2""",,个,0.42,KG,
,CPK00083,管帽,CL3000,FO,SW,022Cr19Ni10,1916T3038,ASME B16.11,RCC-M 3,QA2,"1-1/2""",,个,0.42,KG,
,CPK00084,管帽,CL3000,FO,SW,20,1916T3037,ASME B16.11,RCC-M 3,QA2,"1-1/2""",,个,0.42,KG,
,CPK00085,管帽,CL3000,FO,SW,022Cr17Ni12Mo2,1916T3023,ASME B16.11,NA,QNCa,"1-1/2""",,个,0.42,KG,
,CPK00086,管帽,CL3000,FO,SW,022Cr19Ni10,1916T3023,ASME B16.11,NA,QNCa,"1-1/2""",,个,0.42,KG,
,CPK00087,管帽,CL3000,FO,SW,20,1916T3025,ASME B16.11,NA,QNCa,"1-1/2""",,个,0.5,KG,
,CPK00088,管帽,SCH160,EM,BW,022Cr19Ni10,1916T3017,ASME B16.9,RCC-M 1,QA1,"2""",,个,0.55,KG,
,CPK00089,管帽,CL3000,FO,SW,022Cr19Ni10,1916T3038,ASME B16.11,RCC-M 2,QA1,"2""",,个,0.72,KG,
,CPK00090,管帽,CL3000,FO,SW,20,1916T3037,ASME B16.11,RCC-M 2,QA1,"2""",,个,0.72,KG,
,CPK00091,管帽,CL6000,FO,SW,022Cr19Ni10,1916T3038,ASME B16.11,RCC-M 2,QA1,"2""",,个,1.14,KG,
,CPK00092,管帽,CL6000,FO,SW,20,1916T3037,ASME B16.11,RCC-M 2,QA1,"2""",,个,1.14,KG,
,CPK00093,管帽,CL6000,FO,SW,P280GH,1916T3052,ASME B16.11,RCC-M 2,QA1,"2""",,个,1.14,KG,
,CPK00094,管帽,SCH160,EM,BW,022Cr19Ni10,1916T3017,ASME B16.9,RCC-M 2,QA1,"2""",,个,0.55,KG,
,CPK00095,管帽,CL3000,FO,SW,022Cr17Ni12Mo2,1916T3038,ASME B16.11,RCC-M 3,QA2,"2""",,个,0.72,KG,
,CPK00096,管帽,CL3000,FO,SW,022Cr19Ni10,1916T3038,ASME B16.11,RCC-M 3,QA2,"2""",,个,0.72,KG,
,CPK00097,管帽,CL3000,FO,SW,20,1916T3037,ASME B16.11,RCC-M 3,QA2,"2""",,个,0.72,KG,
,CPK00098,管帽,CL3000,FO,SW,022Cr17Ni12Mo2,1916T3023,ASME B16.11,NA,QNCa,"2""",,个,0.72,KG,
,CPK00099,管帽,CL3000,FO,SW,022Cr19Ni10,1916T3023,ASME B16.11,NA,QNCa,"2""",,个,0.72,KG,
,CPK00100,管帽,CL3000,FO,SW,20,1916T3025,ASME B16.11,NA,QNCa,"2""",,个,1,KG,
,CPK00101,管帽,SCH160,EM,BW,022Cr19Ni10,1916T3017,ASME B16.9,RCC-M 1,QA1,"2-1/2""",,个,0.9,KG,
,CPK00102,管帽,3.18mm,EM,BW,Q265HR,1916T3019,ASME B16.9,RCC-M 2,QA1,"2-1/2""",,个,0.03,KG,
,CPK00103,管帽,SCH10S,EM,BW,022Cr19Ni10,1916T3017,ASME B16.9,RCC-M 2,QA1,"2-1/2""",,个,0.3,KG,
,CPK00104,管帽,SCH160,EM,BW,022Cr19Ni10,1916T3017,ASME B16.9,RCC-M 2,QA1,"2-1/2""",,个,0.9,KG,
,CPK00105,管帽,SCH160,EM,BW,Q295HR,1916T3019,ASME B16.9,RCC-M 2,QA1,"2-1/2""",,个,0.9,KG,
,CPK00106,管帽,SCH40,EM,BW,Q265HR,1916T3019,ASME B16.9,RCC-M 2,QA1,"2-1/2""",,个,0.42,KG,
,CPK00107,管帽,SCH40S,EM,BW,022Cr19Ni10,1916T3017,ASME B16.9,RCC-M 2,QA1,"2-1/2""",,个,0.45,KG,
,CPK00108,管帽,SCH80,EM,BW,Q265HR,1916T3019,ASME B16.9,RCC-M 2,QA1,"2-1/2""",,个,0.6,KG,
,CPK00109,管帽,SCH80,EM,BW,Q295HR,1916T3019,ASME B16.9,RCC-M 2,QA1,"2-1/2""",,个,0.6,KG,
,CPK00110,管帽,SCH80S,EM,BW,022Cr19Ni10,1916T3017,ASME B16.9,RCC-M 2,QA1,"2-1/2""",,个,0.5,KG,
,CPK00111,管帽,3.18mm,EM,BW,Q265HR,1916T3019,ASME B16.9,RCC-M 3,QA2,"2-1/2""",,个,0.7,KG,
,CPK00112,管帽,SCH10S,EM,BW,022Cr19Ni10,1916T3017,ASME B16.9,RCC-M 3,QA2,"2-1/2""",,个,0.3,KG,
,CPK00113,管帽,SCH40,EM,BW,Q265HR,1916T3019,ASME B16.9,RCC-M 3,QA2,"2-1/2""",,个,0.42,KG,
,CPK00114,管帽,SCH40S,EM,BW,022Cr19Ni10,1916T3017,ASME B16.9,RCC-M 3,QA2,"2-1/2""",,个,0.45,KG,
,CPK00115,管帽,3.18mm,EM,BW,20,1916T3025,ASME B16.9,NA,QNCa,"2-1/2""",,个,0.5,KG,
,CPK00116,管帽,SCH10S,EM,BW,022Cr17Ni12Mo2,1916T3023,ASME B16.9,NA,QNCa,"2-1/2""",,个,0.3,KG,
,CPK00117,管帽,SCH10S,EM,BW,022Cr19Ni10,1916T3023,ASME B16.9,NA,QNCa,"2-1/2""",,个,0.25,KG,
,CPK00118,管帽,SCH160,EM,BW,022Cr19Ni10,1916T3017,ASME B16.9,RCC-M 1,QA1,"3""",,个,1.4,KG,
,CPK00119,管帽,3.18mm,EM,BW,Q265HR,1916T3019,ASME B16.9,RCC-M 2,QA1,"3""",,个,0.7,KG,
,CPK00120,管帽,SCH10S,EM,BW,022Cr19Ni10,1916T3017,ASME B16.9,RCC-M 2,QA1,"3""",,个,0.45,KG,
,CPK00121,管帽,SCH160,EM,BW,022Cr19Ni10,1916T3017,ASME B16.9,RCC-M 2,QA1,"3""",,个,1.4,KG,
,CPK00122,管帽,SCH160,EM,BW,Q295HR,1916T3019,ASME B16.9,RCC-M 2,QA1,"3""",,个,1.4,KG,
,CPK00123,管帽,SCH40,EM,BW,Q265HR,1916T3019,ASME B16.9,RCC-M 2,QA1,"3""",,个,0.69,KG,
,CPK00124,管帽,SCH40S,EM,BW,022Cr19Ni10,1916T3017,ASME B16.9,RCC-M 2,QA1,"3""",,个,0.7,KG,
,CPK00125,管帽,SCH80,EM,BW,Q265HR,1916T3019,ASME B16.9,RCC-M 2,QA1,"3""",,个,0.98,KG,
,CPK00126,管帽,SCH80,EM,BW,Q295HR,1916T3019,ASME B16.9,RCC-M 2,QA1,"3""",,个,0.98,KG,
,CPK00127,管帽,SCH80S,EM,BW,022Cr19Ni10,1916T3017,ASME B16.9,RCC-M 2,QA1,"3""",,个,0.85,KG,
,CPK00128,管帽,3.18mm,EM,BW,Q265HR,1916T3019,ASME B16.9,RCC-M 3,QA2,"3""",,个,0.7,KG,
,CPK00129,管帽,SCH10S,EM,BW,022Cr19Ni10,1916T3017,ASME B16.9,RCC-M 3,QA2,"3""",,个,0.45,KG,
,CPK00130,管帽,SCH40,EM,BW,Q265HR,1916T3019,ASME B16.9,RCC-M 3,QA2,"3""",,个,0.69,KG,
,CPK00131,管帽,SCH40S,EM,BW,022Cr19Ni10,1916T3017,ASME B16.9,RCC-M 3,QA2,"3""",,个,0.7,KG,
,CPK00132,管帽,3.18mm,EM,BW,20,1916T3025,ASME B16.9,NA,QNCa,"3""",,个,0.7,KG,
,CPK00133,管帽,SCH10S,EM,BW,022Cr17Ni12Mo2,1916T3023,ASME B16.9,NA,QNCa,"3""",,个,0.45,KG,
,CPK00134,管帽,SCH10S,EM,BW,022Cr19Ni10,1916T3023,ASME B16.9,NA,QNCa,"3""",,个,0.4,KG,
,CPK00135,管帽,SCH160,EM,BW,022Cr19Ni10,1916T3017,ASME B16.9,RCC-M 1,QA1,"3-1/2""",,个,,KG,
,CPK00136,管帽,SCH10S,EM,BW,022Cr19Ni10,1916T3017,ASME B16.9,RCC-M 2,QA1,"3-1/2""",,个,0.6,KG,
,CPK00137,管帽,SCH160,EM,BW,022Cr19Ni10,1916T3017,ASME B16.9,RCC-M 2,QA1,"3-1/2""",,个,,KG,
,CPK00138,管帽,SCH160,EM,BW,Q295HR,1916T3019,ASME B16.9,RCC-M 2,QA1,"3-1/2""",,个,,KG,
,CPK00139,管帽,SCH40,EM,BW,Q265HR,1916T3019,ASME B16.9,RCC-M 2,QA1,"3-1/2""",,个,1.05,KG,
,CPK00140,管帽,SCH40S,EM,BW,022Cr19Ni10,1916T3017,ASME B16.9,RCC-M 2,QA1,"3-1/2""",,个,1.05,KG,
,CPK00141,管帽,SCH80,EM,BW,Q265HR,1916T3019,ASME B16.9,RCC-M 2,QA1,"3-1/2""",,个,1.5,KG,
,CPK00142,管帽,SCH80,EM,BW,Q295HR,1916T3019,ASME B16.9,RCC-M 2,QA1,"3-1/2""",,个,1.5,KG,
,CPK00143,管帽,SCH80S,EM,BW,022Cr19Ni10,1916T3017,ASME B16.9,RCC-M 2,QA1,"3-1/2""",,个,1.15,KG,
,CPK00144,管帽,SCH10S,EM,BW,022Cr19Ni10,1916T3017,ASME B16.9,RCC-M 3,QA2,"3-1/2""",,个,0.6,KG,
,CPK00145,管帽,SCH40,EM,BW,Q265HR,1916T3019,ASME B16.9,RCC-M 3,QA2,"3-1/2""",,个,1.05,KG,
,CPK00146,管帽,SCH40S,EM,BW,022Cr19Ni10,1916T3017,ASME B16.9,RCC-M 3,QA2,"3-1/2""",,个,1.05,KG,
,CPK00147,管帽,SCH10S,EM,BW,022Cr17Ni12Mo2,1916T3023,ASME B16.9,NA,QNCa,"3-1/2""",,个,0.6,KG,
,CPK00148,管帽,SCH10S,EM,BW,022Cr19Ni10,1916T3023,ASME B16.9,NA,QNCa,"3-1/2""",,个,0.6,KG,
,CPK00149,管帽,SCH160,EM,BW,022Cr19Ni10,1916T3017,ASME B16.9,RCC-M 1,QA1,"4""",,个,2.75,KG,
,CPK00150,管帽,3.58mm,EM,BW,Q265HR,1916T3019,ASME B16.9,RCC-M 2,QA1,"4""",,个,1.7,KG,
,CPK00151,管帽,SCH10S,EM,BW,022Cr19Ni10,1916T3017,ASME B16.9,RCC-M 2,QA1,"4""",,个,0.65,KG,
,CPK00152,管帽,SCH160,EM,BW,022Cr19Ni10,1916T3017,ASME B16.9,RCC-M 2,QA1,"4""",,个,2.75,KG,
,CPK00153,管帽,SCH160,EM,BW,Q295HR,1916T3019,ASME B16.9,RCC-M 2,QA1,"4""",,个,2.75,KG,
,CPK00154,管帽,SCH40,EM,BW,Q265HR,1916T3019,ASME B16.9,RCC-M 2,QA1,"4""",,个,1.2,KG,
,CPK00155,管帽,SCH40S,EM,BW,022Cr19Ni10,1916T3017,ASME B16.9,RCC-M 2,QA1,"4""",,个,1.2,KG,
,CPK00156,管帽,SCH80,EM,BW,Q265HR,1916T3019,ASME B16.9,RCC-M 2,QA1,"4""",,个,1.75,KG,
,CPK00157,管帽,SCH80,EM,BW,Q295HR,1916T3019,ASME B16.9,RCC-M 2,QA1,"4""",,个,1.75,KG,
,CPK00158,管帽,SCH80S,EM,BW,022Cr19Ni10,1916T3017,ASME B16.9,RCC-M 2,QA1,"4""",,个,1.6,KG,
,CPK00159,管帽,3.58mm,EM,BW,Q265HR,1916T3019,ASME B16.9,RCC-M 3,QA2,"4""",,个,1.7,KG,
,CPK00160,管帽,SCH10S,EM,BW,022Cr19Ni10,1916T3017,ASME B16.9,RCC-M 3,QA2,"4""",,个,0.65,KG,
,CPK00161,管帽,SCH40,EM,BW,Q265HR,1916T3019,ASME B16.9,RCC-M 3,QA2,"4""",,个,1.2,KG,
,CPK00162,管帽,SCH40S,EM,BW,022Cr19Ni10,1916T3017,ASME B16.9,RCC-M 3,QA2,"4""",,个,1.2,KG,
,CPK00163,管帽,3.58mm,EM,BW,20,1916T3025,ASME B16.9,NA,QNCa,"4""",,个,1.6,KG,
,CPK00164,管帽,SCH10S,EM,BW,022Cr17Ni12Mo2,1916T3023,ASME B16.9,NA,QNCa,"4""",,个,0.65,KG,
,CPK00165,管帽,SCH10S,EM,BW,022Cr19Ni10,1916T3023,ASME B16.9,NA,QNCa,"4""",,个,0.65,KG,
,CPK00166,管帽,SCH160,EM,BW,022Cr19Ni10,1916T3017,ASME B16.9,RCC-M 1,QA1,"5""",,个,5,KG,
,CPK00167,管帽,SCH10S,EM,BW,022Cr19Ni10,1916T3017,ASME B16.9,RCC-M 2,QA1,"5""",,个,1.05,KG,
,CPK00168,管帽,SCH160,EM,BW,022Cr19Ni10,1916T3017,ASME B16.9,RCC-M 2,QA1,"5""",,个,5,KG,
,CPK00169,管帽,SCH160,EM,BW,Q295HR,1916T3019,ASME B16.9,RCC-M 2,QA1,"5""",,个,5,KG,
,CPK00170,管帽,SCH40,EM,BW,Q265HR,1916T3019,ASME B16.9,RCC-M 2,QA1,"5""",,个,2,KG,
,CPK00171,管帽,SCH40S,EM,BW,022Cr19Ni10,1916T3017,ASME B16.9,RCC-M 2,QA1,"5""",,个,1.9,KG,
,CPK00172,管帽,SCH80,EM,BW,Q265HR,1916T3019,ASME B16.9,RCC-M 2,QA1,"5""",,个,2.95,KG,
,CPK00173,管帽,SCH80S,EM,BW,022Cr19Ni10,1916T3017,ASME B16.9,RCC-M 2,QA1,"5""",,个,2.6,KG,
,CPK00174,管帽,SCH10S,EM,BW,022Cr19Ni10,1916T3017,ASME B16.9,RCC-M 3,QA2,"5""",,个,1.05,KG,
,CPK00175,管帽,SCH40,EM,BW,Q265HR,1916T3019,ASME B16.9,RCC-M 3,QA2,"5""",,个,2,KG,
,CPK00176,管帽,SCH40S,EM,BW,022Cr19Ni10,1916T3017,ASME B16.9,RCC-M 3,QA2,"5""",,个,1.9,KG,
,CPK00177,管帽,SCH10S,EM,BW,022Cr17Ni12Mo2,1916T3023,ASME B16.9,NA,QNCa,"5""",,个,1.05,KG,
,CPK00178,管帽,SCH10S,EM,BW,022Cr19Ni10,1916T3023,ASME B16.9,NA,QNCa,"5""",,个,1.05,KG,
,CPK00179,管帽,SCH160,EM,BW,022Cr19Ni10,1916T3017,ASME B16.9,RCC-M 1,QA1,"6""",,个,7.5,KG,
,CPK00180,管帽,4.37mm,EM,BW,Q265HR,1916T3019,ASME B16.9,RCC-M 2,QA1,"6""",,个,3.6,KG,
,CPK00181,管帽,SCH10S,EM,BW,022Cr19Ni10,1916T3017,ASME B16.9,RCC-M 2,QA1,"6""",,个,1.4,KG,
,CPK00182,管帽,SCH120,EM,BW,Q295HR,1916T3019,ASME B16.9,RCC-M 2,QA1,"6""",,个,6.02,KG,
,CPK00183,管帽,SCH160,EM,BW,022Cr19Ni10,1916T3017,ASME B16.9,RCC-M 2,QA1,"6""",,个,7.5,KG,
,CPK00184,管帽,SCH160,EM,BW,Q295HR,1916T3019,ASME B16.9,RCC-M 2,QA1,"6""",,个,7.5,KG,
,CPK00185,管帽,SCH40,EM,BW,Q265HR,1916T3019,ASME B16.9,RCC-M 2,QA1,"6""",,个,3.1,KG,
,CPK00186,管帽,SCH40S,EM,BW,022Cr19Ni10,1916T3017,ASME B16.9,RCC-M 2,QA1,"6""",,个,3.2,KG,
,CPK00187,管帽,SCH80,EM,BW,Q265HR,1916T3019,ASME B16.9,RCC-M 2,QA1,"6""",,个,4.6,KG,
,CPK00188,管帽,SCH80S,EM,BW,022Cr19Ni10,1916T3017,ASME B16.9,RCC-M 2,QA1,"6""",,个,4.5,KG,
,CPK00189,管帽,4.37mm,EM,BW,Q265HR,1916T3019,ASME B16.9,RCC-M 3,QA2,"6""",,个,3.6,KG,
,CPK00190,管帽,SCH10S,EM,BW,022Cr19Ni10,1916T3017,ASME B16.9,RCC-M 3,QA2,"6""",,个,1.45,KG,
,CPK00191,管帽,SCH40,EM,BW,Q265HR,1916T3019,ASME B16.9,RCC-M 3,QA2,"6""",,个,3.1,KG,
,CPK00192,管帽,SCH40S,EM,BW,022Cr19Ni10,1916T3017,ASME B16.9,RCC-M 3,QA2,"6""",,个,3.2,KG,
,CPK00193,管帽,4.37mm,EM,BW,20,1916T3025,ASME B16.9,NA,QNCa,"6""",,个,3.6,KG,
,CPK00194,管帽,SCH10S,EM,BW,022Cr17Ni12Mo2,1916T3023,ASME B16.9,NA,QNCa,"6""",,个,1.4,KG,
,CPK00195,管帽,SCH10S,EM,BW,022Cr19Ni10,1916T3023,ASME B16.9,NA,QNCa,"6""",,个,1.4,KG,
,CPK00196,管帽,SCH160,EM,BW,022Cr19Ni10,1916T3017,ASME B16.9,RCC-M 1,QA1,"8""",,个,20,KG,
,CPK00197,管帽,SCH10S,EM,BW,022Cr19Ni10,1916T3017,ASME B16.9,RCC-M 2,QA1,"8""",,个,2.5,KG,
,CPK00198,管帽,SCH120,EM,BW,Q295HR,1916T3019,ASME B16.9,RCC-M 2,QA1,"8""",,个,15.5,KG,
,CPK00199,管帽,SCH160,EM,BW,022Cr19Ni10,1916T3017,ASME B16.9,RCC-M 2,QA1,"8""",,个,20,KG,
,CPK00200,管帽,SCH160,EM,BW,Q295HR,1916T3019,ASME B16.9,RCC-M 2,QA1,"8""",,个,20,KG,
,CPK00201,管帽,SCH20,EM,BW,Q265HR,1916T3019,ASME B16.9,RCC-M 2,QA1,"8""",,个,4.25,KG,
,CPK00202,管帽,SCH40,EM,BW,Q265HR,1916T3019,ASME B16.9,RCC-M 2,QA1,"8""",,个,5.3,KG,
,CPK00203,管帽,SCH40S,EM,BW,022Cr19Ni10,1916T3017,ASME B16.9,RCC-M 2,QA1,"8""",,个,5.7,KG,
,CPK00204,管帽,SCH80,EM,BW,Q265HR,1916T3019,ASME B16.9,RCC-M 2,QA1,"8""",,个,8.2,KG,
,CPK00205,管帽,SCH80S,EM,BW,022Cr19Ni10,1916T3017,ASME B16.9,RCC-M 2,QA1,"8""",,个,7.4,KG,
,CPK00206,管帽,SCH10S,EM,BW,022Cr19Ni10,1916T3017,ASME B16.9,RCC-M 3,QA2,"8""",,个,2.5,KG,
,CPK00207,管帽,SCH20,EM,BW,Q265HR,1916T3019,ASME B16.9,RCC-M 3,QA2,"8""",,个,4.25,KG,
,CPK00208,管帽,SCH40,EM,BW,Q265HR,1916T3019,ASME B16.9,RCC-M 3,QA2,"8""",,个,5.3,KG,
,CPK00209,管帽,SCH40S,EM,BW,022Cr19Ni10,1916T3017,ASME B16.9,RCC-M 3,QA2,"8""",,个,5.7,KG,
,CPK00210,管帽,SCH10S,EM,BW,022Cr17Ni12Mo2,1916T3023,ASME B16.9,NA,QNCa,"8""",,个,2.5,KG,
,CPK00211,管帽,SCH10S,EM,BW,022Cr19Ni10,1916T3023,ASME B16.9,NA,QNCa,"8""",,个,2.5,KG,
,CPK00212,管帽,SCH20,EM,BW,20,1916T3025,ASME B16.9,NA,QNCa,"8""",,个,4.25,KG,
,CPK00213,管帽,SCH140,EM,BW,026Cr18Ni12Mo2N,1916T3017,ASME B16.9,RCC-M 1,QA1,"10""",,个,27,KG,
,CPK00214,管帽,SCH10S,EM,BW,022Cr19Ni10,1916T3017,ASME B16.9,RCC-M 2,QA1,"10""",,个,4.9,KG,
,CPK00215,管帽,SCH140,EM,BW,022Cr19Ni10,1916T3017,ASME B16.9,RCC-M 2,QA1,"10""",,个,27,KG,
,CPK00216,管帽,SCH160,EM,BW,Q295HR,1916T3019,ASME B16.9,RCC-M 2,QA1,"10""",,个,30,KG,
,CPK00217,管帽,SCH20,EM,BW,Q265HR,1916T3019,ASME B16.9,RCC-M 2,QA1,"10""",,个,6.4,KG,
,CPK00218,管帽,SCH40,EM,BW,Q265HR,1916T3019,ASME B16.9,RCC-M 2,QA1,"10""",,个,9.3,KG,
,CPK00219,管帽,SCH60,EM,BW,Q295HR,1916T3019,ASME B16.9,RCC-M 2,QA1,"10""",,个,13.6,KG,
,CPK00220,管帽,SCH80,EM,BW,Q265HR,1916T3019,ASME B16.9,RCC-M 2,QA1,"10""",,个,17.6,KG,
,CPK00221,管帽,SCH80S,EM,BW,022Cr19Ni10,1916T3017,ASME B16.9,RCC-M 2,QA1,"10""",,个,12.4,KG,
,CPK00222,管帽,SCH10S,EM,BW,022Cr19Ni10,1916T3017,ASME B16.9,RCC-M 3,QA2,"10""",,个,4.9,KG,
,CPK00223,管帽,SCH20,EM,BW,Q265HR,1916T3019,ASME B16.9,RCC-M 3,QA2,"10""",,个,6.4,KG,
,CPK00224,管帽,SCH40,EM,BW,Q265HR,1916T3019,ASME B16.9,RCC-M 3,QA2,"10""",,个,9.3,KG,
,CPK00225,管帽,SCH80S,EM,BW,022Cr19Ni10,1916T3017,ASME B16.9,RCC-M 3,QA2,"10""",,个,12.4,KG,
,CPK00226,管帽,SCH10S,EM,BW,022Cr17Ni12Mo2,1916T3023,ASME B16.9,NA,QNCa,"10""",,个,4.9,KG,
,CPK00227,管帽,SCH10S,EM,BW,022Cr19Ni10,1916T3023,ASME B16.9,NA,QNCa,"10""",,个,4.9,KG,
,CPK00228,管帽,SCH20,EM,BW,20,1916T3025,ASME B16.9,NA,QNCa,"10""",,个,6.4,KG,
,CPK00229,管帽,SCH140,EM,BW,026Cr18Ni12Mo2N,1916T3017,ASME B16.9,RCC-M 1,QA1,"12""",,个,42,KG,
,CPK00230,管帽,7.14mm,EM,BW,Q265HR,1916T3019,ASME B16.9,RCC-M 2,QA1,"12""",,个,9,KG,
,CPK00231,管帽,SCH10S,EM,BW,022Cr19Ni10,1916T3017,ASME B16.9,RCC-M 2,QA1,"12""",,个,7,KG,
,CPK00232,管帽,SCH140,EM,BW,022Cr19Ni10,1916T3017,ASME B16.9,RCC-M 2,QA1,"12""",,个,42,KG,
,CPK00233,管帽,SCH160,EM,BW,Q295HR,1916T3019,ASME B16.9,RCC-M 2,QA1,"12""",,个,44.5,KG,
,CPK00234,管帽,SCH40,EM,BW,Q265HR,1916T3019,ASME B16.9,RCC-M 2,QA1,"12""",,个,15.2,KG,
,CPK00235,管帽,SCH80,EM,BW,Q265HR,1916T3019,ASME B16.9,RCC-M 2,QA1,"12""",,个,29.2,KG,
,CPK00236,管帽,SCH80S,EM,BW,022Cr19Ni10,1916T3017,ASME B16.9,RCC-M 2,QA1,"12""",,个,16.6,KG,
,CPK00237,管帽,7.14mm,EM,BW,Q265HR,1916T3019,ASME B16.9,RCC-M 3,QA2,"12""",,个,9,KG,
,CPK00238,管帽,SCH10S,EM,BW,022Cr19Ni10,1916T3017,ASME B16.9,RCC-M 3,QA2,"12""",,个,7,KG,
,CPK00239,管帽,SCH40,EM,BW,Q265HR,1916T3019,ASME B16.9,RCC-M 3,QA2,"12""",,个,15.2,KG,
,CPK00240,管帽,SCH80S,EM,BW,022Cr19Ni10,1916T3017,ASME B16.9,RCC-M 3,QA2,"12""",,个,16.6,KG,
,CPK00241,管帽,7.14mm,EM,BW,20,1916T3025,ASME B16.9,NA,QNCa,"12""",,个,15,KG,
,CPK00242,管帽,SCH10S,EM,BW,022Cr17Ni12Mo2,1916T3023,ASME B16.9,NA,QNCa,"12""",,个,7,KG,
,CPK00243,管帽,SCH10S,EM,BW,022Cr19Ni10,1916T3023,ASME B16.9,NA,QNCa,"12""",,个,7,KG,
,CPK00244,管帽,SCH20,EM,BW,20,1916T3025,ASME B16.9,NA,QNCa,"12""",,个,9.98,KG,
,CPK00245,管帽,SCH140,EM,BW,026Cr18Ni12Mo2N,1916T3017,ASME B16.9,RCC-M 1,QA1,"14""",,个,52,KG,
,CPK00246,管帽,SCH10S,EM,BW,022Cr19Ni10,1916T3017,ASME B16.9,RCC-M 2,QA1,"14""",,个,8.5,KG,
,CPK00247,管帽,SCH140,EM,BW,022Cr19Ni10,1916T3017,ASME B16.9,RCC-M 2,QA1,"14""",,个,52,KG,
,CPK00248,管帽,SCH160,EM,BW,Q295HR,1916T3019,ASME B16.9,RCC-M 2,QA1,"14""",,个,60,KG,
,CPK00249,管帽,SCH20,EM,BW,Q265HR,1916T3019,ASME B16.9,RCC-M 2,QA1,"14""",,个,14.5,KG,
,CPK00250,管帽,SCH40,EM,BW,Q265HR,1916T3019,ASME B16.9,RCC-M 2,QA1,"14""",,个,21,KG,
,CPK00251,管帽,SCH60,EM,BW,022Cr19Ni10,1916T3017,ASME B16.9,RCC-M 2,QA1,"14""",,个,32,KG,
,CPK00252,管帽,SCH80,EM,BW,Q265HR,1916T3019,ASME B16.9,RCC-M 2,QA1,"14""",,个,39.5,KG,
,CPK00253,管帽,SCH80S,EM,BW,022Cr19Ni10,1916T3017,ASME B16.9,RCC-M 2,QA1,"14""",,个,21.7,KG,
,CPK00254,管帽,SCH20,EM,BW,Q265HR,1916T3019,ASME B16.9,RCC-M 3,QA2,"14""",,个,14.5,KG,
,CPK00255,管帽,SCH40,EM,BW,Q265HR,1916T3019,ASME B16.9,RCC-M 3,QA2,"14""",,个,21,KG,
,CPK00256,管帽,SCH60,EM,BW,022Cr19Ni10,1916T3017,ASME B16.9,RCC-M 3,QA2,"14""",,个,32,KG,
,CPK00257,管帽,SCH10S,EM,BW,022Cr17Ni12Mo2,1916T3023,ASME B16.9,NA,QNCa,"14""",,个,8.5,KG,
,CPK00258,管帽,SCH10S,EM,BW,022Cr19Ni10,1916T3023,ASME B16.9,NA,QNCa,"14""",,个,8.5,KG,
,CPK00259,管帽,SCH20,EM,BW,20,1916T3025,ASME B16.9,NA,QNCa,"14""",,个,15.5,KG,
,CPK00260,管帽,SCH140,EM,BW,026Cr18Ni12Mo2N,1916T3017,ASME B16.9,RCC-M 1,QA1,"16""",,个,73,KG,
,CPK00261,管帽,8.74mm,EM,BW,Q265HR,1916T3019,ASME B16.9,RCC-M 2,QA1,"16""",,个,23,KG,
,CPK00262,管帽,SCH10S,EM,BW,022Cr19Ni10,1916T3017,ASME B16.9,RCC-M 2,QA1,"16""",,个,14.5,KG,
,CPK00263,管帽,SCH140,EM,BW,022Cr19Ni10,1916T3017,ASME B16.9,RCC-M 2,QA1,"16""",,个,73,KG,
,CPK00264,管帽,SCH160,EM,BW,Q295HR,1916T3019,ASME B16.9,RCC-M 2,QA1,"16""",,个,79,KG,
,CPK00265,管帽,SCH40,EM,BW,Q265HR,1916T3019,ASME B16.9,RCC-M 2,QA1,"16""",,个,26.8,KG,
,CPK00266,管帽,SCH40S,EM,BW,022Cr19Ni10,1916T3017,ASME B16.9,RCC-M 2,QA1,"16""",,个,22,KG,
,CPK00267,管帽,SCH60,EM,BW,022Cr19Ni10,1916T3017,ASME B16.9,RCC-M 2,QA1,"16""",,个,37,KG,
,CPK00268,管帽,SCH80,EM,BW,Q265HR,1916T3019,ASME B16.9,RCC-M 2,QA1,"16""",,个,54,KG,
,CPK00269,管帽,SCH80S,EM,BW,022Cr19Ni10,1916T3017,ASME B16.9,RCC-M 2,QA1,"16""",,个,29.4,KG,
,CPK00270,管帽,9.8mm,EM,BW,Q265HR,1916T3019,ASME B16.9,RCC-M 3,QA2,"16""",,个,31.5,KG,
,CPK00271,管帽,SCH40,EM,BW,Q265HR,1916T3019,ASME B16.9,RCC-M 3,QA2,"16""",,个,26.8,KG,
,CPK00272,管帽,SCH60,EM,BW,022Cr19Ni10,1916T3017,ASME B16.9,RCC-M 3,QA2,"16""",,个,37,KG,
,CPK00273,管帽,SCH10S,EM,BW,022Cr17Ni12Mo2,1916T3023,ASME B16.9,NA,QNCa,"16""",,个,14.5,KG,
,CPK00274,管帽,SCH10S,EM,BW,022Cr19Ni10,1916T3023,ASME B16.9,NA,QNCa,"16""",,个,14.5,KG,
,CPK00275,管帽,SCH20,EM,BW,20,1916T3025,ASME B16.9,NA,QNCa,"16""",,个,17.9,KG,
,CPK00276,管帽,SCH140,EM,BW,026Cr18Ni12Mo2N,1916T3017,ASME B16.9,RCC-M 1,QA1,"18""",,个,93,KG,
,CPK00277,管帽,SCH140,EM,BW,022Cr19Ni10,1916T3017,ASME B16.9,RCC-M 2,QA1,"18""",,个,93,KG,
,CPK00278,管帽,SCH20,EM,BW,022Cr19Ni10,1916T3017,ASME B16.9,RCC-M 2,QA1,"18""",,个,22.7,KG,
,CPK00279,管帽,SCH10,EM,BW,Q265HR,1916T3019,ASME B16.9,RCC-M 3,QA2,"18""",,个,9.08,KG,
,CPK00280,管帽,SCH140,EM,BW,026Cr18Ni12Mo2N,1916T3017,ASME B16.9,RCC-M 1,QA1,"20""",,个,153,KG,
,CPK00281,管帽,SCH140,EM,BW,022Cr19Ni10,1916T3017,ASME B16.9,RCC-M 2,QA1,"20""",,个,153,KG,
,CPK00282,管帽,SCH10,EM,BW,Q265HR,1916T3019,ASME B16.9,RCC-M 3,QA2,"20""",,个,12.5,KG,
,CPK00283,管帽,SCH20,EM,BW,20,1916T3025,ASME B16.9,NA,QNCa,"20""",,个,33.8,KG,
,CPK00284,管帽,SCH140,EM,BW,026Cr18Ni12Mo2N,1916T3017,ASME B16.9,RCC-M 1,QA1,"22""",,个,198,KG,
,CPK00285,管帽,SCH140,EM,BW,022Cr19Ni10,1916T3017,ASME B16.9,RCC-M 2,QA1,"22""",,个,198,KG,
,CPK00286,管帽,SCH10,EM,BW,Q265HR,1916T3019,ASME B16.9,RCC-M 3,QA2,"22""",,个,22.9,KG,
,CPK00287,管帽,SCH30,EM,BW,20,1916T3025,ASME B16.9,NA,QNCa,"22""",,个,59,KG,
,CPK00288,管帽,SCH140,EM,BW,026Cr18Ni12Mo2N,1916T3017,ASME B16.9,RCC-M 1,QA1,"24""",,个,250,KG,
,CPK00289,管帽,SCH140,EM,BW,022Cr19Ni10,1916T3017,ASME B16.9,RCC-M 2,QA1,"24""",,个,250,KG,
,CPK00290,管帽,SCH10,EM,BW,Q265HR,1916T3019,ASME B16.9,RCC-M 3,QA2,"24""",,个,17.5,KG,
,CPK00291,管帽,SCH10,EM,BW,Q265HR,1916T3019,ASME B16.9,RCC-M 3,QA2,"26""",,个,42,KG,
,CPK00292,管帽,SCH10,EM,BW,Q265HR,1916T3019,ASME B16.9,RCC-M 3,QA2,"28""",,个,47,KG,
,CPK00293,管帽,SCH10,EM,BW,Q265HR,1916T3019,ASME B16.9,RCC-M 3,QA2,"30""",,个,52.5,KG,
,CPK00294,管帽,9.52mm,EM,BW,Q265HR,1916T3019,ASME B16.9,RCC-M 3,QA2,"32""",,个,68,KG,
,CPK00295,管帽,9.52mm,EM,BW,Q265HR,1916T3019,ASME B16.9,RCC-M 3,QA2,"34""",,个,73,KG,
,CPK00296,管帽,9.52mm,EM,BW,Q265HR,1916T3019,ASME B16.9,RCC-M 3,QA2,"36""",,个,79.5,KG,
,CPK00298,螺纹管帽,CL3000,FO,FIL,022Cr19Ni10,1916T3038,ASME B16.11,RCC-M 2,QA1,"1/4""",,个,0.05,KG,
,CPK00299,螺纹管帽,CL3000,FO,FIL,022Cr19Ni10,1916T3038,ASME B16.11,RCC-M 2,QA1,"3/8""",,个,0.07,KG,
,CPK00300,螺纹管帽,CL3000,FO,FIL,022Cr19Ni10,1916T3038,ASME B16.11,RCC-M 2,QA1,"1/2""",,个,0.14,KG,
,CPK00301,螺纹管帽,CL3000,FO,FIL,022Cr19Ni10,1916T3038,ASME B16.11,RCC-M 2,QA1,"3/4""",,个,0.24,KG,
,CPK00302,螺纹管帽,CL3000,FO,FIL,022Cr19Ni10,1916T3038,ASME B16.11,RCC-M 2,QA1,"1""",,个,0.41,KG,
,CPK00303,螺纹管帽,CL3000,FO,FIL,022Cr19Ni10,1916T3038,ASME B16.11,RCC-M 2,QA1,"1-1/4""",,个,0.71,KG,
,CPK00304,螺纹管帽,CL3000,FO,FIL,022Cr19Ni10,1916T3038,ASME B16.11,RCC-M 2,QA1,"1-1/2""",,个,0.88,KG,
,CPK00305,螺纹管帽,CL3000,FO,FIL,022Cr19Ni10,1916T3038,ASME B16.11,RCC-M 2,QA1,"2""",,个,1.25,KG,
,CPK00306,螺纹管帽,CL3000,FO,FIL,20,1916T3037,ASME B16.11,RCC-M 2,QA1,"1/4""",,个,0.05,KG,
,CPK00307,螺纹管帽,CL3000,FO,FIL,20,1916T3037,ASME B16.11,RCC-M 2,QA1,"3/8""",,个,0.07,KG,
,CPK00308,螺纹管帽,CL3000,FO,FIL,20,1916T3037,ASME B16.11,RCC-M 2,QA1,"1/2""",,个,0.14,KG,
,CPK00309,螺纹管帽,CL3000,FO,FIL,20,1916T3037,ASME B16.11,RCC-M 2,QA1,"3/4""",,个,0.24,KG,
,CPK00310,螺纹管帽,CL3000,FO,FIL,20,1916T3037,ASME B16.11,RCC-M 2,QA1,"1""",,个,0.41,KG,
,CPK00311,螺纹管帽,CL3000,FO,FIL,20,1916T3037,ASME B16.11,RCC-M 2,QA1,"1-1/4""",,个,0.71,KG,
,CPK00312,螺纹管帽,CL3000,FO,FIL,20,1916T3037,ASME B16.11,RCC-M 2,QA1,"1-1/2""",,个,0.88,KG,
,CPK00313,螺纹管帽,CL3000,FO,FIL,20,1916T3037,ASME B16.11,RCC-M 2,QA1,"2""",,个,1.25,KG,
,CPK00314,螺纹管帽,CL6000,FO,FIL,022Cr19Ni10,1916T3038,ASME B16.11,RCC-M 2,QA1,"1/4""",,个,0.11,KG,
,CPK00315,螺纹管帽,CL6000,FO,FIL,022Cr19Ni10,1916T3038,ASME B16.11,RCC-M 2,QA1,"3/8""",,个,0.17,KG,
,CPK00316,螺纹管帽,CL6000,FO,FIL,022Cr19Ni10,1916T3038,ASME B16.11,RCC-M 2,QA1,"1/2""",,个,0.29,KG,
,CPK00317,螺纹管帽,CL6000,FO,FIL,022Cr19Ni10,1916T3038,ASME B16.11,RCC-M 2,QA1,"3/4""",,个,0.42,KG,
,CPK00318,螺纹管帽,CL6000,FO,FIL,022Cr19Ni10,1916T3038,ASME B16.11,RCC-M 2,QA1,"1""",,个,0.76,KG,
,CPK00319,螺纹管帽,CL6000,FO,FIL,022Cr19Ni10,1916T3038,ASME B16.11,RCC-M 2,QA1,"1-1/4""",,个,0.96,KG,
,CPK00320,螺纹管帽,CL6000,FO,FIL,022Cr19Ni10,1916T3038,ASME B16.11,RCC-M 2,QA1,"1-1/2""",,个,1.42,KG,
,CPK00321,螺纹管帽,CL6000,FO,FIL,022Cr19Ni10,1916T3038,ASME B16.11,RCC-M 2,QA1,"2""",,个,2.24,KG,
,CPK00322,螺纹管帽,CL6000,FO,FIL,20,1916T3037,ASME B16.11,RCC-M 2,QA1,"1/4""",,个,0.11,KG,
,CPK00323,螺纹管帽,CL6000,FO,FIL,20,1916T3037,ASME B16.11,RCC-M 2,QA1,"3/8""",,个,0.17,KG,
,CPK00324,螺纹管帽,CL6000,FO,FIL,20,1916T3037,ASME B16.11,RCC-M 2,QA1,"1/2""",,个,0.29,KG,
,CPK00325,螺纹管帽,CL6000,FO,FIL,20,1916T3037,ASME B16.11,RCC-M 2,QA1,"3/4""",,个,0.42,KG,
,CPK00326,螺纹管帽,CL6000,FO,FIL,20,1916T3037,ASME B16.11,RCC-M 2,QA1,"1""",,个,0.76,KG,
,CPK00327,螺纹管帽,CL6000,FO,FIL,20,1916T3037,ASME B16.11,RCC-M 2,QA1,"1-1/4""",,个,0.96,KG,
,CPK00328,螺纹管帽,CL6000,FO,FIL,20,1916T3037,ASME B16.11,RCC-M 2,QA1,"1-1/2""",,个,1.42,KG,
,CPK00329,螺纹管帽,CL6000,FO,FIL,20,1916T3037,ASME B16.11,RCC-M 2,QA1,"2""",,个,2.24,KG,
,CPK00330,螺纹管帽,CL6000,FO,FIL,P280GH,1916T3052,ASME B16.11,RCC-M 2,QA1,"1/4""",,个,0.11,KG,
,CPK00331,螺纹管帽,CL6000,FO,FIL,P280GH,1916T3052,ASME B16.11,RCC-M 2,QA1,"3/8""",,个,0.17,KG,
,CPK00332,螺纹管帽,CL6000,FO,FIL,P280GH,1916T3052,ASME B16.11,RCC-M 2,QA1,"1/2""",,个,0.29,KG,
,CPK00333,螺纹管帽,CL6000,FO,FIL,P280GH,1916T3052,ASME B16.11,RCC-M 2,QA1,"3/4""",,个,0.42,KG,
,CPK00334,螺纹管帽,CL6000,FO,FIL,P280GH,1916T3052,ASME B16.11,RCC-M 2,QA1,"1""",,个,0.76,KG,
,CPK00335,螺纹管帽,CL6000,FO,FIL,P280GH,1916T3052,ASME B16.11,RCC-M 2,QA1,"1-1/4""",,个,0.96,KG,
,CPK00336,螺纹管帽,CL6000,FO,FIL,P280GH,1916T3052,ASME B16.11,RCC-M 2,QA1,"1-1/2""",,个,1.42,KG,
,CPK00337,螺纹管帽,CL6000,FO,FIL,P280GH,1916T3052,ASME B16.11,RCC-M 2,QA1,"2""",,个,2.24,KG,
,CPK00338,螺纹管帽,CL3000,FO,FIL,022Cr17Ni12Mo2,1916T3038,ASME B16.11,RCC-M 3,QA2,"1/4""",,个,0.05,KG,
,CPK00339,螺纹管帽,CL3000,FO,FIL,022Cr17Ni12Mo2,1916T3038,ASME B16.11,RCC-M 3,QA2,"3/8""",,个,0.07,KG,
,CPK00340,螺纹管帽,CL3000,FO,FIL,022Cr17Ni12Mo2,1916T3038,ASME B16.11,RCC-M 3,QA2,"1/2""",,个,0.14,KG,
,CPK00341,螺纹管帽,CL3000,FO,FIL,022Cr17Ni12Mo2,1916T3038,ASME B16.11,RCC-M 3,QA2,"3/4""",,个,0.24,KG,
,CPK00342,螺纹管帽,CL3000,FO,FIL,022Cr17Ni12Mo2,1916T3038,ASME B16.11,RCC-M 3,QA2,"1""",,个,0.41,KG,
,CPK00343,螺纹管帽,CL3000,FO,FIL,022Cr17Ni12Mo2,1916T3038,ASME B16.11,RCC-M 3,QA2,"1-1/4""",,个,0.71,KG,
,CPK00344,螺纹管帽,CL3000,FO,FIL,022Cr17Ni12Mo2,1916T3038,ASME B16.11,RCC-M 3,QA2,"1-1/2""",,个,0.88,KG,
,CPK00345,螺纹管帽,CL3000,FO,FIL,022Cr17Ni12Mo2,1916T3038,ASME B16.11,RCC-M 3,QA2,"2""",,个,1.25,KG,
,CPK00346,螺纹管帽,CL3000,FO,FIL,022Cr19Ni10,1916T3038,ASME B16.11,RCC-M 3,QA2,"1/4""",,个,0.05,KG,
,CPK00347,螺纹管帽,CL3000,FO,FIL,022Cr19Ni10,1916T3038,ASME B16.11,RCC-M 3,QA2,"3/8""",,个,0.07,KG,
,CPK00348,螺纹管帽,CL3000,FO,FIL,022Cr19Ni10,1916T3038,ASME B16.11,RCC-M 3,QA2,"1/2""",,个,0.14,KG,
,CPK00349,螺纹管帽,CL3000,FO,FIL,022Cr19Ni10,1916T3038,ASME B16.11,RCC-M 3,QA2,"3/4""",,个,0.24,KG,
,CPK00350,螺纹管帽,CL3000,FO,FIL,022Cr19Ni10,1916T3038,ASME B16.11,RCC-M 3,QA2,"1""",,个,0.41,KG,
,CPK00351,螺纹管帽,CL3000,FO,FIL,022Cr19Ni10,1916T3038,ASME B16.11,RCC-M 3,QA2,"1-1/4""",,个,0.71,KG,
,CPK00352,螺纹管帽,CL3000,FO,FIL,022Cr19Ni10,1916T3038,ASME B16.11,RCC-M 3,QA2,"1-1/2""",,个,0.88,KG,
,CPK00353,螺纹管帽,CL3000,FO,FIL,022Cr19Ni10,1916T3038,ASME B16.11,RCC-M 3,QA2,"2""",,个,1.25,KG,
,CPK00354,螺纹管帽,CL3000,FO,FIL,20,1916T3037,ASME B16.11,RCC-M 3,QA2,"1/4""",,个,0.05,KG,
,CPK00355,螺纹管帽,CL3000,FO,FIL,20,1916T3037,ASME B16.11,RCC-M 3,QA2,"3/8""",,个,0.07,KG,
,CPK00356,螺纹管帽,CL3000,FO,FIL,20,1916T3037,ASME B16.11,RCC-M 3,QA2,"1/2""",,个,0.14,KG,
,CPK00357,螺纹管帽,CL3000,FO,FIL,20,1916T3037,ASME B16.11,RCC-M 3,QA2,"3/4""",,个,0.24,KG,
,CPK00358,螺纹管帽,CL3000,FO,FIL,20,1916T3037,ASME B16.11,RCC-M 3,QA2,"1""",,个,0.41,KG,
,CPK00359,螺纹管帽,CL3000,FO,FIL,20,1916T3037,ASME B16.11,RCC-M 3,QA2,"1-1/4""",,个,0.71,KG,
,CPK00360,螺纹管帽,CL3000,FO,FIL,20,1916T3037,ASME B16.11,RCC-M 3,QA2,"1-1/2""",,个,0.88,KG,
,CPK00361,螺纹管帽,CL3000,FO,FIL,20,1916T3037,ASME B16.11,RCC-M 3,QA2,"2""",,个,1.25,KG,
,CPK00362,螺纹管帽,CL3000,FO,FIL,022Cr17Ni12Mo2,1916T3023,ASME B16.11,NA,QNCa,"1/4""",,个,0.05,KG,
,CPK00363,螺纹管帽,CL3000,FO,FIL,022Cr17Ni12Mo2,1916T3023,ASME B16.11,NA,QNCa,"3/8""",,个,0.07,KG,
,CPK00364,螺纹管帽,CL3000,FO,FIL,022Cr17Ni12Mo2,1916T3023,ASME B16.11,NA,QNCa,"1/2""",,个,0.14,KG,
,CPK00365,螺纹管帽,CL3000,FO,FIL,022Cr17Ni12Mo2,1916T3023,ASME B16.11,NA,QNCa,"3/4""",,个,0.24,KG,
,CPK00366,螺纹管帽,CL3000,FO,FIL,022Cr17Ni12Mo2,1916T3023,ASME B16.11,NA,QNCa,"1""",,个,0.41,KG,
,CPK00367,螺纹管帽,CL3000,FO,FIL,022Cr17Ni12Mo2,1916T3023,ASME B16.11,NA,QNCa,"1-1/4""",,个,0.71,KG,
,CPK00368,螺纹管帽,CL3000,FO,FIL,022Cr17Ni12Mo2,1916T3023,ASME B16.11,NA,QNCa,"1-1/2""",,个,0.88,KG,
,CPK00369,螺纹管帽,CL3000,FO,FIL,022Cr17Ni12Mo2,1916T3023,ASME B16.11,NA,QNCa,"2""",,个,1.25,KG,
,CPK00370,螺纹管帽,CL3000,FO,FIL,022Cr19Ni10,1916T3023,ASME B16.11,NA,QNCa,"1/4""",,个,0.05,KG,
,CPK00371,螺纹管帽,CL3000,FO,FIL,022Cr19Ni10,1916T3023,ASME B16.11,NA,QNCa,"3/8""",,个,0.07,KG,
,CPK00372,螺纹管帽,CL3000,FO,FIL,022Cr19Ni10,1916T3023,ASME B16.11,NA,QNCa,"1/2""",,个,0.14,KG,
,CPK00373,螺纹管帽,CL3000,FO,FIL,022Cr19Ni10,1916T3023,ASME B16.11,NA,QNCa,"3/4""",,个,0.24,KG,
,CPK00374,螺纹管帽,CL3000,FO,FIL,022Cr19Ni10,1916T3023,ASME B16.11,NA,QNCa,"1""",,个,0.41,KG,
,CPK00375,螺纹管帽,CL3000,FO,FIL,022Cr19Ni10,1916T3023,ASME B16.11,NA,QNCa,"1-1/4""",,个,0.71,KG,
,CPK00376,螺纹管帽,CL3000,FO,FIL,022Cr19Ni10,1916T3023,ASME B16.11,NA,QNCa,"1-1/2""",,个,0.88,KG,
,CPK00377,螺纹管帽,CL3000,FO,FIL,022Cr19Ni10,1916T3023,ASME B16.11,NA,QNCa,"2""",,个,1.25,KG,
,CPK00378,螺纹管帽,CL3000,FO,FIL,20,1916T3025,ASME B16.11,NA,QNCa,"1/4""",,个,0.1,KG,
,CPK00379,螺纹管帽,CL3000,FO,FIL,20,1916T3025,ASME B16.11,NA,QNCa,"3/8""",,个,0.07,KG,
,CPK00380,螺纹管帽,CL3000,FO,FIL,20,1916T3025,ASME B16.11,NA,QNCa,"1/2""",,个,0.2,KG,
,CPK00381,螺纹管帽,CL3000,FO,FIL,20,1916T3025,ASME B16.11,NA,QNCa,"3/4""",,个,0.3,KG,
,CPK00382,螺纹管帽,CL3000,FO,FIL,20,1916T3025,ASME B16.11,NA,QNCa,"1""",,个,0.5,KG,
,CPK00383,螺纹管帽,CL3000,FO,FIL,20,1916T3025,ASME B16.11,NA,QNCa,"1-1/4""",,个,0.71,KG,
,CPK00384,螺纹管帽,CL3000,FO,FIL,20,1916T3025,ASME B16.11,NA,QNCa,"1-1/2""",,个,0.9,KG,
,CPK00385,螺纹管帽,CL3000,FO,FIL,20,1916T3025,ASME B16.11,NA,QNCa,"2""",,个,1.3,KG,
,CPK00386,管帽CAP-I,1mm,FO,SW,TP2,GB/T 2040,GB/T 11618.1,NA,QNCc,DN8,Φ10,个,,KG,
,CPK00387,管帽CAP-I,1.2mm,FO,SW,TP2,GB/T 2040,GB/T 11618.1,NA,QNCc,DN10,Φ12,个,,KG,
,CPK00388,管帽CAP-I,1mm,FO,SW,TP2,GB/T 2040,GB/T 11618.1,NA,QNCc,DN15,Φ15,个,,KG,
,CPK00389,管帽CAP-I,1.2mm,FO,SW,TP2,GB/T 2040,GB/T 11618.1,NA,QNCc,DN20,Φ22,个,,KG,
,CPK00390,管帽CAP-I,1.2mm,FO,SW,TP2,GB/T 2040,GB/T 11618.1,NA,QNCc,DN25,Φ28,个,,KG,
,CPK00391,管帽CAP-I,2mm,FO,SW,TP2,GB/T 2040,GB/T 11618.1,NA,QNCc,DN32,Φ35,个,,KG,
,CPK00392,管帽,SCH10S,EM,BW,022Cr19Ni10,1916T3017,ASME B16.9,RCC-M 3,QA2,"14""",,个,8.5,KG,
,CPK00393,管帽,SCH10S,EM,BW,022Cr19Ni10,1916T3017,ASME B16.9,RCC-M 3,QA2,"16""",,个,14.5,KG,
,CPK00395,管帽CAP-I,1mm,FO,SW,TP2,GB/T 2040,GB/T 11618.1,NA,QNCc,DN6,Φ8,个,,KG,
,CPK00396,管帽CAP-I,2mm,FO,SW,TP2,GB/T 2040,GB/T 11618.1,NA,QNCc,DN40,Φ42,个,,KG,
,CPK00433,堵头,,,FIL,20,1916T3025,1916E4001-053,NA,QA3,"3/8""",,个,,KG,
,CPK00435,堵头,,,FIL,20,1916T3025,1916E4001-053,NA,QA3,"1""",,个,,KG,
,CPK00440,螺纹管帽,CL3000,FO,FIL,S30408,,GB/T 14383-2008,NA,QNCa,DN15,,个,0.14,KG,
,CPK00441,螺纹管帽,CL3000,FO,FIL,S30408,,GB/T 14383-2008,NA,QNCa,DN20,,个,0.24,KG,
,CPK00442,螺纹管帽,CL3000,FO,FIL,S30408,,GB/T 14383-2008,NA,QNCa,DN25,,个,0.41,KG,
,CPK00443,螺纹管帽,CL3000,FO,FIL,S30408,,GB/T 14383-2008,NA,QNCa,DN32,,个,0.71,KG,
,CPK00444,螺纹管帽,CL3000,FO,FIL,S30408,,GB/T 14383-2008,NA,QNCa,DN40,,个,0.88,KG,
,CPK00445,螺纹管帽,CL3000,FO,FIL,S30403,,GB/T 14383-2008,NA,QNCa,DN15,,个,0.14,KG,
,CPK00446,螺纹管帽,CL3000,FO,FIL,S30403,,GB/T 14383-2008,NA,QNCa,DN20,,个,0.24,KG,
,CPK00447,螺纹管帽,CL3000,FO,FIL,S30403,,GB/T 14383-2008,NA,QNCa,DN25,,个,0.41,KG,
,CPK00448,螺纹管帽,CL3000,FO,FIL,S30403,,GB/T 14383-2008,NA,QNCa,DN32,,个,0.71,KG,
,CPK00449,螺纹管帽,CL3000,FO,FIL,S30403,,GB/T 14383-2008,NA,QNCa,DN40,,个,0.88,KG,
,CPK00450,螺纹管帽,CL3000,FO,FIL,20,,GB/T 14383-2008,NA,QNCa,DN15,,个,0.14,KG,
,CPK00451,螺纹管帽,CL3000,FO,FIL,20,,GB/T 14383-2008,NA,QNCa,DN20,,个,0.24,KG,
,CPK00452,螺纹管帽,CL3000,FO,FIL,20,,GB/T 14383-2008,NA,QNCa,DN25,,个,0.41,KG,
,CPK00453,螺纹管帽,CL3000,FO,FIL,20,,GB/T 14383-2008,NA,QNCa,DN32,,个,0.71,KG,
,CPK00454,螺纹管帽,CL3000,FO,FIL,20,,GB/T 14383-2008,NA,QNCa,DN40,,个,0.88,KG,
,CPK00455,螺纹管帽,CL3000,FO,FIL,20(内外壁热浸镀锌),GB/T 13912-2002,GB/T 14383-2008,NA,QNCa,DN15,,个,0.14,KG,
,CPK00456,螺纹管帽,CL3000,FO,FIL,20(内外壁热浸镀锌),GB/T 13912-2002,GB/T 14383-2008,NA,QNCa,DN20,,个,0.24,KG,
,CPK00457,螺纹管帽,CL3000,FO,FIL,20(内外壁热浸镀锌),GB/T 13912-2002,GB/T 14383-2008,NA,QNCa,DN25,,个,0.41,KG,
,CPK00458,螺纹管帽,CL3000,FO,FIL,20(内外壁热浸镀锌),GB/T 13912-2002,GB/T 14383-2008,NA,QNCa,DN32,,个,0.71,KG,
,CPK00459,螺纹管帽,CL3000,FO,FIL,20(内外壁热浸镀锌),GB/T 13912-2002,GB/T 14383-2008,NA,QNCa,DN40,,个,0.88,KG,
,CPK00467,安全壳喷淋系统喷头,CL300,FS,FIL,304L,ASTM A351 CF3,SSCo,NA,QA2,"1""",,个,,KG,
,CPK00468,管帽,14.27mm,EM,BW,Q265HR,1916T3019,ASME B16.9,RCC-M 3,QA2,"10""",,个,,KG,
,CPK00469,管帽,14.27mm,EM,BW,Q265HR,1916T3019,ASME B16.9,RCC-M 3,QA2,"28""",,个,,KG,
,CPK00470,管帽,14.27mm,EM,BW,Q265HR,1916T3019,ASME B16.9,RCC-M 3,QA2,"36""",,个,,KG,
,CPK00471,管帽,14.27mm,EM,BW,Q265HR,1916T3019,ASME B16.9,RCC-M 3,QA2,"48""",,个,,KG,
,CPK00472,管帽,3.96mm,EM,BW,20,1916T3025,ASME B16.9,NA,QNCa,"5""",,个,,KG,
,CPK00485,换料水池池壁喷头,CL150  ,,FIL,316L,ASTM A351,SSCo,NA,QNC,"1/8""",,个,,KG,
,CPK00486,管帽,25.4mm,SS,BW,P280GH,RCC-M M1152,ASME B16.9,NA,QA3,"12""",,个,,KG,
,CPK00487,管帽,11.13mm,SS,BW,P280GH,RCC-M M1152,ASME B16.9,NA,QA3,"4""",,个,,KG,
,CPK00488,中速水雾喷头K=59,1.6MPa,,FIL,,,美国威景公司,NA,QA3,"1/2""",,个,0.085,KG,"喷射角180度,需要写在等级描述中用于出图"
,CPK00489,闭式水雾喷头K=60,1.6MPa,,FIL,,,美国威景公司,NA,QA3,"1/2""",,个,0.08,KG,"T=68℃,不作为区分物相的标准，但是需要写在等级描述中用于出图"
,CPK00490,水幕喷头K=30.3,1.6MPa,,FIL,,,美国威景公司,NA,QA3,"1/2""",,个,0.1,KG,
,CPK00491,高速水雾喷头K=20,1.6MPa,,FIL,,,美国威景公司,NA,QA3,"1/2""",,个,0.36,KG,喷射角120度，需要写在等级描述中用于出图
,CPK00492,闭式喷头K=80,1.6MPa,,FIL,,,美国威景公司,NA,QA3,"1/2""",,个,0.086,KG,"T=68℃,不作为区分物相的标准，但是需要写在等级描述中用于出图"
,CPK00493,开式泡沫喷头K=40,1.6MPa,,FIL,,,美国威景公司,NA,QA3,"1/2""",,个,0.1,KG,
,CPK00494,管帽,SCH40S,EM,BW,022Cr19Ni10,1916T3017,ASME B16.9,RCC-M 2,QA1,"10""",,个,,KG,
,CPK00496,塑料堵头,9.6mm,,SA,PVC-C,,GB/T 18993.3,NA,QNCa,DN50,Φ63,个,,KG,
,CPK00630,塑料堵头,7.9mm,,SA,PVC-C,,GB/T 18993.3,NA,QNCa,DN50,Φ63,个,,KG,
,CPK00646,普通玻璃球闭式喷头,1.6MPa,,FIL,,,美国威景公司,NA,QNCa,DN20,,个,,KG,
,CPK00648,螺纹管帽,CL3000,FO,FIL,P280GH,1916T3052,ASME B16.11,RCC-M 2,QA1,"1/2""",,个,0.14,KG,
,CPK00649,高速水雾喷头K=48,1.6MPa,,FIL,,,美国威景公司,NA,QA3,"1/2""",,个,0.36,KG,喷射角120度，需要写在等级描述中用于出图
,CPK00650,闭式泡沫喷头K=80,1.6MPa,,FIL,,,美国威景公司,NA,QA3,"1/2""",,个,0.086,KG,"T=93℃,不作为区分物相的标准，但是需要写在等级描述中用于出图"
,CPK00651,管帽,3.18mm,EM,BW,20,1916T3019,ASME B16.9,RCC-M 3,QA2,"2-1/2""",,个,,KG,
,CPK00652,管帽,SCH80,EM,BW,20,1916T3019,ASME B16.9,RCC-M 2,QA1,"3""",,个,,KG,
,CPK00653,管帽,SCH80,EM,BW,20,1916T3019,ASME B16.9,RCC-M 2,QA1,"4""",,个,,KG,
,CPK00654,管帽,3.58mm,EM,BW,20,1916T3019,ASME B16.9,RCC-M 3,QA2,"4""",,个,,KG,
,CPK00655,管帽,4.37mm,EM,BW,20,1916T3019,ASME B16.9,RCC-M 3,QA2,"6""",,个,,KG,
,CPK00656,管帽,SCH120,EM,BW,P280GH,1916T3019,ASME B16.9,RCC-M 2,QA1,"8""",,个,,KG,
,CPK00657,管帽,SCH20,EM,BW,20,1916T3019,ASME B16.9,RCC-M 3,QA2,"8""",,个,,KG,
,CPK00658,管帽,SCH20,EM,BW,20,1916T3019,ASME B16.9,RCC-M 3,QA2,"10""",,个,,KG,
,CPK00659,管帽,SCH20,EM,BW,20,1916T3019,ASME B16.9,RCC-M 2,QA1,"14""",,个,,KG,
,CPN00060,钢塑复合管,2.5mm,SS,,20(内衬聚丙烯层),,DL/T 935-2005,NA,QNCa,DN25,,个,2.09,KG,
,CPN00061,钢塑复合管,2.5mm,SS,,20(内衬聚丙烯层),,DL/T 935-2005,NA,QNCa,DN32,,个,2.69,KG,
,CPN00062,钢塑复合管,2.5mm,SS,,20(内衬聚丙烯层),,DL/T 935-2005,NA,QNCa,DN40,,个,3.11,KG,
,CPN00063,钢塑复合管,3mm,SS,,20(内衬聚丙烯层),,DL/T 935-2005,NA,QNCa,DN50,,个,4.48,KG,
,CPN00064,钢塑复合管,3.5mm,SS,,20(内衬聚丙烯层),,DL/T 935-2005,NA,QNCa,DN65,,个,6.13,KG,
,CPN00065,钢塑复合管,4mm,SS,,20(内衬聚丙烯层),,DL/T 935-2005,NA,QNCa,DN80,,个,9.11,KG,
,CPN00066,钢塑复合管,4mm,SS,,20(内衬聚丙烯层),,DL/T 935-2005,NA,QNCa,DN100,,个,11.85,KG,
,CPN00067,钢塑复合管,4mm,SS,,20(内衬聚丙烯层),,DL/T 935-2005,NA,QNCa,DN125,,个,16.09,KG,
,CPN00068,钢塑复合管,4.5mm,SS,,20(内衬聚丙烯层),,DL/T 935-2005,NA,QNCa,DN150,,个,19.28,KG,
,CPN00069,钢塑复合管,6mm,SS,,20(内衬聚丙烯层),,DL/T 935-2005,NA,QNCa,DN200,,个,33.32,KG,
,CPN00070,钢塑复合管,7mm,SS,,20(内衬聚丙烯层),,DL/T 935-2005,NA,QNCa,DN250,,个,46.49,KG,
,CPN00071,钢塑复合管,8mm,SS,,20(内衬聚丙烯层),,DL/T 935-2005,NA,QNCa,DN300,,个,65.19,KG,
,CPN00089,塑料管(S5系列),5.8mm,,SA,PVC-C,,GB/T 18993.2,NA,QNCa,DN50,Φ63,M,1.89,KG,按照米计量，应该使用CPP
,CPN00090,塑料管(S5系列),2mm,,SA,PVC-C,,GB/T 18993.2,NA,QNCa,DN20,Φ20,M,0.21,KG,按照米计量，应该使用CPP
,CPN00091,钢塑复合管,PN16(2.5mm),SS,FF,20(内衬聚四氟乙烯PTFE),GB/T 8163-2008,DL/T 935-2005,NA,QNC,DN25,Φ32,个,2.46,KG,适用于WES系统3/4寸衬塑管道及管件选型
,CPN00092,钢塑复合管,PN16(4mm),SS,FF,20(内衬聚四氟乙烯PTFE),GB/T 8163-2008,DL/T 935-2005,NA,QNC,DN80,Φ89,个,6.77,KG,
,CPO00001,单头承插管接头,CL6000,FO,SW,022Cr19Ni10,1916T3038,ASME B16.11,RCC-M 1,QA1,"1/4""",,个,,KG,
,CPO00002,单头承插管接头,CL3000,FO,SW,022Cr19Ni10,1916T3038,ASME B16.11,RCC-M 2,QA1,"1/4""",,个,0.05,KG,
,CPO00003,单头承插管接头,CL3000,FO,SW,20,1916T3037,ASME B16.11,RCC-M 2,QA1,"1/4""",,个,0.05,KG,
,CPO00004,单头承插管接头,CL6000,FO,SW,022Cr19Ni10,1916T3038,ASME B16.11,RCC-M 2,QA1,"1/4""",,个,,KG,
,CPO00005,单头承插管接头,CL6000,FO,SW,P280GH,1916T3052,ASME B16.11,RCC-M 2,QA1,"1/4""",,个,,KG,
,CPO00006,单头承插管接头,CL3000,FO,SW,022Cr17Ni12Mo2,1916T3038,ASME B16.11,RCC-M 3,QA2,"1/4""",,个,0.05,KG,
,CPO00007,单头承插管接头,CL3000,FO,SW,022Cr19Ni10,1916T3038,ASME B16.11,RCC-M 3,QA2,"1/4""",,个,0.05,KG,
,CPO00008,单头承插管接头,CL3000,FO,SW,20,1916T3037,ASME B16.11,RCC-M 3,QA2,"1/4""",,个,0.05,KG,
,CPO00009,单头承插管接头,CL3000,FO,SW,022Cr17Ni12Mo2,1916T3023,ASME B16.11,NA,QNCa,"1/4""",,个,0.05,KG,
,CPO00010,单头承插管接头,CL3000,FO,SW,022Cr19Ni10,1916T3023,ASME B16.11,NA,QNCa,"1/4""",,个,0.05,KG,
,CPO00011,单头承插管接头,CL3000,FO,SW,20,1916T3025,ASME B16.11,NA,QNCa,"1/4""",,个,0.05,KG,
,CPO00012,单头承插管接头,CL6000,FO,SW,022Cr19Ni10,1916T3038,ASME B16.11,RCC-M 1,QA1,"3/8""",,个,,KG,
,CPO00013,单头承插管接头,CL3000,FO,SW,022Cr19Ni10,1916T3038,ASME B16.11,RCC-M 2,QA1,"3/8""",,个,0.09,KG,
,CPO00014,单头承插管接头,CL3000,FO,SW,20,1916T3037,ASME B16.11,RCC-M 2,QA1,"3/8""",,个,0.09,KG,
,CPO00015,单头承插管接头,CL6000,FO,SW,022Cr19Ni10,1916T3038,ASME B16.11,RCC-M 2,QA1,"3/8""",,个,,KG,
,CPO00016,单头承插管接头,CL6000,FO,SW,P280GH,1916T3052,ASME B16.11,RCC-M 2,QA1,"3/8""",,个,,KG,
,CPO00017,单头承插管接头,CL3000,FO,SW,022Cr17Ni12Mo2,1916T3038,ASME B16.11,RCC-M 3,QA2,"3/8""",,个,0.09,KG,
,CPO00018,单头承插管接头,CL3000,FO,SW,022Cr19Ni10,1916T3038,ASME B16.11,RCC-M 3,QA2,"3/8""",,个,0.09,KG,
,CPO00019,单头承插管接头,CL3000,FO,SW,20,1916T3037,ASME B16.11,RCC-M 3,QA2,"3/8""",,个,0.09,KG,
,CPO00020,单头承插管接头,CL3000,FO,SW,022Cr17Ni12Mo2,1916T3023,ASME B16.11,NA,QNCa,"3/8""",,个,0.09,KG,
,CPO00021,单头承插管接头,CL3000,FO,SW,022Cr19Ni10,1916T3023,ASME B16.11,NA,QNCa,"3/8""",,个,0.09,KG,
,CPO00022,单头承插管接头,CL3000,FO,SW,20,1916T3025,ASME B16.11,NA,QNCa,"3/8""",,个,0.09,KG,
,CPO00023,单头承插管接头,CL6000,FO,SW,022Cr19Ni10,1916T3038,ASME B16.11,RCC-M 1,QA1,"1/2""",,个,0.35,KG,
,CPO00024,单头承插管接头,CL3000,FO,SW,022Cr19Ni10,1916T3038,ASME B16.11,RCC-M 2,QA1,"1/2""",,个,0.16,KG,
,CPO00025,单头承插管接头,CL3000,FO,SW,20,1916T3037,ASME B16.11,RCC-M 2,QA1,"1/2""",,个,0.16,KG,
,CPO00026,单头承插管接头,CL6000,FO,SW,022Cr19Ni10,1916T3038,ASME B16.11,RCC-M 2,QA1,"1/2""",,个,0.35,KG,
,CPO00027,单头承插管接头,CL6000,FO,SW,P280GH,1916T3052,ASME B16.11,RCC-M 2,QA1,"1/2""",,个,0.35,KG,
,CPO00028,单头承插管接头,CL3000,FO,SW,022Cr17Ni12Mo2,1916T3038,ASME B16.11,RCC-M 3,QA2,"1/2""",,个,0.16,KG,
,CPO00029,单头承插管接头,CL3000,FO,SW,022Cr19Ni10,1916T3038,ASME B16.11,RCC-M 3,QA2,"1/2""",,个,0.16,KG,
,CPO00030,单头承插管接头,CL3000,FO,SW,20,1916T3037,ASME B16.11,RCC-M 3,QA2,"1/2""",,个,0.16,KG,
,CPO00031,单头承插管接头,CL3000,FO,SW,022Cr17Ni12Mo2,1916T3023,ASME B16.11,NA,QNCa,"1/2""",,个,0.16,KG,
,CPO00032,单头承插管接头,CL3000,FO,SW,022Cr19Ni10,1916T3023,ASME B16.11,NA,QNCa,"1/2""",,个,0.16,KG,
,CPO00033,单头承插管接头,CL3000,FO,SW,20,1916T3025,ASME B16.11,NA,QNCa,"1/2""",,个,0.2,KG,
,CPO00034,单头承插管接头,CL6000,FO,SW,022Cr19Ni10,1916T3038,ASME B16.11,RCC-M 1,QA1,"3/4""",,个,0.47,KG,
,CPO00035,单头承插管接头,CL3000,FO,SW,022Cr19Ni10,1916T3038,ASME B16.11,RCC-M 2,QA1,"3/4""",,个,0.2,KG,
,CPO00036,单头承插管接头,CL3000,FO,SW,20,1916T3037,ASME B16.11,RCC-M 2,QA1,"3/4""",,个,0.2,KG,
,CPO00037,单头承插管接头,CL6000,FO,SW,022Cr19Ni10,1916T3038,ASME B16.11,RCC-M 2,QA1,"3/4""",,个,0.47,KG,
,CPO00038,单头承插管接头,CL6000,FO,SW,P280GH,1916T3052,ASME B16.11,RCC-M 2,QA1,"3/4""",,个,0.47,KG,
,CPO00039,单头承插管接头,CL3000,FO,SW,022Cr17Ni12Mo2,1916T3038,ASME B16.11,RCC-M 3,QA2,"3/4""",,个,0.2,KG,
,CPO00040,单头承插管接头,CL3000,FO,SW,022Cr19Ni10,1916T3038,ASME B16.11,RCC-M 3,QA2,"3/4""",,个,0.2,KG,
,CPO00041,单头承插管接头,CL3000,FO,SW,20,1916T3037,ASME B16.11,RCC-M 3,QA2,"3/4""",,个,0.2,KG,
,CPO00042,单头承插管接头,CL3000,FO,SW,022Cr17Ni12Mo2,1916T3023,ASME B16.11,NA,QNCa,"3/4""",,个,0.2,KG,
,CPO00043,单头承插管接头,CL3000,FO,SW,022Cr19Ni10,1916T3023,ASME B16.11,NA,QNCa,"3/4""",,个,0.2,KG,
,CPO00044,单头承插管接头,CL3000,FO,SW,20,1916T3025,ASME B16.11,NA,QNCa,"3/4""",,个,0.2,KG,
,CPO00045,单头承插管接头,CL6000,FO,SW,022Cr19Ni10,1916T3038,ASME B16.11,RCC-M 1,QA1,"1""",,个,0.68,KG,
,CPO00046,单头承插管接头,CL3000,FO,SW,022Cr19Ni10,1916T3038,ASME B16.11,RCC-M 2,QA1,"1""",,个,0.42,KG,
,CPO00047,单头承插管接头,CL3000,FO,SW,20,1916T3037,ASME B16.11,RCC-M 2,QA1,"1""",,个,0.42,KG,
,CPO00048,单头承插管接头,CL6000,FO,SW,022Cr19Ni10,1916T3038,ASME B16.11,RCC-M 2,QA1,"1""",,个,0.68,KG,
,CPO00049,单头承插管接头,CL6000,FO,SW,P280GH,1916T3052,ASME B16.11,RCC-M 2,QA1,"1""",,个,0.68,KG,
,CPO00050,单头承插管接头,CL3000,FO,SW,022Cr17Ni12Mo2,1916T3038,ASME B16.11,RCC-M 3,QA2,"1""",,个,0.42,KG,
,CPO00051,单头承插管接头,CL3000,FO,SW,022Cr19Ni10,1916T3038,ASME B16.11,RCC-M 3,QA2,"1""",,个,0.42,KG,
,CPO00052,单头承插管接头,CL3000,FO,SW,20,1916T3037,ASME B16.11,RCC-M 3,QA2,"1""",,个,0.42,KG,
,CPO00053,单头承插管接头,CL3000,FO,SW,022Cr17Ni12Mo2,1916T3023,ASME B16.11,NA,QNCa,"1""",,个,0.42,KG,
,CPO00054,单头承插管接头,CL3000,FO,SW,022Cr19Ni10,1916T3023,ASME B16.11,NA,QNCa,"1""",,个,0.42,KG,
,CPO00055,单头承插管接头,CL3000,FO,SW,20,1916T3025,ASME B16.11,NA,QNCa,"1""",,个,0.5,KG,
,CPO00056,单头承插管接头,CL3000,FO,SW,022Cr19Ni10,1916T3038,ASME B16.11,RCC-M 2,QA1,"1-1/4""",,个,0.59,KG,
,CPO00057,单头承插管接头,CL3000,FO,SW,20,1916T3037,ASME B16.11,RCC-M 2,QA1,"1-1/4""",,个,0.59,KG,
,CPO00058,单头承插管接头,CL6000,FO,SW,022Cr19Ni10,1916T3038,ASME B16.11,RCC-M 2,QA1,"1-1/4""",,个,1.1,KG,
,CPO00059,单头承插管接头,CL6000,FO,SW,P280GH,1916T3052,ASME B16.11,RCC-M 2,QA1,"1-1/4""",,个,1.1,KG,
,CPO00060,单头承插管接头,CL3000,FO,SW,022Cr17Ni12Mo2,1916T3038,ASME B16.11,RCC-M 3,QA2,"1-1/4""",,个,0.59,KG,
,CPO00061,单头承插管接头,CL3000,FO,SW,022Cr19Ni10,1916T3038,ASME B16.11,RCC-M 3,QA2,"1-1/4""",,个,0.59,KG,
,CPO00062,单头承插管接头,CL3000,FO,SW,20,1916T3037,ASME B16.11,RCC-M 3,QA2,"1-1/4""",,个,0.59,KG,
,CPO00063,单头承插管接头,CL3000,FO,SW,022Cr17Ni12Mo2,1916T3023,ASME B16.11,NA,QNCa,"1-1/4""",,个,0.59,KG,
,CPO00064,单头承插管接头,CL3000,FO,SW,022Cr19Ni10,1916T3023,ASME B16.11,NA,QNCa,"1-1/4""",,个,0.59,KG,
,CPO00065,单头承插管接头,CL3000,FO,SW,20,1916T3025,ASME B16.11,NA,QNCa,"1-1/4""",,个,0.6,KG,
,CPO00066,单头承插管接头,CL3000,FO,SW,022Cr19Ni10,1916T3038,ASME B16.11,RCC-M 2,QA1,"1-1/2""",,个,0.7,KG,
,CPO00067,单头承插管接头,CL3000,FO,SW,20,1916T3037,ASME B16.11,RCC-M 2,QA1,"1-1/2""",,个,0.7,KG,
,CPO00068,单头承插管接头,CL6000,FO,SW,022Cr19Ni10,1916T3038,ASME B16.11,RCC-M 2,QA1,"1-1/2""",,个,1.3,KG,
,CPO00069,单头承插管接头,CL6000,FO,SW,P280GH,1916T3052,ASME B16.11,RCC-M 2,QA1,"1-1/2""",,个,1.3,KG,
,CPO00070,单头承插管接头,CL3000,FO,SW,022Cr17Ni12Mo2,1916T3038,ASME B16.11,RCC-M 3,QA2,"1-1/2""",,个,0.7,KG,
,CPO00071,单头承插管接头,CL3000,FO,SW,022Cr19Ni10,1916T3038,ASME B16.11,RCC-M 3,QA2,"1-1/2""",,个,0.7,KG,
,CPO00072,单头承插管接头,CL3000,FO,SW,20,1916T3037,ASME B16.11,RCC-M 3,QA2,"1-1/2""",,个,0.7,KG,
,CPO00073,单头承插管接头,CL3000,FO,SW,022Cr17Ni12Mo2,1916T3023,ASME B16.11,NA,QNCa,"1-1/2""",,个,0.7,KG,
,CPO00074,单头承插管接头,CL3000,FO,SW,022Cr19Ni10,1916T3023,ASME B16.11,NA,QNCa,"1-1/2""",,个,0.7,KG,
,CPO00075,单头承插管接头,CL3000,FO,SW,20,1916T3025,ASME B16.11,NA,QNCa,"1-1/2""",,个,0.7,KG,
,CPO00076,单头承插管接头,CL3000,FO,SW,022Cr19Ni10,1916T3038,ASME B16.11,RCC-M 2,QA1,"2""",,个,1.1,KG,
,CPO00077,单头承插管接头,CL3000,FO,SW,20,1916T3037,ASME B16.11,RCC-M 2,QA1,"2""",,个,1.1,KG,
,CPO00078,单头承插管接头,CL6000,FO,SW,022Cr19Ni10,1916T3038,ASME B16.11,RCC-M 2,QA1,"2""",,个,2.45,KG,
,CPO00079,单头承插管接头,CL6000,FO,SW,P280GH,1916T3052,ASME B16.11,RCC-M 2,QA1,"2""",,个,2.45,KG,
,CPO00080,单头承插管接头,CL3000,FO,SW,022Cr17Ni12Mo2,1916T3038,ASME B16.11,RCC-M 3,QA2,"2""",,个,1.1,KG,
,CPO00081,单头承插管接头,CL3000,FO,SW,022Cr19Ni10,1916T3038,ASME B16.11,RCC-M 3,QA2,"2""",,个,1.1,KG,
,CPO00082,单头承插管接头,CL3000,FO,SW,20,1916T3037,ASME B16.11,RCC-M 3,QA2,"2""",,个,1.1,KG,
,CPO00083,单头承插管接头,CL3000,FO,SW,022Cr17Ni12Mo2,1916T3023,ASME B16.11,NA,QNCa,"2""",,个,1.1,KG,
,CPO00084,单头承插管接头,CL3000,FO,SW,022Cr19Ni10,1916T3023,ASME B16.11,NA,QNCa,"2""",,个,1.1,KG,
,CPO00085,单头承插管接头,CL3000,FO,SW,20,1916T3025,ASME B16.11,NA,QNCa,"2""",,个,1.1,KG,
,CPO01370,单头承插管接头,1.8mm,,,环氧树脂玻璃纤维,,SY/T 6266,NA,QNCa,"2""",,个,,KG,
,CPO01412,管座,CL3000,,SW,022Cr19Ni10,,1916E4001-021,RCC-M 2,QA1,"3/4""",,个,,KG,
,CPO01418,接管座,,,SW,022Cr19Ni10,1916T3038,1916E4001-036,RCC-M 1,QA1,"1/2""",Φ21.8,个,0.2,KG,
,CPO01419,接管座,,,SW,022Cr19Ni10,1916T3038,1916E4001-036,RCC-M 1,QA1,"3/4""",Φ27.1,个,0.3,KG,
,CPO01420,接管座,,,SW,022Cr19Ni10,1916T3038,1916E4001-036,RCC-M 1,QA1,"1""",Φ33.8,个,0.5,KG,
,CPO01421,接管座,,,SW,022Cr19Ni10,1916T3038,1916E4001-036,RCC-M 1,QA1,"1-1/2""",Φ48.7,个,1,KG,
,CPO01422,接管座,,,SW,022Cr19Ni10,1916T3038,1916E4001-036,RCC-M 1,QA1,"2""",Φ61.1,个,2,KG,
,CPO01423,接管座,,,SW,026Cr18Ni12Mo2N,1916T3038,1916E4001-037,RCC-M 1,QA1,"1/2""",Φ21.8,个,,KG,
,CPO01424,接管座,,,SW,026Cr18Ni12Mo2N,1916T3038,1916E4001-037,RCC-M 1,QA1,"3/4""",Φ27.1,个,,KG,
,CPO01425,接管座,,,SW,026Cr18Ni12Mo2N,1916T3038,1916E4001-037,RCC-M 1,QA1,"1""",Φ33.8,个,,KG,
,CPO01426,接管座,,,SW,026Cr18Ni12Mo2N,1916T3038,1916E4001-037,RCC-M 1,QA1,"1-1/2""",Φ48.7,个,,KG,
,CPO01427,接管座,,,SW,026Cr18Ni12Mo2N,1916T3038,1916E4001-037,RCC-M 1,QA1,"2""",Φ61.1,个,,KG,
,CPO01428,接管座,,,SW,026Cr18Ni12Mo2N,1916T3038,1916E4001-039,RCC-M 1,QA1,"1/2""",Φ21.8,个,0.3,KG,
,CPO01429,接管座,,,SW,026Cr18Ni12Mo2N,1916T3038,1916E4001-039,RCC-M 1,QA1,"3/4""",Φ27.1,个,0.6,KG,
,CPO01430,接管座,,,SW,026Cr18Ni12Mo2N,1916T3038,1916E4001-039,RCC-M 1,QA1,"1""",Φ33.8,个,1,KG,
,CPO01431,接管座,,,BW,026Cr18Ni12Mo2N,1916T3038,1916E4001-040,RCC-M 1,QA1,"1-1/2""",Φ48.3,个,1.5,KG,
,CPO01432,接管座,,,BW,026Cr18Ni12Mo2N,1916T3038,1916E4001-040,RCC-M 1,QA1,"2""",Φ60.3,个,2.4,KG,
,CPO01433,限流接管座,,,SW,022Cr19Ni10,1916T3038,1916E4001-042,RCC-M 1,QA1,"1/2""",Φ21.8,个,0.2,KG,
,CPO01434,限流接管座,,,SW,022Cr19Ni10,1916T3038,1916E4001-042,RCC-M 1,QA1,"3/4""",Φ27.1,个,0.3,KG,
,CPO01435,限流接管座,,,SW,022Cr19Ni10,1916T3038,1916E4001-043,RCC-M 1,QA1,"1/2""",Φ21.8,个,0.4,KG,
,CPO01436,限流接管座,,,SW,022Cr19Ni10,1916T3038,1916E4001-043,RCC-M 1,QA1,"3/4""",Φ27.1,个,0.7,KG,
,CPO01437,限流接管座,,,SW,022Cr19Ni10,1916T3038,1916E4001-043,RCC-M 1,QA1,"1""",Φ33.8,个,1,KG,
,CPO01438,限流接管座,,,SW,026Cr18Ni12Mo2N,1916T3038,1916E4001-044,RCC-M 1,QA1,"1/2""",Φ21.8,个,0.4,KG,
,CPO01439,限流接管座,,,SW,026Cr18Ni12Mo2N,1916T3038,1916E4001-044,RCC-M 1,QA1,"3/4""",Φ27.1,个,0.7,KG,
,CPO01440,限流接管座,,,SW,026Cr18Ni12Mo2N,1916T3038,1916E4001-044,RCC-M 1,QA1,"1""",Φ33.8,个,1,KG,
,CPO01441,接管座,,,FIL,022Cr19Ni10,1916T3038,1916E4001-033,RCC-M 2,QA1,"1/2""",,个,,KG,
,CPO01442,接管座,,,FIL,20,,1916E4001-034,RCC-M 2,QA1,"1""",,个,,KG,
,CPO01443,接管座,,,FIL,022Cr19Ni10,1916T3038,1916E4001-030,RCC-M 2,QA1,"3/4""",,个,,KG,
,CPO01444,接管座,,,SW,P280GH,1916T3052,1916E4001-035,RCC-M 2,QA1,"3/4""",,个,,KG,
,CPO01445,接管座,,,SW,022Cr19Ni10,1916T3038,1916E4001-036,RCC-M 2,QA1,"1/2""",Φ21.8,个,0.2,KG,
,CPO01446,接管座,,,SW,022Cr19Ni10,1916T3038,1916E4001-036,RCC-M 2,QA1,"3/4""",Φ27.1,个,0.3,KG,
,CPO01447,接管座,,,SW,022Cr19Ni10,1916T3038,1916E4001-036,RCC-M 2,QA1,"1""",Φ33.8,个,0.5,KG,
,CPO01448,接管座,,,SW,022Cr19Ni10,1916T3038,1916E4001-036,RCC-M 2,QA1,"1-1/2""",Φ48.7,个,1,KG,
,CPO01449,接管座,,,SW,022Cr19Ni10,1916T3038,1916E4001-036,RCC-M 2,QA1,"2""",Φ61.1,个,2,KG,
,CPO01450,接管座,,,SW,022Cr19Ni10,1916T3038,1916E4001-038,RCC-M 2,QA1,"1/2""",Φ21.8,个,0.15,KG,
,CPO01451,接管座,,,SW,022Cr19Ni10,1916T3038,1916E4001-038,RCC-M 2,QA1,"3/4""",Φ27.1,个,0.2,KG,
,CPO01452,接管座,,,SW,022Cr19Ni10,1916T3038,1916E4001-038,RCC-M 2,QA1,"1""",Φ33.8,个,0.3,KG,
,CPO01453,接管座,,,SW,022Cr19Ni10,1916T3038,1916E4001-038,RCC-M 2,QA1,"1-1/2""",Φ48.7,个,0.5,KG,
,CPO01454,接管座,,,SW,022Cr19Ni10,1916T3038,1916E4001-038,RCC-M 2,QA1,"2""",Φ61.7,个,1,KG,
,CPO01455,接管座,,,SW,022Cr19Ni10,1916T3038,1916E4001-038,RCC-M 2,QA1,"1/4""",Φ14.2,个,0.07,KG,
,CPO01456,接管座,,,SW,022Cr19Ni10,1916T3038,1916E4001-041,RCC-M 2,QA1,"1/2""",Φ21.8,个,0.12,KG,
,CPO01457,接管座,,,SW,022Cr19Ni10,1916T3038,1916E4001-041,RCC-M 2,QA1,"3/4""",Φ27.1,个,0.2,KG,
,CPO01458,接管座,,,SW,022Cr19Ni10,1916T3038,1916E4001-041,RCC-M 2,QA1,"1""",Φ33.8,个,0.3,KG,
,CPO01459,接管座,,,SW,022Cr19Ni10,1916T3038,1916E4001-041,RCC-M 2,QA1,"1-1/2""",Φ48.7,个,0.4,KG,
,CPO01460,接管座,,,SW,022Cr19Ni10,1916T3038,1916E4001-041,RCC-M 2,QA1,"2""",Φ61.1,个,0.8,KG,
,CPO01461,接管座,,,SW,022Cr19Ni10,1916T3038,1916E4001-041,RCC-M 2,QA1,"1/4""",Φ14.2,个,0.1,KG,
,CPO01462,限流接管座,,,SW,022Cr19Ni10,1916T3038,1916E4001-042,RCC-M 2,QA1,"1/2""",Φ21.8,个,0.2,KG,
,CPO01463,限流接管座,,,SW,022Cr19Ni10,1916T3038,1916E4001-042,RCC-M 2,QA1,"3/4""",Φ27.1,个,0.3,KG,
,CPO01464,限流接管座,,,SW,022Cr19Ni10,1916T3038,1916E4001-043,RCC-M 2,QA1,"1/2""",Φ21.8,个,0.4,KG,
,CPO01465,限流接管座,,,SW,022Cr19Ni10,1916T3038,1916E4001-043,RCC-M 2,QA1,"3/4""",Φ27.1,个,0.7,KG,
,CPO01466,限流接管座,,,SW,022Cr19Ni10,1916T3038,1916E4001-043,RCC-M 2,QA1,"1""",Φ33.8,个,1,KG,
,CPO01467,测压接管座,,,SW,022Cr19Ni10,1916T3038,1916E4001-045,RCC-M 2,QA1,"3/4""",Φ27,个,,KG,
,CPO01468,测温接管座,,,FIL,P280GH,1916T3052,1916E4001-046,RCC-M 2,QA1,"1/2""",,个,,KG,
,CPO01469,接管座,,,SW,P280GH,1916T3052,1916E4001-047,RCC-M 2,QA1,"1/2""",Φ21.8,个,0.15,KG,
,CPO01470,接管座,,,SW,P280GH,1916T3052,1916E4001-047,RCC-M 2,QA1,"3/4""",Φ27.1,个,0.2,KG,
,CPO01471,接管座,,,SW,P280GH,1916T3052,1916E4001-047,RCC-M 2,QA1,"1""",Φ33.8,个,0.4,KG,
,CPO01472,接管座,,,SW,P280GH,1916T3052,1916E4001-048,RCC-M 2,QA1,"1/2""",Φ21.8,个,0.15,KG,
,CPO01473,接管座,,,SW,P280GH,1916T3052,1916E4001-048,RCC-M 2,QA1,"3/4""",Φ27.1,个,0.2,KG,
,CPO01474,接管座,,,SW,P280GH,1916T3052,1916E4001-048,RCC-M 2,QA1,"1""",Φ33.8,个,0.4,KG,
,CPO01475,接管座,,,SW,P280GH,1916T3052,1916E4001-048,RCC-M 2,QA1,"1/4""",Φ14.2,个,0.1,KG,
,CPO01476,接管座,,,SW,022Cr19Ni10,1916T3038,1916E4001-049,RCC-M 2,QA1,"1/2""",Φ21.8,个,0.12,KG,
,CPO01477,接管座,,,SW,022Cr19Ni10,1916T3038,1916E4001-049,RCC-M 2,QA1,"3/4""",Φ27.1,个,0.2,KG,
,CPO01478,接管座,,,SW,022Cr19Ni10,1916T3038,1916E4001-049,RCC-M 2,QA1,"1""",Φ33.8,个,0.3,KG,
,CPO01479,接管座,,,SW,022Cr19Ni10,1916T3038,1916E4001-049,RCC-M 2,QA1,"1-1/2""",Φ48.7,个,0.4,KG,
,CPO01480,接管座,,,SW,022Cr19Ni10,1916T3038,1916E4001-049,RCC-M 2,QA1,"2""",Φ61.1,个,0.8,KG,
,CPO01481,接管座,,,SW,022Cr19Ni10,1916T3038,1916E4001-049,RCC-M 2,QA1,"1/4""",Φ14.2,个,0.1,KG,
,CPO01488,接管座,,,SW,022Cr19Ni10,1916T3038,1916E4001-041,RCC-M 3,QA2,"1/2""",Φ21.8,个,0.12,KG,
,CPO01489,接管座,,,SW,022Cr19Ni10,1916T3038,1916E4001-041,RCC-M 3,QA2,"3/4""",Φ27.1,个,0.2,KG,
,CPO01490,接管座,,,SW,022Cr19Ni10,1916T3038,1916E4001-041,RCC-M 3,QA2,"1""",Φ33.8,个,0.3,KG,
,CPO01491,接管座,,,SW,022Cr19Ni10,1916T3038,1916E4001-041,RCC-M 3,QA2,"1-1/2""",Φ48.7,个,0.4,KG,
,CPO01492,接管座,,,SW,022Cr19Ni10,1916T3038,1916E4001-041,RCC-M 3,QA2,"2""",Φ61.1,个,0.8,KG,
,CPO01493,接管座,,,SW,022Cr19Ni10,1916T3038,1916E4001-041,RCC-M 3,QA2,"1/4""",Φ14.2,个,0.1,KG,
,CPO01494,接管座,,,SW,022Cr19Ni10,1916T3038,1916E4001-041,NA,QA3,"1/2""",Φ21.8,个,0.12,KG,
,CPO01495,接管座,,,SW,022Cr19Ni10,1916T3038,1916E4001-041,NA,QA3,"3/4""",Φ27.1,个,0.2,KG,
,CPO01496,接管座,,,SW,022Cr19Ni10,1916T3038,1916E4001-041,NA,QA3,"1""",Φ33.8,个,0.3,KG,
,CPO01497,接管座,,,SW,022Cr19Ni10,1916T3038,1916E4001-041,NA,QA3,"1-1/2""",Φ48.7,个,0.4,KG,
,CPO01498,接管座,,,SW,022Cr19Ni10,1916T3038,1916E4001-041,NA,QA3,"2""",Φ61.1,个,0.8,KG,
,CPO01499,接管座,,,SW,022Cr19Ni10,1916T3038,1916E4001-041,NA,QA3,"1/4""",Φ14.2,个,0.1,KG,
,CPO01500,TFM可拆卸插塞L=17,,,,P280GH,,1916E4001-029-0,RCC-M 2,QA1,M36,,个,,KG,
,CPO01501,TSM可拆卸插塞L=27,,,,P280GH,,1916E4001-029-0,RCC-M 2,QA1,M36,,个,,KG,
,CPO01502,射线插塞E=40,,,FIL,20,1916T3037,1916E4001-031,RCC-M 2,QA1,M27,,个,,KG,
,CPO01594,接管座,,,SW,026Cr18Ni12Mo2N,1916T3038,1916E4001-037,RCC-M 2,QA1,"1/2""",Φ21.8,个,,KG,
,CPO01595,接管座,,,SW,026Cr18Ni12Mo2N,1916T3038,1916E4001-037,RCC-M 2,QA1,"3/4""",Φ27.1,个,,KG,
,CPO01596,接管座,,,SW,026Cr18Ni12Mo2N,1916T3038,1916E4001-037,RCC-M 2,QA1,"1""",Φ33.8,个,,KG,
,CPO01597,接管座,,,SW,026Cr18Ni12Mo2N,1916T3038,1916E4001-037,RCC-M 2,QA1,"1-1/2""",Φ48.7,个,,KG,
,CPO01598,接管座,,,SW,026Cr18Ni12Mo2N,1916T3038,1916E4001-037,RCC-M 2,QA1,"2""",Φ61.1,个,,KG,
,CPO01599,接管座,,,SW,026Cr18Ni12Mo2N,1916T3038,1916E4001-039,RCC-M 2,QA1,"1/2""",Φ21.8,个,0.3,KG,
,CPO01600,接管座,,,SW,026Cr18Ni12Mo2N,1916T3038,1916E4001-039,RCC-M 2,QA1,"3/4""",Φ27.1,个,0.6,KG,
,CPO01601,接管座,,,SW,026Cr18Ni12Mo2N,1916T3038,1916E4001-039,RCC-M 2,QA1,"1""",Φ33.8,个,1,KG,
,CPO01602,接管座,,,BW,026Cr18Ni12Mo2N,1916T3038,1916E4001-040,RCC-M 2,QA1,"1-1/2""",Φ48.3,个,1.5,KG,
,CPO01603,接管座,,,BW,026Cr18Ni12Mo2N,1916T3038,1916E4001-040,RCC-M 2,QA1,"2""",Φ60.3,个,2.4,KG,
,CPO01604,限流接管座,,,SW,026Cr18Ni12Mo2N,1916T3038,1916E4001-044,RCC-M 2,QA1,"1/2""",Φ21.8,个,0.4,KG,
,CPO01605,限流接管座,,,SW,026Cr18Ni12Mo2N,1916T3038,1916E4001-044,RCC-M 2,QA1,"3/4""",Φ27.1,个,0.7,KG,
,CPO01606,限流接管座,,,SW,026Cr18Ni12Mo2N,1916T3038,1916E4001-044,RCC-M 2,QA1,"1""",Φ33.8,个,1,KG,
,CPO01607,管座,CL6000,,SW,022Cr19Ni10,,1916E4001-021,RCC-M 2,QA1,"3/4""",,个,,KG,
,CPO01608,管座,CL3000,,SW,20,,1916E4001-021,RCC-M 2,QA1,"3/4""",,个,,KG,
,CPO01609,管座,CL6000,,SW,20,,1916E4001-021,RCC-M 2,QA1,"3/4""",,个,,KG,
,CPO01610,管座,CL6000,,SW,P280GH,,1916E4001-021,RCC-M 2,QA1,"3/4""",,个,,KG,
,CPO01611,接管座,,,FIL,022Cr19Ni10,,1916E4001-034,RCC-M 2,QA1,"1""",,个,,KG,
,CPO01612,接管座,,,FIL,P280GH,,1916E4001-034,RCC-M 2,QA1,"1""",,个,,KG,
,CPO01622,射线插塞E=15,,,FIL,20,1916T3037,1916E4001-031,RCC-M 2,QA1,M27,,个,,KG,
,CPO01623,射线插塞E=25,,,FIL,20,1916T3037,1916E4001-031,RCC-M 2,QA1,M27,,个,,KG,
,CPO01624,接管座,,,FIL,022Cr19Ni10,1916T3038,1916E4001-026,RCC-M 3,QA2,"1-1/2""",,个,,KG,CIS系统液位计接管座
,CPO01625,单头螺纹管接头,CL3000,FO,FIL,20,1916T3025,ASME B16.11,NA,QNCa,"1/2""",,个,,KG,
,CPO01626,单头螺纹管接头,CL3000,FO,FIL,022Cr19Ni10,1916T3023,ASME B16.11,NA,QNCa,"1/2""",,个,,KG,
,CPO01627,接管座,,,FIL,022Cr19Ni10,1916T3038,1916E4001-026,RCC-M 2,QA1,"1-1/2""",,个,,KG,CIS系统液位计接管座
,CPO01628,接管座,SCH80,,BW,P280GH,1916T3052,1916E4001-023,RCC-M 2,QA1,"4""",Φ114.3,个,,KG,主管18寸
,CPO01629,接管座,SCH80,,BW,P280GH,1916T3052,1916E4001-024,RCC-M 2,QA1,"3""",,个,,KG,主管18寸
,CPO01630,接管座,SCH120,,BW,P280GH,1916T3052,1916E4001-025,RCC-M 2,QA1,"8""",Φ219.1,个,,KG,主管32寸
,CPO01631,射线插塞E=15,,,FIL,026Cr18Ni12Mo2N,1916T3038,1916E4001-032,RCC-M 1,QA1,M27,,个,,KG,
,CPO01632,射线插塞E=25,,,FIL,026Cr18Ni12Mo2N,1916T3038,1916E4001-032,RCC-M 1,QA1,M27,,个,,KG,
,CPO01633,射线插塞E=40,,,FIL,026Cr18Ni12Mo2N,1916T3038,1916E4001-032,RCC-M 1,QA1,M27,,个,,KG,
,CPO01634,射线插塞E=15,,,FIL,026Cr18Ni12Mo2N,1916T3038,1916E4001-032,RCC-M 2,QA1,M27,,个,,KG,
,CPO01635,射线插塞E=25,,,FIL,026Cr18Ni12Mo2N,1916T3038,1916E4001-032,RCC-M 2,QA1,M27,,个,,KG,
,CPO01636,射线插塞E=40,,,FIL,026Cr18Ni12Mo2N,1916T3038,1916E4001-032,RCC-M 2,QA1,M27,,个,,KG,
,CPO01637,射线插塞E=15,,,FIL,026Cr18Ni12Mo2N,1916T3038,1916E4001-032,RCC-M 3,QA2,M27,,个,,KG,
,CPO01638,射线插塞E=25,,,FIL,026Cr18Ni12Mo2N,1916T3038,1916E4001-032,RCC-M 3,QA2,M27,,个,,KG,
,CPO01639,射线插塞E=15,,,FIL,026Cr18Ni12Mo2N,1916T3038,1916E4001-032,NA,QA3,M27,,个,,KG,
,CPO01640,接管座,34.93mmx6.35mm,SS,BW,P280GH,RCC-M M1144,FQZ32300S05716A44DD,NA,QA3,"30""x2""",,个,,KG,
,CPO01641,接管座,6.35mm,SS,BW,P280GH,1916T3019,MSS SP97,NA,QA3,"12""x3""",,个,,KG,
,CPO01667,接管座,5.56mm,SS,BW,P280GH,RCC-M M1152,FQZ32300S41716A44DD,NA,QA3,"1""",,个,,KG,
,CPO01668,接管座,6.35mm,SS,BW,P280GH,RCC-M M1152,FQZ32300S42716A44DD,NA,QA3,"1-1/4""",,个,,KG,
,CPO01669,接管座,6.35mm,SS,BW,P280GH,RCC-M M1144,FQZ32300S50716A44DD,NA,QA3,"1-1/4""",,个,,KG,
,CPO01670,接管座,5.56mm,SS,BW,P280GH,RCC-M M1144,FQZ32300S51716A44DD,NA,QA3,"1""",,个,,KG,
,CPO01671,接管座,38.1mmx6.35mm,SS,BW,P280GH,RCC-M M1152,FQZ32300S52716A44DD,NA,QA3,"22""x1-1/2""",,个,,KG,
,CPO01672,接管座,34.93mmx6.35mm,SS,BW,P280GH,RCC-M M1144,FQZ32300S12716A44DD,NA,QA3,"30""x1-1/2""",,个,,KG,
,CPO01682,单头承插管接头,CL3000,FO,SW,022Cr25Ni7Mo4N,1916T3091,ASME B16.11,RCC-M 3,QA2,"3""x3/4""",,个,,KG,
,CPO01685,单头承插管接头,CL3000,FO,SW,S30408,GB/T 14976-2012,GB/T 14383-2008,NA,QNCa,DN25,Φ34,个,,KG,
,CPO01686,单头承插管接头,CL3000,FO,SW,S30403,GB/T 14976-2012,GB/T 14383-2008,NA,QNCa,DN25,Φ34,个,,KG,
,CPO01687,单头承插管接头,CL3000,FO,SW,20,GB/T 8163-2008,GB/T 14383-2008,NA,QNCa,DN25,Φ34,个,,KG,
,CPO01688,单头承插管接头,CL3000,FO,SW,20,GB/T 8163-2008,GB/T 14383-2008,NA,QNCa,DN50,Φ60,个,,KG,
,CPO01689,单头承插管接头,CL3000,FO,SW,20(内外壁热浸镀锌),GB/T 8163-2008(GB/T 13912-2020),GB/T 14383-2008,NA,QNCa,DN25,Φ34,个,,KG,
,CPP00001,无缝钢管,SCH80S,SS,,022Cr19Ni10,1916T3016,ASME B36.19M,RCC-M 1,QA1,"1/4""",,M,0.8,KG,
,CPP00002,无缝钢管,SCH10S,SS,,022Cr19Ni10,1916T3016,ASME B36.19M,RCC-M 2,QA1,"1/4""",,M,0.49,KG,
,CPP00003,无缝钢管,SCH40,SS,,20,1916T3018,ASME B36.10M,RCC-M 2,QA1,"1/4""",,M,0.63,KG,
,CPP00004,无缝钢管,SCH40S,SS,,022Cr19Ni10,1916T3016,ASME B36.19M,RCC-M 2,QA1,"1/4""",,M,0.63,KG,
,CPP00005,无缝钢管,SCH80,SS,,20,1916T3018,ASME B36.10M,RCC-M 2,QA1,"1/4""",,M,0.8,KG,
,CPP00006,无缝钢管,SCH80S,SS,,022Cr19Ni10,1916T3016,ASME B36.19M,RCC-M 2,QA1,"1/4""",,M,0.8,KG,
,CPP00007,无缝钢管,SCH10S,SS,,022Cr17Ni12Mo2,1916T3016,ASME B36.19M,RCC-M 3,QA2,"1/4""",,M,0.49,KG,
,CPP00008,无缝钢管,SCH10S,SS,,022Cr19Ni10,1916T3016,ASME B36.19M,RCC-M 3,QA2,"1/4""",,M,0.49,KG,
,CPP00009,无缝钢管,SCH40,SS,,20,1916T3018,ASME B36.10M,RCC-M 3,QA2,"1/4""",,M,0.63,KG,
,CPP00010,无缝钢管,SCH40S,SS,,022Cr19Ni10,1916T3016,ASME B36.19M,RCC-M 3,QA2,"1/4""",,M,0.63,KG,
,CPP00011,无缝钢管,SCH10S,SS,,022Cr17Ni12Mo2,1916T3022,ASME B36.19M,NA,QNCa,"1/4""",,M,0.49,KG,
,CPP00012,无缝钢管,SCH10S,SS,,022Cr19Ni10,1916T3022,ASME B36.19M,NA,QNCa,"1/4""",,M,0.49,KG,
,CPP00013,无缝钢管,SCH40,SS,,20,1916T3024,ASME B36.10M,NA,QNCa,"1/4""",,M,0.63,KG,
,CPP00014,无缝钢管,SCH10S,SS,,022Cr19Ni10,1916T3016,ASME B36.19M,RCC-M 2,QA1,"3/8""",,M,0.63,KG,
,CPP00015,无缝钢管,SCH40,SS,,20,1916T3018,ASME B36.10M,RCC-M 2,QA1,"3/8""",,M,0.84,KG,
,CPP00016,无缝钢管,SCH40S,SS,,022Cr19Ni10,1916T3016,ASME B36.19M,RCC-M 2,QA1,"3/8""",,M,0.84,KG,
,CPP00017,无缝钢管,SCH80,SS,,20,1916T3018,ASME B36.10M,RCC-M 2,QA1,"3/8""",,M,1.1,KG,
,CPP00018,无缝钢管,SCH80S,SS,,022Cr19Ni10,1916T3016,ASME B36.19M,RCC-M 2,QA1,"3/8""",,M,1.1,KG,
,CPP00019,无缝钢管,SCH10S,SS,,022Cr17Ni12Mo2,1916T3016,ASME B36.19M,RCC-M 3,QA2,"3/8""",,M,0.63,KG,
,CPP00020,无缝钢管,SCH10S,SS,,022Cr19Ni10,1916T3016,ASME B36.19M,RCC-M 3,QA2,"3/8""",,M,0.63,KG,
,CPP00021,无缝钢管,SCH40,SS,,20,1916T3018,ASME B36.10M,RCC-M 3,QA2,"3/8""",,M,0.84,KG,
,CPP00022,无缝钢管,SCH40S,SS,,022Cr19Ni10,1916T3016,ASME B36.19M,RCC-M 3,QA2,"3/8""",,M,0.84,KG,
,CPP00023,无缝钢管,SCH10S,SS,,022Cr17Ni12Mo2,1916T3022,ASME B36.19M,NA,QNCa,"3/8""",,M,0.63,KG,
,CPP00024,无缝钢管,SCH10S,SS,,022Cr19Ni10,1916T3022,ASME B36.19M,NA,QNCa,"3/8""",,M,0.63,KG,
,CPP00025,无缝钢管,SCH40,SS,,20,1916T3024,ASME B36.10M,NA,QNCa,"3/8""",,M,0.84,KG,
,CPP00026,无缝钢管,SCH160,SS,,022Cr19Ni10,1916T3016,ASME B36.10M,RCC-M 1,QA1,"1/2""",,M,1.95,KG,
,CPP00027,无缝钢管,SCH10S,SS,,022Cr19Ni10,1916T3016,ASME B36.19M,RCC-M 2,QA1,"1/2""",,M,1,KG,
,CPP00028,无缝钢管,SCH160,SS,,022Cr19Ni10,1916T3016,ASME B36.10M,RCC-M 2,QA1,"1/2""",,M,1.95,KG,
,CPP00029,无缝钢管,SCH160,SS,,P280GH,1916T3032,ASME B36.10M,RCC-M 2,QA1,"1/2""",,M,1.95,KG,
,CPP00030,无缝钢管,SCH40,SS,,20,1916T3018,ASME B36.10M,RCC-M 2,QA1,"1/2""",,M,1.27,KG,
,CPP00031,无缝钢管,SCH40S,SS,,022Cr19Ni10,1916T3016,ASME B36.19M,RCC-M 2,QA1,"1/2""",,M,1.27,KG,
,CPP00032,无缝钢管,SCH80,SS,,20,1916T3018,ASME B36.10M,RCC-M 2,QA1,"1/2""",,M,1.62,KG,
,CPP00033,无缝钢管,SCH80S,SS,,022Cr19Ni10,1916T3016,ASME B36.19M,RCC-M 2,QA1,"1/2""",,M,1.62,KG,
,CPP00034,无缝钢管,SCH10S,SS,,022Cr17Ni12Mo2,1916T3016,ASME B36.19M,RCC-M 3,QA2,"1/2""",,M,1,KG,
,CPP00035,无缝钢管,SCH10S,SS,,022Cr19Ni10,1916T3016,ASME B36.19M,RCC-M 3,QA2,"1/2""",,M,1,KG,
,CPP00036,无缝钢管,SCH40,SS,,20,1916T3018,ASME B36.10M,RCC-M 3,QA2,"1/2""",,M,1.27,KG,
,CPP00037,无缝钢管,SCH40S,SS,,022Cr19Ni10,1916T3016,ASME B36.19M,RCC-M 3,QA2,"1/2""",,M,1.27,KG,
,CPP00038,无缝钢管,SCH10S,SS,,022Cr17Ni12Mo2,1916T3022,ASME B36.19M,NA,QNCa,"1/2""",,M,1,KG,
,CPP00039,无缝钢管,SCH10S,SS,,022Cr19Ni10,1916T3022,ASME B36.19M,NA,QNCa,"1/2""",,M,1,KG,
,CPP00040,无缝钢管,SCH40,SS,,20,1916T3024,ASME B36.10M,NA,QNCa,"1/2""",,M,1.27,KG,
,CPP00041,无缝钢管,SCH160,SS,,022Cr19Ni10,1916T3016,ASME B36.10M,RCC-M 1,QA1,"3/4""",,M,2.9,KG,
,CPP00042,无缝钢管,SCH10S,SS,,022Cr19Ni10,1916T3016,ASME B36.19M,RCC-M 2,QA1,"3/4""",,M,1.28,KG,
,CPP00043,无缝钢管,SCH160,SS,,022Cr19Ni10,1916T3016,ASME B36.10M,RCC-M 2,QA1,"3/4""",,M,2.9,KG,
,CPP00044,无缝钢管,SCH160,SS,,P280GH,1916T3032,ASME B36.10M,RCC-M 2,QA1,"3/4""",,M,2.9,KG,
,CPP00045,无缝钢管,SCH40,SS,,20,1916T3018,ASME B36.10M,RCC-M 2,QA1,"3/4""",,M,1.69,KG,
,CPP00046,无缝钢管,SCH40S,SS,,022Cr19Ni10,1916T3016,ASME B36.19M,RCC-M 2,QA1,"3/4""",,M,1.69,KG,
,CPP00047,无缝钢管,SCH80,SS,,20,1916T3018,ASME B36.10M,RCC-M 2,QA1,"3/4""",,M,2.2,KG,
,CPP00048,无缝钢管,SCH80S,SS,,022Cr19Ni10,1916T3016,ASME B36.19M,RCC-M 2,QA1,"3/4""",,M,2.2,KG,
,CPP00049,无缝钢管,SCH10S,SS,,022Cr17Ni12Mo2,1916T3016,ASME B36.19M,RCC-M 3,QA2,"3/4""",,M,1.28,KG,
,CPP00050,无缝钢管,SCH10S,SS,,022Cr19Ni10,1916T3016,ASME B36.19M,RCC-M 3,QA2,"3/4""",,M,1.28,KG,
,CPP00051,无缝钢管,SCH40,SS,,20,1916T3018,ASME B36.10M,RCC-M 3,QA2,"3/4""",,M,1.69,KG,
,CPP00052,无缝钢管,SCH40S,SS,,022Cr19Ni10,1916T3016,ASME B36.19M,RCC-M 3,QA2,"3/4""",,M,1.69,KG,
,CPP00053,无缝钢管,SCH10S,SS,,022Cr17Ni12Mo2,1916T3022,ASME B36.19M,NA,QNCa,"3/4""",,M,1.28,KG,
,CPP00054,无缝钢管,SCH10S,SS,,022Cr19Ni10,1916T3022,ASME B36.19M,NA,QNCa,"3/4""",,M,1.28,KG,
,CPP00055,无缝钢管,SCH40,SS,,20,1916T3024,ASME B36.10M,NA,QNCa,"3/4""",,M,1.69,KG,
,CPP00056,无缝钢管,SCH160,SS,,022Cr19Ni10,1916T3016,ASME B36.10M,RCC-M 1,QA1,"1""",,M,4.24,KG,
,CPP00057,无缝钢管,SCH10S,SS,,022Cr19Ni10,1916T3016,ASME B36.19M,RCC-M 2,QA1,"1""",,M,2.09,KG,
,CPP00058,无缝钢管,SCH160,SS,,022Cr19Ni10,1916T3016,ASME B36.10M,RCC-M 2,QA1,"1""",,M,4.24,KG,
,CPP00059,无缝钢管,SCH160,SS,,P280GH,1916T3032,ASME B36.10M,RCC-M 2,QA1,"1""",,M,4.24,KG,
,CPP00060,无缝钢管,SCH40,SS,,20,1916T3018,ASME B36.10M,RCC-M 2,QA1,"1""",,M,2.5,KG,
,CPP00061,无缝钢管,SCH40S,SS,,022Cr19Ni10,1916T3016,ASME B36.19M,RCC-M 2,QA1,"1""",,M,2.5,KG,
,CPP00062,无缝钢管,SCH80,SS,,20,1916T3018,ASME B36.10M,RCC-M 2,QA1,"1""",,M,3.24,KG,
,CPP00063,无缝钢管,SCH80S,SS,,022Cr19Ni10,1916T3016,ASME B36.19M,RCC-M 2,QA1,"1""",,M,3.24,KG,
,CPP00064,无缝钢管,SCH10S,SS,,022Cr17Ni12Mo2,1916T3016,ASME B36.19M,RCC-M 3,QA2,"1""",,M,2.09,KG,
,CPP00065,无缝钢管,SCH10S,SS,,022Cr19Ni10,1916T3016,ASME B36.19M,RCC-M 3,QA2,"1""",,M,2.09,KG,
,CPP00066,无缝钢管,SCH40,SS,,022Cr17Ni12Mo2,1916T3016,ASME B36.10M,RCC-M 3,QA2,"1""",,M,2.5,KG,
,CPP00067,无缝钢管,SCH40,SS,,20,1916T3018,ASME B36.10M,RCC-M 3,QA2,"1""",,M,2.5,KG,
,CPP00068,无缝钢管,SCH40S,SS,,022Cr19Ni10,1916T3016,ASME B36.19M,RCC-M 3,QA2,"1""",,M,2.5,KG,
,CPP00069,无缝钢管,SCH10S,SS,,022Cr17Ni12Mo2,1916T3022,ASME B36.19M,NA,QNCa,"1""",,M,2.09,KG,
,CPP00070,无缝钢管,SCH10S,SS,,022Cr19Ni10,1916T3022,ASME B36.19M,NA,QNCa,"1""",,M,2.09,KG,
,CPP00071,无缝钢管,SCH40,SS,,20,1916T3024,ASME B36.10M,NA,QNCa,"1""",,M,2.5,KG,
,CPP00072,无缝钢管,SCH160,SS,,022Cr19Ni10,1916T3016,ASME B36.10M,RCC-M 1,QA1,"1-1/4""",,M,5.61,KG,
,CPP00073,无缝钢管,SCH10S,SS,,022Cr19Ni10,1916T3016,ASME B36.19M,RCC-M 2,QA1,"1-1/4""",,M,2.69,KG,
,CPP00074,无缝钢管,SCH160,SS,,022Cr19Ni10,1916T3016,ASME B36.10M,RCC-M 2,QA1,"1-1/4""",,M,5.61,KG,
,CPP00075,无缝钢管,SCH160,SS,,P280GH,1916T3032,ASME B36.10M,RCC-M 2,QA1,"1-1/4""",,M,5.61,KG,
,CPP00076,无缝钢管,SCH40,SS,,20,1916T3018,ASME B36.10M,RCC-M 2,QA1,"1-1/4""",,M,3.39,KG,
,CPP00077,无缝钢管,SCH40S,SS,,022Cr19Ni10,1916T3016,ASME B36.19M,RCC-M 2,QA1,"1-1/4""",,M,3.39,KG,
,CPP00078,无缝钢管,SCH80,SS,,20,1916T3018,ASME B36.10M,RCC-M 2,QA1,"1-1/4""",,M,4.47,KG,
,CPP00079,无缝钢管,SCH80S,SS,,022Cr19Ni10,1916T3016,ASME B36.19M,RCC-M 2,QA1,"1-1/4""",,M,4.47,KG,
,CPP00080,无缝钢管,SCH10S,SS,,022Cr17Ni12Mo2,1916T3016,ASME B36.19M,RCC-M 3,QA2,"1-1/4""",,M,2.69,KG,
,CPP00081,无缝钢管,SCH10S,SS,,022Cr19Ni10,1916T3016,ASME B36.19M,RCC-M 3,QA2,"1-1/4""",,M,2.69,KG,
,CPP00082,无缝钢管,SCH40,SS,,20,1916T3018,ASME B36.10M,RCC-M 3,QA2,"1-1/4""",,M,3.39,KG,
,CPP00083,无缝钢管,SCH40S,SS,,022Cr19Ni10,1916T3016,ASME B36.19M,RCC-M 3,QA2,"1-1/4""",,M,3.39,KG,
,CPP00084,无缝钢管,SCH10S,SS,,022Cr17Ni12Mo2,1916T3022,ASME B36.19M,NA,QNCa,"1-1/4""",,M,2.69,KG,
,CPP00085,无缝钢管,SCH10S,SS,,022Cr19Ni10,1916T3022,ASME B36.19M,NA,QNCa,"1-1/4""",,M,2.69,KG,
,CPP00086,无缝钢管,SCH40,SS,,20,1916T3024,ASME B36.10M,NA,QNCa,"1-1/4""",,M,3.39,KG,
,CPP00087,无缝钢管,SCH160,SS,,022Cr19Ni10,1916T3016,ASME B36.10M,RCC-M 1,QA1,"1-1/2""",,M,7.25,KG,
,CPP00088,无缝钢管,SCH10S,SS,,022Cr19Ni10,1916T3016,ASME B36.19M,RCC-M 2,QA1,"1-1/2""",,M,3.11,KG,
,CPP00089,无缝钢管,SCH160,SS,,022Cr19Ni10,1916T3016,ASME B36.10M,RCC-M 2,QA1,"1-1/2""",,M,7.25,KG,
,CPP00090,无缝钢管,SCH160,SS,,P280GH,1916T3032,ASME B36.10M,RCC-M 2,QA1,"1-1/2""",,M,7.25,KG,
,CPP00091,无缝钢管,SCH40,SS,,20,1916T3018,ASME B36.10M,RCC-M 2,QA1,"1-1/2""",,M,4.05,KG,
,CPP00092,无缝钢管,SCH40S,SS,,022Cr19Ni10,1916T3016,ASME B36.19M,RCC-M 2,QA1,"1-1/2""",,M,4.05,KG,
,CPP00093,无缝钢管,SCH80,SS,,20,1916T3018,ASME B36.10M,RCC-M 2,QA1,"1-1/2""",,M,5.41,KG,
,CPP00094,无缝钢管,SCH80S,SS,,022Cr19Ni10,1916T3016,ASME B36.19M,RCC-M 2,QA1,"1-1/2""",,M,5.41,KG,
,CPP00095,无缝钢管,SCH10S,SS,,022Cr17Ni12Mo2,1916T3016,ASME B36.19M,RCC-M 3,QA2,"1-1/2""",,M,3.11,KG,
,CPP00096,无缝钢管,SCH10S,SS,,022Cr19Ni10,1916T3016,ASME B36.19M,RCC-M 3,QA2,"1-1/2""",,M,3.11,KG,
,CPP00097,无缝钢管,SCH40,SS,,20,1916T3018,ASME B36.10M,RCC-M 3,QA2,"1-1/2""",,M,4.05,KG,
,CPP00098,无缝钢管,SCH40S,SS,,022Cr19Ni10,1916T3016,ASME B36.19M,RCC-M 3,QA2,"1-1/2""",,M,4.05,KG,
,CPP00099,无缝钢管,SCH10S,SS,,022Cr17Ni12Mo2,1916T3022,ASME B36.19M,NA,QNCa,"1-1/2""",,M,3.11,KG,
,CPP00100,无缝钢管,SCH10S,SS,,022Cr19Ni10,1916T3022,ASME B36.19M,NA,QNCa,"1-1/2""",,M,3.11,KG,
,CPP00101,无缝钢管,SCH40,SS,,20,1916T3024,ASME B36.10M,NA,QNCa,"1-1/2""",,M,4.05,KG,
,CPP00102,无缝钢管,SCH160,SS,,022Cr19Ni10,1916T3016,ASME B36.10M,RCC-M 1,QA1,"2""",,M,11.11,KG,
,CPP00103,无缝钢管,3.18mm,SS,,20,1916T3018,API 5L,RCC-M 2,QA1,"2""",,M,4.48,KG,
,CPP00104,无缝钢管,SCH10S,SS,,022Cr19Ni10,1916T3016,ASME B36.19M,RCC-M 2,QA1,"2""",,M,3.93,KG,
,CPP00105,无缝钢管,SCH160,SS,,022Cr19Ni10,1916T3016,ASME B36.10M,RCC-M 2,QA1,"2""",,M,11.11,KG,
,CPP00106,无缝钢管,SCH160,SS,,P280GH,1916T3032,ASME B36.10M,RCC-M 2,QA1,"2""",,M,11.11,KG,
,CPP00107,无缝钢管,SCH40,SS,,20,1916T3018,ASME B36.10M,RCC-M 2,QA1,"2""",,M,5.44,KG,
,CPP00108,无缝钢管,SCH40S,SS,,022Cr19Ni10,1916T3016,ASME B36.19M,RCC-M 2,QA1,"2""",,M,5.44,KG,
,CPP00109,无缝钢管,SCH80,SS,,20,1916T3018,ASME B36.10M,RCC-M 2,QA1,"2""",,M,7.48,KG,
,CPP00110,无缝钢管,SCH80S,SS,,022Cr19Ni10,1916T3016,ASME B36.19M,RCC-M 2,QA1,"2""",,M,7.48,KG,
,CPP00111,无缝钢管,3.18mm,SS,,20,1916T3018,API 5L,RCC-M 3,QA2,"2""",,M,4.48,KG,
,CPP00112,无缝钢管,SCH10S,SS,,022Cr17Ni12Mo2,1916T3016,ASME B36.19M,RCC-M 3,QA2,"2""",,M,3.93,KG,
,CPP00113,无缝钢管,SCH10S,SS,,022Cr19Ni10,1916T3016,ASME B36.19M,RCC-M 3,QA2,"2""",,M,3.93,KG,
,CPP00114,无缝钢管,SCH30,SS,,022Cr17Ni12Mo2,1916T3016,ASME B36.10M,RCC-M 3,QA2,"2""",,M,4.48,KG,
,CPP00115,无缝钢管,SCH40,SS,,20,1916T3018,ASME B36.10M,RCC-M 3,QA2,"2""",,M,5.44,KG,
,CPP00116,无缝钢管,SCH40S,SS,,022Cr19Ni10,1916T3016,ASME B36.19M,RCC-M 3,QA2,"2""",,M,5.44,KG,
,CPP00117,无缝钢管,3.18mm,SS,,20,1916T3024,API 5L,NA,QNCa,"2""",,M,4.48,KG,
,CPP00118,无缝钢管,SCH10S,SS,,022Cr17Ni12Mo2,1916T3022,ASME B36.19M,NA,QNCa,"2""",,M,3.93,KG,
,CPP00119,无缝钢管,SCH10S,SS,,022Cr19Ni10,1916T3022,ASME B36.19M,NA,QNCa,"2""",,M,3.93,KG,
,CPP00120,无缝钢管,SCH160,SS,,022Cr19Ni10,1916T3016,ASME B36.10M,RCC-M 1,QA1,"2-1/2""",,M,14.92,KG,
,CPP00121,无缝钢管,3.18mm,SS,,20,1916T3018,API 5L,RCC-M 2,QA1,"2-1/2""",,M,5.48,KG,
,CPP00122,无缝钢管,SCH10S,SS,,022Cr19Ni10,1916T3016,ASME B36.19M,RCC-M 2,QA1,"2-1/2""",,M,5.26,KG,
,CPP00123,无缝钢管,SCH160,SS,,022Cr19Ni10,1916T3016,ASME B36.10M,RCC-M 2,QA1,"2-1/2""",,M,14.92,KG,
,CPP00124,无缝钢管,SCH160,SS,,P280GH,1916T3032,ASME B36.10M,RCC-M 2,QA1,"2-1/2""",,M,14.92,KG,
,CPP00125,无缝钢管,SCH40,SS,,20,1916T3018,ASME B36.10M,RCC-M 2,QA1,"2-1/2""",,M,8.63,KG,
,CPP00126,无缝钢管,SCH40S,SS,,022Cr19Ni10,1916T3016,ASME B36.19M,RCC-M 2,QA1,"2-1/2""",,M,8.63,KG,
,CPP00127,无缝钢管,SCH80,SS,,20,1916T3018,ASME B36.10M,RCC-M 2,QA1,"2-1/2""",,M,11.41,KG,
,CPP00128,无缝钢管,SCH80,SS,,P280GH,1916T3032,ASME B36.10M,RCC-M 2,QA1,"2-1/2""",,M,11.41,KG,
,CPP00129,无缝钢管,SCH80S,SS,,022Cr19Ni10,1916T3016,ASME B36.19M,RCC-M 2,QA1,"2-1/2""",,M,11.41,KG,
,CPP00130,无缝钢管,3.18mm,SS,,20,1916T3018,API 5L,RCC-M 3,QA2,"2-1/2""",,M,5.48,KG,
,CPP00131,无缝钢管,SCH10S,SS,,022Cr19Ni10,1916T3016,ASME B36.19M,RCC-M 3,QA2,"2-1/2""",,M,5.26,KG,
,CPP00132,无缝钢管,SCH40,SS,,20,1916T3018,ASME B36.10M,RCC-M 3,QA2,"2-1/2""",,M,8.63,KG,
,CPP00133,无缝钢管,SCH40S,SS,,022Cr19Ni10,1916T3016,ASME B36.19M,RCC-M 3,QA2,"2-1/2""",,M,8.63,KG,
,CPP00134,无缝钢管,3.18mm,SS,,20,1916T3024,API 5L,NA,QNCa,"2-1/2""",,M,5.48,KG,
,CPP00135,无缝钢管,SCH10S,SS,,022Cr17Ni12Mo2,1916T3022,ASME B36.19M,NA,QNCa,"2-1/2""",,M,5.26,KG,
,CPP00136,无缝钢管,SCH10S,SS,,022Cr19Ni10,1916T3022,ASME B36.19M,NA,QNCa,"2-1/2""",,M,5.26,KG,
,CPP00137,无缝钢管,SCH160,SS,,022Cr19Ni10,1916T3016,ASME B36.10M,RCC-M 1,QA1,"3""",,M,21.35,KG,
,CPP00138,无缝钢管,3.18mm,SS,,20,1916T3018,API 5L,RCC-M 2,QA1,"3""",,M,6.72,KG,
,CPP00139,无缝钢管,SCH10S,SS,,022Cr19Ni10,1916T3016,ASME B36.19M,RCC-M 2,QA1,"3""",,M,6.46,KG,
,CPP00140,无缝钢管,SCH160,SS,,022Cr19Ni10,1916T3016,ASME B36.10M,RCC-M 2,QA1,"3""",,M,21.35,KG,
,CPP00141,无缝钢管,SCH160,SS,,P280GH,1916T3032,ASME B36.10M,RCC-M 2,QA1,"3""",,M,21.35,KG,
,CPP00142,无缝钢管,SCH40,SS,,20,1916T3018,ASME B36.10M,RCC-M 2,QA1,"3""",,M,11.29,KG,
,CPP00143,无缝钢管,SCH40S,SS,,022Cr19Ni10,1916T3016,ASME B36.19M,RCC-M 2,QA1,"3""",,M,11.29,KG,
,CPP00144,无缝钢管,SCH80,SS,,20,1916T3018,ASME B36.10M,RCC-M 2,QA1,"3""",,M,15.27,KG,
,CPP00145,无缝钢管,SCH80,SS,,P280GH,1916T3032,ASME B36.10M,RCC-M 2,QA1,"3""",,M,15.27,KG,
,CPP00146,无缝钢管,SCH80S,SS,,022Cr19Ni10,1916T3016,ASME B36.19M,RCC-M 2,QA1,"3""",,M,15.27,KG,
,CPP00147,无缝钢管,3.18mm,SS,,20,1916T3018,API 5L,RCC-M 3,QA2,"3""",,M,6.72,KG,
,CPP00148,无缝钢管,SCH10S,SS,,022Cr19Ni10,1916T3016,ASME B36.19M,RCC-M 3,QA2,"3""",,M,6.46,KG,
,CPP00149,无缝钢管,SCH40,SS,,20,1916T3018,ASME B36.10M,RCC-M 3,QA2,"3""",,M,11.29,KG,
,CPP00150,无缝钢管,SCH40S,SS,,022Cr19Ni10,1916T3016,ASME B36.19M,RCC-M 3,QA2,"3""",,M,11.29,KG,
,CPP00151,无缝钢管,3.18mm,SS,,20,1916T3024,API 5L,NA,QNCa,"3""",,M,6.72,KG,
,CPP00152,无缝钢管,SCH10S,SS,,022Cr17Ni12Mo2,1916T3022,ASME B36.19M,NA,QNCa,"3""",,M,6.46,KG,
,CPP00153,无缝钢管,SCH10S,SS,,022Cr19Ni10,1916T3022,ASME B36.19M,NA,QNCa,"3""",,M,6.46,KG,
,CPP00155,无缝钢管,SCH10S,SS,,022Cr19Ni10,1916T3016,ASME B36.19M,RCC-M 2,QA1,"3-1/2""",,M,7.41,KG,
,CPP00158,无缝钢管,SCH40,SS,,20,1916T3018,ASME B36.10M,RCC-M 2,QA1,"3-1/2""",,M,13.57,KG,
,CPP00159,无缝钢管,SCH40S,SS,,022Cr19Ni10,1916T3016,ASME B36.19M,RCC-M 2,QA1,"3-1/2""",,M,13.57,KG,
,CPP00160,无缝钢管,SCH80,SS,,20,1916T3018,ASME B36.10M,RCC-M 2,QA1,"3-1/2""",,M,18.64,KG,
,CPP00161,无缝钢管,SCH80,SS,,P280GH,1916T3032,ASME B36.10M,RCC-M 2,QA1,"3-1/2""",,M,18.64,KG,
,CPP00162,无缝钢管,SCH80S,SS,,022Cr19Ni10,1916T3016,ASME B36.19M,RCC-M 2,QA1,"3-1/2""",,M,18.64,KG,
,CPP00163,无缝钢管,SCH10S,SS,,022Cr19Ni10,1916T3016,ASME B36.19M,RCC-M 3,QA2,"3-1/2""",,M,7.41,KG,
,CPP00164,无缝钢管,SCH40,SS,,20,1916T3018,ASME B36.10M,RCC-M 3,QA2,"3-1/2""",,M,13.57,KG,
,CPP00165,无缝钢管,SCH40S,SS,,022Cr19Ni10,1916T3016,ASME B36.19M,RCC-M 3,QA2,"3-1/2""",,M,13.57,KG,
,CPP00166,无缝钢管,SCH10S,SS,,022Cr17Ni12Mo2,1916T3022,ASME B36.19M,NA,QNCa,"3-1/2""",,M,7.41,KG,
,CPP00167,无缝钢管,SCH10S,SS,,022Cr19Ni10,1916T3022,ASME B36.19M,NA,QNCa,"3-1/2""",,M,7.41,KG,
,CPP00168,无缝钢管,SCH160,SS,,022Cr19Ni10,1916T3016,ASME B36.10M,RCC-M 1,QA1,"4""",,M,33.54,KG,
,CPP00169,无缝钢管,3.58mm,SS,,20,1916T3018,API 5L,RCC-M 2,QA1,"4""",,M,9.78,KG,
,CPP00170,无缝钢管,SCH10S,SS,,022Cr19Ni10,1916T3016,ASME B36.19M,RCC-M 2,QA1,"4""",,M,8.37,KG,
,CPP00171,无缝钢管,SCH160,SS,,022Cr19Ni10,1916T3016,ASME B36.10M,RCC-M 2,QA1,"4""",,M,33.54,KG,
,CPP00172,无缝钢管,SCH160,SS,,P280GH,1916T3032,ASME B36.10M,RCC-M 2,QA1,"4""",,M,33.54,KG,
,CPP00173,无缝钢管,SCH40,SS,,20,1916T3018,ASME B36.10M,RCC-M 2,QA1,"4""",,M,16.08,KG,
,CPP00174,无缝钢管,SCH40S,SS,,022Cr19Ni10,1916T3016,ASME B36.19M,RCC-M 2,QA1,"4""",,M,16.08,KG,
,CPP00175,无缝钢管,SCH80,SS,,20,1916T3018,ASME B36.10M,RCC-M 2,QA1,"4""",,M,22.32,KG,
,CPP00176,无缝钢管,SCH80,SS,,P280GH,1916T3032,ASME B36.10M,RCC-M 2,QA1,"4""",,M,22.32,KG,
,CPP00177,无缝钢管,SCH80S,SS,,022Cr19Ni10,1916T3016,ASME B36.19M,RCC-M 2,QA1,"4""",,M,22.32,KG,
,CPP00178,无缝钢管,3.58mm,SS,,20,1916T3018,API 5L,RCC-M 3,QA2,"4""",,M,9.78,KG,
,CPP00179,无缝钢管,SCH10S,SS,,022Cr19Ni10,1916T3016,ASME B36.19M,RCC-M 3,QA2,"4""",,M,8.37,KG,
,CPP00180,无缝钢管,SCH40,SS,,20,1916T3018,ASME B36.10M,RCC-M 3,QA2,"4""",,M,16.08,KG,
,CPP00181,无缝钢管,SCH40S,SS,,022Cr19Ni10,1916T3016,ASME B36.19M,RCC-M 3,QA2,"4""",,M,16.08,KG,
,CPP00182,无缝钢管,3.58mm,SS,,20,1916T3024,API 5L,NA,QNCa,"4""",,M,9.78,KG,
,CPP00183,无缝钢管,SCH10S,SS,,022Cr17Ni12Mo2,1916T3022,ASME B36.19M,NA,QNCa,"4""",,M,8.37,KG,
,CPP00184,无缝钢管,SCH10S,SS,,022Cr19Ni10,1916T3022,ASME B36.19M,NA,QNCa,"4""",,M,8.37,KG,
,CPP00185,无缝钢管,SCH160,SS,,022Cr19Ni10,1916T3016,ASME B36.10M,RCC-M 1,QA1,"5""",,M,49.12,KG,
,CPP00186,无缝钢管,SCH10S,SS,,022Cr19Ni10,1916T3016,ASME B36.19M,RCC-M 2,QA1,"5""",,M,11.56,KG,
,CPP00187,无缝钢管,SCH160,SS,,022Cr19Ni10,1916T3016,ASME B36.10M,RCC-M 2,QA1,"5""",,M,49.12,KG,
,CPP00188,无缝钢管,SCH160,SS,,P280GH,1916T3032,ASME B36.10M,RCC-M 2,QA1,"5""",,M,49.12,KG,
,CPP00189,无缝钢管,SCH40,SS,,20,1916T3018,ASME B36.10M,RCC-M 2,QA1,"5""",,M,21.77,KG,
,CPP00190,无缝钢管,SCH40S,SS,,022Cr19Ni10,1916T3016,ASME B36.19M,RCC-M 2,QA1,"5""",,M,21.77,KG,
,CPP00191,无缝钢管,SCH80,SS,,20,1916T3018,ASME B36.10M,RCC-M 2,QA1,"5""",,M,30.97,KG,
,CPP00192,无缝钢管,SCH80S,SS,,022Cr19Ni10,1916T3016,ASME B36.19M,RCC-M 2,QA1,"5""",,M,30.97,KG,
,CPP00193,无缝钢管,SCH10S,SS,,022Cr19Ni10,1916T3016,ASME B36.19M,RCC-M 3,QA2,"5""",,M,11.56,KG,
,CPP00194,无缝钢管,SCH40,SS,,20,1916T3018,ASME B36.10M,RCC-M 3,QA2,"5""",,M,21.77,KG,
,CPP00195,无缝钢管,SCH40S,SS,,022Cr19Ni10,1916T3016,ASME B36.19M,RCC-M 3,QA2,"5""",,M,21.77,KG,
,CPP00196,无缝钢管,SCH10S,SS,,022Cr17Ni12Mo2,1916T3022,ASME B36.19M,NA,QNCa,"5""",,M,11.56,KG,
,CPP00197,无缝钢管,SCH10S,SS,,022Cr19Ni10,1916T3022,ASME B36.19M,NA,QNCa,"5""",,M,11.56,KG,
,CPP00198,无缝钢管,SCH160,SS,,022Cr19Ni10,1916T3016,ASME B36.10M,RCC-M 1,QA1,"6""",,M,67.57,KG,
,CPP00199,无缝钢管,4.37mm,SS,,20,1916T3018,API 5L,RCC-M 2,QA1,"6""",,M,17.67,KG,
,CPP00200,无缝钢管,SCH10S,SS,,022Cr19Ni10,1916T3016,ASME B36.19M,RCC-M 2,QA1,"6""",,M,13.83,KG,
,CPP00201,无缝钢管,SCH120,SS,,P280GH,1916T3032,ASME B36.10M,RCC-M 2,QA1,"6""",,M,54.21,KG,
,CPP00202,无缝钢管,SCH160,SS,,022Cr19Ni10,1916T3016,ASME B36.10M,RCC-M 2,QA1,"6""",,M,67.57,KG,
,CPP00203,无缝钢管,SCH160,SS,,P280GH,1916T3032,ASME B36.10M,RCC-M 2,QA1,"6""",,M,67.57,KG,
,CPP00204,无缝钢管,SCH40,SS,,20,1916T3018,ASME B36.10M,RCC-M 2,QA1,"6""",,M,28.26,KG,
,CPP00205,无缝钢管,SCH40S,SS,,022Cr19Ni10,1916T3016,ASME B36.19M,RCC-M 2,QA1,"6""",,M,28.26,KG,
,CPP00206,无缝钢管,SCH80,SS,,20,1916T3018,ASME B36.10M,RCC-M 2,QA1,"6""",,M,42.56,KG,
,CPP00207,无缝钢管,SCH80S,SS,,022Cr19Ni10,1916T3016,ASME B36.19M,RCC-M 2,QA1,"6""",,M,42.56,KG,
,CPP00208,无缝钢管,4.37mm,SS,,20,1916T3018,API 5L,RCC-M 3,QA2,"6""",,M,17.67,KG,
,CPP00209,无缝钢管,SCH10S,SS,,022Cr19Ni10,1916T3016,ASME B36.19M,RCC-M 3,QA2,"6""",,M,13.83,KG,
,CPP00210,无缝钢管,SCH40,SS,,20,1916T3018,ASME B36.10M,RCC-M 3,QA2,"6""",,M,28.26,KG,
,CPP00211,无缝钢管,SCH40S,SS,,022Cr19Ni10,1916T3016,ASME B36.19M,RCC-M 3,QA2,"6""",,M,28.26,KG,
,CPP00212,无缝钢管,4.37mm,SS,,20,1916T3024,API 5L,NA,QNCa,"6""",,M,17.67,KG,
,CPP00213,无缝钢管,SCH10S,SS,,022Cr17Ni12Mo2,1916T3022,ASME B36.19M,NA,QNCa,"6""",,M,13.83,KG,
,CPP00214,无缝钢管,SCH10S,SS,,022Cr19Ni10,1916T3022,ASME B36.19M,NA,QNCa,"6""",,M,13.83,KG,
,CPP00215,无缝钢管,SCH160,SS,,022Cr19Ni10,1916T3016,ASME B36.10M,RCC-M 1,QA1,"8""",,M,111.27,KG,
,CPP00216,无缝钢管,SCH10S,SS,,022Cr19Ni10,1916T3016,ASME B36.19M,RCC-M 2,QA1,"8""",,M,19.97,KG,
,CPP00217,无缝钢管,SCH120,SS,,P280GH,1916T3032,ASME B36.10M,RCC-M 2,QA1,"8""",,M,90.44,KG,
,CPP00218,无缝钢管,SCH160,SS,,022Cr19Ni10,1916T3016,ASME B36.10M,RCC-M 2,QA1,"8""",,M,111.27,KG,
,CPP00219,无缝钢管,SCH160,SS,,P280GH,1916T3032,ASME B36.10M,RCC-M 2,QA1,"8""",,M,111.27,KG,
,CPP00220,无缝钢管,SCH20,SS,,20,1916T3018,ASME B36.10M,RCC-M 2,QA1,"8""",,M,33.32,KG,
,CPP00221,无缝钢管,SCH40,SS,,20,1916T3018,ASME B36.10M,RCC-M 2,QA1,"8""",,M,42.55,KG,
,CPP00222,无缝钢管,SCH40S,SS,,022Cr19Ni10,1916T3016,ASME B36.19M,RCC-M 2,QA1,"8""",,M,42.55,KG,
,CPP00223,无缝钢管,SCH80,SS,,20,1916T3018,ASME B36.10M,RCC-M 2,QA1,"8""",,M,64.64,KG,
,CPP00224,无缝钢管,SCH80S,SS,,022Cr19Ni10,1916T3016,ASME B36.19M,RCC-M 2,QA1,"8""",,M,64.64,KG,
,CPP00225,无缝钢管,SCH10S,SS,,022Cr19Ni10,1916T3016,ASME B36.19M,RCC-M 3,QA2,"8""",,M,19.97,KG,
,CPP00226,无缝钢管,SCH20,SS,,20,1916T3018,ASME B36.10M,RCC-M 3,QA2,"8""",,M,33.32,KG,
,CPP00227,无缝钢管,SCH40,SS,,20,1916T3018,ASME B36.10M,RCC-M 3,QA2,"8""",,M,42.55,KG,
,CPP00228,无缝钢管,SCH40S,SS,,022Cr19Ni10,1916T3016,ASME B36.19M,RCC-M 3,QA2,"8""",,M,42.55,KG,
,CPP00229,无缝钢管,SCH10S,SS,,022Cr17Ni12Mo2,1916T3022,ASME B36.19M,NA,QNCa,"8""",,M,19.97,KG,
,CPP00230,无缝钢管,SCH10S,SS,,022Cr19Ni10,1916T3022,ASME B36.19M,NA,QNCa,"8""",,M,19.97,KG,
,CPP00231,无缝钢管,SCH20,SS,,20,1916T3024,ASME B36.10M,NA,QNCa,"8""",,M,33.32,KG,
,CPP00232,无缝钢管,SCH140,SS,,026Cr18Ni12Mo2N,1916T3016,ASME B36.10M,RCC-M 1,QA1,"10""",,M,155.1,KG,
,CPP00233,无缝钢管,SCH10S,SS,,022Cr19Ni10,1916T3016,ASME B36.19M,RCC-M 2,QA1,"10""",,M,27.79,KG,
,CPP00234,无缝钢管,SCH140,SS,,022Cr19Ni10,1916T3016,ASME B36.10M,RCC-M 2,QA1,"10""",,M,155.1,KG,
,CPP00235,无缝钢管,SCH160,SS,,P280GH,1916T3032,ASME B36.10M,RCC-M 2,QA1,"10""",,M,172.27,KG,
,CPP00236,无缝钢管,SCH20,SS,,20,1916T3018,ASME B36.10M,RCC-M 2,QA1,"10""",,M,41.76,KG,
,CPP00237,无缝钢管,SCH40,SS,,20,1916T3018,ASME B36.10M,RCC-M 2,QA1,"10""",,M,60.29,KG,
,CPP00238,无缝钢管,SCH60,SS,,P280GH,1916T3032,ASME B36.10M,RCC-M 2,QA1,"10""",,M,81.53,KG,
,CPP00239,无缝钢管,SCH80,SS,,20,1916T3018,ASME B36.10M,RCC-M 2,QA1,"10""",,M,95.98,KG,
,CPP00240,无缝钢管,SCH80S,SS,,022Cr19Ni10,1916T3016,ASME B36.19M,RCC-M 2,QA1,"10""",,M,81.56,KG,
,CPP00241,无缝钢管,SCH10S,SS,,022Cr19Ni10,1916T3016,ASME B36.19M,RCC-M 3,QA2,"10""",,M,27.79,KG,
,CPP00242,无缝钢管,SCH20,SS,,20,1916T3018,ASME B36.10M,RCC-M 3,QA2,"10""",,M,41.76,KG,
,CPP00243,无缝钢管,SCH40,SS,,20,1916T3018,ASME B36.10M,RCC-M 3,QA2,"10""",,M,60.29,KG,
,CPP00244,无缝钢管,SCH40S,SS,,022Cr19Ni10,1916T3016,ASME B36.19M,RCC-M 3,QA2,"10""",,M,60.31,KG,
,CPP00245,无缝钢管,SCH80S,SS,,022Cr19Ni10,1916T3016,ASME B36.19M,RCC-M 3,QA2,"10""",,M,81.56,KG,
,CPP00246,无缝钢管,SCH10S,SS,,022Cr17Ni12Mo2,1916T3022,ASME B36.19M,NA,QNCa,"10""",,M,27.79,KG,
,CPP00247,无缝钢管,SCH10S,SS,,022Cr19Ni10,1916T3022,ASME B36.19M,NA,QNCa,"10""",,M,27.79,KG,
,CPP00248,无缝钢管,SCH20,SS,,20,1916T3024,ASME B36.10M,NA,QNCa,"10""",,M,41.76,KG,
,CPP00249,无缝钢管,SCH140,SS,,026Cr18Ni12Mo2N,1916T3016,ASME B36.10M,RCC-M 1,QA1,"12""",,M,208.08,KG,
,CPP00250,无缝钢管,7.14mm,SS,,20,1916T3018,API 5L,RCC-M 2,QA1,"12""",,M,55.76,KG,
,CPP00251,无缝钢管,SCH10S,SS,,022Cr19Ni10,1916T3016,ASME B36.19M,RCC-M 2,QA1,"12""",,M,35.99,KG,
,CPP00252,无缝钢管,SCH140,SS,,022Cr19Ni10,1916T3016,ASME B36.10M,RCC-M 2,QA1,"12""",,M,208.08,KG,
,CPP00253,无缝钢管,SCH160,SS,,P280GH,1916T3032,ASME B36.10M,RCC-M 2,QA1,"12""",,M,238.69,KG,
,CPP00254,无缝钢管,SCH40,SS,,20,1916T3018,ASME B36.10M,RCC-M 2,QA1,"12""",,M,79.71,KG,
,CPP00255,无缝钢管,SCH80,SS,,20,1916T3018,ASME B36.10M,RCC-M 2,QA1,"12""",,M,132.05,KG,
,CPP00256,无缝钢管,SCH80S,SS,,022Cr19Ni10,1916T3016,ASME B36.19M,RCC-M 2,QA1,"12""",,M,97.47,KG,
,CPP00257,无缝钢管,7.14mm,SS,,20,1916T3018,API 5L,RCC-M 3,QA2,"12""",,M,55.76,KG,
,CPP00258,无缝钢管,SCH10S,SS,,022Cr19Ni10,1916T3016,ASME B36.19M,RCC-M 3,QA2,"12""",,M,35.99,KG,
,CPP00259,无缝钢管,SCH40,SS,,20,1916T3018,ASME B36.10M,RCC-M 3,QA2,"12""",,M,79.71,KG,
,CPP00260,无缝钢管,SCH40S,SS,,022Cr19Ni10,1916T3016,ASME B36.19M,RCC-M 3,QA2,"12""",,M,73.88,KG,
,CPP00261,无缝钢管,SCH80S,SS,,022Cr19Ni10,1916T3016,ASME B36.19M,RCC-M 3,QA2,"12""",,M,97.47,KG,
,CPP00262,无缝钢管,7.14mm,SS,,20,1916T3024,API 5L,NA,QNCa,"12""",,M,55.76,KG,
,CPP00263,无缝钢管,SCH10S,SS,,022Cr17Ni12Mo2,1916T3022,ASME B36.19M,NA,QNCa,"12""",,M,35.99,KG,
,CPP00264,无缝钢管,SCH10S,SS,,022Cr19Ni10,1916T3022,ASME B36.19M,NA,QNCa,"12""",,M,35.99,KG,
,CPP00265,无缝钢管,SCH20,SS,,20,1916T3024,ASME B36.10M,NA,QNCa,"12""",,M,49.71,KG,
,CPP00266,无缝钢管,SCH140,SS,,026Cr18Ni12Mo2N,1916T3016,ASME B36.10M,RCC-M 1,QA1,"14""",,M,253.58,KG,
,CPP00267,无缝钢管,SCH10S,SS,,022Cr19Ni10,1916T3016,ASME B36.19M,RCC-M 2,QA1,"14""",,M,41.36,KG,
,CPP00268,无缝钢管,SCH140,SS,,022Cr19Ni10,1916T3016,ASME B36.10M,RCC-M 2,QA1,"14""",,M,253.58,KG,
,CPP00269,无缝钢管,SCH160,SS,,P280GH,1916T3032,ASME B36.10M,RCC-M 2,QA1,"14""",,M,281.72,KG,
,CPP00270,无缝钢管,SCH20,SS,,20,1916T3018,ASME B36.10M,RCC-M 2,QA1,"14""",,M,67.91,KG,
,CPP00271,无缝钢管,SCH40,SS,,20,1916T3018,ASME B36.10M,RCC-M 2,QA1,"14""",,M,94.55,KG,
,CPP00272,无缝钢管,SCH60,SS,,022Cr19Ni10,1916T3016,ASME B36.10M,RCC-M 2,QA1,"14""",,M,126.72,KG,
,CPP00273,无缝钢管,SCH80,SS,,20,1916T3018,ASME B36.10M,RCC-M 2,QA1,"14""",,M,158.11,KG,
,CPP00274,无缝钢管,SCH80S,SS,,022Cr19Ni10,1916T3016,ASME B36.19M,RCC-M 2,QA1,"14""",,M,107.4,KG,
,CPP00275,无缝钢管,SCH20,SS,,20,1916T3018,ASME B36.10M,RCC-M 3,QA2,"14""",,M,67.91,KG,
,CPP00276,无缝钢管,SCH40,SS,,20,1916T3018,ASME B36.10M,RCC-M 3,QA2,"14""",,M,94.55,KG,
,CPP00277,无缝钢管,SCH40S,SS,,022Cr19Ni10,1916T3016,ASME B36.19M,RCC-M 3,QA2,"14""",,M,81.33,KG,
,CPP00278,无缝钢管,SCH60,SS,,022Cr19Ni10,1916T3016,ASME B36.10M,RCC-M 3,QA2,"14""",,M,126.72,KG,
,CPP00279,无缝钢管,SCH10S,SS,,022Cr17Ni12Mo2,1916T3022,ASME B36.19M,NA,QNCa,"14""",,M,41.36,KG,
,CPP00280,无缝钢管,SCH10S,SS,,022Cr19Ni10,1916T3022,ASME B36.19M,NA,QNCa,"14""",,M,41.36,KG,
,CPP00281,无缝钢管,SCH20,SS,,20,1916T3024,ASME B36.10M,NA,QNCa,"14""",,M,67.91,KG,
,CPP00282,无缝钢管,SCH140,SS,,026Cr18Ni12Mo2N,1916T3016,ASME B36.10M,RCC-M 1,QA1,"16""",,M,333.21,KG,
,CPP00283,无缝钢管,8.74mm,SS,,20,1916T3018,API 5L,RCC-M 2,QA1,"16""",,M,85.71,KG,
,CPP00284,无缝钢管,SCH10S,SS,,022Cr19Ni10,1916T3016,ASME B36.19M,RCC-M 2,QA1,"16""",,M,47.34,KG,
,CPP00285,无缝钢管,SCH140,SS,,022Cr19Ni10,1916T3016,ASME B36.10M,RCC-M 2,QA1,"16""",,M,333.21,KG,
,CPP00286,无缝钢管,SCH160,SS,,P280GH,1916T3032,ASME B36.10M,RCC-M 2,QA1,"16""",,M,365.38,KG,
,CPP00287,无缝钢管,SCH40,SS,,20,1916T3018,ASME B36.10M,RCC-M 2,QA1,"16""",,M,123.31,KG,
,CPP00288,无缝钢管,SCH40S,SS,,022Cr19Ni10,1916T3016,ASME B36.19M,RCC-M 2,QA1,"16""",,M,93.27,KG,
,CPP00289,无缝钢管,SCH60,SS,,022Cr19Ni10,1916T3016,ASME B36.10M,RCC-M 2,QA1,"16""",,M,160.13,KG,
,CPP00290,无缝钢管,SCH80,SS,,20,1916T3018,ASME B36.10M,RCC-M 2,QA1,"16""",,M,203.54,KG,
,CPP00291,无缝钢管,SCH80S,SS,,022Cr19Ni10,1916T3016,ASME B36.19M,RCC-M 2,QA1,"16""",,M,123.31,KG,
,CPP00292,无缝钢管,9.8mm,SS,,20,1916T3018,API 5L,RCC-M 3,QA2,"16""",,M,95.85135882,KG,
,CPP00293,无缝钢管,SCH40,SS,,20,1916T3018,ASME B36.10M,RCC-M 3,QA2,"16""",,M,123.31,KG,
,CPP00294,无缝钢管,SCH40S,SS,,022Cr19Ni10,1916T3016,ASME B36.19M,RCC-M 3,QA2,"16""",,M,93.27,KG,
,CPP00295,无缝钢管,SCH60,SS,,022Cr19Ni10,1916T3016,ASME B36.10M,RCC-M 3,QA2,"16""",,M,160.13,KG,
,CPP00296,无缝钢管,SCH10S,SS,,022Cr17Ni12Mo2,1916T3022,ASME B36.19M,NA,QNCa,"16""",,M,47.34,KG,
,CPP00297,无缝钢管,SCH10S,SS,,022Cr19Ni10,1916T3022,ASME B36.19M,NA,QNCa,"16""",,M,47.34,KG,
,CPP00298,无缝钢管,SCH20,SS,,20,1916T3024,ASME B36.10M,NA,QNCa,"16""",,M,77.83,KG,
,CPP00299,无缝钢管,SCH140,SS,,026Cr18Ni12Mo2N,1916T3016,ASME B36.10M,RCC-M 1,QA1,"18""",,M,408.28,KG,
,CPP00300,无缝钢管,31.75mm,SS,,P280GH,1916T3032,API 5L,RCC-M 2,QA1,"18""",,M,332.97,KG,
,CPP00301,无缝钢管,SCH140,SS,,022Cr19Ni10,1916T3016,ASME B36.10M,RCC-M 2,QA1,"18""",,M,408.28,KG,
,CPP00302,无缝钢管,SCH20,SS,,022Cr19Ni10,1916T3016,ASME B36.10M,RCC-M 2,QA1,"18""",,M,87.71,KG,
,CPP00303,焊接钢管,SCH10,RS,,Q265HR,1916T3020,ASME B36.10M,RCC-M 3,QA2,"18""",,M,70.57,KG,
,CPP00304,无缝钢管,SCH140,SS,,026Cr18Ni12Mo2N,1916T3016,ASME B36.10M,RCC-M 1,QA1,"20""",,M,508.15,KG,
,CPP00305,无缝钢管,SCH140,SS,,022Cr19Ni10,1916T3016,ASME B36.10M,RCC-M 2,QA1,"20""",,M,508.15,KG,
,CPP00306,焊接钢管,SCH10,RS,,Q265HR,1916T3020,ASME B36.10M,RCC-M 3,QA2,"20""",,M,78.56,KG,
,CPP00307,无缝钢管,SCH20,SS,,20,1916T3024,ASME B36.10M,NA,QNCa,"20""",,M,117.15,KG,
,CPP00308,无缝钢管,SCH140,SS,,026Cr18Ni12Mo2N,1916T3016,ASME B36.10M,RCC-M 1,QA1,"22""",,M,600.67,KG,
,CPP00309,无缝钢管,SCH140,SS,,022Cr19Ni10,1916T3016,ASME B36.10M,RCC-M 2,QA1,"22""",,M,600.67,KG,
,CPP00310,焊接钢管,SCH10,RS,,Q265HR,1916T3020,ASME B36.10M,RCC-M 3,QA2,"22""",,M,86.55,KG,
,CPP00311,无缝钢管,SCH30,SS,,20,1916T3024,ASME B36.10M,NA,QNCa,"22""",,M,171.1,KG,
,CPP00312,无缝钢管,SCH140,SS,,026Cr18Ni12Mo2N,1916T3016,ASME B36.10M,RCC-M 1,QA1,"24""",,M,720.19,KG,
,CPP00313,无缝钢管,SCH140,SS,,022Cr19Ni10,1916T3016,ASME B36.10M,RCC-M 2,QA1,"24""",,M,720.19,KG,
,CPP00314,焊接钢管,SCH10,RS,,Q265HR,1916T3020,ASME B36.10M,RCC-M 3,QA2,"24""",,M,94.53,KG,
,CPP00315,焊接钢管,SCH10,RS,,Q265HR,1916T3020,ASME B36.10M,RCC-M 3,QA2,"26""",,M,127.36,KG,
,CPP00316,焊接钢管,SCH10,RS,,Q265HR,1916T3020,ASME B36.10M,RCC-M 3,QA2,"28""",,M,137.32,KG,
,CPP00317,焊接钢管,SCH10,RS,,Q265HR,1916T3020,ASME B36.10M,RCC-M 3,QA2,"30""",,M,147.29,KG,
,CPP00318,无缝钢管,32mm,SS,,P280GH,1916T3026,API 5L,RCC-M 2,QA1,"32""",,M,616.340208,KG,
,CPP00319,无缝钢管,46mm,SS,,P280GH,1916T3026,API 5L,RCC-M 2,QA1,"32""",,M,870.11,KG,
,CPP00320,焊接钢管,9.52mm,RS,,Q265HR,1916T3020,API 5L,RCC-M 3,QA2,"32""",,M,188.83,KG,
,CPP00321,焊接钢管,9.52mm,RS,,Q265HR,1916T3020,API 5L,RCC-M 3,QA2,"34""",,M,200.82,KG,
,CPP00322,焊接钢管,9.52mm,RS,,Q265HR,1916T3020,API 5L,RCC-M 3,QA2,"36""",,M,212.57,KG,
,CPP00341,铜管,1mm,SS,,TP2,GB/T 18033,GB/T 16866,NA,QNCc,DN6,Φ8,M,漳州及以后的项目不用,KG,
,CPP00342,铜管,1mm,SS,,TP2,GB/T 18033,GB/T 16866,NA,QNCc,DN8,Φ10,M,漳州及以后的项目不用,KG,
,CPP00343,铜管,1mm,SS,,TP2,GB/T 18033,GB/T 16866,NA,QNCc,DN15,Φ15,M,漳州及以后的项目不用,KG,
,CPP00344,铜管,1.2mm,SS,,TP2,GB/T 18033,GB/T 16866,NA,QNCc,DN20,Φ22,M,漳州及以后的项目不用,KG,
,CPP00345,铜管,1.2mm,SS,,TP2,GB/T 18033,GB/T 16866,NA,QNCc,DN25,Φ28,M,漳州及以后的项目不用,KG,
,CPP00346,铜管,2mm,SS,,TP2,GB/T 18033,GB/T 16866,NA,QNCc,DN32,Φ35,M,漳州及以后的项目不用,KG,
,CPP00347,无缝钢管,SCH10S,SS,,022Cr19Ni10,1916T3016,ASME B36.19M,RCC-M 3,QA2,"14""",,M,41.36,KG,
,CPP00348,无缝钢管,SCH10S,SS,,022Cr19Ni10,1916T3016,ASME B36.19M,RCC-M 3,QA2,"16""",,M,47.34,KG,
,CPP00350,复合树脂管,2.2mm,,,环氧树脂玻璃纤维,,SY/T 6266,NA,QNCa,"4""",,M,没有标准重量,KG,
,CPP00351,复合树脂管,1.8mm,,,环氧树脂玻璃纤维,,SY/T 6266,NA,QNCa,"2""",,M,没有标准重量,KG,
,CPP00352,复合树脂管,1.8mm,,,环氧树脂玻璃纤维,,SY/T 6266,NA,QNCa,"3""",,M,没有标准重量,KG,
,CPP00355,铜管,1mm,SS,,TP2,GB/T 18033,GB/T 16866,NA,QNCc,DN4,Φ6,M,漳州及以后的项目不用,KG,
,CPP00356,铜管,2mm,SS,,TP2,GB/T 18033,GB/T 16866,NA,QNCc,DN40,Φ42,M,漳州及以后的项目不用,KG,
,CPP00360,无缝钢管,2mm,SS,,S30408,GB/T 14976-2012,GB/T 17395-2008,NA,QNCa,DN15,Φ21,M,0.9519339,KG,
,CPP00361,无缝钢管,2mm,SS,,S30403,GB/T 14976-2012,GB/T 17395-2008,NA,QNCa,DN15,Φ21,M,0.9519339,KG,
,CPP00362,无缝钢管,2mm,SS,,20,GB/T 8163-2008,GB/T 17395-2008,NA,QNCa,DN15,Φ21,M,0.9519339,KG,
,CPP00363,无缝钢管,2mm,SS,,20(内外壁热浸镀锌),GB/T 8163-2008(GB/T 13912-2002),GB/T 17395-2008,NA,QNCa,DN15,Φ21,M,0.9519339,KG,材料标准一栏括号内为镀锌参考标准
,CPP00364,无缝钢管,2mm,SS,,S30408,GB/T 14976-2012,GB/T 17395-2008,NA,QNCa,DN20,Φ27,M,1.233075,KG,
,CPP00365,无缝钢管,2mm,SS,,S30403,GB/T 14976-2012,GB/T 17395-2008,NA,QNCa,DN20,Φ27,M,1.233075,KG,
,CPP00366,无缝钢管,2mm,SS,,20,GB/T 8163-2008,GB/T 17395-2008,NA,QNCa,DN20,Φ27,M,1.233075,KG,
,CPP00367,无缝钢管,2mm,SS,,20(内外壁热浸镀锌),GB/T 8163-2008(GB/T 13912-2002),GB/T 17395-2008,NA,QNCa,DN20,Φ27,M,1.233075,KG,材料标准一栏括号内为镀锌参考标准
,CPP00368,无缝钢管,2.8mm,SS,,S30408,GB/T 14976-2012,GB/T 17395-2008,NA,QNCa,DN25,Φ34,M,2.15442864,KG,
,CPP00369,无缝钢管,2.8mm,SS,,S30403,GB/T 14976-2012,GB/T 17395-2008,NA,QNCa,DN25,Φ34,M,2.15442864,KG,
,CPP00370,无缝钢管,3.5mm,SS,,20,GB/T 8163-2008,GB/T 17395-2008,NA,QNCa,DN25,Φ34,M,2.632615125,KG,
,CPP00371,无缝钢管,3.5mm,SS,,20(内外壁热浸镀锌),GB/T 8163-2008(GB/T 13912-2002),GB/T 17395-2008,NA,QNCa,DN25,Φ34,M,2.632615125,KG,材料标准一栏括号内为镀锌参考标准
,CPP00372,无缝钢管,2.5mm,SS,,S30408,GB/T 14976-2012,GB/T 17395-2008,NA,QNCa,DN32,Φ42,M,2.435323125,KG,
,CPP00373,无缝钢管,2.5mm,SS,,S30403,GB/T 14976-2012,GB/T 17395-2008,NA,QNCa,DN32,Φ42,M,2.435323125,KG,
,CPP00374,无缝钢管,2.5mm,SS,,20,GB/T 8163-2008,GB/T 17395-2008,NA,QNCa,DN32,Φ42,M,2.435323125,KG,
,CPP00375,无缝钢管,2.5mm,SS,,20(内外壁热浸镀锌),GB/T 8163-2008(GB/T 13912-2002),GB/T 17395-2008,NA,QNCa,DN32,Φ42,M,2.435323125,KG,材料标准一栏括号内为镀锌参考标准
,CPP00376,无缝钢管,2.8mm,SS,,S30408,GB/T 14976-2012,GB/T 17395-2008,NA,QNCa,DN40,Φ48,M,3.12115944,KG,
,CPP00377,无缝钢管,2.8mm,SS,,S30403,GB/T 14976-2012,GB/T 17395-2008,NA,QNCa,DN40,Φ48,M,3.12115944,KG,
,CPP00378,无缝钢管,4mm,SS,,20,GB/T 8163-2008,GB/T 17395-2008,NA,QNCa,DN40,Φ48,M,4.340424,KG,
,CPP00379,无缝钢管,4mm,SS,,20(内外壁热浸镀锌),GB/T 8163-2008(GB/T 13912-2002),GB/T 17395-2008,NA,QNCa,DN40,Φ48,M,4.340424,KG,材料标准一栏括号内为镀锌参考标准
,CPP00380,无缝钢管,3mm,SS,,S30408,GB/T 14976-2012,GB/T 17395-2008,NA,QNCa,DN50,Φ60,M,4.2171165,KG,
,CPP00381,无缝钢管,3mm,SS,,S30403,GB/T 14976-2012,GB/T 17395-2008,NA,QNCa,DN50,Φ60,M,4.2171165,KG,
,CPP00382,无缝钢管,3.2mm,SS,,20,GB/T 8163-2008,GB/T 17395-2008,NA,QNCa,DN50,Φ60,M,4.48247424,KG,
,CPP00383,无缝钢管,3.2mm,SS,,20(内外壁热浸镀锌),GB/T 8163-2008(GB/T 13912-2002),GB/T 17395-2008,NA,QNCa,DN50,Φ60,M,4.48247424,KG,材料标准一栏括号内为镀锌参考标准
,CPP00384,无缝钢管,3.2mm,SS,,S30408,GB/T 14976-2012,GB/T 17395-2008,NA,QNCa,DN65,Φ76,M,5.74514304,KG,
,CPP00385,无缝钢管,3.2mm,SS,,S30403,GB/T 14976-2012,GB/T 17395-2008,NA,QNCa,DN65,Φ76,M,5.74514304,KG,
,CPP00386,无缝钢管,3.2mm,SS,,20,GB/T 8163-2008,GB/T 17395-2008,NA,QNCa,DN65,Φ76,M,5.74514304,KG,
,CPP00387,无缝钢管,3.2mm,SS,,20(内外壁热浸镀锌),GB/T 8163-2008(GB/T 13912-2002),GB/T 17395-2008,NA,QNCa,DN65,Φ76,M,5.74514304,KG,材料标准一栏括号内为镀锌参考标准
,CPP00388,无缝钢管,3.2mm,SS,,S30408,GB/T 14976-2012,GB/T 17395-2008,NA,QNCa,DN80,Φ89,M,6.77106144,KG,
,CPP00389,无缝钢管,3.2mm,SS,,S30403,GB/T 14976-2012,GB/T 17395-2008,NA,QNCa,DN80,Φ89,M,6.77106144,KG,
,CPP00390,无缝钢管,4mm,SS,,20,GB/T 8163-2008,GB/T 17395-2008,NA,QNCa,DN80,Φ89,M,8.38491,KG,
,CPP00391,无缝钢管,4mm,SS,,20(内外壁热浸镀锌),GB/T 8163-2008(GB/T 13912-2002),GB/T 17395-2008,NA,QNCa,DN80,Φ89,M,8.38491,KG,材料标准一栏括号内为镀锌参考标准
,CPP00392,无缝钢管,4mm,SS,,S30408,GB/T 14976-2012,GB/T 17395-2008,NA,QNCa,DN100,Φ114,M,10.85106,KG,
,CPP00393,无缝钢管,4mm,SS,,S30403,GB/T 14976-2012,GB/T 17395-2008,NA,QNCa,DN100,Φ114,M,10.85106,KG,
,CPP00394,无缝钢管,4.5mm,SS,,20,GB/T 8163-2008,GB/T 17395-2008,NA,QNCa,DN100,Φ114,M,12.15195413,KG,
,CPP00395,无缝钢管,4.5mm,SS,,20(内外壁热浸镀锌),GB/T 8163-2008(GB/T 13912-2002),GB/T 17395-2008,NA,QNCa,DN100,Φ114,M,12.15195413,KG,材料标准一栏括号内为镀锌参考标准
,CPP00396,无缝钢管,7mm,SS,,S30408,GB/T 14976-2012,GB/T 17395-2008,NA,QNCa,DN150,Φ168,M,27.7935105,KG,
,CPP00397,无缝钢管,7mm,SS,,S30403,GB/T 14976-2012,GB/T 17395-2008,NA,QNCa,DN150,Φ168,M,27.7935105,KG,
,CPP00398,无缝钢管,5mm,SS,,20,GB/T 8163-2008,GB/T 17395-2008,NA,QNCa,DN150,Φ168,M,20.0991225,KG,
,CPP00399,无缝钢管,5mm,SS,,20(内外壁热浸镀锌),GB/T 8163-2008(GB/T 13912-2002),GB/T 17395-2008,NA,QNCa,DN150,Φ168,M,20.0991225,KG,材料标准一栏括号内为镀锌参考标准
,CPP00400,无缝钢管,7mm,SS,,S30408,GB/T 14976-2012,GB/T 17395-2008,NA,QNCa,DN200,Φ219,M,36.597666,KG,
,CPP00401,无缝钢管,7mm,SS,,S30403,GB/T 14976-2012,GB/T 17395-2008,NA,QNCa,DN200,Φ219,M,36.597666,KG,
,CPP00402,无缝钢管,6mm,SS,,20,GB/T 8163-2008,GB/T 17395-2008,NA,QNCa,DN200,Φ219,M,31.517397,KG,
,CPP00403,无缝钢管,6mm,SS,,20(内外壁热浸镀锌),GB/T 8163-2008(GB/T 13912-2002),GB/T 17395-2008,NA,QNCa,DN200,Φ219,M,31.517397,KG,材料标准一栏括号内为镀锌参考标准
,CPP00404,无缝钢管,8mm,SS,,S30408,GB/T 14976-2012,GB/T 17395-2008,NA,QNCa,DN250,Φ273,M,52.28238,KG,
,CPP00405,无缝钢管,8mm,SS,,S30403,GB/T 14976-2012,GB/T 17395-2008,NA,QNCa,DN250,Φ273,M,52.28238,KG,
,CPP00406,无缝钢管,6.5mm,SS,,20,GB/T 8163-2008,GB/T 17395-2008,NA,QNCa,DN250,Φ273,M,42.71988338,KG,
,CPP00407,无缝钢管,6.5mm,SS,,20(内外壁热浸镀锌),GB/T 8163-2008(GB/T 13912-2002),GB/T 17395-2008,NA,QNCa,DN250,Φ273,M,42.71988338,KG,材料标准一栏括号内为镀锌参考标准
,CPP00408,无缝钢管,12mm,SS,,S30408,GB/T 14976-2012,GB/T 17395-2008,NA,QNCa,DN300,Φ325,M,92.628594,KG,
,CPP00409,无缝钢管,12mm,SS,,S30403,GB/T 14976-2012,GB/T 17395-2008,NA,QNCa,DN300,Φ325,M,92.628594,KG,
,CPP00410,无缝钢管,8mm,SS,,20,GB/T 8163-2008,GB/T 17395-2008,NA,QNCa,DN300,Φ325,M,62.541564,KG,
,CPP00411,无缝钢管,8mm,SS,,20(内外壁热浸镀锌),GB/T 8163-2008(GB/T 13912-2002),GB/T 17395-2008,NA,QNCa,DN300,Φ325,M,62.541564,KG,材料标准一栏括号内为镀锌参考标准
,CPP00412,无缝钢管,9mm,SS,,20,GB/T 8163-2008,GB/T 17395-2008,NA,QNCa,DN350,Φ356,M,77.0178645,KG,
,CPP00413,无缝钢管,9mm,SS,,20(内外壁热浸镀锌),GB/T 8163-2008(GB/T 13912-2002),GB/T 17395-2008,NA,QNCa,DN350,Φ356,M,77.0178645,KG,材料标准一栏括号内为镀锌参考标准
,CPP00428,无缝钢管,3.96mm,SS,,20,1916T3024,API 5L,NA,QNCa,"5""",,M,13.41,KG,
,CPP00429,无缝钢管,14.27mm,SS,,20,1916T3018,API 5L,RCC-M 3,QA2,"10""",,M,91.05,KG,
,CPP00430,无缝钢管,14.27mm,SS,,20,1916T3018,API 5L,RCC-M 3,QA2,"28""",,M,245.19,KG,
,CPP00431,无缝钢管,14.27mm,SS,,20,1916T3018,API 5L,RCC-M 3,QA2,"36""",,M,316.63,KG,
,CPP00432,无缝钢管,14.27mm,SS,,20,1916T3018,API 5L,RCC-M 3,QA2,"48""",,M,423.97,KG,
,CPP00433,复合树脂管,4.5mm,,,环氧树脂玻璃纤维,,SY/T 6266,NA,QNCa,"4""",Φ114.3,M,没有标准重量,KG,
,CPP00434,复合树脂管,4.5mm,,,环氧树脂玻璃纤维,,SY/T 6266,NA,QNCa,"3""",,M,没有标准重量,KG,
,CPP00435,复合树脂管,4.5mm,,,环氧树脂玻璃纤维,,SY/T 6266,NA,QNCa,"1""",,M,没有标准重量,KG,
,CPP00436,无缝钢管,SCH40S,SS,,022Cr19Ni10,1916T3016,ASME B36.19M,RCC-M 2,QA1,"10""",,M,60.31,KG,
,CPP00437,焊接钢管,SCH20,RS,,Q265HR,1916T3020,ASME B36.10M,RCC-M 3,QA2,"26""",,M,202.74,KG,
,CPP00438,无缝钢管,39mm,SS,,P280GH,1916T3026,API 5L,RCC-M 2,QA1,"32""",Φ816,M,747.3174345,KG,
,CPP00439,无缝钢管,SCH80,SS,,P280GH,1916T3032,ASME B36.10M,RCC-M 2,QA1,"8""",,M,64.64,KG,
,CPP00440,无缝钢管,SCH160,SS,,026Cr18Ni12Mo2N,1916T3016,ASME B36.10M,RCC-M 1,QA1,"1/2""",,M,1.95,KG,
,CPP00442,无缝钢管,SCH160,SS,,026Cr18Ni12Mo2N,1916T3016,ASME B36.10M,RCC-M 1,QA1,"6""",,M,67.57,KG,
,CPP00443,无缝钢管,SCH120,SS,,026Cr18Ni12Mo2N,1916T3016,ASME B36.10M,RCC-M 2,QA1,"12""",,M,186.92,KG,
,CPP00444,无缝钢管,SCH80S,SS,,022Cr19Ni10,1916T3016,ASME B36.19M,RCC-M 3,QA2,"1""",,M,3.24,KG,
,CPP00445,无缝钢管,SCH80S,SS,,022Cr19Ni10,1916T3016,ASME B36.19M,RCC-M 3,QA2,"3""",,M,15.27,KG,
,CPP00446,无缝钢管,3mm,SS,,20(浸PE),,Q/HDCGF001-2008,NA,QNCa,DN20,Φ25,M,1.627659,KG,
,CPP00448,无缝钢管,36.53mm,SS,,P280GH,1916T3052,ASME B36.10M,NA,QA3,"32""",,M,699.5098615,KG,主蒸汽1/3容量管道
,CPP00449,无缝钢管,30.18mm,SS,,P280GH,1916T3052,ASME B36.10M,NA,QA3,"26""",,M,468.764993,KG,主蒸汽1/4容量管道
,CPP00450,无缝钢管,34.93mm,SS,,P280GH,1916T3052,ASME B36.10M,NA,QA3,"30""",,M,626.3171436,KG,旁路母管
,CPP00451,无缝钢管,38.1mm,SS,,P280GH,1916T3052,ASME B36.10M,NA,QA3,"22""",,M,489.44,KG,1/2容量给水支管
,CPP00452,无缝钢管,38.1mm,SS,,P280GH,1916T3052,ASME B36.10M,NA,QA3,"20""",,M,441.52,KG,给水旁路
,CPP00453,无缝钢管,31.75mm,SS,,P280GH,1916T3052,ASME B36.10M,NA,QA3,"18""",,M,332.97,KG,1/3容量给水支管及冲洗管道凝结水上水管道
,CPP00454,无缝钢管,25.4mm,SS,,P280GH,1916T3052,ASME B36.10M,NA,QA3,"12""",,M,186.92,KG,主泵再循环
,CPP00455,无缝钢管,22.23mm,SS,,P280GH,1916T3052,ASME B36.10M,NA,QA3,"10""",,M,137.48,KG,主泵再循环
,CPP00456,无缝钢管,12.7mm,SS,,P280GH,1916T3052,ASME B36.10M,NA,QA3,"6""",,M,48.73,KG,启泵
,CPP00457,无缝钢管,11.13mm,SS,,P280GH,1916T3052,ASME B36.10M,NA,QA3,"4""",,M,28.32,KG,启泵再循环
,CPP00458,无缝钢管,19.05mm,SS,,P280GH,1916T3052,ASME B36.10M,NA,QA3,"12""",,M,143.17,KG,旁路蒸汽管道，主蒸汽至辅助蒸汽管道
,CPP00459,无缝钢管,SCH80S,SS,,022Cr19Ni10,1916T3022,ASME B36.19M,NA,QNCa,"1/2""",,M,1.62,KG,
,CPP00460,焊接钢管,SCH20,RS,,Q265HR,1916T3020,ASME B36.10M,RCC-M 3,QA2,"30""",,M,234.68,KG,
,CPP00461,无缝钢管,SCH80S,SS,,022Cr17Ni12Mo2,1916T3016,ASME B36.19M,RCC-M 3,QA2,"1/4""",,M,0.8,KG,
,CPP00462,无缝钢管,SCH80S,SS,,026Cr18Ni12Mo2N,1916T3016,ASME B36.19M,RCC-M 2,QA1,"6""",,M,42.56,KG,
,CPP00463,无缝钢管,SCH160,SS,,026Cr18Ni12Mo2N,1916T3016,ASME B36.10M,RCC-M 2,QA1,"1/2""",,M,1.95,KG,
,CPP00464,无缝钢管,4mm,SS,,20(内衬聚丙烯层),GB/T 8163-2008,GB/T 17395-2008,NA,QNCa,DN80,Φ89,M,8.38491,KG,管道与法兰焊接后整体衬塑，衬塑参考标准：DL/T 935-2005
,CPP00465,无缝钢管,SCH120,SS,,P280GH(主给水流量控制系统专用),1916T3032,ASME B36.10M,RCC-M 2,QA1,"8""",,M,90.44,KG,
,CPP00466,无缝钢管,SCH40S,SS,,022Cr19Ni10,1916T3022,ASME B36.19M,NA,QNCa,"24""",,M,141.12,KG,
,CPP00467,焊接钢管,14.27mm,RS,,Q265HR,1916T3020,API 5L,RCC-M 3,QA2,"48""",,M,423.97,KG,
,CPP00468,无缝钢管,30.18mm,SS,,P280GH,1916T3052,ASME B36.10M,NA,QA3,"24""",,M,431.55,KG,主蒸汽至辅助蒸汽管道
,CPP00469,无缝钢管,9.53mm,SS,,P280GH,1916T3052,ASME B36.10M,NA,QA3,"4""",,M,24.62347443,KG,主蒸汽至辅助蒸汽管道
,CPP00470,无缝钢管,14.27mm,SS,,P280GH,1916T3052,ASME B36.10M,NA,QA3,"8""",,M,72.08,KG,主蒸汽至辅助蒸汽管道
,CPP00471,焊接钢管,4mm,RS,BW,Q235B(内外壁热浸镀锌),GB/T 3091-2015,GB/T 21835-2008,NA,QNCa,DN80,,M,8.3750454,KG,
,CPP00472,焊接钢管,4mm,RS,BW,Q235B(内外壁热浸镀锌),GB/T 3091-2015,GB/T 21835-2008,NA,QNCa,DN100,,M,10.8806538,KG,
,CPP00473,焊接钢管,4.5mm,RS,BW,Q235B(内外壁热浸镀锌),GB/T 3091-2015,GB/T 21835-2008,NA,QNCa,DN150,,M,18.17799165,KG,
,CPP00474,焊接钢管,6.3mm,RS,BW,Q235B(内外壁热浸镀锌),GB/T 3091-2015,GB/T 21835-2008,NA,QNCa,DN200,,M,33.06219336,KG,
,CPP00475,焊接钢管,8mm,RS,BW,Q235B(内外壁热浸镀锌),GB/T 3091-2015,GB/T 21835-2008,NA,QNCa,DN250,,M,52.28238,KG,
,CPP00476,焊接钢管,8mm,RS,BW,Q235B(内外壁热浸镀锌),GB/T 3091-2015,GB/T 21835-2008,NA,QNCa,DN300,,M,62.3048136,KG,
,CPP00477,焊接钢管,8.8mm,RS,BW,Q235B(内外壁热浸镀锌),GB/T 3091-2015,GB/T 21835-2008,NA,QNCa,DN350,,M,75.26295216,KG,
,CPP00478,焊接钢管,8.8mm,RS,BW,Q235B(内外壁热浸镀锌),GB/T 3091-2015,GB/T 21835-2008,NA,QNCa,DN400,,M,86.28762912,KG,
,CPP00479,焊接钢管,8.8mm,RS,BW,Q235B(内外壁热浸镀锌),GB/T 3091-2015,GB/T 21835-2008,NA,QNCa,DN450,,M,97.26890184,KG,
,CPP00480,焊接钢管,8.8mm,RS,BW,Q235B(内外壁热浸镀锌),GB/T 3091-2015,GB/T 21835-2008,NA,QNCa,DN500,,M,108.336983,KG,
,CPP00481,无缝钢管,12.7mm,SS,,20,1916T3024,API 5L,NA,QNCa,"24""",,M,187.07,KG,
,CPP00482,无缝钢管,12mm,SS,,S30408,GB/T 14976-2012,GB/T 17395-2008,NA,QNCa,DN350,Φ356,M,101.802672,KG,
,CPP00483,无缝钢管,12mm,SS,,S30408,GB/T 14976-2012,GB/T 17395-2008,NA,QNCa,DN400,Φ406,M,116.599572,KG,
,CPP00484,无缝钢管,12.5mm,SS,,S30408,GB/T 14976-2012,GB/T 17395-2008,NA,QNCa,DN450,Φ457,M,137.0254594,KG,
,CPP00485,无缝钢管,12mm,SS,,S30403,GB/T 14976-2012,GB/T 17395-2008,NA,QNCa,DN350,Φ356,M,101.802672,KG,
,CPP00486,无缝钢管,12mm,SS,,S30403,GB/T 14976-2012,GB/T 17395-2008,NA,QNCa,DN400,Φ406,M,116.599572,KG,
,CPP00487,无缝钢管,12.5mm,SS,,S30403,GB/T 14976-2012,GB/T 17395-2008,NA,QNCa,DN450,Φ457,M,137.0254594,KG,
,CPP00488,无缝钢管,9mm,SS,,20,GB/T 8163-2018,GB/T 17395-2008,NA,QNCa,DN400,Φ406,M,88.1155395,KG,
,CPP00489,无缝钢管,9mm,SS,,20,GB/T 8163-2018,GB/T 17395-2008,NA,QNCa,DN450,Φ457,M,99.435168,KG,
,CPP00490,无缝钢管,9mm,SS,,20(内外壁热浸镀锌),GB/T 8163-2018(GB/T 13912-2020),GB/T 17395-2008,NA,QNCa,DN400,Φ406,M,88.1155395,KG,材料标准一栏括号内为镀锌参考标准
,CPP00491,无缝钢管,9mm,SS,,20(内外壁热浸镀锌),GB/T 8163-2018(GB/T 13912-2020),GB/T 17395-2008,NA,QNCa,DN450,Φ457,M,99.435168,KG,材料标准一栏括号内为镀锌参考标准
,CPP00497,无缝钢管,3.5mm,SS,,20(内衬聚丙烯层),GB/T 8163-2008,GB/T 17395-2008,NA,QNCa,DN65,Φ73,M,5.998909875,KG,管道与法兰焊接后整体内衬聚丙烯，衬塑参考标准：DL/T 935-2005
,CPP00498,无缝钢管,3mm,SS,,20(内衬聚丙烯层),GB/T 8163-2008,GB/T 17395-2008,NA,QNCa,DN50,Φ60.3,M,4.23931185,KG,管道与法兰焊接后整体内衬聚丙烯，衬塑参考标准：DL/T 935-2005
,CPP00499,无缝钢管,2.5mm,SS,,20(内衬聚丙烯层),GB/T 8163-2008,GB/T 17395-2008,NA,QNCa,DN20,Φ26.9,M,1.49202075,KG,管道与法兰焊接后整体内衬聚丙烯，衬塑参考标准：DL/T 935-2005
,CPP00500,无缝钢管,SCH10S,SS,,022Cr25Ni7Mo4N,1916T3088,ASME B36.19M,RCC-M 3,QA2,"3/4""",,M,1.28,KG,
,CPP00501,无缝钢管,SCH10S,SS,,022Cr25Ni7Mo4N,1916T3088,ASME B36.19M,RCC-M 3,QA2,"1/4""",,M,0.49,KG,
,CPP00502,无缝钢管,SCH10S,SS,,022Cr25Ni7Mo4N,1916T3088,ASME B36.19M,RCC-M 3,QA2,"1/2""",,M,0.1,KG,
,CPP00503,无缝钢管,SCH40,SS,,022Cr25Ni7Mo4N,1916T3088,ASME B36.10M,RCC-M 3,QA2,"1""",,M,2.5,KG,
,CPP00504,无缝钢管,SCH80S,SS,,022Cr25Ni7Mo4N,1916T3088,ASME B36.19M,RCC-M 3,QA2,"1/4""",,M,0.8,KG,
,CPP00636,复合树脂管,4.5mm,,,环氧树脂玻璃纤维,,SY/T 6266,NA,QNCa,DN100,Φ109,M,没有标准重量,KG,
,CPP00651,无缝钢管,SCH40,SS,,20,1916T3024,ASME B36.10M,NA,QA3,"1-1/2""",,M,4.05,KG,
,CPP00652,无缝钢管,3.58mm,SS,,20,1916T3024,API 5L,NA,QA3,"4""",,M,9.78,KG,
,CPP00653,无缝钢管,SCH30,SS,,022Cr25Ni7Mo4N,1916T3088,ASME B36.10M,RCC-M 3,QA2,"2""",Φ60.3,M,4.48,KG,
,CPP00654,无缝钢管,3.18mm,SS,,20,1916T3018,ASME B36.10M,RCC-M 3,QA2,"2""",Φ60.3,M,4.48,KG,
,CPP00655,无缝钢管,SCH10,SS,,022Cr25Ni7Mo4N,1916T3088,ASME B36.10M,RCC-M 3,QA2,"2""",Φ60.3,M,3.93,KG,
,CPP00656,无缝钢管,32mm,SS,,P280GH(LBB),1916T3026,API 5L,RCC-M 2,QA1,"32""",,M,616.340208,KG,采用LBB技术
,CPP00657,无缝钢管,39mm,SS,,P280GH(LBB),1916T3026,API 5L,RCC-M 2,QA1,"32""",Φ816,M,747.3174345,KG,采用LBB技术
,CPP60001,无缝钢管,3.5mm,SS,,20(内外壁热浸镀锌),GB/T 8163-2008(GB/T 13912-2002),GB/T 17395-2008,NA,QNCa,DN65,Φ76,M,6.257855625,KG,材料标准一栏括号内为镀锌参考标准
,CPP60002,无缝钢管,2.8mm,SS,,06Cr19Ni10,GB/T 14976-2012,GB/T 17395-2008,NA,QNCa,DN15,Φ21,M,1.25675004,KG,
,CPP60003,无缝钢管,2.8mm,SS,,06Cr19Ni10,GB/T 14976-2012,GB/T 17395-2008,NA,QNCa,DN20,Φ27,M,1.67106324,KG,
,CPP60004,无缝钢管,3.2mm,SS,,06Cr19Ni10,GB/T 14976-2012,GB/T 17395-2008,NA,QNCa,DN50,Φ60,M,4.48247424,KG,
,CPP60005,无缝钢管,4mm,SS,,06Cr19Ni10,GB/T 14976-2012,GB/T 17395-2008,NA,QNCa,DN80,Φ89,M,8.38491,KG,
,CPP60006,无缝钢管,4mm,SS,,20,GB/T 8163-2008,GB/T 17395-2008,NA,QNCa,DN100,Φ114,M,10.85106,KG,
,CPP60007,无缝钢管,2.5mm,SS,,20,GB/T 8163-2008,GB/T 17395-2008,NA,QNCa,DN15,Φ21,M,1.140594375,KG,
,CPP60008,无缝钢管,2.8mm,SS,,20,GB/T 8163-2008,GB/T 17395-2008,NA,QNCa,DN15,Φ21,M,1.25675004,KG,
,CPP60009,无缝钢管,3.5mm,SS,,20(内外壁热浸镀锌),GB/T 8163-2008(GB/T 13912-2002),GB/T 17395-2008,NA,QNCa,DN32,Φ42,M,3.323137125,KG,材料标准一栏括号内为镀锌参考标准
,CPP60010,无缝钢管,9mm,SS,,20,GB/T 8163-2008,GB/T 17395-2008,NA,QNCa,DN400,Φ406,M,88.1155395,KG,
,CPP60011,无缝钢管,3.5mm,SS,,20,GB/T 8163-2008,GB/T 17395-2008,NA,QNCa,DN65,Φ73,M,5.998909875,KG,
,CPP60012,无缝钢管,3.5mm,SS,,06Cr19Ni10,GB/T 14976-2012,GB/T 17395-2008,NA,QNCa,DN32,Φ42,M,3.323137125,KG,
,CPP60013,无缝钢管,14.27mm,SS,,20,GB/T 8163-2008,GB/T 17395-2008,NA,QNCa,DN250,Φ273,M,91.0521594,KG,
,CPR00001,同心大小头,SCH160xSCH160,SS,BW,022Cr19Ni10,1916T3017,ASME B16.9,RCC-M 1,QA1,"1-1/2""x1/2""",,个,0.5,KG,
,CPR00002,同心大小头,SCH160xSCH160,SS,BW,022Cr19Ni10,1916T3017,ASME B16.9,RCC-M 1,QA1,"1-1/2""x3/4""",,个,0.5,KG,
,CPR00003,同心大小头,SCH160xSCH160,SS,BW,022Cr19Ni10,1916T3017,ASME B16.9,RCC-M 1,QA1,"1-1/2""x1""",,个,0.5,KG,
,CPR00004,同心大小头,SCH160xSCH160,SS,BW,022Cr19Ni10,1916T3017,ASME B16.9,RCC-M 1,QA1,"1-1/2""x1-1/4""",,个,0.5,KG,
,CPR00005,同心大小头,SCH160xSCH160,SS,BW,022Cr19Ni10,1916T3017,ASME B16.9,RCC-M 1,QA1,"2""x3/4""",,个,0.9,KG,
,CPR00006,同心大小头,SCH160xSCH160,SS,BW,022Cr19Ni10,1916T3017,ASME B16.9,RCC-M 1,QA1,"2""x1""",,个,0.9,KG,
,CPR00007,同心大小头,SCH160xSCH160,SS,BW,022Cr19Ni10,1916T3017,ASME B16.9,RCC-M 1,QA1,"2""x1-1/4""",,个,0.9,KG,
,CPR00008,同心大小头,SCH160xSCH160,SS,BW,022Cr19Ni10,1916T3017,ASME B16.9,RCC-M 1,QA1,"2""x1-1/2""",,个,0.9,KG,
,CPR00009,同心大小头,SCH160xSCH160,SS,BW,022Cr19Ni10,1916T3017,ASME B16.9,RCC-M 1,QA1,"2-1/2""x1""",,个,1.4,KG,
,CPR00010,同心大小头,3.18mmxSCH40,SS,BW,20,1916T3019,ASME B16.9,RCC-M 2,QA1,"2-1/2""x1""",,个,,KG,
,CPR00011,同心大小头,SCH10SxSCH10S,SS,BW,022Cr19Ni10,1916T3017,ASME B16.9,RCC-M 2,QA1,"2-1/2""x1""",,个,0.38,KG,
,CPR00012,同心大小头,SCH160xSCH160,SS,BW,022Cr19Ni10,1916T3017,ASME B16.9,RCC-M 2,QA1,"2-1/2""x1""",,个,1.4,KG,
,CPR00013,同心大小头,SCH160xSCH160,SS,BW,P280GH,1916T3019,ASME B16.9,RCC-M 2,QA1,"2-1/2""x1""",,个,1.4,KG,
,CPR00014,同心大小头,SCH40xSCH40,SS,BW,20,1916T3019,ASME B16.9,RCC-M 2,QA1,"2-1/2""x1""",,个,0.8,KG,
,CPR00015,同心大小头,SCH40SxSCH40S,SS,BW,022Cr19Ni10,1916T3017,ASME B16.9,RCC-M 2,QA1,"2-1/2""x1""",,个,0.64,KG,
,CPR00016,同心大小头,SCH80xSCH80,SS,BW,20,1916T3019,ASME B16.9,RCC-M 2,QA1,"2-1/2""x1""",,个,1.03,KG,
,CPR00017,同心大小头,SCH80xSCH80,SS,BW,P280GH,1916T3019,ASME B16.9,RCC-M 2,QA1,"2-1/2""x1""",,个,1.03,KG,
,CPR00018,同心大小头,SCH80SxSCH80S,SS,BW,022Cr19Ni10,1916T3017,ASME B16.9,RCC-M 2,QA1,"2-1/2""x1""",,个,0.87,KG,
,CPR00019,同心大小头,3.18mmxSCH40,SS,BW,20,1916T3019,ASME B16.9,RCC-M 3,QA2,"2-1/2""x1""",,个,,KG,
,CPR00020,同心大小头,SCH10SxSCH10S,SS,BW,022Cr19Ni10,1916T3017,ASME B16.9,RCC-M 3,QA2,"2-1/2""x1""",,个,0.38,KG,
,CPR00021,同心大小头,SCH40xSCH40,SS,BW,20,1916T3019,ASME B16.9,RCC-M 3,QA2,"2-1/2""x1""",,个,0.8,KG,
,CPR00022,同心大小头,SCH40SxSCH40S,SS,BW,022Cr19Ni10,1916T3017,ASME B16.9,RCC-M 3,QA2,"2-1/2""x1""",,个,0.64,KG,
,CPR00023,同心大小头,3.18mmxSCH40,SS,BW,20,1916T3025,ASME B16.9,NA,QNCa,"2-1/2""x1""",,个,0.8,KG,
,CPR00024,同心大小头,SCH10SxSCH10S,SS,BW,022Cr17Ni12Mo2,1916T3023,ASME B16.9,NA,QNCa,"2-1/2""x1""",,个,0.38,KG,
,CPR00025,同心大小头,SCH10SxSCH10S,SS,BW,022Cr19Ni10,1916T3023,ASME B16.9,NA,QNCa,"2-1/2""x1""",,个,0.375,KG,
,CPR00026,同心大小头,SCH160xSCH160,SS,BW,022Cr19Ni10,1916T3017,ASME B16.9,RCC-M 1,QA1,"2-1/2""x1-1/4""",,个,1.4,KG,
,CPR00027,同心大小头,3.18mmxSCH40,SS,BW,20,1916T3019,ASME B16.9,RCC-M 2,QA1,"2-1/2""x1-1/4""",,个,,KG,
,CPR00028,同心大小头,SCH10SxSCH10S,SS,BW,022Cr19Ni10,1916T3017,ASME B16.9,RCC-M 2,QA1,"2-1/2""x1-1/4""",,个,0.43,KG,
,CPR00029,同心大小头,SCH160xSCH160,SS,BW,022Cr19Ni10,1916T3017,ASME B16.9,RCC-M 2,QA1,"2-1/2""x1-1/4""",,个,1.4,KG,
,CPR00030,同心大小头,SCH160xSCH160,SS,BW,P280GH,1916T3019,ASME B16.9,RCC-M 2,QA1,"2-1/2""x1-1/4""",,个,1.4,KG,
,CPR00031,同心大小头,SCH40xSCH40,SS,BW,20,1916T3019,ASME B16.9,RCC-M 2,QA1,"2-1/2""x1-1/4""",,个,0.8,KG,
,CPR00032,同心大小头,SCH40SxSCH40S,SS,BW,022Cr19Ni10,1916T3017,ASME B16.9,RCC-M 2,QA1,"2-1/2""x1-1/4""",,个,0.73,KG,
,CPR00033,同心大小头,SCH80xSCH80,SS,BW,20,1916T3019,ASME B16.9,RCC-M 2,QA1,"2-1/2""x1-1/4""",,个,1.03,KG,
,CPR00034,同心大小头,SCH80xSCH80,SS,BW,P280GH,1916T3019,ASME B16.9,RCC-M 2,QA1,"2-1/2""x1-1/4""",,个,1.03,KG,
,CPR00035,同心大小头,SCH80SxSCH80S,SS,BW,022Cr19Ni10,1916T3017,ASME B16.9,RCC-M 2,QA1,"2-1/2""x1-1/4""",,个,0.9,KG,
,CPR00036,同心大小头,3.18mmxSCH40,SS,BW,20,1916T3019,ASME B16.9,RCC-M 3,QA2,"2-1/2""x1-1/4""",,个,,KG,
,CPR00037,同心大小头,SCH10SxSCH10S,SS,BW,022Cr19Ni10,1916T3017,ASME B16.9,RCC-M 3,QA2,"2-1/2""x1-1/4""",,个,0.43,KG,
,CPR00038,同心大小头,SCH40xSCH40,SS,BW,20,1916T3019,ASME B16.9,RCC-M 3,QA2,"2-1/2""x1-1/4""",,个,0.8,KG,
,CPR00039,同心大小头,SCH40SxSCH40S,SS,BW,022Cr19Ni10,1916T3017,ASME B16.9,RCC-M 3,QA2,"2-1/2""x1-1/4""",,个,0.73,KG,
,CPR00040,同心大小头,3.18mmxSCH40,SS,BW,20,1916T3025,ASME B16.9,NA,QNCa,"2-1/2""x1-1/4""",,个,,KG,
,CPR00041,同心大小头,SCH10SxSCH10S,SS,BW,022Cr17Ni12Mo2,1916T3023,ASME B16.9,NA,QNCa,"2-1/2""x1-1/4""",,个,0.43,KG,
,CPR00042,同心大小头,SCH10SxSCH10S,SS,BW,022Cr19Ni10,1916T3023,ASME B16.9,NA,QNCa,"2-1/2""x1-1/4""",,个,0.43,KG,
,CPR00043,同心大小头,SCH160xSCH160,SS,BW,022Cr19Ni10,1916T3017,ASME B16.9,RCC-M 1,QA1,"2-1/2""x1-1/2""",,个,1.4,KG,
,CPR00044,同心大小头,3.18mmxSCH40,SS,BW,20,1916T3019,ASME B16.9,RCC-M 2,QA1,"2-1/2""x1-1/2""",,个,0.8,KG,
,CPR00045,同心大小头,SCH10SxSCH10S,SS,BW,022Cr19Ni10,1916T3017,ASME B16.9,RCC-M 2,QA1,"2-1/2""x1-1/2""",,个,0.44,KG,
,CPR00046,同心大小头,SCH160xSCH160,SS,BW,022Cr19Ni10,1916T3017,ASME B16.9,RCC-M 2,QA1,"2-1/2""x1-1/2""",,个,1.4,KG,
,CPR00047,同心大小头,SCH160xSCH160,SS,BW,P280GH,1916T3019,ASME B16.9,RCC-M 2,QA1,"2-1/2""x1-1/2""",,个,1.4,KG,
,CPR00048,同心大小头,SCH40xSCH40,SS,BW,20,1916T3019,ASME B16.9,RCC-M 2,QA1,"2-1/2""x1-1/2""",,个,0.8,KG,
,CPR00049,同心大小头,SCH40SxSCH40S,SS,BW,022Cr19Ni10,1916T3017,ASME B16.9,RCC-M 2,QA1,"2-1/2""x1-1/2""",,个,0.76,KG,
,CPR00050,同心大小头,SCH80xSCH80,SS,BW,20,1916T3019,ASME B16.9,RCC-M 2,QA1,"2-1/2""x1-1/2""",,个,1.03,KG,
,CPR00051,同心大小头,SCH80xSCH80,SS,BW,P280GH,1916T3019,ASME B16.9,RCC-M 2,QA1,"2-1/2""x1-1/2""",,个,1.03,KG,
,CPR00052,同心大小头,SCH80SxSCH80S,SS,BW,022Cr19Ni10,1916T3017,ASME B16.9,RCC-M 2,QA1,"2-1/2""x1-1/2""",,个,0.94,KG,
,CPR00053,同心大小头,3.18mmxSCH40,SS,BW,20,1916T3019,ASME B16.9,RCC-M 3,QA2,"2-1/2""x1-1/2""",,个,0.8,KG,
,CPR00054,同心大小头,SCH10SxSCH10S,SS,BW,022Cr19Ni10,1916T3017,ASME B16.9,RCC-M 3,QA2,"2-1/2""x1-1/2""",,个,0.44,KG,
,CPR00055,同心大小头,SCH40xSCH40,SS,BW,20,1916T3019,ASME B16.9,RCC-M 3,QA2,"2-1/2""x1-1/2""",,个,0.8,KG,
,CPR00056,同心大小头,SCH40SxSCH40S,SS,BW,022Cr19Ni10,1916T3017,ASME B16.9,RCC-M 3,QA2,"2-1/2""x1-1/2""",,个,0.76,KG,
,CPR00057,同心大小头,3.18mmxSCH40,SS,BW,20,1916T3025,ASME B16.9,NA,QNCa,"2-1/2""x1-1/2""",,个,0.8,KG,
,CPR00058,同心大小头,SCH10SxSCH10S,SS,BW,022Cr17Ni12Mo2,1916T3023,ASME B16.9,NA,QNCa,"2-1/2""x1-1/2""",,个,0.44,KG,
,CPR00059,同心大小头,SCH10SxSCH10S,SS,BW,022Cr19Ni10,1916T3023,ASME B16.9,NA,QNCa,"2-1/2""x1-1/2""",,个,0.44,KG,
,CPR00060,同心大小头,SCH160xSCH160,SS,BW,022Cr19Ni10,1916T3017,ASME B16.9,RCC-M 1,QA1,"2-1/2""x2""",,个,1.4,KG,
,CPR00061,同心大小头,3.18mmx3.18mm,SS,BW,20,1916T3019,ASME B16.9,RCC-M 2,QA1,"2-1/2""x2""",,个,,KG,
,CPR00062,同心大小头,SCH10SxSCH10S,SS,BW,022Cr19Ni10,1916T3017,ASME B16.9,RCC-M 2,QA1,"2-1/2""x2""",,个,0.47,KG,
,CPR00063,同心大小头,SCH160xSCH160,SS,BW,022Cr19Ni10,1916T3017,ASME B16.9,RCC-M 2,QA1,"2-1/2""x2""",,个,1.4,KG,
,CPR00064,同心大小头,SCH160xSCH160,SS,BW,P280GH,1916T3019,ASME B16.9,RCC-M 2,QA1,"2-1/2""x2""",,个,1.4,KG,
,CPR00065,同心大小头,SCH40xSCH40,SS,BW,20,1916T3019,ASME B16.9,RCC-M 2,QA1,"2-1/2""x2""",,个,0.8,KG,
,CPR00066,同心大小头,SCH40SxSCH40S,SS,BW,022Cr19Ni10,1916T3017,ASME B16.9,RCC-M 2,QA1,"2-1/2""x2""",,个,0.8,KG,
,CPR00067,同心大小头,SCH80xSCH80,SS,BW,20,1916T3019,ASME B16.9,RCC-M 2,QA1,"2-1/2""x2""",,个,1.03,KG,
,CPR00068,同心大小头,SCH80xSCH80,SS,BW,P280GH,1916T3019,ASME B16.9,RCC-M 2,QA1,"2-1/2""x2""",,个,1.03,KG,
,CPR00069,同心大小头,SCH80SxSCH80S,SS,BW,022Cr19Ni10,1916T3017,ASME B16.9,RCC-M 2,QA1,"2-1/2""x2""",,个,1.05,KG,
,CPR00070,同心大小头,3.18mmx3.18mm,SS,BW,20,1916T3019,ASME B16.9,RCC-M 3,QA2,"2-1/2""x2""",,个,1.03,KG,
,CPR00071,同心大小头,SCH10SxSCH10S,SS,BW,022Cr19Ni10,1916T3017,ASME B16.9,RCC-M 3,QA2,"2-1/2""x2""",,个,0.47,KG,
,CPR00072,同心大小头,SCH40xSCH40,SS,BW,20,1916T3019,ASME B16.9,RCC-M 3,QA2,"2-1/2""x2""",,个,0.8,KG,
,CPR00073,同心大小头,SCH40SxSCH40S,SS,BW,022Cr19Ni10,1916T3017,ASME B16.9,RCC-M 3,QA2,"2-1/2""x2""",,个,0.8,KG,
,CPR00074,同心大小头,3.18mmx3.18mm,SS,BW,20,1916T3025,ASME B16.9,NA,QNCa,"2-1/2""x2""",,个,0.8,KG,
,CPR00075,同心大小头,SCH10SxSCH10S,SS,BW,022Cr17Ni12Mo2,1916T3023,ASME B16.9,NA,QNCa,"2-1/2""x2""",,个,0.47,KG,
,CPR00076,同心大小头,SCH10SxSCH10S,SS,BW,022Cr19Ni10,1916T3023,ASME B16.9,NA,QNCa,"2-1/2""x2""",,个,0.47,KG,
,CPR00077,同心大小头,SCH160xSCH160,SS,BW,022Cr19Ni10,1916T3017,ASME B16.9,RCC-M 1,QA1,"3""x1""",,个,,KG,
,CPR00078,同心大小头,3.18mmxSCH40,SS,BW,20,1916T3019,ASME B16.9,RCC-M 2,QA1,"3""x1""",,个,,KG,
,CPR00079,同心大小头,SCH10SxSCH10S,SS,BW,022Cr19Ni10,1916T3017,ASME B16.9,RCC-M 2,QA1,"3""x1""",,个,,KG,
,CPR00080,同心大小头,SCH160xSCH160,SS,BW,022Cr19Ni10,1916T3017,ASME B16.9,RCC-M 2,QA1,"3""x1""",,个,,KG,
,CPR00081,同心大小头,SCH160xSCH160,SS,BW,P280GH,1916T3019,ASME B16.9,RCC-M 2,QA1,"3""x1""",,个,,KG,
,CPR00082,同心大小头,SCH40xSCH40,SS,BW,20,1916T3019,ASME B16.9,RCC-M 2,QA1,"3""x1""",,个,,KG,
,CPR00083,同心大小头,SCH40SxSCH40S,SS,BW,022Cr19Ni10,1916T3017,ASME B16.9,RCC-M 2,QA1,"3""x1""",,个,,KG,
,CPR00084,同心大小头,SCH80xSCH80,SS,BW,20,1916T3019,ASME B16.9,RCC-M 2,QA1,"3""x1""",,个,,KG,
,CPR00085,同心大小头,SCH80xSCH80,SS,BW,P280GH,1916T3019,ASME B16.9,RCC-M 2,QA1,"3""x1""",,个,,KG,
,CPR00086,同心大小头,SCH80SxSCH80S,SS,BW,022Cr19Ni10,1916T3017,ASME B16.9,RCC-M 2,QA1,"3""x1""",,个,,KG,
,CPR00087,同心大小头,3.18mmxSCH40,SS,BW,20,1916T3019,ASME B16.9,RCC-M 3,QA2,"3""x1""",,个,,KG,
,CPR00088,同心大小头,SCH10SxSCH10S,SS,BW,022Cr19Ni10,1916T3017,ASME B16.9,RCC-M 3,QA2,"3""x1""",,个,,KG,
,CPR00089,同心大小头,SCH40xSCH40,SS,BW,20,1916T3019,ASME B16.9,RCC-M 3,QA2,"3""x1""",,个,,KG,
,CPR00090,同心大小头,SCH40SxSCH40S,SS,BW,022Cr19Ni10,1916T3017,ASME B16.9,RCC-M 3,QA2,"3""x1""",,个,,KG,
,CPR00091,同心大小头,3.18mmxSCH40,SS,BW,20,1916T3025,ASME B16.9,NA,QNCa,"3""x1""",,个,1,KG,
,CPR00092,同心大小头,SCH10SxSCH10S,SS,BW,022Cr17Ni12Mo2,1916T3023,ASME B16.9,NA,QNCa,"3""x1""",,个,,KG,
,CPR00093,同心大小头,SCH10SxSCH10S,SS,BW,022Cr19Ni10,1916T3023,ASME B16.9,NA,QNCa,"3""x1""",,个,,KG,
,CPR00094,同心大小头,SCH160xSCH160,SS,BW,022Cr19Ni10,1916T3017,ASME B16.9,RCC-M 1,QA1,"3""x1-1/4""",,个,2.1,KG,
,CPR00095,同心大小头,3.18mmxSCH40,SS,BW,20,1916T3019,ASME B16.9,RCC-M 2,QA1,"3""x1-1/4""",,个,,KG,
,CPR00096,同心大小头,SCH10SxSCH10S,SS,BW,022Cr19Ni10,1916T3017,ASME B16.9,RCC-M 2,QA1,"3""x1-1/4""",,个,0.47,KG,
,CPR00097,同心大小头,SCH160xSCH160,SS,BW,022Cr19Ni10,1916T3017,ASME B16.9,RCC-M 2,QA1,"3""x1-1/4""",,个,2.1,KG,
,CPR00098,同心大小头,SCH160xSCH160,SS,BW,P280GH,1916T3019,ASME B16.9,RCC-M 2,QA1,"3""x1-1/4""",,个,2.1,KG,
,CPR00099,同心大小头,SCH40xSCH40,SS,BW,20,1916T3019,ASME B16.9,RCC-M 2,QA1,"3""x1-1/4""",,个,1.05,KG,
,CPR00100,同心大小头,SCH40SxSCH40S,SS,BW,022Cr19Ni10,1916T3017,ASME B16.9,RCC-M 2,QA1,"3""x1-1/4""",,个,0.85,KG,
,CPR00101,同心大小头,SCH80xSCH80,SS,BW,20,1916T3019,ASME B16.9,RCC-M 2,QA1,"3""x1-1/4""",,个,1.42,KG,
,CPR00102,同心大小头,SCH80xSCH80,SS,BW,P280GH,1916T3019,ASME B16.9,RCC-M 2,QA1,"3""x1-1/4""",,个,1.42,KG,
,CPR00103,同心大小头,SCH80SxSCH80S,SS,BW,022Cr19Ni10,1916T3017,ASME B16.9,RCC-M 2,QA1,"3""x1-1/4""",,个,1.15,KG,
,CPR00104,同心大小头,3.18mmxSCH40,SS,BW,20,1916T3019,ASME B16.9,RCC-M 3,QA2,"3""x1-1/4""",,个,,KG,
,CPR00105,同心大小头,SCH10SxSCH10S,SS,BW,022Cr19Ni10,1916T3017,ASME B16.9,RCC-M 3,QA2,"3""x1-1/4""",,个,0.47,KG,
,CPR00106,同心大小头,SCH40xSCH40,SS,BW,20,1916T3019,ASME B16.9,RCC-M 3,QA2,"3""x1-1/4""",,个,1.05,KG,
,CPR00107,同心大小头,SCH40SxSCH40S,SS,BW,022Cr19Ni10,1916T3017,ASME B16.9,RCC-M 3,QA2,"3""x1-1/4""",,个,0.85,KG,
,CPR00108,同心大小头,3.18mmxSCH40,SS,BW,20,1916T3025,ASME B16.9,NA,QNCa,"3""x1-1/4""",,个,,KG,
,CPR00109,同心大小头,SCH10SxSCH10S,SS,BW,022Cr17Ni12Mo2,1916T3023,ASME B16.9,NA,QNCa,"3""x1-1/4""",,个,0.47,KG,
,CPR00110,同心大小头,SCH10SxSCH10S,SS,BW,022Cr19Ni10,1916T3023,ASME B16.9,NA,QNCa,"3""x1-1/4""",,个,0.47,KG,
,CPR00111,同心大小头,SCH160xSCH160,SS,BW,022Cr19Ni10,1916T3017,ASME B16.9,RCC-M 1,QA1,"3""x1-1/2""",,个,2.1,KG,
,CPR00112,同心大小头,3.18mmxSCH40,SS,BW,20,1916T3019,ASME B16.9,RCC-M 2,QA1,"3""x1-1/2""",,个,,KG,
,CPR00113,同心大小头,SCH10SxSCH10S,SS,BW,022Cr19Ni10,1916T3017,ASME B16.9,RCC-M 2,QA1,"3""x1-1/2""",,个,0.51,KG,
,CPR00114,同心大小头,SCH160xSCH160,SS,BW,022Cr19Ni10,1916T3017,ASME B16.9,RCC-M 2,QA1,"3""x1-1/2""",,个,2.1,KG,
,CPR00115,同心大小头,SCH160xSCH160,SS,BW,P280GH,1916T3019,ASME B16.9,RCC-M 2,QA1,"3""x1-1/2""",,个,2.1,KG,
,CPR00116,同心大小头,SCH40xSCH40,SS,BW,20,1916T3019,ASME B16.9,RCC-M 2,QA1,"3""x1-1/2""",,个,1.05,KG,
,CPR00117,同心大小头,SCH40SxSCH40S,SS,BW,022Cr19Ni10,1916T3017,ASME B16.9,RCC-M 2,QA1,"3""x1-1/2""",,个,0.94,KG,
,CPR00118,同心大小头,SCH80xSCH80,SS,BW,20,1916T3019,ASME B16.9,RCC-M 2,QA1,"3""x1-1/2""",,个,1.42,KG,
,CPR00119,同心大小头,SCH80xSCH80,SS,BW,P280GH,1916T3019,ASME B16.9,RCC-M 2,QA1,"3""x1-1/2""",,个,1.42,KG,
,CPR00120,同心大小头,SCH80SxSCH80S,SS,BW,022Cr19Ni10,1916T3017,ASME B16.9,RCC-M 2,QA1,"3""x1-1/2""",,个,1.2,KG,
,CPR00121,同心大小头,3.18mmxSCH40,SS,BW,20,1916T3019,ASME B16.9,RCC-M 3,QA2,"3""x1-1/2""",,个,,KG,
,CPR00122,同心大小头,SCH10SxSCH10S,SS,BW,022Cr19Ni10,1916T3017,ASME B16.9,RCC-M 3,QA2,"3""x1-1/2""",,个,0.51,KG,
,CPR00123,同心大小头,SCH40xSCH40,SS,BW,20,1916T3019,ASME B16.9,RCC-M 3,QA2,"3""x1-1/2""",,个,1.05,KG,
,CPR00124,同心大小头,SCH40SxSCH40S,SS,BW,022Cr19Ni10,1916T3017,ASME B16.9,RCC-M 3,QA2,"3""x1-1/2""",,个,0.94,KG,
,CPR00125,同心大小头,3.18mmxSCH40,SS,BW,20,1916T3025,ASME B16.9,NA,QNCa,"3""x1-1/2""",,个,1,KG,
,CPR00126,同心大小头,SCH10SxSCH10S,SS,BW,022Cr17Ni12Mo2,1916T3023,ASME B16.9,NA,QNCa,"3""x1-1/2""",,个,0.51,KG,
,CPR00127,同心大小头,SCH10SxSCH10S,SS,BW,022Cr19Ni10,1916T3023,ASME B16.9,NA,QNCa,"3""x1-1/2""",,个,0.51,KG,
,CPR00128,同心大小头,SCH160xSCH160,SS,BW,022Cr19Ni10,1916T3017,ASME B16.9,RCC-M 1,QA1,"3""x2""",,个,2.1,KG,
,CPR00129,同心大小头,3.18mmx3.18mm,SS,BW,20,1916T3019,ASME B16.9,RCC-M 2,QA1,"3""x2""",,个,,KG,
,CPR00130,同心大小头,SCH10SxSCH10S,SS,BW,022Cr19Ni10,1916T3017,ASME B16.9,RCC-M 2,QA1,"3""x2""",,个,0.55,KG,
,CPR00131,同心大小头,SCH160xSCH160,SS,BW,022Cr19Ni10,1916T3017,ASME B16.9,RCC-M 2,QA1,"3""x2""",,个,2.1,KG,
,CPR00132,同心大小头,SCH160xSCH160,SS,BW,P280GH,1916T3019,ASME B16.9,RCC-M 2,QA1,"3""x2""",,个,2.1,KG,
,CPR00133,同心大小头,SCH40xSCH40,SS,BW,20,1916T3019,ASME B16.9,RCC-M 2,QA1,"3""x2""",,个,1.05,KG,
,CPR00134,同心大小头,SCH40SxSCH40S,SS,BW,022Cr19Ni10,1916T3017,ASME B16.9,RCC-M 2,QA1,"3""x2""",,个,1,KG,
,CPR00135,同心大小头,SCH80xSCH80,SS,BW,20,1916T3019,ASME B16.9,RCC-M 2,QA1,"3""x2""",,个,1.42,KG,
,CPR00136,同心大小头,SCH80xSCH80,SS,BW,P280GH,1916T3019,ASME B16.9,RCC-M 2,QA1,"3""x2""",,个,1.42,KG,
,CPR00137,同心大小头,SCH80SxSCH80S,SS,BW,022Cr19Ni10,1916T3017,ASME B16.9,RCC-M 2,QA1,"3""x2""",,个,1.29,KG,
,CPR00138,同心大小头,3.18mmx3.18mm,SS,BW,20,1916T3019,ASME B16.9,RCC-M 3,QA2,"3""x2""",,个,1.1,KG,
,CPR00139,同心大小头,SCH10SxSCH10S,SS,BW,022Cr19Ni10,1916T3017,ASME B16.9,RCC-M 3,QA2,"3""x2""",,个,0.55,KG,
,CPR00140,同心大小头,SCH40xSCH40,SS,BW,20,1916T3019,ASME B16.9,RCC-M 3,QA2,"3""x2""",,个,1.05,KG,
,CPR00141,同心大小头,SCH40SxSCH40S,SS,BW,022Cr19Ni10,1916T3017,ASME B16.9,RCC-M 3,QA2,"3""x2""",,个,1,KG,
,CPR00142,同心大小头,3.18mmx3.18mm,SS,BW,20,1916T3025,ASME B16.9,NA,QNCa,"3""x2""",,个,1,KG,
,CPR00143,同心大小头,SCH10SxSCH10S,SS,BW,022Cr17Ni12Mo2,1916T3023,ASME B16.9,NA,QNCa,"3""x2""",,个,0.55,KG,
,CPR00144,同心大小头,SCH10SxSCH10S,SS,BW,022Cr19Ni10,1916T3023,ASME B16.9,NA,QNCa,"3""x2""",,个,0.55,KG,
,CPR00145,同心大小头,SCH160xSCH160,SS,BW,022Cr19Ni10,1916T3017,ASME B16.9,RCC-M 1,QA1,"3""x2-1/2""",,个,2.1,KG,
,CPR00146,同心大小头,3.18mmx3.18mm,SS,BW,20,1916T3019,ASME B16.9,RCC-M 2,QA1,"3""x2-1/2""",,个,1.3,KG,
,CPR00147,同心大小头,SCH10SxSCH10S,SS,BW,022Cr19Ni10,1916T3017,ASME B16.9,RCC-M 2,QA1,"3""x2-1/2""",,个,0.59,KG,
,CPR00148,同心大小头,SCH160xSCH160,SS,BW,022Cr19Ni10,1916T3017,ASME B16.9,RCC-M 2,QA1,"3""x2-1/2""",,个,2.1,KG,
,CPR00149,同心大小头,SCH160xSCH160,SS,BW,P280GH,1916T3019,ASME B16.9,RCC-M 2,QA1,"3""x2-1/2""",,个,2.1,KG,
,CPR00150,同心大小头,SCH40xSCH40,SS,BW,20,1916T3019,ASME B16.9,RCC-M 2,QA1,"3""x2-1/2""",,个,1.05,KG,
,CPR00151,同心大小头,SCH40SxSCH40S,SS,BW,022Cr19Ni10,1916T3017,ASME B16.9,RCC-M 2,QA1,"3""x2-1/2""",,个,1.1,KG,
,CPR00152,同心大小头,SCH80xSCH80,SS,BW,20,1916T3019,ASME B16.9,RCC-M 2,QA1,"3""x2-1/2""",,个,1.42,KG,
,CPR00153,同心大小头,SCH80xSCH80,SS,BW,P280GH,1916T3019,ASME B16.9,RCC-M 2,QA1,"3""x2-1/2""",,个,1.42,KG,
,CPR00154,同心大小头,SCH80SxSCH80S,SS,BW,022Cr19Ni10,1916T3017,ASME B16.9,RCC-M 2,QA1,"3""x2-1/2""",,个,1.49,KG,
,CPR00155,同心大小头,3.18mmx3.18mm,SS,BW,20,1916T3019,ASME B16.9,RCC-M 3,QA2,"3""x2-1/2""",,个,1.3,KG,
,CPR00156,同心大小头,SCH10SxSCH10S,SS,BW,022Cr19Ni10,1916T3017,ASME B16.9,RCC-M 3,QA2,"3""x2-1/2""",,个,0.59,KG,
,CPR00157,同心大小头,SCH40xSCH40,SS,BW,20,1916T3019,ASME B16.9,RCC-M 3,QA2,"3""x2-1/2""",,个,1.05,KG,
,CPR00158,同心大小头,SCH40SxSCH40S,SS,BW,022Cr19Ni10,1916T3017,ASME B16.9,RCC-M 3,QA2,"3""x2-1/2""",,个,1.1,KG,
,CPR00159,同心大小头,3.18mmx3.18mm,SS,BW,20,1916T3025,ASME B16.9,NA,QNCa,"3""x2-1/2""",,个,1,KG,
,CPR00160,同心大小头,SCH10SxSCH10S,SS,BW,022Cr17Ni12Mo2,1916T3023,ASME B16.9,NA,QNCa,"3""x2-1/2""",,个,0.59,KG,
,CPR00161,同心大小头,SCH10SxSCH10S,SS,BW,022Cr19Ni10,1916T3023,ASME B16.9,NA,QNCa,"3""x2-1/2""",,个,0.59,KG,
,CPR00162,同心大小头,SCH160xSCH160,SS,BW,022Cr19Ni10,1916T3017,ASME B16.9,RCC-M 1,QA1,"3-1/2""x1-1/4""",,个,3,KG,
,CPR00163,同心大小头,SCH10SxSCH10S,SS,BW,022Cr19Ni10,1916T3017,ASME B16.9,RCC-M 2,QA1,"3-1/2""x1-1/4""",,个,0.62,KG,
,CPR00164,同心大小头,SCH160xSCH160,SS,BW,022Cr19Ni10,1916T3017,ASME B16.9,RCC-M 2,QA1,"3-1/2""x1-1/4""",,个,3,KG,
,CPR00165,同心大小头,SCH160xSCH160,SS,BW,P280GH,1916T3019,ASME B16.9,RCC-M 2,QA1,"3-1/2""x1-1/4""",,个,3,KG,
,CPR00166,同心大小头,SCH40xSCH40,SS,BW,20,1916T3019,ASME B16.9,RCC-M 2,QA1,"3-1/2""x1-1/4""",,个,1.36,KG,
,CPR00167,同心大小头,SCH40SxSCH40S,SS,BW,022Cr19Ni10,1916T3017,ASME B16.9,RCC-M 2,QA1,"3-1/2""x1-1/4""",,个,1.2,KG,
,CPR00168,同心大小头,SCH80xSCH80,SS,BW,20,1916T3019,ASME B16.9,RCC-M 2,QA1,"3-1/2""x1-1/4""",,个,1.89,KG,
,CPR00169,同心大小头,SCH80xSCH80,SS,BW,P280GH,1916T3019,ASME B16.9,RCC-M 2,QA1,"3-1/2""x1-1/4""",,个,1.89,KG,
,CPR00170,同心大小头,SCH80SxSCH80S,SS,BW,022Cr19Ni10,1916T3017,ASME B16.9,RCC-M 2,QA1,"3-1/2""x1-1/4""",,个,1.6,KG,
,CPR00171,同心大小头,SCH10SxSCH10S,SS,BW,022Cr19Ni10,1916T3017,ASME B16.9,RCC-M 3,QA2,"3-1/2""x1-1/4""",,个,0.62,KG,
,CPR00172,同心大小头,SCH40xSCH40,SS,BW,20,1916T3019,ASME B16.9,RCC-M 3,QA2,"3-1/2""x1-1/4""",,个,1.36,KG,
,CPR00173,同心大小头,SCH40SxSCH40S,SS,BW,022Cr19Ni10,1916T3017,ASME B16.9,RCC-M 3,QA2,"3-1/2""x1-1/4""",,个,1.2,KG,
,CPR00174,同心大小头,SCH10SxSCH10S,SS,BW,022Cr17Ni12Mo2,1916T3023,ASME B16.9,NA,QNCa,"3-1/2""x1-1/4""",,个,0.62,KG,
,CPR00175,同心大小头,SCH10SxSCH10S,SS,BW,022Cr19Ni10,1916T3023,ASME B16.9,NA,QNCa,"3-1/2""x1-1/4""",,个,0.62,KG,
,CPR00176,同心大小头,SCH160xSCH160,SS,BW,022Cr19Ni10,1916T3017,ASME B16.9,RCC-M 1,QA1,"3-1/2""x1-1/2""",,个,3,KG,
,CPR00177,同心大小头,SCH10SxSCH10S,SS,BW,022Cr19Ni10,1916T3017,ASME B16.9,RCC-M 2,QA1,"3-1/2""x1-1/2""",,个,0.66,KG,
,CPR00178,同心大小头,SCH160xSCH160,SS,BW,022Cr19Ni10,1916T3017,ASME B16.9,RCC-M 2,QA1,"3-1/2""x1-1/2""",,个,3,KG,
,CPR00179,同心大小头,SCH160xSCH160,SS,BW,P280GH,1916T3019,ASME B16.9,RCC-M 2,QA1,"3-1/2""x1-1/2""",,个,3,KG,
,CPR00180,同心大小头,SCH40xSCH40,SS,BW,20,1916T3019,ASME B16.9,RCC-M 2,QA1,"3-1/2""x1-1/2""",,个,1.36,KG,
,CPR00181,同心大小头,SCH40SxSCH40S,SS,BW,022Cr19Ni10,1916T3017,ASME B16.9,RCC-M 2,QA1,"3-1/2""x1-1/2""",,个,1.25,KG,
,CPR00182,同心大小头,SCH80xSCH80,SS,BW,20,1916T3019,ASME B16.9,RCC-M 2,QA1,"3-1/2""x1-1/2""",,个,1.89,KG,
,CPR00183,同心大小头,SCH80xSCH80,SS,BW,P280GH,1916T3019,ASME B16.9,RCC-M 2,QA1,"3-1/2""x1-1/2""",,个,1.89,KG,
,CPR00184,同心大小头,SCH80SxSCH80S,SS,BW,022Cr19Ni10,1916T3017,ASME B16.9,RCC-M 2,QA1,"3-1/2""x1-1/2""",,个,1.65,KG,
,CPR00185,同心大小头,SCH10SxSCH10S,SS,BW,022Cr19Ni10,1916T3017,ASME B16.9,RCC-M 3,QA2,"3-1/2""x1-1/2""",,个,0.66,KG,
,CPR00186,同心大小头,SCH40xSCH40,SS,BW,20,1916T3019,ASME B16.9,RCC-M 3,QA2,"3-1/2""x1-1/2""",,个,1.36,KG,
,CPR00187,同心大小头,SCH40SxSCH40S,SS,BW,022Cr19Ni10,1916T3017,ASME B16.9,RCC-M 3,QA2,"3-1/2""x1-1/2""",,个,1.25,KG,
,CPR00188,同心大小头,SCH10SxSCH10S,SS,BW,022Cr17Ni12Mo2,1916T3023,ASME B16.9,NA,QNCa,"3-1/2""x1-1/2""",,个,0.66,KG,
,CPR00189,同心大小头,SCH10SxSCH10S,SS,BW,022Cr19Ni10,1916T3023,ASME B16.9,NA,QNCa,"3-1/2""x1-1/2""",,个,0.66,KG,
,CPR00190,同心大小头,SCH160xSCH160,SS,BW,022Cr19Ni10,1916T3017,ASME B16.9,RCC-M 1,QA1,"3-1/2""x2""",,个,3,KG,
,CPR00191,同心大小头,SCH10SxSCH10S,SS,BW,022Cr19Ni10,1916T3017,ASME B16.9,RCC-M 2,QA1,"3-1/2""x2""",,个,0.71,KG,
,CPR00192,同心大小头,SCH160xSCH160,SS,BW,022Cr19Ni10,1916T3017,ASME B16.9,RCC-M 2,QA1,"3-1/2""x2""",,个,3,KG,
,CPR00193,同心大小头,SCH160xSCH160,SS,BW,P280GH,1916T3019,ASME B16.9,RCC-M 2,QA1,"3-1/2""x2""",,个,3,KG,
,CPR00194,同心大小头,SCH40xSCH40,SS,BW,20,1916T3019,ASME B16.9,RCC-M 2,QA1,"3-1/2""x2""",,个,1.36,KG,
,CPR00195,同心大小头,SCH40SxSCH40S,SS,BW,022Cr19Ni10,1916T3017,ASME B16.9,RCC-M 2,QA1,"3-1/2""x2""",,个,1.35,KG,
,CPR00196,同心大小头,SCH80xSCH80,SS,BW,20,1916T3019,ASME B16.9,RCC-M 2,QA1,"3-1/2""x2""",,个,1.89,KG,
,CPR00197,同心大小头,SCH80xSCH80,SS,BW,P280GH,1916T3019,ASME B16.9,RCC-M 2,QA1,"3-1/2""x2""",,个,1.89,KG,
,CPR00198,同心大小头,SCH80SxSCH80S,SS,BW,022Cr19Ni10,1916T3017,ASME B16.9,RCC-M 2,QA1,"3-1/2""x2""",,个,1.75,KG,
,CPR00199,同心大小头,SCH10SxSCH10S,SS,BW,022Cr19Ni10,1916T3017,ASME B16.9,RCC-M 3,QA2,"3-1/2""x2""",,个,0.71,KG,
,CPR00200,同心大小头,SCH40xSCH40,SS,BW,20,1916T3019,ASME B16.9,RCC-M 3,QA2,"3-1/2""x2""",,个,1.36,KG,
,CPR00201,同心大小头,SCH40SxSCH40S,SS,BW,022Cr19Ni10,1916T3017,ASME B16.9,RCC-M 3,QA2,"3-1/2""x2""",,个,1.35,KG,
,CPR00202,同心大小头,SCH10SxSCH10S,SS,BW,022Cr17Ni12Mo2,1916T3023,ASME B16.9,NA,QNCa,"3-1/2""x2""",,个,0.71,KG,
,CPR00203,同心大小头,SCH10SxSCH10S,SS,BW,022Cr19Ni10,1916T3023,ASME B16.9,NA,QNCa,"3-1/2""x2""",,个,0.71,KG,
,CPR00204,同心大小头,SCH160xSCH160,SS,BW,022Cr19Ni10,1916T3017,ASME B16.9,RCC-M 1,QA1,"3-1/2""x2-1/2""",,个,3,KG,
,CPR00205,同心大小头,SCH10SxSCH10S,SS,BW,022Cr19Ni10,1916T3017,ASME B16.9,RCC-M 2,QA1,"3-1/2""x2-1/2""",,个,0.77,KG,
,CPR00206,同心大小头,SCH160xSCH160,SS,BW,022Cr19Ni10,1916T3017,ASME B16.9,RCC-M 2,QA1,"3-1/2""x2-1/2""",,个,3,KG,
,CPR00207,同心大小头,SCH160xSCH160,SS,BW,P280GH,1916T3019,ASME B16.9,RCC-M 2,QA1,"3-1/2""x2-1/2""",,个,3,KG,
,CPR00208,同心大小头,SCH40xSCH40,SS,BW,20,1916T3019,ASME B16.9,RCC-M 2,QA1,"3-1/2""x2-1/2""",,个,1.36,KG,
,CPR00209,同心大小头,SCH40SxSCH40S,SS,BW,022Cr19Ni10,1916T3017,ASME B16.9,RCC-M 2,QA1,"3-1/2""x2-1/2""",,个,1.46,KG,
,CPR00210,同心大小头,SCH80xSCH80,SS,BW,20,1916T3019,ASME B16.9,RCC-M 2,QA1,"3-1/2""x2-1/2""",,个,1.89,KG,
,CPR00211,同心大小头,SCH80xSCH80,SS,BW,P280GH,1916T3019,ASME B16.9,RCC-M 2,QA1,"3-1/2""x2-1/2""",,个,1.89,KG,
,CPR00212,同心大小头,SCH80SxSCH80S,SS,BW,022Cr19Ni10,1916T3017,ASME B16.9,RCC-M 2,QA1,"3-1/2""x2-1/2""",,个,1.9,KG,
,CPR00213,同心大小头,SCH10SxSCH10S,SS,BW,022Cr19Ni10,1916T3017,ASME B16.9,RCC-M 3,QA2,"3-1/2""x2-1/2""",,个,0.77,KG,
,CPR00214,同心大小头,SCH40xSCH40,SS,BW,20,1916T3019,ASME B16.9,RCC-M 3,QA2,"3-1/2""x2-1/2""",,个,1.36,KG,
,CPR00215,同心大小头,SCH40SxSCH40S,SS,BW,022Cr19Ni10,1916T3017,ASME B16.9,RCC-M 3,QA2,"3-1/2""x2-1/2""",,个,1.46,KG,
,CPR00216,同心大小头,SCH10SxSCH10S,SS,BW,022Cr17Ni12Mo2,1916T3023,ASME B16.9,NA,QNCa,"3-1/2""x2-1/2""",,个,0.77,KG,
,CPR00217,同心大小头,SCH10SxSCH10S,SS,BW,022Cr19Ni10,1916T3023,ASME B16.9,NA,QNCa,"3-1/2""x2-1/2""",,个,0.77,KG,
,CPR00218,同心大小头,SCH160xSCH160,SS,BW,022Cr19Ni10,1916T3017,ASME B16.9,RCC-M 1,QA1,"3-1/2""x3""",,个,3,KG,
,CPR00219,同心大小头,SCH10SxSCH10S,SS,BW,022Cr19Ni10,1916T3017,ASME B16.9,RCC-M 2,QA1,"3-1/2""x3""",,个,0.8,KG,
,CPR00220,同心大小头,SCH160xSCH160,SS,BW,022Cr19Ni10,1916T3017,ASME B16.9,RCC-M 2,QA1,"3-1/2""x3""",,个,3,KG,
,CPR00221,同心大小头,SCH160xSCH160,SS,BW,P280GH,1916T3019,ASME B16.9,RCC-M 2,QA1,"3-1/2""x3""",,个,3,KG,
,CPR00222,同心大小头,SCH40xSCH40,SS,BW,20,1916T3019,ASME B16.9,RCC-M 2,QA1,"3-1/2""x3""",,个,1.36,KG,
,CPR00223,同心大小头,SCH40SxSCH40S,SS,BW,022Cr19Ni10,1916T3017,ASME B16.9,RCC-M 2,QA1,"3-1/2""x3""",,个,1.5,KG,
,CPR00224,同心大小头,SCH80xSCH80,SS,BW,20,1916T3019,ASME B16.9,RCC-M 2,QA1,"3-1/2""x3""",,个,1.89,KG,
,CPR00225,同心大小头,SCH80xSCH80,SS,BW,P280GH,1916T3019,ASME B16.9,RCC-M 2,QA1,"3-1/2""x3""",,个,1.89,KG,
,CPR00226,同心大小头,SCH80SxSCH80S,SS,BW,022Cr19Ni10,1916T3017,ASME B16.9,RCC-M 2,QA1,"3-1/2""x3""",,个,2,KG,
,CPR00227,同心大小头,SCH10SxSCH10S,SS,BW,022Cr19Ni10,1916T3017,ASME B16.9,RCC-M 3,QA2,"3-1/2""x3""",,个,0.8,KG,
,CPR00228,同心大小头,SCH40xSCH40,SS,BW,20,1916T3019,ASME B16.9,RCC-M 3,QA2,"3-1/2""x3""",,个,1.36,KG,
,CPR00229,同心大小头,SCH40SxSCH40S,SS,BW,022Cr19Ni10,1916T3017,ASME B16.9,RCC-M 3,QA2,"3-1/2""x3""",,个,1.5,KG,
,CPR00230,同心大小头,SCH10SxSCH10S,SS,BW,022Cr17Ni12Mo2,1916T3023,ASME B16.9,NA,QNCa,"3-1/2""x3""",,个,0.8,KG,
,CPR00231,同心大小头,SCH10SxSCH10S,SS,BW,022Cr19Ni10,1916T3023,ASME B16.9,NA,QNCa,"3-1/2""x3""",,个,0.8,KG,
,CPR00232,同心大小头,SCH160xSCH160,SS,BW,022Cr19Ni10,1916T3017,ASME B16.9,RCC-M 1,QA1,"4""x1-1/2""",,个,3.7,KG,
,CPR00233,同心大小头,3.58mmxSCH40,SS,BW,20,1916T3019,ASME B16.9,RCC-M 2,QA1,"4""x1-1/2""",,个,,KG,
,CPR00234,同心大小头,SCH10SxSCH10S,SS,BW,022Cr19Ni10,1916T3017,ASME B16.9,RCC-M 2,QA1,"4""x1-1/2""",,个,0.68,KG,
,CPR00235,同心大小头,SCH160xSCH160,SS,BW,022Cr19Ni10,1916T3017,ASME B16.9,RCC-M 2,QA1,"4""x1-1/2""",,个,3.7,KG,
,CPR00236,同心大小头,SCH160xSCH160,SS,BW,P280GH,1916T3019,ASME B16.9,RCC-M 2,QA1,"4""x1-1/2""",,个,3.7,KG,
,CPR00237,同心大小头,SCH40xSCH40,SS,BW,20,1916T3019,ASME B16.9,RCC-M 2,QA1,"4""x1-1/2""",,个,1.63,KG,
,CPR00238,同心大小头,SCH40SxSCH40S,SS,BW,022Cr19Ni10,1916T3017,ASME B16.9,RCC-M 2,QA1,"4""x1-1/2""",,个,1.35,KG,
,CPR00239,同心大小头,SCH80xSCH80,SS,BW,20,1916T3019,ASME B16.9,RCC-M 2,QA1,"4""x1-1/2""",,个,2.27,KG,
,CPR00240,同心大小头,SCH80xSCH80,SS,BW,P280GH,1916T3019,ASME B16.9,RCC-M 2,QA1,"4""x1-1/2""",,个,2.27,KG,
,CPR00241,同心大小头,SCH80SxSCH80S,SS,BW,022Cr19Ni10,1916T3017,ASME B16.9,RCC-M 2,QA1,"4""x1-1/2""",,个,1.9,KG,
,CPR00242,同心大小头,3.58mmxSCH40,SS,BW,20,1916T3019,ASME B16.9,RCC-M 3,QA2,"4""x1-1/2""",,个,2.4,KG,
,CPR00243,同心大小头,SCH10SxSCH10S,SS,BW,022Cr19Ni10,1916T3017,ASME B16.9,RCC-M 3,QA2,"4""x1-1/2""",,个,0.68,KG,
,CPR00244,同心大小头,SCH40xSCH40,SS,BW,20,1916T3019,ASME B16.9,RCC-M 3,QA2,"4""x1-1/2""",,个,1.63,KG,
,CPR00245,同心大小头,SCH40SxSCH40S,SS,BW,022Cr19Ni10,1916T3017,ASME B16.9,RCC-M 3,QA2,"4""x1-1/2""",,个,1.35,KG,
,CPR00246,同心大小头,3.58mmxSCH40,SS,BW,20,1916T3025,ASME B16.9,NA,QNCa,"4""x1-1/2""",,个,2.5,KG,
,CPR00247,同心大小头,SCH10SxSCH10S,SS,BW,022Cr17Ni12Mo2,1916T3023,ASME B16.9,NA,QNCa,"4""x1-1/2""",,个,0.68,KG,
,CPR00248,同心大小头,SCH10SxSCH10S,SS,BW,022Cr19Ni10,1916T3023,ASME B16.9,NA,QNCa,"4""x1-1/2""",,个,0.68,KG,
,CPR00249,同心大小头,SCH160xSCH160,SS,BW,022Cr19Ni10,1916T3017,ASME B16.9,RCC-M 1,QA1,"4""x2""",,个,3.7,KG,
,CPR00250,同心大小头,3.58mmx3.18mm,SS,BW,20,1916T3019,ASME B16.9,RCC-M 2,QA1,"4""x2""",,个,,KG,
,CPR00251,同心大小头,SCH10SxSCH10S,SS,BW,022Cr19Ni10,1916T3017,ASME B16.9,RCC-M 2,QA1,"4""x2""",,个,0.78,KG,
,CPR00252,同心大小头,SCH160xSCH160,SS,BW,022Cr19Ni10,1916T3017,ASME B16.9,RCC-M 2,QA1,"4""x2""",,个,3.7,KG,
,CPR00253,同心大小头,SCH160xSCH160,SS,BW,P280GH,1916T3019,ASME B16.9,RCC-M 2,QA1,"4""x2""",,个,3.7,KG,
,CPR00254,同心大小头,SCH40xSCH40,SS,BW,20,1916T3019,ASME B16.9,RCC-M 2,QA1,"4""x2""",,个,1.63,KG,
,CPR00255,同心大小头,SCH40SxSCH40S,SS,BW,022Cr19Ni10,1916T3017,ASME B16.9,RCC-M 2,QA1,"4""x2""",,个,1.6,KG,
,CPR00256,同心大小头,SCH80xSCH80,SS,BW,20,1916T3019,ASME B16.9,RCC-M 2,QA1,"4""x2""",,个,2.27,KG,
,CPR00257,同心大小头,SCH80xSCH80,SS,BW,P280GH,1916T3019,ASME B16.9,RCC-M 2,QA1,"4""x2""",,个,2.27,KG,
,CPR00258,同心大小头,SCH80SxSCH80S,SS,BW,022Cr19Ni10,1916T3017,ASME B16.9,RCC-M 2,QA1,"4""x2""",,个,1.95,KG,
,CPR00259,同心大小头,3.58mmx3.18mm,SS,BW,20,1916T3019,ASME B16.9,RCC-M 3,QA2,"4""x2""",,个,2.4,KG,
,CPR00260,同心大小头,SCH10SxSCH10S,SS,BW,022Cr19Ni10,1916T3017,ASME B16.9,RCC-M 3,QA2,"4""x2""",,个,0.78,KG,
,CPR00261,同心大小头,SCH40xSCH40,SS,BW,20,1916T3019,ASME B16.9,RCC-M 3,QA2,"4""x2""",,个,1.63,KG,
,CPR00262,同心大小头,SCH40SxSCH40S,SS,BW,022Cr19Ni10,1916T3017,ASME B16.9,RCC-M 3,QA2,"4""x2""",,个,1.6,KG,
,CPR00263,同心大小头,3.58mmx3.18mm,SS,BW,20,1916T3025,ASME B16.9,NA,QNCa,"4""x2""",,个,2.5,KG,
,CPR00264,同心大小头,SCH10SxSCH10S,SS,BW,022Cr17Ni12Mo2,1916T3023,ASME B16.9,NA,QNCa,"4""x2""",,个,0.78,KG,
,CPR00265,同心大小头,SCH10SxSCH10S,SS,BW,022Cr19Ni10,1916T3023,ASME B16.9,NA,QNCa,"4""x2""",,个,0.78,KG,
,CPR00266,同心大小头,SCH160xSCH160,SS,BW,022Cr19Ni10,1916T3017,ASME B16.9,RCC-M 1,QA1,"4""x2-1/2""",,个,3.7,KG,
,CPR00267,同心大小头,3.58mmx3.18mm,SS,BW,20,1916T3019,ASME B16.9,RCC-M 2,QA1,"4""x2-1/2""",,个,,KG,
,CPR00268,同心大小头,SCH10SxSCH10S,SS,BW,022Cr19Ni10,1916T3017,ASME B16.9,RCC-M 2,QA1,"4""x2-1/2""",,个,0.83,KG,
,CPR00269,同心大小头,SCH160xSCH160,SS,BW,022Cr19Ni10,1916T3017,ASME B16.9,RCC-M 2,QA1,"4""x2-1/2""",,个,3.7,KG,
,CPR00270,同心大小头,SCH160xSCH160,SS,BW,P280GH,1916T3019,ASME B16.9,RCC-M 2,QA1,"4""x2-1/2""",,个,3.7,KG,
,CPR00271,同心大小头,SCH40xSCH40,SS,BW,20,1916T3019,ASME B16.9,RCC-M 2,QA1,"4""x2-1/2""",,个,1.63,KG,
,CPR00272,同心大小头,SCH40SxSCH40S,SS,BW,022Cr19Ni10,1916T3017,ASME B16.9,RCC-M 2,QA1,"4""x2-1/2""",,个,1.65,KG,
,CPR00273,同心大小头,SCH80xSCH80,SS,BW,20,1916T3019,ASME B16.9,RCC-M 2,QA1,"4""x2-1/2""",,个,2.27,KG,
,CPR00274,同心大小头,SCH80xSCH80,SS,BW,P280GH,1916T3019,ASME B16.9,RCC-M 2,QA1,"4""x2-1/2""",,个,2.27,KG,
,CPR00275,同心大小头,SCH80SxSCH80S,SS,BW,022Cr19Ni10,1916T3017,ASME B16.9,RCC-M 2,QA1,"4""x2-1/2""",,个,2.2,KG,
,CPR00276,同心大小头,3.58mmx3.18mm,SS,BW,20,1916T3019,ASME B16.9,RCC-M 3,QA2,"4""x2-1/2""",,个,2.4,KG,
,CPR00277,同心大小头,SCH10SxSCH10S,SS,BW,022Cr19Ni10,1916T3017,ASME B16.9,RCC-M 3,QA2,"4""x2-1/2""",,个,0.83,KG,
,CPR00278,同心大小头,SCH40xSCH40,SS,BW,20,1916T3019,ASME B16.9,RCC-M 3,QA2,"4""x2-1/2""",,个,1.63,KG,
,CPR00279,同心大小头,SCH40SxSCH40S,SS,BW,022Cr19Ni10,1916T3017,ASME B16.9,RCC-M 3,QA2,"4""x2-1/2""",,个,1.65,KG,
,CPR00280,同心大小头,3.58mmx3.18mm,SS,BW,20,1916T3025,ASME B16.9,NA,QNCa,"4""x2-1/2""",,个,2.5,KG,
,CPR00281,同心大小头,SCH10SxSCH10S,SS,BW,022Cr17Ni12Mo2,1916T3023,ASME B16.9,NA,QNCa,"4""x2-1/2""",,个,0.83,KG,
,CPR00282,同心大小头,SCH10SxSCH10S,SS,BW,022Cr19Ni10,1916T3023,ASME B16.9,NA,QNCa,"4""x2-1/2""",,个,0.83,KG,
,CPR00283,同心大小头,SCH160xSCH160,SS,BW,022Cr19Ni10,1916T3017,ASME B16.9,RCC-M 1,QA1,"4""x3""",,个,3.7,KG,
,CPR00284,同心大小头,3.58mmx3.18mm,SS,BW,20,1916T3019,ASME B16.9,RCC-M 2,QA1,"4""x3""",,个,,KG,
,CPR00285,同心大小头,SCH10SxSCH10S,SS,BW,022Cr19Ni10,1916T3017,ASME B16.9,RCC-M 2,QA1,"4""x3""",,个,0.87,KG,
,CPR00286,同心大小头,SCH160xSCH160,SS,BW,022Cr19Ni10,1916T3017,ASME B16.9,RCC-M 2,QA1,"4""x3""",,个,3.7,KG,
,CPR00287,同心大小头,SCH160xSCH160,SS,BW,P280GH,1916T3019,ASME B16.9,RCC-M 2,QA1,"4""x3""",,个,3.7,KG,
,CPR00288,同心大小头,SCH40xSCH40,SS,BW,20,1916T3019,ASME B16.9,RCC-M 2,QA1,"4""x3""",,个,1.63,KG,
,CPR00289,同心大小头,SCH40SxSCH40S,SS,BW,022Cr19Ni10,1916T3017,ASME B16.9,RCC-M 2,QA1,"4""x3""",,个,1.75,KG,
,CPR00290,同心大小头,SCH80xSCH80,SS,BW,20,1916T3019,ASME B16.9,RCC-M 2,QA1,"4""x3""",,个,2.27,KG,
,CPR00291,同心大小头,SCH80xSCH80,SS,BW,P280GH,1916T3019,ASME B16.9,RCC-M 2,QA1,"4""x3""",,个,2.27,KG,
,CPR00292,同心大小头,SCH80SxSCH80S,SS,BW,022Cr19Ni10,1916T3017,ASME B16.9,RCC-M 2,QA1,"4""x3""",,个,2.3,KG,
,CPR00293,同心大小头,3.58mmx3.18mm,SS,BW,20,1916T3019,ASME B16.9,RCC-M 3,QA2,"4""x3""",,个,2.4,KG,
,CPR00294,同心大小头,SCH10SxSCH10S,SS,BW,022Cr19Ni10,1916T3017,ASME B16.9,RCC-M 3,QA2,"4""x3""",,个,0.87,KG,
,CPR00295,同心大小头,SCH40xSCH40,SS,BW,20,1916T3019,ASME B16.9,RCC-M 3,QA2,"4""x3""",,个,1.63,KG,
,CPR00296,同心大小头,SCH40SxSCH40S,SS,BW,022Cr19Ni10,1916T3017,ASME B16.9,RCC-M 3,QA2,"4""x3""",,个,1.75,KG,
,CPR00297,同心大小头,3.58mmx3.18mm,SS,BW,20,1916T3025,ASME B16.9,NA,QNCa,"4""x3""",,个,2.5,KG,
,CPR00298,同心大小头,SCH10SxSCH10S,SS,BW,022Cr17Ni12Mo2,1916T3023,ASME B16.9,NA,QNCa,"4""x3""",,个,0.87,KG,
,CPR00299,同心大小头,SCH10SxSCH10S,SS,BW,022Cr19Ni10,1916T3023,ASME B16.9,NA,QNCa,"4""x3""",,个,0.87,KG,
,CPR00300,同心大小头,SCH160xSCH160,SS,BW,022Cr19Ni10,1916T3017,ASME B16.9,RCC-M 1,QA1,"4""x3-1/2""",,个,3.7,KG,
,CPR00301,同心大小头,3.58mmx3.58mm,SS,BW,20,1916T3019,ASME B16.9,RCC-M 2,QA1,"4""x3-1/2""",,个,,KG,
,CPR00302,同心大小头,SCH10SxSCH10S,SS,BW,022Cr19Ni10,1916T3017,ASME B16.9,RCC-M 2,QA1,"4""x3-1/2""",,个,0.9,KG,
,CPR00303,同心大小头,SCH160xSCH160,SS,BW,022Cr19Ni10,1916T3017,ASME B16.9,RCC-M 2,QA1,"4""x3-1/2""",,个,3.7,KG,
,CPR00304,同心大小头,SCH160xSCH160,SS,BW,P280GH,1916T3019,ASME B16.9,RCC-M 2,QA1,"4""x3-1/2""",,个,3.7,KG,
,CPR00305,同心大小头,SCH40xSCH40,SS,BW,20,1916T3019,ASME B16.9,RCC-M 2,QA1,"4""x3-1/2""",,个,1.63,KG,
,CPR00306,同心大小头,SCH40SxSCH40S,SS,BW,022Cr19Ni10,1916T3017,ASME B16.9,RCC-M 2,QA1,"4""x3-1/2""",,个,1.8,KG,
,CPR00307,同心大小头,SCH80xSCH80,SS,BW,20,1916T3019,ASME B16.9,RCC-M 2,QA1,"4""x3-1/2""",,个,2.27,KG,
,CPR00308,同心大小头,SCH80xSCH80,SS,BW,P280GH,1916T3019,ASME B16.9,RCC-M 2,QA1,"4""x3-1/2""",,个,2.27,KG,
,CPR00309,同心大小头,SCH80SxSCH80S,SS,BW,022Cr19Ni10,1916T3017,ASME B16.9,RCC-M 2,QA1,"4""x3-1/2""",,个,2.4,KG,
,CPR00310,同心大小头,3.58mmx3.58mm,SS,BW,20,1916T3019,ASME B16.9,RCC-M 3,QA2,"4""x3-1/2""",,个,,KG,
,CPR00311,同心大小头,SCH10SxSCH10S,SS,BW,022Cr19Ni10,1916T3017,ASME B16.9,RCC-M 3,QA2,"4""x3-1/2""",,个,0.9,KG,
,CPR00312,同心大小头,SCH40xSCH40,SS,BW,20,1916T3019,ASME B16.9,RCC-M 3,QA2,"4""x3-1/2""",,个,1.63,KG,
,CPR00313,同心大小头,SCH40SxSCH40S,SS,BW,022Cr19Ni10,1916T3017,ASME B16.9,RCC-M 3,QA2,"4""x3-1/2""",,个,1.8,KG,
,CPR00314,同心大小头,3.58mmx3.58mm,SS,BW,20,1916T3025,ASME B16.9,NA,QNCa,"4""x3-1/2""",,个,,KG,
,CPR00315,同心大小头,SCH10SxSCH10S,SS,BW,022Cr17Ni12Mo2,1916T3023,ASME B16.9,NA,QNCa,"4""x3-1/2""",,个,0.9,KG,
,CPR00316,同心大小头,SCH10SxSCH10S,SS,BW,022Cr19Ni10,1916T3023,ASME B16.9,NA,QNCa,"4""x3-1/2""",,个,0.9,KG,
,CPR00317,同心大小头,SCH160xSCH160,SS,BW,022Cr19Ni10,1916T3017,ASME B16.9,RCC-M 1,QA1,"5""x2""",,个,6.8,KG,
,CPR00318,同心大小头,SCH10SxSCH10S,SS,BW,022Cr19Ni10,1916T3017,ASME B16.9,RCC-M 2,QA1,"5""x2""",,个,1.3,KG,
,CPR00319,同心大小头,SCH160xSCH160,SS,BW,022Cr19Ni10,1916T3017,ASME B16.9,RCC-M 2,QA1,"5""x2""",,个,6.8,KG,
,CPR00320,同心大小头,SCH160xSCH160,SS,BW,P280GH,1916T3019,ASME B16.9,RCC-M 2,QA1,"5""x2""",,个,6.8,KG,
,CPR00321,同心大小头,SCH40xSCH40,SS,BW,20,1916T3019,ASME B16.9,RCC-M 2,QA1,"5""x2""",,个,2.77,KG,
,CPR00322,同心大小头,SCH40SxSCH40S,SS,BW,022Cr19Ni10,1916T3017,ASME B16.9,RCC-M 2,QA1,"5""x2""",,个,2.5,KG,
,CPR00323,同心大小头,SCH80xSCH80,SS,BW,20,1916T3019,ASME B16.9,RCC-M 2,QA1,"5""x2""",,个,3.93,KG,
,CPR00324,同心大小头,SCH80SxSCH80S,SS,BW,022Cr19Ni10,1916T3017,ASME B16.9,RCC-M 2,QA1,"5""x2""",,个,3.3,KG,
,CPR00325,同心大小头,SCH10SxSCH10S,SS,BW,022Cr19Ni10,1916T3017,ASME B16.9,RCC-M 3,QA2,"5""x2""",,个,1.3,KG,
,CPR00326,同心大小头,SCH40xSCH40,SS,BW,20,1916T3019,ASME B16.9,RCC-M 3,QA2,"5""x2""",,个,2.77,KG,
,CPR00327,同心大小头,SCH40SxSCH40S,SS,BW,022Cr19Ni10,1916T3017,ASME B16.9,RCC-M 3,QA2,"5""x2""",,个,2.5,KG,
,CPR00328,同心大小头,SCH10SxSCH10S,SS,BW,022Cr17Ni12Mo2,1916T3023,ASME B16.9,NA,QNCa,"5""x2""",,个,1.3,KG,
,CPR00329,同心大小头,SCH10SxSCH10S,SS,BW,022Cr19Ni10,1916T3023,ASME B16.9,NA,QNCa,"5""x2""",,个,1.3,KG,
,CPR00330,同心大小头,SCH160xSCH160,SS,BW,022Cr19Ni10,1916T3017,ASME B16.9,RCC-M 1,QA1,"5""x2-1/2""",,个,6.8,KG,
,CPR00331,同心大小头,SCH10SxSCH10S,SS,BW,022Cr19Ni10,1916T3017,ASME B16.9,RCC-M 2,QA1,"5""x2-1/2""",,个,1.4,KG,
,CPR00332,同心大小头,SCH160xSCH160,SS,BW,022Cr19Ni10,1916T3017,ASME B16.9,RCC-M 2,QA1,"5""x2-1/2""",,个,6.8,KG,
,CPR00333,同心大小头,SCH160xSCH160,SS,BW,P280GH,1916T3019,ASME B16.9,RCC-M 2,QA1,"5""x2-1/2""",,个,6.8,KG,
,CPR00334,同心大小头,SCH40xSCH40,SS,BW,20,1916T3019,ASME B16.9,RCC-M 2,QA1,"5""x2-1/2""",,个,2.77,KG,
,CPR00335,同心大小头,SCH40SxSCH40S,SS,BW,022Cr19Ni10,1916T3017,ASME B16.9,RCC-M 2,QA1,"5""x2-1/2""",,个,2.7,KG,
,CPR00336,同心大小头,SCH80xSCH80,SS,BW,20,1916T3019,ASME B16.9,RCC-M 2,QA1,"5""x2-1/2""",,个,3.93,KG,
,CPR00337,同心大小头,SCH80SxSCH80S,SS,BW,022Cr19Ni10,1916T3017,ASME B16.9,RCC-M 2,QA1,"5""x2-1/2""",,个,3.6,KG,
,CPR00338,同心大小头,SCH10SxSCH10S,SS,BW,022Cr19Ni10,1916T3017,ASME B16.9,RCC-M 3,QA2,"5""x2-1/2""",,个,1.4,KG,
,CPR00339,同心大小头,SCH40xSCH40,SS,BW,20,1916T3019,ASME B16.9,RCC-M 3,QA2,"5""x2-1/2""",,个,2.77,KG,
,CPR00340,同心大小头,SCH40SxSCH40S,SS,BW,022Cr19Ni10,1916T3017,ASME B16.9,RCC-M 3,QA2,"5""x2-1/2""",,个,2.7,KG,
,CPR00341,同心大小头,SCH10SxSCH10S,SS,BW,022Cr17Ni12Mo2,1916T3023,ASME B16.9,NA,QNCa,"5""x2-1/2""",,个,1.4,KG,
,CPR00342,同心大小头,SCH10SxSCH10S,SS,BW,022Cr19Ni10,1916T3023,ASME B16.9,NA,QNCa,"5""x2-1/2""",,个,1.4,KG,
,CPR00343,同心大小头,SCH160xSCH160,SS,BW,022Cr19Ni10,1916T3017,ASME B16.9,RCC-M 1,QA1,"5""x3""",,个,6.8,KG,
,CPR00344,同心大小头,SCH10SxSCH10S,SS,BW,022Cr19Ni10,1916T3017,ASME B16.9,RCC-M 2,QA1,"5""x3""",,个,1.45,KG,
,CPR00345,同心大小头,SCH160xSCH160,SS,BW,022Cr19Ni10,1916T3017,ASME B16.9,RCC-M 2,QA1,"5""x3""",,个,6.8,KG,
,CPR00346,同心大小头,SCH160xSCH160,SS,BW,P280GH,1916T3019,ASME B16.9,RCC-M 2,QA1,"5""x3""",,个,6.8,KG,
,CPR00347,同心大小头,SCH40xSCH40,SS,BW,20,1916T3019,ASME B16.9,RCC-M 2,QA1,"5""x3""",,个,2.77,KG,
,CPR00348,同心大小头,SCH40SxSCH40S,SS,BW,022Cr19Ni10,1916T3017,ASME B16.9,RCC-M 2,QA1,"5""x3""",,个,2.8,KG,
,CPR00349,同心大小头,SCH80xSCH80,SS,BW,20,1916T3019,ASME B16.9,RCC-M 2,QA1,"5""x3""",,个,3.93,KG,
,CPR00350,同心大小头,SCH80SxSCH80S,SS,BW,022Cr19Ni10,1916T3017,ASME B16.9,RCC-M 2,QA1,"5""x3""",,个,3.9,KG,
,CPR00351,同心大小头,SCH10SxSCH10S,SS,BW,022Cr19Ni10,1916T3017,ASME B16.9,RCC-M 3,QA2,"5""x3""",,个,1.45,KG,
,CPR00352,同心大小头,SCH40xSCH40,SS,BW,20,1916T3019,ASME B16.9,RCC-M 3,QA2,"5""x3""",,个,2.77,KG,
,CPR00353,同心大小头,SCH40SxSCH40S,SS,BW,022Cr19Ni10,1916T3017,ASME B16.9,RCC-M 3,QA2,"5""x3""",,个,2.8,KG,
,CPR00354,同心大小头,SCH10SxSCH10S,SS,BW,022Cr17Ni12Mo2,1916T3023,ASME B16.9,NA,QNCa,"5""x3""",,个,1.45,KG,
,CPR00355,同心大小头,SCH10SxSCH10S,SS,BW,022Cr19Ni10,1916T3023,ASME B16.9,NA,QNCa,"5""x3""",,个,1.45,KG,
,CPR00356,同心大小头,SCH160xSCH160,SS,BW,022Cr19Ni10,1916T3017,ASME B16.9,RCC-M 1,QA1,"5""x3-1/2""",,个,,KG,
,CPR00357,同心大小头,SCH10SxSCH10S,SS,BW,022Cr19Ni10,1916T3017,ASME B16.9,RCC-M 2,QA1,"5""x3-1/2""",,个,1.48,KG,
,CPR00358,同心大小头,SCH160xSCH160,SS,BW,022Cr19Ni10,1916T3017,ASME B16.9,RCC-M 2,QA1,"5""x3-1/2""",,个,,KG,
,CPR00359,同心大小头,SCH160xSCH160,SS,BW,P280GH,1916T3019,ASME B16.9,RCC-M 2,QA1,"5""x3-1/2""",,个,,KG,
,CPR00360,同心大小头,SCH40xSCH40,SS,BW,20,1916T3019,ASME B16.9,RCC-M 2,QA1,"5""x3-1/2""",,个,2.8,KG,
,CPR00361,同心大小头,SCH40SxSCH40S,SS,BW,022Cr19Ni10,1916T3017,ASME B16.9,RCC-M 2,QA1,"5""x3-1/2""",,个,2.9,KG,
,CPR00362,同心大小头,SCH80xSCH80,SS,BW,20,1916T3019,ASME B16.9,RCC-M 2,QA1,"5""x3-1/2""",,个,3.93,KG,
,CPR00363,同心大小头,SCH80SxSCH80S,SS,BW,022Cr19Ni10,1916T3017,ASME B16.9,RCC-M 2,QA1,"5""x3-1/2""",,个,4,KG,
,CPR00364,同心大小头,SCH10SxSCH10S,SS,BW,022Cr19Ni10,1916T3017,ASME B16.9,RCC-M 3,QA2,"5""x3-1/2""",,个,1.48,KG,
,CPR00365,同心大小头,SCH40xSCH40,SS,BW,20,1916T3019,ASME B16.9,RCC-M 3,QA2,"5""x3-1/2""",,个,2.8,KG,
,CPR00366,同心大小头,SCH40SxSCH40S,SS,BW,022Cr19Ni10,1916T3017,ASME B16.9,RCC-M 3,QA2,"5""x3-1/2""",,个,2.9,KG,
,CPR00367,同心大小头,SCH10SxSCH10S,SS,BW,022Cr17Ni12Mo2,1916T3023,ASME B16.9,NA,QNCa,"5""x3-1/2""",,个,1.48,KG,
,CPR00368,同心大小头,SCH10SxSCH10S,SS,BW,022Cr19Ni10,1916T3023,ASME B16.9,NA,QNCa,"5""x3-1/2""",,个,1.48,KG,
,CPR00369,同心大小头,SCH160xSCH160,SS,BW,022Cr19Ni10,1916T3017,ASME B16.9,RCC-M 1,QA1,"5""x4""",,个,6.8,KG,
,CPR00370,同心大小头,SCH10SxSCH10S,SS,BW,022Cr19Ni10,1916T3017,ASME B16.9,RCC-M 2,QA1,"5""x4""",,个,1.5,KG,
,CPR00371,同心大小头,SCH160xSCH160,SS,BW,022Cr19Ni10,1916T3017,ASME B16.9,RCC-M 2,QA1,"5""x4""",,个,6.8,KG,
,CPR00372,同心大小头,SCH160xSCH160,SS,BW,P280GH,1916T3019,ASME B16.9,RCC-M 2,QA1,"5""x4""",,个,6.8,KG,
,CPR00373,同心大小头,SCH40xSCH40,SS,BW,20,1916T3019,ASME B16.9,RCC-M 2,QA1,"5""x4""",,个,2.77,KG,
,CPR00374,同心大小头,SCH40SxSCH40S,SS,BW,022Cr19Ni10,1916T3017,ASME B16.9,RCC-M 2,QA1,"5""x4""",,个,3,KG,
,CPR00375,同心大小头,SCH80xSCH80,SS,BW,20,1916T3019,ASME B16.9,RCC-M 2,QA1,"5""x4""",,个,3.93,KG,
,CPR00376,同心大小头,SCH80SxSCH80S,SS,BW,022Cr19Ni10,1916T3017,ASME B16.9,RCC-M 2,QA1,"5""x4""",,个,4.1,KG,
,CPR00377,同心大小头,SCH10SxSCH10S,SS,BW,022Cr19Ni10,1916T3017,ASME B16.9,RCC-M 3,QA2,"5""x4""",,个,1.5,KG,
,CPR00378,同心大小头,SCH40xSCH40,SS,BW,20,1916T3019,ASME B16.9,RCC-M 3,QA2,"5""x4""",,个,2.77,KG,
,CPR00379,同心大小头,SCH40SxSCH40S,SS,BW,022Cr19Ni10,1916T3017,ASME B16.9,RCC-M 3,QA2,"5""x4""",,个,3,KG,
,CPR00380,同心大小头,SCH10SxSCH10S,SS,BW,022Cr17Ni12Mo2,1916T3023,ASME B16.9,NA,QNCa,"5""x4""",,个,1.5,KG,
,CPR00381,同心大小头,SCH10SxSCH10S,SS,BW,022Cr19Ni10,1916T3023,ASME B16.9,NA,QNCa,"5""x4""",,个,1.5,KG,
,CPR00382,同心大小头,SCH160xSCH160,SS,BW,022Cr19Ni10,1916T3017,ASME B16.9,RCC-M 1,QA1,"6""x2""",,个,,KG,
,CPR00383,同心大小头,4.37mmx3.18mm,SS,BW,20,1916T3019,ASME B16.9,RCC-M 2,QA1,"6""x2""",,个,,KG,
,CPR00384,同心大小头,SCH10SxSCH10S,SS,BW,022Cr19Ni10,1916T3017,ASME B16.9,RCC-M 2,QA1,"6""x2""",,个,,KG,
,CPR00385,同心大小头,SCH120xSCH80,SS,BW,P280GH,1916T3019,ASME B16.9,RCC-M 2,QA1,"6""x2""",,个,,KG,
,CPR00386,同心大小头,SCH160xSCH160,SS,BW,022Cr19Ni10,1916T3017,ASME B16.9,RCC-M 2,QA1,"6""x2""",,个,,KG,
,CPR00387,同心大小头,SCH160xSCH160,SS,BW,P280GH,1916T3019,ASME B16.9,RCC-M 2,QA1,"6""x2""",,个,,KG,
,CPR00388,同心大小头,SCH40xSCH40,SS,BW,20,1916T3019,ASME B16.9,RCC-M 2,QA1,"6""x2""",,个,,KG,
,CPR00389,同心大小头,SCH40SxSCH40S,SS,BW,022Cr19Ni10,1916T3017,ASME B16.9,RCC-M 2,QA1,"6""x2""",,个,,KG,
,CPR00390,同心大小头,SCH80xSCH80,SS,BW,20,1916T3019,ASME B16.9,RCC-M 2,QA1,"6""x2""",,个,,KG,
,CPR00391,同心大小头,SCH80SxSCH80S,SS,BW,022Cr19Ni10,1916T3017,ASME B16.9,RCC-M 2,QA1,"6""x2""",,个,,KG,
,CPR00392,同心大小头,4.37mmx3.18mm,SS,BW,20,1916T3019,ASME B16.9,RCC-M 3,QA2,"6""x2""",,个,,KG,
,CPR00393,同心大小头,SCH10SxSCH10S,SS,BW,022Cr19Ni10,1916T3017,ASME B16.9,RCC-M 3,QA2,"6""x2""",,个,,KG,
,CPR00394,同心大小头,SCH40xSCH40,SS,BW,20,1916T3019,ASME B16.9,RCC-M 3,QA2,"6""x2""",,个,,KG,
,CPR00395,同心大小头,SCH40SxSCH40S,SS,BW,022Cr19Ni10,1916T3017,ASME B16.9,RCC-M 3,QA2,"6""x2""",,个,,KG,
,CPR00396,同心大小头,4.37mmx3.18mm,SS,BW,20,1916T3025,ASME B16.9,NA,QNCa,"6""x2""",,个,,KG,
,CPR00397,同心大小头,SCH10SxSCH10S,SS,BW,022Cr17Ni12Mo2,1916T3023,ASME B16.9,NA,QNCa,"6""x2""",,个,,KG,
,CPR00398,同心大小头,SCH10SxSCH10S,SS,BW,022Cr19Ni10,1916T3023,ASME B16.9,NA,QNCa,"6""x2""",,个,,KG,
,CPR00399,同心大小头,SCH160xSCH160,SS,BW,022Cr19Ni10,1916T3017,ASME B16.9,RCC-M 1,QA1,"6""x2-1/2""",,个,10.4,KG,
,CPR00400,同心大小头,4.37mmx3.18mm,SS,BW,20,1916T3019,ASME B16.9,RCC-M 2,QA1,"6""x2-1/2""",,个,,KG,
,CPR00401,同心大小头,SCH10SxSCH10S,SS,BW,022Cr19Ni10,1916T3017,ASME B16.9,RCC-M 2,QA1,"6""x2-1/2""",,个,1.55,KG,
,CPR00402,同心大小头,SCH120xSCH80,SS,BW,P280GH,1916T3019,ASME B16.9,RCC-M 2,QA1,"6""x2-1/2""",,个,8.4,KG,
,CPR00403,同心大小头,SCH160xSCH160,SS,BW,022Cr19Ni10,1916T3017,ASME B16.9,RCC-M 2,QA1,"6""x2-1/2""",,个,10.4,KG,
,CPR00404,同心大小头,SCH160xSCH160,SS,BW,P280GH,1916T3019,ASME B16.9,RCC-M 2,QA1,"6""x2-1/2""",,个,10.4,KG,
,CPR00405,同心大小头,SCH40xSCH40,SS,BW,20,1916T3019,ASME B16.9,RCC-M 2,QA1,"6""x2-1/2""",,个,3.96,KG,
,CPR00406,同心大小头,SCH40SxSCH40S,SS,BW,022Cr19Ni10,1916T3017,ASME B16.9,RCC-M 2,QA1,"6""x2-1/2""",,个,3.8,KG,
,CPR00407,同心大小头,SCH80xSCH80,SS,BW,20,1916T3019,ASME B16.9,RCC-M 2,QA1,"6""x2-1/2""",,个,5.95,KG,
,CPR00408,同心大小头,SCH80SxSCH80S,SS,BW,022Cr19Ni10,1916T3017,ASME B16.9,RCC-M 2,QA1,"6""x2-1/2""",,个,4.9,KG,
,CPR00409,同心大小头,4.37mmx3.18mm,SS,BW,20,1916T3019,ASME B16.9,RCC-M 3,QA2,"6""x2-1/2""",,个,4.5,KG,
,CPR00410,同心大小头,SCH10SxSCH10S,SS,BW,022Cr19Ni10,1916T3017,ASME B16.9,RCC-M 3,QA2,"6""x2-1/2""",,个,1.55,KG,
,CPR00411,同心大小头,SCH40xSCH40,SS,BW,20,1916T3019,ASME B16.9,RCC-M 3,QA2,"6""x2-1/2""",,个,3.96,KG,
,CPR00412,同心大小头,SCH40SxSCH40S,SS,BW,022Cr19Ni10,1916T3017,ASME B16.9,RCC-M 3,QA2,"6""x2-1/2""",,个,3.8,KG,
,CPR00413,同心大小头,4.37mmx3.18mm,SS,BW,20,1916T3025,ASME B16.9,NA,QNCa,"6""x2-1/2""",,个,,KG,
,CPR00414,同心大小头,SCH10SxSCH10S,SS,BW,022Cr17Ni12Mo2,1916T3023,ASME B16.9,NA,QNCa,"6""x2-1/2""",,个,1.55,KG,
,CPR00415,同心大小头,SCH10SxSCH10S,SS,BW,022Cr19Ni10,1916T3023,ASME B16.9,NA,QNCa,"6""x2-1/2""",,个,1.55,KG,
,CPR00416,同心大小头,SCH160xSCH160,SS,BW,022Cr19Ni10,1916T3017,ASME B16.9,RCC-M 1,QA1,"6""x3""",,个,10.4,KG,
,CPR00417,同心大小头,4.37mmx3.18mm,SS,BW,20,1916T3019,ASME B16.9,RCC-M 2,QA1,"6""x3""",,个,,KG,
,CPR00418,同心大小头,SCH10SxSCH10S,SS,BW,022Cr19Ni10,1916T3017,ASME B16.9,RCC-M 2,QA1,"6""x3""",,个,1.8,KG,
,CPR00419,同心大小头,SCH120xSCH80,SS,BW,P280GH,1916T3019,ASME B16.9,RCC-M 2,QA1,"6""x3""",,个,8.4,KG,
,CPR00420,同心大小头,SCH160xSCH160,SS,BW,022Cr19Ni10,1916T3017,ASME B16.9,RCC-M 2,QA1,"6""x3""",,个,10.4,KG,
,CPR00421,同心大小头,SCH160xSCH160,SS,BW,P280GH,1916T3019,ASME B16.9,RCC-M 2,QA1,"6""x3""",,个,10.4,KG,
,CPR00422,同心大小头,SCH40xSCH40,SS,BW,20,1916T3019,ASME B16.9,RCC-M 2,QA1,"6""x3""",,个,3.96,KG,
,CPR00423,同心大小头,SCH40SxSCH40S,SS,BW,022Cr19Ni10,1916T3017,ASME B16.9,RCC-M 2,QA1,"6""x3""",,个,4,KG,
,CPR00424,同心大小头,SCH80xSCH80,SS,BW,20,1916T3019,ASME B16.9,RCC-M 2,QA1,"6""x3""",,个,5.95,KG,
,CPR00425,同心大小头,SCH80SxSCH80S,SS,BW,022Cr19Ni10,1916T3017,ASME B16.9,RCC-M 2,QA1,"6""x3""",,个,5.5,KG,
,CPR00426,同心大小头,4.37mmx3.18mm,SS,BW,20,1916T3019,ASME B16.9,RCC-M 3,QA2,"6""x3""",,个,4.5,KG,
,CPR00427,同心大小头,SCH10SxSCH10S,SS,BW,022Cr19Ni10,1916T3017,ASME B16.9,RCC-M 3,QA2,"6""x3""",,个,1.8,KG,
,CPR00428,同心大小头,SCH40xSCH40,SS,BW,20,1916T3019,ASME B16.9,RCC-M 3,QA2,"6""x3""",,个,3.96,KG,
,CPR00429,同心大小头,SCH40SxSCH40S,SS,BW,022Cr19Ni10,1916T3017,ASME B16.9,RCC-M 3,QA2,"6""x3""",,个,4,KG,
,CPR00430,同心大小头,4.37mmx3.18mm,SS,BW,20,1916T3025,ASME B16.9,NA,QNCa,"6""x3""",,个,3.9,KG,
,CPR00431,同心大小头,SCH10SxSCH10S,SS,BW,022Cr17Ni12Mo2,1916T3023,ASME B16.9,NA,QNCa,"6""x3""",,个,1.8,KG,
,CPR00432,同心大小头,SCH10SxSCH10S,SS,BW,022Cr19Ni10,1916T3023,ASME B16.9,NA,QNCa,"6""x3""",,个,1.8,KG,
,CPR00433,同心大小头,SCH160xSCH160,SS,BW,022Cr19Ni10,1916T3017,ASME B16.9,RCC-M 1,QA1,"6""x3-1/2""",,个,10.4,KG,
,CPR00434,同心大小头,4.37mmx3.58mm,SS,BW,20,1916T3019,ASME B16.9,RCC-M 2,QA1,"6""x3-1/2""",,个,,KG,
,CPR00435,同心大小头,SCH10SxSCH10S,SS,BW,022Cr19Ni10,1916T3017,ASME B16.9,RCC-M 2,QA1,"6""x3-1/2""",,个,1.9,KG,
,CPR00436,同心大小头,SCH120xSCH80,SS,BW,P280GH,1916T3019,ASME B16.9,RCC-M 2,QA1,"6""x3-1/2""",,个,8.4,KG,
,CPR00437,同心大小头,SCH160xSCH160,SS,BW,022Cr19Ni10,1916T3017,ASME B16.9,RCC-M 2,QA1,"6""x3-1/2""",,个,10.4,KG,
,CPR00438,同心大小头,SCH160xSCH160,SS,BW,P280GH,1916T3019,ASME B16.9,RCC-M 2,QA1,"6""x3-1/2""",,个,10.4,KG,
,CPR00439,同心大小头,SCH40xSCH40,SS,BW,20,1916T3019,ASME B16.9,RCC-M 2,QA1,"6""x3-1/2""",,个,3.96,KG,
,CPR00440,同心大小头,SCH40SxSCH40S,SS,BW,022Cr19Ni10,1916T3017,ASME B16.9,RCC-M 2,QA1,"6""x3-1/2""",,个,4.05,KG,
,CPR00441,同心大小头,SCH80xSCH80,SS,BW,20,1916T3019,ASME B16.9,RCC-M 2,QA1,"6""x3-1/2""",,个,5.95,KG,
,CPR00442,同心大小头,SCH80SxSCH80S,SS,BW,022Cr19Ni10,1916T3017,ASME B16.9,RCC-M 2,QA1,"6""x3-1/2""",,个,5.75,KG,
,CPR00443,同心大小头,4.37mmx3.58mm,SS,BW,20,1916T3019,ASME B16.9,RCC-M 3,QA2,"6""x3-1/2""",,个,,KG,
,CPR00444,同心大小头,SCH10SxSCH10S,SS,BW,022Cr19Ni10,1916T3017,ASME B16.9,RCC-M 3,QA2,"6""x3-1/2""",,个,1.9,KG,
,CPR00445,同心大小头,SCH40xSCH40,SS,BW,20,1916T3019,ASME B16.9,RCC-M 3,QA2,"6""x3-1/2""",,个,3.96,KG,
,CPR00446,同心大小头,SCH40SxSCH40S,SS,BW,022Cr19Ni10,1916T3017,ASME B16.9,RCC-M 3,QA2,"6""x3-1/2""",,个,4.05,KG,
,CPR00447,同心大小头,4.37mmx3.58mm,SS,BW,20,1916T3025,ASME B16.9,NA,QNCa,"6""x3-1/2""",,个,,KG,
,CPR00448,同心大小头,SCH10SxSCH10S,SS,BW,022Cr17Ni12Mo2,1916T3023,ASME B16.9,NA,QNCa,"6""x3-1/2""",,个,1.9,KG,
,CPR00449,同心大小头,SCH10SxSCH10S,SS,BW,022Cr19Ni10,1916T3023,ASME B16.9,NA,QNCa,"6""x3-1/2""",,个,1.9,KG,
,CPR00450,同心大小头,SCH160xSCH160,SS,BW,022Cr19Ni10,1916T3017,ASME B16.9,RCC-M 1,QA1,"6""x4""",,个,10.4,KG,
,CPR00451,同心大小头,4.37mmx3.58mm,SS,BW,20,1916T3019,ASME B16.9,RCC-M 2,QA1,"6""x4""",,个,,KG,
,CPR00452,同心大小头,SCH10SxSCH10S,SS,BW,022Cr19Ni10,1916T3017,ASME B16.9,RCC-M 2,QA1,"6""x4""",,个,1.95,KG,
,CPR00453,同心大小头,SCH120xSCH80,SS,BW,P280GH,1916T3019,ASME B16.9,RCC-M 2,QA1,"6""x4""",,个,8.4,KG,
,CPR00454,同心大小头,SCH160xSCH160,SS,BW,022Cr19Ni10,1916T3017,ASME B16.9,RCC-M 2,QA1,"6""x4""",,个,10.4,KG,
,CPR00455,同心大小头,SCH160xSCH160,SS,BW,P280GH,1916T3019,ASME B16.9,RCC-M 2,QA1,"6""x4""",,个,10.4,KG,
,CPR00456,同心大小头,SCH40xSCH40,SS,BW,20,1916T3019,ASME B16.9,RCC-M 2,QA1,"6""x4""",,个,3.96,KG,
,CPR00457,同心大小头,SCH40SxSCH40S,SS,BW,022Cr19Ni10,1916T3017,ASME B16.9,RCC-M 2,QA1,"6""x4""",,个,4.1,KG,
,CPR00458,同心大小头,SCH80xSCH80,SS,BW,20,1916T3019,ASME B16.9,RCC-M 2,QA1,"6""x4""",,个,5.95,KG,
,CPR00459,同心大小头,SCH80SxSCH80S,SS,BW,022Cr19Ni10,1916T3017,ASME B16.9,RCC-M 2,QA1,"6""x4""",,个,5.95,KG,
,CPR00460,同心大小头,4.37mmx3.58mm,SS,BW,20,1916T3019,ASME B16.9,RCC-M 3,QA2,"6""x4""",,个,4.5,KG,
,CPR00461,同心大小头,SCH10SxSCH10S,SS,BW,022Cr19Ni10,1916T3017,ASME B16.9,RCC-M 3,QA2,"6""x4""",,个,1.95,KG,
,CPR00462,同心大小头,SCH40xSCH40,SS,BW,20,1916T3019,ASME B16.9,RCC-M 3,QA2,"6""x4""",,个,3.96,KG,
,CPR00463,同心大小头,SCH40SxSCH40S,SS,BW,022Cr19Ni10,1916T3017,ASME B16.9,RCC-M 3,QA2,"6""x4""",,个,4.1,KG,
,CPR00464,同心大小头,4.37mmx3.58mm,SS,BW,20,1916T3025,ASME B16.9,NA,QNCa,"6""x4""",,个,3.9,KG,
,CPR00465,同心大小头,SCH10SxSCH10S,SS,BW,022Cr17Ni12Mo2,1916T3023,ASME B16.9,NA,QNCa,"6""x4""",,个,1.95,KG,
,CPR00466,同心大小头,SCH10SxSCH10S,SS,BW,022Cr19Ni10,1916T3023,ASME B16.9,NA,QNCa,"6""x4""",,个,2,KG,
,CPR00467,同心大小头,SCH160xSCH160,SS,BW,022Cr19Ni10,1916T3017,ASME B16.9,RCC-M 1,QA1,"6""x5""",,个,10.4,KG,
,CPR00468,同心大小头,4.37mmx4.37mm,SS,BW,20,1916T3019,ASME B16.9,RCC-M 2,QA1,"6""x5""",,个,,KG,
,CPR00469,同心大小头,SCH10SxSCH10S,SS,BW,022Cr19Ni10,1916T3017,ASME B16.9,RCC-M 2,QA1,"6""x5""",,个,2,KG,
,CPR00470,同心大小头,SCH120xSCH120,SS,BW,P280GH,1916T3019,ASME B16.9,RCC-M 2,QA1,"6""x5""",,个,8.4,KG,
,CPR00471,同心大小头,SCH160xSCH160,SS,BW,022Cr19Ni10,1916T3017,ASME B16.9,RCC-M 2,QA1,"6""x5""",,个,10.4,KG,
,CPR00472,同心大小头,SCH160xSCH160,SS,BW,P280GH,1916T3019,ASME B16.9,RCC-M 2,QA1,"6""x5""",,个,10.4,KG,
,CPR00473,同心大小头,SCH40xSCH40,SS,BW,20,1916T3019,ASME B16.9,RCC-M 2,QA1,"6""x5""",,个,3.96,KG,
,CPR00474,同心大小头,SCH40SxSCH40S,SS,BW,022Cr19Ni10,1916T3017,ASME B16.9,RCC-M 2,QA1,"6""x5""",,个,4.3,KG,
,CPR00475,同心大小头,SCH80xSCH80,SS,BW,20,1916T3019,ASME B16.9,RCC-M 2,QA1,"6""x5""",,个,5.95,KG,
,CPR00476,同心大小头,SCH80SxSCH80S,SS,BW,022Cr19Ni10,1916T3017,ASME B16.9,RCC-M 2,QA1,"6""x5""",,个,6.2,KG,
,CPR00477,同心大小头,4.37mmx4.37mm,SS,BW,20,1916T3019,ASME B16.9,RCC-M 3,QA2,"6""x5""",,个,,KG,
,CPR00478,同心大小头,SCH10SxSCH10S,SS,BW,022Cr19Ni10,1916T3017,ASME B16.9,RCC-M 3,QA2,"6""x5""",,个,2,KG,
,CPR00479,同心大小头,SCH40xSCH40,SS,BW,20,1916T3019,ASME B16.9,RCC-M 3,QA2,"6""x5""",,个,3.96,KG,
,CPR00480,同心大小头,SCH40SxSCH40S,SS,BW,022Cr19Ni10,1916T3017,ASME B16.9,RCC-M 3,QA2,"6""x5""",,个,4.3,KG,
,CPR00481,同心大小头,4.37mmx3.96mm,SS,BW,20,1916T3025,ASME B16.9,NA,QNCa,"6""x5""",,个,,KG,
,CPR00482,同心大小头,SCH10SxSCH10S,SS,BW,022Cr17Ni12Mo2,1916T3023,ASME B16.9,NA,QNCa,"6""x5""",,个,2,KG,
,CPR00483,同心大小头,SCH10SxSCH10S,SS,BW,022Cr19Ni10,1916T3023,ASME B16.9,NA,QNCa,"6""x5""",,个,2,KG,
,CPR00484,同心大小头,SCH160xSCH160,SS,BW,022Cr19Ni10,1916T3017,ASME B16.9,RCC-M 1,QA1,"8""x3-1/2""",,个,18.9,KG,
,CPR00485,同心大小头,SCH10SxSCH10S,SS,BW,022Cr19Ni10,1916T3017,ASME B16.9,RCC-M 2,QA1,"8""x3-1/2""",,个,2.95,KG,
,CPR00486,同心大小头,SCH120xSCH80,SS,BW,P280GH,1916T3019,ASME B16.9,RCC-M 2,QA1,"8""x3-1/2""",,个,15.3,KG,
,CPR00487,同心大小头,SCH160xSCH160,SS,BW,022Cr19Ni10,1916T3017,ASME B16.9,RCC-M 2,QA1,"8""x3-1/2""",,个,18.9,KG,
,CPR00488,同心大小头,SCH160xSCH160,SS,BW,P280GH,1916T3019,ASME B16.9,RCC-M 2,QA1,"8""x3-1/2""",,个,18.9,KG,
,CPR00489,同心大小头,SCH20x3.58mm,SS,BW,20,1916T3019,ASME B16.9,RCC-M 2,QA1,"8""x3-1/2""",,个,,KG,
,CPR00490,同心大小头,SCH40xSCH40,SS,BW,20,1916T3019,ASME B16.9,RCC-M 2,QA1,"8""x3-1/2""",,个,6.31,KG,
,CPR00491,同心大小头,SCH40SxSCH40S,SS,BW,022Cr19Ni10,1916T3017,ASME B16.9,RCC-M 2,QA1,"8""x3-1/2""",,个,6.4,KG,
,CPR00492,同心大小头,SCH80xSCH80,SS,BW,20,1916T3019,ASME B16.9,RCC-M 2,QA1,"8""x3-1/2""",,个,9.26,KG,
,CPR00493,同心大小头,SCH80SxSCH80S,SS,BW,022Cr19Ni10,1916T3017,ASME B16.9,RCC-M 2,QA1,"8""x3-1/2""",,个,8,KG,
,CPR00494,同心大小头,SCH10SxSCH10S,SS,BW,022Cr19Ni10,1916T3017,ASME B16.9,RCC-M 3,QA2,"8""x3-1/2""",,个,2.95,KG,
,CPR00495,同心大小头,SCH20x3.58mm,SS,BW,20,1916T3019,ASME B16.9,RCC-M 3,QA2,"8""x3-1/2""",,个,,KG,
,CPR00496,同心大小头,SCH40xSCH40,SS,BW,20,1916T3019,ASME B16.9,RCC-M 3,QA2,"8""x3-1/2""",,个,6.31,KG,
,CPR00497,同心大小头,SCH40SxSCH40S,SS,BW,022Cr19Ni10,1916T3017,ASME B16.9,RCC-M 3,QA2,"8""x3-1/2""",,个,6.4,KG,
,CPR00498,同心大小头,SCH10SxSCH10S,SS,BW,022Cr17Ni12Mo2,1916T3023,ASME B16.9,NA,QNCa,"8""x3-1/2""",,个,2.95,KG,
,CPR00499,同心大小头,SCH10SxSCH10S,SS,BW,022Cr19Ni10,1916T3023,ASME B16.9,NA,QNCa,"8""x3-1/2""",,个,2.95,KG,
,CPR00500,同心大小头,SCH20x3.58mm,SS,BW,20,1916T3025,ASME B16.9,NA,QNCa,"8""x3-1/2""",,个,,KG,
,CPR00501,同心大小头,SCH160xSCH160,SS,BW,022Cr19Ni10,1916T3017,ASME B16.9,RCC-M 1,QA1,"8""x4""",,个,18.9,KG,
,CPR00502,同心大小头,SCH10SxSCH10S,SS,BW,022Cr19Ni10,1916T3017,ASME B16.9,RCC-M 2,QA1,"8""x4""",,个,3,KG,
,CPR00503,同心大小头,SCH120xSCH80,SS,BW,P280GH,1916T3019,ASME B16.9,RCC-M 2,QA1,"8""x4""",,个,15.3,KG,
,CPR00504,同心大小头,SCH160xSCH160,SS,BW,022Cr19Ni10,1916T3017,ASME B16.9,RCC-M 2,QA1,"8""x4""",,个,18.9,KG,
,CPR00505,同心大小头,SCH160xSCH160,SS,BW,P280GH,1916T3019,ASME B16.9,RCC-M 2,QA1,"8""x4""",,个,18.9,KG,
,CPR00506,同心大小头,SCH20x3.58mm,SS,BW,20,1916T3019,ASME B16.9,RCC-M 2,QA1,"8""x4""",,个,,KG,
,CPR00507,同心大小头,SCH40xSCH40,SS,BW,20,1916T3019,ASME B16.9,RCC-M 2,QA1,"8""x4""",,个,6.31,KG,
,CPR00508,同心大小头,SCH40SxSCH40S,SS,BW,022Cr19Ni10,1916T3017,ASME B16.9,RCC-M 2,QA1,"8""x4""",,个,3.2,KG,
,CPR00509,同心大小头,SCH80xSCH80,SS,BW,20,1916T3019,ASME B16.9,RCC-M 2,QA1,"8""x4""",,个,9.26,KG,
,CPR00510,同心大小头,SCH80SxSCH80S,SS,BW,022Cr19Ni10,1916T3017,ASME B16.9,RCC-M 2,QA1,"8""x4""",,个,9.2,KG,
,CPR00511,同心大小头,SCH10SxSCH10S,SS,BW,022Cr19Ni10,1916T3017,ASME B16.9,RCC-M 3,QA2,"8""x4""",,个,3,KG,
,CPR00512,同心大小头,SCH20x3.58mm,SS,BW,20,1916T3019,ASME B16.9,RCC-M 3,QA2,"8""x4""",,个,7.7,KG,
,CPR00513,同心大小头,SCH40xSCH40,SS,BW,20,1916T3019,ASME B16.9,RCC-M 3,QA2,"8""x4""",,个,6.31,KG,
,CPR00514,同心大小头,SCH40SxSCH40S,SS,BW,022Cr19Ni10,1916T3017,ASME B16.9,RCC-M 3,QA2,"8""x4""",,个,6.5,KG,
,CPR00515,同心大小头,SCH10SxSCH10S,SS,BW,022Cr17Ni12Mo2,1916T3023,ASME B16.9,NA,QNCa,"8""x4""",,个,3,KG,
,CPR00516,同心大小头,SCH10SxSCH10S,SS,BW,022Cr19Ni10,1916T3023,ASME B16.9,NA,QNCa,"8""x4""",,个,3,KG,
,CPR00517,同心大小头,SCH20x3.58mm,SS,BW,20,1916T3025,ASME B16.9,NA,QNCa,"8""x4""",,个,6.5,KG,
,CPR00518,同心大小头,SCH160xSCH160,SS,BW,022Cr19Ni10,1916T3017,ASME B16.9,RCC-M 1,QA1,"8""x5""",,个,18.9,KG,
,CPR00519,同心大小头,SCH10SxSCH10S,SS,BW,022Cr19Ni10,1916T3017,ASME B16.9,RCC-M 2,QA1,"8""x5""",,个,3.1,KG,
,CPR00520,同心大小头,SCH120xSCH120,SS,BW,P280GH,1916T3019,ASME B16.9,RCC-M 2,QA1,"8""x5""",,个,15.3,KG,
,CPR00521,同心大小头,SCH160xSCH160,SS,BW,022Cr19Ni10,1916T3017,ASME B16.9,RCC-M 2,QA1,"8""x5""",,个,18.9,KG,
,CPR00522,同心大小头,SCH160xSCH160,SS,BW,P280GH,1916T3019,ASME B16.9,RCC-M 2,QA1,"8""x5""",,个,18.9,KG,
,CPR00523,同心大小头,SCH20x4.37mm,SS,BW,20,1916T3019,ASME B16.9,RCC-M 2,QA1,"8""x5""",,个,,KG,
,CPR00524,同心大小头,SCH40xSCH40,SS,BW,20,1916T3019,ASME B16.9,RCC-M 2,QA1,"8""x5""",,个,6.31,KG,
,CPR00525,同心大小头,SCH40SxSCH40S,SS,BW,022Cr19Ni10,1916T3017,ASME B16.9,RCC-M 2,QA1,"8""x5""",,个,6.7,KG,
,CPR00526,同心大小头,SCH80xSCH80,SS,BW,20,1916T3019,ASME B16.9,RCC-M 2,QA1,"8""x5""",,个,9.26,KG,
,CPR00527,同心大小头,SCH80SxSCH80S,SS,BW,022Cr19Ni10,1916T3017,ASME B16.9,RCC-M 2,QA1,"8""x5""",,个,9.7,KG,
,CPR00528,同心大小头,SCH10SxSCH10S,SS,BW,022Cr19Ni10,1916T3017,ASME B16.9,RCC-M 3,QA2,"8""x5""",,个,3.1,KG,
,CPR00529,同心大小头,SCH20x4.37mm,SS,BW,20,1916T3019,ASME B16.9,RCC-M 3,QA2,"8""x5""",,个,,KG,
,CPR00530,同心大小头,SCH40xSCH40,SS,BW,20,1916T3019,ASME B16.9,RCC-M 3,QA2,"8""x5""",,个,6.31,KG,
,CPR00531,同心大小头,SCH40SxSCH40S,SS,BW,022Cr19Ni10,1916T3017,ASME B16.9,RCC-M 3,QA2,"8""x5""",,个,6.7,KG,
,CPR00532,同心大小头,SCH10SxSCH10S,SS,BW,022Cr17Ni12Mo2,1916T3023,ASME B16.9,NA,QNCa,"8""x5""",,个,3.1,KG,
,CPR00533,同心大小头,SCH10SxSCH10S,SS,BW,022Cr19Ni10,1916T3023,ASME B16.9,NA,QNCa,"8""x5""",,个,3.1,KG,
,CPR00534,同心大小头,SCH20x3.96mm,SS,BW,20,1916T3025,ASME B16.9,NA,QNCa,"8""x5""",,个,,KG,
,CPR00535,同心大小头,SCH160xSCH160,SS,BW,022Cr19Ni10,1916T3017,ASME B16.9,RCC-M 1,QA1,"8""x6""",,个,18.9,KG,
,CPR00536,同心大小头,SCH10SxSCH10S,SS,BW,022Cr19Ni10,1916T3017,ASME B16.9,RCC-M 2,QA1,"8""x6""",,个,3.2,KG,
,CPR00537,同心大小头,SCH120xSCH120,SS,BW,P280GH,1916T3019,ASME B16.9,RCC-M 2,QA1,"8""x6""",,个,15.3,KG,
,CPR00538,同心大小头,SCH160xSCH160,SS,BW,022Cr19Ni10,1916T3017,ASME B16.9,RCC-M 2,QA1,"8""x6""",,个,18.9,KG,
,CPR00539,同心大小头,SCH160xSCH160,SS,BW,P280GH,1916T3019,ASME B16.9,RCC-M 2,QA1,"8""x6""",,个,18.9,KG,
,CPR00540,同心大小头,SCH20x4.37mm,SS,BW,20,1916T3019,ASME B16.9,RCC-M 2,QA1,"8""x6""",,个,,KG,
,CPR00541,同心大小头,SCH40xSCH40,SS,BW,20,1916T3019,ASME B16.9,RCC-M 2,QA1,"8""x6""",,个,6.31,KG,
,CPR00542,同心大小头,SCH40SxSCH40S,SS,BW,022Cr19Ni10,1916T3017,ASME B16.9,RCC-M 2,QA1,"8""x6""",,个,6.9,KG,
,CPR00543,同心大小头,SCH80xSCH80,SS,BW,20,1916T3019,ASME B16.9,RCC-M 2,QA1,"8""x6""",,个,9.26,KG,
,CPR00544,同心大小头,SCH80SxSCH80S,SS,BW,022Cr19Ni10,1916T3017,ASME B16.9,RCC-M 2,QA1,"8""x6""",,个,10.1,KG,
,CPR00545,同心大小头,SCH10SxSCH10S,SS,BW,022Cr19Ni10,1916T3017,ASME B16.9,RCC-M 3,QA2,"8""x6""",,个,3.2,KG,
,CPR00546,同心大小头,SCH20x4.37mm,SS,BW,20,1916T3019,ASME B16.9,RCC-M 3,QA2,"8""x6""",,个,7.2,KG,
,CPR00547,同心大小头,SCH40xSCH40,SS,BW,20,1916T3019,ASME B16.9,RCC-M 3,QA2,"8""x6""",,个,6.31,KG,
,CPR00548,同心大小头,SCH40SxSCH40S,SS,BW,022Cr19Ni10,1916T3017,ASME B16.9,RCC-M 3,QA2,"8""x6""",,个,6.9,KG,
,CPR00549,同心大小头,SCH10SxSCH10S,SS,BW,022Cr17Ni12Mo2,1916T3023,ASME B16.9,NA,QNCa,"8""x6""",,个,3.2,KG,
,CPR00550,同心大小头,SCH10SxSCH10S,SS,BW,022Cr19Ni10,1916T3023,ASME B16.9,NA,QNCa,"8""x6""",,个,3.2,KG,
,CPR00551,同心大小头,SCH20x4.37mm,SS,BW,20,1916T3025,ASME B16.9,NA,QNCa,"8""x6""",,个,6.5,KG,
,CPR00552,同心大小头,SCH140xSCH160,SS,BW,026Cr18Ni12Mo2N,1916T3017,ASME B16.9,RCC-M 1,QA1,"10""x4""",,个,30.5,KG,
,CPR00553,同心大小头,SCH10SxSCH10S,SS,BW,022Cr19Ni10,1916T3017,ASME B16.9,RCC-M 2,QA1,"10""x4""",,个,4.7,KG,
,CPR00554,同心大小头,SCH140xSCH160,SS,BW,022Cr19Ni10,1916T3017,ASME B16.9,RCC-M 2,QA1,"10""x4""",,个,30.5,KG,
,CPR00555,同心大小头,SCH160xSCH160,SS,BW,P280GH,1916T3019,ASME B16.9,RCC-M 2,QA1,"10""x4""",,个,33.9,KG,
,CPR00556,同心大小头,SCH20x3.58mm,SS,BW,20,1916T3019,ASME B16.9,RCC-M 2,QA1,"10""x4""",,个,7.85,KG,
,CPR00557,同心大小头,SCH40xSCH40,SS,BW,20,1916T3019,ASME B16.9,RCC-M 2,QA1,"10""x4""",,个,10.7,KG,
,CPR00558,同心大小头,SCH60xSCH80,SS,BW,P280GH,1916T3019,ASME B16.9,RCC-M 2,QA1,"10""x4""",,个,,KG,
,CPR00559,同心大小头,SCH80xSCH80,SS,BW,20,1916T3019,ASME B16.9,RCC-M 2,QA1,"10""x4""",,个,17.5,KG,
,CPR00560,同心大小头,SCH80SxSCH40S,SS,BW,022Cr19Ni10,1916T3017,ASME B16.9,RCC-M 2,QA1,"10""x4""",,个,12.5,KG,
,CPR00561,同心大小头,SCH10SxSCH10S,SS,BW,022Cr19Ni10,1916T3017,ASME B16.9,RCC-M 3,QA2,"10""x4""",,个,4.7,KG,
,CPR00562,同心大小头,SCH20x3.58mm,SS,BW,20,1916T3019,ASME B16.9,RCC-M 3,QA2,"10""x4""",,个,7.85,KG,
,CPR00563,同心大小头,SCH40xSCH40,SS,BW,20,1916T3019,ASME B16.9,RCC-M 3,QA2,"10""x4""",,个,10.7,KG,
,CPR00564,同心大小头,SCH80SxSCH40S,SS,BW,022Cr19Ni10,1916T3017,ASME B16.9,RCC-M 3,QA2,"10""x4""",,个,12.5,KG,
,CPR00565,同心大小头,SCH10SxSCH10S,SS,BW,022Cr17Ni12Mo2,1916T3023,ASME B16.9,NA,QNCa,"10""x4""",,个,4.7,KG,
,CPR00566,同心大小头,SCH10SxSCH10S,SS,BW,022Cr19Ni10,1916T3023,ASME B16.9,NA,QNCa,"10""x4""",,个,4.7,KG,
,CPR00567,同心大小头,SCH20x3.58mm,SS,BW,20,1916T3025,ASME B16.9,NA,QNCa,"10""x4""",,个,7.85,KG,
,CPR00568,同心大小头,SCH140xSCH160,SS,BW,026Cr18Ni12Mo2N,1916T3017,ASME B16.9,RCC-M 1,QA1,"10""x5""",,个,30.5,KG,
,CPR00569,同心大小头,SCH10SxSCH10S,SS,BW,022Cr19Ni10,1916T3017,ASME B16.9,RCC-M 2,QA1,"10""x5""",,个,4.9,KG,
,CPR00570,同心大小头,SCH140xSCH160,SS,BW,022Cr19Ni10,1916T3017,ASME B16.9,RCC-M 2,QA1,"10""x5""",,个,30.5,KG,
,CPR00571,同心大小头,SCH160xSCH160,SS,BW,P280GH,1916T3019,ASME B16.9,RCC-M 2,QA1,"10""x5""",,个,33.9,KG,
,CPR00572,同心大小头,SCH20x4.37mm,SS,BW,20,1916T3019,ASME B16.9,RCC-M 2,QA1,"10""x5""",,个,7.85,KG,
,CPR00573,同心大小头,SCH40xSCH40,SS,BW,20,1916T3019,ASME B16.9,RCC-M 2,QA1,"10""x5""",,个,10.7,KG,
,CPR00574,同心大小头,SCH60xSCH120,SS,BW,P280GH,1916T3019,ASME B16.9,RCC-M 2,QA1,"10""x5""",,个,,KG,
,CPR00575,同心大小头,SCH80xSCH80,SS,BW,20,1916T3019,ASME B16.9,RCC-M 2,QA1,"10""x5""",,个,17.5,KG,
,CPR00576,同心大小头,SCH80SxSCH40S,SS,BW,022Cr19Ni10,1916T3017,ASME B16.9,RCC-M 2,QA1,"10""x5""",,个,14.2,KG,
,CPR00577,同心大小头,SCH10SxSCH10S,SS,BW,022Cr19Ni10,1916T3017,ASME B16.9,RCC-M 3,QA2,"10""x5""",,个,4.9,KG,
,CPR00578,同心大小头,SCH20x4.37mm,SS,BW,20,1916T3019,ASME B16.9,RCC-M 3,QA2,"10""x5""",,个,7.85,KG,
,CPR00579,同心大小头,SCH40xSCH40,SS,BW,20,1916T3019,ASME B16.9,RCC-M 3,QA2,"10""x5""",,个,10.7,KG,
,CPR00580,同心大小头,SCH80SxSCH40S,SS,BW,022Cr19Ni10,1916T3017,ASME B16.9,RCC-M 3,QA2,"10""x5""",,个,14.2,KG,
,CPR00581,同心大小头,SCH10SxSCH10S,SS,BW,022Cr17Ni12Mo2,1916T3023,ASME B16.9,NA,QNCa,"10""x5""",,个,4.9,KG,
,CPR00582,同心大小头,SCH10SxSCH10S,SS,BW,022Cr19Ni10,1916T3023,ASME B16.9,NA,QNCa,"10""x5""",,个,4.9,KG,
,CPR00583,同心大小头,SCH20x3.96mm,SS,BW,20,1916T3025,ASME B16.9,NA,QNCa,"10""x5""",,个,7.85,KG,
,CPR00584,同心大小头,SCH140xSCH160,SS,BW,026Cr18Ni12Mo2N,1916T3017,ASME B16.9,RCC-M 1,QA1,"10""x6""",,个,30.5,KG,
,CPR00585,同心大小头,SCH10SxSCH10S,SS,BW,022Cr19Ni10,1916T3017,ASME B16.9,RCC-M 2,QA1,"10""x6""",,个,5,KG,
,CPR00586,同心大小头,SCH140xSCH160,SS,BW,022Cr19Ni10,1916T3017,ASME B16.9,RCC-M 2,QA1,"10""x6""",,个,30.5,KG,
,CPR00587,同心大小头,SCH160xSCH160,SS,BW,P280GH,1916T3019,ASME B16.9,RCC-M 2,QA1,"10""x6""",,个,33.9,KG,
,CPR00588,同心大小头,SCH20x4.37mm,SS,BW,20,1916T3019,ASME B16.9,RCC-M 2,QA1,"10""x6""",,个,7.85,KG,
,CPR00589,同心大小头,SCH40xSCH40,SS,BW,20,1916T3019,ASME B16.9,RCC-M 2,QA1,"10""x6""",,个,10.7,KG,
,CPR00590,同心大小头,SCH60xSCH120,SS,BW,P280GH,1916T3019,ASME B16.9,RCC-M 2,QA1,"10""x6""",,个,23.6,KG,
,CPR00591,同心大小头,SCH80xSCH80,SS,BW,20,1916T3019,ASME B16.9,RCC-M 2,QA1,"10""x6""",,个,17.5,KG,
,CPR00592,同心大小头,SCH80SxSCH40S,SS,BW,022Cr19Ni10,1916T3017,ASME B16.9,RCC-M 2,QA1,"10""x6""",,个,14.8,KG,
,CPR00593,同心大小头,SCH10SxSCH10S,SS,BW,022Cr19Ni10,1916T3017,ASME B16.9,RCC-M 3,QA2,"10""x6""",,个,5,KG,
,CPR00594,同心大小头,SCH20x4.37mm,SS,BW,20,1916T3019,ASME B16.9,RCC-M 3,QA2,"10""x6""",,个,11.7,KG,
,CPR00595,同心大小头,SCH40xSCH40,SS,BW,20,1916T3019,ASME B16.9,RCC-M 3,QA2,"10""x6""",,个,10.7,KG,
,CPR00596,同心大小头,SCH80SxSCH40S,SS,BW,022Cr19Ni10,1916T3017,ASME B16.9,RCC-M 3,QA2,"10""x6""",,个,14.8,KG,
,CPR00597,同心大小头,SCH10SxSCH10S,SS,BW,022Cr17Ni12Mo2,1916T3023,ASME B16.9,NA,QNCa,"10""x6""",,个,5,KG,
,CPR00598,同心大小头,SCH10SxSCH10S,SS,BW,022Cr19Ni10,1916T3023,ASME B16.9,NA,QNCa,"10""x6""",,个,5,KG,
,CPR00599,同心大小头,SCH20x4.37mm,SS,BW,20,1916T3025,ASME B16.9,NA,QNCa,"10""x6""",,个,7.5,KG,
,CPR00600,同心大小头,SCH140xSCH160,SS,BW,026Cr18Ni12Mo2N,1916T3017,ASME B16.9,RCC-M 1,QA1,"10""x8""",,个,30.5,KG,
,CPR00601,同心大小头,SCH10SxSCH10S,SS,BW,022Cr19Ni10,1916T3017,ASME B16.9,RCC-M 2,QA1,"10""x8""",,个,5.2,KG,
,CPR00602,同心大小头,SCH140xSCH160,SS,BW,022Cr19Ni10,1916T3017,ASME B16.9,RCC-M 2,QA1,"10""x8""",,个,30.5,KG,
,CPR00603,同心大小头,SCH160xSCH160,SS,BW,P280GH,1916T3019,ASME B16.9,RCC-M 2,QA1,"10""x8""",,个,33.9,KG,
,CPR00604,同心大小头,SCH20xSCH20,SS,BW,20,1916T3019,ASME B16.9,RCC-M 2,QA1,"10""x8""",,个,11.1,KG,
,CPR00605,同心大小头,SCH40xSCH40,SS,BW,20,1916T3019,ASME B16.9,RCC-M 2,QA1,"10""x8""",,个,10.7,KG,
,CPR00606,同心大小头,SCH60xSCH120,SS,BW,P280GH,1916T3019,ASME B16.9,RCC-M 2,QA1,"10""x8""",,个,23.6,KG,
,CPR00607,同心大小头,SCH80xSCH80,SS,BW,20,1916T3019,ASME B16.9,RCC-M 2,QA1,"10""x8""",,个,17.5,KG,
,CPR00608,同心大小头,SCH80SxSCH40S,SS,BW,022Cr19Ni10,1916T3017,ASME B16.9,RCC-M 2,QA1,"10""x8""",,个,15.6,KG,
,CPR00609,同心大小头,SCH10SxSCH10S,SS,BW,022Cr19Ni10,1916T3017,ASME B16.9,RCC-M 3,QA2,"10""x8""",,个,5.2,KG,
,CPR00610,同心大小头,SCH20xSCH20,SS,BW,20,1916T3019,ASME B16.9,RCC-M 3,QA2,"10""x8""",,个,11.1,KG,
,CPR00611,同心大小头,SCH40xSCH40,SS,BW,20,1916T3019,ASME B16.9,RCC-M 3,QA2,"10""x8""",,个,10.7,KG,
,CPR00612,同心大小头,SCH80SxSCH40S,SS,BW,022Cr19Ni10,1916T3017,ASME B16.9,RCC-M 3,QA2,"10""x8""",,个,15.6,KG,
,CPR00613,同心大小头,SCH10SxSCH10S,SS,BW,022Cr17Ni12Mo2,1916T3023,ASME B16.9,NA,QNCa,"10""x8""",,个,5.2,KG,
,CPR00614,同心大小头,SCH10SxSCH10S,SS,BW,022Cr19Ni10,1916T3023,ASME B16.9,NA,QNCa,"10""x8""",,个,5.2,KG,
,CPR00615,同心大小头,SCH20xSCH20,SS,BW,20,1916T3025,ASME B16.9,NA,QNCa,"10""x8""",,个,7.5,KG,
,CPR00616,同心大小头,SCH140xSCH160,SS,BW,026Cr18Ni12Mo2N,1916T3017,ASME B16.9,RCC-M 1,QA1,"12""x5""",,个,44.2,KG,
,CPR00617,同心大小头,7.14mmx4.37mm,SS,BW,20,1916T3019,ASME B16.9,RCC-M 2,QA1,"12""x5""",,个,,KG,
,CPR00618,同心大小头,SCH10SxSCH10S,SS,BW,022Cr19Ni10,1916T3017,ASME B16.9,RCC-M 2,QA1,"12""x5""",,个,7.3,KG,
,CPR00619,同心大小头,SCH140xSCH160,SS,BW,022Cr19Ni10,1916T3017,ASME B16.9,RCC-M 2,QA1,"12""x5""",,个,44.2,KG,
,CPR00620,同心大小头,SCH160xSCH160,SS,BW,P280GH,1916T3019,ASME B16.9,RCC-M 2,QA1,"12""x5""",,个,50.6,KG,
,CPR00621,同心大小头,SCH40xSCH40,SS,BW,20,1916T3019,ASME B16.9,RCC-M 2,QA1,"12""x5""",,个,16.3,KG,
,CPR00622,同心大小头,SCH80xSCH80,SS,BW,20,1916T3019,ASME B16.9,RCC-M 2,QA1,"12""x5""",,个,25.1,KG,
,CPR00623,同心大小头,SCH80SxSCH40S,SS,BW,022Cr19Ni10,1916T3017,ASME B16.9,RCC-M 2,QA1,"12""x5""",,个,19.4,KG,
,CPR00624,同心大小头,7.14mmx4.37mm,SS,BW,20,1916T3019,ASME B16.9,RCC-M 3,QA2,"12""x5""",,个,,KG,
,CPR00625,同心大小头,SCH10SxSCH10S,SS,BW,022Cr19Ni10,1916T3017,ASME B16.9,RCC-M 3,QA2,"12""x5""",,个,7.3,KG,
,CPR00626,同心大小头,SCH40xSCH40,SS,BW,20,1916T3019,ASME B16.9,RCC-M 3,QA2,"12""x5""",,个,16.3,KG,
,CPR00627,同心大小头,SCH80SxSCH40S,SS,BW,022Cr19Ni10,1916T3017,ASME B16.9,RCC-M 3,QA2,"12""x5""",,个,19.4,KG,
,CPR00628,同心大小头,7.14mmx3.96mm,SS,BW,20,1916T3025,ASME B16.9,NA,QNCa,"12""x5""",,个,,KG,
,CPR00629,同心大小头,SCH10SxSCH10S,SS,BW,022Cr17Ni12Mo2,1916T3023,ASME B16.9,NA,QNCa,"12""x5""",,个,7.3,KG,
,CPR00630,同心大小头,SCH10SxSCH10S,SS,BW,022Cr19Ni10,1916T3023,ASME B16.9,NA,QNCa,"12""x5""",,个,7.3,KG,
,CPR00631,同心大小头,SCH20x3.96mm,SS,BW,20,1916T3025,ASME B16.9,NA,QNCa,"12""x5""",,个,11.2,KG,
,CPR00632,同心大小头,SCH140xSCH160,SS,BW,026Cr18Ni12Mo2N,1916T3017,ASME B16.9,RCC-M 1,QA1,"12""x6""",,个,44.2,KG,
,CPR00633,同心大小头,7.14mmx4.37mm,SS,BW,20,1916T3019,ASME B16.9,RCC-M 2,QA1,"12""x6""",,个,,KG,
,CPR00634,同心大小头,SCH10SxSCH10S,SS,BW,022Cr19Ni10,1916T3017,ASME B16.9,RCC-M 2,QA1,"12""x6""",,个,7.4,KG,
,CPR00635,同心大小头,SCH140xSCH160,SS,BW,022Cr19Ni10,1916T3017,ASME B16.9,RCC-M 2,QA1,"12""x6""",,个,44.2,KG,
,CPR00636,同心大小头,SCH160xSCH160,SS,BW,P280GH,1916T3019,ASME B16.9,RCC-M 2,QA1,"12""x6""",,个,50.6,KG,
,CPR00637,同心大小头,SCH40xSCH40,SS,BW,20,1916T3019,ASME B16.9,RCC-M 2,QA1,"12""x6""",,个,16.3,KG,
,CPR00638,同心大小头,SCH80xSCH80,SS,BW,20,1916T3019,ASME B16.9,RCC-M 2,QA1,"12""x6""",,个,25.1,KG,
,CPR00639,同心大小头,SCH80SxSCH40S,SS,BW,022Cr19Ni10,1916T3017,ASME B16.9,RCC-M 2,QA1,"12""x6""",,个,20.1,KG,
,CPR00640,同心大小头,7.14mmx4.37mm,SS,BW,20,1916T3019,ASME B16.9,RCC-M 3,QA2,"12""x6""",,个,12,KG,
,CPR00641,同心大小头,SCH10SxSCH10S,SS,BW,022Cr19Ni10,1916T3017,ASME B16.9,RCC-M 3,QA2,"12""x6""",,个,7.4,KG,
,CPR00642,同心大小头,SCH40xSCH40,SS,BW,20,1916T3019,ASME B16.9,RCC-M 3,QA2,"12""x6""",,个,16.3,KG,
,CPR00643,同心大小头,SCH80SxSCH40S,SS,BW,022Cr19Ni10,1916T3017,ASME B16.9,RCC-M 3,QA2,"12""x6""",,个,20.1,KG,
,CPR00644,同心大小头,7.14mmx4.37mm,SS,BW,20,1916T3025,ASME B16.9,NA,QNCa,"12""x6""",,个,15,KG,
,CPR00645,同心大小头,SCH10SxSCH10S,SS,BW,022Cr17Ni12Mo2,1916T3023,ASME B16.9,NA,QNCa,"12""x6""",,个,7.4,KG,
,CPR00646,同心大小头,SCH10SxSCH10S,SS,BW,022Cr19Ni10,1916T3023,ASME B16.9,NA,QNCa,"12""x6""",,个,7.4,KG,
,CPR00647,同心大小头,SCH20x4.37mm,SS,BW,20,1916T3025,ASME B16.9,NA,QNCa,"12""x6""",,个,11.2,KG,
,CPR00648,同心大小头,SCH140xSCH160,SS,BW,026Cr18Ni12Mo2N,1916T3017,ASME B16.9,RCC-M 1,QA1,"12""x8""",,个,44.2,KG,
,CPR00649,同心大小头,7.14mmxSCH20,SS,BW,20,1916T3019,ASME B16.9,RCC-M 2,QA1,"12""x8""",,个,,KG,
,CPR00650,同心大小头,SCH10SxSCH10S,SS,BW,022Cr19Ni10,1916T3017,ASME B16.9,RCC-M 2,QA1,"12""x8""",,个,7.7,KG,
,CPR00651,同心大小头,SCH140xSCH160,SS,BW,022Cr19Ni10,1916T3017,ASME B16.9,RCC-M 2,QA1,"12""x8""",,个,44.2,KG,
,CPR00652,同心大小头,SCH160xSCH160,SS,BW,P280GH,1916T3019,ASME B16.9,RCC-M 2,QA1,"12""x8""",,个,50.6,KG,
,CPR00653,同心大小头,SCH40xSCH40,SS,BW,20,1916T3019,ASME B16.9,RCC-M 2,QA1,"12""x8""",,个,16.3,KG,
,CPR00654,同心大小头,SCH80xSCH80,SS,BW,20,1916T3019,ASME B16.9,RCC-M 2,QA1,"12""x8""",,个,25.1,KG,
,CPR00655,同心大小头,SCH80SxSCH40S,SS,BW,022Cr19Ni10,1916T3017,ASME B16.9,RCC-M 2,QA1,"12""x8""",,个,20.9,KG,
,CPR00656,同心大小头,7.14mmxSCH20,SS,BW,20,1916T3019,ASME B16.9,RCC-M 3,QA2,"12""x8""",,个,,KG,
,CPR00657,同心大小头,SCH10SxSCH10S,SS,BW,022Cr19Ni10,1916T3017,ASME B16.9,RCC-M 3,QA2,"12""x8""",,个,7.7,KG,
,CPR00658,同心大小头,SCH40xSCH40,SS,BW,20,1916T3019,ASME B16.9,RCC-M 3,QA2,"12""x8""",,个,16.3,KG,
,CPR00659,同心大小头,SCH80SxSCH40S,SS,BW,022Cr19Ni10,1916T3017,ASME B16.9,RCC-M 3,QA2,"12""x8""",,个,20.9,KG,
,CPR00660,同心大小头,7.14mmxSCH20,SS,BW,20,1916T3025,ASME B16.9,NA,QNCa,"12""x8""",,个,13.2,KG,
,CPR00661,同心大小头,SCH10SxSCH10S,SS,BW,022Cr17Ni12Mo2,1916T3023,ASME B16.9,NA,QNCa,"12""x8""",,个,7.7,KG,
,CPR00662,同心大小头,SCH10SxSCH10S,SS,BW,022Cr19Ni10,1916T3023,ASME B16.9,NA,QNCa,"12""x8""",,个,7.7,KG,
,CPR00663,同心大小头,SCH20xSCH20,SS,BW,20,1916T3025,ASME B16.9,NA,QNCa,"12""x8""",,个,11.2,KG,
,CPR00664,同心大小头,SCH140xSCH140,SS,BW,026Cr18Ni12Mo2N,1916T3017,ASME B16.9,RCC-M 1,QA1,"12""x10""",,个,44.2,KG,
,CPR00665,同心大小头,7.14mmxSCH20,SS,BW,20,1916T3019,ASME B16.9,RCC-M 2,QA1,"12""x10""",,个,,KG,
,CPR00666,同心大小头,SCH10SxSCH10S,SS,BW,022Cr19Ni10,1916T3017,ASME B16.9,RCC-M 2,QA1,"12""x10""",,个,8,KG,
,CPR00667,同心大小头,SCH140xSCH140,SS,BW,022Cr19Ni10,1916T3017,ASME B16.9,RCC-M 2,QA1,"12""x10""",,个,44.2,KG,
,CPR00668,同心大小头,SCH160xSCH160,SS,BW,P280GH,1916T3019,ASME B16.9,RCC-M 2,QA1,"12""x10""",,个,50.6,KG,
,CPR00669,同心大小头,SCH40xSCH40,SS,BW,20,1916T3019,ASME B16.9,RCC-M 2,QA1,"12""x10""",,个,16.3,KG,
,CPR00670,同心大小头,SCH80xSCH80,SS,BW,20,1916T3019,ASME B16.9,RCC-M 2,QA1,"12""x10""",,个,25.1,KG,
,CPR00671,同心大小头,SCH80SxSCH80S,SS,BW,022Cr19Ni10,1916T3017,ASME B16.9,RCC-M 2,QA1,"12""x10""",,个,21.6,KG,
,CPR00672,同心大小头,7.14mmxSCH20,SS,BW,20,1916T3019,ASME B16.9,RCC-M 3,QA2,"12""x10""",,个,12,KG,
,CPR00673,同心大小头,SCH10SxSCH10S,SS,BW,022Cr19Ni10,1916T3017,ASME B16.9,RCC-M 3,QA2,"12""x10""",,个,8,KG,
,CPR00674,同心大小头,SCH40xSCH40,SS,BW,20,1916T3019,ASME B16.9,RCC-M 3,QA2,"12""x10""",,个,16.3,KG,
,CPR00675,同心大小头,SCH80SxSCH80S,SS,BW,022Cr19Ni10,1916T3017,ASME B16.9,RCC-M 3,QA2,"12""x10""",,个,21.6,KG,
,CPR00676,同心大小头,7.14mmxSCH20,SS,BW,20,1916T3025,ASME B16.9,NA,QNCa,"12""x10""",,个,,KG,
,CPR00677,同心大小头,SCH10SxSCH10S,SS,BW,022Cr17Ni12Mo2,1916T3023,ASME B16.9,NA,QNCa,"12""x10""",,个,7.97,KG,
,CPR00678,同心大小头,SCH10SxSCH10S,SS,BW,022Cr19Ni10,1916T3023,ASME B16.9,NA,QNCa,"12""x10""",,个,8,KG,
,CPR00679,同心大小头,SCH20xSCH20,SS,BW,20,1916T3025,ASME B16.9,NA,QNCa,"12""x10""",,个,10.2,KG,
,CPR00680,同心大小头,SCH140xSCH160,SS,BW,026Cr18Ni12Mo2N,1916T3017,ASME B16.9,RCC-M 1,QA1,"14""x6""",,个,88.4,KG,
,CPR00681,同心大小头,SCH10SxSCH10S,SS,BW,022Cr19Ni10,1916T3017,ASME B16.9,RCC-M 2,QA1,"14""x6""",,个,13.1,KG,
,CPR00682,同心大小头,SCH140xSCH160,SS,BW,022Cr19Ni10,1916T3017,ASME B16.9,RCC-M 2,QA1,"14""x6""",,个,88.4,KG,
,CPR00683,同心大小头,SCH160xSCH160,SS,BW,P280GH,1916T3019,ASME B16.9,RCC-M 2,QA1,"14""x6""",,个,98.2,KG,
,CPR00684,同心大小头,SCH20x4.37mm,SS,BW,20,1916T3019,ASME B16.9,RCC-M 2,QA1,"14""x6""",,个,25.6,KG,
,CPR00685,同心大小头,SCH40xSCH40,SS,BW,20,1916T3019,ASME B16.9,RCC-M 2,QA1,"14""x6""",,个,32.1,KG,
,CPR00686,同心大小头,SCH60xSCH40S,SS,BW,022Cr19Ni10,1916T3017,ASME B16.9,RCC-M 2,QA1,"14""x6""",,个,,KG,
,CPR00687,同心大小头,SCH80xSCH80,SS,BW,20,1916T3019,ASME B16.9,RCC-M 2,QA1,"14""x6""",,个,56.5,KG,
,CPR00688,同心大小头,SCH80SxSCH80S,SS,BW,022Cr19Ni10,1916T3017,ASME B16.9,RCC-M 2,QA1,"14""x6""",,个,,KG,
,CPR00689,同心大小头,SCH20x4.37mm,SS,BW,20,1916T3019,ASME B16.9,RCC-M 3,QA2,"14""x6""",,个,25.6,KG,
,CPR00690,同心大小头,SCH40xSCH40,SS,BW,20,1916T3019,ASME B16.9,RCC-M 3,QA2,"14""x6""",,个,32.1,KG,
,CPR00691,同心大小头,SCH60xSCH40S,SS,BW,022Cr19Ni10,1916T3017,ASME B16.9,RCC-M 3,QA2,"14""x6""",,个,,KG,
,CPR00692,同心大小头,SCH10SxSCH10S,SS,BW,022Cr17Ni12Mo2,1916T3023,ASME B16.9,NA,QNCa,"14""x6""",,个,13.1,KG,
,CPR00693,同心大小头,SCH10SxSCH10S,SS,BW,022Cr19Ni10,1916T3023,ASME B16.9,NA,QNCa,"14""x6""",,个,13.1,KG,
,CPR00694,同心大小头,SCH20x4.37mm,SS,BW,20,1916T3025,ASME B16.9,NA,QNCa,"14""x6""",,个,25.6,KG,
,CPR00695,同心大小头,SCH140xSCH160,SS,BW,026Cr18Ni12Mo2N,1916T3017,ASME B16.9,RCC-M 1,QA1,"14""x8""",,个,88.4,KG,
,CPR00696,同心大小头,SCH10SxSCH10S,SS,BW,022Cr19Ni10,1916T3017,ASME B16.9,RCC-M 2,QA1,"14""x8""",,个,13.9,KG,
,CPR00697,同心大小头,SCH140xSCH160,SS,BW,022Cr19Ni10,1916T3017,ASME B16.9,RCC-M 2,QA1,"14""x8""",,个,88.4,KG,
,CPR00698,同心大小头,SCH160xSCH160,SS,BW,P280GH,1916T3019,ASME B16.9,RCC-M 2,QA1,"14""x8""",,个,98.2,KG,
,CPR00699,同心大小头,SCH20xSCH20,SS,BW,20,1916T3019,ASME B16.9,RCC-M 2,QA1,"14""x8""",,个,25.6,KG,
,CPR00700,同心大小头,SCH40xSCH40,SS,BW,20,1916T3019,ASME B16.9,RCC-M 2,QA1,"14""x8""",,个,32.1,KG,
,CPR00701,同心大小头,SCH60xSCH40S,SS,BW,022Cr19Ni10,1916T3017,ASME B16.9,RCC-M 2,QA1,"14""x8""",,个,42,KG,
,CPR00702,同心大小头,SCH80xSCH80,SS,BW,20,1916T3019,ASME B16.9,RCC-M 2,QA1,"14""x8""",,个,56.5,KG,
,CPR00703,同心大小头,SCH80SxSCH80S,SS,BW,022Cr19Ni10,1916T3017,ASME B16.9,RCC-M 2,QA1,"14""x8""",,个,,KG,
,CPR00704,同心大小头,SCH20xSCH20,SS,BW,20,1916T3019,ASME B16.9,RCC-M 3,QA2,"14""x8""",,个,25.6,KG,
,CPR00705,同心大小头,SCH40xSCH40,SS,BW,20,1916T3019,ASME B16.9,RCC-M 3,QA2,"14""x8""",,个,32.1,KG,
,CPR00706,同心大小头,SCH60xSCH40S,SS,BW,022Cr19Ni10,1916T3017,ASME B16.9,RCC-M 3,QA2,"14""x8""",,个,42,KG,
,CPR00707,同心大小头,SCH10SxSCH10S,SS,BW,022Cr17Ni12Mo2,1916T3023,ASME B16.9,NA,QNCa,"14""x8""",,个,13.9,KG,
,CPR00708,同心大小头,SCH10SxSCH10S,SS,BW,022Cr19Ni10,1916T3023,ASME B16.9,NA,QNCa,"14""x8""",,个,13.9,KG,
,CPR00709,同心大小头,SCH20xSCH20,SS,BW,20,1916T3025,ASME B16.9,NA,QNCa,"14""x8""",,个,25.6,KG,
,CPR00710,同心大小头,SCH140xSCH140,SS,BW,026Cr18Ni12Mo2N,1916T3017,ASME B16.9,RCC-M 1,QA1,"14""x10""",,个,88.4,KG,
,CPR00711,同心大小头,SCH10SxSCH10S,SS,BW,022Cr19Ni10,1916T3017,ASME B16.9,RCC-M 2,QA1,"14""x10""",,个,14.4,KG,
,CPR00712,同心大小头,SCH140xSCH140,SS,BW,022Cr19Ni10,1916T3017,ASME B16.9,RCC-M 2,QA1,"14""x10""",,个,88.4,KG,
,CPR00713,同心大小头,SCH160xSCH160,SS,BW,P280GH,1916T3019,ASME B16.9,RCC-M 2,QA1,"14""x10""",,个,98.2,KG,
,CPR00714,同心大小头,SCH20xSCH20,SS,BW,20,1916T3019,ASME B16.9,RCC-M 2,QA1,"14""x10""",,个,25.6,KG,
,CPR00715,同心大小头,SCH40xSCH40,SS,BW,20,1916T3019,ASME B16.9,RCC-M 2,QA1,"14""x10""",,个,32.1,KG,
,CPR00716,同心大小头,SCH60xSCH80S,SS,BW,022Cr19Ni10,1916T3017,ASME B16.9,RCC-M 2,QA1,"14""x10""",,个,42,KG,
,CPR00717,同心大小头,SCH80xSCH80,SS,BW,20,1916T3019,ASME B16.9,RCC-M 2,QA1,"14""x10""",,个,56.5,KG,
,CPR00718,同心大小头,SCH80SxSCH80S,SS,BW,022Cr19Ni10,1916T3017,ASME B16.9,RCC-M 2,QA1,"14""x10""",,个,,KG,
,CPR00719,同心大小头,SCH20xSCH20,SS,BW,20,1916T3019,ASME B16.9,RCC-M 3,QA2,"14""x10""",,个,28.5,KG,
,CPR00720,同心大小头,SCH40xSCH40,SS,BW,20,1916T3019,ASME B16.9,RCC-M 3,QA2,"14""x10""",,个,32.1,KG,
,CPR00721,同心大小头,SCH60xSCH80S,SS,BW,022Cr19Ni10,1916T3017,ASME B16.9,RCC-M 3,QA2,"14""x10""",,个,42,KG,
,CPR00722,同心大小头,SCH10SxSCH10S,SS,BW,022Cr17Ni12Mo2,1916T3023,ASME B16.9,NA,QNCa,"14""x10""",,个,14.4,KG,
,CPR00723,同心大小头,SCH10SxSCH10S,SS,BW,022Cr19Ni10,1916T3023,ASME B16.9,NA,QNCa,"14""x10""",,个,14.4,KG,
,CPR00724,同心大小头,SCH20xSCH20,SS,BW,20,1916T3025,ASME B16.9,NA,QNCa,"14""x10""",,个,25.6,KG,
,CPR00725,同心大小头,SCH140xSCH140,SS,BW,026Cr18Ni12Mo2N,1916T3017,ASME B16.9,RCC-M 1,QA1,"14""x12""",,个,88.4,KG,
,CPR00726,同心大小头,SCH10SxSCH10S,SS,BW,022Cr19Ni10,1916T3017,ASME B16.9,RCC-M 2,QA1,"14""x12""",,个,15.3,KG,
,CPR00727,同心大小头,SCH140xSCH140,SS,BW,022Cr19Ni10,1916T3017,ASME B16.9,RCC-M 2,QA1,"14""x12""",,个,88.4,KG,
,CPR00728,同心大小头,SCH160xSCH160,SS,BW,P280GH,1916T3019,ASME B16.9,RCC-M 2,QA1,"14""x12""",,个,98.2,KG,
,CPR00729,同心大小头,SCH20x7.14mm,SS,BW,20,1916T3019,ASME B16.9,RCC-M 2,QA1,"14""x12""",,个,25.6,KG,
,CPR00730,同心大小头,SCH40xSCH40,SS,BW,20,1916T3019,ASME B16.9,RCC-M 2,QA1,"14""x12""",,个,32.1,KG,
,CPR00731,同心大小头,SCH60xSCH80S,SS,BW,022Cr19Ni10,1916T3017,ASME B16.9,RCC-M 2,QA1,"14""x12""",,个,42,KG,
,CPR00732,同心大小头,SCH80xSCH80,SS,BW,20,1916T3019,ASME B16.9,RCC-M 2,QA1,"14""x12""",,个,56.5,KG,
,CPR00733,同心大小头,SCH80SxSCH80S,SS,BW,022Cr19Ni10,1916T3017,ASME B16.9,RCC-M 2,QA1,"14""x12""",,个,35,KG,
,CPR00734,同心大小头,SCH20x7.14mm,SS,BW,20,1916T3019,ASME B16.9,RCC-M 3,QA2,"14""x12""",,个,25.6,KG,
,CPR00735,同心大小头,SCH40xSCH40,SS,BW,20,1916T3019,ASME B16.9,RCC-M 3,QA2,"14""x12""",,个,32.1,KG,
,CPR00736,同心大小头,SCH60xSCH80S,SS,BW,022Cr19Ni10,1916T3017,ASME B16.9,RCC-M 3,QA2,"14""x12""",,个,42,KG,
,CPR00737,同心大小头,SCH10SxSCH10S,SS,BW,022Cr17Ni12Mo2,1916T3023,ASME B16.9,NA,QNCa,"14""x12""",,个,15.3,KG,
,CPR00738,同心大小头,SCH10SxSCH10S,SS,BW,022Cr19Ni10,1916T3023,ASME B16.9,NA,QNCa,"14""x12""",,个,15.3,KG,
,CPR00739,同心大小头,SCH20x7.14mm,SS,BW,20,1916T3025,ASME B16.9,NA,QNCa,"14""x12""",,个,25.6,KG,
,CPR00740,同心大小头,SCH140xSCH160,SS,BW,026Cr18Ni12Mo2N,1916T3017,ASME B16.9,RCC-M 1,QA1,"16""x8""",,个,123.9,KG,
,CPR00741,同心大小头,8.74mmxSCH20,SS,BW,20,1916T3019,ASME B16.9,RCC-M 2,QA1,"16""x8""",,个,,KG,
,CPR00742,同心大小头,SCH10SxSCH10S,SS,BW,022Cr19Ni10,1916T3017,ASME B16.9,RCC-M 2,QA1,"16""x8""",,个,16.7,KG,
,CPR00743,同心大小头,SCH140xSCH160,SS,BW,022Cr19Ni10,1916T3017,ASME B16.9,RCC-M 2,QA1,"16""x8""",,个,123.9,KG,
,CPR00744,同心大小头,SCH160xSCH160,SS,BW,P280GH,1916T3019,ASME B16.9,RCC-M 2,QA1,"16""x8""",,个,135.8,KG,
,CPR00745,同心大小头,SCH40xSCH40,SS,BW,20,1916T3019,ASME B16.9,RCC-M 2,QA1,"16""x8""",,个,48.8,KG,
,CPR00746,同心大小头,SCH40SxSCH10S,SS,BW,022Cr19Ni10,1916T3017,ASME B16.9,RCC-M 2,QA1,"16""x8""",,个,33.3,KG,
,CPR00747,同心大小头,SCH60xSCH40S,SS,BW,022Cr19Ni10,1916T3017,ASME B16.9,RCC-M 2,QA1,"16""x8""",,个,57,KG,
,CPR00748,同心大小头,SCH80xSCH80,SS,BW,20,1916T3019,ASME B16.9,RCC-M 2,QA1,"16""x8""",,个,79,KG,
,CPR00749,同心大小头,SCH80SxSCH80S,SS,BW,022Cr19Ni10,1916T3017,ASME B16.9,RCC-M 2,QA1,"16""x8""",,个,,KG,
,CPR00750,同心大小头,9.8mmxSCH20,SS,BW,20,1916T3019,ASME B16.9,RCC-M 3,QA2,"16""x8""",,个,,KG,
,CPR00751,同心大小头,SCH40xSCH40,SS,BW,20,1916T3019,ASME B16.9,RCC-M 3,QA2,"16""x8""",,个,48.8,KG,
,CPR00752,同心大小头,SCH60xSCH40S,SS,BW,022Cr19Ni10,1916T3017,ASME B16.9,RCC-M 3,QA2,"16""x8""",,个,57,KG,
,CPR00753,同心大小头,SCH10SxSCH10S,SS,BW,022Cr17Ni12Mo2,1916T3023,ASME B16.9,NA,QNCa,"16""x8""",,个,16.7,KG,
,CPR00754,同心大小头,SCH10SxSCH10S,SS,BW,022Cr19Ni10,1916T3023,ASME B16.9,NA,QNCa,"16""x8""",,个,16.7,KG,
,CPR00755,同心大小头,SCH20xSCH20,SS,BW,20,1916T3025,ASME B16.9,NA,QNCa,"16""x8""",,个,30.5,KG,
,CPR00756,同心大小头,SCH140xSCH140,SS,BW,026Cr18Ni12Mo2N,1916T3017,ASME B16.9,RCC-M 1,QA1,"16""x10""",,个,123.9,KG,
,CPR00757,同心大小头,8.74mmxSCH20,SS,BW,20,1916T3019,ASME B16.9,RCC-M 2,QA1,"16""x10""",,个,,KG,
,CPR00758,同心大小头,SCH10SxSCH10S,SS,BW,022Cr19Ni10,1916T3017,ASME B16.9,RCC-M 2,QA1,"16""x10""",,个,17.7,KG,
,CPR00759,同心大小头,SCH140xSCH140,SS,BW,022Cr19Ni10,1916T3017,ASME B16.9,RCC-M 2,QA1,"16""x10""",,个,123.9,KG,
,CPR00760,同心大小头,SCH160xSCH160,SS,BW,P280GH,1916T3019,ASME B16.9,RCC-M 2,QA1,"16""x10""",,个,135.8,KG,
,CPR00761,同心大小头,SCH40xSCH40,SS,BW,20,1916T3019,ASME B16.9,RCC-M 2,QA1,"16""x10""",,个,48.8,KG,
,CPR00762,同心大小头,SCH40SxSCH10S,SS,BW,022Cr19Ni10,1916T3017,ASME B16.9,RCC-M 2,QA1,"16""x10""",,个,35.4,KG,
,CPR00763,同心大小头,SCH60xSCH80S,SS,BW,022Cr19Ni10,1916T3017,ASME B16.9,RCC-M 2,QA1,"16""x10""",,个,57,KG,
,CPR00764,同心大小头,SCH80xSCH80,SS,BW,20,1916T3019,ASME B16.9,RCC-M 2,QA1,"16""x10""",,个,79,KG,
,CPR00765,同心大小头,SCH80SxSCH80S,SS,BW,022Cr19Ni10,1916T3017,ASME B16.9,RCC-M 2,QA1,"16""x10""",,个,,KG,
,CPR00766,同心大小头,9.8mmxSCH20,SS,BW,20,1916T3019,ASME B16.9,RCC-M 3,QA2,"16""x10""",,个,,KG,
,CPR00767,同心大小头,SCH40xSCH40,SS,BW,20,1916T3019,ASME B16.9,RCC-M 3,QA2,"16""x10""",,个,48.8,KG,
,CPR00768,同心大小头,SCH60xSCH80S,SS,BW,022Cr19Ni10,1916T3017,ASME B16.9,RCC-M 3,QA2,"16""x10""",,个,57,KG,
,CPR00769,同心大小头,SCH10SxSCH10S,SS,BW,022Cr17Ni12Mo2,1916T3023,ASME B16.9,NA,QNCa,"16""x10""",,个,17.7,KG,
,CPR00770,同心大小头,SCH10SxSCH10S,SS,BW,022Cr19Ni10,1916T3023,ASME B16.9,NA,QNCa,"16""x10""",,个,17.7,KG,
,CPR00771,同心大小头,SCH20xSCH20,SS,BW,20,1916T3025,ASME B16.9,NA,QNCa,"16""x10""",,个,30.5,KG,
,CPR00772,同心大小头,SCH140xSCH140,SS,BW,026Cr18Ni12Mo2N,1916T3017,ASME B16.9,RCC-M 1,QA1,"16""x12""",,个,123.9,KG,
,CPR00773,同心大小头,8.74mmx7.14mm,SS,BW,20,1916T3019,ASME B16.9,RCC-M 2,QA1,"16""x12""",,个,,KG,
,CPR00774,同心大小头,SCH10SxSCH10S,SS,BW,022Cr19Ni10,1916T3017,ASME B16.9,RCC-M 2,QA1,"16""x12""",,个,18.3,KG,
,CPR00775,同心大小头,SCH140xSCH140,SS,BW,022Cr19Ni10,1916T3017,ASME B16.9,RCC-M 2,QA1,"16""x12""",,个,123.9,KG,
,CPR00776,同心大小头,SCH160xSCH160,SS,BW,P280GH,1916T3019,ASME B16.9,RCC-M 2,QA1,"16""x12""",,个,135.8,KG,
,CPR00777,同心大小头,SCH40xSCH40,SS,BW,20,1916T3019,ASME B16.9,RCC-M 2,QA1,"16""x12""",,个,48.8,KG,
,CPR00778,同心大小头,SCH40SxSCH10S,SS,BW,022Cr19Ni10,1916T3017,ASME B16.9,RCC-M 2,QA1,"16""x12""",,个,36.7,KG,
,CPR00779,同心大小头,SCH60xSCH80S,SS,BW,022Cr19Ni10,1916T3017,ASME B16.9,RCC-M 2,QA1,"16""x12""",,个,57,KG,
,CPR00780,同心大小头,SCH80xSCH80,SS,BW,20,1916T3019,ASME B16.9,RCC-M 2,QA1,"16""x12""",,个,79,KG,
,CPR00781,同心大小头,SCH80SxSCH80S,SS,BW,022Cr19Ni10,1916T3017,ASME B16.9,RCC-M 2,QA1,"16""x12""",,个,,KG,
,CPR00782,同心大小头,9.8mmx7.14mm,SS,BW,20,1916T3019,ASME B16.9,RCC-M 3,QA2,"16""x12""",,个,,KG,
,CPR00783,同心大小头,SCH40xSCH40,SS,BW,20,1916T3019,ASME B16.9,RCC-M 3,QA2,"16""x12""",,个,48.8,KG,
,CPR00784,同心大小头,SCH60xSCH80S,SS,BW,022Cr19Ni10,1916T3017,ASME B16.9,RCC-M 3,QA2,"16""x12""",,个,57,KG,
,CPR00785,同心大小头,SCH10SxSCH10S,SS,BW,022Cr17Ni12Mo2,1916T3023,ASME B16.9,NA,QNCa,"16""x12""",,个,18.3,KG,
,CPR00786,同心大小头,SCH10SxSCH10S,SS,BW,022Cr19Ni10,1916T3023,ASME B16.9,NA,QNCa,"16""x12""",,个,18.3,KG,
,CPR00787,同心大小头,SCH20x7.14mm,SS,BW,20,1916T3025,ASME B16.9,NA,QNCa,"16""x12""",,个,30.5,KG,
,CPR00788,同心大小头,SCH140xSCH140,SS,BW,026Cr18Ni12Mo2N,1916T3017,ASME B16.9,RCC-M 1,QA1,"16""x14""",,个,123.9,KG,
,CPR00789,同心大小头,8.74mmxSCH20,SS,BW,20,1916T3019,ASME B16.9,RCC-M 2,QA1,"16""x14""",,个,,KG,
,CPR00790,同心大小头,SCH10SxSCH10S,SS,BW,022Cr19Ni10,1916T3017,ASME B16.9,RCC-M 2,QA1,"16""x14""",,个,18.8,KG,
,CPR00791,同心大小头,SCH140xSCH140,SS,BW,022Cr19Ni10,1916T3017,ASME B16.9,RCC-M 2,QA1,"16""x14""",,个,123.9,KG,
,CPR00792,同心大小头,SCH160xSCH160,SS,BW,P280GH,1916T3019,ASME B16.9,RCC-M 2,QA1,"16""x14""",,个,135.8,KG,
,CPR00793,同心大小头,SCH40xSCH40,SS,BW,20,1916T3019,ASME B16.9,RCC-M 2,QA1,"16""x14""",,个,48.8,KG,
,CPR00794,同心大小头,SCH40SxSCH10S,SS,BW,022Cr19Ni10,1916T3017,ASME B16.9,RCC-M 2,QA1,"16""x14""",,个,37.6,KG,
,CPR00795,同心大小头,SCH60xSCH60,SS,BW,022Cr19Ni10,1916T3017,ASME B16.9,RCC-M 2,QA1,"16""x14""",,个,57,KG,
,CPR00796,同心大小头,SCH80xSCH80,SS,BW,20,1916T3019,ASME B16.9,RCC-M 2,QA1,"16""x14""",,个,79,KG,
,CPR00797,同心大小头,SCH80SxSCH80S,SS,BW,022Cr19Ni10,1916T3017,ASME B16.9,RCC-M 2,QA1,"16""x14""",,个,,KG,
,CPR00798,同心大小头,9.8mmxSCH20,SS,BW,20,1916T3019,ASME B16.9,RCC-M 3,QA2,"16""x14""",,个,38.5,KG,
,CPR00799,同心大小头,SCH40xSCH40,SS,BW,20,1916T3019,ASME B16.9,RCC-M 3,QA2,"16""x14""",,个,48.8,KG,
,CPR00800,同心大小头,SCH60xSCH60,SS,BW,022Cr19Ni10,1916T3017,ASME B16.9,RCC-M 3,QA2,"16""x14""",,个,57,KG,
,CPR00801,同心大小头,SCH10SxSCH10S,SS,BW,022Cr17Ni12Mo2,1916T3023,ASME B16.9,NA,QNCa,"16""x14""",,个,18.8,KG,
,CPR00802,同心大小头,SCH10SxSCH10S,SS,BW,022Cr19Ni10,1916T3023,ASME B16.9,NA,QNCa,"16""x14""",,个,18.8,KG,
,CPR00803,同心大小头,SCH20xSCH20,SS,BW,20,1916T3025,ASME B16.9,NA,QNCa,"16""x14""",,个,30.5,KG,
,CPR00804,同心大小头,SCH140xSCH140,SS,BW,026Cr18Ni12Mo2N,1916T3017,ASME B16.9,RCC-M 1,QA1,"18""x10""",,个,162.9,KG,
,CPR00805,同心大小头,SCH140xSCH140,SS,BW,022Cr19Ni10,1916T3017,ASME B16.9,RCC-M 2,QA1,"18""x10""",,个,162.9,KG,
,CPR00806,同心大小头,SCH20xSCH10S,SS,BW,022Cr19Ni10,1916T3017,ASME B16.9,RCC-M 2,QA1,"18""x10""",,个,35.2,KG,
,CPR00807,同心大小头,SCH10xSCH20,FS,BW,Q265HR,1916T3021,ASME B16.9,RCC-M 3,QA2,"18""x10""",,个,21.5,KG,
,CPR00808,同心大小头,SCH140xSCH140,SS,BW,026Cr18Ni12Mo2N,1916T3017,ASME B16.9,RCC-M 1,QA1,"18""x12""",,个,162.9,KG,
,CPR00809,同心大小头,SCH140xSCH140,SS,BW,022Cr19Ni10,1916T3017,ASME B16.9,RCC-M 2,QA1,"18""x12""",,个,162.9,KG,
,CPR00810,同心大小头,SCH20xSCH10S,SS,BW,022Cr19Ni10,1916T3017,ASME B16.9,RCC-M 2,QA1,"18""x12""",,个,35.2,KG,
,CPR00811,同心大小头,SCH10x7.14mm,FS,BW,Q265HR,1916T3021,ASME B16.9,RCC-M 3,QA2,"18""x12""",,个,21.5,KG,
,CPR00812,同心大小头,SCH140xSCH140,SS,BW,026Cr18Ni12Mo2N,1916T3017,ASME B16.9,RCC-M 1,QA1,"18""x14""",,个,162.9,KG,
,CPR00813,同心大小头,SCH140xSCH140,SS,BW,022Cr19Ni10,1916T3017,ASME B16.9,RCC-M 2,QA1,"18""x14""",,个,162.9,KG,
,CPR00814,同心大小头,SCH20xSCH10S,SS,BW,022Cr19Ni10,1916T3017,ASME B16.9,RCC-M 2,QA1,"18""x14""",,个,35.2,KG,
,CPR00815,同心大小头,SCH10xSCH20,FS,BW,Q265HR,1916T3021,ASME B16.9,RCC-M 3,QA2,"18""x14""",,个,21.5,KG,
,CPR00816,同心大小头,SCH140xSCH140,SS,BW,026Cr18Ni12Mo2N,1916T3017,ASME B16.9,RCC-M 1,QA1,"18""x16""",,个,162.9,KG,
,CPR00817,同心大小头,SCH140xSCH140,SS,BW,022Cr19Ni10,1916T3017,ASME B16.9,RCC-M 2,QA1,"18""x16""",,个,162.9,KG,
,CPR00818,同心大小头,SCH20xSCH10S,SS,BW,022Cr19Ni10,1916T3017,ASME B16.9,RCC-M 2,QA1,"18""x16""",,个,35.2,KG,
,CPR00819,同心大小头,SCH10x9.8mm,FS,BW,Q265HR,1916T3021,ASME B16.9,RCC-M 3,QA2,"18""x16""",,个,21.5,KG,
,CPR00820,同心大小头,SCH140xSCH160,SS,BW,026Cr18Ni12Mo2N,1916T3017,ASME B16.9,RCC-M 1,QA1,"20""x8""",,个,,KG,
,CPR00821,同心大小头,SCH140xSCH160,SS,BW,022Cr19Ni10,1916T3017,ASME B16.9,RCC-M 2,QA1,"20""x8""",,个,,KG,
,CPR00822,同心大小头,SCH10xSCH20,FS,BW,Q265HR,1916T3021,ASME B16.9,RCC-M 3,QA2,"20""x8""",,个,,KG,
,CPR00823,同心大小头,SCH20xSCH20,FS,BW,20,1916T3025,ASME B16.9,NA,QNCa,"20""x8""",,个,,KG,
,CPR00824,同心大小头,SCH140xSCH140,SS,BW,026Cr18Ni12Mo2N,1916T3017,ASME B16.9,RCC-M 1,QA1,"20""x12""",,个,266.9,KG,
,CPR00825,同心大小头,SCH140xSCH140,SS,BW,022Cr19Ni10,1916T3017,ASME B16.9,RCC-M 2,QA1,"20""x12""",,个,266.9,KG,
,CPR00826,同心大小头,SCH10x7.14mm,FS,BW,Q265HR,1916T3021,ASME B16.9,RCC-M 3,QA2,"20""x12""",,个,36,KG,
,CPR00827,同心大小头,SCH20xSCH20,FS,BW,20,1916T3025,ASME B16.9,NA,QNCa,"20""x12""",,个,62.7,KG,
,CPR00828,同心大小头,SCH140xSCH140,SS,BW,026Cr18Ni12Mo2N,1916T3017,ASME B16.9,RCC-M 1,QA1,"20""x14""",,个,266.9,KG,
,CPR00829,同心大小头,SCH140xSCH140,SS,BW,022Cr19Ni10,1916T3017,ASME B16.9,RCC-M 2,QA1,"20""x14""",,个,266.9,KG,
,CPR00830,同心大小头,SCH10xSCH20,FS,BW,Q265HR,1916T3021,ASME B16.9,RCC-M 3,QA2,"20""x14""",,个,36,KG,
,CPR00831,同心大小头,SCH20xSCH20,FS,BW,20,1916T3025,ASME B16.9,NA,QNCa,"20""x14""",,个,62.7,KG,
,CPR00832,同心大小头,SCH140xSCH140,SS,BW,026Cr18Ni12Mo2N,1916T3017,ASME B16.9,RCC-M 1,QA1,"20""x16""",,个,266.9,KG,
,CPR00833,同心大小头,SCH140xSCH140,SS,BW,022Cr19Ni10,1916T3017,ASME B16.9,RCC-M 2,QA1,"20""x16""",,个,266.9,KG,
,CPR00834,同心大小头,SCH10x9.8mm,FS,BW,Q265HR,1916T3021,ASME B16.9,RCC-M 3,QA2,"20""x16""",,个,36,KG,
,CPR00835,同心大小头,SCH20xSCH20,FS,BW,20,1916T3025,ASME B16.9,NA,QNCa,"20""x16""",,个,62.7,KG,
,CPR00836,同心大小头,SCH140xSCH140,SS,BW,026Cr18Ni12Mo2N,1916T3017,ASME B16.9,RCC-M 1,QA1,"20""x18""",,个,266.9,KG,
,CPR00837,同心大小头,SCH140xSCH140,SS,BW,022Cr19Ni10,1916T3017,ASME B16.9,RCC-M 2,QA1,"20""x18""",,个,266.9,KG,
,CPR00838,同心大小头,SCH10xSCH10,FS,BW,Q265HR,1916T3021,ASME B16.9,RCC-M 3,QA2,"20""x18""",,个,36,KG,
,CPR00839,同心大小头,SCH20xSCH20,FS,BW,20,1916T3025,ASME B16.9,NA,QNCa,"20""x18""",,个,62.7,KG,
,CPR00840,同心大小头,SCH140xSCH140,SS,BW,026Cr18Ni12Mo2N,1916T3017,ASME B16.9,RCC-M 1,QA1,"22""x14""",,个,315.5,KG,
,CPR00841,同心大小头,SCH140xSCH140,SS,BW,022Cr19Ni10,1916T3017,ASME B16.9,RCC-M 2,QA1,"22""x14""",,个,315.5,KG,
,CPR00842,同心大小头,SCH10xSCH20,FS,BW,Q265HR,1916T3021,ASME B16.9,RCC-M 3,QA2,"22""x14""",,个,38,KG,
,CPR00843,同心大小头,SCH30xSCH20,FS,BW,20,1916T3025,ASME B16.9,NA,QNCa,"22""x14""",,个,92,KG,
,CPR00844,同心大小头,SCH140xSCH140,SS,BW,026Cr18Ni12Mo2N,1916T3017,ASME B16.9,RCC-M 1,QA1,"22""x16""",,个,315.5,KG,
,CPR00845,同心大小头,SCH140xSCH140,SS,BW,022Cr19Ni10,1916T3017,ASME B16.9,RCC-M 2,QA1,"22""x16""",,个,315.5,KG,
,CPR00846,同心大小头,SCH10x9.8mm,FS,BW,Q265HR,1916T3021,ASME B16.9,RCC-M 3,QA2,"22""x16""",,个,38,KG,
,CPR00847,同心大小头,SCH30xSCH20,FS,BW,20,1916T3025,ASME B16.9,NA,QNCa,"22""x16""",,个,92,KG,
,CPR00848,同心大小头,SCH140xSCH140,SS,BW,026Cr18Ni12Mo2N,1916T3017,ASME B16.9,RCC-M 1,QA1,"22""x18""",,个,315.5,KG,
,CPR00849,同心大小头,SCH140xSCH140,SS,BW,022Cr19Ni10,1916T3017,ASME B16.9,RCC-M 2,QA1,"22""x18""",,个,315.5,KG,
,CPR00850,同心大小头,SCH10xSCH10,FS,BW,Q265HR,1916T3021,ASME B16.9,RCC-M 3,QA2,"22""x18""",,个,38,KG,
,CPR00851,同心大小头,SCH30xSCH20,FS,BW,20,1916T3025,ASME B16.9,NA,QNCa,"22""x18""",,个,92,KG,
,CPR00852,同心大小头,SCH140xSCH140,SS,BW,026Cr18Ni12Mo2N,1916T3017,ASME B16.9,RCC-M 1,QA1,"22""x20""",,个,315.5,KG,
,CPR00853,同心大小头,SCH140xSCH140,SS,BW,022Cr19Ni10,1916T3017,ASME B16.9,RCC-M 2,QA1,"22""x20""",,个,315.5,KG,
,CPR00854,同心大小头,SCH10xSCH10,FS,BW,Q265HR,1916T3021,ASME B16.9,RCC-M 3,QA2,"22""x20""",,个,38,KG,
,CPR00855,同心大小头,SCH30xSCH20,FS,BW,20,1916T3025,ASME B16.9,NA,QNCa,"22""x20""",,个,92,KG,
,CPR00856,同心大小头,SCH140xSCH140,SS,BW,026Cr18Ni12Mo2N,1916T3017,ASME B16.9,RCC-M 1,QA1,"24""x16""",,个,378.3,KG,
,CPR00857,同心大小头,SCH140xSCH140,SS,BW,022Cr19Ni10,1916T3017,ASME B16.9,RCC-M 2,QA1,"24""x16""",,个,378.3,KG,
,CPR00858,同心大小头,SCH10x9.8mm,FS,BW,Q265HR,1916T3021,ASME B16.9,RCC-M 3,QA2,"24""x16""",,个,47.5,KG,
,CPR00859,同心大小头,SCH140xSCH140,SS,BW,026Cr18Ni12Mo2N,1916T3017,ASME B16.9,RCC-M 1,QA1,"24""x18""",,个,378.3,KG,
,CPR00860,同心大小头,SCH140xSCH140,SS,BW,022Cr19Ni10,1916T3017,ASME B16.9,RCC-M 2,QA1,"24""x18""",,个,378.3,KG,
,CPR00861,同心大小头,SCH10xSCH10,FS,BW,Q265HR,1916T3021,ASME B16.9,RCC-M 3,QA2,"24""x18""",,个,47.5,KG,
,CPR00862,同心大小头,SCH140xSCH140,SS,BW,026Cr18Ni12Mo2N,1916T3017,ASME B16.9,RCC-M 1,QA1,"24""x20""",,个,378.3,KG,
,CPR00863,同心大小头,SCH140xSCH140,SS,BW,022Cr19Ni10,1916T3017,ASME B16.9,RCC-M 2,QA1,"24""x20""",,个,378.3,KG,
,CPR00864,同心大小头,SCH10xSCH10,FS,BW,Q265HR,1916T3021,ASME B16.9,RCC-M 3,QA2,"24""x20""",,个,47.5,KG,
,CPR00865,同心大小头,SCH140xSCH140,SS,BW,026Cr18Ni12Mo2N,1916T3017,ASME B16.9,RCC-M 1,QA1,"24""x22""",,个,378.3,KG,
,CPR00866,同心大小头,SCH140xSCH140,SS,BW,022Cr19Ni10,1916T3017,ASME B16.9,RCC-M 2,QA1,"24""x22""",,个,378.3,KG,
,CPR00867,同心大小头,SCH10xSCH10,FS,BW,Q265HR,1916T3021,ASME B16.9,RCC-M 3,QA2,"24""x22""",,个,47.5,KG,
,CPR00868,同心大小头,SCH10xSCH10,FS,BW,Q265HR,1916T3021,ASME B16.9,RCC-M 3,QA2,"26""x18""",,个,75,KG,
,CPR00869,同心大小头,SCH10xSCH10,FS,BW,Q265HR,1916T3021,ASME B16.9,RCC-M 3,QA2,"26""x20""",,个,75,KG,
,CPR00870,同心大小头,SCH10xSCH10,FS,BW,Q265HR,1916T3021,ASME B16.9,RCC-M 3,QA2,"26""x22""",,个,75,KG,
,CPR00871,同心大小头,SCH10xSCH10,FS,BW,Q265HR,1916T3021,ASME B16.9,RCC-M 3,QA2,"26""x24""",,个,75,KG,
,CPR00872,同心大小头,SCH10xSCH10,FS,BW,Q265HR,1916T3021,ASME B16.9,RCC-M 3,QA2,"28""x18""",,个,79,KG,
,CPR00873,同心大小头,SCH10xSCH10,FS,BW,Q265HR,1916T3021,ASME B16.9,RCC-M 3,QA2,"28""x20""",,个,79,KG,
,CPR00874,同心大小头,SCH10xSCH10,FS,BW,Q265HR,1916T3021,ASME B16.9,RCC-M 3,QA2,"28""x24""",,个,79,KG,
,CPR00875,同心大小头,SCH10xSCH10,FS,BW,Q265HR,1916T3021,ASME B16.9,RCC-M 3,QA2,"28""x26""",,个,79,KG,
,CPR00876,同心大小头,SCH10xSCH10,FS,BW,Q265HR,1916T3021,ASME B16.9,RCC-M 3,QA2,"30""x20""",,个,85,KG,
,CPR00877,同心大小头,SCH10xSCH10,FS,BW,Q265HR,1916T3021,ASME B16.9,RCC-M 3,QA2,"30""x24""",,个,83,KG,
,CPR00878,同心大小头,SCH10xSCH10,FS,BW,Q265HR,1916T3021,ASME B16.9,RCC-M 3,QA2,"30""x26""",,个,85,KG,
,CPR00879,同心大小头,SCH10xSCH10,FS,BW,Q265HR,1916T3021,ASME B16.9,RCC-M 3,QA2,"30""x28""",,个,85,KG,
,CPR00880,同心大小头,9.52mmxSCH10,FS,BW,Q265HR,1916T3021,ASME B16.9,RCC-M 3,QA2,"32""x24""",,个,115,KG,
,CPR00881,同心大小头,9.52mmxSCH10,FS,BW,Q265HR,1916T3021,ASME B16.9,RCC-M 3,QA2,"32""x26""",,个,115,KG,
,CPR00882,同心大小头,9.52mmxSCH10,FS,BW,Q265HR,1916T3021,ASME B16.9,RCC-M 3,QA2,"32""x28""",,个,115,KG,
,CPR00883,同心大小头,9.52mmxSCH10,FS,BW,Q265HR,1916T3021,ASME B16.9,RCC-M 3,QA2,"32""x30""",,个,125,KG,
,CPR00884,同心大小头,9.52mmxSCH10,FS,BW,Q265HR,1916T3021,ASME B16.9,RCC-M 3,QA2,"34""x24""",,个,123,KG,
,CPR00885,同心大小头,9.52mmxSCH10,FS,BW,Q265HR,1916T3021,ASME B16.9,RCC-M 3,QA2,"34""x26""",,个,123,KG,
,CPR00886,同心大小头,9.52mmxSCH10,FS,BW,Q265HR,1916T3021,ASME B16.9,RCC-M 3,QA2,"34""x30""",,个,123,KG,
,CPR00887,同心大小头,9.52mmx9.52mm,FS,BW,Q265HR,1916T3021,ASME B16.9,RCC-M 3,QA2,"34""x32""",,个,123,KG,
,CPR00888,同心大小头,9.52mmxSCH10,FS,BW,Q265HR,1916T3021,ASME B16.9,RCC-M 3,QA2,"36""x24""",,个,129,KG,
,CPR00889,同心大小头,9.52mmxSCH10,FS,BW,Q265HR,1916T3021,ASME B16.9,RCC-M 3,QA2,"36""x26""",,个,129,KG,
,CPR00890,同心大小头,9.52mmxSCH10,FS,BW,Q265HR,1916T3021,ASME B16.9,RCC-M 3,QA2,"36""x30""",,个,129,KG,
,CPR00891,同心大小头,9.52mmx9.52mm,FS,BW,Q265HR,1916T3021,ASME B16.9,RCC-M 3,QA2,"36""x32""",,个,129,KG,
,CPR00892,同心大小头,9.52mmx9.52mm,FS,BW,Q265HR,1916T3021,ASME B16.9,RCC-M 3,QA2,"36""x34""",,个,129,KG,
,CPR00894,偏心大小头,SCH160xSCH160,SS,BW,022Cr19Ni10,1916T3017,ASME B16.9,RCC-M 1,QA1,"1-1/2""x1/2""",,个,0.5,KG,
,CPR00895,偏心大小头,SCH160xSCH160,SS,BW,022Cr19Ni10,1916T3017,ASME B16.9,RCC-M 1,QA1,"1-1/2""x3/4""",,个,0.5,KG,
,CPR00896,偏心大小头,SCH160xSCH160,SS,BW,022Cr19Ni10,1916T3017,ASME B16.9,RCC-M 1,QA1,"1-1/2""x1""",,个,0.5,KG,
,CPR00897,偏心大小头,SCH160xSCH160,SS,BW,022Cr19Ni10,1916T3017,ASME B16.9,RCC-M 1,QA1,"1-1/2""x1-1/4""",,个,0.5,KG,
,CPR00898,偏心大小头,SCH160xSCH160,SS,BW,022Cr19Ni10,1916T3017,ASME B16.9,RCC-M 1,QA1,"2""x3/4""",,个,0.9,KG,
,CPR00899,偏心大小头,SCH160xSCH160,SS,BW,022Cr19Ni10,1916T3017,ASME B16.9,RCC-M 1,QA1,"2""x1""",,个,0.9,KG,
,CPR00900,偏心大小头,SCH160xSCH160,SS,BW,022Cr19Ni10,1916T3017,ASME B16.9,RCC-M 1,QA1,"2""x1-1/4""",,个,0.9,KG,
,CPR00901,偏心大小头,SCH160xSCH160,SS,BW,022Cr19Ni10,1916T3017,ASME B16.9,RCC-M 1,QA1,"2""x1-1/2""",,个,0.9,KG,
,CPR00902,偏心大小头,SCH160xSCH160,SS,BW,022Cr19Ni10,1916T3017,ASME B16.9,RCC-M 1,QA1,"2-1/2""x1""",,个,1.4,KG,
,CPR00903,偏心大小头,SCH160xSCH160,SS,BW,022Cr19Ni10,1916T3017,ASME B16.9,RCC-M 2,QA1,"2-1/2""x1""",,个,1.4,KG,
,CPR00904,偏心大小头,SCH40xSCH40,SS,BW,20,1916T3019,ASME B16.9,RCC-M 2,QA1,"2-1/2""x1""",,个,0.8,KG,
,CPR00905,偏心大小头,SCH80SxSCH80S,SS,BW,022Cr19Ni10,1916T3017,ASME B16.9,RCC-M 2,QA1,"2-1/2""x1""",,个,0.87,KG,
,CPR00906,偏心大小头,SCH40SxSCH40S,SS,BW,022Cr19Ni10,1916T3017,ASME B16.9,RCC-M 3,QA2,"2-1/2""x1""",,个,0.64,KG,
,CPR00907,偏心大小头,3.18mmxSCH40,SS,BW,20,1916T3025,ASME B16.9,NA,QNCa,"2-1/2""x1""",,个,,KG,
,CPR00908,偏心大小头,SCH10SxSCH10S,SS,BW,022Cr17Ni12Mo2,1916T3023,ASME B16.9,NA,QNCa,"2-1/2""x1""",,个,0.38,KG,
,CPR00909,偏心大小头,SCH10SxSCH10S,SS,BW,022Cr19Ni10,1916T3023,ASME B16.9,NA,QNCa,"2-1/2""x1""",,个,0.38,KG,
,CPR00910,偏心大小头,SCH160xSCH160,SS,BW,022Cr19Ni10,1916T3017,ASME B16.9,RCC-M 1,QA1,"2-1/2""x1-1/4""",,个,1.4,KG,
,CPR00911,偏心大小头,SCH160xSCH160,SS,BW,022Cr19Ni10,1916T3017,ASME B16.9,RCC-M 2,QA1,"2-1/2""x1-1/4""",,个,1.4,KG,
,CPR00912,偏心大小头,SCH40xSCH40,SS,BW,20,1916T3019,ASME B16.9,RCC-M 2,QA1,"2-1/2""x1-1/4""",,个,0.8,KG,
,CPR00913,偏心大小头,SCH80SxSCH80S,SS,BW,022Cr19Ni10,1916T3017,ASME B16.9,RCC-M 2,QA1,"2-1/2""x1-1/4""",,个,0.9,KG,
,CPR00914,偏心大小头,SCH40SxSCH40S,SS,BW,022Cr19Ni10,1916T3017,ASME B16.9,RCC-M 3,QA2,"2-1/2""x1-1/4""",,个,0.73,KG,
,CPR00915,偏心大小头,3.18mmxSCH40,SS,BW,20,1916T3025,ASME B16.9,NA,QNCa,"2-1/2""x1-1/4""",,个,,KG,
,CPR00916,偏心大小头,SCH10SxSCH10S,SS,BW,022Cr17Ni12Mo2,1916T3023,ASME B16.9,NA,QNCa,"2-1/2""x1-1/4""",,个,0.43,KG,
,CPR00917,偏心大小头,SCH10SxSCH10S,SS,BW,022Cr19Ni10,1916T3023,ASME B16.9,NA,QNCa,"2-1/2""x1-1/4""",,个,0.43,KG,
,CPR00918,偏心大小头,SCH160xSCH160,SS,BW,022Cr19Ni10,1916T3017,ASME B16.9,RCC-M 1,QA1,"2-1/2""x1-1/2""",,个,1.4,KG,
,CPR00919,偏心大小头,SCH160xSCH160,SS,BW,022Cr19Ni10,1916T3017,ASME B16.9,RCC-M 2,QA1,"2-1/2""x1-1/2""",,个,1.4,KG,
,CPR00920,偏心大小头,SCH40xSCH40,SS,BW,20,1916T3019,ASME B16.9,RCC-M 2,QA1,"2-1/2""x1-1/2""",,个,0.8,KG,
,CPR00921,偏心大小头,SCH80SxSCH80S,SS,BW,022Cr19Ni10,1916T3017,ASME B16.9,RCC-M 2,QA1,"2-1/2""x1-1/2""",,个,0.94,KG,
,CPR00922,偏心大小头,SCH40SxSCH40S,SS,BW,022Cr19Ni10,1916T3017,ASME B16.9,RCC-M 3,QA2,"2-1/2""x1-1/2""",,个,0.76,KG,
,CPR00923,偏心大小头,3.18mmxSCH40,SS,BW,20,1916T3025,ASME B16.9,NA,QNCa,"2-1/2""x1-1/2""",,个,,KG,
,CPR00924,偏心大小头,SCH10SxSCH10S,SS,BW,022Cr17Ni12Mo2,1916T3023,ASME B16.9,NA,QNCa,"2-1/2""x1-1/2""",,个,0.44,KG,
,CPR00925,偏心大小头,SCH10SxSCH10S,SS,BW,022Cr19Ni10,1916T3023,ASME B16.9,NA,QNCa,"2-1/2""x1-1/2""",,个,0.44,KG,
,CPR00926,偏心大小头,SCH160xSCH160,SS,BW,022Cr19Ni10,1916T3017,ASME B16.9,RCC-M 1,QA1,"2-1/2""x2""",,个,1.4,KG,
,CPR00927,偏心大小头,SCH160xSCH160,SS,BW,022Cr19Ni10,1916T3017,ASME B16.9,RCC-M 2,QA1,"2-1/2""x2""",,个,1.4,KG,
,CPR00928,偏心大小头,SCH40xSCH40,SS,BW,20,1916T3019,ASME B16.9,RCC-M 2,QA1,"2-1/2""x2""",,个,0.8,KG,
,CPR00929,偏心大小头,SCH80SxSCH80S,SS,BW,022Cr19Ni10,1916T3017,ASME B16.9,RCC-M 2,QA1,"2-1/2""x2""",,个,1.05,KG,
,CPR00930,偏心大小头,SCH40SxSCH40S,SS,BW,022Cr19Ni10,1916T3017,ASME B16.9,RCC-M 3,QA2,"2-1/2""x2""",,个,0.8,KG,
,CPR00931,偏心大小头,3.18mmx3.18mm,SS,BW,20,1916T3025,ASME B16.9,NA,QNCa,"2-1/2""x2""",,个,,KG,
,CPR00932,偏心大小头,SCH10SxSCH10S,SS,BW,022Cr17Ni12Mo2,1916T3023,ASME B16.9,NA,QNCa,"2-1/2""x2""",,个,0.47,KG,
,CPR00933,偏心大小头,SCH10SxSCH10S,SS,BW,022Cr19Ni10,1916T3023,ASME B16.9,NA,QNCa,"2-1/2""x2""",,个,0.47,KG,
,CPR00934,偏心大小头,SCH160xSCH160,SS,BW,022Cr19Ni10,1916T3017,ASME B16.9,RCC-M 1,QA1,"3""x1""",,个,,KG,
,CPR00935,偏心大小头,SCH160xSCH160,SS,BW,022Cr19Ni10,1916T3017,ASME B16.9,RCC-M 2,QA1,"3""x1""",,个,,KG,
,CPR00936,偏心大小头,SCH40xSCH40,SS,BW,20,1916T3019,ASME B16.9,RCC-M 2,QA1,"3""x1""",,个,,KG,
,CPR00937,偏心大小头,SCH80SxSCH80S,SS,BW,022Cr19Ni10,1916T3017,ASME B16.9,RCC-M 2,QA1,"3""x1""",,个,,KG,
,CPR00938,偏心大小头,SCH40SxSCH40S,SS,BW,022Cr19Ni10,1916T3017,ASME B16.9,RCC-M 3,QA2,"3""x1""",,个,,KG,
,CPR00939,偏心大小头,3.18mmxSCH40,SS,BW,20,1916T3025,ASME B16.9,NA,QNCa,"3""x1""",,个,,KG,
,CPR00940,偏心大小头,SCH10SxSCH10S,SS,BW,022Cr17Ni12Mo2,1916T3023,ASME B16.9,NA,QNCa,"3""x1""",,个,,KG,
,CPR00941,偏心大小头,SCH10SxSCH10S,SS,BW,022Cr19Ni10,1916T3023,ASME B16.9,NA,QNCa,"3""x1""",,个,,KG,
,CPR00942,偏心大小头,SCH160xSCH160,SS,BW,022Cr19Ni10,1916T3017,ASME B16.9,RCC-M 1,QA1,"3""x1-1/4""",,个,2.1,KG,
,CPR00943,偏心大小头,SCH160xSCH160,SS,BW,022Cr19Ni10,1916T3017,ASME B16.9,RCC-M 2,QA1,"3""x1-1/4""",,个,2.1,KG,
,CPR00944,偏心大小头,SCH40xSCH40,SS,BW,20,1916T3019,ASME B16.9,RCC-M 2,QA1,"3""x1-1/4""",,个,1.05,KG,
,CPR00945,偏心大小头,SCH80SxSCH80S,SS,BW,022Cr19Ni10,1916T3017,ASME B16.9,RCC-M 2,QA1,"3""x1-1/4""",,个,1.15,KG,
,CPR00946,偏心大小头,SCH40SxSCH40S,SS,BW,022Cr19Ni10,1916T3017,ASME B16.9,RCC-M 3,QA2,"3""x1-1/4""",,个,0.85,KG,
,CPR00947,偏心大小头,3.18mmxSCH40,SS,BW,20,1916T3025,ASME B16.9,NA,QNCa,"3""x1-1/4""",,个,,KG,
,CPR00948,偏心大小头,SCH10SxSCH10S,SS,BW,022Cr17Ni12Mo2,1916T3023,ASME B16.9,NA,QNCa,"3""x1-1/4""",,个,0.47,KG,
,CPR00949,偏心大小头,SCH10SxSCH10S,SS,BW,022Cr19Ni10,1916T3023,ASME B16.9,NA,QNCa,"3""x1-1/4""",,个,0.47,KG,
,CPR00950,偏心大小头,SCH160xSCH160,SS,BW,022Cr19Ni10,1916T3017,ASME B16.9,RCC-M 1,QA1,"3""x1-1/2""",,个,2.1,KG,
,CPR00951,偏心大小头,SCH160xSCH160,SS,BW,022Cr19Ni10,1916T3017,ASME B16.9,RCC-M 2,QA1,"3""x1-1/2""",,个,2.1,KG,
,CPR00952,偏心大小头,SCH40xSCH40,SS,BW,20,1916T3019,ASME B16.9,RCC-M 2,QA1,"3""x1-1/2""",,个,1.05,KG,
,CPR00953,偏心大小头,SCH80SxSCH80S,SS,BW,022Cr19Ni10,1916T3017,ASME B16.9,RCC-M 2,QA1,"3""x1-1/2""",,个,1.2,KG,
,CPR00954,偏心大小头,SCH40SxSCH40S,SS,BW,022Cr19Ni10,1916T3017,ASME B16.9,RCC-M 3,QA2,"3""x1-1/2""",,个,0.94,KG,
,CPR00955,偏心大小头,3.18mmxSCH40,SS,BW,20,1916T3025,ASME B16.9,NA,QNCa,"3""x1-1/2""",,个,,KG,
,CPR00956,偏心大小头,SCH10SxSCH10S,SS,BW,022Cr17Ni12Mo2,1916T3023,ASME B16.9,NA,QNCa,"3""x1-1/2""",,个,0.51,KG,
,CPR00957,偏心大小头,SCH10SxSCH10S,SS,BW,022Cr19Ni10,1916T3023,ASME B16.9,NA,QNCa,"3""x1-1/2""",,个,0.51,KG,
,CPR00958,偏心大小头,SCH160xSCH160,SS,BW,022Cr19Ni10,1916T3017,ASME B16.9,RCC-M 1,QA1,"3""x2""",,个,2.1,KG,
,CPR00959,偏心大小头,SCH160xSCH160,SS,BW,022Cr19Ni10,1916T3017,ASME B16.9,RCC-M 2,QA1,"3""x2""",,个,1.89,KG,
,CPR00960,偏心大小头,SCH40xSCH40,SS,BW,20,1916T3019,ASME B16.9,RCC-M 2,QA1,"3""x2""",,个,1.05,KG,
,CPR00961,偏心大小头,SCH80SxSCH80S,SS,BW,022Cr19Ni10,1916T3017,ASME B16.9,RCC-M 2,QA1,"3""x2""",,个,1.29,KG,
,CPR00962,偏心大小头,SCH40SxSCH40S,SS,BW,022Cr19Ni10,1916T3017,ASME B16.9,RCC-M 3,QA2,"3""x2""",,个,1,KG,
,CPR00963,偏心大小头,3.18mmx3.18mm,SS,BW,20,1916T3025,ASME B16.9,NA,QNCa,"3""x2""",,个,0.55,KG,
,CPR00964,偏心大小头,SCH10SxSCH10S,SS,BW,022Cr17Ni12Mo2,1916T3023,ASME B16.9,NA,QNCa,"3""x2""",,个,0.55,KG,
,CPR00965,偏心大小头,SCH10SxSCH10S,SS,BW,022Cr19Ni10,1916T3023,ASME B16.9,NA,QNCa,"3""x2""",,个,1.89,KG,
,CPR00966,偏心大小头,SCH160xSCH160,SS,BW,022Cr19Ni10,1916T3017,ASME B16.9,RCC-M 1,QA1,"3""x2-1/2""",,个,2.1,KG,
,CPR00967,偏心大小头,SCH160xSCH160,SS,BW,022Cr19Ni10,1916T3017,ASME B16.9,RCC-M 2,QA1,"3""x2-1/2""",,个,2.1,KG,
,CPR00968,偏心大小头,SCH40xSCH40,SS,BW,20,1916T3019,ASME B16.9,RCC-M 2,QA1,"3""x2-1/2""",,个,1.05,KG,
,CPR00969,偏心大小头,SCH80SxSCH80S,SS,BW,022Cr19Ni10,1916T3017,ASME B16.9,RCC-M 2,QA1,"3""x2-1/2""",,个,1.49,KG,
,CPR00970,偏心大小头,SCH40SxSCH40S,SS,BW,022Cr19Ni10,1916T3017,ASME B16.9,RCC-M 3,QA2,"3""x2-1/2""",,个,1.1,KG,
,CPR00971,偏心大小头,3.18mmx3.18mm,SS,BW,20,1916T3025,ASME B16.9,NA,QNCa,"3""x2-1/2""",,个,,KG,
,CPR00972,偏心大小头,SCH10SxSCH10S,SS,BW,022Cr17Ni12Mo2,1916T3023,ASME B16.9,NA,QNCa,"3""x2-1/2""",,个,0.59,KG,
,CPR00973,偏心大小头,SCH10SxSCH10S,SS,BW,022Cr19Ni10,1916T3023,ASME B16.9,NA,QNCa,"3""x2-1/2""",,个,0.59,KG,
,CPR00974,偏心大小头,SCH160xSCH160,SS,BW,022Cr19Ni10,1916T3017,ASME B16.9,RCC-M 1,QA1,"3-1/2""x1-1/4""",,个,3,KG,
,CPR00975,偏心大小头,SCH160xSCH160,SS,BW,022Cr19Ni10,1916T3017,ASME B16.9,RCC-M 2,QA1,"3-1/2""x1-1/4""",,个,3,KG,
,CPR00976,偏心大小头,SCH40xSCH40,SS,BW,20,1916T3019,ASME B16.9,RCC-M 2,QA1,"3-1/2""x1-1/4""",,个,1.36,KG,
,CPR00977,偏心大小头,SCH80SxSCH80S,SS,BW,022Cr19Ni10,1916T3017,ASME B16.9,RCC-M 2,QA1,"3-1/2""x1-1/4""",,个,1.6,KG,
,CPR00978,偏心大小头,SCH40SxSCH40S,SS,BW,022Cr19Ni10,1916T3017,ASME B16.9,RCC-M 3,QA2,"3-1/2""x1-1/4""",,个,1.2,KG,
,CPR00979,偏心大小头,SCH10SxSCH10S,SS,BW,022Cr17Ni12Mo2,1916T3023,ASME B16.9,NA,QNCa,"3-1/2""x1-1/4""",,个,0.62,KG,
,CPR00980,偏心大小头,SCH10SxSCH10S,SS,BW,022Cr19Ni10,1916T3023,ASME B16.9,NA,QNCa,"3-1/2""x1-1/4""",,个,0.62,KG,
,CPR00981,偏心大小头,SCH160xSCH160,SS,BW,022Cr19Ni10,1916T3017,ASME B16.9,RCC-M 1,QA1,"3-1/2""x1-1/2""",,个,3,KG,
,CPR00982,偏心大小头,SCH160xSCH160,SS,BW,022Cr19Ni10,1916T3017,ASME B16.9,RCC-M 2,QA1,"3-1/2""x1-1/2""",,个,3,KG,
,CPR00983,偏心大小头,SCH40xSCH40,SS,BW,20,1916T3019,ASME B16.9,RCC-M 2,QA1,"3-1/2""x1-1/2""",,个,1.36,KG,
,CPR00984,偏心大小头,SCH80SxSCH80S,SS,BW,022Cr19Ni10,1916T3017,ASME B16.9,RCC-M 2,QA1,"3-1/2""x1-1/2""",,个,1.65,KG,
,CPR00985,偏心大小头,SCH40SxSCH40S,SS,BW,022Cr19Ni10,1916T3017,ASME B16.9,RCC-M 3,QA2,"3-1/2""x1-1/2""",,个,1.25,KG,
,CPR00986,偏心大小头,SCH10SxSCH10S,SS,BW,022Cr17Ni12Mo2,1916T3023,ASME B16.9,NA,QNCa,"3-1/2""x1-1/2""",,个,0.66,KG,
,CPR00987,偏心大小头,SCH10SxSCH10S,SS,BW,022Cr19Ni10,1916T3023,ASME B16.9,NA,QNCa,"3-1/2""x1-1/2""",,个,0.66,KG,
,CPR00988,偏心大小头,SCH160xSCH160,SS,BW,022Cr19Ni10,1916T3017,ASME B16.9,RCC-M 1,QA1,"3-1/2""x2""",,个,3,KG,
,CPR00989,偏心大小头,SCH160xSCH160,SS,BW,022Cr19Ni10,1916T3017,ASME B16.9,RCC-M 2,QA1,"3-1/2""x2""",,个,3,KG,
,CPR00990,偏心大小头,SCH40xSCH40,SS,BW,20,1916T3019,ASME B16.9,RCC-M 2,QA1,"3-1/2""x2""",,个,1.36,KG,
,CPR00991,偏心大小头,SCH80SxSCH80S,SS,BW,022Cr19Ni10,1916T3017,ASME B16.9,RCC-M 2,QA1,"3-1/2""x2""",,个,1.75,KG,
,CPR00992,偏心大小头,SCH40SxSCH40S,SS,BW,022Cr19Ni10,1916T3017,ASME B16.9,RCC-M 3,QA2,"3-1/2""x2""",,个,1.35,KG,
,CPR00993,偏心大小头,SCH10SxSCH10S,SS,BW,022Cr17Ni12Mo2,1916T3023,ASME B16.9,NA,QNCa,"3-1/2""x2""",,个,0.71,KG,
,CPR00994,偏心大小头,SCH10SxSCH10S,SS,BW,022Cr19Ni10,1916T3023,ASME B16.9,NA,QNCa,"3-1/2""x2""",,个,0.71,KG,
,CPR00995,偏心大小头,SCH160xSCH160,SS,BW,022Cr19Ni10,1916T3017,ASME B16.9,RCC-M 1,QA1,"3-1/2""x2-1/2""",,个,3,KG,
,CPR00996,偏心大小头,SCH160xSCH160,SS,BW,022Cr19Ni10,1916T3017,ASME B16.9,RCC-M 2,QA1,"3-1/2""x2-1/2""",,个,3,KG,
,CPR00997,偏心大小头,SCH40xSCH40,SS,BW,20,1916T3019,ASME B16.9,RCC-M 2,QA1,"3-1/2""x2-1/2""",,个,1.36,KG,
,CPR00998,偏心大小头,SCH80SxSCH80S,SS,BW,022Cr19Ni10,1916T3017,ASME B16.9,RCC-M 2,QA1,"3-1/2""x2-1/2""",,个,1.9,KG,
,CPR00999,偏心大小头,SCH40SxSCH40S,SS,BW,022Cr19Ni10,1916T3017,ASME B16.9,RCC-M 3,QA2,"3-1/2""x2-1/2""",,个,1.46,KG,
,CPR01000,偏心大小头,SCH10SxSCH10S,SS,BW,022Cr17Ni12Mo2,1916T3023,ASME B16.9,NA,QNCa,"3-1/2""x2-1/2""",,个,0.77,KG,
,CPR01001,偏心大小头,SCH10SxSCH10S,SS,BW,022Cr19Ni10,1916T3023,ASME B16.9,NA,QNCa,"3-1/2""x2-1/2""",,个,0.77,KG,
,CPR01002,偏心大小头,SCH160xSCH160,SS,BW,022Cr19Ni10,1916T3017,ASME B16.9,RCC-M 1,QA1,"3-1/2""x3""",,个,3,KG,
,CPR01003,偏心大小头,SCH160xSCH160,SS,BW,022Cr19Ni10,1916T3017,ASME B16.9,RCC-M 2,QA1,"3-1/2""x3""",,个,3,KG,
,CPR01004,偏心大小头,SCH40xSCH40,SS,BW,20,1916T3019,ASME B16.9,RCC-M 2,QA1,"3-1/2""x3""",,个,1.36,KG,
,CPR01005,偏心大小头,SCH80SxSCH80S,SS,BW,022Cr19Ni10,1916T3017,ASME B16.9,RCC-M 2,QA1,"3-1/2""x3""",,个,2,KG,
,CPR01006,偏心大小头,SCH40SxSCH40S,SS,BW,022Cr19Ni10,1916T3017,ASME B16.9,RCC-M 3,QA2,"3-1/2""x3""",,个,1.5,KG,
,CPR01007,偏心大小头,SCH10SxSCH10S,SS,BW,022Cr17Ni12Mo2,1916T3023,ASME B16.9,NA,QNCa,"3-1/2""x3""",,个,0.8,KG,
,CPR01008,偏心大小头,SCH10SxSCH10S,SS,BW,022Cr19Ni10,1916T3023,ASME B16.9,NA,QNCa,"3-1/2""x3""",,个,0.8,KG,
,CPR01009,偏心大小头,SCH160xSCH160,SS,BW,022Cr19Ni10,1916T3017,ASME B16.9,RCC-M 1,QA1,"4""x1-1/2""",,个,3.7,KG,
,CPR01010,偏心大小头,SCH160xSCH160,SS,BW,022Cr19Ni10,1916T3017,ASME B16.9,RCC-M 2,QA1,"4""x1-1/2""",,个,3.7,KG,
,CPR01011,偏心大小头,SCH40xSCH40,SS,BW,20,1916T3019,ASME B16.9,RCC-M 2,QA1,"4""x1-1/2""",,个,1.63,KG,
,CPR01012,偏心大小头,SCH80SxSCH80S,SS,BW,022Cr19Ni10,1916T3017,ASME B16.9,RCC-M 2,QA1,"4""x1-1/2""",,个,1.9,KG,
,CPR01013,偏心大小头,SCH40SxSCH40S,SS,BW,022Cr19Ni10,1916T3017,ASME B16.9,RCC-M 3,QA2,"4""x1-1/2""",,个,1.35,KG,
,CPR01014,偏心大小头,3.58mmxSCH40,SS,BW,20,1916T3025,ASME B16.9,NA,QNCa,"4""x1-1/2""",,个,,KG,
,CPR01015,偏心大小头,SCH10SxSCH10S,SS,BW,022Cr17Ni12Mo2,1916T3023,ASME B16.9,NA,QNCa,"4""x1-1/2""",,个,0.68,KG,
,CPR01016,偏心大小头,SCH10SxSCH10S,SS,BW,022Cr19Ni10,1916T3023,ASME B16.9,NA,QNCa,"4""x1-1/2""",,个,3.8,KG,
,CPR01017,偏心大小头,SCH160xSCH160,SS,BW,022Cr19Ni10,1916T3017,ASME B16.9,RCC-M 1,QA1,"4""x2""",,个,3.7,KG,
,CPR01018,偏心大小头,SCH160xSCH160,SS,BW,022Cr19Ni10,1916T3017,ASME B16.9,RCC-M 2,QA1,"4""x2""",,个,3.41,KG,
,CPR01019,偏心大小头,SCH40xSCH40,SS,BW,20,1916T3019,ASME B16.9,RCC-M 2,QA1,"4""x2""",,个,1.63,KG,
,CPR01020,偏心大小头,SCH80SxSCH80S,SS,BW,022Cr19Ni10,1916T3017,ASME B16.9,RCC-M 2,QA1,"4""x2""",,个,1.95,KG,
,CPR01021,偏心大小头,SCH40SxSCH40S,SS,BW,022Cr19Ni10,1916T3017,ASME B16.9,RCC-M 3,QA2,"4""x2""",,个,1.6,KG,
,CPR01022,偏心大小头,3.58mmx3.18mm,SS,BW,20,1916T3025,ASME B16.9,NA,QNCa,"4""x2""",,个,,KG,
,CPR01023,偏心大小头,SCH10SxSCH10S,SS,BW,022Cr17Ni12Mo2,1916T3023,ASME B16.9,NA,QNCa,"4""x2""",,个,0.78,KG,
,CPR01024,偏心大小头,SCH10SxSCH10S,SS,BW,022Cr19Ni10,1916T3023,ASME B16.9,NA,QNCa,"4""x2""",,个,0.78,KG,
,CPR01025,偏心大小头,SCH160xSCH160,SS,BW,022Cr19Ni10,1916T3017,ASME B16.9,RCC-M 1,QA1,"4""x2-1/2""",,个,3.7,KG,
,CPR01026,偏心大小头,SCH160xSCH160,SS,BW,022Cr19Ni10,1916T3017,ASME B16.9,RCC-M 2,QA1,"4""x2-1/2""",,个,3.7,KG,
,CPR01027,偏心大小头,SCH40xSCH40,SS,BW,20,1916T3019,ASME B16.9,RCC-M 2,QA1,"4""x2-1/2""",,个,1.63,KG,
,CPR01028,偏心大小头,SCH80SxSCH80S,SS,BW,022Cr19Ni10,1916T3017,ASME B16.9,RCC-M 2,QA1,"4""x2-1/2""",,个,2.2,KG,
,CPR01029,偏心大小头,SCH40SxSCH40S,SS,BW,022Cr19Ni10,1916T3017,ASME B16.9,RCC-M 3,QA2,"4""x2-1/2""",,个,1.65,KG,
,CPR01030,偏心大小头,3.58mmx3.18mm,SS,BW,20,1916T3025,ASME B16.9,NA,QNCa,"4""x2-1/2""",,个,,KG,
,CPR01031,偏心大小头,SCH10SxSCH10S,SS,BW,022Cr17Ni12Mo2,1916T3023,ASME B16.9,NA,QNCa,"4""x2-1/2""",,个,0.83,KG,
,CPR01032,偏心大小头,SCH10SxSCH10S,SS,BW,022Cr19Ni10,1916T3023,ASME B16.9,NA,QNCa,"4""x2-1/2""",,个,0.83,KG,
,CPR01033,偏心大小头,SCH160xSCH160,SS,BW,022Cr19Ni10,1916T3017,ASME B16.9,RCC-M 1,QA1,"4""x3""",,个,3.7,KG,
,CPR01034,偏心大小头,SCH160xSCH160,SS,BW,022Cr19Ni10,1916T3017,ASME B16.9,RCC-M 2,QA1,"4""x3""",,个,3.41,KG,
,CPR01035,偏心大小头,SCH40xSCH40,SS,BW,20,1916T3019,ASME B16.9,RCC-M 2,QA1,"4""x3""",,个,1.63,KG,
,CPR01036,偏心大小头,SCH80SxSCH80S,SS,BW,022Cr19Ni10,1916T3017,ASME B16.9,RCC-M 2,QA1,"4""x3""",,个,2.3,KG,
,CPR01037,偏心大小头,SCH40SxSCH40S,SS,BW,022Cr19Ni10,1916T3017,ASME B16.9,RCC-M 3,QA2,"4""x3""",,个,1.75,KG,
,CPR01038,偏心大小头,3.58mmx3.18mm,SS,BW,20,1916T3025,ASME B16.9,NA,QNCa,"4""x3""",,个,,KG,
,CPR01039,偏心大小头,SCH10SxSCH10S,SS,BW,022Cr17Ni12Mo2,1916T3023,ASME B16.9,NA,QNCa,"4""x3""",,个,0.87,KG,
,CPR01040,偏心大小头,SCH10SxSCH10S,SS,BW,022Cr19Ni10,1916T3023,ASME B16.9,NA,QNCa,"4""x3""",,个,0.87,KG,
,CPR01041,偏心大小头,SCH160xSCH160,SS,BW,022Cr19Ni10,1916T3017,ASME B16.9,RCC-M 1,QA1,"4""x3-1/2""",,个,3.7,KG,
,CPR01042,偏心大小头,SCH160xSCH160,SS,BW,022Cr19Ni10,1916T3017,ASME B16.9,RCC-M 2,QA1,"4""x3-1/2""",,个,3.7,KG,
,CPR01043,偏心大小头,SCH40xSCH40,SS,BW,20,1916T3019,ASME B16.9,RCC-M 2,QA1,"4""x3-1/2""",,个,1.63,KG,
,CPR01044,偏心大小头,SCH80SxSCH80S,SS,BW,022Cr19Ni10,1916T3017,ASME B16.9,RCC-M 2,QA1,"4""x3-1/2""",,个,2.4,KG,
,CPR01045,偏心大小头,SCH40SxSCH40S,SS,BW,022Cr19Ni10,1916T3017,ASME B16.9,RCC-M 3,QA2,"4""x3-1/2""",,个,1.8,KG,
,CPR01046,偏心大小头,3.58mmx3.58mm,SS,BW,20,1916T3025,ASME B16.9,NA,QNCa,"4""x3-1/2""",,个,,KG,
,CPR01047,偏心大小头,SCH10SxSCH10S,SS,BW,022Cr17Ni12Mo2,1916T3023,ASME B16.9,NA,QNCa,"4""x3-1/2""",,个,0.9,KG,
,CPR01048,偏心大小头,SCH10SxSCH10S,SS,BW,022Cr19Ni10,1916T3023,ASME B16.9,NA,QNCa,"4""x3-1/2""",,个,0.9,KG,
,CPR01049,偏心大小头,SCH160xSCH160,SS,BW,022Cr19Ni10,1916T3017,ASME B16.9,RCC-M 1,QA1,"5""x2""",,个,6.8,KG,
,CPR01050,偏心大小头,SCH160xSCH160,SS,BW,022Cr19Ni10,1916T3017,ASME B16.9,RCC-M 2,QA1,"5""x2""",,个,6.8,KG,
,CPR01051,偏心大小头,SCH40xSCH40,SS,BW,20,1916T3019,ASME B16.9,RCC-M 2,QA1,"5""x2""",,个,2.77,KG,
,CPR01052,偏心大小头,SCH80SxSCH80S,SS,BW,022Cr19Ni10,1916T3017,ASME B16.9,RCC-M 2,QA1,"5""x2""",,个,3.3,KG,
,CPR01053,偏心大小头,SCH40SxSCH40S,SS,BW,022Cr19Ni10,1916T3017,ASME B16.9,RCC-M 3,QA2,"5""x2""",,个,2.5,KG,
,CPR01054,偏心大小头,SCH10SxSCH10S,SS,BW,022Cr17Ni12Mo2,1916T3023,ASME B16.9,NA,QNCa,"5""x2""",,个,1.3,KG,
,CPR01055,偏心大小头,SCH10SxSCH10S,SS,BW,022Cr19Ni10,1916T3023,ASME B16.9,NA,QNCa,"5""x2""",,个,1.3,KG,
,CPR01056,偏心大小头,SCH160xSCH160,SS,BW,022Cr19Ni10,1916T3017,ASME B16.9,RCC-M 1,QA1,"5""x2-1/2""",,个,6.8,KG,
,CPR01057,偏心大小头,SCH160xSCH160,SS,BW,022Cr19Ni10,1916T3017,ASME B16.9,RCC-M 2,QA1,"5""x2-1/2""",,个,6.8,KG,
,CPR01058,偏心大小头,SCH40xSCH40,SS,BW,20,1916T3019,ASME B16.9,RCC-M 2,QA1,"5""x2-1/2""",,个,2.77,KG,
,CPR01059,偏心大小头,SCH80SxSCH80S,SS,BW,022Cr19Ni10,1916T3017,ASME B16.9,RCC-M 2,QA1,"5""x2-1/2""",,个,3.6,KG,
,CPR01060,偏心大小头,SCH40SxSCH40S,SS,BW,022Cr19Ni10,1916T3017,ASME B16.9,RCC-M 3,QA2,"5""x2-1/2""",,个,2.7,KG,
,CPR01061,偏心大小头,SCH10SxSCH10S,SS,BW,022Cr17Ni12Mo2,1916T3023,ASME B16.9,NA,QNCa,"5""x2-1/2""",,个,1.4,KG,
,CPR01062,偏心大小头,SCH10SxSCH10S,SS,BW,022Cr19Ni10,1916T3023,ASME B16.9,NA,QNCa,"5""x2-1/2""",,个,1.4,KG,
,CPR01063,偏心大小头,SCH160xSCH160,SS,BW,022Cr19Ni10,1916T3017,ASME B16.9,RCC-M 1,QA1,"5""x3""",,个,6.8,KG,
,CPR01064,偏心大小头,SCH160xSCH160,SS,BW,022Cr19Ni10,1916T3017,ASME B16.9,RCC-M 2,QA1,"5""x3""",,个,6.8,KG,
,CPR01065,偏心大小头,SCH40xSCH40,SS,BW,20,1916T3019,ASME B16.9,RCC-M 2,QA1,"5""x3""",,个,2.77,KG,
,CPR01066,偏心大小头,SCH80SxSCH80S,SS,BW,022Cr19Ni10,1916T3017,ASME B16.9,RCC-M 2,QA1,"5""x3""",,个,3.9,KG,
,CPR01067,偏心大小头,SCH40SxSCH40S,SS,BW,022Cr19Ni10,1916T3017,ASME B16.9,RCC-M 3,QA2,"5""x3""",,个,2.8,KG,
,CPR01068,偏心大小头,SCH10SxSCH10S,SS,BW,022Cr17Ni12Mo2,1916T3023,ASME B16.9,NA,QNCa,"5""x3""",,个,1.45,KG,
,CPR01069,偏心大小头,SCH10SxSCH10S,SS,BW,022Cr19Ni10,1916T3023,ASME B16.9,NA,QNCa,"5""x3""",,个,1.45,KG,
,CPR01070,偏心大小头,SCH160xSCH160,SS,BW,022Cr19Ni10,1916T3017,ASME B16.9,RCC-M 1,QA1,"5""x3-1/2""",,个,,KG,
,CPR01071,偏心大小头,SCH160xSCH160,SS,BW,022Cr19Ni10,1916T3017,ASME B16.9,RCC-M 2,QA1,"5""x3-1/2""",,个,,KG,
,CPR01072,偏心大小头,SCH40xSCH40,SS,BW,20,1916T3019,ASME B16.9,RCC-M 2,QA1,"5""x3-1/2""",,个,2.8,KG,
,CPR01073,偏心大小头,SCH80SxSCH80S,SS,BW,022Cr19Ni10,1916T3017,ASME B16.9,RCC-M 2,QA1,"5""x3-1/2""",,个,4,KG,
,CPR01074,偏心大小头,SCH40SxSCH40S,SS,BW,022Cr19Ni10,1916T3017,ASME B16.9,RCC-M 3,QA2,"5""x3-1/2""",,个,2.9,KG,
,CPR01075,偏心大小头,SCH10SxSCH10S,SS,BW,022Cr17Ni12Mo2,1916T3023,ASME B16.9,NA,QNCa,"5""x3-1/2""",,个,1.48,KG,
,CPR01076,偏心大小头,SCH10SxSCH10S,SS,BW,022Cr19Ni10,1916T3023,ASME B16.9,NA,QNCa,"5""x3-1/2""",,个,1.48,KG,
,CPR01077,偏心大小头,SCH160xSCH160,SS,BW,022Cr19Ni10,1916T3017,ASME B16.9,RCC-M 1,QA1,"5""x4""",,个,6.8,KG,
,CPR01078,偏心大小头,SCH160xSCH160,SS,BW,022Cr19Ni10,1916T3017,ASME B16.9,RCC-M 2,QA1,"5""x4""",,个,6.8,KG,
,CPR01079,偏心大小头,SCH40xSCH40,SS,BW,20,1916T3019,ASME B16.9,RCC-M 2,QA1,"5""x4""",,个,2.77,KG,
,CPR01080,偏心大小头,SCH80SxSCH80S,SS,BW,022Cr19Ni10,1916T3017,ASME B16.9,RCC-M 2,QA1,"5""x4""",,个,4.1,KG,
,CPR01081,偏心大小头,SCH40SxSCH40S,SS,BW,022Cr19Ni10,1916T3017,ASME B16.9,RCC-M 3,QA2,"5""x4""",,个,3,KG,
,CPR01082,偏心大小头,SCH10SxSCH10S,SS,BW,022Cr17Ni12Mo2,1916T3023,ASME B16.9,NA,QNCa,"5""x4""",,个,1.5,KG,
,CPR01083,偏心大小头,SCH10SxSCH10S,SS,BW,022Cr19Ni10,1916T3023,ASME B16.9,NA,QNCa,"5""x4""",,个,1.5,KG,
,CPR01084,偏心大小头,SCH160xSCH160,SS,BW,022Cr19Ni10,1916T3017,ASME B16.9,RCC-M 1,QA1,"6""x2""",,个,,KG,
,CPR01085,偏心大小头,SCH160xSCH160,SS,BW,022Cr19Ni10,1916T3017,ASME B16.9,RCC-M 2,QA1,"6""x2""",,个,,KG,
,CPR01086,偏心大小头,SCH40xSCH40,SS,BW,20,1916T3019,ASME B16.9,RCC-M 2,QA1,"6""x2""",,个,,KG,
,CPR01087,偏心大小头,SCH80SxSCH80S,SS,BW,022Cr19Ni10,1916T3017,ASME B16.9,RCC-M 2,QA1,"6""x2""",,个,,KG,
,CPR01088,偏心大小头,SCH40SxSCH40S,SS,BW,022Cr19Ni10,1916T3017,ASME B16.9,RCC-M 3,QA2,"6""x2""",,个,,KG,
,CPR01089,偏心大小头,4.37mmx3.18mm,SS,BW,20,1916T3025,ASME B16.9,NA,QNCa,"6""x2""",,个,,KG,
,CPR01090,偏心大小头,SCH10SxSCH10S,SS,BW,022Cr17Ni12Mo2,1916T3023,ASME B16.9,NA,QNCa,"6""x2""",,个,,KG,
,CPR01091,偏心大小头,SCH10SxSCH10S,SS,BW,022Cr19Ni10,1916T3023,ASME B16.9,NA,QNCa,"6""x2""",,个,,KG,
,CPR01092,偏心大小头,SCH160xSCH160,SS,BW,022Cr19Ni10,1916T3017,ASME B16.9,RCC-M 1,QA1,"6""x2-1/2""",,个,10.4,KG,
,CPR01093,偏心大小头,SCH160xSCH160,SS,BW,022Cr19Ni10,1916T3017,ASME B16.9,RCC-M 2,QA1,"6""x2-1/2""",,个,10.4,KG,
,CPR01094,偏心大小头,SCH40xSCH40,SS,BW,20,1916T3019,ASME B16.9,RCC-M 2,QA1,"6""x2-1/2""",,个,3.96,KG,
,CPR01095,偏心大小头,SCH80SxSCH80S,SS,BW,022Cr19Ni10,1916T3017,ASME B16.9,RCC-M 2,QA1,"6""x2-1/2""",,个,4.9,KG,
,CPR01096,偏心大小头,SCH40SxSCH40S,SS,BW,022Cr19Ni10,1916T3017,ASME B16.9,RCC-M 3,QA2,"6""x2-1/2""",,个,3.8,KG,
,CPR01097,偏心大小头,4.37mmx3.18mm,SS,BW,20,1916T3025,ASME B16.9,NA,QNCa,"6""x2-1/2""",,个,,KG,
,CPR01098,偏心大小头,SCH10SxSCH10S,SS,BW,022Cr17Ni12Mo2,1916T3023,ASME B16.9,NA,QNCa,"6""x2-1/2""",,个,1.55,KG,
,CPR01099,偏心大小头,SCH10SxSCH10S,SS,BW,022Cr19Ni10,1916T3023,ASME B16.9,NA,QNCa,"6""x2-1/2""",,个,1.55,KG,
,CPR01100,偏心大小头,SCH160xSCH160,SS,BW,022Cr19Ni10,1916T3017,ASME B16.9,RCC-M 1,QA1,"6""x3""",,个,10.4,KG,
,CPR01101,偏心大小头,SCH160xSCH160,SS,BW,022Cr19Ni10,1916T3017,ASME B16.9,RCC-M 2,QA1,"6""x3""",,个,10.4,KG,
,CPR01102,偏心大小头,SCH40xSCH40,SS,BW,20,1916T3019,ASME B16.9,RCC-M 2,QA1,"6""x3""",,个,3.96,KG,
,CPR01103,偏心大小头,SCH80SxSCH80S,SS,BW,022Cr19Ni10,1916T3017,ASME B16.9,RCC-M 2,QA1,"6""x3""",,个,5.5,KG,
,CPR01104,偏心大小头,SCH40SxSCH40S,SS,BW,022Cr19Ni10,1916T3017,ASME B16.9,RCC-M 3,QA2,"6""x3""",,个,4,KG,
,CPR01105,偏心大小头,4.37mmx3.18mm,SS,BW,20,1916T3025,ASME B16.9,NA,QNCa,"6""x3""",,个,,KG,
,CPR01106,偏心大小头,SCH10SxSCH10S,SS,BW,022Cr17Ni12Mo2,1916T3023,ASME B16.9,NA,QNCa,"6""x3""",,个,1.8,KG,
,CPR01107,偏心大小头,SCH10SxSCH10S,SS,BW,022Cr19Ni10,1916T3023,ASME B16.9,NA,QNCa,"6""x3""",,个,1.8,KG,
,CPR01108,偏心大小头,SCH160xSCH160,SS,BW,022Cr19Ni10,1916T3017,ASME B16.9,RCC-M 1,QA1,"6""x3-1/2""",,个,10.4,KG,
,CPR01109,偏心大小头,SCH160xSCH160,SS,BW,022Cr19Ni10,1916T3017,ASME B16.9,RCC-M 2,QA1,"6""x3-1/2""",,个,10.4,KG,
,CPR01110,偏心大小头,SCH40xSCH40,SS,BW,20,1916T3019,ASME B16.9,RCC-M 2,QA1,"6""x3-1/2""",,个,3.96,KG,
,CPR01111,偏心大小头,SCH80SxSCH80S,SS,BW,022Cr19Ni10,1916T3017,ASME B16.9,RCC-M 2,QA1,"6""x3-1/2""",,个,5.75,KG,
,CPR01112,偏心大小头,SCH40SxSCH40S,SS,BW,022Cr19Ni10,1916T3017,ASME B16.9,RCC-M 3,QA2,"6""x3-1/2""",,个,4.05,KG,
,CPR01113,偏心大小头,4.37mmx3.58mm,SS,BW,20,1916T3025,ASME B16.9,NA,QNCa,"6""x3-1/2""",,个,,KG,
,CPR01114,偏心大小头,SCH10SxSCH10S,SS,BW,022Cr17Ni12Mo2,1916T3023,ASME B16.9,NA,QNCa,"6""x3-1/2""",,个,1.9,KG,
,CPR01115,偏心大小头,SCH10SxSCH10S,SS,BW,022Cr19Ni10,1916T3023,ASME B16.9,NA,QNCa,"6""x3-1/2""",,个,1.9,KG,
,CPR01116,偏心大小头,SCH160xSCH160,SS,BW,022Cr19Ni10,1916T3017,ASME B16.9,RCC-M 1,QA1,"6""x4""",,个,9.4,KG,
,CPR01117,偏心大小头,SCH160xSCH160,SS,BW,022Cr19Ni10,1916T3017,ASME B16.9,RCC-M 2,QA1,"6""x4""",,个,10.4,KG,
,CPR01118,偏心大小头,SCH40xSCH40,SS,BW,20,1916T3019,ASME B16.9,RCC-M 2,QA1,"6""x4""",,个,3.96,KG,
,CPR01119,偏心大小头,SCH80SxSCH80S,SS,BW,022Cr19Ni10,1916T3017,ASME B16.9,RCC-M 2,QA1,"6""x4""",,个,5.95,KG,
,CPR01120,偏心大小头,SCH40SxSCH40S,SS,BW,022Cr19Ni10,1916T3017,ASME B16.9,RCC-M 3,QA2,"6""x4""",,个,4.1,KG,
,CPR01121,偏心大小头,4.37mmx3.58mm,SS,BW,20,1916T3025,ASME B16.9,NA,QNCa,"6""x4""",,个,,KG,
,CPR01122,偏心大小头,SCH10SxSCH10S,SS,BW,022Cr17Ni12Mo2,1916T3023,ASME B16.9,NA,QNCa,"6""x4""",,个,1.95,KG,
,CPR01123,偏心大小头,SCH10SxSCH10S,SS,BW,022Cr19Ni10,1916T3023,ASME B16.9,NA,QNCa,"6""x4""",,个,1.95,KG,
,CPR01124,偏心大小头,SCH160xSCH160,SS,BW,022Cr19Ni10,1916T3017,ASME B16.9,RCC-M 1,QA1,"6""x5""",,个,10.4,KG,
,CPR01125,偏心大小头,SCH160xSCH160,SS,BW,022Cr19Ni10,1916T3017,ASME B16.9,RCC-M 2,QA1,"6""x5""",,个,10.4,KG,
,CPR01126,偏心大小头,SCH40xSCH40,SS,BW,20,1916T3019,ASME B16.9,RCC-M 2,QA1,"6""x5""",,个,3.96,KG,
,CPR01127,偏心大小头,SCH80SxSCH80S,SS,BW,022Cr19Ni10,1916T3017,ASME B16.9,RCC-M 2,QA1,"6""x5""",,个,6.2,KG,
,CPR01128,偏心大小头,SCH40SxSCH40S,SS,BW,022Cr19Ni10,1916T3017,ASME B16.9,RCC-M 3,QA2,"6""x5""",,个,4.3,KG,
,CPR01129,偏心大小头,4.37mmx3.96mm,SS,BW,20,1916T3025,ASME B16.9,NA,QNCa,"6""x5""",,个,,KG,
,CPR01130,偏心大小头,SCH10SxSCH10S,SS,BW,022Cr17Ni12Mo2,1916T3023,ASME B16.9,NA,QNCa,"6""x5""",,个,2,KG,
,CPR01131,偏心大小头,SCH10SxSCH10S,SS,BW,022Cr19Ni10,1916T3023,ASME B16.9,NA,QNCa,"6""x5""",,个,2,KG,
,CPR01132,偏心大小头,SCH160xSCH160,SS,BW,022Cr19Ni10,1916T3017,ASME B16.9,RCC-M 1,QA1,"8""x3-1/2""",,个,18.9,KG,
,CPR01133,偏心大小头,SCH160xSCH160,SS,BW,022Cr19Ni10,1916T3017,ASME B16.9,RCC-M 2,QA1,"8""x3-1/2""",,个,18.9,KG,
,CPR01134,偏心大小头,SCH40xSCH40,SS,BW,20,1916T3019,ASME B16.9,RCC-M 2,QA1,"8""x3-1/2""",,个,6.31,KG,
,CPR01135,偏心大小头,SCH80SxSCH80S,SS,BW,022Cr19Ni10,1916T3017,ASME B16.9,RCC-M 2,QA1,"8""x3-1/2""",,个,8,KG,
,CPR01136,偏心大小头,SCH40SxSCH40S,SS,BW,022Cr19Ni10,1916T3017,ASME B16.9,RCC-M 3,QA2,"8""x3-1/2""",,个,6.4,KG,
,CPR01137,偏心大小头,SCH10SxSCH10S,SS,BW,022Cr17Ni12Mo2,1916T3023,ASME B16.9,NA,QNCa,"8""x3-1/2""",,个,2.95,KG,
,CPR01138,偏心大小头,SCH10SxSCH10S,SS,BW,022Cr19Ni10,1916T3023,ASME B16.9,NA,QNCa,"8""x3-1/2""",,个,2.95,KG,
,CPR01139,偏心大小头,SCH20x3.58mm,SS,BW,20,1916T3025,ASME B16.9,NA,QNCa,"8""x3-1/2""",,个,,KG,
,CPR01140,偏心大小头,SCH160xSCH160,SS,BW,022Cr19Ni10,1916T3017,ASME B16.9,RCC-M 1,QA1,"8""x4""",,个,18.9,KG,
,CPR01141,偏心大小头,SCH160xSCH160,SS,BW,022Cr19Ni10,1916T3017,ASME B16.9,RCC-M 2,QA1,"8""x4""",,个,18.9,KG,
,CPR01142,偏心大小头,SCH40xSCH40,SS,BW,20,1916T3019,ASME B16.9,RCC-M 2,QA1,"8""x4""",,个,6.31,KG,
,CPR01143,偏心大小头,SCH80SxSCH80S,SS,BW,022Cr19Ni10,1916T3017,ASME B16.9,RCC-M 2,QA1,"8""x4""",,个,9.2,KG,
,CPR01144,偏心大小头,SCH40SxSCH40S,SS,BW,022Cr19Ni10,1916T3017,ASME B16.9,RCC-M 3,QA2,"8""x4""",,个,6.5,KG,
,CPR01145,偏心大小头,SCH10SxSCH10S,SS,BW,022Cr17Ni12Mo2,1916T3023,ASME B16.9,NA,QNCa,"8""x4""",,个,3,KG,
,CPR01146,偏心大小头,SCH10SxSCH10S,SS,BW,022Cr19Ni10,1916T3023,ASME B16.9,NA,QNCa,"8""x4""",,个,3,KG,
,CPR01147,偏心大小头,SCH20x3.58mm,SS,BW,20,1916T3025,ASME B16.9,NA,QNCa,"8""x4""",,个,,KG,
,CPR01148,偏心大小头,SCH160xSCH160,SS,BW,022Cr19Ni10,1916T3017,ASME B16.9,RCC-M 1,QA1,"8""x5""",,个,18.9,KG,
,CPR01149,偏心大小头,SCH160xSCH160,SS,BW,022Cr19Ni10,1916T3017,ASME B16.9,RCC-M 2,QA1,"8""x5""",,个,18.9,KG,
,CPR01150,偏心大小头,SCH40xSCH40,SS,BW,20,1916T3019,ASME B16.9,RCC-M 2,QA1,"8""x5""",,个,6.31,KG,
,CPR01151,偏心大小头,SCH80SxSCH80S,SS,BW,022Cr19Ni10,1916T3017,ASME B16.9,RCC-M 2,QA1,"8""x5""",,个,9.7,KG,
,CPR01152,偏心大小头,SCH40SxSCH40S,SS,BW,022Cr19Ni10,1916T3017,ASME B16.9,RCC-M 3,QA2,"8""x5""",,个,6.7,KG,
,CPR01153,偏心大小头,SCH10SxSCH10S,SS,BW,022Cr17Ni12Mo2,1916T3023,ASME B16.9,NA,QNCa,"8""x5""",,个,3.1,KG,
,CPR01154,偏心大小头,SCH10SxSCH10S,SS,BW,022Cr19Ni10,1916T3023,ASME B16.9,NA,QNCa,"8""x5""",,个,3.1,KG,
,CPR01155,偏心大小头,SCH20x3.96mm,SS,BW,20,1916T3025,ASME B16.9,NA,QNCa,"8""x5""",,个,,KG,
,CPR01156,偏心大小头,SCH160xSCH160,SS,BW,022Cr19Ni10,1916T3017,ASME B16.9,RCC-M 1,QA1,"8""x6""",,个,18.9,KG,
,CPR01157,偏心大小头,SCH160xSCH160,SS,BW,022Cr19Ni10,1916T3017,ASME B16.9,RCC-M 2,QA1,"8""x6""",,个,18.9,KG,
,CPR01158,偏心大小头,SCH40xSCH40,SS,BW,20,1916T3019,ASME B16.9,RCC-M 2,QA1,"8""x6""",,个,6.31,KG,
,CPR01159,偏心大小头,SCH80SxSCH80S,SS,BW,022Cr19Ni10,1916T3017,ASME B16.9,RCC-M 2,QA1,"8""x6""",,个,10.1,KG,
,CPR01160,偏心大小头,SCH40SxSCH40S,SS,BW,022Cr19Ni10,1916T3017,ASME B16.9,RCC-M 3,QA2,"8""x6""",,个,6.9,KG,
,CPR01161,偏心大小头,SCH10SxSCH10S,SS,BW,022Cr17Ni12Mo2,1916T3023,ASME B16.9,NA,QNCa,"8""x6""",,个,3.2,KG,
,CPR01162,偏心大小头,SCH10SxSCH10S,SS,BW,022Cr19Ni10,1916T3023,ASME B16.9,NA,QNCa,"8""x6""",,个,3.2,KG,
,CPR01163,偏心大小头,SCH20x4.37mm,SS,BW,20,1916T3025,ASME B16.9,NA,QNCa,"8""x6""",,个,,KG,
,CPR01164,偏心大小头,SCH140xSCH160,SS,BW,026Cr18Ni12Mo2N,1916T3017,ASME B16.9,RCC-M 1,QA1,"10""x4""",,个,30.5,KG,
,CPR01165,偏心大小头,SCH140xSCH160,SS,BW,022Cr19Ni10,1916T3017,ASME B16.9,RCC-M 2,QA1,"10""x4""",,个,30.5,KG,
,CPR01166,偏心大小头,SCH40xSCH40,SS,BW,20,1916T3019,ASME B16.9,RCC-M 2,QA1,"10""x4""",,个,10.7,KG,
,CPR01167,偏心大小头,SCH80SxSCH80S,SS,BW,022Cr19Ni10,1916T3017,ASME B16.9,RCC-M 2,QA1,"10""x4""",,个,12.5,KG,
,CPR01168,偏心大小头,SCH80SxSCH40S,SS,BW,022Cr19Ni10,1916T3017,ASME B16.9,RCC-M 3,QA2,"10""x4""",,个,12.5,KG,
,CPR01169,偏心大小头,SCH10SxSCH10S,SS,BW,022Cr17Ni12Mo2,1916T3023,ASME B16.9,NA,QNCa,"10""x4""",,个,4.7,KG,
,CPR01170,偏心大小头,SCH10SxSCH10S,SS,BW,022Cr19Ni10,1916T3023,ASME B16.9,NA,QNCa,"10""x4""",,个,4.7,KG,
,CPR01171,偏心大小头,SCH20x3.58mm,SS,BW,20,1916T3025,ASME B16.9,NA,QNCa,"10""x4""",,个,7.85,KG,
,CPR01172,偏心大小头,SCH140xSCH160,SS,BW,026Cr18Ni12Mo2N,1916T3017,ASME B16.9,RCC-M 1,QA1,"10""x5""",,个,30.5,KG,
,CPR01173,偏心大小头,SCH140xSCH160,SS,BW,022Cr19Ni10,1916T3017,ASME B16.9,RCC-M 2,QA1,"10""x5""",,个,30.5,KG,
,CPR01174,偏心大小头,SCH40xSCH40,SS,BW,20,1916T3019,ASME B16.9,RCC-M 2,QA1,"10""x5""",,个,10.7,KG,
,CPR01175,偏心大小头,SCH80SxSCH80S,SS,BW,022Cr19Ni10,1916T3017,ASME B16.9,RCC-M 2,QA1,"10""x5""",,个,14.2,KG,
,CPR01176,偏心大小头,SCH80SxSCH40S,SS,BW,022Cr19Ni10,1916T3017,ASME B16.9,RCC-M 3,QA2,"10""x5""",,个,14.2,KG,
,CPR01177,偏心大小头,SCH10SxSCH10S,SS,BW,022Cr17Ni12Mo2,1916T3023,ASME B16.9,NA,QNCa,"10""x5""",,个,4.9,KG,
,CPR01178,偏心大小头,SCH10SxSCH10S,SS,BW,022Cr19Ni10,1916T3023,ASME B16.9,NA,QNCa,"10""x5""",,个,4.9,KG,
,CPR01179,偏心大小头,SCH20x3.96mm,SS,BW,20,1916T3025,ASME B16.9,NA,QNCa,"10""x5""",,个,7.85,KG,
,CPR01180,偏心大小头,SCH140xSCH160,SS,BW,026Cr18Ni12Mo2N,1916T3017,ASME B16.9,RCC-M 1,QA1,"10""x6""",,个,30.5,KG,
,CPR01181,偏心大小头,SCH140xSCH160,SS,BW,022Cr19Ni10,1916T3017,ASME B16.9,RCC-M 2,QA1,"10""x6""",,个,30.5,KG,
,CPR01182,偏心大小头,SCH40xSCH40,SS,BW,20,1916T3019,ASME B16.9,RCC-M 2,QA1,"10""x6""",,个,10.7,KG,
,CPR01183,偏心大小头,SCH80SxSCH80S,SS,BW,022Cr19Ni10,1916T3017,ASME B16.9,RCC-M 2,QA1,"10""x6""",,个,14.8,KG,
,CPR01184,偏心大小头,SCH80SxSCH40S,SS,BW,022Cr19Ni10,1916T3017,ASME B16.9,RCC-M 3,QA2,"10""x6""",,个,14.8,KG,
,CPR01185,偏心大小头,SCH10SxSCH10S,SS,BW,022Cr17Ni12Mo2,1916T3023,ASME B16.9,NA,QNCa,"10""x6""",,个,5,KG,
,CPR01186,偏心大小头,SCH10SxSCH10S,SS,BW,022Cr19Ni10,1916T3023,ASME B16.9,NA,QNCa,"10""x6""",,个,5,KG,
,CPR01187,偏心大小头,SCH20x4.37mm,SS,BW,20,1916T3025,ASME B16.9,NA,QNCa,"10""x6""",,个,27.5,KG,
,CPR01188,偏心大小头,SCH140xSCH160,SS,BW,026Cr18Ni12Mo2N,1916T3017,ASME B16.9,RCC-M 1,QA1,"10""x8""",,个,30.5,KG,
,CPR01189,偏心大小头,SCH140xSCH160,SS,BW,022Cr19Ni10,1916T3017,ASME B16.9,RCC-M 2,QA1,"10""x8""",,个,30.5,KG,
,CPR01190,偏心大小头,SCH40xSCH40,SS,BW,20,1916T3019,ASME B16.9,RCC-M 2,QA1,"10""x8""",,个,10.7,KG,
,CPR01191,偏心大小头,SCH80SxSCH80S,SS,BW,022Cr19Ni10,1916T3017,ASME B16.9,RCC-M 2,QA1,"10""x8""",,个,15.6,KG,
,CPR01192,偏心大小头,SCH80SxSCH40S,SS,BW,022Cr19Ni10,1916T3017,ASME B16.9,RCC-M 3,QA2,"10""x8""",,个,15.6,KG,
,CPR01193,偏心大小头,SCH10SxSCH10S,SS,BW,022Cr17Ni12Mo2,1916T3023,ASME B16.9,NA,QNCa,"10""x8""",,个,5.2,KG,
,CPR01194,偏心大小头,SCH10SxSCH10S,SS,BW,022Cr19Ni10,1916T3023,ASME B16.9,NA,QNCa,"10""x8""",,个,5.2,KG,
,CPR01195,偏心大小头,SCH20xSCH20,SS,BW,20,1916T3025,ASME B16.9,NA,QNCa,"10""x8""",,个,27.5,KG,
,CPR01196,偏心大小头,SCH140xSCH160,SS,BW,026Cr18Ni12Mo2N,1916T3017,ASME B16.9,RCC-M 1,QA1,"12""x5""",,个,44.2,KG,
,CPR01197,偏心大小头,SCH140xSCH160,SS,BW,022Cr19Ni10,1916T3017,ASME B16.9,RCC-M 2,QA1,"12""x5""",,个,44.2,KG,
,CPR01198,偏心大小头,SCH40xSCH40,SS,BW,20,1916T3019,ASME B16.9,RCC-M 2,QA1,"12""x5""",,个,16.3,KG,
,CPR01199,偏心大小头,SCH80SxSCH80S,SS,BW,022Cr19Ni10,1916T3017,ASME B16.9,RCC-M 2,QA1,"12""x5""",,个,19.4,KG,
,CPR01200,偏心大小头,SCH80SxSCH40S,SS,BW,022Cr19Ni10,1916T3017,ASME B16.9,RCC-M 3,QA2,"12""x5""",,个,19.4,KG,
,CPR01201,偏心大小头,7.14mmx3.96mm,SS,BW,20,1916T3025,ASME B16.9,NA,QNCa,"12""x5""",,个,,KG,
,CPR01202,偏心大小头,SCH10SxSCH10S,SS,BW,022Cr17Ni12Mo2,1916T3023,ASME B16.9,NA,QNCa,"12""x5""",,个,7.3,KG,
,CPR01203,偏心大小头,SCH10SxSCH10S,SS,BW,022Cr19Ni10,1916T3023,ASME B16.9,NA,QNCa,"12""x5""",,个,7.3,KG,
,CPR01204,偏心大小头,SCH20x3.96mm,SS,BW,20,1916T3025,ASME B16.9,NA,QNCa,"12""x5""",,个,11.2,KG,
,CPR01205,偏心大小头,SCH140xSCH160,SS,BW,026Cr18Ni12Mo2N,1916T3017,ASME B16.9,RCC-M 1,QA1,"12""x6""",,个,44.2,KG,
,CPR01206,偏心大小头,SCH140xSCH160,SS,BW,022Cr19Ni10,1916T3017,ASME B16.9,RCC-M 2,QA1,"12""x6""",,个,44.2,KG,
,CPR01207,偏心大小头,SCH40xSCH40,SS,BW,20,1916T3019,ASME B16.9,RCC-M 2,QA1,"12""x6""",,个,16.3,KG,
,CPR01208,偏心大小头,SCH80SxSCH80S,SS,BW,022Cr19Ni10,1916T3017,ASME B16.9,RCC-M 2,QA1,"12""x6""",,个,20.1,KG,
,CPR01209,偏心大小头,SCH80SxSCH40S,SS,BW,022Cr19Ni10,1916T3017,ASME B16.9,RCC-M 3,QA2,"12""x6""",,个,20.1,KG,
,CPR01210,偏心大小头,7.14mmx4.37mm,SS,BW,20,1916T3025,ASME B16.9,NA,QNCa,"12""x6""",,个,,KG,
,CPR01211,偏心大小头,SCH10SxSCH10S,SS,BW,022Cr17Ni12Mo2,1916T3023,ASME B16.9,NA,QNCa,"12""x6""",,个,7.4,KG,
,CPR01212,偏心大小头,SCH10SxSCH10S,SS,BW,022Cr19Ni10,1916T3023,ASME B16.9,NA,QNCa,"12""x6""",,个,7.4,KG,
,CPR01213,偏心大小头,SCH20x4.37mm,SS,BW,20,1916T3025,ASME B16.9,NA,QNCa,"12""x6""",,个,11.2,KG,
,CPR01214,偏心大小头,SCH140xSCH160,SS,BW,026Cr18Ni12Mo2N,1916T3017,ASME B16.9,RCC-M 1,QA1,"12""x8""",,个,44.2,KG,
,CPR01215,偏心大小头,SCH140xSCH160,SS,BW,022Cr19Ni10,1916T3017,ASME B16.9,RCC-M 2,QA1,"12""x8""",,个,44.2,KG,
,CPR01216,偏心大小头,SCH40xSCH40,SS,BW,20,1916T3019,ASME B16.9,RCC-M 2,QA1,"12""x8""",,个,16.3,KG,
,CPR01217,偏心大小头,SCH80SxSCH80S,SS,BW,022Cr19Ni10,1916T3017,ASME B16.9,RCC-M 2,QA1,"12""x8""",,个,20.9,KG,
,CPR01218,偏心大小头,SCH80SxSCH40S,SS,BW,022Cr19Ni10,1916T3017,ASME B16.9,RCC-M 3,QA2,"12""x8""",,个,20.9,KG,
,CPR01219,偏心大小头,7.14mmxSCH20,SS,BW,20,1916T3025,ASME B16.9,NA,QNCa,"12""x8""",,个,7.66,KG,
,CPR01220,偏心大小头,SCH10SxSCH10S,SS,BW,022Cr17Ni12Mo2,1916T3023,ASME B16.9,NA,QNCa,"12""x8""",,个,7.7,KG,
,CPR01221,偏心大小头,SCH10SxSCH10S,SS,BW,022Cr19Ni10,1916T3023,ASME B16.9,NA,QNCa,"12""x8""",,个,7.7,KG,
,CPR01222,偏心大小头,SCH20xSCH20,SS,BW,20,1916T3025,ASME B16.9,NA,QNCa,"12""x8""",,个,11.2,KG,
,CPR01223,偏心大小头,SCH140xSCH140,SS,BW,026Cr18Ni12Mo2N,1916T3017,ASME B16.9,RCC-M 1,QA1,"12""x10""",,个,44.2,KG,
,CPR01224,偏心大小头,SCH140xSCH140,SS,BW,022Cr19Ni10,1916T3017,ASME B16.9,RCC-M 2,QA1,"12""x10""",,个,44.2,KG,
,CPR01225,偏心大小头,SCH40xSCH40,SS,BW,20,1916T3019,ASME B16.9,RCC-M 2,QA1,"12""x10""",,个,16.3,KG,
,CPR01226,偏心大小头,SCH80SxSCH80S,SS,BW,022Cr19Ni10,1916T3017,ASME B16.9,RCC-M 2,QA1,"12""x10""",,个,21.6,KG,
,CPR01227,偏心大小头,SCH80SxSCH80S,SS,BW,022Cr19Ni10,1916T3017,ASME B16.9,RCC-M 3,QA2,"12""x10""",,个,21.6,KG,
,CPR01228,偏心大小头,7.14mmxSCH20,SS,BW,20,1916T3025,ASME B16.9,NA,QNCa,"12""x10""",,个,,KG,
,CPR01229,偏心大小头,SCH10SxSCH10S,SS,BW,022Cr17Ni12Mo2,1916T3023,ASME B16.9,NA,QNCa,"12""x10""",,个,8,KG,
,CPR01230,偏心大小头,SCH10SxSCH10S,SS,BW,022Cr19Ni10,1916T3023,ASME B16.9,NA,QNCa,"12""x10""",,个,8,KG,
,CPR01231,偏心大小头,SCH20xSCH20,SS,BW,20,1916T3025,ASME B16.9,NA,QNCa,"12""x10""",,个,11.2,KG,
,CPR01232,偏心大小头,SCH140xSCH160,SS,BW,026Cr18Ni12Mo2N,1916T3017,ASME B16.9,RCC-M 1,QA1,"14""x6""",,个,88.4,KG,
,CPR01233,偏心大小头,SCH140xSCH160,SS,BW,022Cr19Ni10,1916T3017,ASME B16.9,RCC-M 2,QA1,"14""x6""",,个,88.4,KG,
,CPR01234,偏心大小头,SCH40xSCH40,SS,BW,20,1916T3019,ASME B16.9,RCC-M 2,QA1,"14""x6""",,个,32.1,KG,
,CPR01235,偏心大小头,SCH80SxSCH80S,SS,BW,022Cr19Ni10,1916T3017,ASME B16.9,RCC-M 2,QA1,"14""x6""",,个,,KG,
,CPR01236,偏心大小头,SCH60xSCH40S,SS,BW,022Cr19Ni10,1916T3017,ASME B16.9,RCC-M 3,QA2,"14""x6""",,个,,KG,
,CPR01237,偏心大小头,SCH10SxSCH10S,SS,BW,022Cr17Ni12Mo2,1916T3023,ASME B16.9,NA,QNCa,"14""x6""",,个,13.1,KG,
,CPR01238,偏心大小头,SCH10SxSCH10S,SS,BW,022Cr19Ni10,1916T3023,ASME B16.9,NA,QNCa,"14""x6""",,个,13.1,KG,
,CPR01239,偏心大小头,SCH20x4.37mm,SS,BW,20,1916T3025,ASME B16.9,NA,QNCa,"14""x6""",,个,25.6,KG,
,CPR01240,偏心大小头,SCH140xSCH160,SS,BW,026Cr18Ni12Mo2N,1916T3017,ASME B16.9,RCC-M 1,QA1,"14""x8""",,个,88.4,KG,
,CPR01241,偏心大小头,SCH140xSCH160,SS,BW,022Cr19Ni10,1916T3017,ASME B16.9,RCC-M 2,QA1,"14""x8""",,个,88.4,KG,
,CPR01242,偏心大小头,SCH40xSCH40,SS,BW,20,1916T3019,ASME B16.9,RCC-M 2,QA1,"14""x8""",,个,32.1,KG,
,CPR01243,偏心大小头,SCH80SxSCH80S,SS,BW,022Cr19Ni10,1916T3017,ASME B16.9,RCC-M 2,QA1,"14""x8""",,个,,KG,
,CPR01244,偏心大小头,SCH60xSCH40S,SS,BW,022Cr19Ni10,1916T3017,ASME B16.9,RCC-M 3,QA2,"14""x8""",,个,42,KG,
,CPR01245,偏心大小头,SCH10SxSCH10S,SS,BW,022Cr17Ni12Mo2,1916T3023,ASME B16.9,NA,QNCa,"14""x8""",,个,13.9,KG,
,CPR01246,偏心大小头,SCH10SxSCH10S,SS,BW,022Cr19Ni10,1916T3023,ASME B16.9,NA,QNCa,"14""x8""",,个,13.9,KG,
,CPR01247,偏心大小头,SCH20xSCH20,SS,BW,20,1916T3025,ASME B16.9,NA,QNCa,"14""x8""",,个,25.6,KG,
,CPR01248,偏心大小头,SCH140xSCH140,SS,BW,026Cr18Ni12Mo2N,1916T3017,ASME B16.9,RCC-M 1,QA1,"14""x10""",,个,88.4,KG,
,CPR01249,偏心大小头,SCH140xSCH140,SS,BW,022Cr19Ni10,1916T3017,ASME B16.9,RCC-M 2,QA1,"14""x10""",,个,88.4,KG,
,CPR01250,偏心大小头,SCH40xSCH40,SS,BW,20,1916T3019,ASME B16.9,RCC-M 2,QA1,"14""x10""",,个,32.1,KG,
,CPR01251,偏心大小头,SCH80SxSCH80S,SS,BW,022Cr19Ni10,1916T3017,ASME B16.9,RCC-M 2,QA1,"14""x10""",,个,,KG,
,CPR01252,偏心大小头,SCH60xSCH80S,SS,BW,022Cr19Ni10,1916T3017,ASME B16.9,RCC-M 3,QA2,"14""x10""",,个,42,KG,
,CPR01253,偏心大小头,SCH10SxSCH10S,SS,BW,022Cr17Ni12Mo2,1916T3023,ASME B16.9,NA,QNCa,"14""x10""",,个,14.4,KG,
,CPR01254,偏心大小头,SCH10SxSCH10S,SS,BW,022Cr19Ni10,1916T3023,ASME B16.9,NA,QNCa,"14""x10""",,个,14.4,KG,
,CPR01255,偏心大小头,SCH20xSCH20,SS,BW,20,1916T3025,ASME B16.9,NA,QNCa,"14""x10""",,个,25.6,KG,
,CPR01256,偏心大小头,SCH140xSCH140,SS,BW,026Cr18Ni12Mo2N,1916T3017,ASME B16.9,RCC-M 1,QA1,"14""x12""",,个,88.4,KG,
,CPR01257,偏心大小头,SCH140xSCH140,SS,BW,022Cr19Ni10,1916T3017,ASME B16.9,RCC-M 2,QA1,"14""x12""",,个,88.4,KG,
,CPR01258,偏心大小头,SCH40xSCH40,SS,BW,20,1916T3019,ASME B16.9,RCC-M 2,QA1,"14""x12""",,个,32.1,KG,
,CPR01259,偏心大小头,SCH80SxSCH80S,SS,BW,022Cr19Ni10,1916T3017,ASME B16.9,RCC-M 2,QA1,"14""x12""",,个,,KG,
,CPR01260,偏心大小头,SCH60xSCH80S,SS,BW,022Cr19Ni10,1916T3017,ASME B16.9,RCC-M 3,QA2,"14""x12""",,个,42,KG,
,CPR01261,偏心大小头,SCH10SxSCH10S,SS,BW,022Cr17Ni12Mo2,1916T3023,ASME B16.9,NA,QNCa,"14""x12""",,个,15.3,KG,
,CPR01262,偏心大小头,SCH10SxSCH10S,SS,BW,022Cr19Ni10,1916T3023,ASME B16.9,NA,QNCa,"14""x12""",,个,15.3,KG,
,CPR01263,偏心大小头,SCH20x7.14mm,SS,BW,20,1916T3025,ASME B16.9,NA,QNCa,"14""x12""",,个,25.6,KG,
,CPR01264,偏心大小头,SCH140xSCH160,SS,BW,026Cr18Ni12Mo2N,1916T3017,ASME B16.9,RCC-M 1,QA1,"16""x8""",,个,123.9,KG,
,CPR01265,偏心大小头,SCH140xSCH160,SS,BW,022Cr19Ni10,1916T3017,ASME B16.9,RCC-M 2,QA1,"16""x8""",,个,123.9,KG,
,CPR01266,偏心大小头,SCH40xSCH40,SS,BW,20,1916T3019,ASME B16.9,RCC-M 2,QA1,"16""x8""",,个,48.8,KG,
,CPR01267,偏心大小头,SCH80SxSCH80S,SS,BW,022Cr19Ni10,1916T3017,ASME B16.9,RCC-M 2,QA1,"16""x8""",,个,,KG,
,CPR01268,偏心大小头,SCH60xSCH40S,SS,BW,022Cr19Ni10,1916T3017,ASME B16.9,RCC-M 3,QA2,"16""x8""",,个,57,KG,
,CPR01269,偏心大小头,SCH10SxSCH10S,SS,BW,022Cr17Ni12Mo2,1916T3023,ASME B16.9,NA,QNCa,"16""x8""",,个,16.7,KG,
,CPR01270,偏心大小头,SCH10SxSCH10S,SS,BW,022Cr19Ni10,1916T3023,ASME B16.9,NA,QNCa,"16""x8""",,个,16.7,KG,
,CPR01271,偏心大小头,SCH20xSCH20,SS,BW,20,1916T3025,ASME B16.9,NA,QNCa,"16""x8""",,个,30.5,KG,
,CPR01272,偏心大小头,SCH140xSCH140,SS,BW,026Cr18Ni12Mo2N,1916T3017,ASME B16.9,RCC-M 1,QA1,"16""x10""",,个,123.9,KG,
,CPR01273,偏心大小头,SCH140xSCH140,SS,BW,022Cr19Ni10,1916T3017,ASME B16.9,RCC-M 2,QA1,"16""x10""",,个,123.9,KG,
,CPR01274,偏心大小头,SCH40xSCH40,SS,BW,20,1916T3019,ASME B16.9,RCC-M 2,QA1,"16""x10""",,个,48.8,KG,
,CPR01275,偏心大小头,SCH80SxSCH80S,SS,BW,022Cr19Ni10,1916T3017,ASME B16.9,RCC-M 2,QA1,"16""x10""",,个,,KG,
,CPR01276,偏心大小头,SCH60xSCH80S,SS,BW,022Cr19Ni10,1916T3017,ASME B16.9,RCC-M 3,QA2,"16""x10""",,个,57,KG,
,CPR01277,偏心大小头,SCH10SxSCH10S,SS,BW,022Cr17Ni12Mo2,1916T3023,ASME B16.9,NA,QNCa,"16""x10""",,个,17.7,KG,
,CPR01278,偏心大小头,SCH10SxSCH10S,SS,BW,022Cr19Ni10,1916T3023,ASME B16.9,NA,QNCa,"16""x10""",,个,17.7,KG,
,CPR01279,偏心大小头,SCH20xSCH20,SS,BW,20,1916T3025,ASME B16.9,NA,QNCa,"16""x10""",,个,30.5,KG,
,CPR01280,偏心大小头,SCH140xSCH140,SS,BW,026Cr18Ni12Mo2N,1916T3017,ASME B16.9,RCC-M 1,QA1,"16""x12""",,个,123.9,KG,
,CPR01281,偏心大小头,SCH140xSCH140,SS,BW,022Cr19Ni10,1916T3017,ASME B16.9,RCC-M 2,QA1,"16""x12""",,个,123.9,KG,
,CPR01282,偏心大小头,SCH40xSCH40,SS,BW,20,1916T3019,ASME B16.9,RCC-M 2,QA1,"16""x12""",,个,48.8,KG,
,CPR01283,偏心大小头,SCH80SxSCH80S,SS,BW,022Cr19Ni10,1916T3017,ASME B16.9,RCC-M 2,QA1,"16""x12""",,个,,KG,
,CPR01284,偏心大小头,SCH60xSCH80S,SS,BW,022Cr19Ni10,1916T3017,ASME B16.9,RCC-M 3,QA2,"16""x12""",,个,57,KG,
,CPR01285,偏心大小头,SCH10SxSCH10S,SS,BW,022Cr17Ni12Mo2,1916T3023,ASME B16.9,NA,QNCa,"16""x12""",,个,18.3,KG,
,CPR01286,偏心大小头,SCH10SxSCH10S,SS,BW,022Cr19Ni10,1916T3023,ASME B16.9,NA,QNCa,"16""x12""",,个,18.3,KG,
,CPR01287,偏心大小头,SCH20x7.14mm,SS,BW,20,1916T3025,ASME B16.9,NA,QNCa,"16""x12""",,个,30.5,KG,
,CPR01288,偏心大小头,SCH140xSCH140,SS,BW,026Cr18Ni12Mo2N,1916T3017,ASME B16.9,RCC-M 1,QA1,"16""x14""",,个,123.9,KG,
,CPR01289,偏心大小头,SCH140xSCH140,SS,BW,022Cr19Ni10,1916T3017,ASME B16.9,RCC-M 2,QA1,"16""x14""",,个,123.9,KG,
,CPR01290,偏心大小头,SCH40xSCH40,SS,BW,20,1916T3019,ASME B16.9,RCC-M 2,QA1,"16""x14""",,个,48.8,KG,
,CPR01291,偏心大小头,SCH80SxSCH80S,SS,BW,022Cr19Ni10,1916T3017,ASME B16.9,RCC-M 2,QA1,"16""x14""",,个,,KG,
,CPR01292,偏心大小头,SCH60xSCH60,SS,BW,022Cr19Ni10,1916T3017,ASME B16.9,RCC-M 3,QA2,"16""x14""",,个,57,KG,
,CPR01293,偏心大小头,SCH10SxSCH10S,SS,BW,022Cr17Ni12Mo2,1916T3023,ASME B16.9,NA,QNCa,"16""x14""",,个,18.8,KG,
,CPR01294,偏心大小头,SCH10SxSCH10S,SS,BW,022Cr19Ni10,1916T3023,ASME B16.9,NA,QNCa,"16""x14""",,个,18.8,KG,
,CPR01295,偏心大小头,SCH20xSCH20,SS,BW,20,1916T3025,ASME B16.9,NA,QNCa,"16""x14""",,个,30.5,KG,
,CPR01296,偏心大小头,SCH140xSCH140,SS,BW,026Cr18Ni12Mo2N,1916T3017,ASME B16.9,RCC-M 1,QA1,"18""x10""",,个,162.9,KG,
,CPR01297,偏心大小头,SCH140xSCH140,SS,BW,022Cr19Ni10,1916T3017,ASME B16.9,RCC-M 2,QA1,"18""x10""",,个,162.9,KG,
,CPR01298,偏心大小头,SCH140xSCH140,SS,BW,026Cr18Ni12Mo2N,1916T3017,ASME B16.9,RCC-M 1,QA1,"18""x12""",,个,162.9,KG,
,CPR01299,偏心大小头,SCH140xSCH140,SS,BW,022Cr19Ni10,1916T3017,ASME B16.9,RCC-M 2,QA1,"18""x12""",,个,162.9,KG,
,CPR01300,偏心大小头,SCH140xSCH140,SS,BW,026Cr18Ni12Mo2N,1916T3017,ASME B16.9,RCC-M 1,QA1,"18""x14""",,个,162.9,KG,
,CPR01301,偏心大小头,SCH140xSCH140,SS,BW,022Cr19Ni10,1916T3017,ASME B16.9,RCC-M 2,QA1,"18""x14""",,个,162.9,KG,
,CPR01302,偏心大小头,SCH140xSCH140,SS,BW,026Cr18Ni12Mo2N,1916T3017,ASME B16.9,RCC-M 1,QA1,"18""x16""",,个,162.9,KG,
,CPR01303,偏心大小头,SCH140xSCH140,SS,BW,022Cr19Ni10,1916T3017,ASME B16.9,RCC-M 2,QA1,"18""x16""",,个,162.9,KG,
,CPR01304,偏心大小头,SCH140xSCH160,SS,BW,026Cr18Ni12Mo2N,1916T3017,ASME B16.9,RCC-M 1,QA1,"20""x8""",,个,,KG,
,CPR01305,偏心大小头,SCH140xSCH160,SS,BW,022Cr19Ni10,1916T3017,ASME B16.9,RCC-M 2,QA1,"20""x8""",,个,,KG,
,CPR01306,偏心大小头,SCH20xSCH20,FS,BW,20,1916T3025,ASME B16.9,NA,QNCa,"20""x8""",,个,,KG,
,CPR01307,偏心大小头,SCH140xSCH140,SS,BW,026Cr18Ni12Mo2N,1916T3017,ASME B16.9,RCC-M 1,QA1,"20""x12""",,个,266.9,KG,
,CPR01308,偏心大小头,SCH140xSCH140,SS,BW,022Cr19Ni10,1916T3017,ASME B16.9,RCC-M 2,QA1,"20""x12""",,个,266.9,KG,
,CPR01309,偏心大小头,SCH20xSCH20,FS,BW,20,1916T3025,ASME B16.9,NA,QNCa,"20""x12""",,个,62.7,KG,
,CPR01310,偏心大小头,SCH140xSCH140,SS,BW,026Cr18Ni12Mo2N,1916T3017,ASME B16.9,RCC-M 1,QA1,"20""x14""",,个,266.9,KG,
,CPR01311,偏心大小头,SCH140xSCH140,SS,BW,022Cr19Ni10,1916T3017,ASME B16.9,RCC-M 2,QA1,"20""x14""",,个,266.9,KG,
,CPR01312,偏心大小头,SCH20xSCH20,FS,BW,20,1916T3025,ASME B16.9,NA,QNCa,"20""x14""",,个,62.7,KG,
,CPR01313,偏心大小头,SCH140xSCH140,SS,BW,026Cr18Ni12Mo2N,1916T3017,ASME B16.9,RCC-M 1,QA1,"20""x16""",,个,266.9,KG,
,CPR01314,偏心大小头,SCH140xSCH140,SS,BW,022Cr19Ni10,1916T3017,ASME B16.9,RCC-M 2,QA1,"20""x16""",,个,266.9,KG,
,CPR01315,偏心大小头,SCH20xSCH20,FS,BW,20,1916T3025,ASME B16.9,NA,QNCa,"20""x16""",,个,62.7,KG,
,CPR01316,偏心大小头,SCH140xSCH140,SS,BW,026Cr18Ni12Mo2N,1916T3017,ASME B16.9,RCC-M 1,QA1,"20""x18""",,个,266.9,KG,
,CPR01317,偏心大小头,SCH140xSCH140,SS,BW,022Cr19Ni10,1916T3017,ASME B16.9,RCC-M 2,QA1,"20""x18""",,个,266.9,KG,
,CPR01318,偏心大小头,SCH20xSCH20,FS,BW,20,1916T3025,ASME B16.9,NA,QNCa,"20""x18""",,个,62.7,KG,
,CPR01319,偏心大小头,SCH140xSCH140,SS,BW,026Cr18Ni12Mo2N,1916T3017,ASME B16.9,RCC-M 1,QA1,"22""x14""",,个,315.5,KG,
,CPR01320,偏心大小头,SCH140xSCH140,SS,BW,022Cr19Ni10,1916T3017,ASME B16.9,RCC-M 2,QA1,"22""x14""",,个,315.5,KG,
,CPR01321,偏心大小头,SCH30xSCH20,FS,BW,20,1916T3025,ASME B16.9,NA,QNCa,"22""x14""",,个,92,KG,
,CPR01322,偏心大小头,SCH140xSCH140,SS,BW,026Cr18Ni12Mo2N,1916T3017,ASME B16.9,RCC-M 1,QA1,"22""x16""",,个,315.5,KG,
,CPR01323,偏心大小头,SCH140xSCH140,SS,BW,022Cr19Ni10,1916T3017,ASME B16.9,RCC-M 2,QA1,"22""x16""",,个,315.5,KG,
,CPR01324,偏心大小头,SCH30xSCH20,FS,BW,20,1916T3025,ASME B16.9,NA,QNCa,"22""x16""",,个,92,KG,
,CPR01325,偏心大小头,SCH140xSCH140,SS,BW,026Cr18Ni12Mo2N,1916T3017,ASME B16.9,RCC-M 1,QA1,"22""x18""",,个,315.5,KG,
,CPR01326,偏心大小头,SCH140xSCH140,SS,BW,022Cr19Ni10,1916T3017,ASME B16.9,RCC-M 2,QA1,"22""x18""",,个,315.5,KG,
,CPR01327,偏心大小头,SCH30xSCH20,FS,BW,20,1916T3025,ASME B16.9,NA,QNCa,"22""x18""",,个,92,KG,
,CPR01328,偏心大小头,SCH140xSCH140,SS,BW,026Cr18Ni12Mo2N,1916T3017,ASME B16.9,RCC-M 1,QA1,"22""x20""",,个,315.5,KG,
,CPR01329,偏心大小头,SCH140xSCH140,SS,BW,022Cr19Ni10,1916T3017,ASME B16.9,RCC-M 2,QA1,"22""x20""",,个,315.5,KG,
,CPR01330,偏心大小头,SCH30xSCH20,FS,BW,20,1916T3025,ASME B16.9,NA,QNCa,"22""x20""",,个,92,KG,
,CPR01331,偏心大小头,SCH140xSCH140,SS,BW,026Cr18Ni12Mo2N,1916T3017,ASME B16.9,RCC-M 1,QA1,"24""x16""",,个,378.3,KG,
,CPR01332,偏心大小头,SCH140xSCH140,SS,BW,022Cr19Ni10,1916T3017,ASME B16.9,RCC-M 2,QA1,"24""x16""",,个,378.3,KG,
,CPR01333,偏心大小头,SCH140xSCH140,SS,BW,026Cr18Ni12Mo2N,1916T3017,ASME B16.9,RCC-M 1,QA1,"24""x18""",,个,378.3,KG,
,CPR01334,偏心大小头,SCH140xSCH140,SS,BW,022Cr19Ni10,1916T3017,ASME B16.9,RCC-M 2,QA1,"24""x18""",,个,378.3,KG,
,CPR01335,偏心大小头,SCH140xSCH140,SS,BW,026Cr18Ni12Mo2N,1916T3017,ASME B16.9,RCC-M 1,QA1,"24""x20""",,个,378.3,KG,
,CPR01336,偏心大小头,SCH140xSCH140,SS,BW,022Cr19Ni10,1916T3017,ASME B16.9,RCC-M 2,QA1,"24""x20""",,个,378.3,KG,
,CPR01337,偏心大小头,SCH140xSCH140,SS,BW,026Cr18Ni12Mo2N,1916T3017,ASME B16.9,RCC-M 1,QA1,"24""x22""",,个,378.3,KG,
,CPR01338,偏心大小头,SCH140xSCH140,SS,BW,022Cr19Ni10,1916T3017,ASME B16.9,RCC-M 2,QA1,"24""x22""",,个,378.3,KG,
,CPR01339,偏心大小头,3.18mmxSCH40,SS,BW,20,1916T3019,ASME B16.9,RCC-M 2,QA1,"2-1/2""x1""",,个,,KG,
,CPR01340,偏心大小头,3.18mmxSCH40,SS,BW,20,1916T3019,ASME B16.9,RCC-M 3,QA2,"2-1/2""x1""",,个,,KG,
,CPR01341,偏心大小头,SCH10SxSCH10S,SS,BW,022Cr19Ni10,1916T3017,ASME B16.9,RCC-M 2,QA1,"2-1/2""x1""",,个,0.38,KG,
,CPR01342,偏心大小头,SCH10SxSCH10S,SS,BW,022Cr19Ni10,1916T3017,ASME B16.9,RCC-M 3,QA2,"2-1/2""x1""",,个,0.38,KG,
,CPR01343,偏心大小头,SCH160xSCH160,SS,BW,P280GH,1916T3019,ASME B16.9,RCC-M 2,QA1,"2-1/2""x1""",,个,1.4,KG,
,CPR01344,偏心大小头,SCH40xSCH40,SS,BW,20,1916T3019,ASME B16.9,RCC-M 3,QA2,"2-1/2""x1""",,个,0.8,KG,
,CPR01345,偏心大小头,SCH40SxSCH40S,SS,BW,022Cr19Ni10,1916T3017,ASME B16.9,RCC-M 2,QA1,"2-1/2""x1""",,个,0.64,KG,
,CPR01346,偏心大小头,SCH80xSCH80,SS,BW,20,1916T3019,ASME B16.9,RCC-M 2,QA1,"2-1/2""x1""",,个,1.03,KG,
,CPR01347,偏心大小头,SCH80xSCH80,SS,BW,P280GH,1916T3019,ASME B16.9,RCC-M 2,QA1,"2-1/2""x1""",,个,1.03,KG,
,CPR01348,偏心大小头,3.18mmxSCH40,SS,BW,20,1916T3019,ASME B16.9,RCC-M 2,QA1,"2-1/2""x1-1/4""",,个,,KG,
,CPR01349,偏心大小头,3.18mmxSCH40,SS,BW,20,1916T3019,ASME B16.9,RCC-M 3,QA2,"2-1/2""x1-1/4""",,个,,KG,
,CPR01350,偏心大小头,SCH10SxSCH10S,SS,BW,022Cr19Ni10,1916T3017,ASME B16.9,RCC-M 2,QA1,"2-1/2""x1-1/4""",,个,0.43,KG,
,CPR01351,偏心大小头,SCH10SxSCH10S,SS,BW,022Cr19Ni10,1916T3017,ASME B16.9,RCC-M 3,QA2,"2-1/2""x1-1/4""",,个,0.43,KG,
,CPR01352,偏心大小头,SCH160xSCH160,SS,BW,P280GH,1916T3019,ASME B16.9,RCC-M 2,QA1,"2-1/2""x1-1/4""",,个,1.4,KG,
,CPR01353,偏心大小头,SCH40xSCH40,SS,BW,20,1916T3019,ASME B16.9,RCC-M 3,QA2,"2-1/2""x1-1/4""",,个,0.8,KG,
,CPR01354,偏心大小头,SCH40SxSCH40S,SS,BW,022Cr19Ni10,1916T3017,ASME B16.9,RCC-M 2,QA1,"2-1/2""x1-1/4""",,个,0.73,KG,
,CPR01355,偏心大小头,SCH80xSCH80,SS,BW,20,1916T3019,ASME B16.9,RCC-M 2,QA1,"2-1/2""x1-1/4""",,个,1.03,KG,
,CPR01356,偏心大小头,SCH80xSCH80,SS,BW,P280GH,1916T3019,ASME B16.9,RCC-M 2,QA1,"2-1/2""x1-1/4""",,个,1.03,KG,
,CPR01357,偏心大小头,3.18mmxSCH40,SS,BW,20,1916T3019,ASME B16.9,RCC-M 2,QA1,"2-1/2""x1-1/2""",,个,,KG,
,CPR01358,偏心大小头,3.18mmxSCH40,SS,BW,20,1916T3019,ASME B16.9,RCC-M 3,QA2,"2-1/2""x1-1/2""",,个,,KG,
,CPR01359,偏心大小头,SCH10SxSCH10S,SS,BW,022Cr19Ni10,1916T3017,ASME B16.9,RCC-M 2,QA1,"2-1/2""x1-1/2""",,个,0.44,KG,
,CPR01360,偏心大小头,SCH10SxSCH10S,SS,BW,022Cr19Ni10,1916T3017,ASME B16.9,RCC-M 3,QA2,"2-1/2""x1-1/2""",,个,0.44,KG,
,CPR01361,偏心大小头,SCH160xSCH160,SS,BW,P280GH,1916T3019,ASME B16.9,RCC-M 2,QA1,"2-1/2""x1-1/2""",,个,1.4,KG,
,CPR01362,偏心大小头,SCH40xSCH40,SS,BW,20,1916T3019,ASME B16.9,RCC-M 3,QA2,"2-1/2""x1-1/2""",,个,0.8,KG,
,CPR01363,偏心大小头,SCH40SxSCH40S,SS,BW,022Cr19Ni10,1916T3017,ASME B16.9,RCC-M 2,QA1,"2-1/2""x1-1/2""",,个,0.76,KG,
,CPR01364,偏心大小头,SCH80xSCH80,SS,BW,20,1916T3019,ASME B16.9,RCC-M 2,QA1,"2-1/2""x1-1/2""",,个,1.03,KG,
,CPR01365,偏心大小头,SCH80xSCH80,SS,BW,P280GH,1916T3019,ASME B16.9,RCC-M 2,QA1,"2-1/2""x1-1/2""",,个,1.03,KG,
,CPR01366,偏心大小头,3.18mmx3.18mm,SS,BW,20,1916T3019,ASME B16.9,RCC-M 2,QA1,"2-1/2""x2""",,个,,KG,
,CPR01367,偏心大小头,3.18mmx3.18mm,SS,BW,20,1916T3019,ASME B16.9,RCC-M 3,QA2,"2-1/2""x2""",,个,,KG,
,CPR01368,偏心大小头,SCH10SxSCH10S,SS,BW,022Cr19Ni10,1916T3017,ASME B16.9,RCC-M 2,QA1,"2-1/2""x2""",,个,0.47,KG,
,CPR01369,偏心大小头,SCH10SxSCH10S,SS,BW,022Cr19Ni10,1916T3017,ASME B16.9,RCC-M 3,QA2,"2-1/2""x2""",,个,0.47,KG,
,CPR01370,偏心大小头,SCH160xSCH160,SS,BW,P280GH,1916T3019,ASME B16.9,RCC-M 2,QA1,"2-1/2""x2""",,个,1.4,KG,
,CPR01371,偏心大小头,SCH40xSCH40,SS,BW,20,1916T3019,ASME B16.9,RCC-M 3,QA2,"2-1/2""x2""",,个,0.8,KG,
,CPR01372,偏心大小头,SCH40SxSCH40S,SS,BW,022Cr19Ni10,1916T3017,ASME B16.9,RCC-M 2,QA1,"2-1/2""x2""",,个,0.8,KG,
,CPR01373,偏心大小头,SCH80xSCH80,SS,BW,20,1916T3019,ASME B16.9,RCC-M 2,QA1,"2-1/2""x2""",,个,1.03,KG,
,CPR01374,偏心大小头,SCH80xSCH80,SS,BW,P280GH,1916T3019,ASME B16.9,RCC-M 2,QA1,"2-1/2""x2""",,个,1.03,KG,
,CPR01375,偏心大小头,3.18mmxSCH40,SS,BW,20,1916T3019,ASME B16.9,RCC-M 2,QA1,"3""x1""",,个,,KG,
,CPR01376,偏心大小头,3.18mmxSCH40,SS,BW,20,1916T3019,ASME B16.9,RCC-M 3,QA2,"3""x1""",,个,,KG,
,CPR01377,偏心大小头,SCH10SxSCH10S,SS,BW,022Cr19Ni10,1916T3017,ASME B16.9,RCC-M 2,QA1,"3""x1""",,个,,KG,
,CPR01378,偏心大小头,SCH10SxSCH10S,SS,BW,022Cr19Ni10,1916T3017,ASME B16.9,RCC-M 3,QA2,"3""x1""",,个,,KG,
,CPR01379,偏心大小头,SCH160xSCH160,SS,BW,P280GH,1916T3019,ASME B16.9,RCC-M 2,QA1,"3""x1""",,个,,KG,
,CPR01380,偏心大小头,SCH40xSCH40,SS,BW,20,1916T3019,ASME B16.9,RCC-M 3,QA2,"3""x1""",,个,,KG,
,CPR01381,偏心大小头,SCH40SxSCH40S,SS,BW,022Cr19Ni10,1916T3017,ASME B16.9,RCC-M 2,QA1,"3""x1""",,个,,KG,
,CPR01382,偏心大小头,SCH80xSCH80,SS,BW,20,1916T3019,ASME B16.9,RCC-M 2,QA1,"3""x1""",,个,,KG,
,CPR01383,偏心大小头,SCH80xSCH80,SS,BW,P280GH,1916T3019,ASME B16.9,RCC-M 2,QA1,"3""x1""",,个,,KG,
,CPR01384,偏心大小头,3.18mmxSCH40,SS,BW,20,1916T3019,ASME B16.9,RCC-M 2,QA1,"3""x1-1/4""",,个,,KG,
,CPR01385,偏心大小头,3.18mmxSCH40,SS,BW,20,1916T3019,ASME B16.9,RCC-M 3,QA2,"3""x1-1/4""",,个,,KG,
,CPR01386,偏心大小头,SCH10SxSCH10S,SS,BW,022Cr19Ni10,1916T3017,ASME B16.9,RCC-M 2,QA1,"3""x1-1/4""",,个,0.47,KG,
,CPR01387,偏心大小头,SCH10SxSCH10S,SS,BW,022Cr19Ni10,1916T3017,ASME B16.9,RCC-M 3,QA2,"3""x1-1/4""",,个,0.47,KG,
,CPR01388,偏心大小头,SCH160xSCH160,SS,BW,P280GH,1916T3019,ASME B16.9,RCC-M 2,QA1,"3""x1-1/4""",,个,2.1,KG,
,CPR01389,偏心大小头,SCH40xSCH40,SS,BW,20,1916T3019,ASME B16.9,RCC-M 3,QA2,"3""x1-1/4""",,个,1.05,KG,
,CPR01390,偏心大小头,SCH40SxSCH40S,SS,BW,022Cr19Ni10,1916T3017,ASME B16.9,RCC-M 2,QA1,"3""x1-1/4""",,个,0.85,KG,
,CPR01391,偏心大小头,SCH80xSCH80,SS,BW,20,1916T3019,ASME B16.9,RCC-M 2,QA1,"3""x1-1/4""",,个,1.42,KG,
,CPR01392,偏心大小头,SCH80xSCH80,SS,BW,P280GH,1916T3019,ASME B16.9,RCC-M 2,QA1,"3""x1-1/4""",,个,1.42,KG,
,CPR01393,偏心大小头,3.18mmxSCH40,SS,BW,20,1916T3019,ASME B16.9,RCC-M 2,QA1,"3""x1-1/2""",,个,,KG,
,CPR01394,偏心大小头,3.18mmxSCH40,SS,BW,20,1916T3019,ASME B16.9,RCC-M 3,QA2,"3""x1-1/2""",,个,,KG,
,CPR01395,偏心大小头,SCH10SxSCH10S,SS,BW,022Cr19Ni10,1916T3017,ASME B16.9,RCC-M 2,QA1,"3""x1-1/2""",,个,0.51,KG,
,CPR01396,偏心大小头,SCH10SxSCH10S,SS,BW,022Cr19Ni10,1916T3017,ASME B16.9,RCC-M 3,QA2,"3""x1-1/2""",,个,0.51,KG,
,CPR01397,偏心大小头,SCH160xSCH160,SS,BW,P280GH,1916T3019,ASME B16.9,RCC-M 2,QA1,"3""x1-1/2""",,个,2.1,KG,
,CPR01398,偏心大小头,SCH40xSCH40,SS,BW,20,1916T3019,ASME B16.9,RCC-M 3,QA2,"3""x1-1/2""",,个,1.05,KG,
,CPR01399,偏心大小头,SCH40SxSCH40S,SS,BW,022Cr19Ni10,1916T3017,ASME B16.9,RCC-M 2,QA1,"3""x1-1/2""",,个,0.94,KG,
,CPR01400,偏心大小头,SCH80xSCH80,SS,BW,20,1916T3019,ASME B16.9,RCC-M 2,QA1,"3""x1-1/2""",,个,1.42,KG,
,CPR01401,偏心大小头,SCH80xSCH80,SS,BW,P280GH,1916T3019,ASME B16.9,RCC-M 2,QA1,"3""x1-1/2""",,个,1.42,KG,
,CPR01402,偏心大小头,3.18mmx3.18mm,SS,BW,20,1916T3019,ASME B16.9,RCC-M 2,QA1,"3""x2""",,个,,KG,
,CPR01403,偏心大小头,3.18mmx3.18mm,SS,BW,20,1916T3019,ASME B16.9,RCC-M 3,QA2,"3""x2""",,个,,KG,
,CPR01404,偏心大小头,SCH10SxSCH10S,SS,BW,022Cr19Ni10,1916T3017,ASME B16.9,RCC-M 2,QA1,"3""x2""",,个,0.55,KG,
,CPR01405,偏心大小头,SCH10SxSCH10S,SS,BW,022Cr19Ni10,1916T3017,ASME B16.9,RCC-M 3,QA2,"3""x2""",,个,0.55,KG,
,CPR01406,偏心大小头,SCH160xSCH160,SS,BW,P280GH,1916T3019,ASME B16.9,RCC-M 2,QA1,"3""x2""",,个,2.1,KG,
,CPR01407,偏心大小头,SCH40xSCH40,SS,BW,20,1916T3019,ASME B16.9,RCC-M 3,QA2,"3""x2""",,个,1.05,KG,
,CPR01408,偏心大小头,SCH40SxSCH40S,SS,BW,022Cr19Ni10,1916T3017,ASME B16.9,RCC-M 2,QA1,"3""x2""",,个,1,KG,
,CPR01409,偏心大小头,SCH80xSCH80,SS,BW,20,1916T3019,ASME B16.9,RCC-M 2,QA1,"3""x2""",,个,1.42,KG,
,CPR01410,偏心大小头,SCH80xSCH80,SS,BW,P280GH,1916T3019,ASME B16.9,RCC-M 2,QA1,"3""x2""",,个,1.42,KG,
,CPR01411,偏心大小头,3.18mmx3.18mm,SS,BW,20,1916T3019,ASME B16.9,RCC-M 2,QA1,"3""x2-1/2""",,个,,KG,
,CPR01412,偏心大小头,3.18mmx3.18mm,SS,BW,20,1916T3019,ASME B16.9,RCC-M 3,QA2,"3""x2-1/2""",,个,,KG,
,CPR01413,偏心大小头,SCH10SxSCH10S,SS,BW,022Cr19Ni10,1916T3017,ASME B16.9,RCC-M 2,QA1,"3""x2-1/2""",,个,0.59,KG,
,CPR01414,偏心大小头,SCH10SxSCH10S,SS,BW,022Cr19Ni10,1916T3017,ASME B16.9,RCC-M 3,QA2,"3""x2-1/2""",,个,0.59,KG,
,CPR01415,偏心大小头,SCH160xSCH160,SS,BW,P280GH,1916T3019,ASME B16.9,RCC-M 2,QA1,"3""x2-1/2""",,个,2.1,KG,
,CPR01416,偏心大小头,SCH40xSCH40,SS,BW,20,1916T3019,ASME B16.9,RCC-M 3,QA2,"3""x2-1/2""",,个,1.05,KG,
,CPR01417,偏心大小头,SCH40SxSCH40S,SS,BW,022Cr19Ni10,1916T3017,ASME B16.9,RCC-M 2,QA1,"3""x2-1/2""",,个,1.1,KG,
,CPR01418,偏心大小头,SCH80xSCH80,SS,BW,20,1916T3019,ASME B16.9,RCC-M 2,QA1,"3""x2-1/2""",,个,1.42,KG,
,CPR01419,偏心大小头,SCH80xSCH80,SS,BW,P280GH,1916T3019,ASME B16.9,RCC-M 2,QA1,"3""x2-1/2""",,个,1.42,KG,
,CPR01420,偏心大小头,SCH10SxSCH10S,SS,BW,022Cr19Ni10,1916T3017,ASME B16.9,RCC-M 2,QA1,"3-1/2""x1-1/4""",,个,0.62,KG,
,CPR01421,偏心大小头,SCH10SxSCH10S,SS,BW,022Cr19Ni10,1916T3017,ASME B16.9,RCC-M 3,QA2,"3-1/2""x1-1/4""",,个,0.62,KG,
,CPR01422,偏心大小头,SCH160xSCH160,SS,BW,P280GH,1916T3019,ASME B16.9,RCC-M 2,QA1,"3-1/2""x1-1/4""",,个,3,KG,
,CPR01423,偏心大小头,SCH40xSCH40,SS,BW,20,1916T3019,ASME B16.9,RCC-M 3,QA2,"3-1/2""x1-1/4""",,个,1.36,KG,
,CPR01424,偏心大小头,SCH40SxSCH40S,SS,BW,022Cr19Ni10,1916T3017,ASME B16.9,RCC-M 2,QA1,"3-1/2""x1-1/4""",,个,1.2,KG,
,CPR01425,偏心大小头,SCH80xSCH80,SS,BW,20,1916T3019,ASME B16.9,RCC-M 2,QA1,"3-1/2""x1-1/4""",,个,1.89,KG,
,CPR01426,偏心大小头,SCH80xSCH80,SS,BW,P280GH,1916T3019,ASME B16.9,RCC-M 2,QA1,"3-1/2""x1-1/4""",,个,1.89,KG,
,CPR01427,偏心大小头,SCH10SxSCH10S,SS,BW,022Cr19Ni10,1916T3017,ASME B16.9,RCC-M 2,QA1,"3-1/2""x1-1/2""",,个,0.66,KG,
,CPR01428,偏心大小头,SCH10SxSCH10S,SS,BW,022Cr19Ni10,1916T3017,ASME B16.9,RCC-M 3,QA2,"3-1/2""x1-1/2""",,个,0.66,KG,
,CPR01429,偏心大小头,SCH160xSCH160,SS,BW,P280GH,1916T3019,ASME B16.9,RCC-M 2,QA1,"3-1/2""x1-1/2""",,个,3,KG,
,CPR01430,偏心大小头,SCH40xSCH40,SS,BW,20,1916T3019,ASME B16.9,RCC-M 3,QA2,"3-1/2""x1-1/2""",,个,1.36,KG,
,CPR01431,偏心大小头,SCH40SxSCH40S,SS,BW,022Cr19Ni10,1916T3017,ASME B16.9,RCC-M 2,QA1,"3-1/2""x1-1/2""",,个,1.25,KG,
,CPR01432,偏心大小头,SCH80xSCH80,SS,BW,20,1916T3019,ASME B16.9,RCC-M 2,QA1,"3-1/2""x1-1/2""",,个,1.89,KG,
,CPR01433,偏心大小头,SCH80xSCH80,SS,BW,P280GH,1916T3019,ASME B16.9,RCC-M 2,QA1,"3-1/2""x1-1/2""",,个,1.89,KG,
,CPR01434,偏心大小头,SCH10SxSCH10S,SS,BW,022Cr19Ni10,1916T3017,ASME B16.9,RCC-M 2,QA1,"3-1/2""x2""",,个,0.71,KG,
,CPR01435,偏心大小头,SCH10SxSCH10S,SS,BW,022Cr19Ni10,1916T3017,ASME B16.9,RCC-M 3,QA2,"3-1/2""x2""",,个,0.71,KG,
,CPR01436,偏心大小头,SCH160xSCH160,SS,BW,P280GH,1916T3019,ASME B16.9,RCC-M 2,QA1,"3-1/2""x2""",,个,3,KG,
,CPR01437,偏心大小头,SCH40xSCH40,SS,BW,20,1916T3019,ASME B16.9,RCC-M 3,QA2,"3-1/2""x2""",,个,1.36,KG,
,CPR01438,偏心大小头,SCH40SxSCH40S,SS,BW,022Cr19Ni10,1916T3017,ASME B16.9,RCC-M 2,QA1,"3-1/2""x2""",,个,1.35,KG,
,CPR01439,偏心大小头,SCH80xSCH80,SS,BW,20,1916T3019,ASME B16.9,RCC-M 2,QA1,"3-1/2""x2""",,个,1.89,KG,
,CPR01440,偏心大小头,SCH80xSCH80,SS,BW,P280GH,1916T3019,ASME B16.9,RCC-M 2,QA1,"3-1/2""x2""",,个,1.89,KG,
,CPR01441,偏心大小头,SCH10SxSCH10S,SS,BW,022Cr19Ni10,1916T3017,ASME B16.9,RCC-M 2,QA1,"3-1/2""x2-1/2""",,个,0.77,KG,
,CPR01442,偏心大小头,SCH10SxSCH10S,SS,BW,022Cr19Ni10,1916T3017,ASME B16.9,RCC-M 3,QA2,"3-1/2""x2-1/2""",,个,0.77,KG,
,CPR01443,偏心大小头,SCH160xSCH160,SS,BW,P280GH,1916T3019,ASME B16.9,RCC-M 2,QA1,"3-1/2""x2-1/2""",,个,3,KG,
,CPR01444,偏心大小头,SCH40xSCH40,SS,BW,20,1916T3019,ASME B16.9,RCC-M 3,QA2,"3-1/2""x2-1/2""",,个,1.36,KG,
,CPR01445,偏心大小头,SCH40SxSCH40S,SS,BW,022Cr19Ni10,1916T3017,ASME B16.9,RCC-M 2,QA1,"3-1/2""x2-1/2""",,个,1.46,KG,
,CPR01446,偏心大小头,SCH80xSCH80,SS,BW,20,1916T3019,ASME B16.9,RCC-M 2,QA1,"3-1/2""x2-1/2""",,个,1.89,KG,
,CPR01447,偏心大小头,SCH80xSCH80,SS,BW,P280GH,1916T3019,ASME B16.9,RCC-M 2,QA1,"3-1/2""x2-1/2""",,个,1.89,KG,
,CPR01448,偏心大小头,SCH10SxSCH10S,SS,BW,022Cr19Ni10,1916T3017,ASME B16.9,RCC-M 2,QA1,"3-1/2""x3""",,个,0.8,KG,
,CPR01449,偏心大小头,SCH10SxSCH10S,SS,BW,022Cr19Ni10,1916T3017,ASME B16.9,RCC-M 3,QA2,"3-1/2""x3""",,个,0.8,KG,
,CPR01450,偏心大小头,SCH160xSCH160,SS,BW,P280GH,1916T3019,ASME B16.9,RCC-M 2,QA1,"3-1/2""x3""",,个,3,KG,
,CPR01451,偏心大小头,SCH40xSCH40,SS,BW,20,1916T3019,ASME B16.9,RCC-M 3,QA2,"3-1/2""x3""",,个,1.36,KG,
,CPR01452,偏心大小头,SCH40SxSCH40S,SS,BW,022Cr19Ni10,1916T3017,ASME B16.9,RCC-M 2,QA1,"3-1/2""x3""",,个,1.5,KG,
,CPR01453,偏心大小头,SCH80xSCH80,SS,BW,20,1916T3019,ASME B16.9,RCC-M 2,QA1,"3-1/2""x3""",,个,1.89,KG,
,CPR01454,偏心大小头,SCH80xSCH80,SS,BW,P280GH,1916T3019,ASME B16.9,RCC-M 2,QA1,"3-1/2""x3""",,个,1.89,KG,
,CPR01455,偏心大小头,3.58mmxSCH40,SS,BW,20,1916T3019,ASME B16.9,RCC-M 2,QA1,"4""x1-1/2""",,个,,KG,
,CPR01456,偏心大小头,3.58mmxSCH40,SS,BW,20,1916T3019,ASME B16.9,RCC-M 3,QA2,"4""x1-1/2""",,个,,KG,
,CPR01457,偏心大小头,SCH10SxSCH10S,SS,BW,022Cr19Ni10,1916T3017,ASME B16.9,RCC-M 2,QA1,"4""x1-1/2""",,个,0.68,KG,
,CPR01458,偏心大小头,SCH10SxSCH10S,SS,BW,022Cr19Ni10,1916T3017,ASME B16.9,RCC-M 3,QA2,"4""x1-1/2""",,个,0.68,KG,
,CPR01459,偏心大小头,SCH160xSCH160,SS,BW,P280GH,1916T3019,ASME B16.9,RCC-M 2,QA1,"4""x1-1/2""",,个,3.7,KG,
,CPR01460,偏心大小头,SCH40xSCH40,SS,BW,20,1916T3019,ASME B16.9,RCC-M 3,QA2,"4""x1-1/2""",,个,1.63,KG,
,CPR01461,偏心大小头,SCH40SxSCH40S,SS,BW,022Cr19Ni10,1916T3017,ASME B16.9,RCC-M 2,QA1,"4""x1-1/2""",,个,1.35,KG,
,CPR01462,偏心大小头,SCH80xSCH80,SS,BW,20,1916T3019,ASME B16.9,RCC-M 2,QA1,"4""x1-1/2""",,个,2.27,KG,
,CPR01463,偏心大小头,SCH80xSCH80,SS,BW,P280GH,1916T3019,ASME B16.9,RCC-M 2,QA1,"4""x1-1/2""",,个,2.27,KG,
,CPR01464,偏心大小头,3.58mmx3.18mm,SS,BW,20,1916T3019,ASME B16.9,RCC-M 2,QA1,"4""x2""",,个,,KG,
,CPR01465,偏心大小头,3.58mmx3.18mm,SS,BW,20,1916T3019,ASME B16.9,RCC-M 3,QA2,"4""x2""",,个,,KG,
,CPR01466,偏心大小头,SCH10SxSCH10S,SS,BW,022Cr19Ni10,1916T3017,ASME B16.9,RCC-M 2,QA1,"4""x2""",,个,0.78,KG,
,CPR01467,偏心大小头,SCH10SxSCH10S,SS,BW,022Cr19Ni10,1916T3017,ASME B16.9,RCC-M 3,QA2,"4""x2""",,个,0.78,KG,
,CPR01468,偏心大小头,SCH160xSCH160,SS,BW,P280GH,1916T3019,ASME B16.9,RCC-M 2,QA1,"4""x2""",,个,3.7,KG,
,CPR01469,偏心大小头,SCH40xSCH40,SS,BW,20,1916T3019,ASME B16.9,RCC-M 3,QA2,"4""x2""",,个,1.63,KG,
,CPR01470,偏心大小头,SCH40SxSCH40S,SS,BW,022Cr19Ni10,1916T3017,ASME B16.9,RCC-M 2,QA1,"4""x2""",,个,1.6,KG,
,CPR01471,偏心大小头,SCH80xSCH80,SS,BW,20,1916T3019,ASME B16.9,RCC-M 2,QA1,"4""x2""",,个,2.27,KG,
,CPR01472,偏心大小头,SCH80xSCH80,SS,BW,P280GH,1916T3019,ASME B16.9,RCC-M 2,QA1,"4""x2""",,个,2.27,KG,
,CPR01473,偏心大小头,3.58mmx3.18mm,SS,BW,20,1916T3019,ASME B16.9,RCC-M 2,QA1,"4""x2-1/2""",,个,,KG,
,CPR01474,偏心大小头,3.58mmx3.18mm,SS,BW,20,1916T3019,ASME B16.9,RCC-M 3,QA2,"4""x2-1/2""",,个,,KG,
,CPR01475,偏心大小头,SCH10SxSCH10S,SS,BW,022Cr19Ni10,1916T3017,ASME B16.9,RCC-M 2,QA1,"4""x2-1/2""",,个,0.83,KG,
,CPR01476,偏心大小头,SCH10SxSCH10S,SS,BW,022Cr19Ni10,1916T3017,ASME B16.9,RCC-M 3,QA2,"4""x2-1/2""",,个,0.83,KG,
,CPR01477,偏心大小头,SCH160xSCH160,SS,BW,P280GH,1916T3019,ASME B16.9,RCC-M 2,QA1,"4""x2-1/2""",,个,3.7,KG,
,CPR01478,偏心大小头,SCH40xSCH40,SS,BW,20,1916T3019,ASME B16.9,RCC-M 3,QA2,"4""x2-1/2""",,个,1.63,KG,
,CPR01479,偏心大小头,SCH40SxSCH40S,SS,BW,022Cr19Ni10,1916T3017,ASME B16.9,RCC-M 2,QA1,"4""x2-1/2""",,个,1.65,KG,
,CPR01480,偏心大小头,SCH80xSCH80,SS,BW,20,1916T3019,ASME B16.9,RCC-M 2,QA1,"4""x2-1/2""",,个,2.27,KG,
,CPR01481,偏心大小头,SCH80xSCH80,SS,BW,P280GH,1916T3019,ASME B16.9,RCC-M 2,QA1,"4""x2-1/2""",,个,2.27,KG,
,CPR01482,偏心大小头,3.58mmx3.18mm,SS,BW,20,1916T3019,ASME B16.9,RCC-M 2,QA1,"4""x3""",,个,,KG,
,CPR01483,偏心大小头,3.58mmx3.18mm,SS,BW,20,1916T3019,ASME B16.9,RCC-M 3,QA2,"4""x3""",,个,,KG,
,CPR01484,偏心大小头,SCH10SxSCH10S,SS,BW,022Cr19Ni10,1916T3017,ASME B16.9,RCC-M 2,QA1,"4""x3""",,个,0.87,KG,
,CPR01485,偏心大小头,SCH10SxSCH10S,SS,BW,022Cr19Ni10,1916T3017,ASME B16.9,RCC-M 3,QA2,"4""x3""",,个,0.87,KG,
,CPR01486,偏心大小头,SCH160xSCH160,SS,BW,P280GH,1916T3019,ASME B16.9,RCC-M 2,QA1,"4""x3""",,个,3.7,KG,
,CPR01487,偏心大小头,SCH40xSCH40,SS,BW,20,1916T3019,ASME B16.9,RCC-M 3,QA2,"4""x3""",,个,1.63,KG,
,CPR01488,偏心大小头,SCH40SxSCH40S,SS,BW,022Cr19Ni10,1916T3017,ASME B16.9,RCC-M 2,QA1,"4""x3""",,个,1.75,KG,
,CPR01489,偏心大小头,SCH80xSCH80,SS,BW,20,1916T3019,ASME B16.9,RCC-M 2,QA1,"4""x3""",,个,2.27,KG,
,CPR01490,偏心大小头,SCH80xSCH80,SS,BW,P280GH,1916T3019,ASME B16.9,RCC-M 2,QA1,"4""x3""",,个,2.27,KG,
,CPR01491,偏心大小头,3.58mmx3.58mm,SS,BW,20,1916T3019,ASME B16.9,RCC-M 2,QA1,"4""x3-1/2""",,个,,KG,
,CPR01492,偏心大小头,3.58mmx3.58mm,SS,BW,20,1916T3019,ASME B16.9,RCC-M 3,QA2,"4""x3-1/2""",,个,,KG,
,CPR01493,偏心大小头,SCH10SxSCH10S,SS,BW,022Cr19Ni10,1916T3017,ASME B16.9,RCC-M 2,QA1,"4""x3-1/2""",,个,0.9,KG,
,CPR01494,偏心大小头,SCH10SxSCH10S,SS,BW,022Cr19Ni10,1916T3017,ASME B16.9,RCC-M 3,QA2,"4""x3-1/2""",,个,0.9,KG,
,CPR01495,偏心大小头,SCH160xSCH160,SS,BW,P280GH,1916T3019,ASME B16.9,RCC-M 2,QA1,"4""x3-1/2""",,个,3.7,KG,
,CPR01496,偏心大小头,SCH40xSCH40,SS,BW,20,1916T3019,ASME B16.9,RCC-M 3,QA2,"4""x3-1/2""",,个,1.63,KG,
,CPR01497,偏心大小头,SCH40SxSCH40S,SS,BW,022Cr19Ni10,1916T3017,ASME B16.9,RCC-M 2,QA1,"4""x3-1/2""",,个,1.8,KG,
,CPR01498,偏心大小头,SCH80xSCH80,SS,BW,20,1916T3019,ASME B16.9,RCC-M 2,QA1,"4""x3-1/2""",,个,2.27,KG,
,CPR01499,偏心大小头,SCH80xSCH80,SS,BW,P280GH,1916T3019,ASME B16.9,RCC-M 2,QA1,"4""x3-1/2""",,个,2.27,KG,
,CPR01500,偏心大小头,SCH10SxSCH10S,SS,BW,022Cr19Ni10,1916T3017,ASME B16.9,RCC-M 2,QA1,"5""x2""",,个,1.3,KG,
,CPR01501,偏心大小头,SCH10SxSCH10S,SS,BW,022Cr19Ni10,1916T3017,ASME B16.9,RCC-M 3,QA2,"5""x2""",,个,1.3,KG,
,CPR01502,偏心大小头,SCH160xSCH160,SS,BW,P280GH,1916T3019,ASME B16.9,RCC-M 2,QA1,"5""x2""",,个,6.8,KG,
,CPR01503,偏心大小头,SCH40xSCH40,SS,BW,20,1916T3019,ASME B16.9,RCC-M 3,QA2,"5""x2""",,个,2.77,KG,
,CPR01504,偏心大小头,SCH40SxSCH40S,SS,BW,022Cr19Ni10,1916T3017,ASME B16.9,RCC-M 2,QA1,"5""x2""",,个,2.5,KG,
,CPR01505,偏心大小头,SCH80xSCH80,SS,BW,20,1916T3019,ASME B16.9,RCC-M 2,QA1,"5""x2""",,个,3.93,KG,
,CPR01506,偏心大小头,SCH10SxSCH10S,SS,BW,022Cr19Ni10,1916T3017,ASME B16.9,RCC-M 2,QA1,"5""x2-1/2""",,个,1.4,KG,
,CPR01507,偏心大小头,SCH10SxSCH10S,SS,BW,022Cr19Ni10,1916T3017,ASME B16.9,RCC-M 3,QA2,"5""x2-1/2""",,个,1.4,KG,
,CPR01508,偏心大小头,SCH160xSCH160,SS,BW,P280GH,1916T3019,ASME B16.9,RCC-M 2,QA1,"5""x2-1/2""",,个,6.8,KG,
,CPR01509,偏心大小头,SCH40xSCH40,SS,BW,20,1916T3019,ASME B16.9,RCC-M 3,QA2,"5""x2-1/2""",,个,2.77,KG,
,CPR01510,偏心大小头,SCH40SxSCH40S,SS,BW,022Cr19Ni10,1916T3017,ASME B16.9,RCC-M 2,QA1,"5""x2-1/2""",,个,2.7,KG,
,CPR01511,偏心大小头,SCH80xSCH80,SS,BW,20,1916T3019,ASME B16.9,RCC-M 2,QA1,"5""x2-1/2""",,个,3.93,KG,
,CPR01512,偏心大小头,SCH10SxSCH10S,SS,BW,022Cr19Ni10,1916T3017,ASME B16.9,RCC-M 2,QA1,"5""x3""",,个,1.45,KG,
,CPR01513,偏心大小头,SCH10SxSCH10S,SS,BW,022Cr19Ni10,1916T3017,ASME B16.9,RCC-M 3,QA2,"5""x3""",,个,1.45,KG,
,CPR01514,偏心大小头,SCH160xSCH160,SS,BW,P280GH,1916T3019,ASME B16.9,RCC-M 2,QA1,"5""x3""",,个,6.8,KG,
,CPR01515,偏心大小头,SCH40xSCH40,SS,BW,20,1916T3019,ASME B16.9,RCC-M 3,QA2,"5""x3""",,个,2.77,KG,
,CPR01516,偏心大小头,SCH40SxSCH40S,SS,BW,022Cr19Ni10,1916T3017,ASME B16.9,RCC-M 2,QA1,"5""x3""",,个,2.8,KG,
,CPR01517,偏心大小头,SCH80xSCH80,SS,BW,20,1916T3019,ASME B16.9,RCC-M 2,QA1,"5""x3""",,个,3.93,KG,
,CPR01518,偏心大小头,SCH10SxSCH10S,SS,BW,022Cr19Ni10,1916T3017,ASME B16.9,RCC-M 2,QA1,"5""x3-1/2""",,个,1.48,KG,
,CPR01519,偏心大小头,SCH10SxSCH10S,SS,BW,022Cr19Ni10,1916T3017,ASME B16.9,RCC-M 3,QA2,"5""x3-1/2""",,个,1.48,KG,
,CPR01520,偏心大小头,SCH160xSCH160,SS,BW,P280GH,1916T3019,ASME B16.9,RCC-M 2,QA1,"5""x3-1/2""",,个,,KG,
,CPR01521,偏心大小头,SCH40xSCH40,SS,BW,20,1916T3019,ASME B16.9,RCC-M 3,QA2,"5""x3-1/2""",,个,2.8,KG,
,CPR01522,偏心大小头,SCH40SxSCH40S,SS,BW,022Cr19Ni10,1916T3017,ASME B16.9,RCC-M 2,QA1,"5""x3-1/2""",,个,2.9,KG,
,CPR01523,偏心大小头,SCH80xSCH80,SS,BW,20,1916T3019,ASME B16.9,RCC-M 2,QA1,"5""x3-1/2""",,个,3.93,KG,
,CPR01524,偏心大小头,SCH10SxSCH10S,SS,BW,022Cr19Ni10,1916T3017,ASME B16.9,RCC-M 2,QA1,"5""x4""",,个,1.5,KG,
,CPR01525,偏心大小头,SCH10SxSCH10S,SS,BW,022Cr19Ni10,1916T3017,ASME B16.9,RCC-M 3,QA2,"5""x4""",,个,1.5,KG,
,CPR01526,偏心大小头,SCH160xSCH160,SS,BW,P280GH,1916T3019,ASME B16.9,RCC-M 2,QA1,"5""x4""",,个,6.8,KG,
,CPR01527,偏心大小头,SCH40xSCH40,SS,BW,20,1916T3019,ASME B16.9,RCC-M 3,QA2,"5""x4""",,个,2.77,KG,
,CPR01528,偏心大小头,SCH40SxSCH40S,SS,BW,022Cr19Ni10,1916T3017,ASME B16.9,RCC-M 2,QA1,"5""x4""",,个,3,KG,
,CPR01529,偏心大小头,SCH80xSCH80,SS,BW,20,1916T3019,ASME B16.9,RCC-M 2,QA1,"5""x4""",,个,3.93,KG,
,CPR01530,偏心大小头,4.37mmx3.18mm,SS,BW,20,1916T3019,ASME B16.9,RCC-M 2,QA1,"6""x2""",,个,,KG,
,CPR01531,偏心大小头,4.37mmx3.18mm,SS,BW,20,1916T3019,ASME B16.9,RCC-M 3,QA2,"6""x2""",,个,,KG,
,CPR01532,偏心大小头,SCH10SxSCH10S,SS,BW,022Cr19Ni10,1916T3017,ASME B16.9,RCC-M 2,QA1,"6""x2""",,个,,KG,
,CPR01533,偏心大小头,SCH10SxSCH10S,SS,BW,022Cr19Ni10,1916T3017,ASME B16.9,RCC-M 3,QA2,"6""x2""",,个,,KG,
,CPR01534,偏心大小头,SCH120xSCH80,SS,BW,P280GH,1916T3019,ASME B16.9,RCC-M 2,QA1,"6""x2""",,个,,KG,
,CPR01535,偏心大小头,SCH160xSCH160,SS,BW,P280GH,1916T3019,ASME B16.9,RCC-M 2,QA1,"6""x2""",,个,,KG,
,CPR01536,偏心大小头,SCH40xSCH40,SS,BW,20,1916T3019,ASME B16.9,RCC-M 3,QA2,"6""x2""",,个,,KG,
,CPR01537,偏心大小头,SCH40SxSCH40S,SS,BW,022Cr19Ni10,1916T3017,ASME B16.9,RCC-M 2,QA1,"6""x2""",,个,,KG,
,CPR01538,偏心大小头,SCH80xSCH80,SS,BW,20,1916T3019,ASME B16.9,RCC-M 2,QA1,"6""x2""",,个,,KG,
,CPR01539,偏心大小头,4.37mmx3.18mm,SS,BW,20,1916T3019,ASME B16.9,RCC-M 2,QA1,"6""x2-1/2""",,个,,KG,
,CPR01540,偏心大小头,4.37mmx3.18mm,SS,BW,20,1916T3019,ASME B16.9,RCC-M 3,QA2,"6""x2-1/2""",,个,,KG,
,CPR01541,偏心大小头,SCH10SxSCH10S,SS,BW,022Cr19Ni10,1916T3017,ASME B16.9,RCC-M 2,QA1,"6""x2-1/2""",,个,1.55,KG,
,CPR01542,偏心大小头,SCH10SxSCH10S,SS,BW,022Cr19Ni10,1916T3017,ASME B16.9,RCC-M 3,QA2,"6""x2-1/2""",,个,1.55,KG,
,CPR01543,偏心大小头,SCH120xSCH80,SS,BW,P280GH,1916T3019,ASME B16.9,RCC-M 2,QA1,"6""x2-1/2""",,个,8.4,KG,
,CPR01544,偏心大小头,SCH160xSCH160,SS,BW,P280GH,1916T3019,ASME B16.9,RCC-M 2,QA1,"6""x2-1/2""",,个,10.4,KG,
,CPR01545,偏心大小头,SCH40xSCH40,SS,BW,20,1916T3019,ASME B16.9,RCC-M 3,QA2,"6""x2-1/2""",,个,3.96,KG,
,CPR01546,偏心大小头,SCH40SxSCH40S,SS,BW,022Cr19Ni10,1916T3017,ASME B16.9,RCC-M 2,QA1,"6""x2-1/2""",,个,3.8,KG,
,CPR01547,偏心大小头,SCH80xSCH80,SS,BW,20,1916T3019,ASME B16.9,RCC-M 2,QA1,"6""x2-1/2""",,个,5.95,KG,
,CPR01548,偏心大小头,4.37mmx3.18mm,SS,BW,20,1916T3019,ASME B16.9,RCC-M 2,QA1,"6""x3""",,个,,KG,
,CPR01549,偏心大小头,4.37mmx3.18mm,SS,BW,20,1916T3019,ASME B16.9,RCC-M 3,QA2,"6""x3""",,个,,KG,
,CPR01550,偏心大小头,SCH10SxSCH10S,SS,BW,022Cr19Ni10,1916T3017,ASME B16.9,RCC-M 2,QA1,"6""x3""",,个,1.8,KG,
,CPR01551,偏心大小头,SCH10SxSCH10S,SS,BW,022Cr19Ni10,1916T3017,ASME B16.9,RCC-M 3,QA2,"6""x3""",,个,1.8,KG,
,CPR01552,偏心大小头,SCH120xSCH80,SS,BW,P280GH,1916T3019,ASME B16.9,RCC-M 2,QA1,"6""x3""",,个,8.4,KG,
,CPR01553,偏心大小头,SCH160xSCH160,SS,BW,P280GH,1916T3019,ASME B16.9,RCC-M 2,QA1,"6""x3""",,个,10.4,KG,
,CPR01554,偏心大小头,SCH40xSCH40,SS,BW,20,1916T3019,ASME B16.9,RCC-M 3,QA2,"6""x3""",,个,3.96,KG,
,CPR01555,偏心大小头,SCH40SxSCH40S,SS,BW,022Cr19Ni10,1916T3017,ASME B16.9,RCC-M 2,QA1,"6""x3""",,个,4,KG,
,CPR01556,偏心大小头,SCH80xSCH80,SS,BW,20,1916T3019,ASME B16.9,RCC-M 2,QA1,"6""x3""",,个,5.95,KG,
,CPR01557,偏心大小头,4.37mmx3.58mm,SS,BW,20,1916T3019,ASME B16.9,RCC-M 2,QA1,"6""x3-1/2""",,个,,KG,
,CPR01558,偏心大小头,4.37mmx3.58mm,SS,BW,20,1916T3019,ASME B16.9,RCC-M 3,QA2,"6""x3-1/2""",,个,,KG,
,CPR01559,偏心大小头,SCH10SxSCH10S,SS,BW,022Cr19Ni10,1916T3017,ASME B16.9,RCC-M 2,QA1,"6""x3-1/2""",,个,1.9,KG,
,CPR01560,偏心大小头,SCH10SxSCH10S,SS,BW,022Cr19Ni10,1916T3017,ASME B16.9,RCC-M 3,QA2,"6""x3-1/2""",,个,1.9,KG,
,CPR01561,偏心大小头,SCH120xSCH80,SS,BW,P280GH,1916T3019,ASME B16.9,RCC-M 2,QA1,"6""x3-1/2""",,个,8.4,KG,
,CPR01562,偏心大小头,SCH160xSCH160,SS,BW,P280GH,1916T3019,ASME B16.9,RCC-M 2,QA1,"6""x3-1/2""",,个,10.4,KG,
,CPR01563,偏心大小头,SCH40xSCH40,SS,BW,20,1916T3019,ASME B16.9,RCC-M 3,QA2,"6""x3-1/2""",,个,3.96,KG,
,CPR01564,偏心大小头,SCH40SxSCH40S,SS,BW,022Cr19Ni10,1916T3017,ASME B16.9,RCC-M 2,QA1,"6""x3-1/2""",,个,4.05,KG,
,CPR01565,偏心大小头,SCH80xSCH80,SS,BW,20,1916T3019,ASME B16.9,RCC-M 2,QA1,"6""x3-1/2""",,个,5.95,KG,
,CPR01566,偏心大小头,4.37mmx3.58mm,SS,BW,20,1916T3019,ASME B16.9,RCC-M 2,QA1,"6""x4""",,个,,KG,
,CPR01567,偏心大小头,4.37mmx3.58mm,SS,BW,20,1916T3019,ASME B16.9,RCC-M 3,QA2,"6""x4""",,个,,KG,
,CPR01568,偏心大小头,SCH10SxSCH10S,SS,BW,022Cr19Ni10,1916T3017,ASME B16.9,RCC-M 2,QA1,"6""x4""",,个,1.95,KG,
,CPR01569,偏心大小头,SCH10SxSCH10S,SS,BW,022Cr19Ni10,1916T3017,ASME B16.9,RCC-M 3,QA2,"6""x4""",,个,1.95,KG,
,CPR01570,偏心大小头,SCH120xSCH80,SS,BW,P280GH,1916T3019,ASME B16.9,RCC-M 2,QA1,"6""x4""",,个,8.4,KG,
,CPR01571,偏心大小头,SCH160xSCH160,SS,BW,P280GH,1916T3019,ASME B16.9,RCC-M 2,QA1,"6""x4""",,个,10.4,KG,
,CPR01572,偏心大小头,SCH40xSCH40,SS,BW,20,1916T3019,ASME B16.9,RCC-M 3,QA2,"6""x4""",,个,3.96,KG,
,CPR01573,偏心大小头,SCH40SxSCH40S,SS,BW,022Cr19Ni10,1916T3017,ASME B16.9,RCC-M 2,QA1,"6""x4""",,个,4.1,KG,
,CPR01574,偏心大小头,SCH80xSCH80,SS,BW,20,1916T3019,ASME B16.9,RCC-M 2,QA1,"6""x4""",,个,5.95,KG,
,CPR01575,偏心大小头,4.37mmx4.37mm,SS,BW,20,1916T3019,ASME B16.9,RCC-M 2,QA1,"6""x5""",,个,,KG,
,CPR01576,偏心大小头,4.37mmx4.37mm,SS,BW,20,1916T3019,ASME B16.9,RCC-M 3,QA2,"6""x5""",,个,,KG,
,CPR01577,偏心大小头,SCH10SxSCH10S,SS,BW,022Cr19Ni10,1916T3017,ASME B16.9,RCC-M 2,QA1,"6""x5""",,个,2,KG,
,CPR01578,偏心大小头,SCH10SxSCH10S,SS,BW,022Cr19Ni10,1916T3017,ASME B16.9,RCC-M 3,QA2,"6""x5""",,个,2,KG,
,CPR01579,偏心大小头,SCH120xSCH120,SS,BW,P280GH,1916T3019,ASME B16.9,RCC-M 2,QA1,"6""x5""",,个,8.4,KG,
,CPR01580,偏心大小头,SCH160xSCH160,SS,BW,P280GH,1916T3019,ASME B16.9,RCC-M 2,QA1,"6""x5""",,个,10.4,KG,
,CPR01581,偏心大小头,SCH40xSCH40,SS,BW,20,1916T3019,ASME B16.9,RCC-M 3,QA2,"6""x5""",,个,3.96,KG,
,CPR01582,偏心大小头,SCH40SxSCH40S,SS,BW,022Cr19Ni10,1916T3017,ASME B16.9,RCC-M 2,QA1,"6""x5""",,个,4.3,KG,
,CPR01583,偏心大小头,SCH80xSCH80,SS,BW,20,1916T3019,ASME B16.9,RCC-M 2,QA1,"6""x5""",,个,5.95,KG,
,CPR01584,偏心大小头,SCH10SxSCH10S,SS,BW,022Cr19Ni10,1916T3017,ASME B16.9,RCC-M 2,QA1,"8""x3-1/2""",,个,2.95,KG,
,CPR01585,偏心大小头,SCH10SxSCH10S,SS,BW,022Cr19Ni10,1916T3017,ASME B16.9,RCC-M 3,QA2,"8""x3-1/2""",,个,2.95,KG,
,CPR01586,偏心大小头,SCH120xSCH80,SS,BW,P280GH,1916T3019,ASME B16.9,RCC-M 2,QA1,"8""x3-1/2""",,个,15.3,KG,
,CPR01587,偏心大小头,SCH160xSCH160,SS,BW,P280GH,1916T3019,ASME B16.9,RCC-M 2,QA1,"8""x3-1/2""",,个,18.9,KG,
,CPR01588,偏心大小头,SCH20x3.58mm,SS,BW,20,1916T3019,ASME B16.9,RCC-M 2,QA1,"8""x3-1/2""",,个,,KG,
,CPR01589,偏心大小头,SCH20x3.58mm,SS,BW,20,1916T3019,ASME B16.9,RCC-M 3,QA2,"8""x3-1/2""",,个,,KG,
,CPR01590,偏心大小头,SCH40xSCH40,SS,BW,20,1916T3019,ASME B16.9,RCC-M 3,QA2,"8""x3-1/2""",,个,6.31,KG,
,CPR01591,偏心大小头,SCH40SxSCH40S,SS,BW,022Cr19Ni10,1916T3017,ASME B16.9,RCC-M 2,QA1,"8""x3-1/2""",,个,6.4,KG,
,CPR01592,偏心大小头,SCH80xSCH80,SS,BW,20,1916T3019,ASME B16.9,RCC-M 2,QA1,"8""x3-1/2""",,个,9.26,KG,
,CPR01593,偏心大小头,SCH10SxSCH10S,SS,BW,022Cr19Ni10,1916T3017,ASME B16.9,RCC-M 2,QA1,"8""x4""",,个,3,KG,
,CPR01594,偏心大小头,SCH10SxSCH10S,SS,BW,022Cr19Ni10,1916T3017,ASME B16.9,RCC-M 3,QA2,"8""x4""",,个,3,KG,
,CPR01595,偏心大小头,SCH120xSCH80,SS,BW,P280GH,1916T3019,ASME B16.9,RCC-M 2,QA1,"8""x4""",,个,15.3,KG,
,CPR01596,偏心大小头,SCH160xSCH160,SS,BW,P280GH,1916T3019,ASME B16.9,RCC-M 2,QA1,"8""x4""",,个,18.9,KG,
,CPR01597,偏心大小头,SCH20x3.58mm,SS,BW,20,1916T3019,ASME B16.9,RCC-M 2,QA1,"8""x4""",,个,,KG,
,CPR01598,偏心大小头,SCH20x3.58mm,SS,BW,20,1916T3019,ASME B16.9,RCC-M 3,QA2,"8""x4""",,个,,KG,
,CPR01599,偏心大小头,SCH40xSCH40,SS,BW,20,1916T3019,ASME B16.9,RCC-M 3,QA2,"8""x4""",,个,6.31,KG,
,CPR01600,偏心大小头,SCH40SxSCH40S,SS,BW,022Cr19Ni10,1916T3017,ASME B16.9,RCC-M 2,QA1,"8""x4""",,个,6.5,KG,
,CPR01601,偏心大小头,SCH80xSCH80,SS,BW,20,1916T3019,ASME B16.9,RCC-M 2,QA1,"8""x4""",,个,9.26,KG,
,CPR01602,偏心大小头,SCH10SxSCH10S,SS,BW,022Cr19Ni10,1916T3017,ASME B16.9,RCC-M 2,QA1,"8""x5""",,个,3.1,KG,
,CPR01603,偏心大小头,SCH10SxSCH10S,SS,BW,022Cr19Ni10,1916T3017,ASME B16.9,RCC-M 3,QA2,"8""x5""",,个,3.1,KG,
,CPR01604,偏心大小头,SCH120xSCH120,SS,BW,P280GH,1916T3019,ASME B16.9,RCC-M 2,QA1,"8""x5""",,个,15.3,KG,
,CPR01605,偏心大小头,SCH160xSCH160,SS,BW,P280GH,1916T3019,ASME B16.9,RCC-M 2,QA1,"8""x5""",,个,18.9,KG,
,CPR01606,偏心大小头,SCH20x4.37mm,SS,BW,20,1916T3019,ASME B16.9,RCC-M 2,QA1,"8""x5""",,个,,KG,
,CPR01607,偏心大小头,SCH20x4.37mm,SS,BW,20,1916T3019,ASME B16.9,RCC-M 3,QA2,"8""x5""",,个,,KG,
,CPR01608,偏心大小头,SCH40xSCH40,SS,BW,20,1916T3019,ASME B16.9,RCC-M 3,QA2,"8""x5""",,个,6.31,KG,
,CPR01609,偏心大小头,SCH40SxSCH40S,SS,BW,022Cr19Ni10,1916T3017,ASME B16.9,RCC-M 2,QA1,"8""x5""",,个,6.7,KG,
,CPR01610,偏心大小头,SCH80xSCH80,SS,BW,20,1916T3019,ASME B16.9,RCC-M 2,QA1,"8""x5""",,个,9.26,KG,
,CPR01611,偏心大小头,SCH10SxSCH10S,SS,BW,022Cr19Ni10,1916T3017,ASME B16.9,RCC-M 2,QA1,"8""x6""",,个,3.2,KG,
,CPR01612,偏心大小头,SCH10SxSCH10S,SS,BW,022Cr19Ni10,1916T3017,ASME B16.9,RCC-M 3,QA2,"8""x6""",,个,3.2,KG,
,CPR01613,偏心大小头,SCH120xSCH120,SS,BW,P280GH,1916T3019,ASME B16.9,RCC-M 2,QA1,"8""x6""",,个,15.3,KG,
,CPR01614,偏心大小头,SCH160xSCH160,SS,BW,P280GH,1916T3019,ASME B16.9,RCC-M 2,QA1,"8""x6""",,个,18.9,KG,
,CPR01615,偏心大小头,SCH20x4.37mm,SS,BW,20,1916T3019,ASME B16.9,RCC-M 2,QA1,"8""x6""",,个,,KG,
,CPR01616,偏心大小头,SCH20x4.37mm,SS,BW,20,1916T3019,ASME B16.9,RCC-M 3,QA2,"8""x6""",,个,,KG,
,CPR01617,偏心大小头,SCH40xSCH40,SS,BW,20,1916T3019,ASME B16.9,RCC-M 3,QA2,"8""x6""",,个,6.31,KG,
,CPR01618,偏心大小头,SCH40SxSCH40S,SS,BW,022Cr19Ni10,1916T3017,ASME B16.9,RCC-M 2,QA1,"8""x6""",,个,6.9,KG,
,CPR01619,偏心大小头,SCH80xSCH80,SS,BW,20,1916T3019,ASME B16.9,RCC-M 2,QA1,"8""x6""",,个,9.26,KG,
,CPR01620,偏心大小头,SCH10SxSCH10S,SS,BW,022Cr19Ni10,1916T3017,ASME B16.9,RCC-M 2,QA1,"10""x4""",,个,4.7,KG,
,CPR01621,偏心大小头,SCH10SxSCH10S,SS,BW,022Cr19Ni10,1916T3017,ASME B16.9,RCC-M 3,QA2,"10""x4""",,个,4.7,KG,
,CPR01622,偏心大小头,SCH160xSCH160,SS,BW,P280GH,1916T3019,ASME B16.9,RCC-M 2,QA1,"10""x4""",,个,33.9,KG,
,CPR01623,偏心大小头,SCH20x3.58mm,SS,BW,20,1916T3019,ASME B16.9,RCC-M 2,QA1,"10""x4""",,个,7.85,KG,
,CPR01624,偏心大小头,SCH20x3.58mm,SS,BW,20,1916T3019,ASME B16.9,RCC-M 3,QA2,"10""x4""",,个,7.85,KG,
,CPR01625,偏心大小头,SCH40xSCH40,SS,BW,20,1916T3019,ASME B16.9,RCC-M 3,QA2,"10""x4""",,个,10.7,KG,
,CPR01626,偏心大小头,SCH60xSCH80,SS,BW,P280GH,1916T3019,ASME B16.9,RCC-M 2,QA1,"10""x4""",,个,,KG,
,CPR01627,偏心大小头,SCH80xSCH80,SS,BW,20,1916T3019,ASME B16.9,RCC-M 2,QA1,"10""x4""",,个,17.5,KG,
,CPR01628,偏心大小头,SCH80SxSCH40S,SS,BW,022Cr19Ni10,1916T3017,ASME B16.9,RCC-M 2,QA1,"10""x4""",,个,12.5,KG,
,CPR01629,偏心大小头,SCH10SxSCH10S,SS,BW,022Cr19Ni10,1916T3017,ASME B16.9,RCC-M 2,QA1,"10""x5""",,个,4.9,KG,
,CPR01630,偏心大小头,SCH10SxSCH10S,SS,BW,022Cr19Ni10,1916T3017,ASME B16.9,RCC-M 3,QA2,"10""x5""",,个,4.9,KG,
,CPR01631,偏心大小头,SCH160xSCH160,SS,BW,P280GH,1916T3019,ASME B16.9,RCC-M 2,QA1,"10""x5""",,个,33.9,KG,
,CPR01632,偏心大小头,SCH20x4.37mm,SS,BW,20,1916T3019,ASME B16.9,RCC-M 2,QA1,"10""x5""",,个,7.85,KG,
,CPR01633,偏心大小头,SCH20x4.37mm,SS,BW,20,1916T3019,ASME B16.9,RCC-M 3,QA2,"10""x5""",,个,7.85,KG,
,CPR01634,偏心大小头,SCH40xSCH40,SS,BW,20,1916T3019,ASME B16.9,RCC-M 3,QA2,"10""x5""",,个,10.7,KG,
,CPR01635,偏心大小头,SCH60xSCH120,SS,BW,P280GH,1916T3019,ASME B16.9,RCC-M 2,QA1,"10""x5""",,个,,KG,
,CPR01636,偏心大小头,SCH80xSCH80,SS,BW,20,1916T3019,ASME B16.9,RCC-M 2,QA1,"10""x5""",,个,17.5,KG,
,CPR01637,偏心大小头,SCH80SxSCH40S,SS,BW,022Cr19Ni10,1916T3017,ASME B16.9,RCC-M 2,QA1,"10""x5""",,个,14.2,KG,
,CPR01638,偏心大小头,SCH10SxSCH10S,SS,BW,022Cr19Ni10,1916T3017,ASME B16.9,RCC-M 2,QA1,"10""x6""",,个,5,KG,
,CPR01639,偏心大小头,SCH10SxSCH10S,SS,BW,022Cr19Ni10,1916T3017,ASME B16.9,RCC-M 3,QA2,"10""x6""",,个,5,KG,
,CPR01640,偏心大小头,SCH160xSCH160,SS,BW,P280GH,1916T3019,ASME B16.9,RCC-M 2,QA1,"10""x6""",,个,33.9,KG,
,CPR01641,偏心大小头,SCH20x4.37mm,SS,BW,20,1916T3019,ASME B16.9,RCC-M 2,QA1,"10""x6""",,个,7.85,KG,
,CPR01642,偏心大小头,SCH20x4.37mm,SS,BW,20,1916T3019,ASME B16.9,RCC-M 3,QA2,"10""x6""",,个,7.85,KG,
,CPR01643,偏心大小头,SCH40xSCH40,SS,BW,20,1916T3019,ASME B16.9,RCC-M 3,QA2,"10""x6""",,个,10.7,KG,
,CPR01644,偏心大小头,SCH60xSCH120,SS,BW,P280GH,1916T3019,ASME B16.9,RCC-M 2,QA1,"10""x6""",,个,,KG,
,CPR01645,偏心大小头,SCH80xSCH80,SS,BW,20,1916T3019,ASME B16.9,RCC-M 2,QA1,"10""x6""",,个,17.5,KG,
,CPR01646,偏心大小头,SCH80SxSCH40S,SS,BW,022Cr19Ni10,1916T3017,ASME B16.9,RCC-M 2,QA1,"10""x6""",,个,14.8,KG,
,CPR01647,偏心大小头,SCH10SxSCH10S,SS,BW,022Cr19Ni10,1916T3017,ASME B16.9,RCC-M 2,QA1,"10""x8""",,个,5.2,KG,
,CPR01648,偏心大小头,SCH10SxSCH10S,SS,BW,022Cr19Ni10,1916T3017,ASME B16.9,RCC-M 3,QA2,"10""x8""",,个,5.2,KG,
,CPR01649,偏心大小头,SCH160xSCH160,SS,BW,P280GH,1916T3019,ASME B16.9,RCC-M 2,QA1,"10""x8""",,个,33.9,KG,
,CPR01650,偏心大小头,SCH20xSCH20,SS,BW,20,1916T3019,ASME B16.9,RCC-M 2,QA1,"10""x8""",,个,7.85,KG,
,CPR01651,偏心大小头,SCH20xSCH20,SS,BW,20,1916T3019,ASME B16.9,RCC-M 3,QA2,"10""x8""",,个,7.85,KG,
,CPR01652,偏心大小头,SCH40xSCH40,SS,BW,20,1916T3019,ASME B16.9,RCC-M 3,QA2,"10""x8""",,个,10.7,KG,
,CPR01653,偏心大小头,SCH60xSCH120,SS,BW,P280GH,1916T3019,ASME B16.9,RCC-M 2,QA1,"10""x8""",,个,14.5,KG,
,CPR01654,偏心大小头,SCH80xSCH80,SS,BW,20,1916T3019,ASME B16.9,RCC-M 2,QA1,"10""x8""",,个,17.5,KG,
,CPR01655,偏心大小头,SCH80SxSCH40S,SS,BW,022Cr19Ni10,1916T3017,ASME B16.9,RCC-M 2,QA1,"10""x8""",,个,15.6,KG,
,CPR01656,偏心大小头,7.14mmx4.37mm,SS,BW,20,1916T3019,ASME B16.9,RCC-M 2,QA1,"12""x5""",,个,,KG,
,CPR01657,偏心大小头,7.14mmx4.37mm,SS,BW,20,1916T3019,ASME B16.9,RCC-M 3,QA2,"12""x5""",,个,,KG,
,CPR01658,偏心大小头,SCH10SxSCH10S,SS,BW,022Cr19Ni10,1916T3017,ASME B16.9,RCC-M 2,QA1,"12""x5""",,个,7.3,KG,
,CPR01659,偏心大小头,SCH10SxSCH10S,SS,BW,022Cr19Ni10,1916T3017,ASME B16.9,RCC-M 3,QA2,"12""x5""",,个,7.3,KG,
,CPR01660,偏心大小头,SCH160xSCH160,SS,BW,P280GH,1916T3019,ASME B16.9,RCC-M 2,QA1,"12""x5""",,个,50.6,KG,
,CPR01661,偏心大小头,SCH40xSCH40,SS,BW,20,1916T3019,ASME B16.9,RCC-M 3,QA2,"12""x5""",,个,16.3,KG,
,CPR01662,偏心大小头,SCH80xSCH80,SS,BW,20,1916T3019,ASME B16.9,RCC-M 2,QA1,"12""x5""",,个,25.1,KG,
,CPR01663,偏心大小头,SCH80SxSCH40S,SS,BW,022Cr19Ni10,1916T3017,ASME B16.9,RCC-M 2,QA1,"12""x5""",,个,19.4,KG,
,CPR01664,偏心大小头,7.14mmx4.37mm,SS,BW,20,1916T3019,ASME B16.9,RCC-M 2,QA1,"12""x6""",,个,,KG,
,CPR01665,偏心大小头,7.14mmx4.37mm,SS,BW,20,1916T3019,ASME B16.9,RCC-M 3,QA2,"12""x6""",,个,,KG,
,CPR01666,偏心大小头,SCH10SxSCH10S,SS,BW,022Cr19Ni10,1916T3017,ASME B16.9,RCC-M 2,QA1,"12""x6""",,个,7.4,KG,
,CPR01667,偏心大小头,SCH10SxSCH10S,SS,BW,022Cr19Ni10,1916T3017,ASME B16.9,RCC-M 3,QA2,"12""x6""",,个,7.4,KG,
,CPR01668,偏心大小头,SCH160xSCH160,SS,BW,P280GH,1916T3019,ASME B16.9,RCC-M 2,QA1,"12""x6""",,个,50.6,KG,
,CPR01669,偏心大小头,SCH40xSCH40,SS,BW,20,1916T3019,ASME B16.9,RCC-M 3,QA2,"12""x6""",,个,16.3,KG,
,CPR01670,偏心大小头,SCH80xSCH80,SS,BW,20,1916T3019,ASME B16.9,RCC-M 2,QA1,"12""x6""",,个,25.1,KG,
,CPR01671,偏心大小头,SCH80SxSCH40S,SS,BW,022Cr19Ni10,1916T3017,ASME B16.9,RCC-M 2,QA1,"12""x6""",,个,20.1,KG,
,CPR01672,偏心大小头,7.14mmxSCH20,SS,BW,20,1916T3019,ASME B16.9,RCC-M 2,QA1,"12""x8""",,个,,KG,
,CPR01673,偏心大小头,7.14mmxSCH20,SS,BW,20,1916T3019,ASME B16.9,RCC-M 3,QA2,"12""x8""",,个,,KG,
,CPR01674,偏心大小头,SCH10SxSCH10S,SS,BW,022Cr19Ni10,1916T3017,ASME B16.9,RCC-M 2,QA1,"12""x8""",,个,7.7,KG,
,CPR01675,偏心大小头,SCH10SxSCH10S,SS,BW,022Cr19Ni10,1916T3017,ASME B16.9,RCC-M 3,QA2,"12""x8""",,个,7.7,KG,
,CPR01676,偏心大小头,SCH160xSCH160,SS,BW,P280GH,1916T3019,ASME B16.9,RCC-M 2,QA1,"12""x8""",,个,50.6,KG,
,CPR01677,偏心大小头,SCH40xSCH40,SS,BW,20,1916T3019,ASME B16.9,RCC-M 3,QA2,"12""x8""",,个,16.3,KG,
,CPR01678,偏心大小头,SCH80xSCH80,SS,BW,20,1916T3019,ASME B16.9,RCC-M 2,QA1,"12""x8""",,个,25.1,KG,
,CPR01679,偏心大小头,SCH80SxSCH40S,SS,BW,022Cr19Ni10,1916T3017,ASME B16.9,RCC-M 2,QA1,"12""x8""",,个,20.9,KG,
,CPR01680,偏心大小头,7.14mmxSCH20,SS,BW,20,1916T3019,ASME B16.9,RCC-M 2,QA1,"12""x10""",,个,,KG,
,CPR01681,偏心大小头,7.14mmxSCH20,SS,BW,20,1916T3019,ASME B16.9,RCC-M 3,QA2,"12""x10""",,个,,KG,
,CPR01682,偏心大小头,SCH10SxSCH10S,SS,BW,022Cr19Ni10,1916T3017,ASME B16.9,RCC-M 2,QA1,"12""x10""",,个,8,KG,
,CPR01683,偏心大小头,SCH10SxSCH10S,SS,BW,022Cr19Ni10,1916T3017,ASME B16.9,RCC-M 3,QA2,"12""x10""",,个,8,KG,
,CPR01684,偏心大小头,SCH160xSCH160,SS,BW,P280GH,1916T3019,ASME B16.9,RCC-M 2,QA1,"12""x10""",,个,50.6,KG,
,CPR01685,偏心大小头,SCH40xSCH40,SS,BW,20,1916T3019,ASME B16.9,RCC-M 3,QA2,"12""x10""",,个,16.3,KG,
,CPR01686,偏心大小头,SCH80xSCH80,SS,BW,20,1916T3019,ASME B16.9,RCC-M 2,QA1,"12""x10""",,个,25.1,KG,
,CPR01688,偏心大小头,SCH10SxSCH10S,SS,BW,022Cr19Ni10,1916T3017,ASME B16.9,RCC-M 2,QA1,"14""x6""",,个,13.1,KG,
,CPR01689,偏心大小头,SCH160xSCH160,SS,BW,P280GH,1916T3019,ASME B16.9,RCC-M 2,QA1,"14""x6""",,个,98.2,KG,
,CPR01690,偏心大小头,SCH20x4.37mm,SS,BW,20,1916T3019,ASME B16.9,RCC-M 2,QA1,"14""x6""",,个,25.6,KG,
,CPR01691,偏心大小头,SCH20x4.37mm,SS,BW,20,1916T3019,ASME B16.9,RCC-M 3,QA2,"14""x6""",,个,25.6,KG,
,CPR01692,偏心大小头,SCH40xSCH40,SS,BW,20,1916T3019,ASME B16.9,RCC-M 3,QA2,"14""x6""",,个,32.1,KG,
,CPR01693,偏心大小头,SCH60xSCH40S,SS,BW,022Cr19Ni10,1916T3017,ASME B16.9,RCC-M 2,QA1,"14""x6""",,个,,KG,
,CPR01694,偏心大小头,SCH80xSCH80,SS,BW,20,1916T3019,ASME B16.9,RCC-M 2,QA1,"14""x6""",,个,56.5,KG,
,CPR01695,偏心大小头,SCH10SxSCH10S,SS,BW,022Cr19Ni10,1916T3017,ASME B16.9,RCC-M 2,QA1,"14""x8""",,个,13.9,KG,
,CPR01696,偏心大小头,SCH160xSCH160,SS,BW,P280GH,1916T3019,ASME B16.9,RCC-M 2,QA1,"14""x8""",,个,98.2,KG,
,CPR01697,偏心大小头,SCH20xSCH20,SS,BW,20,1916T3019,ASME B16.9,RCC-M 2,QA1,"14""x8""",,个,25.6,KG,
,CPR01698,偏心大小头,SCH20xSCH20,SS,BW,20,1916T3019,ASME B16.9,RCC-M 3,QA2,"14""x8""",,个,25.6,KG,
,CPR01699,偏心大小头,SCH40xSCH40,SS,BW,20,1916T3019,ASME B16.9,RCC-M 3,QA2,"14""x8""",,个,32.1,KG,
,CPR01700,偏心大小头,SCH60xSCH40S,SS,BW,022Cr19Ni10,1916T3017,ASME B16.9,RCC-M 2,QA1,"14""x8""",,个,42,KG,
,CPR01701,偏心大小头,SCH80xSCH80,SS,BW,20,1916T3019,ASME B16.9,RCC-M 2,QA1,"14""x8""",,个,56.5,KG,
,CPR01702,偏心大小头,SCH10SxSCH10S,SS,BW,022Cr19Ni10,1916T3017,ASME B16.9,RCC-M 2,QA1,"14""x10""",,个,14.4,KG,
,CPR01703,偏心大小头,SCH160xSCH160,SS,BW,P280GH,1916T3019,ASME B16.9,RCC-M 2,QA1,"14""x10""",,个,98.2,KG,
,CPR01704,偏心大小头,SCH20xSCH20,SS,BW,20,1916T3019,ASME B16.9,RCC-M 2,QA1,"14""x10""",,个,25.6,KG,
,CPR01705,偏心大小头,SCH20xSCH20,SS,BW,20,1916T3019,ASME B16.9,RCC-M 3,QA2,"14""x10""",,个,25.6,KG,
,CPR01706,偏心大小头,SCH40xSCH40,SS,BW,20,1916T3019,ASME B16.9,RCC-M 3,QA2,"14""x10""",,个,32.1,KG,
,CPR01707,偏心大小头,SCH60xSCH80S,SS,BW,022Cr19Ni10,1916T3017,ASME B16.9,RCC-M 2,QA1,"14""x10""",,个,42,KG,
,CPR01708,偏心大小头,SCH80xSCH80,SS,BW,20,1916T3019,ASME B16.9,RCC-M 2,QA1,"14""x10""",,个,56.5,KG,
,CPR01709,偏心大小头,SCH10SxSCH10S,SS,BW,022Cr19Ni10,1916T3017,ASME B16.9,RCC-M 2,QA1,"14""x12""",,个,15.3,KG,
,CPR01710,偏心大小头,SCH160xSCH160,SS,BW,P280GH,1916T3019,ASME B16.9,RCC-M 2,QA1,"14""x12""",,个,98.2,KG,
,CPR01711,偏心大小头,SCH20x7.14mm,SS,BW,20,1916T3019,ASME B16.9,RCC-M 2,QA1,"14""x12""",,个,25.6,KG,
,CPR01712,偏心大小头,SCH20x7.14mm,SS,BW,20,1916T3019,ASME B16.9,RCC-M 3,QA2,"14""x12""",,个,25.6,KG,
,CPR01713,偏心大小头,SCH40xSCH40,SS,BW,20,1916T3019,ASME B16.9,RCC-M 3,QA2,"14""x12""",,个,32.1,KG,
,CPR01714,偏心大小头,SCH60xSCH80S,SS,BW,022Cr19Ni10,1916T3017,ASME B16.9,RCC-M 2,QA1,"14""x12""",,个,42,KG,
,CPR01715,偏心大小头,SCH80xSCH80,SS,BW,20,1916T3019,ASME B16.9,RCC-M 2,QA1,"14""x12""",,个,56.5,KG,
,CPR01716,偏心大小头,8.74mmxSCH20,SS,BW,20,1916T3019,ASME B16.9,RCC-M 2,QA1,"16""x8""",,个,,KG,
,CPR01719,偏心大小头,9.8mmxSCH20,SS,BW,20,1916T3019,ASME B16.9,RCC-M 3,QA2,"16""x8""",,个,,KG,
,CPR01720,偏心大小头,SCH10SxSCH10S,SS,BW,022Cr19Ni10,1916T3017,ASME B16.9,RCC-M 2,QA1,"16""x8""",,个,16.7,KG,
,CPR01721,偏心大小头,SCH160xSCH160,SS,BW,P280GH,1916T3019,ASME B16.9,RCC-M 2,QA1,"16""x8""",,个,135.8,KG,
,CPR01722,偏心大小头,SCH40xSCH40,SS,BW,20,1916T3019,ASME B16.9,RCC-M 3,QA2,"16""x8""",,个,48.8,KG,
,CPR01723,偏心大小头,SCH40SxSCH10S,SS,BW,022Cr19Ni10,1916T3017,ASME B16.9,RCC-M 2,QA1,"16""x8""",,个,33.3,KG,
,CPR01724,偏心大小头,SCH60xSCH40S,SS,BW,022Cr19Ni10,1916T3017,ASME B16.9,RCC-M 2,QA1,"16""x8""",,个,57,KG,
,CPR01725,偏心大小头,SCH80xSCH80,SS,BW,20,1916T3019,ASME B16.9,RCC-M 2,QA1,"16""x8""",,个,79,KG,
,CPR01726,偏心大小头,8.74mmxSCH20,SS,BW,20,1916T3019,ASME B16.9,RCC-M 2,QA1,"16""x10""",,个,,KG,
,CPR01729,偏心大小头,9.8mmxSCH20,SS,BW,20,1916T3019,ASME B16.9,RCC-M 3,QA2,"16""x10""",,个,,KG,
,CPR01730,偏心大小头,SCH10SxSCH10S,SS,BW,022Cr19Ni10,1916T3017,ASME B16.9,RCC-M 2,QA1,"16""x10""",,个,17.7,KG,
,CPR01731,偏心大小头,SCH160xSCH160,SS,BW,P280GH,1916T3019,ASME B16.9,RCC-M 2,QA1,"16""x10""",,个,135.8,KG,
,CPR01732,偏心大小头,SCH40xSCH40,SS,BW,20,1916T3019,ASME B16.9,RCC-M 3,QA2,"16""x10""",,个,48.8,KG,
,CPR01733,偏心大小头,SCH40SxSCH10S,SS,BW,022Cr19Ni10,1916T3017,ASME B16.9,RCC-M 2,QA1,"16""x10""",,个,35.4,KG,
,CPR01734,偏心大小头,SCH60xSCH80S,SS,BW,022Cr19Ni10,1916T3017,ASME B16.9,RCC-M 2,QA1,"16""x10""",,个,57,KG,
,CPR01735,偏心大小头,SCH80xSCH80,SS,BW,20,1916T3019,ASME B16.9,RCC-M 2,QA1,"16""x10""",,个,79,KG,
,CPR01736,偏心大小头,8.74mmx7.14mm,SS,BW,20,1916T3019,ASME B16.9,RCC-M 2,QA1,"16""x12""",,个,,KG,
,CPR01739,偏心大小头,9.8mmx7.14mm,SS,BW,20,1916T3019,ASME B16.9,RCC-M 3,QA2,"16""x12""",,个,,KG,
,CPR01740,偏心大小头,SCH10SxSCH10S,SS,BW,022Cr19Ni10,1916T3017,ASME B16.9,RCC-M 2,QA1,"16""x12""",,个,18.3,KG,
,CPR01741,偏心大小头,SCH160xSCH160,SS,BW,P280GH,1916T3019,ASME B16.9,RCC-M 2,QA1,"16""x12""",,个,135.8,KG,
,CPR01742,偏心大小头,SCH40xSCH40,SS,BW,20,1916T3019,ASME B16.9,RCC-M 3,QA2,"16""x12""",,个,48.8,KG,
,CPR01743,偏心大小头,SCH40SxSCH10S,SS,BW,022Cr19Ni10,1916T3017,ASME B16.9,RCC-M 2,QA1,"16""x12""",,个,36.7,KG,
,CPR01744,偏心大小头,SCH60xSCH80S,SS,BW,022Cr19Ni10,1916T3017,ASME B16.9,RCC-M 2,QA1,"16""x12""",,个,57,KG,
,CPR01745,偏心大小头,SCH80xSCH80,SS,BW,20,1916T3019,ASME B16.9,RCC-M 2,QA1,"16""x12""",,个,79,KG,
,CPR01746,偏心大小头,8.74mmxSCH20,SS,BW,20,1916T3019,ASME B16.9,RCC-M 2,QA1,"16""x14""",,个,,KG,
,CPR01749,偏心大小头,9.8mmxSCH20,SS,BW,20,1916T3019,ASME B16.9,RCC-M 3,QA2,"16""x14""",,个,,KG,
,CPR01750,偏心大小头,SCH10SxSCH10S,SS,BW,022Cr19Ni10,1916T3017,ASME B16.9,RCC-M 2,QA1,"16""x14""",,个,18.8,KG,
,CPR01751,偏心大小头,SCH160xSCH160,SS,BW,P280GH,1916T3019,ASME B16.9,RCC-M 2,QA1,"16""x14""",,个,135.8,KG,
,CPR01752,偏心大小头,SCH40xSCH40,SS,BW,20,1916T3019,ASME B16.9,RCC-M 3,QA2,"16""x14""",,个,48.8,KG,
,CPR01753,偏心大小头,SCH40SxSCH10S,SS,BW,022Cr19Ni10,1916T3017,ASME B16.9,RCC-M 2,QA1,"16""x14""",,个,37.6,KG,
,CPR01754,偏心大小头,SCH60xSCH60,SS,BW,022Cr19Ni10,1916T3017,ASME B16.9,RCC-M 2,QA1,"16""x14""",,个,57,KG,
,CPR01755,偏心大小头,SCH80xSCH80,SS,BW,20,1916T3019,ASME B16.9,RCC-M 2,QA1,"16""x14""",,个,79,KG,
,CPR01756,偏心大小头,SCH10xSCH20,FS,BW,Q265HR,1916T3021,ASME B16.9,RCC-M 3,QA2,"18""x10""",,个,21.5,KG,
,CPR01757,偏心大小头,SCH20xSCH10S,SS,BW,022Cr19Ni10,1916T3017,ASME B16.9,RCC-M 2,QA1,"18""x10""",,个,35.2,KG,
,CPR01758,偏心大小头,SCH10x7.14mm,FS,BW,Q265HR,1916T3021,ASME B16.9,RCC-M 3,QA2,"18""x12""",,个,21.5,KG,
,CPR01759,偏心大小头,SCH20xSCH10S,SS,BW,022Cr19Ni10,1916T3017,ASME B16.9,RCC-M 2,QA1,"18""x12""",,个,35.2,KG,
,CPR01760,偏心大小头,SCH10xSCH20,FS,BW,Q265HR,1916T3021,ASME B16.9,RCC-M 3,QA2,"18""x14""",,个,21.5,KG,
,CPR01761,偏心大小头,SCH20xSCH10S,SS,BW,022Cr19Ni10,1916T3017,ASME B16.9,RCC-M 2,QA1,"18""x14""",,个,35.2,KG,
,CPR01762,偏心大小头,SCH10x9.8mm,FS,BW,Q265HR,1916T3021,ASME B16.9,RCC-M 3,QA2,"18""x16""",,个,21.5,KG,
,CPR01763,偏心大小头,SCH20xSCH10S,SS,BW,022Cr19Ni10,1916T3017,ASME B16.9,RCC-M 2,QA1,"18""x16""",,个,35.2,KG,
,CPR01764,偏心大小头,SCH10xSCH20,FS,BW,Q265HR,1916T3021,ASME B16.9,RCC-M 3,QA2,"20""x8""",,个,,KG,
,CPR01765,偏心大小头,SCH10x7.14mm,FS,BW,Q265HR,1916T3021,ASME B16.9,RCC-M 3,QA2,"20""x12""",,个,36,KG,
,CPR01766,偏心大小头,SCH10xSCH20,FS,BW,Q265HR,1916T3021,ASME B16.9,RCC-M 3,QA2,"20""x14""",,个,36,KG,
,CPR01767,偏心大小头,SCH10x9.8mm,FS,BW,Q265HR,1916T3021,ASME B16.9,RCC-M 3,QA2,"20""x16""",,个,36,KG,
,CPR01768,偏心大小头,SCH10xSCH10,FS,BW,Q265HR,1916T3021,ASME B16.9,RCC-M 3,QA2,"20""x18""",,个,36,KG,
,CPR01769,偏心大小头,SCH10xSCH20,FS,BW,Q265HR,1916T3021,ASME B16.9,RCC-M 3,QA2,"22""x14""",,个,38,KG,
,CPR01770,偏心大小头,SCH10x9.8mm,FS,BW,Q265HR,1916T3021,ASME B16.9,RCC-M 3,QA2,"22""x16""",,个,38,KG,
,CPR01771,偏心大小头,SCH10xSCH10,FS,BW,Q265HR,1916T3021,ASME B16.9,RCC-M 3,QA2,"22""x18""",,个,38,KG,
,CPR01772,偏心大小头,SCH10xSCH10,FS,BW,Q265HR,1916T3021,ASME B16.9,RCC-M 3,QA2,"22""x20""",,个,38,KG,
,CPR01773,偏心大小头,SCH10x9.8mm,FS,BW,Q265HR,1916T3021,ASME B16.9,RCC-M 3,QA2,"24""x16""",,个,47.5,KG,
,CPR01774,偏心大小头,SCH10xSCH10,FS,BW,Q265HR,1916T3021,ASME B16.9,RCC-M 3,QA2,"24""x18""",,个,47.5,KG,
,CPR01775,偏心大小头,SCH10xSCH10,FS,BW,Q265HR,1916T3021,ASME B16.9,RCC-M 3,QA2,"24""x20""",,个,47.5,KG,
,CPR01776,偏心大小头,SCH10xSCH10,FS,BW,Q265HR,1916T3021,ASME B16.9,RCC-M 3,QA2,"24""x22""",,个,47.5,KG,
,CPR01777,偏心大小头,SCH10xSCH10,FS,BW,Q265HR,1916T3021,ASME B16.9,RCC-M 3,QA2,"26""x18""",,个,75,KG,
,CPR01778,偏心大小头,SCH10xSCH10,FS,BW,Q265HR,1916T3021,ASME B16.9,RCC-M 3,QA2,"26""x20""",,个,75,KG,
,CPR01779,偏心大小头,SCH10xSCH10,FS,BW,Q265HR,1916T3021,ASME B16.9,RCC-M 3,QA2,"26""x22""",,个,75,KG,
,CPR01780,偏心大小头,SCH10xSCH10,FS,BW,Q265HR,1916T3021,ASME B16.9,RCC-M 3,QA2,"26""x24""",,个,75,KG,
,CPR01781,偏心大小头,SCH10xSCH10,FS,BW,Q265HR,1916T3021,ASME B16.9,RCC-M 3,QA2,"28""x18""",,个,79,KG,
,CPR01782,偏心大小头,SCH10xSCH10,FS,BW,Q265HR,1916T3021,ASME B16.9,RCC-M 3,QA2,"28""x20""",,个,79,KG,
,CPR01783,偏心大小头,SCH10xSCH10,FS,BW,Q265HR,1916T3021,ASME B16.9,RCC-M 3,QA2,"28""x24""",,个,79,KG,
,CPR01784,偏心大小头,SCH10xSCH10,FS,BW,Q265HR,1916T3021,ASME B16.9,RCC-M 3,QA2,"28""x26""",,个,79,KG,
,CPR01785,偏心大小头,SCH10xSCH10,FS,BW,Q265HR,1916T3021,ASME B16.9,RCC-M 3,QA2,"30""x20""",,个,85,KG,
,CPR01786,偏心大小头,SCH10xSCH10,FS,BW,Q265HR,1916T3021,ASME B16.9,RCC-M 3,QA2,"30""x24""",,个,85,KG,
,CPR01787,偏心大小头,SCH10xSCH10,FS,BW,Q265HR,1916T3021,ASME B16.9,RCC-M 3,QA2,"30""x26""",,个,85,KG,
,CPR01788,偏心大小头,SCH10xSCH10,FS,BW,Q265HR,1916T3021,ASME B16.9,RCC-M 3,QA2,"30""x28""",,个,85,KG,
,CPR01789,偏心大小头,9.52mmxSCH10,FS,BW,Q265HR,1916T3021,ASME B16.9,RCC-M 3,QA2,"32""x24""",,个,115,KG,
,CPR01790,偏心大小头,9.52mmxSCH10,FS,BW,Q265HR,1916T3021,ASME B16.9,RCC-M 3,QA2,"32""x26""",,个,115,KG,
,CPR01791,偏心大小头,9.52mmxSCH10,FS,BW,Q265HR,1916T3021,ASME B16.9,RCC-M 3,QA2,"32""x28""",,个,115,KG,
,CPR01792,偏心大小头,9.52mmxSCH10,FS,BW,Q265HR,1916T3021,ASME B16.9,RCC-M 3,QA2,"32""x30""",,个,115,KG,
,CPR01793,偏心大小头,9.52mmxSCH10,FS,BW,Q265HR,1916T3021,ASME B16.9,RCC-M 3,QA2,"34""x24""",,个,123,KG,
,CPR01794,偏心大小头,9.52mmxSCH10,FS,BW,Q265HR,1916T3021,ASME B16.9,RCC-M 3,QA2,"34""x26""",,个,123,KG,
,CPR01795,偏心大小头,9.52mmxSCH10,FS,BW,Q265HR,1916T3021,ASME B16.9,RCC-M 3,QA2,"34""x30""",,个,123,KG,
,CPR01796,偏心大小头,9.52mmx9.52mm,FS,BW,Q265HR,1916T3021,ASME B16.9,RCC-M 3,QA2,"34""x32""",,个,123,KG,
,CPR01797,偏心大小头,9.52mmxSCH10,FS,BW,Q265HR,1916T3021,ASME B16.9,RCC-M 3,QA2,"36""x24""",,个,129,KG,
,CPR01798,偏心大小头,9.52mmxSCH10,FS,BW,Q265HR,1916T3021,ASME B16.9,RCC-M 3,QA2,"36""x26""",,个,129,KG,
,CPR01799,偏心大小头,9.52mmxSCH10,FS,BW,Q265HR,1916T3021,ASME B16.9,RCC-M 3,QA2,"36""x30""",,个,129,KG,
,CPR01800,偏心大小头,9.52mmx9.52mm,FS,BW,Q265HR,1916T3021,ASME B16.9,RCC-M 3,QA2,"36""x32""",,个,129,KG,
,CPR01801,偏心大小头,9.52mmx9.52mm,FS,BW,Q265HR,1916T3021,ASME B16.9,RCC-M 3,QA2,"36""x34""",,个,129,KG,
,CPR01803,同心大小头,SCH10SxSCH10S,SS,BW,022Cr19Ni10,1916T3017,ASME B16.9,RCC-M 3,QA2,"14""x12""",,个,15.3,KG,
,CPR01804,同心大小头,SCH10SxSCH10S,SS,BW,022Cr19Ni10,1916T3017,ASME B16.9,RCC-M 3,QA2,"14""x10""",,个,14.4,KG,
,CPR01805,同心大小头,SCH10SxSCH10S,SS,BW,022Cr19Ni10,1916T3017,ASME B16.9,RCC-M 3,QA2,"16""x14""",,个,18.8,KG,
,CPR01806,同心大小头,SCH10SxSCH10S,SS,BW,022Cr19Ni10,1916T3017,ASME B16.9,RCC-M 3,QA2,"16""x12""",,个,18.3,KG,
,CPR01807,偏心大小头,SCH10SxSCH10S,SS,BW,022Cr19Ni10,1916T3017,ASME B16.9,RCC-M 3,QA2,"14""x12""",,个,15.3,KG,
,CPR01808,偏心大小头,SCH10SxSCH10S,SS,BW,022Cr19Ni10,1916T3017,ASME B16.9,RCC-M 3,QA2,"14""x10""",,个,14.4,KG,
,CPR01809,偏心大小头,SCH10SxSCH10S,SS,BW,022Cr19Ni10,1916T3017,ASME B16.9,RCC-M 3,QA2,"16""x14""",,个,18.8,KG,
,CPR01810,偏心大小头,SCH10SxSCH10S,SS,BW,022Cr19Ni10,1916T3017,ASME B16.9,RCC-M 3,QA2,"16""x12""",,个,18.3,KG,
,CPR01811,同心大小头,SCH10SxSCH10S,SS,BW,022Cr19Ni10,1916T3017,ASME B16.9,RCC-M 3,QA2,"14""x6""",,个,13.1,KG,
,CPR01812,偏心大小头,SCH10SxSCH10S,SS,BW,022Cr19Ni10,1916T3017,ASME B16.9,RCC-M 3,QA2,"14""x6""",,个,13.1,KG,
,CPR01813,同心大小头,SCH10SxSCH10S,SS,BW,022Cr19Ni10,1916T3017,ASME B16.9,RCC-M 3,QA2,"14""x8""",,个,13.9,KG,
,CPR01814,偏心大小头,SCH10SxSCH10S,SS,BW,022Cr19Ni10,1916T3017,ASME B16.9,RCC-M 3,QA2,"14""x8""",,个,13.9,KG,
,CPR01815,同心大小头,SCH10SxSCH10S,SS,BW,022Cr19Ni10,1916T3017,ASME B16.9,RCC-M 3,QA2,"16""x8""",,个,16.7,KG,
,CPR01816,偏心大小头,SCH10SxSCH10S,SS,BW,022Cr19Ni10,1916T3017,ASME B16.9,RCC-M 3,QA2,"16""x8""",,个,16.7,KG,
,CPR01817,同心大小头,SCH10SxSCH10S,SS,BW,022Cr19Ni10,1916T3017,ASME B16.9,RCC-M 3,QA2,"16""x10""",,个,17.7,KG,
,CPR01818,偏心大小头,SCH10SxSCH10S,SS,BW,022Cr19Ni10,1916T3017,ASME B16.9,RCC-M 3,QA2,"16""x10""",,个,17.7,KG,
,CPR01820,同心大小头,2.2mmx2.2mm,,,环氧树脂玻璃纤维,,SY/T 6266,NA,QNCa,"4""x3""",,个,,KG,
,CPR01821,同心大小头,SCH80SxSCH80S,SS,BW,022Cr19Ni10,1916T3017,ASME B16.9,RCC-M 2,QA1,"10""x6""",,个,14.8,KG,
,CPR01822,同心大小头,SCH80SxSCH80S,SS,BW,022Cr19Ni10,1916T3017,ASME B16.9,RCC-M 2,QA1,"10""x8""",,个,15.6,KG,
,CPR01823,同心大小头,SCH80SxSCH80S,SS,BW,022Cr19Ni10,1916T3017,ASME B16.9,RCC-M 2,QA1,"10""x5""",,个,14.2,KG,
,CPR01824,同心大小头,SCH80SxSCH80S,SS,BW,022Cr19Ni10,1916T3017,ASME B16.9,RCC-M 2,QA1,"12""x6""",,个,20.1,KG,
,CPR01825,同心大小头,SCH80SxSCH80S,SS,BW,022Cr19Ni10,1916T3017,ASME B16.9,RCC-M 2,QA1,"12""x8""",,个,20.9,KG,
,CPR01826,同心大小头,SCH80SxSCH80S,SS,BW,022Cr19Ni10,1916T3017,ASME B16.9,RCC-M 2,QA1,"12""x5""",,个,19.4,KG,
,CPR01830,偏心大小头,SCH10SxSCH40S,SS,BW,022Cr19Ni10,1916T3017,ASME B16.9,RCC-M 2,QA1,"3""x3/4""",,个,,KG,
,CPR01831,同心大小头,SCH10SxSCH40S,SS,BW,022Cr19Ni10,1916T3017,ASME B16.9,RCC-M 2,QA1,"3""x3/4""",,个,,KG,
,CPR01840,延长管L=100,,,,20,,1916E4001-059,RCC-M 2,QA1,"3/4""x1/2""",Φ26.7xΦ21.3,个,,KG,
,CPR01841,延长管L=100,,,,P280GH,,1916E4001-059,RCC-M 2,QA1,"3/4""x1/2""",Φ26.7xΦ21.3,个,,KG,
,CPR01842,延长管L=100,,,,20,,1916E4001-059,RCC-M 3,QA2,"3/4""x1/2""",Φ26.7xΦ21.3,个,,KG,
,CPR01843,延长管L=100,,,,20,,1916E4001-059,NA,QA3,"3/4""x1/2""",Φ26.7xΦ21.3,个,,KG,
,CPR01844,延长管L=100,,,,022Cr17Ni12Mo2,,1916E4001-059,RCC-M 3,QA2,"3/4""x1/2""",Φ26.7xΦ21.3,个,,KG,
,CPR01845,延长管L=100,,,,022Cr19Ni10,,1916E4001-059,RCC-M 1,QA1,"3/4""x1/2""",Φ26.7xΦ21.3,个,,KG,
,CPR01846,延长管L=100,,,,022Cr19Ni10,,1916E4001-059,RCC-M 2,QA1,"3/4""x1/2""",Φ26.7xΦ21.3,个,,KG,
,CPR01847,延长管L=100,,,,022Cr19Ni10,,1916E4001-059,RCC-M 3,QA2,"3/4""x1/2""",Φ26.7xΦ21.3,个,,KG,
,CPR01848,延长管L=100,,,,022Cr19Ni10,,1916E4001-059,NA,QA3,"3/4""x1/2""",Φ26.7xΦ21.3,个,,KG,
,CPR01850,延长管L=100,,,,022Cr17Ni12Mo2,,1916E4001-059,NA,QA3,"3/4""x1/2""",Φ26.7xΦ21.3,个,,KG,
,CPR01851,延长管L=210,,,,20,,1916E4001-059,RCC-M 2,QA1,"3/4""x1/2""",Φ26.7xΦ21.3,个,,KG,
,CPR01852,延长管L=210,,,,P280GH,,1916E4001-059,RCC-M 2,QA1,"3/4""x1/2""",Φ26.7xΦ21.3,个,,KG,
,CPR01853,延长管L=210,,,,20,,1916E4001-059,RCC-M 3,QA2,"3/4""x1/2""",Φ26.7xΦ21.3,个,,KG,
,CPR01854,延长管L=210,,,,20,,1916E4001-059,NA,QA3,"3/4""x1/2""",Φ26.7xΦ21.3,个,,KG,
,CPR01855,延长管L=210,,,,022Cr17Ni12Mo2,,1916E4001-059,RCC-M 3,QA2,"3/4""x1/2""",Φ26.7xΦ21.3,个,,KG,
,CPR01856,延长管L=210,,,,022Cr19Ni10,,1916E4001-059,RCC-M 1,QA1,"3/4""x1/2""",Φ26.7xΦ21.3,个,,KG,
,CPR01857,延长管L=210,,,,022Cr19Ni10,,1916E4001-059,RCC-M 2,QA1,"3/4""x1/2""",Φ26.7xΦ21.3,个,,KG,
,CPR01858,延长管L=210,,,,022Cr19Ni10,,1916E4001-059,RCC-M 3,QA2,"3/4""x1/2""",Φ26.7xΦ21.3,个,,KG,
,CPR01859,延长管L=210,,,,022Cr19Ni10,,1916E4001-059,NA,QA3,"3/4""x1/2""",Φ26.7xΦ21.3,个,,KG,
,CPR01861,延长管L=210,,,,022Cr17Ni12Mo2,,1916E4001-059,NA,QA3,"3/4""x1/2""",Φ26.7xΦ21.3,个,,KG,
,CPR01862,延长管L=270,,,,20,,1916E4001-059,RCC-M 2,QA1,"3/4""x1/2""",Φ26.7xΦ21.3,个,,KG,
,CPR01863,延长管L=270,,,,P280GH,,1916E4001-059,RCC-M 2,QA1,"3/4""x1/2""",Φ26.7xΦ21.3,个,,KG,
,CPR01864,延长管L=270,,,,20,,1916E4001-059,RCC-M 3,QA2,"3/4""x1/2""",Φ26.7xΦ21.3,个,,KG,
,CPR01865,延长管L=270,,,,20,,1916E4001-059,NA,QA3,"3/4""x1/2""",Φ26.7xΦ21.3,个,,KG,
,CPR01866,延长管L=270,,,,022Cr17Ni12Mo2,,1916E4001-059,RCC-M 3,QA2,"3/4""x1/2""",Φ26.7xΦ21.3,个,,KG,
,CPR01867,延长管L=270,,,,022Cr19Ni10,,1916E4001-059,RCC-M 1,QA1,"3/4""x1/2""",Φ26.7xΦ21.3,个,,KG,
,CPR01868,延长管L=270,,,,022Cr19Ni10,,1916E4001-059,RCC-M 2,QA1,"3/4""x1/2""",Φ26.7xΦ21.3,个,,KG,
,CPR01869,延长管L=270,,,,022Cr19Ni10,,1916E4001-059,RCC-M 3,QA2,"3/4""x1/2""",Φ26.7xΦ21.3,个,,KG,
,CPR01870,延长管L=270,,,,022Cr19Ni10,,1916E4001-059,NA,QA3,"3/4""x1/2""",Φ26.7xΦ21.3,个,,KG,
,CPR01872,延长管L=270,,,,022Cr17Ni12Mo2,,1916E4001-059,NA,QA3,"3/4""x1/2""",Φ26.7xΦ21.3,个,,KG,
,CPR01880,同心大小头,3.18mmxSCH10S,SS,BW,20,1916T3019,ASME B16.9,RCC-M 3,QA2,"2-1/2""x1""",,个,,KG,
,CPR01881,同心大小头,3.18mmxSCH10S,SS,BW,20,1916T3019,ASME B16.9,RCC-M 3,QA2,"2-1/2""x1-1/4""",,个,,KG,
,CPR01882,同心大小头,3.18mmxSCH10S,SS,BW,20,1916T3019,ASME B16.9,RCC-M 3,QA2,"2-1/2""x1-1/2""",,个,,KG,
,CPR01883,同心大小头,3.18mmxSCH10S,SS,BW,20,1916T3019,ASME B16.9,RCC-M 3,QA2,"2-1/2""x2""",,个,,KG,
,CPR01884,同心大小头,3.18mmxSCH10S,SS,BW,20,1916T3019,ASME B16.9,RCC-M 3,QA2,"3""x1""",,个,,KG,
,CPR01885,同心大小头,3.18mmxSCH10S,SS,BW,20,1916T3019,ASME B16.9,RCC-M 3,QA2,"3""x1-1/4""",,个,,KG,
,CPR01886,同心大小头,3.18mmxSCH10S,SS,BW,20,1916T3019,ASME B16.9,RCC-M 3,QA2,"3""x1-1/2""",,个,,KG,
,CPR01887,同心大小头,3.18mmxSCH10S,SS,BW,20,1916T3019,ASME B16.9,RCC-M 3,QA2,"3""x2""",,个,,KG,
,CPR01888,同心大小头,3.58mmxSCH10S,SS,BW,20,1916T3019,ASME B16.9,RCC-M 3,QA2,"4""x1-1/2""",,个,,KG,
,CPR01889,同心大小头,3.58mmxSCH10S,SS,BW,20,1916T3019,ASME B16.9,RCC-M 3,QA2,"4""x2""",,个,,KG,
,CPR01890,同心大小头,4.37mmxSCH10S,SS,BW,20,1916T3019,ASME B16.9,RCC-M 3,QA2,"6""x2""",,个,,KG,
,CPR01891,偏心大小头,3.18mmxSCH10S,SS,BW,20,1916T3019,ASME B16.9,RCC-M 3,QA2,"2-1/2""x1""",,个,,KG,
,CPR01892,偏心大小头,3.18mmxSCH10S,SS,BW,20,1916T3019,ASME B16.9,RCC-M 3,QA2,"2-1/2""x1-1/4""",,个,,KG,
,CPR01893,偏心大小头,3.18mmxSCH10S,SS,BW,20,1916T3019,ASME B16.9,RCC-M 3,QA2,"2-1/2""x1-1/2""",,个,,KG,
,CPR01894,偏心大小头,3.18mmxSCH10S,SS,BW,20,1916T3019,ASME B16.9,RCC-M 3,QA2,"2-1/2""x2""",,个,,KG,
,CPR01895,偏心大小头,3.18mmxSCH10S,SS,BW,20,1916T3019,ASME B16.9,RCC-M 3,QA2,"3""x1""",,个,,KG,
,CPR01896,偏心大小头,3.18mmxSCH10S,SS,BW,20,1916T3019,ASME B16.9,RCC-M 3,QA2,"3""x1-1/4""",,个,,KG,
,CPR01897,偏心大小头,3.18mmxSCH10S,SS,BW,20,1916T3019,ASME B16.9,RCC-M 3,QA2,"3""x1-1/2""",,个,,KG,
,CPR01898,偏心大小头,3.18mmxSCH10S,SS,BW,20,1916T3019,ASME B16.9,RCC-M 3,QA2,"3""x2""",,个,,KG,
,CPR01899,偏心大小头,3.58mmxSCH10S,SS,BW,20,1916T3019,ASME B16.9,RCC-M 3,QA2,"4""x1-1/2""",,个,,KG,
,CPR01900,偏心大小头,3.58mmxSCH10S,SS,BW,20,1916T3019,ASME B16.9,RCC-M 3,QA2,"4""x2""",,个,,KG,
,CPR01901,偏心大小头,4.37mmxSCH10S,SS,BW,20,1916T3019,ASME B16.9,RCC-M 3,QA2,"6""x2""",,个,,KG,
,CPR01902,同心大小头,SCH10SxSCH40S,SS,BW,022Cr19Ni10,1916T3017,ASME B16.9,RCC-M 2,QA1,"2-1/2""x1""",,个,0.38,KG,
,CPR01903,同心大小头,SCH10SxSCH40S,SS,BW,022Cr19Ni10,1916T3017,ASME B16.9,RCC-M 2,QA1,"2-1/2""x1-1/4""",,个,0.43,KG,
,CPR01904,同心大小头,SCH10SxSCH40S,SS,BW,022Cr19Ni10,1916T3017,ASME B16.9,RCC-M 2,QA1,"2-1/2""x1-1/2""",,个,0.44,KG,
,CPR01905,同心大小头,SCH10SxSCH40S,SS,BW,022Cr19Ni10,1916T3017,ASME B16.9,RCC-M 2,QA1,"2-1/2""x2""",,个,0.47,KG,
,CPR01906,同心大小头,SCH10SxSCH40S,SS,BW,022Cr19Ni10,1916T3017,ASME B16.9,RCC-M 2,QA1,"3""x1""",,个,,KG,
,CPR01907,同心大小头,SCH10SxSCH40S,SS,BW,022Cr19Ni10,1916T3017,ASME B16.9,RCC-M 2,QA1,"3""x1-1/4""",,个,0.47,KG,
,CPR01908,同心大小头,SCH10SxSCH40S,SS,BW,022Cr19Ni10,1916T3017,ASME B16.9,RCC-M 2,QA1,"3""x1-1/2""",,个,0.51,KG,
,CPR01909,同心大小头,SCH10SxSCH40S,SS,BW,022Cr19Ni10,1916T3017,ASME B16.9,RCC-M 2,QA1,"3""x2""",,个,0.55,KG,
,CPR01910,同心大小头,SCH10SxSCH40S,SS,BW,022Cr19Ni10,1916T3017,ASME B16.9,RCC-M 2,QA1,"3-1/2""x1-1/4""",,个,0.62,KG,
,CPR01911,同心大小头,SCH10SxSCH40S,SS,BW,022Cr19Ni10,1916T3017,ASME B16.9,RCC-M 2,QA1,"3-1/2""x1-1/2""",,个,0.66,KG,
,CPR01912,同心大小头,SCH10SxSCH40S,SS,BW,022Cr19Ni10,1916T3017,ASME B16.9,RCC-M 2,QA1,"3-1/2""x2""",,个,0.71,KG,
,CPR01913,同心大小头,SCH10SxSCH40S,SS,BW,022Cr19Ni10,1916T3017,ASME B16.9,RCC-M 2,QA1,"4""x1-1/2""",,个,0.68,KG,
,CPR01914,同心大小头,SCH10SxSCH40S,SS,BW,022Cr19Ni10,1916T3017,ASME B16.9,RCC-M 2,QA1,"4""x2""",,个,0.78,KG,
,CPR01915,同心大小头,SCH10SxSCH40S,SS,BW,022Cr19Ni10,1916T3017,ASME B16.9,RCC-M 2,QA1,"5""x2""",,个,1.3,KG,
,CPR01916,同心大小头,SCH10SxSCH40S,SS,BW,022Cr19Ni10,1916T3017,ASME B16.9,RCC-M 2,QA1,"6""x2""",,个,,KG,
,CPR01917,偏心大小头,SCH10SxSCH40S,SS,BW,022Cr19Ni10,1916T3017,ASME B16.9,RCC-M 2,QA1,"2-1/2""x1""",,个,0.38,KG,
,CPR01918,偏心大小头,SCH10SxSCH40S,SS,BW,022Cr19Ni10,1916T3017,ASME B16.9,RCC-M 2,QA1,"2-1/2""x1-1/4""",,个,0.43,KG,
,CPR01919,偏心大小头,SCH10SxSCH40S,SS,BW,022Cr19Ni10,1916T3017,ASME B16.9,RCC-M 2,QA1,"2-1/2""x1-1/2""",,个,0.44,KG,
,CPR01920,偏心大小头,SCH10SxSCH40S,SS,BW,022Cr19Ni10,1916T3017,ASME B16.9,RCC-M 2,QA1,"2-1/2""x2""",,个,0.47,KG,
,CPR01921,偏心大小头,SCH10SxSCH40S,SS,BW,022Cr19Ni10,1916T3017,ASME B16.9,RCC-M 2,QA1,"3""x1""",,个,,KG,
,CPR01922,偏心大小头,SCH10SxSCH40S,SS,BW,022Cr19Ni10,1916T3017,ASME B16.9,RCC-M 2,QA1,"3""x1-1/4""",,个,0.47,KG,
,CPR01923,偏心大小头,SCH10SxSCH40S,SS,BW,022Cr19Ni10,1916T3017,ASME B16.9,RCC-M 2,QA1,"3""x1-1/2""",,个,0.51,KG,
,CPR01924,偏心大小头,SCH10SxSCH40S,SS,BW,022Cr19Ni10,1916T3017,ASME B16.9,RCC-M 2,QA1,"3""x2""",,个,0.55,KG,
,CPR01925,偏心大小头,SCH10SxSCH40S,SS,BW,022Cr19Ni10,1916T3017,ASME B16.9,RCC-M 2,QA1,"3-1/2""x1-1/4""",,个,0.62,KG,
,CPR01926,偏心大小头,SCH10SxSCH40S,SS,BW,022Cr19Ni10,1916T3017,ASME B16.9,RCC-M 2,QA1,"3-1/2""x1-1/2""",,个,0.66,KG,
,CPR01927,偏心大小头,SCH10SxSCH40S,SS,BW,022Cr19Ni10,1916T3017,ASME B16.9,RCC-M 2,QA1,"3-1/2""x2""",,个,0.71,KG,
,CPR01928,偏心大小头,SCH10SxSCH40S,SS,BW,022Cr19Ni10,1916T3017,ASME B16.9,RCC-M 2,QA1,"4""x1-1/2""",,个,0.68,KG,
,CPR01929,偏心大小头,SCH10SxSCH40S,SS,BW,022Cr19Ni10,1916T3017,ASME B16.9,RCC-M 2,QA1,"4""x2""",,个,0.78,KG,
,CPR01930,偏心大小头,SCH10SxSCH40S,SS,BW,022Cr19Ni10,1916T3017,ASME B16.9,RCC-M 2,QA1,"5""x2""",,个,1.3,KG,
,CPR01931,偏心大小头,SCH10SxSCH40S,SS,BW,022Cr19Ni10,1916T3017,ASME B16.9,RCC-M 2,QA1,"6""x2""",,个,,KG,
,CPR01939,取样井A=100,,,FIL,022Cr19Ni10,1916T3038,1916E4001-022,RCC-M 2,QA1,"1""",Φ27.4,个,,KG,
,CPR01940,取样井A=155,,,FIL,022Cr19Ni10,1916T3038,1916E4001-022,RCC-M 2,QA1,"1""",Φ27.4,个,,KG,
,CPR01941,取样井A=215,,,FIL,022Cr19Ni10,1916T3038,1916E4001-022,RCC-M 2,QA1,"1""",Φ27.4,个,,KG,
,CPR01942,取样井A=255,,,FIL,022Cr19Ni10,1916T3038,1916E4001-022,RCC-M 2,QA1,"1""",Φ27.4,个,,KG,
,CPR01943,取样井A=100,,,FIL,022Cr19Ni10,1916T3038,1916E4001-022,RCC-M 3,QA2,"1""",Φ27.4,个,,KG,
,CPR01944,取样井A=155,,,FIL,022Cr19Ni10,1916T3038,1916E4001-022,RCC-M 3,QA2,"1""",Φ27.4,个,,KG,
,CPR01945,取样井A=215,,,FIL,022Cr19Ni10,1916T3038,1916E4001-022,RCC-M 3,QA2,"1""",Φ27.4,个,,KG,
,CPR01946,取样井A=255,,,FIL,022Cr19Ni10,1916T3038,1916E4001-022,RCC-M 3,QA2,"1""",Φ27.4,个,,KG,
,CPR01947,取样井A=100,,,FIL,022Cr19Ni10,1916T3038,1916E4001-022,NA,QA3,"1""",Φ27.4,个,,KG,
,CPR01948,取样井A=155,,,FIL,022Cr19Ni10,1916T3038,1916E4001-022,NA,QA3,"1""",Φ27.4,个,,KG,
,CPR01949,取样井A=215,,,FIL,022Cr19Ni10,1916T3038,1916E4001-022,NA,QA3,"1""",Φ27.4,个,,KG,
,CPR01950,取样井A=255,,,FIL,022Cr19Ni10,1916T3038,1916E4001-022,NA,QA3,"1""",Φ27.4,个,,KG,
,CPR01955,取样井A=100,,,FIL,022Cr17Ni12Mo2,1916T3038,1916E4001-022,RCC-M 3,QA2,"1""",Φ27.4,个,,KG,
,CPR01956,取样井A=155,,,FIL,022Cr17Ni12Mo2,1916T3038,1916E4001-022,RCC-M 3,QA2,"1""",Φ27.4,个,,KG,
,CPR01957,取样井A=215,,,FIL,022Cr17Ni12Mo2,1916T3038,1916E4001-022,RCC-M 3,QA2,"1""",Φ27.4,个,,KG,
,CPR01958,取样井A=255,,,FIL,022Cr17Ni12Mo2,1916T3038,1916E4001-022,RCC-M 3,QA2,"1""",Φ27.4,个,,KG,
,CPR01959,取样井A=100,,,FIL,022Cr17Ni12Mo2,1916T3038,1916E4001-022,NA,QA3,"1""",Φ27.4,个,,KG,
,CPR01960,取样井A=155,,,FIL,022Cr17Ni12Mo2,1916T3038,1916E4001-022,NA,QA3,"1""",Φ27.4,个,,KG,
,CPR01961,取样井A=215,,,FIL,022Cr17Ni12Mo2,1916T3038,1916E4001-022,NA,QA3,"1""",Φ27.4,个,,KG,
,CPR01962,取样井A=255,,,FIL,022Cr17Ni12Mo2,1916T3038,1916E4001-022,NA,QA3,"1""",Φ27.4,个,,KG,
,CPR01964,同心大小头,SCH60xSCH80,SS,BW,P280GH,1916T3019,ASME B16.9,RCC-M 2,QA1,"10""x8""",,个,,KG,
,CPR01965,同心大小头,SCH120xSCH120,SS,BW,026Cr18Ni12Mo2N,1916T3017,ASME B16.9,RCC-M 2,QA1,"12""x6""",,个,,KG,
,CPR01966,同心大小头,SCH160xSCH160,SS,BW,026Cr18Ni12Mo2N,1916T3017,ASME B16.9,RCC-M 1,QA1,"6""x4""",,个,,KG,
,CPR01974,大小头,,,,022Cr19Ni10,,1916E4001-052,RCC-M 1,QA1,"1""x3/8""",,个,,KG,
,CPR01975,大小头,,,,022Cr19Ni10,,1916E4001-052,RCC-M 1,QA1,"2""x3/8""",,个,,KG,
,CPR01983,大小头,,,,20,,1916E4001-052,RCC-M 2,QA1,"1""x3/8""",,个,,KG,
,CPR01984,大小头,,,,20,,1916E4001-052,RCC-M 2,QA1,"2""x3/8""",,个,,KG,
,CPR01992,大小头,,,,20,,1916E4001-052,RCC-M 3,QA2,"1""x3/8""",,个,,KG,
,CPR01993,大小头,,,,20,,1916E4001-052,RCC-M 3,QA2,"2""x3/8""",,个,,KG,
,CPR02001,大小头,,,,20,,1916E4001-052,NA,QA3,"1""x3/8""",,个,,KG,
,CPR02002,大小头,,,,20,,1916E4001-052,NA,QA3,"2""x3/8""",,个,,KG,
,CPR02005,同心大小头,SCH10SxSCH40S,SS,BW,S30408,,GB/T 12459-2005,NA,QNCa,DN65xDN50,,个,,KG,
,CPR02006,同心大小头,SCH10SxSCH10S,SS,BW,S30408,,GB/T 12459-2005,NA,QNCa,DN65xDN40,,个,,KG,
,CPR02007,同心大小头,SCH10SxSCH40S,SS,BW,S30408,,GB/T 12459-2005,NA,QNCa,DN65xDN32,,个,,KG,
,CPR02008,同心大小头,SCH10SxSCH10S,SS,BW,S30408,,GB/T 12459-2005,NA,QNCa,DN65xDN25,,个,,KG,
,CPR02009,同心大小头,SCH10SxSCH10S,SS,BW,S30408,,GB/T 12459-2005,NA,QNCa,DN80xDN65,,个,,KG,
,CPR02010,同心大小头,SCH10SxSCH40S,SS,BW,S30408,,GB/T 12459-2005,NA,QNCa,DN80xDN50,,个,,KG,
,CPR02011,同心大小头,SCH10SxSCH10S,SS,BW,S30408,,GB/T 12459-2005,NA,QNCa,DN80xDN40,,个,,KG,
,CPR02012,同心大小头,SCH10SxSCH40S,SS,BW,S30408,,GB/T 12459-2005,NA,QNCa,DN80xDN32,,个,,KG,
,CPR02013,同心大小头,SCH40SxSCH10S,SS,BW,S30408,,GB/T 12459-2005,NA,QNCa,DN100xDN80,,个,,KG,
,CPR02014,同心大小头,SCH40SxSCH10S,SS,BW,S30408,,GB/T 12459-2005,NA,QNCa,DN100xDN65,,个,,KG,
,CPR02015,同心大小头,SCH40SxSCH40S,SS,BW,S30408,,GB/T 12459-2005,NA,QNCa,DN100xDN50,,个,,KG,
,CPR02016,同心大小头,SCH40SxSCH10S,SS,BW,S30408,,GB/T 12459-2005,NA,QNCa,DN100xDN40,,个,,KG,
,CPR02017,同心大小头,SCH40SxSCH40S,SS,BW,S30408,,GB/T 12459-2005,NA,QNCa,DN150xDN100,,个,,KG,
,CPR02018,同心大小头,SCH40SxSCH10S,SS,BW,S30408,,GB/T 12459-2005,NA,QNCa,DN150xDN80,,个,,KG,
,CPR02019,同心大小头,SCH40SxSCH10S,SS,BW,S30408,,GB/T 12459-2005,NA,QNCa,DN150xDN65,,个,,KG,
,CPR02020,同心大小头,SCH30xSCH40S,SS,BW,S30408,,GB/T 12459-2005,NA,QNCa,DN200xDN150,,个,,KG,
,CPR02021,同心大小头,SCH30xSCH40S,SS,BW,S30408,,GB/T 12459-2005,NA,QNCa,DN200xDN100,,个,,KG,
,CPR02022,同心大小头,SCH30xSCH30,SS,BW,S30408,,GB/T 12459-2005,NA,QNCa,DN250xDN200,,个,,KG,
,CPR02023,同心大小头,SCH30xSCH40S,SS,BW,S30408,,GB/T 12459-2005,NA,QNCa,DN250xDN150,,个,,KG,
,CPR02024,同心大小头,SCH30xSCH40S,SS,BW,S30408,,GB/T 12459-2005,NA,QNCa,DN250xDN100,,个,,KG,
,CPR02025,同心大小头,SCH10SxSCH40S,SS,BW,S30403,,GB/T 12459-2005,NA,QNCa,DN65xDN50,,个,,KG,
,CPR02026,同心大小头,SCH10SxSCH10S,SS,BW,S30403,,GB/T 12459-2005,NA,QNCa,DN65xDN40,,个,,KG,
,CPR02027,同心大小头,SCH10SxSCH40S,SS,BW,S30403,,GB/T 12459-2005,NA,QNCa,DN65xDN32,,个,,KG,
,CPR02028,同心大小头,SCH10SxSCH10S,SS,BW,S30403,,GB/T 12459-2005,NA,QNCa,DN65xDN25,,个,,KG,
,CPR02029,同心大小头,SCH10SxSCH10S,SS,BW,S30403,,GB/T 12459-2005,NA,QNCa,DN80xDN65,,个,,KG,
,CPR02030,同心大小头,SCH10SxSCH40S,SS,BW,S30403,,GB/T 12459-2005,NA,QNCa,DN80xDN50,,个,,KG,
,CPR02031,同心大小头,SCH10SxSCH10S,SS,BW,S30403,,GB/T 12459-2005,NA,QNCa,DN80xDN40,,个,,KG,
,CPR02032,同心大小头,SCH10SxSCH40S,SS,BW,S30403,,GB/T 12459-2005,NA,QNCa,DN80xDN32,,个,,KG,
,CPR02033,同心大小头,SCH40SxSCH10S,SS,BW,S30403,,GB/T 12459-2005,NA,QNCa,DN100xDN80,,个,,KG,
,CPR02034,同心大小头,SCH40SxSCH10S,SS,BW,S30403,,GB/T 12459-2005,NA,QNCa,DN100xDN65,,个,,KG,
,CPR02035,同心大小头,SCH40SxSCH40S,SS,BW,S30403,,GB/T 12459-2005,NA,QNCa,DN100xDN50,,个,,KG,
,CPR02036,同心大小头,SCH40SxSCH10S,SS,BW,S30403,,GB/T 12459-2005,NA,QNCa,DN100xDN40,,个,,KG,
,CPR02037,同心大小头,SCH40SxSCH40S,SS,BW,S30403,,GB/T 12459-2005,NA,QNCa,DN150xDN100,,个,,KG,
,CPR02038,同心大小头,SCH40SxSCH10S,SS,BW,S30403,,GB/T 12459-2005,NA,QNCa,DN150xDN80,,个,,KG,
,CPR02039,同心大小头,SCH40SxSCH10S,SS,BW,S30403,,GB/T 12459-2005,NA,QNCa,DN150xDN65,,个,,KG,
,CPR02040,同心大小头,SCH30xSCH40S,SS,BW,S30403,,GB/T 12459-2005,NA,QNCa,DN200xDN150,,个,,KG,
,CPR02041,同心大小头,SCH30xSCH40S,SS,BW,S30403,,GB/T 12459-2005,NA,QNCa,DN200xDN100,,个,,KG,
,CPR02042,同心大小头,SCH30xSCH30,SS,BW,S30403,,GB/T 12459-2005,NA,QNCa,DN250xDN200,,个,,KG,
,CPR02043,同心大小头,SCH30xSCH40S,SS,BW,S30403,,GB/T 12459-2005,NA,QNCa,DN250xDN150,,个,,KG,
,CPR02044,同心大小头,SCH30xSCH40S,SS,BW,S30403,,GB/T 12459-2005,NA,QNCa,DN250xDN100,,个,,KG,
,CPR02045,同心大小头,SCH10SxSCH40,SS,BW,20,,GB/T 12459-2005,NA,QNCa,DN65xDN50,,个,,KG,
,CPR02046,同心大小头,SCH10SxSCH80,SS,BW,20,,GB/T 12459-2005,NA,QNCa,DN65xDN40,,个,,KG,
,CPR02047,同心大小头,SCH10SxSCH40,SS,BW,20,,GB/T 12459-2005,NA,QNCa,DN65xDN32,,个,,KG,
,CPR02048,同心大小头,SCH10SxSCH80,SS,BW,20,,GB/T 12459-2005,NA,QNCa,DN65xDN25,,个,,KG,
,CPR02049,同心大小头,SCH10SxSCH10S,SS,BW,20,,GB/T 12459-2005,NA,QNCa,DN80xDN65,,个,,KG,
,CPR02050,同心大小头,SCH10SxSCH40,SS,BW,20,,GB/T 12459-2005,NA,QNCa,DN80xDN50,,个,,KG,
,CPR02051,同心大小头,SCH10SxSCH80,SS,BW,20,,GB/T 12459-2005,NA,QNCa,DN80xDN40,,个,,KG,
,CPR02052,同心大小头,SCH10SxSCH40,SS,BW,20,,GB/T 12459-2005,NA,QNCa,DN80xDN32,,个,,KG,
,CPR02053,同心大小头,SCH40xSCH10S,SS,BW,20,,GB/T 12459-2005,NA,QNCa,DN100xDN80,,个,,KG,
,CPR02054,同心大小头,SCH40xSCH10S,SS,BW,20,,GB/T 12459-2005,NA,QNCa,DN100xDN65,,个,,KG,
,CPR02055,同心大小头,SCH40xSCH40,SS,BW,20,,GB/T 12459-2005,NA,QNCa,DN100xDN50,,个,,KG,
,CPR02056,同心大小头,SCH40xSCH80,SS,BW,20,,GB/T 12459-2005,NA,QNCa,DN100xDN40,,个,,KG,
,CPR02057,同心大小头,SCH40xSCH40,SS,BW,20,,GB/T 12459-2005,NA,QNCa,DN150xDN100,,个,,KG,
,CPR02058,同心大小头,SCH40xSCH10S,SS,BW,20,,GB/T 12459-2005,NA,QNCa,DN150xDN80,,个,,KG,
,CPR02059,同心大小头,SCH40xSCH10S,SS,BW,20,,GB/T 12459-2005,NA,QNCa,DN150xDN65,,个,,KG,
,CPR02060,同心大小头,SCH20xSCH40,SS,BW,20,,GB/T 12459-2005,NA,QNCa,DN200xDN150,,个,,KG,
,CPR02061,同心大小头,SCH20xSCH40,SS,BW,20,,GB/T 12459-2005,NA,QNCa,DN200xDN100,,个,,KG,
,CPR02062,同心大小头,SCH20xSCH20,SS,BW,20,,GB/T 12459-2005,NA,QNCa,DN250xDN200,,个,,KG,
,CPR02063,同心大小头,SCH20xSCH40,SS,BW,20,,GB/T 12459-2005,NA,QNCa,DN250xDN150,,个,,KG,
,CPR02064,同心大小头,SCH20xSCH40,SS,BW,20,,GB/T 12459-2005,NA,QNCa,DN250xDN100,,个,,KG,
,CPR02065,同心大小头,SCH30xSCH20,SS,BW,20,,GB/T 12459-2005,NA,QNCa,DN300xDN250,,个,,KG,
,CPR02066,同心大小头,SCH30xSCH20,SS,BW,20,,GB/T 12459-2005,NA,QNCa,DN300xDN200,,个,,KG,
,CPR02067,同心大小头,SCH30xSCH40,SS,BW,20,,GB/T 12459-2005,NA,QNCa,DN300xDN150,,个,,KG,
,CPR02068,同心大小头,SCH30xSCH30,SS,BW,20,,GB/T 12459-2005,NA,QNCa,DN350xDN300,,个,,KG,
,CPR02069,同心大小头,SCH30xSCH20,SS,BW,20,,GB/T 12459-2005,NA,QNCa,DN350xDN250,,个,,KG,
,CPR02070,同心大小头,SCH30xSCH20,SS,BW,20,,GB/T 12459-2005,NA,QNCa,DN350xDN200,,个,,KG,
,CPR02071,同心大小头,SCH30xSCH40,SS,BW,20,,GB/T 12459-2005,NA,QNCa,DN350xDN150,,个,,KG,
,CPR02072,同心大小头,SCH10SxSCH40,SS,BW,20(内外壁热浸镀锌),GB/T 13912-2002,GB/T 12459-2005,NA,QNCa,DN65xDN50,,个,,KG,
,CPR02073,同心大小头,SCH10SxSCH80,SS,BW,20(内外壁热浸镀锌),GB/T 13912-2002,GB/T 12459-2005,NA,QNCa,DN65xDN40,,个,,KG,
,CPR02074,同心大小头,SCH10SxSCH40,SS,BW,20(内外壁热浸镀锌),GB/T 13912-2002,GB/T 12459-2005,NA,QNCa,DN65xDN32,,个,,KG,
,CPR02075,同心大小头,SCH10SxSCH80,SS,BW,20(内外壁热浸镀锌),GB/T 13912-2002,GB/T 12459-2005,NA,QNCa,DN65xDN25,,个,,KG,
,CPR02076,同心大小头,SCH10SxSCH10S,SS,BW,20(内外壁热浸镀锌),GB/T 13912-2002,GB/T 12459-2005,NA,QNCa,DN80xDN65,,个,,KG,
,CPR02077,同心大小头,SCH10SxSCH40,SS,BW,20(内外壁热浸镀锌),GB/T 13912-2002,GB/T 12459-2005,NA,QNCa,DN80xDN50,,个,,KG,
,CPR02078,同心大小头,SCH10SxSCH80,SS,BW,20(内外壁热浸镀锌),GB/T 13912-2002,GB/T 12459-2005,NA,QNCa,DN80xDN40,,个,,KG,
,CPR02079,同心大小头,SCH10SxSCH40,SS,BW,20(内外壁热浸镀锌),GB/T 13912-2002,GB/T 12459-2005,NA,QNCa,DN80xDN32,,个,,KG,
,CPR02080,同心大小头,SCH40xSCH10S,SS,BW,20(内外壁热浸镀锌),GB/T 13912-2002,GB/T 12459-2005,NA,QNCa,DN100xDN80,,个,,KG,
,CPR02081,同心大小头,SCH40xSCH10S,SS,BW,20(内外壁热浸镀锌),GB/T 13912-2002,GB/T 12459-2005,NA,QNCa,DN100xDN65,,个,,KG,
,CPR02082,同心大小头,SCH40xSCH40,SS,BW,20(内外壁热浸镀锌),GB/T 13912-2002,GB/T 12459-2005,NA,QNCa,DN100xDN50,,个,,KG,
,CPR02083,同心大小头,SCH40xSCH80,SS,BW,20(内外壁热浸镀锌),GB/T 13912-2002,GB/T 12459-2005,NA,QNCa,DN100xDN40,,个,,KG,
,CPR02084,同心大小头,SCH40xSCH40,SS,BW,20(内外壁热浸镀锌),GB/T 13912-2002,GB/T 12459-2005,NA,QNCa,DN150xDN100,,个,,KG,
,CPR02085,同心大小头,SCH40xSCH10S,SS,BW,20(内外壁热浸镀锌),GB/T 13912-2002,GB/T 12459-2005,NA,QNCa,DN150xDN80,,个,,KG,
,CPR02086,同心大小头,SCH40xSCH10S,SS,BW,20(内外壁热浸镀锌),GB/T 13912-2002,GB/T 12459-2005,NA,QNCa,DN150xDN65,,个,,KG,
,CPR02087,同心大小头,SCH20xSCH40,SS,BW,20(内外壁热浸镀锌),GB/T 13912-2002,GB/T 12459-2005,NA,QNCa,DN200xDN150,,个,,KG,
,CPR02088,同心大小头,SCH20xSCH40,SS,BW,20(内外壁热浸镀锌),GB/T 13912-2002,GB/T 12459-2005,NA,QNCa,DN200xDN100,,个,,KG,
,CPR02089,同心大小头,SCH20xSCH20,SS,BW,20(内外壁热浸镀锌),GB/T 13912-2002,GB/T 12459-2005,NA,QNCa,DN250xDN200,,个,,KG,
,CPR02090,同心大小头,SCH20xSCH40,SS,BW,20(内外壁热浸镀锌),GB/T 13912-2002,GB/T 12459-2005,NA,QNCa,DN250xDN150,,个,,KG,
,CPR02091,同心大小头,SCH20xSCH40,SS,BW,20(内外壁热浸镀锌),GB/T 13912-2002,GB/T 12459-2005,NA,QNCa,DN250xDN100,,个,,KG,
,CPR02092,同心大小头,SCH30xSCH20,SS,BW,20(内外壁热浸镀锌),GB/T 13912-2002,GB/T 12459-2005,NA,QNCa,DN300xDN250,,个,,KG,
,CPR02093,同心大小头,SCH30xSCH20,SS,BW,20(内外壁热浸镀锌),GB/T 13912-2002,GB/T 12459-2005,NA,QNCa,DN300xDN200,,个,,KG,
,CPR02094,同心大小头,SCH30xSCH40,SS,BW,20(内外壁热浸镀锌),GB/T 13912-2002,GB/T 12459-2005,NA,QNCa,DN300xDN150,,个,,KG,
,CPR02095,同心大小头,SCH30xSCH30,SS,BW,20(内外壁热浸镀锌),GB/T 13912-2002,GB/T 12459-2005,NA,QNCa,DN350xDN300,,个,,KG,
,CPR02096,同心大小头,SCH30xSCH20,SS,BW,20(内外壁热浸镀锌),GB/T 13912-2002,GB/T 12459-2005,NA,QNCa,DN350xDN250,,个,,KG,
,CPR02097,同心大小头,SCH30xSCH20,SS,BW,20(内外壁热浸镀锌),GB/T 13912-2002,GB/T 12459-2005,NA,QNCa,DN350xDN200,,个,,KG,
,CPR02098,同心大小头,SCH30xSCH40,SS,BW,20(内外壁热浸镀锌),GB/T 13912-2002,GB/T 12459-2005,NA,QNCa,DN350xDN150,,个,,KG,
,CPR02099,偏心大小头,SCH10SxSCH40S,SS,BW,S30408,,GB/T 12459-2005,NA,QNCa,DN65xDN50,,个,,KG,
,CPR02100,偏心大小头,SCH10SxSCH10S,SS,BW,S30408,,GB/T 12459-2005,NA,QNCa,DN65xDN40,,个,,KG,
,CPR02101,偏心大小头,SCH10SxSCH40S,SS,BW,S30408,,GB/T 12459-2005,NA,QNCa,DN65xDN32,,个,,KG,
,CPR02102,偏心大小头,SCH10SxSCH10S,SS,BW,S30408,,GB/T 12459-2005,NA,QNCa,DN65xDN25,,个,,KG,
,CPR02103,偏心大小头,SCH10SxSCH10S,SS,BW,S30408,,GB/T 12459-2005,NA,QNCa,DN80xDN65,,个,,KG,
,CPR02104,偏心大小头,SCH10SxSCH40S,SS,BW,S30408,,GB/T 12459-2005,NA,QNCa,DN80xDN50,,个,,KG,
,CPR02105,偏心大小头,SCH10SxSCH10S,SS,BW,S30408,,GB/T 12459-2005,NA,QNCa,DN80xDN40,,个,,KG,
,CPR02106,偏心大小头,SCH10SxSCH40S,SS,BW,S30408,,GB/T 12459-2005,NA,QNCa,DN80xDN32,,个,,KG,
,CPR02107,偏心大小头,SCH40SxSCH10S,SS,BW,S30408,,GB/T 12459-2005,NA,QNCa,DN100xDN80,,个,,KG,
,CPR02108,偏心大小头,SCH40SxSCH10S,SS,BW,S30408,,GB/T 12459-2005,NA,QNCa,DN100xDN65,,个,,KG,
,CPR02109,偏心大小头,SCH40SxSCH40S,SS,BW,S30408,,GB/T 12459-2005,NA,QNCa,DN100xDN50,,个,,KG,
,CPR02110,偏心大小头,SCH40SxSCH10S,SS,BW,S30408,,GB/T 12459-2005,NA,QNCa,DN100xDN40,,个,,KG,
,CPR02111,偏心大小头,SCH40SxSCH40S,SS,BW,S30408,,GB/T 12459-2005,NA,QNCa,DN150xDN100,,个,,KG,
,CPR02112,偏心大小头,SCH40SxSCH10S,SS,BW,S30408,,GB/T 12459-2005,NA,QNCa,DN150xDN80,,个,,KG,
,CPR02113,偏心大小头,SCH40SxSCH10S,SS,BW,S30408,,GB/T 12459-2005,NA,QNCa,DN150xDN65,,个,,KG,
,CPR02114,偏心大小头,SCH30xSCH40S,SS,BW,S30408,,GB/T 12459-2005,NA,QNCa,DN200xDN150,,个,,KG,
,CPR02115,偏心大小头,SCH30xSCH40S,SS,BW,S30408,,GB/T 12459-2005,NA,QNCa,DN200xDN100,,个,,KG,
,CPR02116,偏心大小头,SCH30xSCH30,SS,BW,S30408,,GB/T 12459-2005,NA,QNCa,DN250xDN200,,个,,KG,
,CPR02117,偏心大小头,SCH30xSCH40S,SS,BW,S30408,,GB/T 12459-2005,NA,QNCa,DN250xDN150,,个,,KG,
,CPR02118,偏心大小头,SCH30xSCH40S,SS,BW,S30408,,GB/T 12459-2005,NA,QNCa,DN250xDN100,,个,,KG,
,CPR02119,偏心大小头,SCH10SxSCH40S,SS,BW,S30403,,GB/T 12459-2005,NA,QNCa,DN65xDN50,,个,,KG,
,CPR02120,偏心大小头,SCH10SxSCH10S,SS,BW,S30403,,GB/T 12459-2005,NA,QNCa,DN65xDN40,,个,,KG,
,CPR02121,偏心大小头,SCH10SxSCH40S,SS,BW,S30403,,GB/T 12459-2005,NA,QNCa,DN65xDN32,,个,,KG,
,CPR02122,偏心大小头,SCH10SxSCH10S,SS,BW,S30403,,GB/T 12459-2005,NA,QNCa,DN65xDN25,,个,,KG,
,CPR02123,偏心大小头,SCH10SxSCH10S,SS,BW,S30403,,GB/T 12459-2005,NA,QNCa,DN80xDN65,,个,,KG,
,CPR02124,偏心大小头,SCH10SxSCH40S,SS,BW,S30403,,GB/T 12459-2005,NA,QNCa,DN80xDN50,,个,,KG,
,CPR02125,偏心大小头,SCH10SxSCH10S,SS,BW,S30403,,GB/T 12459-2005,NA,QNCa,DN80xDN40,,个,,KG,
,CPR02126,偏心大小头,SCH10SxSCH40S,SS,BW,S30403,,GB/T 12459-2005,NA,QNCa,DN80xDN32,,个,,KG,
,CPR02127,偏心大小头,SCH40SxSCH10S,SS,BW,S30403,,GB/T 12459-2005,NA,QNCa,DN100xDN80,,个,,KG,
,CPR02128,偏心大小头,SCH40SxSCH10S,SS,BW,S30403,,GB/T 12459-2005,NA,QNCa,DN100xDN65,,个,,KG,
,CPR02129,偏心大小头,SCH40SxSCH40S,SS,BW,S30403,,GB/T 12459-2005,NA,QNCa,DN100xDN50,,个,,KG,
,CPR02130,偏心大小头,SCH40SxSCH10S,SS,BW,S30403,,GB/T 12459-2005,NA,QNCa,DN100xDN40,,个,,KG,
,CPR02131,偏心大小头,SCH40SxSCH40S,SS,BW,S30403,,GB/T 12459-2005,NA,QNCa,DN150xDN100,,个,,KG,
,CPR02132,偏心大小头,SCH40SxSCH10S,SS,BW,S30403,,GB/T 12459-2005,NA,QNCa,DN150xDN80,,个,,KG,
,CPR02133,偏心大小头,SCH40SxSCH10S,SS,BW,S30403,,GB/T 12459-2005,NA,QNCa,DN150xDN65,,个,,KG,
,CPR02134,偏心大小头,SCH30xSCH40S,SS,BW,S30403,,GB/T 12459-2005,NA,QNCa,DN200xDN150,,个,,KG,
,CPR02135,偏心大小头,SCH30xSCH40S,SS,BW,S30403,,GB/T 12459-2005,NA,QNCa,DN200xDN100,,个,,KG,
,CPR02136,偏心大小头,SCH30xSCH30,SS,BW,S30403,,GB/T 12459-2005,NA,QNCa,DN250xDN200,,个,,KG,
,CPR02137,偏心大小头,SCH30xSCH40S,SS,BW,S30403,,GB/T 12459-2005,NA,QNCa,DN250xDN150,,个,,KG,
,CPR02138,偏心大小头,SCH30xSCH40S,SS,BW,S30403,,GB/T 12459-2005,NA,QNCa,DN250xDN100,,个,,KG,
,CPR02139,偏心大小头,SCH10SxSCH40,SS,BW,20,,GB/T 12459-2005,NA,QNCa,DN65xDN50,,个,,KG,
,CPR02140,偏心大小头,SCH10SxSCH80,SS,BW,20,,GB/T 12459-2005,NA,QNCa,DN65xDN40,,个,,KG,
,CPR02141,偏心大小头,SCH10SxSCH40,SS,BW,20,,GB/T 12459-2005,NA,QNCa,DN65xDN32,,个,,KG,
,CPR02142,偏心大小头,SCH10SxSCH80,SS,BW,20,,GB/T 12459-2005,NA,QNCa,DN65xDN25,,个,,KG,
,CPR02143,偏心大小头,SCH10SxSCH10S,SS,BW,20,,GB/T 12459-2005,NA,QNCa,DN80xDN65,,个,,KG,
,CPR02144,偏心大小头,SCH10SxSCH40,SS,BW,20,,GB/T 12459-2005,NA,QNCa,DN80xDN50,,个,,KG,
,CPR02145,偏心大小头,SCH10SxSCH80,SS,BW,20,,GB/T 12459-2005,NA,QNCa,DN80xDN40,,个,,KG,
,CPR02146,偏心大小头,SCH10SxSCH40,SS,BW,20,,GB/T 12459-2005,NA,QNCa,DN80xDN32,,个,,KG,
,CPR02147,偏心大小头,SCH40xSCH10S,SS,BW,20,,GB/T 12459-2005,NA,QNCa,DN100xDN80,,个,,KG,
,CPR02148,偏心大小头,SCH40xSCH10S,SS,BW,20,,GB/T 12459-2005,NA,QNCa,DN100xDN65,,个,,KG,
,CPR02149,偏心大小头,SCH40xSCH40,SS,BW,20,,GB/T 12459-2005,NA,QNCa,DN100xDN50,,个,,KG,
,CPR02150,偏心大小头,SCH40xSCH80,SS,BW,20,,GB/T 12459-2005,NA,QNCa,DN100xDN40,,个,,KG,
,CPR02151,偏心大小头,SCH40xSCH40,SS,BW,20,,GB/T 12459-2005,NA,QNCa,DN150xDN100,,个,,KG,
,CPR02152,偏心大小头,SCH40xSCH10S,SS,BW,20,,GB/T 12459-2005,NA,QNCa,DN150xDN80,,个,,KG,
,CPR02153,偏心大小头,SCH40xSCH10S,SS,BW,20,,GB/T 12459-2005,NA,QNCa,DN150xDN65,,个,,KG,
,CPR02154,偏心大小头,SCH20xSCH40,SS,BW,20,,GB/T 12459-2005,NA,QNCa,DN200xDN150,,个,,KG,
,CPR02155,偏心大小头,SCH20xSCH40,SS,BW,20,,GB/T 12459-2005,NA,QNCa,DN200xDN100,,个,,KG,
,CPR02156,偏心大小头,SCH20xSCH20,SS,BW,20,,GB/T 12459-2005,NA,QNCa,DN250xDN200,,个,,KG,
,CPR02157,偏心大小头,SCH20xSCH40,SS,BW,20,,GB/T 12459-2005,NA,QNCa,DN250xDN150,,个,,KG,
,CPR02158,偏心大小头,SCH20xSCH40,SS,BW,20,,GB/T 12459-2005,NA,QNCa,DN250xDN100,,个,,KG,
,CPR02159,偏心大小头,SCH30xSCH20,SS,BW,20,,GB/T 12459-2005,NA,QNCa,DN300xDN250,,个,,KG,
,CPR02160,偏心大小头,SCH30xSCH20,SS,BW,20,,GB/T 12459-2005,NA,QNCa,DN300xDN200,,个,,KG,
,CPR02161,偏心大小头,SCH30xSCH40,SS,BW,20,,GB/T 12459-2005,NA,QNCa,DN300xDN150,,个,,KG,
,CPR02162,偏心大小头,SCH30xSCH30,SS,BW,20,,GB/T 12459-2005,NA,QNCa,DN350xDN300,,个,,KG,
,CPR02163,偏心大小头,SCH30xSCH20,SS,BW,20,,GB/T 12459-2005,NA,QNCa,DN350xDN250,,个,,KG,
,CPR02164,偏心大小头,SCH30xSCH20,SS,BW,20,,GB/T 12459-2005,NA,QNCa,DN350xDN200,,个,,KG,
,CPR02165,偏心大小头,SCH30xSCH40,SS,BW,20,,GB/T 12459-2005,NA,QNCa,DN350xDN150,,个,,KG,
,CPR02166,偏心大小头,SCH10SxSCH40,SS,BW,20(内外壁热浸镀锌),GB/T 13912-2002,GB/T 12459-2005,NA,QNCa,DN65xDN50,,个,,KG,
,CPR02167,偏心大小头,SCH10SxSCH80,SS,BW,20(内外壁热浸镀锌),GB/T 13912-2002,GB/T 12459-2005,NA,QNCa,DN65xDN40,,个,,KG,
,CPR02168,偏心大小头,SCH10SxSCH40,SS,BW,20(内外壁热浸镀锌),GB/T 13912-2002,GB/T 12459-2005,NA,QNCa,DN65xDN32,,个,,KG,
,CPR02169,偏心大小头,SCH10SxSCH80,SS,BW,20(内外壁热浸镀锌),GB/T 13912-2002,GB/T 12459-2005,NA,QNCa,DN65xDN25,,个,,KG,
,CPR02170,偏心大小头,SCH10SxSCH10S,SS,BW,20(内外壁热浸镀锌),GB/T 13912-2002,GB/T 12459-2005,NA,QNCa,DN80xDN65,,个,,KG,
,CPR02171,偏心大小头,SCH10SxSCH40,SS,BW,20(内外壁热浸镀锌),GB/T 13912-2002,GB/T 12459-2005,NA,QNCa,DN80xDN50,,个,,KG,
,CPR02172,偏心大小头,SCH10SxSCH80,SS,BW,20(内外壁热浸镀锌),GB/T 13912-2002,GB/T 12459-2005,NA,QNCa,DN80xDN40,,个,,KG,
,CPR02173,偏心大小头,SCH10SxSCH40,SS,BW,20(内外壁热浸镀锌),GB/T 13912-2002,GB/T 12459-2005,NA,QNCa,DN80xDN32,,个,,KG,
,CPR02174,偏心大小头,SCH40xSCH10S,SS,BW,20(内外壁热浸镀锌),GB/T 13912-2002,GB/T 12459-2005,NA,QNCa,DN100xDN80,,个,,KG,
,CPR02175,偏心大小头,SCH40xSCH10S,SS,BW,20(内外壁热浸镀锌),GB/T 13912-2002,GB/T 12459-2005,NA,QNCa,DN100xDN65,,个,,KG,
,CPR02176,偏心大小头,SCH40xSCH40,SS,BW,20(内外壁热浸镀锌),GB/T 13912-2002,GB/T 12459-2005,NA,QNCa,DN100xDN50,,个,,KG,
,CPR02177,偏心大小头,SCH40xSCH80,SS,BW,20(内外壁热浸镀锌),GB/T 13912-2002,GB/T 12459-2005,NA,QNCa,DN100xDN40,,个,,KG,
,CPR02178,偏心大小头,SCH40xSCH40,SS,BW,20(内外壁热浸镀锌),GB/T 13912-2002,GB/T 12459-2005,NA,QNCa,DN150xDN100,,个,,KG,
,CPR02179,偏心大小头,SCH40xSCH10S,SS,BW,20(内外壁热浸镀锌),GB/T 13912-2002,GB/T 12459-2005,NA,QNCa,DN150xDN80,,个,,KG,
,CPR02180,偏心大小头,SCH40xSCH10S,SS,BW,20(内外壁热浸镀锌),GB/T 13912-2002,GB/T 12459-2005,NA,QNCa,DN150xDN65,,个,,KG,
,CPR02181,偏心大小头,SCH20xSCH40,SS,BW,20(内外壁热浸镀锌),GB/T 13912-2002,GB/T 12459-2005,NA,QNCa,DN200xDN150,,个,,KG,
,CPR02182,偏心大小头,SCH20xSCH40,SS,BW,20(内外壁热浸镀锌),GB/T 13912-2002,GB/T 12459-2005,NA,QNCa,DN200xDN100,,个,,KG,
,CPR02183,偏心大小头,SCH20xSCH20,SS,BW,20(内外壁热浸镀锌),GB/T 13912-2002,GB/T 12459-2005,NA,QNCa,DN250xDN200,,个,,KG,
,CPR02184,偏心大小头,SCH20xSCH40,SS,BW,20(内外壁热浸镀锌),GB/T 13912-2002,GB/T 12459-2005,NA,QNCa,DN250xDN150,,个,,KG,
,CPR02185,偏心大小头,SCH20xSCH40,SS,BW,20(内外壁热浸镀锌),GB/T 13912-2002,GB/T 12459-2005,NA,QNCa,DN250xDN100,,个,,KG,
,CPR02186,偏心大小头,SCH30xSCH20,SS,BW,20(内外壁热浸镀锌),GB/T 13912-2002,GB/T 12459-2005,NA,QNCa,DN300xDN250,,个,,KG,
,CPR02187,偏心大小头,SCH30xSCH20,SS,BW,20(内外壁热浸镀锌),GB/T 13912-2002,GB/T 12459-2005,NA,QNCa,DN300xDN200,,个,,KG,
,CPR02188,偏心大小头,SCH30xSCH40,SS,BW,20(内外壁热浸镀锌),GB/T 13912-2002,GB/T 12459-2005,NA,QNCa,DN300xDN150,,个,,KG,
,CPR02189,偏心大小头,SCH30xSCH30,SS,BW,20(内外壁热浸镀锌),GB/T 13912-2002,GB/T 12459-2005,NA,QNCa,DN350xDN300,,个,,KG,
,CPR02190,偏心大小头,SCH30xSCH20,SS,BW,20(内外壁热浸镀锌),GB/T 13912-2002,GB/T 12459-2005,NA,QNCa,DN350xDN250,,个,,KG,
,CPR02191,偏心大小头,SCH30xSCH20,SS,BW,20(内外壁热浸镀锌),GB/T 13912-2002,GB/T 12459-2005,NA,QNCa,DN350xDN200,,个,,KG,
,CPR02192,偏心大小头,SCH30xSCH40,SS,BW,20(内外壁热浸镀锌),GB/T 13912-2002,GB/T 12459-2005,NA,QNCa,DN350xDN150,,个,,KG,
,CPR02193,同心大小头,2.5mmx2.5mm,SS,RF,20(内衬聚丙烯层),,DL/T 935-2005,NA,QNCa,DN32xDN25,,个,,KG,
,CPR02194,同心大小头,2.5mmx2.5mm,SS,RF,20(内衬聚丙烯层),,DL/T 935-2005,NA,QNCa,DN40xDN25,,个,,KG,
,CPR02195,同心大小头,2.5mmx2.5mm,SS,RF,20(内衬聚丙烯层),,DL/T 935-2005,NA,QNCa,DN40xDN32,,个,,KG,
,CPR02196,同心大小头,3mmx2.5mm,SS,RF,20(内衬聚丙烯层),,DL/T 935-2005,NA,QNCa,DN50xDN25,,个,,KG,
,CPR02197,同心大小头,3mmx2.5mm,SS,RF,20(内衬聚丙烯层),,DL/T 935-2005,NA,QNCa,DN50xDN32,,个,,KG,
,CPR02198,同心大小头,3mmx2.5mm,SS,RF,20(内衬聚丙烯层),,DL/T 935-2005,NA,QNCa,DN50xDN40,,个,,KG,
,CPR02199,同心大小头,3.5mmx2.5mm,SS,RF,20(内衬聚丙烯层),,DL/T 935-2005,NA,QNCa,DN65xDN32,,个,,KG,
,CPR02200,同心大小头,3.5mmx2.5mm,SS,RF,20(内衬聚丙烯层),,DL/T 935-2005,NA,QNCa,DN65xDN40,,个,,KG,
,CPR02201,同心大小头,3.5mmx3mm,SS,RF,20(内衬聚丙烯层),,DL/T 935-2005,NA,QNCa,DN65xDN50,,个,,KG,
,CPR02202,同心大小头,4mmx2.5mm,SS,RF,20(内衬聚丙烯层),,DL/T 935-2005,NA,QNCa,DN80xDN40,,个,,KG,
,CPR02203,同心大小头,4mmx3mm,SS,RF,20(内衬聚丙烯层),,DL/T 935-2005,NA,QNCa,DN80xDN50,,个,,KG,
,CPR02204,同心大小头,4mmx3.5mm,SS,RF,20(内衬聚丙烯层),,DL/T 935-2005,NA,QNCa,DN80xDN65,,个,,KG,
,CPR02205,同心大小头,4mmx2.5mm,SS,RF,20(内衬聚丙烯层),,DL/T 935-2005,NA,QNCa,DN100xDN40,,个,,KG,
,CPR02206,同心大小头,4mmx3mm,SS,RF,20(内衬聚丙烯层),,DL/T 935-2005,NA,QNCa,DN100xDN50,,个,,KG,
,CPR02207,同心大小头,4mmx3.5mm,SS,RF,20(内衬聚丙烯层),,DL/T 935-2005,NA,QNCa,DN100xDN65,,个,,KG,
,CPR02208,同心大小头,4mmx4mm,SS,RF,20(内衬聚丙烯层),,DL/T 935-2005,NA,QNCa,DN100xDN80,,个,,KG,
,CPR02209,同心大小头,4mmx2.5mm,SS,RF,20(内衬聚丙烯层),,DL/T 935-2005,NA,QNCa,DN125xDN40,,个,,KG,
,CPR02210,同心大小头,4mmx3mm,SS,RF,20(内衬聚丙烯层),,DL/T 935-2005,NA,QNCa,DN125xDN50,,个,,KG,
,CPR02211,同心大小头,4mmx3.5mm,SS,RF,20(内衬聚丙烯层),,DL/T 935-2005,NA,QNCa,DN125xDN65,,个,,KG,
,CPR02212,同心大小头,4mmx4mm,SS,RF,20(内衬聚丙烯层),,DL/T 935-2005,NA,QNCa,DN125xDN80,,个,,KG,
,CPR02213,同心大小头,4mmx4mm,SS,RF,20(内衬聚丙烯层),,DL/T 935-2005,NA,QNCa,DN125xDN100,,个,,KG,
,CPR02214,同心大小头,4.5mmx3.5mm,SS,RF,20(内衬聚丙烯层),,DL/T 935-2005,NA,QNCa,DN150xDN65,,个,,KG,
,CPR02215,同心大小头,4.5mmx4mm,SS,RF,20(内衬聚丙烯层),,DL/T 935-2005,NA,QNCa,DN150xDN80,,个,,KG,
,CPR02216,同心大小头,4.5mmx4mm,SS,RF,20(内衬聚丙烯层),,DL/T 935-2005,NA,QNCa,DN150xDN100,,个,,KG,
,CPR02217,同心大小头,4.5mmx4mm,SS,RF,20(内衬聚丙烯层),,DL/T 935-2005,NA,QNCa,DN150xDN125,,个,,KG,
,CPR02218,同心大小头,6mmx4mm,SS,RF,20(内衬聚丙烯层),,DL/T 935-2005,NA,QNCa,DN200xDN100,,个,,KG,
,CPR02219,同心大小头,6mmx4mm,SS,RF,20(内衬聚丙烯层),,DL/T 935-2005,NA,QNCa,DN200xDN125,,个,,KG,
,CPR02220,同心大小头,6mmx4.5mm,SS,RF,20(内衬聚丙烯层),,DL/T 935-2005,NA,QNCa,DN200xDN150,,个,,KG,
,CPR02221,同心大小头,7mmx4mm,SS,RF,20(内衬聚丙烯层),,DL/T 935-2005,NA,QNCa,DN250xDN100,,个,,KG,
,CPR02222,同心大小头,7mmx4mm,SS,RF,20(内衬聚丙烯层),,DL/T 935-2005,NA,QNCa,DN250xDN125,,个,,KG,
,CPR02223,同心大小头,7mmx4.5mm,SS,RF,20(内衬聚丙烯层),,DL/T 935-2005,NA,QNCa,DN250xDN150,,个,,KG,
,CPR02224,同心大小头,7mmx6mm,SS,RF,20(内衬聚丙烯层),,DL/T 935-2005,NA,QNCa,DN250xDN200,,个,,KG,
,CPR02225,同心大小头,8mmx4mm,SS,RF,20(内衬聚丙烯层),,DL/T 935-2005,NA,QNCa,DN300xDN125,,个,,KG,
,CPR02226,同心大小头,8mmx4.5mm,SS,RF,20(内衬聚丙烯层),,DL/T 935-2005,NA,QNCa,DN300xDN150,,个,,KG,
,CPR02227,同心大小头,8mmx6mm,SS,RF,20(内衬聚丙烯层),,DL/T 935-2005,NA,QNCa,DN300xDN200,,个,,KG,
,CPR02228,同心大小头,8mmx7mm,SS,RF,20(内衬聚丙烯层),,DL/T 935-2005,NA,QNCa,DN300xDN250,,个,,KG,
,CPR02229,同心大小头,3.96mmx3.58mm,SS,BW,20,1916T3025,ASME B16.9,NA,QNCa,"5""x4""",,个,,KG,
,CPR02230,偏心大小头,3.96mmx3.58mm,SS,BW,20,1916T3025,ASME B16.9,NA,QNCa,"5""x4""",,个,,KG,
,CPR02231,压力表接管,,,,022Cr19Ni10,1916T3038,1916E4001-061,RCC-M 1,QA1,"3/4""",Φ26.7xΦ25.6,个,,KG,
,CPR02232,限流大小头,SCH160,,BW/SW,022Cr19Ni10,1916T3038,1916E4001-050,RCC-M 1,QA1,"2""x1/2""",Φ60xΦ21.8,个,,KG,
,CPR02233,限流管接头,,,SW,022Cr19Ni10,1916T3038,1916E4001-008,RCC-M 1,QA1,"1/2""",,个,,KG,
,CPR02234,限流管接头,,,SW,022Cr19Ni10,1916T3038,1916E4001-008,RCC-M 1,QA1,"3/4""",,个,,KG,
,CPR02235,管接头1型,,,SW,026Cr18Ni12Mo2N,1916T3038,1916E4001-009,RCC-M 2,QA1,"1""x1/8""",,个,,KG,
,CPR02236,管接头2型,,,SW,026Cr18Ni12Mo2N,1916T3038,1916E4001-009,RCC-M 2,QA1,"1""x1/8""",,个,,KG,
,CPR02237,限流管接头,,,SW,20,1916T3037,1916E4001-010,RCC-M 2,QA1,"1""x1/2""",Φ38.2xΦ21.8,个,,KG,
,CPR02238,异径管接头,,,,026Cr18Ni12Mo2N,1916T3038,1916E4001-011,RCC-M 2,QA1,"3/8""x1/4""",Φ17.52xΦ14.2,个,,KG,
,CPR02239,异径管接头,,,,022Cr19Ni10,1916T3038,1916E4001-012,RCC-M 2,QA1,"3/4""x1/2""",Φ21.8xΦ26.7,个,,KG,
,CPR02240,异径管接头,,,BW/SW,022Cr19Ni10,1916T3038,1916E4001-013,RCC-M 2,QA1,"3""x1/2""",Φ88.9xΦ21.8,个,,KG,
,CPR02241,异径管接头,,,BW/SW,P280GH,1916T3052,1916E4001-014,RCC-M 2,QA1,"3/4""x1/2""",Φ26.7xΦ21.8,个,,KG,
,CPR02246,蒸汽管道排汽罩,,,,P265GH,,1916E4001-062,NA,QA3,"22""x3/4""",,个,,KG,
,CPR02247,大小头,,,,022Cr19Ni10,,1916E4001-052,RCC-M 2,QA1,"1""x3/8""",,个,,KG,
,CPR02248,大小头,,,,022Cr19Ni10,,1916E4001-052,RCC-M 2,QA1,"2""x3/8""",,个,,KG,
,CPR02249,大小头,,,,022Cr17Ni12Mo2,,1916E4001-052,RCC-M 3,QA2,"1""x3/8""",,个,,KG,
,CPR02250,大小头,,,,022Cr17Ni12Mo2,,1916E4001-052,RCC-M 3,QA2,"2""x3/8""",,个,,KG,
,CPR02251,大小头,,,,022Cr19Ni10,,1916E4001-052,RCC-M 3,QA2,"1""x3/8""",,个,,KG,
,CPR02252,大小头,,,,022Cr19Ni10,,1916E4001-052,RCC-M 3,QA2,"2""x3/8""",,个,,KG,
,CPR02253,大小头,,,,P280GH,,1916E4001-052,RCC-M 2,QA1,"1""x3/8""",,个,,KG,
,CPR02254,大小头,,,,P280GH,,1916E4001-052,RCC-M 2,QA1,"2""x3/8""",,个,,KG,
,CPR02257,大小头,,,,022Cr19Ni10,,1916E4001-052,NA,QA3,"1""x3/8""",,个,,KG,
,CPR02258,大小头,,,,022Cr19Ni10,,1916E4001-052,NA,QA3,"2""x3/8""",,个,,KG,
,CPR02259,大小头,,,,022Cr17Ni12Mo2,,1916E4001-052,NA,QA3,"1""x3/8""",,个,,KG,
,CPR02260,大小头,,,,022Cr17Ni12Mo2,,1916E4001-052,NA,QA3,"2""x3/8""",,个,,KG,
,CPR02260,大小头,,,,022Cr17Ni12Mo2,,1916E4001-052,NA,QA3,"2""x3/8""",,个,,KG,
,CPR02266,同心大小头,14.27mmx3.58mm,SS,BW,20,1916T3019,ASME B16.9,RCC-M 3,QA2,"10""x4""",,个,,KG,
,CPR02267,同心大小头,14.27mmx4.37mm,SS,BW,20,1916T3019,ASME B16.9,RCC-M 3,QA2,"10""x6""",,个,,KG,
,CPR02268,同心大小头,14.27mmxSCH20,SS,BW,20,1916T3019,ASME B16.9,RCC-M 3,QA2,"10""x8""",,个,,KG,
,CPR02269,偏心大小头,14.27mmx3.58mm,SS,BW,20,1916T3019,ASME B16.9,RCC-M 3,QA2,"10""x4""",,个,,KG,
,CPR02270,偏心大小头,14.27mmx4.37mm,SS,BW,20,1916T3019,ASME B16.9,RCC-M 3,QA2,"10""x6""",,个,,KG,
,CPR02271,偏心大小头,14.27mmxSCH20,SS,BW,20,1916T3019,ASME B16.9,RCC-M 3,QA2,"10""x8""",,个,,KG,
,CPR02272,同心大小头,3.96mmx3.58mm,SS,BW,20,1916T3025,ASME B16.9,NA,QNCa,"5""x3-1/2""",,个,,KG,
,CPR02273,偏心大小头,3.96mmx3.58mm,SS,BW,20,1916T3025,ASME B16.9,NA,QNCa,"5""x3-1/2""",,个,,KG,
,CPR02274,同心大小头,3.96mmx3.18mm,SS,BW,20,1916T3025,ASME B16.9,NA,QNCa,"5""x3""",,个,,KG,
,CPR02275,偏心大小头,3.96mmx3.18mm,SS,BW,20,1916T3025,ASME B16.9,NA,QNCa,"5""x3""",,个,,KG,
,CPR02276,同心大小头,3.96mmx3.18mm,SS,BW,20,1916T3025,ASME B16.9,NA,QNCa,"5""x2-1/2""",,个,,KG,
,CPR02277,偏心大小头,3.96mmx3.18mm,SS,BW,20,1916T3025,ASME B16.9,NA,QNCa,"5""x2-1/2""",,个,,KG,
,CPR02278,同心大小头,3.96mmx3.18mm,SS,BW,20,1916T3025,ASME B16.9,NA,QNCa,"5""x2""",,个,,KG,
,CPR02279,偏心大小头,3.96mmx3.18mm,SS,BW,20,1916T3025,ASME B16.9,NA,QNCa,"5""x2""",,个,,KG,
,CPR02280,同心大小头,SCH80SxSCH80S,SS,BW,022Cr19Ni10,1916T3017,ASME B16.9,RCC-M 2,QA1,"10""x4""",,个,12.5,KG,
,CPR02281,同心大小头,SCH40SxSCH10S,SS,BW,022Cr19Ni10,1916T3017,ASME B16.9,RCC-M 2,QA1,"8""x6""",,个,,KG,
,CPR02282,同心异径管,4.5mmx4.5mm,,,环氧树脂玻璃纤维,,SY/T 6266,NA,QNCa,"4""x3""",,个,,KG,
,CPR02283,同心大小头,SCH40SxSCH40S(坡口为SCH40SxSCH10S),SS,BW,022Cr19Ni10,1916T3017,ASME B16.9,RCC-M 2,QA1,"8""x6""",,个,,KG,
,CPR02284,同心大小头,SCH40SxSCH40S(坡口为SCH40SxSCH10S),SS,BW,022Cr19Ni10,1916T3017,ASME B16.9,RCC-M 2,QA1,"6""x4""",,个,,KG,
,CPR02285,同心大小头,SCH40xSCH40,SS,BW,20,,GB/T 12459-2005,NA,QNCa,DN65xDN50,,个,,KG,
,CPR02286,同心大小头,SCH40xSCH80,SS,BW,20,,GB/T 12459-2005,NA,QNCa,DN65xDN40,,个,,KG,
,CPR02287,同心大小头,SCH40xSCH40,SS,BW,20,,GB/T 12459-2005,NA,QNCa,DN65xDN32,,个,,KG,
,CPR02288,同心大小头,SCH40xSCH80,SS,BW,20,,GB/T 12459-2005,NA,QNCa,DN65xDN25,,个,,KG,
,CPR02289,同心大小头,SCH40xSCH40,SS,BW,20,,GB/T 12459-2005,NA,QNCa,DN80xDN65,,个,,KG,
,CPR02290,同心大小头,SCH40xSCH40,SS,BW,20,,GB/T 12459-2005,NA,QNCa,DN80xDN50,,个,,KG,
,CPR02291,同心大小头,SCH40xSCH80,SS,BW,20,,GB/T 12459-2005,NA,QNCa,DN80xDN40,,个,,KG,
,CPR02292,同心大小头,SCH40xSCH40,SS,BW,20,,GB/T 12459-2005,NA,QNCa,DN80xDN32,,个,,KG,
,CPR02293,同心大小头,SCH40xSCH40,SS,BW,20,,GB/T 12459-2005,NA,QNCa,DN100xDN80,,个,,KG,
,CPR02294,同心大小头,SCH40xSCH40,SS,BW,20,,GB/T 12459-2005,NA,QNCa,DN100xDN65,,个,,KG,
,CPR02295,同心大小头,SCH40xSCH40,SS,BW,20,,GB/T 12459-2005,NA,QNCa,DN150xDN80,,个,,KG,
,CPR02296,同心大小头,SCH40xSCH40,SS,BW,20,,GB/T 12459-2005,NA,QNCa,DN150xDN65,,个,,KG,
,CPR02297,偏心大小头,SCH40xSCH40,SS,BW,20,,GB/T 12459-2005,NA,QNCa,DN65xDN50,,个,,KG,
,CPR02298,偏心大小头,SCH40xSCH80,SS,BW,20,,GB/T 12459-2005,NA,QNCa,DN65xDN40,,个,,KG,
,CPR02299,偏心大小头,SCH40xSCH40,SS,BW,20,,GB/T 12459-2005,NA,QNCa,DN65xDN32,,个,,KG,
,CPR02300,偏心大小头,SCH40xSCH80,SS,BW,20,,GB/T 12459-2005,NA,QNCa,DN65xDN25,,个,,KG,
,CPR02301,偏心大小头,SCH40xSCH40,SS,BW,20,,GB/T 12459-2005,NA,QNCa,DN80xDN65,,个,,KG,
,CPR02302,偏心大小头,SCH40xSCH40,SS,BW,20,,GB/T 12459-2005,NA,QNCa,DN80xDN50,,个,,KG,
,CPR02303,偏心大小头,SCH40xSCH80,SS,BW,20,,GB/T 12459-2005,NA,QNCa,DN80xDN40,,个,,KG,
,CPR02304,偏心大小头,SCH40xSCH40,SS,BW,20,,GB/T 12459-2005,NA,QNCa,DN80xDN32,,个,,KG,
,CPR02305,偏心大小头,SCH40xSCH40,SS,BW,20,,GB/T 12459-2005,NA,QNCa,DN100xDN80,,个,,KG,
,CPR02306,偏心大小头,SCH40xSCH40,SS,BW,20,,GB/T 12459-2005,NA,QNCa,DN100xDN65,,个,,KG,
,CPR02307,偏心大小头,SCH40xSCH40,SS,BW,20,,GB/T 12459-2005,NA,QNCa,DN150xDN80,,个,,KG,
,CPR02308,偏心大小头,SCH40xSCH40,SS,BW,20,,GB/T 12459-2005,NA,QNCa,DN150xDN65,,个,,KG,
,CPR02309,同心大小头,SCH40SxSCH40S,SS,BW,022Cr19Ni10,1916T3017,ASME B16.9,RCC-M 3,QA2,"2""x3/4""",,个,,KG,
,CPR02310,同心大小头,SCH80SxSCH80S,SS,BW,022Cr19Ni10,1916T3017,ASME B16.9,RCC-M 3,QA2,"6""x3""",,个,,KG,
,CPR02311,同心大小头,30.18mmx31.25mm,SS,BW,P280GH,1916T3019,ASME B16.9,NA,QA3,"30""x26""",,个,,KG,
,CPR02312,短管,36.53mmx32mm,SS,BW,P280GH,RCC-M M1144,FQZ32300S13716A44DD,NA,QA3,"32""",,个,,KG,
,CPR02317,同心大小头,SCH40SxSCH40S,SS,BW,022Cr19Ni10,1916T3017,ASME B16.9,RCC-M 3,QA2,"16""x8""",,个,,KG,
,CPR02319,同心大小头,SCH80SxSCH80S,SS,BW,026Cr18Ni12Mo2N,1916T3017,ASME B16.9,RCC-M 2,QA1,"8""x6""",,个,,KG,
,CPR02320,同心大小头,SCH80SxSCH80S,SS,BW,026Cr18Ni12Mo2N,1916T3017,ASME B16.9,RCC-M 2,QA1,"6""x4""",,个,,KG,
,CPR02321,同心大小头,6.35mmx5.56mm,SS,BW,P280GH,RCC-M M1152,ASME B16.9,NA,QA3,"1-1/2""x1""",,个,,KG,
,CPR02322,同心大小头,14.27mmx9.53mm,SS,BW,P280GH,RCC-M M1144,ASME B16.9,NA,QA3,"5""x4""",,个,,KG,
,CPR02323,同心大小头,SCH40xSCH10,FS,BW,Q235B(内外壁热浸镀锌),GB/T 13401-2017,GB/T 12459-2017,NA,QNCa,DN150xDN80,,个,,KG,
,CPR02324,同心大小头,SCH40xSCH40,FS,BW,Q235B(内外壁热浸镀锌),GB/T 13401-2017,GB/T 12459-2017,NA,QNCa,DN150xDN100,,个,,KG,
,CPR02325,同心大小头,SCH30xSCH40,FS,BW,Q235B(内外壁热浸镀锌),GB/T 13401-2017,GB/T 12459-2017,NA,QNCa,DN200xDN100,,个,,KG,
,CPR02326,同心大小头,SCH30xSCH40,FS,BW,Q235B(内外壁热浸镀锌),GB/T 13401-2017,GB/T 12459-2017,NA,QNCa,DN200xDN150,,个,,KG,
,CPR02327,同心大小头,8.74mmxSCH40,FS,BW,Q235B(内外壁热浸镀锌),GB/T 13401-2017,GB/T 12459-2017,NA,QNCa,DN250xDN100,,个,,KG,
,CPR02328,同心大小头,SCH40xSCH40,FS,BW,Q235B(内外壁热浸镀锌),GB/T 13401-2017,GB/T 12459-2017,NA,QNCa,DN250xDN150,,个,,KG,
,CPR02329,同心大小头,8.74mmxSCH30,FS,BW,Q235B(内外壁热浸镀锌),GB/T 13401-2017,GB/T 12459-2017,NA,QNCa,DN250xDN200,,个,,KG,
,CPR02330,同心大小头,SCH40x9.53mm,FS,BW,Q235B(内外壁热浸镀锌),GB/T 13401-2017,GB/T 12459-2017,NA,QNCa,DN300xDN150,,个,,KG,
,CPR02331,同心大小头,SCH30xSCH30,FS,BW,Q235B(内外壁热浸镀锌),GB/T 13401-2017,GB/T 12459-2017,NA,QNCa,DN300xDN200,,个,,KG,
,CPR02332,同心大小头,SCH40x8.74mm,FS,BW,Q235B(内外壁热浸镀锌),GB/T 13401-2017,GB/T 12459-2017,NA,QNCa,DN300xDN250,,个,,KG,
,CPR02333,同心大小头,SCH30xSCH30,FS,BW,Q235B(内外壁热浸镀锌),GB/T 13401-2017,GB/T 12459-2017,NA,QNCa,DN400xDN200,,个,,KG,
,CPR02334,同心大小头,SCH30x8.74mm,FS,BW,Q235B(内外壁热浸镀锌),GB/T 13401-2017,GB/T 12459-2017,NA,QNCa,DN400xDN250,,个,,KG,
,CPR02335,同心大小头,SCH30x9.53mm,FS,BW,Q235B(内外壁热浸镀锌),GB/T 13401-2017,GB/T 12459-2017,NA,QNCa,DN400xDN300,,个,,KG,
,CPR02336,同心大小头,SCH30xSCH30,FS,BW,Q235B(内外壁热浸镀锌),GB/T 13401-2017,GB/T 12459-2017,NA,QNCa,DN400xDN350,,个,,KG,
,CPR02337,同心大小头,9.53mmx8.74mm,FS,BW,Q235B(内外壁热浸镀锌),GB/T 13401-2017,GB/T 12459-2017,NA,QNCa,DN450xDN250,,个,,KG,
,CPR02338,同心大小头,9.53mmx9.53mm,FS,BW,Q235B(内外壁热浸镀锌),GB/T 13401-2017,GB/T 12459-2017,NA,QNCa,DN450xDN300,,个,,KG,
,CPR02339,同心大小头,9.53mmxSCH30,FS,BW,Q235B(内外壁热浸镀锌),GB/T 13401-2017,GB/T 12459-2017,NA,QNCa,DN450xDN350,,个,,KG,
,CPR02340,同心大小头,9.53mmxSCH30,FS,BW,Q235B(内外壁热浸镀锌),GB/T 13401-2017,GB/T 12459-2017,NA,QNCa,DN450xDN400,,个,,KG,
,CPR02341,同心大小头,SCH20x9.53mm,FS,BW,Q235B(内外壁热浸镀锌),GB/T 13401-2017,GB/T 12459-2017,NA,QNCa,DN500xDN300,,个,,KG,
,CPR02342,同心大小头,SCH20xSCH30,FS,BW,Q235B(内外壁热浸镀锌),GB/T 13401-2017,GB/T 12459-2017,NA,QNCa,DN500xDN350,,个,,KG,
,CPR02343,同心大小头,SCH20xSCH30,FS,BW,Q235B(内外壁热浸镀锌),GB/T 13401-2017,GB/T 12459-2017,NA,QNCa,DN500xDN400,,个,,KG,
,CPR02347,同心大小头,12mmx8mm,SS,BW,S30408,GB/T 14976-2012,GB/T 12459-2017,NA,QNCa,DN300xDN250,,个,,KG,
,CPR02348,同心大小头,12mmx7mm,SS,BW,S30408,GB/T 14976-2012,GB/T 12459-2017,NA,QNCa,DN300xDN200,,个,,KG,
,CPR02349,同心大小头,12mmx7mm,SS,BW,S30408,GB/T 14976-2012,GB/T 12459-2017,NA,QNCa,DN300xDN150,,个,,KG,
,CPR02350,同心大小头,12mmx12mm,SS,BW,S30408,GB/T 14976-2012,GB/T 12459-2017,NA,QNCa,DN350xDN300,,个,,KG,
,CPR02351,同心大小头,12mmx8mm,SS,BW,S30408,GB/T 14976-2012,GB/T 12459-2017,NA,QNCa,DN350xDN250,,个,,KG,
,CPR02352,同心大小头,12mmx7mm,SS,BW,S30408,GB/T 14976-2012,GB/T 12459-2017,NA,QNCa,DN350xDN200,,个,,KG,
,CPR02353,同心大小头,12mmx7mm,SS,BW,S30408,GB/T 14976-2012,GB/T 12459-2017,NA,QNCa,DN350xDN150,,个,,KG,
,CPR02354,同心大小头,12mmx12mm,SS,BW,S30408,GB/T 14976-2012,GB/T 12459-2017,NA,QNCa,DN400xDN350,,个,,KG,
,CPR02355,同心大小头,12mmx12mm,SS,BW,S30408,GB/T 14976-2012,GB/T 12459-2017,NA,QNCa,DN400xDN300,,个,,KG,
,CPR02356,同心大小头,12mmx8mm,SS,BW,S30408,GB/T 14976-2012,GB/T 12459-2017,NA,QNCa,DN400xDN250,,个,,KG,
,CPR02357,同心大小头,12mmx7mm,SS,BW,S30408,GB/T 14976-2012,GB/T 12459-2017,NA,QNCa,DN400xDN200,,个,,KG,
,CPR02358,同心大小头,12.5mmx12mm,SS,BW,S30408,GB/T 14976-2012,GB/T 12459-2017,NA,QNCa,DN450xDN400,,个,,KG,
,CPR02359,同心大小头,12.5mmx12mm,SS,BW,S30408,GB/T 14976-2012,GB/T 12459-2017,NA,QNCa,DN450xDN350,,个,,KG,
,CPR02360,同心大小头,12.5mmx12mm,SS,BW,S30408,GB/T 14976-2012,GB/T 12459-2017,NA,QNCa,DN450xDN300,,个,,KG,
,CPR02361,同心大小头,12.5mmx8mm,SS,BW,S30408,GB/T 14976-2012,GB/T 12459-2017,NA,QNCa,DN450xDN250,,个,,KG,
,CPR02362,同心大小头,12mmx8mm,SS,BW,S30403,GB/T 14976-2012,GB/T 12459-2017,NA,QNCa,DN300xDN250,,个,,KG,
,CPR02363,同心大小头,12mmx7mm,SS,BW,S30403,GB/T 14976-2012,GB/T 12459-2017,NA,QNCa,DN300xDN200,,个,,KG,
,CPR02364,同心大小头,12mmx7mm,SS,BW,S30403,GB/T 14976-2012,GB/T 12459-2017,NA,QNCa,DN300xDN150,,个,,KG,
,CPR02365,同心大小头,12mmx12mm,SS,BW,S30403,GB/T 14976-2012,GB/T 12459-2017,NA,QNCa,DN350xDN300,,个,,KG,
,CPR02366,同心大小头,12mmx8mm,SS,BW,S30403,GB/T 14976-2012,GB/T 12459-2017,NA,QNCa,DN350xDN250,,个,,KG,
,CPR02367,同心大小头,12mmx7mm,SS,BW,S30403,GB/T 14976-2012,GB/T 12459-2017,NA,QNCa,DN350xDN200,,个,,KG,
,CPR02368,同心大小头,12mmx7mm,SS,BW,S30403,GB/T 14976-2012,GB/T 12459-2017,NA,QNCa,DN350xDN150,,个,,KG,
,CPR02369,同心大小头,12mmx12mm,SS,BW,S30403,GB/T 14976-2012,GB/T 12459-2017,NA,QNCa,DN400xDN350,,个,,KG,
,CPR02370,同心大小头,12mmx12mm,SS,BW,S30403,GB/T 14976-2012,GB/T 12459-2017,NA,QNCa,DN400xDN300,,个,,KG,
,CPR02371,同心大小头,12mmx8mm,SS,BW,S30403,GB/T 14976-2012,GB/T 12459-2017,NA,QNCa,DN400xDN250,,个,,KG,
,CPR02372,同心大小头,12mmx7mm,SS,BW,S30403,GB/T 14976-2012,GB/T 12459-2017,NA,QNCa,DN400xDN200,,个,,KG,
,CPR02373,同心大小头,12.5mmx12mm,SS,BW,S30403,GB/T 14976-2012,GB/T 12459-2017,NA,QNCa,DN450xDN400,,个,,KG,
,CPR02374,同心大小头,12.5mmx12mm,SS,BW,S30403,GB/T 14976-2012,GB/T 12459-2017,NA,QNCa,DN450xDN350,,个,,KG,
,CPR02375,同心大小头,12.5mmx12mm,SS,BW,S30403,GB/T 14976-2012,GB/T 12459-2017,NA,QNCa,DN450xDN300,,个,,KG,
,CPR02376,同心大小头,12.5mmx8mm,SS,BW,S30403,GB/T 14976-2012,GB/T 12459-2017,NA,QNCa,DN450xDN250,,个,,KG,
,CPR02377,同心大小头,9mmx9mm,SS,BW,20,GB/T 8163-2018,GB/T 12459-2017,NA,QNCa,DN400xDN350,,个,,KG,
,CPR02378,同心大小头,9mmx8mm,SS,BW,20,GB/T 8163-2018,GB/T 12459-2017,NA,QNCa,DN400xDN300,,个,,KG,
,CPR02379,同心大小头,9mmx6.5mm,SS,BW,20,GB/T 8163-2018,GB/T 12459-2017,NA,QNCa,DN400xDN250,,个,,KG,
,CPR02380,同心大小头,9mmx6mm,SS,BW,20,GB/T 8163-2018,GB/T 12459-2017,NA,QNCa,DN400xDN200,,个,,KG,
,CPR02381,同心大小头,9mmx9mm,SS,BW,20,GB/T 8163-2018,GB/T 12459-2017,NA,QNCa,DN450xDN400,,个,,KG,
,CPR02382,同心大小头,9mmx9mm,SS,BW,20,GB/T 8163-2018,GB/T 12459-2017,NA,QNCa,DN450xDN350,,个,,KG,
,CPR02383,同心大小头,9mmx8mm,SS,BW,20,GB/T 8163-2018,GB/T 12459-2017,NA,QNCa,DN450xDN300,,个,,KG,
,CPR02384,同心大小头,9mmx6.5mm,SS,BW,20,GB/T 8163-2018,GB/T 12459-2017,NA,QNCa,DN450xDN250,,个,,KG,
,CPR02385,同心大小头,9mmx9mm,SS,BW,20(内外壁热浸镀锌),GB/T 8163-2018(GB/T 13912-2020),GB/T 12459-2017,NA,QNCa,DN400xDN350,,个,,KG,
,CPR02386,同心大小头,9mmx8mm,SS,BW,20(内外壁热浸镀锌),GB/T 8163-2018(GB/T 13912-2020),GB/T 12459-2017,NA,QNCa,DN400xDN300,,个,,KG,
,CPR02387,同心大小头,9mmx6.5mm,SS,BW,20(内外壁热浸镀锌),GB/T 8163-2018(GB/T 13912-2020),GB/T 12459-2017,NA,QNCa,DN400xDN250,,个,,KG,
,CPR02388,同心大小头,9mmx6mm,SS,BW,20(内外壁热浸镀锌),GB/T 8163-2018(GB/T 13912-2020),GB/T 12459-2017,NA,QNCa,DN400xDN200,,个,,KG,
,CPR02389,同心大小头,9mmx9mm,SS,BW,20(内外壁热浸镀锌),GB/T 8163-2018(GB/T 13912-2020),GB/T 12459-2017,NA,QNCa,DN450xDN400,,个,,KG,
,CPR02390,同心大小头,9mmx9mm,SS,BW,20(内外壁热浸镀锌),GB/T 8163-2018(GB/T 13912-2020),GB/T 12459-2017,NA,QNCa,DN450xDN350,,个,,KG,
,CPR02391,同心大小头,9mmx8mm,SS,BW,20(内外壁热浸镀锌),GB/T 8163-2018(GB/T 13912-2020),GB/T 12459-2017,NA,QNCa,DN450xDN300,,个,,KG,
,CPR02392,同心大小头,9mmx6.5mm,SS,BW,20(内外壁热浸镀锌),GB/T 8163-2018(GB/T 13912-2020),GB/T 12459-2017,NA,QNCa,DN450xDN250,,个,,KG,
,CPR02393,偏心大小头,12mmx8mm,SS,BW,S30408,GB/T 14976-2012,GB/T 12459-2017,NA,QNCa,DN300xDN250,,个,,KG,
,CPR02394,偏心大小头,12mmx7mm,SS,BW,S30408,GB/T 14976-2012,GB/T 12459-2017,NA,QNCa,DN300xDN200,,个,,KG,
,CPR02395,偏心大小头,12mmx7mm,SS,BW,S30408,GB/T 14976-2012,GB/T 12459-2017,NA,QNCa,DN300xDN150,,个,,KG,
,CPR02396,偏心大小头,12mmx12mm,SS,BW,S30408,GB/T 14976-2012,GB/T 12459-2017,NA,QNCa,DN350xDN300,,个,,KG,
,CPR02397,偏心大小头,12mmx8mm,SS,BW,S30408,GB/T 14976-2012,GB/T 12459-2017,NA,QNCa,DN350xDN250,,个,,KG,
,CPR02398,偏心大小头,12mmx7mm,SS,BW,S30408,GB/T 14976-2012,GB/T 12459-2017,NA,QNCa,DN350xDN200,,个,,KG,
,CPR02399,偏心大小头,12mmx7mm,SS,BW,S30408,GB/T 14976-2012,GB/T 12459-2017,NA,QNCa,DN350xDN150,,个,,KG,
,CPR02400,偏心大小头,12mmx12mm,SS,BW,S30408,GB/T 14976-2012,GB/T 12459-2017,NA,QNCa,DN400xDN350,,个,,KG,
,CPR02401,偏心大小头,12mmx12mm,SS,BW,S30408,GB/T 14976-2012,GB/T 12459-2017,NA,QNCa,DN400xDN300,,个,,KG,
,CPR02402,偏心大小头,12mmx8mm,SS,BW,S30408,GB/T 14976-2012,GB/T 12459-2017,NA,QNCa,DN400xDN250,,个,,KG,
,CPR02403,偏心大小头,12mmx7mm,SS,BW,S30408,GB/T 14976-2012,GB/T 12459-2017,NA,QNCa,DN400xDN200,,个,,KG,
,CPR02404,偏心大小头,12.5mmx12mm,SS,BW,S30408,GB/T 14976-2012,GB/T 12459-2017,NA,QNCa,DN450xDN400,,个,,KG,
,CPR02405,偏心大小头,12.5mmx12mm,SS,BW,S30408,GB/T 14976-2012,GB/T 12459-2017,NA,QNCa,DN450xDN350,,个,,KG,
,CPR02406,偏心大小头,12.5mmx12mm,SS,BW,S30408,GB/T 14976-2012,GB/T 12459-2017,NA,QNCa,DN450xDN300,,个,,KG,
,CPR02407,偏心大小头,12.5mmx8mm,SS,BW,S30408,GB/T 14976-2012,GB/T 12459-2017,NA,QNCa,DN450xDN250,,个,,KG,
,CPR02408,偏心大小头,12mmx8mm,SS,BW,S30403,GB/T 14976-2012,GB/T 12459-2017,NA,QNCa,DN300xDN250,,个,,KG,
,CPR02409,偏心大小头,12mmx7mm,SS,BW,S30403,GB/T 14976-2012,GB/T 12459-2017,NA,QNCa,DN300xDN200,,个,,KG,
,CPR02410,偏心大小头,12mmx7mm,SS,BW,S30403,GB/T 14976-2012,GB/T 12459-2017,NA,QNCa,DN300xDN150,,个,,KG,
,CPR02411,偏心大小头,12mmx12mm,SS,BW,S30403,GB/T 14976-2012,GB/T 12459-2017,NA,QNCa,DN350xDN300,,个,,KG,
,CPR02412,偏心大小头,12mmx8mm,SS,BW,S30403,GB/T 14976-2012,GB/T 12459-2017,NA,QNCa,DN350xDN250,,个,,KG,
,CPR02413,偏心大小头,12mmx7mm,SS,BW,S30403,GB/T 14976-2012,GB/T 12459-2017,NA,QNCa,DN350xDN200,,个,,KG,
,CPR02414,偏心大小头,12mmx7mm,SS,BW,S30403,GB/T 14976-2012,GB/T 12459-2017,NA,QNCa,DN350xDN150,,个,,KG,
,CPR02415,偏心大小头,12mmx12mm,SS,BW,S30403,GB/T 14976-2012,GB/T 12459-2017,NA,QNCa,DN400xDN350,,个,,KG,
,CPR02416,偏心大小头,12mmx12mm,SS,BW,S30403,GB/T 14976-2012,GB/T 12459-2017,NA,QNCa,DN400xDN300,,个,,KG,
,CPR02417,偏心大小头,12mmx8mm,SS,BW,S30403,GB/T 14976-2012,GB/T 12459-2017,NA,QNCa,DN400xDN250,,个,,KG,
,CPR02418,偏心大小头,12mmx7mm,SS,BW,S30403,GB/T 14976-2012,GB/T 12459-2017,NA,QNCa,DN400xDN200,,个,,KG,
,CPR02419,偏心大小头,12.5mmx12mm,SS,BW,S30403,GB/T 14976-2012,GB/T 12459-2017,NA,QNCa,DN450xDN400,,个,,KG,
,CPR02420,偏心大小头,12.5mmx12mm,SS,BW,S30403,GB/T 14976-2012,GB/T 12459-2017,NA,QNCa,DN450xDN350,,个,,KG,
,CPR02421,偏心大小头,12.5mmx12mm,SS,BW,S30403,GB/T 14976-2012,GB/T 12459-2017,NA,QNCa,DN450xDN300,,个,,KG,
,CPR02422,偏心大小头,12.5mmx8mm,SS,BW,S30403,GB/T 14976-2012,GB/T 12459-2017,NA,QNCa,DN450xDN250,,个,,KG,
,CPR02423,偏心大小头,9mmx9mm,SS,BW,20,GB/T 8163-2018,GB/T 12459-2017,NA,QNCa,DN400xDN350,,个,,KG,
,CPR02424,偏心大小头,9mmx8mm,SS,BW,20,GB/T 8163-2018,GB/T 12459-2017,NA,QNCa,DN400xDN300,,个,,KG,
,CPR02425,偏心大小头,9mmx6.5mm,SS,BW,20,GB/T 8163-2018,GB/T 12459-2017,NA,QNCa,DN400xDN250,,个,,KG,
,CPR02426,偏心大小头,9mmx6mm,SS,BW,20,GB/T 8163-2018,GB/T 12459-2017,NA,QNCa,DN400xDN200,,个,,KG,
,CPR02427,偏心大小头,9mmx9mm,SS,BW,20,GB/T 8163-2018,GB/T 12459-2017,NA,QNCa,DN450xDN400,,个,,KG,
,CPR02428,偏心大小头,9mmx9mm,SS,BW,20,GB/T 8163-2018,GB/T 12459-2017,NA,QNCa,DN450xDN350,,个,,KG,
,CPR02429,偏心大小头,9mmx8mm,SS,BW,20,GB/T 8163-2018,GB/T 12459-2017,NA,QNCa,DN450xDN300,,个,,KG,
,CPR02430,偏心大小头,9mmx6.5mm,SS,BW,20,GB/T 8163-2018,GB/T 12459-2017,NA,QNCa,DN450xDN250,,个,,KG,
,CPR02431,偏心大小头,9mmx9mm,SS,BW,20(内外壁热浸镀锌),GB/T 8163-2018(GB/T 13912-2020),GB/T 12459-2017,NA,QNCa,DN400xDN350,,个,,KG,
,CPR02432,偏心大小头,9mmx8mm,SS,BW,20(内外壁热浸镀锌),GB/T 8163-2018(GB/T 13912-2020),GB/T 12459-2017,NA,QNCa,DN400xDN300,,个,,KG,
,CPR02433,偏心大小头,9mmx6.5mm,SS,BW,20(内外壁热浸镀锌),GB/T 8163-2018(GB/T 13912-2020),GB/T 12459-2017,NA,QNCa,DN400xDN250,,个,,KG,
,CPR02434,偏心大小头,9mmx6mm,SS,BW,20(内外壁热浸镀锌),GB/T 8163-2018(GB/T 13912-2020),GB/T 12459-2017,NA,QNCa,DN400xDN200,,个,,KG,
,CPR02435,偏心大小头,9mmx9mm,SS,BW,20(内外壁热浸镀锌),GB/T 8163-2018(GB/T 13912-2020),GB/T 12459-2017,NA,QNCa,DN450xDN400,,个,,KG,
,CPR02436,偏心大小头,9mmx9mm,SS,BW,20(内外壁热浸镀锌),GB/T 8163-2018(GB/T 13912-2020),GB/T 12459-2017,NA,QNCa,DN450xDN350,,个,,KG,
,CPR02437,偏心大小头,9mmx8mm,SS,BW,20(内外壁热浸镀锌),GB/T 8163-2018(GB/T 13912-2020),GB/T 12459-2017,NA,QNCa,DN450xDN300,,个,,KG,
,CPR02438,偏心大小头,9mmx6.5mm,SS,BW,20(内外壁热浸镀锌),GB/T 8163-2018(GB/T 13912-2020),GB/T 12459-2017,NA,QNCa,DN450xDN250,,个,,KG,
,CPR02473,限流管接头,,,SW,022Cr19Ni10,1916T3038,1916E4001-008,RCC-M 1,QA1,"1""",,个,,KG,
,CPR02541,同心大小头,SCH40xSCH10S,SS,BW,022Cr25Ni7Mo4N,1916T3089,ASME B16.9,RCC-M 3,QA2,"1""x1/2""",,个,,KG,
,CPR02542,延长管L=100,CL3000,,SW,022Cr25Ni7Mo4N,1916T3088,1916E4001-059,RCC-M 3,QA2,"3/4""x1/2""",Φ26.7xΦ21.3,个,,KG,
,CPR03556,同心大小头,SCH160xSCH160,SS,BW,022Cr19Ni10,1916T3017,ASME B16.9,RCC-M 2,QA1,"2""x1""",,个,,KG,
,CPR03557,偏心大小头,SCH160xSCH160,SS,BW,022Cr19Ni10,1916T3017,ASME B16.9,RCC-M 2,QA1,"2""x1""",,个,,KG,
,CPR03558,同心大小头,SCH40SxSCH40S,SS,BW,S30408,GB/T 14976-2012,GB/T 12459-2017,NA,QNCa,DN200xDN150,Φ219xΦ168,个,,KG,
,CPR03559,偏心大小头,SCH40SxSCH40S,SS,BW,S30408,GB/T 14976-2012,GB/T 12459-2017,NA,QNCa,DN200xDN150,Φ219xΦ168,个,,KG,
,CPR03560,同心大小头,SCH40SxSCH40S,SS,BW,S30408,GB/T 14976-2012,GB/T 12459-2017,NA,QNCa,DN200xDN100,Φ219xΦ114,个,,KG,
,CPR03561,偏心大小头,SCH40SxSCH40S,SS,BW,S30408,GB/T 14976-2012,GB/T 12459-2017,NA,QNCa,DN200xDN100,Φ219xΦ114,个,,KG,
,CPR03562,同心大小头,SCH40SxSCH40S,SS,BW,S30408,GB/T 14976-2012,GB/T 12459-2017,NA,QNCa,DN250xDN200,Φ273xΦ219,个,,KG,
,CPR03563,偏心大小头,SCH40SxSCH40S,SS,BW,S30408,GB/T 14976-2012,GB/T 12459-2017,NA,QNCa,DN250xDN200,Φ273xΦ219,个,,KG,
,CPR03564,同心大小头,SCH40SxSCH40S,SS,BW,S30408,GB/T 14976-2012,GB/T 12459-2017,NA,QNCa,DN250xDN150,Φ273xΦ168,个,,KG,
,CPR03565,偏心大小头,SCH40SxSCH40S,SS,BW,S30408,GB/T 14976-2012,GB/T 12459-2017,NA,QNCa,DN250xDN150,Φ273xΦ168,个,,KG,
,CPR03566,同心大小头,SCH40SxSCH40S,SS,BW,S30408,GB/T 14976-2012,GB/T 12459-2017,NA,QNCa,DN250xDN100,Φ273xΦ114,个,,KG,
,CPR03567,偏心大小头,SCH40SxSCH40S,SS,BW,S30408,GB/T 14976-2012,GB/T 12459-2017,NA,QNCa,DN250xDN100,Φ273xΦ114,个,,KG,
,CPR03568,同心大小头,SCH40SxSCH40S,SS,BW,S30403,GB/T 14976-2012,GB/T 12459-2017,NA,QNCa,DN200xDN150,Φ219xΦ168,个,,KG,
,CPR03569,偏心大小头,SCH40SxSCH40S,SS,BW,S30403,GB/T 14976-2012,GB/T 12459-2017,NA,QNCa,DN200xDN150,Φ219xΦ168,个,,KG,
,CPR03570,同心大小头,SCH40SxSCH40S,SS,BW,S30403,GB/T 14976-2012,GB/T 12459-2017,NA,QNCa,DN200xDN100,Φ219xΦ114,个,,KG,
,CPR03571,偏心大小头,SCH40SxSCH40S,SS,BW,S30403,GB/T 14976-2012,GB/T 12459-2017,NA,QNCa,DN200xDN100,Φ219xΦ114,个,,KG,
,CPR03572,同心大小头,SCH40SxSCH40S,SS,BW,S30403,GB/T 14976-2012,GB/T 12459-2017,NA,QNCa,DN250xDN200,Φ273xΦ219,个,,KG,
,CPR03573,偏心大小头,SCH40SxSCH40S,SS,BW,S30403,GB/T 14976-2012,GB/T 12459-2017,NA,QNCa,DN250xDN200,Φ273xΦ219,个,,KG,
,CPR03574,同心大小头,SCH40SxSCH40S,SS,BW,S30403,GB/T 14976-2012,GB/T 12459-2017,NA,QNCa,DN250xDN150,Φ273xΦ168,个,,KG,
,CPR03575,偏心大小头,SCH40SxSCH40S,SS,BW,S30403,GB/T 14976-2012,GB/T 12459-2017,NA,QNCa,DN250xDN150,Φ273xΦ168,个,,KG,
,CPR03576,同心大小头,SCH40SxSCH40S,SS,BW,S30403,GB/T 14976-2012,GB/T 12459-2017,NA,QNCa,DN250xDN100,Φ273xΦ114,个,,KG,
,CPR03577,偏心大小头,SCH40SxSCH40S,SS,BW,S30403,GB/T 14976-2012,GB/T 12459-2017,NA,QNCa,DN250xDN100,Φ273xΦ114,个,,KG,
,CPR03578,同心大小头,SCH30xSCH20,SS,BW,20,GB/T 8163-2008,GB/T 12459-2017,NA,QNCa,DN250xDN200,Φ273xΦ219,个,,KG,
,CPR03579,偏心大小头,SCH30xSCH20,SS,BW,20,GB/T 8163-2008,GB/T 12459-2017,NA,QNCa,DN250xDN200,Φ273xΦ219,个,,KG,
,CPR03580,同心大小头,SCH30xSCH40,SS,BW,20,GB/T 8163-2008,GB/T 12459-2017,NA,QNCa,DN250xDN150,Φ273xΦ168,个,,KG,
,CPR03581,偏心大小头,SCH30xSCH40,SS,BW,20,GB/T 8163-2008,GB/T 12459-2017,NA,QNCa,DN250xDN150,Φ273xΦ168,个,,KG,
,CPR03582,同心大小头,SCH30xSCH40,SS,BW,20,GB/T 8163-2008,GB/T 12459-2017,NA,QNCa,DN250xDN100,Φ273xΦ114,个,,KG,
,CPR03583,偏心大小头,SCH30xSCH40,SS,BW,20,GB/T 8163-2008,GB/T 12459-2017,NA,QNCa,DN250xDN100,Φ273xΦ114,个,,KG,
,CPR03584,同心大小头,SCH30xSCH40,SS,BW,20,GB/T 8163-2008,GB/T 12459-2017,NA,QNCa,DN65xDN50,Φ73xΦ60,个,,KG,
,CPR03585,偏心大小头,SCH30xSCH40,SS,BW,20,GB/T 8163-2008,GB/T 12459-2017,NA,QNCa,DN65xDN50,Φ73xΦ60,个,,KG,
,CPR03586,同心大小头,SCH30xSCH80,SS,BW,20,GB/T 8163-2008,GB/T 12459-2017,NA,QNCa,DN65xDN40,Φ73xΦ48,个,,KG,
,CPR03587,偏心大小头,SCH30xSCH80,SS,BW,20,GB/T 8163-2008,GB/T 12459-2017,NA,QNCa,DN65xDN40,Φ73xΦ48,个,,KG,
,CPR03588,同心大小头,SCH30xSCH40,SS,BW,20,GB/T 8163-2008,GB/T 12459-2017,NA,QNCa,DN65xDN32,Φ73xΦ42,个,,KG,
,CPR03589,偏心大小头,SCH30xSCH40,SS,BW,20,GB/T 8163-2008,GB/T 12459-2017,NA,QNCa,DN65xDN32,Φ73xΦ42,个,,KG,
,CPR03590,同心大小头,SCH40xSCH30,SS,BW,20,GB/T 8163-2008,GB/T 12459-2017,NA,QNCa,DN80xDN65,Φ89xΦ73,个,,KG,
,CPR03591,偏心大小头,SCH40xSCH30,SS,BW,20,GB/T 8163-2008,GB/T 12459-2017,NA,QNCa,DN80xDN65,Φ89xΦ73,个,,KG,
,CPR03592,同心大小头,SCH30xSCH20,SS,BW,20(内外壁热浸镀锌),GB/T 8163-2008(GB/T 13912-2020),GB/T 12459-2017,NA,QNCa,DN250xDN200,Φ273xΦ219,个,,KG,
,CPR03593,偏心大小头,SCH30xSCH20,SS,BW,20(内外壁热浸镀锌),GB/T 8163-2008(GB/T 13912-2020),GB/T 12459-2017,NA,QNCa,DN250xDN200,Φ273xΦ219,个,,KG,
,CPR03594,同心大小头,SCH30xSCH40,SS,BW,20(内外壁热浸镀锌),GB/T 8163-2008(GB/T 13912-2020),GB/T 12459-2017,NA,QNCa,DN250xDN150,Φ273xΦ168,个,,KG,
,CPR03595,偏心大小头,SCH30xSCH40,SS,BW,20(内外壁热浸镀锌),GB/T 8163-2008(GB/T 13912-2020),GB/T 12459-2017,NA,QNCa,DN250xDN150,Φ273xΦ168,个,,KG,
,CPR03596,同心大小头,SCH30xSCH40,SS,BW,20(内外壁热浸镀锌),GB/T 8163-2008(GB/T 13912-2020),GB/T 12459-2017,NA,QNCa,DN250xDN100,Φ273xΦ114,个,,KG,
,CPR03597,偏心大小头,SCH30xSCH40,SS,BW,20(内外壁热浸镀锌),GB/T 8163-2008(GB/T 13912-2020),GB/T 12459-2017,NA,QNCa,DN250xDN100,Φ273xΦ114,个,,KG,
,CPR03598,同心大小头,SCH30xSCH40,SS,BW,20(内外壁热浸镀锌),GB/T 8163-2008(GB/T 13912-2020),GB/T 12459-2017,NA,QNCa,DN65xDN50,Φ73xΦ60,个,,KG,
,CPR03599,偏心大小头,SCH30xSCH40,SS,BW,20(内外壁热浸镀锌),GB/T 8163-2008(GB/T 13912-2020),GB/T 12459-2017,NA,QNCa,DN65xDN50,Φ73xΦ60,个,,KG,
,CPR03600,同心大小头,SCH30xSCH80,SS,BW,20(内外壁热浸镀锌),GB/T 8163-2008(GB/T 13912-2020),GB/T 12459-2017,NA,QNCa,DN65xDN40,Φ73xΦ48,个,,KG,
,CPR03601,偏心大小头,SCH30xSCH80,SS,BW,20(内外壁热浸镀锌),GB/T 8163-2008(GB/T 13912-2020),GB/T 12459-2017,NA,QNCa,DN65xDN40,Φ73xΦ48,个,,KG,
,CPR03602,同心大小头,SCH30xSCH40,SS,BW,20(内外壁热浸镀锌),GB/T 8163-2008(GB/T 13912-2020),GB/T 12459-2017,NA,QNCa,DN65xDN32,Φ73xΦ42,个,,KG,
,CPR03603,偏心大小头,SCH30xSCH40,SS,BW,20(内外壁热浸镀锌),GB/T 8163-2008(GB/T 13912-2020),GB/T 12459-2017,NA,QNCa,DN65xDN32,Φ73xΦ42,个,,KG,
,CPR03605,同心大小头,SCH40xSCH30,SS,BW,20(内外壁热浸镀锌),GB/T 8163-2008(GB/T 13912-2020),GB/T 12459-2017,NA,QNCa,DN80xDN65,Φ89xΦ73,个,,KG,
,CPR03606,偏心大小头,SCH40xSCH30,SS,BW,20(内外壁热浸镀锌),GB/T 8163-2008(GB/T 13912-2020),GB/T 12459-2017,NA,QNCa,DN80xDN65,Φ89xΦ73,个,,KG,
,CPR03607,同心大小头,SCH40xSCH40,SS,BW,20(内外壁热浸镀锌),GB/T 8163-2008(GB/T 13912-2020),GB/T 12459-2017,NA,QNCa,DN80xDN50,Φ89xΦ60,个,,KG,
,CPR03608,偏心大小头,SCH40xSCH40,SS,BW,20(内外壁热浸镀锌),GB/T 8163-2008(GB/T 13912-2020),GB/T 12459-2017,NA,QNCa,DN80xDN50,Φ89xΦ60,个,,KG,
,CPR03609,同心大小头,SCH40xSCH80,SS,BW,20(内外壁热浸镀锌),GB/T 8163-2008(GB/T 13912-2020),GB/T 12459-2017,NA,QNCa,DN80xDN40,Φ89xΦ48,个,,KG,
,CPR03610,偏心大小头,SCH40xSCH80,SS,BW,20(内外壁热浸镀锌),GB/T 8163-2008(GB/T 13912-2020),GB/T 12459-2017,NA,QNCa,DN80xDN40,Φ89xΦ48,个,,KG,
,CPR03611,WAI系统用异径管接头,,,FIL/SW,022Cr19Ni10,1916T3038,1916E4001-016,RCC-M 3,QA2,"3/4""x1/4""",,个,,KG,
,CPR03612,同心大小头,3.58mmxSCH40,SS,BW,20,1916T3025,ASME B16.9,NA,QA3,"4""x1-1/2""",,个,,KG,
,CPR03613,同心大小头,3.58mmxSCH30,SS,BW,022Cr25Ni7Mo4N,1916T3089,ASME B16.9,RCC-M 3,QA2,"4""x2""",Φ114.3xΦ60.3,个,,KG,
,CPR03614,同心大小头,SCH80xSCH80,SS,BW,P280GH,1916T3019,ASME B16.9,RCC-M 2,QA1,"1""x3/4""",,个,,KG,
,CPR60001,同心异径接头,SCH40xSCH40,SS,BW,20(内外壁热浸镀锌),GB/T 13912-2002,GB/T 12459-2005,NA,QNCa,DN100xDN65,,个,,KG,
,CPR60002,同心异径接头,SCH40xSCH40,SS,BW,20(内外壁热浸镀锌),GB/T 13912-2002,GB/T 12459-2005,NA,QNCa,DN65xDN25,,个,,KG,
,CPR60003,同心异径接头,SCH40xSCH80,SS,BW,20,,GB/T 12459-2005,NA,QNCa,DN150xDN65,,个,,KG,
,CPR60004,同心异径接头,SCH80xSCH80,SS,BW,20,,GB/T 12459-2005,NA,QNCa,DN65xDN25,,个,,KG,
,CPR60005,偏心异径接头,SCH20xSCH40,SS,BW,20,,GB/T 12459-2005,NA,QNCa,DN250xDN125,,个,,KG,
,CPR60006,同心异径接头,SCH40xSCH80,SS,BW,20,,GB/T 12459-2005,NA,QNCa,DN100xDN40,,个,,KG,
,CPR60007,同心异径接头,SCH80xSCH80,SS,BW,20,,GB/T 12459-2005,NA,QNCa,DN40xDN25,,个,,KG,
,CPR60008,同心异径接头,SCH40xSCH80,SS,BW,20,,GB/T 12459-2005,NA,QNCa,DN80xDN40,,个,,KG,
,CPR60009,同心异径接头,SCH40SxSCH40S,SS,BW,06Cr19Ni10,,GB/T 12459-2005,NA,QNCa,DN80xDN50,,个,,KG,
,CPR60010,同心异径接头,SCH30xSCH20,SS,BW,20,,GB/T 12459-2005,NA,QNCa,DN400xDN200 ,,个,,KG,
,CPR60011,GCP011-异径管,,,卡箍螺纹式,20(内外壁热浸镀锌),GB/T 13912-2002,国标图集04S206,NA,QNCa,DN150xDN80,,个,,KG,第90页
,CPR60012,GCP010-异径管,,,卡箍式,20(内外壁热浸镀锌),GB/T 13912-2002,国标图集04S206,NA,QNCa,DN200xDN150,,个,,KG,第90页
,CPR60013,同心异径接头,SCH40xSCH40,SS,BW,20,,GB/T 12459-2005,NA,QNCa,DN125xDN50,,个,,KG,
,CPR60014,YQGCZG/102型挠性接头,,,,20(热浸镀锌),GB/T 13912-2002,国标图集04S206,NA,QNCa,DN150,,个,,KG,第84页
,CPR60015,YQGCZG/102型挠性接头,,,,20(热浸镀锌),GB/T 13912-2002,国标图集04S206,NA,QNCa,DN200,,个,,KG,第84页
,CPT00001,等径三通,CL6000,FO,SW,022Cr19Ni10,1916T3038,ASME B16.11,RCC-M 1,QA1,"1/4""",,个,0.22,KG,
,CPT00002,等径三通,CL3000,FO,SW,022Cr19Ni10,1916T3038,ASME B16.11,RCC-M 2,QA1,"1/4""",,个,0.13,KG,
,CPT00003,等径三通,CL3000,FO,SW,20,1916T3037,ASME B16.11,RCC-M 2,QA1,"1/4""",,个,0.13,KG,
,CPT00004,等径三通,CL6000,FO,SW,022Cr19Ni10,1916T3038,ASME B16.11,RCC-M 2,QA1,"1/4""",,个,0.22,KG,
,CPT00005,等径三通,CL6000,FO,SW,20,1916T3037,ASME B16.11,RCC-M 2,QA1,"1/4""",,个,0.22,KG,
,CPT00006,等径三通,CL6000,FO,SW,P280GH,1916T3052,ASME B16.11,RCC-M 2,QA1,"1/4""",,个,0.22,KG,
,CPT00007,等径三通,CL3000,FO,SW,022Cr17Ni12Mo2,1916T3038,ASME B16.11,RCC-M 3,QA2,"1/4""",,个,0.13,KG,
,CPT00008,等径三通,CL3000,FO,SW,022Cr19Ni10,1916T3038,ASME B16.11,RCC-M 3,QA2,"1/4""",,个,0.13,KG,
,CPT00009,等径三通,CL3000,FO,SW,20,1916T3037,ASME B16.11,RCC-M 3,QA2,"1/4""",,个,0.13,KG,
,CPT00010,等径三通,CL3000,FO,SW,022Cr17Ni12Mo2,1916T3023,ASME B16.11,NA,QNCa,"1/4""",,个,0.13,KG,
,CPT00011,等径三通,CL3000,FO,SW,022Cr19Ni10,1916T3023,ASME B16.11,NA,QNCa,"1/4""",,个,0.13,KG,
,CPT00012,等径三通,CL3000,FO,SW,20,1916T3025,ASME B16.11,NA,QNCa,"1/4""",,个,0.2,KG,
,CPT00013,等径三通,CL6000,FO,SW,022Cr19Ni10,1916T3038,ASME B16.11,RCC-M 1,QA1,"3/8""",,个,0.45,KG,
,CPT00014,等径三通,CL3000,FO,SW,022Cr19Ni10,1916T3038,ASME B16.11,RCC-M 2,QA1,"3/8""",,个,0.16,KG,
,CPT00015,等径三通,CL3000,FO,SW,20,1916T3037,ASME B16.11,RCC-M 2,QA1,"3/8""",,个,0.16,KG,
,CPT00016,等径三通,CL6000,FO,SW,022Cr19Ni10,1916T3038,ASME B16.11,RCC-M 2,QA1,"3/8""",,个,0.45,KG,
,CPT00017,等径三通,CL6000,FO,SW,20,1916T3037,ASME B16.11,RCC-M 2,QA1,"3/8""",,个,0.45,KG,
,CPT00018,等径三通,CL6000,FO,SW,P280GH,1916T3052,ASME B16.11,RCC-M 2,QA1,"3/8""",,个,0.45,KG,
,CPT00019,等径三通,CL3000,FO,SW,022Cr17Ni12Mo2,1916T3038,ASME B16.11,RCC-M 3,QA2,"3/8""",,个,0.16,KG,
,CPT00020,等径三通,CL3000,FO,SW,022Cr19Ni10,1916T3038,ASME B16.11,RCC-M 3,QA2,"3/8""",,个,0.16,KG,
,CPT00021,等径三通,CL3000,FO,SW,20,1916T3037,ASME B16.11,RCC-M 3,QA2,"3/8""",,个,0.16,KG,
,CPT00022,等径三通,CL3000,FO,SW,022Cr17Ni12Mo2,1916T3023,ASME B16.11,NA,QNCa,"3/8""",,个,0.16,KG,
,CPT00023,等径三通,CL3000,FO,SW,022Cr19Ni10,1916T3023,ASME B16.11,NA,QNCa,"3/8""",,个,0.16,KG,
,CPT00024,等径三通,CL3000,FO,SW,20,1916T3025,ASME B16.11,NA,QNCa,"3/8""",,个,0.16,KG,
,CPT00025,等径三通,CL6000,FO,SW,022Cr19Ni10,1916T3038,ASME B16.11,RCC-M 1,QA1,"1/2""",,个,0.55,KG,
,CPT00026,等径三通,CL3000,FO,SW,022Cr19Ni10,1916T3038,ASME B16.11,RCC-M 2,QA1,"1/2""",,个,0.35,KG,
,CPT00027,等径三通,CL3000,FO,SW,20,1916T3037,ASME B16.11,RCC-M 2,QA1,"1/2""",,个,0.35,KG,
,CPT00028,等径三通,CL6000,FO,SW,022Cr19Ni10,1916T3038,ASME B16.11,RCC-M 2,QA1,"1/2""",,个,0.55,KG,
,CPT00029,等径三通,CL6000,FO,SW,20,1916T3037,ASME B16.11,RCC-M 2,QA1,"1/2""",,个,0.55,KG,
,CPT00030,等径三通,CL6000,FO,SW,P280GH,1916T3052,ASME B16.11,RCC-M 2,QA1,"1/2""",,个,0.55,KG,
,CPT00031,等径三通,CL3000,FO,SW,022Cr17Ni12Mo2,1916T3038,ASME B16.11,RCC-M 3,QA2,"1/2""",,个,0.35,KG,
,CPT00032,等径三通,CL3000,FO,SW,022Cr19Ni10,1916T3038,ASME B16.11,RCC-M 3,QA2,"1/2""",,个,0.35,KG,
,CPT00033,等径三通,CL3000,FO,SW,20,1916T3037,ASME B16.11,RCC-M 3,QA2,"1/2""",,个,0.35,KG,
,CPT00034,等径三通,CL3000,FO,SW,022Cr17Ni12Mo2,1916T3023,ASME B16.11,NA,QNCa,"1/2""",,个,0.35,KG,
,CPT00035,等径三通,CL3000,FO,SW,022Cr19Ni10,1916T3023,ASME B16.11,NA,QNCa,"1/2""",,个,0.35,KG,
,CPT00036,等径三通,CL3000,FO,SW,20,1916T3025,ASME B16.11,NA,QNCa,"1/2""",,个,0.4,KG,
,CPT00037,等径三通,CL6000,FO,SW,022Cr19Ni10,1916T3038,ASME B16.11,RCC-M 1,QA1,"3/4""",,个,0.9,KG,
,CPT00038,等径三通,CL3000,FO,SW,022Cr19Ni10,1916T3038,ASME B16.11,RCC-M 2,QA1,"3/4""",,个,0.4,KG,
,CPT00039,等径三通,CL3000,FO,SW,20,1916T3037,ASME B16.11,RCC-M 2,QA1,"3/4""",,个,0.4,KG,
,CPT00040,等径三通,CL6000,FO,SW,022Cr19Ni10,1916T3038,ASME B16.11,RCC-M 2,QA1,"3/4""",,个,0.9,KG,
,CPT00041,等径三通,CL6000,FO,SW,20,1916T3037,ASME B16.11,RCC-M 2,QA1,"3/4""",,个,0.9,KG,
,CPT00042,等径三通,CL6000,FO,SW,P280GH,1916T3052,ASME B16.11,RCC-M 2,QA1,"3/4""",,个,0.9,KG,
,CPT00043,等径三通,CL3000,FO,SW,022Cr17Ni12Mo2,1916T3038,ASME B16.11,RCC-M 3,QA2,"3/4""",,个,0.4,KG,
,CPT00044,等径三通,CL3000,FO,SW,022Cr19Ni10,1916T3038,ASME B16.11,RCC-M 3,QA2,"3/4""",,个,0.4,KG,
,CPT00045,等径三通,CL3000,FO,SW,20,1916T3037,ASME B16.11,RCC-M 3,QA2,"3/4""",,个,0.4,KG,
,CPT00046,等径三通,CL3000,FO,SW,022Cr17Ni12Mo2,1916T3023,ASME B16.11,NA,QNCa,"3/4""",,个,0.4,KG,
,CPT00047,等径三通,CL3000,FO,SW,022Cr19Ni10,1916T3023,ASME B16.11,NA,QNCa,"3/4""",,个,0.4,KG,
,CPT00048,等径三通,CL3000,FO,SW,20,1916T3025,ASME B16.11,NA,QNCa,"3/4""",,个,0.4,KG,
,CPT00049,等径三通,CL6000,FO,SW,022Cr19Ni10,1916T3038,ASME B16.11,RCC-M 1,QA1,"1""",,个,1.46,KG,
,CPT00050,等径三通,CL3000,FO,SW,022Cr19Ni10,1916T3038,ASME B16.11,RCC-M 2,QA1,"1""",,个,0.66,KG,
,CPT00051,等径三通,CL3000,FO,SW,20,1916T3037,ASME B16.11,RCC-M 2,QA1,"1""",,个,0.66,KG,
,CPT00052,等径三通,CL6000,FO,SW,022Cr19Ni10,1916T3038,ASME B16.11,RCC-M 2,QA1,"1""",,个,1.46,KG,
,CPT00053,等径三通,CL6000,FO,SW,20,1916T3037,ASME B16.11,RCC-M 2,QA1,"1""",,个,1.46,KG,
,CPT00054,等径三通,CL6000,FO,SW,P280GH,1916T3052,ASME B16.11,RCC-M 2,QA1,"1""",,个,1.46,KG,
,CPT00055,等径三通,CL3000,FO,SW,022Cr17Ni12Mo2,1916T3038,ASME B16.11,RCC-M 3,QA2,"1""",,个,0.66,KG,
,CPT00056,等径三通,CL3000,FO,SW,022Cr19Ni10,1916T3038,ASME B16.11,RCC-M 3,QA2,"1""",,个,0.66,KG,
,CPT00057,等径三通,CL3000,FO,SW,20,1916T3037,ASME B16.11,RCC-M 3,QA2,"1""",,个,0.66,KG,
,CPT00058,等径三通,CL3000,FO,SW,022Cr17Ni12Mo2,1916T3023,ASME B16.11,NA,QNCa,"1""",,个,0.66,KG,
,CPT00059,等径三通,CL3000,FO,SW,022Cr19Ni10,1916T3023,ASME B16.11,NA,QNCa,"1""",,个,0.66,KG,
,CPT00060,等径三通,CL3000,FO,SW,20,1916T3025,ASME B16.11,NA,QNCa,"1""",,个,0.7,KG,
,CPT00061,等径三通,CL3000,FO,SW,022Cr19Ni10,1916T3038,ASME B16.11,RCC-M 2,QA1,"1-1/4""",,个,1,KG,
,CPT00062,等径三通,CL3000,FO,SW,20,1916T3037,ASME B16.11,RCC-M 2,QA1,"1-1/4""",,个,1,KG,
,CPT00063,等径三通,CL6000,FO,SW,022Cr19Ni10,1916T3038,ASME B16.11,RCC-M 2,QA1,"1-1/4""",,个,1.9,KG,
,CPT00064,等径三通,CL6000,FO,SW,20,1916T3037,ASME B16.11,RCC-M 2,QA1,"1-1/4""",,个,1.9,KG,
,CPT00065,等径三通,CL6000,FO,SW,P280GH,1916T3052,ASME B16.11,RCC-M 2,QA1,"1-1/4""",,个,1.9,KG,
,CPT00066,等径三通,CL3000,FO,SW,022Cr17Ni12Mo2,1916T3038,ASME B16.11,RCC-M 3,QA2,"1-1/4""",,个,1,KG,
,CPT00067,等径三通,CL3000,FO,SW,022Cr19Ni10,1916T3038,ASME B16.11,RCC-M 3,QA2,"1-1/4""",,个,1,KG,
,CPT00068,等径三通,CL3000,FO,SW,20,1916T3037,ASME B16.11,RCC-M 3,QA2,"1-1/4""",,个,1,KG,
,CPT00069,等径三通,CL3000,FO,SW,022Cr17Ni12Mo2,1916T3023,ASME B16.11,NA,QNCa,"1-1/4""",,个,1,KG,
,CPT00070,等径三通,CL3000,FO,SW,022Cr19Ni10,1916T3023,ASME B16.11,NA,QNCa,"1-1/4""",,个,1,KG,
,CPT00071,等径三通,CL3000,FO,SW,20,1916T3025,ASME B16.11,NA,QNCa,"1-1/4""",,个,1,KG,
,CPT00072,等径三通,SCH160,SS,BW,022Cr19Ni10,1916T3017,ASME B16.9,RCC-M 1,QA1,"1-1/2""",,个,1.5,KG,
,CPT00073,等径三通,CL3000,FO,SW,022Cr19Ni10,1916T3038,ASME B16.11,RCC-M 2,QA1,"1-1/2""",,个,1.4,KG,
,CPT00074,等径三通,CL3000,FO,SW,20,1916T3037,ASME B16.11,RCC-M 2,QA1,"1-1/2""",,个,1.4,KG,
,CPT00075,等径三通,CL6000,FO,SW,022Cr19Ni10,1916T3038,ASME B16.11,RCC-M 2,QA1,"1-1/2""",,个,3.4,KG,
,CPT00076,等径三通,CL6000,FO,SW,20,1916T3037,ASME B16.11,RCC-M 2,QA1,"1-1/2""",,个,3.4,KG,
,CPT00077,等径三通,CL6000,FO,SW,P280GH,1916T3052,ASME B16.11,RCC-M 2,QA1,"1-1/2""",,个,3.4,KG,
,CPT00078,等径三通,CL3000,FO,SW,022Cr17Ni12Mo2,1916T3038,ASME B16.11,RCC-M 3,QA2,"1-1/2""",,个,1.4,KG,
,CPT00079,等径三通,CL3000,FO,SW,022Cr19Ni10,1916T3038,ASME B16.11,RCC-M 3,QA2,"1-1/2""",,个,1.4,KG,
,CPT00080,等径三通,CL3000,FO,SW,20,1916T3037,ASME B16.11,RCC-M 3,QA2,"1-1/2""",,个,1.4,KG,
,CPT00081,等径三通,CL3000,FO,SW,022Cr17Ni12Mo2,1916T3023,ASME B16.11,NA,QNCa,"1-1/2""",,个,1.4,KG,
,CPT00082,等径三通,CL3000,FO,SW,022Cr19Ni10,1916T3023,ASME B16.11,NA,QNCa,"1-1/2""",,个,1.4,KG,
,CPT00083,等径三通,CL3000,FO,SW,20,1916T3025,ASME B16.11,NA,QNCa,"1-1/2""",,个,1.4,KG,
,CPT00084,等径三通,SCH160,SS,BW,022Cr19Ni10,1916T3017,ASME B16.9,RCC-M 1,QA1,"2""",,个,2.5,KG,
,CPT00085,等径三通,CL3000,FO,SW,022Cr19Ni10,1916T3038,ASME B16.11,RCC-M 2,QA1,"2""",,个,2.2,KG,
,CPT00086,等径三通,CL3000,FO,SW,20,1916T3037,ASME B16.11,RCC-M 2,QA1,"2""",,个,2.2,KG,
,CPT00087,等径三通,CL6000,FO,SW,022Cr19Ni10,1916T3038,ASME B16.11,RCC-M 2,QA1,"2""",,个,3.7,KG,
,CPT00088,等径三通,CL6000,FO,SW,20,1916T3037,ASME B16.11,RCC-M 2,QA1,"2""",,个,3.7,KG,
,CPT00089,等径三通,CL6000,FO,SW,P280GH,1916T3052,ASME B16.11,RCC-M 2,QA1,"2""",,个,3.7,KG,
,CPT00090,等径三通,CL3000,FO,SW,022Cr17Ni12Mo2,1916T3038,ASME B16.11,RCC-M 3,QA2,"2""",,个,2.2,KG,
,CPT00091,等径三通,CL3000,FO,SW,022Cr19Ni10,1916T3038,ASME B16.11,RCC-M 3,QA2,"2""",,个,2.2,KG,
,CPT00092,等径三通,CL3000,FO,SW,20,1916T3037,ASME B16.11,RCC-M 3,QA2,"2""",,个,2.2,KG,
,CPT00093,等径三通,CL3000,FO,SW,022Cr17Ni12Mo2,1916T3023,ASME B16.11,NA,QNCa,"2""",,个,2.2,KG,
,CPT00094,等径三通,CL3000,FO,SW,022Cr19Ni10,1916T3023,ASME B16.11,NA,QNCa,"2""",,个,2.2,KG,
,CPT00095,等径三通,CL3000,FO,SW,20,1916T3025,ASME B16.11,NA,QNCa,"2""",,个,2.2,KG,
,CPT00096,等径三通,SCH160,SS,BW,022Cr19Ni10,1916T3017,ASME B16.9,RCC-M 1,QA1,"2-1/2""",,个,3.8,KG,
,CPT00097,等径三通,3.18mm,SS,BW,20,1916T3019,ASME B16.9,RCC-M 2,QA1,"2-1/2""",,个,,KG,
,CPT00098,等径三通,SCH10S,SS,BW,022Cr19Ni10,1916T3017,ASME B16.9,RCC-M 2,QA1,"2-1/2""",,个,1.4,KG,
,CPT00099,等径三通,SCH160,SS,BW,022Cr19Ni10,1916T3017,ASME B16.9,RCC-M 2,QA1,"2-1/2""",,个,3.8,KG,
,CPT00100,等径三通,SCH160,SS,BW,P280GH,1916T3019,ASME B16.9,RCC-M 2,QA1,"2-1/2""",,个,3.8,KG,
,CPT00101,等径三通,SCH40,SS,BW,20,1916T3019,ASME B16.9,RCC-M 2,QA1,"2-1/2""",,个,2.68,KG,
,CPT00102,等径三通,SCH40S,SS,BW,022Cr19Ni10,1916T3017,ASME B16.9,RCC-M 2,QA1,"2-1/2""",,个,2.2,KG,
,CPT00103,等径三通,SCH80,SS,BW,20,1916T3019,ASME B16.9,RCC-M 2,QA1,"2-1/2""",,个,2.95,KG,
,CPT00104,等径三通,SCH80,SS,BW,P280GH,1916T3019,ASME B16.9,RCC-M 2,QA1,"2-1/2""",,个,2.95,KG,
,CPT00105,等径三通,SCH80S,SS,BW,022Cr19Ni10,1916T3017,ASME B16.9,RCC-M 2,QA1,"2-1/2""",,个,3.1,KG,
,CPT00106,等径三通,3.18mm,SS,BW,20,1916T3019,ASME B16.9,RCC-M 3,QA2,"2-1/2""",,个,3.4,KG,
,CPT00107,等径三通,SCH10S,SS,BW,022Cr19Ni10,1916T3017,ASME B16.9,RCC-M 3,QA2,"2-1/2""",,个,1.4,KG,
,CPT00108,等径三通,SCH40,SS,BW,20,1916T3019,ASME B16.9,RCC-M 3,QA2,"2-1/2""",,个,2.68,KG,
,CPT00109,等径三通,SCH40S,SS,BW,022Cr19Ni10,1916T3017,ASME B16.9,RCC-M 3,QA2,"2-1/2""",,个,2.2,KG,
,CPT00110,等径三通,3.18mm,SS,BW,20,1916T3025,ASME B16.9,NA,QNCa,"2-1/2""",,个,2.7,KG,
,CPT00111,等径三通,SCH10S,SS,BW,022Cr17Ni12Mo2,1916T3023,ASME B16.9,NA,QNCa,"2-1/2""",,个,1.4,KG,
,CPT00112,等径三通,SCH10S,SS,BW,022Cr19Ni10,1916T3023,ASME B16.9,NA,QNCa,"2-1/2""",,个,1.4,KG,
,CPT00113,等径三通,SCH160,SS,BW,022Cr19Ni10,1916T3017,ASME B16.9,RCC-M 1,QA1,"3""",,个,6.6,KG,
,CPT00114,等径三通,3.18mm,SS,BW,20,1916T3019,ASME B16.9,RCC-M 2,QA1,"3""",,个,,KG,
,CPT00115,等径三通,SCH10S,SS,BW,022Cr19Ni10,1916T3017,ASME B16.9,RCC-M 2,QA1,"3""",,个,1.8,KG,
,CPT00116,等径三通,SCH160,SS,BW,022Cr19Ni10,1916T3017,ASME B16.9,RCC-M 2,QA1,"3""",,个,6.6,KG,
,CPT00117,等径三通,SCH160,SS,BW,P280GH,1916T3019,ASME B16.9,RCC-M 2,QA1,"3""",,个,6.6,KG,
,CPT00118,等径三通,SCH40,SS,BW,20,1916T3019,ASME B16.9,RCC-M 2,QA1,"3""",,个,3.76,KG,
,CPT00119,等径三通,SCH40S,SS,BW,022Cr19Ni10,1916T3017,ASME B16.9,RCC-M 2,QA1,"3""",,个,3.3,KG,
,CPT00120,等径三通,SCH80,SS,BW,20,1916T3019,ASME B16.9,RCC-M 2,QA1,"3""",,个,4.35,KG,
,CPT00121,等径三通,SCH80,SS,BW,P280GH,1916T3019,ASME B16.9,RCC-M 2,QA1,"3""",,个,4.35,KG,
,CPT00122,等径三通,SCH80S,SS,BW,022Cr19Ni10,1916T3017,ASME B16.9,RCC-M 2,QA1,"3""",,个,4.4,KG,
,CPT00123,等径三通,3.18mm,SS,BW,20,1916T3019,ASME B16.9,RCC-M 3,QA2,"3""",,个,3.8,KG,
,CPT00124,等径三通,SCH10S,SS,BW,022Cr19Ni10,1916T3017,ASME B16.9,RCC-M 3,QA2,"3""",,个,1.8,KG,
,CPT00125,等径三通,SCH40,SS,BW,20,1916T3019,ASME B16.9,RCC-M 3,QA2,"3""",,个,3.76,KG,
,CPT00126,等径三通,SCH40S,SS,BW,022Cr19Ni10,1916T3017,ASME B16.9,RCC-M 3,QA2,"3""",,个,3.3,KG,
,CPT00127,等径三通,3.18mm,SS,BW,20,1916T3025,ASME B16.9,NA,QNCa,"3""",,个,3.9,KG,
,CPT00128,等径三通,SCH10S,SS,BW,022Cr17Ni12Mo2,1916T3023,ASME B16.9,NA,QNCa,"3""",,个,1.8,KG,
,CPT00129,等径三通,SCH10S,SS,BW,022Cr19Ni10,1916T3023,ASME B16.9,NA,QNCa,"3""",,个,1.77,KG,
,CPT00130,等径三通,SCH160,SS,BW,022Cr19Ni10,1916T3017,ASME B16.9,RCC-M 1,QA1,"3-1/2""",,个,,KG,
,CPT00131,等径三通,SCH10S,SS,BW,022Cr19Ni10,1916T3017,ASME B16.9,RCC-M 2,QA1,"3-1/2""",,个,2.7,KG,
,CPT00132,等径三通,SCH160,SS,BW,022Cr19Ni10,1916T3017,ASME B16.9,RCC-M 2,QA1,"3-1/2""",,个,,KG,
,CPT00133,等径三通,SCH160,SS,BW,P280GH,1916T3019,ASME B16.9,RCC-M 2,QA1,"3-1/2""",,个,,KG,
,CPT00134,等径三通,SCH40,SS,BW,20,1916T3019,ASME B16.9,RCC-M 2,QA1,"3-1/2""",,个,4.62,KG,
,CPT00135,等径三通,SCH40S,SS,BW,022Cr19Ni10,1916T3017,ASME B16.9,RCC-M 2,QA1,"3-1/2""",,个,4.1,KG,
,CPT00136,等径三通,SCH80,SS,BW,20,1916T3019,ASME B16.9,RCC-M 2,QA1,"3-1/2""",,个,5.85,KG,
,CPT00137,等径三通,SCH80,SS,BW,P280GH,1916T3019,ASME B16.9,RCC-M 2,QA1,"3-1/2""",,个,5.85,KG,
,CPT00138,等径三通,SCH80S,SS,BW,022Cr19Ni10,1916T3017,ASME B16.9,RCC-M 2,QA1,"3-1/2""",,个,5.4,KG,
,CPT00139,等径三通,SCH10S,SS,BW,022Cr19Ni10,1916T3017,ASME B16.9,RCC-M 3,QA2,"3-1/2""",,个,2.7,KG,
,CPT00140,等径三通,SCH40,SS,BW,20,1916T3019,ASME B16.9,RCC-M 3,QA2,"3-1/2""",,个,4.62,KG,
,CPT00141,等径三通,SCH40S,SS,BW,022Cr19Ni10,1916T3017,ASME B16.9,RCC-M 3,QA2,"3-1/2""",,个,4.1,KG,
,CPT00142,等径三通,SCH10S,SS,BW,022Cr17Ni12Mo2,1916T3023,ASME B16.9,NA,QNCa,"3-1/2""",,个,2.7,KG,
,CPT00143,等径三通,SCH10S,SS,BW,022Cr19Ni10,1916T3023,ASME B16.9,NA,QNCa,"3-1/2""",,个,2.7,KG,
,CPT00144,等径三通,SCH160,SS,BW,022Cr19Ni10,1916T3017,ASME B16.9,RCC-M 1,QA1,"4""",,个,11.5,KG,
,CPT00145,等径三通,3.58mm,SS,BW,20,1916T3019,ASME B16.9,RCC-M 2,QA1,"4""",,个,6.3,KG,
,CPT00146,等径三通,SCH10S,SS,BW,022Cr19Ni10,1916T3017,ASME B16.9,RCC-M 2,QA1,"4""",,个,3.5,KG,
,CPT00147,等径三通,SCH160,SS,BW,022Cr19Ni10,1916T3017,ASME B16.9,RCC-M 2,QA1,"4""",,个,11.5,KG,
,CPT00148,等径三通,SCH160,SS,BW,P280GH,1916T3019,ASME B16.9,RCC-M 2,QA1,"4""",,个,11.5,KG,
,CPT00149,等径三通,SCH40,SS,BW,20,1916T3019,ASME B16.9,RCC-M 2,QA1,"4""",,个,6.5,KG,
,CPT00150,等径三通,SCH40S,SS,BW,022Cr19Ni10,1916T3017,ASME B16.9,RCC-M 2,QA1,"4""",,个,5.3,KG,
,CPT00151,等径三通,SCH80,SS,BW,20,1916T3019,ASME B16.9,RCC-M 2,QA1,"4""",,个,7.66,KG,
,CPT00152,等径三通,SCH80,SS,BW,P280GH,1916T3019,ASME B16.9,RCC-M 2,QA1,"4""",,个,7.66,KG,
,CPT00153,等径三通,SCH80S,SS,BW,022Cr19Ni10,1916T3017,ASME B16.9,RCC-M 2,QA1,"4""",,个,7.7,KG,
,CPT00154,等径三通,3.58mm,SS,BW,20,1916T3019,ASME B16.9,RCC-M 3,QA2,"4""",,个,6.3,KG,
,CPT00155,等径三通,SCH10S,SS,BW,022Cr19Ni10,1916T3017,ASME B16.9,RCC-M 3,QA2,"4""",,个,3.5,KG,
,CPT00156,等径三通,SCH40,SS,BW,20,1916T3019,ASME B16.9,RCC-M 3,QA2,"4""",,个,6.5,KG,
,CPT00157,等径三通,SCH40S,SS,BW,022Cr19Ni10,1916T3017,ASME B16.9,RCC-M 3,QA2,"4""",,个,5.3,KG,
,CPT00158,等径三通,3.58mm,SS,BW,20,1916T3025,ASME B16.9,NA,QNCa,"4""",,个,6,KG,
,CPT00159,等径三通,SCH10S,SS,BW,022Cr17Ni12Mo2,1916T3023,ASME B16.9,NA,QNCa,"4""",,个,3.5,KG,
,CPT00160,等径三通,SCH10S,SS,BW,022Cr19Ni10,1916T3023,ASME B16.9,NA,QNCa,"4""",,个,3.5,KG,
,CPT00161,等径三通,SCH160,SS,BW,022Cr19Ni10,1916T3017,ASME B16.9,RCC-M 1,QA1,"5""",,个,19.8,KG,
,CPT00162,等径三通,SCH10S,SS,BW,022Cr19Ni10,1916T3017,ASME B16.9,RCC-M 2,QA1,"5""",,个,6.1,KG,
,CPT00163,等径三通,SCH160,SS,BW,022Cr19Ni10,1916T3017,ASME B16.9,RCC-M 2,QA1,"5""",,个,19.8,KG,
,CPT00164,等径三通,SCH160,SS,BW,P280GH,1916T3019,ASME B16.9,RCC-M 2,QA1,"5""",,个,19.8,KG,
,CPT00165,等径三通,SCH40,SS,BW,20,1916T3019,ASME B16.9,RCC-M 2,QA1,"5""",,个,9.66,KG,
,CPT00166,等径三通,SCH40S,SS,BW,022Cr19Ni10,1916T3017,ASME B16.9,RCC-M 2,QA1,"5""",,个,9.4,KG,
,CPT00167,等径三通,SCH80,SS,BW,20,1916T3019,ASME B16.9,RCC-M 2,QA1,"5""",,个,13.5,KG,
,CPT00168,等径三通,SCH80S,SS,BW,022Cr19Ni10,1916T3017,ASME B16.9,RCC-M 2,QA1,"5""",,个,11.5,KG,
,CPT00169,等径三通,SCH10S,SS,BW,022Cr19Ni10,1916T3017,ASME B16.9,RCC-M 3,QA2,"5""",,个,6.1,KG,
,CPT00170,等径三通,SCH40,SS,BW,20,1916T3019,ASME B16.9,RCC-M 3,QA2,"5""",,个,9.66,KG,
,CPT00171,等径三通,SCH40S,SS,BW,022Cr19Ni10,1916T3017,ASME B16.9,RCC-M 3,QA2,"5""",,个,9.4,KG,
,CPT00172,等径三通,SCH10S,SS,BW,022Cr17Ni12Mo2,1916T3023,ASME B16.9,NA,QNCa,"5""",,个,6.1,KG,
,CPT00173,等径三通,SCH10S,SS,BW,022Cr19Ni10,1916T3023,ASME B16.9,NA,QNCa,"5""",,个,6.1,KG,
,CPT00174,等径三通,SCH160,SS,BW,022Cr19Ni10,1916T3017,ASME B16.9,RCC-M 1,QA1,"6""",,个,31.3,KG,
,CPT00175,等径三通,4.37mm,SS,BW,20,1916T3019,ASME B16.9,RCC-M 2,QA1,"6""",,个,16.6,KG,
,CPT00176,等径三通,SCH10S,SS,BW,022Cr19Ni10,1916T3017,ASME B16.9,RCC-M 2,QA1,"6""",,个,8.1,KG,
,CPT00177,等径三通,SCH120,SS,BW,P280GH,1916T3019,ASME B16.9,RCC-M 2,QA1,"6""",,个,25.1,KG,
,CPT00178,等径三通,SCH160,SS,BW,022Cr19Ni10,1916T3017,ASME B16.9,RCC-M 2,QA1,"6""",,个,31.3,KG,
,CPT00179,等径三通,SCH160,SS,BW,P280GH,1916T3019,ASME B16.9,RCC-M 2,QA1,"6""",,个,31.3,KG,
,CPT00180,等径三通,SCH40,SS,BW,20,1916T3019,ASME B16.9,RCC-M 2,QA1,"6""",,个,14,KG,
,CPT00181,等径三通,SCH40S,SS,BW,022Cr19Ni10,1916T3017,ASME B16.9,RCC-M 2,QA1,"6""",,个,11,KG,
,CPT00182,等径三通,SCH80,SS,BW,20,1916T3019,ASME B16.9,RCC-M 2,QA1,"6""",,个,19.3,KG,
,CPT00183,等径三通,SCH80S,SS,BW,022Cr19Ni10,1916T3017,ASME B16.9,RCC-M 2,QA1,"6""",,个,13.6,KG,
,CPT00184,等径三通,4.37mm,SS,BW,20,1916T3019,ASME B16.9,RCC-M 3,QA2,"6""",,个,16.6,KG,
,CPT00185,等径三通,SCH10S,SS,BW,022Cr19Ni10,1916T3017,ASME B16.9,RCC-M 3,QA2,"6""",,个,8.1,KG,
,CPT00186,等径三通,SCH40,SS,BW,20,1916T3019,ASME B16.9,RCC-M 3,QA2,"6""",,个,14,KG,
,CPT00187,等径三通,SCH40S,SS,BW,022Cr19Ni10,1916T3017,ASME B16.9,RCC-M 3,QA2,"6""",,个,11,KG,
,CPT00188,等径三通,4.37mm,SS,BW,20,1916T3025,ASME B16.9,NA,QNCa,"6""",,个,16,KG,
,CPT00189,等径三通,SCH10S,SS,BW,022Cr17Ni12Mo2,1916T3023,ASME B16.9,NA,QNCa,"6""",,个,8.1,KG,
,CPT00190,等径三通,SCH10S,SS,BW,022Cr19Ni10,1916T3023,ASME B16.9,NA,QNCa,"6""",,个,8.1,KG,
,CPT00191,等径三通,SCH160,SS,BW,022Cr19Ni10,1916T3017,ASME B16.9,RCC-M 1,QA1,"8""",,个,60.1,KG,
,CPT00192,等径三通,SCH10S,SS,BW,022Cr19Ni10,1916T3017,ASME B16.9,RCC-M 2,QA1,"8""",,个,15.6,KG,
,CPT00193,等径三通,SCH120,SS,BW,P280GH,1916T3019,ASME B16.9,RCC-M 2,QA1,"8""",,个,48.9,KG,
,CPT00194,等径三通,SCH160,SS,BW,022Cr19Ni10,1916T3017,ASME B16.9,RCC-M 2,QA1,"8""",,个,60.1,KG,
,CPT00195,等径三通,SCH160,SS,BW,P280GH,1916T3019,ASME B16.9,RCC-M 2,QA1,"8""",,个,60.1,KG,
,CPT00196,等径三通,SCH20,SS,BW,20,1916T3019,ASME B16.9,RCC-M 2,QA1,"8""",,个,17.5,KG,
,CPT00197,等径三通,SCH40,SS,BW,20,1916T3019,ASME B16.9,RCC-M 2,QA1,"8""",,个,24.5,KG,
,CPT00198,等径三通,SCH40S,SS,BW,022Cr19Ni10,1916T3017,ASME B16.9,RCC-M 2,QA1,"8""",,个,21,KG,
,CPT00199,等径三通,SCH80,SS,BW,20,1916T3019,ASME B16.9,RCC-M 2,QA1,"8""",,个,34.5,KG,
,CPT00200,等径三通,SCH80,SS,BW,P280GH,1916T3019,ASME B16.9,RCC-M 2,QA1,"8""",,个,34.5,KG,
,CPT00201,等径三通,SCH80S,SS,BW,022Cr19Ni10,1916T3017,ASME B16.9,RCC-M 2,QA1,"8""",,个,28,KG,
,CPT00202,等径三通,SCH10S,SS,BW,022Cr19Ni10,1916T3017,ASME B16.9,RCC-M 3,QA2,"8""",,个,15.6,KG,
,CPT00203,等径三通,SCH20,SS,BW,20,1916T3019,ASME B16.9,RCC-M 3,QA2,"8""",,个,17.5,KG,
,CPT00204,等径三通,SCH40,SS,BW,20,1916T3019,ASME B16.9,RCC-M 3,QA2,"8""",,个,24.5,KG,
,CPT00205,等径三通,SCH40S,SS,BW,022Cr19Ni10,1916T3017,ASME B16.9,RCC-M 3,QA2,"8""",,个,21,KG,
,CPT00206,等径三通,SCH10S,SS,BW,022Cr17Ni12Mo2,1916T3023,ASME B16.9,NA,QNCa,"8""",,个,15.6,KG,
,CPT00207,等径三通,SCH10S,SS,BW,022Cr19Ni10,1916T3023,ASME B16.9,NA,QNCa,"8""",,个,15.6,KG,
,CPT00208,等径三通,SCH20,SS,BW,20,1916T3025,ASME B16.9,NA,QNCa,"8""",,个,23,KG,
,CPT00209,等径三通,SCH140,SS,BW,026Cr18Ni12Mo2N,1916T3017,ASME B16.9,RCC-M 1,QA1,"10""",,个,105,KG,
,CPT00210,等径三通,SCH10S,SS,BW,022Cr19Ni10,1916T3017,ASME B16.9,RCC-M 2,QA1,"10""",,个,27,KG,
,CPT00211,等径三通,SCH140,SS,BW,022Cr19Ni10,1916T3017,ASME B16.9,RCC-M 2,QA1,"10""",,个,105,KG,
,CPT00212,等径三通,SCH160,SS,BW,P280GH,1916T3019,ASME B16.9,RCC-M 2,QA1,"10""",,个,116.6,KG,
,CPT00213,等径三通,SCH20,SS,BW,20,1916T3019,ASME B16.9,RCC-M 2,QA1,"10""",,个,28,KG,
,CPT00214,等径三通,SCH40,SS,BW,20,1916T3019,ASME B16.9,RCC-M 2,QA1,"10""",,个,41.3,KG,
,CPT00215,等径三通,SCH60,SS,BW,P280GH,1916T3019,ASME B16.9,RCC-M 2,QA1,"10""",,个,58.57,KG,
,CPT00216,等径三通,SCH80,SS,BW,20,1916T3019,ASME B16.9,RCC-M 2,QA1,"10""",,个,67.5,KG,
,CPT00217,等径三通,SCH80S,SS,BW,022Cr19Ni10,1916T3017,ASME B16.9,RCC-M 2,QA1,"10""",,个,50,KG,
,CPT00218,等径三通,SCH10S,SS,BW,022Cr19Ni10,1916T3017,ASME B16.9,RCC-M 3,QA2,"10""",,个,27,KG,
,CPT00219,等径三通,SCH20,SS,BW,20,1916T3019,ASME B16.9,RCC-M 3,QA2,"10""",,个,28,KG,
,CPT00220,等径三通,SCH40,SS,BW,20,1916T3019,ASME B16.9,RCC-M 3,QA2,"10""",,个,41.3,KG,
,CPT00221,等径三通,SCH80S,SS,BW,022Cr19Ni10,1916T3017,ASME B16.9,RCC-M 3,QA2,"10""",,个,50,KG,
,CPT00222,等径三通,SCH10S,SS,BW,022Cr17Ni12Mo2,1916T3023,ASME B16.9,NA,QNCa,"10""",,个,27,KG,
,CPT00223,等径三通,SCH10S,SS,BW,022Cr19Ni10,1916T3023,ASME B16.9,NA,QNCa,"10""",,个,26.7,KG,
,CPT00224,等径三通,SCH20,SS,BW,20,1916T3025,ASME B16.9,NA,QNCa,"10""",,个,34.7,KG,
,CPT00225,等径三通,SCH140,SS,BW,026Cr18Ni12Mo2N,1916T3017,ASME B16.9,RCC-M 1,QA1,"12""",,个,159.8,KG,
,CPT00226,等径三通,7.14mm,SS,BW,20,1916T3019,ASME B16.9,RCC-M 2,QA1,"12""",,个,,KG,
,CPT00227,等径三通,SCH10S,SS,BW,022Cr19Ni10,1916T3017,ASME B16.9,RCC-M 2,QA1,"12""",,个,40,KG,
,CPT00228,等径三通,SCH140,SS,BW,022Cr19Ni10,1916T3017,ASME B16.9,RCC-M 2,QA1,"12""",,个,159.8,KG,
,CPT00229,等径三通,SCH160,SS,BW,P280GH,1916T3019,ASME B16.9,RCC-M 2,QA1,"12""",,个,183.3,KG,
,CPT00230,等径三通,SCH40,SS,BW,20,1916T3019,ASME B16.9,RCC-M 2,QA1,"12""",,个,69,KG,
,CPT00231,等径三通,SCH80,SS,BW,20,1916T3019,ASME B16.9,RCC-M 2,QA1,"12""",,个,105,KG,
,CPT00232,等径三通,SCH80S,SS,BW,022Cr19Ni10,1916T3017,ASME B16.9,RCC-M 2,QA1,"12""",,个,84,KG,
,CPT00233,等径三通,7.14mm,SS,BW,20,1916T3019,ASME B16.9,RCC-M 3,QA2,"12""",,个,55.9,KG,
,CPT00234,等径三通,SCH10S,SS,BW,022Cr19Ni10,1916T3017,ASME B16.9,RCC-M 3,QA2,"12""",,个,40,KG,
,CPT00235,等径三通,SCH40,SS,BW,20,1916T3019,ASME B16.9,RCC-M 3,QA2,"12""",,个,69,KG,
,CPT00236,等径三通,SCH80S,SS,BW,022Cr19Ni10,1916T3017,ASME B16.9,RCC-M 3,QA2,"12""",,个,84,KG,
,CPT00237,等径三通,7.14mm,SS,BW,20,1916T3025,ASME B16.9,NA,QNCa,"12""",,个,65,KG,
,CPT00238,等径三通,SCH10S,SS,BW,022Cr17Ni12Mo2,1916T3023,ASME B16.9,NA,QNCa,"12""",,个,40,KG,
,CPT00239,等径三通,SCH10S,SS,BW,022Cr19Ni10,1916T3023,ASME B16.9,NA,QNCa,"12""",,个,40,KG,
,CPT00240,等径三通,SCH20,SS,BW,20,1916T3025,ASME B16.9,NA,QNCa,"12""",,个,42.6,KG,
,CPT00241,等径三通,SCH140,SS,BW,026Cr18Ni12Mo2N,1916T3017,ASME B16.9,RCC-M 1,QA1,"14""",,个,212.6,KG,
,CPT00242,等径三通,SCH10S,SS,BW,022Cr19Ni10,1916T3017,ASME B16.9,RCC-M 2,QA1,"14""",,个,48,KG,
,CPT00243,等径三通,SCH140,SS,BW,022Cr19Ni10,1916T3017,ASME B16.9,RCC-M 2,QA1,"14""",,个,212.6,KG,
,CPT00244,等径三通,SCH160,SS,BW,P280GH,1916T3019,ASME B16.9,RCC-M 2,QA1,"14""",,个,236.2,KG,
,CPT00245,等径三通,SCH20,SS,BW,20,1916T3019,ASME B16.9,RCC-M 2,QA1,"14""",,个,64.5,KG,
,CPT00246,等径三通,SCH40,SS,BW,20,1916T3019,ASME B16.9,RCC-M 2,QA1,"14""",,个,96,KG,
,CPT00247,等径三通,SCH60,SS,BW,022Cr19Ni10,1916T3017,ASME B16.9,RCC-M 2,QA1,"14""",,个,104,KG,
,CPT00248,等径三通,SCH80,SS,BW,20,1916T3019,ASME B16.9,RCC-M 2,QA1,"14""",,个,142,KG,
,CPT00249,等径三通,SCH80S,SS,BW,022Cr19Ni10,1916T3017,ASME B16.9,RCC-M 2,QA1,"14""",,个,100,KG,
,CPT00250,等径三通,SCH20,SS,BW,20,1916T3019,ASME B16.9,RCC-M 3,QA2,"14""",,个,64.5,KG,
,CPT00251,等径三通,SCH40,SS,BW,20,1916T3019,ASME B16.9,RCC-M 3,QA2,"14""",,个,96,KG,
,CPT00252,等径三通,SCH60,SS,BW,022Cr19Ni10,1916T3017,ASME B16.9,RCC-M 3,QA2,"14""",,个,141.2,KG,
,CPT00253,等径三通,SCH10S,SS,BW,022Cr17Ni12Mo2,1916T3023,ASME B16.9,NA,QNCa,"14""",,个,48,KG,
,CPT00254,等径三通,SCH10S,SS,BW,022Cr19Ni10,1916T3023,ASME B16.9,NA,QNCa,"14""",,个,48,KG,
,CPT00255,等径三通,SCH20,SS,BW,20,1916T3025,ASME B16.9,NA,QNCa,"14""",,个,84,KG,
,CPT00256,等径三通,SCH140,SS,BW,026Cr18Ni12Mo2N,1916T3017,ASME B16.9,RCC-M 1,QA1,"16""",,个,296.2,KG,
,CPT00257,等径三通,8.74mm,SS,BW,20,1916T3019,ASME B16.9,RCC-M 2,QA1,"16""",,个,,KG,
,CPT00258,等径三通,SCH10S,SS,BW,022Cr19Ni10,1916T3017,ASME B16.9,RCC-M 2,QA1,"16""",,个,59,KG,
,CPT00259,等径三通,SCH140,SS,BW,022Cr19Ni10,1916T3017,ASME B16.9,RCC-M 2,QA1,"16""",,个,296.2,KG,
,CPT00260,等径三通,SCH160,SS,BW,P280GH,1916T3019,ASME B16.9,RCC-M 2,QA1,"16""",,个,324.8,KG,
,CPT00261,等径三通,SCH40,SS,BW,20,1916T3019,ASME B16.9,RCC-M 2,QA1,"16""",,个,120,KG,
,CPT00262,等径三通,SCH40S,SS,BW,022Cr19Ni10,1916T3017,ASME B16.9,RCC-M 2,QA1,"16""",,个,100,KG,
,CPT00263,等径三通,SCH60,SS,BW,022Cr19Ni10,1916T3017,ASME B16.9,RCC-M 2,QA1,"16""",,个,207.93,KG,
,CPT00264,等径三通,SCH80,SS,BW,20,1916T3019,ASME B16.9,RCC-M 2,QA1,"16""",,个,187,KG,
,CPT00265,等径三通,SCH80S,SS,BW,022Cr19Ni10,1916T3017,ASME B16.9,RCC-M 2,QA1,"16""",,个,,KG,
,CPT00266,等径三通,9.8mm,SS,BW,20,1916T3019,ASME B16.9,RCC-M 3,QA2,"16""",,个,,KG,
,CPT00267,等径三通,SCH40,SS,BW,20,1916T3019,ASME B16.9,RCC-M 3,QA2,"16""",,个,120,KG,
,CPT00268,等径三通,SCH60,SS,BW,022Cr19Ni10,1916T3017,ASME B16.9,RCC-M 3,QA2,"16""",,个,207.93,KG,
,CPT00269,等径三通,SCH10S,SS,BW,022Cr17Ni12Mo2,1916T3023,ASME B16.9,NA,QNCa,"16""",,个,59,KG,
,CPT00270,等径三通,SCH10S,SS,BW,022Cr19Ni10,1916T3023,ASME B16.9,NA,QNCa,"16""",,个,59,KG,
,CPT00271,等径三通,SCH20,SS,BW,20,1916T3025,ASME B16.9,NA,QNCa,"16""",,个,78.2,KG,
,CPT00272,等径三通,SCH140,SS,BW,026Cr18Ni12Mo2N,1916T3017,ASME B16.9,RCC-M 1,QA1,"18""",,个,282.5,KG,
,CPT00273,等径三通,SCH20,SS,BW,022Cr19Ni10,1916T3017,ASME B16.9,RCC-M 2,QA1,"18""",,个,102,KG,
,CPT00274,等径三通,SCH10,FS,BW,Q265HR,1916T3021,ASME B16.9,RCC-M 3,QA2,"18""",,个,58,KG,
,CPT00275,等径三通,SCH140,SS,BW,026Cr18Ni12Mo2N,1916T3017,ASME B16.9,RCC-M 1,QA1,"20""",,个,397.8,KG,
,CPT00276,等径三通,SCH10,FS,BW,Q265HR,1916T3021,ASME B16.9,RCC-M 3,QA2,"20""",,个,85,KG,
,CPT00277,等径三通,SCH20,SS,BW,20,1916T3025,ASME B16.9,NA,QNCa,"20""",,个,168,KG,
,CPT00278,等径三通,SCH140,SS,BW,026Cr18Ni12Mo2N,1916T3017,ASME B16.9,RCC-M 1,QA1,"22""",,个,512.7,KG,
,CPT00279,等径三通,SCH10,FS,BW,Q265HR,1916T3021,ASME B16.9,RCC-M 3,QA2,"22""",,个,92,KG,
,CPT00280,等径三通,SCH30,SS,BW,20,1916T3025,ASME B16.9,NA,QNCa,"22""",,个,355,KG,
,CPT00281,等径三通,SCH140,SS,BW,026Cr18Ni12Mo2N,1916T3017,ASME B16.9,RCC-M 1,QA1,"24""",,个,651.1,KG,
,CPT00282,等径三通,SCH10,FS,BW,Q265HR,1916T3021,ASME B16.9,RCC-M 3,QA2,"24""",,个,138,KG,
,CPT00283,等径三通,SCH10,FS,BW,Q265HR,1916T3021,ASME B16.9,RCC-M 3,QA2,"26""",,个,240,KG,
,CPT00284,等径三通,SCH10,FS,BW,Q265HR,1916T3021,ASME B16.9,RCC-M 3,QA2,"28""",,个,280,KG,
,CPT00285,等径三通,SCH10,FS,BW,Q265HR,1916T3021,ASME B16.9,RCC-M 3,QA2,"30""",,个,322,KG,
,CPT00286,等径三通,9.52mm,FS,BW,Q265HR,1916T3021,ASME B16.9,RCC-M 3,QA2,"32""",,个,451,KG,
,CPT00287,等径三通,9.52mm,FS,BW,Q265HR,1916T3021,ASME B16.9,RCC-M 3,QA2,"34""",,个,516,KG,
,CPT00288,等径三通,9.52mm,FS,BW,Q265HR,1916T3021,ASME B16.9,RCC-M 3,QA2,"36""",,个,587.5,KG,
,CPT00290,异径三通,CL6000,FO,SW,022Cr19Ni10,1916T3038,ASME B16.11,RCC-M 2,QA1,"1/2""x1/4""",,个,,KG,
,CPT00291,异径三通,CL6000,FO,SW,022Cr19Ni10,1916T3038,ASME B16.11,RCC-M 2,QA1,"1/2""x3/8""",,个,,KG,
,CPT00292,异径三通,CL6000,FO,SW,022Cr19Ni10,1916T3038,ASME B16.11,RCC-M 2,QA1,"3/4""x3/8""",,个,,KG,
,CPT00293,异径三通,CL6000,FO,SW,022Cr19Ni10,1916T3038,ASME B16.11,RCC-M 2,QA1,"3/4""x1/2""",,个,,KG,
,CPT00294,异径三通,CL6000,FO,SW,022Cr19Ni10,1916T3038,ASME B16.11,RCC-M 2,QA1,"1""x1/2""",,个,,KG,
,CPT00295,异径三通,CL6000,FO,SW,022Cr19Ni10,1916T3038,ASME B16.11,RCC-M 2,QA1,"1""x3/4""",,个,,KG,
,CPT00296,异径三通,CL6000,FO,SW,022Cr19Ni10,1916T3038,ASME B16.11,RCC-M 2,QA1,"1-1/4""x1/2""",,个,,KG,
,CPT00297,异径三通,CL6000,FO,SW,022Cr19Ni10,1916T3038,ASME B16.11,RCC-M 2,QA1,"1-1/4""x3/4""",,个,,KG,
,CPT00298,异径三通,CL6000,FO,SW,022Cr19Ni10,1916T3038,ASME B16.11,RCC-M 2,QA1,"1-1/4""x1""",,个,,KG,
,CPT00299,异径三通,SCH160xSCH160,SS,BW,022Cr19Ni10,1916T3017,ASME B16.9,RCC-M 1,QA1,"1-1/2""x1/2""",,个,1.25,KG,
,CPT00300,异径三通,CL6000,FO,SW,022Cr19Ni10,1916T3038,ASME B16.11,RCC-M 2,QA1,"1-1/2""x1/2""",,个,,KG,
,CPT00301,异径三通,SCH160xSCH160,SS,BW,022Cr19Ni10,1916T3017,ASME B16.9,RCC-M 1,QA1,"1-1/2""x3/4""",,个,1.19,KG,
,CPT00302,异径三通,CL6000,FO,SW,022Cr19Ni10,1916T3038,ASME B16.11,RCC-M 2,QA1,"1-1/2""x3/4""",,个,,KG,
,CPT00303,异径三通,SCH160xSCH160,SS,BW,022Cr19Ni10,1916T3017,ASME B16.9,RCC-M 1,QA1,"1-1/2""x1""",,个,1.25,KG,
,CPT00304,异径三通,CL6000,FO,SW,022Cr19Ni10,1916T3038,ASME B16.11,RCC-M 2,QA1,"1-1/2""x1""",,个,,KG,
,CPT00305,异径三通,SCH160xSCH160,SS,BW,022Cr19Ni10,1916T3017,ASME B16.9,RCC-M 1,QA1,"1-1/2""x1-1/4""",,个,1.25,KG,
,CPT00306,异径三通,CL6000,FO,SW,022Cr19Ni10,1916T3038,ASME B16.11,RCC-M 2,QA1,"1-1/2""x1-1/4""",,个,,KG,
,CPT00307,异径三通,SCH160xSCH160,SS,BW,022Cr19Ni10,1916T3017,ASME B16.9,RCC-M 1,QA1,"2""x3/4""",,个,2.16,KG,
,CPT00308,异径三通,CL6000,FO,SW,022Cr19Ni10,1916T3038,ASME B16.11,RCC-M 2,QA1,"2""x3/4""",,个,,KG,
,CPT00309,异径三通,SCH160xSCH160,SS,BW,022Cr19Ni10,1916T3017,ASME B16.9,RCC-M 1,QA1,"2""x1""",,个,2.19,KG,
,CPT00310,异径三通,CL6000,FO,SW,022Cr19Ni10,1916T3038,ASME B16.11,RCC-M 2,QA1,"2""x1""",,个,,KG,
,CPT00311,异径三通,SCH160xSCH160,SS,BW,022Cr19Ni10,1916T3017,ASME B16.9,RCC-M 1,QA1,"2""x1-1/4""",,个,2.23,KG,
,CPT00312,异径三通,CL6000,FO,SW,022Cr19Ni10,1916T3038,ASME B16.11,RCC-M 2,QA1,"2""x1-1/4""",,个,,KG,
,CPT00313,异径三通,SCH160xSCH160,SS,BW,022Cr19Ni10,1916T3017,ASME B16.9,RCC-M 1,QA1,"2""x1-1/2""",,个,2.27,KG,
,CPT00314,异径三通,CL6000,FO,SW,022Cr19Ni10,1916T3038,ASME B16.11,RCC-M 2,QA1,"2""x1-1/2""",,个,,KG,
,CPT00315,异径三通,SCH160xSCH160,SS,BW,022Cr19Ni10,1916T3017,ASME B16.9,RCC-M 1,QA1,"2-1/2""x1""",,个,3.27,KG,
,CPT00316,异径三通,3.18mmxSCH40,SS,BW,20,1916T3019,ASME B16.9,RCC-M 2,QA1,"2-1/2""x1""",,个,3.4,KG,
,CPT00317,异径三通,SCH10SxSCH10S,SS,BW,022Cr19Ni10,1916T3017,ASME B16.9,RCC-M 2,QA1,"2-1/2""x1""",,个,1.15,KG,
,CPT00318,异径三通,SCH160xSCH160,SS,BW,P280GH,1916T3019,ASME B16.9,RCC-M 2,QA1,"2-1/2""x1""",,个,3.27,KG,
,CPT00319,异径三通,SCH40xSCH40,SS,BW,20,1916T3019,ASME B16.9,RCC-M 2,QA1,"2-1/2""x1""",,个,1.96,KG,
,CPT00320,异径三通,SCH40SxSCH40S,SS,BW,022Cr19Ni10,1916T3017,ASME B16.9,RCC-M 2,QA1,"2-1/2""x1""",,个,1.87,KG,
,CPT00321,异径三通,SCH80xSCH80,SS,BW,20,1916T3019,ASME B16.9,RCC-M 2,QA1,"2-1/2""x1""",,个,3.37,KG,
,CPT00322,异径三通,SCH80xSCH80,SS,BW,P280GH,1916T3019,ASME B16.9,RCC-M 2,QA1,"2-1/2""x1""",,个,3.37,KG,
,CPT00323,异径三通,SCH80SxSCH80S,SS,BW,022Cr19Ni10,1916T3017,ASME B16.9,RCC-M 2,QA1,"2-1/2""x1""",,个,2.65,KG,
,CPT00324,异径三通,3.18mmxSCH40,SS,BW,20,1916T3019,ASME B16.9,RCC-M 3,QA2,"2-1/2""x1""",,个,,KG,
,CPT00325,异径三通,SCH10SxSCH10S,SS,BW,022Cr19Ni10,1916T3017,ASME B16.9,RCC-M 3,QA2,"2-1/2""x1""",,个,1.15,KG,
,CPT00326,异径三通,SCH40xSCH40,SS,BW,20,1916T3019,ASME B16.9,RCC-M 3,QA2,"2-1/2""x1""",,个,1.96,KG,
,CPT00327,异径三通,SCH40SxSCH40S,SS,BW,022Cr19Ni10,1916T3017,ASME B16.9,RCC-M 3,QA2,"2-1/2""x1""",,个,1.87,KG,
,CPT00328,异径三通,3.18mmxSCH40,SS,BW,20,1916T3025,ASME B16.9,NA,QNCa,"2-1/2""x1""",,个,,KG,
,CPT00329,异径三通,SCH10SxSCH10S,SS,BW,022Cr17Ni12Mo2,1916T3023,ASME B16.9,NA,QNCa,"2-1/2""x1""",,个,1.15,KG,
,CPT00330,异径三通,SCH10SxSCH10S,SS,BW,022Cr19Ni10,1916T3023,ASME B16.9,NA,QNCa,"2-1/2""x1""",,个,1.15,KG,
,CPT00331,异径三通,SCH160xSCH160,SS,BW,022Cr19Ni10,1916T3017,ASME B16.9,RCC-M 1,QA1,"2-1/2""x1-1/4""",,个,3.3,KG,
,CPT00332,异径三通,3.18mmxSCH40,SS,BW,20,1916T3019,ASME B16.9,RCC-M 2,QA1,"2-1/2""x1-1/4""",,个,,KG,
,CPT00333,异径三通,SCH10SxSCH10S,SS,BW,022Cr19Ni10,1916T3017,ASME B16.9,RCC-M 2,QA1,"2-1/2""x1-1/4""",,个,1.17,KG,
,CPT00334,异径三通,SCH160xSCH160,SS,BW,P280GH,1916T3019,ASME B16.9,RCC-M 2,QA1,"2-1/2""x1-1/4""",,个,3.3,KG,
,CPT00335,异径三通,SCH40xSCH40,SS,BW,20,1916T3019,ASME B16.9,RCC-M 2,QA1,"2-1/2""x1-1/4""",,个,1.99,KG,
,CPT00336,异径三通,SCH40SxSCH40S,SS,BW,022Cr19Ni10,1916T3017,ASME B16.9,RCC-M 2,QA1,"2-1/2""x1-1/4""",,个,1.89,KG,
,CPT00337,异径三通,SCH80xSCH80,SS,BW,20,1916T3019,ASME B16.9,RCC-M 2,QA1,"2-1/2""x1-1/4""",,个,3.37,KG,
,CPT00338,异径三通,SCH80xSCH80,SS,BW,P280GH,1916T3019,ASME B16.9,RCC-M 2,QA1,"2-1/2""x1-1/4""",,个,3.37,KG,
,CPT00339,异径三通,SCH80SxSCH80S,SS,BW,022Cr19Ni10,1916T3017,ASME B16.9,RCC-M 2,QA1,"2-1/2""x1-1/4""",,个,2.7,KG,
,CPT00340,异径三通,3.18mmxSCH40,SS,BW,20,1916T3019,ASME B16.9,RCC-M 3,QA2,"2-1/2""x1-1/4""",,个,,KG,
,CPT00341,异径三通,SCH10SxSCH10S,SS,BW,022Cr19Ni10,1916T3017,ASME B16.9,RCC-M 3,QA2,"2-1/2""x1-1/4""",,个,1.17,KG,
,CPT00342,异径三通,SCH40xSCH40,SS,BW,20,1916T3019,ASME B16.9,RCC-M 3,QA2,"2-1/2""x1-1/4""",,个,1.99,KG,
,CPT00343,异径三通,SCH40SxSCH40S,SS,BW,022Cr19Ni10,1916T3017,ASME B16.9,RCC-M 3,QA2,"2-1/2""x1-1/4""",,个,1.89,KG,
,CPT00344,异径三通,3.18mmxSCH40,SS,BW,20,1916T3025,ASME B16.9,NA,QNCa,"2-1/2""x1-1/4""",,个,,KG,
,CPT00345,异径三通,SCH10SxSCH10S,SS,BW,022Cr17Ni12Mo2,1916T3023,ASME B16.9,NA,QNCa,"2-1/2""x1-1/4""",,个,1.17,KG,
,CPT00346,异径三通,SCH10SxSCH10S,SS,BW,022Cr19Ni10,1916T3023,ASME B16.9,NA,QNCa,"2-1/2""x1-1/4""",,个,1.17,KG,
,CPT00347,异径三通,SCH160xSCH160,SS,BW,022Cr19Ni10,1916T3017,ASME B16.9,RCC-M 1,QA1,"2-1/2""x1-1/2""",,个,3.35,KG,
,CPT00348,异径三通,3.18mmxSCH40,SS,BW,20,1916T3019,ASME B16.9,RCC-M 2,QA1,"2-1/2""x1-1/2""",,个,,KG,
,CPT00349,异径三通,SCH10SxSCH10S,SS,BW,022Cr19Ni10,1916T3017,ASME B16.9,RCC-M 2,QA1,"2-1/2""x1-1/2""",,个,1.19,KG,
,CPT00350,异径三通,SCH160xSCH160,SS,BW,P280GH,1916T3019,ASME B16.9,RCC-M 2,QA1,"2-1/2""x1-1/2""",,个,3.35,KG,
,CPT00351,异径三通,SCH40xSCH40,SS,BW,20,1916T3019,ASME B16.9,RCC-M 2,QA1,"2-1/2""x1-1/2""",,个,2.04,KG,
,CPT00352,异径三通,SCH40SxSCH40S,SS,BW,022Cr19Ni10,1916T3017,ASME B16.9,RCC-M 2,QA1,"2-1/2""x1-1/2""",,个,1.93,KG,
,CPT00353,异径三通,SCH80xSCH80,SS,BW,20,1916T3019,ASME B16.9,RCC-M 2,QA1,"2-1/2""x1-1/2""",,个,3.37,KG,
,CPT00354,异径三通,SCH80xSCH80,SS,BW,P280GH,1916T3019,ASME B16.9,RCC-M 2,QA1,"2-1/2""x1-1/2""",,个,3.37,KG,
,CPT00355,异径三通,SCH80SxSCH80S,SS,BW,022Cr19Ni10,1916T3017,ASME B16.9,RCC-M 2,QA1,"2-1/2""x1-1/2""",,个,2.75,KG,
,CPT00356,异径三通,3.18mmxSCH40,SS,BW,20,1916T3019,ASME B16.9,RCC-M 3,QA2,"2-1/2""x1-1/2""",,个,,KG,
,CPT00357,异径三通,SCH10SxSCH10S,SS,BW,022Cr19Ni10,1916T3017,ASME B16.9,RCC-M 3,QA2,"2-1/2""x1-1/2""",,个,1.19,KG,
,CPT00358,异径三通,SCH40xSCH40,SS,BW,20,1916T3019,ASME B16.9,RCC-M 3,QA2,"2-1/2""x1-1/2""",,个,2.04,KG,
,CPT00359,异径三通,SCH40SxSCH40S,SS,BW,022Cr19Ni10,1916T3017,ASME B16.9,RCC-M 3,QA2,"2-1/2""x1-1/2""",,个,1.93,KG,
,CPT00360,异径三通,3.18mmxSCH40,SS,BW,20,1916T3025,ASME B16.9,NA,QNCa,"2-1/2""x1-1/2""",,个,,KG,
,CPT00361,异径三通,SCH10SxSCH10S,SS,BW,022Cr17Ni12Mo2,1916T3023,ASME B16.9,NA,QNCa,"2-1/2""x1-1/2""",,个,1.19,KG,
,CPT00362,异径三通,SCH10SxSCH10S,SS,BW,022Cr19Ni10,1916T3023,ASME B16.9,NA,QNCa,"2-1/2""x1-1/2""",,个,1.185,KG,
,CPT00363,异径三通,SCH160xSCH160,SS,BW,022Cr19Ni10,1916T3017,ASME B16.9,RCC-M 1,QA1,"2-1/2""x2""",,个,3.45,KG,
,CPT00364,异径三通,3.18mmx3.18mm,SS,BW,20,1916T3019,ASME B16.9,RCC-M 2,QA1,"2-1/2""x2""",,个,,KG,
,CPT00365,异径三通,SCH10SxSCH10S,SS,BW,022Cr19Ni10,1916T3017,ASME B16.9,RCC-M 2,QA1,"2-1/2""x2""",,个,1.21,KG,
,CPT00366,异径三通,SCH160xSCH160,SS,BW,P280GH,1916T3019,ASME B16.9,RCC-M 2,QA1,"2-1/2""x2""",,个,3.45,KG,
,CPT00367,异径三通,SCH40xSCH40,SS,BW,20,1916T3019,ASME B16.9,RCC-M 2,QA1,"2-1/2""x2""",,个,2.08,KG,
,CPT00368,异径三通,SCH40SxSCH40S,SS,BW,022Cr19Ni10,1916T3017,ASME B16.9,RCC-M 2,QA1,"2-1/2""x2""",,个,1.98,KG,
,CPT00369,异径三通,SCH80xSCH80,SS,BW,20,1916T3019,ASME B16.9,RCC-M 2,QA1,"2-1/2""x2""",,个,3.37,KG,
,CPT00370,异径三通,SCH80xSCH80,SS,BW,P280GH,1916T3019,ASME B16.9,RCC-M 2,QA1,"2-1/2""x2""",,个,3.37,KG,
,CPT00371,异径三通,SCH80SxSCH80S,SS,BW,022Cr19Ni10,1916T3017,ASME B16.9,RCC-M 2,QA1,"2-1/2""x2""",,个,2.8,KG,
,CPT00372,异径三通,3.18mmx3.18mm,SS,BW,20,1916T3019,ASME B16.9,RCC-M 3,QA2,"2-1/2""x2""",,个,,KG,
,CPT00373,异径三通,SCH10SxSCH10S,SS,BW,022Cr19Ni10,1916T3017,ASME B16.9,RCC-M 3,QA2,"2-1/2""x2""",,个,1.21,KG,
,CPT00374,异径三通,SCH40xSCH40,SS,BW,20,1916T3019,ASME B16.9,RCC-M 3,QA2,"2-1/2""x2""",,个,2.08,KG,
,CPT00375,异径三通,SCH40SxSCH40S,SS,BW,022Cr19Ni10,1916T3017,ASME B16.9,RCC-M 3,QA2,"2-1/2""x2""",,个,1.98,KG,
,CPT00376,异径三通,3.18mmx3.18mm,SS,BW,20,1916T3025,ASME B16.9,NA,QNCa,"2-1/2""x2""",,个,3.5,KG,
,CPT00377,异径三通,SCH10SxSCH10S,SS,BW,022Cr17Ni12Mo2,1916T3023,ASME B16.9,NA,QNCa,"2-1/2""x2""",,个,1.21,KG,
,CPT00378,异径三通,SCH10SxSCH10S,SS,BW,022Cr19Ni10,1916T3023,ASME B16.9,NA,QNCa,"2-1/2""x2""",,个,1.21,KG,
,CPT00379,异径三通,SCH160xSCH160,SS,BW,022Cr19Ni10,1916T3017,ASME B16.9,RCC-M 1,QA1,"3""x1""",,个,,KG,
,CPT00380,异径三通,3.18mmxSCH40,SS,BW,20,1916T3019,ASME B16.9,RCC-M 2,QA1,"3""x1""",,个,,KG,
,CPT00381,异径三通,SCH10SxSCH10S,SS,BW,022Cr19Ni10,1916T3017,ASME B16.9,RCC-M 2,QA1,"3""x1""",,个,,KG,
,CPT00382,异径三通,SCH160xSCH160,SS,BW,P280GH,1916T3019,ASME B16.9,RCC-M 2,QA1,"3""x1""",,个,,KG,
,CPT00383,异径三通,SCH40xSCH40,SS,BW,20,1916T3019,ASME B16.9,RCC-M 2,QA1,"3""x1""",,个,,KG,
,CPT00384,异径三通,SCH40SxSCH40S,SS,BW,022Cr19Ni10,1916T3017,ASME B16.9,RCC-M 2,QA1,"3""x1""",,个,,KG,
,CPT00385,异径三通,SCH80xSCH80,SS,BW,20,1916T3019,ASME B16.9,RCC-M 2,QA1,"3""x1""",,个,,KG,
,CPT00386,异径三通,SCH80xSCH80,SS,BW,P280GH,1916T3019,ASME B16.9,RCC-M 2,QA1,"3""x1""",,个,,KG,
,CPT00387,异径三通,SCH80SxSCH80S,SS,BW,022Cr19Ni10,1916T3017,ASME B16.9,RCC-M 2,QA1,"3""x1""",,个,,KG,
,CPT00388,异径三通,3.18mmxSCH40,SS,BW,20,1916T3019,ASME B16.9,RCC-M 3,QA2,"3""x1""",,个,,KG,
,CPT00389,异径三通,SCH10SxSCH10S,SS,BW,022Cr19Ni10,1916T3017,ASME B16.9,RCC-M 3,QA2,"3""x1""",,个,,KG,
,CPT00390,异径三通,SCH40xSCH40,SS,BW,20,1916T3019,ASME B16.9,RCC-M 3,QA2,"3""x1""",,个,,KG,
,CPT00391,异径三通,SCH40SxSCH40S,SS,BW,022Cr19Ni10,1916T3017,ASME B16.9,RCC-M 3,QA2,"3""x1""",,个,,KG,
,CPT00392,异径三通,3.18mmxSCH40,SS,BW,20,1916T3025,ASME B16.9,NA,QNCa,"3""x1""",,个,,KG,
,CPT00393,异径三通,SCH10SxSCH10S,SS,BW,022Cr17Ni12Mo2,1916T3023,ASME B16.9,NA,QNCa,"3""x1""",,个,,KG,
,CPT00394,异径三通,SCH10SxSCH10S,SS,BW,022Cr19Ni10,1916T3023,ASME B16.9,NA,QNCa,"3""x1""",,个,1.58,KG,
,CPT00395,异径三通,SCH160xSCH160,SS,BW,022Cr19Ni10,1916T3017,ASME B16.9,RCC-M 1,QA1,"3""x1-1/4""",,个,5.4,KG,
,CPT00396,异径三通,3.18mmxSCH40,SS,BW,20,1916T3019,ASME B16.9,RCC-M 2,QA1,"3""x1-1/4""",,个,,KG,
,CPT00397,异径三通,SCH10SxSCH10S,SS,BW,022Cr19Ni10,1916T3017,ASME B16.9,RCC-M 2,QA1,"3""x1-1/4""",,个,1.57,KG,
,CPT00398,异径三通,SCH160xSCH160,SS,BW,P280GH,1916T3019,ASME B16.9,RCC-M 2,QA1,"3""x1-1/4""",,个,5.4,KG,
,CPT00399,异径三通,SCH40xSCH40,SS,BW,20,1916T3019,ASME B16.9,RCC-M 2,QA1,"3""x1-1/4""",,个,2.88,KG,
,CPT00400,异径三通,SCH40SxSCH40S,SS,BW,022Cr19Ni10,1916T3017,ASME B16.9,RCC-M 2,QA1,"3""x1-1/4""",,个,2.8,KG,
,CPT00401,异径三通,SCH80xSCH80,SS,BW,20,1916T3019,ASME B16.9,RCC-M 2,QA1,"3""x1-1/4""",,个,4.25,KG,
,CPT00402,异径三通,SCH80xSCH80,SS,BW,P280GH,1916T3019,ASME B16.9,RCC-M 2,QA1,"3""x1-1/4""",,个,4.25,KG,
,CPT00403,异径三通,SCH80SxSCH80S,SS,BW,022Cr19Ni10,1916T3017,ASME B16.9,RCC-M 2,QA1,"3""x1-1/4""",,个,3.8,KG,
,CPT00404,异径三通,3.18mmxSCH40,SS,BW,20,1916T3019,ASME B16.9,RCC-M 3,QA2,"3""x1-1/4""",,个,,KG,
,CPT00405,异径三通,SCH10SxSCH10S,SS,BW,022Cr19Ni10,1916T3017,ASME B16.9,RCC-M 3,QA2,"3""x1-1/4""",,个,1.57,KG,
,CPT00406,异径三通,SCH40xSCH40,SS,BW,20,1916T3019,ASME B16.9,RCC-M 3,QA2,"3""x1-1/4""",,个,2.88,KG,
,CPT00407,异径三通,SCH40SxSCH40S,SS,BW,022Cr19Ni10,1916T3017,ASME B16.9,RCC-M 3,QA2,"3""x1-1/4""",,个,2.8,KG,
,CPT00408,异径三通,3.18mmxSCH40,SS,BW,20,1916T3025,ASME B16.9,NA,QNCa,"3""x1-1/4""",,个,,KG,
,CPT00409,异径三通,SCH10SxSCH10S,SS,BW,022Cr17Ni12Mo2,1916T3023,ASME B16.9,NA,QNCa,"3""x1-1/4""",,个,1.57,KG,
,CPT00410,异径三通,SCH10SxSCH10S,SS,BW,022Cr19Ni10,1916T3023,ASME B16.9,NA,QNCa,"3""x1-1/4""",,个,1.57,KG,
,CPT00411,异径三通,SCH160xSCH160,SS,BW,022Cr19Ni10,1916T3017,ASME B16.9,RCC-M 1,QA1,"3""x1-1/2""",,个,5.5,KG,
,CPT00412,异径三通,3.18mmxSCH40,SS,BW,20,1916T3019,ASME B16.9,RCC-M 2,QA1,"3""x1-1/2""",,个,,KG,
,CPT00413,异径三通,SCH10SxSCH10S,SS,BW,022Cr19Ni10,1916T3017,ASME B16.9,RCC-M 2,QA1,"3""x1-1/2""",,个,1.6,KG,
,CPT00414,异径三通,SCH160xSCH160,SS,BW,P280GH,1916T3019,ASME B16.9,RCC-M 2,QA1,"3""x1-1/2""",,个,5.5,KG,
,CPT00415,异径三通,SCH40xSCH40,SS,BW,20,1916T3019,ASME B16.9,RCC-M 2,QA1,"3""x1-1/2""",,个,2.88,KG,
,CPT00416,异径三通,SCH40SxSCH40S,SS,BW,022Cr19Ni10,1916T3017,ASME B16.9,RCC-M 2,QA1,"3""x1-1/2""",,个,2.85,KG,
,CPT00417,异径三通,SCH80xSCH80,SS,BW,20,1916T3019,ASME B16.9,RCC-M 2,QA1,"3""x1-1/2""",,个,4.25,KG,
,CPT00418,异径三通,SCH80xSCH80,SS,BW,P280GH,1916T3019,ASME B16.9,RCC-M 2,QA1,"3""x1-1/2""",,个,4.25,KG,
,CPT00419,异径三通,SCH80SxSCH80S,SS,BW,022Cr19Ni10,1916T3017,ASME B16.9,RCC-M 2,QA1,"3""x1-1/2""",,个,3.85,KG,
,CPT00420,异径三通,3.18mmxSCH40,SS,BW,20,1916T3019,ASME B16.9,RCC-M 3,QA2,"3""x1-1/2""",,个,,KG,
,CPT00421,异径三通,SCH10SxSCH10S,SS,BW,022Cr19Ni10,1916T3017,ASME B16.9,RCC-M 3,QA2,"3""x1-1/2""",,个,1.6,KG,
,CPT00422,异径三通,SCH40xSCH40,SS,BW,20,1916T3019,ASME B16.9,RCC-M 3,QA2,"3""x1-1/2""",,个,2.88,KG,
,CPT00423,异径三通,SCH40SxSCH40S,SS,BW,022Cr19Ni10,1916T3017,ASME B16.9,RCC-M 3,QA2,"3""x1-1/2""",,个,2.85,KG,
,CPT00424,异径三通,3.18mmxSCH40,SS,BW,20,1916T3025,ASME B16.9,NA,QNCa,"3""x1-1/2""",,个,2.9,KG,
,CPT00425,异径三通,SCH10SxSCH10S,SS,BW,022Cr17Ni12Mo2,1916T3023,ASME B16.9,NA,QNCa,"3""x1-1/2""",,个,1.6,KG,
,CPT00426,异径三通,SCH10SxSCH10S,SS,BW,022Cr19Ni10,1916T3023,ASME B16.9,NA,QNCa,"3""x1-1/2""",,个,1.605,KG,
,CPT00427,异径三通,SCH160xSCH160,SS,BW,022Cr19Ni10,1916T3017,ASME B16.9,RCC-M 1,QA1,"3""x2""",,个,5.5,KG,
,CPT00428,异径三通,3.18mmx3.18mm,SS,BW,20,1916T3019,ASME B16.9,RCC-M 2,QA1,"3""x2""",,个,,KG,
,CPT00429,异径三通,SCH10SxSCH10S,SS,BW,022Cr19Ni10,1916T3017,ASME B16.9,RCC-M 2,QA1,"3""x2""",,个,1.65,KG,
,CPT00430,异径三通,SCH160xSCH160,SS,BW,P280GH,1916T3019,ASME B16.9,RCC-M 2,QA1,"3""x2""",,个,5.5,KG,
,CPT00431,异径三通,SCH40xSCH40,SS,BW,20,1916T3019,ASME B16.9,RCC-M 2,QA1,"3""x2""",,个,2.9,KG,
,CPT00432,异径三通,SCH40SxSCH40S,SS,BW,022Cr19Ni10,1916T3017,ASME B16.9,RCC-M 2,QA1,"3""x2""",,个,2.9,KG,
,CPT00433,异径三通,SCH80xSCH80,SS,BW,20,1916T3019,ASME B16.9,RCC-M 2,QA1,"3""x2""",,个,4.25,KG,
,CPT00434,异径三通,SCH80xSCH80,SS,BW,P280GH,1916T3019,ASME B16.9,RCC-M 2,QA1,"3""x2""",,个,6.5,KG,
,CPT00435,异径三通,SCH80SxSCH80S,SS,BW,022Cr19Ni10,1916T3017,ASME B16.9,RCC-M 2,QA1,"3""x2""",,个,3.9,KG,
,CPT00436,异径三通,3.18mmx3.18mm,SS,BW,20,1916T3019,ASME B16.9,RCC-M 3,QA2,"3""x2""",,个,,KG,
,CPT00437,异径三通,SCH10SxSCH10S,SS,BW,022Cr19Ni10,1916T3017,ASME B16.9,RCC-M 3,QA2,"3""x2""",,个,1.65,KG,
,CPT00438,异径三通,SCH40xSCH40,SS,BW,20,1916T3019,ASME B16.9,RCC-M 3,QA2,"3""x2""",,个,2.9,KG,
,CPT00439,异径三通,SCH40SxSCH40S,SS,BW,022Cr19Ni10,1916T3017,ASME B16.9,RCC-M 3,QA2,"3""x2""",,个,2.9,KG,
,CPT00440,异径三通,3.18mmx3.18mm,SS,BW,20,1916T3025,ASME B16.9,NA,QNCa,"3""x2""",,个,2.9,KG,
,CPT00441,异径三通,SCH10SxSCH10S,SS,BW,022Cr17Ni12Mo2,1916T3023,ASME B16.9,NA,QNCa,"3""x2""",,个,1.65,KG,
,CPT00442,异径三通,SCH10SxSCH10S,SS,BW,022Cr19Ni10,1916T3023,ASME B16.9,NA,QNCa,"3""x2""",,个,1.625,KG,
,CPT00443,异径三通,SCH160xSCH160,SS,BW,022Cr19Ni10,1916T3017,ASME B16.9,RCC-M 1,QA1,"3""x2-1/2""",,个,5.6,KG,
,CPT00444,异径三通,3.18mmx3.18mm,SS,BW,20,1916T3019,ASME B16.9,RCC-M 2,QA1,"3""x2-1/2""",,个,,KG,
,CPT00445,异径三通,SCH10SxSCH10S,SS,BW,022Cr19Ni10,1916T3017,ASME B16.9,RCC-M 2,QA1,"3""x2-1/2""",,个,1.7,KG,
,CPT00446,异径三通,SCH160xSCH160,SS,BW,P280GH,1916T3019,ASME B16.9,RCC-M 2,QA1,"3""x2-1/2""",,个,5.6,KG,
,CPT00447,异径三通,SCH40xSCH40,SS,BW,20,1916T3019,ASME B16.9,RCC-M 2,QA1,"3""x2-1/2""",,个,3,KG,
,CPT00448,异径三通,SCH40SxSCH40S,SS,BW,022Cr19Ni10,1916T3017,ASME B16.9,RCC-M 2,QA1,"3""x2-1/2""",,个,3,KG,
,CPT00449,异径三通,SCH80xSCH80,SS,BW,20,1916T3019,ASME B16.9,RCC-M 2,QA1,"3""x2-1/2""",,个,4.25,KG,
,CPT00450,异径三通,SCH80xSCH80,SS,BW,P280GH,1916T3019,ASME B16.9,RCC-M 2,QA1,"3""x2-1/2""",,个,4.25,KG,
,CPT00451,异径三通,SCH80SxSCH80S,SS,BW,022Cr19Ni10,1916T3017,ASME B16.9,RCC-M 2,QA1,"3""x2-1/2""",,个,4,KG,
,CPT00452,异径三通,3.18mmx3.18mm,SS,BW,20,1916T3019,ASME B16.9,RCC-M 3,QA2,"3""x2-1/2""",,个,,KG,
,CPT00453,异径三通,SCH10SxSCH10S,SS,BW,022Cr19Ni10,1916T3017,ASME B16.9,RCC-M 3,QA2,"3""x2-1/2""",,个,1.7,KG,
,CPT00454,异径三通,SCH40xSCH40,SS,BW,20,1916T3019,ASME B16.9,RCC-M 3,QA2,"3""x2-1/2""",,个,3,KG,
,CPT00455,异径三通,SCH40SxSCH40S,SS,BW,022Cr19Ni10,1916T3017,ASME B16.9,RCC-M 3,QA2,"3""x2-1/2""",,个,3,KG,
,CPT00456,异径三通,3.18mmx3.18mm,SS,BW,20,1916T3025,ASME B16.9,NA,QNCa,"3""x2-1/2""",,个,3,KG,
,CPT00457,异径三通,SCH10SxSCH10S,SS,BW,022Cr17Ni12Mo2,1916T3023,ASME B16.9,NA,QNCa,"3""x2-1/2""",,个,1.7,KG,
,CPT00458,异径三通,SCH10SxSCH10S,SS,BW,022Cr19Ni10,1916T3023,ASME B16.9,NA,QNCa,"3""x2-1/2""",,个,1.685,KG,
,CPT00459,异径三通,SCH160xSCH160,SS,BW,022Cr19Ni10,1916T3017,ASME B16.9,RCC-M 1,QA1,"3-1/2""x1-1/2""",,个,,KG,
,CPT00460,异径三通,SCH10SxSCH10S,SS,BW,022Cr19Ni10,1916T3017,ASME B16.9,RCC-M 2,QA1,"3-1/2""x1-1/2""",,个,2,KG,
,CPT00461,异径三通,SCH160xSCH160,SS,BW,P280GH,1916T3019,ASME B16.9,RCC-M 2,QA1,"3-1/2""x1-1/2""",,个,,KG,
,CPT00462,异径三通,SCH40xSCH40,SS,BW,20,1916T3019,ASME B16.9,RCC-M 2,QA1,"3-1/2""x1-1/2""",,个,3.85,KG,
,CPT00463,异径三通,SCH40SxSCH40S,SS,BW,022Cr19Ni10,1916T3017,ASME B16.9,RCC-M 2,QA1,"3-1/2""x1-1/2""",,个,3.45,KG,
,CPT00464,异径三通,SCH80xSCH80,SS,BW,20,1916T3019,ASME B16.9,RCC-M 2,QA1,"3-1/2""x1-1/2""",,个,6.52,KG,
,CPT00465,异径三通,SCH80xSCH80,SS,BW,P280GH,1916T3019,ASME B16.9,RCC-M 2,QA1,"3-1/2""x1-1/2""",,个,6.52,KG,
,CPT00466,异径三通,SCH80SxSCH80S,SS,BW,022Cr19Ni10,1916T3017,ASME B16.9,RCC-M 2,QA1,"3-1/2""x1-1/2""",,个,4.6,KG,
,CPT00467,异径三通,SCH10SxSCH10S,SS,BW,022Cr19Ni10,1916T3017,ASME B16.9,RCC-M 3,QA2,"3-1/2""x1-1/2""",,个,2,KG,
,CPT00468,异径三通,SCH40xSCH40,SS,BW,20,1916T3019,ASME B16.9,RCC-M 3,QA2,"3-1/2""x1-1/2""",,个,3.85,KG,
,CPT00469,异径三通,SCH40SxSCH40S,SS,BW,022Cr19Ni10,1916T3017,ASME B16.9,RCC-M 3,QA2,"3-1/2""x1-1/2""",,个,3.45,KG,
,CPT00470,异径三通,SCH10SxSCH10S,SS,BW,022Cr17Ni12Mo2,1916T3023,ASME B16.9,NA,QNCa,"3-1/2""x1-1/2""",,个,2,KG,
,CPT00471,异径三通,SCH10SxSCH10S,SS,BW,022Cr19Ni10,1916T3023,ASME B16.9,NA,QNCa,"3-1/2""x1-1/2""",,个,2,KG,
,CPT00472,异径三通,SCH160xSCH160,SS,BW,022Cr19Ni10,1916T3017,ASME B16.9,RCC-M 1,QA1,"3-1/2""x2""",,个,,KG,
,CPT00473,异径三通,SCH10SxSCH10S,SS,BW,022Cr19Ni10,1916T3017,ASME B16.9,RCC-M 2,QA1,"3-1/2""x2""",,个,2.05,KG,
,CPT00474,异径三通,SCH160xSCH160,SS,BW,P280GH,1916T3019,ASME B16.9,RCC-M 2,QA1,"3-1/2""x2""",,个,,KG,
,CPT00475,异径三通,SCH40xSCH40,SS,BW,20,1916T3019,ASME B16.9,RCC-M 2,QA1,"3-1/2""x2""",,个,3.85,KG,
,CPT00476,异径三通,SCH40SxSCH40S,SS,BW,022Cr19Ni10,1916T3017,ASME B16.9,RCC-M 2,QA1,"3-1/2""x2""",,个,3.5,KG,
,CPT00477,异径三通,SCH80xSCH80,SS,BW,20,1916T3019,ASME B16.9,RCC-M 2,QA1,"3-1/2""x2""",,个,6.52,KG,
,CPT00478,异径三通,SCH80xSCH80,SS,BW,P280GH,1916T3019,ASME B16.9,RCC-M 2,QA1,"3-1/2""x2""",,个,6.52,KG,
,CPT00479,异径三通,SCH80SxSCH80S,SS,BW,022Cr19Ni10,1916T3017,ASME B16.9,RCC-M 2,QA1,"3-1/2""x2""",,个,4.7,KG,
,CPT00480,异径三通,SCH10SxSCH10S,SS,BW,022Cr19Ni10,1916T3017,ASME B16.9,RCC-M 3,QA2,"3-1/2""x2""",,个,2.05,KG,
,CPT00481,异径三通,SCH40xSCH40,SS,BW,20,1916T3019,ASME B16.9,RCC-M 3,QA2,"3-1/2""x2""",,个,3.85,KG,
,CPT00482,异径三通,SCH40SxSCH40S,SS,BW,022Cr19Ni10,1916T3017,ASME B16.9,RCC-M 3,QA2,"3-1/2""x2""",,个,3.5,KG,
,CPT00483,异径三通,SCH10SxSCH10S,SS,BW,022Cr17Ni12Mo2,1916T3023,ASME B16.9,NA,QNCa,"3-1/2""x2""",,个,2.05,KG,
,CPT00484,异径三通,SCH10SxSCH10S,SS,BW,022Cr19Ni10,1916T3023,ASME B16.9,NA,QNCa,"3-1/2""x2""",,个,2.05,KG,
,CPT00485,异径三通,SCH160xSCH160,SS,BW,022Cr19Ni10,1916T3017,ASME B16.9,RCC-M 1,QA1,"3-1/2""x2-1/2""",,个,,KG,
,CPT00486,异径三通,SCH10SxSCH10S,SS,BW,022Cr19Ni10,1916T3017,ASME B16.9,RCC-M 2,QA1,"3-1/2""x2-1/2""",,个,2.1,KG,
,CPT00487,异径三通,SCH160xSCH160,SS,BW,P280GH,1916T3019,ASME B16.9,RCC-M 2,QA1,"3-1/2""x2-1/2""",,个,,KG,
,CPT00488,异径三通,SCH40xSCH40,SS,BW,20,1916T3019,ASME B16.9,RCC-M 2,QA1,"3-1/2""x2-1/2""",,个,3.99,KG,
,CPT00489,异径三通,SCH40SxSCH40S,SS,BW,022Cr19Ni10,1916T3017,ASME B16.9,RCC-M 2,QA1,"3-1/2""x2-1/2""",,个,4.05,KG,
,CPT00490,异径三通,SCH80xSCH80,SS,BW,20,1916T3019,ASME B16.9,RCC-M 2,QA1,"3-1/2""x2-1/2""",,个,6.52,KG,
,CPT00491,异径三通,SCH80xSCH80,SS,BW,P280GH,1916T3019,ASME B16.9,RCC-M 2,QA1,"3-1/2""x2-1/2""",,个,6.52,KG,
,CPT00492,异径三通,SCH80SxSCH80S,SS,BW,022Cr19Ni10,1916T3017,ASME B16.9,RCC-M 2,QA1,"3-1/2""x2-1/2""",,个,4.8,KG,
,CPT00493,异径三通,SCH10SxSCH10S,SS,BW,022Cr19Ni10,1916T3017,ASME B16.9,RCC-M 3,QA2,"3-1/2""x2-1/2""",,个,2.1,KG,
,CPT00494,异径三通,SCH40xSCH40,SS,BW,20,1916T3019,ASME B16.9,RCC-M 3,QA2,"3-1/2""x2-1/2""",,个,3.99,KG,
,CPT00495,异径三通,SCH40SxSCH40S,SS,BW,022Cr19Ni10,1916T3017,ASME B16.9,RCC-M 3,QA2,"3-1/2""x2-1/2""",,个,4.05,KG,
,CPT00496,异径三通,SCH10SxSCH10S,SS,BW,022Cr17Ni12Mo2,1916T3023,ASME B16.9,NA,QNCa,"3-1/2""x2-1/2""",,个,2.1,KG,
,CPT00497,异径三通,SCH10SxSCH10S,SS,BW,022Cr19Ni10,1916T3023,ASME B16.9,NA,QNCa,"3-1/2""x2-1/2""",,个,2.1,KG,
,CPT00498,异径三通,SCH160xSCH160,SS,BW,022Cr19Ni10,1916T3017,ASME B16.9,RCC-M 1,QA1,"3-1/2""x3""",,个,,KG,
,CPT00499,异径三通,SCH10SxSCH10S,SS,BW,022Cr19Ni10,1916T3017,ASME B16.9,RCC-M 2,QA1,"3-1/2""x3""",,个,2.15,KG,
,CPT00500,异径三通,SCH160xSCH160,SS,BW,P280GH,1916T3019,ASME B16.9,RCC-M 2,QA1,"3-1/2""x3""",,个,,KG,
,CPT00501,异径三通,SCH40xSCH40,SS,BW,20,1916T3019,ASME B16.9,RCC-M 2,QA1,"3-1/2""x3""",,个,4.09,KG,
,CPT00502,异径三通,SCH40SxSCH40S,SS,BW,022Cr19Ni10,1916T3017,ASME B16.9,RCC-M 2,QA1,"3-1/2""x3""",,个,4.15,KG,
,CPT00503,异径三通,SCH80xSCH80,SS,BW,20,1916T3019,ASME B16.9,RCC-M 2,QA1,"3-1/2""x3""",,个,6.52,KG,
,CPT00504,异径三通,SCH80xSCH80,SS,BW,P280GH,1916T3019,ASME B16.9,RCC-M 2,QA1,"3-1/2""x3""",,个,6.52,KG,
,CPT00505,异径三通,SCH80SxSCH80S,SS,BW,022Cr19Ni10,1916T3017,ASME B16.9,RCC-M 2,QA1,"3-1/2""x3""",,个,4.9,KG,
,CPT00506,异径三通,SCH10SxSCH10S,SS,BW,022Cr19Ni10,1916T3017,ASME B16.9,RCC-M 3,QA2,"3-1/2""x3""",,个,2.15,KG,
,CPT00507,异径三通,SCH40xSCH40,SS,BW,20,1916T3019,ASME B16.9,RCC-M 3,QA2,"3-1/2""x3""",,个,4.09,KG,
,CPT00508,异径三通,SCH40SxSCH40S,SS,BW,022Cr19Ni10,1916T3017,ASME B16.9,RCC-M 3,QA2,"3-1/2""x3""",,个,4.15,KG,
,CPT00509,异径三通,SCH10SxSCH10S,SS,BW,022Cr17Ni12Mo2,1916T3023,ASME B16.9,NA,QNCa,"3-1/2""x3""",,个,2.15,KG,
,CPT00510,异径三通,SCH10SxSCH10S,SS,BW,022Cr19Ni10,1916T3023,ASME B16.9,NA,QNCa,"3-1/2""x3""",,个,2.15,KG,
,CPT00511,异径三通,SCH160xSCH160,SS,BW,022Cr19Ni10,1916T3017,ASME B16.9,RCC-M 1,QA1,"4""x1-1/2""",,个,15.5,KG,
,CPT00512,异径三通,3.58mmxSCH40,SS,BW,20,1916T3019,ASME B16.9,RCC-M 2,QA1,"4""x1-1/2""",,个,,KG,
,CPT00513,异径三通,SCH10SxSCH10S,SS,BW,022Cr19Ni10,1916T3017,ASME B16.9,RCC-M 2,QA1,"4""x1-1/2""",,个,2.9,KG,
,CPT00514,异径三通,SCH160xSCH160,SS,BW,P280GH,1916T3019,ASME B16.9,RCC-M 2,QA1,"4""x1-1/2""",,个,15.5,KG,
,CPT00515,异径三通,SCH40xSCH40,SS,BW,20,1916T3019,ASME B16.9,RCC-M 2,QA1,"4""x1-1/2""",,个,4.95,KG,
,CPT00516,异径三通,SCH40SxSCH40S,SS,BW,022Cr19Ni10,1916T3017,ASME B16.9,RCC-M 2,QA1,"4""x1-1/2""",,个,4.45,KG,
,CPT00517,异径三通,SCH80xSCH80,SS,BW,20,1916T3019,ASME B16.9,RCC-M 2,QA1,"4""x1-1/2""",,个,7.5,KG,
,CPT00518,异径三通,SCH80xSCH80,SS,BW,P280GH,1916T3019,ASME B16.9,RCC-M 2,QA1,"4""x1-1/2""",,个,7.5,KG,
,CPT00519,异径三通,SCH80SxSCH80S,SS,BW,022Cr19Ni10,1916T3017,ASME B16.9,RCC-M 2,QA1,"4""x1-1/2""",,个,6.5,KG,
,CPT00520,异径三通,3.58mmxSCH40,SS,BW,20,1916T3019,ASME B16.9,RCC-M 3,QA2,"4""x1-1/2""",,个,,KG,
,CPT00521,异径三通,SCH10SxSCH10S,SS,BW,022Cr19Ni10,1916T3017,ASME B16.9,RCC-M 3,QA2,"4""x1-1/2""",,个,2.9,KG,
,CPT00522,异径三通,SCH40xSCH40,SS,BW,20,1916T3019,ASME B16.9,RCC-M 3,QA2,"4""x1-1/2""",,个,4.95,KG,
,CPT00523,异径三通,SCH40SxSCH40S,SS,BW,022Cr19Ni10,1916T3017,ASME B16.9,RCC-M 3,QA2,"4""x1-1/2""",,个,4.45,KG,
,CPT00524,异径三通,3.58mmxSCH40,SS,BW,20,1916T3025,ASME B16.9,NA,QNCa,"4""x1-1/2""",,个,4.95,KG,
,CPT00525,异径三通,SCH10SxSCH10S,SS,BW,022Cr17Ni12Mo2,1916T3023,ASME B16.9,NA,QNCa,"4""x1-1/2""",,个,2.9,KG,
,CPT00526,异径三通,SCH10SxSCH10S,SS,BW,022Cr19Ni10,1916T3023,ASME B16.9,NA,QNCa,"4""x1-1/2""",,个,2.9,KG,
,CPT00527,异径三通,SCH160xSCH160,SS,BW,022Cr19Ni10,1916T3017,ASME B16.9,RCC-M 1,QA1,"4""x2""",,个,15.5,KG,
,CPT00528,异径三通,3.58mmx3.18mm,SS,BW,20,1916T3019,ASME B16.9,RCC-M 2,QA1,"4""x2""",,个,,KG,
,CPT00529,异径三通,SCH10SxSCH10S,SS,BW,022Cr19Ni10,1916T3017,ASME B16.9,RCC-M 2,QA1,"4""x2""",,个,2.93,KG,
,CPT00530,异径三通,SCH160xSCH160,SS,BW,P280GH,1916T3019,ASME B16.9,RCC-M 2,QA1,"4""x2""",,个,15.5,KG,
,CPT00531,异径三通,SCH40xSCH40,SS,BW,20,1916T3019,ASME B16.9,RCC-M 2,QA1,"4""x2""",,个,4.99,KG,
,CPT00532,异径三通,SCH40SxSCH40S,SS,BW,022Cr19Ni10,1916T3017,ASME B16.9,RCC-M 2,QA1,"4""x2""",,个,4.5,KG,
,CPT00533,异径三通,SCH80xSCH80,SS,BW,20,1916T3019,ASME B16.9,RCC-M 2,QA1,"4""x2""",,个,7.5,KG,
,CPT00534,异径三通,SCH80xSCH80,SS,BW,P280GH,1916T3019,ASME B16.9,RCC-M 2,QA1,"4""x2""",,个,7.5,KG,
,CPT00535,异径三通,SCH80SxSCH80S,SS,BW,022Cr19Ni10,1916T3017,ASME B16.9,RCC-M 2,QA1,"4""x2""",,个,6.55,KG,
,CPT00536,异径三通,3.58mmx3.18mm,SS,BW,20,1916T3019,ASME B16.9,RCC-M 3,QA2,"4""x2""",,个,5.18,KG,
,CPT00537,异径三通,SCH10SxSCH10S,SS,BW,022Cr19Ni10,1916T3017,ASME B16.9,RCC-M 3,QA2,"4""x2""",,个,2.93,KG,
,CPT00538,异径三通,SCH40xSCH40,SS,BW,20,1916T3019,ASME B16.9,RCC-M 3,QA2,"4""x2""",,个,4.99,KG,
,CPT00539,异径三通,SCH40SxSCH40S,SS,BW,022Cr19Ni10,1916T3017,ASME B16.9,RCC-M 3,QA2,"4""x2""",,个,4.5,KG,
,CPT00540,异径三通,3.58mmx3.18mm,SS,BW,20,1916T3025,ASME B16.9,NA,QNCa,"4""x2""",,个,5,KG,
,CPT00541,异径三通,SCH10SxSCH10S,SS,BW,022Cr17Ni12Mo2,1916T3023,ASME B16.9,NA,QNCa,"4""x2""",,个,2.93,KG,
,CPT00542,异径三通,SCH10SxSCH10S,SS,BW,022Cr19Ni10,1916T3023,ASME B16.9,NA,QNCa,"4""x2""",,个,2.93,KG,
,CPT00543,异径三通,SCH160xSCH160,SS,BW,022Cr19Ni10,1916T3017,ASME B16.9,RCC-M 1,QA1,"4""x2-1/2""",,个,15.5,KG,
,CPT00544,异径三通,3.58mmx3.18mm,SS,BW,20,1916T3019,ASME B16.9,RCC-M 2,QA1,"4""x2-1/2""",,个,,KG,
,CPT00545,异径三通,SCH10SxSCH10S,SS,BW,022Cr19Ni10,1916T3017,ASME B16.9,RCC-M 2,QA1,"4""x2-1/2""",,个,2.97,KG,
,CPT00546,异径三通,SCH160xSCH160,SS,BW,P280GH,1916T3019,ASME B16.9,RCC-M 2,QA1,"4""x2-1/2""",,个,15.5,KG,
,CPT00547,异径三通,SCH40xSCH40,SS,BW,20,1916T3019,ASME B16.9,RCC-M 2,QA1,"4""x2-1/2""",,个,5.13,KG,
,CPT00548,异径三通,SCH40SxSCH40S,SS,BW,022Cr19Ni10,1916T3017,ASME B16.9,RCC-M 2,QA1,"4""x2-1/2""",,个,4.55,KG,
,CPT00549,异径三通,SCH80xSCH80,SS,BW,20,1916T3019,ASME B16.9,RCC-M 2,QA1,"4""x2-1/2""",,个,7.5,KG,
,CPT00550,异径三通,SCH80xSCH80,SS,BW,P280GH,1916T3019,ASME B16.9,RCC-M 2,QA1,"4""x2-1/2""",,个,7.5,KG,
,CPT00551,异径三通,SCH80SxSCH80S,SS,BW,022Cr19Ni10,1916T3017,ASME B16.9,RCC-M 2,QA1,"4""x2-1/2""",,个,6.6,KG,
,CPT00552,异径三通,3.58mmx3.18mm,SS,BW,20,1916T3019,ASME B16.9,RCC-M 3,QA2,"4""x2-1/2""",,个,,KG,
,CPT00553,异径三通,SCH10SxSCH10S,SS,BW,022Cr19Ni10,1916T3017,ASME B16.9,RCC-M 3,QA2,"4""x2-1/2""",,个,2.97,KG,
,CPT00554,异径三通,SCH40xSCH40,SS,BW,20,1916T3019,ASME B16.9,RCC-M 3,QA2,"4""x2-1/2""",,个,5.13,KG,
,CPT00555,异径三通,SCH40SxSCH40S,SS,BW,022Cr19Ni10,1916T3017,ASME B16.9,RCC-M 3,QA2,"4""x2-1/2""",,个,4.55,KG,
,CPT00556,异径三通,3.58mmx3.18mm,SS,BW,20,1916T3025,ASME B16.9,NA,QNCa,"4""x2-1/2""",,个,5.2,KG,
,CPT00557,异径三通,SCH10SxSCH10S,SS,BW,022Cr17Ni12Mo2,1916T3023,ASME B16.9,NA,QNCa,"4""x2-1/2""",,个,2.97,KG,
,CPT00558,异径三通,SCH10SxSCH10S,SS,BW,022Cr19Ni10,1916T3023,ASME B16.9,NA,QNCa,"4""x2-1/2""",,个,2.97,KG,
,CPT00559,异径三通,SCH160xSCH160,SS,BW,022Cr19Ni10,1916T3017,ASME B16.9,RCC-M 1,QA1,"4""x3""",,个,15.9,KG,
,CPT00560,异径三通,3.58mmx3.18mm,SS,BW,20,1916T3019,ASME B16.9,RCC-M 2,QA1,"4""x3""",,个,,KG,
,CPT00561,异径三通,SCH10SxSCH10S,SS,BW,022Cr19Ni10,1916T3017,ASME B16.9,RCC-M 2,QA1,"4""x3""",,个,3.05,KG,
,CPT00562,异径三通,SCH160xSCH160,SS,BW,P280GH,1916T3019,ASME B16.9,RCC-M 2,QA1,"4""x3""",,个,15.9,KG,
,CPT00563,异径三通,SCH40xSCH40,SS,BW,20,1916T3019,ASME B16.9,RCC-M 2,QA1,"4""x3""",,个,5.18,KG,
,CPT00564,异径三通,SCH40SxSCH40S,SS,BW,022Cr19Ni10,1916T3017,ASME B16.9,RCC-M 2,QA1,"4""x3""",,个,4.65,KG,
,CPT00565,异径三通,SCH80xSCH80,SS,BW,20,1916T3019,ASME B16.9,RCC-M 2,QA1,"4""x3""",,个,7.5,KG,
,CPT00566,异径三通,SCH80xSCH80,SS,BW,P280GH,1916T3019,ASME B16.9,RCC-M 2,QA1,"4""x3""",,个,7.5,KG,
,CPT00567,异径三通,SCH80SxSCH80S,SS,BW,022Cr19Ni10,1916T3017,ASME B16.9,RCC-M 2,QA1,"4""x3""",,个,6.8,KG,
,CPT00568,异径三通,3.58mmx3.18mm,SS,BW,20,1916T3019,ASME B16.9,RCC-M 3,QA2,"4""x3""",,个,5.18,KG,
,CPT00569,异径三通,SCH10SxSCH10S,SS,BW,022Cr19Ni10,1916T3017,ASME B16.9,RCC-M 3,QA2,"4""x3""",,个,3.05,KG,
,CPT00570,异径三通,SCH40xSCH40,SS,BW,20,1916T3019,ASME B16.9,RCC-M 3,QA2,"4""x3""",,个,5.18,KG,
,CPT00571,异径三通,SCH40SxSCH40S,SS,BW,022Cr19Ni10,1916T3017,ASME B16.9,RCC-M 3,QA2,"4""x3""",,个,4.65,KG,
,CPT00572,异径三通,3.58mmx3.18mm,SS,BW,20,1916T3025,ASME B16.9,NA,QNCa,"4""x3""",,个,5.2,KG,
,CPT00573,异径三通,SCH10SxSCH10S,SS,BW,022Cr17Ni12Mo2,1916T3023,ASME B16.9,NA,QNCa,"4""x3""",,个,3.05,KG,
,CPT00574,异径三通,SCH10SxSCH10S,SS,BW,022Cr19Ni10,1916T3023,ASME B16.9,NA,QNCa,"4""x3""",,个,3.05,KG,
,CPT00575,异径三通,SCH160xSCH160,SS,BW,022Cr19Ni10,1916T3017,ASME B16.9,RCC-M 1,QA1,"4""x3-1/2""",,个,,KG,
,CPT00576,异径三通,3.58mmx3.58mm,SS,BW,20,1916T3019,ASME B16.9,RCC-M 2,QA1,"4""x3-1/2""",,个,,KG,
,CPT00577,异径三通,SCH10SxSCH10S,SS,BW,022Cr19Ni10,1916T3017,ASME B16.9,RCC-M 2,QA1,"4""x3-1/2""",,个,3.1,KG,
,CPT00578,异径三通,SCH160xSCH160,SS,BW,P280GH,1916T3019,ASME B16.9,RCC-M 2,QA1,"4""x3-1/2""",,个,,KG,
,CPT00579,异径三通,SCH40xSCH40,SS,BW,20,1916T3019,ASME B16.9,RCC-M 2,QA1,"4""x3-1/2""",,个,5.27,KG,
,CPT00580,异径三通,SCH40SxSCH40S,SS,BW,022Cr19Ni10,1916T3017,ASME B16.9,RCC-M 2,QA1,"4""x3-1/2""",,个,4.7,KG,
,CPT00581,异径三通,SCH80xSCH80,SS,BW,20,1916T3019,ASME B16.9,RCC-M 2,QA1,"4""x3-1/2""",,个,7.5,KG,
,CPT00582,异径三通,SCH80xSCH80,SS,BW,P280GH,1916T3019,ASME B16.9,RCC-M 2,QA1,"4""x3-1/2""",,个,7.5,KG,
,CPT00583,异径三通,SCH80SxSCH80S,SS,BW,022Cr19Ni10,1916T3017,ASME B16.9,RCC-M 2,QA1,"4""x3-1/2""",,个,6.95,KG,
,CPT00584,异径三通,3.58mmx3.58mm,SS,BW,20,1916T3019,ASME B16.9,RCC-M 3,QA2,"4""x3-1/2""",,个,,KG,
,CPT00585,异径三通,SCH10SxSCH10S,SS,BW,022Cr19Ni10,1916T3017,ASME B16.9,RCC-M 3,QA2,"4""x3-1/2""",,个,3.1,KG,
,CPT00586,异径三通,SCH40xSCH40,SS,BW,20,1916T3019,ASME B16.9,RCC-M 3,QA2,"4""x3-1/2""",,个,5.27,KG,
,CPT00587,异径三通,SCH40SxSCH40S,SS,BW,022Cr19Ni10,1916T3017,ASME B16.9,RCC-M 3,QA2,"4""x3-1/2""",,个,4.7,KG,
,CPT00588,异径三通,3.58mmx3.58mm,SS,BW,20,1916T3025,ASME B16.9,NA,QNCa,"4""x3-1/2""",,个,,KG,
,CPT00589,异径三通,SCH10SxSCH10S,SS,BW,022Cr17Ni12Mo2,1916T3023,ASME B16.9,NA,QNCa,"4""x3-1/2""",,个,3.1,KG,
,CPT00590,异径三通,SCH10SxSCH10S,SS,BW,022Cr19Ni10,1916T3023,ASME B16.9,NA,QNCa,"4""x3-1/2""",,个,3.1,KG,
,CPT00591,异径三通,SCH160xSCH160,SS,BW,022Cr19Ni10,1916T3017,ASME B16.9,RCC-M 1,QA1,"5""x2""",,个,23,KG,
,CPT00592,异径三通,SCH10SxSCH10S,SS,BW,022Cr19Ni10,1916T3017,ASME B16.9,RCC-M 2,QA1,"5""x2""",,个,5.1,KG,
,CPT00593,异径三通,SCH160xSCH160,SS,BW,P280GH,1916T3019,ASME B16.9,RCC-M 2,QA1,"5""x2""",,个,23,KG,
,CPT00594,异径三通,SCH40xSCH40,SS,BW,20,1916T3019,ASME B16.9,RCC-M 2,QA1,"5""x2""",,个,7.81,KG,
,CPT00595,异径三通,SCH40SxSCH40S,SS,BW,022Cr19Ni10,1916T3017,ASME B16.9,RCC-M 2,QA1,"5""x2""",,个,7.9,KG,
,CPT00596,异径三通,SCH80xSCH80,SS,BW,20,1916T3019,ASME B16.9,RCC-M 2,QA1,"5""x2""",,个,12.1,KG,
,CPT00597,异径三通,SCH80SxSCH80S,SS,BW,022Cr19Ni10,1916T3017,ASME B16.9,RCC-M 2,QA1,"5""x2""",,个,9.5,KG,
,CPT00598,异径三通,SCH10SxSCH10S,SS,BW,022Cr19Ni10,1916T3017,ASME B16.9,RCC-M 3,QA2,"5""x2""",,个,5.1,KG,
,CPT00599,异径三通,SCH40xSCH40,SS,BW,20,1916T3019,ASME B16.9,RCC-M 3,QA2,"5""x2""",,个,7.81,KG,
,CPT00600,异径三通,SCH40SxSCH40S,SS,BW,022Cr19Ni10,1916T3017,ASME B16.9,RCC-M 3,QA2,"5""x2""",,个,7.9,KG,
,CPT00601,异径三通,SCH10SxSCH10S,SS,BW,022Cr17Ni12Mo2,1916T3023,ASME B16.9,NA,QNCa,"5""x2""",,个,5.1,KG,
,CPT00602,异径三通,SCH10SxSCH10S,SS,BW,022Cr19Ni10,1916T3023,ASME B16.9,NA,QNCa,"5""x2""",,个,5.1,KG,
,CPT00603,异径三通,SCH160xSCH160,SS,BW,022Cr19Ni10,1916T3017,ASME B16.9,RCC-M 1,QA1,"5""x2-1/2""",,个,23,KG,
,CPT00604,异径三通,SCH10SxSCH10S,SS,BW,022Cr19Ni10,1916T3017,ASME B16.9,RCC-M 2,QA1,"5""x2-1/2""",,个,5.2,KG,
,CPT00605,异径三通,SCH160xSCH160,SS,BW,P280GH,1916T3019,ASME B16.9,RCC-M 2,QA1,"5""x2-1/2""",,个,23,KG,
,CPT00606,异径三通,SCH40xSCH40,SS,BW,20,1916T3019,ASME B16.9,RCC-M 2,QA1,"5""x2-1/2""",,个,7.9,KG,
,CPT00607,异径三通,SCH40SxSCH40S,SS,BW,022Cr19Ni10,1916T3017,ASME B16.9,RCC-M 2,QA1,"5""x2-1/2""",,个,8,KG,
,CPT00608,异径三通,SCH80xSCH80,SS,BW,20,1916T3019,ASME B16.9,RCC-M 2,QA1,"5""x2-1/2""",,个,12.1,KG,
,CPT00609,异径三通,SCH80SxSCH80S,SS,BW,022Cr19Ni10,1916T3017,ASME B16.9,RCC-M 2,QA1,"5""x2-1/2""",,个,9.65,KG,
,CPT00610,异径三通,SCH10SxSCH10S,SS,BW,022Cr19Ni10,1916T3017,ASME B16.9,RCC-M 3,QA2,"5""x2-1/2""",,个,5.2,KG,
,CPT00611,异径三通,SCH40xSCH40,SS,BW,20,1916T3019,ASME B16.9,RCC-M 3,QA2,"5""x2-1/2""",,个,7.9,KG,
,CPT00612,异径三通,SCH40SxSCH40S,SS,BW,022Cr19Ni10,1916T3017,ASME B16.9,RCC-M 3,QA2,"5""x2-1/2""",,个,8,KG,
,CPT00613,异径三通,SCH10SxSCH10S,SS,BW,022Cr17Ni12Mo2,1916T3023,ASME B16.9,NA,QNCa,"5""x2-1/2""",,个,5.2,KG,
,CPT00614,异径三通,SCH10SxSCH10S,SS,BW,022Cr19Ni10,1916T3023,ASME B16.9,NA,QNCa,"5""x2-1/2""",,个,5.2,KG,
,CPT00615,异径三通,SCH160xSCH160,SS,BW,022Cr19Ni10,1916T3017,ASME B16.9,RCC-M 1,QA1,"5""x3""",,个,23,KG,
,CPT00616,异径三通,SCH10SxSCH10S,SS,BW,022Cr19Ni10,1916T3017,ASME B16.9,RCC-M 2,QA1,"5""x3""",,个,5.25,KG,
,CPT00617,异径三通,SCH160xSCH160,SS,BW,P280GH,1916T3019,ASME B16.9,RCC-M 2,QA1,"5""x3""",,个,23,KG,
,CPT00618,异径三通,SCH40xSCH40,SS,BW,20,1916T3019,ASME B16.9,RCC-M 2,QA1,"5""x3""",,个,7.99,KG,
,CPT00619,异径三通,SCH40SxSCH40S,SS,BW,022Cr19Ni10,1916T3017,ASME B16.9,RCC-M 2,QA1,"5""x3""",,个,8.1,KG,
,CPT00620,异径三通,SCH80xSCH80,SS,BW,20,1916T3019,ASME B16.9,RCC-M 2,QA1,"5""x3""",,个,12.1,KG,
,CPT00621,异径三通,SCH80SxSCH80S,SS,BW,022Cr19Ni10,1916T3017,ASME B16.9,RCC-M 2,QA1,"5""x3""",,个,9.75,KG,
,CPT00622,异径三通,SCH10SxSCH10S,SS,BW,022Cr19Ni10,1916T3017,ASME B16.9,RCC-M 3,QA2,"5""x3""",,个,5.25,KG,
,CPT00623,异径三通,SCH40xSCH40,SS,BW,20,1916T3019,ASME B16.9,RCC-M 3,QA2,"5""x3""",,个,7.99,KG,
,CPT00624,异径三通,SCH40SxSCH40S,SS,BW,022Cr19Ni10,1916T3017,ASME B16.9,RCC-M 3,QA2,"5""x3""",,个,8.1,KG,
,CPT00625,异径三通,SCH10SxSCH10S,SS,BW,022Cr17Ni12Mo2,1916T3023,ASME B16.9,NA,QNCa,"5""x3""",,个,5.25,KG,
,CPT00626,异径三通,SCH10SxSCH10S,SS,BW,022Cr19Ni10,1916T3023,ASME B16.9,NA,QNCa,"5""x3""",,个,5.25,KG,
,CPT00627,异径三通,SCH160xSCH160,SS,BW,022Cr19Ni10,1916T3017,ASME B16.9,RCC-M 1,QA1,"5""x3-1/2""",,个,,KG,
,CPT00628,异径三通,SCH10SxSCH10S,SS,BW,022Cr19Ni10,1916T3017,ASME B16.9,RCC-M 2,QA1,"5""x3-1/2""",,个,5.35,KG,
,CPT00629,异径三通,SCH160xSCH160,SS,BW,P280GH,1916T3019,ASME B16.9,RCC-M 2,QA1,"5""x3-1/2""",,个,,KG,
,CPT00630,异径三通,SCH40xSCH40,SS,BW,20,1916T3019,ASME B16.9,RCC-M 2,QA1,"5""x3-1/2""",,个,8.08,KG,
,CPT00631,异径三通,SCH40SxSCH40S,SS,BW,022Cr19Ni10,1916T3017,ASME B16.9,RCC-M 2,QA1,"5""x3-1/2""",,个,8.3,KG,
,CPT00632,异径三通,SCH80xSCH80,SS,BW,20,1916T3019,ASME B16.9,RCC-M 2,QA1,"5""x3-1/2""",,个,12.1,KG,
,CPT00633,异径三通,SCH80SxSCH80S,SS,BW,022Cr19Ni10,1916T3017,ASME B16.9,RCC-M 2,QA1,"5""x3-1/2""",,个,10,KG,
,CPT00634,异径三通,SCH10SxSCH10S,SS,BW,022Cr19Ni10,1916T3017,ASME B16.9,RCC-M 3,QA2,"5""x3-1/2""",,个,5.35,KG,
,CPT00635,异径三通,SCH40xSCH40,SS,BW,20,1916T3019,ASME B16.9,RCC-M 3,QA2,"5""x3-1/2""",,个,8.08,KG,
,CPT00636,异径三通,SCH40SxSCH40S,SS,BW,022Cr19Ni10,1916T3017,ASME B16.9,RCC-M 3,QA2,"5""x3-1/2""",,个,8.3,KG,
,CPT00637,异径三通,SCH10SxSCH10S,SS,BW,022Cr17Ni12Mo2,1916T3023,ASME B16.9,NA,QNCa,"5""x3-1/2""",,个,5.35,KG,
,CPT00638,异径三通,SCH10SxSCH10S,SS,BW,022Cr19Ni10,1916T3023,ASME B16.9,NA,QNCa,"5""x3-1/2""",,个,5.35,KG,
,CPT00639,异径三通,SCH160xSCH160,SS,BW,022Cr19Ni10,1916T3017,ASME B16.9,RCC-M 1,QA1,"5""x4""",,个,23,KG,
,CPT00640,异径三通,SCH10SxSCH10S,SS,BW,022Cr19Ni10,1916T3017,ASME B16.9,RCC-M 2,QA1,"5""x4""",,个,5.5,KG,
,CPT00641,异径三通,SCH160xSCH160,SS,BW,P280GH,1916T3019,ASME B16.9,RCC-M 2,QA1,"5""x4""",,个,23,KG,
,CPT00642,异径三通,SCH40xSCH40,SS,BW,20,1916T3019,ASME B16.9,RCC-M 2,QA1,"5""x4""",,个,8.22,KG,
,CPT00643,异径三通,SCH40SxSCH40S,SS,BW,022Cr19Ni10,1916T3017,ASME B16.9,RCC-M 2,QA1,"5""x4""",,个,8.5,KG,
,CPT00644,异径三通,SCH80xSCH80,SS,BW,20,1916T3019,ASME B16.9,RCC-M 2,QA1,"5""x4""",,个,12.1,KG,
,CPT00645,异径三通,SCH80SxSCH80S,SS,BW,022Cr19Ni10,1916T3017,ASME B16.9,RCC-M 2,QA1,"5""x4""",,个,10.2,KG,
,CPT00646,异径三通,SCH10SxSCH10S,SS,BW,022Cr19Ni10,1916T3017,ASME B16.9,RCC-M 3,QA2,"5""x4""",,个,5.5,KG,
,CPT00647,异径三通,SCH40xSCH40,SS,BW,20,1916T3019,ASME B16.9,RCC-M 3,QA2,"5""x4""",,个,8.22,KG,
,CPT00648,异径三通,SCH40SxSCH40S,SS,BW,022Cr19Ni10,1916T3017,ASME B16.9,RCC-M 3,QA2,"5""x4""",,个,8.5,KG,
,CPT00649,异径三通,SCH10SxSCH10S,SS,BW,022Cr17Ni12Mo2,1916T3023,ASME B16.9,NA,QNCa,"5""x4""",,个,5.5,KG,
,CPT00650,异径三通,SCH10SxSCH10S,SS,BW,022Cr19Ni10,1916T3023,ASME B16.9,NA,QNCa,"5""x4""",,个,5.5,KG,
,CPT00651,异径三通,SCH160xSCH160,SS,BW,022Cr19Ni10,1916T3017,ASME B16.9,RCC-M 1,QA1,"6""x2-1/2""",,个,29,KG,
,CPT00652,异径三通,4.37mmx3.18mm,SS,BW,20,1916T3019,ASME B16.9,RCC-M 2,QA1,"6""x2-1/2""",,个,,KG,
,CPT00653,异径三通,SCH10SxSCH10S,SS,BW,022Cr19Ni10,1916T3017,ASME B16.9,RCC-M 2,QA1,"6""x2-1/2""",,个,6.75,KG,
,CPT00654,异径三通,SCH120xSCH80,SS,BW,P280GH,1916T3019,ASME B16.9,RCC-M 2,QA1,"6""x2-1/2""",,个,,KG,
,CPT00655,异径三通,SCH160xSCH160,SS,BW,P280GH,1916T3019,ASME B16.9,RCC-M 2,QA1,"6""x2-1/2""",,个,29,KG,
,CPT00656,异径三通,SCH40xSCH40,SS,BW,20,1916T3019,ASME B16.9,RCC-M 2,QA1,"6""x2-1/2""",,个,16,KG,
,CPT00657,异径三通,SCH40SxSCH40S,SS,BW,022Cr19Ni10,1916T3017,ASME B16.9,RCC-M 2,QA1,"6""x2-1/2""",,个,11.7,KG,
,CPT00658,异径三通,SCH80xSCH80,SS,BW,20,1916T3019,ASME B16.9,RCC-M 2,QA1,"6""x2-1/2""",,个,18,KG,
,CPT00659,异径三通,SCH80SxSCH80S,SS,BW,022Cr19Ni10,1916T3017,ASME B16.9,RCC-M 2,QA1,"6""x2-1/2""",,个,11.4,KG,
,CPT00660,异径三通,4.37mmx3.18mm,SS,BW,20,1916T3019,ASME B16.9,RCC-M 3,QA2,"6""x2-1/2""",,个,,KG,
,CPT00661,异径三通,SCH10SxSCH10S,SS,BW,022Cr19Ni10,1916T3017,ASME B16.9,RCC-M 3,QA2,"6""x2-1/2""",,个,6.75,KG,
,CPT00662,异径三通,SCH40xSCH40,SS,BW,20,1916T3019,ASME B16.9,RCC-M 3,QA2,"6""x2-1/2""",,个,16,KG,
,CPT00663,异径三通,SCH40SxSCH40S,SS,BW,022Cr19Ni10,1916T3017,ASME B16.9,RCC-M 3,QA2,"6""x2-1/2""",,个,11.7,KG,
,CPT00664,异径三通,4.37mmx3.18mm,SS,BW,20,1916T3025,ASME B16.9,NA,QNCa,"6""x2-1/2""",,个,,KG,
,CPT00665,异径三通,SCH10SxSCH10S,SS,BW,022Cr17Ni12Mo2,1916T3023,ASME B16.9,NA,QNCa,"6""x2-1/2""",,个,6.75,KG,
,CPT00666,异径三通,SCH10SxSCH10S,SS,BW,022Cr19Ni10,1916T3023,ASME B16.9,NA,QNCa,"6""x2-1/2""",,个,6.75,KG,
,CPT00667,异径三通,SCH160xSCH160,SS,BW,022Cr19Ni10,1916T3017,ASME B16.9,RCC-M 1,QA1,"6""x3""",,个,30,KG,
,CPT00668,异径三通,4.37mmx3.18mm,SS,BW,20,1916T3019,ASME B16.9,RCC-M 2,QA1,"6""x3""",,个,,KG,
,CPT00669,异径三通,SCH10SxSCH10S,SS,BW,022Cr19Ni10,1916T3017,ASME B16.9,RCC-M 2,QA1,"6""x3""",,个,6.85,KG,
,CPT00670,异径三通,SCH120xSCH80,SS,BW,P280GH,1916T3019,ASME B16.9,RCC-M 2,QA1,"6""x3""",,个,29,KG,
,CPT00671,异径三通,SCH160xSCH160,SS,BW,P280GH,1916T3019,ASME B16.9,RCC-M 2,QA1,"6""x3""",,个,30,KG,
,CPT00672,异径三通,SCH40xSCH40,SS,BW,20,1916T3019,ASME B16.9,RCC-M 2,QA1,"6""x3""",,个,16,KG,
,CPT00673,异径三通,SCH40SxSCH40S,SS,BW,022Cr19Ni10,1916T3017,ASME B16.9,RCC-M 2,QA1,"6""x3""",,个,11.9,KG,
,CPT00674,异径三通,SCH80xSCH80,SS,BW,20,1916T3019,ASME B16.9,RCC-M 2,QA1,"6""x3""",,个,18,KG,
,CPT00675,异径三通,SCH80SxSCH80S,SS,BW,022Cr19Ni10,1916T3017,ASME B16.9,RCC-M 2,QA1,"6""x3""",,个,11.5,KG,
,CPT00676,异径三通,4.37mmx3.18mm,SS,BW,20,1916T3019,ASME B16.9,RCC-M 3,QA2,"6""x3""",,个,16.6,KG,
,CPT00677,异径三通,SCH10SxSCH10S,SS,BW,022Cr19Ni10,1916T3017,ASME B16.9,RCC-M 3,QA2,"6""x3""",,个,6.85,KG,
,CPT00678,异径三通,SCH40xSCH40,SS,BW,20,1916T3019,ASME B16.9,RCC-M 3,QA2,"6""x3""",,个,16,KG,
,CPT00679,异径三通,SCH40SxSCH40S,SS,BW,022Cr19Ni10,1916T3017,ASME B16.9,RCC-M 3,QA2,"6""x3""",,个,11.9,KG,
,CPT00680,异径三通,4.37mmx3.18mm,SS,BW,20,1916T3025,ASME B16.9,NA,QNCa,"6""x3""",,个,16,KG,
,CPT00681,异径三通,SCH10SxSCH10S,SS,BW,022Cr17Ni12Mo2,1916T3023,ASME B16.9,NA,QNCa,"6""x3""",,个,6.85,KG,
,CPT00682,异径三通,SCH10SxSCH10S,SS,BW,022Cr19Ni10,1916T3023,ASME B16.9,NA,QNCa,"6""x3""",,个,6.85,KG,
,CPT00683,异径三通,SCH160xSCH160,SS,BW,022Cr19Ni10,1916T3017,ASME B16.9,RCC-M 1,QA1,"6""x3-1/2""",,个,,KG,
,CPT00684,异径三通,4.37mmx3.58mm,SS,BW,20,1916T3019,ASME B16.9,RCC-M 2,QA1,"6""x3-1/2""",,个,,KG,
,CPT00685,异径三通,SCH10SxSCH10S,SS,BW,022Cr19Ni10,1916T3017,ASME B16.9,RCC-M 2,QA1,"6""x3-1/2""",,个,6.95,KG,
,CPT00686,异径三通,SCH120xSCH80,SS,BW,P280GH,1916T3019,ASME B16.9,RCC-M 2,QA1,"6""x3-1/2""",,个,,KG,
,CPT00687,异径三通,SCH160xSCH160,SS,BW,P280GH,1916T3019,ASME B16.9,RCC-M 2,QA1,"6""x3-1/2""",,个,,KG,
,CPT00688,异径三通,SCH40xSCH40,SS,BW,20,1916T3019,ASME B16.9,RCC-M 2,QA1,"6""x3-1/2""",,个,16,KG,
,CPT00689,异径三通,SCH40SxSCH40S,SS,BW,022Cr19Ni10,1916T3017,ASME B16.9,RCC-M 2,QA1,"6""x3-1/2""",,个,12,KG,
,CPT00690,异径三通,SCH80xSCH80,SS,BW,20,1916T3019,ASME B16.9,RCC-M 2,QA1,"6""x3-1/2""",,个,18,KG,
,CPT00691,异径三通,SCH80SxSCH80S,SS,BW,022Cr19Ni10,1916T3017,ASME B16.9,RCC-M 2,QA1,"6""x3-1/2""",,个,11.7,KG,
,CPT00692,异径三通,4.37mmx3.58mm,SS,BW,20,1916T3019,ASME B16.9,RCC-M 3,QA2,"6""x3-1/2""",,个,,KG,
,CPT00693,异径三通,SCH10SxSCH10S,SS,BW,022Cr19Ni10,1916T3017,ASME B16.9,RCC-M 3,QA2,"6""x3-1/2""",,个,6.95,KG,
,CPT00694,异径三通,SCH40xSCH40,SS,BW,20,1916T3019,ASME B16.9,RCC-M 3,QA2,"6""x3-1/2""",,个,16,KG,
,CPT00695,异径三通,SCH40SxSCH40S,SS,BW,022Cr19Ni10,1916T3017,ASME B16.9,RCC-M 3,QA2,"6""x3-1/2""",,个,12,KG,
,CPT00696,异径三通,4.37mmx3.58mm,SS,BW,20,1916T3025,ASME B16.9,NA,QNCa,"6""x3-1/2""",,个,,KG,
,CPT00697,异径三通,SCH10SxSCH10S,SS,BW,022Cr17Ni12Mo2,1916T3023,ASME B16.9,NA,QNCa,"6""x3-1/2""",,个,6.95,KG,
,CPT00698,异径三通,SCH10SxSCH10S,SS,BW,022Cr19Ni10,1916T3023,ASME B16.9,NA,QNCa,"6""x3-1/2""",,个,6.95,KG,
,CPT00699,异径三通,SCH160xSCH160,SS,BW,022Cr19Ni10,1916T3017,ASME B16.9,RCC-M 1,QA1,"6""x4""",,个,30,KG,
,CPT00700,异径三通,4.37mmx3.58mm,SS,BW,20,1916T3019,ASME B16.9,RCC-M 2,QA1,"6""x4""",,个,,KG,
,CPT00701,异径三通,SCH10SxSCH10S,SS,BW,022Cr19Ni10,1916T3017,ASME B16.9,RCC-M 2,QA1,"6""x4""",,个,7.1,KG,
,CPT00702,异径三通,SCH120xSCH80,SS,BW,P280GH,1916T3019,ASME B16.9,RCC-M 2,QA1,"6""x4""",,个,29,KG,
,CPT00703,异径三通,SCH160xSCH160,SS,BW,P280GH,1916T3019,ASME B16.9,RCC-M 2,QA1,"6""x4""",,个,30,KG,
,CPT00704,异径三通,SCH40xSCH40,SS,BW,20,1916T3019,ASME B16.9,RCC-M 2,QA1,"6""x4""",,个,16,KG,
,CPT00705,异径三通,SCH40SxSCH40S,SS,BW,022Cr19Ni10,1916T3017,ASME B16.9,RCC-M 2,QA1,"6""x4""",,个,12.1,KG,
,CPT00706,异径三通,SCH80xSCH80,SS,BW,20,1916T3019,ASME B16.9,RCC-M 2,QA1,"6""x4""",,个,18,KG,
,CPT00707,异径三通,SCH80SxSCH80S,SS,BW,022Cr19Ni10,1916T3017,ASME B16.9,RCC-M 2,QA1,"6""x4""",,个,12,KG,
,CPT00708,异径三通,4.37mmx3.58mm,SS,BW,20,1916T3019,ASME B16.9,RCC-M 3,QA2,"6""x4""",,个,16.6,KG,
,CPT00709,异径三通,SCH10SxSCH10S,SS,BW,022Cr19Ni10,1916T3017,ASME B16.9,RCC-M 3,QA2,"6""x4""",,个,7.1,KG,
,CPT00710,异径三通,SCH40xSCH40,SS,BW,20,1916T3019,ASME B16.9,RCC-M 3,QA2,"6""x4""",,个,16,KG,
,CPT00711,异径三通,SCH40SxSCH40S,SS,BW,022Cr19Ni10,1916T3017,ASME B16.9,RCC-M 3,QA2,"6""x4""",,个,12.1,KG,
,CPT00712,异径三通,4.37mmx3.58mm,SS,BW,20,1916T3025,ASME B16.9,NA,QNCa,"6""x4""",,个,16,KG,
,CPT00713,异径三通,SCH10SxSCH10S,SS,BW,022Cr17Ni12Mo2,1916T3023,ASME B16.9,NA,QNCa,"6""x4""",,个,7.1,KG,
,CPT00714,异径三通,SCH10SxSCH10S,SS,BW,022Cr19Ni10,1916T3023,ASME B16.9,NA,QNCa,"6""x4""",,个,7.1,KG,
,CPT00715,异径三通,SCH160xSCH160,SS,BW,022Cr19Ni10,1916T3017,ASME B16.9,RCC-M 1,QA1,"6""x5""",,个,30,KG,
,CPT00716,异径三通,4.37mmx4.37mm,SS,BW,20,1916T3019,ASME B16.9,RCC-M 2,QA1,"6""x5""",,个,,KG,
,CPT00717,异径三通,SCH10SxSCH10S,SS,BW,022Cr19Ni10,1916T3017,ASME B16.9,RCC-M 2,QA1,"6""x5""",,个,7.25,KG,
,CPT00718,异径三通,SCH120xSCH120,SS,BW,P280GH,1916T3019,ASME B16.9,RCC-M 2,QA1,"6""x5""",,个,29,KG,
,CPT00719,异径三通,SCH160xSCH160,SS,BW,P280GH,1916T3019,ASME B16.9,RCC-M 2,QA1,"6""x5""",,个,30,KG,
,CPT00720,异径三通,SCH40xSCH40,SS,BW,20,1916T3019,ASME B16.9,RCC-M 2,QA1,"6""x5""",,个,16,KG,
,CPT00721,异径三通,SCH40SxSCH40S,SS,BW,022Cr19Ni10,1916T3017,ASME B16.9,RCC-M 2,QA1,"6""x5""",,个,12.3,KG,
,CPT00722,异径三通,SCH80xSCH80,SS,BW,20,1916T3019,ASME B16.9,RCC-M 2,QA1,"6""x5""",,个,18,KG,
,CPT00723,异径三通,SCH80SxSCH80S,SS,BW,022Cr19Ni10,1916T3017,ASME B16.9,RCC-M 2,QA1,"6""x5""",,个,12.2,KG,
,CPT00724,异径三通,4.37mmx4.37mm,SS,BW,20,1916T3019,ASME B16.9,RCC-M 3,QA2,"6""x5""",,个,,KG,
,CPT00725,异径三通,SCH10SxSCH10S,SS,BW,022Cr19Ni10,1916T3017,ASME B16.9,RCC-M 3,QA2,"6""x5""",,个,7.25,KG,
,CPT00726,异径三通,SCH40xSCH40,SS,BW,20,1916T3019,ASME B16.9,RCC-M 3,QA2,"6""x5""",,个,16,KG,
,CPT00727,异径三通,SCH40SxSCH40S,SS,BW,022Cr19Ni10,1916T3017,ASME B16.9,RCC-M 3,QA2,"6""x5""",,个,12.3,KG,
,CPT00728,异径三通,4.37mmx3.96mm,SS,BW,20,1916T3025,ASME B16.9,NA,QNCa,"6""x5""",,个,,KG,
,CPT00729,异径三通,SCH10SxSCH10S,SS,BW,022Cr17Ni12Mo2,1916T3023,ASME B16.9,NA,QNCa,"6""x5""",,个,7.25,KG,
,CPT00730,异径三通,SCH10SxSCH10S,SS,BW,022Cr19Ni10,1916T3023,ASME B16.9,NA,QNCa,"6""x5""",,个,7.25,KG,
,CPT00731,异径三通,SCH160xSCH160,SS,BW,022Cr19Ni10,1916T3017,ASME B16.9,RCC-M 1,QA1,"8""x3""",,个,,KG,
,CPT00732,异径三通,SCH10SxSCH10S,SS,BW,022Cr19Ni10,1916T3017,ASME B16.9,RCC-M 2,QA1,"8""x3""",,个,,KG,
,CPT00733,异径三通,SCH120xSCH80,SS,BW,P280GH,1916T3019,ASME B16.9,RCC-M 2,QA1,"8""x3""",,个,,KG,
,CPT00734,异径三通,SCH160xSCH160,SS,BW,P280GH,1916T3019,ASME B16.9,RCC-M 2,QA1,"8""x3""",,个,,KG,
,CPT00735,异径三通,SCH20x3.18mm,SS,BW,20,1916T3019,ASME B16.9,RCC-M 2,QA1,"8""x3""",,个,,KG,
,CPT00736,异径三通,SCH40xSCH40,SS,BW,20,1916T3019,ASME B16.9,RCC-M 2,QA1,"8""x3""",,个,,KG,
,CPT00737,异径三通,SCH40SxSCH40S,SS,BW,022Cr19Ni10,1916T3017,ASME B16.9,RCC-M 2,QA1,"8""x3""",,个,,KG,
,CPT00738,异径三通,SCH80xSCH80,SS,BW,20,1916T3019,ASME B16.9,RCC-M 2,QA1,"8""x3""",,个,,KG,
,CPT00739,异径三通,SCH80SxSCH80S,SS,BW,022Cr19Ni10,1916T3017,ASME B16.9,RCC-M 2,QA1,"8""x3""",,个,,KG,
,CPT00740,异径三通,SCH10SxSCH10S,SS,BW,022Cr19Ni10,1916T3017,ASME B16.9,RCC-M 3,QA2,"8""x3""",,个,,KG,
,CPT00741,异径三通,SCH20x3.18mm,SS,BW,20,1916T3019,ASME B16.9,RCC-M 3,QA2,"8""x3""",,个,,KG,
,CPT00742,异径三通,SCH40xSCH40,SS,BW,20,1916T3019,ASME B16.9,RCC-M 3,QA2,"8""x3""",,个,,KG,
,CPT00743,异径三通,SCH40SxSCH40S,SS,BW,022Cr19Ni10,1916T3017,ASME B16.9,RCC-M 3,QA2,"8""x3""",,个,,KG,
,CPT00744,异径三通,SCH10SxSCH10S,SS,BW,022Cr17Ni12Mo2,1916T3023,ASME B16.9,NA,QNCa,"8""x3""",,个,,KG,
,CPT00745,异径三通,SCH10SxSCH10S,SS,BW,022Cr19Ni10,1916T3023,ASME B16.9,NA,QNCa,"8""x3""",,个,,KG,
,CPT00746,异径三通,SCH20x3.18mm,SS,BW,20,1916T3025,ASME B16.9,NA,QNCa,"8""x3""",,个,28,KG,
,CPT00747,异径三通,SCH160xSCH160,SS,BW,022Cr19Ni10,1916T3017,ASME B16.9,RCC-M 1,QA1,"8""x3-1/2""",,个,,KG,
,CPT00748,异径三通,SCH10SxSCH10S,SS,BW,022Cr19Ni10,1916T3017,ASME B16.9,RCC-M 2,QA1,"8""x3-1/2""",,个,13.3,KG,
,CPT00749,异径三通,SCH120xSCH80,SS,BW,P280GH,1916T3019,ASME B16.9,RCC-M 2,QA1,"8""x3-1/2""",,个,44,KG,
,CPT00750,异径三通,SCH160xSCH160,SS,BW,P280GH,1916T3019,ASME B16.9,RCC-M 2,QA1,"8""x3-1/2""",,个,,KG,
,CPT00751,异径三通,SCH20x3.58mm,SS,BW,20,1916T3019,ASME B16.9,RCC-M 2,QA1,"8""x3-1/2""",,个,,KG,
,CPT00752,异径三通,SCH40xSCH40,SS,BW,20,1916T3019,ASME B16.9,RCC-M 2,QA1,"8""x3-1/2""",,个,28,KG,
,CPT00753,异径三通,SCH40SxSCH40S,SS,BW,022Cr19Ni10,1916T3017,ASME B16.9,RCC-M 2,QA1,"8""x3-1/2""",,个,17.8,KG,
,CPT00754,异径三通,SCH80xSCH80,SS,BW,20,1916T3019,ASME B16.9,RCC-M 2,QA1,"8""x3-1/2""",,个,34,KG,
,CPT00755,异径三通,SCH80SxSCH80S,SS,BW,022Cr19Ni10,1916T3017,ASME B16.9,RCC-M 2,QA1,"8""x3-1/2""",,个,23.9,KG,
,CPT00756,异径三通,SCH10SxSCH10S,SS,BW,022Cr19Ni10,1916T3017,ASME B16.9,RCC-M 3,QA2,"8""x3-1/2""",,个,13.3,KG,
,CPT00757,异径三通,SCH20x3.58mm,SS,BW,20,1916T3019,ASME B16.9,RCC-M 3,QA2,"8""x3-1/2""",,个,,KG,
,CPT00758,异径三通,SCH40xSCH40,SS,BW,20,1916T3019,ASME B16.9,RCC-M 3,QA2,"8""x3-1/2""",,个,28,KG,
,CPT00759,异径三通,SCH40SxSCH40S,SS,BW,022Cr19Ni10,1916T3017,ASME B16.9,RCC-M 3,QA2,"8""x3-1/2""",,个,17.8,KG,
,CPT00760,异径三通,SCH10SxSCH10S,SS,BW,022Cr17Ni12Mo2,1916T3023,ASME B16.9,NA,QNCa,"8""x3-1/2""",,个,13.3,KG,
,CPT00761,异径三通,SCH10SxSCH10S,SS,BW,022Cr19Ni10,1916T3023,ASME B16.9,NA,QNCa,"8""x3-1/2""",,个,13.3,KG,
,CPT00762,异径三通,SCH20x3.58mm,SS,BW,20,1916T3025,ASME B16.9,NA,QNCa,"8""x3-1/2""",,个,,KG,
,CPT00763,异径三通,SCH160xSCH160,SS,BW,022Cr19Ni10,1916T3017,ASME B16.9,RCC-M 1,QA1,"8""x4""",,个,49,KG,
,CPT00764,异径三通,SCH10SxSCH10S,SS,BW,022Cr19Ni10,1916T3017,ASME B16.9,RCC-M 2,QA1,"8""x4""",,个,13.4,KG,
,CPT00765,异径三通,SCH120xSCH80,SS,BW,P280GH,1916T3019,ASME B16.9,RCC-M 2,QA1,"8""x4""",,个,44,KG,
,CPT00766,异径三通,SCH160xSCH160,SS,BW,P280GH,1916T3019,ASME B16.9,RCC-M 2,QA1,"8""x4""",,个,49,KG,
,CPT00767,异径三通,SCH20x3.58mm,SS,BW,20,1916T3019,ASME B16.9,RCC-M 2,QA1,"8""x4""",,个,,KG,
,CPT00768,异径三通,SCH40xSCH40,SS,BW,20,1916T3019,ASME B16.9,RCC-M 2,QA1,"8""x4""",,个,28,KG,
,CPT00769,异径三通,SCH40SxSCH40S,SS,BW,022Cr19Ni10,1916T3017,ASME B16.9,RCC-M 2,QA1,"8""x4""",,个,10,KG,
,CPT00770,异径三通,SCH80xSCH80,SS,BW,20,1916T3019,ASME B16.9,RCC-M 2,QA1,"8""x4""",,个,34,KG,
,CPT00771,异径三通,SCH80SxSCH80S,SS,BW,022Cr19Ni10,1916T3017,ASME B16.9,RCC-M 2,QA1,"8""x4""",,个,24.2,KG,
,CPT00772,异径三通,SCH10SxSCH10S,SS,BW,022Cr19Ni10,1916T3017,ASME B16.9,RCC-M 3,QA2,"8""x4""",,个,13.4,KG,
,CPT00773,异径三通,SCH20x3.58mm,SS,BW,20,1916T3019,ASME B16.9,RCC-M 3,QA2,"8""x4""",,个,,KG,
,CPT00774,异径三通,SCH40xSCH40,SS,BW,20,1916T3019,ASME B16.9,RCC-M 3,QA2,"8""x4""",,个,28,KG,
,CPT00775,异径三通,SCH40SxSCH40S,SS,BW,022Cr19Ni10,1916T3017,ASME B16.9,RCC-M 3,QA2,"8""x4""",,个,18,KG,
,CPT00776,异径三通,SCH10SxSCH10S,SS,BW,022Cr17Ni12Mo2,1916T3023,ASME B16.9,NA,QNCa,"8""x4""",,个,13.4,KG,
,CPT00777,异径三通,SCH10SxSCH10S,SS,BW,022Cr19Ni10,1916T3023,ASME B16.9,NA,QNCa,"8""x4""",,个,13.4,KG,
,CPT00778,异径三通,SCH20x3.58mm,SS,BW,20,1916T3025,ASME B16.9,NA,QNCa,"8""x4""",,个,28,KG,
,CPT00779,异径三通,SCH160xSCH160,SS,BW,022Cr19Ni10,1916T3017,ASME B16.9,RCC-M 1,QA1,"8""x5""",,个,52,KG,
,CPT00780,异径三通,SCH10SxSCH10S,SS,BW,022Cr19Ni10,1916T3017,ASME B16.9,RCC-M 2,QA1,"8""x5""",,个,13.7,KG,
,CPT00781,异径三通,SCH120xSCH120,SS,BW,P280GH,1916T3019,ASME B16.9,RCC-M 2,QA1,"8""x5""",,个,44,KG,
,CPT00782,异径三通,SCH160xSCH160,SS,BW,P280GH,1916T3019,ASME B16.9,RCC-M 2,QA1,"8""x5""",,个,52,KG,
,CPT00783,异径三通,SCH20x4.37mm,SS,BW,20,1916T3019,ASME B16.9,RCC-M 2,QA1,"8""x5""",,个,,KG,
,CPT00784,异径三通,SCH40xSCH40,SS,BW,20,1916T3019,ASME B16.9,RCC-M 2,QA1,"8""x5""",,个,28,KG,
,CPT00785,异径三通,SCH40SxSCH40S,SS,BW,022Cr19Ni10,1916T3017,ASME B16.9,RCC-M 2,QA1,"8""x5""",,个,18.4,KG,
,CPT00786,异径三通,SCH80xSCH80,SS,BW,20,1916T3019,ASME B16.9,RCC-M 2,QA1,"8""x5""",,个,34,KG,
,CPT00787,异径三通,SCH80SxSCH80S,SS,BW,022Cr19Ni10,1916T3017,ASME B16.9,RCC-M 2,QA1,"8""x5""",,个,24.7,KG,
,CPT00788,异径三通,SCH10SxSCH10S,SS,BW,022Cr19Ni10,1916T3017,ASME B16.9,RCC-M 3,QA2,"8""x5""",,个,13.7,KG,
,CPT00789,异径三通,SCH20x4.37mm,SS,BW,20,1916T3019,ASME B16.9,RCC-M 3,QA2,"8""x5""",,个,,KG,
,CPT00790,异径三通,SCH40xSCH40,SS,BW,20,1916T3019,ASME B16.9,RCC-M 3,QA2,"8""x5""",,个,28,KG,
,CPT00791,异径三通,SCH40SxSCH40S,SS,BW,022Cr19Ni10,1916T3017,ASME B16.9,RCC-M 3,QA2,"8""x5""",,个,18.4,KG,
,CPT00792,异径三通,SCH10SxSCH10S,SS,BW,022Cr17Ni12Mo2,1916T3023,ASME B16.9,NA,QNCa,"8""x5""",,个,13.7,KG,
,CPT00793,异径三通,SCH10SxSCH10S,SS,BW,022Cr19Ni10,1916T3023,ASME B16.9,NA,QNCa,"8""x5""",,个,13.7,KG,
,CPT00794,异径三通,SCH20x3.96mm,SS,BW,20,1916T3025,ASME B16.9,NA,QNCa,"8""x5""",,个,,KG,
,CPT00795,异径三通,SCH160xSCH160,SS,BW,022Cr19Ni10,1916T3017,ASME B16.9,RCC-M 1,QA1,"8""x6""",,个,52,KG,
,CPT00796,异径三通,SCH10SxSCH10S,SS,BW,022Cr19Ni10,1916T3017,ASME B16.9,RCC-M 2,QA1,"8""x6""",,个,14,KG,
,CPT00797,异径三通,SCH120xSCH120,SS,BW,P280GH,1916T3019,ASME B16.9,RCC-M 2,QA1,"8""x6""",,个,52,KG,
,CPT00798,异径三通,SCH160xSCH160,SS,BW,P280GH,1916T3019,ASME B16.9,RCC-M 2,QA1,"8""x6""",,个,52,KG,
,CPT00799,异径三通,SCH20x4.37mm,SS,BW,20,1916T3019,ASME B16.9,RCC-M 2,QA1,"8""x6""",,个,,KG,
,CPT00800,异径三通,SCH40xSCH40,SS,BW,20,1916T3019,ASME B16.9,RCC-M 2,QA1,"8""x6""",,个,28,KG,
,CPT00801,异径三通,SCH40SxSCH40S,SS,BW,022Cr19Ni10,1916T3017,ASME B16.9,RCC-M 2,QA1,"8""x6""",,个,18.8,KG,
,CPT00802,异径三通,SCH80xSCH80,SS,BW,20,1916T3019,ASME B16.9,RCC-M 2,QA1,"8""x6""",,个,34,KG,
,CPT00803,异径三通,SCH80SxSCH80S,SS,BW,022Cr19Ni10,1916T3017,ASME B16.9,RCC-M 2,QA1,"8""x6""",,个,25.3,KG,
,CPT00804,异径三通,SCH10SxSCH10S,SS,BW,022Cr19Ni10,1916T3017,ASME B16.9,RCC-M 3,QA2,"8""x6""",,个,14,KG,
,CPT00805,异径三通,SCH20x4.37mm,SS,BW,20,1916T3019,ASME B16.9,RCC-M 3,QA2,"8""x6""",,个,21,KG,
,CPT00806,异径三通,SCH40xSCH40,SS,BW,20,1916T3019,ASME B16.9,RCC-M 3,QA2,"8""x6""",,个,28,KG,
,CPT00807,异径三通,SCH40SxSCH40S,SS,BW,022Cr19Ni10,1916T3017,ASME B16.9,RCC-M 3,QA2,"8""x6""",,个,18.8,KG,
,CPT00808,异径三通,SCH10SxSCH10S,SS,BW,022Cr17Ni12Mo2,1916T3023,ASME B16.9,NA,QNCa,"8""x6""",,个,14,KG,
,CPT00809,异径三通,SCH10SxSCH10S,SS,BW,022Cr19Ni10,1916T3023,ASME B16.9,NA,QNCa,"8""x6""",,个,14,KG,
,CPT00810,异径三通,SCH20x4.37mm,SS,BW,20,1916T3025,ASME B16.9,NA,QNCa,"8""x6""",,个,28,KG,
,CPT00811,异径三通,SCH140xSCH160,SS,BW,026Cr18Ni12Mo2N,1916T3017,ASME B16.9,RCC-M 1,QA1,"10""x3""",,个,,KG,
,CPT00812,异径三通,SCH10SxSCH10S,SS,BW,022Cr19Ni10,1916T3017,ASME B16.9,RCC-M 2,QA1,"10""x3""",,个,,KG,
,CPT00813,异径三通,SCH140xSCH160,SS,BW,022Cr19Ni10,1916T3017,ASME B16.9,RCC-M 2,QA1,"10""x3""",,个,,KG,
,CPT00814,异径三通,SCH160xSCH160,SS,BW,P280GH,1916T3019,ASME B16.9,RCC-M 2,QA1,"10""x3""",,个,,KG,
,CPT00815,异径三通,SCH20x3.18mm,SS,BW,20,1916T3019,ASME B16.9,RCC-M 2,QA1,"10""x3""",,个,,KG,
,CPT00816,异径三通,SCH40xSCH40,SS,BW,20,1916T3019,ASME B16.9,RCC-M 2,QA1,"10""x3""",,个,,KG,
,CPT00817,异径三通,SCH60xSCH80,SS,BW,P280GH,1916T3019,ASME B16.9,RCC-M 2,QA1,"10""x3""",,个,,KG,
,CPT00818,异径三通,SCH80xSCH80,SS,BW,20,1916T3019,ASME B16.9,RCC-M 2,QA1,"10""x3""",,个,,KG,
,CPT00819,异径三通,SCH80SxSCH40S,SS,BW,022Cr19Ni10,1916T3017,ASME B16.9,RCC-M 2,QA1,"10""x3""",,个,,KG,
,CPT00820,异径三通,SCH10SxSCH10S,SS,BW,022Cr19Ni10,1916T3017,ASME B16.9,RCC-M 3,QA2,"10""x3""",,个,,KG,
,CPT00821,异径三通,SCH20x3.18mm,SS,BW,20,1916T3019,ASME B16.9,RCC-M 3,QA2,"10""x3""",,个,,KG,
,CPT00822,异径三通,SCH40xSCH40,SS,BW,20,1916T3019,ASME B16.9,RCC-M 3,QA2,"10""x3""",,个,,KG,
,CPT00823,异径三通,SCH80SxSCH40S,SS,BW,022Cr19Ni10,1916T3017,ASME B16.9,RCC-M 3,QA2,"10""x3""",,个,,KG,
,CPT00824,异径三通,SCH10SxSCH10S,SS,BW,022Cr17Ni12Mo2,1916T3023,ASME B16.9,NA,QNCa,"10""x3""",,个,,KG,
,CPT00825,异径三通,SCH10SxSCH10S,SS,BW,022Cr19Ni10,1916T3023,ASME B16.9,NA,QNCa,"10""x3""",,个,,KG,
,CPT00826,异径三通,SCH20x3.18mm,SS,BW,20,1916T3025,ASME B16.9,NA,QNCa,"10""x3""",,个,29,KG,
,CPT00827,异径三通,SCH140xSCH160,SS,BW,026Cr18Ni12Mo2N,1916T3017,ASME B16.9,RCC-M 1,QA1,"10""x4""",,个,85,KG,
,CPT00828,异径三通,SCH10SxSCH10S,SS,BW,022Cr19Ni10,1916T3017,ASME B16.9,RCC-M 2,QA1,"10""x4""",,个,22.7,KG,
,CPT00829,异径三通,SCH140xSCH160,SS,BW,022Cr19Ni10,1916T3017,ASME B16.9,RCC-M 2,QA1,"10""x4""",,个,85,KG,
,CPT00830,异径三通,SCH160xSCH160,SS,BW,P280GH,1916T3019,ASME B16.9,RCC-M 2,QA1,"10""x4""",,个,85,KG,
,CPT00831,异径三通,SCH20x3.58mm,SS,BW,20,1916T3019,ASME B16.9,RCC-M 2,QA1,"10""x4""",,个,,KG,
,CPT00832,异径三通,SCH40xSCH40,SS,BW,20,1916T3019,ASME B16.9,RCC-M 2,QA1,"10""x4""",,个,41,KG,
,CPT00833,异径三通,SCH60xSCH80,SS,BW,P280GH,1916T3019,ASME B16.9,RCC-M 2,QA1,"10""x4""",,个,,KG,
,CPT00834,异径三通,SCH80xSCH80,SS,BW,20,1916T3019,ASME B16.9,RCC-M 2,QA1,"10""x4""",,个,53,KG,
,CPT00835,异径三通,SCH80SxSCH40S,SS,BW,022Cr19Ni10,1916T3017,ASME B16.9,RCC-M 2,QA1,"10""x4""",,个,42.4,KG,
,CPT00836,异径三通,SCH10SxSCH10S,SS,BW,022Cr19Ni10,1916T3017,ASME B16.9,RCC-M 3,QA2,"10""x4""",,个,22.7,KG,
,CPT00837,异径三通,SCH20x3.58mm,SS,BW,20,1916T3019,ASME B16.9,RCC-M 3,QA2,"10""x4""",,个,29,KG,
,CPT00838,异径三通,SCH40xSCH40,SS,BW,20,1916T3019,ASME B16.9,RCC-M 3,QA2,"10""x4""",,个,41,KG,
,CPT00839,异径三通,SCH80SxSCH40S,SS,BW,022Cr19Ni10,1916T3017,ASME B16.9,RCC-M 3,QA2,"10""x4""",,个,42.4,KG,
,CPT00840,异径三通,SCH10SxSCH10S,SS,BW,022Cr17Ni12Mo2,1916T3023,ASME B16.9,NA,QNCa,"10""x4""",,个,22.7,KG,
,CPT00841,异径三通,SCH10SxSCH10S,SS,BW,022Cr19Ni10,1916T3023,ASME B16.9,NA,QNCa,"10""x4""",,个,22.7,KG,
,CPT00842,异径三通,SCH20x3.58mm,SS,BW,20,1916T3025,ASME B16.9,NA,QNCa,"10""x4""",,个,,KG,
,CPT00843,异径三通,SCH140xSCH160,SS,BW,026Cr18Ni12Mo2N,1916T3017,ASME B16.9,RCC-M 1,QA1,"10""x5""",,个,,KG,
,CPT00844,异径三通,SCH10SxSCH10S,SS,BW,022Cr19Ni10,1916T3017,ASME B16.9,RCC-M 2,QA1,"10""x5""",,个,23,KG,
,CPT00845,异径三通,SCH140xSCH160,SS,BW,022Cr19Ni10,1916T3017,ASME B16.9,RCC-M 2,QA1,"10""x5""",,个,,KG,
,CPT00846,异径三通,SCH160xSCH160,SS,BW,P280GH,1916T3019,ASME B16.9,RCC-M 2,QA1,"10""x5""",,个,89,KG,
,CPT00847,异径三通,SCH20x4.37mm,SS,BW,20,1916T3019,ASME B16.9,RCC-M 2,QA1,"10""x5""",,个,,KG,
,CPT00848,异径三通,SCH40xSCH40,SS,BW,20,1916T3019,ASME B16.9,RCC-M 2,QA1,"10""x5""",,个,41,KG,
,CPT00849,异径三通,SCH60xSCH120,SS,BW,P280GH,1916T3019,ASME B16.9,RCC-M 2,QA1,"10""x5""",,个,,KG,
,CPT00850,异径三通,SCH80xSCH80,SS,BW,20,1916T3019,ASME B16.9,RCC-M 2,QA1,"10""x5""",,个,53,KG,
,CPT00851,异径三通,SCH80SxSCH40S,SS,BW,022Cr19Ni10,1916T3017,ASME B16.9,RCC-M 2,QA1,"10""x5""",,个,42.9,KG,
,CPT00852,异径三通,SCH10SxSCH10S,SS,BW,022Cr19Ni10,1916T3017,ASME B16.9,RCC-M 3,QA2,"10""x5""",,个,23,KG,
,CPT00853,异径三通,SCH20x4.37mm,SS,BW,20,1916T3019,ASME B16.9,RCC-M 3,QA2,"10""x5""",,个,,KG,
,CPT00854,异径三通,SCH40xSCH40,SS,BW,20,1916T3019,ASME B16.9,RCC-M 3,QA2,"10""x5""",,个,41,KG,
,CPT00855,异径三通,SCH80SxSCH40S,SS,BW,022Cr19Ni10,1916T3017,ASME B16.9,RCC-M 3,QA2,"10""x5""",,个,42.9,KG,
,CPT00856,异径三通,SCH10SxSCH10S,SS,BW,022Cr17Ni12Mo2,1916T3023,ASME B16.9,NA,QNCa,"10""x5""",,个,23,KG,
,CPT00857,异径三通,SCH10SxSCH10S,SS,BW,022Cr19Ni10,1916T3023,ASME B16.9,NA,QNCa,"10""x5""",,个,23,KG,
,CPT00858,异径三通,SCH20x3.96mm,SS,BW,20,1916T3025,ASME B16.9,NA,QNCa,"10""x5""",,个,,KG,
,CPT00859,异径三通,SCH140xSCH160,SS,BW,026Cr18Ni12Mo2N,1916T3017,ASME B16.9,RCC-M 1,QA1,"10""x6""",,个,,KG,
,CPT00860,异径三通,SCH10SxSCH10S,SS,BW,022Cr19Ni10,1916T3017,ASME B16.9,RCC-M 2,QA1,"10""x6""",,个,23.5,KG,
,CPT00861,异径三通,SCH140xSCH160,SS,BW,022Cr19Ni10,1916T3017,ASME B16.9,RCC-M 2,QA1,"10""x6""",,个,101,KG,
,CPT00862,异径三通,SCH160xSCH160,SS,BW,P280GH,1916T3019,ASME B16.9,RCC-M 2,QA1,"10""x6""",,个,101,KG,
,CPT00863,异径三通,SCH20x4.37mm,SS,BW,20,1916T3019,ASME B16.9,RCC-M 2,QA1,"10""x6""",,个,,KG,
,CPT00864,异径三通,SCH40xSCH40,SS,BW,20,1916T3019,ASME B16.9,RCC-M 2,QA1,"10""x6""",,个,41,KG,
,CPT00865,异径三通,SCH60xSCH120,SS,BW,P280GH,1916T3019,ASME B16.9,RCC-M 2,QA1,"10""x6""",,个,,KG,
,CPT00866,异径三通,SCH80xSCH80,SS,BW,20,1916T3019,ASME B16.9,RCC-M 2,QA1,"10""x6""",,个,54,KG,
,CPT00867,异径三通,SCH80SxSCH40S,SS,BW,022Cr19Ni10,1916T3017,ASME B16.9,RCC-M 2,QA1,"10""x6""",,个,43.9,KG,
,CPT00868,异径三通,SCH10SxSCH10S,SS,BW,022Cr19Ni10,1916T3017,ASME B16.9,RCC-M 3,QA2,"10""x6""",,个,23.5,KG,
,CPT00869,异径三通,SCH20x4.37mm,SS,BW,20,1916T3019,ASME B16.9,RCC-M 3,QA2,"10""x6""",,个,29,KG,
,CPT00870,异径三通,SCH40xSCH40,SS,BW,20,1916T3019,ASME B16.9,RCC-M 3,QA2,"10""x6""",,个,41,KG,
,CPT00871,异径三通,SCH80SxSCH40S,SS,BW,022Cr19Ni10,1916T3017,ASME B16.9,RCC-M 3,QA2,"10""x6""",,个,43.9,KG,
,CPT00872,异径三通,SCH10SxSCH10S,SS,BW,022Cr17Ni12Mo2,1916T3023,ASME B16.9,NA,QNCa,"10""x6""",,个,23.5,KG,
,CPT00873,异径三通,SCH10SxSCH10S,SS,BW,022Cr19Ni10,1916T3023,ASME B16.9,NA,QNCa,"10""x6""",,个,23.5,KG,
,CPT00874,异径三通,SCH20x4.37mm,SS,BW,20,1916T3025,ASME B16.9,NA,QNCa,"10""x6""",,个,29,KG,
,CPT00875,异径三通,SCH140xSCH160,SS,BW,026Cr18Ni12Mo2N,1916T3017,ASME B16.9,RCC-M 1,QA1,"10""x8""",,个,99,KG,
,CPT00876,异径三通,SCH10SxSCH10S,SS,BW,022Cr19Ni10,1916T3017,ASME B16.9,RCC-M 2,QA1,"10""x8""",,个,24.1,KG,
,CPT00877,异径三通,SCH140xSCH160,SS,BW,022Cr19Ni10,1916T3017,ASME B16.9,RCC-M 2,QA1,"10""x8""",,个,99,KG,
,CPT00878,异径三通,SCH160xSCH160,SS,BW,P280GH,1916T3019,ASME B16.9,RCC-M 2,QA1,"10""x8""",,个,109,KG,
,CPT00879,异径三通,SCH20xSCH20,SS,BW,20,1916T3019,ASME B16.9,RCC-M 2,QA1,"10""x8""",,个,29,KG,
,CPT00880,异径三通,SCH40xSCH40,SS,BW,20,1916T3019,ASME B16.9,RCC-M 2,QA1,"10""x8""",,个,41,KG,
,CPT00881,异径三通,SCH60xSCH120,SS,BW,P280GH,1916T3019,ASME B16.9,RCC-M 2,QA1,"10""x8""",,个,53,KG,
,CPT00882,异径三通,SCH80xSCH80,SS,BW,20,1916T3019,ASME B16.9,RCC-M 2,QA1,"10""x8""",,个,71,KG,
,CPT00883,异径三通,SCH80SxSCH40S,SS,BW,022Cr19Ni10,1916T3017,ASME B16.9,RCC-M 2,QA1,"10""x8""",,个,44.8,KG,
,CPT00884,异径三通,SCH10SxSCH10S,SS,BW,022Cr19Ni10,1916T3017,ASME B16.9,RCC-M 3,QA2,"10""x8""",,个,24.1,KG,
,CPT00885,异径三通,SCH20xSCH20,SS,BW,20,1916T3019,ASME B16.9,RCC-M 3,QA2,"10""x8""",,个,29,KG,
,CPT00886,异径三通,SCH40xSCH40,SS,BW,20,1916T3019,ASME B16.9,RCC-M 3,QA2,"10""x8""",,个,41,KG,
,CPT00887,异径三通,SCH80SxSCH40S,SS,BW,022Cr19Ni10,1916T3017,ASME B16.9,RCC-M 3,QA2,"10""x8""",,个,44.8,KG,
,CPT00888,异径三通,SCH10SxSCH10S,SS,BW,022Cr17Ni12Mo2,1916T3023,ASME B16.9,NA,QNCa,"10""x8""",,个,24.1,KG,
,CPT00889,异径三通,SCH10SxSCH10S,SS,BW,022Cr19Ni10,1916T3023,ASME B16.9,NA,QNCa,"10""x8""",,个,24.1,KG,
,CPT00890,异径三通,SCH20xSCH20,SS,BW,20,1916T3025,ASME B16.9,NA,QNCa,"10""x8""",,个,29,KG,
,CPT00891,异径三通,SCH140xSCH160,SS,BW,026Cr18Ni12Mo2N,1916T3017,ASME B16.9,RCC-M 1,QA1,"12""x5""",,个,,KG,
,CPT00892,异径三通,7.14mmx4.37mm,SS,BW,20,1916T3019,ASME B16.9,RCC-M 2,QA1,"12""x5""",,个,,KG,
,CPT00893,异径三通,SCH10SxSCH10S,SS,BW,022Cr19Ni10,1916T3017,ASME B16.9,RCC-M 2,QA1,"12""x5""",,个,33.5,KG,
,CPT00894,异径三通,SCH140xSCH160,SS,BW,022Cr19Ni10,1916T3017,ASME B16.9,RCC-M 2,QA1,"12""x5""",,个,,KG,
,CPT00895,异径三通,SCH160xSCH160,SS,BW,P280GH,1916T3019,ASME B16.9,RCC-M 2,QA1,"12""x5""",,个,144,KG,
,CPT00896,异径三通,SCH40xSCH40,SS,BW,20,1916T3019,ASME B16.9,RCC-M 2,QA1,"12""x5""",,个,64,KG,
,CPT00897,异径三通,SCH80xSCH80,SS,BW,20,1916T3019,ASME B16.9,RCC-M 2,QA1,"12""x5""",,个,82,KG,
,CPT00898,异径三通,SCH80SxSCH40S,SS,BW,022Cr19Ni10,1916T3017,ASME B16.9,RCC-M 2,QA1,"12""x5""",,个,71.1,KG,
,CPT00899,异径三通,7.14mmx4.37mm,SS,BW,20,1916T3019,ASME B16.9,RCC-M 3,QA2,"12""x5""",,个,,KG,
,CPT00900,异径三通,SCH10SxSCH10S,SS,BW,022Cr19Ni10,1916T3017,ASME B16.9,RCC-M 3,QA2,"12""x5""",,个,33.5,KG,
,CPT00901,异径三通,SCH40xSCH40,SS,BW,20,1916T3019,ASME B16.9,RCC-M 3,QA2,"12""x5""",,个,64,KG,
,CPT00902,异径三通,SCH80SxSCH40S,SS,BW,022Cr19Ni10,1916T3017,ASME B16.9,RCC-M 3,QA2,"12""x5""",,个,71.1,KG,
,CPT00903,异径三通,7.14mmx3.96mm,SS,BW,20,1916T3025,ASME B16.9,NA,QNCa,"12""x5""",,个,,KG,
,CPT00904,异径三通,SCH10SxSCH10S,SS,BW,022Cr17Ni12Mo2,1916T3023,ASME B16.9,NA,QNCa,"12""x5""",,个,33.5,KG,
,CPT00905,异径三通,SCH10SxSCH10S,SS,BW,022Cr19Ni10,1916T3023,ASME B16.9,NA,QNCa,"12""x5""",,个,33.5,KG,
,CPT00906,异径三通,SCH20x3.96mm,SS,BW,20,1916T3025,ASME B16.9,NA,QNCa,"12""x5""",,个,,KG,
,CPT00907,异径三通,SCH140xSCH160,SS,BW,026Cr18Ni12Mo2N,1916T3017,ASME B16.9,RCC-M 1,QA1,"12""x6""",,个,,KG,
,CPT00908,异径三通,7.14mmx4.37mm,SS,BW,20,1916T3019,ASME B16.9,RCC-M 2,QA1,"12""x6""",,个,,KG,
,CPT00909,异径三通,SCH10SxSCH10S,SS,BW,022Cr19Ni10,1916T3017,ASME B16.9,RCC-M 2,QA1,"12""x6""",,个,33.9,KG,
,CPT00910,异径三通,SCH140xSCH160,SS,BW,022Cr19Ni10,1916T3017,ASME B16.9,RCC-M 2,QA1,"12""x6""",,个,,KG,
,CPT00911,异径三通,SCH160xSCH160,SS,BW,P280GH,1916T3019,ASME B16.9,RCC-M 2,QA1,"12""x6""",,个,144,KG,
,CPT00912,异径三通,SCH40xSCH40,SS,BW,20,1916T3019,ASME B16.9,RCC-M 2,QA1,"12""x6""",,个,64,KG,
,CPT00913,异径三通,SCH80xSCH80,SS,BW,20,1916T3019,ASME B16.9,RCC-M 2,QA1,"12""x6""",,个,82,KG,
,CPT00914,异径三通,SCH80SxSCH40S,SS,BW,022Cr19Ni10,1916T3017,ASME B16.9,RCC-M 2,QA1,"12""x6""",,个,72,KG,
,CPT00915,异径三通,7.14mmx4.37mm,SS,BW,20,1916T3019,ASME B16.9,RCC-M 3,QA2,"12""x6""",,个,,KG,
,CPT00916,异径三通,SCH10SxSCH10S,SS,BW,022Cr19Ni10,1916T3017,ASME B16.9,RCC-M 3,QA2,"12""x6""",,个,33.9,KG,
,CPT00917,异径三通,SCH40xSCH40,SS,BW,20,1916T3019,ASME B16.9,RCC-M 3,QA2,"12""x6""",,个,64,KG,
,CPT00918,异径三通,SCH80SxSCH40S,SS,BW,022Cr19Ni10,1916T3017,ASME B16.9,RCC-M 3,QA2,"12""x6""",,个,72,KG,
,CPT00919,异径三通,7.14mmx4.37mm,SS,BW,20,1916T3025,ASME B16.9,NA,QNCa,"12""x6""",,个,63,KG,
,CPT00920,异径三通,SCH10SxSCH10S,SS,BW,022Cr17Ni12Mo2,1916T3023,ASME B16.9,NA,QNCa,"12""x6""",,个,33.9,KG,
,CPT00921,异径三通,SCH10SxSCH10S,SS,BW,022Cr19Ni10,1916T3023,ASME B16.9,NA,QNCa,"12""x6""",,个,33.9,KG,
,CPT00922,异径三通,SCH20x4.37mm,SS,BW,20,1916T3025,ASME B16.9,NA,QNCa,"12""x6""",,个,41,KG,
,CPT00923,异径三通,SCH140xSCH160,SS,BW,026Cr18Ni12Mo2N,1916T3017,ASME B16.9,RCC-M 1,QA1,"12""x8""",,个,144,KG,
,CPT00924,异径三通,7.14mmxSCH20,SS,BW,20,1916T3019,ASME B16.9,RCC-M 2,QA1,"12""x8""",,个,,KG,
,CPT00925,异径三通,SCH10SxSCH10S,SS,BW,022Cr19Ni10,1916T3017,ASME B16.9,RCC-M 2,QA1,"12""x8""",,个,34.7,KG,
,CPT00926,异径三通,SCH140xSCH160,SS,BW,022Cr19Ni10,1916T3017,ASME B16.9,RCC-M 2,QA1,"12""x8""",,个,144,KG,
,CPT00927,异径三通,SCH160xSCH160,SS,BW,P280GH,1916T3019,ASME B16.9,RCC-M 2,QA1,"12""x8""",,个,155,KG,
,CPT00928,异径三通,SCH40xSCH40,SS,BW,20,1916T3019,ASME B16.9,RCC-M 2,QA1,"12""x8""",,个,64,KG,
,CPT00929,异径三通,SCH80xSCH80,SS,BW,20,1916T3019,ASME B16.9,RCC-M 2,QA1,"12""x8""",,个,82,KG,
,CPT00930,异径三通,SCH80SxSCH40S,SS,BW,022Cr19Ni10,1916T3017,ASME B16.9,RCC-M 2,QA1,"12""x8""",,个,34.7,KG,
,CPT00931,异径三通,7.14mmxSCH20,SS,BW,20,1916T3019,ASME B16.9,RCC-M 3,QA2,"12""x8""",,个,,KG,
,CPT00932,异径三通,SCH10SxSCH10S,SS,BW,022Cr19Ni10,1916T3017,ASME B16.9,RCC-M 3,QA2,"12""x8""",,个,34.7,KG,
,CPT00933,异径三通,SCH40xSCH40,SS,BW,20,1916T3019,ASME B16.9,RCC-M 3,QA2,"12""x8""",,个,64,KG,
,CPT00934,异径三通,SCH80SxSCH40S,SS,BW,022Cr19Ni10,1916T3017,ASME B16.9,RCC-M 3,QA2,"12""x8""",,个,73.8,KG,
,CPT00935,异径三通,7.14mmxSCH20,SS,BW,20,1916T3025,ASME B16.9,NA,QNCa,"12""x8""",,个,,KG,
,CPT00936,异径三通,SCH10SxSCH10S,SS,BW,022Cr17Ni12Mo2,1916T3023,ASME B16.9,NA,QNCa,"12""x8""",,个,34.7,KG,
,CPT00937,异径三通,SCH10SxSCH10S,SS,BW,022Cr19Ni10,1916T3023,ASME B16.9,NA,QNCa,"12""x8""",,个,34.7,KG,
,CPT00938,异径三通,SCH20xSCH20,SS,BW,20,1916T3025,ASME B16.9,NA,QNCa,"12""x8""",,个,41,KG,
,CPT00939,异径三通,SCH140xSCH140,SS,BW,026Cr18Ni12Mo2N,1916T3017,ASME B16.9,RCC-M 1,QA1,"12""x10""",,个,160,KG,
,CPT00940,异径三通,7.14mmxSCH20,SS,BW,20,1916T3019,ASME B16.9,RCC-M 2,QA1,"12""x10""",,个,,KG,
,CPT00941,异径三通,SCH10SxSCH10S,SS,BW,022Cr19Ni10,1916T3017,ASME B16.9,RCC-M 2,QA1,"12""x10""",,个,35.5,KG,
,CPT00942,异径三通,SCH140xSCH140,SS,BW,022Cr19Ni10,1916T3017,ASME B16.9,RCC-M 2,QA1,"12""x10""",,个,160,KG,
,CPT00943,异径三通,SCH160xSCH160,SS,BW,P280GH,1916T3019,ASME B16.9,RCC-M 2,QA1,"12""x10""",,个,171,KG,
,CPT00944,异径三通,SCH40xSCH40,SS,BW,20,1916T3019,ASME B16.9,RCC-M 2,QA1,"12""x10""",,个,67,KG,
,CPT00945,异径三通,SCH80xSCH80,SS,BW,20,1916T3019,ASME B16.9,RCC-M 2,QA1,"12""x10""",,个,103,KG,
,CPT00946,异径三通,SCH80SxSCH80S,SS,BW,022Cr19Ni10,1916T3017,ASME B16.9,RCC-M 2,QA1,"12""x10""",,个,75.2,KG,
,CPT00947,异径三通,7.14mmxSCH20,SS,BW,20,1916T3019,ASME B16.9,RCC-M 3,QA2,"12""x10""",,个,,KG,
,CPT00948,异径三通,SCH10SxSCH10S,SS,BW,022Cr19Ni10,1916T3017,ASME B16.9,RCC-M 3,QA2,"12""x10""",,个,35.5,KG,
,CPT00949,异径三通,SCH40xSCH40,SS,BW,20,1916T3019,ASME B16.9,RCC-M 3,QA2,"12""x10""",,个,67,KG,
,CPT00950,异径三通,SCH80SxSCH80S,SS,BW,022Cr19Ni10,1916T3017,ASME B16.9,RCC-M 3,QA2,"12""x10""",,个,75.2,KG,
,CPT00951,异径三通,7.14mmxSCH20,SS,BW,20,1916T3025,ASME B16.9,NA,QNCa,"12""x10""",,个,,KG,
,CPT00952,异径三通,SCH10SxSCH10S,SS,BW,022Cr17Ni12Mo2,1916T3023,ASME B16.9,NA,QNCa,"12""x10""",,个,35.5,KG,
,CPT00953,异径三通,SCH10SxSCH10S,SS,BW,022Cr19Ni10,1916T3023,ASME B16.9,NA,QNCa,"12""x10""",,个,35.5,KG,
,CPT00954,异径三通,SCH20xSCH20,SS,BW,20,1916T3025,ASME B16.9,NA,QNCa,"12""x10""",,个,43,KG,
,CPT00955,异径三通,SCH140xSCH160,SS,BW,026Cr18Ni12Mo2N,1916T3017,ASME B16.9,RCC-M 1,QA1,"14""x6""",,个,,KG,
,CPT00956,异径三通,SCH10SxSCH10S,SS,BW,022Cr19Ni10,1916T3017,ASME B16.9,RCC-M 2,QA1,"14""x6""",,个,41.2,KG,
,CPT00957,异径三通,SCH140xSCH160,SS,BW,022Cr19Ni10,1916T3017,ASME B16.9,RCC-M 2,QA1,"14""x6""",,个,,KG,
,CPT00958,异径三通,SCH160xSCH160,SS,BW,P280GH,1916T3019,ASME B16.9,RCC-M 2,QA1,"14""x6""",,个,270,KG,
,CPT00959,异径三通,SCH20x4.37mm,SS,BW,20,1916T3019,ASME B16.9,RCC-M 2,QA1,"14""x6""",,个,,KG,
,CPT00960,异径三通,SCH40xSCH40,SS,BW,20,1916T3019,ASME B16.9,RCC-M 2,QA1,"14""x6""",,个,109,KG,
,CPT00961,异径三通,SCH60xSCH40S,SS,BW,022Cr19Ni10,1916T3017,ASME B16.9,RCC-M 2,QA1,"14""x6""",,个,115.5,KG,
,CPT00962,异径三通,SCH80xSCH80,SS,BW,20,1916T3019,ASME B16.9,RCC-M 2,QA1,"14""x6""",,个,122,KG,
,CPT00963,异径三通,SCH80SxSCH80S,SS,BW,022Cr19Ni10,1916T3017,ASME B16.9,RCC-M 2,QA1,"14""x6""",,个,,KG,
,CPT00964,异径三通,SCH20x4.37mm,SS,BW,20,1916T3019,ASME B16.9,RCC-M 3,QA2,"14""x6""",,个,,KG,
,CPT00965,异径三通,SCH40xSCH40,SS,BW,20,1916T3019,ASME B16.9,RCC-M 3,QA2,"14""x6""",,个,109,KG,
,CPT00966,异径三通,SCH60xSCH40S,SS,BW,022Cr19Ni10,1916T3017,ASME B16.9,RCC-M 3,QA2,"14""x6""",,个,,KG,
,CPT00967,异径三通,SCH10SxSCH10S,SS,BW,022Cr17Ni12Mo2,1916T3023,ASME B16.9,NA,QNCa,"14""x6""",,个,41.2,KG,
,CPT00968,异径三通,SCH10SxSCH10S,SS,BW,022Cr19Ni10,1916T3023,ASME B16.9,NA,QNCa,"14""x6""",,个,41.2,KG,
,CPT00969,异径三通,SCH20x4.37mm,SS,BW,20,1916T3025,ASME B16.9,NA,QNCa,"14""x6""",,个,,KG,
,CPT00970,异径三通,SCH140xSCH160,SS,BW,026Cr18Ni12Mo2N,1916T3017,ASME B16.9,RCC-M 1,QA1,"14""x8""",,个,250,KG,
,CPT00971,异径三通,SCH10SxSCH10S,SS,BW,022Cr19Ni10,1916T3017,ASME B16.9,RCC-M 2,QA1,"14""x8""",,个,41.7,KG,
,CPT00972,异径三通,SCH140xSCH160,SS,BW,022Cr19Ni10,1916T3017,ASME B16.9,RCC-M 2,QA1,"14""x8""",,个,250,KG,
,CPT00973,异径三通,SCH160xSCH160,SS,BW,P280GH,1916T3019,ASME B16.9,RCC-M 2,QA1,"14""x8""",,个,270,KG,
,CPT00974,异径三通,SCH20xSCH20,SS,BW,20,1916T3019,ASME B16.9,RCC-M 2,QA1,"14""x8""",,个,90,KG,
,CPT00975,异径三通,SCH40xSCH40,SS,BW,20,1916T3019,ASME B16.9,RCC-M 2,QA1,"14""x8""",,个,109,KG,
,CPT00976,异径三通,SCH60xSCH40S,SS,BW,022Cr19Ni10,1916T3017,ASME B16.9,RCC-M 2,QA1,"14""x8""",,个,136,KG,
,CPT00977,异径三通,SCH80xSCH80,SS,BW,20,1916T3019,ASME B16.9,RCC-M 2,QA1,"14""x8""",,个,122,KG,
,CPT00978,异径三通,SCH80SxSCH80S,SS,BW,022Cr19Ni10,1916T3017,ASME B16.9,RCC-M 2,QA1,"14""x8""",,个,,KG,
,CPT00979,异径三通,SCH20xSCH20,SS,BW,20,1916T3019,ASME B16.9,RCC-M 3,QA2,"14""x8""",,个,90,KG,
,CPT00980,异径三通,SCH40xSCH40,SS,BW,20,1916T3019,ASME B16.9,RCC-M 3,QA2,"14""x8""",,个,109,KG,
,CPT00981,异径三通,SCH60xSCH40S,SS,BW,022Cr19Ni10,1916T3017,ASME B16.9,RCC-M 3,QA2,"14""x8""",,个,136,KG,
,CPT00982,异径三通,SCH10SxSCH10S,SS,BW,022Cr17Ni12Mo2,1916T3023,ASME B16.9,NA,QNCa,"14""x8""",,个,41.7,KG,
,CPT00983,异径三通,SCH10SxSCH10S,SS,BW,022Cr19Ni10,1916T3023,ASME B16.9,NA,QNCa,"14""x8""",,个,41.7,KG,
,CPT00984,异径三通,SCH20xSCH20,SS,BW,20,1916T3025,ASME B16.9,NA,QNCa,"14""x8""",,个,90,KG,
,CPT00985,异径三通,SCH140xSCH140,SS,BW,026Cr18Ni12Mo2N,1916T3017,ASME B16.9,RCC-M 1,QA1,"14""x10""",,个,265,KG,
,CPT00986,异径三通,SCH10SxSCH10S,SS,BW,022Cr19Ni10,1916T3017,ASME B16.9,RCC-M 2,QA1,"14""x10""",,个,42.7,KG,
,CPT00987,异径三通,SCH140xSCH140,SS,BW,022Cr19Ni10,1916T3017,ASME B16.9,RCC-M 2,QA1,"14""x10""",,个,265,KG,
,CPT00988,异径三通,SCH160xSCH160,SS,BW,P280GH,1916T3019,ASME B16.9,RCC-M 2,QA1,"14""x10""",,个,285,KG,
,CPT00989,异径三通,SCH20xSCH20,SS,BW,20,1916T3019,ASME B16.9,RCC-M 2,QA1,"14""x10""",,个,90,KG,
,CPT00990,异径三通,SCH40xSCH40,SS,BW,20,1916T3019,ASME B16.9,RCC-M 2,QA1,"14""x10""",,个,109,KG,
,CPT00991,异径三通,SCH60xSCH80S,SS,BW,022Cr19Ni10,1916T3017,ASME B16.9,RCC-M 2,QA1,"14""x10""",,个,136,KG,
,CPT00992,异径三通,SCH80xSCH80,SS,BW,20,1916T3019,ASME B16.9,RCC-M 2,QA1,"14""x10""",,个,141,KG,
,CPT00993,异径三通,SCH80SxSCH80S,SS,BW,022Cr19Ni10,1916T3017,ASME B16.9,RCC-M 2,QA1,"14""x10""",,个,,KG,
,CPT00994,异径三通,SCH20xSCH20,SS,BW,20,1916T3019,ASME B16.9,RCC-M 3,QA2,"14""x10""",,个,90,KG,
,CPT00995,异径三通,SCH40xSCH40,SS,BW,20,1916T3019,ASME B16.9,RCC-M 3,QA2,"14""x10""",,个,109,KG,
,CPT00996,异径三通,SCH60xSCH80S,SS,BW,022Cr19Ni10,1916T3017,ASME B16.9,RCC-M 3,QA2,"14""x10""",,个,136,KG,
,CPT00997,异径三通,SCH10SxSCH10S,SS,BW,022Cr17Ni12Mo2,1916T3023,ASME B16.9,NA,QNCa,"14""x10""",,个,42.7,KG,
,CPT00998,异径三通,SCH10SxSCH10S,SS,BW,022Cr19Ni10,1916T3023,ASME B16.9,NA,QNCa,"14""x10""",,个,42.7,KG,
,CPT00999,异径三通,SCH20xSCH20,SS,BW,20,1916T3025,ASME B16.9,NA,QNCa,"14""x10""",,个,90,KG,
,CPT01000,异径三通,SCH140xSCH140,SS,BW,026Cr18Ni12Mo2N,1916T3017,ASME B16.9,RCC-M 1,QA1,"14""x12""",,个,275,KG,
,CPT01001,异径三通,SCH10SxSCH10S,SS,BW,022Cr19Ni10,1916T3017,ASME B16.9,RCC-M 2,QA1,"14""x12""",,个,43.6,KG,
,CPT01002,异径三通,SCH140xSCH140,SS,BW,022Cr19Ni10,1916T3017,ASME B16.9,RCC-M 2,QA1,"14""x12""",,个,275,KG,
,CPT01003,异径三通,SCH160xSCH160,SS,BW,P280GH,1916T3019,ASME B16.9,RCC-M 2,QA1,"14""x12""",,个,300,KG,
,CPT01004,异径三通,SCH20x7.14mm,SS,BW,20,1916T3019,ASME B16.9,RCC-M 2,QA1,"14""x12""",,个,95,KG,
,CPT01005,异径三通,SCH40xSCH40,SS,BW,20,1916T3019,ASME B16.9,RCC-M 2,QA1,"14""x12""",,个,114,KG,
,CPT01006,异径三通,SCH60xSCH80S,SS,BW,022Cr19Ni10,1916T3017,ASME B16.9,RCC-M 2,QA1,"14""x12""",,个,141,KG,
,CPT01007,异径三通,SCH80xSCH80,SS,BW,20,1916T3019,ASME B16.9,RCC-M 2,QA1,"14""x12""",,个,143,KG,
,CPT01008,异径三通,SCH80SxSCH80S,SS,BW,022Cr19Ni10,1916T3017,ASME B16.9,RCC-M 2,QA1,"14""x12""",,个,,KG,
,CPT01009,异径三通,SCH20x7.14mm,SS,BW,20,1916T3019,ASME B16.9,RCC-M 3,QA2,"14""x12""",,个,95,KG,
,CPT01010,异径三通,SCH40xSCH40,SS,BW,20,1916T3019,ASME B16.9,RCC-M 3,QA2,"14""x12""",,个,114,KG,
,CPT01011,异径三通,SCH60xSCH80S,SS,BW,022Cr19Ni10,1916T3017,ASME B16.9,RCC-M 3,QA2,"14""x12""",,个,141,KG,
,CPT01012,异径三通,SCH10SxSCH10S,SS,BW,022Cr17Ni12Mo2,1916T3023,ASME B16.9,NA,QNCa,"14""x12""",,个,43.6,KG,
,CPT01013,异径三通,SCH10SxSCH10S,SS,BW,022Cr19Ni10,1916T3023,ASME B16.9,NA,QNCa,"14""x12""",,个,43.6,KG,
,CPT01014,异径三通,SCH20x7.14mm,SS,BW,20,1916T3025,ASME B16.9,NA,QNCa,"14""x12""",,个,95,KG,
,CPT01015,异径三通,SCH140xSCH160,SS,BW,026Cr18Ni12Mo2N,1916T3017,ASME B16.9,RCC-M 1,QA1,"16""x6""",,个,,KG,
,CPT01016,异径三通,8.74mmx4.37mm,SS,BW,20,1916T3019,ASME B16.9,RCC-M 2,QA1,"16""x6""",,个,,KG,
,CPT01017,异径三通,SCH10SxSCH10S,SS,BW,022Cr19Ni10,1916T3017,ASME B16.9,RCC-M 2,QA1,"16""x6""",,个,49.4,KG,
,CPT01018,异径三通,SCH140xSCH160,SS,BW,022Cr19Ni10,1916T3017,ASME B16.9,RCC-M 2,QA1,"16""x6""",,个,,KG,
,CPT01019,异径三通,SCH160xSCH160,SS,BW,P280GH,1916T3019,ASME B16.9,RCC-M 2,QA1,"16""x6""",,个,295,KG,
,CPT01020,异径三通,SCH40xSCH40,SS,BW,20,1916T3019,ASME B16.9,RCC-M 2,QA1,"16""x6""",,个,160,KG,
,CPT01021,异径三通,SCH40SxSCH10S,SS,BW,022Cr19Ni10,1916T3017,ASME B16.9,RCC-M 2,QA1,"16""x6""",,个,83.5,KG,
,CPT01022,异径三通,SCH60xSCH40S,SS,BW,022Cr19Ni10,1916T3017,ASME B16.9,RCC-M 2,QA1,"16""x6""",,个,,KG,
,CPT01023,异径三通,SCH80xSCH80,SS,BW,20,1916T3019,ASME B16.9,RCC-M 2,QA1,"16""x6""",,个,163,KG,
,CPT01024,异径三通,SCH80SxSCH80S,SS,BW,022Cr19Ni10,1916T3017,ASME B16.9,RCC-M 2,QA1,"16""x6""",,个,,KG,
,CPT01025,异径三通,9.8mmx4.37mm,SS,BW,20,1916T3019,ASME B16.9,RCC-M 3,QA2,"16""x6""",,个,,KG,
,CPT01026,异径三通,SCH40xSCH40,SS,BW,20,1916T3019,ASME B16.9,RCC-M 3,QA2,"16""x6""",,个,160,KG,
,CPT01027,异径三通,SCH60xSCH40S,SS,BW,022Cr19Ni10,1916T3017,ASME B16.9,RCC-M 3,QA2,"16""x6""",,个,,KG,
,CPT01028,异径三通,SCH10SxSCH10S,SS,BW,022Cr17Ni12Mo2,1916T3023,ASME B16.9,NA,QNCa,"16""x6""",,个,49.4,KG,
,CPT01029,异径三通,SCH10SxSCH10S,SS,BW,022Cr19Ni10,1916T3023,ASME B16.9,NA,QNCa,"16""x6""",,个,49.4,KG,
,CPT01030,异径三通,SCH20x4.37mm,SS,BW,20,1916T3025,ASME B16.9,NA,QNCa,"16""x6""",,个,,KG,
,CPT01031,异径三通,SCH140xSCH160,SS,BW,026Cr18Ni12Mo2N,1916T3017,ASME B16.9,RCC-M 1,QA1,"16""x8""",,个,295,KG,
,CPT01032,异径三通,8.74mmxSCH20,SS,BW,20,1916T3019,ASME B16.9,RCC-M 2,QA1,"16""x8""",,个,,KG,
,CPT01033,异径三通,SCH10SxSCH10S,SS,BW,022Cr19Ni10,1916T3017,ASME B16.9,RCC-M 2,QA1,"16""x8""",,个,49.8,KG,
,CPT01034,异径三通,SCH140xSCH160,SS,BW,022Cr19Ni10,1916T3017,ASME B16.9,RCC-M 2,QA1,"16""x8""",,个,295,KG,
,CPT01035,异径三通,SCH160xSCH160,SS,BW,P280GH,1916T3019,ASME B16.9,RCC-M 2,QA1,"16""x8""",,个,295,KG,
,CPT01036,异径三通,SCH40xSCH40,SS,BW,20,1916T3019,ASME B16.9,RCC-M 2,QA1,"16""x8""",,个,160,KG,
,CPT01037,异径三通,SCH40SxSCH10S,SS,BW,022Cr19Ni10,1916T3017,ASME B16.9,RCC-M 2,QA1,"16""x8""",,个,84.5,KG,
,CPT01038,异径三通,SCH60xSCH40S,SS,BW,022Cr19Ni10,1916T3017,ASME B16.9,RCC-M 2,QA1,"16""x8""",,个,161,KG,
,CPT01039,异径三通,SCH80xSCH80,SS,BW,20,1916T3019,ASME B16.9,RCC-M 2,QA1,"16""x8""",,个,163,KG,
,CPT01040,异径三通,SCH80SxSCH80S,SS,BW,022Cr19Ni10,1916T3017,ASME B16.9,RCC-M 2,QA1,"16""x8""",,个,,KG,
,CPT01041,异径三通,9.8mmxSCH20,SS,BW,20,1916T3019,ASME B16.9,RCC-M 3,QA2,"16""x8""",,个,,KG,
,CPT01042,异径三通,SCH40xSCH40,SS,BW,20,1916T3019,ASME B16.9,RCC-M 3,QA2,"16""x8""",,个,160,KG,
,CPT01043,异径三通,SCH60xSCH40S,SS,BW,022Cr19Ni10,1916T3017,ASME B16.9,RCC-M 3,QA2,"16""x8""",,个,161,KG,
,CPT01044,异径三通,SCH10SxSCH10S,SS,BW,022Cr17Ni12Mo2,1916T3023,ASME B16.9,NA,QNCa,"16""x8""",,个,49.8,KG,
,CPT01045,异径三通,SCH10SxSCH10S,SS,BW,022Cr19Ni10,1916T3023,ASME B16.9,NA,QNCa,"16""x8""",,个,49.8,KG,
,CPT01046,异径三通,SCH20xSCH20,SS,BW,20,1916T3025,ASME B16.9,NA,QNCa,"16""x8""",,个,98,KG,
,CPT01047,异径三通,SCH140xSCH140,SS,BW,026Cr18Ni12Mo2N,1916T3017,ASME B16.9,RCC-M 1,QA1,"16""x10""",,个,310,KG,
,CPT01048,异径三通,8.74mmxSCH20,SS,BW,20,1916T3019,ASME B16.9,RCC-M 2,QA1,"16""x10""",,个,,KG,
,CPT01049,异径三通,SCH10SxSCH10S,SS,BW,022Cr19Ni10,1916T3017,ASME B16.9,RCC-M 2,QA1,"16""x10""",,个,50.7,KG,
,CPT01050,异径三通,SCH140xSCH140,SS,BW,022Cr19Ni10,1916T3017,ASME B16.9,RCC-M 2,QA1,"16""x10""",,个,310,KG,
,CPT01051,异径三通,SCH160xSCH160,SS,BW,P280GH,1916T3019,ASME B16.9,RCC-M 2,QA1,"16""x10""",,个,360,KG,
,CPT01052,异径三通,SCH40xSCH40,SS,BW,20,1916T3019,ASME B16.9,RCC-M 2,QA1,"16""x10""",,个,160,KG,
,CPT01053,异径三通,SCH40SxSCH10S,SS,BW,022Cr19Ni10,1916T3017,ASME B16.9,RCC-M 2,QA1,"16""x10""",,个,85.5,KG,
,CPT01054,异径三通,SCH60xSCH80S,SS,BW,022Cr19Ni10,1916T3017,ASME B16.9,RCC-M 2,QA1,"16""x10""",,个,163,KG,
,CPT01055,异径三通,SCH80xSCH80,SS,BW,20,1916T3019,ASME B16.9,RCC-M 2,QA1,"16""x10""",,个,163,KG,
,CPT01056,异径三通,SCH80SxSCH80S,SS,BW,022Cr19Ni10,1916T3017,ASME B16.9,RCC-M 2,QA1,"16""x10""",,个,,KG,
,CPT01057,异径三通,9.8mmxSCH20,SS,BW,20,1916T3019,ASME B16.9,RCC-M 3,QA2,"16""x10""",,个,,KG,
,CPT01058,异径三通,SCH40xSCH40,SS,BW,20,1916T3019,ASME B16.9,RCC-M 3,QA2,"16""x10""",,个,160,KG,
,CPT01059,异径三通,SCH60xSCH80S,SS,BW,022Cr19Ni10,1916T3017,ASME B16.9,RCC-M 3,QA2,"16""x10""",,个,163,KG,
,CPT01060,异径三通,SCH10SxSCH10S,SS,BW,022Cr17Ni12Mo2,1916T3023,ASME B16.9,NA,QNCa,"16""x10""",,个,50.7,KG,
,CPT01061,异径三通,SCH10SxSCH10S,SS,BW,022Cr19Ni10,1916T3023,ASME B16.9,NA,QNCa,"16""x10""",,个,50.7,KG,
,CPT01062,异径三通,SCH20xSCH20,SS,BW,20,1916T3025,ASME B16.9,NA,QNCa,"16""x10""",,个,98,KG,
,CPT01063,异径三通,SCH140xSCH140,SS,BW,026Cr18Ni12Mo2N,1916T3017,ASME B16.9,RCC-M 1,QA1,"16""x12""",,个,340,KG,
,CPT01064,异径三通,8.74mmx7.14mm,SS,BW,20,1916T3019,ASME B16.9,RCC-M 2,QA1,"16""x12""",,个,,KG,
,CPT01065,异径三通,SCH10SxSCH10S,SS,BW,022Cr19Ni10,1916T3017,ASME B16.9,RCC-M 2,QA1,"16""x12""",,个,51.6,KG,
,CPT01066,异径三通,SCH140xSCH140,SS,BW,022Cr19Ni10,1916T3017,ASME B16.9,RCC-M 2,QA1,"16""x12""",,个,340,KG,
,CPT01067,异径三通,SCH160xSCH160,SS,BW,P280GH,1916T3019,ASME B16.9,RCC-M 2,QA1,"16""x12""",,个,385,KG,
,CPT01068,异径三通,SCH40xSCH40,SS,BW,20,1916T3019,ASME B16.9,RCC-M 2,QA1,"16""x12""",,个,161,KG,
,CPT01069,异径三通,SCH40SxSCH10S,SS,BW,022Cr19Ni10,1916T3017,ASME B16.9,RCC-M 2,QA1,"16""x12""",,个,87.5,KG,
,CPT01070,异径三通,SCH60xSCH80S,SS,BW,022Cr19Ni10,1916T3017,ASME B16.9,RCC-M 2,QA1,"16""x12""",,个,181,KG,
,CPT01071,异径三通,SCH80xSCH80,SS,BW,20,1916T3019,ASME B16.9,RCC-M 2,QA1,"16""x12""",,个,181,KG,
,CPT01072,异径三通,SCH80SxSCH80S,SS,BW,022Cr19Ni10,1916T3017,ASME B16.9,RCC-M 2,QA1,"16""x12""",,个,,KG,
,CPT01073,异径三通,9.8mmx7.14mm,SS,BW,20,1916T3019,ASME B16.9,RCC-M 3,QA2,"16""x12""",,个,,KG,
,CPT01074,异径三通,SCH40xSCH40,SS,BW,20,1916T3019,ASME B16.9,RCC-M 3,QA2,"16""x12""",,个,161,KG,
,CPT01075,异径三通,SCH60xSCH80S,SS,BW,022Cr19Ni10,1916T3017,ASME B16.9,RCC-M 3,QA2,"16""x12""",,个,181,KG,
,CPT01076,异径三通,SCH10SxSCH10S,SS,BW,022Cr17Ni12Mo2,1916T3023,ASME B16.9,NA,QNCa,"16""x12""",,个,51.6,KG,
,CPT01077,异径三通,SCH10SxSCH10S,SS,BW,022Cr19Ni10,1916T3023,ASME B16.9,NA,QNCa,"16""x12""",,个,51.6,KG,
,CPT01078,异径三通,SCH20x7.14mm,SS,BW,20,1916T3025,ASME B16.9,NA,QNCa,"16""x12""",,个,100,KG,
,CPT01079,异径三通,SCH140xSCH140,SS,BW,026Cr18Ni12Mo2N,1916T3017,ASME B16.9,RCC-M 1,QA1,"16""x14""",,个,360,KG,
,CPT01080,异径三通,8.74mmxSCH20,SS,BW,20,1916T3019,ASME B16.9,RCC-M 2,QA1,"16""x14""",,个,,KG,
,CPT01081,异径三通,SCH10SxSCH10S,SS,BW,022Cr19Ni10,1916T3017,ASME B16.9,RCC-M 2,QA1,"16""x14""",,个,53,KG,
,CPT01082,异径三通,SCH140xSCH140,SS,BW,022Cr19Ni10,1916T3017,ASME B16.9,RCC-M 2,QA1,"16""x14""",,个,360,KG,
,CPT01083,异径三通,SCH160xSCH160,SS,BW,P280GH,1916T3019,ASME B16.9,RCC-M 2,QA1,"16""x14""",,个,410,KG,
,CPT01084,异径三通,SCH40xSCH40,SS,BW,20,1916T3019,ASME B16.9,RCC-M 2,QA1,"16""x14""",,个,167,KG,
,CPT01085,异径三通,SCH40SxSCH10S,SS,BW,022Cr19Ni10,1916T3017,ASME B16.9,RCC-M 2,QA1,"16""x14""",,个,90,KG,
,CPT01086,异径三通,SCH60xSCH60,SS,BW,022Cr19Ni10,1916T3017,ASME B16.9,RCC-M 2,QA1,"16""x14""",,个,208,KG,
,CPT01087,异径三通,SCH80xSCH80,SS,BW,20,1916T3019,ASME B16.9,RCC-M 2,QA1,"16""x14""",,个,200,KG,
,CPT01088,异径三通,SCH80SxSCH80S,SS,BW,022Cr19Ni10,1916T3017,ASME B16.9,RCC-M 2,QA1,"16""x14""",,个,,KG,
,CPT01089,异径三通,9.8mmxSCH20,SS,BW,20,1916T3019,ASME B16.9,RCC-M 3,QA2,"16""x14""",,个,,KG,
,CPT01090,异径三通,SCH40xSCH40,SS,BW,20,1916T3019,ASME B16.9,RCC-M 3,QA2,"16""x14""",,个,167,KG,
,CPT01091,异径三通,SCH60xSCH60,SS,BW,022Cr19Ni10,1916T3017,ASME B16.9,RCC-M 3,QA2,"16""x14""",,个,208,KG,
,CPT01092,异径三通,SCH10SxSCH10S,SS,BW,022Cr17Ni12Mo2,1916T3023,ASME B16.9,NA,QNCa,"16""x14""",,个,53,KG,
,CPT01093,异径三通,SCH10SxSCH10S,SS,BW,022Cr19Ni10,1916T3023,ASME B16.9,NA,QNCa,"16""x14""",,个,53,KG,
,CPT01094,异径三通,SCH20xSCH20,SS,BW,20,1916T3025,ASME B16.9,NA,QNCa,"16""x14""",,个,100,KG,
,CPT01095,异径三通,SCH140xSCH160,SS,BW,026Cr18Ni12Mo2N,1916T3017,ASME B16.9,RCC-M 1,QA1,"18""x8""",,个,360,KG,
,CPT01096,异径三通,SCH140xSCH160,SS,BW,022Cr19Ni10,1916T3017,ASME B16.9,RCC-M 2,QA1,"18""x8""",,个,360,KG,
,CPT01097,异径三通,SCH20xSCH10S,SS,BW,022Cr19Ni10,1916T3017,ASME B16.9,RCC-M 2,QA1,"18""x8""",,个,123,KG,
,CPT01098,异径三通,SCH10xSCH20,FS,BW,Q265HR,1916T3021,ASME B16.9,RCC-M 3,QA2,"18""x8""",,个,,KG,
,CPT01099,异径三通,SCH140xSCH140,SS,BW,026Cr18Ni12Mo2N,1916T3017,ASME B16.9,RCC-M 1,QA1,"18""x10""",,个,385,KG,
,CPT01100,异径三通,SCH140xSCH140,SS,BW,022Cr19Ni10,1916T3017,ASME B16.9,RCC-M 2,QA1,"18""x10""",,个,385,KG,
,CPT01101,异径三通,SCH20xSCH10S,SS,BW,022Cr19Ni10,1916T3017,ASME B16.9,RCC-M 2,QA1,"18""x10""",,个,123,KG,
,CPT01102,异径三通,SCH10xSCH20,FS,BW,Q265HR,1916T3021,ASME B16.9,RCC-M 3,QA2,"18""x10""",,个,113,KG,
,CPT01103,异径三通,SCH140xSCH140,SS,BW,026Cr18Ni12Mo2N,1916T3017,ASME B16.9,RCC-M 1,QA1,"18""x12""",,个,410,KG,
,CPT01104,异径三通,SCH140xSCH140,SS,BW,022Cr19Ni10,1916T3017,ASME B16.9,RCC-M 2,QA1,"18""x12""",,个,410,KG,
,CPT01105,异径三通,SCH20xSCH10S,SS,BW,022Cr19Ni10,1916T3017,ASME B16.9,RCC-M 2,QA1,"18""x12""",,个,127,KG,
,CPT01106,异径三通,SCH10x7.14mm,FS,BW,Q265HR,1916T3021,ASME B16.9,RCC-M 3,QA2,"18""x12""",,个,,KG,
,CPT01107,异径三通,SCH140xSCH140,SS,BW,026Cr18Ni12Mo2N,1916T3017,ASME B16.9,RCC-M 1,QA1,"18""x14""",,个,455,KG,
,CPT01108,异径三通,SCH140xSCH140,SS,BW,022Cr19Ni10,1916T3017,ASME B16.9,RCC-M 2,QA1,"18""x14""",,个,455,KG,
,CPT01109,异径三通,SCH20xSCH10S,SS,BW,022Cr19Ni10,1916T3017,ASME B16.9,RCC-M 2,QA1,"18""x14""",,个,127,KG,
,CPT01110,异径三通,SCH10xSCH20,FS,BW,Q265HR,1916T3021,ASME B16.9,RCC-M 3,QA2,"18""x14""",,个,105,KG,
,CPT01111,异径三通,SCH140xSCH140,SS,BW,026Cr18Ni12Mo2N,1916T3017,ASME B16.9,RCC-M 1,QA1,"18""x16""",,个,475,KG,
,CPT01112,异径三通,SCH140xSCH140,SS,BW,022Cr19Ni10,1916T3017,ASME B16.9,RCC-M 2,QA1,"18""x16""",,个,475,KG,
,CPT01113,异径三通,SCH20xSCH10S,SS,BW,022Cr19Ni10,1916T3017,ASME B16.9,RCC-M 2,QA1,"18""x16""",,个,127,KG,
,CPT01114,异径三通,SCH10x9.8mm,FS,BW,Q265HR,1916T3021,ASME B16.9,RCC-M 3,QA2,"18""x16""",,个,105,KG,
,CPT01115,异径三通,SCH140xSCH160,SS,BW,026Cr18Ni12Mo2N,1916T3017,ASME B16.9,RCC-M 1,QA1,"20""x8""",,个,450,KG,
,CPT01116,异径三通,SCH140xSCH160,SS,BW,022Cr19Ni10,1916T3017,ASME B16.9,RCC-M 2,QA1,"20""x8""",,个,450,KG,
,CPT01117,异径三通,SCH10xSCH20,FS,BW,Q265HR,1916T3021,ASME B16.9,RCC-M 3,QA2,"20""x8""",,个,,KG,
,CPT01118,异径三通,SCH20xSCH20,SS,BW,20,1916T3025,ASME B16.9,NA,QNCa,"20""x8""",,个,164,KG,
,CPT01119,异径三通,SCH140xSCH140,SS,BW,026Cr18Ni12Mo2N,1916T3017,ASME B16.9,RCC-M 1,QA1,"20""x10""",,个,500,KG,
,CPT01120,异径三通,SCH140xSCH140,SS,BW,022Cr19Ni10,1916T3017,ASME B16.9,RCC-M 2,QA1,"20""x10""",,个,500,KG,
,CPT01121,异径三通,SCH10xSCH20,FS,BW,Q265HR,1916T3021,ASME B16.9,RCC-M 3,QA2,"20""x10""",,个,,KG,
,CPT01122,异径三通,SCH20xSCH20,SS,BW,20,1916T3025,ASME B16.9,NA,QNCa,"20""x10""",,个,164,KG,
,CPT01123,异径三通,SCH140xSCH140,SS,BW,026Cr18Ni12Mo2N,1916T3017,ASME B16.9,RCC-M 1,QA1,"20""x12""",,个,540,KG,
,CPT01124,异径三通,SCH140xSCH140,SS,BW,022Cr19Ni10,1916T3017,ASME B16.9,RCC-M 2,QA1,"20""x12""",,个,540,KG,
,CPT01125,异径三通,SCH10x7.14mm,FS,BW,Q265HR,1916T3021,ASME B16.9,RCC-M 3,QA2,"20""x12""",,个,,KG,
,CPT01126,异径三通,SCH20xSCH20,SS,BW,20,1916T3025,ASME B16.9,NA,QNCa,"20""x12""",,个,164,KG,
,CPT01127,异径三通,SCH140xSCH140,SS,BW,026Cr18Ni12Mo2N,1916T3017,ASME B16.9,RCC-M 1,QA1,"20""x14""",,个,590,KG,
,CPT01128,异径三通,SCH140xSCH140,SS,BW,022Cr19Ni10,1916T3017,ASME B16.9,RCC-M 2,QA1,"20""x14""",,个,590,KG,
,CPT01129,异径三通,SCH10xSCH20,FS,BW,Q265HR,1916T3021,ASME B16.9,RCC-M 3,QA2,"20""x14""",,个,110,KG,
,CPT01130,异径三通,SCH20xSCH20,SS,BW,20,1916T3025,ASME B16.9,NA,QNCa,"20""x14""",,个,164,KG,
,CPT01131,异径三通,SCH140xSCH140,SS,BW,026Cr18Ni12Mo2N,1916T3017,ASME B16.9,RCC-M 1,QA1,"20""x16""",,个,630,KG,
,CPT01132,异径三通,SCH140xSCH140,SS,BW,022Cr19Ni10,1916T3017,ASME B16.9,RCC-M 2,QA1,"20""x16""",,个,630,KG,
,CPT01133,异径三通,SCH10x9.8mm,FS,BW,Q265HR,1916T3021,ASME B16.9,RCC-M 3,QA2,"20""x16""",,个,112,KG,
,CPT01134,异径三通,SCH20xSCH20,SS,BW,20,1916T3025,ASME B16.9,NA,QNCa,"20""x16""",,个,168,KG,
,CPT01135,异径三通,SCH140xSCH140,SS,BW,026Cr18Ni12Mo2N,1916T3017,ASME B16.9,RCC-M 1,QA1,"20""x18""",,个,680,KG,
,CPT01136,异径三通,SCH140xSCH140,SS,BW,022Cr19Ni10,1916T3017,ASME B16.9,RCC-M 2,QA1,"20""x18""",,个,680,KG,
,CPT01137,异径三通,SCH10xSCH10,FS,BW,Q265HR,1916T3021,ASME B16.9,RCC-M 3,QA2,"20""x18""",,个,112,KG,
,CPT01138,异径三通,SCH20xSCH20,SS,BW,20,1916T3025,ASME B16.9,NA,QNCa,"20""x18""",,个,168,KG,
,CPT01139,异径三通,SCH140xSCH140,SS,BW,026Cr18Ni12Mo2N,1916T3017,ASME B16.9,RCC-M 1,QA1,"22""x10""",,个,725,KG,
,CPT01140,异径三通,SCH140xSCH140,SS,BW,022Cr19Ni10,1916T3017,ASME B16.9,RCC-M 2,QA1,"22""x10""",,个,725,KG,
,CPT01141,异径三通,SCH10xSCH20,FS,BW,Q265HR,1916T3021,ASME B16.9,RCC-M 3,QA2,"22""x10""",,个,,KG,
,CPT01142,异径三通,SCH30xSCH20,SS,BW,20,1916T3025,ASME B16.9,NA,QNCa,"22""x10""",,个,245,KG,
,CPT01143,异径三通,SCH140xSCH140,SS,BW,026Cr18Ni12Mo2N,1916T3017,ASME B16.9,RCC-M 1,QA1,"22""x12""",,个,725,KG,
,CPT01144,异径三通,SCH140xSCH140,SS,BW,022Cr19Ni10,1916T3017,ASME B16.9,RCC-M 2,QA1,"22""x12""",,个,725,KG,
,CPT01145,异径三通,SCH10x7.14mm,FS,BW,Q265HR,1916T3021,ASME B16.9,RCC-M 3,QA2,"22""x12""",,个,,KG,
,CPT01146,异径三通,SCH30xSCH20,SS,BW,20,1916T3025,ASME B16.9,NA,QNCa,"22""x12""",,个,245,KG,
,CPT01147,异径三通,SCH140xSCH140,SS,BW,026Cr18Ni12Mo2N,1916T3017,ASME B16.9,RCC-M 1,QA1,"22""x14""",,个,725,KG,
,CPT01148,异径三通,SCH140xSCH140,SS,BW,022Cr19Ni10,1916T3017,ASME B16.9,RCC-M 2,QA1,"22""x14""",,个,725,KG,
,CPT01149,异径三通,SCH10xSCH20,FS,BW,Q265HR,1916T3021,ASME B16.9,RCC-M 3,QA2,"22""x14""",,个,160,KG,
,CPT01150,异径三通,SCH30xSCH20,SS,BW,20,1916T3025,ASME B16.9,NA,QNCa,"22""x14""",,个,245,KG,
,CPT01151,异径三通,SCH140xSCH140,SS,BW,026Cr18Ni12Mo2N,1916T3017,ASME B16.9,RCC-M 1,QA1,"22""x16""",,个,840,KG,
,CPT01152,异径三通,SCH140xSCH140,SS,BW,022Cr19Ni10,1916T3017,ASME B16.9,RCC-M 2,QA1,"22""x16""",,个,840,KG,
,CPT01153,异径三通,SCH10x9.8mm,FS,BW,Q265HR,1916T3021,ASME B16.9,RCC-M 3,QA2,"22""x16""",,个,190,KG,
,CPT01154,异径三通,SCH30xSCH20,SS,BW,20,1916T3025,ASME B16.9,NA,QNCa,"22""x16""",,个,260,KG,
,CPT01155,异径三通,SCH140xSCH140,SS,BW,026Cr18Ni12Mo2N,1916T3017,ASME B16.9,RCC-M 1,QA1,"22""x18""",,个,840,KG,
,CPT01156,异径三通,SCH140xSCH140,SS,BW,022Cr19Ni10,1916T3017,ASME B16.9,RCC-M 2,QA1,"22""x18""",,个,840,KG,
,CPT01157,异径三通,SCH10xSCH10,FS,BW,Q265HR,1916T3021,ASME B16.9,RCC-M 3,QA2,"22""x18""",,个,190,KG,
,CPT01158,异径三通,SCH30xSCH20,SS,BW,20,1916T3025,ASME B16.9,NA,QNCa,"22""x18""",,个,260,KG,
,CPT01159,异径三通,SCH140xSCH140,SS,BW,026Cr18Ni12Mo2N,1916T3017,ASME B16.9,RCC-M 1,QA1,"22""x20""",,个,910,KG,
,CPT01160,异径三通,SCH140xSCH140,SS,BW,022Cr19Ni10,1916T3017,ASME B16.9,RCC-M 2,QA1,"22""x20""",,个,910,KG,
,CPT01161,异径三通,SCH10xSCH10,FS,BW,Q265HR,1916T3021,ASME B16.9,RCC-M 3,QA2,"22""x20""",,个,210,KG,
,CPT01162,异径三通,SCH30xSCH20,SS,BW,20,1916T3025,ASME B16.9,NA,QNCa,"22""x20""",,个,280,KG,
,CPT01163,异径三通,SCH140xSCH140,SS,BW,026Cr18Ni12Mo2N,1916T3017,ASME B16.9,RCC-M 1,QA1,"24""x10""",,个,950,KG,
,CPT01164,异径三通,SCH140xSCH140,SS,BW,022Cr19Ni10,1916T3017,ASME B16.9,RCC-M 2,QA1,"24""x10""",,个,950,KG,
,CPT01165,异径三通,SCH10xSCH20,FS,BW,Q265HR,1916T3021,ASME B16.9,RCC-M 3,QA2,"24""x10""",,个,150,KG,
,CPT01166,异径三通,SCH140xSCH140,SS,BW,026Cr18Ni12Mo2N,1916T3017,ASME B16.9,RCC-M 1,QA1,"24""x12""",,个,980,KG,
,CPT01167,异径三通,SCH140xSCH140,SS,BW,022Cr19Ni10,1916T3017,ASME B16.9,RCC-M 2,QA1,"24""x12""",,个,980,KG,
,CPT01168,异径三通,SCH10x7.14mm,FS,BW,Q265HR,1916T3021,ASME B16.9,RCC-M 3,QA2,"24""x12""",,个,,KG,
,CPT01169,异径三通,SCH140xSCH140,SS,BW,026Cr18Ni12Mo2N,1916T3017,ASME B16.9,RCC-M 1,QA1,"24""x14""",,个,1050,KG,
,CPT01170,异径三通,SCH140xSCH140,SS,BW,022Cr19Ni10,1916T3017,ASME B16.9,RCC-M 2,QA1,"24""x14""",,个,1050,KG,
,CPT01171,异径三通,SCH10xSCH20,FS,BW,Q265HR,1916T3021,ASME B16.9,RCC-M 3,QA2,"24""x14""",,个,150,KG,
,CPT01172,异径三通,SCH140xSCH140,SS,BW,026Cr18Ni12Mo2N,1916T3017,ASME B16.9,RCC-M 1,QA1,"24""x16""",,个,1040,KG,
,CPT01173,异径三通,SCH140xSCH140,SS,BW,022Cr19Ni10,1916T3017,ASME B16.9,RCC-M 2,QA1,"24""x16""",,个,1040,KG,
,CPT01174,异径三通,SCH10x9.8mm,FS,BW,Q265HR,1916T3021,ASME B16.9,RCC-M 3,QA2,"24""x16""",,个,150,KG,
,CPT01175,异径三通,SCH140xSCH140,SS,BW,026Cr18Ni12Mo2N,1916T3017,ASME B16.9,RCC-M 1,QA1,"24""x18""",,个,1090,KG,
,CPT01176,异径三通,SCH140xSCH140,SS,BW,022Cr19Ni10,1916T3017,ASME B16.9,RCC-M 2,QA1,"24""x18""",,个,1090,KG,
,CPT01177,异径三通,SCH10xSCH10,FS,BW,Q265HR,1916T3021,ASME B16.9,RCC-M 3,QA2,"24""x18""",,个,151,KG,
,CPT01178,异径三通,SCH140xSCH140,SS,BW,026Cr18Ni12Mo2N,1916T3017,ASME B16.9,RCC-M 1,QA1,"24""x20""",,个,1140,KG,
,CPT01179,异径三通,SCH140xSCH140,SS,BW,022Cr19Ni10,1916T3017,ASME B16.9,RCC-M 2,QA1,"24""x20""",,个,1140,KG,
,CPT01180,异径三通,SCH10xSCH10,FS,BW,Q265HR,1916T3021,ASME B16.9,RCC-M 3,QA2,"24""x20""",,个,151,KG,
,CPT01181,异径三通,SCH140xSCH140,SS,BW,026Cr18Ni12Mo2N,1916T3017,ASME B16.9,RCC-M 1,QA1,"24""x22""",,个,1160,KG,
,CPT01182,异径三通,SCH140xSCH140,SS,BW,022Cr19Ni10,1916T3017,ASME B16.9,RCC-M 2,QA1,"24""x22""",,个,1160,KG,
,CPT01183,异径三通,SCH10xSCH10,FS,BW,Q265HR,1916T3021,ASME B16.9,RCC-M 3,QA2,"24""x22""",,个,151,KG,
,CPT01184,异径三通,SCH10x7.14mm,FS,BW,Q265HR,1916T3021,ASME B16.9,RCC-M 3,QA2,"26""x12""",,个,,KG,
,CPT01185,异径三通,SCH10xSCH20,FS,BW,Q265HR,1916T3021,ASME B16.9,RCC-M 3,QA2,"26""x14""",,个,199,KG,
,CPT01186,异径三通,SCH10x9.8mm,FS,BW,Q265HR,1916T3021,ASME B16.9,RCC-M 3,QA2,"26""x16""",,个,205,KG,
,CPT01187,异径三通,SCH10xSCH10,FS,BW,Q265HR,1916T3021,ASME B16.9,RCC-M 3,QA2,"26""x18""",,个,212,KG,
,CPT01188,异径三通,SCH10xSCH10,FS,BW,Q265HR,1916T3021,ASME B16.9,RCC-M 3,QA2,"26""x20""",,个,219,KG,
,CPT01189,异径三通,SCH10xSCH10,FS,BW,Q265HR,1916T3021,ASME B16.9,RCC-M 3,QA2,"26""x22""",,个,234,KG,
,CPT01190,异径三通,SCH10xSCH10,FS,BW,Q265HR,1916T3021,ASME B16.9,RCC-M 3,QA2,"26""x24""",,个,234,KG,
,CPT01191,异径三通,SCH10x7.14mm,FS,BW,Q265HR,1916T3021,ASME B16.9,RCC-M 3,QA2,"28""x12""",,个,243,KG,
,CPT01192,异径三通,SCH10xSCH20,FS,BW,Q265HR,1916T3021,ASME B16.9,RCC-M 3,QA2,"28""x14""",,个,228,KG,
,CPT01193,异径三通,SCH10x9.8mm,FS,BW,Q265HR,1916T3021,ASME B16.9,RCC-M 3,QA2,"28""x16""",,个,235,KG,
,CPT01194,异径三通,SCH10xSCH10,FS,BW,Q265HR,1916T3021,ASME B16.9,RCC-M 3,QA2,"28""x18""",,个,243,KG,
,CPT01195,异径三通,SCH10xSCH10,FS,BW,Q265HR,1916T3021,ASME B16.9,RCC-M 3,QA2,"28""x20""",,个,251,KG,
,CPT01196,异径三通,SCH10xSCH10,FS,BW,Q265HR,1916T3021,ASME B16.9,RCC-M 3,QA2,"28""x22""",,个,258,KG,
,CPT01197,异径三通,SCH10xSCH10,FS,BW,Q265HR,1916T3021,ASME B16.9,RCC-M 3,QA2,"28""x24""",,个,266,KG,
,CPT01198,异径三通,SCH10xSCH10,FS,BW,Q265HR,1916T3021,ASME B16.9,RCC-M 3,QA2,"28""x26""",,个,271,KG,
,CPT01199,异径三通,SCH10xSCH20,FS,BW,Q265HR,1916T3021,ASME B16.9,RCC-M 3,QA2,"30""x10""",,个,,KG,
,CPT01200,异径三通,SCH10x7.14mm,FS,BW,Q265HR,1916T3021,ASME B16.9,RCC-M 3,QA2,"30""x12""",,个,,KG,
,CPT01201,异径三通,SCH10xSCH20,FS,BW,Q265HR,1916T3021,ASME B16.9,RCC-M 3,QA2,"30""x14""",,个,257,KG,
,CPT01202,异径三通,SCH10x9.8mm,FS,BW,Q265HR,1916T3021,ASME B16.9,RCC-M 3,QA2,"30""x16""",,个,266,KG,
,CPT01203,异径三通,SCH10xSCH10,FS,BW,Q265HR,1916T3021,ASME B16.9,RCC-M 3,QA2,"30""x18""",,个,274,KG,
,CPT01204,异径三通,SCH10xSCH10,FS,BW,Q265HR,1916T3021,ASME B16.9,RCC-M 3,QA2,"30""x20""",,个,283,KG,
,CPT01205,异径三通,SCH10xSCH10,FS,BW,Q265HR,1916T3021,ASME B16.9,RCC-M 3,QA2,"30""x22""",,个,291,KG,
,CPT01206,异径三通,SCH10xSCH10,FS,BW,Q265HR,1916T3021,ASME B16.9,RCC-M 3,QA2,"30""x24""",,个,300,KG,
,CPT01207,异径三通,SCH10xSCH10,FS,BW,Q265HR,1916T3021,ASME B16.9,RCC-M 3,QA2,"30""x26""",,个,308,KG,
,CPT01208,异径三通,SCH10xSCH10,FS,BW,Q265HR,1916T3021,ASME B16.9,RCC-M 3,QA2,"30""x28""",,个,315,KG,
,CPT01209,异径三通,9.52mmxSCH20,FS,BW,Q265HR,1916T3021,ASME B16.9,RCC-M 3,QA2,"32""x14""",,个,415,KG,
,CPT01210,异径三通,9.52mmx9.8mm,FS,BW,Q265HR,1916T3021,ASME B16.9,RCC-M 3,QA2,"32""x16""",,个,425,KG,
,CPT01211,异径三通,9.52mmxSCH10,FS,BW,Q265HR,1916T3021,ASME B16.9,RCC-M 3,QA2,"32""x18""",,个,436,KG,
,CPT01212,异径三通,9.52mmxSCH10,FS,BW,Q265HR,1916T3021,ASME B16.9,RCC-M 3,QA2,"32""x20""",,个,448,KG,
,CPT01213,异径三通,9.52mmxSCH10,FS,BW,Q265HR,1916T3021,ASME B16.9,RCC-M 3,QA2,"32""x22""",,个,460,KG,
,CPT01214,异径三通,9.52mmxSCH10,FS,BW,Q265HR,1916T3021,ASME B16.9,RCC-M 3,QA2,"32""x24""",,个,472,KG,
,CPT01215,异径三通,9.52mmxSCH10,FS,BW,Q265HR,1916T3021,ASME B16.9,RCC-M 3,QA2,"32""x26""",,个,482,KG,
,CPT01216,异径三通,9.52mmxSCH10,FS,BW,Q265HR,1916T3021,ASME B16.9,RCC-M 3,QA2,"32""x28""",,个,493,KG,
,CPT01217,异径三通,9.52mmxSCH10,FS,BW,Q265HR,1916T3021,ASME B16.9,RCC-M 3,QA2,"32""x30""",,个,506,KG,
,CPT01218,异径三通,9.52mmx9.8mm,FS,BW,Q265HR,1916T3021,ASME B16.9,RCC-M 3,QA2,"34""x16""",,个,415,KG,
,CPT01219,异径三通,9.52mmxSCH10,FS,BW,Q265HR,1916T3021,ASME B16.9,RCC-M 3,QA2,"34""x18""",,个,425,KG,
,CPT01220,异径三通,9.52mmxSCH10,FS,BW,Q265HR,1916T3021,ASME B16.9,RCC-M 3,QA2,"34""x20""",,个,436,KG,
,CPT01221,异径三通,9.52mmxSCH10,FS,BW,Q265HR,1916T3021,ASME B16.9,RCC-M 3,QA2,"34""x22""",,个,448,KG,
,CPT01222,异径三通,9.52mmxSCH10,FS,BW,Q265HR,1916T3021,ASME B16.9,RCC-M 3,QA2,"34""x24""",,个,460,KG,
,CPT01223,异径三通,9.52mmxSCH10,FS,BW,Q265HR,1916T3021,ASME B16.9,RCC-M 3,QA2,"34""x26""",,个,472,KG,
,CPT01224,异径三通,9.52mmxSCH10,FS,BW,Q265HR,1916T3021,ASME B16.9,RCC-M 3,QA2,"34""x28""",,个,482,KG,
,CPT01225,异径三通,9.52mmxSCH10,FS,BW,Q265HR,1916T3021,ASME B16.9,RCC-M 3,QA2,"34""x30""",,个,493,KG,
,CPT01226,异径三通,9.52mmx9.52mm,FS,BW,Q265HR,1916T3021,ASME B16.9,RCC-M 3,QA2,"34""x32""",,个,506,KG,
,CPT01227,异径三通,9.52mmx9.8mm,FS,BW,Q265HR,1916T3021,ASME B16.9,RCC-M 3,QA2,"36""x16""",,个,472,KG,
,CPT01228,异径三通,9.52mmxSCH10,FS,BW,Q265HR,1916T3021,ASME B16.9,RCC-M 3,QA2,"36""x18""",,个,483,KG,
,CPT01229,异径三通,9.52mmxSCH10,FS,BW,Q265HR,1916T3021,ASME B16.9,RCC-M 3,QA2,"36""x20""",,个,493,KG,
,CPT01230,异径三通,9.52mmxSCH10,FS,BW,Q265HR,1916T3021,ASME B16.9,RCC-M 3,QA2,"36""x22""",,个,502,KG,
,CPT01231,异径三通,9.52mmxSCH10,FS,BW,Q265HR,1916T3021,ASME B16.9,RCC-M 3,QA2,"36""x24""",,个,513,KG,
,CPT01232,异径三通,9.52mmxSCH10,FS,BW,Q265HR,1916T3021,ASME B16.9,RCC-M 3,QA2,"36""x26""",,个,526,KG,
,CPT01233,异径三通,9.52mmxSCH10,FS,BW,Q265HR,1916T3021,ASME B16.9,RCC-M 3,QA2,"36""x28""",,个,537,KG,
,CPT01234,异径三通,9.52mmxSCH10,FS,BW,Q265HR,1916T3021,ASME B16.9,RCC-M 3,QA2,"36""x30""",,个,548,KG,
,CPT01235,异径三通,9.52mmx9.52mm,FS,BW,Q265HR,1916T3021,ASME B16.9,RCC-M 3,QA2,"36""x32""",,个,561,KG,
,CPT01236,异径三通,9.52mmx9.52mm,FS,BW,Q265HR,1916T3021,ASME B16.9,RCC-M 3,QA2,"36""x34""",,个,574,KG,
,CPT01237,支架三通,CL6000,FO,SW,022Cr19Ni10,1916T3038,ASME B16.11,RCC-M 1,QA1,"1/2""",,个,,KG,支管不开孔
,CPT01238,支架三通,CL6000,FO,SW,022Cr19Ni10,1916T3038,ASME B16.11,RCC-M 1,QA1,"3/4""",,个,0.9,KG,支管不开孔
,CPT01239,支架三通,CL6000,FO,SW,022Cr19Ni10,1916T3038,ASME B16.11,RCC-M 1,QA1,"1""",,个,,KG,支管不开孔
,CPT01240,支架三通,CL3000,FO,SW,022Cr19Ni10,1916T3038,ASME B16.11,RCC-M 2,QA1,"1/4""",,个,,KG,支管不开孔
,CPT01241,支架三通,CL3000,FO,SW,022Cr19Ni10,1916T3038,ASME B16.11,RCC-M 2,QA1,"3/8""",,个,,KG,支管不开孔
,CPT01242,支架三通,CL3000,FO,SW,022Cr19Ni10,1916T3038,ASME B16.11,RCC-M 2,QA1,"1/2""",,个,,KG,支管不开孔
,CPT01243,支架三通,CL3000,FO,SW,022Cr19Ni10,1916T3038,ASME B16.11,RCC-M 2,QA1,"3/4""",,个,,KG,支管不开孔
,CPT01244,支架三通,CL3000,FO,SW,022Cr19Ni10,1916T3038,ASME B16.11,RCC-M 2,QA1,"1""",,个,0.66,KG,支管不开孔
,CPT01245,支架三通,CL3000,FO,SW,022Cr19Ni10,1916T3038,ASME B16.11,RCC-M 2,QA1,"1-1/4""",,个,,KG,支管不开孔
,CPT01246,支架三通,CL3000,FO,SW,022Cr19Ni10,1916T3038,ASME B16.11,RCC-M 2,QA1,"1-1/2""",,个,,KG,支管不开孔
,CPT01247,支架三通,CL3000,FO,SW,022Cr19Ni10,1916T3038,ASME B16.11,RCC-M 2,QA1,"2""",,个,,KG,支管不开孔
,CPT01248,支架三通,CL3000,FO,SW,20,1916T3037,ASME B16.11,RCC-M 2,QA1,"1/4""",,个,,KG,支管不开孔
,CPT01249,支架三通,CL3000,FO,SW,20,1916T3037,ASME B16.11,RCC-M 2,QA1,"3/8""",,个,,KG,支管不开孔
,CPT01250,支架三通,CL3000,FO,SW,20,1916T3037,ASME B16.11,RCC-M 2,QA1,"1/2""",,个,,KG,支管不开孔
,CPT01251,支架三通,CL3000,FO,SW,20,1916T3037,ASME B16.11,RCC-M 2,QA1,"3/4""",,个,,KG,支管不开孔
,CPT01252,支架三通,CL3000,FO,SW,20,1916T3037,ASME B16.11,RCC-M 2,QA1,"1""",,个,,KG,支管不开孔
,CPT01253,支架三通,CL3000,FO,SW,20,1916T3037,ASME B16.11,RCC-M 2,QA1,"1-1/4""",,个,,KG,支管不开孔
,CPT01254,支架三通,CL3000,FO,SW,20,1916T3037,ASME B16.11,RCC-M 2,QA1,"1-1/2""",,个,,KG,支管不开孔
,CPT01255,支架三通,CL3000,FO,SW,20,1916T3037,ASME B16.11,RCC-M 2,QA1,"2""",,个,,KG,支管不开孔
,CPT01256,支架三通,CL6000,FO,SW,022Cr19Ni10,1916T3038,ASME B16.11,RCC-M 2,QA1,"1/2""",,个,,KG,支管不开孔
,CPT01257,支架三通,CL6000,FO,SW,022Cr19Ni10,1916T3038,ASME B16.11,RCC-M 2,QA1,"3/4""",,个,,KG,支管不开孔
,CPT01258,支架三通,CL6000,FO,SW,022Cr19Ni10,1916T3038,ASME B16.11,RCC-M 2,QA1,"1""",,个,,KG,支管不开孔
,CPT01259,支架三通,CL6000,FO,SW,022Cr19Ni10,1916T3038,ASME B16.11,RCC-M 2,QA1,"1-1/4""",,个,,KG,支管不开孔
,CPT01260,支架三通,CL6000,FO,SW,022Cr19Ni10,1916T3038,ASME B16.11,RCC-M 2,QA1,"1-1/2""",,个,,KG,支管不开孔
,CPT01261,支架三通,CL6000,FO,SW,022Cr19Ni10,1916T3038,ASME B16.11,RCC-M 2,QA1,"2""",,个,,KG,支管不开孔
,CPT01262,支架三通,CL6000,FO,SW,20,1916T3037,ASME B16.11,RCC-M 2,QA1,"1/4""",,个,,KG,支管不开孔
,CPT01263,支架三通,CL6000,FO,SW,20,1916T3037,ASME B16.11,RCC-M 2,QA1,"3/8""",,个,,KG,支管不开孔
,CPT01264,支架三通,CL6000,FO,SW,20,1916T3037,ASME B16.11,RCC-M 2,QA1,"1/2""",,个,,KG,支管不开孔
,CPT01265,支架三通,CL6000,FO,SW,20,1916T3037,ASME B16.11,RCC-M 2,QA1,"3/4""",,个,,KG,支管不开孔
,CPT01266,支架三通,CL6000,FO,SW,20,1916T3037,ASME B16.11,RCC-M 2,QA1,"1""",,个,,KG,支管不开孔
,CPT01267,支架三通,CL6000,FO,SW,20,1916T3037,ASME B16.11,RCC-M 2,QA1,"1-1/4""",,个,,KG,支管不开孔
,CPT01268,支架三通,CL6000,FO,SW,20,1916T3037,ASME B16.11,RCC-M 2,QA1,"1-1/2""",,个,,KG,支管不开孔
,CPT01269,支架三通,CL6000,FO,SW,20,1916T3037,ASME B16.11,RCC-M 2,QA1,"2""",,个,,KG,支管不开孔
,CPT01270,支架三通,CL6000,FO,SW,P280GH,1916T3052,ASME B16.11,RCC-M 2,QA1,"1/4""",,个,,KG,支管不开孔
,CPT01271,支架三通,CL6000,FO,SW,P280GH,1916T3052,ASME B16.11,RCC-M 2,QA1,"3/8""",,个,,KG,支管不开孔
,CPT01272,支架三通,CL6000,FO,SW,P280GH,1916T3052,ASME B16.11,RCC-M 2,QA1,"1/2""",,个,,KG,支管不开孔
,CPT01273,支架三通,CL6000,FO,SW,P280GH,1916T3052,ASME B16.11,RCC-M 2,QA1,"3/4""",,个,,KG,支管不开孔
,CPT01274,支架三通,CL6000,FO,SW,P280GH,1916T3052,ASME B16.11,RCC-M 2,QA1,"1""",,个,,KG,支管不开孔
,CPT01275,支架三通,CL6000,FO,SW,P280GH,1916T3052,ASME B16.11,RCC-M 2,QA1,"1-1/4""",,个,,KG,支管不开孔
,CPT01276,支架三通,CL6000,FO,SW,P280GH,1916T3052,ASME B16.11,RCC-M 2,QA1,"1-1/2""",,个,,KG,支管不开孔
,CPT01277,支架三通,CL6000,FO,SW,P280GH,1916T3052,ASME B16.11,RCC-M 2,QA1,"2""",,个,,KG,支管不开孔
,CPT01278,支架三通,CL3000,FO,SW,022Cr17Ni12Mo2,1916T3038,ASME B16.11,RCC-M 3,QA2,"1/2""",,个,,KG,支管不开孔
,CPT01279,支架三通,CL3000,FO,SW,022Cr17Ni12Mo2,1916T3038,ASME B16.11,RCC-M 3,QA2,"3/4""",,个,,KG,支管不开孔
,CPT01280,支架三通,CL3000,FO,SW,022Cr17Ni12Mo2,1916T3038,ASME B16.11,RCC-M 3,QA2,"1""",,个,,KG,支管不开孔
,CPT01281,支架三通,CL3000,FO,SW,022Cr17Ni12Mo2,1916T3038,ASME B16.11,RCC-M 3,QA2,"1-1/4""",,个,,KG,支管不开孔
,CPT01282,支架三通,CL3000,FO,SW,022Cr17Ni12Mo2,1916T3038,ASME B16.11,RCC-M 3,QA2,"1-1/2""",,个,,KG,支管不开孔
,CPT01283,支架三通,CL3000,FO,SW,022Cr17Ni12Mo2,1916T3038,ASME B16.11,RCC-M 3,QA2,"2""",,个,,KG,支管不开孔
,CPT01284,支架三通,CL3000,FO,SW,022Cr19Ni10,1916T3038,ASME B16.11,RCC-M 3,QA2,"1/2""",,个,,KG,支管不开孔
,CPT01285,支架三通,CL3000,FO,SW,022Cr19Ni10,1916T3038,ASME B16.11,RCC-M 3,QA2,"3/4""",,个,,KG,支管不开孔
,CPT01286,支架三通,CL3000,FO,SW,022Cr19Ni10,1916T3038,ASME B16.11,RCC-M 3,QA2,"1""",,个,,KG,支管不开孔
,CPT01287,支架三通,CL3000,FO,SW,022Cr19Ni10,1916T3038,ASME B16.11,RCC-M 3,QA2,"1-1/4""",,个,,KG,支管不开孔
,CPT01288,支架三通,CL3000,FO,SW,022Cr19Ni10,1916T3038,ASME B16.11,RCC-M 3,QA2,"1-1/2""",,个,,KG,支管不开孔
,CPT01289,支架三通,CL3000,FO,SW,022Cr19Ni10,1916T3038,ASME B16.11,RCC-M 3,QA2,"2""",,个,,KG,支管不开孔
,CPT01290,支架三通,CL3000,FO,SW,20,1916T3037,ASME B16.11,RCC-M 3,QA2,"1/4""",,个,,KG,支管不开孔
,CPT01291,支架三通,CL3000,FO,SW,20,1916T3037,ASME B16.11,RCC-M 3,QA2,"3/8""",,个,,KG,支管不开孔
,CPT01292,支架三通,CL3000,FO,SW,20,1916T3037,ASME B16.11,RCC-M 3,QA2,"1/2""",,个,,KG,支管不开孔
,CPT01293,支架三通,CL3000,FO,SW,20,1916T3037,ASME B16.11,RCC-M 3,QA2,"3/4""",,个,,KG,支管不开孔
,CPT01294,支架三通,CL3000,FO,SW,20,1916T3037,ASME B16.11,RCC-M 3,QA2,"1""",,个,,KG,支管不开孔
,CPT01295,支架三通,CL3000,FO,SW,20,1916T3037,ASME B16.11,RCC-M 3,QA2,"1-1/4""",,个,,KG,支管不开孔
,CPT01296,支架三通,CL3000,FO,SW,20,1916T3037,ASME B16.11,RCC-M 3,QA2,"1-1/2""",,个,,KG,支管不开孔
,CPT01297,支架三通,CL3000,FO,SW,20,1916T3037,ASME B16.11,RCC-M 3,QA2,"2""",,个,,KG,支管不开孔
,CPT01298,支架三通,CL3000,FO,SW,022Cr17Ni12Mo2,1916T3023,ASME B16.11,NA,QNCa,"1/2""",,个,,KG,支管不开孔
,CPT01299,支架三通,CL3000,FO,SW,022Cr17Ni12Mo2,1916T3023,ASME B16.11,NA,QNCa,"3/4""",,个,,KG,支管不开孔
,CPT01300,支架三通,CL3000,FO,SW,022Cr17Ni12Mo2,1916T3023,ASME B16.11,NA,QNCa,"1""",,个,0.66,KG,支管不开孔
,CPT01301,支架三通,CL3000,FO,SW,022Cr17Ni12Mo2,1916T3023,ASME B16.11,NA,QNCa,"1-1/4""",,个,,KG,支管不开孔
,CPT01302,支架三通,CL3000,FO,SW,022Cr17Ni12Mo2,1916T3023,ASME B16.11,NA,QNCa,"1-1/2""",,个,,KG,支管不开孔
,CPT01303,支架三通,CL3000,FO,SW,022Cr17Ni12Mo2,1916T3023,ASME B16.11,NA,QNCa,"2""",,个,,KG,支管不开孔
,CPT01304,支架三通,CL3000,FO,SW,022Cr19Ni10,1916T3023,ASME B16.11,NA,QNCa,"1/2""",,个,0.35,KG,支管不开孔
,CPT01305,支架三通,CL3000,FO,SW,022Cr19Ni10,1916T3023,ASME B16.11,NA,QNCa,"3/4""",,个,0.4,KG,支管不开孔
,CPT01306,支架三通,CL3000,FO,SW,022Cr19Ni10,1916T3023,ASME B16.11,NA,QNCa,"1""",,个,,KG,支管不开孔
,CPT01307,支架三通,CL3000,FO,SW,022Cr19Ni10,1916T3023,ASME B16.11,NA,QNCa,"1-1/4""",,个,,KG,支管不开孔
,CPT01308,支架三通,CL3000,FO,SW,022Cr19Ni10,1916T3023,ASME B16.11,NA,QNCa,"1-1/2""",,个,1.4,KG,支管不开孔
,CPT01309,支架三通,CL3000,FO,SW,022Cr19Ni10,1916T3023,ASME B16.11,NA,QNCa,"2""",,个,2.2,KG,支管不开孔
,CPT01310,支架三通,CL3000,FO,SW,20,1916T3025,ASME B16.11,NA,QNCa,"1/4""",,个,,KG,支管不开孔
,CPT01311,支架三通,CL3000,FO,SW,20,1916T3025,ASME B16.11,NA,QNCa,"3/8""",,个,,KG,支管不开孔
,CPT01312,支架三通,CL3000,FO,SW,20,1916T3025,ASME B16.11,NA,QNCa,"1/2""",,个,0.4,KG,支管不开孔
,CPT01313,支架三通,CL3000,FO,SW,20,1916T3025,ASME B16.11,NA,QNCa,"3/4""",,个,0.4,KG,支管不开孔
,CPT01314,支架三通,CL3000,FO,SW,20,1916T3025,ASME B16.11,NA,QNCa,"1""",,个,0.7,KG,支管不开孔
,CPT01315,支架三通,CL3000,FO,SW,20,1916T3025,ASME B16.11,NA,QNCa,"1-1/4""",,个,,KG,支管不开孔
,CPT01316,支架三通,CL3000,FO,SW,20,1916T3025,ASME B16.11,NA,QNCa,"1-1/2""",,个,1.4,KG,支管不开孔
,CPT01317,支架三通,CL3000,FO,SW,20,1916T3025,ASME B16.11,NA,QNCa,"2""",,个,2.2,KG,支管不开孔
,CPT01320,异径三通,SCH160xSCH160,SS,BW,022Cr19Ni10,1916T3017,ASME B16.9,RCC-M 2,QA1,"2-1/2""x1""",,个,3.27,KG,
,CPT01321,异径三通,SCH160xSCH160,SS,BW,022Cr19Ni10,1916T3017,ASME B16.9,RCC-M 2,QA1,"2-1/2""x1-1/4""",,个,3.3,KG,
,CPT01322,异径三通,SCH160xSCH160,SS,BW,022Cr19Ni10,1916T3017,ASME B16.9,RCC-M 2,QA1,"2-1/2""x1-1/2""",,个,3.35,KG,
,CPT01323,异径三通,SCH160xSCH160,SS,BW,022Cr19Ni10,1916T3017,ASME B16.9,RCC-M 2,QA1,"2-1/2""x2""",,个,3.45,KG,
,CPT01324,异径三通,SCH160xSCH160,SS,BW,022Cr19Ni10,1916T3017,ASME B16.9,RCC-M 2,QA1,"3""x1""",,个,,KG,
,CPT01325,异径三通,SCH160xSCH160,SS,BW,022Cr19Ni10,1916T3017,ASME B16.9,RCC-M 2,QA1,"3""x1-1/4""",,个,5.4,KG,
,CPT01326,异径三通,SCH160xSCH160,SS,BW,022Cr19Ni10,1916T3017,ASME B16.9,RCC-M 2,QA1,"3""x1-1/2""",,个,5.5,KG,
,CPT01327,异径三通,SCH160xSCH160,SS,BW,022Cr19Ni10,1916T3017,ASME B16.9,RCC-M 2,QA1,"3""x2""",,个,5.5,KG,
,CPT01328,异径三通,SCH160xSCH160,SS,BW,022Cr19Ni10,1916T3017,ASME B16.9,RCC-M 2,QA1,"3""x2-1/2""",,个,5.6,KG,
,CPT01329,异径三通,SCH160xSCH160,SS,BW,022Cr19Ni10,1916T3017,ASME B16.9,RCC-M 2,QA1,"3-1/2""x1-1/2""",,个,,KG,
,CPT01330,异径三通,SCH160xSCH160,SS,BW,022Cr19Ni10,1916T3017,ASME B16.9,RCC-M 2,QA1,"3-1/2""x2""",,个,,KG,
,CPT01331,异径三通,SCH160xSCH160,SS,BW,022Cr19Ni10,1916T3017,ASME B16.9,RCC-M 2,QA1,"3-1/2""x3""",,个,,KG,
,CPT01332,异径三通,SCH160xSCH160,SS,BW,022Cr19Ni10,1916T3017,ASME B16.9,RCC-M 2,QA1,"4""x1-1/2""",,个,15.5,KG,
,CPT01333,异径三通,SCH160xSCH160,SS,BW,022Cr19Ni10,1916T3017,ASME B16.9,RCC-M 2,QA1,"4""x2""",,个,15.5,KG,
,CPT01334,异径三通,SCH160xSCH160,SS,BW,022Cr19Ni10,1916T3017,ASME B16.9,RCC-M 2,QA1,"4""x2-1/2""",,个,15.5,KG,
,CPT01335,异径三通,SCH160xSCH160,SS,BW,022Cr19Ni10,1916T3017,ASME B16.9,RCC-M 2,QA1,"4""x3""",,个,15.9,KG,
,CPT01336,异径三通,SCH160xSCH160,SS,BW,022Cr19Ni10,1916T3017,ASME B16.9,RCC-M 2,QA1,"4""x3-1/2""",,个,,KG,
,CPT01337,异径三通,SCH160xSCH160,SS,BW,022Cr19Ni10,1916T3017,ASME B16.9,RCC-M 2,QA1,"5""x2""",,个,23,KG,
,CPT01338,异径三通,SCH160xSCH160,SS,BW,022Cr19Ni10,1916T3017,ASME B16.9,RCC-M 2,QA1,"5""x2-1/2""",,个,23,KG,
,CPT01339,异径三通,SCH160xSCH160,SS,BW,022Cr19Ni10,1916T3017,ASME B16.9,RCC-M 2,QA1,"5""x3""",,个,23,KG,
,CPT01340,异径三通,SCH160xSCH160,SS,BW,022Cr19Ni10,1916T3017,ASME B16.9,RCC-M 2,QA1,"5""x3-1/2""",,个,,KG,
,CPT01341,异径三通,SCH160xSCH160,SS,BW,022Cr19Ni10,1916T3017,ASME B16.9,RCC-M 2,QA1,"5""x4""",,个,23,KG,
,CPT01342,异径三通,SCH160xSCH160,SS,BW,022Cr19Ni10,1916T3017,ASME B16.9,RCC-M 2,QA1,"6""x2-1/2""",,个,29,KG,
,CPT01343,异径三通,SCH160xSCH160,SS,BW,022Cr19Ni10,1916T3017,ASME B16.9,RCC-M 2,QA1,"6""x3""",,个,30,KG,
,CPT01344,异径三通,SCH160xSCH160,SS,BW,022Cr19Ni10,1916T3017,ASME B16.9,RCC-M 2,QA1,"6""x3-1/2""",,个,,KG,
,CPT01345,异径三通,SCH160xSCH160,SS,BW,022Cr19Ni10,1916T3017,ASME B16.9,RCC-M 2,QA1,"6""x4""",,个,30,KG,
,CPT01346,异径三通,SCH160xSCH160,SS,BW,022Cr19Ni10,1916T3017,ASME B16.9,RCC-M 2,QA1,"6""x5""",,个,30,KG,
,CPT01347,异径三通,SCH160xSCH160,SS,BW,022Cr19Ni10,1916T3017,ASME B16.9,RCC-M 2,QA1,"8""x3""",,个,,KG,
,CPT01348,异径三通,SCH160xSCH160,SS,BW,022Cr19Ni10,1916T3017,ASME B16.9,RCC-M 2,QA1,"8""x3-1/2""",,个,,KG,
,CPT01349,异径三通,SCH160xSCH160,SS,BW,022Cr19Ni10,1916T3017,ASME B16.9,RCC-M 2,QA1,"8""x4""",,个,49,KG,
,CPT01350,异径三通,SCH160xSCH160,SS,BW,022Cr19Ni10,1916T3017,ASME B16.9,RCC-M 2,QA1,"8""x5""",,个,52,KG,
,CPT01351,异径三通,SCH160xSCH160,SS,BW,022Cr19Ni10,1916T3017,ASME B16.9,RCC-M 2,QA1,"8""x6""",,个,52,KG,
,CPT01352,等径三通ST-I,1mm,FO,SW,TP2,GB/T 18033,GB/T 11618.1,NA,QNCc,DN8,Φ10,个,,KG,
,CPT01353,等径三通ST-I,1.2mm,FO,SW,TP2,GB/T 18033,GB/T 11618.1,NA,QNCc,DN10,Φ12,个,,KG,
,CPT01354,等径三通ST-I,1mm,FO,SW,TP2,GB/T 18033,GB/T 11618.1,NA,QNCc,DN15,Φ15,个,,KG,
,CPT01355,等径三通ST-I,1.2mm,FO,SW,TP2,GB/T 18033,GB/T 11618.1,NA,QNCc,DN20,Φ22,个,,KG,
,CPT01356,等径三通ST-I,1.2mm,FO,SW,TP2,GB/T 18033,GB/T 11618.1,NA,QNCc,DN25,Φ28,个,,KG,
,CPT01357,等径三通ST-I,2mm,FO,SW,TP2,GB/T 18033,GB/T 11618.1,NA,QNCc,DN32,Φ35,个,,KG,
,CPT01358,等径三通,SCH10S,SS,BW,022Cr19Ni10,1916T3017,ASME B16.9,RCC-M 3,QA2,"14""",,个,48,KG,
,CPT01359,等径三通,SCH10S,SS,BW,022Cr19Ni10,1916T3017,ASME B16.9,RCC-M 3,QA2,"16""",,个,59,KG,
,CPT01360,异径三通,SCH10SxSCH10S,SS,BW,022Cr19Ni10,1916T3017,ASME B16.9,RCC-M 3,QA2,"14""x12""",,个,43.6,KG,
,CPT01361,异径三通,SCH10SxSCH10S,SS,BW,022Cr19Ni10,1916T3017,ASME B16.9,RCC-M 3,QA2,"14""x10""",,个,42.7,KG,
,CPT01362,异径三通,SCH10SxSCH10S,SS,BW,022Cr19Ni10,1916T3017,ASME B16.9,RCC-M 3,QA2,"16""x14""",,个,53,KG,
,CPT01363,异径三通,SCH10SxSCH10S,SS,BW,022Cr19Ni10,1916T3017,ASME B16.9,RCC-M 3,QA2,"16""x12""",,个,51.6,KG,
,CPT01364,异径三通,SCH10SxSCH10S,SS,BW,022Cr19Ni10,1916T3017,ASME B16.9,RCC-M 2,QA1,"12""x4""",,个,,KG,
,CPT01365,异径三通,SCH10SxSCH10S,SS,BW,022Cr19Ni10,1916T3017,ASME B16.9,RCC-M 3,QA2,"14""x6""",,个,41.2,KG,
,CPT01366,异径三通,SCH10SxSCH10S,SS,BW,022Cr19Ni10,1916T3017,ASME B16.9,RCC-M 3,QA2,"14""x8""",,个,41.7,KG,
,CPT01367,异径三通,SCH10SxSCH10S,SS,BW,022Cr19Ni10,1916T3017,ASME B16.9,RCC-M 3,QA2,"12""x4""",,个,,KG,
,CPT01368,异径三通,SCH10SxSCH10S,SS,BW,022Cr19Ni10,1916T3017,ASME B16.9,RCC-M 3,QA2,"16""x6""",,个,49.4,KG,
,CPT01369,异径三通,SCH10SxSCH10S,SS,BW,022Cr19Ni10,1916T3017,ASME B16.9,RCC-M 3,QA2,"16""x8""",,个,49.8,KG,
,CPT01370,异径三通,SCH10SxSCH10S,SS,BW,022Cr19Ni10,1916T3017,ASME B16.9,RCC-M 3,QA2,"16""x10""",,个,50.7,KG,
,CPT01371,异径三通,SCH10SxSCH10S,SS,BW,022Cr19Ni10,1916T3023,ASME B16.9,NA,QNCa,"12""x4""",,个,,KG,
,CPT01372,异径三通,SCH80SxSCH40S,SS,BW,022Cr19Ni10,1916T3017,ASME B16.9,RCC-M 2,QA1,"12""x4""",,个,,KG,
,CPT01373,异径三通,SCH80SxSCH40S,SS,BW,022Cr19Ni10,1916T3017,ASME B16.9,RCC-M 3,QA2,"12""x4""",,个,,KG,
,CPT01374,异径三通,31.75mmxSCH120,SS,BW,P280GH,1916T3019,ASME B16.9,RCC-M 2,QA1,"18""x8""",,个,340,KG,
,CPT01375,异径三通,31.75mmxSCH60,SS,BW,P280GH,1916T3019,ASME B16.9,RCC-M 2,QA1,"18""x10""",,个,,KG,
,CPT01376,异径三通,31.75mmxSCH120,SS,BW,P280GH,1916T3019,ASME B16.9,RCC-M 2,QA1,"18""x12""",,个,,KG,
,CPT01377,异径三通,31.75mmxSCH120,SS,BW,P280GH,1916T3019,ASME B16.9,RCC-M 2,QA1,"18""x14""",,个,,KG,
,CPT01378,异径三通,31.75mmxSCH120,SS,BW,P280GH,1916T3019,ASME B16.9,RCC-M 2,QA1,"18""x16""",,个,,KG,
,CPT01379,等径三通,31.75mm,SS,BW,P280GH,1916T3019,ASME B16.9,RCC-M 2,QA1,"18""",,个,,KG,
,CPT01380,异径三通,SCH140xSCH160,SS,BW,026Cr18Ni12Mo2N,1916T3017,ASME B16.9,RCC-M 1,QA1,"12""x4""",,个,,KG,
,CPT01381,异径三通,SCH140xSCH160,SS,BW,022Cr19Ni10,1916T3017,ASME B16.9,RCC-M 2,QA1,"12""x4""",,个,,KG,
,CPT01382,异径三通,SCH10SxSCH10S,SS,BW,022Cr17Ni12Mo2,1916T3023,ASME B16.9,NA,QNCa,"12""x4""",,个,,KG,
,CPT01385,等径三通,2.2mm,,,环氧树脂玻璃纤维,,SY/T 6266,NA,QNCa,"3""",,个,,KG,
,CPT01386,等径三通,2.2mm,,,环氧树脂玻璃纤维,,SY/T 6266,NA,QNCa,"4""",,个,,KG,
,CPT01405,异径三通,SCH80SxSCH80S,SS,BW,022Cr19Ni10,1916T3017,ASME B16.9,RCC-M 2,QA1,"10""x4""",,个,42.4,KG,
,CPT01406,异径三通,SCH80SxSCH80S,SS,BW,022Cr19Ni10,1916T3017,ASME B16.9,RCC-M 2,QA1,"10""x6""",,个,43.9,KG,
,CPT01407,异径三通,SCH80SxSCH80S,SS,BW,022Cr19Ni10,1916T3017,ASME B16.9,RCC-M 2,QA1,"10""x8""",,个,44.8,KG,
,CPT01408,异径三通,SCH80SxSCH80S,SS,BW,022Cr19Ni10,1916T3017,ASME B16.9,RCC-M 2,QA1,"10""x3""",,个,,KG,
,CPT01409,异径三通,SCH80SxSCH80S,SS,BW,022Cr19Ni10,1916T3017,ASME B16.9,RCC-M 2,QA1,"10""x5""",,个,42.9,KG,
,CPT01410,异径三通,SCH80SxSCH80S,SS,BW,022Cr19Ni10,1916T3017,ASME B16.9,RCC-M 2,QA1,"12""x4""",,个,,KG,
,CPT01411,异径三通,SCH80SxSCH80S,SS,BW,022Cr19Ni10,1916T3017,ASME B16.9,RCC-M 2,QA1,"12""x6""",,个,34.7,KG,
,CPT01412,异径三通,SCH80SxSCH80S,SS,BW,022Cr19Ni10,1916T3017,ASME B16.9,RCC-M 2,QA1,"12""x8""",,个,73.8,KG,
,CPT01413,异径三通,SCH80SxSCH80S,SS,BW,022Cr19Ni10,1916T3017,ASME B16.9,RCC-M 2,QA1,"12""x5""",,个,71.1,KG,
,CPT01420,异径三通,SCH160xSCH160,SS,BW,022Cr19Ni10,1916T3017,ASME B16.9,RCC-M 2,QA1,"2""x1""",,个,2.19,KG,
,CPT01421,异径三通,3.18mmxSCH10S,SS,BW,20,1916T3019,ASME B16.9,RCC-M 3,QA2,"2-1/2""x1""",,个,,KG,
,CPT01422,异径三通,3.18mmxSCH10S,SS,BW,20,1916T3019,ASME B16.9,RCC-M 3,QA2,"2-1/2""x1-1/4""",,个,,KG,
,CPT01423,异径三通,3.18mmxSCH10S,SS,BW,20,1916T3019,ASME B16.9,RCC-M 3,QA2,"2-1/2""x1-1/2""",,个,,KG,
,CPT01424,异径三通,3.18mmxSCH10S,SS,BW,20,1916T3019,ASME B16.9,RCC-M 3,QA2,"2-1/2""x2""",,个,,KG,
,CPT01425,异径三通,3.18mmxSCH10S,SS,BW,20,1916T3019,ASME B16.9,RCC-M 3,QA2,"3""x1""",,个,,KG,
,CPT01426,异径三通,3.18mmxSCH10S,SS,BW,20,1916T3019,ASME B16.9,RCC-M 3,QA2,"3""x1-1/4""",,个,,KG,
,CPT01427,异径三通,3.18mmxSCH10S,SS,BW,20,1916T3019,ASME B16.9,RCC-M 3,QA2,"3""x1-1/2""",,个,,KG,
,CPT01428,异径三通,3.18mmxSCH10S,SS,BW,20,1916T3019,ASME B16.9,RCC-M 3,QA2,"3""x2""",,个,,KG,
,CPT01429,异径三通,3.58mmxSCH10S,SS,BW,20,1916T3019,ASME B16.9,RCC-M 3,QA2,"4""x1-1/2""",,个,,KG,
,CPT01430,异径三通,3.58mmxSCH10S,SS,BW,20,1916T3019,ASME B16.9,RCC-M 3,QA2,"4""x2""",,个,,KG,
,CPT01431,异径三通,SCH10SxSCH40S,SS,BW,022Cr19Ni10,1916T3017,ASME B16.9,RCC-M 2,QA1,"2-1/2""x1""",,个,1.15,KG,
,CPT01432,异径三通,SCH10SxSCH40S,SS,BW,022Cr19Ni10,1916T3017,ASME B16.9,RCC-M 2,QA1,"2-1/2""x1-1/4""",,个,1.17,KG,
,CPT01433,异径三通,SCH10SxSCH40S,SS,BW,022Cr19Ni10,1916T3017,ASME B16.9,RCC-M 2,QA1,"2-1/2""x1-1/2""",,个,1.19,KG,
,CPT01434,异径三通,SCH10SxSCH40S,SS,BW,022Cr19Ni10,1916T3017,ASME B16.9,RCC-M 2,QA1,"2-1/2""x2""",,个,1.21,KG,
,CPT01435,异径三通,SCH10SxSCH40S,SS,BW,022Cr19Ni10,1916T3017,ASME B16.9,RCC-M 2,QA1,"3""x1""",,个,,KG,
,CPT01436,异径三通,SCH10SxSCH40S,SS,BW,022Cr19Ni10,1916T3017,ASME B16.9,RCC-M 2,QA1,"3""x1-1/4""",,个,1.57,KG,
,CPT01437,异径三通,SCH10SxSCH40S,SS,BW,022Cr19Ni10,1916T3017,ASME B16.9,RCC-M 2,QA1,"3""x1-1/2""",,个,1.6,KG,
,CPT01438,异径三通,SCH10SxSCH40S,SS,BW,022Cr19Ni10,1916T3017,ASME B16.9,RCC-M 2,QA1,"3""x2""",,个,1.65,KG,
,CPT01439,异径三通,SCH10SxSCH40S,SS,BW,022Cr19Ni10,1916T3017,ASME B16.9,RCC-M 2,QA1,"3-1/2""x1-1/2""",,个,2,KG,
,CPT01440,异径三通,SCH10SxSCH40S,SS,BW,022Cr19Ni10,1916T3017,ASME B16.9,RCC-M 2,QA1,"3-1/2""x2""",,个,2.05,KG,
,CPT01441,异径三通,SCH10SxSCH40S,SS,BW,022Cr19Ni10,1916T3017,ASME B16.9,RCC-M 2,QA1,"4""x1-1/2""",,个,2.9,KG,
,CPT01442,异径三通,SCH10SxSCH40S,SS,BW,022Cr19Ni10,1916T3017,ASME B16.9,RCC-M 2,QA1,"4""x2""",,个,2.93,KG,
,CPT01443,异径三通,SCH10SxSCH40S,SS,BW,022Cr19Ni10,1916T3017,ASME B16.9,RCC-M 2,QA1,"5""x2""",,个,5.1,KG,
,CPT01444,异径三通,SCH10SxSCH40S,SS,BW,022Cr19Ni10,1916T3017,ASME B16.9,RCC-M 3,QA2,"3""x1""",,个,,KG,
,CPT01445,异径三通,SCH10SxSCH40S,SS,BW,022Cr19Ni10,1916T3017,ASME B16.9,RCC-M 3,QA2,"3""x1-1/4""",,个,1.57,KG,
,CPT01446,异径三通,SCH10SxSCH40S,SS,BW,022Cr19Ni10,1916T3017,ASME B16.9,RCC-M 3,QA2,"3""x1-1/2""",,个,1.6,KG,
,CPT01447,异径三通,SCH10SxSCH40S,SS,BW,022Cr19Ni10,1916T3017,ASME B16.9,RCC-M 3,QA2,"3""x2""",,个,1.65,KG,
,CPT01448,异径三通,SCH10SxSCH40S,SS,BW,022Cr19Ni10,1916T3017,ASME B16.9,RCC-M 3,QA2,"4""x1-1/2""",,个,2.9,KG,
,CPT01449,异径三通,SCH10SxSCH40S,SS,BW,022Cr19Ni10,1916T3017,ASME B16.9,RCC-M 3,QA2,"4""x2""",,个,2.93,KG,
,CPT01450,等径三通ST-I,1mm,FO,SW,TP2,GB/T 18033,GB/T 11618.1,NA,QNCc,DN6,Φ8,个,,KG,
,CPT01451,等径三通ST-I,2mm,FO,SW,TP2,GB/T 18033,GB/T 11618.1,NA,QNCc,DN40,Φ42,个,,KG,
,CPT01452,异径三通RT-I,1mmx1mm,FO,SW,TP2,GB/T 18033,GB/T 11618.1,NA,QNCc,DN8xDN6,Φ10xΦ8,个,,KG,
,CPT01453,异径三通RT-I,1.2mmx1mm,FO,SW,TP2,GB/T 18033,GB/T 11618.1,NA,QNCc,DN10xDN8,Φ12xΦ10,个,,KG,
,CPT01454,异径三通RT-I,1mmx1mm,FO,SW,TP2,GB/T 18033,GB/T 11618.1,NA,QNCc,DN15xDN8,Φ15xΦ10,个,,KG,
,CPT01455,异径三通RT-I,1mmx1.2mm,FO,SW,TP2,GB/T 18033,GB/T 11618.1,NA,QNCc,DN15xDN10,Φ15xΦ12,个,,KG,
,CPT01456,异径三通RT-I,1.2mmx1.2mm,FO,SW,TP2,GB/T 18033,GB/T 11618.1,NA,QNCc,DN20xDN10,Φ22xΦ12,个,,KG,
,CPT01457,异径三通RT-I,1.2mmx1mm,FO,SW,TP2,GB/T 18033,GB/T 11618.1,NA,QNCc,DN20xDN15,Φ22xΦ15,个,,KG,
,CPT01458,异径三通RT-I,1.2mmx1.2mm,FO,SW,TP2,GB/T 18033,GB/T 11618.1,NA,QNCc,DN25xDN10,Φ28xΦ12,个,,KG,
,CPT01459,异径三通RT-I,1.2mmx1mm,FO,SW,TP2,GB/T 18033,GB/T 11618.1,NA,QNCc,DN25xDN15,Φ28xΦ15,个,,KG,
,CPT01460,异径三通RT-I,1.2mmx1.2mm,FO,SW,TP2,GB/T 18033,GB/T 11618.1,NA,QNCc,DN25xDN20,Φ28xΦ22,个,,KG,
,CPT01461,异径三通RT-I,2mmx1mm,FO,SW,TP2,GB/T 18033,GB/T 11618.1,NA,QNCc,DN32xDN15,Φ35xΦ15,个,,KG,
,CPT01462,异径三通RT-I,2mmx1.2mm,FO,SW,TP2,GB/T 18033,GB/T 11618.1,NA,QNCc,DN32xDN20,Φ35xΦ22,个,,KG,
,CPT01463,异径三通RT-I,2mmx1.2mm,FO,SW,TP2,GB/T 18033,GB/T 11618.1,NA,QNCc,DN32xDN25,Φ35xΦ28,个,,KG,
,CPT01464,异径三通RT-I,2mmx1mm,FO,SW,TP2,GB/T 18033,GB/T 11618.1,NA,QNCc,DN40xDN15,Φ42xΦ15,个,,KG,
,CPT01465,异径三通RT-I,2mmx1.2mm,FO,SW,TP2,GB/T 18033,GB/T 11618.1,NA,QNCc,DN40xDN20,Φ42xΦ22,个,,KG,
,CPT01466,异径三通RT-I,2mmx1.2mm,FO,SW,TP2,GB/T 18033,GB/T 11618.1,NA,QNCc,DN40xDN25,Φ42xΦ28,个,,KG,
,CPT01467,异径三通RT-I,2mmx2mm,FO,SW,TP2,GB/T 18033,GB/T 11618.1,NA,QNCc,DN40xDN32,Φ42xΦ35,个,,KG,
,CPT01470,等径三通,CL3000,FO,SW,S30408,,GB/T 14383-2008,NA,QNCa,DN15,,个,,KG,
,CPT01471,等径三通,CL3000,FO,SW,S30408,,GB/T 14383-2008,NA,QNCa,DN20,,个,,KG,
,CPT01472,等径三通,CL3000,FO,SW,S30408,,GB/T 14383-2008,NA,QNCa,DN25,,个,,KG,
,CPT01473,等径三通,CL3000,FO,SW,S30408,,GB/T 14383-2008,NA,QNCa,DN32,,个,,KG,
,CPT01474,等径三通,CL3000,FO,SW,S30408,,GB/T 14383-2008,NA,QNCa,DN40,,个,,KG,
,CPT01475,等径三通,CL3000,FO,SW,S30408,,GB/T 14383-2008,NA,QNCa,DN50,,个,,KG,
,CPT01476,等径三通,SCH10S,SS,BW,S30408,,GB/T 12459-2005,NA,QNCa,DN65,,个,,KG,
,CPT01477,等径三通,SCH10S,SS,BW,S30408,,GB/T 12459-2005,NA,QNCa,DN80,,个,,KG,
,CPT01478,等径三通,SCH40S,SS,BW,S30408,,GB/T 12459-2005,NA,QNCa,DN100,,个,,KG,
,CPT01479,等径三通,SCH40S,SS,BW,S30408,,GB/T 12459-2005,NA,QNCa,DN150,,个,,KG,
,CPT01480,等径三通,SCH30,SS,BW,S30408,,GB/T 12459-2005,NA,QNCa,DN200,,个,,KG,
,CPT01481,等径三通,SCH30,SS,BW,S30408,,GB/T 12459-2005,NA,QNCa,DN250,,个,,KG,
,CPT01482,等径三通,CL3000,FO,SW,S30403,,GB/T 14383-2008,NA,QNCa,DN15,,个,,KG,
,CPT01483,等径三通,CL3000,FO,SW,S30403,,GB/T 14383-2008,NA,QNCa,DN20,,个,,KG,
,CPT01484,等径三通,CL3000,FO,SW,S30403,,GB/T 14383-2008,NA,QNCa,DN25,,个,,KG,
,CPT01485,等径三通,CL3000,FO,SW,S30403,,GB/T 14383-2008,NA,QNCa,DN32,,个,,KG,
,CPT01486,等径三通,CL3000,FO,SW,S30403,,GB/T 14383-2008,NA,QNCa,DN40,,个,,KG,
,CPT01487,等径三通,CL3000,FO,SW,S30403,,GB/T 14383-2008,NA,QNCa,DN50,,个,,KG,
,CPT01488,等径三通,SCH10S,SS,BW,S30403,,GB/T 12459-2005,NA,QNCa,DN65,,个,,KG,
,CPT01489,等径三通,SCH10S,SS,BW,S30403,,GB/T 12459-2005,NA,QNCa,DN80,,个,,KG,
,CPT01490,等径三通,SCH40S,SS,BW,S30403,,GB/T 12459-2005,NA,QNCa,DN100,,个,,KG,
,CPT01491,等径三通,SCH40S,SS,BW,S30403,,GB/T 12459-2005,NA,QNCa,DN150,,个,,KG,
,CPT01492,等径三通,SCH30,SS,BW,S30403,,GB/T 12459-2005,NA,QNCa,DN200,,个,,KG,
,CPT01493,等径三通,SCH30,SS,BW,S30403,,GB/T 12459-2005,NA,QNCa,DN250,,个,,KG,
,CPT01494,等径三通,CL3000,FO,SW,20,,GB/T 14383-2008,NA,QNCa,DN15,,个,,KG,
,CPT01495,等径三通,CL3000,FO,SW,20,,GB/T 14383-2008,NA,QNCa,DN20,,个,,KG,
,CPT01496,等径三通,CL3000,FO,SW,20,,GB/T 14383-2008,NA,QNCa,DN25,,个,,KG,
,CPT01497,等径三通,CL3000,FO,SW,20,,GB/T 14383-2008,NA,QNCa,DN32,,个,,KG,
,CPT01498,等径三通,CL3000,FO,SW,20,,GB/T 14383-2008,NA,QNCa,DN40,,个,,KG,
,CPT01499,等径三通,CL3000,FO,SW,20,,GB/T 14383-2008,NA,QNCa,DN50,,个,,KG,
,CPT01500,等径三通,SCH10S,SS,BW,20,,GB/T 12459-2005,NA,QNCa,DN65,,个,,KG,
,CPT01501,等径三通,SCH10S,SS,BW,20,,GB/T 12459-2005,NA,QNCa,DN80,,个,,KG,
,CPT01502,等径三通,SCH40,SS,BW,20,,GB/T 12459-2005,NA,QNCa,DN100,,个,,KG,
,CPT01503,等径三通,SCH40,SS,BW,20,,GB/T 12459-2005,NA,QNCa,DN150,,个,,KG,
,CPT01504,等径三通,SCH20,SS,BW,20,,GB/T 12459-2005,NA,QNCa,DN200,,个,,KG,
,CPT01505,等径三通,SCH20,SS,BW,20,,GB/T 12459-2005,NA,QNCa,DN250,,个,,KG,
,CPT01506,等径三通,SCH30,SS,BW,20,,GB/T 12459-2005,NA,QNCa,DN300,,个,,KG,
,CPT01507,等径三通,SCH30,SS,BW,20,,GB/T 12459-2005,NA,QNCa,DN350,,个,,KG,
,CPT01508,等径三通,CL2000,FO,FIL,20(内外壁热浸镀锌),GB/T 13912-2002,GB/T 14383-2008,NA,QNCa,DN15,,个,,KG,
,CPT01509,等径三通,CL2000,FO,FIL,20(内外壁热浸镀锌),GB/T 13912-2002,GB/T 14383-2008,NA,QNCa,DN20,,个,,KG,
,CPT01510,等径三通,CL2000,FO,FIL,20(内外壁热浸镀锌),GB/T 13912-2002,GB/T 14383-2008,NA,QNCa,DN25,,个,,KG,
,CPT01511,等径三通,CL2000,FO,FIL,20(内外壁热浸镀锌),GB/T 13912-2002,GB/T 14383-2008,NA,QNCa,DN32,,个,,KG,
,CPT01512,等径三通,CL2000,FO,FIL,20(内外壁热浸镀锌),GB/T 13912-2002,GB/T 14383-2008,NA,QNCa,DN40,,个,,KG,
,CPT01513,等径三通,CL2000,FO,FIL,20(内外壁热浸镀锌),GB/T 13912-2002,GB/T 14383-2008,NA,QNCa,DN50,,个,,KG,
,CPT01514,等径三通,SCH10S,SS,BW,20(内外壁热浸镀锌),GB/T 13912-2002,GB/T 12459-2005,NA,QNCa,DN65,,个,,KG,
,CPT01515,等径三通,SCH10S,SS,BW,20(内外壁热浸镀锌),GB/T 13912-2002,GB/T 12459-2005,NA,QNCa,DN80,,个,,KG,
,CPT01516,等径三通,SCH40,SS,BW,20(内外壁热浸镀锌),GB/T 13912-2002,GB/T 12459-2005,NA,QNCa,DN100,,个,,KG,
,CPT01517,等径三通,SCH40,SS,BW,20(内外壁热浸镀锌),GB/T 13912-2002,GB/T 12459-2005,NA,QNCa,DN150,,个,,KG,
,CPT01518,等径三通,SCH20,SS,BW,20(内外壁热浸镀锌),GB/T 13912-2002,GB/T 12459-2005,NA,QNCa,DN200,,个,,KG,
,CPT01519,等径三通,SCH20,SS,BW,20(内外壁热浸镀锌),GB/T 13912-2002,GB/T 12459-2005,NA,QNCa,DN250,,个,,KG,
,CPT01520,等径三通,SCH30,SS,BW,20(内外壁热浸镀锌),GB/T 13912-2002,GB/T 12459-2005,NA,QNCa,DN300,,个,,KG,
,CPT01521,等径三通,SCH30,SS,BW,20(内外壁热浸镀锌),GB/T 13912-2002,GB/T 12459-2005,NA,QNCa,DN350,,个,,KG,
,CPT01522,异径三通,SCH10SxSCH40S,SS,BW,S30408,,GB/T 12459-2005,NA,QNCa,DN65xDN50,,个,,KG,
,CPT01523,异径三通,SCH10SxSCH10S,SS,BW,S30408,,GB/T 12459-2005,NA,QNCa,DN65xDN40,,个,,KG,
,CPT01524,异径三通,SCH10SxSCH40S,SS,BW,S30408,,GB/T 12459-2005,NA,QNCa,DN65xDN32,,个,,KG,
,CPT01525,异径三通,SCH10SxSCH10S,SS,BW,S30408,,GB/T 12459-2005,NA,QNCa,DN65xDN25,,个,,KG,
,CPT01526,异径三通,SCH10SxSCH10S,SS,BW,S30408,,GB/T 12459-2005,NA,QNCa,DN80xDN65,,个,,KG,
,CPT01527,异径三通,SCH10SxSCH40S,SS,BW,S30408,,GB/T 12459-2005,NA,QNCa,DN80xDN50,,个,,KG,
,CPT01528,异径三通,SCH10SxSCH10S,SS,BW,S30408,,GB/T 12459-2005,NA,QNCa,DN80xDN40,,个,,KG,
,CPT01529,异径三通,SCH10SxSCH40S,SS,BW,S30408,,GB/T 12459-2005,NA,QNCa,DN80xDN32,,个,,KG,
,CPT01530,异径三通,SCH40SxSCH10S,SS,BW,S30408,,GB/T 12459-2005,NA,QNCa,DN100xDN80,,个,,KG,
,CPT01531,异径三通,SCH40SxSCH10S,SS,BW,S30408,,GB/T 12459-2005,NA,QNCa,DN100xDN65,,个,,KG,
,CPT01532,异径三通,SCH40SxSCH40S,SS,BW,S30408,,GB/T 12459-2005,NA,QNCa,DN100xDN50,,个,,KG,
,CPT01533,异径三通,SCH40SxSCH10S,SS,BW,S30408,,GB/T 12459-2005,NA,QNCa,DN100xDN40,,个,,KG,
,CPT01534,异径三通,SCH40SxSCH40S,SS,BW,S30408,,GB/T 12459-2005,NA,QNCa,DN150xDN100,,个,,KG,
,CPT01535,异径三通,SCH40SxSCH10S,SS,BW,S30408,,GB/T 12459-2005,NA,QNCa,DN150xDN80,,个,,KG,
,CPT01536,异径三通,SCH40SxSCH10S,SS,BW,S30408,,GB/T 12459-2005,NA,QNCa,DN150xDN65,,个,,KG,
,CPT01537,异径三通,SCH30xSCH40S,SS,BW,S30408,,GB/T 12459-2005,NA,QNCa,DN200xDN150,,个,,KG,
,CPT01538,异径三通,SCH30xSCH40S,SS,BW,S30408,,GB/T 12459-2005,NA,QNCa,DN200xDN100,,个,,KG,
,CPT01539,异径三通,SCH30xSCH30,SS,BW,S30408,,GB/T 12459-2005,NA,QNCa,DN250xDN200,,个,,KG,
,CPT01540,异径三通,SCH30xSCH40S,SS,BW,S30408,,GB/T 12459-2005,NA,QNCa,DN250xDN150,,个,,KG,
,CPT01541,异径三通,SCH30xSCH40S,SS,BW,S30408,,GB/T 12459-2005,NA,QNCa,DN250xDN100,,个,,KG,
,CPT01542,异径三通,SCH10SxSCH40S,SS,BW,S30403,,GB/T 12459-2005,NA,QNCa,DN65xDN50,,个,,KG,
,CPT01543,异径三通,SCH10SxSCH10S,SS,BW,S30403,,GB/T 12459-2005,NA,QNCa,DN65xDN40,,个,,KG,
,CPT01544,异径三通,SCH10SxSCH40S,SS,BW,S30403,,GB/T 12459-2005,NA,QNCa,DN65xDN32,,个,,KG,
,CPT01545,异径三通,SCH10SxSCH10S,SS,BW,S30403,,GB/T 12459-2005,NA,QNCa,DN65xDN25,,个,,KG,
,CPT01546,异径三通,SCH10SxSCH10S,SS,BW,S30403,,GB/T 12459-2005,NA,QNCa,DN80xDN65,,个,,KG,
,CPT01547,异径三通,SCH10SxSCH40S,SS,BW,S30403,,GB/T 12459-2005,NA,QNCa,DN80xDN50,,个,,KG,
,CPT01548,异径三通,SCH10SxSCH10S,SS,BW,S30403,,GB/T 12459-2005,NA,QNCa,DN80xDN40,,个,,KG,
,CPT01549,异径三通,SCH10SxSCH40S,SS,BW,S30403,,GB/T 12459-2005,NA,QNCa,DN80xDN32,,个,,KG,
,CPT01550,异径三通,SCH40SxSCH10S,SS,BW,S30403,,GB/T 12459-2005,NA,QNCa,DN100xDN80,,个,,KG,
,CPT01551,异径三通,SCH40SxSCH10S,SS,BW,S30403,,GB/T 12459-2005,NA,QNCa,DN100xDN65,,个,,KG,
,CPT01552,异径三通,SCH40SxSCH40S,SS,BW,S30403,,GB/T 12459-2005,NA,QNCa,DN100xDN50,,个,,KG,
,CPT01553,异径三通,SCH40SxSCH10S,SS,BW,S30403,,GB/T 12459-2005,NA,QNCa,DN100xDN40,,个,,KG,
,CPT01554,异径三通,SCH40SxSCH40S,SS,BW,S30403,,GB/T 12459-2005,NA,QNCa,DN150xDN100,,个,,KG,
,CPT01555,异径三通,SCH40SxSCH10S,SS,BW,S30403,,GB/T 12459-2005,NA,QNCa,DN150xDN80,,个,,KG,
,CPT01556,异径三通,SCH40SxSCH10S,SS,BW,S30403,,GB/T 12459-2005,NA,QNCa,DN150xDN65,,个,,KG,
,CPT01557,异径三通,SCH30xSCH40S,SS,BW,S30403,,GB/T 12459-2005,NA,QNCa,DN200xDN150,,个,,KG,
,CPT01558,异径三通,SCH30xSCH40S,SS,BW,S30403,,GB/T 12459-2005,NA,QNCa,DN200xDN100,,个,,KG,
,CPT01559,异径三通,SCH30xSCH30,SS,BW,S30403,,GB/T 12459-2005,NA,QNCa,DN250xDN200,,个,,KG,
,CPT01560,异径三通,SCH30xSCH40S,SS,BW,S30403,,GB/T 12459-2005,NA,QNCa,DN250xDN150,,个,,KG,
,CPT01561,异径三通,SCH30xSCH40S,SS,BW,S30403,,GB/T 12459-2005,NA,QNCa,DN250xDN100,,个,,KG,
,CPT01562,异径三通,SCH10SxSCH40,SS,BW,20,,GB/T 12459-2005,NA,QNCa,DN65xDN50,,个,,KG,
,CPT01563,异径三通,SCH10SxSCH80,SS,BW,20,,GB/T 12459-2005,NA,QNCa,DN65xDN40,,个,,KG,
,CPT01564,异径三通,SCH10SxSCH40,SS,BW,20,,GB/T 12459-2005,NA,QNCa,DN65xDN32,,个,,KG,
,CPT01565,异径三通,SCH10SxSCH80,SS,BW,20,,GB/T 12459-2005,NA,QNCa,DN65xDN25,,个,,KG,
,CPT01566,异径三通,SCH10SxSCH10S,SS,BW,20,,GB/T 12459-2005,NA,QNCa,DN80xDN65,,个,,KG,
,CPT01567,异径三通,SCH10SxSCH40,SS,BW,20,,GB/T 12459-2005,NA,QNCa,DN80xDN50,,个,,KG,
,CPT01568,异径三通,SCH10SxSCH80,SS,BW,20,,GB/T 12459-2005,NA,QNCa,DN80xDN40,,个,,KG,
,CPT01569,异径三通,SCH10SxSCH40,SS,BW,20,,GB/T 12459-2005,NA,QNCa,DN80xDN32,,个,,KG,
,CPT01570,异径三通,SCH40xSCH10S,SS,BW,20,,GB/T 12459-2005,NA,QNCa,DN100xDN80,,个,,KG,
,CPT01571,异径三通,SCH40xSCH10S,SS,BW,20,,GB/T 12459-2005,NA,QNCa,DN100xDN65,,个,,KG,
,CPT01572,异径三通,SCH40xSCH40,SS,BW,20,,GB/T 12459-2005,NA,QNCa,DN100xDN50,,个,,KG,
,CPT01573,异径三通,SCH40xSCH80,SS,BW,20,,GB/T 12459-2005,NA,QNCa,DN100xDN40,,个,,KG,
,CPT01574,异径三通,SCH40xSCH40,SS,BW,20,,GB/T 12459-2005,NA,QNCa,DN150xDN100,,个,,KG,
,CPT01575,异径三通,SCH40xSCH10S,SS,BW,20,,GB/T 12459-2005,NA,QNCa,DN150xDN80,,个,,KG,
,CPT01576,异径三通,SCH40xSCH10S,SS,BW,20,,GB/T 12459-2005,NA,QNCa,DN150xDN65,,个,,KG,
,CPT01577,异径三通,SCH20xSCH40,SS,BW,20,,GB/T 12459-2005,NA,QNCa,DN200xDN150,,个,,KG,
,CPT01578,异径三通,SCH20xSCH40,SS,BW,20,,GB/T 12459-2005,NA,QNCa,DN200xDN100,,个,,KG,
,CPT01579,异径三通,SCH20xSCH20,SS,BW,20,,GB/T 12459-2005,NA,QNCa,DN250xDN200,,个,,KG,
,CPT01580,异径三通,SCH20xSCH40,SS,BW,20,,GB/T 12459-2005,NA,QNCa,DN250xDN150,,个,,KG,
,CPT01581,异径三通,SCH20xSCH40,SS,BW,20,,GB/T 12459-2005,NA,QNCa,DN250xDN100,,个,,KG,
,CPT01582,异径三通,SCH30xSCH20,SS,BW,20,,GB/T 12459-2005,NA,QNCa,DN300xDN250,,个,,KG,
,CPT01583,异径三通,SCH30xSCH20,SS,BW,20,,GB/T 12459-2005,NA,QNCa,DN300xDN200,,个,,KG,
,CPT01584,异径三通,SCH30xSCH40,SS,BW,20,,GB/T 12459-2005,NA,QNCa,DN300xDN150,,个,,KG,
,CPT01585,异径三通,SCH30xSCH30,SS,BW,20,,GB/T 12459-2005,NA,QNCa,DN350xDN300,,个,,KG,
,CPT01586,异径三通,SCH30xSCH20,SS,BW,20,,GB/T 12459-2005,NA,QNCa,DN350xDN250,,个,,KG,
,CPT01587,异径三通,SCH30xSCH20,SS,BW,20,,GB/T 12459-2005,NA,QNCa,DN350xDN200,,个,,KG,
,CPT01588,异径三通,SCH30xSCH40,SS,BW,20,,GB/T 12459-2005,NA,QNCa,DN350xDN150,,个,,KG,
,CPT01589,异径三通,SCH10SxSCH40,SS,BW,20(内外壁热浸镀锌),GB/T 13912-2002,GB/T 12459-2005,NA,QNCa,DN65xDN50,,个,,KG,
,CPT01590,异径三通,SCH10SxSCH80,SS,BW,20(内外壁热浸镀锌),GB/T 13912-2002,GB/T 12459-2005,NA,QNCa,DN65xDN40,,个,,KG,
,CPT01591,异径三通,SCH10SxSCH40,SS,BW,20(内外壁热浸镀锌),GB/T 13912-2002,GB/T 12459-2005,NA,QNCa,DN65xDN32,,个,,KG,
,CPT01592,异径三通,SCH10SxSCH80,SS,BW,20(内外壁热浸镀锌),GB/T 13912-2002,GB/T 12459-2005,NA,QNCa,DN65xDN25,,个,,KG,
,CPT01593,异径三通,SCH10SxSCH10S,SS,BW,20(内外壁热浸镀锌),GB/T 13912-2002,GB/T 12459-2005,NA,QNCa,DN80xDN65,,个,,KG,
,CPT01594,异径三通,SCH10SxSCH40,SS,BW,20(内外壁热浸镀锌),GB/T 13912-2002,GB/T 12459-2005,NA,QNCa,DN80xDN50,,个,,KG,
,CPT01595,异径三通,SCH10SxSCH80,SS,BW,20(内外壁热浸镀锌),GB/T 13912-2002,GB/T 12459-2005,NA,QNCa,DN80xDN40,,个,,KG,
,CPT01596,异径三通,SCH10SxSCH40,SS,BW,20(内外壁热浸镀锌),GB/T 13912-2002,GB/T 12459-2005,NA,QNCa,DN80xDN32,,个,,KG,
,CPT01597,异径三通,SCH40xSCH10S,SS,BW,20(内外壁热浸镀锌),GB/T 13912-2002,GB/T 12459-2005,NA,QNCa,DN100xDN80,,个,,KG,
,CPT01598,异径三通,SCH40xSCH10S,SS,BW,20(内外壁热浸镀锌),GB/T 13912-2002,GB/T 12459-2005,NA,QNCa,DN100xDN65,,个,,KG,
,CPT01599,异径三通,SCH40xSCH40,SS,BW,20(内外壁热浸镀锌),GB/T 13912-2002,GB/T 12459-2005,NA,QNCa,DN100xDN50,,个,,KG,
,CPT01600,异径三通,SCH40xSCH80,SS,BW,20(内外壁热浸镀锌),GB/T 13912-2002,GB/T 12459-2005,NA,QNCa,DN100xDN40,,个,,KG,
,CPT01601,异径三通,SCH40xSCH40,SS,BW,20(内外壁热浸镀锌),GB/T 13912-2002,GB/T 12459-2005,NA,QNCa,DN150xDN100,,个,,KG,
,CPT01602,异径三通,SCH40xSCH10S,SS,BW,20(内外壁热浸镀锌),GB/T 13912-2002,GB/T 12459-2005,NA,QNCa,DN150xDN80,,个,,KG,
,CPT01603,异径三通,SCH40xSCH10S,SS,BW,20(内外壁热浸镀锌),GB/T 13912-2002,GB/T 12459-2005,NA,QNCa,DN150xDN65,,个,,KG,
,CPT01604,异径三通,SCH20xSCH40,SS,BW,20(内外壁热浸镀锌),GB/T 13912-2002,GB/T 12459-2005,NA,QNCa,DN200xDN150,,个,,KG,
,CPT01605,异径三通,SCH20xSCH40,SS,BW,20(内外壁热浸镀锌),GB/T 13912-2002,GB/T 12459-2005,NA,QNCa,DN200xDN100,,个,,KG,
,CPT01606,异径三通,SCH20xSCH20,SS,BW,20(内外壁热浸镀锌),GB/T 13912-2002,GB/T 12459-2005,NA,QNCa,DN250xDN200,,个,,KG,
,CPT01607,异径三通,SCH20xSCH40,SS,BW,20(内外壁热浸镀锌),GB/T 13912-2002,GB/T 12459-2005,NA,QNCa,DN250xDN150,,个,,KG,
,CPT01608,异径三通,SCH20xSCH40,SS,BW,20(内外壁热浸镀锌),GB/T 13912-2002,GB/T 12459-2005,NA,QNCa,DN250xDN100,,个,,KG,
,CPT01609,异径三通,SCH30xSCH20,SS,BW,20(内外壁热浸镀锌),GB/T 13912-2002,GB/T 12459-2005,NA,QNCa,DN300xDN250,,个,,KG,
,CPT01610,异径三通,SCH30xSCH20,SS,BW,20(内外壁热浸镀锌),GB/T 13912-2002,GB/T 12459-2005,NA,QNCa,DN300xDN200,,个,,KG,
,CPT01611,异径三通,SCH30xSCH40,SS,BW,20(内外壁热浸镀锌),GB/T 13912-2002,GB/T 12459-2005,NA,QNCa,DN300xDN150,,个,,KG,
,CPT01612,异径三通,SCH30xSCH30,SS,BW,20(内外壁热浸镀锌),GB/T 13912-2002,GB/T 12459-2005,NA,QNCa,DN350xDN300,,个,,KG,
,CPT01613,异径三通,SCH30xSCH20,SS,BW,20(内外壁热浸镀锌),GB/T 13912-2002,GB/T 12459-2005,NA,QNCa,DN350xDN250,,个,,KG,
,CPT01614,异径三通,SCH30xSCH20,SS,BW,20(内外壁热浸镀锌),GB/T 13912-2002,GB/T 12459-2005,NA,QNCa,DN350xDN200,,个,,KG,
,CPT01615,异径三通,SCH30xSCH40,SS,BW,20(内外壁热浸镀锌),GB/T 13912-2002,GB/T 12459-2005,NA,QNCa,DN350xDN150,,个,,KG,
,CPT01616,45°等径斜三通,CL3000,FO,SW,S30408,,GB/T 14383-2008,NA,QNCa,DN15,,个,,KG,
,CPT01617,45°等径斜三通,CL3000,FO,SW,S30408,,GB/T 14383-2008,NA,QNCa,DN20,,个,,KG,
,CPT01618,45°等径斜三通,CL3000,FO,SW,S30408,,GB/T 14383-2008,NA,QNCa,DN25,,个,,KG,
,CPT01619,45°等径斜三通,CL3000,FO,SW,S30408,,GB/T 14383-2008,NA,QNCa,DN32,,个,,KG,
,CPT01620,45°等径斜三通,CL3000,FO,SW,S30408,,GB/T 14383-2008,NA,QNCa,DN40,,个,,KG,
,CPT01621,45°等径斜三通,CL3000,FO,SW,S30408,,GB/T 14383-2008,NA,QNCa,DN50,,个,,KG,
,CPT01622,45°等径斜三通,CL3000,FO,SW,S30403,,GB/T 14383-2008,NA,QNCa,DN15,,个,,KG,
,CPT01623,45°等径斜三通,CL3000,FO,SW,S30403,,GB/T 14383-2008,NA,QNCa,DN20,,个,,KG,
,CPT01624,45°等径斜三通,CL3000,FO,SW,S30403,,GB/T 14383-2008,NA,QNCa,DN25,,个,,KG,
,CPT01625,45°等径斜三通,CL3000,FO,SW,S30403,,GB/T 14383-2008,NA,QNCa,DN32,,个,,KG,
,CPT01626,45°等径斜三通,CL3000,FO,SW,S30403,,GB/T 14383-2008,NA,QNCa,DN40,,个,,KG,
,CPT01627,45°等径斜三通,CL3000,FO,SW,S30403,,GB/T 14383-2008,NA,QNCa,DN50,,个,,KG,
,CPT01628,45°等径斜三通,CL3000,FO,SW,20,,GB/T 14383-2008,NA,QNCa,DN15,,个,,KG,
,CPT01629,45°等径斜三通,CL3000,FO,SW,20,,GB/T 14383-2008,NA,QNCa,DN20,,个,,KG,
,CPT01630,45°等径斜三通,CL3000,FO,SW,20,,GB/T 14383-2008,NA,QNCa,DN25,,个,,KG,
,CPT01631,45°等径斜三通,CL3000,FO,SW,20,,GB/T 14383-2008,NA,QNCa,DN32,,个,,KG,
,CPT01632,45°等径斜三通,CL3000,FO,SW,20,,GB/T 14383-2008,NA,QNCa,DN40,,个,,KG,
,CPT01633,45°等径斜三通,CL3000,FO,SW,20,,GB/T 14383-2008,NA,QNCa,DN50,,个,,KG,
,CPT01634,等径三通,2.5mm,SS,RF,20(内衬聚丙烯层),,DL/T 935-2005,NA,QNCa,DN25,,个,,KG,
,CPT01635,等径三通,2.5mm,SS,RF,20(内衬聚丙烯层),,DL/T 935-2005,NA,QNCa,DN32,,个,,KG,
,CPT01636,等径三通,2.5mm,SS,RF,20(内衬聚丙烯层),,DL/T 935-2005,NA,QNCa,DN40,,个,,KG,
,CPT01637,等径三通,3mm,SS,RF,20(内衬聚丙烯层),,DL/T 935-2005,NA,QNCa,DN50,,个,,KG,
,CPT01638,等径三通,3.5mm,SS,RF,20(内衬聚丙烯层),,DL/T 935-2005,NA,QNCa,DN65,,个,,KG,
,CPT01639,等径三通,4mm,SS,RF,20(内衬聚丙烯层),,DL/T 935-2005,NA,QNCa,DN80,,个,,KG,
,CPT01640,等径三通,4mm,SS,RF,20(内衬聚丙烯层),,DL/T 935-2005,NA,QNCa,DN100,,个,,KG,
,CPT01641,等径三通,4mm,SS,RF,20(内衬聚丙烯层),,DL/T 935-2005,NA,QNCa,DN125,,个,,KG,
,CPT01642,等径三通,4.5mm,SS,RF,20(内衬聚丙烯层),,DL/T 935-2005,NA,QNCa,DN150,,个,,KG,
,CPT01643,等径三通,6mm,SS,RF,20(内衬聚丙烯层),,DL/T 935-2005,NA,QNCa,DN200,,个,,KG,
,CPT01644,等径三通,7mm,SS,RF,20(内衬聚丙烯层),,DL/T 935-2005,NA,QNCa,DN250,,个,,KG,
,CPT01645,等径三通,8mm,SS,RF,20(内衬聚丙烯层),,DL/T 935-2005,NA,QNCa,DN300,,个,,KG,
,CPT01646,异径三通,2.5mmx2.5mm,SS,RF,20(内衬聚丙烯层),,DL/T 935-2005,NA,QNCa,DN32xDN25,,个,,KG,
,CPT01647,异径三通,2.5mmx2.5mm,SS,RF,20(内衬聚丙烯层),,DL/T 935-2005,NA,QNCa,DN40xDN25,,个,,KG,
,CPT01648,异径三通,2.5mmx2.5mm,SS,RF,20(内衬聚丙烯层),,DL/T 935-2005,NA,QNCa,DN40xDN32,,个,,KG,
,CPT01649,异径三通,3mmx2.5mm,SS,RF,20(内衬聚丙烯层),,DL/T 935-2005,NA,QNCa,DN50xDN25,,个,,KG,
,CPT01650,异径三通,3mmx2.5mm,SS,RF,20(内衬聚丙烯层),,DL/T 935-2005,NA,QNCa,DN50xDN32,,个,,KG,
,CPT01651,异径三通,3mmx2.5mm,SS,RF,20(内衬聚丙烯层),,DL/T 935-2005,NA,QNCa,DN50xDN40,,个,,KG,
,CPT01652,异径三通,3.5mmx2.5mm,SS,RF,20(内衬聚丙烯层),,DL/T 935-2005,NA,QNCa,DN65xDN25,,个,,KG,
,CPT01653,异径三通,3.5mmx2.5mm,SS,RF,20(内衬聚丙烯层),,DL/T 935-2005,NA,QNCa,DN65xDN32,,个,,KG,
,CPT01654,异径三通,3.5mmx2.5mm,SS,RF,20(内衬聚丙烯层),,DL/T 935-2005,NA,QNCa,DN65xDN40,,个,,KG,
,CPT01655,异径三通,3.5mmx3mm,SS,RF,20(内衬聚丙烯层),,DL/T 935-2005,NA,QNCa,DN65xDN50,,个,,KG,
,CPT01656,异径三通,4mmx2.5mm,SS,RF,20(内衬聚丙烯层),,DL/T 935-2005,NA,QNCa,DN80xDN32,,个,,KG,
,CPT01657,异径三通,4mmx2.5mm,SS,RF,20(内衬聚丙烯层),,DL/T 935-2005,NA,QNCa,DN80xDN40,,个,,KG,
,CPT01658,异径三通,4mmx3mm,SS,RF,20(内衬聚丙烯层),,DL/T 935-2005,NA,QNCa,DN80xDN50,,个,,KG,
,CPT01659,异径三通,4mmx3.5mm,SS,RF,20(内衬聚丙烯层),,DL/T 935-2005,NA,QNCa,DN80xDN65,,个,,KG,
,CPT01660,异径三通,4mmx2.5mm,SS,RF,20(内衬聚丙烯层),,DL/T 935-2005,NA,QNCa,DN100xDN40,,个,,KG,
,CPT01661,异径三通,4mmx3mm,SS,RF,20(内衬聚丙烯层),,DL/T 935-2005,NA,QNCa,DN100xDN50,,个,,KG,
,CPT01662,异径三通,4mmx3.5mm,SS,RF,20(内衬聚丙烯层),,DL/T 935-2005,NA,QNCa,DN100xDN65,,个,,KG,
,CPT01663,异径三通,4mmx4mm,SS,RF,20(内衬聚丙烯层),,DL/T 935-2005,NA,QNCa,DN100xDN80,,个,,KG,
,CPT01664,异径三通,4mmx2.5mm,SS,RF,20(内衬聚丙烯层),,DL/T 935-2005,NA,QNCa,DN125xDN40,,个,,KG,
,CPT01665,异径三通,4mmx3mm,SS,RF,20(内衬聚丙烯层),,DL/T 935-2005,NA,QNCa,DN125xDN50,,个,,KG,
,CPT01666,异径三通,4mmx3.5mm,SS,RF,20(内衬聚丙烯层),,DL/T 935-2005,NA,QNCa,DN125xDN65,,个,,KG,
,CPT01667,异径三通,4mmx4mm,SS,RF,20(内衬聚丙烯层),,DL/T 935-2005,NA,QNCa,DN125xDN80,,个,,KG,
,CPT01668,异径三通,4mmx4mm,SS,RF,20(内衬聚丙烯层),,DL/T 935-2005,NA,QNCa,DN125xDN100,,个,,KG,
,CPT01669,异径三通,4.5mmx3.5mm,SS,RF,20(内衬聚丙烯层),,DL/T 935-2005,NA,QNCa,DN150xDN65,,个,,KG,
,CPT01670,异径三通,4.5mmx4mm,SS,RF,20(内衬聚丙烯层),,DL/T 935-2005,NA,QNCa,DN150xDN80,,个,,KG,
,CPT01671,异径三通,4.5mmx4mm,SS,RF,20(内衬聚丙烯层),,DL/T 935-2005,NA,QNCa,DN150xDN100,,个,,KG,
,CPT01672,异径三通,4.5mmx4mm,SS,RF,20(内衬聚丙烯层),,DL/T 935-2005,NA,QNCa,DN150xDN125,,个,,KG,
,CPT01673,异径三通,6mmx4mm,SS,RF,20(内衬聚丙烯层),,DL/T 935-2005,NA,QNCa,DN200xDN100,,个,,KG,
,CPT01674,异径三通,6mmx4mm,SS,RF,20(内衬聚丙烯层),,DL/T 935-2005,NA,QNCa,DN200xDN125,,个,,KG,
,CPT01675,异径三通,6mmx4.5mm,SS,RF,20(内衬聚丙烯层),,DL/T 935-2005,NA,QNCa,DN200xDN150,,个,,KG,
,CPT01676,异径三通,7mmx4mm,SS,RF,20(内衬聚丙烯层),,DL/T 935-2005,NA,QNCa,DN250xDN100,,个,,KG,
,CPT01677,异径三通,7mmx4mm,SS,RF,20(内衬聚丙烯层),,DL/T 935-2005,NA,QNCa,DN250xDN125,,个,,KG,
,CPT01678,异径三通,7mmx4.5mm,SS,RF,20(内衬聚丙烯层),,DL/T 935-2005,NA,QNCa,DN250xDN150,,个,,KG,
,CPT01679,异径三通,7mmx6mm,SS,RF,20(内衬聚丙烯层),,DL/T 935-2005,NA,QNCa,DN250xDN200,,个,,KG,
,CPT01680,异径三通,8mmx4mm,SS,RF,20(内衬聚丙烯层),,DL/T 935-2005,NA,QNCa,DN300xDN125,,个,,KG,
,CPT01681,异径三通,8mmx4.5mm,SS,RF,20(内衬聚丙烯层),,DL/T 935-2005,NA,QNCa,DN300xDN150,,个,,KG,
,CPT01682,异径三通,8mmx6mm,SS,RF,20(内衬聚丙烯层),,DL/T 935-2005,NA,QNCa,DN300xDN200,,个,,KG,
,CPT01683,异径三通,8mmx7mm,SS,RF,20(内衬聚丙烯层),,DL/T 935-2005,NA,QNCa,DN300xDN250,,个,,KG,
,CPT01684,异径三通,SCH160xSCH160,SS,BW,022Cr19Ni10,1916T3017,ASME B16.9,RCC-M 2,QA1,"1-1/2""x1/2""",,个,1.25,KG,
,CPT01685,异径三通,SCH160xSCH160,SS,BW,022Cr19Ni10,1916T3017,ASME B16.9,RCC-M 2,QA1,"1-1/2""x3/4""",,个,1.19,KG,
,CPT01686,等径三通,3.96mm,SS,BW,20,1916T3025,ASME B16.9,NA,QNCa,"5""",,个,,KG,
,CPT01689,压力测量用三通,CL3000,,SW,022Cr19Ni10,1916T3038,1916E4001-006,RCC-M 1,QA1,"3/4""",,个,,KG,
,CPT01692,压力测量用三通,CL3000,,SW,022Cr19Ni10,1916T3038,1916E4001-005,RCC-M 2,QA1,"2""x3/4""",,个,,KG,
,CPT01693,压力测量用三通,CL3000,,SW,022Cr19Ni10,1916T3038,1916E4001-006,RCC-M 2,QA1,"3/4""",,个,,KG,
,CPT01694,压力测量用三通,CL3000,,SW,20,1916T3037,1916E4001-004,RCC-M 3,QA2,"1""x3/4""",,个,,KG,
,CPT01695,压力测量用三通,CL3000,,SW,022Cr19Ni10,1916T3038,1916E4001-005,RCC-M 3,QA2,"2""x3/4""",,个,,KG,
,CPT01696,压力测量用三通,CL3000,,SW,022Cr19Ni10,1916T3038,1916E4001-006,RCC-M 3,QA2,"3/4""",,个,,KG,
,CPT01697,压力测量用三通,CL3000,,SW,022Cr19Ni10,1916T3038,1916E4001-005,NA,QA3,"2""x3/4""",,个,,KG,
,CPT01698,压力测量用三通,CL3000,,SW,022Cr19Ni10,1916T3038,1916E4001-006,NA,QA3,"3/4""",,个,,KG,
,CPT01699,等径三通,14.27mm,SS,BW,20,1916T3019,ASME B16.9,RCC-M 3,QA2,"10""",,个,,KG,
,CPT01700,等径三通,14.27mm,FS,BW,Q265HR,1916T3021,ASME B16.9,RCC-M 3,QA2,"28""",,个,,KG,
,CPT01701,等径三通,14.27mm,FS,BW,Q265HR,1916T3021,ASME B16.9,RCC-M 3,QA2,"36""",,个,,KG,
,CPT01702,等径三通,14.27mm,FS,BW,Q265HR,1916T3021,ASME B16.9,RCC-M 3,QA2,"48""",,个,,KG,
,CPT01703,异径三通,14.27mmxSCH20,SS,BW,20,1916T3019,ASME B16.9,RCC-M 3,QA2,"10""x8""",,个,,KG,
,CPT01704,异径三通,14.27mmx4.37mm,SS,BW,20,1916T3019,ASME B16.9,RCC-M 3,QA2,"10""x6""",,个,,KG,
,CPT01705,异径三通,14.27mmx3.58mm,SS,BW,20,1916T3019,ASME B16.9,RCC-M 3,QA2,"10""x4""",,个,,KG,
,CPT01706,异径三通,14.27mmx3.18mm,SS,BW,20,1916T3019,ASME B16.9,RCC-M 3,QA2,"10""x3""",,个,,KG,
,CPT01707,异径三通,14.27mmx14.27mm,FS,BW,Q265HR,1916T3021,ASME B16.9,RCC-M 3,QA2,"36""x28""",,个,,KG,
,CPT01708,异径三通,14.27mmx14.27mm,FS,BW,Q265HR,1916T3021,ASME B16.9,RCC-M 3,QA2,"48""x36""",,个,,KG,
,CPT01709,异径三通,14.27mmx14.27mm,FS,BW,Q265HR,1916T3021,ASME B16.9,RCC-M 3,QA2,"48""x28""",,个,,KG,
,CPT01710,异径三通,3.96mmx3.58mm,SS,BW,20,1916T3025,ASME B16.9,NA,QNCa,"5""x4""",,个,,KG,
,CPT01711,异径三通,3.96mmx3.58mm,SS,BW,20,1916T3025,ASME B16.9,NA,QNCa,"5""x3-1/2""",,个,,KG,
,CPT01712,异径三通,3.96mmx3.18mm,SS,BW,20,1916T3025,ASME B16.9,NA,QNCa,"5""x3""",,个,,KG,
,CPT01713,异径三通,3.96mmx3.18mm,SS,BW,20,1916T3025,ASME B16.9,NA,QNCa,"5""x2-1/2""",,个,,KG,
,CPT01714,异径三通,3.96mmx3.18mm,SS,BW,20,1916T3025,ASME B16.9,NA,QNCa,"5""x2""",,个,,KG,
,CPT01715,等径三通,SCH20(坡口为SCH10S),SS,BW,022Cr19Ni10,1916T3017,ASME B16.9,RCC-M 3,QA2,"14""",,个,90,KG,
,CPT01716,异径三通,SCH20xSCH20(坡口为SCH10S),SS,BW,022Cr19Ni10,1916T3017,ASME B16.9,RCC-M 2,QA1,"16""x8""",,个,98,KG,
,CPT01717,异径三通,SCH20xSCH20(坡口为SCH10S),SS,BW,022Cr19Ni10,1916T3017,ASME B16.9,RCC-M 2,QA1,"16""x10""",,个,98,KG,
,CPT01718,异径三通,SCH20xSCH20(坡口为SCH10S),SS,BW,022Cr19Ni10,1916T3017,ASME B16.9,RCC-M 2,QA1,"16""x14""",,个,100,KG,
,CPT01719,异径三通,"SCH20xSCH20(24""坡口为SCH10)",FS,BW,Q265HR,1916T3021,ASME B16.9,RCC-M 3,QA2,"24""x10""",,个,204,KG,
,CPT01720,异径三通,SCH80SxSCH40S(坡口为SCH10S),SS,BW,022Cr19Ni10,1916T3017,ASME B16.9,RCC-M 2,QA1,"10""x6""",,个,,KG,
,CPT01721,等径三通,4.5mm,,,环氧树脂玻璃纤维,,SY/T 6266,NA,QNCa,"1""",,个,,KG,
,CPT01722,等径三通,4.5mm,,,环氧树脂玻璃纤维,,SY/T 6266,NA,QNCa,"3""",,个,,KG,
,CPT01723,等径三通,4.5mm,,,环氧树脂玻璃纤维,,SY/T 6266,NA,QNCa,"4""",,个,,KG,
,CPT01724,异径三通,4.5mmx4.5mm,,,环氧树脂玻璃纤维,,SY/T 6266,NA,QNCa,"3""X1""",,个,,KG,
,CPT01725,异径三通,4.5mmx4.5mm,,,环氧树脂玻璃纤维,,SY/T 6266,NA,QNCa,"4""x1""",,个,,KG,
,CPT01726,等径三通,SCH40S(坡口为SCH40SxSCH10S),SS,BW,022Cr19Ni10,1916T3017,ASME B16.9,RCC-M 2,QA1,"8""",,个,,KG,
,CPT01727,等径三通,SCH40S(坡口为SCH40SxSCH10S),SS,BW,022Cr19Ni10,1916T3017,ASME B16.9,RCC-M 2,QA1,"6""",,个,,KG,
,CPT01728,等径三通,SCH20(坡口为SCH10S),SS,BW,022Cr19Ni10,1916T3017,ASME B16.9,RCC-M 2,QA1,"10""",,个,,KG,
,CPT01729,异径三通,SCH20xSCH20(坡口为SCH10S),SS,BW,022Cr19Ni10,1916T3017,ASME B16.9,RCC-M 2,QA1,"10""x4""",,个,,KG,
,CPT01730,异径三通,SCH40SxSCH10S,SS,BW,022Cr19Ni10,1916T3017,ASME B16.9,RCC-M 2,QA1,"10""x6""",,个,,KG,
,CPT01731,异径三通,SCH20x9.8mm,FS,BW,Q265HR,1916T3021,ASME B16.9,RCC-M 3,QA2,"26""x16""",,个,,KG,
,CPT01732,支架三通,CL6000,FO,SW,022Cr19Ni10,1916T3038,ASME B16.11,RCC-M 2,QA1,"1/4""",,个,,KG,支管不开孔
,CPT01736,等径三通,SCH120xSCH80S,SS,BW,026Cr18Ni12Mo2N,1916T3017,ASME B16.9,RCC-M 2,QA1,"12""",,个,,KG,
,CPT01737,等径三通,SCH120,SS,BW,026Cr18Ni12Mo2N,1916T3017,ASME B16.9,RCC-M 2,QA1,"12""",,个,,KG,
,CPT01738,等径三通,SCH160,SS,BW,026Cr18Ni12Mo2N,1916T3017,ASME B16.9,RCC-M 1,QA1,"6""",,个,,KG,
,CPT01739,等径三通,SCH40,SS,BW,20,,GB/T 12459-2005,NA,QNCa,DN65,,个,,KG,
,CPT01740,等径三通,SCH40,SS,BW,20,,GB/T 12459-2005,NA,QNCa,DN80,,个,,KG,
,CPT01741,异径三通,SCH40xSCH40,SS,BW,20,,GB/T 12459-2005,NA,QNCa,DN65xDN50,,个,,KG,
,CPT01742,异径三通,SCH40xSCH80,SS,BW,20,,GB/T 12459-2005,NA,QNCa,DN65xDN40,,个,,KG,
,CPT01743,异径三通,SCH40xSCH40,SS,BW,20,,GB/T 12459-2005,NA,QNCa,DN65xDN32,,个,,KG,
,CPT01744,异径三通,SCH40xSCH80,SS,BW,20,,GB/T 12459-2005,NA,QNCa,DN65xDN25,,个,,KG,
,CPT01745,异径三通,SCH40xSCH40,SS,BW,20,,GB/T 12459-2005,NA,QNCa,DN80xDN65,,个,,KG,
,CPT01746,异径三通,SCH40xSCH40,SS,BW,20,,GB/T 12459-2005,NA,QNCa,DN80xDN50,,个,,KG,
,CPT01747,异径三通,SCH40xSCH80,SS,BW,20,,GB/T 12459-2005,NA,QNCa,DN80xDN40,,个,,KG,
,CPT01748,异径三通,SCH40SxSCH80S,SS,BW,022Cr19Ni10,1916T3017,ASME B16.9,RCC-M 3,QA2,"8""x6""",,个,,KG,
,CPT01749,异径三通,"SCH20xSCH20(24""坡口为SCH10)",FS,BW,Q265HR,1916T3021,ASME B16.9,RCC-M 3,QA2,"24""x14""",,个,,KG,
,CPT01750,等径三通,25.4mm,SS,BW,P280GH,RCC-M M1152,ASME B16.9,NA,QA3,"12""",,个,,KG,
,CPT01751,等径三通,11.13mm,SS,BW,P280GH,RCC-M M1152,ASME B16.9,NA,QA3,"4""",,个,,KG,
,CPT01752,异径三通,19.05mmx14.27mm,SS,BW,P280GH,RCC-M M1144,ASME B16.9,NA,QA3,"12""x8""",,个,,KG,
,CPT01753,异径三通,38.1mmx22.23mm,SS,BW,P280GH,RCC-M M1152,ASME B16.9,NA,QA3,"22""x10""",,个,,KG,
,CPT01754,异径三通,34.93mmx19.05mm,SS,BW,P280GH,RCC-M M1144,ASME B16.9,NA,QA3,"30""x14""",,个,,KG,
,CPT01755,异径三通,34.93mmx19.05mm,SS,BW,P280GH,RCC-M M1144,ASME B16.9,NA,QA3,"30""x12""",,个,,KG,
,CPT01756,异径三通,30.18mmx19.05mm,SS,BW,P280GH,RCC-M M1144,ASME B16.9,NA,QA3,"26""x12""",,个,,KG,
,CPT01757,异径三通,12.7mmx11.13mm,SS,BW,P280GH,RCC-M M1152,ASME B16.9,NA,QA3,"6""x4""",,个,,KG,
,CPT01758,异径三通,SCH40xSCH40,SS,BW,20,,GB/T 12459-2005,NA,QNCa,DN80xDN32,,个,,KG,
,CPT01759,异径三通,SCH40xSCH40,SS,BW,20,,GB/T 12459-2005,NA,QNCa,DN100xDN80,,个,,KG,
,CPT01760,异径三通,SCH40xSCH40,SS,BW,20,,GB/T 12459-2005,NA,QNCa,DN100xDN65,,个,,KG,
,CPT01761,异径三通,SCH40xSCH40,SS,BW,20,,GB/T 12459-2005,NA,QNCa,DN150xDN80,,个,,KG,
,CPT01762,异径三通,SCH40xSCH40,SS,BW,20,,GB/T 12459-2005,NA,QNCa,DN150xDN65,,个,,KG,
B,CPT01763,异径三通,CL6000,FO,SW,022Cr19Ni10,1916T3038,ASME B16.11,RCC-M 2,QA1,"2""x1/2""",,个,,KG,
B,CPT01764,异径三通,SCH160xSCH160,SS,BW,022Cr19Ni10,1916T3017,ASME B16.9,RCC-M 1,QA1,"6""x2""",,个,,KG,
B,CPT01765,等径三通,SCH160,SS,BW,022Cr19Ni10,1916T3017,ASME B16.9,RCC-M 1,QA1,"1""",,个,,KG,
,CPT01766,等径三通,3.18mm,SS,BW,20,1916T3019,ASME B16.9,RCC-M 3,QA2,"2""",,个,,KG,
,CPT01769,异径三通,SCH40SxSCH40S,SS,BW,022Cr19Ni10,1916T3017,ASME B16.9,RCC-M 2,QA1,"10""x8""",,个,,KG,
,CPT01770,异径三通,SCH160xSCH160,SS,BW,026Cr18Ni12Mo2N,1916T3017,ASME B16.9,RCC-M 1,QA1,"6""x4""",,个,,KG,
,CPT01772,异径三通,19.05mmx14.27mm,SS,BW,P280GH,RCC-M M1144,ASME B16.9,NA,QA3,"12""x5""",,个,,KG,
,CPT01773,异径三通,31.75mmxSCH120,SS,BW,P280GH(主给水流量控制系统专用),1916T3019,ASME B16.9,RCC-M 2,QA1,"18""x8""",,个,,KG,
,CPT01774,等径三通,SCH40,FS,BW,Q235B(内外壁热浸镀锌),GB/T 13401-2017,GB/T 12459-2017,NA,QNCa,DN100,,个,,KG,
,CPT01775,等径三通,SCH40,FS,BW,Q235B(内外壁热浸镀锌),GB/T 13401-2017,GB/T 12459-2017,NA,QNCa,DN150,,个,,KG,
,CPT01776,等径三通,SCH30,FS,BW,Q235B(内外壁热浸镀锌),GB/T 13401-2017,GB/T 12459-2017,NA,QNCa,DN200,,个,,KG,
,CPT01777,等径三通,8.74mm,FS,BW,Q235B(内外壁热浸镀锌),GB/T 13401-2017,GB/T 12459-2017,NA,QNCa,DN250,,个,,KG,
,CPT01778,等径三通,9.53mm,FS,BW,Q235B(内外壁热浸镀锌),GB/T 13401-2017,GB/T 12459-2017,NA,QNCa,DN300,,个,,KG,
,CPT01779,等径三通,SCH30,FS,BW,Q235B(内外壁热浸镀锌),GB/T 13401-2017,GB/T 12459-2017,NA,QNCa,DN350,,个,,KG,
,CPT01780,等径三通,SCH30,FS,BW,Q235B(内外壁热浸镀锌),GB/T 13401-2017,GB/T 12459-2017,NA,QNCa,DN400,,个,,KG,
,CPT01781,等径三通,9.53mm,FS,BW,Q235B(内外壁热浸镀锌),GB/T 13401-2017,GB/T 12459-2017,NA,QNCa,DN450,,个,,KG,
,CPT01782,异径三通,SCH40xSCH10,FS,BW,Q235B(内外壁热浸镀锌),GB/T 13401-2017,GB/T 12459-2017,NA,QNCa,DN150xDN80,,个,,KG,
,CPT01783,异径三通,SCH30xSCH40,FS,BW,Q235B(内外壁热浸镀锌),GB/T 13401-2017,GB/T 12459-2017,NA,QNCa,DN200xDN100,,个,,KG,
,CPT01784,异径三通,SCH30xSCH40,FS,BW,Q235B(内外壁热浸镀锌),GB/T 13401-2017,GB/T 12459-2017,NA,QNCa,DN200xDN150,,个,,KG,
,CPT01785,异径三通,8.74mmxSCH40,FS,BW,Q235B(内外壁热浸镀锌),GB/T 13401-2017,GB/T 12459-2017,NA,QNCa,DN250xDN150,,个,,KG,
,CPT01786,异径三通,8.74mmxSCH30,FS,BW,Q235B(内外壁热浸镀锌),GB/T 13401-2017,GB/T 12459-2017,NA,QNCa,DN250xDN200,,个,,KG,
,CPT01788,异径三通,9.53mmxSCH40,FS,BW,Q235B(内外壁热浸镀锌),GB/T 13401-2017,GB/T 12459-2017,NA,QNCa,DN300XDN150,,个,,KG,
,CPT01789,异径三通,9.53mmxSCH30,FS,BW,Q235B(内外壁热浸镀锌),GB/T 13401-2017,GB/T 12459-2017,NA,QNCa,DN300xDN200,,个,,KG,
,CPT01790,异径三通,SCH30xSCH40,FS,BW,Q235B(内外壁热浸镀锌),GB/T 13401-2017,GB/T 12459-2017,NA,QNCa,DN400xDN150,,个,,KG,
,CPT01791,异径三通,SCH30xSCH30,FS,BW,Q235B(内外壁热浸镀锌),GB/T 13401-2017,GB/T 12459-2017,NA,QNCa,DN400xDN200,,个,,KG,
,CPT01792,异径三通,SCH30x8.74mm,FS,BW,Q235B(内外壁热浸镀锌),GB/T 13401-2017,GB/T 12459-2017,NA,QNCa,DN400xDN250,,个,,KG,
,CPT01793,异径三通,SCH30x9.53mm,FS,BW,Q235B(内外壁热浸镀锌),GB/T 13401-2017,GB/T 12459-2017,NA,QNCa,DN400xDN300,,个,,KG,
,CPT01794,异径三通,SCH20xSCH30,FS,BW,Q235B(内外壁热浸镀锌),GB/T 13401-2017,GB/T 12459-2017,NA,QNCa,DN500xDN200,,个,,KG,
,CPT01795,异径三通,SCH20x8.74mm,FS,BW,Q235B(内外壁热浸镀锌),GB/T 13401-2017,GB/T 12459-2017,NA,QNCa,DN500xDN250,,个,,KG,
,CPT01796,异径三通,SCH20x9.53mm,FS,BW,Q235B(内外壁热浸镀锌),GB/T 13401-2017,GB/T 12459-2017,NA,QNCa,DN500xDN300,,个,,KG,
,CPT01797,异径三通,SCH20xSCH30,FS,BW,Q235B(内外壁热浸镀锌),GB/T 13401-2017,GB/T 12459-2017,NA,QNCa,DN500xDN400,,个,,KG,
,CPT01798,等径三通,12.7mm,SS,BW,20,1916T3025,ASME B16.9,NA,QNCa,"24""",,个,,KG,
,CPT01799,等径三通,9mm,SS,BW,20,GB/T 8163-2018,GB/T 12459-2017,NA,QNCa,DN400,,个,,KG,
,CPT01800,异径三通,9mmx9mm,SS,BW,20,GB/T 8163-2018,GB/T 12459-2017,NA,QNCa,DN400xDN350,,个,,KG,
,CPT01801,异径三通,9mmx8mm,SS,BW,20,GB/T 8163-2018,GB/T 12459-2017,NA,QNCa,DN400xDN300,,个,,KG,
,CPT01802,异径三通,9mmx6.5mm,SS,BW,20,GB/T 8163-2018,GB/T 12459-2017,NA,QNCa,DN400xDN250,,个,,KG,
,CPT01803,异径三通,9mmx6mm,SS,BW,20,GB/T 8163-2018,GB/T 12459-2017,NA,QNCa,DN400xDN200,,个,,KG,
,CPT01804,异径三通,9mmx5mm,SS,BW,20,GB/T 8163-2018,GB/T 12459-2017,NA,QNCa,DN400xDN150,,个,,KG,
,CPT01805,等径三通,9mm,SS,BW,20,GB/T 8163-2018,GB/T 12459-2017,NA,QNCa,DN450,,个,,KG,
,CPT01806,异径三通,9mmx9mm,SS,BW,20,GB/T 8163-2018,GB/T 12459-2017,NA,QNCa,DN450xDN400,,个,,KG,
,CPT01807,异径三通,9mmx9mm,SS,BW,20,GB/T 8163-2018,GB/T 12459-2017,NA,QNCa,DN450xDN350,,个,,KG,
,CPT01808,异径三通,9mmx8mm,SS,BW,20,GB/T 8163-2018,GB/T 12459-2017,NA,QNCa,DN450xDN300,,个,,KG,
,CPT01809,异径三通,9mmx6.5mm,SS,BW,20,GB/T 8163-2018,GB/T 12459-2017,NA,QNCa,DN450xDN250,,个,,KG,
,CPT01810,异径三通,9mmx6mm,SS,BW,20,GB/T 8163-2018,GB/T 12459-2017,NA,QNCa,DN450xDN200,,个,,KG,
,CPT01811,等径三通,12mm,SS,BW,S30408,GB/T 14976-2012,GB/T 12459-2017,NA,QNCa,DN300,,个,,KG,
,CPT01812,异径三通,12mmx8mm,SS,BW,S30408,GB/T 14976-2012,GB/T 12459-2017,NA,QNCa,DN300xDN250,,个,,KG,
,CPT01813,异径三通,12mmx7mm,SS,BW,S30408,GB/T 14976-2012,GB/T 12459-2017,NA,QNCa,DN300xDN200,,个,,KG,
,CPT01814,异径三通,12mmx7mm,SS,BW,S30408,GB/T 14976-2012,GB/T 12459-2017,NA,QNCa,DN300xDN150,,个,,KG,
,CPT01815,等径三通,12mm,SS,BW,S30408,GB/T 14976-2012,GB/T 12459-2017,NA,QNCa,DN350,,个,,KG,
,CPT01816,异径三通,12mmx12mm,SS,BW,S30408,GB/T 14976-2012,GB/T 12459-2017,NA,QNCa,DN350xDN300,,个,,KG,
,CPT01817,异径三通,12mmx8mm,SS,BW,S30408,GB/T 14976-2012,GB/T 12459-2017,NA,QNCa,DN350xDN250,,个,,KG,
,CPT01818,异径三通,12mmx7mm,SS,BW,S30408,GB/T 14976-2012,GB/T 12459-2017,NA,QNCa,DN350xDN200,,个,,KG,
,CPT01819,异径三通,12mmx7mm,SS,BW,S30408,GB/T 14976-2012,GB/T 12459-2017,NA,QNCa,DN350xDN150,,个,,KG,
,CPT01820,等径三通,12mm,SS,BW,S30408,GB/T 14976-2012,GB/T 12459-2017,NA,QNCa,DN400,,个,,KG,
,CPT01821,异径三通,12mmx12mm,SS,BW,S30408,GB/T 14976-2012,GB/T 12459-2017,NA,QNCa,DN400xDN350,,个,,KG,
,CPT01822,异径三通,12mmx12mm,SS,BW,S30408,GB/T 14976-2012,GB/T 12459-2017,NA,QNCa,DN400xDN300,,个,,KG,
,CPT01823,异径三通,12mmx8mm,SS,BW,S30408,GB/T 14976-2012,GB/T 12459-2017,NA,QNCa,DN400xDN250,,个,,KG,
,CPT01824,异径三通,12mmx7mm,SS,BW,S30408,GB/T 14976-2012,GB/T 12459-2017,NA,QNCa,DN400xDN200,,个,,KG,
,CPT01825,异径三通,12mmx7mm,SS,BW,S30408,GB/T 14976-2012,GB/T 12459-2017,NA,QNCa,DN400xDN150,,个,,KG,
,CPT01826,等径三通,12.5mm,SS,BW,S30408,GB/T 14976-2012,GB/T 12459-2017,NA,QNCa,DN450,,个,,KG,
,CPT01827,异径三通,12.5mmx12mm,SS,BW,S30408,GB/T 14976-2012,GB/T 12459-2017,NA,QNCa,DN450xDN400,,个,,KG,
,CPT01828,异径三通,12.5mmx12mm,SS,BW,S30408,GB/T 14976-2012,GB/T 12459-2017,NA,QNCa,DN450xDN350,,个,,KG,
,CPT01829,异径三通,12.5mmx12mm,SS,BW,S30408,GB/T 14976-2012,GB/T 12459-2017,NA,QNCa,DN450xDN300,,个,,KG,
,CPT01830,异径三通,12.5mmx8mm,SS,BW,S30408,GB/T 14976-2012,GB/T 12459-2017,NA,QNCa,DN450xDN250,,个,,KG,
,CPT01831,异径三通,12mmx7mm,SS,BW,S30408,GB/T 14976-2012,GB/T 12459-2017,NA,QNCa,DN450xDN200,,个,,KG,
,CPT01832,等径三通,12mm,SS,BW,S30403,GB/T 14976-2012,GB/T 12459-2017,NA,QNCa,DN300,,个,,KG,
,CPT01833,异径三通,12mmx8mm,SS,BW,S30403,GB/T 14976-2012,GB/T 12459-2017,NA,QNCa,DN300xDN250,,个,,KG,
,CPT01834,异径三通,12mmx7mm,SS,BW,S30403,GB/T 14976-2012,GB/T 12459-2017,NA,QNCa,DN300xDN200,,个,,KG,
,CPT01835,异径三通,12mmx7mm,SS,BW,S30403,GB/T 14976-2012,GB/T 12459-2017,NA,QNCa,DN300xDN150,,个,,KG,
,CPT01836,等径三通,12mm,SS,BW,S30403,GB/T 14976-2012,GB/T 12459-2017,NA,QNCa,DN350,,个,,KG,
,CPT01837,异径三通,12mmx12mm,SS,BW,S30403,GB/T 14976-2012,GB/T 12459-2017,NA,QNCa,DN350xDN300,,个,,KG,
,CPT01838,异径三通,12mmx8mm,SS,BW,S30403,GB/T 14976-2012,GB/T 12459-2017,NA,QNCa,DN350xDN250,,个,,KG,
,CPT01839,异径三通,12mmx7mm,SS,BW,S30403,GB/T 14976-2012,GB/T 12459-2017,NA,QNCa,DN350xDN200,,个,,KG,
,CPT01840,异径三通,12mmx7mm,SS,BW,S30403,GB/T 14976-2012,GB/T 12459-2017,NA,QNCa,DN350xDN150,,个,,KG,
,CPT01841,等径三通,12mm,SS,BW,S30403,GB/T 14976-2012,GB/T 12459-2017,NA,QNCa,DN400,,个,,KG,
,CPT01842,异径三通,12mmx12mm,SS,BW,S30403,GB/T 14976-2012,GB/T 12459-2017,NA,QNCa,DN400xDN350,,个,,KG,
,CPT01843,异径三通,12mmx12mm,SS,BW,S30403,GB/T 14976-2012,GB/T 12459-2017,NA,QNCa,DN400xDN300,,个,,KG,
,CPT01844,异径三通,12mmx8mm,SS,BW,S30403,GB/T 14976-2012,GB/T 12459-2017,NA,QNCa,DN400xDN250,,个,,KG,
,CPT01845,异径三通,12mmx7mm,SS,BW,S30403,GB/T 14976-2012,GB/T 12459-2017,NA,QNCa,DN400xDN200,,个,,KG,
,CPT01846,异径三通,12mmx7mm,SS,BW,S30403,GB/T 14976-2012,GB/T 12459-2017,NA,QNCa,DN400xDN150,,个,,KG,
,CPT01847,等径三通,12.5mm,SS,BW,S30403,GB/T 14976-2012,GB/T 12459-2017,NA,QNCa,DN450,,个,,KG,
,CPT01848,异径三通,12.5mmx12mm,SS,BW,S30403,GB/T 14976-2012,GB/T 12459-2017,NA,QNCa,DN450xDN400,,个,,KG,
,CPT01849,异径三通,12.5mmx12mm,SS,BW,S30403,GB/T 14976-2012,GB/T 12459-2017,NA,QNCa,DN450xDN350,,个,,KG,
,CPT01850,异径三通,12.5mmx12mm,SS,BW,S30403,GB/T 14976-2012,GB/T 12459-2017,NA,QNCa,DN450xDN300,,个,,KG,
,CPT01851,异径三通,12.5mmx8mm,SS,BW,S30403,GB/T 14976-2012,GB/T 12459-2017,NA,QNCa,DN450xDN250,,个,,KG,
,CPT01852,异径三通,12.5mmx7mm,SS,BW,S30403,GB/T 14976-2012,GB/T 12459-2017,NA,QNCa,DN450xDN200,,个,,KG,
,CPT01853,等径三通,9mm,SS,BW,20(内外壁热浸镀锌),GB/T 8163-2018(GB/T 13912-2020),GB/T 12459-2017,NA,QNCa,DN400,,个,,KG,
,CPT01854,等径三通,9mm,SS,BW,20(内外壁热浸镀锌),GB/T 8163-2018(GB/T 13912-2020),GB/T 12459-2017,NA,QNCa,DN450,,个,,KG,
,CPT01855,异径三通,9mmx9mm,SS,BW,20(内外壁热浸镀锌),GB/T 8163-2018(GB/T 13912-2020),GB/T 12459-2017,NA,QNCa,DN400xDN350,,个,,KG,
,CPT02033,异径三通,3mmx2.5mm,SS,RF,20(内衬聚丙烯层),,DL/T 935-2005,NA,QNCa,DN50xDN20,Φ60.3xΦ26.7,个,,KG,
,CPT02034,异径三通(S5系列),5.8mmx2mm,,SA,PVC-C,,GB/T 18993.3,NA,QNCa,DN50xDN20,Φ63xΦ20,个,,KG,
,CPT02035,等径三通,SCH10S,SS,BW,022Cr25Ni7Mo4N,1916T3089,ASME B16.9,RCC-M 3,QA2,"1/2""",,个,,KG,
,CPT02036,等径三通,SCH40,SS,BW,022Cr25Ni7Mo4N,1916T3089,ASME B16.9,RCC-M 3,QA2,"1""",,个,,KG,
,CPT03267,等径三通,SCH30,SS,BW,20(内外壁热浸镀锌),GB/T 8163-2008(GB/T 13912-2020),GB/T 12459-2017,NA,QNCa,DN250,Φ273,个,,KG,
,CPT03268,异径三通,SCH30xSCH20,SS,BW,20(内外壁热浸镀锌),GB/T 8163-2008(GB/T 13912-2020),GB/T 12459-2017,NA,QNCa,DN250xDN200,Φ273xΦ219,个,,KG,
,CPT03269,异径三通,SCH30xSCH40,SS,BW,20(内外壁热浸镀锌),GB/T 8163-2008(GB/T 13912-2020),GB/T 12459-2017,NA,QNCa,DN250xDN150,Φ273xΦ168,个,,KG,
,CPT03270,异径三通,SCH30xSCH40,SS,BW,20(内外壁热浸镀锌),GB/T 8163-2008(GB/T 13912-2020),GB/T 12459-2017,NA,QNCa,DN250xDN100,Φ273xΦ114,个,,KG,
,CPT03271,等径三通,SCH30,SS,BW,20(内外壁热浸镀锌),GB/T 8163-2008(GB/T 13912-2020),GB/T 12459-2017,NA,QNCa,DN65,Φ73,个,,KG,
,CPT03272,异径三通,SCH30xSCH40,SS,BW,20(内外壁热浸镀锌),GB/T 8163-2008(GB/T 13912-2020),GB/T 12459-2017,NA,QNCa,DN65xDN50,Φ73xΦ60,个,,KG,
,CPT03273,异径三通,SCH30xSCH80,SS,BW,20(内外壁热浸镀锌),GB/T 8163-2008(GB/T 13912-2020),GB/T 12459-2017,NA,QNCa,DN65xDN40,Φ73xΦ48,个,,KG,
,CPT03274,异径三通,SCH30xSCH40,SS,BW,20(内外壁热浸镀锌),GB/T 8163-2008(GB/T 13912-2020),GB/T 12459-2017,NA,QNCa,DN65xDN32,Φ73xΦ42,个,,KG,
,CPT03275,等径三通,SCH40,SS,BW,20(内外壁热浸镀锌),GB/T 8163-2008(GB/T 13912-2020),GB/T 12459-2017,NA,QNCa,DN80,Φ89,个,,KG,
,CPT03276,异径三通,SCH40xSCH30,SS,BW,20(内外壁热浸镀锌),GB/T 8163-2008(GB/T 13912-2020),GB/T 12459-2017,NA,QNCa,DN80xDN65,Φ89xΦ73,个,,KG,
,CPT03277,异径三通,SCH40xSCH40,SS,BW,20(内外壁热浸镀锌),GB/T 8163-2008(GB/T 13912-2020),GB/T 12459-2017,NA,QNCa,DN80xDN50,Φ89xΦ60,个,,KG,
,CPT03278,异径三通,SCH40xSCH80,SS,BW,20(内外壁热浸镀锌),GB/T 8163-2008(GB/T 13912-2020),GB/T 12459-2017,NA,QNCa,DN80xDN40,Φ89xΦ48,个,,KG,
,CPT03279,等径三通,SCH30,SS,BW,20,GB/T 8163-2008,GB/T 12459-2017,NA,QNCa,DN250,Φ273,个,,KG,
,CPT03280,异径三通,SCH30xSCH20,SS,BW,20,GB/T 8163-2008,GB/T 12459-2017,NA,QNCa,DN250xDN200,Φ273xΦ219,个,,KG,
,CPT03281,异径三通,SCH30xSCH40,SS,BW,20,GB/T 8163-2008,GB/T 12459-2017,NA,QNCa,DN250xDN150,Φ273xΦ168,个,,KG,
,CPT03282,异径三通,SCH30xSCH40,SS,BW,20,GB/T 8163-2008,GB/T 12459-2017,NA,QNCa,DN250xDN100,Φ273xΦ114,个,,KG,
,CPT03283,等径三通,SCH30,SS,BW,20,GB/T 8163-2008,GB/T 12459-2017,NA,QNCa,DN65,Φ73,个,,KG,
,CPT03284,异径三通,SCH30xSCH40,SS,BW,20,GB/T 8163-2008,GB/T 12459-2017,NA,QNCa,DN65xDN50,Φ73xΦ60,个,,KG,
,CPT03285,异径三通,SCH30xSCH80,SS,BW,20,GB/T 8163-2008,GB/T 12459-2017,NA,QNCa,DN65xDN40,Φ73xΦ48,个,,KG,
,CPT03286,异径三通,SCH30xSCH40,SS,BW,20,GB/T 8163-2008,GB/T 12459-2017,NA,QNCa,DN65xDN32,Φ73xΦ42,个,,KG,
,CPT03287,异径三通,SCH40xSCH30,SS,BW,20,GB/T 8163-2008,GB/T 12459-2017,NA,QNCa,DN80xDN65,Φ89xΦ73,个,,KG,
,CPT03288,等径三通,SCH40S,SS,BW,S30403,GB/T 14976-2012,GB/T 12459-2017,NA,QNCa,DN200,Φ219,个,,KG,
,CPT03289,异径三通,SCH40SxSCH40S,SS,BW,S30403,GB/T 14976-2012,GB/T 12459-2017,NA,QNCa,DN200xDN150,Φ219xΦ168,个,,KG,
,CPT03290,异径三通,SCH40SxSCH40S,SS,BW,S30403,GB/T 14976-2012,GB/T 12459-2017,NA,QNCa,DN200xDN100,Φ219xΦ114,个,,KG,
,CPT03291,等径三通,SCH40S,SS,BW,S30403,GB/T 14976-2012,GB/T 12459-2017,NA,QNCa,DN250,Φ273,个,,KG,
,CPT03292,异径三通,SCH40SxSCH40S,SS,BW,S30403,GB/T 14976-2012,GB/T 12459-2017,NA,QNCa,DN250xDN200,Φ273xΦ219,个,,KG,
,CPT03293,异径三通,SCH40SxSCH40S,SS,BW,S30403,GB/T 14976-2012,GB/T 12459-2017,NA,QNCa,DN250xDN150,Φ273xΦ168,个,,KG,
,CPT03294,异径三通,SCH40SxSCH40S,SS,BW,S30403,GB/T 14976-2012,GB/T 12459-2017,NA,QNCa,DN250xDN100,Φ273xΦ114,个,,KG,
,CPT03295,等径三通,SCH40S,SS,BW,S30408,GB/T 14976-2012,GB/T 12459-2017,NA,QNCa,DN200,Φ219,个,,KG,
,CPT03296,异径三通,SCH40SxSCH40S,SS,BW,S30408,GB/T 14976-2012,GB/T 12459-2017,NA,QNCa,DN200xDN150,Φ219xΦ168,个,,KG,
,CPT03297,异径三通,SCH40SxSCH40S,SS,BW,S30408,GB/T 14976-2012,GB/T 12459-2017,NA,QNCa,DN200xDN100,Φ219xΦ114,个,,KG,
,CPT03298,等径三通,SCH40S,SS,BW,S30408,GB/T 14976-2012,GB/T 12459-2017,NA,QNCa,DN250,Φ273,个,,KG,
,CPT03299,异径三通,SCH40SxSCH40S,SS,BW,S30408,GB/T 14976-2012,GB/T 12459-2017,NA,QNCa,DN250xDN200,Φ273xΦ219,个,,KG,
,CPT03300,异径三通,SCH40SxSCH40S,SS,BW,S30408,GB/T 14976-2012,GB/T 12459-2017,NA,QNCa,DN250xDN150,Φ273xΦ168,个,,KG,
,CPT03301,异径三通,SCH40SxSCH40S,SS,BW,S30408,GB/T 14976-2012,GB/T 12459-2017,NA,QNCa,DN250xDN100,Φ273xΦ114,个,,KG,
,CPT03302,等径三通,3.58mm,SS,BW,20,1916T3025,ASME B16.9,NA,QA3,"4""",,个,,KG,
,CPT03303,异径三通,3.58mmxSCH40,SS,BW,20,1916T3025,ASME B16.9,NA,QA3,"4""x1-1/2""",,个,,KG,
,CPT03304,等径三通,SCH30,SS,BW,022Cr25Ni7Mo4N,1916T3089,ASME B16.9,RCC-M 3,QA2,"2""",Φ60.3,个,,KG,
,CPT03305,等径三通,CL3000,FO,SW,022Cr25Ni7Mo4N,1916T3091,ASME B16.11,RCC-M 3,QA2,"1/2""",Φ21.3,个,,KG,
,CPT03324,异径三通,SCH80SxSCH40S,SS,BW,022Cr19Ni10,1916T3017,ASME B16.9,RCC-M 3,QA2,"3""x2""",,个,,KG,
,CPT08156,异径三通,9mmx8mm,SS,BW,20(内外壁热浸镀锌),GB/T 8163-2018(GB/T 13912-2020),GB/T 12459-2017,NA,QNCa,DN400xDN300,,个,,KG,
,CPT08157,异径三通,9mmx6.5mm,SS,BW,20(内外壁热浸镀锌),GB/T 8163-2018(GB/T 13912-2020),GB/T 12459-2017,NA,QNCa,DN400xDN250,,个,,KG,
,CPT08158,异径三通,9mmx6mm,SS,BW,20(内外壁热浸镀锌),GB/T 8163-2018(GB/T 13912-2020),GB/T 12459-2017,NA,QNCa,DN400xDN200,,个,,KG,
,CPT08159,异径三通,9mmx5mm,SS,BW,20(内外壁热浸镀锌),GB/T 8163-2018(GB/T 13912-2020),GB/T 12459-2017,NA,QNCa,DN400xDN150,,个,,KG,
,CPT08160,异径三通,9mmx9mm,SS,BW,20(内外壁热浸镀锌),GB/T 8163-2018(GB/T 13912-2020),GB/T 12459-2017,NA,QNCa,DN450xDN400,,个,,KG,
,CPT08161,异径三通,9mmx9mm,SS,BW,20(内外壁热浸镀锌),GB/T 8163-2018(GB/T 13912-2020),GB/T 12459-2017,NA,QNCa,DN450xDN350,,个,,KG,
,CPT08162,异径三通,9mmx8mm,SS,BW,20(内外壁热浸镀锌),GB/T 8163-2018(GB/T 13912-2020),GB/T 12459-2017,NA,QNCa,DN450xDN300,,个,,KG,
,CPT08163,异径三通,9mmx6.5mm,SS,BW,20(内外壁热浸镀锌),GB/T 8163-2018(GB/T 13912-2020),GB/T 12459-2017,NA,QNCa,DN450xDN250,,个,,KG,
,CPT08164,异径三通,9mmx6mm,SS,BW,20(内外壁热浸镀锌),GB/T 8163-2018(GB/T 13912-2020),GB/T 12459-2017,NA,QNCa,DN450xDN200,,个,,KG,
,CPT60001,等径三通,SCH40,SS,BW,20(内外壁热浸镀锌),GB/T 13912-2002,GB/T 12459-2005,NA,QNCa,DN65,,个,,KG,
,CPT60002,异径三通,SCH40xSCH40,SS,BW,20(内外壁热浸镀锌),GB/T 13912-2002,GB/T 12459-2005,NA,QNCa,DN100xDN65,,个,,KG,
,CPT60004,异径三通,CL3000,FO,SW,06Cr19Ni10,,GB/T 14383-2008,NA,QNCa,DN20xDN15,,个,,KG,
,CPT60005,异径三通,CL3000,FO,SW,06Cr19Ni10,,GB/T 14383-2008,NA,QNCa,DN25xDN15,,个,,KG,
,CPT60006,异径三通,CL3000,FO,SW,06Cr19Ni10,,GB/T 14383-2008,NA,QNCa,DN50xDN25,,个,,KG,
,CPT60007,异径三通,CL3000,FO,SW,06Cr19Ni10,,GB/T 14383-2008,NA,QNCa,DN80xDN25,,个,,KG,
,CPT60008,异径三通,CL3000,FO,SW,06Cr19Ni10,,GB/T 14383-2008,NA,QNCa,DN80xDN40,,个,,KG,
,CPT60009,异径三通,CL3000,FO,SW,06Cr19Ni10,,GB/T 14383-2008,NA,QNCa,DN80xDN50,,个,,KG,
,CPT60010,等径三通,SCH40S,SS,BW,06Cr19Ni10,,GB/T 12459-2005,NA,QNCa,DN80,,个,,KG,
,CPT60011,GCP005-异径三通,,,沟槽式,20(内外壁热浸镀锌),GB/T 13912-2002,国标图集04S206,NA,QNCa,DN200xDN150,,个,,KG,第88页
,CPT60012,YQGCZG/103机械开孔三通,,,螺纹式,20(内外壁热浸镀锌),GB/T 13912-2002,国标图集04S206,NA,QNCa,DN150xDN25,,个,,KG,第85、86页
,CPT60013,YQGCZG/103机械开孔三通,,,螺纹式,20(内外壁热浸镀锌),GB/T 13912-2002,国标图集04S206,NA,QNCa,DN150xDN32,,个,,KG,第85、86页
,CPT60014,GCP004-三通,,,沟槽式,20(内外壁热浸镀锌),GB/T 13912-2002,国标图集04S206,NA,QNCa,DN200,,个,,KG,第89页
,CPT60015,异径三通,SCH30xSCH40,SS,BW,20,,GB/T 12459-2005,NA,QNCa,DN300xDN150,,个,,KG,
,CPT60016,YQGCZG/103机械开孔三通,,,螺纹式,20(内外壁热浸镀锌),GB/T 13912-2002,国标图集04S206,NA,QNCa,DN80xDN25,,个,,KG,第85、86页
,CPT60017,机械开孔四通,,,螺纹式,20(内外壁热浸镀锌),GB/T 13912-2002,国标图集04S206,NA,QNCa,DN150xDN25,,个,,KG,第85、86页
,CPT60018,异径三通,CL3000,FO,SW,06Cr19Ni10,,GB/T 14383-2008,NA,QNCa,DN40xDN15,,个,,KG,
,CPT60019,异径三通,CL3000,FO,SW,06Cr19Ni10,,GB/T 14383-2008,NA,QNCa,DN32xDN15,,个,,KG,
,CPT60022,异径三通,CL3000,FO,SW,20,,GB/T 14383-2008,NA,QNCa,DN50xDN25,,个,,KG,
,CPT60023,异径三通,CL3000,FO,SW,20,,GB/T 14383-2008,NA,QNCa,DN50xDN20,,个,,KG,
,CPT60024,异径三通,CL3000,FO,SW,20,,GB/T 14383-2008,NA,QNCa,DN25xDN20,,个,,KG,
,CPT60025,异径三通,CL3000,FO,SW,022Cr19Ni10,,GB/T 14383-2008,NA,QNCa,DN25xDN20,,个,,KG,
,CPT60026,异径三通,SCH20xSCH40,SS,BW,20,,GB/T 12459-2005,NA,QNCa,DN200xDN65,,个,,KG,
,CPT60027,异径三通,CL3000,FO,SW,20,,GB/T 14383-2008,NA,QNCa,DN65xDN15,,个,,KG,
,CPU00013,软管接头,,,,022Cr19Ni10,1916T3023,1916E4001-007-0,NA,QA3,"3""x2-1/2""",,个,,KG,
,CPU00014,接管座,CL150,,SW,022Cr25Ni7Mo4N,1916T3091,1916E4001-064,RCC-M 3,QA2,"3""X1""x3/4""",,个,,KG,
,CPU00015,接管座,CL150,,SW,022Cr25Ni7Mo4N,1916T3091,1916E4001-065,RCC-M 3,QA2,"3""x3/4""",,个,,KG,
,CQT00001,疏水罐,25.4mm,SS,BW,P280GH,RCC-M M1144,FQZ32300S14716A44DD,NA,QA3,"18""",,个,,KG,
,CQT00002,疏水罐,19.05mm,SS,BW,P280GH,RCC-M M1144,FQZ32300S15716A44DD,NA,QA3,"12""",,个,,KG,
,CQT00003,疏水罐,14.27mm,SS,BW,P280GH,RCC-M M1144,FQZ32300S21716A44DD,NA,QA3,"8""",,个,,KG,主蒸汽疏水罐
,CQT00004,疏水罐,14.27mm,SS,BW,P280GH,RCC-M M1144,FQZ32300S44716A44DD,NA,QA3,"8""",,个,,KG,旁路疏水罐
B,CPC00930,双头螺纹管接头,CL3000,FO,FIL,20,1916T3025,ASME B16.11,NA,QNCa,"2""",,个,,KG,
B,CPC00931,双头螺纹管接头,CL3000,FO,FIL,022Cr19Ni10,1916T3023,ASME B16.11,NA,QNCa,"2""",,个,,KG,
B,CPC00935,双头螺纹管接头,CL3000,FO,FIL,022Cr19Ni10,1916T3023,ASME B16.11,NA,QNCa,"1-1/2""",,个,,KG,
B,CPK00668,高速水雾喷头K=32,1.6MPa,,FIL,,,美国威景公司,NA,QA3,"1/2""",,个,,KG,喷射角120°
B,CPE02747,90°长半径弯头,SCH120,SS,BW,022Cr19Ni10,1916T3017,ASME B16.9,RCC-M 2,QA1,"12""",,个,,KG,
B,CPE02748,45°长半径弯头,SCH120,SS,BW,022Cr19Ni10,1916T3017,ASME B16.9,RCC-M 2,QA1,"12""",,个,,KG,
B,CPE02751,45°长半径弯头,SCH30,SS,BW,022Cr25Ni7Mo4N,1916T3089,ASME B16.9,RCC-M 3,QA2,"2""",,个,,KG,
B,CPE02756,90°长半径弯头,SCH10,FS,BW,P280GH,1916T3019,ASME B16.9,RCC-M 3,QA2,"24""",,个,,KG,
B,CPN00093,双壁管及其支撑,内2.8mm/外3.2mm,,BW,内022Cr17Ni12Mo2外20,,1916E0008-1,NA,QNC,内DN25/外DN50,内Φ34/外Φ60,个,,KG,
B,CPE02763,双壁管90°弯管,内2.8mm/外3.2mm,,BW,内022Cr17Ni12Mo2外20,,1916E0008-2,NA,QNC,内DN25/外DN50,内Φ34/外Φ60,个,,KG,
B,CPE02762,双壁管45°弯管,内2.8mm/外3.2mm,,BW,内022Cr17Ni12Mo2外20,,1916E0008-3,NA,QNC,内DN25/外DN50,内Φ34/外Φ60,个,,KG,
B,CPT03347,双壁管三通,内2.8mm/外3.2mm,,BW,内022Cr17Ni12Mo2外20,,1916E0008-4,NA,QNC,内DN25/外DN50,内Φ34/外Φ60,个,,KG,
B,CPC00934,双壁管套管,,,BW,内022Cr17Ni12Mo2外20,,1916E0008-5,NA,QNC,内DN50/外DN65,内Φ61/外Φ73,个,,KG,
B,CPR03630,双壁管端管,3.2mmx3.2mm,,BW,内022Cr17Ni12Mo2外20,,1916E0008-6,NA,QNC,DN50xDN32,Φ60xΦ41,个,,KG,
B,CPT03348,限流三通,,,BW/SW,022Cr19Ni10,1916T3038,1916E4001-001,RCC-M 2,QA1,"3""x1""",,个,,KG,
B,CPT03349,限流三通,,,BW/SW,022Cr19Ni10,1916T3038,1916E4001-001,RCC-M 2,QA1,"3""x2""",,个,,KG,
B,CPO01764,管座,,,FIL,022Cr19Ni10,1916T3038,1916E4001-027,NA,QA3,"3/4""",Φ34,个,,KG,
B,CPO01765,接管座,,,BW,026Cr18Ni12Mo2N,1916T3038,1916E4001-040,RCC-M 1,QA1,"3/4""",Φ26.7,个,,KG,
B,CPO01766,接管座,,,BW,026Cr18Ni12Mo2N,1916T3038,1916E4001-040,RCC-M 2,QA1,"3/4""",Φ26.7,个,,KG,
B,CPF01298,WES不锈钢非标法兰,PN10,,FF/SW,022Cr25Ni7Mo4N,1916T3088,1916E4001-528,RCC-M 3,QA2,"3/4""",Φ27.7,个,,KG,
B,CPE02764,90.3°弯头,,,BW,P280GH,1916T3031,1916E4001-060,RCC-M 2,QA1,"32""",Φ751,个,,KG,
B,CPE02765,89.7°弯头,,,BW,P280GH,1916T3031,1916E4001-060,RCC-M 2,QA1,"32""",Φ751,个,,KG,
B,CPE02766,17.7°弯头,,,BW,P280GH,1916T3031,1916E4001-060,RCC-M 2,QA1,"32""",Φ751,个,,KG,
B,CPE02767,18.6°弯头,,,BW,P280GH,1916T3031,1916E4001-060,RCC-M 2,QA1,"32""",Φ751,个,,KG,
B,CPE02768,18°弯头,,,BW,P280GH,1916T3031,1916E4001-060,RCC-M 2,QA1,"32""",Φ751,个,,KG,
B,CPE02769,15.4°弯头,,,BW,P280GH,1916T3031,1916E4001-060,RCC-M 2,QA1,"32""",Φ751,个,,KG,
B,CPE02770,20.1°弯头,,,BW,P280GH,1916T3031,1916E4001-060,RCC-M 2,QA1,"32""",Φ751,个,,KG,
B,CPE02771,79.1°弯头,,,BW,P280GH,1916T3031,1916E4001-060,RCC-M 2,QA1,"32""",Φ751,个,,KG,
B,CPE02772,24°弯头,,,BW,P280GH,1916T3031,1916E4001-060,RCC-M 2,QA1,"32""",Φ751,个,,KG,
B,CPE02773,19°弯头,,,BW,P280GH,1916T3031,1916E4001-060,RCC-M 2,QA1,"32""",Φ751,个,,KG,
B,CPE02774,88.1°弯头,,,BW,P280GH,1916T3031,1916E4001-060,RCC-M 2,QA1,"32""",Φ751,个,,KG,
B,CPE02775,26.5°弯头,,,BW,P280GH,1916T3031,1916E4001-060,RCC-M 2,QA1,"32""",Φ751,个,,KG,
B,CPE02776,90.3°弯头,,,BW,P280GH(LBB),1916T3031,1916E4001-060,RCC-M 2,QA1,"32""",Φ751,个,,KG,
B,CPE02777,88.1°弯头,,,BW,P280GH(LBB),1916T3031,1916E4001-060,RCC-M 2,QA1,"32""",Φ751,个,,KG,
B,CPE02778,89.7°弯头,,,BW,P280GH(LBB),1916T3031,1916E4001-060,RCC-M 2,QA1,"32""",Φ751,个,,KG,
B,CPE02779,17.7°弯头,,,BW,P280GH(LBB),1916T3031,1916E4001-060,RCC-M 2,QA1,"32""",Φ751,个,,KG,
B,CPE02780,18.6°弯头,,,BW,P280GH(LBB),1916T3031,1916E4001-060,RCC-M 2,QA1,"32""",Φ751,个,,KG,
B,CPE02781,18°弯头,,,BW,P280GH(LBB),1916T3031,1916E4001-060,RCC-M 2,QA1,"32""",Φ751,个,,KG,
B,CPE02782,15.4°弯头,,,BW,P280GH(LBB),1916T3031,1916E4001-060,RCC-M 2,QA1,"32""",Φ751,个,,KG,
B,CPE02783,20.1°弯头,,,BW,P280GH(LBB),1916T3031,1916E4001-060,RCC-M 2,QA1,"32""",Φ751,个,,KG,
B,CPE02784,79.1°弯头,,,BW,P280GH(LBB),1916T3031,1916E4001-060,RCC-M 2,QA1,"32""",Φ751,个,,KG,
B,CPE02785,24°弯头,,,BW,P280GH(LBB),1916T3031,1916E4001-060,RCC-M 2,QA1,"32""",Φ751,个,,KG,
B,CPE02786,19°弯头,,,BW,P280GH(LBB),1916T3031,1916E4001-060,RCC-M 2,QA1,"32""",Φ751,个,,KG,
B,CPE02787,26.5°弯头,,,BW,P280GH(LBB),1916T3031,1916E4001-060,RCC-M 2,QA1,"32""",Φ751,个,,KG,
B,CPK00669,螺纹管帽,CL3000,,FIL,022Cr19Ni10,,1916E4001-020,RCC-M 1,QA1,"1/4""",,个,,KG,
B,CPK00670,螺纹管帽,CL3000,,FIL,20,,1916E4001-020,RCC-M 2,QA1,"1/4""",,个,,KG,
B,CPK00671,螺纹管帽,CL3000,,FIL,20,,1916E4001-020,RCC-M 3,QA2,"1/4""",,个,,KG,
B,CPK00672,螺纹管帽,CL3000,,FIL,20,,1916E4001-020,NA,QA3,"1/4""",,个,,KG,
B,CPK00673,螺纹管帽,CL3000,,FIL,P280GH,,1916E4001-020,RCC-M 2,QA1,"1/4""",,个,,KG,
B,CPK00674,螺纹管帽,CL3000,,FIL,022Cr19Ni10,,1916E4001-020,RCC-M 2,QA1,"1/4""",,个,,KG,
B,CPK00675,螺纹管帽,CL3000,,FIL,022Cr17Ni12Mo2,,1916E4001-020,RCC-M 3,QA2,"1/4""",,个,,KG,
B,CPK00676,螺纹管帽,CL3000,,FIL,022Cr19Ni10,,1916E4001-020,RCC-M 3,QA2,"1/4""",,个,,KG,
B,CPK00677,螺纹管帽,CL3000,,FIL,022Cr19Ni10,,1916E4001-020,NA,QA3,"1/4""",,个,,KG,
B,CPK00678,螺纹管帽,CL3000,,FIL,022Cr17Ni12Mo2,,1916E4001-020,NA,QA3,"1/4""",,个,,KG,
B,CPK00679,螺纹管帽,CL3000,,FIL,022Cr25Ni7Mo4N,,1916E4001-020,RCC-M 3,QA2,"1/4""",,个,,KG,
B,CPT03350,限流三通,,FO,BW/SW,022Cr19Ni10,1916T3038,1916E4001-002,RCC-M 1,QA1,"2""x1/2""",,个,,KG,
B,CPT03351,限流三通,,FO,BW,022Cr19Ni10,1916T3038,1916E4001-003,RCC-M 1,QA1,"2""x1/2""",,个,,KG,
B,CPO01762,接管座,,,SW,P280GH,1916T3025,1916E4001-047,NA,QA3,"1""",Φ33.8,个,0.4,KG,
B,CPR03632,WES泵吸水渐进管L=1457,9.52mmx6.35mm,,BW,Q265HR,1916T3020,1916E4001-425,RCC-M 3,QA2,"36""x20""",Φ914xΦ508,个,,KG,
B,CPR03633,WES泵出水渐放管,,,BW,Q265HR,1916T3021,1916E4001-430,RCC-M 3,QA2,"30""x18""",,个,,KG,
B,CPO01763,接管座,,,SW,P280GH,1916T3025,1916E4001-047,NA,QA3,"3/4""",Φ27.1,个,0.2,KG,
B,CPE60013,90°长半径弯头,SCH10S,SS,BW,022Cr19Ni10,1916T3023,ASME B16.9,NA,QNCa,"1""",,个,,KG,
B,CPF01276,对接焊法兰,CL150(SCH10S),,RF/WN,022Cr25Ni7Mo4N,NB/T 47010,ASME B16.5(1916T2002),NA,QNCa,"3/4""",,个,,KG,
B,CPF01295,对接焊法兰,CL150(3.18mm),,FF/WN,022Cr25Ni7Mo4N,1916T3091(1916T2002),ASME B16.5,RCC-M 3,QA2,"2""",,个,,KG,压力(壁厚)一栏括号内为接管壁厚
B,CPF04017,对焊带测量孔法兰,CL300(SCH30),,RF/WN,022Cr25Ni7Mo4N,NB/T 47010,ASME B16.36(1916T2002),NA,QNCa,"2""",Φ60.3,个,,KG,
B,CPG00686,管线盲板,CL300,,RF,022Cr19Ni10,1916T3034,ASME B16.48,RCC-M 2,QA1,"2-1/2""",,个,,KG,连接形式为对应法兰的连接形式
B,CPG00687,管线盲板,CL300,,RF,022Cr19Ni10,1916T3034,ASME B16.48,RCC-M 2,QA1,"6""",,个,,KG,连接形式为对应法兰的连接形式
B,CPG00688,管线盲板,CL300,,RF,022Cr19Ni10,1916T3034,ASME B16.48,RCC-M 2,QA1,"10""",,个,,KG,连接形式为对应法兰的连接形式
B,CPG00689,管线盲板,CL300,,RF,022Cr19Ni10,1916T3034,ASME B16.48,RCC-M 2,QA1,"14""",,个,,KG,连接形式为对应法兰的连接形式
B,CPG00690,管线盲板,CL150,,RF,022Cr19Ni10,1916T3034,ASME B16.48,NA,QA3,"2""",,个,,KG,连接形式为对应法兰的连接形式
B,CPG00691,管线盲板,CL150,,RF,022Cr19Ni10,1916T3034,ASME B16.48,NA,QA3,"4""",,个,,KG,连接形式为对应法兰的连接形式
B,CPG00692,管线盲板,CL150,,RF,022Cr19Ni10,1916T3034,ASME B16.48,NA,QA3,"6""",,个,,KG,连接形式为对应法兰的连接形式
B,CPP00672,无缝钢管,SCH120,SS,,022Cr19Ni10,1916T3016,ASME B36.10M,RCC-M 2,QA1,"12""",,M,,KG,
B,CPR03619,同心大小头,SCH80SxSCH120,SS,BW,022Cr19Ni10,1916T3017,ASME B16.9,RCC-M 2,QA1,"12""x8""",,个,,KG,
B,CPR03622,同心大小头,SCH120xSCH120,SS,BW,022Cr19Ni10,1916T3017,ASME B16.9,RCC-M 2,QA1,"12""x8""",,个,,KG,
B,CQB00001,可调挡水板,,,,组合件,,1916G0018,NA,QA3,DN100,,个,,KG,
B,CQB00002,伞形挡水板,,,,组合件,,1916G0018,NA,QA3,DN15,,个,,KG,
B,CQB00003,45度挡水板,,,,组合件,,1916G0018,NA,QA3,DN40,,个,,KG,
