编号,品名,型号,材料牌号,材料标准,规格标准,尺寸,制造形式,RCC-M,质保等级,单位,单重,单重单位,备注
CWI00100,工字钢,I10,Q235C,GB/T 700-2006,GB/T 706-2008,100x68,热轧型钢,S1,QA3,M,11.261,Kg,高x宽
CWI00101,工字钢,I12,Q235C,GB/T 700-2006,GB/T 706-2008,120x74,热轧型钢,S1,QA3,M,13.987,Kg,高x宽
CWI00102,工字钢,I12.6,Q235C,GB/T 700-2006,GB/T 706-2008,126x74,热轧型钢,S1,QA3,M,14.223,Kg,高x宽
CWI00103,工字钢,I14,Q235C,GB/T 700-2006,GB/T 706-2008,140x80,热轧型钢,S1,QA3,M,16.89,Kg,高x宽
CWI00104,工字钢,I16,Q235C,GB/T 700-2006,GB/T 706-2008,160x88,热轧型钢,S1,QA3,M,20.513,Kg,高x宽
CWI00105,工字钢,I18,Q235C,GB/T 700-2006,GB/T 706-2008,180x94,热轧型钢,S1,QA3,M,24.143,Kg,高x宽
CWI00106,工字钢,I20a,Q235C,GB/T 700-2006,GB/T 706-2008,200x100,热轧型钢,S1,QA3,M,27.929,Kg,高x宽
CWI00107,工字钢,I20b,Q235C,GB/T 700-2006,GB/T 706-2008,200x102,热轧型钢,S1,QA3,M,31.069,Kg,高x宽
CWI00108,工字钢,I22a,Q235C,GB/T 700-2006,GB/T 706-2008,220x110,热轧型钢,S1,QA3,M,33.07,Kg,高x宽
CWI00109,工字钢,I22b,Q235C,GB/T 700-2006,GB/T 706-2008,220x112,热轧型钢,S1,QA3,M,36.524,Kg,高x宽
CWI00110,工字钢,I24a,Q235C,GB/T 700-2006,GB/T 706-2008,240x116,热轧型钢,S1,QA3,M,37.477,Kg,高x宽
CWI00111,工字钢,I24b,Q235C,GB/T 700-2006,GB/T 706-2008,240x118,热轧型钢,S1,QA3,M,41.245,Kg,高x宽
CWI00112,工字钢,I25a,Q235C,GB/T 700-2006,GB/T 706-2008,250x116,热轧型钢,S1,QA3,M,38.105,Kg,高x宽
CWI00113,工字钢,I25b,Q235C,GB/T 700-2006,GB/T 706-2008,250x118,热轧型钢,S1,QA3,M,42.03,Kg,高x宽
CWI00114,工字钢,I27a,Q235C,GB/T 700-2006,GB/T 706-2008,270x122,热轧型钢,S1,QA3,M,42.825,Kg,高x宽
CWI00115,工字钢,I27b,Q235C,GB/T 700-2006,GB/T 706-2008,270x124,热轧型钢,S1,QA3,M,47.064,Kg,高x宽
CWI00116,工字钢,I28a,Q235C,GB/T 700-2006,GB/T 706-2008,280x122,热轧型钢,S1,QA3,M,43.492,Kg,高x宽
CWI00117,工字钢,I28b,Q235C,GB/T 700-2006,GB/T 706-2008,280x124,热轧型钢,S1,QA3,M,47.888,Kg,高x宽
CWI00118,工字钢,I30a,Q235C,GB/T 700-2006,GB/T 706-2008,300x126,热轧型钢,S1,QA3,M,48.084,Kg,高x宽
CWI00119,工字钢,I30b,Q235C,GB/T 700-2006,GB/T 706-2008,300x128,热轧型钢,S1,QA3,M,52.794,Kg,高x宽
CWI00120,工字钢,I30c,Q235C,GB/T 700-2006,GB/T 706-2008,300x130,热轧型钢,S1,QA3,M,57.504,Kg,高x宽
CWI00121,工字钢,I32a,Q235C,GB/T 700-2006,GB/T 706-2008,320x130,热轧型钢,S1,QA3,M,52.717,Kg,高x宽
CWI00122,工字钢,I32b,Q235C,GB/T 700-2006,GB/T 706-2008,320x132,热轧型钢,S1,QA3,M,57.741,Kg,高x宽
CWI00123,工字钢,I32c,Q235C,GB/T 700-2006,GB/T 706-2008,320x134,热轧型钢,S1,QA3,M,62.765,Kg,高x宽
CWI00124,工字钢,I36a,Q235C,GB/T 700-2006,GB/T 706-2008,360x136,热轧型钢,S1,QA3,M,60.037,Kg,高x宽
CWI00125,工字钢,I36b,Q235C,GB/T 700-2006,GB/T 706-2008,360x138,热轧型钢,S1,QA3,M,65.689,Kg,高x宽
CWI00126,工字钢,I36c,Q235C,GB/T 700-2006,GB/T 706-2008,360x140,热轧型钢,S1,QA3,M,71.341,Kg,高x宽
CWI00127,工字钢,I40a,Q235C,GB/T 700-2006,GB/T 706-2008,400x142,热轧型钢,S1,QA3,M,67.598,Kg,高x宽
CWI00128,工字钢,I40b,Q235C,GB/T 700-2006,GB/T 706-2008,400x144,热轧型钢,S1,QA3,M,73.878,Kg,高x宽
CWI00129,工字钢,I40c,Q235C,GB/T 700-2006,GB/T 706-2008,400x146,热轧型钢,S1,QA3,M,80.158,Kg,高x宽
CWI00130,工字钢,I45a,Q235C,GB/T 700-2006,GB/T 706-2008,450x150,热轧型钢,S1,QA3,M,80.42,Kg,高x宽
CWI00131,工字钢,I45b,Q235C,GB/T 700-2006,GB/T 706-2008,450x152,热轧型钢,S1,QA3,M,87.485,Kg,高x宽
CWI00132,工字钢,I45c,Q235C,GB/T 700-2006,GB/T 706-2008,450x154,热轧型钢,S1,QA3,M,94.55,Kg,高x宽
CWI00133,工字钢,I50a,Q235C,GB/T 700-2006,GB/T 706-2008,500x158,热轧型钢,S1,QA3,M,93.654,Kg,高x宽
CWI00134,工字钢,I50b,Q235C,GB/T 700-2006,GB/T 706-2008,500x160,热轧型钢,S1,QA3,M,101.504,Kg,高x宽
CWI00135,工字钢,I50c,Q235C,GB/T 700-2006,GB/T 706-2008,500x162,热轧型钢,S1,QA3,M,109.354,Kg,高x宽
CWI00136,工字钢,I55a,Q235C,GB/T 700-2006,GB/T 706-2008,550x166,热轧型钢,S1,QA3,M,105.335,Kg,高x宽
CWI00137,工字钢,I55b,Q235C,GB/T 700-2006,GB/T 706-2008,550x168,热轧型钢,S1,QA3,M,113.97,Kg,高x宽
CWI00138,工字钢,I55c,Q235C,GB/T 700-2006,GB/T 706-2008,550x170,热轧型钢,S1,QA3,M,122.605,Kg,高x宽
CWI00139,工字钢,I56a,Q235C,GB/T 700-2006,GB/T 706-2008,560x166,热轧型钢,S1,QA3,M,106.316,Kg,高x宽
CWI00140,工字钢,I56b,Q235C,GB/T 700-2006,GB/T 706-2008,560x168,热轧型钢,S1,QA3,M,115.108,Kg,高x宽
CWI00141,工字钢,I56c,Q235C,GB/T 700-2006,GB/T 706-2008,560x170,热轧型钢,S1,QA3,M,123.9,Kg,高x宽
CWI00142,工字钢,I63a,Q235C,GB/T 700-2006,GB/T 706-2008,630x176,热轧型钢,S1,QA3,M,121.407,Kg,高x宽
CWI00143,工字钢,I63b,Q235C,GB/T 700-2006,GB/T 706-2008,630x178,热轧型钢,S1,QA3,M,131.298,Kg,高x宽
CWI00144,工字钢,I63c,Q235C,GB/T 700-2006,GB/T 706-2008,630x180,热轧型钢,S1,QA3,M,141.189,Kg,高x宽
CWC00100,槽钢,[5,Q235C,GB/T 700-2006,GB/T 706-2008,50x37,热轧型钢,S1,QA3,M,5.438,Kg,高x宽
CWC00101,槽钢,[6.3,Q235C,GB/T 700-2006,GB/T 706-2008,63x40,热轧型钢,S1,QA3,M,6.634,Kg,高x宽
CWC00102,槽钢,[6.5,Q235C,GB/T 700-2006,GB/T 706-2008,65x40,热轧型钢,S1,QA3,M,6.709,Kg,高x宽
CWC00103,槽钢,[8,Q235C,GB/T 700-2006,GB/T 706-2008,80x43,热轧型钢,S1,QA3,M,8.045,Kg,高x宽
CWC00104,槽钢,[10,Q235C,GB/T 700-2006,GB/T 706-2008,100x48,热轧型钢,S1,QA3,M,10.007,Kg,高x宽
CWC00105,槽钢,[12,Q235C,GB/T 700-2006,GB/T 706-2008,120x53,热轧型钢,S1,QA3,M,12.059,Kg,高x宽
CWC00106,槽钢,[12.6,Q235C,GB/T 700-2006,GB/T 706-2008,126x53,热轧型钢,S1,QA3,M,12.318,Kg,高x宽
CWC00107,槽钢,[14a,Q235C,GB/T 700-2006,GB/T 706-2008,140x58,热轧型钢,S1,QA3,M,14.535,Kg,高x宽
CWC00108,槽钢,[14b,Q235C,GB/T 700-2006,GB/T 706-2008,140x60,热轧型钢,S1,QA3,M,16.733,Kg,高x宽
CWC00109,槽钢,[16a,Q235C,GB/T 700-2006,GB/T 706-2008,160x63,热轧型钢,S1,QA3,M,17.24,Kg,高x宽
CWC00110,槽钢,[16b,Q235C,GB/T 700-2006,GB/T 706-2008,160x65,热轧型钢,S1,QA3,M,19.752,Kg,高x宽
CWC00111,槽钢,[18a,Q235C,GB/T 700-2006,GB/T 706-2008,180x68,热轧型钢,S1,QA3,M,20.174,Kg,高x宽
CWC00112,槽钢,[18b,Q235C,GB/T 700-2006,GB/T 706-2008,180x70,热轧型钢,S1,QA3,M,23,Kg,高x宽
CWC00113,槽钢,[20a,Q235C,GB/T 700-2006,GB/T 706-2008,200x73,热轧型钢,S1,QA3,M,22.637,Kg,高x宽
CWC00114,槽钢,[20b,Q235C,GB/T 700-2006,GB/T 706-2008,200x75,热轧型钢,S1,QA3,M,25.777,Kg,高x宽
CWC00115,槽钢,[22a,Q235C,GB/T 700-2006,GB/T 706-2008,220x77,热轧型钢,S1,QA3,M,24.999,Kg,高x宽
CWC00116,槽钢,[22b,Q235C,GB/T 700-2006,GB/T 706-2008,220x79,热轧型钢,S1,QA3,M,28.453,Kg,高x宽
CWC00117,槽钢,[24a,Q235C,GB/T 700-2006,GB/T 706-2008,240x78,热轧型钢,S1,QA3,M,26.86,Kg,高x宽
CWC00118,槽钢,[24b,Q235C,GB/T 700-2006,GB/T 706-2008,240x80,热轧型钢,S1,QA3,M,30.628,Kg,高x宽
CWC00119,槽钢,[24c,Q235C,GB/T 700-2006,GB/T 706-2008,240x82,热轧型钢,S1,QA3,M,34.396,Kg,高x宽
CWC00120,槽钢,[25a,Q235C,GB/T 700-2006,GB/T 706-2008,250x78,热轧型钢,S1,QA3,M,27.41,Kg,高x宽
CWC00121,槽钢,[25b,Q235C,GB/T 700-2006,GB/T 706-2008,250x80,热轧型钢,S1,QA3,M,31.335,Kg,高x宽
CWC00122,槽钢,[25c,Q235C,GB/T 700-2006,GB/T 706-2008,250x82,热轧型钢,S1,QA3,M,35.26,Kg,高x宽
CWC00123,槽钢,[27a,Q235C,GB/T 700-2006,GB/T 706-2008,270x82,热轧型钢,S1,QA3,M,30.838,Kg,高x宽
CWC00124,槽钢,[27b,Q235C,GB/T 700-2006,GB/T 706-2008,270x84,热轧型钢,S1,QA3,M,35.077,Kg,高x宽
CWC00125,槽钢,[27c,Q235C,GB/T 700-2006,GB/T 706-2008,270x86,热轧型钢,S1,QA3,M,39.316,Kg,高x宽
CWC00126,槽钢,[28a,Q235C,GB/T 700-2006,GB/T 706-2008,280x82,热轧型钢,S1,QA3,M,31.427,Kg,高x宽
CWC00127,槽钢,[28b,Q235C,GB/T 700-2006,GB/T 706-2008,280x84,热轧型钢,S1,QA3,M,35.823,Kg,高x宽
CWC00128,槽钢,[28c,Q235C,GB/T 700-2006,GB/T 706-2008,280x86,热轧型钢,S1,QA3,M,40.219,Kg,高x宽
CWC00129,槽钢,[30a,Q235C,GB/T 700-2006,GB/T 706-2008,300x85,热轧型钢,S1,QA3,M,34.463,Kg,高x宽
CWC00130,槽钢,[30b,Q235C,GB/T 700-2006,GB/T 706-2008,300x87,热轧型钢,S1,QA3,M,39.173,Kg,高x宽
CWC00131,槽钢,[30c,Q235C,GB/T 700-2006,GB/T 706-2008,300x89,热轧型钢,S1,QA3,M,43.883,Kg,高x宽
CWC00132,槽钢,[32a,Q235C,GB/T 700-2006,GB/T 706-2008,320x88,热轧型钢,S1,QA3,M,38.083,Kg,高x宽
CWC00133,槽钢,[32b,Q235C,GB/T 700-2006,GB/T 706-2008,320x90,热轧型钢,S1,QA3,M,43.107,Kg,高x宽
CWC00134,槽钢,[32c,Q235C,GB/T 700-2006,GB/T 706-2008,320x92,热轧型钢,S1,QA3,M,48.131,Kg,高x宽
CWC00135,槽钢,[36a,Q235C,GB/T 700-2006,GB/T 706-2008,360x96,热轧型钢,S1,QA3,M,47.814,Kg,高x宽
CWC00136,槽钢,[36b,Q235C,GB/T 700-2006,GB/T 706-2008,360x98,热轧型钢,S1,QA3,M,53.466,Kg,高x宽
CWC00137,槽钢,[36c,Q235C,GB/T 700-2006,GB/T 706-2008,360x100,热轧型钢,S1,QA3,M,59.118,Kg,高x宽
CWC00138,槽钢,[40a,Q235C,GB/T 700-2006,GB/T 706-2008,400x100,热轧型钢,S1,QA3,M,58.928,Kg,高x宽
CWC00139,槽钢,[40b,Q235C,GB/T 700-2006,GB/T 706-2008,400x102,热轧型钢,S1,QA3,M,65.208,Kg,高x宽
CWC00140,槽钢,[40c,Q235C,GB/T 700-2006,GB/T 706-2008,400x104,热轧型钢,S1,QA3,M,71.488,Kg,高x宽
CWC00141,槽钢,[5,Q235B,GB/T 700-2006,GB/T 706-2008,50x37,热轧型钢,S1,QA3,M,5.438,Kg,高x宽
CWC00142,槽钢,[6.3,Q235B,GB/T 700-2006,GB/T 706-2008,63x40,热轧型钢,S1,QA3,M,6.634,Kg,高x宽
CWC00143,槽钢,[6.5,Q235B,GB/T 700-2006,GB/T 706-2008,65x40,热轧型钢,S1,QA3,M,6.709,Kg,高x宽
CWC00144,槽钢,[8,Q235B,GB/T 700-2006,GB/T 706-2008,80x43,热轧型钢,S1,QA3,M,8.045,Kg,高x宽
CWC00145,槽钢,[10,Q235B,GB/T 700-2006,GB/T 706-2008,100x48,热轧型钢,S1,QA3,M,10.007,Kg,高x宽
CWC00146,槽钢,[12,Q235B,GB/T 700-2006,GB/T 706-2008,120x53,热轧型钢,S1,QA3,M,12.059,Kg,高x宽
CWC00147,槽钢,[12.6,Q235B,GB/T 700-2006,GB/T 706-2008,126x53,热轧型钢,S1,QA3,M,12.318,Kg,高x宽
CWC00148,槽钢,[14a,Q235B,GB/T 700-2006,GB/T 706-2008,140x58,热轧型钢,S1,QA3,M,14.535,Kg,高x宽
CWC00149,槽钢,[14b,Q235B,GB/T 700-2006,GB/T 706-2008,140x60,热轧型钢,S1,QA3,M,16.733,Kg,高x宽
CWC00150,槽钢,[16a,Q235B,GB/T 700-2006,GB/T 706-2008,160x63,热轧型钢,S1,QA3,M,17.24,Kg,高x宽
CWC00151,槽钢,[16b,Q235B,GB/T 700-2006,GB/T 706-2008,160x65,热轧型钢,S1,QA3,M,19.752,Kg,高x宽
CWC00152,槽钢,[18a,Q235B,GB/T 700-2006,GB/T 706-2008,180x68,热轧型钢,S1,QA3,M,20.174,Kg,高x宽
CWC00153,槽钢,[18b,Q235B,GB/T 700-2006,GB/T 706-2008,180x70,热轧型钢,S1,QA3,M,23,Kg,高x宽
CWC00154,槽钢,[20a,Q235B,GB/T 700-2006,GB/T 706-2008,200x73,热轧型钢,S1,QA3,M,22.637,Kg,高x宽
CWC00155,槽钢,[20b,Q235B,GB/T 700-2006,GB/T 706-2008,200x75,热轧型钢,S1,QA3,M,25.777,Kg,高x宽
CWC00156,槽钢,[22a,Q235B,GB/T 700-2006,GB/T 706-2008,220x77,热轧型钢,S1,QA3,M,24.999,Kg,高x宽
CWC00157,槽钢,[22b,Q235B,GB/T 700-2006,GB/T 706-2008,220x79,热轧型钢,S1,QA3,M,28.453,Kg,高x宽
CWC00158,槽钢,[24a,Q235B,GB/T 700-2006,GB/T 706-2008,240x78,热轧型钢,S1,QA3,M,26.86,Kg,高x宽
CWC00159,槽钢,[24b,Q235B,GB/T 700-2006,GB/T 706-2008,240x80,热轧型钢,S1,QA3,M,30.628,Kg,高x宽
CWC00160,槽钢,[24c,Q235B,GB/T 700-2006,GB/T 706-2008,240x82,热轧型钢,S1,QA3,M,34.396,Kg,高x宽
CWC00161,槽钢,[25a,Q235B,GB/T 700-2006,GB/T 706-2008,250x78,热轧型钢,S1,QA3,M,27.41,Kg,高x宽
CWC00162,槽钢,[25b,Q235B,GB/T 700-2006,GB/T 706-2008,250x80,热轧型钢,S1,QA3,M,31.335,Kg,高x宽
CWC00163,槽钢,[25c,Q235B,GB/T 700-2006,GB/T 706-2008,250x82,热轧型钢,S1,QA3,M,35.26,Kg,高x宽
CWC00164,槽钢,[27a,Q235B,GB/T 700-2006,GB/T 706-2008,270x82,热轧型钢,S1,QA3,M,30.838,Kg,高x宽
CWC00165,槽钢,[27b,Q235B,GB/T 700-2006,GB/T 706-2008,270x84,热轧型钢,S1,QA3,M,35.077,Kg,高x宽
CWC00166,槽钢,[27c,Q235B,GB/T 700-2006,GB/T 706-2008,270x86,热轧型钢,S1,QA3,M,39.316,Kg,高x宽
CWC00167,槽钢,[28a,Q235B,GB/T 700-2006,GB/T 706-2008,280x82,热轧型钢,S1,QA3,M,31.427,Kg,高x宽
CWC00168,槽钢,[28b,Q235B,GB/T 700-2006,GB/T 706-2008,280x84,热轧型钢,S1,QA3,M,35.823,Kg,高x宽
CWC00169,槽钢,[28c,Q235B,GB/T 700-2006,GB/T 706-2008,280x86,热轧型钢,S1,QA3,M,40.219,Kg,高x宽
CWC00170,槽钢,[30a,Q235B,GB/T 700-2006,GB/T 706-2008,300x85,热轧型钢,S1,QA3,M,34.463,Kg,高x宽
CWC00171,槽钢,[30b,Q235B,GB/T 700-2006,GB/T 706-2008,300x87,热轧型钢,S1,QA3,M,39.173,Kg,高x宽
CWC00172,槽钢,[30c,Q235B,GB/T 700-2006,GB/T 706-2008,300x89,热轧型钢,S1,QA3,M,43.883,Kg,高x宽
CWC00173,槽钢,[32a,Q235B,GB/T 700-2006,GB/T 706-2008,320x88,热轧型钢,S1,QA3,M,38.083,Kg,高x宽
CWC00174,槽钢,[32b,Q235B,GB/T 700-2006,GB/T 706-2008,320x90,热轧型钢,S1,QA3,M,43.107,Kg,高x宽
CWC00175,槽钢,[32c,Q235B,GB/T 700-2006,GB/T 706-2008,320x92,热轧型钢,S1,QA3,M,48.131,Kg,高x宽
CWC00176,槽钢,[36a,Q235B,GB/T 700-2006,GB/T 706-2008,360x96,热轧型钢,S1,QA3,M,47.814,Kg,高x宽
CWC00177,槽钢,[36b,Q235B,GB/T 700-2006,GB/T 706-2008,360x98,热轧型钢,S1,QA3,M,53.466,Kg,高x宽
CWC00178,槽钢,[36c,Q235B,GB/T 700-2006,GB/T 706-2008,360x100,热轧型钢,S1,QA3,M,59.118,Kg,高x宽
CWC00179,槽钢,[40a,Q235B,GB/T 700-2006,GB/T 706-2008,400x100,热轧型钢,S1,QA3,M,58.928,Kg,高x宽
CWC00180,槽钢,[40b,Q235B,GB/T 700-2006,GB/T 706-2008,400x102,热轧型钢,S1,QA3,M,65.208,Kg,高x宽
CWC00181,槽钢,[40c,Q235B,GB/T 700-2006,GB/T 706-2008,400x104,热轧型钢,S1,QA3,M,71.488,Kg,高x宽
CWL00100,等边角钢,L2,Q235C,GB/T 700-2006,GB/T 706-2008,20x3,热轧型钢,S1,QA3,M,0.889,Kg,边长x边厚
CWL00101,等边角钢,L2,Q235C,GB/T 700-2006,GB/T 706-2008,20x4,热轧型钢,S1,QA3,M,1.145,Kg,边长x边厚
CWL00102,等边角钢,L2.5,Q235C,GB/T 700-2006,GB/T 706-2008,25x3,热轧型钢,S1,QA3,M,1.124,Kg,边长x边厚
CWL00103,等边角钢,L2.5,Q235C,GB/T 700-2006,GB/T 706-2008,25x4,热轧型钢,S1,QA3,M,1.459,Kg,边长x边厚
CWL00104,等边角钢,L3.0,Q235C,GB/T 700-2006,GB/T 706-2008,30x3,热轧型钢,S1,QA3,M,1.373,Kg,边长x边厚
CWL00105,等边角钢,L3.0,Q235C,GB/T 700-2006,GB/T 706-2008,30x4,热轧型钢,S1,QA3,M,1.786,Kg,边长x边厚
CWL00106,等边角钢,L3.6,Q235C,GB/T 700-2006,GB/T 706-2008,36x3,热轧型钢,S1,QA3,M,1.656,Kg,边长x边厚
CWL00107,等边角钢,L3.6,Q235C,GB/T 700-2006,GB/T 706-2008,36x4,热轧型钢,S1,QA3,M,2.163,Kg,边长x边厚
CWL00108,等边角钢,L3.6,Q235C,GB/T 700-2006,GB/T 706-2008,36x5,热轧型钢,S1,QA3,M,2.654,Kg,边长x边厚
CWL00109,等边角钢,L4,Q235C,GB/T 700-2006,GB/T 706-2008,40x3,热轧型钢,S1,QA3,M,1.852,Kg,边长x边厚
CWL00110,等边角钢,L4,Q235C,GB/T 700-2006,GB/T 706-2008,40x4,热轧型钢,S1,QA3,M,2.422,Kg,边长x边厚
CWL00111,等边角钢,L4,Q235C,GB/T 700-2006,GB/T 706-2008,40x5,热轧型钢,S1,QA3,M,2.976,Kg,边长x边厚
CWL00112,等边角钢,L4.5,Q235C,GB/T 700-2006,GB/T 706-2008,45x3,热轧型钢,S1,QA3,M,2.088,Kg,边长x边厚
CWL00113,等边角钢,L4.5,Q235C,GB/T 700-2006,GB/T 706-2008,45x4,热轧型钢,S1,QA3,M,2.736,Kg,边长x边厚
CWL00114,等边角钢,L4.5,Q235C,GB/T 700-2006,GB/T 706-2008,45x5,热轧型钢,S1,QA3,M,3.369,Kg,边长x边厚
CWL00115,等边角钢,L4.5,Q235C,GB/T 700-2006,GB/T 706-2008,45x6,热轧型钢,S1,QA3,M,3.985,Kg,边长x边厚
CWL00116,等边角钢,L5,Q235C,GB/T 700-2006,GB/T 706-2008,50x3,热轧型钢,S1,QA3,M,2.332,Kg,边长x边厚
CWL00117,等边角钢,L5,Q235C,GB/T 700-2006,GB/T 706-2008,50x4,热轧型钢,S1,QA3,M,3.059,Kg,边长x边厚
CWL00118,等边角钢,L5,Q235C,GB/T 700-2006,GB/T 706-2008,50x5,热轧型钢,S1,QA3,M,3.77,Kg,边长x边厚
CWL00119,等边角钢,L5,Q235C,GB/T 700-2006,GB/T 706-2008,50x6,热轧型钢,S1,QA3,M,4.465,Kg,边长x边厚
CWL00120,等边角钢,L5.6,Q235C,GB/T 700-2006,GB/T 706-2008,56x3,热轧型钢,S1,QA3,M,2.624,Kg,边长x边厚
CWL00121,等边角钢,L5.6,Q235C,GB/T 700-2006,GB/T 706-2008,56x4,热轧型钢,S1,QA3,M,3.446,Kg,边长x边厚
CWL00122,等边角钢,L5.6,Q235C,GB/T 700-2006,GB/T 706-2008,56x5,热轧型钢,S1,QA3,M,4.251,Kg,边长x边厚
CWL00123,等边角钢,L5.6,Q235C,GB/T 700-2006,GB/T 706-2008,56x6,热轧型钢,S1,QA3,M,5.04,Kg,边长x边厚
CWL00124,等边角钢,L5.6,Q235C,GB/T 700-2006,GB/T 706-2008,56x7,热轧型钢,S1,QA3,M,5.812,Kg,边长x边厚
CWL00125,等边角钢,L5.6,Q235C,GB/T 700-2006,GB/T 706-2008,56x8,热轧型钢,S1,QA3,M,6.568,Kg,边长x边厚
CWL00126,等边角钢,L6,Q235C,GB/T 700-2006,GB/T 706-2008,60x5,热轧型钢,S1,QA3,M,4.576,Kg,边长x边厚
CWL00127,等边角钢,L6,Q235C,GB/T 700-2006,GB/T 706-2008,60x6,热轧型钢,S1,QA3,M,5.427,Kg,边长x边厚
CWL00128,等边角钢,L6,Q235C,GB/T 700-2006,GB/T 706-2008,60x7,热轧型钢,S1,QA3,M,6.262,Kg,边长x边厚
CWL00129,等边角钢,L6,Q235C,GB/T 700-2006,GB/T 706-2008,60x8,热轧型钢,S1,QA3,M,7.081,Kg,边长x边厚
CWL00130,等边角钢,L6.3,Q235C,GB/T 700-2006,GB/T 706-2008,63x4,热轧型钢,S1,QA3,M,3.907,Kg,边长x边厚
CWL00131,等边角钢,L6.3,Q235C,GB/T 700-2006,GB/T 706-2008,63x5,热轧型钢,S1,QA3,M,4.822,Kg,边长x边厚
CWL00132,等边角钢,L6.3,Q235C,GB/T 700-2006,GB/T 706-2008,63x6,热轧型钢,S1,QA3,M,5.721,Kg,边长x边厚
CWL00133,等边角钢,L6.3,Q235C,GB/T 700-2006,GB/T 706-2008,63x7,热轧型钢,S1,QA3,M,6.603,Kg,边长x边厚
CWL00134,等边角钢,L6.3,Q235C,GB/T 700-2006,GB/T 706-2008,63x8,热轧型钢,S1,QA3,M,7.469,Kg,边长x边厚
CWL00135,等边角钢,L6.3,Q235C,GB/T 700-2006,GB/T 706-2008,63x10,热轧型钢,S1,QA3,M,9.151,Kg,边长x边厚
CWL00136,等边角钢,L7,Q235C,GB/T 700-2006,GB/T 706-2008,70x4,热轧型钢,S1,QA3,M,4.372,Kg,边长x边厚
CWL00137,等边角钢,L7,Q235C,GB/T 700-2006,GB/T 706-2008,70x5,热轧型钢,S1,QA3,M,5.397,Kg,边长x边厚
CWL00138,等边角钢,L7,Q235C,GB/T 700-2006,GB/T 706-2008,70x6,热轧型钢,S1,QA3,M,6.406,Kg,边长x边厚
CWL00139,等边角钢,L7,Q235C,GB/T 700-2006,GB/T 706-2008,70x7,热轧型钢,S1,QA3,M,7.398,Kg,边长x边厚
CWL00140,等边角钢,L7,Q235C,GB/T 700-2006,GB/T 706-2008,70x8,热轧型钢,S1,QA3,M,8.373,Kg,边长x边厚
CWL00141,等边角钢,L7.5,Q235C,GB/T 700-2006,GB/T 706-2008,75x5,热轧型钢,S1,QA3,M,5.818,Kg,边长x边厚
CWL00142,等边角钢,L7.5,Q235C,GB/T 700-2006,GB/T 706-2008,75x6,热轧型钢,S1,QA3,M,6.905,Kg,边长x边厚
CWL00143,等边角钢,L7.5,Q235C,GB/T 700-2006,GB/T 706-2008,75x7,热轧型钢,S1,QA3,M,7.976,Kg,边长x边厚
CWL00144,等边角钢,L7.5,Q235C,GB/T 700-2006,GB/T 706-2008,75x8,热轧型钢,S1,QA3,M,9.03,Kg,边长x边厚
CWL00145,等边角钢,L7.5,Q235C,GB/T 700-2006,GB/T 706-2008,75x9,热轧型钢,S1,QA3,M,10.068,Kg,边长x边厚
CWL00146,等边角钢,L7.5,Q235C,GB/T 700-2006,GB/T 706-2008,75x10,热轧型钢,S1,QA3,M,11.089,Kg,边长x边厚
CWL00147,等边角钢,L8,Q235C,GB/T 700-2006,GB/T 706-2008,80x5,热轧型钢,S1,QA3,M,6.211,Kg,边长x边厚
CWL00148,等边角钢,L8,Q235C,GB/T 700-2006,GB/T 706-2008,80x6,热轧型钢,S1,QA3,M,7.376,Kg,边长x边厚
CWL00149,等边角钢,L8,Q235C,GB/T 700-2006,GB/T 706-2008,80x7,热轧型钢,S1,QA3,M,8.525,Kg,边长x边厚
CWL00150,等边角钢,L8,Q235C,GB/T 700-2006,GB/T 706-2008,80x8,热轧型钢,S1,QA3,M,9.658,Kg,边长x边厚
CWL00151,等边角钢,L8,Q235C,GB/T 700-2006,GB/T 706-2008,80x9,热轧型钢,S1,QA3,M,10.774,Kg,边长x边厚
CWL00152,等边角钢,L8,Q235C,GB/T 700-2006,GB/T 706-2008,80x10,热轧型钢,S1,QA3,M,11.874,Kg,边长x边厚
CWL00153,等边角钢,L9,Q235C,GB/T 700-2006,GB/T 706-2008,90x6,热轧型钢,S1,QA3,M,8.35,Kg,边长x边厚
CWL00154,等边角钢,L9,Q235C,GB/T 700-2006,GB/T 706-2008,90x7,热轧型钢,S1,QA3,M,9.656,Kg,边长x边厚
CWL00155,等边角钢,L9,Q235C,GB/T 700-2006,GB/T 706-2008,90x8,热轧型钢,S1,QA3,M,10.946,Kg,边长x边厚
CWL00156,等边角钢,L9,Q235C,GB/T 700-2006,GB/T 706-2008,90x9,热轧型钢,S1,QA3,M,12.219,Kg,边长x边厚
CWL00157,等边角钢,L9,Q235C,GB/T 700-2006,GB/T 706-2008,90x10,热轧型钢,S1,QA3,M,13.476,Kg,边长x边厚
CWL00158,等边角钢,L9,Q235C,GB/T 700-2006,GB/T 706-2008,90x12,热轧型钢,S1,QA3,M,15.94,Kg,边长x边厚
CWL00159,等边角钢,L10,Q235C,GB/T 700-2006,GB/T 706-2008,100x6,热轧型钢,S1,QA3,M,9.366,Kg,边长x边厚
CWL00160,等边角钢,L10,Q235C,GB/T 700-2006,GB/T 706-2008,100x7,热轧型钢,S1,QA3,M,10.83,Kg,边长x边厚
CWL00161,等边角钢,L10,Q235C,GB/T 700-2006,GB/T 706-2008,100x8,热轧型钢,S1,QA3,M,12.276,Kg,边长x边厚
CWL00162,等边角钢,L10,Q235C,GB/T 700-2006,GB/T 706-2008,100x9,热轧型钢,S1,QA3,M,13.708,Kg,边长x边厚
CWL00163,等边角钢,L10,Q235C,GB/T 700-2006,GB/T 706-2008,100x10,热轧型钢,S1,QA3,M,15.12,Kg,边长x边厚
CWL00164,等边角钢,L10,Q235C,GB/T 700-2006,GB/T 706-2008,100x12,热轧型钢,S1,QA3,M,17.898,Kg,边长x边厚
CWL00165,等边角钢,L10,Q235C,GB/T 700-2006,GB/T 706-2008,100x14,热轧型钢,S1,QA3,M,20.611,Kg,边长x边厚
CWL00166,等边角钢,L10,Q235C,GB/T 700-2006,GB/T 706-2008,100x16,热轧型钢,S1,QA3,M,23.257,Kg,边长x边厚
CWL00167,等边角钢,L11,Q235C,GB/T 700-2006,GB/T 706-2008,110x7,热轧型钢,S1,QA3,M,11.928,Kg,边长x边厚
CWL00168,等边角钢,L11,Q235C,GB/T 700-2006,GB/T 706-2008,110x8,热轧型钢,S1,QA3,M,13.535,Kg,边长x边厚
CWL00169,等边角钢,L11,Q235C,GB/T 700-2006,GB/T 706-2008,110x10,热轧型钢,S1,QA3,M,16.69,Kg,边长x边厚
CWL00170,等边角钢,L11,Q235C,GB/T 700-2006,GB/T 706-2008,110x12,热轧型钢,S1,QA3,M,19.782,Kg,边长x边厚
CWL00171,等边角钢,L11,Q235C,GB/T 700-2006,GB/T 706-2008,110x14,热轧型钢,S1,QA3,M,22.809,Kg,边长x边厚
CWL00172,等边角钢,L12.5,Q235C,GB/T 700-2006,GB/T 706-2008,125x8,热轧型钢,S1,QA3,M,15.504,Kg,边长x边厚
CWL00173,等边角钢,L12.5,Q235C,GB/T 700-2006,GB/T 706-2008,125x10,热轧型钢,S1,QA3,M,19.133,Kg,边长x边厚
CWL00174,等边角钢,L12.5,Q235C,GB/T 700-2006,GB/T 706-2008,125x12,热轧型钢,S1,QA3,M,22.696,Kg,边长x边厚
CWL00175,等边角钢,L12.5,Q235C,GB/T 700-2006,GB/T 706-2008,125x14,热轧型钢,S1,QA3,M,26.193,Kg,边长x边厚
CWL00176,等边角钢,L12.5,Q235C,GB/T 700-2006,GB/T 706-2008,125x16,热轧型钢,S1,QA3,M,29.625,Kg,边长x边厚
CWL00177,等边角钢,L14,Q235C,GB/T 700-2006,GB/T 706-2008,140x10,热轧型钢,S1,QA3,M,21.488,Kg,边长x边厚
CWL00178,等边角钢,L14,Q235C,GB/T 700-2006,GB/T 706-2008,140x12,热轧型钢,S1,QA3,M,25.522,Kg,边长x边厚
CWL00179,等边角钢,L14,Q235C,GB/T 700-2006,GB/T 706-2008,140x14,热轧型钢,S1,QA3,M,29.49,Kg,边长x边厚
CWL00180,等边角钢,L14,Q235C,GB/T 700-2006,GB/T 706-2008,140x16,热轧型钢,S1,QA3,M,33.393,Kg,边长x边厚
CWL00181,等边角钢,L15,Q235C,GB/T 700-2006,GB/T 706-2008,150x8,热轧型钢,S1,QA3,M,18.644,Kg,边长x边厚
CWL00182,等边角钢,L15,Q235C,GB/T 700-2006,GB/T 706-2008,150x10,热轧型钢,S1,QA3,M,23.058,Kg,边长x边厚
CWL00183,等边角钢,L15,Q235C,GB/T 700-2006,GB/T 706-2008,150x12,热轧型钢,S1,QA3,M,27.406,Kg,边长x边厚
CWL00184,等边角钢,L15,Q235C,GB/T 700-2006,GB/T 706-2008,150x14,热轧型钢,S1,QA3,M,31.688,Kg,边长x边厚
CWL00185,等边角钢,L15,Q235C,GB/T 700-2006,GB/T 706-2008,150x15,热轧型钢,S1,QA3,M,33.804,Kg,边长x边厚
CWL00186,等边角钢,L15,Q235C,GB/T 700-2006,GB/T 706-2008,150x16,热轧型钢,S1,QA3,M,35.905,Kg,边长x边厚
CWL00187,等边角钢,L16,Q235C,GB/T 700-2006,GB/T 706-2008,160x10,热轧型钢,S1,QA3,M,24.729,Kg,边长x边厚
CWL00188,等边角钢,L16,Q235C,GB/T 700-2006,GB/T 706-2008,160x12,热轧型钢,S1,QA3,M,29.391,Kg,边长x边厚
CWL00189,等边角钢,L16,Q235C,GB/T 700-2006,GB/T 706-2008,160x14,热轧型钢,S1,QA3,M,33.987,Kg,边长x边厚
CWL00190,等边角钢,L16,Q235C,GB/T 700-2006,GB/T 706-2008,160x16,热轧型钢,S1,QA3,M,38.518,Kg,边长x边厚
CWL00191,等边角钢,L18,Q235C,GB/T 700-2006,GB/T 706-2008,180x12,热轧型钢,S1,QA3,M,33.159,Kg,边长x边厚
CWL00192,等边角钢,L18,Q235C,GB/T 700-2006,GB/T 706-2008,180x14,热轧型钢,S1,QA3,M,38.383,Kg,边长x边厚
CWL00193,等边角钢,L18,Q235C,GB/T 700-2006,GB/T 706-2008,180x16,热轧型钢,S1,QA3,M,43.542,Kg,边长x边厚
CWL00194,等边角钢,L18,Q235C,GB/T 700-2006,GB/T 706-2008,180x18,热轧型钢,S1,QA3,M,48.634,Kg,边长x边厚
CWL00195,等边角钢,L20,Q235C,GB/T 700-2006,GB/T 706-2008,200x14,热轧型钢,S1,QA3,M,42.894,Kg,边长x边厚
CWL00196,等边角钢,L20,Q235C,GB/T 700-2006,GB/T 706-2008,200x16,热轧型钢,S1,QA3,M,48.68,Kg,边长x边厚
CWL00197,等边角钢,L20,Q235C,GB/T 700-2006,GB/T 706-2008,200x18,热轧型钢,S1,QA3,M,54.401,Kg,边长x边厚
CWL00198,等边角钢,L20,Q235C,GB/T 700-2006,GB/T 706-2008,200x20,热轧型钢,S1,QA3,M,60.056,Kg,边长x边厚
CWL00199,等边角钢,L20,Q235C,GB/T 700-2006,GB/T 706-2008,200x24,热轧型钢,S1,QA3,M,71.168,Kg,边长x边厚
CWL00200,等边角钢,L22,Q235C,GB/T 700-2006,GB/T 706-2008,220x16,热轧型钢,S1,QA3,M,53.901,Kg,边长x边厚
CWL00201,等边角钢,L22,Q235C,GB/T 700-2006,GB/T 706-2008,220x18,热轧型钢,S1,QA3,M,60.25,Kg,边长x边厚
CWL00202,等边角钢,L22,Q235C,GB/T 700-2006,GB/T 706-2008,220x20,热轧型钢,S1,QA3,M,66.533,Kg,边长x边厚
CWL00203,等边角钢,L22,Q235C,GB/T 700-2006,GB/T 706-2008,220x22,热轧型钢,S1,QA3,M,72.751,Kg,边长x边厚
CWL00204,等边角钢,L22,Q235C,GB/T 700-2006,GB/T 706-2008,220x24,热轧型钢,S1,QA3,M,78.902,Kg,边长x边厚
CWL00205,等边角钢,L22,Q235C,GB/T 700-2006,GB/T 706-2008,220x26,热轧型钢,S1,QA3,M,84.987,Kg,边长x边厚
CWL00206,等边角钢,L25,Q235C,GB/T 700-2006,GB/T 706-2008,250x18,热轧型钢,S1,QA3,M,68.956,Kg,边长x边厚
CWL00207,等边角钢,L25,Q235C,GB/T 700-2006,GB/T 706-2008,250x20,热轧型钢,S1,QA3,M,76.18,Kg,边长x边厚
CWL00208,等边角钢,L25,Q235C,GB/T 700-2006,GB/T 706-2008,250x24,热轧型钢,S1,QA3,M,90.433,Kg,边长x边厚
CWL00209,等边角钢,L25,Q235C,GB/T 700-2006,GB/T 706-2008,250x26,热轧型钢,S1,QA3,M,97.461,Kg,边长x边厚
CWL00210,等边角钢,L25,Q235C,GB/T 700-2006,GB/T 706-2008,250x28,热轧型钢,S1,QA3,M,104.422,Kg,边长x边厚
CWL00211,等边角钢,L25,Q235C,GB/T 700-2006,GB/T 706-2008,250x30,热轧型钢,S1,QA3,M,111.318,Kg,边长x边厚
CWL00212,等边角钢,L25,Q235C,GB/T 700-2006,GB/T 706-2008,250x32,热轧型钢,S1,QA3,M,118.149,Kg,边长x边厚
CWL00213,等边角钢,L25,Q235C,GB/T 700-2006,GB/T 706-2008,250x35,热轧型钢,S1,QA3,M,128.271,Kg,边长x边厚
CWL00214,不等边角钢,L2.5/1.6,Q235C,GB/T 700-2006,GB/T 706-2008,25x16x3,热轧型钢,S1,QA3,M,0.912,Kg,长边x短边x边厚
CWL00215,不等边角钢,L2.5/1.6,Q235C,GB/T 700-2006,GB/T 706-2008,25x16x4,热轧型钢,S1,QA3,M,1.176,Kg,长边x短边x边厚
CWL00216,不等边角钢,L3.2/2,Q235C,GB/T 700-2006,GB/T 706-2008,32x20x3,热轧型钢,S1,QA3,M,1.171,Kg,长边x短边x边厚
CWL00217,不等边角钢,L3.2/2,Q235C,GB/T 700-2006,GB/T 706-2008,32x20x4,热轧型钢,S1,QA3,M,1.522,Kg,长边x短边x边厚
CWL00218,不等边角钢,L4/2.5,Q235C,GB/T 700-2006,GB/T 706-2008,40x25x3,热轧型钢,S1,QA3,M,1.484,Kg,长边x短边x边厚
CWL00219,不等边角钢,L4/2.5,Q235C,GB/T 700-2006,GB/T 706-2008,40x25x4,热轧型钢,S1,QA3,M,1.936,Kg,长边x短边x边厚
CWL00220,不等边角钢,L4.5/2.8,Q235C,GB/T 700-2006,GB/T 706-2008,45x28x3,热轧型钢,S1,QA3,M,1.687,Kg,长边x短边x边厚
CWL00221,不等边角钢,L4.5/2.8,Q235C,GB/T 700-2006,GB/T 706-2008,45x28x4,热轧型钢,S1,QA3,M,2.203,Kg,长边x短边x边厚
CWL00222,不等边角钢,L5/3.2,Q235C,GB/T 700-2006,GB/T 706-2008,50x32x3,热轧型钢,S1,QA3,M,1.908,Kg,长边x短边x边厚
CWL00223,不等边角钢,L5/3.2,Q235C,GB/T 700-2006,GB/T 706-2008,50x32x4,热轧型钢,S1,QA3,M,2.494,Kg,长边x短边x边厚
CWL00224,不等边角钢,L5.6/3.6,Q235C,GB/T 700-2006,GB/T 706-2008,56x36x3,热轧型钢,S1,QA3,M,2.153,Kg,长边x短边x边厚
CWL00225,不等边角钢,L5.6/3.6,Q235C,GB/T 700-2006,GB/T 706-2008,56x36x4,热轧型钢,S1,QA3,M,2.818,Kg,长边x短边x边厚
CWL00226,不等边角钢,L5.6/3.6,Q235C,GB/T 700-2006,GB/T 706-2008,56x36x5,热轧型钢,S1,QA3,M,3.466,Kg,长边x短边x边厚
CWL00227,不等边角钢,L6.3/4,Q235C,GB/T 700-2006,GB/T 706-2008,63x40x4,热轧型钢,S1,QA3,M,3.185,Kg,长边x短边x边厚
CWL00228,不等边角钢,L6.3/4,Q235C,GB/T 700-2006,GB/T 706-2008,63x40x5,热轧型钢,S1,QA3,M,3.92,Kg,长边x短边x边厚
CWL00229,不等边角钢,L6.3/4,Q235C,GB/T 700-2006,GB/T 706-2008,63x40x6,热轧型钢,S1,QA3,M,4.638,Kg,长边x短边x边厚
CWL00230,不等边角钢,L6.3/4,Q235C,GB/T 700-2006,GB/T 706-2008,63x40x7,热轧型钢,S1,QA3,M,5.339,Kg,长边x短边x边厚
CWL00231,不等边角钢,L7/4.5,Q235C,GB/T 700-2006,GB/T 706-2008,70x45x4,热轧型钢,S1,QA3,M,3.57,Kg,长边x短边x边厚
CWL00232,不等边角钢,L7/4.5,Q235C,GB/T 700-2006,GB/T 706-2008,70x45x5,热轧型钢,S1,QA3,M,4.403,Kg,长边x短边x边厚
CWL00233,不等边角钢,L7/4.5,Q235C,GB/T 700-2006,GB/T 706-2008,70x45x6,热轧型钢,S1,QA3,M,5.218,Kg,长边x短边x边厚
CWL00234,不等边角钢,L7/4.5,Q235C,GB/T 700-2006,GB/T 706-2008,70x45x7,热轧型钢,S1,QA3,M,6.011,Kg,长边x短边x边厚
CWL00235,不等边角钢,L7.5/5,Q235C,GB/T 700-2006,GB/T 706-2008,75x50x5,热轧型钢,S1,QA3,M,4.808,Kg,长边x短边x边厚
CWL00236,不等边角钢,L7.5/5,Q235C,GB/T 700-2006,GB/T 706-2008,75x50x6,热轧型钢,S1,QA3,M,5.699,Kg,长边x短边x边厚
CWL00237,不等边角钢,L7.5/5,Q235C,GB/T 700-2006,GB/T 706-2008,75x50x8,热轧型钢,S1,QA3,M,7.431,Kg,长边x短边x边厚
CWL00238,不等边角钢,L7.5/5,Q235C,GB/T 700-2006,GB/T 706-2008,75x50x10,热轧型钢,S1,QA3,M,9.098,Kg,长边x短边x边厚
CWL00239,不等边角钢,L8/5,Q235C,GB/T 700-2006,GB/T 706-2008,80x50x5,热轧型钢,S1,QA3,M,5.005,Kg,长边x短边x边厚
CWL00240,不等边角钢,L8/5,Q235C,GB/T 700-2006,GB/T 706-2008,80x50x6,热轧型钢,S1,QA3,M,5.935,Kg,长边x短边x边厚
CWL00241,不等边角钢,L8/5,Q235C,GB/T 700-2006,GB/T 706-2008,80x50x7,热轧型钢,S1,QA3,M,6.848,Kg,长边x短边x边厚
CWL00242,不等边角钢,L8/5,Q235C,GB/T 700-2006,GB/T 706-2008,80x50x8,热轧型钢,S1,QA3,M,7.745,Kg,长边x短边x边厚
CWL00243,不等边角钢,L9/5.6,Q235C,GB/T 700-2006,GB/T 706-2008,90x56x5,热轧型钢,S1,QA3,M,5.661,Kg,长边x短边x边厚
CWL00244,不等边角钢,L9/5.6,Q235C,GB/T 700-2006,GB/T 706-2008,90x56x6,热轧型钢,S1,QA3,M,6.717,Kg,长边x短边x边厚
CWL00245,不等边角钢,L9/5.6,Q235C,GB/T 700-2006,GB/T 706-2008,90x56x7,热轧型钢,S1,QA3,M,7.756,Kg,长边x短边x边厚
CWL00246,不等边角钢,L9/5.6,Q235C,GB/T 700-2006,GB/T 706-2008,90x56x8,热轧型钢,S1,QA3,M,8.779,Kg,长边x短边x边厚
CWL00247,不等边角钢,L10/6.3,Q235C,GB/T 700-2006,GB/T 706-2008,100x63x6,热轧型钢,S1,QA3,M,7.55,Kg,长边x短边x边厚
CWL00248,不等边角钢,L10/6.3,Q235C,GB/T 700-2006,GB/T 706-2008,100x63x7,热轧型钢,S1,QA3,M,8.722,Kg,长边x短边x边厚
CWL00249,不等边角钢,L10/6.3,Q235C,GB/T 700-2006,GB/T 706-2008,100x63x8,热轧型钢,S1,QA3,M,9.878,Kg,长边x短边x边厚
CWL00250,不等边角钢,L10/6.3,Q235C,GB/T 700-2006,GB/T 706-2008,100x63x10,热轧型钢,S1,QA3,M,12.142,Kg,长边x短边x边厚
CWL00251,不等边角钢,L10/8,Q235C,GB/T 700-2006,GB/T 706-2008,100x80x6,热轧型钢,S1,QA3,M,8.35,Kg,长边x短边x边厚
CWL00252,不等边角钢,L10/8,Q235C,GB/T 700-2006,GB/T 706-2008,100x80x7,热轧型钢,S1,QA3,M,9.656,Kg,长边x短边x边厚
CWL00253,不等边角钢,L10/8,Q235C,GB/T 700-2006,GB/T 706-2008,100x80x8,热轧型钢,S1,QA3,M,10.946,Kg,长边x短边x边厚
CWL00254,不等边角钢,L10/8,Q235C,GB/T 700-2006,GB/T 706-2008,100x80x10,热轧型钢,S1,QA3,M,13.476,Kg,长边x短边x边厚
CWL00255,不等边角钢,L11/7,Q235C,GB/T 700-2006,GB/T 706-2008,110x70x6,热轧型钢,S1,QA3,M,8.35,Kg,长边x短边x边厚
CWL00256,不等边角钢,L11/7,Q235C,GB/T 700-2006,GB/T 706-2008,110x70x7,热轧型钢,S1,QA3,M,9.656,Kg,长边x短边x边厚
CWL00257,不等边角钢,L11/7,Q235C,GB/T 700-2006,GB/T 706-2008,110x70x8,热轧型钢,S1,QA3,M,10.946,Kg,长边x短边x边厚
CWL00258,不等边角钢,L11/7,Q235C,GB/T 700-2006,GB/T 706-2008,110x70x10,热轧型钢,S1,QA3,M,13.476,Kg,长边x短边x边厚
CWL00259,不等边角钢,L12.5/8,Q235C,GB/T 700-2006,GB/T 706-2008,125x80x7,热轧型钢,S1,QA3,M,11.066,Kg,长边x短边x边厚
CWL00260,不等边角钢,L12.5/8,Q235C,GB/T 700-2006,GB/T 706-2008,125x80x8,热轧型钢,S1,QA3,M,12.551,Kg,长边x短边x边厚
CWL00261,不等边角钢,L12.5/8,Q235C,GB/T 700-2006,GB/T 706-2008,125x80x10,热轧型钢,S1,QA3,M,15.474,Kg,长边x短边x边厚
CWL00262,不等边角钢,L12.5/8,Q235C,GB/T 700-2006,GB/T 706-2008,125x80x12,热轧型钢,S1,QA3,M,18.33,Kg,长边x短边x边厚
CWL00263,不等边角钢,L14/9,Q235C,GB/T 700-2006,GB/T 706-2008,140x90x8,热轧型钢,S1,QA3,M,14.16,Kg,长边x短边x边厚
CWL00264,不等边角钢,L14/9,Q235C,GB/T 700-2006,GB/T 706-2008,140x90x10,热轧型钢,S1,QA3,M,17.475,Kg,长边x短边x边厚
CWL00265,不等边角钢,L14/9,Q235C,GB/T 700-2006,GB/T 706-2008,140x90x12,热轧型钢,S1,QA3,M,20.724,Kg,长边x短边x边厚
CWL00266,不等边角钢,L14/9,Q235C,GB/T 700-2006,GB/T 706-2008,140x90x14,热轧型钢,S1,QA3,M,23.908,Kg,长边x短边x边厚
CWL00267,不等边角钢,L15/9,Q235C,GB/T 700-2006,GB/T 706-2008,150x90x8,热轧型钢,S1,QA3,M,14.788,Kg,长边x短边x边厚
CWL00268,不等边角钢,L15/9,Q235C,GB/T 700-2006,GB/T 706-2008,150x90x10,热轧型钢,S1,QA3,M,18.26,Kg,长边x短边x边厚
CWL00269,不等边角钢,L15/9,Q235C,GB/T 700-2006,GB/T 706-2008,150x90x12,热轧型钢,S1,QA3,M,21.666,Kg,长边x短边x边厚
CWL00270,不等边角钢,L15/9,Q235C,GB/T 700-2006,GB/T 706-2008,150x90x14,热轧型钢,S1,QA3,M,25.007,Kg,长边x短边x边厚
CWL00271,不等边角钢,L15/9,Q235C,GB/T 700-2006,GB/T 706-2008,150x90x15,热轧型钢,S1,QA3,M,26.652,Kg,长边x短边x边厚
CWL00272,不等边角钢,L15/9,Q235C,GB/T 700-2006,GB/T 706-2008,150x90x16,热轧型钢,S1,QA3,M,28.281,Kg,长边x短边x边厚
CWL00273,不等边角钢,L16/10,Q235C,GB/T 700-2006,GB/T 706-2008,160x100x10,热轧型钢,S1,QA3,M,19.872,Kg,长边x短边x边厚
CWL00274,不等边角钢,L16/10,Q235C,GB/T 700-2006,GB/T 706-2008,160x100x12,热轧型钢,S1,QA3,M,23.592,Kg,长边x短边x边厚
CWL00275,不等边角钢,L16/10,Q235C,GB/T 700-2006,GB/T 706-2008,160x100x14,热轧型钢,S1,QA3,M,27.247,Kg,长边x短边x边厚
CWL00276,不等边角钢,L16/10,Q235C,GB/T 700-2006,GB/T 706-2008,160x100x16,热轧型钢,S1,QA3,M,30.835,Kg,长边x短边x边厚
CWL00277,不等边角钢,L18/11,Q235C,GB/T 700-2006,GB/T 706-2008,180x110x10,热轧型钢,S1,QA3,M,22.273,Kg,长边x短边x边厚
CWL00278,不等边角钢,L18/11,Q235C,GB/T 700-2006,GB/T 706-2008,180x110x12,热轧型钢,S1,QA3,M,26.44,Kg,长边x短边x边厚
CWL00279,不等边角钢,L18/11,Q235C,GB/T 700-2006,GB/T 706-2008,180x110x14,热轧型钢,S1,QA3,M,30.589,Kg,长边x短边x边厚
CWL00280,不等边角钢,L18/11,Q235C,GB/T 700-2006,GB/T 706-2008,180x110x16,热轧型钢,S1,QA3,M,34.649,Kg,长边x短边x边厚
CWL00281,不等边角钢,L20/12.5,Q235C,GB/T 700-2006,GB/T 706-2008,200x125x12,热轧型钢,S1,QA3,M,29.761,Kg,长边x短边x边厚
CWL00282,不等边角钢,L20/12.5,Q235C,GB/T 700-2006,GB/T 706-2008,200x125x14,热轧型钢,S1,QA3,M,34.436,Kg,长边x短边x边厚
CWL00283,不等边角钢,L20/12.5,Q235C,GB/T 700-2006,GB/T 706-2008,200x125x16,热轧型钢,S1,QA3,M,39.045,Kg,长边x短边x边厚
CWL00284,不等边角钢,L20/12.5,Q235C,GB/T 700-2006,GB/T 706-2008,200x125x18,热轧型钢,S1,QA3,M,43.588,Kg,长边x短边x边厚
CWL00285,L型钢,L250x90x9x13,Q235C,GB/T 700-2006,GB/T 706-2008,250x90x9x13,热轧型钢,S1,QA3,M,26.2,Kg,长边x短边x长边厚x短边厚
CWL00286,L型钢,L250x90x10.5x15,Q235C,GB/T 700-2006,GB/T 706-2008,250x90x10.5x15,热轧型钢,S1,QA3,M,30.3,Kg,长边x短边x长边厚x短边厚
CWL00287,L型钢,L250x90x11.5x16,Q235C,GB/T 700-2006,GB/T 706-2008,250x90x11.5x16,热轧型钢,S1,QA3,M,32.7,Kg,长边x短边x长边厚x短边厚
CWL00288,L型钢,L300x100x10.5x15,Q235C,GB/T 700-2006,GB/T 706-2008,300x100x10.5x15,热轧型钢,S1,QA3,M,35.6,Kg,长边x短边x长边厚x短边厚
CWL00289,L型钢,L300x100x11.5x16,Q235C,GB/T 700-2006,GB/T 706-2008,300x100x11.5x16,热轧型钢,S1,QA3,M,38.5,Kg,长边x短边x长边厚x短边厚
CWL00290,L型钢,L350x120x10.5x16,Q235C,GB/T 700-2006,GB/T 706-2008,350x120x10.5x16,热轧型钢,S1,QA3,M,43.1,Kg,长边x短边x长边厚x短边厚
CWL00291,L型钢,L350x120x11.5x18,Q235C,GB/T 700-2006,GB/T 706-2008,350x120x11.5x18,热轧型钢,S1,QA3,M,47.4,Kg,长边x短边x长边厚x短边厚
CWL00292,L型钢,L400x120x11.5x23,Q235C,GB/T 700-2006,GB/T 706-2008,400x120x11.5x23,热轧型钢,S1,QA3,M,56.2,Kg,长边x短边x长边厚x短边厚
CWL00293,L型钢,L450x120x11.5x25,Q235C,GB/T 700-2006,GB/T 706-2008,450x120x11.5x25,热轧型钢,S1,QA3,M,62.4,Kg,长边x短边x长边厚x短边厚
CWL00294,L型钢,L500x120x12.5x33,Q235C,GB/T 700-2006,GB/T 706-2008,500x120x12.5x33,热轧型钢,S1,QA3,M,77.4,Kg,长边x短边x长边厚x短边厚
CWL00295,L型钢,L500x120x13.5x35,Q235C,GB/T 700-2006,GB/T 706-2008,500x120x13.5x35,热轧型钢,S1,QA3,M,82.8,Kg,长边x短边x长边厚x短边厚
CWL00296,等边角钢,L2,Q235B,GB/T 700-2006,GB/T 706-2008,20x3,热轧型钢,S1,QA3,M,0.889,Kg,边长x边厚
CWL00297,等边角钢,L2,Q235B,GB/T 700-2006,GB/T 706-2008,20x4,热轧型钢,S1,QA3,M,1.145,Kg,边长x边厚
CWL00298,等边角钢,L2.5,Q235B,GB/T 700-2006,GB/T 706-2008,25x3,热轧型钢,S1,QA3,M,1.124,Kg,边长x边厚
CWL00299,等边角钢,L2.5,Q235B,GB/T 700-2006,GB/T 706-2008,25x4,热轧型钢,S1,QA3,M,1.459,Kg,边长x边厚
CWL00300,等边角钢,L3.0,Q235B,GB/T 700-2006,GB/T 706-2008,30x3,热轧型钢,S1,QA3,M,1.373,Kg,边长x边厚
CWL00301,等边角钢,L3.0,Q235B,GB/T 700-2006,GB/T 706-2008,30x4,热轧型钢,S1,QA3,M,1.786,Kg,边长x边厚
CWL00302,等边角钢,L3.6,Q235B,GB/T 700-2006,GB/T 706-2008,36x3,热轧型钢,S1,QA3,M,1.656,Kg,边长x边厚
CWL00303,等边角钢,L3.6,Q235B,GB/T 700-2006,GB/T 706-2008,36x4,热轧型钢,S1,QA3,M,2.163,Kg,边长x边厚
CWL00304,等边角钢,L3.6,Q235B,GB/T 700-2006,GB/T 706-2008,36x5,热轧型钢,S1,QA3,M,2.654,Kg,边长x边厚
CWL00305,等边角钢,L4,Q235B,GB/T 700-2006,GB/T 706-2008,40x3,热轧型钢,S1,QA3,M,1.852,Kg,边长x边厚
CWL00306,等边角钢,L4,Q235B,GB/T 700-2006,GB/T 706-2008,40x4,热轧型钢,S1,QA3,M,2.422,Kg,边长x边厚
CWL00307,等边角钢,L4,Q235B,GB/T 700-2006,GB/T 706-2008,40x5,热轧型钢,S1,QA3,M,2.976,Kg,边长x边厚
CWL00308,等边角钢,L4.5,Q235B,GB/T 700-2006,GB/T 706-2008,45x3,热轧型钢,S1,QA3,M,2.088,Kg,边长x边厚
CWL00309,等边角钢,L4.5,Q235B,GB/T 700-2006,GB/T 706-2008,45x4,热轧型钢,S1,QA3,M,2.736,Kg,边长x边厚
CWL00310,等边角钢,L4.5,Q235B,GB/T 700-2006,GB/T 706-2008,45x5,热轧型钢,S1,QA3,M,3.369,Kg,边长x边厚
CWL00311,等边角钢,L4.5,Q235B,GB/T 700-2006,GB/T 706-2008,45x6,热轧型钢,S1,QA3,M,3.985,Kg,边长x边厚
CWL00312,等边角钢,L5,Q235B,GB/T 700-2006,GB/T 706-2008,50x3,热轧型钢,S1,QA3,M,2.332,Kg,边长x边厚
CWL00313,等边角钢,L5,Q235B,GB/T 700-2006,GB/T 706-2008,50x4,热轧型钢,S1,QA3,M,3.059,Kg,边长x边厚
CWL00314,等边角钢,L5,Q235B,GB/T 700-2006,GB/T 706-2008,50x5,热轧型钢,S1,QA3,M,3.77,Kg,边长x边厚
CWL00315,等边角钢,L5,Q235B,GB/T 700-2006,GB/T 706-2008,50x6,热轧型钢,S1,QA3,M,4.465,Kg,边长x边厚
CWL00316,等边角钢,L5.6,Q235B,GB/T 700-2006,GB/T 706-2008,56x3,热轧型钢,S1,QA3,M,2.624,Kg,边长x边厚
CWL00317,等边角钢,L5.6,Q235B,GB/T 700-2006,GB/T 706-2008,56x4,热轧型钢,S1,QA3,M,3.446,Kg,边长x边厚
CWL00318,等边角钢,L5.6,Q235B,GB/T 700-2006,GB/T 706-2008,56x5,热轧型钢,S1,QA3,M,4.251,Kg,边长x边厚
CWL00319,等边角钢,L5.6,Q235B,GB/T 700-2006,GB/T 706-2008,56x6,热轧型钢,S1,QA3,M,5.04,Kg,边长x边厚
CWL00320,等边角钢,L5.6,Q235B,GB/T 700-2006,GB/T 706-2008,56x7,热轧型钢,S1,QA3,M,5.812,Kg,边长x边厚
CWL00321,等边角钢,L5.6,Q235B,GB/T 700-2006,GB/T 706-2008,56x8,热轧型钢,S1,QA3,M,6.568,Kg,边长x边厚
CWL00322,等边角钢,L6,Q235B,GB/T 700-2006,GB/T 706-2008,60x5,热轧型钢,S1,QA3,M,4.576,Kg,边长x边厚
CWL00323,等边角钢,L6,Q235B,GB/T 700-2006,GB/T 706-2008,60x6,热轧型钢,S1,QA3,M,5.427,Kg,边长x边厚
CWL00324,等边角钢,L6,Q235B,GB/T 700-2006,GB/T 706-2008,60x7,热轧型钢,S1,QA3,M,6.262,Kg,边长x边厚
CWL00325,等边角钢,L6,Q235B,GB/T 700-2006,GB/T 706-2008,60x8,热轧型钢,S1,QA3,M,7.081,Kg,边长x边厚
CWL00326,等边角钢,L6.3,Q235B,GB/T 700-2006,GB/T 706-2008,63x4,热轧型钢,S1,QA3,M,3.907,Kg,边长x边厚
CWL00327,等边角钢,L6.3,Q235B,GB/T 700-2006,GB/T 706-2008,63x5,热轧型钢,S1,QA3,M,4.822,Kg,边长x边厚
CWL00328,等边角钢,L6.3,Q235B,GB/T 700-2006,GB/T 706-2008,63x6,热轧型钢,S1,QA3,M,5.721,Kg,边长x边厚
CWL00329,等边角钢,L6.3,Q235B,GB/T 700-2006,GB/T 706-2008,63x7,热轧型钢,S1,QA3,M,6.603,Kg,边长x边厚
CWL00330,等边角钢,L6.3,Q235B,GB/T 700-2006,GB/T 706-2008,63x8,热轧型钢,S1,QA3,M,7.469,Kg,边长x边厚
CWL00331,等边角钢,L6.3,Q235B,GB/T 700-2006,GB/T 706-2008,63x10,热轧型钢,S1,QA3,M,9.151,Kg,边长x边厚
CWL00332,等边角钢,L7,Q235B,GB/T 700-2006,GB/T 706-2008,70x4,热轧型钢,S1,QA3,M,4.372,Kg,边长x边厚
CWL00333,等边角钢,L7,Q235B,GB/T 700-2006,GB/T 706-2008,70x5,热轧型钢,S1,QA3,M,5.397,Kg,边长x边厚
CWL00334,等边角钢,L7,Q235B,GB/T 700-2006,GB/T 706-2008,70x6,热轧型钢,S1,QA3,M,6.406,Kg,边长x边厚
CWL00335,等边角钢,L7,Q235B,GB/T 700-2006,GB/T 706-2008,70x7,热轧型钢,S1,QA3,M,7.398,Kg,边长x边厚
CWL00336,等边角钢,L7,Q235B,GB/T 700-2006,GB/T 706-2008,70x8,热轧型钢,S1,QA3,M,8.373,Kg,边长x边厚
CWL00337,等边角钢,L7.5,Q235B,GB/T 700-2006,GB/T 706-2008,75x5,热轧型钢,S1,QA3,M,5.818,Kg,边长x边厚
CWL00338,等边角钢,L7.5,Q235B,GB/T 700-2006,GB/T 706-2008,75x6,热轧型钢,S1,QA3,M,6.905,Kg,边长x边厚
CWL00339,等边角钢,L7.5,Q235B,GB/T 700-2006,GB/T 706-2008,75x7,热轧型钢,S1,QA3,M,7.976,Kg,边长x边厚
CWL00340,等边角钢,L7.5,Q235B,GB/T 700-2006,GB/T 706-2008,75x8,热轧型钢,S1,QA3,M,9.03,Kg,边长x边厚
CWL00341,等边角钢,L7.5,Q235B,GB/T 700-2006,GB/T 706-2008,75x9,热轧型钢,S1,QA3,M,10.068,Kg,边长x边厚
CWL00342,等边角钢,L7.5,Q235B,GB/T 700-2006,GB/T 706-2008,75x10,热轧型钢,S1,QA3,M,11.089,Kg,边长x边厚
CWL00343,等边角钢,L8,Q235B,GB/T 700-2006,GB/T 706-2008,80x5,热轧型钢,S1,QA3,M,6.211,Kg,边长x边厚
CWL00344,等边角钢,L8,Q235B,GB/T 700-2006,GB/T 706-2008,80x6,热轧型钢,S1,QA3,M,7.376,Kg,边长x边厚
CWL00345,等边角钢,L8,Q235B,GB/T 700-2006,GB/T 706-2008,80x7,热轧型钢,S1,QA3,M,8.525,Kg,边长x边厚
CWL00346,等边角钢,L8,Q235B,GB/T 700-2006,GB/T 706-2008,80x8,热轧型钢,S1,QA3,M,9.658,Kg,边长x边厚
CWL00347,等边角钢,L8,Q235B,GB/T 700-2006,GB/T 706-2008,80x9,热轧型钢,S1,QA3,M,10.774,Kg,边长x边厚
CWL00348,等边角钢,L8,Q235B,GB/T 700-2006,GB/T 706-2008,80x10,热轧型钢,S1,QA3,M,11.874,Kg,边长x边厚
CWL00349,等边角钢,L9,Q235B,GB/T 700-2006,GB/T 706-2008,90x6,热轧型钢,S1,QA3,M,8.35,Kg,边长x边厚
CWL00350,等边角钢,L9,Q235B,GB/T 700-2006,GB/T 706-2008,90x7,热轧型钢,S1,QA3,M,9.656,Kg,边长x边厚
CWL00351,等边角钢,L9,Q235B,GB/T 700-2006,GB/T 706-2008,90x8,热轧型钢,S1,QA3,M,10.946,Kg,边长x边厚
CWL00352,等边角钢,L9,Q235B,GB/T 700-2006,GB/T 706-2008,90x9,热轧型钢,S1,QA3,M,12.219,Kg,边长x边厚
CWL00353,等边角钢,L9,Q235B,GB/T 700-2006,GB/T 706-2008,90x10,热轧型钢,S1,QA3,M,13.476,Kg,边长x边厚
CWL00354,等边角钢,L9,Q235B,GB/T 700-2006,GB/T 706-2008,90x12,热轧型钢,S1,QA3,M,15.94,Kg,边长x边厚
CWL00355,等边角钢,L10,Q235B,GB/T 700-2006,GB/T 706-2008,100x6,热轧型钢,S1,QA3,M,9.366,Kg,边长x边厚
CWL00356,等边角钢,L10,Q235B,GB/T 700-2006,GB/T 706-2008,100x7,热轧型钢,S1,QA3,M,10.83,Kg,边长x边厚
CWL00357,等边角钢,L10,Q235B,GB/T 700-2006,GB/T 706-2008,100x8,热轧型钢,S1,QA3,M,12.276,Kg,边长x边厚
CWL00358,等边角钢,L10,Q235B,GB/T 700-2006,GB/T 706-2008,100x9,热轧型钢,S1,QA3,M,13.708,Kg,边长x边厚
CWL00359,等边角钢,L10,Q235B,GB/T 700-2006,GB/T 706-2008,100x10,热轧型钢,S1,QA3,M,15.12,Kg,边长x边厚
CWL00360,等边角钢,L10,Q235B,GB/T 700-2006,GB/T 706-2008,100x12,热轧型钢,S1,QA3,M,17.898,Kg,边长x边厚
CWL00361,等边角钢,L10,Q235B,GB/T 700-2006,GB/T 706-2008,100x14,热轧型钢,S1,QA3,M,20.611,Kg,边长x边厚
CWL00362,等边角钢,L10,Q235B,GB/T 700-2006,GB/T 706-2008,100x16,热轧型钢,S1,QA3,M,23.257,Kg,边长x边厚
CWL00363,等边角钢,L11,Q235B,GB/T 700-2006,GB/T 706-2008,110x7,热轧型钢,S1,QA3,M,11.928,Kg,边长x边厚
CWL00364,等边角钢,L11,Q235B,GB/T 700-2006,GB/T 706-2008,110x8,热轧型钢,S1,QA3,M,13.535,Kg,边长x边厚
CWL00365,等边角钢,L11,Q235B,GB/T 700-2006,GB/T 706-2008,110x10,热轧型钢,S1,QA3,M,16.69,Kg,边长x边厚
CWL00366,等边角钢,L11,Q235B,GB/T 700-2006,GB/T 706-2008,110x12,热轧型钢,S1,QA3,M,19.782,Kg,边长x边厚
CWL00367,等边角钢,L11,Q235B,GB/T 700-2006,GB/T 706-2008,110x14,热轧型钢,S1,QA3,M,22.809,Kg,边长x边厚
CWL00368,等边角钢,L12.5,Q235B,GB/T 700-2006,GB/T 706-2008,125x8,热轧型钢,S1,QA3,M,15.504,Kg,边长x边厚
CWL00369,等边角钢,L12.5,Q235B,GB/T 700-2006,GB/T 706-2008,125x10,热轧型钢,S1,QA3,M,19.133,Kg,边长x边厚
CWL00370,等边角钢,L12.5,Q235B,GB/T 700-2006,GB/T 706-2008,125x12,热轧型钢,S1,QA3,M,22.696,Kg,边长x边厚
CWL00371,等边角钢,L12.5,Q235B,GB/T 700-2006,GB/T 706-2008,125x14,热轧型钢,S1,QA3,M,26.193,Kg,边长x边厚
CWL00372,等边角钢,L12.5,Q235B,GB/T 700-2006,GB/T 706-2008,125x16,热轧型钢,S1,QA3,M,29.625,Kg,边长x边厚
CWL00373,等边角钢,L14,Q235B,GB/T 700-2006,GB/T 706-2008,140x10,热轧型钢,S1,QA3,M,21.488,Kg,边长x边厚
CWL00374,等边角钢,L14,Q235B,GB/T 700-2006,GB/T 706-2008,140x12,热轧型钢,S1,QA3,M,25.522,Kg,边长x边厚
CWL00375,等边角钢,L14,Q235B,GB/T 700-2006,GB/T 706-2008,140x14,热轧型钢,S1,QA3,M,29.49,Kg,边长x边厚
CWL00376,等边角钢,L14,Q235B,GB/T 700-2006,GB/T 706-2008,140x16,热轧型钢,S1,QA3,M,33.393,Kg,边长x边厚
CWL00377,等边角钢,L15,Q235B,GB/T 700-2006,GB/T 706-2008,150x8,热轧型钢,S1,QA3,M,18.644,Kg,边长x边厚
CWL00378,等边角钢,L15,Q235B,GB/T 700-2006,GB/T 706-2008,150x10,热轧型钢,S1,QA3,M,23.058,Kg,边长x边厚
CWL00379,等边角钢,L15,Q235B,GB/T 700-2006,GB/T 706-2008,150x12,热轧型钢,S1,QA3,M,27.406,Kg,边长x边厚
CWL00380,等边角钢,L15,Q235B,GB/T 700-2006,GB/T 706-2008,150x14,热轧型钢,S1,QA3,M,31.688,Kg,边长x边厚
CWL00381,等边角钢,L15,Q235B,GB/T 700-2006,GB/T 706-2008,150x15,热轧型钢,S1,QA3,M,33.804,Kg,边长x边厚
CWL00382,等边角钢,L15,Q235B,GB/T 700-2006,GB/T 706-2008,150x16,热轧型钢,S1,QA3,M,35.905,Kg,边长x边厚
CWL00383,等边角钢,L16,Q235B,GB/T 700-2006,GB/T 706-2008,160x10,热轧型钢,S1,QA3,M,24.729,Kg,边长x边厚
CWL00384,等边角钢,L16,Q235B,GB/T 700-2006,GB/T 706-2008,160x12,热轧型钢,S1,QA3,M,29.391,Kg,边长x边厚
CWL00385,等边角钢,L16,Q235B,GB/T 700-2006,GB/T 706-2008,160x14,热轧型钢,S1,QA3,M,33.987,Kg,边长x边厚
CWL00386,等边角钢,L16,Q235B,GB/T 700-2006,GB/T 706-2008,160x16,热轧型钢,S1,QA3,M,38.518,Kg,边长x边厚
CWL00387,等边角钢,L18,Q235B,GB/T 700-2006,GB/T 706-2008,180x12,热轧型钢,S1,QA3,M,33.159,Kg,边长x边厚
CWL00388,等边角钢,L18,Q235B,GB/T 700-2006,GB/T 706-2008,180x14,热轧型钢,S1,QA3,M,38.383,Kg,边长x边厚
CWL00389,等边角钢,L18,Q235B,GB/T 700-2006,GB/T 706-2008,180x16,热轧型钢,S1,QA3,M,43.542,Kg,边长x边厚
CWL00390,等边角钢,L18,Q235B,GB/T 700-2006,GB/T 706-2008,180x18,热轧型钢,S1,QA3,M,48.634,Kg,边长x边厚
CWL00391,等边角钢,L20,Q235B,GB/T 700-2006,GB/T 706-2008,200x14,热轧型钢,S1,QA3,M,42.894,Kg,边长x边厚
CWL00392,等边角钢,L20,Q235B,GB/T 700-2006,GB/T 706-2008,200x16,热轧型钢,S1,QA3,M,48.68,Kg,边长x边厚
CWL00393,等边角钢,L20,Q235B,GB/T 700-2006,GB/T 706-2008,200x18,热轧型钢,S1,QA3,M,54.401,Kg,边长x边厚
CWL00394,等边角钢,L20,Q235B,GB/T 700-2006,GB/T 706-2008,200x20,热轧型钢,S1,QA3,M,60.056,Kg,边长x边厚
CWL00395,等边角钢,L20,Q235B,GB/T 700-2006,GB/T 706-2008,200x24,热轧型钢,S1,QA3,M,71.168,Kg,边长x边厚
CWL00396,等边角钢,L22,Q235B,GB/T 700-2006,GB/T 706-2008,220x16,热轧型钢,S1,QA3,M,53.901,Kg,边长x边厚
CWL00397,等边角钢,L22,Q235B,GB/T 700-2006,GB/T 706-2008,220x18,热轧型钢,S1,QA3,M,60.25,Kg,边长x边厚
CWL00398,等边角钢,L22,Q235B,GB/T 700-2006,GB/T 706-2008,220x20,热轧型钢,S1,QA3,M,66.533,Kg,边长x边厚
CWL00399,等边角钢,L22,Q235B,GB/T 700-2006,GB/T 706-2008,220x22,热轧型钢,S1,QA3,M,72.751,Kg,边长x边厚
CWL00400,等边角钢,L22,Q235B,GB/T 700-2006,GB/T 706-2008,220x24,热轧型钢,S1,QA3,M,78.902,Kg,边长x边厚
CWL00401,等边角钢,L22,Q235B,GB/T 700-2006,GB/T 706-2008,220x26,热轧型钢,S1,QA3,M,84.987,Kg,边长x边厚
CWL00402,等边角钢,L25,Q235B,GB/T 700-2006,GB/T 706-2008,250x18,热轧型钢,S1,QA3,M,68.956,Kg,边长x边厚
CWL00403,等边角钢,L25,Q235B,GB/T 700-2006,GB/T 706-2008,250x20,热轧型钢,S1,QA3,M,76.18,Kg,边长x边厚
CWL00404,等边角钢,L25,Q235B,GB/T 700-2006,GB/T 706-2008,250x24,热轧型钢,S1,QA3,M,90.433,Kg,边长x边厚
CWL00405,等边角钢,L25,Q235B,GB/T 700-2006,GB/T 706-2008,250x26,热轧型钢,S1,QA3,M,97.461,Kg,边长x边厚
CWL00406,等边角钢,L25,Q235B,GB/T 700-2006,GB/T 706-2008,250x28,热轧型钢,S1,QA3,M,104.422,Kg,边长x边厚
CWL00407,等边角钢,L25,Q235B,GB/T 700-2006,GB/T 706-2008,250x30,热轧型钢,S1,QA3,M,111.318,Kg,边长x边厚
CWL00408,等边角钢,L25,Q235B,GB/T 700-2006,GB/T 706-2008,250x32,热轧型钢,S1,QA3,M,118.149,Kg,边长x边厚
CWL00409,等边角钢,L25,Q235B,GB/T 700-2006,GB/T 706-2008,250x35,热轧型钢,S1,QA3,M,128.271,Kg,边长x边厚
CWL00410,不等边角钢,L2.5/1.6,Q235B,GB/T 700-2006,GB/T 706-2008,25x16x3,热轧型钢,S1,QA3,M,0.912,Kg,长边x短边x边厚
CWL00411,不等边角钢,L2.5/1.6,Q235B,GB/T 700-2006,GB/T 706-2008,25x16x4,热轧型钢,S1,QA3,M,1.176,Kg,长边x短边x边厚
CWL00412,不等边角钢,L3.2/2,Q235B,GB/T 700-2006,GB/T 706-2008,32x20x3,热轧型钢,S1,QA3,M,1.171,Kg,长边x短边x边厚
CWL00413,不等边角钢,L3.2/2,Q235B,GB/T 700-2006,GB/T 706-2008,32x20x4,热轧型钢,S1,QA3,M,1.522,Kg,长边x短边x边厚
CWL00414,不等边角钢,L4/2.5,Q235B,GB/T 700-2006,GB/T 706-2008,40x25x3,热轧型钢,S1,QA3,M,1.484,Kg,长边x短边x边厚
CWL00415,不等边角钢,L4/2.5,Q235B,GB/T 700-2006,GB/T 706-2008,40x25x4,热轧型钢,S1,QA3,M,1.936,Kg,长边x短边x边厚
CWL00416,不等边角钢,L4.5/2.8,Q235B,GB/T 700-2006,GB/T 706-2008,45x28x3,热轧型钢,S1,QA3,M,1.687,Kg,长边x短边x边厚
CWL00417,不等边角钢,L4.5/2.8,Q235B,GB/T 700-2006,GB/T 706-2008,45x28x4,热轧型钢,S1,QA3,M,2.203,Kg,长边x短边x边厚
CWL00418,不等边角钢,L5/3.2,Q235B,GB/T 700-2006,GB/T 706-2008,50x32x3,热轧型钢,S1,QA3,M,1.908,Kg,长边x短边x边厚
CWL00419,不等边角钢,L5/3.2,Q235B,GB/T 700-2006,GB/T 706-2008,50x32x4,热轧型钢,S1,QA3,M,2.494,Kg,长边x短边x边厚
CWL00420,不等边角钢,L5.6/3.6,Q235B,GB/T 700-2006,GB/T 706-2008,56x36x3,热轧型钢,S1,QA3,M,2.153,Kg,长边x短边x边厚
CWL00421,不等边角钢,L5.6/3.6,Q235B,GB/T 700-2006,GB/T 706-2008,56x36x4,热轧型钢,S1,QA3,M,2.818,Kg,长边x短边x边厚
CWL00422,不等边角钢,L5.6/3.6,Q235B,GB/T 700-2006,GB/T 706-2008,56x36x5,热轧型钢,S1,QA3,M,3.466,Kg,长边x短边x边厚
CWL00423,不等边角钢,L6.3/4,Q235B,GB/T 700-2006,GB/T 706-2008,63x40x4,热轧型钢,S1,QA3,M,3.185,Kg,长边x短边x边厚
CWL00424,不等边角钢,L6.3/4,Q235B,GB/T 700-2006,GB/T 706-2008,63x40x5,热轧型钢,S1,QA3,M,3.92,Kg,长边x短边x边厚
CWL00425,不等边角钢,L6.3/4,Q235B,GB/T 700-2006,GB/T 706-2008,63x40x6,热轧型钢,S1,QA3,M,4.638,Kg,长边x短边x边厚
CWL00426,不等边角钢,L6.3/4,Q235B,GB/T 700-2006,GB/T 706-2008,63x40x7,热轧型钢,S1,QA3,M,5.339,Kg,长边x短边x边厚
CWL00427,不等边角钢,L7/4.5,Q235B,GB/T 700-2006,GB/T 706-2008,70x45x4,热轧型钢,S1,QA3,M,3.57,Kg,长边x短边x边厚
CWL00428,不等边角钢,L7/4.5,Q235B,GB/T 700-2006,GB/T 706-2008,70x45x5,热轧型钢,S1,QA3,M,4.403,Kg,长边x短边x边厚
CWL00429,不等边角钢,L7/4.5,Q235B,GB/T 700-2006,GB/T 706-2008,70x45x6,热轧型钢,S1,QA3,M,5.218,Kg,长边x短边x边厚
CWL00430,不等边角钢,L7/4.5,Q235B,GB/T 700-2006,GB/T 706-2008,70x45x7,热轧型钢,S1,QA3,M,6.011,Kg,长边x短边x边厚
CWL00431,不等边角钢,L7.5/5,Q235B,GB/T 700-2006,GB/T 706-2008,75x50x5,热轧型钢,S1,QA3,M,4.808,Kg,长边x短边x边厚
CWL00432,不等边角钢,L7.5/5,Q235B,GB/T 700-2006,GB/T 706-2008,75x50x6,热轧型钢,S1,QA3,M,5.699,Kg,长边x短边x边厚
CWL00433,不等边角钢,L7.5/5,Q235B,GB/T 700-2006,GB/T 706-2008,75x50x8,热轧型钢,S1,QA3,M,7.431,Kg,长边x短边x边厚
CWL00434,不等边角钢,L7.5/5,Q235B,GB/T 700-2006,GB/T 706-2008,75x50x10,热轧型钢,S1,QA3,M,9.098,Kg,长边x短边x边厚
CWL00435,不等边角钢,L8/5,Q235B,GB/T 700-2006,GB/T 706-2008,80x50x5,热轧型钢,S1,QA3,M,5.005,Kg,长边x短边x边厚
CWL00436,不等边角钢,L8/5,Q235B,GB/T 700-2006,GB/T 706-2008,80x50x6,热轧型钢,S1,QA3,M,5.935,Kg,长边x短边x边厚
CWL00437,不等边角钢,L8/5,Q235B,GB/T 700-2006,GB/T 706-2008,80x50x7,热轧型钢,S1,QA3,M,6.848,Kg,长边x短边x边厚
CWL00438,不等边角钢,L8/5,Q235B,GB/T 700-2006,GB/T 706-2008,80x50x8,热轧型钢,S1,QA3,M,7.745,Kg,长边x短边x边厚
CWL00439,不等边角钢,L9/5.6,Q235B,GB/T 700-2006,GB/T 706-2008,90x56x5,热轧型钢,S1,QA3,M,5.661,Kg,长边x短边x边厚
CWL00440,不等边角钢,L9/5.6,Q235B,GB/T 700-2006,GB/T 706-2008,90x56x6,热轧型钢,S1,QA3,M,6.717,Kg,长边x短边x边厚
CWL00441,不等边角钢,L9/5.6,Q235B,GB/T 700-2006,GB/T 706-2008,90x56x7,热轧型钢,S1,QA3,M,7.756,Kg,长边x短边x边厚
CWL00442,不等边角钢,L9/5.6,Q235B,GB/T 700-2006,GB/T 706-2008,90x56x8,热轧型钢,S1,QA3,M,8.779,Kg,长边x短边x边厚
CWL00443,不等边角钢,L10/6.3,Q235B,GB/T 700-2006,GB/T 706-2008,100x63x6,热轧型钢,S1,QA3,M,7.55,Kg,长边x短边x边厚
CWL00444,不等边角钢,L10/6.3,Q235B,GB/T 700-2006,GB/T 706-2008,100x63x7,热轧型钢,S1,QA3,M,8.722,Kg,长边x短边x边厚
CWL00445,不等边角钢,L10/6.3,Q235B,GB/T 700-2006,GB/T 706-2008,100x63x8,热轧型钢,S1,QA3,M,9.878,Kg,长边x短边x边厚
CWL00446,不等边角钢,L10/6.3,Q235B,GB/T 700-2006,GB/T 706-2008,100x63x10,热轧型钢,S1,QA3,M,12.142,Kg,长边x短边x边厚
CWL00447,不等边角钢,L10/8,Q235B,GB/T 700-2006,GB/T 706-2008,100x80x6,热轧型钢,S1,QA3,M,8.35,Kg,长边x短边x边厚
CWL00448,不等边角钢,L10/8,Q235B,GB/T 700-2006,GB/T 706-2008,100x80x7,热轧型钢,S1,QA3,M,9.656,Kg,长边x短边x边厚
CWL00449,不等边角钢,L10/8,Q235B,GB/T 700-2006,GB/T 706-2008,100x80x8,热轧型钢,S1,QA3,M,10.946,Kg,长边x短边x边厚
CWL00450,不等边角钢,L10/8,Q235B,GB/T 700-2006,GB/T 706-2008,100x80x10,热轧型钢,S1,QA3,M,13.476,Kg,长边x短边x边厚
CWL00451,不等边角钢,L11/7,Q235B,GB/T 700-2006,GB/T 706-2008,110x70x6,热轧型钢,S1,QA3,M,8.35,Kg,长边x短边x边厚
CWL00452,不等边角钢,L11/7,Q235B,GB/T 700-2006,GB/T 706-2008,110x70x7,热轧型钢,S1,QA3,M,9.656,Kg,长边x短边x边厚
CWL00453,不等边角钢,L11/7,Q235B,GB/T 700-2006,GB/T 706-2008,110x70x8,热轧型钢,S1,QA3,M,10.946,Kg,长边x短边x边厚
CWL00454,不等边角钢,L11/7,Q235B,GB/T 700-2006,GB/T 706-2008,110x70x10,热轧型钢,S1,QA3,M,13.476,Kg,长边x短边x边厚
CWL00455,不等边角钢,L12.5/8,Q235B,GB/T 700-2006,GB/T 706-2008,125x80x7,热轧型钢,S1,QA3,M,11.066,Kg,长边x短边x边厚
CWL00456,不等边角钢,L12.5/8,Q235B,GB/T 700-2006,GB/T 706-2008,125x80x8,热轧型钢,S1,QA3,M,12.551,Kg,长边x短边x边厚
CWL00457,不等边角钢,L12.5/8,Q235B,GB/T 700-2006,GB/T 706-2008,125x80x10,热轧型钢,S1,QA3,M,15.474,Kg,长边x短边x边厚
CWL00458,不等边角钢,L12.5/8,Q235B,GB/T 700-2006,GB/T 706-2008,125x80x12,热轧型钢,S1,QA3,M,18.33,Kg,长边x短边x边厚
CWL00459,不等边角钢,L14/9,Q235B,GB/T 700-2006,GB/T 706-2008,140x90x8,热轧型钢,S1,QA3,M,14.16,Kg,长边x短边x边厚
CWL00460,不等边角钢,L14/9,Q235B,GB/T 700-2006,GB/T 706-2008,140x90x10,热轧型钢,S1,QA3,M,17.475,Kg,长边x短边x边厚
CWL00461,不等边角钢,L14/9,Q235B,GB/T 700-2006,GB/T 706-2008,140x90x12,热轧型钢,S1,QA3,M,20.724,Kg,长边x短边x边厚
CWL00462,不等边角钢,L14/9,Q235B,GB/T 700-2006,GB/T 706-2008,140x90x14,热轧型钢,S1,QA3,M,23.908,Kg,长边x短边x边厚
CWL00463,不等边角钢,L15/9,Q235B,GB/T 700-2006,GB/T 706-2008,150x90x8,热轧型钢,S1,QA3,M,14.788,Kg,长边x短边x边厚
CWL00464,不等边角钢,L15/9,Q235B,GB/T 700-2006,GB/T 706-2008,150x90x10,热轧型钢,S1,QA3,M,18.26,Kg,长边x短边x边厚
CWL00465,不等边角钢,L15/9,Q235B,GB/T 700-2006,GB/T 706-2008,150x90x12,热轧型钢,S1,QA3,M,21.666,Kg,长边x短边x边厚
CWL00466,不等边角钢,L15/9,Q235B,GB/T 700-2006,GB/T 706-2008,150x90x14,热轧型钢,S1,QA3,M,25.007,Kg,长边x短边x边厚
CWL00467,不等边角钢,L15/9,Q235B,GB/T 700-2006,GB/T 706-2008,150x90x15,热轧型钢,S1,QA3,M,26.652,Kg,长边x短边x边厚
CWL00468,不等边角钢,L15/9,Q235B,GB/T 700-2006,GB/T 706-2008,150x90x16,热轧型钢,S1,QA3,M,28.281,Kg,长边x短边x边厚
CWL00469,不等边角钢,L16/10,Q235B,GB/T 700-2006,GB/T 706-2008,160x100x10,热轧型钢,S1,QA3,M,19.872,Kg,长边x短边x边厚
CWL00470,不等边角钢,L16/10,Q235B,GB/T 700-2006,GB/T 706-2008,160x100x12,热轧型钢,S1,QA3,M,23.592,Kg,长边x短边x边厚
CWL00471,不等边角钢,L16/10,Q235B,GB/T 700-2006,GB/T 706-2008,160x100x14,热轧型钢,S1,QA3,M,27.247,Kg,长边x短边x边厚
CWL00472,不等边角钢,L16/10,Q235B,GB/T 700-2006,GB/T 706-2008,160x100x16,热轧型钢,S1,QA3,M,30.835,Kg,长边x短边x边厚
CWL00473,不等边角钢,L18/11,Q235B,GB/T 700-2006,GB/T 706-2008,180x110x10,热轧型钢,S1,QA3,M,22.273,Kg,长边x短边x边厚
CWL00474,不等边角钢,L18/11,Q235B,GB/T 700-2006,GB/T 706-2008,180x110x12,热轧型钢,S1,QA3,M,26.44,Kg,长边x短边x边厚
CWL00475,不等边角钢,L18/11,Q235B,GB/T 700-2006,GB/T 706-2008,180x110x14,热轧型钢,S1,QA3,M,30.589,Kg,长边x短边x边厚
CWL00476,不等边角钢,L18/11,Q235B,GB/T 700-2006,GB/T 706-2008,180x110x16,热轧型钢,S1,QA3,M,34.649,Kg,长边x短边x边厚
CWL00477,不等边角钢,L20/12.5,Q235B,GB/T 700-2006,GB/T 706-2008,200x125x12,热轧型钢,S1,QA3,M,29.761,Kg,长边x短边x边厚
CWL00478,不等边角钢,L20/12.5,Q235B,GB/T 700-2006,GB/T 706-2008,200x125x14,热轧型钢,S1,QA3,M,34.436,Kg,长边x短边x边厚
CWL00479,不等边角钢,L20/12.5,Q235B,GB/T 700-2006,GB/T 706-2008,200x125x16,热轧型钢,S1,QA3,M,39.045,Kg,长边x短边x边厚
CWL00480,不等边角钢,L20/12.5,Q235B,GB/T 700-2006,GB/T 706-2008,200x125x18,热轧型钢,S1,QA3,M,43.588,Kg,长边x短边x边厚
CWH00100,H型钢,HW100x100,Q235C,GB/T 700-2006,GB/T 11263-2010,100x100,热轧型钢,S1,QA3,M,16.9,Kg,高x宽
CWH00101,H型钢,HW125x125,Q235C,GB/T 700-2006,GB/T 11263-2010,125x125,热轧型钢,S1,QA3,M,23.6,Kg,高x宽
CWH00102,H型钢,HW150x150,Q235C,GB/T 700-2006,GB/T 11263-2010,150x150,热轧型钢,S1,QA3,M,31.1,Kg,高x宽
CWH00103,H型钢,HW175x175,Q235C,GB/T 700-2006,GB/T 11263-2010,175x175,热轧型钢,S1,QA3,M,40.4,Kg,高x宽
CWH00104,H型钢,HW200x200,Q235C,GB/T 700-2006,GB/T 11263-2010,200x200,热轧型钢,S1,QA3,M,49.9,Kg,高x宽
CWH00105,H型钢,HW200x200,Q235C,GB/T 700-2006,GB/T 11263-2010,200x204,热轧型钢,S1,QA3,M,56.2,Kg,高x宽
CWH00106,H型钢,HW250x250,Q235C,GB/T 700-2006,GB/T 11263-2010,244x252,热轧型钢,S1,QA3,M,63.8,Kg,高x宽
CWH00107,H型钢,HW250x250,Q235C,GB/T 700-2006,GB/T 11263-2010,250x250,热轧型钢,S1,QA3,M,71.8,Kg,高x宽
CWH00108,H型钢,HW250x250,Q235C,GB/T 700-2006,GB/T 11263-2010,250x255,热轧型钢,S1,QA3,M,81.6,Kg,高x宽
CWH00109,H型钢,HW300x300,Q235C,GB/T 700-2006,GB/T 11263-2010,294x302,热轧型钢,S1,QA3,M,83.5,Kg,高x宽
CWH00110,H型钢,HW300x300,Q235C,GB/T 700-2006,GB/T 11263-2010,300x300,热轧型钢,S1,QA3,M,93,Kg,高x宽
CWH00111,H型钢,HW300x300,Q235C,GB/T 700-2006,GB/T 11263-2010,300x305,热轧型钢,S1,QA3,M,104.8,Kg,高x宽
CWH00112,H型钢,HW350x350,Q235C,GB/T 700-2006,GB/T 11263-2010,338x351,热轧型钢,S1,QA3,M,104.6,Kg,高x宽
CWH00113,H型钢,HW350x350,Q235C,GB/T 700-2006,GB/T 11263-2010,344x348,热轧型钢,S1,QA3,M,113,Kg,高x宽
CWH00114,H型钢,HW350x350,Q235C,GB/T 700-2006,GB/T 11263-2010,344x354,热轧型钢,S1,QA3,M,129.3,Kg,高x宽
CWH00115,H型钢,HW350x350,Q235C,GB/T 700-2006,GB/T 11263-2010,350x350,热轧型钢,S1,QA3,M,134.9,Kg,高x宽
CWH00116,H型钢,HW350x350,Q235C,GB/T 700-2006,GB/T 11263-2010,350x357,热轧型钢,S1,QA3,M,154.2,Kg,高x宽
CWH00117,H型钢,HW400x400,Q235C,GB/T 700-2006,GB/T 11263-2010,388x402,热轧型钢,S1,QA3,M,140.1,Kg,高x宽
CWH00118,H型钢,HW400x400,Q235C,GB/T 700-2006,GB/T 11263-2010,394x398,热轧型钢,S1,QA3,M,146.6,Kg,高x宽
CWH00119,H型钢,HW400x400,Q235C,GB/T 700-2006,GB/T 11263-2010,394x405,热轧型钢,S1,QA3,M,168.3,Kg,高x宽
CWH00120,H型钢,HW400x400,Q235C,GB/T 700-2006,GB/T 11263-2010,400x400,热轧型钢,S1,QA3,M,171.7,Kg,高x宽
CWH00121,H型钢,HW400x400,Q235C,GB/T 700-2006,GB/T 11263-2010,400x408,热轧型钢,S1,QA3,M,196.8,Kg,高x宽
CWH00122,H型钢,HW400x400,Q235C,GB/T 700-2006,GB/T 11263-2010,414x405,热轧型钢,S1,QA3,M,231.9,Kg,高x宽
CWH00123,H型钢,HW400x400,Q235C,GB/T 700-2006,GB/T 11263-2010,428x407,热轧型钢,S1,QA3,M,283.1,Kg,高x宽
CWH00124,H型钢,HW400x400,Q235C,GB/T 700-2006,GB/T 11263-2010,458x417,热轧型钢,S1,QA3,M,414.9,Kg,高x宽
CWH00125,H型钢,HW400x400,Q235C,GB/T 700-2006,GB/T 11263-2010,498x432,热轧型钢,S1,QA3,M,604.5,Kg,高x宽
CWH00126,H型钢,HW500x500,Q235C,GB/T 700-2006,GB/T 11263-2010,492x465,热轧型钢,S1,QA3,M,202.5,Kg,高x宽
CWH00127,H型钢,HW500x500,Q235C,GB/T 700-2006,GB/T 11263-2010,502x465,热轧型钢,S1,QA3,M,239,Kg,高x宽
CWH00128,H型钢,HW500x500,Q235C,GB/T 700-2006,GB/T 11263-2010,502x470,热轧型钢,S1,QA3,M,258.7,Kg,高x宽
CWH00129,H型钢,HM150x100,Q235C,GB/T 700-2006,GB/T 11263-2010,148x100,热轧型钢,S1,QA3,M,20.7,Kg,高x宽
CWH00130,H型钢,HM200x150,Q235C,GB/T 700-2006,GB/T 11263-2010,194x150,热轧型钢,S1,QA3,M,29.9,Kg,高x宽
CWH00131,H型钢,HM250x175,Q235C,GB/T 700-2006,GB/T 11263-2010,244x175,热轧型钢,S1,QA3,M,43.6,Kg,高x宽
CWH00132,H型钢,HM300x200,Q235C,GB/T 700-2006,GB/T 11263-2010,294x200,热轧型钢,S1,QA3,M,55.8,Kg,高x宽
CWH00133,H型钢,HM300x200,Q235C,GB/T 700-2006,GB/T 11263-2010,298x201,热轧型钢,S1,QA3,M,64.4,Kg,高x宽
CWH00134,H型钢,HM350x250,Q235C,GB/T 700-2006,GB/T 11263-2010,340x250,热轧型钢,S1,QA3,M,78.1,Kg,高x宽
CWH00135,H型钢,HM400x300,Q235C,GB/T 700-2006,GB/T 11263-2010,390x300,热轧型钢,S1,QA3,M,105,Kg,高x宽
CWH00136,H型钢,HM450x300,Q235C,GB/T 700-2006,GB/T 11263-2010,440x300,热轧型钢,S1,QA3,M,121,Kg,高x宽
CWH00137,H型钢,HM500x300,Q235C,GB/T 700-2006,GB/T 11263-2010,482x300,热轧型钢,S1,QA3,M,111,Kg,高x宽
CWH00138,H型钢,HM500x300,Q235C,GB/T 700-2006,GB/T 11263-2010,488x300,热轧型钢,S1,QA3,M,125,Kg,高x宽
CWH00139,H型钢,HM550x300,Q235C,GB/T 700-2006,GB/T 11263-2010,544x300,热轧型钢,S1,QA3,M,116,Kg,高x宽
CWH00140,H型钢,HM550x300,Q235C,GB/T 700-2006,GB/T 11263-2010,550x300,热轧型钢,S1,QA3,M,130,Kg,高x宽
CWH00141,H型钢,HM600x300,Q235C,GB/T 700-2006,GB/T 11263-2010,582x300,热轧型钢,S1,QA3,M,133,Kg,高x宽
CWH00142,H型钢,HM600x300,Q235C,GB/T 700-2006,GB/T 11263-2010,588x300,热轧型钢,S1,QA3,M,147,Kg,高x宽
CWH00143,H型钢,HM600x300,Q235C,GB/T 700-2006,GB/T 11263-2010,594x302,热轧型钢,S1,QA3,M,170,Kg,高x宽
CWH00144,H型钢,HN100x50,Q235C,GB/T 700-2006,GB/T 11263-2010,100x50,热轧型钢,S1,QA3,M,9.3,Kg,高x宽
CWH00145,H型钢,HN125x60,Q235C,GB/T 700-2006,GB/T 11263-2010,125x60,热轧型钢,S1,QA3,M,13.1,Kg,高x宽
CWH00146,H型钢,HN150x75,Q235C,GB/T 700-2006,GB/T 11263-2010,150x75,热轧型钢,S1,QA3,M,14,Kg,高x宽
CWH00147,H型钢,HN175x90,Q235C,GB/T 700-2006,GB/T 11263-2010,175x90,热轧型钢,S1,QA3,M,18,Kg,高x宽
CWH00148,H型钢,HN200x100,Q235C,GB/T 700-2006,GB/T 11263-2010,198x99,热轧型钢,S1,QA3,M,17.8,Kg,高x宽
CWH00149,H型钢,HN200x100,Q235C,GB/T 700-2006,GB/T 11263-2010,200x100,热轧型钢,S1,QA3,M,20.9,Kg,高x宽
CWH00150,H型钢,HN250x125,Q235C,GB/T 700-2006,GB/T 11263-2010,248x124,热轧型钢,S1,QA3,M,25.1,Kg,高x宽
CWH00151,H型钢,HN250x125,Q235C,GB/T 700-2006,GB/T 11263-2010,250x125,热轧型钢,S1,QA3,M,29,Kg,高x宽
CWH00152,H型钢,HN300x150,Q235C,GB/T 700-2006,GB/T 11263-2010,298x149,热轧型钢,S1,QA3,M,32,Kg,高x宽
CWH00153,H型钢,HN300x150,Q235C,GB/T 700-2006,GB/T 11263-2010,300x150,热轧型钢,S1,QA3,M,36.7,Kg,高x宽
CWH00154,H型钢,HN350x175,Q235C,GB/T 700-2006,GB/T 11263-2010,346x174,热轧型钢,S1,QA3,M,41.2,Kg,高x宽
CWH00155,H型钢,HN350x175,Q235C,GB/T 700-2006,GB/T 11263-2010,350x175,热轧型钢,S1,QA3,M,49.4,Kg,高x宽
CWH00156,H型钢,HN400x150,Q235C,GB/T 700-2006,GB/T 11263-2010,400x150,热轧型钢,S1,QA3,M,55.2,Kg,高x宽
CWH00157,H型钢,HN400x200,Q235C,GB/T 700-2006,GB/T 11263-2010,396x199,热轧型钢,S1,QA3,M,56.1,Kg,高x宽
CWH00158,H型钢,HN400x200,Q235C,GB/T 700-2006,GB/T 11263-2010,400x200,热轧型钢,S1,QA3,M,65.4,Kg,高x宽
CWH00159,H型钢,HN450x150,Q235C,GB/T 700-2006,GB/T 11263-2010,446x150,热轧型钢,S1,QA3,M,52.6,Kg,高x宽
CWH00160,H型钢,HN450x150,Q235C,GB/T 700-2006,GB/T 11263-2010,450x151,热轧型钢,S1,QA3,M,60.8,Kg,高x宽
CWH00161,H型钢,HN450x200,Q235C,GB/T 700-2006,GB/T 11263-2010,446x199,热轧型钢,S1,QA3,M,65.1,Kg,高x宽
CWH00162,H型钢,HN450x200,Q235C,GB/T 700-2006,GB/T 11263-2010,450x200,热轧型钢,S1,QA3,M,74.9,Kg,高x宽
CWH00163,H型钢,HN475x150,Q235C,GB/T 700-2006,GB/T 11263-2010,470x150,热轧型钢,S1,QA3,M,56.2,Kg,高x宽
CWH00164,H型钢,HN475x150,Q235C,GB/T 700-2006,GB/T 11263-2010,475x151.5,热轧型钢,S1,QA3,M,67.6,Kg,高x宽
CWH00165,H型钢,HN475x150,Q235C,GB/T 700-2006,GB/T 11263-2010,482x153.5,热轧型钢,S1,QA3,M,83.5,Kg,高x宽
CWH00166,H型钢,HN500x150,Q235C,GB/T 700-2006,GB/T 11263-2010,492x150,热轧型钢,S1,QA3,M,55.1,Kg,高x宽
CWH00167,H型钢,HN500x150,Q235C,GB/T 700-2006,GB/T 11263-2010,500x152,热轧型钢,S1,QA3,M,72.4,Kg,高x宽
CWH00168,H型钢,HN500x150,Q235C,GB/T 700-2006,GB/T 11263-2010,504x153,热轧型钢,S1,QA3,M,81.1,Kg,高x宽
CWH00169,H型钢,HN500x200,Q235C,GB/T 700-2006,GB/T 11263-2010,496x199,热轧型钢,S1,QA3,M,77.9,Kg,高x宽
CWH00170,H型钢,HN500x200,Q235C,GB/T 700-2006,GB/T 11263-2010,500x200,热轧型钢,S1,QA3,M,88.1,Kg,高x宽
CWH00171,H型钢,HN500x200,Q235C,GB/T 700-2006,GB/T 11263-2010,506x201,热轧型钢,S1,QA3,M,102,Kg,高x宽
CWH00172,H型钢,HN550x200,Q235C,GB/T 700-2006,GB/T 11263-2010,546x199,热轧型钢,S1,QA3,M,81.5,Kg,高x宽
CWH00173,H型钢,HN550x200,Q235C,GB/T 700-2006,GB/T 11263-2010,550x200,热轧型钢,S1,QA3,M,92,Kg,高x宽
CWH00174,H型钢,HN600x200,Q235C,GB/T 700-2006,GB/T 11263-2010,596x199,热轧型钢,S1,QA3,M,92.4,Kg,高x宽
CWH00175,H型钢,HN600x200,Q235C,GB/T 700-2006,GB/T 11263-2010,600x200,热轧型钢,S1,QA3,M,103,Kg,高x宽
CWH00176,H型钢,HN600x200,Q235C,GB/T 700-2006,GB/T 11263-2010,606x201,热轧型钢,S1,QA3,M,118,Kg,高x宽
CWH00177,H型钢,HN625x200,Q235C,GB/T 700-2006,GB/T 11263-2010,625x198.5,热轧型钢,S1,QA3,M,118,Kg,高x宽
CWH00178,H型钢,HN625x200,Q235C,GB/T 700-2006,GB/T 11263-2010,630x200,热轧型钢,S1,QA3,M,133,Kg,高x宽
CWH00179,H型钢,HN625x200,Q235C,GB/T 700-2006,GB/T 11263-2010,638x202,热轧型钢,S1,QA3,M,156,Kg,高x宽
CWH00180,H型钢,HN650x300,Q235C,GB/T 700-2006,GB/T 11263-2010,646x299,热轧型钢,S1,QA3,M,144,Kg,高x宽
CWH00181,H型钢,HN650x300,Q235C,GB/T 700-2006,GB/T 11263-2010,650x300,热轧型钢,S1,QA3,M,159,Kg,高x宽
CWH00182,H型钢,HN650x300,Q235C,GB/T 700-2006,GB/T 11263-2010,656x301,热轧型钢,S1,QA3,M,173,Kg,高x宽
CWH00183,H型钢,HN700x300,Q235C,GB/T 700-2006,GB/T 11263-2010,692x300,热轧型钢,S1,QA3,M,163,Kg,高x宽
CWH00184,H型钢,HN700x300,Q235C,GB/T 700-2006,GB/T 11263-2010,700x300,热轧型钢,S1,QA3,M,182,Kg,高x宽
CWH00185,H型钢,HN750x300,Q235C,GB/T 700-2006,GB/T 11263-2010,734x299,热轧型钢,S1,QA3,M,143,Kg,高x宽
CWH00186,H型钢,HN750x300,Q235C,GB/T 700-2006,GB/T 11263-2010,742x300,热轧型钢,S1,QA3,M,168,Kg,高x宽
CWH00187,H型钢,HN750x300,Q235C,GB/T 700-2006,GB/T 11263-2010,750x300,热轧型钢,S1,QA3,M,187,Kg,高x宽
CWH00188,H型钢,HN750x300,Q235C,GB/T 700-2006,GB/T 11263-2010,758x303,热轧型钢,S1,QA3,M,224,Kg,高x宽
CWH00189,H型钢,HN800x300,Q235C,GB/T 700-2006,GB/T 11263-2010,792x300,热轧型钢,S1,QA3,M,188,Kg,高x宽
CWH00190,H型钢,HN800x300,Q235C,GB/T 700-2006,GB/T 11263-2010,800x300,热轧型钢,S1,QA3,M,207,Kg,高x宽
CWH00191,H型钢,HN850x300,Q235C,GB/T 700-2006,GB/T 11263-2010,834x298,热轧型钢,S1,QA3,M,179,Kg,高x宽
CWH00192,H型钢,HN850x300,Q235C,GB/T 700-2006,GB/T 11263-2010,842x299,热轧型钢,S1,QA3,M,204,Kg,高x宽
CWH00193,H型钢,HN850x300,Q235C,GB/T 700-2006,GB/T 11263-2010,850x300,热轧型钢,S1,QA3,M,229,Kg,高x宽
CWH00194,H型钢,HN850x300,Q235C,GB/T 700-2006,GB/T 11263-2010,858x301,热轧型钢,S1,QA3,M,255,Kg,高x宽
CWH00195,H型钢,HN900x300,Q235C,GB/T 700-2006,GB/T 11263-2010,890x299,热轧型钢,S1,QA3,M,210,Kg,高x宽
CWH00196,H型钢,HN900x300,Q235C,GB/T 700-2006,GB/T 11263-2010,900x300,热轧型钢,S1,QA3,M,240,Kg,高x宽
CWH00197,H型钢,HN900x300,Q235C,GB/T 700-2006,GB/T 11263-2010,912x302,热轧型钢,S1,QA3,M,283,Kg,高x宽
CWH00198,H型钢,HN1000x300,Q235C,GB/T 700-2006,GB/T 11263-2010,970x297,热轧型钢,S1,QA3,M,217,Kg,高x宽
CWH00199,H型钢,HN1000x300,Q235C,GB/T 700-2006,GB/T 11263-2010,980x298,热轧型钢,S1,QA3,M,248,Kg,高x宽
CWH00200,H型钢,HN1000x300,Q235C,GB/T 700-2006,GB/T 11263-2010,990x298,热轧型钢,S1,QA3,M,271,Kg,高x宽
CWH00201,H型钢,HN1000x300,Q235C,GB/T 700-2006,GB/T 11263-2010,1000x300,热轧型钢,S1,QA3,M,310,Kg,高x宽
CWH00202,H型钢,HN1000x300,Q235C,GB/T 700-2006,GB/T 11263-2010,1008x302,热轧型钢,S1,QA3,M,345,Kg,高x宽
CWH00203,H型钢,HT100x50,Q235C,GB/T 700-2006,GB/T 11263-2010,95x48,热轧型钢,S1,QA3,M,5.98,Kg,高x宽
CWH00204,H型钢,HT100x50,Q235C,GB/T 700-2006,GB/T 11263-2010,97x49,热轧型钢,S1,QA3,M,7.36,Kg,高x宽
CWH00205,H型钢,HT100x100,Q235C,GB/T 700-2006,GB/T 11263-2010,96x99,热轧型钢,S1,QA3,M,12.7,Kg,高x宽
CWH00206,H型钢,HT125x60,Q235C,GB/T 700-2006,GB/T 11263-2010,118x58,热轧型钢,S1,QA3,M,7.26,Kg,高x宽
CWH00207,H型钢,HT125x60,Q235C,GB/T 700-2006,GB/T 11263-2010,120x59,热轧型钢,S1,QA3,M,8.94,Kg,高x宽
CWH00208,H型钢,HT125x125,Q235C,GB/T 700-2006,GB/T 11263-2010,119x123,热轧型钢,S1,QA3,M,15.8,Kg,高x宽
CWH00209,H型钢,HT150x75,Q235C,GB/T 700-2006,GB/T 11263-2010,145x73,热轧型钢,S1,QA3,M,9,Kg,高x宽
CWH00210,H型钢,HT150x75,Q235C,GB/T 700-2006,GB/T 11263-2010,147x74,热轧型钢,S1,QA3,M,11.1,Kg,高x宽
CWH00211,H型钢,HT150x100,Q235C,GB/T 700-2006,GB/T 11263-2010,139x97,热轧型钢,S1,QA3,M,10.6,Kg,高x宽
CWH00212,H型钢,HT150x100,Q235C,GB/T 700-2006,GB/T 11263-2010,142x99,热轧型钢,S1,QA3,M,14.3,Kg,高x宽
CWH00213,H型钢,HT150x150,Q235C,GB/T 700-2006,GB/T 11263-2010,144x148,热轧型钢,S1,QA3,M,21.8,Kg,高x宽
CWH00214,H型钢,HT150x150,Q235C,GB/T 700-2006,GB/T 11263-2010,147x149,热轧型钢,S1,QA3,M,26.4,Kg,高x宽
CWH00215,H型钢,HT175x90,Q235C,GB/T 700-2006,GB/T 11263-2010,168x88,热轧型钢,S1,QA3,M,10.6,Kg,高x宽
CWH00216,H型钢,HT175x90,Q235C,GB/T 700-2006,GB/T 11263-2010,171x89,热轧型钢,S1,QA3,M,13.8,Kg,高x宽
CWH00217,H型钢,HT175x175,Q235C,GB/T 700-2006,GB/T 11263-2010,167x173,热轧型钢,S1,QA3,M,26.2,Kg,高x宽
CWH00218,H型钢,HT175x175,Q235C,GB/T 700-2006,GB/T 11263-2010,172x175,热轧型钢,S1,QA3,M,35,Kg,高x宽
CWH00219,H型钢,HT200x100,Q235C,GB/T 700-2006,GB/T 11263-2010,193x98,热轧型钢,S1,QA3,M,12,Kg,高x宽
CWH00220,H型钢,HT200x100,Q235C,GB/T 700-2006,GB/T 11263-2010,196x99,热轧型钢,S1,QA3,M,15.5,Kg,高x宽
CWH00221,H型钢,HT200x150,Q235C,GB/T 700-2006,GB/T 11263-2010,188x149,热轧型钢,S1,QA3,M,20.7,Kg,高x宽
CWH00222,H型钢,HT200x200,Q235C,GB/T 700-2006,GB/T 11263-2010,192x198,热轧型钢,S1,QA3,M,34.3,Kg,高x宽
CWH00223,H型钢,HT250x125,Q235C,GB/T 700-2006,GB/T 11263-2010,244x124,热轧型钢,S1,QA3,M,20.3,Kg,高x宽
CWH00224,H型钢,HT250x175,Q235C,GB/T 700-2006,GB/T 11263-2010,238x173,热轧型钢,S1,QA3,M,30.7,Kg,高x宽
CWH00225,H型钢,HT300x150,Q235C,GB/T 700-2006,GB/T 11263-2010,294x148,热轧型钢,S1,QA3,M,25,Kg,高x宽
CWH00226,H型钢,HT300x200,Q235C,GB/T 700-2006,GB/T 11263-2010,286x198,热轧型钢,S1,QA3,M,38.7,Kg,高x宽
CWH00227,H型钢,HT350x175,Q235C,GB/T 700-2006,GB/T 11263-2010,340x173,热轧型钢,S1,QA3,M,29,Kg,高x宽
CWH00228,H型钢,HT400x150,Q235C,GB/T 700-2006,GB/T 11263-2010,390x148,热轧型钢,S1,QA3,M,37.3,Kg,高x宽
CWH00229,H型钢,HT400x200,Q235C,GB/T 700-2006,GB/T 11263-2010,390x198,热轧型钢,S1,QA3,M,43.6,Kg,高x宽
CWH00230,H型钢,TW50x100,Q235C,GB/T 700-2006,GB/T 11263-2010,50x100,热轧型钢,S1,QA3,M,8.47,Kg,高x宽
CWH00231,H型钢,TW62.5x125,Q235C,GB/T 700-2006,GB/T 11263-2010,62.5x125,热轧型钢,S1,QA3,M,11.8,Kg,高x宽
CWH00232,H型钢,TW75x150,Q235C,GB/T 700-2006,GB/T 11263-2010,75x150,热轧型钢,S1,QA3,M,15.6,Kg,高x宽
CWH00233,H型钢,TW87.5x175,Q235C,GB/T 700-2006,GB/T 11263-2010,87.5x175,热轧型钢,S1,QA3,M,20.2,Kg,高x宽
CWH00234,H型钢,TW100x200,Q235C,GB/T 700-2006,GB/T 11263-2010,100x200,热轧型钢,S1,QA3,M,24.9,Kg,高x宽
CWH00235,H型钢,TW100x200,Q235C,GB/T 700-2006,GB/T 11263-2010,100x204,热轧型钢,S1,QA3,M,28.1,Kg,高x宽
CWH00236,H型钢,TW125x250,Q235C,GB/T 700-2006,GB/T 11263-2010,125x250,热轧型钢,S1,QA3,M,35.9,Kg,高x宽
CWH00237,H型钢,TW125x250,Q235C,GB/T 700-2006,GB/T 11263-2010,125x255,热轧型钢,S1,QA3,M,40.8,Kg,高x宽
CWH00238,H型钢,TW150x300,Q235C,GB/T 700-2006,GB/T 11263-2010,147x302,热轧型钢,S1,QA3,M,41.7,Kg,高x宽
CWH00239,H型钢,TW150x300,Q235C,GB/T 700-2006,GB/T 11263-2010,150x300,热轧型钢,S1,QA3,M,46.5,Kg,高x宽
CWH00240,H型钢,TW150x300,Q235C,GB/T 700-2006,GB/T 11263-2010,150x305,热轧型钢,S1,QA3,M,52.4,Kg,高x宽
CWH00241,H型钢,TW175x350,Q235C,GB/T 700-2006,GB/T 11263-2010,172x348,热轧型钢,S1,QA3,M,56.5,Kg,高x宽
CWH00242,H型钢,TW175x350,Q235C,GB/T 700-2006,GB/T 11263-2010,175x350,热轧型钢,S1,QA3,M,67.5,Kg,高x宽
CWH00243,H型钢,TW200x400,Q235C,GB/T 700-2006,GB/T 11263-2010,194x402,热轧型钢,S1,QA3,M,70,Kg,高x宽
CWH00244,H型钢,TW200x400,Q235C,GB/T 700-2006,GB/T 11263-2010,197x398,热轧型钢,S1,QA3,M,73.3,Kg,高x宽
CWH00245,H型钢,TW200x400,Q235C,GB/T 700-2006,GB/T 11263-2010,200x400,热轧型钢,S1,QA3,M,85.8,Kg,高x宽
CWH00246,H型钢,TW200x400,Q235C,GB/T 700-2006,GB/T 11263-2010,200x408,热轧型钢,S1,QA3,M,98.4,Kg,高x宽
CWH00247,H型钢,TW200x400,Q235C,GB/T 700-2006,GB/T 11263-2010,207x405,热轧型钢,S1,QA3,M,116,Kg,高x宽
CWH00248,H型钢,TW200x400,Q235C,GB/T 700-2006,GB/T 11263-2010,214x407,热轧型钢,S1,QA3,M,142,Kg,高x宽
CWH00249,H型钢,TM75x100,Q235C,GB/T 700-2006,GB/T 11263-2010,74x100,热轧型钢,S1,QA3,M,10.3,Kg,高x宽
CWH00250,H型钢,TM100x150,Q235C,GB/T 700-2006,GB/T 11263-2010,97x150,热轧型钢,S1,QA3,M,15,Kg,高x宽
CWH00251,H型钢,TM125x175,Q235C,GB/T 700-2006,GB/T 11263-2010,122x175,热轧型钢,S1,QA3,M,21.8,Kg,高x宽
CWH00252,H型钢,TM150x200,Q235C,GB/T 700-2006,GB/T 11263-2010,147x200,热轧型钢,S1,QA3,M,27.9,Kg,高x宽
CWH00253,H型钢,TM150x200,Q235C,GB/T 700-2006,GB/T 11263-2010,149x201,热轧型钢,S1,QA3,M,32.2,Kg,高x宽
CWH00254,H型钢,TM175x250,Q235C,GB/T 700-2006,GB/T 11263-2010,170x250,热轧型钢,S1,QA3,M,39.1,Kg,高x宽
CWH00255,H型钢,TM200x300,Q235C,GB/T 700-2006,GB/T 11263-2010,195x300,热轧型钢,S1,QA3,M,52.3,Kg,高x宽
CWH00256,H型钢,TM225x300,Q235C,GB/T 700-2006,GB/T 11263-2010,220x300,热轧型钢,S1,QA3,M,60.4,Kg,高x宽
CWH00257,H型钢,TM250x300,Q235C,GB/T 700-2006,GB/T 11263-2010,241x300,热轧型钢,S1,QA3,M,55.4,Kg,高x宽
CWH00258,H型钢,TM250x300,Q235C,GB/T 700-2006,GB/T 11263-2010,244x300,热轧型钢,S1,QA3,M,62.5,Kg,高x宽
CWH00259,H型钢,TM275x300,Q235C,GB/T 700-2006,GB/T 11263-2010,272x300,热轧型钢,S1,QA3,M,58.1,Kg,高x宽
CWH00260,H型钢,TM275x300,Q235C,GB/T 700-2006,GB/T 11263-2010,275x300,热轧型钢,S1,QA3,M,65.2,Kg,高x宽
CWH00261,H型钢,TM300x300,Q235C,GB/T 700-2006,GB/T 11263-2010,291x300,热轧型钢,S1,QA3,M,66.4,Kg,高x宽
CWH00262,H型钢,TM300x300,Q235C,GB/T 700-2006,GB/T 11263-2010,294x300,热轧型钢,S1,QA3,M,73.5,Kg,高x宽
CWH00263,H型钢,TM300x300,Q235C,GB/T 700-2006,GB/T 11263-2010,297x302,热轧型钢,S1,QA3,M,85.2,Kg,高x宽
CWH00264,H型钢,TN50x50,Q235C,GB/T 700-2006,GB/T 11263-2010,50x50,热轧型钢,S1,QA3,M,4.65,Kg,高x宽
CWH00265,H型钢,TN62.5x60,Q235C,GB/T 700-2006,GB/T 11263-2010,62.5x60,热轧型钢,S1,QA3,M,6.55,Kg,高x宽
CWH00266,H型钢,TN75x75,Q235C,GB/T 700-2006,GB/T 11263-2010,75x75,热轧型钢,S1,QA3,M,7,Kg,高x宽
CWH00267,H型钢,TN87.5x90,Q235C,GB/T 700-2006,GB/T 11263-2010,85.5x89,热轧型钢,S1,QA3,M,6.9,Kg,高x宽
CWH00268,H型钢,TN87.5x90,Q235C,GB/T 700-2006,GB/T 11263-2010,87.5x90,热轧型钢,S1,QA3,M,8.98,Kg,高x宽
CWH00269,H型钢,TN100x100,Q235C,GB/T 700-2006,GB/T 11263-2010,99x99,热轧型钢,S1,QA3,M,8.9,Kg,高x宽
CWH00270,H型钢,TN100x100,Q235C,GB/T 700-2006,GB/T 11263-2010,100x100,热轧型钢,S1,QA3,M,10.5,Kg,高x宽
CWH00271,H型钢,TN125x125,Q235C,GB/T 700-2006,GB/T 11263-2010,124x124,热轧型钢,S1,QA3,M,12.6,Kg,高x宽
CWH00272,H型钢,TN125x125,Q235C,GB/T 700-2006,GB/T 11263-2010,125x125,热轧型钢,S1,QA3,M,14.5,Kg,高x宽
CWH00273,H型钢,TN150x150,Q235C,GB/T 700-2006,GB/T 11263-2010,149x149,热轧型钢,S1,QA3,M,16,Kg,高x宽
CWH00274,H型钢,TN150x150,Q235C,GB/T 700-2006,GB/T 11263-2010,150x150,热轧型钢,S1,QA3,M,18.4,Kg,高x宽
CWH00275,H型钢,TN175x175,Q235C,GB/T 700-2006,GB/T 11263-2010,173x174,热轧型钢,S1,QA3,M,20.6,Kg,高x宽
CWH00276,H型钢,TN175x175,Q235C,GB/T 700-2006,GB/T 11263-2010,175x175,热轧型钢,S1,QA3,M,24.7,Kg,高x宽
CWH00277,H型钢,TN200x200,Q235C,GB/T 700-2006,GB/T 11263-2010,198x199,热轧型钢,S1,QA3,M,28,Kg,高x宽
CWH00278,H型钢,TN200x200,Q235C,GB/T 700-2006,GB/T 11263-2010,200x200,热轧型钢,S1,QA3,M,32.7,Kg,高x宽
CWH00279,H型钢,TN225x150,Q235C,GB/T 700-2006,GB/T 11263-2010,223x150,热轧型钢,S1,QA3,M,26.3,Kg,高x宽
CWH00280,H型钢,TN225x150,Q235C,GB/T 700-2006,GB/T 11263-2010,225x151,热轧型钢,S1,QA3,M,30.4,Kg,高x宽
CWH00281,H型钢,TN225x200,Q235C,GB/T 700-2006,GB/T 11263-2010,223x199,热轧型钢,S1,QA3,M,32.6,Kg,高x宽
CWH00282,H型钢,TN225x200,Q235C,GB/T 700-2006,GB/T 11263-2010,225x200,热轧型钢,S1,QA3,M,37.5,Kg,高x宽
CWH00283,H型钢,TN237.5x150,Q235C,GB/T 700-2006,GB/T 11263-2010,235x150,热轧型钢,S1,QA3,M,28.1,Kg,高x宽
CWH00284,H型钢,TN237.5x150,Q235C,GB/T 700-2006,GB/T 11263-2010,237.5x151.5,热轧型钢,S1,QA3,M,33.8,Kg,高x宽
CWH00285,H型钢,TN237.5x150,Q235C,GB/T 700-2006,GB/T 11263-2010,241x153.5,热轧型钢,S1,QA3,M,41.8,Kg,高x宽
CWH00286,H型钢,TN250x150,Q235C,GB/T 700-2006,GB/T 11263-2010,246x150,热轧型钢,S1,QA3,M,27.6,Kg,高x宽
CWH00287,H型钢,TN250x150,Q235C,GB/T 700-2006,GB/T 11263-2010,250x152,热轧型钢,S1,QA3,M,36.2,Kg,高x宽
CWH00288,H型钢,TN250x150,Q235C,GB/T 700-2006,GB/T 11263-2010,252x153,热轧型钢,S1,QA3,M,40.6,Kg,高x宽
CWH00289,H型钢,TN250x200,Q235C,GB/T 700-2006,GB/T 11263-2010,248x199,热轧型钢,S1,QA3,M,39,Kg,高x宽
CWH00290,H型钢,TN250x200,Q235C,GB/T 700-2006,GB/T 11263-2010,250x200,热轧型钢,S1,QA3,M,44.1,Kg,高x宽
CWH00291,H型钢,TN250x200,Q235C,GB/T 700-2006,GB/T 11263-2010,253x201,热轧型钢,S1,QA3,M,50.8,Kg,高x宽
CWH00292,H型钢,TN275x200,Q235C,GB/T 700-2006,GB/T 11263-2010,273x199,热轧型钢,S1,QA3,M,40.7,Kg,高x宽
CWH00293,H型钢,TN275x200,Q235C,GB/T 700-2006,GB/T 11263-2010,275x200,热轧型钢,S1,QA3,M,46,Kg,高x宽
CWH00294,H型钢,TN300x200,Q235C,GB/T 700-2006,GB/T 11263-2010,298x199,热轧型钢,S1,QA3,M,46.2,Kg,高x宽
CWH00295,H型钢,TN300x200,Q235C,GB/T 700-2006,GB/T 11263-2010,300x200,热轧型钢,S1,QA3,M,51.7,Kg,高x宽
CWH00296,H型钢,TN300x200,Q235C,GB/T 700-2006,GB/T 11263-2010,303x201,热轧型钢,S1,QA3,M,58.8,Kg,高x宽
CWH00297,H型钢,TN312.5x200,Q235C,GB/T 700-2006,GB/T 11263-2010,312.5x198.5,热轧型钢,S1,QA3,M,59.1,Kg,高x宽
CWH00298,H型钢,TN312.5x200,Q235C,GB/T 700-2006,GB/T 11263-2010,315x200,热轧型钢,S1,QA3,M,66.7,Kg,高x宽
CWH00299,H型钢,TN312.5x200,Q235C,GB/T 700-2006,GB/T 11263-2010,319x202,热轧型钢,S1,QA3,M,78,Kg,高x宽
CWH00300,H型钢,TN325x300,Q235C,GB/T 700-2006,GB/T 11263-2010,323x299,热轧型钢,S1,QA3,M,72.1,Kg,高x宽
CWH00301,H型钢,TN325x300,Q235C,GB/T 700-2006,GB/T 11263-2010,325x300,热轧型钢,S1,QA3,M,79.3,Kg,高x宽
CWH00302,H型钢,TN325x300,Q235C,GB/T 700-2006,GB/T 11263-2010,328x301,热轧型钢,S1,QA3,M,86.59,Kg,高x宽
CWH00303,H型钢,TN350x300,Q235C,GB/T 700-2006,GB/T 11263-2010,346x300,热轧型钢,S1,QA3,M,81.5,Kg,高x宽
CWH00304,H型钢,TN350x300,Q235C,GB/T 700-2006,GB/T 11263-2010,350x300,热轧型钢,S1,QA3,M,90.9,Kg,高x宽
CWH00305,H型钢,TN400x300,Q235C,GB/T 700-2006,GB/T 11263-2010,396x300,热轧型钢,S1,QA3,M,94,Kg,高x宽
CWH00306,H型钢,TN400x300,Q235C,GB/T 700-2006,GB/T 11263-2010,400x300,热轧型钢,S1,QA3,M,103,Kg,高x宽
CWH00307,H型钢,TN450x300,Q235C,GB/T 700-2006,GB/T 11263-2010,445x299,热轧型钢,S1,QA3,M,105,Kg,高x宽
CWH00308,H型钢,TN450x300,Q235C,GB/T 700-2006,GB/T 11263-2010,450x300,热轧型钢,S1,QA3,M,120,Kg,高x宽
CWH00309,H型钢,TN450x300,Q235C,GB/T 700-2006,GB/T 11263-2010,456x302,热轧型钢,S1,QA3,M,141,Kg,高x宽
CWH00310,超厚超重H型钢,W14x16,Q235C,GB/T 700-2006,GB/T 11263-2010,375x394,热轧型钢,S1,QA3,M,216,Kg,高x宽
CWH00311,超厚超重H型钢,W14x16,Q235C,GB/T 700-2006,GB/T 11263-2010,380x395,热轧型钢,S1,QA3,M,237,Kg,高x宽
CWH00312,超厚超重H型钢,W14x16,Q235C,GB/T 700-2006,GB/T 11263-2010,387x398,热轧型钢,S1,QA3,M,262,Kg,高x宽
CWH00313,超厚超重H型钢,W14x16,Q235C,GB/T 700-2006,GB/T 11263-2010,393x399,热轧型钢,S1,QA3,M,287,Kg,高x宽
CWH00314,超厚超重H型钢,W14x16,Q235C,GB/T 700-2006,GB/T 11263-2010,399x401,热轧型钢,S1,QA3,M,314,Kg,高x宽
CWH00315,超厚超重H型钢,W14x16,Q235C,GB/T 700-2006,GB/T 11263-2010,407x404,热轧型钢,S1,QA3,M,347,Kg,高x宽
CWH00316,超厚超重H型钢,W14x16,Q235C,GB/T 700-2006,GB/T 11263-2010,416x406,热轧型钢,S1,QA3,M,382,Kg,高x宽
CWH00317,超厚超重H型钢,W14x16,Q235C,GB/T 700-2006,GB/T 11263-2010,425x409,热轧型钢,S1,QA3,M,421,Kg,高x宽
CWH00318,超厚超重H型钢,W14x16,Q235C,GB/T 700-2006,GB/T 11263-2010,435x412,热轧型钢,S1,QA3,M,463,Kg,高x宽
CWH00319,超厚超重H型钢,W14x16,Q235C,GB/T 700-2006,GB/T 11263-2010,446x416,热轧型钢,S1,QA3,M,509,Kg,高x宽
CWH00320,超厚超重H型钢,W14x16,Q235C,GB/T 700-2006,GB/T 11263-2010,455x418,热轧型钢,S1,QA3,M,551,Kg,高x宽
CWH00321,超厚超重H型钢,W14x16,Q235C,GB/T 700-2006,GB/T 11263-2010,465x421,热轧型钢,S1,QA3,M,592,Kg,高x宽
CWH00322,超厚超重H型钢,W14x16,Q235C,GB/T 700-2006,GB/T 11263-2010,474x424,热轧型钢,S1,QA3,M,634,Kg,高x宽
CWH00323,超厚超重H型钢,W14x16,Q235C,GB/T 700-2006,GB/T 11263-2010,483x428,热轧型钢,S1,QA3,M,677,Kg,高x宽
CWH00324,超厚超重H型钢,W14x16,Q235C,GB/T 700-2006,GB/T 11263-2010,498x432,热轧型钢,S1,QA3,M,744,Kg,高x宽
CWH00325,超厚超重H型钢,W14x16,Q235C,GB/T 700-2006,GB/T 11263-2010,514x437,热轧型钢,S1,QA3,M,818,Kg,高x宽
CWH00326,超厚超重H型钢,W14x16,Q235C,GB/T 700-2006,GB/T 11263-2010,531x442,热轧型钢,S1,QA3,M,900,Kg,高x宽
CWH00327,超厚超重H型钢,W14x16,Q235C,GB/T 700-2006,GB/T 11263-2010,550x448,热轧型钢,S1,QA3,M,990,Kg,高x宽
CWH00328,超厚超重H型钢,W14x16,Q235C,GB/T 700-2006,GB/T 11263-2010,569x454,热轧型钢,S1,QA3,M,1090,Kg,高x宽
CWH00329,超厚超重H型钢,W24x12.75,Q235C,GB/T 700-2006,GB/T 11263-2010,635x329,热轧型钢,S1,QA3,M,241,Kg,高x宽
CWH00330,超厚超重H型钢,W24x12.75,Q235C,GB/T 700-2006,GB/T 11263-2010,641x327,热轧型钢,S1,QA3,M,262,Kg,高x宽
CWH00331,超厚超重H型钢,W24x12.75,Q235C,GB/T 700-2006,GB/T 11263-2010,647x327,热轧型钢,S1,QA3,M,,Kg,高x宽
CWH00332,超厚超重H型钢,W24x12.75,Q235C,GB/T 700-2006,GB/T 11263-2010,647x329,热轧型钢,S1,QA3,M,285,Kg,高x宽
CWH00333,超厚超重H型钢,W24x12.75,Q235C,GB/T 700-2006,GB/T 11263-2010,661x333,热轧型钢,S1,QA3,M,341,Kg,高x宽
CWH00334,超厚超重H型钢,W24x12.75,Q235C,GB/T 700-2006,GB/T 11263-2010,679x338,热轧型钢,S1,QA3,M,415,Kg,高x宽
CWH00335,超厚超重H型钢,W24x12.75,Q235C,GB/T 700-2006,GB/T 11263-2010,689x340,热轧型钢,S1,QA3,M,455,Kg,高x宽
CWH00336,超厚超重H型钢,W24x12.75,Q235C,GB/T 700-2006,GB/T 11263-2010,699x343,热轧型钢,S1,QA3,M,498,Kg,高x宽
CWH00337,超厚超重H型钢,W24x12.75,Q235C,GB/T 700-2006,GB/T 11263-2010,711x347,热轧型钢,S1,QA3,M,511,Kg,高x宽
CWH00338,超厚超重H型钢,W36x12,Q235C,GB/T 700-2006,GB/T 11263-2010,903x304,热轧型钢,S1,QA3,M,201,Kg,高x宽
CWH00339,超厚超重H型钢,W36x12,Q235C,GB/T 700-2006,GB/T 11263-2010,911x304,热轧型钢,S1,QA3,M,223,Kg,高x宽
CWH00340,超厚超重H型钢,W36x12,Q235C,GB/T 700-2006,GB/T 11263-2010,915x305,热轧型钢,S1,QA3,M,238,Kg,高x宽
CWH00341,超厚超重H型钢,W36x12,Q235C,GB/T 700-2006,GB/T 11263-2010,919x306,热轧型钢,S1,QA3,M,253,Kg,高x宽
CWH00342,超厚超重H型钢,W36x12,Q235C,GB/T 700-2006,GB/T 11263-2010,923x307,热轧型钢,S1,QA3,M,271,Kg,高x宽
CWH00343,超厚超重H型钢,W36x12,Q235C,GB/T 700-2006,GB/T 11263-2010,927x308,热轧型钢,S1,QA3,M,289,Kg,高x宽
CWH00344,超厚超重H型钢,W36x12,Q235C,GB/T 700-2006,GB/T 11263-2010,932x309,热轧型钢,S1,QA3,M,313,Kg,高x宽
CWH00345,超厚超重H型钢,W36x16.5,Q235C,GB/T 700-2006,GB/T 11263-2010,912x418,热轧型钢,S1,QA3,M,342,Kg,高x宽
CWH00346,超厚超重H型钢,W36x16.5,Q235C,GB/T 700-2006,GB/T 11263-2010,916x419,热轧型钢,S1,QA3,M,365,Kg,高x宽
CWH00347,超厚超重H型钢,W36x16.5,Q235C,GB/T 700-2006,GB/T 11263-2010,921x420,热轧型钢,S1,QA3,M,387,Kg,高x宽
CWH00348,超厚超重H型钢,W36x16.5,Q235C,GB/T 700-2006,GB/T 11263-2010,928x422,热轧型钢,S1,QA3,M,417,Kg,高x宽
CWH00349,超厚超重H型钢,W36x16.5,Q235C,GB/T 700-2006,GB/T 11263-2010,933x423,热轧型钢,S1,QA3,M,446,Kg,高x宽
CWH00350,超厚超重H型钢,W36x16.5,Q235C,GB/T 700-2006,GB/T 11263-2010,942x422,热轧型钢,S1,QA3,M,488,Kg,高x宽
CWH00351,超厚超重H型钢,W36x16.5,Q235C,GB/T 700-2006,GB/T 11263-2010,950x425,热轧型钢,S1,QA3,M,534,Kg,高x宽
CWH00352,超厚超重H型钢,W36x16.5,Q235C,GB/T 700-2006,GB/T 11263-2010,960x427,热轧型钢,S1,QA3,M,585,Kg,高x宽
CWH00353,超厚超重H型钢,W36x16.5,Q235C,GB/T 700-2006,GB/T 11263-2010,972x431,热轧型钢,S1,QA3,M,653,Kg,高x宽
CWH00354,超厚超重H型钢,W36x16.5,Q235C,GB/T 700-2006,GB/T 11263-2010,996x437,热轧型钢,S1,QA3,M,784,Kg,高x宽
CWH00355,超厚超重H型钢,W36x16.5,Q235C,GB/T 700-2006,GB/T 11263-2010,1028x446,热轧型钢,S1,QA3,M,967,Kg,高x宽
CWH00356,超厚超重H型钢,W40x12,Q235C,GB/T 700-2006,GB/T 11263-2010,970x300,热轧型钢,S1,QA3,M,222,Kg,高x宽
CWH00357,超厚超重H型钢,W40x12,Q235C,GB/T 700-2006,GB/T 11263-2010,980x300,热轧型钢,S1,QA3,M,249,Kg,高x宽
CWH00358,超厚超重H型钢,W40x12,Q235C,GB/T 700-2006,GB/T 11263-2010,990x300,热轧型钢,S1,QA3,M,272,Kg,高x宽
CWH00359,超厚超重H型钢,W40x12,Q235C,GB/T 700-2006,GB/T 11263-2010,1000x300,热轧型钢,S1,QA3,M,314,Kg,高x宽
CWH00360,超厚超重H型钢,W40x12,Q235C,GB/T 700-2006,GB/T 11263-2010,1008x302,热轧型钢,S1,QA3,M,350,Kg,高x宽
CWH00361,超厚超重H型钢,W40x12,Q235C,GB/T 700-2006,GB/T 11263-2010,1016x303,热轧型钢,S1,QA3,M,393,Kg,高x宽
CWH00362,超厚超重H型钢,W40x12,Q235C,GB/T 700-2006,GB/T 11263-2010,1020x304,热轧型钢,S1,QA3,M,415,Kg,高x宽
CWH00363,超厚超重H型钢,W40x12,Q235C,GB/T 700-2006,GB/T 11263-2010,1036x309,热轧型钢,S1,QA3,M,494,Kg,高x宽
CWH00364,超厚超重H型钢,W40x12,Q235C,GB/T 700-2006,GB/T 11263-2010,1056x314,热轧型钢,S1,QA3,M,584,Kg,高x宽
CWH00365,超厚超重H型钢,W40x16,Q235C,GB/T 700-2006,GB/T 11263-2010,982x400,热轧型钢,S1,QA3,M,296,Kg,高x宽
CWH00366,超厚超重H型钢,W40x16,Q235C,GB/T 700-2006,GB/T 11263-2010,990x400,热轧型钢,S1,QA3,M,321,Kg,高x宽
CWH00367,超厚超重H型钢,W40x16,Q235C,GB/T 700-2006,GB/T 11263-2010,1000x400,热轧型钢,S1,QA3,M,371,Kg,高x宽
CWH00368,超厚超重H型钢,W40x16,Q235C,GB/T 700-2006,GB/T 11263-2010,1008x402,热轧型钢,S1,QA3,M,412,Kg,高x宽
CWH00369,超厚超重H型钢,W40x16,Q235C,GB/T 700-2006,GB/T 11263-2010,1012x402,热轧型钢,S1,QA3,M,443,Kg,高x宽
CWH00370,超厚超重H型钢,W40x16,Q235C,GB/T 700-2006,GB/T 11263-2010,1020x404,热轧型钢,S1,QA3,M,483,Kg,高x宽
CWH00371,超厚超重H型钢,W40x16,Q235C,GB/T 700-2006,GB/T 11263-2010,1030x407,热轧型钢,S1,QA3,M,539,Kg,高x宽
CWH00372,超厚超重H型钢,W40x16,Q235C,GB/T 700-2006,GB/T 11263-2010,1040x409,热轧型钢,S1,QA3,M,591,Kg,高x宽
CWH00373,超厚超重H型钢,W40x16,Q235C,GB/T 700-2006,GB/T 11263-2010,1048x412,热轧型钢,S1,QA3,M,642,Kg,高x宽
CWH00374,超厚超重H型钢,W40x16,Q235C,GB/T 700-2006,GB/T 11263-2010,1068x417,热轧型钢,S1,QA3,M,748,Kg,高x宽
CWH00375,超厚超重H型钢,W40x16,Q235C,GB/T 700-2006,GB/T 11263-2010,1092x424,热轧型钢,S1,QA3,M,883,Kg,高x宽
CWH00376,超厚超重H型钢,W44x16,Q235C,GB/T 700-2006,GB/T 11263-2010,1090x400,热轧型钢,S1,QA3,M,343,Kg,高x宽
CWH00377,超厚超重H型钢,W44x16,Q235C,GB/T 700-2006,GB/T 11263-2010,1100x400,热轧型钢,S1,QA3,M,390,Kg,高x宽
CWH00378,超厚超重H型钢,W44x16,Q235C,GB/T 700-2006,GB/T 11263-2010,1108x402,热轧型钢,S1,QA3,M,433,Kg,高x宽
CWH00379,超厚超重H型钢,W44x16,Q235C,GB/T 700-2006,GB/T 11263-2010,1118x405,热轧型钢,S1,QA3,M,499,Kg,高x宽
CWH00380,H型钢,HW100x100,Q235B,GB/T 700-2006,GB/T 11263-2010,100x100,热轧型钢,S1,QA3,M,16.9,Kg,高x宽
CWH00381,H型钢,HW125x125,Q235B,GB/T 700-2006,GB/T 11263-2010,125x125,热轧型钢,S1,QA3,M,23.6,Kg,高x宽
CWH00382,H型钢,HW150x150,Q235B,GB/T 700-2006,GB/T 11263-2010,150x150,热轧型钢,S1,QA3,M,31.1,Kg,高x宽
CWH00383,H型钢,HW175x175,Q235B,GB/T 700-2006,GB/T 11263-2010,175x175,热轧型钢,S1,QA3,M,40.4,Kg,高x宽
CWH00384,H型钢,HW200x200,Q235B,GB/T 700-2006,GB/T 11263-2010,200x200,热轧型钢,S1,QA3,M,49.9,Kg,高x宽
CWH00385,H型钢,HW200x200,Q235B,GB/T 700-2006,GB/T 11263-2010,200x204,热轧型钢,S1,QA3,M,56.2,Kg,高x宽
CWH00386,H型钢,HW250x250,Q235B,GB/T 700-2006,GB/T 11263-2010,244x252,热轧型钢,S1,QA3,M,63.8,Kg,高x宽
CWH00387,H型钢,HW250x250,Q235B,GB/T 700-2006,GB/T 11263-2010,250x250,热轧型钢,S1,QA3,M,71.8,Kg,高x宽
CWH00388,H型钢,HW250x250,Q235B,GB/T 700-2006,GB/T 11263-2010,250x255,热轧型钢,S1,QA3,M,81.6,Kg,高x宽
CWH00389,H型钢,HW300x300,Q235B,GB/T 700-2006,GB/T 11263-2010,294x302,热轧型钢,S1,QA3,M,83.5,Kg,高x宽
CWH00390,H型钢,HW300x300,Q235B,GB/T 700-2006,GB/T 11263-2010,300x300,热轧型钢,S1,QA3,M,93,Kg,高x宽
CWH00391,H型钢,HW300x300,Q235B,GB/T 700-2006,GB/T 11263-2010,300x305,热轧型钢,S1,QA3,M,105,Kg,高x宽
CWH00392,H型钢,HW350x350,Q235B,GB/T 700-2006,GB/T 11263-2010,338x351,热轧型钢,S1,QA3,M,105,Kg,高x宽
CWH00393,H型钢,HW350x350,Q235B,GB/T 700-2006,GB/T 11263-2010,344x348,热轧型钢,S1,QA3,M,113,Kg,高x宽
CWH00394,H型钢,HW350x350,Q235B,GB/T 700-2006,GB/T 11263-2010,344x354,热轧型钢,S1,QA3,M,129,Kg,高x宽
CWH00395,H型钢,HW350x350,Q235B,GB/T 700-2006,GB/T 11263-2010,350x350,热轧型钢,S1,QA3,M,135,Kg,高x宽
CWH00396,H型钢,HW350x350,Q235B,GB/T 700-2006,GB/T 11263-2010,350x357,热轧型钢,S1,QA3,M,154,Kg,高x宽
CWH00397,H型钢,HW400x400,Q235B,GB/T 700-2006,GB/T 11263-2010,388x402,热轧型钢,S1,QA3,M,140,Kg,高x宽
CWH00398,H型钢,HW400x400,Q235B,GB/T 700-2006,GB/T 11263-2010,394x398,热轧型钢,S1,QA3,M,147,Kg,高x宽
CWH00399,H型钢,HW400x400,Q235B,GB/T 700-2006,GB/T 11263-2010,394x405,热轧型钢,S1,QA3,M,168,Kg,高x宽
CWH00400,H型钢,HW400x400,Q235B,GB/T 700-2006,GB/T 11263-2010,400x400,热轧型钢,S1,QA3,M,172,Kg,高x宽
CWH00401,H型钢,HW400x400,Q235B,GB/T 700-2006,GB/T 11263-2010,400x408,热轧型钢,S1,QA3,M,197,Kg,高x宽
CWH00402,H型钢,HW400x400,Q235B,GB/T 700-2006,GB/T 11263-2010,414x405,热轧型钢,S1,QA3,M,232,Kg,高x宽
CWH00403,H型钢,HW400x400,Q235B,GB/T 700-2006,GB/T 11263-2010,428x407,热轧型钢,S1,QA3,M,283,Kg,高x宽
CWH00404,H型钢,HW400x400,Q235B,GB/T 700-2006,GB/T 11263-2010,458x417,热轧型钢,S1,QA3,M,415,Kg,高x宽
CWH00405,H型钢,HW400x400,Q235B,GB/T 700-2006,GB/T 11263-2010,498x432,热轧型钢,S1,QA3,M,604,Kg,高x宽
CWH00406,H型钢,HW500x500,Q235B,GB/T 700-2006,GB/T 11263-2010,492x465,热轧型钢,S1,QA3,M,202,Kg,高x宽
CWH00407,H型钢,HW500x500,Q235B,GB/T 700-2006,GB/T 11263-2010,502x465,热轧型钢,S1,QA3,M,239,Kg,高x宽
CWH00408,H型钢,HW500x500,Q235B,GB/T 700-2006,GB/T 11263-2010,502x470,热轧型钢,S1,QA3,M,259,Kg,高x宽
CWH00409,H型钢,HM150x100,Q235B,GB/T 700-2006,GB/T 11263-2010,148x100,热轧型钢,S1,QA3,M,20.7,Kg,高x宽
CWH00410,H型钢,HM200x150,Q235B,GB/T 700-2006,GB/T 11263-2010,194x150,热轧型钢,S1,QA3,M,29.9,Kg,高x宽
CWH00411,H型钢,HM250x175,Q235B,GB/T 700-2006,GB/T 11263-2010,244x175,热轧型钢,S1,QA3,M,43.6,Kg,高x宽
CWH00412,H型钢,HM300x200,Q235B,GB/T 700-2006,GB/T 11263-2010,294x200,热轧型钢,S1,QA3,M,55.8,Kg,高x宽
CWH00413,H型钢,HM300x200,Q235B,GB/T 700-2006,GB/T 11263-2010,298x201,热轧型钢,S1,QA3,M,64.4,Kg,高x宽
CWH00414,H型钢,HM350x250,Q235B,GB/T 700-2006,GB/T 11263-2010,340x250,热轧型钢,S1,QA3,M,78.1,Kg,高x宽
CWH00415,H型钢,HM400x300,Q235B,GB/T 700-2006,GB/T 11263-2010,390x300,热轧型钢,S1,QA3,M,105,Kg,高x宽
CWH00416,H型钢,HM450x300,Q235B,GB/T 700-2006,GB/T 11263-2010,440x300,热轧型钢,S1,QA3,M,121,Kg,高x宽
CWH00417,H型钢,HM500x300,Q235B,GB/T 700-2006,GB/T 11263-2010,482x300,热轧型钢,S1,QA3,M,111,Kg,高x宽
CWH00418,H型钢,HM500x300,Q235B,GB/T 700-2006,GB/T 11263-2010,488x300,热轧型钢,S1,QA3,M,125,Kg,高x宽
CWH00419,H型钢,HM550x300,Q235B,GB/T 700-2006,GB/T 11263-2010,544x300,热轧型钢,S1,QA3,M,116,Kg,高x宽
CWH00420,H型钢,HM550x300,Q235B,GB/T 700-2006,GB/T 11263-2010,550x300,热轧型钢,S1,QA3,M,130,Kg,高x宽
CWH00421,H型钢,HM600x300,Q235B,GB/T 700-2006,GB/T 11263-2010,582x300,热轧型钢,S1,QA3,M,133,Kg,高x宽
CWH00422,H型钢,HM600x300,Q235B,GB/T 700-2006,GB/T 11263-2010,588x300,热轧型钢,S1,QA3,M,147,Kg,高x宽
CWH00423,H型钢,HM600x300,Q235B,GB/T 700-2006,GB/T 11263-2010,594x302,热轧型钢,S1,QA3,M,170,Kg,高x宽
CWH00424,H型钢,HN100x50,Q235B,GB/T 700-2006,GB/T 11263-2010,100x50,热轧型钢,S1,QA3,M,9.3,Kg,高x宽
CWH00425,H型钢,HN125x60,Q235B,GB/T 700-2006,GB/T 11263-2010,125x60,热轧型钢,S1,QA3,M,13.1,Kg,高x宽
CWH00426,H型钢,HN150x75,Q235B,GB/T 700-2006,GB/T 11263-2010,150x75,热轧型钢,S1,QA3,M,14,Kg,高x宽
CWH00427,H型钢,HN175x90,Q235B,GB/T 700-2006,GB/T 11263-2010,175x90,热轧型钢,S1,QA3,M,18,Kg,高x宽
CWH00428,H型钢,HN200x100,Q235B,GB/T 700-2006,GB/T 11263-2010,198x99,热轧型钢,S1,QA3,M,17.8,Kg,高x宽
CWH00429,H型钢,HN200x100,Q235B,GB/T 700-2006,GB/T 11263-2010,200x100,热轧型钢,S1,QA3,M,20.9,Kg,高x宽
CWH00430,H型钢,HN250x125,Q235B,GB/T 700-2006,GB/T 11263-2010,248x124,热轧型钢,S1,QA3,M,25.1,Kg,高x宽
CWH00431,H型钢,HN250x125,Q235B,GB/T 700-2006,GB/T 11263-2010,250x125,热轧型钢,S1,QA3,M,29,Kg,高x宽
CWH00432,H型钢,HN300x150,Q235B,GB/T 700-2006,GB/T 11263-2010,298x149,热轧型钢,S1,QA3,M,32,Kg,高x宽
CWH00433,H型钢,HN300x150,Q235B,GB/T 700-2006,GB/T 11263-2010,300x150,热轧型钢,S1,QA3,M,36.7,Kg,高x宽
CWH00434,H型钢,HN350x175,Q235B,GB/T 700-2006,GB/T 11263-2010,346x174,热轧型钢,S1,QA3,M,41.2,Kg,高x宽
CWH00435,H型钢,HN350x175,Q235B,GB/T 700-2006,GB/T 11263-2010,350x175,热轧型钢,S1,QA3,M,49.4,Kg,高x宽
CWH00436,H型钢,HN400x150,Q235B,GB/T 700-2006,GB/T 11263-2010,400x150,热轧型钢,S1,QA3,M,55.2,Kg,高x宽
CWH00437,H型钢,HN400x200,Q235B,GB/T 700-2006,GB/T 11263-2010,396x199,热轧型钢,S1,QA3,M,56.1,Kg,高x宽
CWH00438,H型钢,HN400x200,Q235B,GB/T 700-2006,GB/T 11263-2010,400x200,热轧型钢,S1,QA3,M,65.4,Kg,高x宽
CWH00439,H型钢,HN450x150,Q235B,GB/T 700-2006,GB/T 11263-2010,446x150,热轧型钢,S1,QA3,M,52.6,Kg,高x宽
CWH00440,H型钢,HN450x150,Q235B,GB/T 700-2006,GB/T 11263-2010,450x151,热轧型钢,S1,QA3,M,60.8,Kg,高x宽
CWH00441,H型钢,HN450x200,Q235B,GB/T 700-2006,GB/T 11263-2010,446x199,热轧型钢,S1,QA3,M,65.1,Kg,高x宽
CWH00442,H型钢,HN450x200,Q235B,GB/T 700-2006,GB/T 11263-2010,450x200,热轧型钢,S1,QA3,M,74.9,Kg,高x宽
CWH00443,H型钢,HN475x150,Q235B,GB/T 700-2006,GB/T 11263-2010,470x150,热轧型钢,S1,QA3,M,56.2,Kg,高x宽
CWH00444,H型钢,HN475x150,Q235B,GB/T 700-2006,GB/T 11263-2010,475x151.5,热轧型钢,S1,QA3,M,67.6,Kg,高x宽
CWH00445,H型钢,HN475x150,Q235B,GB/T 700-2006,GB/T 11263-2010,482x153.5,热轧型钢,S1,QA3,M,83.5,Kg,高x宽
CWH00446,H型钢,HN500x150,Q235B,GB/T 700-2006,GB/T 11263-2010,492x150,热轧型钢,S1,QA3,M,55.1,Kg,高x宽
CWH00447,H型钢,HN500x150,Q235B,GB/T 700-2006,GB/T 11263-2010,500x152,热轧型钢,S1,QA3,M,72.4,Kg,高x宽
CWH00448,H型钢,HN500x150,Q235B,GB/T 700-2006,GB/T 11263-2010,504x153,热轧型钢,S1,QA3,M,81.1,Kg,高x宽
CWH00449,H型钢,HN500x200,Q235B,GB/T 700-2006,GB/T 11263-2010,496x199,热轧型钢,S1,QA3,M,77.9,Kg,高x宽
CWH00450,H型钢,HN500x200,Q235B,GB/T 700-2006,GB/T 11263-2010,500x200,热轧型钢,S1,QA3,M,88.1,Kg,高x宽
CWH00451,H型钢,HN500x200,Q235B,GB/T 700-2006,GB/T 11263-2010,506x201,热轧型钢,S1,QA3,M,102,Kg,高x宽
CWH00452,H型钢,HN550x200,Q235B,GB/T 700-2006,GB/T 11263-2010,546x199,热轧型钢,S1,QA3,M,81.5,Kg,高x宽
CWH00453,H型钢,HN550x200,Q235B,GB/T 700-2006,GB/T 11263-2010,550x200,热轧型钢,S1,QA3,M,92,Kg,高x宽
CWH00454,H型钢,HN600x200,Q235B,GB/T 700-2006,GB/T 11263-2010,596x199,热轧型钢,S1,QA3,M,92.4,Kg,高x宽
CWH00455,H型钢,HN600x200,Q235B,GB/T 700-2006,GB/T 11263-2010,600x200,热轧型钢,S1,QA3,M,103,Kg,高x宽
CWH00456,H型钢,HN600x200,Q235B,GB/T 700-2006,GB/T 11263-2010,606x201,热轧型钢,S1,QA3,M,118,Kg,高x宽
CWH00457,H型钢,HN625x200,Q235B,GB/T 700-2006,GB/T 11263-2010,625x198.5,热轧型钢,S1,QA3,M,118,Kg,高x宽
CWH00458,H型钢,HN625x200,Q235B,GB/T 700-2006,GB/T 11263-2010,630x200,热轧型钢,S1,QA3,M,133,Kg,高x宽
CWH00459,H型钢,HN625x200,Q235B,GB/T 700-2006,GB/T 11263-2010,638x202,热轧型钢,S1,QA3,M,156,Kg,高x宽
CWH00460,H型钢,HN650x300,Q235B,GB/T 700-2006,GB/T 11263-2010,646x299,热轧型钢,S1,QA3,M,144,Kg,高x宽
CWH00461,H型钢,HN650x300,Q235B,GB/T 700-2006,GB/T 11263-2010,650x300,热轧型钢,S1,QA3,M,159,Kg,高x宽
CWH00462,H型钢,HN650x300,Q235B,GB/T 700-2006,GB/T 11263-2010,656x301,热轧型钢,S1,QA3,M,173,Kg,高x宽
CWH00463,H型钢,HN700x300,Q235B,GB/T 700-2006,GB/T 11263-2010,692x300,热轧型钢,S1,QA3,M,163,Kg,高x宽
CWH00464,H型钢,HN700x300,Q235B,GB/T 700-2006,GB/T 11263-2010,700x300,热轧型钢,S1,QA3,M,182,Kg,高x宽
CWH00465,H型钢,HN750x300,Q235B,GB/T 700-2006,GB/T 11263-2010,734x299,热轧型钢,S1,QA3,M,143,Kg,高x宽
CWH00466,H型钢,HN750x300,Q235B,GB/T 700-2006,GB/T 11263-2010,742x300,热轧型钢,S1,QA3,M,168,Kg,高x宽
CWH00467,H型钢,HN750x300,Q235B,GB/T 700-2006,GB/T 11263-2010,750x300,热轧型钢,S1,QA3,M,187,Kg,高x宽
CWH00468,H型钢,HN750x300,Q235B,GB/T 700-2006,GB/T 11263-2010,758x303,热轧型钢,S1,QA3,M,224,Kg,高x宽
CWH00469,H型钢,HN800x300,Q235B,GB/T 700-2006,GB/T 11263-2010,792x300,热轧型钢,S1,QA3,M,188,Kg,高x宽
CWH00470,H型钢,HN800x300,Q235B,GB/T 700-2006,GB/T 11263-2010,800x300,热轧型钢,S1,QA3,M,207,Kg,高x宽
CWH00471,H型钢,HN850x300,Q235B,GB/T 700-2006,GB/T 11263-2010,834x298,热轧型钢,S1,QA3,M,179,Kg,高x宽
CWH00472,H型钢,HN850x300,Q235B,GB/T 700-2006,GB/T 11263-2010,842x299,热轧型钢,S1,QA3,M,204,Kg,高x宽
CWH00473,H型钢,HN850x300,Q235B,GB/T 700-2006,GB/T 11263-2010,850x300,热轧型钢,S1,QA3,M,229,Kg,高x宽
CWH00474,H型钢,HN850x300,Q235B,GB/T 700-2006,GB/T 11263-2010,858x301,热轧型钢,S1,QA3,M,255,Kg,高x宽
CWH00475,H型钢,HN900x300,Q235B,GB/T 700-2006,GB/T 11263-2010,890x299,热轧型钢,S1,QA3,M,210,Kg,高x宽
CWH00476,H型钢,HN900x300,Q235B,GB/T 700-2006,GB/T 11263-2010,900x300,热轧型钢,S1,QA3,M,240,Kg,高x宽
CWH00477,H型钢,HN900x300,Q235B,GB/T 700-2006,GB/T 11263-2010,912x302,热轧型钢,S1,QA3,M,283,Kg,高x宽
CWH00478,H型钢,HN1000x300,Q235B,GB/T 700-2006,GB/T 11263-2010,970x297,热轧型钢,S1,QA3,M,217,Kg,高x宽
CWH00479,H型钢,HN1000x300,Q235B,GB/T 700-2006,GB/T 11263-2010,980x298,热轧型钢,S1,QA3,M,248,Kg,高x宽
CWH00480,H型钢,HN1000x300,Q235B,GB/T 700-2006,GB/T 11263-2010,990x298,热轧型钢,S1,QA3,M,271,Kg,高x宽
CWH00481,H型钢,HN1000x300,Q235B,GB/T 700-2006,GB/T 11263-2010,1000x300,热轧型钢,S1,QA3,M,310,Kg,高x宽
CWH00482,H型钢,HN1000x300,Q235B,GB/T 700-2006,GB/T 11263-2010,1008x302,热轧型钢,S1,QA3,M,345,Kg,高x宽
CWH00483,H型钢,HT100x50,Q235B,GB/T 700-2006,GB/T 11263-2010,95x48,热轧型钢,S1,QA3,M,5.98,Kg,高x宽
CWH00484,H型钢,HT100x50,Q235B,GB/T 700-2006,GB/T 11263-2010,97x49,热轧型钢,S1,QA3,M,7.36,Kg,高x宽
CWH00485,H型钢,HT100x100,Q235B,GB/T 700-2006,GB/T 11263-2010,96x99,热轧型钢,S1,QA3,M,12.7,Kg,高x宽
CWH00486,H型钢,HT125x60,Q235B,GB/T 700-2006,GB/T 11263-2010,118x58,热轧型钢,S1,QA3,M,7.26,Kg,高x宽
CWH00487,H型钢,HT125x60,Q235B,GB/T 700-2006,GB/T 11263-2010,120x59,热轧型钢,S1,QA3,M,8.94,Kg,高x宽
CWH00488,H型钢,HT125x125,Q235B,GB/T 700-2006,GB/T 11263-2010,119x123,热轧型钢,S1,QA3,M,15.8,Kg,高x宽
CWH00489,H型钢,HT150x75,Q235B,GB/T 700-2006,GB/T 11263-2010,145x73,热轧型钢,S1,QA3,M,9,Kg,高x宽
CWH00490,H型钢,HT150x75,Q235B,GB/T 700-2006,GB/T 11263-2010,147x74,热轧型钢,S1,QA3,M,11.1,Kg,高x宽
CWH00491,H型钢,HT150x100,Q235B,GB/T 700-2006,GB/T 11263-2010,139x97,热轧型钢,S1,QA3,M,10.6,Kg,高x宽
CWH00492,H型钢,HT150x100,Q235B,GB/T 700-2006,GB/T 11263-2010,142x99,热轧型钢,S1,QA3,M,14.3,Kg,高x宽
CWH00493,H型钢,HT150x150,Q235B,GB/T 700-2006,GB/T 11263-2010,144x148,热轧型钢,S1,QA3,M,21.8,Kg,高x宽
CWH00494,H型钢,HT150x150,Q235B,GB/T 700-2006,GB/T 11263-2010,147x149,热轧型钢,S1,QA3,M,26.4,Kg,高x宽
CWH00495,H型钢,HT175x90,Q235B,GB/T 700-2006,GB/T 11263-2010,168x88,热轧型钢,S1,QA3,M,10.6,Kg,高x宽
CWH00496,H型钢,HT175x90,Q235B,GB/T 700-2006,GB/T 11263-2010,171x89,热轧型钢,S1,QA3,M,13.8,Kg,高x宽
CWH00497,H型钢,HT175x175,Q235B,GB/T 700-2006,GB/T 11263-2010,167x173,热轧型钢,S1,QA3,M,26.2,Kg,高x宽
CWH00498,H型钢,HT175x175,Q235B,GB/T 700-2006,GB/T 11263-2010,172x175,热轧型钢,S1,QA3,M,35,Kg,高x宽
CWH00499,H型钢,HT200x100,Q235B,GB/T 700-2006,GB/T 11263-2010,193x98,热轧型钢,S1,QA3,M,12,Kg,高x宽
CWH00500,H型钢,HT200x100,Q235B,GB/T 700-2006,GB/T 11263-2010,196x99,热轧型钢,S1,QA3,M,15.5,Kg,高x宽
CWH00501,H型钢,HT200x150,Q235B,GB/T 700-2006,GB/T 11263-2010,188x149,热轧型钢,S1,QA3,M,20.7,Kg,高x宽
CWH00502,H型钢,HT200x200,Q235B,GB/T 700-2006,GB/T 11263-2010,192x198,热轧型钢,S1,QA3,M,34.3,Kg,高x宽
CWH00503,H型钢,HT250x125,Q235B,GB/T 700-2006,GB/T 11263-2010,244x124,热轧型钢,S1,QA3,M,20.3,Kg,高x宽
CWH00504,H型钢,HT250x175,Q235B,GB/T 700-2006,GB/T 11263-2010,238x173,热轧型钢,S1,QA3,M,30.7,Kg,高x宽
CWH00505,H型钢,HT300x150,Q235B,GB/T 700-2006,GB/T 11263-2010,294x148,热轧型钢,S1,QA3,M,25,Kg,高x宽
CWH00506,H型钢,HT300x200,Q235B,GB/T 700-2006,GB/T 11263-2010,286x198,热轧型钢,S1,QA3,M,38.7,Kg,高x宽
CWH00507,H型钢,HT350x175,Q235B,GB/T 700-2006,GB/T 11263-2010,340x173,热轧型钢,S1,QA3,M,29,Kg,高x宽
CWH00508,H型钢,HT400x150,Q235B,GB/T 700-2006,GB/T 11263-2010,390x148,热轧型钢,S1,QA3,M,37.3,Kg,高x宽
CWH00509,H型钢,HT400x200,Q235B,GB/T 700-2006,GB/T 11263-2010,390x198,热轧型钢,S1,QA3,M,43.6,Kg,高x宽
CWH00510,H型钢,TW50x100,Q235B,GB/T 700-2006,GB/T 11263-2010,50x100,热轧型钢,S1,QA3,M,8.47,Kg,高x宽
CWH00511,H型钢,TW62.5x125,Q235B,GB/T 700-2006,GB/T 11263-2010,62.5x125,热轧型钢,S1,QA3,M,11.8,Kg,高x宽
CWH00512,H型钢,TW75x150,Q235B,GB/T 700-2006,GB/T 11263-2010,75x150,热轧型钢,S1,QA3,M,15.6,Kg,高x宽
CWH00513,H型钢,TW87.5x175,Q235B,GB/T 700-2006,GB/T 11263-2010,87.5x175,热轧型钢,S1,QA3,M,20.2,Kg,高x宽
CWH00514,H型钢,TW100x200,Q235B,GB/T 700-2006,GB/T 11263-2010,100x200,热轧型钢,S1,QA3,M,24.9,Kg,高x宽
CWH00515,H型钢,TW100x200,Q235B,GB/T 700-2006,GB/T 11263-2010,100x204,热轧型钢,S1,QA3,M,28.1,Kg,高x宽
CWH00516,H型钢,TW125x250,Q235B,GB/T 700-2006,GB/T 11263-2010,125x250,热轧型钢,S1,QA3,M,35.9,Kg,高x宽
CWH00517,H型钢,TW125x250,Q235B,GB/T 700-2006,GB/T 11263-2010,125x255,热轧型钢,S1,QA3,M,40.8,Kg,高x宽
CWH00518,H型钢,TW150x300,Q235B,GB/T 700-2006,GB/T 11263-2010,147x302,热轧型钢,S1,QA3,M,41.7,Kg,高x宽
CWH00519,H型钢,TW150x300,Q235B,GB/T 700-2006,GB/T 11263-2010,150x300,热轧型钢,S1,QA3,M,46.5,Kg,高x宽
CWH00520,H型钢,TW150x300,Q235B,GB/T 700-2006,GB/T 11263-2010,150x305,热轧型钢,S1,QA3,M,52.4,Kg,高x宽
CWH00521,H型钢,TW175x350,Q235B,GB/T 700-2006,GB/T 11263-2010,172x348,热轧型钢,S1,QA3,M,56.5,Kg,高x宽
CWH00522,H型钢,TW175x350,Q235B,GB/T 700-2006,GB/T 11263-2010,175x350,热轧型钢,S1,QA3,M,67.5,Kg,高x宽
CWH00523,H型钢,TW200x400,Q235B,GB/T 700-2006,GB/T 11263-2010,194x402,热轧型钢,S1,QA3,M,70,Kg,高x宽
CWH00524,H型钢,TW200x400,Q235B,GB/T 700-2006,GB/T 11263-2010,197x398,热轧型钢,S1,QA3,M,73.3,Kg,高x宽
CWH00525,H型钢,TW200x400,Q235B,GB/T 700-2006,GB/T 11263-2010,200x400,热轧型钢,S1,QA3,M,85.8,Kg,高x宽
CWH00526,H型钢,TW200x400,Q235B,GB/T 700-2006,GB/T 11263-2010,200x408,热轧型钢,S1,QA3,M,98.4,Kg,高x宽
CWH00527,H型钢,TW200x400,Q235B,GB/T 700-2006,GB/T 11263-2010,207x405,热轧型钢,S1,QA3,M,116,Kg,高x宽
CWH00528,H型钢,TW200x400,Q235B,GB/T 700-2006,GB/T 11263-2010,214x407,热轧型钢,S1,QA3,M,142,Kg,高x宽
CWH00529,H型钢,TM75x100,Q235B,GB/T 700-2006,GB/T 11263-2010,74x100,热轧型钢,S1,QA3,M,10.3,Kg,高x宽
CWH00530,H型钢,TM100x150,Q235B,GB/T 700-2006,GB/T 11263-2010,97x150,热轧型钢,S1,QA3,M,15,Kg,高x宽
CWH00531,H型钢,TM125x175,Q235B,GB/T 700-2006,GB/T 11263-2010,122x175,热轧型钢,S1,QA3,M,21.8,Kg,高x宽
CWH00532,H型钢,TM150x200,Q235B,GB/T 700-2006,GB/T 11263-2010,147x200,热轧型钢,S1,QA3,M,27.9,Kg,高x宽
CWH00533,H型钢,TM150x200,Q235B,GB/T 700-2006,GB/T 11263-2010,149x201,热轧型钢,S1,QA3,M,32.2,Kg,高x宽
CWH00534,H型钢,TM175x250,Q235B,GB/T 700-2006,GB/T 11263-2010,170x250,热轧型钢,S1,QA3,M,39.1,Kg,高x宽
CWH00535,H型钢,TM200x300,Q235B,GB/T 700-2006,GB/T 11263-2010,195x300,热轧型钢,S1,QA3,M,52.3,Kg,高x宽
CWH00536,H型钢,TM225x300,Q235B,GB/T 700-2006,GB/T 11263-2010,220x300,热轧型钢,S1,QA3,M,60.4,Kg,高x宽
CWH00537,H型钢,TM250x300,Q235B,GB/T 700-2006,GB/T 11263-2010,241x300,热轧型钢,S1,QA3,M,55.4,Kg,高x宽
CWH00538,H型钢,TM250x300,Q235B,GB/T 700-2006,GB/T 11263-2010,244x300,热轧型钢,S1,QA3,M,62.5,Kg,高x宽
CWH00539,H型钢,TM275x300,Q235B,GB/T 700-2006,GB/T 11263-2010,272x300,热轧型钢,S1,QA3,M,58.1,Kg,高x宽
CWH00540,H型钢,TM275x300,Q235B,GB/T 700-2006,GB/T 11263-2010,275x300,热轧型钢,S1,QA3,M,65.2,Kg,高x宽
CWH00541,H型钢,TM300x300,Q235B,GB/T 700-2006,GB/T 11263-2010,291x300,热轧型钢,S1,QA3,M,66.4,Kg,高x宽
CWH00542,H型钢,TM300x300,Q235B,GB/T 700-2006,GB/T 11263-2010,294x300,热轧型钢,S1,QA3,M,73.5,Kg,高x宽
CWH00543,H型钢,TM300x300,Q235B,GB/T 700-2006,GB/T 11263-2010,297x302,热轧型钢,S1,QA3,M,85.2,Kg,高x宽
CWH00544,H型钢,TN50x50,Q235B,GB/T 700-2006,GB/T 11263-2010,50x50,热轧型钢,S1,QA3,M,4.65,Kg,高x宽
CWH00545,H型钢,TN62.5x60,Q235B,GB/T 700-2006,GB/T 11263-2010,62.5x60,热轧型钢,S1,QA3,M,6.55,Kg,高x宽
CWH00546,H型钢,TN75x75,Q235B,GB/T 700-2006,GB/T 11263-2010,75x75,热轧型钢,S1,QA3,M,7,Kg,高x宽
CWH00547,H型钢,TN87.5x90,Q235B,GB/T 700-2006,GB/T 11263-2010,85.5x89,热轧型钢,S1,QA3,M,6.9,Kg,高x宽
CWH00548,H型钢,TN87.5x90,Q235B,GB/T 700-2006,GB/T 11263-2010,87.5x90,热轧型钢,S1,QA3,M,8.98,Kg,高x宽
CWH00549,H型钢,TN100x100,Q235B,GB/T 700-2006,GB/T 11263-2010,99x99,热轧型钢,S1,QA3,M,8.9,Kg,高x宽
CWH00550,H型钢,TN100x100,Q235B,GB/T 700-2006,GB/T 11263-2010,100x100,热轧型钢,S1,QA3,M,10.5,Kg,高x宽
CWH00551,H型钢,TN125x125,Q235B,GB/T 700-2006,GB/T 11263-2010,124x124,热轧型钢,S1,QA3,M,12.6,Kg,高x宽
CWH00552,H型钢,TN125x125,Q235B,GB/T 700-2006,GB/T 11263-2010,125x125,热轧型钢,S1,QA3,M,14.5,Kg,高x宽
CWH00553,H型钢,TN150x150,Q235B,GB/T 700-2006,GB/T 11263-2010,149x149,热轧型钢,S1,QA3,M,16,Kg,高x宽
CWH00554,H型钢,TN150x150,Q235B,GB/T 700-2006,GB/T 11263-2010,150x150,热轧型钢,S1,QA3,M,18.4,Kg,高x宽
CWH00555,H型钢,TN175x175,Q235B,GB/T 700-2006,GB/T 11263-2010,173x174,热轧型钢,S1,QA3,M,20.6,Kg,高x宽
CWH00556,H型钢,TN175x175,Q235B,GB/T 700-2006,GB/T 11263-2010,175x175,热轧型钢,S1,QA3,M,24.7,Kg,高x宽
CWH00557,H型钢,TN200x200,Q235B,GB/T 700-2006,GB/T 11263-2010,198x199,热轧型钢,S1,QA3,M,28,Kg,高x宽
CWH00558,H型钢,TN200x200,Q235B,GB/T 700-2006,GB/T 11263-2010,200x200,热轧型钢,S1,QA3,M,32.7,Kg,高x宽
CWH00559,H型钢,TN225x150,Q235B,GB/T 700-2006,GB/T 11263-2010,223x150,热轧型钢,S1,QA3,M,26.3,Kg,高x宽
CWH00560,H型钢,TN225x150,Q235B,GB/T 700-2006,GB/T 11263-2010,225x151,热轧型钢,S1,QA3,M,30.4,Kg,高x宽
CWH00561,H型钢,TN225x200,Q235B,GB/T 700-2006,GB/T 11263-2010,223x199,热轧型钢,S1,QA3,M,32.6,Kg,高x宽
CWH00562,H型钢,TN225x200,Q235B,GB/T 700-2006,GB/T 11263-2010,225x200,热轧型钢,S1,QA3,M,37.5,Kg,高x宽
CWH00563,H型钢,TN237.5x150,Q235B,GB/T 700-2006,GB/T 11263-2010,235x150,热轧型钢,S1,QA3,M,28.1,Kg,高x宽
CWH00564,H型钢,TN237.5x150,Q235B,GB/T 700-2006,GB/T 11263-2010,237.5x151.5,热轧型钢,S1,QA3,M,33.8,Kg,高x宽
CWH00565,H型钢,TN237.5x150,Q235B,GB/T 700-2006,GB/T 11263-2010,241x153.5,热轧型钢,S1,QA3,M,41.8,Kg,高x宽
CWH00566,H型钢,TN250x150,Q235B,GB/T 700-2006,GB/T 11263-2010,246x150,热轧型钢,S1,QA3,M,27.6,Kg,高x宽
CWH00567,H型钢,TN250x150,Q235B,GB/T 700-2006,GB/T 11263-2010,250x152,热轧型钢,S1,QA3,M,36.2,Kg,高x宽
CWH00568,H型钢,TN250x150,Q235B,GB/T 700-2006,GB/T 11263-2010,252x153,热轧型钢,S1,QA3,M,40.6,Kg,高x宽
CWH00569,H型钢,TN250x200,Q235B,GB/T 700-2006,GB/T 11263-2010,248x199,热轧型钢,S1,QA3,M,39,Kg,高x宽
CWH00570,H型钢,TN250x200,Q235B,GB/T 700-2006,GB/T 11263-2010,250x200,热轧型钢,S1,QA3,M,44.1,Kg,高x宽
CWH00571,H型钢,TN250x200,Q235B,GB/T 700-2006,GB/T 11263-2010,253x201,热轧型钢,S1,QA3,M,50.8,Kg,高x宽
CWH00572,H型钢,TN275x200,Q235B,GB/T 700-2006,GB/T 11263-2010,273x199,热轧型钢,S1,QA3,M,40.7,Kg,高x宽
CWH00573,H型钢,TN275x200,Q235B,GB/T 700-2006,GB/T 11263-2010,275x200,热轧型钢,S1,QA3,M,46,Kg,高x宽
CWH00574,H型钢,TN300x200,Q235B,GB/T 700-2006,GB/T 11263-2010,298x199,热轧型钢,S1,QA3,M,46.2,Kg,高x宽
CWH00575,H型钢,TN300x200,Q235B,GB/T 700-2006,GB/T 11263-2010,300x200,热轧型钢,S1,QA3,M,51.7,Kg,高x宽
CWH00576,H型钢,TN300x200,Q235B,GB/T 700-2006,GB/T 11263-2010,303x201,热轧型钢,S1,QA3,M,58.8,Kg,高x宽
CWH00577,H型钢,TN312.5x200,Q235B,GB/T 700-2006,GB/T 11263-2010,312.5x198.5,热轧型钢,S1,QA3,M,59.1,Kg,高x宽
CWH00578,H型钢,TN312.5x200,Q235B,GB/T 700-2006,GB/T 11263-2010,315x200,热轧型钢,S1,QA3,M,66.7,Kg,高x宽
CWH00579,H型钢,TN312.5x200,Q235B,GB/T 700-2006,GB/T 11263-2010,319x202,热轧型钢,S1,QA3,M,78,Kg,高x宽
CWH00580,H型钢,TN325x300,Q235B,GB/T 700-2006,GB/T 11263-2010,323x299,热轧型钢,S1,QA3,M,72.1,Kg,高x宽
CWH00581,H型钢,TN325x300,Q235B,GB/T 700-2006,GB/T 11263-2010,325x300,热轧型钢,S1,QA3,M,79.3,Kg,高x宽
CWH00582,H型钢,TN325x300,Q235B,GB/T 700-2006,GB/T 11263-2010,328x301,热轧型钢,S1,QA3,M,86.59,Kg,高x宽
CWH00583,H型钢,TN350x300,Q235B,GB/T 700-2006,GB/T 11263-2010,346x300,热轧型钢,S1,QA3,M,81.5,Kg,高x宽
CWH00584,H型钢,TN350x300,Q235B,GB/T 700-2006,GB/T 11263-2010,350x300,热轧型钢,S1,QA3,M,90.9,Kg,高x宽
CWH00585,H型钢,TN400x300,Q235B,GB/T 700-2006,GB/T 11263-2010,396x300,热轧型钢,S1,QA3,M,94,Kg,高x宽
CWH00586,H型钢,TN400x300,Q235B,GB/T 700-2006,GB/T 11263-2010,400x300,热轧型钢,S1,QA3,M,103,Kg,高x宽
CWH00587,H型钢,TN450x300,Q235B,GB/T 700-2006,GB/T 11263-2010,445x299,热轧型钢,S1,QA3,M,105,Kg,高x宽
CWH00588,H型钢,TN450x300,Q235B,GB/T 700-2006,GB/T 11263-2010,450x300,热轧型钢,S1,QA3,M,120,Kg,高x宽
CWH00589,H型钢,TN450x300,Q235B,GB/T 700-2006,GB/T 11263-2010,456x302,热轧型钢,S1,QA3,M,141,Kg,高x宽
CWH00590,超厚超重H型钢,W14x16,Q235B,GB/T 700-2006,GB/T 11263-2010,375x394,热轧型钢,S1,QA3,M,216,Kg,高x宽
CWH00591,超厚超重H型钢,W14x16,Q235B,GB/T 700-2006,GB/T 11263-2010,380x395,热轧型钢,S1,QA3,M,237,Kg,高x宽
CWH00592,超厚超重H型钢,W14x16,Q235B,GB/T 700-2006,GB/T 11263-2010,387x398,热轧型钢,S1,QA3,M,262,Kg,高x宽
CWH00593,超厚超重H型钢,W14x16,Q235B,GB/T 700-2006,GB/T 11263-2010,393x399,热轧型钢,S1,QA3,M,287,Kg,高x宽
CWH00594,超厚超重H型钢,W14x16,Q235B,GB/T 700-2006,GB/T 11263-2010,399x401,热轧型钢,S1,QA3,M,314,Kg,高x宽
CWH00595,超厚超重H型钢,W14x16,Q235B,GB/T 700-2006,GB/T 11263-2010,407x404,热轧型钢,S1,QA3,M,347,Kg,高x宽
CWH00596,超厚超重H型钢,W14x16,Q235B,GB/T 700-2006,GB/T 11263-2010,416x406,热轧型钢,S1,QA3,M,382,Kg,高x宽
CWH00597,超厚超重H型钢,W14x16,Q235B,GB/T 700-2006,GB/T 11263-2010,425x409,热轧型钢,S1,QA3,M,421,Kg,高x宽
CWH00598,超厚超重H型钢,W14x16,Q235B,GB/T 700-2006,GB/T 11263-2010,435x412,热轧型钢,S1,QA3,M,463,Kg,高x宽
CWH00599,超厚超重H型钢,W14x16,Q235B,GB/T 700-2006,GB/T 11263-2010,446x416,热轧型钢,S1,QA3,M,509,Kg,高x宽
CWH00600,超厚超重H型钢,W14x16,Q235B,GB/T 700-2006,GB/T 11263-2010,455x418,热轧型钢,S1,QA3,M,551,Kg,高x宽
CWH00601,超厚超重H型钢,W14x16,Q235B,GB/T 700-2006,GB/T 11263-2010,465x421,热轧型钢,S1,QA3,M,592,Kg,高x宽
CWH00602,超厚超重H型钢,W14x16,Q235B,GB/T 700-2006,GB/T 11263-2010,474x424,热轧型钢,S1,QA3,M,634,Kg,高x宽
CWH00603,超厚超重H型钢,W14x16,Q235B,GB/T 700-2006,GB/T 11263-2010,483x428,热轧型钢,S1,QA3,M,677,Kg,高x宽
CWH00604,超厚超重H型钢,W14x16,Q235B,GB/T 700-2006,GB/T 11263-2010,498x432,热轧型钢,S1,QA3,M,744,Kg,高x宽
CWH00605,超厚超重H型钢,W14x16,Q235B,GB/T 700-2006,GB/T 11263-2010,514x437,热轧型钢,S1,QA3,M,818,Kg,高x宽
CWH00606,超厚超重H型钢,W14x16,Q235B,GB/T 700-2006,GB/T 11263-2010,531x442,热轧型钢,S1,QA3,M,900,Kg,高x宽
CWH00607,超厚超重H型钢,W14x16,Q235B,GB/T 700-2006,GB/T 11263-2010,550x448,热轧型钢,S1,QA3,M,990,Kg,高x宽
CWH00608,超厚超重H型钢,W14x16,Q235B,GB/T 700-2006,GB/T 11263-2010,569x454,热轧型钢,S1,QA3,M,1090,Kg,高x宽
CWH00609,超厚超重H型钢,W24x12.75,Q235B,GB/T 700-2006,GB/T 11263-2010,635x329,热轧型钢,S1,QA3,M,241,Kg,高x宽
CWH00610,超厚超重H型钢,W24x12.75,Q235B,GB/T 700-2006,GB/T 11263-2010,641x327,热轧型钢,S1,QA3,M,262,Kg,高x宽
CWH00611,超厚超重H型钢,W24x12.75,Q235B,GB/T 700-2006,GB/T 11263-2010,647x327,热轧型钢,S1,QA3,M,,Kg,高x宽
CWH00612,超厚超重H型钢,W24x12.75,Q235B,GB/T 700-2006,GB/T 11263-2010,647x329,热轧型钢,S1,QA3,M,285,Kg,高x宽
CWH00613,超厚超重H型钢,W24x12.75,Q235B,GB/T 700-2006,GB/T 11263-2010,661x333,热轧型钢,S1,QA3,M,341,Kg,高x宽
CWH00614,超厚超重H型钢,W24x12.75,Q235B,GB/T 700-2006,GB/T 11263-2010,679x338,热轧型钢,S1,QA3,M,415,Kg,高x宽
CWH00615,超厚超重H型钢,W24x12.75,Q235B,GB/T 700-2006,GB/T 11263-2010,689x340,热轧型钢,S1,QA3,M,455,Kg,高x宽
CWH00616,超厚超重H型钢,W24x12.75,Q235B,GB/T 700-2006,GB/T 11263-2010,699x343,热轧型钢,S1,QA3,M,498,Kg,高x宽
CWH00617,超厚超重H型钢,W24x12.75,Q235B,GB/T 700-2006,GB/T 11263-2010,711x347,热轧型钢,S1,QA3,M,511,Kg,高x宽
CWH00618,超厚超重H型钢,W36x12,Q235B,GB/T 700-2006,GB/T 11263-2010,903x304,热轧型钢,S1,QA3,M,201,Kg,高x宽
CWH00619,超厚超重H型钢,W36x12,Q235B,GB/T 700-2006,GB/T 11263-2010,911x304,热轧型钢,S1,QA3,M,223,Kg,高x宽
CWH00620,超厚超重H型钢,W36x12,Q235B,GB/T 700-2006,GB/T 11263-2010,915x305,热轧型钢,S1,QA3,M,238,Kg,高x宽
CWH00621,超厚超重H型钢,W36x12,Q235B,GB/T 700-2006,GB/T 11263-2010,919x306,热轧型钢,S1,QA3,M,253,Kg,高x宽
CWH00622,超厚超重H型钢,W36x12,Q235B,GB/T 700-2006,GB/T 11263-2010,923x307,热轧型钢,S1,QA3,M,271,Kg,高x宽
CWH00623,超厚超重H型钢,W36x12,Q235B,GB/T 700-2006,GB/T 11263-2010,927x308,热轧型钢,S1,QA3,M,289,Kg,高x宽
CWH00624,超厚超重H型钢,W36x12,Q235B,GB/T 700-2006,GB/T 11263-2010,932x309,热轧型钢,S1,QA3,M,313,Kg,高x宽
CWH00625,超厚超重H型钢,W36x16.5,Q235B,GB/T 700-2006,GB/T 11263-2010,912x418,热轧型钢,S1,QA3,M,342,Kg,高x宽
CWH00626,超厚超重H型钢,W36x16.5,Q235B,GB/T 700-2006,GB/T 11263-2010,916x419,热轧型钢,S1,QA3,M,365,Kg,高x宽
CWH00627,超厚超重H型钢,W36x16.5,Q235B,GB/T 700-2006,GB/T 11263-2010,921x420,热轧型钢,S1,QA3,M,387,Kg,高x宽
CWH00628,超厚超重H型钢,W36x16.5,Q235B,GB/T 700-2006,GB/T 11263-2010,928x422,热轧型钢,S1,QA3,M,417,Kg,高x宽
CWH00629,超厚超重H型钢,W36x16.5,Q235B,GB/T 700-2006,GB/T 11263-2010,933x423,热轧型钢,S1,QA3,M,446,Kg,高x宽
CWH00630,超厚超重H型钢,W36x16.5,Q235B,GB/T 700-2006,GB/T 11263-2010,942x422,热轧型钢,S1,QA3,M,488,Kg,高x宽
CWH00631,超厚超重H型钢,W36x16.5,Q235B,GB/T 700-2006,GB/T 11263-2010,950x425,热轧型钢,S1,QA3,M,534,Kg,高x宽
CWH00632,超厚超重H型钢,W36x16.5,Q235B,GB/T 700-2006,GB/T 11263-2010,960x427,热轧型钢,S1,QA3,M,585,Kg,高x宽
CWH00633,超厚超重H型钢,W36x16.5,Q235B,GB/T 700-2006,GB/T 11263-2010,972x431,热轧型钢,S1,QA3,M,653,Kg,高x宽
CWH00634,超厚超重H型钢,W36x16.5,Q235B,GB/T 700-2006,GB/T 11263-2010,996x437,热轧型钢,S1,QA3,M,784,Kg,高x宽
CWH00635,超厚超重H型钢,W36x16.5,Q235B,GB/T 700-2006,GB/T 11263-2010,1028x446,热轧型钢,S1,QA3,M,967,Kg,高x宽
CWH00636,超厚超重H型钢,W40x12,Q235B,GB/T 700-2006,GB/T 11263-2010,970x300,热轧型钢,S1,QA3,M,222,Kg,高x宽
CWH00637,超厚超重H型钢,W40x12,Q235B,GB/T 700-2006,GB/T 11263-2010,980x300,热轧型钢,S1,QA3,M,249,Kg,高x宽
CWH00638,超厚超重H型钢,W40x12,Q235B,GB/T 700-2006,GB/T 11263-2010,990x300,热轧型钢,S1,QA3,M,272,Kg,高x宽
CWH00639,超厚超重H型钢,W40x12,Q235B,GB/T 700-2006,GB/T 11263-2010,1000x300,热轧型钢,S1,QA3,M,314,Kg,高x宽
CWH00640,超厚超重H型钢,W40x12,Q235B,GB/T 700-2006,GB/T 11263-2010,1008x302,热轧型钢,S1,QA3,M,350,Kg,高x宽
CWH00641,超厚超重H型钢,W40x12,Q235B,GB/T 700-2006,GB/T 11263-2010,1016x303,热轧型钢,S1,QA3,M,393,Kg,高x宽
CWH00642,超厚超重H型钢,W40x12,Q235B,GB/T 700-2006,GB/T 11263-2010,1020x304,热轧型钢,S1,QA3,M,415,Kg,高x宽
CWH00643,超厚超重H型钢,W40x12,Q235B,GB/T 700-2006,GB/T 11263-2010,1036x309,热轧型钢,S1,QA3,M,494,Kg,高x宽
CWH00644,超厚超重H型钢,W40x12,Q235B,GB/T 700-2006,GB/T 11263-2010,1056x314,热轧型钢,S1,QA3,M,584,Kg,高x宽
CWH00645,超厚超重H型钢,W40x16,Q235B,GB/T 700-2006,GB/T 11263-2010,982x400,热轧型钢,S1,QA3,M,296,Kg,高x宽
CWH00646,超厚超重H型钢,W40x16,Q235B,GB/T 700-2006,GB/T 11263-2010,990x400,热轧型钢,S1,QA3,M,321,Kg,高x宽
CWH00647,超厚超重H型钢,W40x16,Q235B,GB/T 700-2006,GB/T 11263-2010,1000x400,热轧型钢,S1,QA3,M,371,Kg,高x宽
CWH00648,超厚超重H型钢,W40x16,Q235B,GB/T 700-2006,GB/T 11263-2010,1008x402,热轧型钢,S1,QA3,M,412,Kg,高x宽
CWH00649,超厚超重H型钢,W40x16,Q235B,GB/T 700-2006,GB/T 11263-2010,1012x402,热轧型钢,S1,QA3,M,443,Kg,高x宽
CWH00650,超厚超重H型钢,W40x16,Q235B,GB/T 700-2006,GB/T 11263-2010,1020x404,热轧型钢,S1,QA3,M,483,Kg,高x宽
CWH00651,超厚超重H型钢,W40x16,Q235B,GB/T 700-2006,GB/T 11263-2010,1030x407,热轧型钢,S1,QA3,M,539,Kg,高x宽
CWH00652,超厚超重H型钢,W40x16,Q235B,GB/T 700-2006,GB/T 11263-2010,1040x409,热轧型钢,S1,QA3,M,591,Kg,高x宽
CWH00653,超厚超重H型钢,W40x16,Q235B,GB/T 700-2006,GB/T 11263-2010,1048x412,热轧型钢,S1,QA3,M,642,Kg,高x宽
CWH00654,超厚超重H型钢,W40x16,Q235B,GB/T 700-2006,GB/T 11263-2010,1068x417,热轧型钢,S1,QA3,M,748,Kg,高x宽
CWH00655,超厚超重H型钢,W40x16,Q235B,GB/T 700-2006,GB/T 11263-2010,1092x424,热轧型钢,S1,QA3,M,883,Kg,高x宽
CWH00656,超厚超重H型钢,W44x16,Q235B,GB/T 700-2006,GB/T 11263-2010,1090x400,热轧型钢,S1,QA3,M,343,Kg,高x宽
CWH00657,超厚超重H型钢,W44x16,Q235B,GB/T 700-2006,GB/T 11263-2010,1100x400,热轧型钢,S1,QA3,M,390,Kg,高x宽
CWH00658,超厚超重H型钢,W44x16,Q235B,GB/T 700-2006,GB/T 11263-2010,1108x402,热轧型钢,S1,QA3,M,433,Kg,高x宽
CWH00659,超厚超重H型钢,W44x16,Q235B,GB/T 700-2006,GB/T 11263-2010,1118x405,热轧型钢,S1,QA3,M,499,Kg,高x宽
CWP00100,热轧扁钢,FB10x3,Q235B,GB/T 700-2006,GB/T 702-2008,10x3,热轧,S1,QA3,M,0.24,Kg,宽x厚
CWP00101,热轧扁钢,FB10x4,Q235B,GB/T 700-2006,GB/T 702-2008,10x4,热轧,S1,QA3,M,0.31,Kg,宽x厚
CWP00102,热轧扁钢,FB10x5,Q235B,GB/T 700-2006,GB/T 702-2008,10x5,热轧,S1,QA3,M,0.36,Kg,宽x厚
CWP00103,热轧扁钢,FB10x6,Q235B,GB/T 700-2006,GB/T 702-2008,10x6,热轧,S1,QA3,M,0.47,Kg,宽x厚
CWP00104,热轧扁钢,FB10x7,Q235B,GB/T 700-2006,GB/T 702-2008,10x7,热轧,S1,QA3,M,0.55,Kg,宽x厚
CWP00105,热轧扁钢,FB10x8,Q235B,GB/T 700-2006,GB/T 702-2008,10x8,热轧,S1,QA3,M,0.63,Kg,宽x厚
CWP00106,热轧扁钢,FB12x3,Q235B,GB/T 700-2006,GB/T 702-2008,12x3,热轧,S1,QA3,M,0.28,Kg,宽x厚
CWP00107,热轧扁钢,FB12x4,Q235B,GB/T 700-2006,GB/T 702-2008,12x4,热轧,S1,QA3,M,0.38,Kg,宽x厚
CWP00108,热轧扁钢,FB12x5,Q235B,GB/T 700-2006,GB/T 702-2008,12x5,热轧,S1,QA3,M,0.47,Kg,宽x厚
CWP00109,热轧扁钢,FB12x6,Q235B,GB/T 700-2006,GB/T 702-2008,12x6,热轧,S1,QA3,M,0.57,Kg,宽x厚
CWP00110,热轧扁钢,FB12x7,Q235B,GB/T 700-2006,GB/T 702-2008,12x7,热轧,S1,QA3,M,0.66,Kg,宽x厚
CWP00111,热轧扁钢,FB12x8,Q235B,GB/T 700-2006,GB/T 702-2008,12x8,热轧,S1,QA3,M,0.75,Kg,宽x厚
CWP00112,热轧扁钢,FB14x3,Q235B,GB/T 700-2006,GB/T 702-2008,14x3,热轧,S1,QA3,M,0.33,Kg,宽x厚
CWP00113,热轧扁钢,FB14x4,Q235B,GB/T 700-2006,GB/T 702-2008,14x4,热轧,S1,QA3,M,0.44,Kg,宽x厚
CWP00114,热轧扁钢,FB14x5,Q235B,GB/T 700-2006,GB/T 702-2008,14x5,热轧,S1,QA3,M,0.55,Kg,宽x厚
CWP00115,热轧扁钢,FB14x6,Q235B,GB/T 700-2006,GB/T 702-2008,14x6,热轧,S1,QA3,M,0.66,Kg,宽x厚
CWP00116,热轧扁钢,FB14x7,Q235B,GB/T 700-2006,GB/T 702-2008,14x7,热轧,S1,QA3,M,0.77,Kg,宽x厚
CWP00117,热轧扁钢,FB14x8,Q235B,GB/T 700-2006,GB/T 702-2008,14x8,热轧,S1,QA3,M,0.88,Kg,宽x厚
CWP00118,热轧扁钢,FB16x3,Q235B,GB/T 700-2006,GB/T 702-2008,16x3,热轧,S1,QA3,M,0.38,Kg,宽x厚
CWP00119,热轧扁钢,FB16x4,Q235B,GB/T 700-2006,GB/T 702-2008,16x4,热轧,S1,QA3,M,0.5,Kg,宽x厚
CWP00120,热轧扁钢,FB16x5,Q235B,GB/T 700-2006,GB/T 702-2008,16x5,热轧,S1,QA3,M,0.63,Kg,宽x厚
CWP00121,热轧扁钢,FB16x6,Q235B,GB/T 700-2006,GB/T 702-2008,16x6,热轧,S1,QA3,M,0.75,Kg,宽x厚
CWP00122,热轧扁钢,FB16x7,Q235B,GB/T 700-2006,GB/T 702-2008,16x7,热轧,S1,QA3,M,0.88,Kg,宽x厚
CWP00123,热轧扁钢,FB16x8,Q235B,GB/T 700-2006,GB/T 702-2008,16x8,热轧,S1,QA3,M,1,Kg,宽x厚
CWP00124,热轧扁钢,FB16x9,Q235B,GB/T 700-2006,GB/T 702-2008,16x9,热轧,S1,QA3,M,1.15,Kg,宽x厚
CWP00125,热轧扁钢,FB16x10,Q235B,GB/T 700-2006,GB/T 702-2008,16x10,热轧,S1,QA3,M,1.26,Kg,宽x厚
CWP00126,热轧扁钢,FB18x3,Q235B,GB/T 700-2006,GB/T 702-2008,18x3,热轧,S1,QA3,M,0.42,Kg,宽x厚
CWP00127,热轧扁钢,FB18x4,Q235B,GB/T 700-2006,GB/T 702-2008,18x4,热轧,S1,QA3,M,0.57,Kg,宽x厚
CWP00128,热轧扁钢,FB18x5,Q235B,GB/T 700-2006,GB/T 702-2008,18x5,热轧,S1,QA3,M,0.71,Kg,宽x厚
CWP00129,热轧扁钢,FB18x6,Q235B,GB/T 700-2006,GB/T 702-2008,18x6,热轧,S1,QA3,M,0.85,Kg,宽x厚
CWP00130,热轧扁钢,FB18x7,Q235B,GB/T 700-2006,GB/T 702-2008,18x7,热轧,S1,QA3,M,0.99,Kg,宽x厚
CWP00131,热轧扁钢,FB18x8,Q235B,GB/T 700-2006,GB/T 702-2008,18x8,热轧,S1,QA3,M,1.13,Kg,宽x厚
CWP00132,热轧扁钢,FB18x9,Q235B,GB/T 700-2006,GB/T 702-2008,18x9,热轧,S1,QA3,M,1.27,Kg,宽x厚
CWP00133,热轧扁钢,FB18x10,Q235B,GB/T 700-2006,GB/T 702-2008,18x10,热轧,S1,QA3,M,1.41,Kg,宽x厚
CWP00134,热轧扁钢,FB20x3,Q235B,GB/T 700-2006,GB/T 702-2008,20x3,热轧,S1,QA3,M,0.47,Kg,宽x厚
CWP00135,热轧扁钢,FB20x4,Q235B,GB/T 700-2006,GB/T 702-2008,20x4,热轧,S1,QA3,M,0.63,Kg,宽x厚
CWP00136,热轧扁钢,FB20x5,Q235B,GB/T 700-2006,GB/T 702-2008,20x5,热轧,S1,QA3,M,0.78,Kg,宽x厚
CWP00137,热轧扁钢,FB20x6,Q235B,GB/T 700-2006,GB/T 702-2008,20x6,热轧,S1,QA3,M,0.94,Kg,宽x厚
CWP00138,热轧扁钢,FB20x7,Q235B,GB/T 700-2006,GB/T 702-2008,20x7,热轧,S1,QA3,M,1.1,Kg,宽x厚
CWP00139,热轧扁钢,FB20x8,Q235B,GB/T 700-2006,GB/T 702-2008,20x8,热轧,S1,QA3,M,1.26,Kg,宽x厚
CWP00140,热轧扁钢,FB20x9,Q235B,GB/T 700-2006,GB/T 702-2008,20x9,热轧,S1,QA3,M,1.41,Kg,宽x厚
CWP00141,热轧扁钢,FB20x10,Q235B,GB/T 700-2006,GB/T 702-2008,20x10,热轧,S1,QA3,M,1.57,Kg,宽x厚
CWP00142,热轧扁钢,FB20x11,Q235B,GB/T 700-2006,GB/T 702-2008,20x11,热轧,S1,QA3,M,1.73,Kg,宽x厚
CWP00143,热轧扁钢,FB20x12,Q235B,GB/T 700-2006,GB/T 702-2008,20x12,热轧,S1,QA3,M,1.88,Kg,宽x厚
CWP00144,热轧扁钢,FB22x3,Q235B,GB/T 700-2006,GB/T 702-2008,22x3,热轧,S1,QA3,M,0.52,Kg,宽x厚
CWP00145,热轧扁钢,FB22x4,Q235B,GB/T 700-2006,GB/T 702-2008,22x4,热轧,S1,QA3,M,0.69,Kg,宽x厚
CWP00146,热轧扁钢,FB22x5,Q235B,GB/T 700-2006,GB/T 702-2008,22x5,热轧,S1,QA3,M,0.86,Kg,宽x厚
CWP00147,热轧扁钢,FB22x6,Q235B,GB/T 700-2006,GB/T 702-2008,22x6,热轧,S1,QA3,M,1.04,Kg,宽x厚
CWP00148,热轧扁钢,FB22x7,Q235B,GB/T 700-2006,GB/T 702-2008,22x7,热轧,S1,QA3,M,1.21,Kg,宽x厚
CWP00149,热轧扁钢,FB22x8,Q235B,GB/T 700-2006,GB/T 702-2008,22x8,热轧,S1,QA3,M,1.38,Kg,宽x厚
CWP00150,热轧扁钢,FB22x9,Q235B,GB/T 700-2006,GB/T 702-2008,22x9,热轧,S1,QA3,M,1.55,Kg,宽x厚
CWP00151,热轧扁钢,FB22x10,Q235B,GB/T 700-2006,GB/T 702-2008,22x10,热轧,S1,QA3,M,1.73,Kg,宽x厚
CWP00152,热轧扁钢,FB22x11,Q235B,GB/T 700-2006,GB/T 702-2008,22x11,热轧,S1,QA3,M,1.9,Kg,宽x厚
CWP00153,热轧扁钢,FB22x12,Q235B,GB/T 700-2006,GB/T 702-2008,22x12,热轧,S1,QA3,M,2.07,Kg,宽x厚
CWP00154,热轧扁钢,FB25x3,Q235B,GB/T 700-2006,GB/T 702-2008,25x3,热轧,S1,QA3,M,0.59,Kg,宽x厚
CWP00155,热轧扁钢,FB25x4,Q235B,GB/T 700-2006,GB/T 702-2008,25x4,热轧,S1,QA3,M,0.78,Kg,宽x厚
CWP00156,热轧扁钢,FB25x5,Q235B,GB/T 700-2006,GB/T 702-2008,25x5,热轧,S1,QA3,M,0.98,Kg,宽x厚
CWP00157,热轧扁钢,FB25x6,Q235B,GB/T 700-2006,GB/T 702-2008,25x6,热轧,S1,QA3,M,1.18,Kg,宽x厚
CWP00158,热轧扁钢,FB25x7,Q235B,GB/T 700-2006,GB/T 702-2008,25x7,热轧,S1,QA3,M,1.37,Kg,宽x厚
CWP00159,热轧扁钢,FB25x8,Q235B,GB/T 700-2006,GB/T 702-2008,25x8,热轧,S1,QA3,M,1.57,Kg,宽x厚
CWP00160,热轧扁钢,FB25x9,Q235B,GB/T 700-2006,GB/T 702-2008,25x9,热轧,S1,QA3,M,1.77,Kg,宽x厚
CWP00161,热轧扁钢,FB25x10,Q235B,GB/T 700-2006,GB/T 702-2008,25x10,热轧,S1,QA3,M,1.96,Kg,宽x厚
CWP00162,热轧扁钢,FB25x11,Q235B,GB/T 700-2006,GB/T 702-2008,25x11,热轧,S1,QA3,M,2.16,Kg,宽x厚
CWP00163,热轧扁钢,FB25x12,Q235B,GB/T 700-2006,GB/T 702-2008,25x12,热轧,S1,QA3,M,2.36,Kg,宽x厚
CWP00164,热轧扁钢,FB25x14,Q235B,GB/T 700-2006,GB/T 702-2008,25x14,热轧,S1,QA3,M,2.75,Kg,宽x厚
CWP00165,热轧扁钢,FB25x16,Q235B,GB/T 700-2006,GB/T 702-2008,25x16,热轧,S1,QA3,M,3.14,Kg,宽x厚
CWP00166,热轧扁钢,FB28x3,Q235B,GB/T 700-2006,GB/T 702-2008,28x3,热轧,S1,QA3,M,0.66,Kg,宽x厚
CWP00167,热轧扁钢,FB28x4,Q235B,GB/T 700-2006,GB/T 702-2008,28x4,热轧,S1,QA3,M,0.88,Kg,宽x厚
CWP00168,热轧扁钢,FB28x5,Q235B,GB/T 700-2006,GB/T 702-2008,28x5,热轧,S1,QA3,M,1.1,Kg,宽x厚
CWP00169,热轧扁钢,FB28x6,Q235B,GB/T 700-2006,GB/T 702-2008,28x6,热轧,S1,QA3,M,1.32,Kg,宽x厚
CWP00170,热轧扁钢,FB28x7,Q235B,GB/T 700-2006,GB/T 702-2008,28x7,热轧,S1,QA3,M,1.54,Kg,宽x厚
CWP00171,热轧扁钢,FB28x8,Q235B,GB/T 700-2006,GB/T 702-2008,28x8,热轧,S1,QA3,M,1.76,Kg,宽x厚
CWP00172,热轧扁钢,FB28x9,Q235B,GB/T 700-2006,GB/T 702-2008,28x9,热轧,S1,QA3,M,1.98,Kg,宽x厚
CWP00173,热轧扁钢,FB28x10,Q235B,GB/T 700-2006,GB/T 702-2008,28x10,热轧,S1,QA3,M,2.2,Kg,宽x厚
CWP00174,热轧扁钢,FB28x11,Q235B,GB/T 700-2006,GB/T 702-2008,28x11,热轧,S1,QA3,M,2.42,Kg,宽x厚
CWP00175,热轧扁钢,FB28x12,Q235B,GB/T 700-2006,GB/T 702-2008,28x12,热轧,S1,QA3,M,2.64,Kg,宽x厚
CWP00176,热轧扁钢,FB28x14,Q235B,GB/T 700-2006,GB/T 702-2008,28x14,热轧,S1,QA3,M,3.08,Kg,宽x厚
CWP00177,热轧扁钢,FB28x16,Q235B,GB/T 700-2006,GB/T 702-2008,28x16,热轧,S1,QA3,M,3.53,Kg,宽x厚
CWP00178,热轧扁钢,FB30x3,Q235B,GB/T 700-2006,GB/T 702-2008,30x3,热轧,S1,QA3,M,0.71,Kg,宽x厚
CWP00179,热轧扁钢,FB30x4,Q235B,GB/T 700-2006,GB/T 702-2008,30x4,热轧,S1,QA3,M,0.94,Kg,宽x厚
CWP00180,热轧扁钢,FB30x5,Q235B,GB/T 700-2006,GB/T 702-2008,30x5,热轧,S1,QA3,M,1.18,Kg,宽x厚
CWP00181,热轧扁钢,FB30x6,Q235B,GB/T 700-2006,GB/T 702-2008,30x6,热轧,S1,QA3,M,1.41,Kg,宽x厚
CWP00182,热轧扁钢,FB30x7,Q235B,GB/T 700-2006,GB/T 702-2008,30x7,热轧,S1,QA3,M,1.65,Kg,宽x厚
CWP00183,热轧扁钢,FB30x8,Q235B,GB/T 700-2006,GB/T 702-2008,30x8,热轧,S1,QA3,M,1.88,Kg,宽x厚
CWP00184,热轧扁钢,FB30x9,Q235B,GB/T 700-2006,GB/T 702-2008,30x9,热轧,S1,QA3,M,2.12,Kg,宽x厚
CWP00185,热轧扁钢,FB30x10,Q235B,GB/T 700-2006,GB/T 702-2008,30x10,热轧,S1,QA3,M,2.36,Kg,宽x厚
CWP00186,热轧扁钢,FB30x11,Q235B,GB/T 700-2006,GB/T 702-2008,30x11,热轧,S1,QA3,M,2.59,Kg,宽x厚
CWP00187,热轧扁钢,FB30x12,Q235B,GB/T 700-2006,GB/T 702-2008,30x12,热轧,S1,QA3,M,2.83,Kg,宽x厚
CWP00188,热轧扁钢,FB30x14,Q235B,GB/T 700-2006,GB/T 702-2008,30x14,热轧,S1,QA3,M,3.3,Kg,宽x厚
CWP00189,热轧扁钢,FB30x16,Q235B,GB/T 700-2006,GB/T 702-2008,30x16,热轧,S1,QA3,M,3.77,Kg,宽x厚
CWP00190,热轧扁钢,FB30x18,Q235B,GB/T 700-2006,GB/T 702-2008,30x18,热轧,S1,QA3,M,4.24,Kg,宽x厚
CWP00191,热轧扁钢,FB30x20,Q235B,GB/T 700-2006,GB/T 702-2008,30x20,热轧,S1,QA3,M,4.71,Kg,宽x厚
CWP00192,热轧扁钢,FB32x3,Q235B,GB/T 700-2006,GB/T 702-2008,32x3,热轧,S1,QA3,M,0.75,Kg,宽x厚
CWP00193,热轧扁钢,FB32x4,Q235B,GB/T 700-2006,GB/T 702-2008,32x4,热轧,S1,QA3,M,1,Kg,宽x厚
CWP00194,热轧扁钢,FB32x5,Q235B,GB/T 700-2006,GB/T 702-2008,32x5,热轧,S1,QA3,M,1.26,Kg,宽x厚
CWP00195,热轧扁钢,FB32x6,Q235B,GB/T 700-2006,GB/T 702-2008,32x6,热轧,S1,QA3,M,1.51,Kg,宽x厚
CWP00196,热轧扁钢,FB32x7,Q235B,GB/T 700-2006,GB/T 702-2008,32x7,热轧,S1,QA3,M,1.76,Kg,宽x厚
CWP00197,热轧扁钢,FB32x8,Q235B,GB/T 700-2006,GB/T 702-2008,32x8,热轧,S1,QA3,M,2.01,Kg,宽x厚
CWP00198,热轧扁钢,FB32x9,Q235B,GB/T 700-2006,GB/T 702-2008,32x9,热轧,S1,QA3,M,2.26,Kg,宽x厚
CWP00199,热轧扁钢,FB32x10,Q235B,GB/T 700-2006,GB/T 702-2008,32x10,热轧,S1,QA3,M,2.55,Kg,宽x厚
CWP00200,热轧扁钢,FB32x11,Q235B,GB/T 700-2006,GB/T 702-2008,32x11,热轧,S1,QA3,M,2.76,Kg,宽x厚
CWP00201,热轧扁钢,FB32x12,Q235B,GB/T 700-2006,GB/T 702-2008,32x12,热轧,S1,QA3,M,3.01,Kg,宽x厚
CWP00202,热轧扁钢,FB32x14,Q235B,GB/T 700-2006,GB/T 702-2008,32x14,热轧,S1,QA3,M,3.52,Kg,宽x厚
CWP00203,热轧扁钢,FB32x16,Q235B,GB/T 700-2006,GB/T 702-2008,32x16,热轧,S1,QA3,M,4.02,Kg,宽x厚
CWP00204,热轧扁钢,FB32x18,Q235B,GB/T 700-2006,GB/T 702-2008,32x18,热轧,S1,QA3,M,4.52,Kg,宽x厚
CWP00205,热轧扁钢,FB32x20,Q235B,GB/T 700-2006,GB/T 702-2008,32x20,热轧,S1,QA3,M,5.02,Kg,宽x厚
CWP00206,热轧扁钢,FB35x3,Q235B,GB/T 700-2006,GB/T 702-2008,35x3,热轧,S1,QA3,M,0.82,Kg,宽x厚
CWP00207,热轧扁钢,FB35x4,Q235B,GB/T 700-2006,GB/T 702-2008,35x4,热轧,S1,QA3,M,1.1,Kg,宽x厚
CWP00208,热轧扁钢,FB35x5,Q235B,GB/T 700-2006,GB/T 702-2008,35x5,热轧,S1,QA3,M,1.37,Kg,宽x厚
CWP00209,热轧扁钢,FB35x6,Q235B,GB/T 700-2006,GB/T 702-2008,35x6,热轧,S1,QA3,M,1.65,Kg,宽x厚
CWP00210,热轧扁钢,FB35x7,Q235B,GB/T 700-2006,GB/T 702-2008,35x7,热轧,S1,QA3,M,1.92,Kg,宽x厚
CWP00211,热轧扁钢,FB35x8,Q235B,GB/T 700-2006,GB/T 702-2008,35x8,热轧,S1,QA3,M,2.2,Kg,宽x厚
CWP00212,热轧扁钢,FB35x9,Q235B,GB/T 700-2006,GB/T 702-2008,35x9,热轧,S1,QA3,M,2.47,Kg,宽x厚
CWP00213,热轧扁钢,FB35x10,Q235B,GB/T 700-2006,GB/T 702-2008,35x10,热轧,S1,QA3,M,2.75,Kg,宽x厚
CWP00214,热轧扁钢,FB35x11,Q235B,GB/T 700-2006,GB/T 702-2008,35x11,热轧,S1,QA3,M,3.02,Kg,宽x厚
CWP00215,热轧扁钢,FB35x12,Q235B,GB/T 700-2006,GB/T 702-2008,35x12,热轧,S1,QA3,M,3.3,Kg,宽x厚
CWP00216,热轧扁钢,FB35x14,Q235B,GB/T 700-2006,GB/T 702-2008,35x14,热轧,S1,QA3,M,3.85,Kg,宽x厚
CWP00217,热轧扁钢,FB35x16,Q235B,GB/T 700-2006,GB/T 702-2008,35x16,热轧,S1,QA3,M,4.4,Kg,宽x厚
CWP00218,热轧扁钢,FB35x18,Q235B,GB/T 700-2006,GB/T 702-2008,35x18,热轧,S1,QA3,M,4.95,Kg,宽x厚
CWP00219,热轧扁钢,FB35x20,Q235B,GB/T 700-2006,GB/T 702-2008,35x20,热轧,S1,QA3,M,5.5,Kg,宽x厚
CWP00220,热轧扁钢,FB35x22,Q235B,GB/T 700-2006,GB/T 702-2008,35x22,热轧,S1,QA3,M,6.04,Kg,宽x厚
CWP00221,热轧扁钢,FB35x25,Q235B,GB/T 700-2006,GB/T 702-2008,35x25,热轧,S1,QA3,M,6.87,Kg,宽x厚
CWP00222,热轧扁钢,FB35x28,Q235B,GB/T 700-2006,GB/T 702-2008,35x28,热轧,S1,QA3,M,7.69,Kg,宽x厚
CWP00223,热轧扁钢,FB40x3,Q235B,GB/T 700-2006,GB/T 702-2008,40x3,热轧,S1,QA3,M,0.94,Kg,宽x厚
CWP00224,热轧扁钢,FB40x4,Q235B,GB/T 700-2006,GB/T 702-2008,40x4,热轧,S1,QA3,M,1.26,Kg,宽x厚
CWP00225,热轧扁钢,FB40x5,Q235B,GB/T 700-2006,GB/T 702-2008,40x5,热轧,S1,QA3,M,1.57,Kg,宽x厚
CWP00226,热轧扁钢,FB40x6,Q235B,GB/T 700-2006,GB/T 702-2008,40x6,热轧,S1,QA3,M,1.88,Kg,宽x厚
CWP00227,热轧扁钢,FB40x7,Q235B,GB/T 700-2006,GB/T 702-2008,40x7,热轧,S1,QA3,M,2.2,Kg,宽x厚
CWP00228,热轧扁钢,FB40x8,Q235B,GB/T 700-2006,GB/T 702-2008,40x8,热轧,S1,QA3,M,2.51,Kg,宽x厚
CWP00229,热轧扁钢,FB40x9,Q235B,GB/T 700-2006,GB/T 702-2008,40x9,热轧,S1,QA3,M,2.83,Kg,宽x厚
CWP00230,热轧扁钢,FB40x10,Q235B,GB/T 700-2006,GB/T 702-2008,40x10,热轧,S1,QA3,M,3.14,Kg,宽x厚
CWP00231,热轧扁钢,FB40x11,Q235B,GB/T 700-2006,GB/T 702-2008,40x11,热轧,S1,QA3,M,3.45,Kg,宽x厚
CWP00232,热轧扁钢,FB40x12,Q235B,GB/T 700-2006,GB/T 702-2008,40x12,热轧,S1,QA3,M,3.77,Kg,宽x厚
CWP00233,热轧扁钢,FB40x14,Q235B,GB/T 700-2006,GB/T 702-2008,40x14,热轧,S1,QA3,M,4.4,Kg,宽x厚
CWP00234,热轧扁钢,FB40x16,Q235B,GB/T 700-2006,GB/T 702-2008,40x16,热轧,S1,QA3,M,5.02,Kg,宽x厚
CWP00235,热轧扁钢,FB40x18,Q235B,GB/T 700-2006,GB/T 702-2008,40x18,热轧,S1,QA3,M,5.65,Kg,宽x厚
CWP00236,热轧扁钢,FB40x20,Q235B,GB/T 700-2006,GB/T 702-2008,40x20,热轧,S1,QA3,M,6.28,Kg,宽x厚
CWP00237,热轧扁钢,FB40x22,Q235B,GB/T 700-2006,GB/T 702-2008,40x22,热轧,S1,QA3,M,6.91,Kg,宽x厚
CWP00238,热轧扁钢,FB40x25,Q235B,GB/T 700-2006,GB/T 702-2008,40x25,热轧,S1,QA3,M,7.85,Kg,宽x厚
CWP00239,热轧扁钢,FB40x28,Q235B,GB/T 700-2006,GB/T 702-2008,40x28,热轧,S1,QA3,M,8.79,Kg,宽x厚
CWP00240,热轧扁钢,FB45x3,Q235B,GB/T 700-2006,GB/T 702-2008,45x3,热轧,S1,QA3,M,1.06,Kg,宽x厚
CWP00241,热轧扁钢,FB45x4,Q235B,GB/T 700-2006,GB/T 702-2008,45x4,热轧,S1,QA3,M,1.41,Kg,宽x厚
CWP00242,热轧扁钢,FB45x5,Q235B,GB/T 700-2006,GB/T 702-2008,45x5,热轧,S1,QA3,M,1.77,Kg,宽x厚
CWP00243,热轧扁钢,FB45x6,Q235B,GB/T 700-2006,GB/T 702-2008,45x6,热轧,S1,QA3,M,2.12,Kg,宽x厚
CWP00244,热轧扁钢,FB45x7,Q235B,GB/T 700-2006,GB/T 702-2008,45x7,热轧,S1,QA3,M,2.47,Kg,宽x厚
CWP00245,热轧扁钢,FB45x8,Q235B,GB/T 700-2006,GB/T 702-2008,45x8,热轧,S1,QA3,M,2.83,Kg,宽x厚
CWP00246,热轧扁钢,FB45x9,Q235B,GB/T 700-2006,GB/T 702-2008,45x9,热轧,S1,QA3,M,3.18,Kg,宽x厚
CWP00247,热轧扁钢,FB45x10,Q235B,GB/T 700-2006,GB/T 702-2008,45x10,热轧,S1,QA3,M,3.53,Kg,宽x厚
CWP00248,热轧扁钢,FB45x11,Q235B,GB/T 700-2006,GB/T 702-2008,45x11,热轧,S1,QA3,M,3.89,Kg,宽x厚
CWP00249,热轧扁钢,FB45x12,Q235B,GB/T 700-2006,GB/T 702-2008,45x12,热轧,S1,QA3,M,4.24,Kg,宽x厚
CWP00250,热轧扁钢,FB45x14,Q235B,GB/T 700-2006,GB/T 702-2008,45x14,热轧,S1,QA3,M,4.95,Kg,宽x厚
CWP00251,热轧扁钢,FB45x16,Q235B,GB/T 700-2006,GB/T 702-2008,45x16,热轧,S1,QA3,M,5.65,Kg,宽x厚
CWP00252,热轧扁钢,FB45x18,Q235B,GB/T 700-2006,GB/T 702-2008,45x18,热轧,S1,QA3,M,6.36,Kg,宽x厚
CWP00253,热轧扁钢,FB45x20,Q235B,GB/T 700-2006,GB/T 702-2008,45x20,热轧,S1,QA3,M,7.07,Kg,宽x厚
CWP00254,热轧扁钢,FB45x22,Q235B,GB/T 700-2006,GB/T 702-2008,45x22,热轧,S1,QA3,M,7.77,Kg,宽x厚
CWP00255,热轧扁钢,FB45x25,Q235B,GB/T 700-2006,GB/T 702-2008,45x25,热轧,S1,QA3,M,8.83,Kg,宽x厚
CWP00256,热轧扁钢,FB45x28,Q235B,GB/T 700-2006,GB/T 702-2008,45x28,热轧,S1,QA3,M,9.89,Kg,宽x厚
CWP00257,热轧扁钢,FB45x30,Q235B,GB/T 700-2006,GB/T 702-2008,45x30,热轧,S1,QA3,M,10.6,Kg,宽x厚
CWP00258,热轧扁钢,FB45x32,Q235B,GB/T 700-2006,GB/T 702-2008,45x32,热轧,S1,QA3,M,11.3,Kg,宽x厚
CWP00259,热轧扁钢,FB45x36,Q235B,GB/T 700-2006,GB/T 702-2008,45x36,热轧,S1,QA3,M,12.72,Kg,宽x厚
CWP00260,热轧扁钢,FB50x3,Q235B,GB/T 700-2006,GB/T 702-2008,50x3,热轧,S1,QA3,M,1.18,Kg,宽x厚
CWP00261,热轧扁钢,FB50x4,Q235B,GB/T 700-2006,GB/T 702-2008,50x4,热轧,S1,QA3,M,1.57,Kg,宽x厚
CWP00262,热轧扁钢,FB50x5,Q235B,GB/T 700-2006,GB/T 702-2008,50x5,热轧,S1,QA3,M,1.96,Kg,宽x厚
CWP00263,热轧扁钢,FB50x6,Q235B,GB/T 700-2006,GB/T 702-2008,50x6,热轧,S1,QA3,M,2.36,Kg,宽x厚
CWP00264,热轧扁钢,FB50x7,Q235B,GB/T 700-2006,GB/T 702-2008,50x7,热轧,S1,QA3,M,2.75,Kg,宽x厚
CWP00265,热轧扁钢,FB50x8,Q235B,GB/T 700-2006,GB/T 702-2008,50x8,热轧,S1,QA3,M,3.14,Kg,宽x厚
CWP00266,热轧扁钢,FB50x9,Q235B,GB/T 700-2006,GB/T 702-2008,50x9,热轧,S1,QA3,M,3.53,Kg,宽x厚
CWP00267,热轧扁钢,FB50x10,Q235B,GB/T 700-2006,GB/T 702-2008,50x10,热轧,S1,QA3,M,3.93,Kg,宽x厚
CWP00268,热轧扁钢,FB50x11,Q235B,GB/T 700-2006,GB/T 702-2008,50x11,热轧,S1,QA3,M,4.32,Kg,宽x厚
CWP00269,热轧扁钢,FB50x12,Q235B,GB/T 700-2006,GB/T 702-2008,50x12,热轧,S1,QA3,M,4.71,Kg,宽x厚
CWP00270,热轧扁钢,FB50x14,Q235B,GB/T 700-2006,GB/T 702-2008,50x14,热轧,S1,QA3,M,5.5,Kg,宽x厚
CWP00271,热轧扁钢,FB50x16,Q235B,GB/T 700-2006,GB/T 702-2008,50x16,热轧,S1,QA3,M,6.28,Kg,宽x厚
CWP00272,热轧扁钢,FB50x18,Q235B,GB/T 700-2006,GB/T 702-2008,50x18,热轧,S1,QA3,M,7.06,Kg,宽x厚
CWP00273,热轧扁钢,FB50x20,Q235B,GB/T 700-2006,GB/T 702-2008,50x20,热轧,S1,QA3,M,7.85,Kg,宽x厚
CWP00274,热轧扁钢,FB50x22,Q235B,GB/T 700-2006,GB/T 702-2008,50x22,热轧,S1,QA3,M,8.64,Kg,宽x厚
CWP00275,热轧扁钢,FB50x25,Q235B,GB/T 700-2006,GB/T 702-2008,50x25,热轧,S1,QA3,M,9.81,Kg,宽x厚
CWP00276,热轧扁钢,FB50x28,Q235B,GB/T 700-2006,GB/T 702-2008,50x28,热轧,S1,QA3,M,10.99,Kg,宽x厚
CWP00277,热轧扁钢,FB50x30,Q235B,GB/T 700-2006,GB/T 702-2008,50x30,热轧,S1,QA3,M,11.78,Kg,宽x厚
CWP00278,热轧扁钢,FB50x32,Q235B,GB/T 700-2006,GB/T 702-2008,50x32,热轧,S1,QA3,M,12.56,Kg,宽x厚
CWP00279,热轧扁钢,FB50x36,Q235B,GB/T 700-2006,GB/T 702-2008,50x36,热轧,S1,QA3,M,14.13,Kg,宽x厚
CWP00280,热轧扁钢,FB55x4,Q235B,GB/T 700-2006,GB/T 702-2008,55x4,热轧,S1,QA3,M,1.73,Kg,宽x厚
CWP00281,热轧扁钢,FB55x5,Q235B,GB/T 700-2006,GB/T 702-2008,55x5,热轧,S1,QA3,M,2.16,Kg,宽x厚
CWP00282,热轧扁钢,FB55x6,Q235B,GB/T 700-2006,GB/T 702-2008,55x6,热轧,S1,QA3,M,2.59,Kg,宽x厚
CWP00283,热轧扁钢,FB55x7,Q235B,GB/T 700-2006,GB/T 702-2008,55x7,热轧,S1,QA3,M,3.02,Kg,宽x厚
CWP00284,热轧扁钢,FB55x8,Q235B,GB/T 700-2006,GB/T 702-2008,55x8,热轧,S1,QA3,M,3.45,Kg,宽x厚
CWP00285,热轧扁钢,FB55x9,Q235B,GB/T 700-2006,GB/T 702-2008,55x9,热轧,S1,QA3,M,3.89,Kg,宽x厚
CWP00286,热轧扁钢,FB55x10,Q235B,GB/T 700-2006,GB/T 702-2008,55x10,热轧,S1,QA3,M,4.32,Kg,宽x厚
CWP00287,热轧扁钢,FB55x11,Q235B,GB/T 700-2006,GB/T 702-2008,55x11,热轧,S1,QA3,M,4.75,Kg,宽x厚
CWP00288,热轧扁钢,FB55x12,Q235B,GB/T 700-2006,GB/T 702-2008,55x12,热轧,S1,QA3,M,5.18,Kg,宽x厚
CWP00289,热轧扁钢,FB55x14,Q235B,GB/T 700-2006,GB/T 702-2008,55x14,热轧,S1,QA3,M,6.04,Kg,宽x厚
CWP00290,热轧扁钢,FB55x16,Q235B,GB/T 700-2006,GB/T 702-2008,55x16,热轧,S1,QA3,M,6.91,Kg,宽x厚
CWP00291,热轧扁钢,FB55x18,Q235B,GB/T 700-2006,GB/T 702-2008,55x18,热轧,S1,QA3,M,7.77,Kg,宽x厚
CWP00292,热轧扁钢,FB55x20,Q235B,GB/T 700-2006,GB/T 702-2008,55x20,热轧,S1,QA3,M,8.64,Kg,宽x厚
CWP00293,热轧扁钢,FB55x22,Q235B,GB/T 700-2006,GB/T 702-2008,55x22,热轧,S1,QA3,M,9.5,Kg,宽x厚
CWP00294,热轧扁钢,FB55x25,Q235B,GB/T 700-2006,GB/T 702-2008,55x25,热轧,S1,QA3,M,10.79,Kg,宽x厚
CWP00295,热轧扁钢,FB55x28,Q235B,GB/T 700-2006,GB/T 702-2008,55x28,热轧,S1,QA3,M,12.09,Kg,宽x厚
CWP00296,热轧扁钢,FB55x30,Q235B,GB/T 700-2006,GB/T 702-2008,55x30,热轧,S1,QA3,M,12.95,Kg,宽x厚
CWP00297,热轧扁钢,FB55x32,Q235B,GB/T 700-2006,GB/T 702-2008,55x32,热轧,S1,QA3,M,13.82,Kg,宽x厚
CWP00298,热轧扁钢,FB55x36,Q235B,GB/T 700-2006,GB/T 702-2008,55x36,热轧,S1,QA3,M,15.54,Kg,宽x厚
CWP00299,热轧扁钢,FB60x4,Q235B,GB/T 700-2006,GB/T 702-2008,60x4,热轧,S1,QA3,M,1.88,Kg,宽x厚
CWP00300,热轧扁钢,FB60x5,Q235B,GB/T 700-2006,GB/T 702-2008,60x5,热轧,S1,QA3,M,2.36,Kg,宽x厚
CWP00301,热轧扁钢,FB60x6,Q235B,GB/T 700-2006,GB/T 702-2008,60x6,热轧,S1,QA3,M,2.83,Kg,宽x厚
CWP00302,热轧扁钢,FB60x7,Q235B,GB/T 700-2006,GB/T 702-2008,60x7,热轧,S1,QA3,M,3.3,Kg,宽x厚
CWP00303,热轧扁钢,FB60x8,Q235B,GB/T 700-2006,GB/T 702-2008,60x8,热轧,S1,QA3,M,3.77,Kg,宽x厚
CWP00304,热轧扁钢,FB60x9,Q235B,GB/T 700-2006,GB/T 702-2008,60x9,热轧,S1,QA3,M,4.24,Kg,宽x厚
CWP00305,热轧扁钢,FB60x10,Q235B,GB/T 700-2006,GB/T 702-2008,60x10,热轧,S1,QA3,M,4.71,Kg,宽x厚
CWP00306,热轧扁钢,FB60x11,Q235B,GB/T 700-2006,GB/T 702-2008,60x11,热轧,S1,QA3,M,5.18,Kg,宽x厚
CWP00307,热轧扁钢,FB60x12,Q235B,GB/T 700-2006,GB/T 702-2008,60x12,热轧,S1,QA3,M,5.65,Kg,宽x厚
CWP00308,热轧扁钢,FB60x14,Q235B,GB/T 700-2006,GB/T 702-2008,60x14,热轧,S1,QA3,M,6.59,Kg,宽x厚
CWP00309,热轧扁钢,FB60x16,Q235B,GB/T 700-2006,GB/T 702-2008,60x16,热轧,S1,QA3,M,7.54,Kg,宽x厚
CWP00310,热轧扁钢,FB60x18,Q235B,GB/T 700-2006,GB/T 702-2008,60x18,热轧,S1,QA3,M,8.48,Kg,宽x厚
CWP00311,热轧扁钢,FB60x20,Q235B,GB/T 700-2006,GB/T 702-2008,60x20,热轧,S1,QA3,M,9.42,Kg,宽x厚
CWP00312,热轧扁钢,FB60x22,Q235B,GB/T 700-2006,GB/T 702-2008,60x22,热轧,S1,QA3,M,10.36,Kg,宽x厚
CWP00313,热轧扁钢,FB60x25,Q235B,GB/T 700-2006,GB/T 702-2008,60x25,热轧,S1,QA3,M,11.78,Kg,宽x厚
CWP00314,热轧扁钢,FB60x28,Q235B,GB/T 700-2006,GB/T 702-2008,60x28,热轧,S1,QA3,M,13.19,Kg,宽x厚
CWP00315,热轧扁钢,FB60x30,Q235B,GB/T 700-2006,GB/T 702-2008,60x30,热轧,S1,QA3,M,14.13,Kg,宽x厚
CWP00316,热轧扁钢,FB60x32,Q235B,GB/T 700-2006,GB/T 702-2008,60x32,热轧,S1,QA3,M,15.07,Kg,宽x厚
CWP00317,热轧扁钢,FB60x36,Q235B,GB/T 700-2006,GB/T 702-2008,60x36,热轧,S1,QA3,M,16.96,Kg,宽x厚
CWP00318,热轧扁钢,FB60x40,Q235B,GB/T 700-2006,GB/T 702-2008,60x40,热轧,S1,QA3,M,18.84,Kg,宽x厚
CWP00319,热轧扁钢,FB60x45,Q235B,GB/T 700-2006,GB/T 702-2008,60x45,热轧,S1,QA3,M,21.2,Kg,宽x厚
CWP00320,热轧扁钢,FB65x4,Q235B,GB/T 700-2006,GB/T 702-2008,65x4,热轧,S1,QA3,M,2.04,Kg,宽x厚
CWP00321,热轧扁钢,FB65x5,Q235B,GB/T 700-2006,GB/T 702-2008,65x5,热轧,S1,QA3,M,2.55,Kg,宽x厚
CWP00322,热轧扁钢,FB65x6,Q235B,GB/T 700-2006,GB/T 702-2008,65x6,热轧,S1,QA3,M,3.06,Kg,宽x厚
CWP00323,热轧扁钢,FB65x7,Q235B,GB/T 700-2006,GB/T 702-2008,65x7,热轧,S1,QA3,M,3.57,Kg,宽x厚
CWP00324,热轧扁钢,FB65x8,Q235B,GB/T 700-2006,GB/T 702-2008,65x8,热轧,S1,QA3,M,4.08,Kg,宽x厚
CWP00325,热轧扁钢,FB65x9,Q235B,GB/T 700-2006,GB/T 702-2008,65x9,热轧,S1,QA3,M,4.59,Kg,宽x厚
CWP00326,热轧扁钢,FB65x10,Q235B,GB/T 700-2006,GB/T 702-2008,65x10,热轧,S1,QA3,M,5.1,Kg,宽x厚
CWP00327,热轧扁钢,FB65x11,Q235B,GB/T 700-2006,GB/T 702-2008,65x11,热轧,S1,QA3,M,5.61,Kg,宽x厚
CWP00328,热轧扁钢,FB65x12,Q235B,GB/T 700-2006,GB/T 702-2008,65x12,热轧,S1,QA3,M,6.12,Kg,宽x厚
CWP00329,热轧扁钢,FB65x14,Q235B,GB/T 700-2006,GB/T 702-2008,65x14,热轧,S1,QA3,M,7.14,Kg,宽x厚
CWP00330,热轧扁钢,FB65x16,Q235B,GB/T 700-2006,GB/T 702-2008,65x16,热轧,S1,QA3,M,8.16,Kg,宽x厚
CWP00331,热轧扁钢,FB65x18,Q235B,GB/T 700-2006,GB/T 702-2008,65x18,热轧,S1,QA3,M,9.18,Kg,宽x厚
CWP00332,热轧扁钢,FB65x20,Q235B,GB/T 700-2006,GB/T 702-2008,65x20,热轧,S1,QA3,M,10.2,Kg,宽x厚
CWP00333,热轧扁钢,FB65x22,Q235B,GB/T 700-2006,GB/T 702-2008,65x22,热轧,S1,QA3,M,11.23,Kg,宽x厚
CWP00334,热轧扁钢,FB65x25,Q235B,GB/T 700-2006,GB/T 702-2008,65x25,热轧,S1,QA3,M,12.76,Kg,宽x厚
CWP00335,热轧扁钢,FB65x28,Q235B,GB/T 700-2006,GB/T 702-2008,65x28,热轧,S1,QA3,M,14.29,Kg,宽x厚
CWP00336,热轧扁钢,FB65x30,Q235B,GB/T 700-2006,GB/T 702-2008,65x30,热轧,S1,QA3,M,15.31,Kg,宽x厚
CWP00337,热轧扁钢,FB65x32,Q235B,GB/T 700-2006,GB/T 702-2008,65x32,热轧,S1,QA3,M,16.33,Kg,宽x厚
CWP00338,热轧扁钢,FB65x36,Q235B,GB/T 700-2006,GB/T 702-2008,65x36,热轧,S1,QA3,M,18.37,Kg,宽x厚
CWP00339,热轧扁钢,FB65x40,Q235B,GB/T 700-2006,GB/T 702-2008,65x40,热轧,S1,QA3,M,20.41,Kg,宽x厚
CWP00340,热轧扁钢,FB65x45,Q235B,GB/T 700-2006,GB/T 702-2008,65x45,热轧,S1,QA3,M,22.96,Kg,宽x厚
CWP00341,热轧扁钢,FB70x4,Q235B,GB/T 700-2006,GB/T 702-2008,70x4,热轧,S1,QA3,M,2.2,Kg,宽x厚
CWP00342,热轧扁钢,FB70x5,Q235B,GB/T 700-2006,GB/T 702-2008,70x5,热轧,S1,QA3,M,2.75,Kg,宽x厚
CWP00343,热轧扁钢,FB70x6,Q235B,GB/T 700-2006,GB/T 702-2008,70x6,热轧,S1,QA3,M,3.3,Kg,宽x厚
CWP00344,热轧扁钢,FB70x7,Q235B,GB/T 700-2006,GB/T 702-2008,70x7,热轧,S1,QA3,M,3.85,Kg,宽x厚
CWP00345,热轧扁钢,FB70x8,Q235B,GB/T 700-2006,GB/T 702-2008,70x8,热轧,S1,QA3,M,4.4,Kg,宽x厚
CWP00346,热轧扁钢,FB70x9,Q235B,GB/T 700-2006,GB/T 702-2008,70x9,热轧,S1,QA3,M,4.95,Kg,宽x厚
CWP00347,热轧扁钢,FB70x10,Q235B,GB/T 700-2006,GB/T 702-2008,70x10,热轧,S1,QA3,M,5.5,Kg,宽x厚
CWP00348,热轧扁钢,FB70x11,Q235B,GB/T 700-2006,GB/T 702-2008,70x11,热轧,S1,QA3,M,6.04,Kg,宽x厚
CWP00349,热轧扁钢,FB70x12,Q235B,GB/T 700-2006,GB/T 702-2008,70x12,热轧,S1,QA3,M,6.59,Kg,宽x厚
CWP00350,热轧扁钢,FB70x14,Q235B,GB/T 700-2006,GB/T 702-2008,70x14,热轧,S1,QA3,M,7.69,Kg,宽x厚
CWP00351,热轧扁钢,FB70x16,Q235B,GB/T 700-2006,GB/T 702-2008,70x16,热轧,S1,QA3,M,8.79,Kg,宽x厚
CWP00352,热轧扁钢,FB70x18,Q235B,GB/T 700-2006,GB/T 702-2008,70x18,热轧,S1,QA3,M,9.89,Kg,宽x厚
CWP00353,热轧扁钢,FB70x20,Q235B,GB/T 700-2006,GB/T 702-2008,70x20,热轧,S1,QA3,M,10.99,Kg,宽x厚
CWP00354,热轧扁钢,FB70x22,Q235B,GB/T 700-2006,GB/T 702-2008,70x22,热轧,S1,QA3,M,12.09,Kg,宽x厚
CWP00355,热轧扁钢,FB70x25,Q235B,GB/T 700-2006,GB/T 702-2008,70x25,热轧,S1,QA3,M,13.74,Kg,宽x厚
CWP00356,热轧扁钢,FB70x28,Q235B,GB/T 700-2006,GB/T 702-2008,70x28,热轧,S1,QA3,M,15.39,Kg,宽x厚
CWP00357,热轧扁钢,FB70x30,Q235B,GB/T 700-2006,GB/T 702-2008,70x30,热轧,S1,QA3,M,16.49,Kg,宽x厚
CWP00358,热轧扁钢,FB70x32,Q235B,GB/T 700-2006,GB/T 702-2008,70x32,热轧,S1,QA3,M,17.58,Kg,宽x厚
CWP00359,热轧扁钢,FB70x36,Q235B,GB/T 700-2006,GB/T 702-2008,70x36,热轧,S1,QA3,M,19.78,Kg,宽x厚
CWP00360,热轧扁钢,FB70x40,Q235B,GB/T 700-2006,GB/T 702-2008,70x40,热轧,S1,QA3,M,21.98,Kg,宽x厚
CWP00361,热轧扁钢,FB70x45,Q235B,GB/T 700-2006,GB/T 702-2008,70x45,热轧,S1,QA3,M,24.73,Kg,宽x厚
CWP00362,热轧扁钢,FB75x4,Q235B,GB/T 700-2006,GB/T 702-2008,75x4,热轧,S1,QA3,M,2.36,Kg,宽x厚
CWP00363,热轧扁钢,FB75x5,Q235B,GB/T 700-2006,GB/T 702-2008,75x5,热轧,S1,QA3,M,2.94,Kg,宽x厚
CWP00364,热轧扁钢,FB75x6,Q235B,GB/T 700-2006,GB/T 702-2008,75x6,热轧,S1,QA3,M,3.53,Kg,宽x厚
CWP00365,热轧扁钢,FB75x7,Q235B,GB/T 700-2006,GB/T 702-2008,75x7,热轧,S1,QA3,M,4.12,Kg,宽x厚
CWP00366,热轧扁钢,FB75x8,Q235B,GB/T 700-2006,GB/T 702-2008,75x8,热轧,S1,QA3,M,4.71,Kg,宽x厚
CWP00367,热轧扁钢,FB75x9,Q235B,GB/T 700-2006,GB/T 702-2008,75x9,热轧,S1,QA3,M,5.3,Kg,宽x厚
CWP00368,热轧扁钢,FB75x10,Q235B,GB/T 700-2006,GB/T 702-2008,75x10,热轧,S1,QA3,M,5.89,Kg,宽x厚
CWP00369,热轧扁钢,FB75x11,Q235B,GB/T 700-2006,GB/T 702-2008,75x11,热轧,S1,QA3,M,6.48,Kg,宽x厚
CWP00370,热轧扁钢,FB75x12,Q235B,GB/T 700-2006,GB/T 702-2008,75x12,热轧,S1,QA3,M,7.07,Kg,宽x厚
CWP00371,热轧扁钢,FB75x14,Q235B,GB/T 700-2006,GB/T 702-2008,75x14,热轧,S1,QA3,M,8.24,Kg,宽x厚
CWP00372,热轧扁钢,FB75x16,Q235B,GB/T 700-2006,GB/T 702-2008,75x16,热轧,S1,QA3,M,9.42,Kg,宽x厚
CWP00373,热轧扁钢,FB75x18,Q235B,GB/T 700-2006,GB/T 702-2008,75x18,热轧,S1,QA3,M,10.6,Kg,宽x厚
CWP00374,热轧扁钢,FB75x20,Q235B,GB/T 700-2006,GB/T 702-2008,75x20,热轧,S1,QA3,M,11.78,Kg,宽x厚
CWP00375,热轧扁钢,FB75x22,Q235B,GB/T 700-2006,GB/T 702-2008,75x22,热轧,S1,QA3,M,12.95,Kg,宽x厚
CWP00376,热轧扁钢,FB75x25,Q235B,GB/T 700-2006,GB/T 702-2008,75x25,热轧,S1,QA3,M,14.72,Kg,宽x厚
CWP00377,热轧扁钢,FB75x28,Q235B,GB/T 700-2006,GB/T 702-2008,75x28,热轧,S1,QA3,M,16.48,Kg,宽x厚
CWP00378,热轧扁钢,FB75x30,Q235B,GB/T 700-2006,GB/T 702-2008,75x30,热轧,S1,QA3,M,17.66,Kg,宽x厚
CWP00379,热轧扁钢,FB75x32,Q235B,GB/T 700-2006,GB/T 702-2008,75x32,热轧,S1,QA3,M,18.84,Kg,宽x厚
CWP00380,热轧扁钢,FB75x36,Q235B,GB/T 700-2006,GB/T 702-2008,75x36,热轧,S1,QA3,M,21.2,Kg,宽x厚
CWP00381,热轧扁钢,FB75x40,Q235B,GB/T 700-2006,GB/T 702-2008,75x40,热轧,S1,QA3,M,23.55,Kg,宽x厚
CWP00382,热轧扁钢,FB75x45,Q235B,GB/T 700-2006,GB/T 702-2008,75x45,热轧,S1,QA3,M,26.49,Kg,宽x厚
CWP00383,热轧扁钢,FB80x4,Q235B,GB/T 700-2006,GB/T 702-2008,80x4,热轧,S1,QA3,M,2.51,Kg,宽x厚
CWP00384,热轧扁钢,FB80x5,Q235B,GB/T 700-2006,GB/T 702-2008,80x5,热轧,S1,QA3,M,3.14,Kg,宽x厚
CWP00385,热轧扁钢,FB80x6,Q235B,GB/T 700-2006,GB/T 702-2008,80x6,热轧,S1,QA3,M,3.77,Kg,宽x厚
CWP00386,热轧扁钢,FB80x7,Q235B,GB/T 700-2006,GB/T 702-2008,80x7,热轧,S1,QA3,M,4.4,Kg,宽x厚
CWP00387,热轧扁钢,FB80x8,Q235B,GB/T 700-2006,GB/T 702-2008,80x8,热轧,S1,QA3,M,5.02,Kg,宽x厚
CWP00388,热轧扁钢,FB80x9,Q235B,GB/T 700-2006,GB/T 702-2008,80x9,热轧,S1,QA3,M,5.65,Kg,宽x厚
CWP00389,热轧扁钢,FB80x10,Q235B,GB/T 700-2006,GB/T 702-2008,80x10,热轧,S1,QA3,M,6.28,Kg,宽x厚
CWP00390,热轧扁钢,FB80x11,Q235B,GB/T 700-2006,GB/T 702-2008,80x11,热轧,S1,QA3,M,6.91,Kg,宽x厚
CWP00391,热轧扁钢,FB80x12,Q235B,GB/T 700-2006,GB/T 702-2008,80x12,热轧,S1,QA3,M,7.54,Kg,宽x厚
CWP00392,热轧扁钢,FB80x14,Q235B,GB/T 700-2006,GB/T 702-2008,80x14,热轧,S1,QA3,M,8.79,Kg,宽x厚
CWP00393,热轧扁钢,FB80x16,Q235B,GB/T 700-2006,GB/T 702-2008,80x16,热轧,S1,QA3,M,10.05,Kg,宽x厚
CWP00394,热轧扁钢,FB80x18,Q235B,GB/T 700-2006,GB/T 702-2008,80x18,热轧,S1,QA3,M,11.3,Kg,宽x厚
CWP00395,热轧扁钢,FB80x20,Q235B,GB/T 700-2006,GB/T 702-2008,80x20,热轧,S1,QA3,M,12.56,Kg,宽x厚
CWP00396,热轧扁钢,FB80x22,Q235B,GB/T 700-2006,GB/T 702-2008,80x22,热轧,S1,QA3,M,13.82,Kg,宽x厚
CWP00397,热轧扁钢,FB80x25,Q235B,GB/T 700-2006,GB/T 702-2008,80x25,热轧,S1,QA3,M,15.7,Kg,宽x厚
CWP00398,热轧扁钢,FB80x28,Q235B,GB/T 700-2006,GB/T 702-2008,80x28,热轧,S1,QA3,M,17.58,Kg,宽x厚
CWP00399,热轧扁钢,FB80x30,Q235B,GB/T 700-2006,GB/T 702-2008,80x30,热轧,S1,QA3,M,18.84,Kg,宽x厚
CWP00400,热轧扁钢,FB80x32,Q235B,GB/T 700-2006,GB/T 702-2008,80x32,热轧,S1,QA3,M,20.1,Kg,宽x厚
CWP00401,热轧扁钢,FB80x36,Q235B,GB/T 700-2006,GB/T 702-2008,80x36,热轧,S1,QA3,M,22.61,Kg,宽x厚
CWP00402,热轧扁钢,FB80x40,Q235B,GB/T 700-2006,GB/T 702-2008,80x40,热轧,S1,QA3,M,25.12,Kg,宽x厚
CWP00403,热轧扁钢,FB80x45,Q235B,GB/T 700-2006,GB/T 702-2008,80x45,热轧,S1,QA3,M,28.26,Kg,宽x厚
CWP00404,热轧扁钢,FB80x50,Q235B,GB/T 700-2006,GB/T 702-2008,80x50,热轧,S1,QA3,M,31.4,Kg,宽x厚
CWP00405,热轧扁钢,FB80x56,Q235B,GB/T 700-2006,GB/T 702-2008,80x56,热轧,S1,QA3,M,35.17,Kg,宽x厚
CWP00406,热轧扁钢,FB85x5,Q235B,GB/T 700-2006,GB/T 702-2008,85x5,热轧,S1,QA3,M,3.34,Kg,宽x厚
CWP00407,热轧扁钢,FB85x6,Q235B,GB/T 700-2006,GB/T 702-2008,85x6,热轧,S1,QA3,M,4,Kg,宽x厚
CWP00408,热轧扁钢,FB85x7,Q235B,GB/T 700-2006,GB/T 702-2008,85x7,热轧,S1,QA3,M,4.67,Kg,宽x厚
CWP00409,热轧扁钢,FB85x8,Q235B,GB/T 700-2006,GB/T 702-2008,85x8,热轧,S1,QA3,M,5.34,Kg,宽x厚
CWP00410,热轧扁钢,FB85x9,Q235B,GB/T 700-2006,GB/T 702-2008,85x9,热轧,S1,QA3,M,6.01,Kg,宽x厚
CWP00411,热轧扁钢,FB85x10,Q235B,GB/T 700-2006,GB/T 702-2008,85x10,热轧,S1,QA3,M,6.67,Kg,宽x厚
CWP00412,热轧扁钢,FB85x11,Q235B,GB/T 700-2006,GB/T 702-2008,85x11,热轧,S1,QA3,M,7.34,Kg,宽x厚
CWP00413,热轧扁钢,FB85x12,Q235B,GB/T 700-2006,GB/T 702-2008,85x12,热轧,S1,QA3,M,8.01,Kg,宽x厚
CWP00414,热轧扁钢,FB85x14,Q235B,GB/T 700-2006,GB/T 702-2008,85x14,热轧,S1,QA3,M,9.34,Kg,宽x厚
CWP00415,热轧扁钢,FB85x16,Q235B,GB/T 700-2006,GB/T 702-2008,85x16,热轧,S1,QA3,M,10.68,Kg,宽x厚
CWP00416,热轧扁钢,FB85x18,Q235B,GB/T 700-2006,GB/T 702-2008,85x18,热轧,S1,QA3,M,12.01,Kg,宽x厚
CWP00417,热轧扁钢,FB85x20,Q235B,GB/T 700-2006,GB/T 702-2008,85x20,热轧,S1,QA3,M,13.34,Kg,宽x厚
CWP00418,热轧扁钢,FB85x22,Q235B,GB/T 700-2006,GB/T 702-2008,85x22,热轧,S1,QA3,M,14.68,Kg,宽x厚
CWP00419,热轧扁钢,FB85x25,Q235B,GB/T 700-2006,GB/T 702-2008,85x25,热轧,S1,QA3,M,16.68,Kg,宽x厚
CWP00420,热轧扁钢,FB85x28,Q235B,GB/T 700-2006,GB/T 702-2008,85x28,热轧,S1,QA3,M,18.68,Kg,宽x厚
CWP00421,热轧扁钢,FB85x30,Q235B,GB/T 700-2006,GB/T 702-2008,85x30,热轧,S1,QA3,M,20.02,Kg,宽x厚
CWP00422,热轧扁钢,FB85x32,Q235B,GB/T 700-2006,GB/T 702-2008,85x32,热轧,S1,QA3,M,21.35,Kg,宽x厚
CWP00423,热轧扁钢,FB85x36,Q235B,GB/T 700-2006,GB/T 702-2008,85x36,热轧,S1,QA3,M,24.02,Kg,宽x厚
CWP00424,热轧扁钢,FB85x40,Q235B,GB/T 700-2006,GB/T 702-2008,85x40,热轧,S1,QA3,M,26.69,Kg,宽x厚
CWP00425,热轧扁钢,FB85x45,Q235B,GB/T 700-2006,GB/T 702-2008,85x45,热轧,S1,QA3,M,30.03,Kg,宽x厚
CWP00426,热轧扁钢,FB85x50,Q235B,GB/T 700-2006,GB/T 702-2008,85x50,热轧,S1,QA3,M,33.36,Kg,宽x厚
CWP00427,热轧扁钢,FB85x56,Q235B,GB/T 700-2006,GB/T 702-2008,85x56,热轧,S1,QA3,M,37.37,Kg,宽x厚
CWP00428,热轧扁钢,FB85x60,Q235B,GB/T 700-2006,GB/T 702-2008,85x60,热轧,S1,QA3,M,40.04,Kg,宽x厚
CWP00429,热轧扁钢,FB90x5,Q235B,GB/T 700-2006,GB/T 702-2008,90x5,热轧,S1,QA3,M,3.53,Kg,宽x厚
CWP00430,热轧扁钢,FB90x6,Q235B,GB/T 700-2006,GB/T 702-2008,90x6,热轧,S1,QA3,M,4.24,Kg,宽x厚
CWP00431,热轧扁钢,FB90x7,Q235B,GB/T 700-2006,GB/T 702-2008,90x7,热轧,S1,QA3,M,4.95,Kg,宽x厚
CWP00432,热轧扁钢,FB90x8,Q235B,GB/T 700-2006,GB/T 702-2008,90x8,热轧,S1,QA3,M,5.65,Kg,宽x厚
CWP00433,热轧扁钢,FB90x9,Q235B,GB/T 700-2006,GB/T 702-2008,90x9,热轧,S1,QA3,M,6.36,Kg,宽x厚
CWP00434,热轧扁钢,FB90x10,Q235B,GB/T 700-2006,GB/T 702-2008,90x10,热轧,S1,QA3,M,7.07,Kg,宽x厚
CWP00435,热轧扁钢,FB90x11,Q235B,GB/T 700-2006,GB/T 702-2008,90x11,热轧,S1,QA3,M,7.77,Kg,宽x厚
CWP00436,热轧扁钢,FB90x12,Q235B,GB/T 700-2006,GB/T 702-2008,90x12,热轧,S1,QA3,M,8.48,Kg,宽x厚
CWP00437,热轧扁钢,FB90x14,Q235B,GB/T 700-2006,GB/T 702-2008,90x14,热轧,S1,QA3,M,9.89,Kg,宽x厚
CWP00438,热轧扁钢,FB90x16,Q235B,GB/T 700-2006,GB/T 702-2008,90x16,热轧,S1,QA3,M,11.3,Kg,宽x厚
CWP00439,热轧扁钢,FB90x18,Q235B,GB/T 700-2006,GB/T 702-2008,90x18,热轧,S1,QA3,M,12.72,Kg,宽x厚
CWP00440,热轧扁钢,FB90x20,Q235B,GB/T 700-2006,GB/T 702-2008,90x20,热轧,S1,QA3,M,14.13,Kg,宽x厚
CWP00441,热轧扁钢,FB90x22,Q235B,GB/T 700-2006,GB/T 702-2008,90x22,热轧,S1,QA3,M,15.54,Kg,宽x厚
CWP00442,热轧扁钢,FB90x25,Q235B,GB/T 700-2006,GB/T 702-2008,90x25,热轧,S1,QA3,M,17.66,Kg,宽x厚
CWP00443,热轧扁钢,FB90x28,Q235B,GB/T 700-2006,GB/T 702-2008,90x28,热轧,S1,QA3,M,19.78,Kg,宽x厚
CWP00444,热轧扁钢,FB90x30,Q235B,GB/T 700-2006,GB/T 702-2008,90x30,热轧,S1,QA3,M,21.2,Kg,宽x厚
CWP00445,热轧扁钢,FB90x32,Q235B,GB/T 700-2006,GB/T 702-2008,90x32,热轧,S1,QA3,M,22.61,Kg,宽x厚
CWP00446,热轧扁钢,FB90x36,Q235B,GB/T 700-2006,GB/T 702-2008,90x36,热轧,S1,QA3,M,25.43,Kg,宽x厚
CWP00447,热轧扁钢,FB90x40,Q235B,GB/T 700-2006,GB/T 702-2008,90x40,热轧,S1,QA3,M,28.26,Kg,宽x厚
CWP00448,热轧扁钢,FB90x45,Q235B,GB/T 700-2006,GB/T 702-2008,90x45,热轧,S1,QA3,M,31.79,Kg,宽x厚
CWP00449,热轧扁钢,FB90x50,Q235B,GB/T 700-2006,GB/T 702-2008,90x50,热轧,S1,QA3,M,35.32,Kg,宽x厚
CWP00450,热轧扁钢,FB90x56,Q235B,GB/T 700-2006,GB/T 702-2008,90x56,热轧,S1,QA3,M,39.56,Kg,宽x厚
CWP00451,热轧扁钢,FB90x60,Q235B,GB/T 700-2006,GB/T 702-2008,90x60,热轧,S1,QA3,M,42.39,Kg,宽x厚
CWP00452,热轧扁钢,FB95x5,Q235B,GB/T 700-2006,GB/T 702-2008,95x5,热轧,S1,QA3,M,3.73,Kg,宽x厚
CWP00453,热轧扁钢,FB95x6,Q235B,GB/T 700-2006,GB/T 702-2008,95x6,热轧,S1,QA3,M,4.47,Kg,宽x厚
CWP00454,热轧扁钢,FB95x7,Q235B,GB/T 700-2006,GB/T 702-2008,95x7,热轧,S1,QA3,M,5.22,Kg,宽x厚
CWP00455,热轧扁钢,FB95x8,Q235B,GB/T 700-2006,GB/T 702-2008,95x8,热轧,S1,QA3,M,5.97,Kg,宽x厚
CWP00456,热轧扁钢,FB95x9,Q235B,GB/T 700-2006,GB/T 702-2008,95x9,热轧,S1,QA3,M,6.71,Kg,宽x厚
CWP00457,热轧扁钢,FB95x10,Q235B,GB/T 700-2006,GB/T 702-2008,95x10,热轧,S1,QA3,M,7.46,Kg,宽x厚
CWP00458,热轧扁钢,FB95x11,Q235B,GB/T 700-2006,GB/T 702-2008,95x11,热轧,S1,QA3,M,8.2,Kg,宽x厚
CWP00459,热轧扁钢,FB95x12,Q235B,GB/T 700-2006,GB/T 702-2008,95x12,热轧,S1,QA3,M,8.95,Kg,宽x厚
CWP00460,热轧扁钢,FB95x14,Q235B,GB/T 700-2006,GB/T 702-2008,95x14,热轧,S1,QA3,M,10.44,Kg,宽x厚
CWP00461,热轧扁钢,FB95x16,Q235B,GB/T 700-2006,GB/T 702-2008,95x16,热轧,S1,QA3,M,11.93,Kg,宽x厚
CWP00462,热轧扁钢,FB95x18,Q235B,GB/T 700-2006,GB/T 702-2008,95x18,热轧,S1,QA3,M,13.42,Kg,宽x厚
CWP00463,热轧扁钢,FB95x20,Q235B,GB/T 700-2006,GB/T 702-2008,95x20,热轧,S1,QA3,M,14.92,Kg,宽x厚
CWP00464,热轧扁钢,FB95x22,Q235B,GB/T 700-2006,GB/T 702-2008,95x22,热轧,S1,QA3,M,16.41,Kg,宽x厚
CWP00465,热轧扁钢,FB95x25,Q235B,GB/T 700-2006,GB/T 702-2008,95x25,热轧,S1,QA3,M,18.64,Kg,宽x厚
CWP00466,热轧扁钢,FB95x28,Q235B,GB/T 700-2006,GB/T 702-2008,95x28,热轧,S1,QA3,M,20.88,Kg,宽x厚
CWP00467,热轧扁钢,FB95x30,Q235B,GB/T 700-2006,GB/T 702-2008,95x30,热轧,S1,QA3,M,22.37,Kg,宽x厚
CWP00468,热轧扁钢,FB95x32,Q235B,GB/T 700-2006,GB/T 702-2008,95x32,热轧,S1,QA3,M,23.86,Kg,宽x厚
CWP00469,热轧扁钢,FB95x36,Q235B,GB/T 700-2006,GB/T 702-2008,95x36,热轧,S1,QA3,M,26.85,Kg,宽x厚
CWP00470,热轧扁钢,FB95x40,Q235B,GB/T 700-2006,GB/T 702-2008,95x40,热轧,S1,QA3,M,29.83,Kg,宽x厚
CWP00471,热轧扁钢,FB95x45,Q235B,GB/T 700-2006,GB/T 702-2008,95x45,热轧,S1,QA3,M,33.56,Kg,宽x厚
CWP00472,热轧扁钢,FB95x50,Q235B,GB/T 700-2006,GB/T 702-2008,95x50,热轧,S1,QA3,M,37.29,Kg,宽x厚
CWP00473,热轧扁钢,FB95x56,Q235B,GB/T 700-2006,GB/T 702-2008,95x56,热轧,S1,QA3,M,41.76,Kg,宽x厚
CWP00474,热轧扁钢,FB95x60,Q235B,GB/T 700-2006,GB/T 702-2008,95x60,热轧,S1,QA3,M,44.74,Kg,宽x厚
CWP00475,热轧扁钢,FB100x5,Q235B,GB/T 700-2006,GB/T 702-2008,100x5,热轧,S1,QA3,M,3.92,Kg,宽x厚
CWP00476,热轧扁钢,FB100x6,Q235B,GB/T 700-2006,GB/T 702-2008,100x6,热轧,S1,QA3,M,4.71,Kg,宽x厚
CWP00477,热轧扁钢,FB100x7,Q235B,GB/T 700-2006,GB/T 702-2008,100x7,热轧,S1,QA3,M,5.5,Kg,宽x厚
CWP00478,热轧扁钢,FB100x8,Q235B,GB/T 700-2006,GB/T 702-2008,100x8,热轧,S1,QA3,M,6.28,Kg,宽x厚
CWP00479,热轧扁钢,FB100x9,Q235B,GB/T 700-2006,GB/T 702-2008,100x9,热轧,S1,QA3,M,7.06,Kg,宽x厚
CWP00480,热轧扁钢,FB100x10,Q235B,GB/T 700-2006,GB/T 702-2008,100x10,热轧,S1,QA3,M,7.85,Kg,宽x厚
CWP00481,热轧扁钢,FB100x11,Q235B,GB/T 700-2006,GB/T 702-2008,100x11,热轧,S1,QA3,M,8.64,Kg,宽x厚
CWP00482,热轧扁钢,FB100x12,Q235B,GB/T 700-2006,GB/T 702-2008,100x12,热轧,S1,QA3,M,9.42,Kg,宽x厚
CWP00483,热轧扁钢,FB100x14,Q235B,GB/T 700-2006,GB/T 702-2008,100x14,热轧,S1,QA3,M,10.99,Kg,宽x厚
CWP00484,热轧扁钢,FB100x16,Q235B,GB/T 700-2006,GB/T 702-2008,100x16,热轧,S1,QA3,M,12.56,Kg,宽x厚
CWP00485,热轧扁钢,FB100x18,Q235B,GB/T 700-2006,GB/T 702-2008,100x18,热轧,S1,QA3,M,14.13,Kg,宽x厚
CWP00486,热轧扁钢,FB100x20,Q235B,GB/T 700-2006,GB/T 702-2008,100x20,热轧,S1,QA3,M,15.7,Kg,宽x厚
CWP00487,热轧扁钢,FB100x22,Q235B,GB/T 700-2006,GB/T 702-2008,100x22,热轧,S1,QA3,M,17.27,Kg,宽x厚
CWP00488,热轧扁钢,FB100x25,Q235B,GB/T 700-2006,GB/T 702-2008,100x25,热轧,S1,QA3,M,19.62,Kg,宽x厚
CWP00489,热轧扁钢,FB100x28,Q235B,GB/T 700-2006,GB/T 702-2008,100x28,热轧,S1,QA3,M,21.92,Kg,宽x厚
CWP00490,热轧扁钢,FB100x30,Q235B,GB/T 700-2006,GB/T 702-2008,100x30,热轧,S1,QA3,M,23.55,Kg,宽x厚
CWP00491,热轧扁钢,FB100x32,Q235B,GB/T 700-2006,GB/T 702-2008,100x32,热轧,S1,QA3,M,25.12,Kg,宽x厚
CWP00492,热轧扁钢,FB100x36,Q235B,GB/T 700-2006,GB/T 702-2008,100x36,热轧,S1,QA3,M,28.26,Kg,宽x厚
CWP00493,热轧扁钢,FB100x40,Q235B,GB/T 700-2006,GB/T 702-2008,100x40,热轧,S1,QA3,M,31.4,Kg,宽x厚
CWP00494,热轧扁钢,FB100x45,Q235B,GB/T 700-2006,GB/T 702-2008,100x45,热轧,S1,QA3,M,35.32,Kg,宽x厚
CWP00495,热轧扁钢,FB100x50,Q235B,GB/T 700-2006,GB/T 702-2008,100x50,热轧,S1,QA3,M,39.25,Kg,宽x厚
CWP00496,热轧扁钢,FB100x56,Q235B,GB/T 700-2006,GB/T 702-2008,100x56,热轧,S1,QA3,M,43.96,Kg,宽x厚
CWP00497,热轧扁钢,FB100x60,Q235B,GB/T 700-2006,GB/T 702-2008,100x60,热轧,S1,QA3,M,47.1,Kg,宽x厚
CWP00498,热轧扁钢,FB105x5,Q235B,GB/T 700-2006,GB/T 702-2008,105x5,热轧,S1,QA3,M,4.12,Kg,宽x厚
CWP00499,热轧扁钢,FB105x6,Q235B,GB/T 700-2006,GB/T 702-2008,105x6,热轧,S1,QA3,M,4.95,Kg,宽x厚
CWP00500,热轧扁钢,FB105x7,Q235B,GB/T 700-2006,GB/T 702-2008,105x7,热轧,S1,QA3,M,5.77,Kg,宽x厚
CWP00501,热轧扁钢,FB105x8,Q235B,GB/T 700-2006,GB/T 702-2008,105x8,热轧,S1,QA3,M,6.59,Kg,宽x厚
CWP00502,热轧扁钢,FB105x9,Q235B,GB/T 700-2006,GB/T 702-2008,105x9,热轧,S1,QA3,M,7.42,Kg,宽x厚
CWP00503,热轧扁钢,FB105x10,Q235B,GB/T 700-2006,GB/T 702-2008,105x10,热轧,S1,QA3,M,8.24,Kg,宽x厚
CWP00504,热轧扁钢,FB105x11,Q235B,GB/T 700-2006,GB/T 702-2008,105x11,热轧,S1,QA3,M,9.07,Kg,宽x厚
CWP00505,热轧扁钢,FB105x12,Q235B,GB/T 700-2006,GB/T 702-2008,105x12,热轧,S1,QA3,M,9.89,Kg,宽x厚
CWP00506,热轧扁钢,FB105x14,Q235B,GB/T 700-2006,GB/T 702-2008,105x14,热轧,S1,QA3,M,11.54,Kg,宽x厚
CWP00507,热轧扁钢,FB105x16,Q235B,GB/T 700-2006,GB/T 702-2008,105x16,热轧,S1,QA3,M,13.19,Kg,宽x厚
CWP00508,热轧扁钢,FB105x18,Q235B,GB/T 700-2006,GB/T 702-2008,105x18,热轧,S1,QA3,M,14.84,Kg,宽x厚
CWP00509,热轧扁钢,FB105x20,Q235B,GB/T 700-2006,GB/T 702-2008,105x20,热轧,S1,QA3,M,16.48,Kg,宽x厚
CWP00510,热轧扁钢,FB105x22,Q235B,GB/T 700-2006,GB/T 702-2008,105x22,热轧,S1,QA3,M,18.13,Kg,宽x厚
CWP00511,热轧扁钢,FB105x25,Q235B,GB/T 700-2006,GB/T 702-2008,105x25,热轧,S1,QA3,M,20.61,Kg,宽x厚
CWP00512,热轧扁钢,FB105x28,Q235B,GB/T 700-2006,GB/T 702-2008,105x28,热轧,S1,QA3,M,23.08,Kg,宽x厚
CWP00513,热轧扁钢,FB105x30,Q235B,GB/T 700-2006,GB/T 702-2008,105x30,热轧,S1,QA3,M,24.73,Kg,宽x厚
CWP00514,热轧扁钢,FB105x32,Q235B,GB/T 700-2006,GB/T 702-2008,105x32,热轧,S1,QA3,M,26.38,Kg,宽x厚
CWP00515,热轧扁钢,FB105x36,Q235B,GB/T 700-2006,GB/T 702-2008,105x36,热轧,S1,QA3,M,29.67,Kg,宽x厚
CWP00516,热轧扁钢,FB105x40,Q235B,GB/T 700-2006,GB/T 702-2008,105x40,热轧,S1,QA3,M,32.97,Kg,宽x厚
CWP00517,热轧扁钢,FB105x45,Q235B,GB/T 700-2006,GB/T 702-2008,105x45,热轧,S1,QA3,M,37.09,Kg,宽x厚
CWP00518,热轧扁钢,FB105x50,Q235B,GB/T 700-2006,GB/T 702-2008,105x50,热轧,S1,QA3,M,41.21,Kg,宽x厚
CWP00519,热轧扁钢,FB105x56,Q235B,GB/T 700-2006,GB/T 702-2008,105x56,热轧,S1,QA3,M,46.16,Kg,宽x厚
CWP00520,热轧扁钢,FB105x60,Q235B,GB/T 700-2006,GB/T 702-2008,105x60,热轧,S1,QA3,M,49.46,Kg,宽x厚
CWP00521,热轧扁钢,FB110x5,Q235B,GB/T 700-2006,GB/T 702-2008,110x5,热轧,S1,QA3,M,4.32,Kg,宽x厚
CWP00522,热轧扁钢,FB110x6,Q235B,GB/T 700-2006,GB/T 702-2008,110x6,热轧,S1,QA3,M,5.18,Kg,宽x厚
CWP00523,热轧扁钢,FB110x7,Q235B,GB/T 700-2006,GB/T 702-2008,110x7,热轧,S1,QA3,M,6.04,Kg,宽x厚
CWP00524,热轧扁钢,FB110x8,Q235B,GB/T 700-2006,GB/T 702-2008,110x8,热轧,S1,QA3,M,6.91,Kg,宽x厚
CWP00525,热轧扁钢,FB110x9,Q235B,GB/T 700-2006,GB/T 702-2008,110x9,热轧,S1,QA3,M,7.77,Kg,宽x厚
CWP00526,热轧扁钢,FB110x10,Q235B,GB/T 700-2006,GB/T 702-2008,110x10,热轧,S1,QA3,M,8.64,Kg,宽x厚
CWP00527,热轧扁钢,FB110x11,Q235B,GB/T 700-2006,GB/T 702-2008,110x11,热轧,S1,QA3,M,9.5,Kg,宽x厚
CWP00528,热轧扁钢,FB110x12,Q235B,GB/T 700-2006,GB/T 702-2008,110x12,热轧,S1,QA3,M,10.36,Kg,宽x厚
CWP00529,热轧扁钢,FB110x14,Q235B,GB/T 700-2006,GB/T 702-2008,110x14,热轧,S1,QA3,M,12.09,Kg,宽x厚
CWP00530,热轧扁钢,FB110x16,Q235B,GB/T 700-2006,GB/T 702-2008,110x16,热轧,S1,QA3,M,13.82,Kg,宽x厚
CWP00531,热轧扁钢,FB110x18,Q235B,GB/T 700-2006,GB/T 702-2008,110x18,热轧,S1,QA3,M,15.54,Kg,宽x厚
CWP00532,热轧扁钢,FB110x20,Q235B,GB/T 700-2006,GB/T 702-2008,110x20,热轧,S1,QA3,M,17.27,Kg,宽x厚
CWP00533,热轧扁钢,FB110x22,Q235B,GB/T 700-2006,GB/T 702-2008,110x22,热轧,S1,QA3,M,19,Kg,宽x厚
CWP00534,热轧扁钢,FB110x25,Q235B,GB/T 700-2006,GB/T 702-2008,110x25,热轧,S1,QA3,M,21.59,Kg,宽x厚
CWP00535,热轧扁钢,FB110x28,Q235B,GB/T 700-2006,GB/T 702-2008,110x28,热轧,S1,QA3,M,24.18,Kg,宽x厚
CWP00536,热轧扁钢,FB110x30,Q235B,GB/T 700-2006,GB/T 702-2008,110x30,热轧,S1,QA3,M,25.9,Kg,宽x厚
CWP00537,热轧扁钢,FB110x32,Q235B,GB/T 700-2006,GB/T 702-2008,110x32,热轧,S1,QA3,M,27.63,Kg,宽x厚
CWP00538,热轧扁钢,FB110x36,Q235B,GB/T 700-2006,GB/T 702-2008,110x36,热轧,S1,QA3,M,31.09,Kg,宽x厚
CWP00539,热轧扁钢,FB110x40,Q235B,GB/T 700-2006,GB/T 702-2008,110x40,热轧,S1,QA3,M,34.54,Kg,宽x厚
CWP00540,热轧扁钢,FB110x45,Q235B,GB/T 700-2006,GB/T 702-2008,110x45,热轧,S1,QA3,M,38.86,Kg,宽x厚
CWP00541,热轧扁钢,FB110x50,Q235B,GB/T 700-2006,GB/T 702-2008,110x50,热轧,S1,QA3,M,43.18,Kg,宽x厚
CWP00542,热轧扁钢,FB110x56,Q235B,GB/T 700-2006,GB/T 702-2008,110x56,热轧,S1,QA3,M,48.36,Kg,宽x厚
CWP00543,热轧扁钢,FB110x60,Q235B,GB/T 700-2006,GB/T 702-2008,110x60,热轧,S1,QA3,M,51.81,Kg,宽x厚
CWP00544,热轧扁钢,FB120x5,Q235B,GB/T 700-2006,GB/T 702-2008,120x5,热轧,S1,QA3,M,4.71,Kg,宽x厚
CWP00545,热轧扁钢,FB120x6,Q235B,GB/T 700-2006,GB/T 702-2008,120x6,热轧,S1,QA3,M,5.65,Kg,宽x厚
CWP00546,热轧扁钢,FB120x7,Q235B,GB/T 700-2006,GB/T 702-2008,120x7,热轧,S1,QA3,M,6.59,Kg,宽x厚
CWP00547,热轧扁钢,FB120x8,Q235B,GB/T 700-2006,GB/T 702-2008,120x8,热轧,S1,QA3,M,7.54,Kg,宽x厚
CWP00548,热轧扁钢,FB120x9,Q235B,GB/T 700-2006,GB/T 702-2008,120x9,热轧,S1,QA3,M,8.48,Kg,宽x厚
CWP00549,热轧扁钢,FB120x10,Q235B,GB/T 700-2006,GB/T 702-2008,120x10,热轧,S1,QA3,M,9.42,Kg,宽x厚
CWP00550,热轧扁钢,FB120x11,Q235B,GB/T 700-2006,GB/T 702-2008,120x11,热轧,S1,QA3,M,10.36,Kg,宽x厚
CWP00551,热轧扁钢,FB120x12,Q235B,GB/T 700-2006,GB/T 702-2008,120x12,热轧,S1,QA3,M,11.3,Kg,宽x厚
CWP00552,热轧扁钢,FB120x14,Q235B,GB/T 700-2006,GB/T 702-2008,120x14,热轧,S1,QA3,M,13.19,Kg,宽x厚
CWP00553,热轧扁钢,FB120x16,Q235B,GB/T 700-2006,GB/T 702-2008,120x16,热轧,S1,QA3,M,15.07,Kg,宽x厚
CWP00554,热轧扁钢,FB120x18,Q235B,GB/T 700-2006,GB/T 702-2008,120x18,热轧,S1,QA3,M,16.96,Kg,宽x厚
CWP00555,热轧扁钢,FB120x20,Q235B,GB/T 700-2006,GB/T 702-2008,120x20,热轧,S1,QA3,M,18.84,Kg,宽x厚
CWP00556,热轧扁钢,FB120x22,Q235B,GB/T 700-2006,GB/T 702-2008,120x22,热轧,S1,QA3,M,20.72,Kg,宽x厚
CWP00557,热轧扁钢,FB120x25,Q235B,GB/T 700-2006,GB/T 702-2008,120x25,热轧,S1,QA3,M,23.55,Kg,宽x厚
CWP00558,热轧扁钢,FB120x28,Q235B,GB/T 700-2006,GB/T 702-2008,120x28,热轧,S1,QA3,M,26.38,Kg,宽x厚
CWP00559,热轧扁钢,FB120x30,Q235B,GB/T 700-2006,GB/T 702-2008,120x30,热轧,S1,QA3,M,28.26,Kg,宽x厚
CWP00560,热轧扁钢,FB120x32,Q235B,GB/T 700-2006,GB/T 702-2008,120x32,热轧,S1,QA3,M,30.14,Kg,宽x厚
CWP00561,热轧扁钢,FB120x36,Q235B,GB/T 700-2006,GB/T 702-2008,120x36,热轧,S1,QA3,M,33.91,Kg,宽x厚
CWP00562,热轧扁钢,FB120x40,Q235B,GB/T 700-2006,GB/T 702-2008,120x40,热轧,S1,QA3,M,37.68,Kg,宽x厚
CWP00563,热轧扁钢,FB120x45,Q235B,GB/T 700-2006,GB/T 702-2008,120x45,热轧,S1,QA3,M,42.39,Kg,宽x厚
CWP00564,热轧扁钢,FB120x50,Q235B,GB/T 700-2006,GB/T 702-2008,120x50,热轧,S1,QA3,M,47.1,Kg,宽x厚
CWP00565,热轧扁钢,FB120x56,Q235B,GB/T 700-2006,GB/T 702-2008,120x56,热轧,S1,QA3,M,52.75,Kg,宽x厚
CWP00566,热轧扁钢,FB120x60,Q235B,GB/T 700-2006,GB/T 702-2008,120x60,热轧,S1,QA3,M,56.52,Kg,宽x厚
CWP00567,热轧扁钢,FB125x6,Q235B,GB/T 700-2006,GB/T 702-2008,125x6,热轧,S1,QA3,M,5.89,Kg,宽x厚
CWP00568,热轧扁钢,FB125x7,Q235B,GB/T 700-2006,GB/T 702-2008,125x7,热轧,S1,QA3,M,6.87,Kg,宽x厚
CWP00569,热轧扁钢,FB125x8,Q235B,GB/T 700-2006,GB/T 702-2008,125x8,热轧,S1,QA3,M,7.85,Kg,宽x厚
CWP00570,热轧扁钢,FB125x9,Q235B,GB/T 700-2006,GB/T 702-2008,125x9,热轧,S1,QA3,M,8.83,Kg,宽x厚
CWP00571,热轧扁钢,FB125x10,Q235B,GB/T 700-2006,GB/T 702-2008,125x10,热轧,S1,QA3,M,9.81,Kg,宽x厚
CWP00572,热轧扁钢,FB125x11,Q235B,GB/T 700-2006,GB/T 702-2008,125x11,热轧,S1,QA3,M,10.79,Kg,宽x厚
CWP00573,热轧扁钢,FB125x12,Q235B,GB/T 700-2006,GB/T 702-2008,125x12,热轧,S1,QA3,M,11.78,Kg,宽x厚
CWP00574,热轧扁钢,FB125x14,Q235B,GB/T 700-2006,GB/T 702-2008,125x14,热轧,S1,QA3,M,13.74,Kg,宽x厚
CWP00575,热轧扁钢,FB125x16,Q235B,GB/T 700-2006,GB/T 702-2008,125x16,热轧,S1,QA3,M,15.7,Kg,宽x厚
CWP00576,热轧扁钢,FB125x18,Q235B,GB/T 700-2006,GB/T 702-2008,125x18,热轧,S1,QA3,M,17.66,Kg,宽x厚
CWP00577,热轧扁钢,FB125x20,Q235B,GB/T 700-2006,GB/T 702-2008,125x20,热轧,S1,QA3,M,19.62,Kg,宽x厚
CWP00578,热轧扁钢,FB125x22,Q235B,GB/T 700-2006,GB/T 702-2008,125x22,热轧,S1,QA3,M,21.58,Kg,宽x厚
CWP00579,热轧扁钢,FB125x25,Q235B,GB/T 700-2006,GB/T 702-2008,125x25,热轧,S1,QA3,M,24.53,Kg,宽x厚
CWP00580,热轧扁钢,FB125x28,Q235B,GB/T 700-2006,GB/T 702-2008,125x28,热轧,S1,QA3,M,27.48,Kg,宽x厚
CWP00581,热轧扁钢,FB125x30,Q235B,GB/T 700-2006,GB/T 702-2008,125x30,热轧,S1,QA3,M,29.44,Kg,宽x厚
CWP00582,热轧扁钢,FB125x32,Q235B,GB/T 700-2006,GB/T 702-2008,125x32,热轧,S1,QA3,M,31.4,Kg,宽x厚
CWP00583,热轧扁钢,FB125x36,Q235B,GB/T 700-2006,GB/T 702-2008,125x36,热轧,S1,QA3,M,35.32,Kg,宽x厚
CWP00584,热轧扁钢,FB125x40,Q235B,GB/T 700-2006,GB/T 702-2008,125x40,热轧,S1,QA3,M,39.25,Kg,宽x厚
CWP00585,热轧扁钢,FB125x45,Q235B,GB/T 700-2006,GB/T 702-2008,125x45,热轧,S1,QA3,M,44.16,Kg,宽x厚
CWP00586,热轧扁钢,FB125x50,Q235B,GB/T 700-2006,GB/T 702-2008,125x50,热轧,S1,QA3,M,49.06,Kg,宽x厚
CWP00587,热轧扁钢,FB125x56,Q235B,GB/T 700-2006,GB/T 702-2008,125x56,热轧,S1,QA3,M,54.95,Kg,宽x厚
CWP00588,热轧扁钢,FB125x60,Q235B,GB/T 700-2006,GB/T 702-2008,125x60,热轧,S1,QA3,M,58.88,Kg,宽x厚
CWP00589,热轧扁钢,FB130x6,Q235B,GB/T 700-2006,GB/T 702-2008,130x6,热轧,S1,QA3,M,6.12,Kg,宽x厚
CWP00590,热轧扁钢,FB130x7,Q235B,GB/T 700-2006,GB/T 702-2008,130x7,热轧,S1,QA3,M,7.14,Kg,宽x厚
CWP00591,热轧扁钢,FB130x8,Q235B,GB/T 700-2006,GB/T 702-2008,130x8,热轧,S1,QA3,M,8.16,Kg,宽x厚
CWP00592,热轧扁钢,FB130x9,Q235B,GB/T 700-2006,GB/T 702-2008,130x9,热轧,S1,QA3,M,9.18,Kg,宽x厚
CWP00593,热轧扁钢,FB130x10,Q235B,GB/T 700-2006,GB/T 702-2008,130x10,热轧,S1,QA3,M,10.2,Kg,宽x厚
CWP00594,热轧扁钢,FB130x11,Q235B,GB/T 700-2006,GB/T 702-2008,130x11,热轧,S1,QA3,M,11.23,Kg,宽x厚
CWP00595,热轧扁钢,FB130x12,Q235B,GB/T 700-2006,GB/T 702-2008,130x12,热轧,S1,QA3,M,12.25,Kg,宽x厚
CWP00596,热轧扁钢,FB130x14,Q235B,GB/T 700-2006,GB/T 702-2008,130x14,热轧,S1,QA3,M,14.29,Kg,宽x厚
CWP00597,热轧扁钢,FB130x16,Q235B,GB/T 700-2006,GB/T 702-2008,130x16,热轧,S1,QA3,M,16.33,Kg,宽x厚
CWP00598,热轧扁钢,FB130x18,Q235B,GB/T 700-2006,GB/T 702-2008,130x18,热轧,S1,QA3,M,18.37,Kg,宽x厚
CWP00599,热轧扁钢,FB130x20,Q235B,GB/T 700-2006,GB/T 702-2008,130x20,热轧,S1,QA3,M,20.41,Kg,宽x厚
CWP00600,热轧扁钢,FB130x22,Q235B,GB/T 700-2006,GB/T 702-2008,130x22,热轧,S1,QA3,M,22.45,Kg,宽x厚
CWP00601,热轧扁钢,FB130x25,Q235B,GB/T 700-2006,GB/T 702-2008,130x25,热轧,S1,QA3,M,25.51,Kg,宽x厚
CWP00602,热轧扁钢,FB130x28,Q235B,GB/T 700-2006,GB/T 702-2008,130x28,热轧,S1,QA3,M,28.57,Kg,宽x厚
CWP00603,热轧扁钢,FB130x30,Q235B,GB/T 700-2006,GB/T 702-2008,130x30,热轧,S1,QA3,M,30.62,Kg,宽x厚
CWP00604,热轧扁钢,FB130x32,Q235B,GB/T 700-2006,GB/T 702-2008,130x32,热轧,S1,QA3,M,32.66,Kg,宽x厚
CWP00605,热轧扁钢,FB130x36,Q235B,GB/T 700-2006,GB/T 702-2008,130x36,热轧,S1,QA3,M,36.74,Kg,宽x厚
CWP00606,热轧扁钢,FB130x40,Q235B,GB/T 700-2006,GB/T 702-2008,130x40,热轧,S1,QA3,M,40.82,Kg,宽x厚
CWP00607,热轧扁钢,FB130x45,Q235B,GB/T 700-2006,GB/T 702-2008,130x45,热轧,S1,QA3,M,45.92,Kg,宽x厚
CWP00608,热轧扁钢,FB130x50,Q235B,GB/T 700-2006,GB/T 702-2008,130x50,热轧,S1,QA3,M,51.02,Kg,宽x厚
CWP00609,热轧扁钢,FB130x56,Q235B,GB/T 700-2006,GB/T 702-2008,130x56,热轧,S1,QA3,M,57.15,Kg,宽x厚
CWP00610,热轧扁钢,FB130x60,Q235B,GB/T 700-2006,GB/T 702-2008,130x60,热轧,S1,QA3,M,61.23,Kg,宽x厚
CWP00611,热轧扁钢,FB140x7,Q235B,GB/T 700-2006,GB/T 702-2008,140x7,热轧,S1,QA3,M,7.69,Kg,宽x厚
CWP00612,热轧扁钢,FB140x8,Q235B,GB/T 700-2006,GB/T 702-2008,140x8,热轧,S1,QA3,M,8.79,Kg,宽x厚
CWP00613,热轧扁钢,FB140x9,Q235B,GB/T 700-2006,GB/T 702-2008,140x9,热轧,S1,QA3,M,9.89,Kg,宽x厚
CWP00614,热轧扁钢,FB140x10,Q235B,GB/T 700-2006,GB/T 702-2008,140x10,热轧,S1,QA3,M,10.99,Kg,宽x厚
CWP00615,热轧扁钢,FB140x11,Q235B,GB/T 700-2006,GB/T 702-2008,140x11,热轧,S1,QA3,M,12.09,Kg,宽x厚
CWP00616,热轧扁钢,FB140x12,Q235B,GB/T 700-2006,GB/T 702-2008,140x12,热轧,S1,QA3,M,13.19,Kg,宽x厚
CWP00617,热轧扁钢,FB140x14,Q235B,GB/T 700-2006,GB/T 702-2008,140x14,热轧,S1,QA3,M,15.39,Kg,宽x厚
CWP00618,热轧扁钢,FB140x16,Q235B,GB/T 700-2006,GB/T 702-2008,140x16,热轧,S1,QA3,M,17.58,Kg,宽x厚
CWP00619,热轧扁钢,FB140x18,Q235B,GB/T 700-2006,GB/T 702-2008,140x18,热轧,S1,QA3,M,19.78,Kg,宽x厚
CWP00620,热轧扁钢,FB140x20,Q235B,GB/T 700-2006,GB/T 702-2008,140x20,热轧,S1,QA3,M,21.98,Kg,宽x厚
CWP00621,热轧扁钢,FB140x22,Q235B,GB/T 700-2006,GB/T 702-2008,140x22,热轧,S1,QA3,M,24.18,Kg,宽x厚
CWP00622,热轧扁钢,FB140x25,Q235B,GB/T 700-2006,GB/T 702-2008,140x25,热轧,S1,QA3,M,27.48,Kg,宽x厚
CWP00623,热轧扁钢,FB140x28,Q235B,GB/T 700-2006,GB/T 702-2008,140x28,热轧,S1,QA3,M,30.77,Kg,宽x厚
CWP00624,热轧扁钢,FB140x30,Q235B,GB/T 700-2006,GB/T 702-2008,140x30,热轧,S1,QA3,M,32.97,Kg,宽x厚
CWP00625,热轧扁钢,FB140x32,Q235B,GB/T 700-2006,GB/T 702-2008,140x32,热轧,S1,QA3,M,35.17,Kg,宽x厚
CWP00626,热轧扁钢,FB140x36,Q235B,GB/T 700-2006,GB/T 702-2008,140x36,热轧,S1,QA3,M,39.56,Kg,宽x厚
CWP00627,热轧扁钢,FB140x40,Q235B,GB/T 700-2006,GB/T 702-2008,140x40,热轧,S1,QA3,M,43.96,Kg,宽x厚
CWP00628,热轧扁钢,FB140x45,Q235B,GB/T 700-2006,GB/T 702-2008,140x45,热轧,S1,QA3,M,49.46,Kg,宽x厚
CWP00629,热轧扁钢,FB140x50,Q235B,GB/T 700-2006,GB/T 702-2008,140x50,热轧,S1,QA3,M,54.95,Kg,宽x厚
CWP00630,热轧扁钢,FB140x56,Q235B,GB/T 700-2006,GB/T 702-2008,140x56,热轧,S1,QA3,M,61.54,Kg,宽x厚
CWP00631,热轧扁钢,FB140x60,Q235B,GB/T 700-2006,GB/T 702-2008,140x60,热轧,S1,QA3,M,65.94,Kg,宽x厚
CWP00632,热轧扁钢,FB150x7,Q235B,GB/T 700-2006,GB/T 702-2008,150x7,热轧,S1,QA3,M,8.24,Kg,宽x厚
CWP00633,热轧扁钢,FB150x8,Q235B,GB/T 700-2006,GB/T 702-2008,150x8,热轧,S1,QA3,M,9.42,Kg,宽x厚
CWP00634,热轧扁钢,FB150x9,Q235B,GB/T 700-2006,GB/T 702-2008,150x9,热轧,S1,QA3,M,10.6,Kg,宽x厚
CWP00635,热轧扁钢,FB150x10,Q235B,GB/T 700-2006,GB/T 702-2008,150x10,热轧,S1,QA3,M,11.78,Kg,宽x厚
CWP00636,热轧扁钢,FB150x11,Q235B,GB/T 700-2006,GB/T 702-2008,150x11,热轧,S1,QA3,M,12.95,Kg,宽x厚
CWP00637,热轧扁钢,FB150x12,Q235B,GB/T 700-2006,GB/T 702-2008,150x12,热轧,S1,QA3,M,14.13,Kg,宽x厚
CWP00638,热轧扁钢,FB150x14,Q235B,GB/T 700-2006,GB/T 702-2008,150x14,热轧,S1,QA3,M,16.48,Kg,宽x厚
CWP00639,热轧扁钢,FB150x16,Q235B,GB/T 700-2006,GB/T 702-2008,150x16,热轧,S1,QA3,M,18.84,Kg,宽x厚
CWP00640,热轧扁钢,FB150x18,Q235B,GB/T 700-2006,GB/T 702-2008,150x18,热轧,S1,QA3,M,21.2,Kg,宽x厚
CWP00641,热轧扁钢,FB150x20,Q235B,GB/T 700-2006,GB/T 702-2008,150x20,热轧,S1,QA3,M,23.55,Kg,宽x厚
CWP00642,热轧扁钢,FB150x22,Q235B,GB/T 700-2006,GB/T 702-2008,150x22,热轧,S1,QA3,M,25.9,Kg,宽x厚
CWP00643,热轧扁钢,FB150x25,Q235B,GB/T 700-2006,GB/T 702-2008,150x25,热轧,S1,QA3,M,29.44,Kg,宽x厚
CWP00644,热轧扁钢,FB150x28,Q235B,GB/T 700-2006,GB/T 702-2008,150x28,热轧,S1,QA3,M,32.97,Kg,宽x厚
CWP00645,热轧扁钢,FB150x30,Q235B,GB/T 700-2006,GB/T 702-2008,150x30,热轧,S1,QA3,M,35.32,Kg,宽x厚
CWP00646,热轧扁钢,FB150x32,Q235B,GB/T 700-2006,GB/T 702-2008,150x32,热轧,S1,QA3,M,37.68,Kg,宽x厚
CWP00647,热轧扁钢,FB150x36,Q235B,GB/T 700-2006,GB/T 702-2008,150x36,热轧,S1,QA3,M,42.39,Kg,宽x厚
CWP00648,热轧扁钢,FB150x40,Q235B,GB/T 700-2006,GB/T 702-2008,150x40,热轧,S1,QA3,M,47.1,Kg,宽x厚
CWP00649,热轧扁钢,FB150x45,Q235B,GB/T 700-2006,GB/T 702-2008,150x45,热轧,S1,QA3,M,52.99,Kg,宽x厚
CWP00650,热轧扁钢,FB150x50,Q235B,GB/T 700-2006,GB/T 702-2008,150x50,热轧,S1,QA3,M,58.88,Kg,宽x厚
CWP00651,热轧扁钢,FB150x56,Q235B,GB/T 700-2006,GB/T 702-2008,150x56,热轧,S1,QA3,M,65.94,Kg,宽x厚
CWP00652,热轧扁钢,FB150x60,Q235B,GB/T 700-2006,GB/T 702-2008,150x60,热轧,S1,QA3,M,70.65,Kg,宽x厚
CWP00653,热轧扁钢,FB160x7,Q235B,GB/T 700-2006,GB/T 702-2008,160x7,热轧,S1,QA3,M,8.79,Kg,宽x厚
CWP00654,热轧扁钢,FB160x8,Q235B,GB/T 700-2006,GB/T 702-2008,160x8,热轧,S1,QA3,M,10.05,Kg,宽x厚
CWP00655,热轧扁钢,FB160x9,Q235B,GB/T 700-2006,GB/T 702-2008,160x9,热轧,S1,QA3,M,11.3,Kg,宽x厚
CWP00656,热轧扁钢,FB160x10,Q235B,GB/T 700-2006,GB/T 702-2008,160x10,热轧,S1,QA3,M,12.56,Kg,宽x厚
CWP00657,热轧扁钢,FB160x11,Q235B,GB/T 700-2006,GB/T 702-2008,160x11,热轧,S1,QA3,M,13.82,Kg,宽x厚
CWP00658,热轧扁钢,FB160x12,Q235B,GB/T 700-2006,GB/T 702-2008,160x12,热轧,S1,QA3,M,15.07,Kg,宽x厚
CWP00659,热轧扁钢,FB160x14,Q235B,GB/T 700-2006,GB/T 702-2008,160x14,热轧,S1,QA3,M,17.58,Kg,宽x厚
CWP00660,热轧扁钢,FB160x16,Q235B,GB/T 700-2006,GB/T 702-2008,160x16,热轧,S1,QA3,M,20.1,Kg,宽x厚
CWP00661,热轧扁钢,FB160x18,Q235B,GB/T 700-2006,GB/T 702-2008,160x18,热轧,S1,QA3,M,22.61,Kg,宽x厚
CWP00662,热轧扁钢,FB160x20,Q235B,GB/T 700-2006,GB/T 702-2008,160x20,热轧,S1,QA3,M,25.12,Kg,宽x厚
CWP00663,热轧扁钢,FB160x22,Q235B,GB/T 700-2006,GB/T 702-2008,160x22,热轧,S1,QA3,M,27.63,Kg,宽x厚
CWP00664,热轧扁钢,FB160x25,Q235B,GB/T 700-2006,GB/T 702-2008,160x25,热轧,S1,QA3,M,31.4,Kg,宽x厚
CWP00665,热轧扁钢,FB160x28,Q235B,GB/T 700-2006,GB/T 702-2008,160x28,热轧,S1,QA3,M,35.17,Kg,宽x厚
CWP00666,热轧扁钢,FB160x30,Q235B,GB/T 700-2006,GB/T 702-2008,160x30,热轧,S1,QA3,M,37.68,Kg,宽x厚
CWP00667,热轧扁钢,FB160x32,Q235B,GB/T 700-2006,GB/T 702-2008,160x32,热轧,S1,QA3,M,40.19,Kg,宽x厚
CWP00668,热轧扁钢,FB160x36,Q235B,GB/T 700-2006,GB/T 702-2008,160x36,热轧,S1,QA3,M,45.22,Kg,宽x厚
CWP00669,热轧扁钢,FB160x40,Q235B,GB/T 700-2006,GB/T 702-2008,160x40,热轧,S1,QA3,M,50.24,Kg,宽x厚
CWP00670,热轧扁钢,FB160x45,Q235B,GB/T 700-2006,GB/T 702-2008,160x45,热轧,S1,QA3,M,56.52,Kg,宽x厚
CWP00671,热轧扁钢,FB160x50,Q235B,GB/T 700-2006,GB/T 702-2008,160x50,热轧,S1,QA3,M,62.8,Kg,宽x厚
CWP00672,热轧扁钢,FB160x56,Q235B,GB/T 700-2006,GB/T 702-2008,160x56,热轧,S1,QA3,M,70.34,Kg,宽x厚
CWP00673,热轧扁钢,FB160x60,Q235B,GB/T 700-2006,GB/T 702-2008,160x60,热轧,S1,QA3,M,75.36,Kg,宽x厚
CWP00674,热轧扁钢,FB180x7,Q235B,GB/T 700-2006,GB/T 702-2008,180x7,热轧,S1,QA3,M,9.89,Kg,宽x厚
CWP00675,热轧扁钢,FB180x8,Q235B,GB/T 700-2006,GB/T 702-2008,180x8,热轧,S1,QA3,M,11.3,Kg,宽x厚
CWP00676,热轧扁钢,FB180x9,Q235B,GB/T 700-2006,GB/T 702-2008,180x9,热轧,S1,QA3,M,12.72,Kg,宽x厚
CWP00677,热轧扁钢,FB180x10,Q235B,GB/T 700-2006,GB/T 702-2008,180x10,热轧,S1,QA3,M,14.13,Kg,宽x厚
CWP00678,热轧扁钢,FB180x11,Q235B,GB/T 700-2006,GB/T 702-2008,180x11,热轧,S1,QA3,M,15.54,Kg,宽x厚
CWP00679,热轧扁钢,FB180x12,Q235B,GB/T 700-2006,GB/T 702-2008,180x12,热轧,S1,QA3,M,16.96,Kg,宽x厚
CWP00680,热轧扁钢,FB180x14,Q235B,GB/T 700-2006,GB/T 702-2008,180x14,热轧,S1,QA3,M,19.78,Kg,宽x厚
CWP00681,热轧扁钢,FB180x16,Q235B,GB/T 700-2006,GB/T 702-2008,180x16,热轧,S1,QA3,M,22.61,Kg,宽x厚
CWP00682,热轧扁钢,FB180x18,Q235B,GB/T 700-2006,GB/T 702-2008,180x18,热轧,S1,QA3,M,25.43,Kg,宽x厚
CWP00683,热轧扁钢,FB180x20,Q235B,GB/T 700-2006,GB/T 702-2008,180x20,热轧,S1,QA3,M,28.26,Kg,宽x厚
CWP00684,热轧扁钢,FB180x22,Q235B,GB/T 700-2006,GB/T 702-2008,180x22,热轧,S1,QA3,M,31.09,Kg,宽x厚
CWP00685,热轧扁钢,FB180x25,Q235B,GB/T 700-2006,GB/T 702-2008,180x25,热轧,S1,QA3,M,35.32,Kg,宽x厚
CWP00686,热轧扁钢,FB180x28,Q235B,GB/T 700-2006,GB/T 702-2008,180x28,热轧,S1,QA3,M,39.56,Kg,宽x厚
CWP00687,热轧扁钢,FB180x30,Q235B,GB/T 700-2006,GB/T 702-2008,180x30,热轧,S1,QA3,M,42.39,Kg,宽x厚
CWP00688,热轧扁钢,FB180x32,Q235B,GB/T 700-2006,GB/T 702-2008,180x32,热轧,S1,QA3,M,45.22,Kg,宽x厚
CWP00689,热轧扁钢,FB180x36,Q235B,GB/T 700-2006,GB/T 702-2008,180x36,热轧,S1,QA3,M,50.87,Kg,宽x厚
CWP00690,热轧扁钢,FB180x40,Q235B,GB/T 700-2006,GB/T 702-2008,180x40,热轧,S1,QA3,M,56.52,Kg,宽x厚
CWP00691,热轧扁钢,FB180x45,Q235B,GB/T 700-2006,GB/T 702-2008,180x45,热轧,S1,QA3,M,63.58,Kg,宽x厚
CWP00692,热轧扁钢,FB180x50,Q235B,GB/T 700-2006,GB/T 702-2008,180x50,热轧,S1,QA3,M,70.65,Kg,宽x厚
CWP00693,热轧扁钢,FB180x56,Q235B,GB/T 700-2006,GB/T 702-2008,180x56,热轧,S1,QA3,M,79.13,Kg,宽x厚
CWP00694,热轧扁钢,FB180x60,Q235B,GB/T 700-2006,GB/T 702-2008,180x60,热轧,S1,QA3,M,84.78,Kg,宽x厚
CWP00695,热轧扁钢,FB200x7,Q235B,GB/T 700-2006,GB/T 702-2008,200x7,热轧,S1,QA3,M,10.99,Kg,宽x厚
CWP00696,热轧扁钢,FB200x8,Q235B,GB/T 700-2006,GB/T 702-2008,200x8,热轧,S1,QA3,M,12.56,Kg,宽x厚
CWP00697,热轧扁钢,FB200x9,Q235B,GB/T 700-2006,GB/T 702-2008,200x9,热轧,S1,QA3,M,14.13,Kg,宽x厚
CWP00698,热轧扁钢,FB200x10,Q235B,GB/T 700-2006,GB/T 702-2008,200x10,热轧,S1,QA3,M,15.7,Kg,宽x厚
CWP00699,热轧扁钢,FB200x11,Q235B,GB/T 700-2006,GB/T 702-2008,200x11,热轧,S1,QA3,M,17.27,Kg,宽x厚
CWP00700,热轧扁钢,FB200x12,Q235B,GB/T 700-2006,GB/T 702-2008,200x12,热轧,S1,QA3,M,18.84,Kg,宽x厚
CWP00701,热轧扁钢,FB200x14,Q235B,GB/T 700-2006,GB/T 702-2008,200x14,热轧,S1,QA3,M,21.98,Kg,宽x厚
CWP00702,热轧扁钢,FB200x16,Q235B,GB/T 700-2006,GB/T 702-2008,200x16,热轧,S1,QA3,M,25.12,Kg,宽x厚
CWP00703,热轧扁钢,FB200x18,Q235B,GB/T 700-2006,GB/T 702-2008,200x18,热轧,S1,QA3,M,28.26,Kg,宽x厚
CWP00704,热轧扁钢,FB200x20,Q235B,GB/T 700-2006,GB/T 702-2008,200x20,热轧,S1,QA3,M,31.4,Kg,宽x厚
CWP00705,热轧扁钢,FB200x22,Q235B,GB/T 700-2006,GB/T 702-2008,200x22,热轧,S1,QA3,M,35.54,Kg,宽x厚
CWP00706,热轧扁钢,FB200x25,Q235B,GB/T 700-2006,GB/T 702-2008,200x25,热轧,S1,QA3,M,39.25,Kg,宽x厚
CWP00707,热轧扁钢,FB200x28,Q235B,GB/T 700-2006,GB/T 702-2008,200x28,热轧,S1,QA3,M,43.96,Kg,宽x厚
CWP00708,热轧扁钢,FB200x30,Q235B,GB/T 700-2006,GB/T 702-2008,200x30,热轧,S1,QA3,M,47.1,Kg,宽x厚
CWP00709,热轧扁钢,FB200x32,Q235B,GB/T 700-2006,GB/T 702-2008,200x32,热轧,S1,QA3,M,50.24,Kg,宽x厚
CWP00710,热轧扁钢,FB200x36,Q235B,GB/T 700-2006,GB/T 702-2008,200x36,热轧,S1,QA3,M,56.52,Kg,宽x厚
CWP00711,热轧扁钢,FB200x40,Q235B,GB/T 700-2006,GB/T 702-2008,200x40,热轧,S1,QA3,M,62.8,Kg,宽x厚
CWP00712,热轧扁钢,FB200x45,Q235B,GB/T 700-2006,GB/T 702-2008,200x45,热轧,S1,QA3,M,70.65,Kg,宽x厚
CWP00713,热轧扁钢,FB200x50,Q235B,GB/T 700-2006,GB/T 702-2008,200x50,热轧,S1,QA3,M,78.5,Kg,宽x厚
CWP00714,热轧扁钢,FB200x56,Q235B,GB/T 700-2006,GB/T 702-2008,200x56,热轧,S1,QA3,M,87.92,Kg,宽x厚
CWP00715,热轧扁钢,FB200x60,Q235B,GB/T 700-2006,GB/T 702-2008,200x60,热轧,S1,QA3,M,94.2,Kg,宽x厚
CWP00716,热轧工具钢扁钢,FB10x4,Q235B,GB/T 700-2006,GB/T 702-2008,10x4,热轧,S1,QA3,M,0.31,Kg,宽x厚
CWP00717,热轧工具钢扁钢,FB10x6,Q235B,GB/T 700-2006,GB/T 702-2008,10x6,热轧,S1,QA3,M,0.47,Kg,宽x厚
CWP00718,热轧工具钢扁钢,FB10x8,Q235B,GB/T 700-2006,GB/T 702-2008,10x8,热轧,S1,QA3,M,0.63,Kg,宽x厚
CWP00719,热轧工具钢扁钢,FB13x4,Q235B,GB/T 700-2006,GB/T 702-2008,13x4,热轧,S1,QA3,M,0.41,Kg,宽x厚
CWP00720,热轧工具钢扁钢,FB13x6,Q235B,GB/T 700-2006,GB/T 702-2008,13x6,热轧,S1,QA3,M,0.61,Kg,宽x厚
CWP00721,热轧工具钢扁钢,FB13x8,Q235B,GB/T 700-2006,GB/T 702-2008,13x8,热轧,S1,QA3,M,0.82,Kg,宽x厚
CWP00722,热轧工具钢扁钢,FB13x10,Q235B,GB/T 700-2006,GB/T 702-2008,13x10,热轧,S1,QA3,M,1.02,Kg,宽x厚
CWP00723,热轧工具钢扁钢,FB16x4,Q235B,GB/T 700-2006,GB/T 702-2008,16x4,热轧,S1,QA3,M,0.5,Kg,宽x厚
CWP00724,热轧工具钢扁钢,FB16x6,Q235B,GB/T 700-2006,GB/T 702-2008,16x6,热轧,S1,QA3,M,0.75,Kg,宽x厚
CWP00725,热轧工具钢扁钢,FB16x8,Q235B,GB/T 700-2006,GB/T 702-2008,16x8,热轧,S1,QA3,M,1,Kg,宽x厚
CWP00726,热轧工具钢扁钢,FB16x10,Q235B,GB/T 700-2006,GB/T 702-2008,16x10,热轧,S1,QA3,M,1.26,Kg,宽x厚
CWP00727,热轧工具钢扁钢,FB16x13,Q235B,GB/T 700-2006,GB/T 702-2008,16x13,热轧,S1,QA3,M,1.63,Kg,宽x厚
CWP00728,热轧工具钢扁钢,FB20x4,Q235B,GB/T 700-2006,GB/T 702-2008,20x4,热轧,S1,QA3,M,0.63,Kg,宽x厚
CWP00729,热轧工具钢扁钢,FB20x6,Q235B,GB/T 700-2006,GB/T 702-2008,20x6,热轧,S1,QA3,M,0.94,Kg,宽x厚
CWP00730,热轧工具钢扁钢,FB20x8,Q235B,GB/T 700-2006,GB/T 702-2008,20x8,热轧,S1,QA3,M,1.26,Kg,宽x厚
CWP00731,热轧工具钢扁钢,FB20x10,Q235B,GB/T 700-2006,GB/T 702-2008,20x10,热轧,S1,QA3,M,1.57,Kg,宽x厚
CWP00732,热轧工具钢扁钢,FB20x13,Q235B,GB/T 700-2006,GB/T 702-2008,20x13,热轧,S1,QA3,M,2.04,Kg,宽x厚
CWP00733,热轧工具钢扁钢,FB20x16,Q235B,GB/T 700-2006,GB/T 702-2008,20x16,热轧,S1,QA3,M,2.51,Kg,宽x厚
CWP00734,热轧工具钢扁钢,FB20x18,Q235B,GB/T 700-2006,GB/T 702-2008,20x18,热轧,S1,QA3,M,2.83,Kg,宽x厚
CWP00735,热轧工具钢扁钢,FB25x4,Q235B,GB/T 700-2006,GB/T 702-2008,25x4,热轧,S1,QA3,M,0.79,Kg,宽x厚
CWP00736,热轧工具钢扁钢,FB25x6,Q235B,GB/T 700-2006,GB/T 702-2008,25x6,热轧,S1,QA3,M,1.18,Kg,宽x厚
CWP00737,热轧工具钢扁钢,FB25x8,Q235B,GB/T 700-2006,GB/T 702-2008,25x8,热轧,S1,QA3,M,1.57,Kg,宽x厚
CWP00738,热轧工具钢扁钢,FB25x10,Q235B,GB/T 700-2006,GB/T 702-2008,25x10,热轧,S1,QA3,M,1.96,Kg,宽x厚
CWP00739,热轧工具钢扁钢,FB25x13,Q235B,GB/T 700-2006,GB/T 702-2008,25x13,热轧,S1,QA3,M,2.55,Kg,宽x厚
CWP00740,热轧工具钢扁钢,FB25x16,Q235B,GB/T 700-2006,GB/T 702-2008,25x16,热轧,S1,QA3,M,3.14,Kg,宽x厚
CWP00741,热轧工具钢扁钢,FB25x18,Q235B,GB/T 700-2006,GB/T 702-2008,25x18,热轧,S1,QA3,M,3.53,Kg,宽x厚
CWP00742,热轧工具钢扁钢,FB25x20,Q235B,GB/T 700-2006,GB/T 702-2008,25x20,热轧,S1,QA3,M,3.93,Kg,宽x厚
CWP00743,热轧工具钢扁钢,FB25x23,Q235B,GB/T 700-2006,GB/T 702-2008,25x23,热轧,S1,QA3,M,4.51,Kg,宽x厚
CWP00744,热轧工具钢扁钢,FB32x4,Q235B,GB/T 700-2006,GB/T 702-2008,32x4,热轧,S1,QA3,M,1,Kg,宽x厚
CWP00745,热轧工具钢扁钢,FB32x6,Q235B,GB/T 700-2006,GB/T 702-2008,32x6,热轧,S1,QA3,M,1.51,Kg,宽x厚
CWP00746,热轧工具钢扁钢,FB32x8,Q235B,GB/T 700-2006,GB/T 702-2008,32x8,热轧,S1,QA3,M,2.01,Kg,宽x厚
CWP00747,热轧工具钢扁钢,FB32x10,Q235B,GB/T 700-2006,GB/T 702-2008,32x10,热轧,S1,QA3,M,2.51,Kg,宽x厚
CWP00748,热轧工具钢扁钢,FB32x13,Q235B,GB/T 700-2006,GB/T 702-2008,32x13,热轧,S1,QA3,M,3.27,Kg,宽x厚
CWP00749,热轧工具钢扁钢,FB32x16,Q235B,GB/T 700-2006,GB/T 702-2008,32x16,热轧,S1,QA3,M,4.02,Kg,宽x厚
CWP00750,热轧工具钢扁钢,FB32x18,Q235B,GB/T 700-2006,GB/T 702-2008,32x18,热轧,S1,QA3,M,4.52,Kg,宽x厚
CWP00751,热轧工具钢扁钢,FB32x20,Q235B,GB/T 700-2006,GB/T 702-2008,32x20,热轧,S1,QA3,M,5.02,Kg,宽x厚
CWP00752,热轧工具钢扁钢,FB32x23,Q235B,GB/T 700-2006,GB/T 702-2008,32x23,热轧,S1,QA3,M,5.78,Kg,宽x厚
CWP00753,热轧工具钢扁钢,FB32x25,Q235B,GB/T 700-2006,GB/T 702-2008,32x25,热轧,S1,QA3,M,6.28,Kg,宽x厚
CWP00754,热轧工具钢扁钢,FB32x28,Q235B,GB/T 700-2006,GB/T 702-2008,32x28,热轧,S1,QA3,M,7.03,Kg,宽x厚
CWP00755,热轧工具钢扁钢,FB40x4,Q235B,GB/T 700-2006,GB/T 702-2008,40x4,热轧,S1,QA3,M,1.26,Kg,宽x厚
CWP00756,热轧工具钢扁钢,FB40x6,Q235B,GB/T 700-2006,GB/T 702-2008,40x6,热轧,S1,QA3,M,1.88,Kg,宽x厚
CWP00757,热轧工具钢扁钢,FB40x8,Q235B,GB/T 700-2006,GB/T 702-2008,40x8,热轧,S1,QA3,M,2.51,Kg,宽x厚
CWP00758,热轧工具钢扁钢,FB40x10,Q235B,GB/T 700-2006,GB/T 702-2008,40x10,热轧,S1,QA3,M,3.14,Kg,宽x厚
CWP00759,热轧工具钢扁钢,FB40x13,Q235B,GB/T 700-2006,GB/T 702-2008,40x13,热轧,S1,QA3,M,4.08,Kg,宽x厚
CWP00760,热轧工具钢扁钢,FB40x16,Q235B,GB/T 700-2006,GB/T 702-2008,40x16,热轧,S1,QA3,M,5.02,Kg,宽x厚
CWP00761,热轧工具钢扁钢,FB40x18,Q235B,GB/T 700-2006,GB/T 702-2008,40x18,热轧,S1,QA3,M,5.65,Kg,宽x厚
CWP00762,热轧工具钢扁钢,FB40x20,Q235B,GB/T 700-2006,GB/T 702-2008,40x20,热轧,S1,QA3,M,6.28,Kg,宽x厚
CWP00763,热轧工具钢扁钢,FB40x23,Q235B,GB/T 700-2006,GB/T 702-2008,40x23,热轧,S1,QA3,M,7.22,Kg,宽x厚
CWP00764,热轧工具钢扁钢,FB40x25,Q235B,GB/T 700-2006,GB/T 702-2008,40x25,热轧,S1,QA3,M,7.85,Kg,宽x厚
CWP00765,热轧工具钢扁钢,FB40x28,Q235B,GB/T 700-2006,GB/T 702-2008,40x28,热轧,S1,QA3,M,8.79,Kg,宽x厚
CWP00766,热轧工具钢扁钢,FB40x32,Q235B,GB/T 700-2006,GB/T 702-2008,40x32,热轧,S1,QA3,M,10.05,Kg,宽x厚
CWP00767,热轧工具钢扁钢,FB40x36,Q235B,GB/T 700-2006,GB/T 702-2008,40x36,热轧,S1,QA3,M,11.3,Kg,宽x厚
CWP00768,热轧工具钢扁钢,FB50x4,Q235B,GB/T 700-2006,GB/T 702-2008,50x4,热轧,S1,QA3,M,1.57,Kg,宽x厚
CWP00769,热轧工具钢扁钢,FB50x6,Q235B,GB/T 700-2006,GB/T 702-2008,50x6,热轧,S1,QA3,M,2.36,Kg,宽x厚
CWP00770,热轧工具钢扁钢,FB50x8,Q235B,GB/T 700-2006,GB/T 702-2008,50x8,热轧,S1,QA3,M,3.14,Kg,宽x厚
CWP00771,热轧工具钢扁钢,FB50x10,Q235B,GB/T 700-2006,GB/T 702-2008,50x10,热轧,S1,QA3,M,3.93,Kg,宽x厚
CWP00772,热轧工具钢扁钢,FB50x13,Q235B,GB/T 700-2006,GB/T 702-2008,50x13,热轧,S1,QA3,M,5.1,Kg,宽x厚
CWP00773,热轧工具钢扁钢,FB50x16,Q235B,GB/T 700-2006,GB/T 702-2008,50x16,热轧,S1,QA3,M,6.28,Kg,宽x厚
CWP00774,热轧工具钢扁钢,FB50x18,Q235B,GB/T 700-2006,GB/T 702-2008,50x18,热轧,S1,QA3,M,7.07,Kg,宽x厚
CWP00775,热轧工具钢扁钢,FB50x20,Q235B,GB/T 700-2006,GB/T 702-2008,50x20,热轧,S1,QA3,M,7.85,Kg,宽x厚
CWP00776,热轧工具钢扁钢,FB50x23,Q235B,GB/T 700-2006,GB/T 702-2008,50x23,热轧,S1,QA3,M,9.03,Kg,宽x厚
CWP00777,热轧工具钢扁钢,FB50x25,Q235B,GB/T 700-2006,GB/T 702-2008,50x25,热轧,S1,QA3,M,9.81,Kg,宽x厚
CWP00778,热轧工具钢扁钢,FB50x28,Q235B,GB/T 700-2006,GB/T 702-2008,50x28,热轧,S1,QA3,M,10.99,Kg,宽x厚
CWP00779,热轧工具钢扁钢,FB50x32,Q235B,GB/T 700-2006,GB/T 702-2008,50x32,热轧,S1,QA3,M,12.56,Kg,宽x厚
CWP00780,热轧工具钢扁钢,FB50x36,Q235B,GB/T 700-2006,GB/T 702-2008,50x36,热轧,S1,QA3,M,14.13,Kg,宽x厚
CWP00781,热轧工具钢扁钢,FB50x40,Q235B,GB/T 700-2006,GB/T 702-2008,50x40,热轧,S1,QA3,M,15.7,Kg,宽x厚
CWP00782,热轧工具钢扁钢,FB50x45,Q235B,GB/T 700-2006,GB/T 702-2008,50x45,热轧,S1,QA3,M,17.66,Kg,宽x厚
CWP00783,热轧工具钢扁钢,FB63x4,Q235B,GB/T 700-2006,GB/T 702-2008,63x4,热轧,S1,QA3,M,1.98,Kg,宽x厚
CWP00784,热轧工具钢扁钢,FB63x6,Q235B,GB/T 700-2006,GB/T 702-2008,63x6,热轧,S1,QA3,M,2.97,Kg,宽x厚
CWP00785,热轧工具钢扁钢,FB63x8,Q235B,GB/T 700-2006,GB/T 702-2008,63x8,热轧,S1,QA3,M,3.96,Kg,宽x厚
CWP00786,热轧工具钢扁钢,FB63x10,Q235B,GB/T 700-2006,GB/T 702-2008,63x10,热轧,S1,QA3,M,4.95,Kg,宽x厚
CWP00787,热轧工具钢扁钢,FB63x13,Q235B,GB/T 700-2006,GB/T 702-2008,63x13,热轧,S1,QA3,M,6.43,Kg,宽x厚
CWP00788,热轧工具钢扁钢,FB63x16,Q235B,GB/T 700-2006,GB/T 702-2008,63x16,热轧,S1,QA3,M,7.91,Kg,宽x厚
CWP00789,热轧工具钢扁钢,FB63x18,Q235B,GB/T 700-2006,GB/T 702-2008,63x18,热轧,S1,QA3,M,8.9,Kg,宽x厚
CWP00790,热轧工具钢扁钢,FB63x20,Q235B,GB/T 700-2006,GB/T 702-2008,63x20,热轧,S1,QA3,M,9.89,Kg,宽x厚
CWP00791,热轧工具钢扁钢,FB63x23,Q235B,GB/T 700-2006,GB/T 702-2008,63x23,热轧,S1,QA3,M,11.37,Kg,宽x厚
CWP00792,热轧工具钢扁钢,FB63x25,Q235B,GB/T 700-2006,GB/T 702-2008,63x25,热轧,S1,QA3,M,12.36,Kg,宽x厚
CWP00793,热轧工具钢扁钢,FB63x28,Q235B,GB/T 700-2006,GB/T 702-2008,63x28,热轧,S1,QA3,M,13.85,Kg,宽x厚
CWP00794,热轧工具钢扁钢,FB63x32,Q235B,GB/T 700-2006,GB/T 702-2008,63x32,热轧,S1,QA3,M,15.83,Kg,宽x厚
CWP00795,热轧工具钢扁钢,FB63x36,Q235B,GB/T 700-2006,GB/T 702-2008,63x36,热轧,S1,QA3,M,17.8,Kg,宽x厚
CWP00796,热轧工具钢扁钢,FB63x40,Q235B,GB/T 700-2006,GB/T 702-2008,63x40,热轧,S1,QA3,M,19.78,Kg,宽x厚
CWP00797,热轧工具钢扁钢,FB63x45,Q235B,GB/T 700-2006,GB/T 702-2008,63x45,热轧,S1,QA3,M,22.25,Kg,宽x厚
CWP00798,热轧工具钢扁钢,FB63x50,Q235B,GB/T 700-2006,GB/T 702-2008,63x50,热轧,S1,QA3,M,24.73,Kg,宽x厚
CWP00799,热轧工具钢扁钢,FB63x56,Q235B,GB/T 700-2006,GB/T 702-2008,63x56,热轧,S1,QA3,M,27.69,Kg,宽x厚
CWP00800,热轧工具钢扁钢,FB71x4,Q235B,GB/T 700-2006,GB/T 702-2008,71x4,热轧,S1,QA3,M,2.23,Kg,宽x厚
CWP00801,热轧工具钢扁钢,FB71x6,Q235B,GB/T 700-2006,GB/T 702-2008,71x6,热轧,S1,QA3,M,3.34,Kg,宽x厚
CWP00802,热轧工具钢扁钢,FB71x8,Q235B,GB/T 700-2006,GB/T 702-2008,71x8,热轧,S1,QA3,M,4.46,Kg,宽x厚
CWP00803,热轧工具钢扁钢,FB71x10,Q235B,GB/T 700-2006,GB/T 702-2008,71x10,热轧,S1,QA3,M,5.57,Kg,宽x厚
CWP00804,热轧工具钢扁钢,FB71x13,Q235B,GB/T 700-2006,GB/T 702-2008,71x13,热轧,S1,QA3,M,7.25,Kg,宽x厚
CWP00805,热轧工具钢扁钢,FB71x16,Q235B,GB/T 700-2006,GB/T 702-2008,71x16,热轧,S1,QA3,M,8.92,Kg,宽x厚
CWP00806,热轧工具钢扁钢,FB71x18,Q235B,GB/T 700-2006,GB/T 702-2008,71x18,热轧,S1,QA3,M,10.03,Kg,宽x厚
CWP00807,热轧工具钢扁钢,FB71x20,Q235B,GB/T 700-2006,GB/T 702-2008,71x20,热轧,S1,QA3,M,11.15,Kg,宽x厚
CWP00808,热轧工具钢扁钢,FB71x23,Q235B,GB/T 700-2006,GB/T 702-2008,71x23,热轧,S1,QA3,M,12.82,Kg,宽x厚
CWP00809,热轧工具钢扁钢,FB71x25,Q235B,GB/T 700-2006,GB/T 702-2008,71x25,热轧,S1,QA3,M,13.93,Kg,宽x厚
CWP00810,热轧工具钢扁钢,FB71x28,Q235B,GB/T 700-2006,GB/T 702-2008,71x28,热轧,S1,QA3,M,15.61,Kg,宽x厚
CWP00811,热轧工具钢扁钢,FB71x32,Q235B,GB/T 700-2006,GB/T 702-2008,71x32,热轧,S1,QA3,M,17.84,Kg,宽x厚
CWP00812,热轧工具钢扁钢,FB71x36,Q235B,GB/T 700-2006,GB/T 702-2008,71x36,热轧,S1,QA3,M,20.06,Kg,宽x厚
CWP00813,热轧工具钢扁钢,FB71x40,Q235B,GB/T 700-2006,GB/T 702-2008,71x40,热轧,S1,QA3,M,22.29,Kg,宽x厚
CWP00814,热轧工具钢扁钢,FB71x45,Q235B,GB/T 700-2006,GB/T 702-2008,71x45,热轧,S1,QA3,M,25.08,Kg,宽x厚
CWP00815,热轧工具钢扁钢,FB71x50,Q235B,GB/T 700-2006,GB/T 702-2008,71x50,热轧,S1,QA3,M,27.87,Kg,宽x厚
CWP00816,热轧工具钢扁钢,FB71x56,Q235B,GB/T 700-2006,GB/T 702-2008,71x56,热轧,S1,QA3,M,31.21,Kg,宽x厚
CWP00817,热轧工具钢扁钢,FB71x63,Q235B,GB/T 700-2006,GB/T 702-2008,71x63,热轧,S1,QA3,M,35.11,Kg,宽x厚
CWP00818,热轧工具钢扁钢,FB80x4,Q235B,GB/T 700-2006,GB/T 702-2008,80x4,热轧,S1,QA3,M,2.51,Kg,宽x厚
CWP00819,热轧工具钢扁钢,FB80x6,Q235B,GB/T 700-2006,GB/T 702-2008,80x6,热轧,S1,QA3,M,3.77,Kg,宽x厚
CWP00820,热轧工具钢扁钢,FB80x8,Q235B,GB/T 700-2006,GB/T 702-2008,80x8,热轧,S1,QA3,M,5.02,Kg,宽x厚
CWP00821,热轧工具钢扁钢,FB80x10,Q235B,GB/T 700-2006,GB/T 702-2008,80x10,热轧,S1,QA3,M,6.28,Kg,宽x厚
CWP00822,热轧工具钢扁钢,FB80x13,Q235B,GB/T 700-2006,GB/T 702-2008,80x13,热轧,S1,QA3,M,8.16,Kg,宽x厚
CWP00823,热轧工具钢扁钢,FB80x16,Q235B,GB/T 700-2006,GB/T 702-2008,80x16,热轧,S1,QA3,M,10.05,Kg,宽x厚
CWP00824,热轧工具钢扁钢,FB80x18,Q235B,GB/T 700-2006,GB/T 702-2008,80x18,热轧,S1,QA3,M,11.3,Kg,宽x厚
CWP00825,热轧工具钢扁钢,FB80x20,Q235B,GB/T 700-2006,GB/T 702-2008,80x20,热轧,S1,QA3,M,12.56,Kg,宽x厚
CWP00826,热轧工具钢扁钢,FB80x23,Q235B,GB/T 700-2006,GB/T 702-2008,80x23,热轧,S1,QA3,M,14.44,Kg,宽x厚
CWP00827,热轧工具钢扁钢,FB80x25,Q235B,GB/T 700-2006,GB/T 702-2008,80x25,热轧,S1,QA3,M,15.7,Kg,宽x厚
CWP00828,热轧工具钢扁钢,FB80x28,Q235B,GB/T 700-2006,GB/T 702-2008,80x28,热轧,S1,QA3,M,17.58,Kg,宽x厚
CWP00829,热轧工具钢扁钢,FB80x32,Q235B,GB/T 700-2006,GB/T 702-2008,80x32,热轧,S1,QA3,M,20.1,Kg,宽x厚
CWP00830,热轧工具钢扁钢,FB80x36,Q235B,GB/T 700-2006,GB/T 702-2008,80x36,热轧,S1,QA3,M,22.61,Kg,宽x厚
CWP00831,热轧工具钢扁钢,FB80x40,Q235B,GB/T 700-2006,GB/T 702-2008,80x40,热轧,S1,QA3,M,25.12,Kg,宽x厚
CWP00832,热轧工具钢扁钢,FB80x45,Q235B,GB/T 700-2006,GB/T 702-2008,80x45,热轧,S1,QA3,M,28.26,Kg,宽x厚
CWP00833,热轧工具钢扁钢,FB80x50,Q235B,GB/T 700-2006,GB/T 702-2008,80x50,热轧,S1,QA3,M,31.4,Kg,宽x厚
CWP00834,热轧工具钢扁钢,FB80x56,Q235B,GB/T 700-2006,GB/T 702-2008,80x56,热轧,S1,QA3,M,35.17,Kg,宽x厚
CWP00835,热轧工具钢扁钢,FB80x63,Q235B,GB/T 700-2006,GB/T 702-2008,80x63,热轧,S1,QA3,M,39.56,Kg,宽x厚
CWP00836,热轧工具钢扁钢,FB80x71,Q235B,GB/T 700-2006,GB/T 702-2008,80x71,热轧,S1,QA3,M,44.59,Kg,宽x厚
CWP00837,热轧工具钢扁钢,FB90x4,Q235B,GB/T 700-2006,GB/T 702-2008,90x4,热轧,S1,QA3,M,2.83,Kg,宽x厚
CWP00838,热轧工具钢扁钢,FB90x6,Q235B,GB/T 700-2006,GB/T 702-2008,90x6,热轧,S1,QA3,M,4.24,Kg,宽x厚
CWP00839,热轧工具钢扁钢,FB90x8,Q235B,GB/T 700-2006,GB/T 702-2008,90x8,热轧,S1,QA3,M,5.65,Kg,宽x厚
CWP00840,热轧工具钢扁钢,FB90x10,Q235B,GB/T 700-2006,GB/T 702-2008,90x10,热轧,S1,QA3,M,7.07,Kg,宽x厚
CWP00841,热轧工具钢扁钢,FB90x13,Q235B,GB/T 700-2006,GB/T 702-2008,90x13,热轧,S1,QA3,M,9.18,Kg,宽x厚
CWP00842,热轧工具钢扁钢,FB90x16,Q235B,GB/T 700-2006,GB/T 702-2008,90x16,热轧,S1,QA3,M,11.3,Kg,宽x厚
CWP00843,热轧工具钢扁钢,FB90x18,Q235B,GB/T 700-2006,GB/T 702-2008,90x18,热轧,S1,QA3,M,12.72,Kg,宽x厚
CWP00844,热轧工具钢扁钢,FB90x20,Q235B,GB/T 700-2006,GB/T 702-2008,90x20,热轧,S1,QA3,M,14.13,Kg,宽x厚
CWP00845,热轧工具钢扁钢,FB90x23,Q235B,GB/T 700-2006,GB/T 702-2008,90x23,热轧,S1,QA3,M,16.25,Kg,宽x厚
CWP00846,热轧工具钢扁钢,FB90x25,Q235B,GB/T 700-2006,GB/T 702-2008,90x25,热轧,S1,QA3,M,17.66,Kg,宽x厚
CWP00847,热轧工具钢扁钢,FB90x28,Q235B,GB/T 700-2006,GB/T 702-2008,90x28,热轧,S1,QA3,M,19.78,Kg,宽x厚
CWP00848,热轧工具钢扁钢,FB90x32,Q235B,GB/T 700-2006,GB/T 702-2008,90x32,热轧,S1,QA3,M,22.61,Kg,宽x厚
CWP00849,热轧工具钢扁钢,FB90x36,Q235B,GB/T 700-2006,GB/T 702-2008,90x36,热轧,S1,QA3,M,25.43,Kg,宽x厚
CWP00850,热轧工具钢扁钢,FB90x40,Q235B,GB/T 700-2006,GB/T 702-2008,90x40,热轧,S1,QA3,M,28.26,Kg,宽x厚
CWP00851,热轧工具钢扁钢,FB90x45,Q235B,GB/T 700-2006,GB/T 702-2008,90x45,热轧,S1,QA3,M,31.79,Kg,宽x厚
CWP00852,热轧工具钢扁钢,FB90x50,Q235B,GB/T 700-2006,GB/T 702-2008,90x50,热轧,S1,QA3,M,35.33,Kg,宽x厚
CWP00853,热轧工具钢扁钢,FB90x56,Q235B,GB/T 700-2006,GB/T 702-2008,90x56,热轧,S1,QA3,M,39.56,Kg,宽x厚
CWP00854,热轧工具钢扁钢,FB90x63,Q235B,GB/T 700-2006,GB/T 702-2008,90x63,热轧,S1,QA3,M,44.51,Kg,宽x厚
CWP00855,热轧工具钢扁钢,FB90x71,Q235B,GB/T 700-2006,GB/T 702-2008,90x71,热轧,S1,QA3,M,50.16,Kg,宽x厚
CWP00856,热轧工具钢扁钢,FB90x80,Q235B,GB/T 700-2006,GB/T 702-2008,90x80,热轧,S1,QA3,M,56.52,Kg,宽x厚
CWP00857,热轧工具钢扁钢,FB100x4,Q235B,GB/T 700-2006,GB/T 702-2008,100x4,热轧,S1,QA3,M,3.14,Kg,宽x厚
CWP00858,热轧工具钢扁钢,FB100x6,Q235B,GB/T 700-2006,GB/T 702-2008,100x6,热轧,S1,QA3,M,4.71,Kg,宽x厚
CWP00859,热轧工具钢扁钢,FB100x8,Q235B,GB/T 700-2006,GB/T 702-2008,100x8,热轧,S1,QA3,M,6.28,Kg,宽x厚
CWP00860,热轧工具钢扁钢,FB100x10,Q235B,GB/T 700-2006,GB/T 702-2008,100x10,热轧,S1,QA3,M,7.85,Kg,宽x厚
CWP00861,热轧工具钢扁钢,FB100x13,Q235B,GB/T 700-2006,GB/T 702-2008,100x13,热轧,S1,QA3,M,10.21,Kg,宽x厚
CWP00862,热轧工具钢扁钢,FB100x16,Q235B,GB/T 700-2006,GB/T 702-2008,100x16,热轧,S1,QA3,M,12.56,Kg,宽x厚
CWP00863,热轧工具钢扁钢,FB100x18,Q235B,GB/T 700-2006,GB/T 702-2008,100x18,热轧,S1,QA3,M,14.13,Kg,宽x厚
CWP00864,热轧工具钢扁钢,FB100x20,Q235B,GB/T 700-2006,GB/T 702-2008,100x20,热轧,S1,QA3,M,15.7,Kg,宽x厚
CWP00865,热轧工具钢扁钢,FB100x23,Q235B,GB/T 700-2006,GB/T 702-2008,100x23,热轧,S1,QA3,M,18.06,Kg,宽x厚
CWP00866,热轧工具钢扁钢,FB100x25,Q235B,GB/T 700-2006,GB/T 702-2008,100x25,热轧,S1,QA3,M,19.63,Kg,宽x厚
CWP00867,热轧工具钢扁钢,FB100x28,Q235B,GB/T 700-2006,GB/T 702-2008,100x28,热轧,S1,QA3,M,21.98,Kg,宽x厚
CWP00868,热轧工具钢扁钢,FB100x32,Q235B,GB/T 700-2006,GB/T 702-2008,100x32,热轧,S1,QA3,M,25.12,Kg,宽x厚
CWP00869,热轧工具钢扁钢,FB100x36,Q235B,GB/T 700-2006,GB/T 702-2008,100x36,热轧,S1,QA3,M,28.26,Kg,宽x厚
CWP00870,热轧工具钢扁钢,FB100x40,Q235B,GB/T 700-2006,GB/T 702-2008,100x40,热轧,S1,QA3,M,31.4,Kg,宽x厚
CWP00871,热轧工具钢扁钢,FB100x45,Q235B,GB/T 700-2006,GB/T 702-2008,100x45,热轧,S1,QA3,M,35.33,Kg,宽x厚
CWP00872,热轧工具钢扁钢,FB100x50,Q235B,GB/T 700-2006,GB/T 702-2008,100x50,热轧,S1,QA3,M,39.25,Kg,宽x厚
CWP00873,热轧工具钢扁钢,FB100x56,Q235B,GB/T 700-2006,GB/T 702-2008,100x56,热轧,S1,QA3,M,43.96,Kg,宽x厚
CWP00874,热轧工具钢扁钢,FB100x63,Q235B,GB/T 700-2006,GB/T 702-2008,100x63,热轧,S1,QA3,M,49.46,Kg,宽x厚
CWP00875,热轧工具钢扁钢,FB100x71,Q235B,GB/T 700-2006,GB/T 702-2008,100x71,热轧,S1,QA3,M,55.74,Kg,宽x厚
CWP00876,热轧工具钢扁钢,FB100x80,Q235B,GB/T 700-2006,GB/T 702-2008,100x80,热轧,S1,QA3,M,62.8,Kg,宽x厚
CWP00877,热轧工具钢扁钢,FB100x90,Q235B,GB/T 700-2006,GB/T 702-2008,100x90,热轧,S1,QA3,M,70.65,Kg,宽x厚
CWP00878,热轧工具钢扁钢,FB112x4,Q235B,GB/T 700-2006,GB/T 702-2008,112x4,热轧,S1,QA3,M,3.52,Kg,宽x厚
CWP00879,热轧工具钢扁钢,FB112x6,Q235B,GB/T 700-2006,GB/T 702-2008,112x6,热轧,S1,QA3,M,5.28,Kg,宽x厚
CWP00880,热轧工具钢扁钢,FB112x8,Q235B,GB/T 700-2006,GB/T 702-2008,112x8,热轧,S1,QA3,M,7.03,Kg,宽x厚
CWP00881,热轧工具钢扁钢,FB112x10,Q235B,GB/T 700-2006,GB/T 702-2008,112x10,热轧,S1,QA3,M,8.79,Kg,宽x厚
CWP00882,热轧工具钢扁钢,FB112x13,Q235B,GB/T 700-2006,GB/T 702-2008,112x13,热轧,S1,QA3,M,11.43,Kg,宽x厚
CWP00883,热轧工具钢扁钢,FB112x16,Q235B,GB/T 700-2006,GB/T 702-2008,112x16,热轧,S1,QA3,M,14.07,Kg,宽x厚
CWP00884,热轧工具钢扁钢,FB112x18,Q235B,GB/T 700-2006,GB/T 702-2008,112x18,热轧,S1,QA3,M,15.83,Kg,宽x厚
CWP00885,热轧工具钢扁钢,FB112x20,Q235B,GB/T 700-2006,GB/T 702-2008,112x20,热轧,S1,QA3,M,17.58,Kg,宽x厚
CWP00886,热轧工具钢扁钢,FB112x23,Q235B,GB/T 700-2006,GB/T 702-2008,112x23,热轧,S1,QA3,M,20.22,Kg,宽x厚
CWP00887,热轧工具钢扁钢,FB112x25,Q235B,GB/T 700-2006,GB/T 702-2008,112x25,热轧,S1,QA3,M,21.98,Kg,宽x厚
CWP00888,热轧工具钢扁钢,FB112x28,Q235B,GB/T 700-2006,GB/T 702-2008,112x28,热轧,S1,QA3,M,24.62,Kg,宽x厚
CWP00889,热轧工具钢扁钢,FB112x32,Q235B,GB/T 700-2006,GB/T 702-2008,112x32,热轧,S1,QA3,M,28.13,Kg,宽x厚
CWP00890,热轧工具钢扁钢,FB112x36,Q235B,GB/T 700-2006,GB/T 702-2008,112x36,热轧,S1,QA3,M,31.65,Kg,宽x厚
CWP00891,热轧工具钢扁钢,FB112x40,Q235B,GB/T 700-2006,GB/T 702-2008,112x40,热轧,S1,QA3,M,35.17,Kg,宽x厚
CWP00892,热轧工具钢扁钢,FB112x45,Q235B,GB/T 700-2006,GB/T 702-2008,112x45,热轧,S1,QA3,M,39.56,Kg,宽x厚
CWP00893,热轧工具钢扁钢,FB112x50,Q235B,GB/T 700-2006,GB/T 702-2008,112x50,热轧,S1,QA3,M,43.96,Kg,宽x厚
CWP00894,热轧工具钢扁钢,FB112x56,Q235B,GB/T 700-2006,GB/T 702-2008,112x56,热轧,S1,QA3,M,49.24,Kg,宽x厚
CWP00895,热轧工具钢扁钢,FB112x63,Q235B,GB/T 700-2006,GB/T 702-2008,112x63,热轧,S1,QA3,M,55.39,Kg,宽x厚
CWP00896,热轧工具钢扁钢,FB112x71,Q235B,GB/T 700-2006,GB/T 702-2008,112x71,热轧,S1,QA3,M,62.42,Kg,宽x厚
CWP00897,热轧工具钢扁钢,FB112x80,Q235B,GB/T 700-2006,GB/T 702-2008,112x80,热轧,S1,QA3,M,70.34,Kg,宽x厚
CWP00898,热轧工具钢扁钢,FB112x90,Q235B,GB/T 700-2006,GB/T 702-2008,112x90,热轧,S1,QA3,M,79.13,Kg,宽x厚
CWP00899,热轧工具钢扁钢,FB112x100,Q235B,GB/T 700-2006,GB/T 702-2008,112x100,热轧,S1,QA3,M,87.92,Kg,宽x厚
CWP00900,热轧工具钢扁钢,FB125x4,Q235B,GB/T 700-2006,GB/T 702-2008,125x4,热轧,S1,QA3,M,3.93,Kg,宽x厚
CWP00901,热轧工具钢扁钢,FB125x6,Q235B,GB/T 700-2006,GB/T 702-2008,125x6,热轧,S1,QA3,M,5.89,Kg,宽x厚
CWP00902,热轧工具钢扁钢,FB125x8,Q235B,GB/T 700-2006,GB/T 702-2008,125x8,热轧,S1,QA3,M,7.85,Kg,宽x厚
CWP00903,热轧工具钢扁钢,FB125x10,Q235B,GB/T 700-2006,GB/T 702-2008,125x10,热轧,S1,QA3,M,9.81,Kg,宽x厚
CWP00904,热轧工具钢扁钢,FB125x13,Q235B,GB/T 700-2006,GB/T 702-2008,125x13,热轧,S1,QA3,M,12.76,Kg,宽x厚
CWP00905,热轧工具钢扁钢,FB125x16,Q235B,GB/T 700-2006,GB/T 702-2008,125x16,热轧,S1,QA3,M,15.7,Kg,宽x厚
CWP00906,热轧工具钢扁钢,FB125x18,Q235B,GB/T 700-2006,GB/T 702-2008,125x18,热轧,S1,QA3,M,17.66,Kg,宽x厚
CWP00907,热轧工具钢扁钢,FB125x20,Q235B,GB/T 700-2006,GB/T 702-2008,125x20,热轧,S1,QA3,M,19.63,Kg,宽x厚
CWP00908,热轧工具钢扁钢,FB125x23,Q235B,GB/T 700-2006,GB/T 702-2008,125x23,热轧,S1,QA3,M,22.57,Kg,宽x厚
CWP00909,热轧工具钢扁钢,FB125x25,Q235B,GB/T 700-2006,GB/T 702-2008,125x25,热轧,S1,QA3,M,24.53,Kg,宽x厚
CWP00910,热轧工具钢扁钢,FB125x28,Q235B,GB/T 700-2006,GB/T 702-2008,125x28,热轧,S1,QA3,M,27.48,Kg,宽x厚
CWP00911,热轧工具钢扁钢,FB125x32,Q235B,GB/T 700-2006,GB/T 702-2008,125x32,热轧,S1,QA3,M,31.4,Kg,宽x厚
CWP00912,热轧工具钢扁钢,FB125x36,Q235B,GB/T 700-2006,GB/T 702-2008,125x36,热轧,S1,QA3,M,35.33,Kg,宽x厚
CWP00913,热轧工具钢扁钢,FB125x40,Q235B,GB/T 700-2006,GB/T 702-2008,125x40,热轧,S1,QA3,M,39.25,Kg,宽x厚
CWP00914,热轧工具钢扁钢,FB125x45,Q235B,GB/T 700-2006,GB/T 702-2008,125x45,热轧,S1,QA3,M,44.16,Kg,宽x厚
CWP00915,热轧工具钢扁钢,FB125x50,Q235B,GB/T 700-2006,GB/T 702-2008,125x50,热轧,S1,QA3,M,49.06,Kg,宽x厚
CWP00916,热轧工具钢扁钢,FB125x56,Q235B,GB/T 700-2006,GB/T 702-2008,125x56,热轧,S1,QA3,M,54.95,Kg,宽x厚
CWP00917,热轧工具钢扁钢,FB125x63,Q235B,GB/T 700-2006,GB/T 702-2008,125x63,热轧,S1,QA3,M,61.82,Kg,宽x厚
CWP00918,热轧工具钢扁钢,FB125x71,Q235B,GB/T 700-2006,GB/T 702-2008,125x71,热轧,S1,QA3,M,69.67,Kg,宽x厚
CWP00919,热轧工具钢扁钢,FB125x80,Q235B,GB/T 700-2006,GB/T 702-2008,125x80,热轧,S1,QA3,M,78.5,Kg,宽x厚
CWP00920,热轧工具钢扁钢,FB125x90,Q235B,GB/T 700-2006,GB/T 702-2008,125x90,热轧,S1,QA3,M,88.31,Kg,宽x厚
CWP00921,热轧工具钢扁钢,FB125x100,Q235B,GB/T 700-2006,GB/T 702-2008,125x100,热轧,S1,QA3,M,98.13,Kg,宽x厚
CWP00922,热轧工具钢扁钢,FB140x4,Q235B,GB/T 700-2006,GB/T 702-2008,140x4,热轧,S1,QA3,M,4.4,Kg,宽x厚
CWP00923,热轧工具钢扁钢,FB140x6,Q235B,GB/T 700-2006,GB/T 702-2008,140x6,热轧,S1,QA3,M,6.59,Kg,宽x厚
CWP00924,热轧工具钢扁钢,FB140x8,Q235B,GB/T 700-2006,GB/T 702-2008,140x8,热轧,S1,QA3,M,8.79,Kg,宽x厚
CWP00925,热轧工具钢扁钢,FB140x10,Q235B,GB/T 700-2006,GB/T 702-2008,140x10,热轧,S1,QA3,M,10.99,Kg,宽x厚
CWP00926,热轧工具钢扁钢,FB140x13,Q235B,GB/T 700-2006,GB/T 702-2008,140x13,热轧,S1,QA3,M,14.29,Kg,宽x厚
CWP00927,热轧工具钢扁钢,FB140x16,Q235B,GB/T 700-2006,GB/T 702-2008,140x16,热轧,S1,QA3,M,17.58,Kg,宽x厚
CWP00928,热轧工具钢扁钢,FB140x18,Q235B,GB/T 700-2006,GB/T 702-2008,140x18,热轧,S1,QA3,M,19.78,Kg,宽x厚
CWP00929,热轧工具钢扁钢,FB140x20,Q235B,GB/T 700-2006,GB/T 702-2008,140x20,热轧,S1,QA3,M,21.95,Kg,宽x厚
CWP00930,热轧工具钢扁钢,FB140x23,Q235B,GB/T 700-2006,GB/T 702-2008,140x23,热轧,S1,QA3,M,25.28,Kg,宽x厚
CWP00931,热轧工具钢扁钢,FB140x25,Q235B,GB/T 700-2006,GB/T 702-2008,140x25,热轧,S1,QA3,M,27.48,Kg,宽x厚
CWP00932,热轧工具钢扁钢,FB140x28,Q235B,GB/T 700-2006,GB/T 702-2008,140x28,热轧,S1,QA3,M,30.77,Kg,宽x厚
CWP00933,热轧工具钢扁钢,FB140x32,Q235B,GB/T 700-2006,GB/T 702-2008,140x32,热轧,S1,QA3,M,35.17,Kg,宽x厚
CWP00934,热轧工具钢扁钢,FB140x36,Q235B,GB/T 700-2006,GB/T 702-2008,140x36,热轧,S1,QA3,M,39.56,Kg,宽x厚
CWP00935,热轧工具钢扁钢,FB140x40,Q235B,GB/T 700-2006,GB/T 702-2008,140x40,热轧,S1,QA3,M,43.96,Kg,宽x厚
CWP00936,热轧工具钢扁钢,FB140x45,Q235B,GB/T 700-2006,GB/T 702-2008,140x45,热轧,S1,QA3,M,49.46,Kg,宽x厚
CWP00937,热轧工具钢扁钢,FB140x50,Q235B,GB/T 700-2006,GB/T 702-2008,140x50,热轧,S1,QA3,M,54.95,Kg,宽x厚
CWP00938,热轧工具钢扁钢,FB140x56,Q235B,GB/T 700-2006,GB/T 702-2008,140x56,热轧,S1,QA3,M,61.54,Kg,宽x厚
CWP00939,热轧工具钢扁钢,FB140x63,Q235B,GB/T 700-2006,GB/T 702-2008,140x63,热轧,S1,QA3,M,69.24,Kg,宽x厚
CWP00940,热轧工具钢扁钢,FB140x71,Q235B,GB/T 700-2006,GB/T 702-2008,140x71,热轧,S1,QA3,M,78.03,Kg,宽x厚
CWP00941,热轧工具钢扁钢,FB140x80,Q235B,GB/T 700-2006,GB/T 702-2008,140x80,热轧,S1,QA3,M,87.92,Kg,宽x厚
CWP00942,热轧工具钢扁钢,FB140x90,Q235B,GB/T 700-2006,GB/T 702-2008,140x90,热轧,S1,QA3,M,98.91,Kg,宽x厚
CWP00943,热轧工具钢扁钢,FB140x100,Q235B,GB/T 700-2006,GB/T 702-2008,140x100,热轧,S1,QA3,M,109.9,Kg,宽x厚
CWP00944,热轧工具钢扁钢,FB160x4,Q235B,GB/T 700-2006,GB/T 702-2008,160x4,热轧,S1,QA3,M,5.02,Kg,宽x厚
CWP00945,热轧工具钢扁钢,FB160x6,Q235B,GB/T 700-2006,GB/T 702-2008,160x6,热轧,S1,QA3,M,7.54,Kg,宽x厚
CWP00946,热轧工具钢扁钢,FB160x8,Q235B,GB/T 700-2006,GB/T 702-2008,160x8,热轧,S1,QA3,M,10.05,Kg,宽x厚
CWP00947,热轧工具钢扁钢,FB160x10,Q235B,GB/T 700-2006,GB/T 702-2008,160x10,热轧,S1,QA3,M,12.56,Kg,宽x厚
CWP00948,热轧工具钢扁钢,FB160x13,Q235B,GB/T 700-2006,GB/T 702-2008,160x13,热轧,S1,QA3,M,16.33,Kg,宽x厚
CWP00949,热轧工具钢扁钢,FB160x16,Q235B,GB/T 700-2006,GB/T 702-2008,160x16,热轧,S1,QA3,M,20.1,Kg,宽x厚
CWP00950,热轧工具钢扁钢,FB160x18,Q235B,GB/T 700-2006,GB/T 702-2008,160x18,热轧,S1,QA3,M,22.61,Kg,宽x厚
CWP00951,热轧工具钢扁钢,FB160x20,Q235B,GB/T 700-2006,GB/T 702-2008,160x20,热轧,S1,QA3,M,25.12,Kg,宽x厚
CWP00952,热轧工具钢扁钢,FB160x23,Q235B,GB/T 700-2006,GB/T 702-2008,160x23,热轧,S1,QA3,M,28.89,Kg,宽x厚
CWP00953,热轧工具钢扁钢,FB160x25,Q235B,GB/T 700-2006,GB/T 702-2008,160x25,热轧,S1,QA3,M,31.4,Kg,宽x厚
CWP00954,热轧工具钢扁钢,FB160x28,Q235B,GB/T 700-2006,GB/T 702-2008,160x28,热轧,S1,QA3,M,35.17,Kg,宽x厚
CWP00955,热轧工具钢扁钢,FB160x32,Q235B,GB/T 700-2006,GB/T 702-2008,160x32,热轧,S1,QA3,M,40.19,Kg,宽x厚
CWP00956,热轧工具钢扁钢,FB160x36,Q235B,GB/T 700-2006,GB/T 702-2008,160x36,热轧,S1,QA3,M,45.22,Kg,宽x厚
CWP00957,热轧工具钢扁钢,FB160x40,Q235B,GB/T 700-2006,GB/T 702-2008,160x40,热轧,S1,QA3,M,50.24,Kg,宽x厚
CWP00958,热轧工具钢扁钢,FB160x45,Q235B,GB/T 700-2006,GB/T 702-2008,160x45,热轧,S1,QA3,M,56.52,Kg,宽x厚
CWP00959,热轧工具钢扁钢,FB160x50,Q235B,GB/T 700-2006,GB/T 702-2008,160x50,热轧,S1,QA3,M,62.8,Kg,宽x厚
CWP00960,热轧工具钢扁钢,FB160x56,Q235B,GB/T 700-2006,GB/T 702-2008,160x56,热轧,S1,QA3,M,70.34,Kg,宽x厚
CWP00961,热轧工具钢扁钢,FB160x63,Q235B,GB/T 700-2006,GB/T 702-2008,160x63,热轧,S1,QA3,M,79.13,Kg,宽x厚
CWP00962,热轧工具钢扁钢,FB160x71,Q235B,GB/T 700-2006,GB/T 702-2008,160x71,热轧,S1,QA3,M,89.18,Kg,宽x厚
CWP00963,热轧工具钢扁钢,FB160x80,Q235B,GB/T 700-2006,GB/T 702-2008,160x80,热轧,S1,QA3,M,100.48,Kg,宽x厚
CWP00964,热轧工具钢扁钢,FB160x90,Q235B,GB/T 700-2006,GB/T 702-2008,160x90,热轧,S1,QA3,M,113.04,Kg,宽x厚
CWP00965,热轧工具钢扁钢,FB160x100,Q235B,GB/T 700-2006,GB/T 702-2008,160x100,热轧,S1,QA3,M,125.6,Kg,宽x厚
CWP00966,热轧工具钢扁钢,FB180x4,Q235B,GB/T 700-2006,GB/T 702-2008,180x4,热轧,S1,QA3,M,5.65,Kg,宽x厚
CWP00967,热轧工具钢扁钢,FB180x6,Q235B,GB/T 700-2006,GB/T 702-2008,180x6,热轧,S1,QA3,M,8.48,Kg,宽x厚
CWP00968,热轧工具钢扁钢,FB180x8,Q235B,GB/T 700-2006,GB/T 702-2008,180x8,热轧,S1,QA3,M,11.3,Kg,宽x厚
CWP00969,热轧工具钢扁钢,FB180x10,Q235B,GB/T 700-2006,GB/T 702-2008,180x10,热轧,S1,QA3,M,14.13,Kg,宽x厚
CWP00970,热轧工具钢扁钢,FB180x13,Q235B,GB/T 700-2006,GB/T 702-2008,180x13,热轧,S1,QA3,M,18.37,Kg,宽x厚
CWP00971,热轧工具钢扁钢,FB180x16,Q235B,GB/T 700-2006,GB/T 702-2008,180x16,热轧,S1,QA3,M,22.61,Kg,宽x厚
CWP00972,热轧工具钢扁钢,FB180x18,Q235B,GB/T 700-2006,GB/T 702-2008,180x18,热轧,S1,QA3,M,25.43,Kg,宽x厚
CWP00973,热轧工具钢扁钢,FB180x20,Q235B,GB/T 700-2006,GB/T 702-2008,180x20,热轧,S1,QA3,M,28.26,Kg,宽x厚
CWP00974,热轧工具钢扁钢,FB180x23,Q235B,GB/T 700-2006,GB/T 702-2008,180x23,热轧,S1,QA3,M,32.5,Kg,宽x厚
CWP00975,热轧工具钢扁钢,FB180x25,Q235B,GB/T 700-2006,GB/T 702-2008,180x25,热轧,S1,QA3,M,35.33,Kg,宽x厚
CWP00976,热轧工具钢扁钢,FB180x28,Q235B,GB/T 700-2006,GB/T 702-2008,180x28,热轧,S1,QA3,M,39.56,Kg,宽x厚
CWP00977,热轧工具钢扁钢,FB180x32,Q235B,GB/T 700-2006,GB/T 702-2008,180x32,热轧,S1,QA3,M,45.22,Kg,宽x厚
CWP00978,热轧工具钢扁钢,FB180x36,Q235B,GB/T 700-2006,GB/T 702-2008,180x36,热轧,S1,QA3,M,50.87,Kg,宽x厚
CWP00979,热轧工具钢扁钢,FB180x40,Q235B,GB/T 700-2006,GB/T 702-2008,180x40,热轧,S1,QA3,M,56.52,Kg,宽x厚
CWP00980,热轧工具钢扁钢,FB180x45,Q235B,GB/T 700-2006,GB/T 702-2008,180x45,热轧,S1,QA3,M,63.59,Kg,宽x厚
CWP00981,热轧工具钢扁钢,FB180x50,Q235B,GB/T 700-2006,GB/T 702-2008,180x50,热轧,S1,QA3,M,70.65,Kg,宽x厚
CWP00982,热轧工具钢扁钢,FB180x56,Q235B,GB/T 700-2006,GB/T 702-2008,180x56,热轧,S1,QA3,M,79.13,Kg,宽x厚
CWP00983,热轧工具钢扁钢,FB180x63,Q235B,GB/T 700-2006,GB/T 702-2008,180x63,热轧,S1,QA3,M,89.02,Kg,宽x厚
CWP00984,热轧工具钢扁钢,FB180x71,Q235B,GB/T 700-2006,GB/T 702-2008,180x71,热轧,S1,QA3,M,100.32,Kg,宽x厚
CWP00985,热轧工具钢扁钢,FB180x80,Q235B,GB/T 700-2006,GB/T 702-2008,180x80,热轧,S1,QA3,M,113.04,Kg,宽x厚
CWP00986,热轧工具钢扁钢,FB180x90,Q235B,GB/T 700-2006,GB/T 702-2008,180x90,热轧,S1,QA3,M,127.17,Kg,宽x厚
CWP00987,热轧工具钢扁钢,FB180x100,Q235B,GB/T 700-2006,GB/T 702-2008,180x100,热轧,S1,QA3,M,141.3,Kg,宽x厚
CWP00988,热轧工具钢扁钢,FB200x4,Q235B,GB/T 700-2006,GB/T 702-2008,200x4,热轧,S1,QA3,M,6.28,Kg,宽x厚
CWP00989,热轧工具钢扁钢,FB200x6,Q235B,GB/T 700-2006,GB/T 702-2008,200x6,热轧,S1,QA3,M,9.42,Kg,宽x厚
CWP00990,热轧工具钢扁钢,FB200x8,Q235B,GB/T 700-2006,GB/T 702-2008,200x8,热轧,S1,QA3,M,12.56,Kg,宽x厚
CWP00991,热轧工具钢扁钢,FB200x10,Q235B,GB/T 700-2006,GB/T 702-2008,200x10,热轧,S1,QA3,M,15.7,Kg,宽x厚
CWP00992,热轧工具钢扁钢,FB200x13,Q235B,GB/T 700-2006,GB/T 702-2008,200x13,热轧,S1,QA3,M,20.41,Kg,宽x厚
CWP00993,热轧工具钢扁钢,FB200x16,Q235B,GB/T 700-2006,GB/T 702-2008,200x16,热轧,S1,QA3,M,25.12,Kg,宽x厚
CWP00994,热轧工具钢扁钢,FB200x18,Q235B,GB/T 700-2006,GB/T 702-2008,200x18,热轧,S1,QA3,M,28.26,Kg,宽x厚
CWP00995,热轧工具钢扁钢,FB200x20,Q235B,GB/T 700-2006,GB/T 702-2008,200x20,热轧,S1,QA3,M,31.4,Kg,宽x厚
CWP00996,热轧工具钢扁钢,FB200x23,Q235B,GB/T 700-2006,GB/T 702-2008,200x23,热轧,S1,QA3,M,36.11,Kg,宽x厚
CWP00997,热轧工具钢扁钢,FB200x25,Q235B,GB/T 700-2006,GB/T 702-2008,200x25,热轧,S1,QA3,M,39.25,Kg,宽x厚
CWP00998,热轧工具钢扁钢,FB200x28,Q235B,GB/T 700-2006,GB/T 702-2008,200x28,热轧,S1,QA3,M,43.96,Kg,宽x厚
CWP00999,热轧工具钢扁钢,FB200x32,Q235B,GB/T 700-2006,GB/T 702-2008,200x32,热轧,S1,QA3,M,50.24,Kg,宽x厚
CWP01000,热轧工具钢扁钢,FB200x36,Q235B,GB/T 700-2006,GB/T 702-2008,200x36,热轧,S1,QA3,M,56.52,Kg,宽x厚
CWP01001,热轧工具钢扁钢,FB200x40,Q235B,GB/T 700-2006,GB/T 702-2008,200x40,热轧,S1,QA3,M,62.8,Kg,宽x厚
CWP01002,热轧工具钢扁钢,FB200x45,Q235B,GB/T 700-2006,GB/T 702-2008,200x45,热轧,S1,QA3,M,70.65,Kg,宽x厚
CWP01003,热轧工具钢扁钢,FB200x50,Q235B,GB/T 700-2006,GB/T 702-2008,200x50,热轧,S1,QA3,M,78.5,Kg,宽x厚
CWP01004,热轧工具钢扁钢,FB200x56,Q235B,GB/T 700-2006,GB/T 702-2008,200x56,热轧,S1,QA3,M,87.92,Kg,宽x厚
CWP01005,热轧工具钢扁钢,FB200x63,Q235B,GB/T 700-2006,GB/T 702-2008,200x63,热轧,S1,QA3,M,98.91,Kg,宽x厚
CWP01006,热轧工具钢扁钢,FB200x71,Q235B,GB/T 700-2006,GB/T 702-2008,200x71,热轧,S1,QA3,M,111.47,Kg,宽x厚
CWP01007,热轧工具钢扁钢,FB200x80,Q235B,GB/T 700-2006,GB/T 702-2008,200x80,热轧,S1,QA3,M,125.6,Kg,宽x厚
CWP01008,热轧工具钢扁钢,FB200x90,Q235B,GB/T 700-2006,GB/T 702-2008,200x90,热轧,S1,QA3,M,141.3,Kg,宽x厚
CWP01009,热轧工具钢扁钢,FB200x100,Q235B,GB/T 700-2006,GB/T 702-2008,200x100,热轧,S1,QA3,M,157,Kg,宽x厚
CWP01010,热轧工具钢扁钢,FB224x4,Q235B,GB/T 700-2006,GB/T 702-2008,224x4,热轧,S1,QA3,M,7.03,Kg,宽x厚
CWP01011,热轧工具钢扁钢,FB224x6,Q235B,GB/T 700-2006,GB/T 702-2008,224x6,热轧,S1,QA3,M,10.55,Kg,宽x厚
CWP01012,热轧工具钢扁钢,FB224x8,Q235B,GB/T 700-2006,GB/T 702-2008,224x8,热轧,S1,QA3,M,14.07,Kg,宽x厚
CWP01013,热轧工具钢扁钢,FB224x10,Q235B,GB/T 700-2006,GB/T 702-2008,224x10,热轧,S1,QA3,M,17.58,Kg,宽x厚
CWP01014,热轧工具钢扁钢,FB224x13,Q235B,GB/T 700-2006,GB/T 702-2008,224x13,热轧,S1,QA3,M,22.86,Kg,宽x厚
CWP01015,热轧工具钢扁钢,FB224x16,Q235B,GB/T 700-2006,GB/T 702-2008,224x16,热轧,S1,QA3,M,28.13,Kg,宽x厚
CWP01016,热轧工具钢扁钢,FB224x18,Q235B,GB/T 700-2006,GB/T 702-2008,224x18,热轧,S1,QA3,M,31.65,Kg,宽x厚
CWP01017,热轧工具钢扁钢,FB224x20,Q235B,GB/T 700-2006,GB/T 702-2008,224x20,热轧,S1,QA3,M,35.17,Kg,宽x厚
CWP01018,热轧工具钢扁钢,FB224x23,Q235B,GB/T 700-2006,GB/T 702-2008,224x23,热轧,S1,QA3,M,40.44,Kg,宽x厚
CWP01019,热轧工具钢扁钢,FB224x25,Q235B,GB/T 700-2006,GB/T 702-2008,224x25,热轧,S1,QA3,M,43.96,Kg,宽x厚
CWP01020,热轧工具钢扁钢,FB224x28,Q235B,GB/T 700-2006,GB/T 702-2008,224x28,热轧,S1,QA3,M,49.24,Kg,宽x厚
CWP01021,热轧工具钢扁钢,FB224x32,Q235B,GB/T 700-2006,GB/T 702-2008,224x32,热轧,S1,QA3,M,56.27,Kg,宽x厚
CWP01022,热轧工具钢扁钢,FB224x36,Q235B,GB/T 700-2006,GB/T 702-2008,224x36,热轧,S1,QA3,M,63.3,Kg,宽x厚
CWP01023,热轧工具钢扁钢,FB224x40,Q235B,GB/T 700-2006,GB/T 702-2008,224x40,热轧,S1,QA3,M,70.34,Kg,宽x厚
CWP01024,热轧工具钢扁钢,FB224x45,Q235B,GB/T 700-2006,GB/T 702-2008,224x45,热轧,S1,QA3,M,79.13,Kg,宽x厚
CWP01025,热轧工具钢扁钢,FB224x50,Q235B,GB/T 700-2006,GB/T 702-2008,224x50,热轧,S1,QA3,M,87.92,Kg,宽x厚
CWP01026,热轧工具钢扁钢,FB224x56,Q235B,GB/T 700-2006,GB/T 702-2008,224x56,热轧,S1,QA3,M,98.47,Kg,宽x厚
CWP01027,热轧工具钢扁钢,FB224x63,Q235B,GB/T 700-2006,GB/T 702-2008,224x63,热轧,S1,QA3,M,110.78,Kg,宽x厚
CWP01028,热轧工具钢扁钢,FB224x71,Q235B,GB/T 700-2006,GB/T 702-2008,224x71,热轧,S1,QA3,M,124.85,Kg,宽x厚
CWP01029,热轧工具钢扁钢,FB224x80,Q235B,GB/T 700-2006,GB/T 702-2008,224x80,热轧,S1,QA3,M,140.67,Kg,宽x厚
CWP01030,热轧工具钢扁钢,FB224x90,Q235B,GB/T 700-2006,GB/T 702-2008,224x90,热轧,S1,QA3,M,158.26,Kg,宽x厚
CWP01031,热轧工具钢扁钢,FB224x100,Q235B,GB/T 700-2006,GB/T 702-2008,224x100,热轧,S1,QA3,M,175.844,Kg,宽x厚
CWP01032,热轧工具钢扁钢,FB250x4,Q235B,GB/T 700-2006,GB/T 702-2008,250x4,热轧,S1,QA3,M,7.85,Kg,宽x厚
CWP01033,热轧工具钢扁钢,FB250x6,Q235B,GB/T 700-2006,GB/T 702-2008,250x6,热轧,S1,QA3,M,11.78,Kg,宽x厚
CWP01034,热轧工具钢扁钢,FB250x8,Q235B,GB/T 700-2006,GB/T 702-2008,250x8,热轧,S1,QA3,M,15.7,Kg,宽x厚
CWP01035,热轧工具钢扁钢,FB250x10,Q235B,GB/T 700-2006,GB/T 702-2008,250x10,热轧,S1,QA3,M,19.63,Kg,宽x厚
CWP01036,热轧工具钢扁钢,FB250x13,Q235B,GB/T 700-2006,GB/T 702-2008,250x13,热轧,S1,QA3,M,25.51,Kg,宽x厚
CWP01037,热轧工具钢扁钢,FB250x16,Q235B,GB/T 700-2006,GB/T 702-2008,250x16,热轧,S1,QA3,M,31.4,Kg,宽x厚
CWP01038,热轧工具钢扁钢,FB250x18,Q235B,GB/T 700-2006,GB/T 702-2008,250x18,热轧,S1,QA3,M,35.33,Kg,宽x厚
CWP01039,热轧工具钢扁钢,FB250x20,Q235B,GB/T 700-2006,GB/T 702-2008,250x20,热轧,S1,QA3,M,39.25,Kg,宽x厚
CWP01040,热轧工具钢扁钢,FB250x23,Q235B,GB/T 700-2006,GB/T 702-2008,250x23,热轧,S1,QA3,M,45.14,Kg,宽x厚
CWP01041,热轧工具钢扁钢,FB250x25,Q235B,GB/T 700-2006,GB/T 702-2008,250x25,热轧,S1,QA3,M,49.06,Kg,宽x厚
CWP01042,热轧工具钢扁钢,FB250x28,Q235B,GB/T 700-2006,GB/T 702-2008,250x28,热轧,S1,QA3,M,54.95,Kg,宽x厚
CWP01043,热轧工具钢扁钢,FB250x32,Q235B,GB/T 700-2006,GB/T 702-2008,250x32,热轧,S1,QA3,M,62.8,Kg,宽x厚
CWP01044,热轧工具钢扁钢,FB250x36,Q235B,GB/T 700-2006,GB/T 702-2008,250x36,热轧,S1,QA3,M,70.65,Kg,宽x厚
CWP01045,热轧工具钢扁钢,FB250x40,Q235B,GB/T 700-2006,GB/T 702-2008,250x40,热轧,S1,QA3,M,78.5,Kg,宽x厚
CWP01046,热轧工具钢扁钢,FB250x45,Q235B,GB/T 700-2006,GB/T 702-2008,250x45,热轧,S1,QA3,M,88.31,Kg,宽x厚
CWP01047,热轧工具钢扁钢,FB250x50,Q235B,GB/T 700-2006,GB/T 702-2008,250x50,热轧,S1,QA3,M,98.13,Kg,宽x厚
CWP01048,热轧工具钢扁钢,FB250x56,Q235B,GB/T 700-2006,GB/T 702-2008,250x56,热轧,S1,QA3,M,109.9,Kg,宽x厚
CWP01049,热轧工具钢扁钢,FB250x63,Q235B,GB/T 700-2006,GB/T 702-2008,250x63,热轧,S1,QA3,M,123.64,Kg,宽x厚
CWP01050,热轧工具钢扁钢,FB250x71,Q235B,GB/T 700-2006,GB/T 702-2008,250x71,热轧,S1,QA3,M,139.34,Kg,宽x厚
CWP01051,热轧工具钢扁钢,FB250x80,Q235B,GB/T 700-2006,GB/T 702-2008,250x80,热轧,S1,QA3,M,157,Kg,宽x厚
CWP01052,热轧工具钢扁钢,FB250x90,Q235B,GB/T 700-2006,GB/T 702-2008,250x90,热轧,S1,QA3,M,176.63,Kg,宽x厚
CWP01053,热轧工具钢扁钢,FB250x100,Q235B,GB/T 700-2006,GB/T 702-2008,250x100,热轧,S1,QA3,M,196.25,Kg,宽x厚
CWP01054,热轧工具钢扁钢,FB280x4,Q235B,GB/T 700-2006,GB/T 702-2008,280x4,热轧,S1,QA3,M,8.79,Kg,宽x厚
CWP01055,热轧工具钢扁钢,FB280x6,Q235B,GB/T 700-2006,GB/T 702-2008,280x6,热轧,S1,QA3,M,13.19,Kg,宽x厚
CWP01056,热轧工具钢扁钢,FB280x8,Q235B,GB/T 700-2006,GB/T 702-2008,280x8,热轧,S1,QA3,M,17.58,Kg,宽x厚
CWP01057,热轧工具钢扁钢,FB280x10,Q235B,GB/T 700-2006,GB/T 702-2008,280x10,热轧,S1,QA3,M,21.98,Kg,宽x厚
CWP01058,热轧工具钢扁钢,FB280x13,Q235B,GB/T 700-2006,GB/T 702-2008,280x13,热轧,S1,QA3,M,28.57,Kg,宽x厚
CWP01059,热轧工具钢扁钢,FB280x16,Q235B,GB/T 700-2006,GB/T 702-2008,280x16,热轧,S1,QA3,M,35.17,Kg,宽x厚
CWP01060,热轧工具钢扁钢,FB280x18,Q235B,GB/T 700-2006,GB/T 702-2008,280x18,热轧,S1,QA3,M,39.56,Kg,宽x厚
CWP01061,热轧工具钢扁钢,FB280x20,Q235B,GB/T 700-2006,GB/T 702-2008,280x20,热轧,S1,QA3,M,43.96,Kg,宽x厚
CWP01062,热轧工具钢扁钢,FB280x23,Q235B,GB/T 700-2006,GB/T 702-2008,280x23,热轧,S1,QA3,M,50.55,Kg,宽x厚
CWP01063,热轧工具钢扁钢,FB280x25,Q235B,GB/T 700-2006,GB/T 702-2008,280x25,热轧,S1,QA3,M,54.95,Kg,宽x厚
CWP01064,热轧工具钢扁钢,FB280x28,Q235B,GB/T 700-2006,GB/T 702-2008,280x28,热轧,S1,QA3,M,61.54,Kg,宽x厚
CWP01065,热轧工具钢扁钢,FB280x32,Q235B,GB/T 700-2006,GB/T 702-2008,280x32,热轧,S1,QA3,M,70.34,Kg,宽x厚
CWP01066,热轧工具钢扁钢,FB280x36,Q235B,GB/T 700-2006,GB/T 702-2008,280x36,热轧,S1,QA3,M,79.13,Kg,宽x厚
CWP01067,热轧工具钢扁钢,FB280x40,Q235B,GB/T 700-2006,GB/T 702-2008,280x40,热轧,S1,QA3,M,87.92,Kg,宽x厚
CWP01068,热轧工具钢扁钢,FB280x45,Q235B,GB/T 700-2006,GB/T 702-2008,280x45,热轧,S1,QA3,M,98.91,Kg,宽x厚
CWP01069,热轧工具钢扁钢,FB280x50,Q235B,GB/T 700-2006,GB/T 702-2008,280x50,热轧,S1,QA3,M,109.9,Kg,宽x厚
CWP01070,热轧工具钢扁钢,FB280x56,Q235B,GB/T 700-2006,GB/T 702-2008,280x56,热轧,S1,QA3,M,123.09,Kg,宽x厚
CWP01071,热轧工具钢扁钢,FB280x63,Q235B,GB/T 700-2006,GB/T 702-2008,280x63,热轧,S1,QA3,M,138.47,Kg,宽x厚
CWP01072,热轧工具钢扁钢,FB280x71,Q235B,GB/T 700-2006,GB/T 702-2008,280x71,热轧,S1,QA3,M,156.06,Kg,宽x厚
CWP01073,热轧工具钢扁钢,FB280x80,Q235B,GB/T 700-2006,GB/T 702-2008,280x80,热轧,S1,QA3,M,175.84,Kg,宽x厚
CWP01074,热轧工具钢扁钢,FB280x90,Q235B,GB/T 700-2006,GB/T 702-2008,280x90,热轧,S1,QA3,M,197.82,Kg,宽x厚
CWP01075,热轧工具钢扁钢,FB280x100,Q235B,GB/T 700-2006,GB/T 702-2008,280x100,热轧,S1,QA3,M,219.8,Kg,宽x厚
CWP01076,热轧工具钢扁钢,FB310x4,Q235B,GB/T 700-2006,GB/T 702-2008,310x4,热轧,S1,QA3,M,9.73,Kg,宽x厚
CWP01077,热轧工具钢扁钢,FB310x6,Q235B,GB/T 700-2006,GB/T 702-2008,310x6,热轧,S1,QA3,M,14.6,Kg,宽x厚
CWP01078,热轧工具钢扁钢,FB310x8,Q235B,GB/T 700-2006,GB/T 702-2008,310x8,热轧,S1,QA3,M,19.47,Kg,宽x厚
CWP01079,热轧工具钢扁钢,FB310x10,Q235B,GB/T 700-2006,GB/T 702-2008,310x10,热轧,S1,QA3,M,24.34,Kg,宽x厚
CWP01080,热轧工具钢扁钢,FB310x13,Q235B,GB/T 700-2006,GB/T 702-2008,310x13,热轧,S1,QA3,M,31.64,Kg,宽x厚
CWP01081,热轧工具钢扁钢,FB310x16,Q235B,GB/T 700-2006,GB/T 702-2008,310x16,热轧,S1,QA3,M,38.94,Kg,宽x厚
CWP01082,热轧工具钢扁钢,FB310x18,Q235B,GB/T 700-2006,GB/T 702-2008,310x18,热轧,S1,QA3,M,43.8,Kg,宽x厚
CWP01083,热轧工具钢扁钢,FB310x20,Q235B,GB/T 700-2006,GB/T 702-2008,310x20,热轧,S1,QA3,M,48.67,Kg,宽x厚
CWP01084,热轧工具钢扁钢,FB310x23,Q235B,GB/T 700-2006,GB/T 702-2008,310x23,热轧,S1,QA3,M,55.97,Kg,宽x厚
CWP01085,热轧工具钢扁钢,FB310x25,Q235B,GB/T 700-2006,GB/T 702-2008,310x25,热轧,S1,QA3,M,60.84,Kg,宽x厚
CWP01086,热轧工具钢扁钢,FB310x28,Q235B,GB/T 700-2006,GB/T 702-2008,310x28,热轧,S1,QA3,M,68.14,Kg,宽x厚
CWP01087,热轧工具钢扁钢,FB310x32,Q235B,GB/T 700-2006,GB/T 702-2008,310x32,热轧,S1,QA3,M,77.87,Kg,宽x厚
CWP01088,热轧工具钢扁钢,FB310x36,Q235B,GB/T 700-2006,GB/T 702-2008,310x36,热轧,S1,QA3,M,87.61,Kg,宽x厚
CWP01089,热轧工具钢扁钢,FB310x40,Q235B,GB/T 700-2006,GB/T 702-2008,310x40,热轧,S1,QA3,M,97.34,Kg,宽x厚
CWP01090,热轧工具钢扁钢,FB310x45,Q235B,GB/T 700-2006,GB/T 702-2008,310x45,热轧,S1,QA3,M,109.51,Kg,宽x厚
CWP01091,热轧工具钢扁钢,FB310x50,Q235B,GB/T 700-2006,GB/T 702-2008,310x50,热轧,S1,QA3,M,121.68,Kg,宽x厚
CWP01092,热轧工具钢扁钢,FB310x56,Q235B,GB/T 700-2006,GB/T 702-2008,310x56,热轧,S1,QA3,M,136.28,Kg,宽x厚
CWP01093,热轧工具钢扁钢,FB310x63,Q235B,GB/T 700-2006,GB/T 702-2008,310x63,热轧,S1,QA3,M,153.31,Kg,宽x厚
CWP01094,热轧工具钢扁钢,FB310x71,Q235B,GB/T 700-2006,GB/T 702-2008,310x71,热轧,S1,QA3,M,172.78,Kg,宽x厚
CWP01095,热轧工具钢扁钢,FB310x80,Q235B,GB/T 700-2006,GB/T 702-2008,310x80,热轧,S1,QA3,M,194.68,Kg,宽x厚
CWP01096,热轧工具钢扁钢,FB310x90,Q235B,GB/T 700-2006,GB/T 702-2008,310x90,热轧,S1,QA3,M,219.02,Kg,宽x厚
CWP01097,热轧工具钢扁钢,FB310x100,Q235B,GB/T 700-2006,GB/T 702-2008,310x100,热轧,S1,QA3,M,243.35,Kg,宽x厚
CWO00100,方形冷弯空心型钢,QRO20x1.2,Q235B,GB/T 700-2006,GB/T 6728-2002,20x1.2,冷弯,S1,QA3,M,0.679,Kg,边长x壁厚
CWO00101,方形冷弯空心型钢,QRO20x1.5,Q235B,GB/T 700-2006,GB/T 6728-2002,20x1.5,冷弯,S1,QA3,M,0.826,Kg,边长x壁厚
CWO00102,方形冷弯空心型钢,QRO20x1.75,Q235B,GB/T 700-2006,GB/T 6728-2002,20x1.75,冷弯,S1,QA3,M,0.941,Kg,边长x壁厚
CWO00103,方形冷弯空心型钢,QRO20x2,Q235B,GB/T 700-2006,GB/T 6728-2002,20x2,冷弯,S1,QA3,M,1.05,Kg,边长x壁厚
CWO00104,方形冷弯空心型钢,QRO30x1.5,Q235B,GB/T 700-2006,GB/T 6728-2002,30x1.5,冷弯,S1,QA3,M,1.296,Kg,边长x壁厚
CWO00105,方形冷弯空心型钢,QRO30x1.75,Q235B,GB/T 700-2006,GB/T 6728-2002,30x1.75,冷弯,S1,QA3,M,1.49,Kg,边长x壁厚
CWO00106,方形冷弯空心型钢,QRO30x2,Q235B,GB/T 700-2006,GB/T 6728-2002,30x2,冷弯,S1,QA3,M,1.677,Kg,边长x壁厚
CWO00107,方形冷弯空心型钢,QRO30x2.5,Q235B,GB/T 700-2006,GB/T 6728-2002,30x2.5,冷弯,S1,QA3,M,2.032,Kg,边长x壁厚
CWO00108,方形冷弯空心型钢,QRO30x3,Q235B,GB/T 700-2006,GB/T 6728-2002,30x3,冷弯,S1,QA3,M,2.361,Kg,边长x壁厚
CWO00109,方形冷弯空心型钢,QRO40x1.5,Q235B,GB/T 700-2006,GB/T 6728-2002,40x1.5,冷弯,S1,QA3,M,1.767,Kg,边长x壁厚
CWO00110,方形冷弯空心型钢,QRO40x1.75,Q235B,GB/T 700-2006,GB/T 6728-2002,40x1.75,冷弯,S1,QA3,M,2.039,Kg,边长x壁厚
CWO00111,方形冷弯空心型钢,QRO40x2,Q235B,GB/T 700-2006,GB/T 6728-2002,40x2,冷弯,S1,QA3,M,2.305,Kg,边长x壁厚
CWO00112,方形冷弯空心型钢,QRO40x2.5,Q235B,GB/T 700-2006,GB/T 6728-2002,40x2.5,冷弯,S1,QA3,M,2.817,Kg,边长x壁厚
CWO00113,方形冷弯空心型钢,QRO40x3,Q235B,GB/T 700-2006,GB/T 6728-2002,40x3,冷弯,S1,QA3,M,3.303,Kg,边长x壁厚
CWO00114,方形冷弯空心型钢,QRO40x4,Q235B,GB/T 700-2006,GB/T 6728-2002,40x4,冷弯,S1,QA3,M,4.198,Kg,边长x壁厚
CWO00115,方形冷弯空心型钢,QRO50x1.5,Q235B,GB/T 700-2006,GB/T 6728-2002,50x1.5,冷弯,S1,QA3,M,2.238,Kg,边长x壁厚
CWO00116,方形冷弯空心型钢,QRO50x1.75,Q235B,GB/T 700-2006,GB/T 6728-2002,50x1.75,冷弯,S1,QA3,M,2.589,Kg,边长x壁厚
CWO00117,方形冷弯空心型钢,QRO50x2,Q235B,GB/T 700-2006,GB/T 6728-2002,50x2,冷弯,S1,QA3,M,2.933,Kg,边长x壁厚
CWO00118,方形冷弯空心型钢,QRO50x2.5,Q235B,GB/T 700-2006,GB/T 6728-2002,50x2.5,冷弯,S1,QA3,M,3.602,Kg,边长x壁厚
CWO00119,方形冷弯空心型钢,QRO50x3,Q235B,GB/T 700-2006,GB/T 6728-2002,50x3,冷弯,S1,QA3,M,4.245,Kg,边长x壁厚
CWO00120,方形冷弯空心型钢,QRO50x4,Q235B,GB/T 700-2006,GB/T 6728-2002,50x4,冷弯,S1,QA3,M,5.454,Kg,边长x壁厚
CWO00121,方形冷弯空心型钢,QRO60x2,Q235B,GB/T 700-2006,GB/T 6728-2002,60x2,冷弯,S1,QA3,M,3.56,Kg,边长x壁厚
CWO00122,方形冷弯空心型钢,QRO60x2.5,Q235B,GB/T 700-2006,GB/T 6728-2002,60x2.5,冷弯,S1,QA3,M,4.387,Kg,边长x壁厚
CWO00123,方形冷弯空心型钢,QRO60x3,Q235B,GB/T 700-2006,GB/T 6728-2002,60x3,冷弯,S1,QA3,M,5.187,Kg,边长x壁厚
CWO00124,方形冷弯空心型钢,QRO60x4,Q235B,GB/T 700-2006,GB/T 6728-2002,60x4,冷弯,S1,QA3,M,6.71,Kg,边长x壁厚
CWO00125,方形冷弯空心型钢,QRO60x5,Q235B,GB/T 700-2006,GB/T 6728-2002,60x5,冷弯,S1,QA3,M,8.129,Kg,边长x壁厚
CWO00126,方形冷弯空心型钢,QRO70x2.5,Q235B,GB/T 700-2006,GB/T 6728-2002,70x2.5,冷弯,S1,QA3,M,5.17,Kg,边长x壁厚
CWO00127,方形冷弯空心型钢,QRO70x3,Q235B,GB/T 700-2006,GB/T 6728-2002,70x3,冷弯,S1,QA3,M,6.129,Kg,边长x壁厚
CWO00128,方形冷弯空心型钢,QRO70x4,Q235B,GB/T 700-2006,GB/T 6728-2002,70x4,冷弯,S1,QA3,M,7.966,Kg,边长x壁厚
CWO00129,方形冷弯空心型钢,QRO70x5,Q235B,GB/T 700-2006,GB/T 6728-2002,70x5,冷弯,S1,QA3,M,9.699,Kg,边长x壁厚
CWO00130,方形冷弯空心型钢,QRO80x2.5,Q235B,GB/T 700-2006,GB/T 6728-2002,80x2.5,冷弯,S1,QA3,M,5.957,Kg,边长x壁厚
CWO00131,方形冷弯空心型钢,QRO80x3,Q235B,GB/T 700-2006,GB/T 6728-2002,80x3,冷弯,S1,QA3,M,7.071,Kg,边长x壁厚
CWO00132,方形冷弯空心型钢,QRO80x4,Q235B,GB/T 700-2006,GB/T 6728-2002,80x4,冷弯,S1,QA3,M,9.222,Kg,边长x壁厚
CWO00133,方形冷弯空心型钢,QRO80x5,Q235B,GB/T 700-2006,GB/T 6728-2002,80x5,冷弯,S1,QA3,M,11.269,Kg,边长x壁厚
CWO00134,方形冷弯空心型钢,QRO90x3,Q235B,GB/T 700-2006,GB/T 6728-2002,90x3,冷弯,S1,QA3,M,8.013,Kg,边长x壁厚
CWO00135,方形冷弯空心型钢,QRO90x4,Q235B,GB/T 700-2006,GB/T 6728-2002,90x4,冷弯,S1,QA3,M,10.478,Kg,边长x壁厚
CWO00136,方形冷弯空心型钢,QRO90x5,Q235B,GB/T 700-2006,GB/T 6728-2002,90x5,冷弯,S1,QA3,M,12.839,Kg,边长x壁厚
CWO00137,方形冷弯空心型钢,QRO90x6,Q235B,GB/T 700-2006,GB/T 6728-2002,90x6,冷弯,S1,QA3,M,15.097,Kg,边长x壁厚
CWO00138,方形冷弯空心型钢,QRO100x4,Q235B,GB/T 700-2006,GB/T 6728-2002,100x4,冷弯,S1,QA3,M,11.734,Kg,边长x壁厚
CWO00139,方形冷弯空心型钢,QRO100x5,Q235B,GB/T 700-2006,GB/T 6728-2002,100x5,冷弯,S1,QA3,M,14.409,Kg,边长x壁厚
CWO00140,方形冷弯空心型钢,QRO100x6,Q235B,GB/T 700-2006,GB/T 6728-2002,100x6,冷弯,S1,QA3,M,16.981,Kg,边长x壁厚
CWO00141,方形冷弯空心型钢,QRO110x4,Q235B,GB/T 700-2006,GB/T 6728-2002,110x4,冷弯,S1,QA3,M,12.99,Kg,边长x壁厚
CWO00142,方形冷弯空心型钢,QRO110x5,Q235B,GB/T 700-2006,GB/T 6728-2002,110x5,冷弯,S1,QA3,M,15.98,Kg,边长x壁厚
CWO00143,方形冷弯空心型钢,QRO110x6,Q235B,GB/T 700-2006,GB/T 6728-2002,110x6,冷弯,S1,QA3,M,18.866,Kg,边长x壁厚
CWO00144,方形冷弯空心型钢,QRO120x4,Q235B,GB/T 700-2006,GB/T 6728-2002,120x4,冷弯,S1,QA3,M,14.246,Kg,边长x壁厚
CWO00145,方形冷弯空心型钢,QRO120x5,Q235B,GB/T 700-2006,GB/T 6728-2002,120x5,冷弯,S1,QA3,M,17.549,Kg,边长x壁厚
CWO00146,方形冷弯空心型钢,QRO120x6,Q235B,GB/T 700-2006,GB/T 6728-2002,120x6,冷弯,S1,QA3,M,20.749,Kg,边长x壁厚
CWO00147,方形冷弯空心型钢,QRO120x8,Q235B,GB/T 700-2006,GB/T 6728-2002,120x8,冷弯,S1,QA3,M,26.84,Kg,边长x壁厚
CWO00148,方形冷弯空心型钢,QRO130x4,Q235B,GB/T 700-2006,GB/T 6728-2002,130x4,冷弯,S1,QA3,M,15.502,Kg,边长x壁厚
CWO00149,方形冷弯空心型钢,QRO130x5,Q235B,GB/T 700-2006,GB/T 6728-2002,130x5,冷弯,S1,QA3,M,19.12,Kg,边长x壁厚
CWO00150,方形冷弯空心型钢,QRO130x6,Q235B,GB/T 700-2006,GB/T 6728-2002,130x6,冷弯,S1,QA3,M,22.634,Kg,边长x壁厚
CWO00151,方形冷弯空心型钢,QRO130x8,Q235B,GB/T 700-2006,GB/T 6728-2002,130x8,冷弯,S1,QA3,M,28.921,Kg,边长x壁厚
CWO00152,方形冷弯空心型钢,QRO140x4,Q235B,GB/T 700-2006,GB/T 6728-2002,140x4,冷弯,S1,QA3,M,16.758,Kg,边长x壁厚
CWO00153,方形冷弯空心型钢,QRO140x5,Q235B,GB/T 700-2006,GB/T 6728-2002,140x5,冷弯,S1,QA3,M,20.689,Kg,边长x壁厚
CWO00154,方形冷弯空心型钢,QRO140x6,Q235B,GB/T 700-2006,GB/T 6728-2002,140x6,冷弯,S1,QA3,M,24.517,Kg,边长x壁厚
CWO00155,方形冷弯空心型钢,QRO140x8,Q235B,GB/T 700-2006,GB/T 6728-2002,140x8,冷弯,S1,QA3,M,31.864,Kg,边长x壁厚
CWO00156,方形冷弯空心型钢,QRO150x4,Q235B,GB/T 700-2006,GB/T 6728-2002,150x4,冷弯,S1,QA3,M,18.014,Kg,边长x壁厚
CWO00157,方形冷弯空心型钢,QRO150x5,Q235B,GB/T 700-2006,GB/T 6728-2002,150x5,冷弯,S1,QA3,M,22.26,Kg,边长x壁厚
CWO00158,方形冷弯空心型钢,QRO150x6,Q235B,GB/T 700-2006,GB/T 6728-2002,150x6,冷弯,S1,QA3,M,26.402,Kg,边长x壁厚
CWO00159,方形冷弯空心型钢,QRO150x8,Q235B,GB/T 700-2006,GB/T 6728-2002,150x8,冷弯,S1,QA3,M,33.945,Kg,边长x壁厚
CWO00160,方形冷弯空心型钢,QRO160x4,Q235B,GB/T 700-2006,GB/T 6728-2002,160x4,冷弯,S1,QA3,M,19.27,Kg,边长x壁厚
CWO00161,方形冷弯空心型钢,QRO160x5,Q235B,GB/T 700-2006,GB/T 6728-2002,160x5,冷弯,S1,QA3,M,23.829,Kg,边长x壁厚
CWO00162,方形冷弯空心型钢,QRO160x6,Q235B,GB/T 700-2006,GB/T 6728-2002,160x6,冷弯,S1,QA3,M,28.285,Kg,边长x壁厚
CWO00163,方形冷弯空心型钢,QRO160x8,Q235B,GB/T 700-2006,GB/T 6728-2002,160x8,冷弯,S1,QA3,M,36.888,Kg,边长x壁厚
CWO00164,方形冷弯空心型钢,QRO170x4,Q235B,GB/T 700-2006,GB/T 6728-2002,170x4,冷弯,S1,QA3,M,20.526,Kg,边长x壁厚
CWO00165,方形冷弯空心型钢,QRO170x5,Q235B,GB/T 700-2006,GB/T 6728-2002,170x5,冷弯,S1,QA3,M,25.4,Kg,边长x壁厚
CWO00166,方形冷弯空心型钢,QRO170x6,Q235B,GB/T 700-2006,GB/T 6728-2002,170x6,冷弯,S1,QA3,M,30.17,Kg,边长x壁厚
CWO00167,方形冷弯空心型钢,QRO170x8,Q235B,GB/T 700-2006,GB/T 6728-2002,170x8,冷弯,S1,QA3,M,38.969,Kg,边长x壁厚
CWO00168,方形冷弯空心型钢,QRO180x4,Q235B,GB/T 700-2006,GB/T 6728-2002,180x4,冷弯,S1,QA3,M,21.8,Kg,边长x壁厚
CWO00169,方形冷弯空心型钢,QRO180x5,Q235B,GB/T 700-2006,GB/T 6728-2002,180x5,冷弯,S1,QA3,M,27,Kg,边长x壁厚
CWO00170,方形冷弯空心型钢,QRO180x6,Q235B,GB/T 700-2006,GB/T 6728-2002,180x6,冷弯,S1,QA3,M,32.1,Kg,边长x壁厚
CWO00171,方形冷弯空心型钢,QRO180x8,Q235B,GB/T 700-2006,GB/T 6728-2002,180x8,冷弯,S1,QA3,M,41.5,Kg,边长x壁厚
CWO00172,方形冷弯空心型钢,QRO190x4,Q235B,GB/T 700-2006,GB/T 6728-2002,190x4,冷弯,S1,QA3,M,23,Kg,边长x壁厚
CWO00173,方形冷弯空心型钢,QRO190x5,Q235B,GB/T 700-2006,GB/T 6728-2002,190x5,冷弯,S1,QA3,M,28.5,Kg,边长x壁厚
CWO00174,方形冷弯空心型钢,QRO190x6,Q235B,GB/T 700-2006,GB/T 6728-2002,190x6,冷弯,S1,QA3,M,33.9,Kg,边长x壁厚
CWO00175,方形冷弯空心型钢,QRO190x8,Q235B,GB/T 700-2006,GB/T 6728-2002,190x8,冷弯,S1,QA3,M,44,Kg,边长x壁厚
CWO00176,方形冷弯空心型钢,QRO200x4,Q235B,GB/T 700-2006,GB/T 6728-2002,200x4,冷弯,S1,QA3,M,24.3,Kg,边长x壁厚
CWO00177,方形冷弯空心型钢,QRO200x5,Q235B,GB/T 700-2006,GB/T 6728-2002,200x5,冷弯,S1,QA3,M,30.1,Kg,边长x壁厚
CWO00178,方形冷弯空心型钢,QRO200x6,Q235B,GB/T 700-2006,GB/T 6728-2002,200x6,冷弯,S1,QA3,M,35.8,Kg,边长x壁厚
CWO00179,方形冷弯空心型钢,QRO200x8,Q235B,GB/T 700-2006,GB/T 6728-2002,200x8,冷弯,S1,QA3,M,46.5,Kg,边长x壁厚
CWO00180,方形冷弯空心型钢,QRO200x10,Q235B,GB/T 700-2006,GB/T 6728-2002,200x10,冷弯,S1,QA3,M,57,Kg,边长x壁厚
CWO00181,方形冷弯空心型钢,QRO220x5,Q235B,GB/T 700-2006,GB/T 6728-2002,220x5,冷弯,S1,QA3,M,33.2,Kg,边长x壁厚
CWO00182,方形冷弯空心型钢,QRO220x6,Q235B,GB/T 700-2006,GB/T 6728-2002,220x6,冷弯,S1,QA3,M,39.6,Kg,边长x壁厚
CWO00183,方形冷弯空心型钢,QRO220x8,Q235B,GB/T 700-2006,GB/T 6728-2002,220x8,冷弯,S1,QA3,M,51.5,Kg,边长x壁厚
CWO00184,方形冷弯空心型钢,QRO220x10,Q235B,GB/T 700-2006,GB/T 6728-2002,220x10,冷弯,S1,QA3,M,63.2,Kg,边长x壁厚
CWO00185,方形冷弯空心型钢,QRO220x12,Q235B,GB/T 700-2006,GB/T 6728-2002,220x12,冷弯,S1,QA3,M,73.5,Kg,边长x壁厚
CWO00186,方形冷弯空心型钢,QRO250x5,Q235B,GB/T 700-2006,GB/T 6728-2002,250x5,冷弯,S1,QA3,M,38,Kg,边长x壁厚
CWO00187,方形冷弯空心型钢,QRO250x6,Q235B,GB/T 700-2006,GB/T 6728-2002,250x6,冷弯,S1,QA3,M,45.2,Kg,边长x壁厚
CWO00188,方形冷弯空心型钢,QRO250x8,Q235B,GB/T 700-2006,GB/T 6728-2002,250x8,冷弯,S1,QA3,M,59.1,Kg,边长x壁厚
CWO00189,方形冷弯空心型钢,QRO250x10,Q235B,GB/T 700-2006,GB/T 6728-2002,250x10,冷弯,S1,QA3,M,72.7,Kg,边长x壁厚
CWO00190,方形冷弯空心型钢,QRO250x12,Q235B,GB/T 700-2006,GB/T 6728-2002,250x12,冷弯,S1,QA3,M,84.8,Kg,边长x壁厚
CWO00191,方形冷弯空心型钢,QRO280x5,Q235B,GB/T 700-2006,GB/T 6728-2002,280x5,冷弯,S1,QA3,M,42.7,Kg,边长x壁厚
CWO00192,方形冷弯空心型钢,QRO280x6,Q235B,GB/T 700-2006,GB/T 6728-2002,280x6,冷弯,S1,QA3,M,50.9,Kg,边长x壁厚
CWO00193,方形冷弯空心型钢,QRO280x8,Q235B,GB/T 700-2006,GB/T 6728-2002,280x8,冷弯,S1,QA3,M,66.6,Kg,边长x壁厚
CWO00194,方形冷弯空心型钢,QRO280x10,Q235B,GB/T 700-2006,GB/T 6728-2002,280x10,冷弯,S1,QA3,M,82.1,Kg,边长x壁厚
CWO00195,方形冷弯空心型钢,QRO280x12,Q235B,GB/T 700-2006,GB/T 6728-2002,280x12,冷弯,S1,QA3,M,96.1,Kg,边长x壁厚
CWO00196,方形冷弯空心型钢,QRO300x6,Q235B,GB/T 700-2006,GB/T 6728-2002,300x6,冷弯,S1,QA3,M,54.7,Kg,边长x壁厚
CWO00197,方形冷弯空心型钢,QRO300x8,Q235B,GB/T 700-2006,GB/T 6728-2002,300x8,冷弯,S1,QA3,M,71.6,Kg,边长x壁厚
CWO00198,方形冷弯空心型钢,QRO300x10,Q235B,GB/T 700-2006,GB/T 6728-2002,300x10,冷弯,S1,QA3,M,88.4,Kg,边长x壁厚
CWO00199,方形冷弯空心型钢,QRO300x12,Q235B,GB/T 700-2006,GB/T 6728-2002,300x12,冷弯,S1,QA3,M,104,Kg,边长x壁厚
CWO00200,方形冷弯空心型钢,QRO350x6,Q235B,GB/T 700-2006,GB/T 6728-2002,350x6,冷弯,S1,QA3,M,64.1,Kg,边长x壁厚
CWO00201,方形冷弯空心型钢,QRO350x8,Q235B,GB/T 700-2006,GB/T 6728-2002,350x8,冷弯,S1,QA3,M,84.2,Kg,边长x壁厚
CWO00202,方形冷弯空心型钢,QRO350x10,Q235B,GB/T 700-2006,GB/T 6728-2002,350x10,冷弯,S1,QA3,M,104,Kg,边长x壁厚
CWO00203,方形冷弯空心型钢,QRO350x12,Q235B,GB/T 700-2006,GB/T 6728-2002,350x12,冷弯,S1,QA3,M,123,Kg,边长x壁厚
CWO00204,方形冷弯空心型钢,QRO400x8,Q235B,GB/T 700-2006,GB/T 6728-2002,400x8,冷弯,S1,QA3,M,96.7,Kg,边长x壁厚
CWO00205,方形冷弯空心型钢,QRO400x10,Q235B,GB/T 700-2006,GB/T 6728-2002,400x10,冷弯,S1,QA3,M,120,Kg,边长x壁厚
CWO00206,方形冷弯空心型钢,QRO400x12,Q235B,GB/T 700-2006,GB/T 6728-2002,400x12,冷弯,S1,QA3,M,141,Kg,边长x壁厚
CWO00207,方形冷弯空心型钢,QRO400x14,Q235B,GB/T 700-2006,GB/T 6728-2002,400x14,冷弯,S1,QA3,M,163,Kg,边长x壁厚
CWO00208,方形冷弯空心型钢,QRO450x8,Q235B,GB/T 700-2006,GB/T 6728-2002,450x8,冷弯,S1,QA3,M,109,Kg,边长x壁厚
CWO00209,方形冷弯空心型钢,QRO450x10,Q235B,GB/T 700-2006,GB/T 6728-2002,450x10,冷弯,S1,QA3,M,135,Kg,边长x壁厚
CWO00210,方形冷弯空心型钢,QRO450x12,Q235B,GB/T 700-2006,GB/T 6728-2002,450x12,冷弯,S1,QA3,M,160,Kg,边长x壁厚
CWO00211,方形冷弯空心型钢,QRO450x14,Q235B,GB/T 700-2006,GB/T 6728-2002,450x14,冷弯,S1,QA3,M,185,Kg,边长x壁厚
CWO00212,方形冷弯空心型钢,QRO500x8,Q235B,GB/T 700-2006,GB/T 6728-2002,500x8,冷弯,S1,QA3,M,122,Kg,边长x壁厚
CWO00213,方形冷弯空心型钢,QRO500x10,Q235B,GB/T 700-2006,GB/T 6728-2002,500x10,冷弯,S1,QA3,M,151,Kg,边长x壁厚
CWO00214,方形冷弯空心型钢,QRO500x12,Q235B,GB/T 700-2006,GB/T 6728-2002,500x12,冷弯,S1,QA3,M,179,Kg,边长x壁厚
CWO00215,方形冷弯空心型钢,QRO500x14,Q235B,GB/T 700-2006,GB/T 6728-2002,500x14,冷弯,S1,QA3,M,207,Kg,边长x壁厚
CWO00216,方形冷弯空心型钢,QRO500x16,Q235B,GB/T 700-2006,GB/T 6728-2002,500x16,冷弯,S1,QA3,M,235,Kg,边长x壁厚
CWB00100,钢板,20,Q265HR,1916T3033,GB/T 709-2006,20,热轧,RCC-M 3,QA2,㎡,157,Kg,厚
CWB00101,钢板,12,Q265HR,1916T3033,GB/T 709-2006,12,热轧,RCC-M 2,QA1,㎡,94.2,Kg,厚
CWB00102,钢板,15,Q265HR,1916T3033,GB/T 709-2006,15,热轧,RCC-M 3,QA2,㎡,117.75,Kg,厚
CWB00103,钢板,20,Q265HR,1916T3033,GB/T 709-2006,20,热轧,RCC-M 2,QA1,㎡,157,Kg,厚
CWB00104,钢板,25,Q265HR,1916T3033,GB/T 709-2006,25,热轧,RCC-M 3,QA2,㎡,196.25,Kg,厚
CWB00105,钢板,45,Q265HR,1916T3033,GB/T 709-2006,45,热轧,RCC-M 3,QA2,㎡,353.25,Kg,厚
CWB00106,钢板,10,Q265HR,1916T3033,GB/T 709-2006,10,热轧,RCC-M 3,QA2,㎡,78.5,Kg,厚
CWB00107,钢板,25,Q265HR,1916T3033,GB/T 709-2006,25,热轧,RCC-M 2,QA1,㎡,196.25,Kg,厚
CWB00108,钢板,6,Q265HR,1916T3033,GB/T 709-2006,6,热轧,RCC-M 3,QA2,㎡,47.1,Kg,厚
CWB00109,钢板,8,Q265HR,1916T3033,GB/T 709-2006,8,热轧,RCC-M 3,QA2,㎡,62.8,Kg,厚
CWB00110,钢板,8,Q265HR,1916T3033,GB/T 709-2006,8,热轧,RCC-M 2,QA1,㎡,62.8,Kg,厚
CWB00111,钢板,5,022Cr19Ni10,1916T3034,GB/T 709-2006,5,冷轧,RCC-M 3,QA2,㎡,39.25,Kg,厚
CWB00112,钢板,5,022Cr19Ni10,1916T3034,GB/T 709-2006,5,热轧,RCC-M 3,QA2,㎡,39.25,Kg,厚
CWB00113,钢板,20,026Cr18Ni12Mo2N,1916T3034,GB/T 709-2006,20,热轧,RCC-M 2,QA1,㎡,157,Kg,厚
CWB00114,钢板,20,026Cr18Ni12Mo2N,1916T3034,GB/T 709-2006,20,热轧,RCC-M 3,QA2,㎡,157,Kg,厚
CWB00115,钢板,35,026Cr18Ni12Mo2N,1916T3034,GB/T 709-2006,35,热轧,RCC-M 2,QA1,㎡,274.75,Kg,厚
CWB00116,钢板,10,022Cr19Ni10,1916T3034,GB/T 709-2006,10,热轧,RCC-M 3,QA2,㎡,78.5,Kg,厚
CWB00117,钢板,10,026Cr18Ni12Mo2N,1916T3034,GB/T 709-2006,10,热轧,RCC-M 3,QA2,㎡,78.5,Kg,厚
CWB00118,钢板,12,022Cr19Ni10,1916T3034,GB/T 709-2006,12,热轧,RCC-M 3,QA2,㎡,94.2,Kg,厚
CWB00119,钢板,15,022Cr19Ni10,1916T3034,GB/T 709-2006,15,热轧,RCC-M 3,QA2,㎡,117.75,Kg,厚
CWB00120,钢板,15,022Cr19Ni10,1916T3034,GB/T 709-2006,15,热轧,RCC-M 2,QA1,㎡,117.75,Kg,厚
CWB00121,钢板,5,022Cr19Ni10,1916T3034,GB/T 709-2006,5,冷轧,RCC-M 2,QA1,㎡,39.25,Kg,厚
CWB00122,钢板,5,022Cr19Ni10,1916T3034,GB/T 709-2006,5,热轧,RCC-M 2,QA1,㎡,39.25,Kg,厚
CWB00123,钢板,10,022Cr19Ni10,1916T3034,GB/T 709-2006,10,热轧,RCC-M 2,QA1,㎡,78.5,Kg,厚
CWB00124,钢板,12,022Cr19Ni10,1916T3034,GB/T 709-2006,12,热轧,RCC-M 2,QA1,㎡,94.2,Kg,厚
CWB00125,钢板,22,022Cr19Ni10,1916T3034,GB/T 709-2006,22,热轧,RCC-M 2,QA1,㎡,172.7,Kg,厚
CWB00126,钢板,6,022Cr19Ni10,1916T3034,GB/T 709-2006,6,冷轧,RCC-M 3,QA2,㎡,47.1,Kg,厚
CWB00127,钢板,6,022Cr19Ni10,1916T3034,GB/T 709-2006,6,热轧,RCC-M 3,QA2,㎡,47.1,Kg,厚
CWB00128,钢板,20,022Cr19Ni10,1916T3034,GB/T 709-2006,20,热轧,RCC-M 3,QA2,㎡,157,Kg,厚
CWB00129,钢板,22,022Cr19Ni10,1916T3034,GB/T 709-2006,22,热轧,RCC-M 3,QA2,㎡,172.7,Kg,厚
CWB00130,钢板,6,022Cr19Ni10,1916T3034,GB/T 709-2006,6,冷轧,RCC-M 2,QA1,㎡,47.1,Kg,厚
CWB00131,钢板,6,022Cr19Ni10,1916T3034,GB/T 709-2006,6,热轧,RCC-M 2,QA1,㎡,47.1,Kg,厚
CWB00132,钢板,35,Q265HR,1916T3033,GB/T 709-2006,35,热轧,RCC-M 2,QA1,㎡,274.75,Kg,厚
CWB00133,钢板,1250x0.8,DX51D+Z275,GB/T2518-2008,GB/T 709-2006,1250x0.8,热轧,S1,QA3,㎡,6.28,Kg,宽x厚
CWB00134,钢板,1250x1,DX51D+Z275,GB/T2518-2008,GB/T 709-2006,1250x1,热轧,S1,QA3,㎡,7.85,Kg,宽x厚
CWB00135,钢板,1250x1.2,DX51D+Z275,GB/T2518-2008,GB/T 709-2006,1250x1.2,热轧,S1,QA3,㎡,9.42,Kg,宽x厚
CWB00136,钢板,1219x2500x1.5,Q235B,1916T3039,GB/T 709-2006,1219x2500x1.5,热轧,S1,QA3,㎡,11.78,Kg,宽x长x厚
CWB00137,钢板,1219x2500x3,Q235B,1916T3039,GB/T 709-2006,1219x2500x3,热轧,S1,QA3,㎡,23.55,Kg,宽x长x厚
CWB00138,钢板,1250x1.2,022Cr17Ni12Mo2,1916T3039,GB/T 709-2006,1250x1.2,热轧,S1,QA3,㎡,9.42,Kg,宽x厚
CWB00139,钢板,0.8,Q245R,1916T3039,GB/T 709-2006,0.8,热轧,S1,QA3,㎡,6.28,Kg,厚度
CWB00140,钢板,1.5,Q245R,1916T3039,GB/T 709-2006,1.5,热轧,S1,QA3,㎡,11.78,Kg,厚度
CWB00141,钢板,2,Q245R,1916T3039,GB/T 709-2006,2,热轧,S1,QA3,㎡,15.7,Kg,厚度
CWB00142,钢板,2.5,Q245R,1916T3039,GB/T 709-2006,2.5,热轧,S1,QA3,㎡,19.63,Kg,厚度
CWB00143,钢板,3,Q245R,1916T3039,GB/T 709-2006,3,热轧,S1,QA3,㎡,23.55,Kg,厚度
CWB00144,钢板,4,Q245R,1916T3039,GB/T 709-2006,4,热轧,S1,QA3,㎡,31.4,Kg,厚度
CWB00145,钢板,5,Q245R,1916T3039,GB/T 709-2006,5,热轧,S1,QA3,㎡,39.25,Kg,厚度
CWB00146,钢板,6,Q245R,1916T3039,GB/T 709-2006,6,热轧,S1,QA3,㎡,47.1,Kg,厚度
CWB00147,钢板,8,Q245R,1916T3039,GB/T 709-2006,8,热轧,S1,QA3,㎡,62.8,Kg,厚度
CWB00148,钢板,10,Q245R,1916T3039,GB/T 709-2006,10,热轧,S1,QA3,㎡,78.5,Kg,厚度
CWB00149,钢板,12,Q245R,1916T3039,GB/T 709-2006,12,热轧,S1,QA3,㎡,94.2,Kg,厚度
CWB00150,钢板,12.5,Q245R,1916T3039,GB/T 709-2006,12.5,热轧,S1,QA3,㎡,98.13,Kg,厚度
CWB00151,钢板,15,Q245R,1916T3039,GB/T 709-2006,15,热轧,S1,QA3,㎡,117.75,Kg,厚度
CWB00152,钢板,20,Q245R,1916T3039,GB/T 709-2006,20,热轧,S1,QA3,㎡,157,Kg,厚度
CWB00153,钢板,24,Q245R,1916T3039,GB/T 709-2006,24,热轧,S1,QA3,㎡,188.4,Kg,厚度
CWB00154,钢板,25,Q245R,1916T3039,GB/T 709-2006,25,热轧,S1,QA3,㎡,196.25,Kg,厚度
CWB00155,钢板,25.4,Q245R,1916T3039,GB/T 709-2006,25.4,热轧,S1,QA3,㎡,199.39,Kg,厚度
CWB00156,钢板,40,Q245R,1916T3039,GB/T 709-2006,40,热轧,S1,QA3,㎡,314,Kg,厚度
CWB00157,钢板,45,Q245R,1916T3039,GB/T 709-2006,45,热轧,S1,QA3,㎡,353.25,Kg,厚度
CWB00158,钢板,60,Q245R,1916T3039,GB/T 709-2006,60,热轧,S1,QA3,㎡,471,Kg,厚度
CWB00159,钢板,100,Q245R,1916T3039,GB/T 709-2006,100,热轧,S1,QA3,㎡,785,Kg,厚度
CWB00160,钢板,150,Q245R,1916T3039,GB/T 709-2006,150,热轧,S1,QA3,㎡,1177.5,Kg,厚度
CWB00161,钢板,200,Q245R,1916T3039,GB/T 709-2006,200,热轧,S1,QA3,㎡,1570,Kg,厚度
CWB00162,钢板,250,Q245R,1916T3039,GB/T 709-2006,250,热轧,S1,QA3,㎡,1962.5,Kg,厚度
CWB00163,钢板,300,Q245R,GB 713-2008,GB/T 709-2006,300,热轧,S1,QA3,㎡,2355,Kg,厚度
CWB00164,钢板,400,Q245R,GB 713-2008,GB/T 709-2006,400,热轧,S1,QA3,㎡,3140,Kg,厚度
CWB00165,钢板,30,Q245R,1916T3039,GB/T 709-2006,30,热轧,S1,QA3,㎡,235.5,Kg,厚度
CWB00166,钢板,5,022Cr19Ni10,GB/T 3280-2007,GB/T 3280-2007,5,冷轧,RCC-M 1,QA1,㎡,39.25,Kg,厚度
CWB00167,钢板,5,022Cr19Ni10,GB/T 4237-2007,GB/T 4237-2007,5,热轧,RCC-M 1,QA1,㎡,39.25,Kg,厚度
CWB00168,钢板,10,022Cr19Ni10,GB/T 4237-2007,GB/T 4237-2007,10,热轧,RCC-M 1,QA1,㎡,78.5,Kg,厚度
CWB00169,钢板,12,022Cr19Ni10,GB/T 4237-2007,GB/T 4237-2007,12,热轧,RCC-M 1,QA1,㎡,94.2,Kg,厚度
CWB00170,钢板,15,022Cr19Ni10,GB/T 4237-2007,GB/T 4237-2007,15,热轧,RCC-M 1,QA1,㎡,117.75,Kg,厚度
CWB00171,钢板,16,022Cr19Ni10,GB/T 4237-2007,GB/T 4237-2007,16,热轧,RCC-M 1,QA1,㎡,125.6,Kg,厚度
CWB00174,钢板,22,022Cr19Ni10,GB/T 4237-2007,GB/T 4237-2007,22,热轧,RCC-M 1,QA1,㎡,172.7,Kg,厚度
CWB00175,钢板,6,022Cr19Ni10,GB/T 3280-2007,GB/T 3280-2007,6,冷轧,RCC-M 1,QA1,㎡,47.1,Kg,厚度
CWB00176,钢板,6,022Cr19Ni10,GB/T 4237-2007,GB/T 4237-2007,6,热轧,RCC-M 1,QA1,㎡,47.1,Kg,厚度
CWB00177,钢板,20,022Cr19Ni10,GB/T 4237-2007,GB/T 4237-2007,20,热轧,RCC-M 1,QA1,㎡,157,Kg,厚度
CWB00178,钢板,16,022Cr19Ni10,1916T3034,GB/T 709-2006,16,热轧,RCC-M 2,QA1,㎡,125.6,Kg,厚度
CWB00179,钢板,20,022Cr19Ni10,1916T3034,GB/T 709-2006,20,热轧,RCC-M 2,QA1,㎡,157,Kg,厚度
CWB00180,钢板,20,Q265HR,1916T3039,GB/T 709-2006,20,热轧,S1,QA3,㎡,157,Kg,厚度
CWB00181,钢板,12,Q265HR,1916T3039,GB/T 709-2006,12,热轧,S1,QA3,㎡,94.2,Kg,厚度
CWB00182,钢板,15,Q265HR,1916T3039,GB/T 709-2006,15,热轧,S1,QA3,㎡,117.75,Kg,厚度
CWB00183,钢板,16,Q265HR,1916T3039,GB/T 709-2006,16,热轧,S1,QA3,㎡,125.6,Kg,厚度
CWB00184,钢板,25,Q265HR,1916T3039,GB/T 709-2006,25,热轧,S1,QA3,㎡,196.25,Kg,厚度
CWB00185,钢板,45,Q265HR,1916T3039,GB/T 709-2006,45,热轧,S1,QA3,㎡,353.25,Kg,厚度
CWB00186,钢板,10,Q265HR,1916T3039,GB/T 709-2006,10,热轧,S1,QA3,㎡,78.5,Kg,厚度
CWB00187,钢板,6,Q265HR,1916T3039,GB/T 709-2006,6,热轧,S1,QA3,㎡,47.1,Kg,厚度
CWB00188,钢板,8,Q265HR,1916T3039,GB/T 709-2006,8,热轧,S1,QA3,㎡,62.8,Kg,厚度
CWB00190,钢板,35,Q265HR,1916T3039,GB/T 709-2006,35,热轧,S1,QA3,㎡,274.75,Kg,厚度
CWB00191,钢板,20,Q265HR,1916T3033,GB/T 709-2006,20,热轧,S2,QA3,㎡,157,Kg,厚度
CWB00192,钢板,12,Q265HR,1916T3033,GB/T 709-2006,12,热轧,S2,QA3,㎡,94.2,Kg,厚度
CWB00193,钢板,15,Q265HR,1916T3033,GB/T 709-2006,15,热轧,S2,QA3,㎡,117.75,Kg,厚度
CWB00194,钢板,16,Q265HR,1916T3033,GB/T 709-2006,16,热轧,S2,QA3,㎡,125.6,Kg,厚度
CWB00195,钢板,25,Q265HR,1916T3033,GB/T 709-2006,25,热轧,S2,QA3,㎡,196.25,Kg,厚度
CWB00196,钢板,45,Q265HR,1916T3033,GB/T 709-2006,45,热轧,S2,QA3,㎡,353.25,Kg,厚度
CWB00197,钢板,10,Q265HR,1916T3033,GB/T 709-2006,10,热轧,S2,QA3,㎡,78.5,Kg,厚度
CWB00199,钢板,6,Q265HR,1916T3033,GB/T 709-2006,6,热轧,S2,QA3,㎡,47.1,Kg,厚度
CWB00200,钢板,8,Q265HR,1916T3033,GB/T 709-2006,8,热轧,S2,QA3,㎡,62.8,Kg,厚度
CWB00201,钢板,35,Q265HR,1916T3033,GB/T 709-2006,35,热轧,S2,QA3,㎡,274.75,Kg,厚度
CWB00202,钢板,16,Q245R,1916T3039,GB/T 709-2006,16,热轧,S1,QA3,㎡,125.6,Kg,厚度
CWB00203,钢板,5,022Cr19Ni10,1916T3039,GB/T 709-2006,5,冷轧,S1,QA3,㎡,39.25,Kg,厚度
CWB00204,钢板,5,022Cr19Ni10,1916T3039,GB/T 709-2006,5,热轧,S1,QA3,㎡,39.25,Kg,厚度
CWB00205,钢板,10,022Cr19Ni10,1916T3039,GB/T 709-2006,10,热轧,S1,QA3,㎡,78.5,Kg,厚度
CWB00206,钢板,12,022Cr19Ni10,1916T3039,GB/T 709-2006,12,热轧,S1,QA3,㎡,94.2,Kg,厚度
CWB00207,钢板,15,022Cr19Ni10,1916T3039,GB/T 709-2006,15,热轧,S1,QA3,㎡,117.75,Kg,厚度
CWB00208,钢板,16,022Cr19Ni10,1916T3039,GB/T 709-2006,16,热轧,S1,QA3,㎡,125.6,Kg,厚度
CWB00211,钢板,22,022Cr19Ni10,1916T3039,GB/T 709-2006,22,热轧,S1,QA3,㎡,172.7,Kg,厚度
CWB00212,钢板,6,022Cr19Ni10,1916T3039,GB/T 709-2006,6,冷轧,S1,QA3,㎡,47.1,Kg,厚度
CWB00213,钢板,6,022Cr19Ni10,1916T3039,GB/T 709-2006,6,热轧,S1,QA3,㎡,47.1,Kg,厚度
CWB00214,钢板,20,022Cr19Ni10,1916T3039,GB/T 709-2006,20,热轧,S1,QA3,㎡,157,Kg,厚度
CWB00215,钢板,5,022Cr19Ni10,GB/T 3280-2007,GB/T 3280-2007,5,冷轧,S2,QA3,㎡,39.25,Kg,厚度
CWB00216,钢板,5,022Cr19Ni10,GB/T 4237-2007,GB/T 4237-2007,5,热轧,S2,QA3,㎡,39.25,Kg,厚度
CWB00217,钢板,10,022Cr19Ni10,GB/T 4237-2007,GB/T 4237-2007,10,热轧,S2,QA3,㎡,78.5,Kg,厚度
CWB00218,钢板,12,022Cr19Ni10,GB/T 4237-2007,GB/T 4237-2007,12,热轧,S2,QA3,㎡,94.2,Kg,厚度
CWB00219,钢板,15,022Cr19Ni10,GB/T 4237-2007,GB/T 4237-2007,15,热轧,S2,QA3,㎡,117.75,Kg,厚度
CWB00220,钢板,16,022Cr19Ni10,GB/T 4237-2007,GB/T 4237-2007,16,热轧,S2,QA3,㎡,125.6,Kg,厚度
CWB00221,钢板,22,022Cr19Ni10,GB/T 4237-2007,GB/T 4237-2007,22,热轧,S2,QA3,㎡,172.7,Kg,厚度
CWB00222,钢板,6,022Cr19Ni10,GB/T 3280-2007,GB/T 3280-2007,6,冷轧,S2,QA3,㎡,47.1,Kg,厚度
CWB00223,钢板,6,022Cr19Ni10,GB/T 4237-2007,GB/T 4237-2007,6,热轧,S2,QA3,㎡,47.1,Kg,厚度
CWB00224,钢板,20,022Cr19Ni10,GB/T 4237-2007,GB/T 4237-2007,20,热轧,S2,QA3,㎡,157,Kg,厚度
CWB00225,钢板,25,Q295HR,1916T3033,GB/T 709-2006,25,热轧,RCC-M 3,QA2,㎡,196.25,Kg,厚度
CWB00226,钢板,45,Q295HR,1916T3033,GB/T 709-2006,45,热轧,RCC-M 3,QA2,㎡,353.25,Kg,厚度
CWB00227,钢板,10,Q345R,1916T3039,GB/T 709-2006,10,热轧,S2,QA3,㎡,78.5,Kg,厚度
CWB00228,钢板,12,Q355HR,1916T3002,GB/T 709-2006,12,热轧,RCC-M 3,QA2,㎡,94.2,Kg,厚度
CWB00229,钢板,18,Q345R,1916T3039,GB/T 709-2006,18,热轧,S2,QA3,㎡,141.3,Kg,厚度
CWB00230,钢板,24,Q345R,1916T3039,GB/T 709-2006,24,热轧,S2,QA3,㎡,188.4,Kg,厚度
CWB00231,钢板,50,Q245R,1916T3039,GB/T 709-2006,50,热轧,S1,QA3,㎡,392.5,Kg,厚度
CWB00232,钢板,2,Q345B,1916T3039,GB/T 709-2006,2,热轧,S1,QA3,㎡,15.7,Kg,厚度
CWB00233,钢板,4,Q345B,1916T3039,GB/T 709-2006,4,热轧,S1,QA3,㎡,31.4,Kg,厚度
CWB60001,钢板,2,00Cr19Ni10,1916T3039,GB/T 709-2006,2,热轧,NA,QANC,㎡,15.7,Kg,厚度
CWB60002,钢板,6,00Cr19Ni10,1916T3039,GB/T 709-2006,6,热轧,NA,QANC,㎡,47.1,Kg,厚度
CWB60003,钢板,10,00Cr19Ni10,1916T3039,GB/T 709-2006,10,热轧,NA,QANC,㎡,78.5,Kg,厚度
CWB60004,钢板,16,Q235B,1916T3039,GB/T 709-2006,16,热轧,NA,QANC,㎡,125.6,Kg,厚度
CWB60005,钢板,20,Q235B,1916T3039,GB/T 709-2006,20,热轧,NA,QANC,㎡,157,Kg,厚度
CWB00234,钢板,40,Q265HR,1916T3039,GB/T 709-2006,40,热轧,S1,QA3,㎡,314,Kg,厚度
CWB00235,橡胶板,,丁基橡胶,,GB/T 5574-2008,3,,NA,QNCc,㎡,0.031,Kg,"不耐油（A级）拉伸强度5MPa,拉伸伸长率300%，公称硬度50;厚度（mm)"
CWB00241,橡胶板,,丁基橡胶,,GB/T 5574-2008,4,,NA,QNCc,㎡,6.7,Kg,"不耐油（A级）拉伸强度5MPa,拉伸伸长率300%，公称硬度50;厚度（mm)"
CWB00242,橡胶板,,丁基橡胶,,GB/T 5574-2008,5,,NA,QNCc,㎡,8.4,Kg,"不耐油（A级）拉伸强度5MPa,拉伸伸长率300%，公称硬度50;厚度（mm)"
CWB00243,橡胶板,,丁基橡胶,,GB/T 5574-2008,8,,NA,QNCc,㎡,13.3,Kg,"不耐油（A级）拉伸强度5MPa,拉伸伸长率300%，公称硬度50;厚度（mm)"
CWB00244,聚四氟乙烯板,,聚四氟乙烯,,QB/T 3625-1999,6,,NA,QNCc,㎡,13.8,Kg,厚度（mm)
CWB00245,聚四氟乙烯板,,聚四氟乙烯,,QB/T 3625-1999,8,,NA,QNCc,㎡,18.4,Kg,厚度（mm)
CWO00217,方钢,D1-80x80x6,Q235C,GB/T 700-2006,GB/T 3094-2012,80x80x6,冷拔,S1,QA3,,,Kg,边长x边长x厚度(mm)
CWO00218,方钢,D1-100x100x6,Q235C,GB/T 700-2006,GB/T 3094-2012,100x100x6,冷拔,S1,QA3,,,Kg,边长x边长x厚度(mm)
CWO00219,方钢,D1-100x100x8,Q235C,GB/T 700-2006,GB/T 3094-2012,100x100x8,冷拔,S1,QA3,,,Kg,边长x边长x厚度(mm)
CWO00220,方钢,D1-120x120x8,Q235C,GB/T 700-2006,GB/T 3094-2012,120x120x8,冷拔,S1,QA3,,,Kg,边长x边长x厚度(mm)
CWO00221,方钢,D1-140x140x8,Q235C,GB/T 700-2006,GB/T 3094-2012,140x140x8,冷拔,S1,QA3,,,Kg,边长x边长x厚度(mm)
CWO00222,方钢,D1-140x140x10,Q235C,GB/T 700-2006,GB/T 3094-2012,140x140x10,冷拔,S1,QA3,,,Kg,边长x边长x厚度(mm)
CWO00223,方钢,D1-140x140x12,Q235C,GB/T 700-2006,GB/T 3094-2012,140x140x12,冷拔,S1,QA3,,,Kg,边长x边长x厚度(mm)
CWO00224,方钢,D1-150x150x8,Q235C,GB/T 700-2006,GB/T 3094-2012,150x150x8,冷拔,S1,QA3,,,Kg,边长x边长x厚度(mm)
CWO00225,方钢,D1-150x150x10,Q235C,GB/T 700-2006,GB/T 3094-2012,150x150x10,冷拔,S1,QA3,,,Kg,边长x边长x厚度(mm)
CWO00226,方钢,D1-150x150x12,Q235C,GB/T 700-2006,GB/T 3094-2012,150x150x12,冷拔,S1,QA3,,,Kg,边长x边长x厚度(mm)
CWO00227,方钢,D1-160x160x8,Q235C,GB/T 700-2006,GB/T 3094-2012,160x160x8,冷拔,S1,QA3,,,Kg,边长x边长x厚度(mm)
CWO00228,方钢,D1-160x160x10,Q235C,GB/T 700-2006,GB/T 3094-2012,160x160x10,冷拔,S1,QA3,,,Kg,边长x边长x厚度(mm)
CWO00229,方钢,D1-160x160x12,Q235C,GB/T 700-2006,GB/T 3094-2012,160x160x12,冷拔,S1,QA3,,,Kg,边长x边长x厚度(mm)
CWO00230,方钢,D1-180x180x14,Q235C,GB/T 700-2006,GB/T 3094-2012,180x180x14,冷拔,S1,QA3,,,Kg,边长x边长x厚度(mm)
CWO00231,方钢,D1-80x80x6,Q235B,GB/T 700-2006,GB/T 3094-2012,80x80x6,冷拔,S1,QA3,,,Kg,边长x边长x厚度(mm)
CWO00232,方钢,D1-100x100x6,Q235B,GB/T 700-2006,GB/T 3094-2012,100x100x6,冷拔,S1,QA3,,,Kg,边长x边长x厚度(mm)
CWO00233,方钢,D1-100x100x8,Q235B,GB/T 700-2006,GB/T 3094-2012,100x100x8,冷拔,S1,QA3,,,Kg,边长x边长x厚度(mm)
CWO00234,方钢,D1-120x120x8,Q235B,GB/T 700-2006,GB/T 3094-2012,120x120x8,冷拔,S1,QA3,,,Kg,边长x边长x厚度(mm)
CWO00235,方钢,D1-140x140x8,Q235B,GB/T 700-2006,GB/T 3094-2012,140x140x8,冷拔,S1,QA3,,,Kg,边长x边长x厚度(mm)
CWO00236,方钢,D1-140x140x10,Q235B,GB/T 700-2006,GB/T 3094-2012,140x140x10,冷拔,S1,QA3,,,Kg,边长x边长x厚度(mm)
CWO00237,方钢,D1-140x140x12,Q235B,GB/T 700-2006,GB/T 3094-2012,140x140x12,冷拔,S1,QA3,,,Kg,边长x边长x厚度(mm)
CWO00238,方钢,D1-150x150x8,Q235B,GB/T 700-2006,GB/T 3094-2012,150x150x8,冷拔,S1,QA3,,,Kg,边长x边长x厚度(mm)
CWO00239,方钢,D1-150x150x10,Q235B,GB/T 700-2006,GB/T 3094-2012,150x150x10,冷拔,S1,QA3,,,Kg,边长x边长x厚度(mm)
CWO00240,方钢,D1-150x150x12,Q235B,GB/T 700-2006,GB/T 3094-2012,150x150x12,冷拔,S1,QA3,,,Kg,边长x边长x厚度(mm)
CWO00241,方钢,D1-160x160x8,Q235B,GB/T 700-2006,GB/T 3094-2012,160x160x8,冷拔,S1,QA3,,,Kg,边长x边长x厚度(mm)
CWO00242,方钢,D1-160x160x10,Q235B,GB/T 700-2006,GB/T 3094-2012,160x160x10,冷拔,S1,QA3,,,Kg,边长x边长x厚度(mm)
CWO00243,方钢,D1-160x160x12,Q235B,GB/T 700-2006,GB/T 3094-2012,160x160x12,冷拔,S1,QA3,,,Kg,边长x边长x厚度(mm)
CWO00244,方钢,D1-180x180x14,Q235B,GB/T 700-2006,GB/T 3094-2012,180x180x14,冷拔,S1,QA3,,,Kg,边长x边长x厚度(mm)
CWB00246,钢板,100,Q345R,1916T3039,GB/T 709-2006,100,热轧,S1,QA3,,,Kg,厚度
