编码,品名,型号,材料牌号,材料标准,规格标准,尺寸,制造形式,RCC_M,质保等级,单位,单重,单重单位,备注
CSA00100,单孔吊板,AA1,Q245R,,1916T4003,12,,S1,QA3,件,0.2,Kg,尺寸项为ФD
CSA00101,单孔吊板,AA2,Q245R,,1916T4003,14,,S1,QA3,件,0.2,Kg,尺寸项为ФD
CSA00102,单孔吊板,AA3,Q245R,,1916T4003,18,,S1,QA3,件,0.2,Kg,尺寸项为ФD
CSA00103,单孔吊板,AA4,Q245R,,1916T4003,22,,S1,QA3,件,0.5,Kg,尺寸项为ФD
CSA00104,单孔吊板,AA5,Q245R,,1916T4003,27,,S1,QA3,件,0.5,Kg,尺寸项为ФD
CSA00105,单孔吊板,AA6,Q245R,,1916T4003,33,,S1,QA3,件,1.5,Kg,尺寸项为ФD
CSA00106,单孔吊板,AA7,Q245R,,1916T4003,39,,S1,QA3,件,1.5,Kg,尺寸项为ФD
CSA00107,单孔吊板,AA8,Q245R,,1916T4003,45,,S1,QA3,件,2,Kg,尺寸项为ФD
CSA00108,单孔吊板,AA9,Q245R,,1916T4003,45,,S1,QA3,件,3,Kg,尺寸项为ФD
CSA00109,单孔吊板,AA10,Q245R,,1916T4003,56,,S1,QA3,件,5.2,Kg,尺寸项为ФD
CSA00110,单孔吊板,AA11,Q245R,,1916T4003,64,,S1,QA3,件,8.6,Kg,尺寸项为ФD
CSA00111,单孔吊板,AA1,Q245R,,1916T4003,12,,S2,QA3,件,0.2,Kg,尺寸项为ФD
CSA00112,单孔吊板,AA2,Q245R,,1916T4003,14,,S2,QA3,件,0.2,Kg,尺寸项为ФD
CSA00113,单孔吊板,AA3,Q245R,,1916T4003,18,,S2,QA3,件,0.2,Kg,尺寸项为ФD
CSA00114,单孔吊板,AA4,Q245R,,1916T4003,22,,S2,QA3,件,0.5,Kg,尺寸项为ФD
CSA00115,单孔吊板,AA5,Q245R,,1916T4003,27,,S2,QA3,件,0.5,Kg,尺寸项为ФD
CSA00116,单孔吊板,AA6,Q245R,,1916T4003,33,,S2,QA3,件,1.5,Kg,尺寸项为ФD
CSA00117,单孔吊板,AA7,Q245R,,1916T4003,39,,S2,QA3,件,1.5,Kg,尺寸项为ФD
CSA00118,单孔吊板,AA8,Q245R,,1916T4003,45,,S2,QA3,件,2,Kg,尺寸项为ФD
CSA00119,单孔吊板,AA9,Q245R,,1916T4003,45,,S2,QA3,件,3,Kg,尺寸项为ФD
CSA00120,单孔吊板,AA10,Q245R,,1916T4003,56,,S2,QA3,件,5.2,Kg,尺寸项为ФD
CSA00121,单孔吊板,AA11,Q245R,,1916T4003,64,,S2,QA3,件,8.6,Kg,尺寸项为ФD
CSA00122,单孔吊板,AA1,Q245R,,1916T4003,12,,NA,QNC,件,0.2,Kg,尺寸项为ФD
CSA00123,单孔吊板,AA2,Q245R,,1916T4003,14,,NA,QNC,件,0.2,Kg,尺寸项为ФD
CSA00124,单孔吊板,AA3,Q245R,,1916T4003,18,,NA,QNC,件,0.2,Kg,尺寸项为ФD
CSA00125,单孔吊板,AA4,Q245R,,1916T4003,22,,NA,QNC,件,0.5,Kg,尺寸项为ФD
CSA00126,单孔吊板,AA5,Q245R,,1916T4003,27,,NA,QNC,件,0.5,Kg,尺寸项为ФD
CSA00127,单孔吊板,AA6,Q245R,,1916T4003,33,,NA,QNC,件,1.5,Kg,尺寸项为ФD
CSA00128,单孔吊板,AA7,Q245R,,1916T4003,39,,NA,QNC,件,1.5,Kg,尺寸项为ФD
CSA00129,单孔吊板,AA8,Q245R,,1916T4003,45,,NA,QNC,件,2,Kg,尺寸项为ФD
CSA00130,单孔吊板,AA9,Q245R,,1916T4003,45,,NA,QNC,件,3,Kg,尺寸项为ФD
CSA00131,单孔吊板,AA10,Q245R,,1916T4003,56,,NA,QNC,件,5.2,Kg,尺寸项为ФD
CSA00132,单孔吊板,AA11,Q245R,,1916T4003,64,,NA,QNC,件,8.6,Kg,尺寸项为ФD
CSA00133,U形吊板,AC1,Q245R,,1916T4003,12,,S1,QA3,件,1,Kg,尺寸项为ФD
CSA00134,U形吊板,AC2,Q245R,,1916T4003,14,,S1,QA3,件,1,Kg,尺寸项为ФD
CSA00135,U形吊板,AC3,Q245R,,1916T4003,18,,S1,QA3,件,2,Kg,尺寸项为ФD
CSA00136,U形吊板,AC4,Q245R,,1916T4003,22,,S1,QA3,件,3,Kg,尺寸项为ФD
CSA00137,U形吊板,AC5,Q245R,,1916T4003,27,,S1,QA3,件,5.5,Kg,尺寸项为ФD
CSA00138,U形吊板,AC6,Q245R,,1916T4003,33,,S1,QA3,件,8,Kg,尺寸项为ФD
CSA00139,U形吊板,AC7,Q245R,,1916T4003,39,,S1,QA3,件,14,Kg,尺寸项为ФD
CSA00140,U形吊板,AC8,Q245R,,1916T4003,45,,S1,QA3,件,24.5,Kg,尺寸项为ФD
CSA00141,U形吊板,AC9,Q245R,,1916T4003,45,,S1,QA3,件,29,Kg,尺寸项为ФD
CSA00142,U形吊板,AC10,Q245R,,1916T4003,56,,S1,QA3,件,47,Kg,尺寸项为ФD
CSA00143,U形吊板,AC1,Q245R,,1916T4003,12,,S2,QA3,件,1,Kg,尺寸项为ФD
CSA00144,U形吊板,AC2,Q245R,,1916T4003,14,,S2,QA3,件,1,Kg,尺寸项为ФD
CSA00145,U形吊板,AC3,Q245R,,1916T4003,18,,S2,QA3,件,2,Kg,尺寸项为ФD
CSA00146,U形吊板,AC4,Q245R,,1916T4003,22,,S2,QA3,件,3,Kg,尺寸项为ФD
CSA00147,U形吊板,AC5,Q245R,,1916T4003,27,,S2,QA3,件,5.5,Kg,尺寸项为ФD
CSA00148,U形吊板,AC6,Q245R,,1916T4003,33,,S2,QA3,件,8,Kg,尺寸项为ФD
CSA00149,U形吊板,AC7,Q245R,,1916T4003,39,,S2,QA3,件,14,Kg,尺寸项为ФD
CSA00150,U形吊板,AC8,Q245R,,1916T4003,45,,S2,QA3,件,24.5,Kg,尺寸项为ФD
CSA00151,U形吊板,AC9,Q245R,,1916T4003,45,,S2,QA3,件,29,Kg,尺寸项为ФD
CSA00152,U形吊板,AC10,Q245R,,1916T4003,56,,S2,QA3,件,47,Kg,尺寸项为ФD
CSA00153,U形吊板,AC1,Q245R,,1916T4003,12,,NA,QNC,件,1,Kg,尺寸项为ФD
CSA00154,U形吊板,AC2,Q245R,,1916T4003,14,,NA,QNC,件,1,Kg,尺寸项为ФD
CSA00155,U形吊板,AC3,Q245R,,1916T4003,18,,NA,QNC,件,2,Kg,尺寸项为ФD
CSA00156,U形吊板,AC4,Q245R,,1916T4003,22,,NA,QNC,件,3,Kg,尺寸项为ФD
CSA00157,U形吊板,AC5,Q245R,,1916T4003,27,,NA,QNC,件,5.5,Kg,尺寸项为ФD
CSA00158,U形吊板,AC6,Q245R,,1916T4003,33,,NA,QNC,件,8,Kg,尺寸项为ФD
CSA00159,U形吊板,AC7,Q245R,,1916T4003,39,,NA,QNC,件,14,Kg,尺寸项为ФD
CSA00160,U形吊板,AC8,Q245R,,1916T4003,45,,NA,QNC,件,24.5,Kg,尺寸项为ФD
CSA00161,U形吊板,AC9,Q245R,,1916T4003,45,,NA,QNC,件,29,Kg,尺寸项为ФD
CSA00162,U形吊板,AC10,Q245R,,1916T4003,56,,NA,QNC,件,47,Kg,尺寸项为ФD
CSA00163,单孔垫板,AE1,Q245R,,1916T4003,12,,S1,QA3,件,1,Kg,尺寸项为ФD
CSA00164,单孔垫板,AE2a,Q245R,,1916T4003,14,,S1,QA3,件,1,Kg,尺寸项为ФD
CSA00165,单孔垫板,AE2b,Q245R,,1916T4003,14,,S1,QA3,件,1,Kg,尺寸项为ФD
CSA00166,单孔垫板,AE2c,Q245R,,1916T4003,14,,S1,QA3,件,1,Kg,尺寸项为ФD
CSA00167,单孔垫板,AE3,Q245R,,1916T4003,18,,S1,QA3,件,1,Kg,尺寸项为ФD
CSA00168,单孔垫板,AE4,Q245R,,1916T4003,22,,S1,QA3,件,1.5,Kg,尺寸项为ФD
CSA00169,单孔垫板,AE5,Q245R,,1916T4003,27,,S1,QA3,件,1.5,Kg,尺寸项为ФD
CSA00170,单孔垫板,AE6,Q245R,,1916T4003,33,,S1,QA3,件,2.5,Kg,尺寸项为ФD
CSA00171,单孔垫板,AE7,Q245R,,1916T4003,39,,S1,QA3,件,4.5,Kg,尺寸项为ФD
CSA00172,单孔垫板,AE8,Q245R,,1916T4003,45,,S1,QA3,件,4.5,Kg,尺寸项为ФD
CSA00173,单孔垫板,AE9,Q245R,,1916T4003,45,,S1,QA3,件,5.5,Kg,尺寸项为ФD
CSA00174,单孔垫板,AE10,Q245R,,1916T4003,56,,S1,QA3,件,16,Kg,尺寸项为ФD
CSA00175,单孔垫板,AE11,Q245R,,1916T4003,64,,S1,QA3,件,27,Kg,尺寸项为ФD
CSA00176,单孔垫板,AE1,Q245R,,1916T4003,12,,S2,QA3,件,1,Kg,尺寸项为ФD
CSA00177,单孔垫板,AE2a,Q245R,,1916T4003,14,,S2,QA3,件,1,Kg,尺寸项为ФD
CSA00178,单孔垫板,AE2b,Q245R,,1916T4003,14,,S2,QA3,件,1,Kg,尺寸项为ФD
CSA00179,单孔垫板,AE2c,Q245R,,1916T4003,14,,S2,QA3,件,1,Kg,尺寸项为ФD
CSA00180,单孔垫板,AE3,Q245R,,1916T4003,18,,S2,QA3,件,1,Kg,尺寸项为ФD
CSA00181,单孔垫板,AE4,Q245R,,1916T4003,22,,S2,QA3,件,1.5,Kg,尺寸项为ФD
CSA00182,单孔垫板,AE5,Q245R,,1916T4003,27,,S2,QA3,件,1.5,Kg,尺寸项为ФD
CSA00183,单孔垫板,AE6,Q245R,,1916T4003,33,,S2,QA3,件,2.5,Kg,尺寸项为ФD
CSA00184,单孔垫板,AE7,Q245R,,1916T4003,39,,S2,QA3,件,4.5,Kg,尺寸项为ФD
CSA00185,单孔垫板,AE8,Q245R,,1916T4003,45,,S2,QA3,件,4.5,Kg,尺寸项为ФD
CSA00186,单孔垫板,AE9,Q245R,,1916T4003,45,,S2,QA3,件,5.5,Kg,尺寸项为ФD
CSA00187,单孔垫板,AE10,Q245R,,1916T4003,56,,S2,QA3,件,16,Kg,尺寸项为ФD
CSA00188,单孔垫板,AE11,Q245R,,1916T4003,64,,S2,QA3,件,27,Kg,尺寸项为ФD
CSA00189,单孔垫板,AE1,Q245R,,1916T4003,12,,NA,QNC,件,1,Kg,尺寸项为ФD
CSA00190,单孔垫板,AE2a,Q245R,,1916T4003,14,,NA,QNC,件,1,Kg,尺寸项为ФD
CSA00191,单孔垫板,AE2b,Q245R,,1916T4003,14,,NA,QNC,件,1,Kg,尺寸项为ФD
CSA00192,单孔垫板,AE2c,Q245R,,1916T4003,14,,NA,QNC,件,1,Kg,尺寸项为ФD
CSA00193,单孔垫板,AE3,Q245R,,1916T4003,18,,NA,QNC,件,1,Kg,尺寸项为ФD
CSA00194,单孔垫板,AE4,Q245R,,1916T4003,22,,NA,QNC,件,1.5,Kg,尺寸项为ФD
CSA00195,单孔垫板,AE5,Q245R,,1916T4003,27,,NA,QNC,件,1.5,Kg,尺寸项为ФD
CSA00196,单孔垫板,AE6,Q245R,,1916T4003,33,,NA,QNC,件,2.5,Kg,尺寸项为ФD
CSA00197,单孔垫板,AE7,Q245R,,1916T4003,39,,NA,QNC,件,4.5,Kg,尺寸项为ФD
CSA00198,单孔垫板,AE8,Q245R,,1916T4003,45,,NA,QNC,件,4.5,Kg,尺寸项为ФD
CSA00199,单孔垫板,AE9,Q245R,,1916T4003,45,,NA,QNC,件,5.5,Kg,尺寸项为ФD
CSA00200,单孔垫板,AE10,Q245R,,1916T4003,56,,NA,QNC,件,16,Kg,尺寸项为ФD
CSA00201,单孔垫板,AE11,Q245R,,1916T4003,64,,NA,QNC,件,27,Kg,尺寸项为ФD
CSA00202,双孔垫板,AG1a,Q245R,,1916T4003,8,,S1,QA3,件,0.2,Kg,尺寸项为ФD
CSA00203,双孔垫板,AG1b,Q245R,,1916T4003,8,,S1,QA3,件,0.3,Kg,尺寸项为ФD
CSA00204,双孔垫板,AG2a,Q245R,,1916T4003,8,,S1,QA3,件,0.2,Kg,尺寸项为ФD
CSA00205,双孔垫板,AG2b,Q245R,,1916T4003,8,,S1,QA3,件,0.3,Kg,尺寸项为ФD
CSA00206,双孔垫板,AG3a,Q245R,,1916T4003,8,,S1,QA3,件,0.2,Kg,尺寸项为ФD
CSA00207,双孔垫板,AG3b,Q245R,,1916T4003,8,,S1,QA3,件,0.3,Kg,尺寸项为ФD
CSA00208,双孔垫板,AG4a,Q245R,,1916T4003,8,,S1,QA3,件,0.3,Kg,尺寸项为ФD
CSA00209,双孔垫板,AG4b,Q245R,,1916T4003,8,,S1,QA3,件,0.4,Kg,尺寸项为ФD
CSA00210,双孔垫板,AG5a,Q245R,,1916T4003,10,,S1,QA3,件,0.4,Kg,尺寸项为ФD
CSA00211,双孔垫板,AG5b,Q245R,,1916T4003,10,,S1,QA3,件,0.5,Kg,尺寸项为ФD
CSA00212,双孔垫板,AG6a,Q245R,,1916T4003,10,,S1,QA3,件,0.4,Kg,尺寸项为ФD
CSA00213,双孔垫板,AG6b,Q245R,,1916T4003,10,,S1,QA3,件,0.5,Kg,尺寸项为ФD
CSA00214,双孔垫板,AG7a,Q245R,,1916T4003,12,,S1,QA3,件,0.5,Kg,尺寸项为ФD
CSA00215,双孔垫板,AG7b,Q245R,,1916T4003,12,,S1,QA3,件,0.6,Kg,尺寸项为ФD
CSA00216,双孔垫板,AG1a,Q245R,,1916T4003,8,,S2,QA3,件,0.2,Kg,尺寸项为ФD
CSA00217,双孔垫板,AG1b,Q245R,,1916T4003,8,,S2,QA3,件,0.3,Kg,尺寸项为ФD
CSA00218,双孔垫板,AG2a,Q245R,,1916T4003,8,,S2,QA3,件,0.2,Kg,尺寸项为ФD
CSA00219,双孔垫板,AG2b,Q245R,,1916T4003,8,,S2,QA3,件,0.3,Kg,尺寸项为ФD
CSA00220,双孔垫板,AG3a,Q245R,,1916T4003,8,,S2,QA3,件,0.2,Kg,尺寸项为ФD
CSA00221,双孔垫板,AG3b,Q245R,,1916T4003,8,,S2,QA3,件,0.3,Kg,尺寸项为ФD
CSA00222,双孔垫板,AG4a,Q245R,,1916T4003,8,,S2,QA3,件,0.3,Kg,尺寸项为ФD
CSA00223,双孔垫板,AG4b,Q245R,,1916T4003,8,,S2,QA3,件,0.4,Kg,尺寸项为ФD
CSA00224,双孔垫板,AG5a,Q245R,,1916T4003,10,,S2,QA3,件,0.4,Kg,尺寸项为ФD
CSA00225,双孔垫板,AG5b,Q245R,,1916T4003,10,,S2,QA3,件,0.5,Kg,尺寸项为ФD
CSA00226,双孔垫板,AG6a,Q245R,,1916T4003,10,,S2,QA3,件,0.4,Kg,尺寸项为ФD
CSA00227,双孔垫板,AG6b,Q245R,,1916T4003,10,,S2,QA3,件,0.5,Kg,尺寸项为ФD
CSA00228,双孔垫板,AG7a,Q245R,,1916T4003,12,,S2,QA3,件,0.5,Kg,尺寸项为ФD
CSA00229,双孔垫板,AG7b,Q245R,,1916T4003,12,,S2,QA3,件,0.6,Kg,尺寸项为ФD
CSA00230,双孔垫板,AG1a,Q245R,,1916T4003,8,,NA,QNC,件,0.2,Kg,尺寸项为ФD
CSA00231,双孔垫板,AG1b,Q245R,,1916T4003,8,,NA,QNC,件,0.3,Kg,尺寸项为ФD
CSA00232,双孔垫板,AG2a,Q245R,,1916T4003,8,,NA,QNC,件,0.2,Kg,尺寸项为ФD
CSA00233,双孔垫板,AG2b,Q245R,,1916T4003,8,,NA,QNC,件,0.3,Kg,尺寸项为ФD
CSA00234,双孔垫板,AG3a,Q245R,,1916T4003,8,,NA,QNC,件,0.2,Kg,尺寸项为ФD
CSA00235,双孔垫板,AG3b,Q245R,,1916T4003,8,,NA,QNC,件,0.3,Kg,尺寸项为ФD
CSA00236,双孔垫板,AG4a,Q245R,,1916T4003,8,,NA,QNC,件,0.3,Kg,尺寸项为ФD
CSA00237,双孔垫板,AG4b,Q245R,,1916T4003,8,,NA,QNC,件,0.4,Kg,尺寸项为ФD
CSA00238,双孔垫板,AG5a,Q245R,,1916T4003,10,,NA,QNC,件,0.4,Kg,尺寸项为ФD
CSA00239,双孔垫板,AG5b,Q245R,,1916T4003,10,,NA,QNC,件,0.5,Kg,尺寸项为ФD
CSA00240,双孔垫板,AG6a,Q245R,,1916T4003,10,,NA,QNC,件,0.4,Kg,尺寸项为ФD
CSA00241,双孔垫板,AG6b,Q245R,,1916T4003,10,,NA,QNC,件,0.5,Kg,尺寸项为ФD
CSA00242,双孔垫板,AG7a,Q245R,,1916T4003,12,,NA,QNC,件,0.5,Kg,尺寸项为ФD
CSA00243,双孔垫板,AG7b,Q245R,,1916T4003,12,,NA,QNC,件,0.6,Kg,尺寸项为ФD
CSA00244,加强板,AH1,Q245R,,1916T4003,100x90x6,,S1,QA3,件,0.424,Kg,"A,B和E分别指加强板的长，高和厚度"
CSA00245,加强板,AH2,Q245R,,1916T4003,200x90x6,,S1,QA3,件,0.848,Kg,"A,B和E分别指加强板的长，高和厚度"
CSA00246,加强板,AH3,Q245R,,1916T4003,100x115x6,,S1,QA3,件,0.542,Kg,"A,B和E分别指加强板的长，高和厚度"
CSA00247,加强板,AH4,Q245R,,1916T4003,200x115x6,,S1,QA3,件,1.083,Kg,"A,B和E分别指加强板的长，高和厚度"
CSA00248,加强板,AH5,Q245R,,1916T4003,100x148x6,,S1,QA3,件,0.697,Kg,"A,B和E分别指加强板的长，高和厚度"
CSA00249,加强板,AH6,Q245R,,1916T4003,200x148x6,,S1,QA3,件,1.394,Kg,"A,B和E分别指加强板的长，高和厚度"
CSA00250,加强板,AH7,Q245R,,1916T4003,100x168x6,,S1,QA3,件,0.791,Kg,"A,B和E分别指加强板的长，高和厚度"
CSA00251,加强板,AH8,Q245R,,1916T4003,200x168x6,,S1,QA3,件,1.583,Kg,"A,B和E分别指加强板的长，高和厚度"
CSA00252,加强板,AH9,Q245R,,1916T4003,100x208x6,,S1,QA3,件,0.98,Kg,"A,B和E分别指加强板的长，高和厚度"
CSA00253,加强板,AH10,Q245R,,1916T4003,150x208x6,,S1,QA3,件,1.47,Kg,"A,B和E分别指加强板的长，高和厚度"
CSA00254,加强板,AH11,Q245R,,1916T4003,200x208x6,,S1,QA3,件,1.959,Kg,"A,B和E分别指加强板的长，高和厚度"
CSA00255,加强板,AH1,Q245R,,1916T4003,100x90x6,,S2,QA3,件,0.424,Kg,"A,B和E分别指加强板的长，高和厚度"
CSA00256,加强板,AH2,Q245R,,1916T4003,200x90x6,,S2,QA3,件,0.848,Kg,"A,B和E分别指加强板的长，高和厚度"
CSA00257,加强板,AH3,Q245R,,1916T4003,100x115x6,,S2,QA3,件,0.542,Kg,"A,B和E分别指加强板的长，高和厚度"
CSA00258,加强板,AH4,Q245R,,1916T4003,200x115x6,,S2,QA3,件,1.083,Kg,"A,B和E分别指加强板的长，高和厚度"
CSA00259,加强板,AH5,Q245R,,1916T4003,100x148x6,,S2,QA3,件,0.697,Kg,"A,B和E分别指加强板的长，高和厚度"
CSA00260,加强板,AH6,Q245R,,1916T4003,200x148x6,,S2,QA3,件,1.394,Kg,"A,B和E分别指加强板的长，高和厚度"
CSA00261,加强板,AH7,Q245R,,1916T4003,100x168x6,,S2,QA3,件,0.791,Kg,"A,B和E分别指加强板的长，高和厚度"
CSA00262,加强板,AH8,Q245R,,1916T4003,200x168x6,,S2,QA3,件,1.583,Kg,"A,B和E分别指加强板的长，高和厚度"
CSA00263,加强板,AH9,Q245R,,1916T4003,100x208x6,,S2,QA3,件,0.98,Kg,"A,B和E分别指加强板的长，高和厚度"
CSA00264,加强板,AH10,Q245R,,1916T4003,150x208x6,,S2,QA3,件,1.47,Kg,"A,B和E分别指加强板的长，高和厚度"
CSA00265,加强板,AH11,Q245R,,1916T4003,200x208x6,,S2,QA3,件,1.959,Kg,"A,B和E分别指加强板的长，高和厚度"
CSA00266,加强板,AH1,Q245R,,1916T4003,100x90x6,,NA,QNC,件,0.424,Kg,"A,B和E分别指加强板的长，高和厚度"
CSA00267,加强板,AH2,Q245R,,1916T4003,200x90x6,,NA,QNC,件,0.848,Kg,"A,B和E分别指加强板的长，高和厚度"
CSA00268,加强板,AH3,Q245R,,1916T4003,100x115x6,,NA,QNC,件,0.542,Kg,"A,B和E分别指加强板的长，高和厚度"
CSA00269,加强板,AH4,Q245R,,1916T4003,200x115x6,,NA,QNC,件,1.083,Kg,"A,B和E分别指加强板的长，高和厚度"
CSA00270,加强板,AH5,Q245R,,1916T4003,100x148x6,,NA,QNC,件,0.697,Kg,"A,B和E分别指加强板的长，高和厚度"
CSA00271,加强板,AH6,Q245R,,1916T4003,200x148x6,,NA,QNC,件,1.394,Kg,"A,B和E分别指加强板的长，高和厚度"
CSA00272,加强板,AH7,Q245R,,1916T4003,100x168x6,,NA,QNC,件,0.791,Kg,"A,B和E分别指加强板的长，高和厚度"
CSA00273,加强板,AH8,Q245R,,1916T4003,200x168x6,,NA,QNC,件,1.583,Kg,"A,B和E分别指加强板的长，高和厚度"
CSA00274,加强板,AH9,Q245R,,1916T4003,100x208x6,,NA,QNC,件,0.98,Kg,"A,B和E分别指加强板的长，高和厚度"
CSA00275,加强板,AH10,Q245R,,1916T4003,150x208x6,,NA,QNC,件,1.47,Kg,"A,B和E分别指加强板的长，高和厚度"
CSA00276,加强板,AH11,Q245R,,1916T4003,200x208x6,,NA,QNC,件,1.959,Kg,"A,B和E分别指加强板的长，高和厚度"
CSA00277,筋板,AJ1,Q245R,,1916T4003,42x6x86,,S1,QA3,件,0.2,Kg,"B,E和A1分别指肋板的宽高长"
CSA00278,筋板,AJ2,Q245R,,1916T4003,47x6x112,,S1,QA3,件,0.2,Kg,"B,E和A1分别指肋板的宽高长"
CSA00279,筋板,AJ3,Q245R,,1916T4003,56x8x145,,S1,QA3,件,0.5,Kg,"B,E和A1分别指肋板的宽高长"
CSA00280,筋板,AJ4,Q245R,,1916T4003,69x8x203,,S1,QA3,件,0.9,Kg,"B,E和A1分别指肋板的宽高长"
CSA00281,筋板,AJ1,Q245R,,1916T4003,42x6x86,,S2,QA3,件,0.2,Kg,"B,E和A1分别指肋板的宽高长"
CSA00282,筋板,AJ2,Q245R,,1916T4003,47x6x112,,S2,QA3,件,0.2,Kg,"B,E和A1分别指肋板的宽高长"
CSA00283,筋板,AJ3,Q245R,,1916T4003,56x8x145,,S2,QA3,件,0.5,Kg,"B,E和A1分别指肋板的宽高长"
CSA00284,筋板,AJ4,Q245R,,1916T4003,69x8x203,,S2,QA3,件,0.9,Kg,"B,E和A1分别指肋板的宽高长"
CSA00285,筋板,AJ1,Q245R,,1916T4003,42x6x86,,NA,QNC,件,0.2,Kg,"B,E和A1分别指肋板的宽高长"
CSA00286,筋板,AJ2,Q245R,,1916T4003,47x6x112,,NA,QNC,件,0.2,Kg,"B,E和A1分别指肋板的宽高长"
CSA00287,筋板,AJ3,Q245R,,1916T4003,56x8x145,,NA,QNC,件,0.5,Kg,"B,E和A1分别指肋板的宽高长"
CSA00288,筋板,AJ4,Q245R,,1916T4003,69x8x203,,NA,QNC,件,0.9,Kg,"B,E和A1分别指肋板的宽高长"
CSA00289,单孔吊板,AM1,Q245R,,1916T4003,12,,S1,QA3,件,8,Kg,尺寸项为ФD
CSA00290,单孔吊板,AM2,Q245R,,1916T4003,14,,S1,QA3,件,8,Kg,尺寸项为ФD
CSA00291,单孔吊板,AM3,Q245R,,1916T4003,18,,S1,QA3,件,15,Kg,尺寸项为ФD
CSA00292,单孔吊板,AM4,Q245R,,1916T4003,22,,S1,QA3,件,24,Kg,尺寸项为ФD
CSA00293,单孔吊板,AM5,Q245R,,1916T4003,27,,S1,QA3,件,24,Kg,尺寸项为ФD
CSA00294,单孔吊板,AM6,Q245R,,1916T4003,33,,S1,QA3,件,45,Kg,尺寸项为ФD
CSA00295,单孔吊板,AM7,Q245R,,1916T4003,39,,S1,QA3,件,68,Kg,尺寸项为ФD
CSA00296,单孔吊板,AM1,Q245R,,1916T4003,12,,S2,QA3,件,8,Kg,尺寸项为ФD
CSA00297,单孔吊板,AM2,Q245R,,1916T4003,14,,S2,QA3,件,8,Kg,尺寸项为ФD
CSA00298,单孔吊板,AM3,Q245R,,1916T4003,18,,S2,QA3,件,15,Kg,尺寸项为ФD
CSA00299,单孔吊板,AM4,Q245R,,1916T4003,22,,S2,QA3,件,24,Kg,尺寸项为ФD
CSA00300,单孔吊板,AM5,Q245R,,1916T4003,27,,S2,QA3,件,24,Kg,尺寸项为ФD
CSA00301,单孔吊板,AM6,Q245R,,1916T4003,33,,S2,QA3,件,45,Kg,尺寸项为ФD
CSA00302,单孔吊板,AM7,Q245R,,1916T4003,39,,S2,QA3,件,68,Kg,尺寸项为ФD
CSA00303,单孔吊板,AM1,Q245R,,1916T4003,12,,NA,QNC,件,8,Kg,尺寸项为ФD
CSA00304,单孔吊板,AM2,Q245R,,1916T4003,14,,NA,QNC,件,8,Kg,尺寸项为ФD
CSA00305,单孔吊板,AM3,Q245R,,1916T4003,18,,NA,QNC,件,15,Kg,尺寸项为ФD
CSA00306,单孔吊板,AM4,Q245R,,1916T4003,22,,NA,QNC,件,24,Kg,尺寸项为ФD
CSA00307,单孔吊板,AM5,Q245R,,1916T4003,27,,NA,QNC,件,24,Kg,尺寸项为ФD
CSA00308,单孔吊板,AM6,Q245R,,1916T4003,33,,NA,QNC,件,45,Kg,尺寸项为ФD
CSA00309,单孔吊板,AM7,Q245R,,1916T4003,39,,NA,QNC,件,68,Kg,尺寸项为ФD
CSA00310,U形吊板,AP1,Q245R,,1916T4003,12,,S1,QA3,件,9,Kg,尺寸项为ФD
CSA00311,U形吊板,AP2,Q245R,,1916T4003,14,,S1,QA3,件,9,Kg,尺寸项为ФD
CSA00312,U形吊板,AP3,Q245R,,1916T4003,18,,S1,QA3,件,16,Kg,尺寸项为ФD
CSA00313,U形吊板,AP4,Q245R,,1916T4003,22,,S1,QA3,件,17,Kg,尺寸项为ФD
CSA00314,U形吊板,AP5,Q245R,,1916T4003,27,,S1,QA3,件,29,Kg,尺寸项为ФD
CSA00315,U形吊板,AP6,Q245R,,1916T4003,33,,S1,QA3,件,51,Kg,尺寸项为ФD
CSA00316,U形吊板,AP7,Q245R,,1916T4003,39,,S1,QA3,件,80,Kg,尺寸项为ФD
CSA00317,U形吊板,AP1,Q245R,,1916T4003,12,,S2,QA3,件,9,Kg,尺寸项为ФD
CSA00318,U形吊板,AP2,Q245R,,1916T4003,14,,S2,QA3,件,9,Kg,尺寸项为ФD
CSA00319,U形吊板,AP3,Q245R,,1916T4003,18,,S2,QA3,件,16,Kg,尺寸项为ФD
CSA00320,U形吊板,AP4,Q245R,,1916T4003,22,,S2,QA3,件,17,Kg,尺寸项为ФD
CSA00321,U形吊板,AP5,Q245R,,1916T4003,27,,S2,QA3,件,29,Kg,尺寸项为ФD
CSA00322,U形吊板,AP6,Q245R,,1916T4003,33,,S2,QA3,件,51,Kg,尺寸项为ФD
CSA00323,U形吊板,AP7,Q245R,,1916T4003,39,,S2,QA3,件,80,Kg,尺寸项为ФD
CSA00324,U形吊板,AP1,Q245R,,1916T4003,12,,NA,QNC,件,9,Kg,尺寸项为ФD
CSA00325,U形吊板,AP2,Q245R,,1916T4003,14,,NA,QNC,件,9,Kg,尺寸项为ФD
CSA00326,U形吊板,AP3,Q245R,,1916T4003,18,,NA,QNC,件,16,Kg,尺寸项为ФD
CSA00327,U形吊板,AP4,Q245R,,1916T4003,22,,NA,QNC,件,17,Kg,尺寸项为ФD
CSA00328,U形吊板,AP5,Q245R,,1916T4003,27,,NA,QNC,件,29,Kg,尺寸项为ФD
CSA00329,U形吊板,AP6,Q245R,,1916T4003,33,,NA,QNC,件,51,Kg,尺寸项为ФD
CSA00330,U形吊板,AP7,Q245R,,1916T4003,39,,NA,QNC,件,80,Kg,尺寸项为ФD
CSB00100,花兰螺丝,BA1,20,,1916T4003,M10,,S1,QA3,件,0.2,Kg,尺寸项为ФD
CSB00101,花兰螺丝,BA2,20,,1916T4003,M12,,S1,QA3,件,0.2,Kg,尺寸项为ФD
CSB00102,花兰螺丝,BA3,20,,1916T4003,M16,,S1,QA3,件,0.5,Kg,尺寸项为ФD
CSB00103,花兰螺丝,BA4,20,,1916T4003,M20,,S1,QA3,件,1,Kg,尺寸项为ФD
CSB00104,花兰螺丝,BA5,20,,1916T4003,M24,,S1,QA3,件,2,Kg,尺寸项为ФD
CSB00105,花兰螺丝,BA6,20,,1916T4003,M30,,S1,QA3,件,3.5,Kg,尺寸项为ФD
CSB00106,花兰螺丝,BA7,20,,1916T4003,M36,,S1,QA3,件,6,Kg,尺寸项为ФD
CSB00107,花兰螺丝,BA8,20,,1916T4003,M42,,S1,QA3,件,7,Kg,尺寸项为ФD
CSB00108,花兰螺丝,BA9,20,,1916T4003,M52,,S1,QA3,件,16,Kg,尺寸项为ФD
CSB00109,花兰螺丝,BA10,20,,1916T4003,M60,,S1,QA3,件,23.5,Kg,尺寸项为ФD
CSB00110,花兰螺丝,BA1,20,,1916T4003,M10,,S2,QA3,件,0.2,Kg,尺寸项为ФD
CSB00111,花兰螺丝,BA2,20,,1916T4003,M12,,S2,QA3,件,0.2,Kg,尺寸项为ФD
CSB00112,花兰螺丝,BA3,20,,1916T4003,M16,,S2,QA3,件,0.5,Kg,尺寸项为ФD
CSB00113,花兰螺丝,BA4,20,,1916T4003,M20,,S2,QA3,件,1,Kg,尺寸项为ФD
CSB00114,花兰螺丝,BA5,20,,1916T4003,M24,,S2,QA3,件,2,Kg,尺寸项为ФD
CSB00115,花兰螺丝,BA6,20,,1916T4003,M30,,S2,QA3,件,3.5,Kg,尺寸项为ФD
CSB00116,花兰螺丝,BA7,20,,1916T4003,M36,,S2,QA3,件,6,Kg,尺寸项为ФD
CSB00117,花兰螺丝,BA8,20,,1916T4003,M42,,S2,QA3,件,7,Kg,尺寸项为ФD
CSB00118,花兰螺丝,BA9,20,,1916T4003,M52,,S2,QA3,件,16,Kg,尺寸项为ФD
CSB00119,花兰螺丝,BA10,20,,1916T4003,M60,,S2,QA3,件,23.5,Kg,尺寸项为ФD
CSB00120,花兰螺丝,BA1,20,,1916T4003,M10,,NA,QNC,件,0.2,Kg,尺寸项为ФD
CSB00121,花兰螺丝,BA2,20,,1916T4003,M12,,NA,QNC,件,0.2,Kg,尺寸项为ФD
CSB00122,花兰螺丝,BA3,20,,1916T4003,M16,,NA,QNC,件,0.5,Kg,尺寸项为ФD
CSB00123,花兰螺丝,BA4,20,,1916T4003,M20,,NA,QNC,件,1,Kg,尺寸项为ФD
CSB00124,花兰螺丝,BA5,20,,1916T4003,M24,,NA,QNC,件,2,Kg,尺寸项为ФD
CSB00125,花兰螺丝,BA6,20,,1916T4003,M30,,NA,QNC,件,3.5,Kg,尺寸项为ФD
CSB00126,花兰螺丝,BA7,20,,1916T4003,M36,,NA,QNC,件,6,Kg,尺寸项为ФD
CSB00127,花兰螺丝,BA8,20,,1916T4003,M42,,NA,QNC,件,7,Kg,尺寸项为ФD
CSB00128,花兰螺丝,BA9,20,,1916T4003,M52,,NA,QNC,件,16,Kg,尺寸项为ФD
CSB00129,花兰螺丝,BA10,20,,1916T4003,M60,,NA,QNC,件,23.5,Kg,尺寸项为ФD
CSB00130,U形吊耳,BB1,20,,1916T4003,10,,S1,QA3,件,0.2,Kg,尺寸项为ФM
CSB00131,U形吊耳,BB2,20,,1916T4003,12,,S1,QA3,件,0.2,Kg,尺寸项为ФM
CSB00132,U形吊耳,BB3,20,,1916T4003,16,,S1,QA3,件,0.5,Kg,尺寸项为ФM
CSB00133,U形吊耳,BB1,20,,1916T4003,10,,S2,QA3,件,0.2,Kg,尺寸项为ФM
CSB00134,U形吊耳,BB2,20,,1916T4003,12,,S2,QA3,件,0.2,Kg,尺寸项为ФM
CSB00135,U形吊耳,BB3,20,,1916T4003,16,,S2,QA3,件,0.5,Kg,尺寸项为ФM
CSB00136,U形吊耳,BB1,20,,1916T4003,10,,NA,QNC,件,0.2,Kg,尺寸项为ФM
CSB00137,U形吊耳,BB2,20,,1916T4003,12,,NA,QNC,件,0.2,Kg,尺寸项为ФM
CSB00138,U形吊耳,BB3,20,,1916T4003,16,,NA,QNC,件,0.5,Kg,尺寸项为ФM
CSB00139,U形耳子,BC1,Q390D,,1916T4003,M10,,S1,QA3,件,1.6,Kg,尺寸项为J
CSB00140,U形耳子,BC2,Q390D,,1916T4003,M12,,S1,QA3,件,1.6,Kg,尺寸项为J
CSB00141,U形耳子,BC3,Q390D,,1916T4003,M16,,S1,QA3,件,1.6,Kg,尺寸项为J
CSB00142,U形耳子,BC4,Q390D,,1916T4003,M20,,S1,QA3,件,1.6,Kg,尺寸项为J
CSB00143,U形耳子,BC5,Q390D,,1916T4003,M24,,S1,QA3,件,1.6,Kg,尺寸项为J
CSB00144,U形耳子,BC6,Q390D,,1916T4003,M30,,S1,QA3,件,2.7,Kg,尺寸项为J
CSB00145,U形耳子,BC7,Q390D,,1916T4003,M36,,S1,QA3,件,7.2,Kg,尺寸项为J
CSB00146,U形耳子,BC8,Q390D,,1916T4003,M42,,S1,QA3,件,7.2,Kg,尺寸项为J
CSB00147,U形耳子,BC1,Q390D,,1916T4003,M10,,S2,QA3,件,1.6,Kg,尺寸项为J
CSB00148,U形耳子,BC2,Q390D,,1916T4003,M12,,S2,QA3,件,1.6,Kg,尺寸项为J
CSB00149,U形耳子,BC3,Q390D,,1916T4003,M16,,S2,QA3,件,1.6,Kg,尺寸项为J
CSB00150,U形耳子,BC4,Q390D,,1916T4003,M20,,S2,QA3,件,1.6,Kg,尺寸项为J
CSB00151,U形耳子,BC5,Q390D,,1916T4003,M24,,S2,QA3,件,1.6,Kg,尺寸项为J
CSB00152,U形耳子,BC6,Q390D,,1916T4003,M30,,S2,QA3,件,2.7,Kg,尺寸项为J
CSB00153,U形耳子,BC7,Q390D,,1916T4003,M36,,S2,QA3,件,7.2,Kg,尺寸项为J
CSB00154,U形耳子,BC8,Q390D,,1916T4003,M42,,S2,QA3,件,7.2,Kg,尺寸项为J
CSB00155,U形耳子,BC1,Q390D,,1916T4003,M10,,NA,QNC,件,1.6,Kg,尺寸项为J
CSB00156,U形耳子,BC2,Q390D,,1916T4003,M12,,NA,QNC,件,1.6,Kg,尺寸项为J
CSB00157,U形耳子,BC3,Q390D,,1916T4003,M16,,NA,QNC,件,1.6,Kg,尺寸项为J
CSB00158,U形耳子,BC4,Q390D,,1916T4003,M20,,NA,QNC,件,1.6,Kg,尺寸项为J
CSB00159,U形耳子,BC5,Q390D,,1916T4003,M24,,NA,QNC,件,1.6,Kg,尺寸项为J
CSB00160,U形耳子,BC6,Q390D,,1916T4003,M30,,NA,QNC,件,2.7,Kg,尺寸项为J
CSB00161,U形耳子,BC7,Q390D,,1916T4003,M36,,NA,QNC,件,7.2,Kg,尺寸项为J
CSB00162,U形耳子,BC8,Q390D,,1916T4003,M42,,NA,QNC,件,7.2,Kg,尺寸项为J
CSB00163,异径杆接头,BD1,Q390D,,1916T4003,M12xM10,,S1,QA3,件,0.3,Kg,尺寸为左螺纹M1x右螺纹M2
CSB00164,异径杆接头,BD2,Q390D,,1916T4003,M16xM10,,S1,QA3,件,0.3,Kg,尺寸为左螺纹M1x右螺纹M2
CSB00165,异径杆接头,BD3,Q390D,,1916T4003,M16xM12,,S1,QA3,件,0.5,Kg,尺寸为左螺纹M1x右螺纹M2
CSB00166,异径杆接头,BD4,Q390D,,1916T4003,M20xM16,,S1,QA3,件,1,Kg,尺寸为左螺纹M1x右螺纹M2
CSB00167,异径杆接头,BD5,Q390D,,1916T4003,M24xM16,,S1,QA3,件,1,Kg,尺寸为左螺纹M1x右螺纹M2
CSB00168,异径杆接头,BD6,Q390D,,1916T4003,M24xM20,,S1,QA3,件,1,Kg,尺寸为左螺纹M1x右螺纹M2
CSB00169,异径杆接头,BD7,Q390D,,1916T4003,M30xM16,,S1,QA3,件,1.5,Kg,尺寸为左螺纹M1x右螺纹M2
CSB00170,异径杆接头,BD8,Q390D,,1916T4003,M30xM20,,S1,QA3,件,1.5,Kg,尺寸为左螺纹M1x右螺纹M2
CSB00171,异径杆接头,BD9,Q390D,,1916T4003,M30xM24,,S1,QA3,件,2,Kg,尺寸为左螺纹M1x右螺纹M2
CSB00172,异径杆接头,BD10,Q390D,,1916T4003,M36xM20,,S1,QA3,件,2.5,Kg,尺寸为左螺纹M1x右螺纹M2
CSB00173,异径杆接头,BD11,Q390D,,1916T4003,M36xM24,,S1,QA3,件,3,Kg,尺寸为左螺纹M1x右螺纹M2
CSB00174,异径杆接头,BD12,Q390D,,1916T4003,M36xM30,,S1,QA3,件,3,Kg,尺寸为左螺纹M1x右螺纹M2
CSB00175,异径杆接头,BD13,Q390D,,1916T4003,M42xM30,,S1,QA3,件,6,Kg,尺寸为左螺纹M1x右螺纹M2
CSB00176,异径杆接头,BD14,Q390D,,1916T4003,M42xM36,,S1,QA3,件,6,Kg,尺寸为左螺纹M1x右螺纹M2
CSB00177,异径杆接头,BD15,Q390D,,1916T4003,M52xM42,,S1,QA3,件,9.5,Kg,尺寸为左螺纹M1x右螺纹M2
CSB00178,异径杆接头,BD16,Q390D,,1916T4003,M60xM52,,S1,QA3,件,15.5,Kg,尺寸为左螺纹M1x右螺纹M2
CSB00179,异径杆接头,BD1,Q390D,,1916T4003,M12xM10,,S2,QA3,件,0.3,Kg,尺寸为左螺纹M1x右螺纹M2
CSB00180,异径杆接头,BD2,Q390D,,1916T4003,M16xM10,,S2,QA3,件,0.3,Kg,尺寸为左螺纹M1x右螺纹M2
CSB00181,异径杆接头,BD3,Q390D,,1916T4003,M16xM12,,S2,QA3,件,0.5,Kg,尺寸为左螺纹M1x右螺纹M2
CSB00182,异径杆接头,BD4,Q390D,,1916T4003,M20xM16,,S2,QA3,件,1,Kg,尺寸为左螺纹M1x右螺纹M2
CSB00183,异径杆接头,BD5,Q390D,,1916T4003,M24xM16,,S2,QA3,件,1,Kg,尺寸为左螺纹M1x右螺纹M2
CSB00184,异径杆接头,BD6,Q390D,,1916T4003,M24xM20,,S2,QA3,件,1,Kg,尺寸为左螺纹M1x右螺纹M2
CSB00185,异径杆接头,BD7,Q390D,,1916T4003,M30xM16,,S2,QA3,件,1.5,Kg,尺寸为左螺纹M1x右螺纹M2
CSB00186,异径杆接头,BD8,Q390D,,1916T4003,M30xM20,,S2,QA3,件,1.5,Kg,尺寸为左螺纹M1x右螺纹M2
CSB00187,异径杆接头,BD9,Q390D,,1916T4003,M30xM24,,S2,QA3,件,2,Kg,尺寸为左螺纹M1x右螺纹M2
CSB00188,异径杆接头,BD10,Q390D,,1916T4003,M36xM20,,S2,QA3,件,2.5,Kg,尺寸为左螺纹M1x右螺纹M2
CSB00189,异径杆接头,BD11,Q390D,,1916T4003,M36xM24,,S2,QA3,件,3,Kg,尺寸为左螺纹M1x右螺纹M2
CSB00190,异径杆接头,BD12,Q390D,,1916T4003,M36xM30,,S2,QA3,件,3,Kg,尺寸为左螺纹M1x右螺纹M2
CSB00191,异径杆接头,BD13,Q390D,,1916T4003,M42xM30,,S2,QA3,件,6,Kg,尺寸为左螺纹M1x右螺纹M2
CSB00192,异径杆接头,BD14,Q390D,,1916T4003,M42xM36,,S2,QA3,件,6,Kg,尺寸为左螺纹M1x右螺纹M2
CSB00193,异径杆接头,BD15,Q390D,,1916T4003,M52xM42,,S2,QA3,件,9.5,Kg,尺寸为左螺纹M1x右螺纹M2
CSB00194,异径杆接头,BD16,Q390D,,1916T4003,M60xM52,,S2,QA3,件,15.5,Kg,尺寸为左螺纹M1x右螺纹M2
CSB00195,异径杆接头,BD1,Q390D,,1916T4003,M12xM10,,NA,QNC,件,0.3,Kg,尺寸为左螺纹M1x右螺纹M2
CSB00196,异径杆接头,BD2,Q390D,,1916T4003,M16xM10,,NA,QNC,件,0.3,Kg,尺寸为左螺纹M1x右螺纹M2
CSB00197,异径杆接头,BD3,Q390D,,1916T4003,M16xM12,,NA,QNC,件,0.5,Kg,尺寸为左螺纹M1x右螺纹M2
CSB00198,异径杆接头,BD4,Q390D,,1916T4003,M20xM16,,NA,QNC,件,1,Kg,尺寸为左螺纹M1x右螺纹M2
CSB00199,异径杆接头,BD5,Q390D,,1916T4003,M24xM16,,NA,QNC,件,1,Kg,尺寸为左螺纹M1x右螺纹M2
CSB00200,异径杆接头,BD6,Q390D,,1916T4003,M24xM20,,NA,QNC,件,1,Kg,尺寸为左螺纹M1x右螺纹M2
CSB00201,异径杆接头,BD7,Q390D,,1916T4003,M30xM16,,NA,QNC,件,1.5,Kg,尺寸为左螺纹M1x右螺纹M2
CSB00202,异径杆接头,BD8,Q390D,,1916T4003,M30xM20,,NA,QNC,件,1.5,Kg,尺寸为左螺纹M1x右螺纹M2
CSB00203,异径杆接头,BD9,Q390D,,1916T4003,M30xM24,,NA,QNC,件,2,Kg,尺寸为左螺纹M1x右螺纹M2
CSB00204,异径杆接头,BD10,Q390D,,1916T4003,M36xM20,,NA,QNC,件,2.5,Kg,尺寸为左螺纹M1x右螺纹M2
CSB00205,异径杆接头,BD11,Q390D,,1916T4003,M36xM24,,NA,QNC,件,3,Kg,尺寸为左螺纹M1x右螺纹M2
CSB00206,异径杆接头,BD12,Q390D,,1916T4003,M36xM30,,NA,QNC,件,3,Kg,尺寸为左螺纹M1x右螺纹M2
CSB00207,异径杆接头,BD13,Q390D,,1916T4003,M42xM30,,NA,QNC,件,6,Kg,尺寸为左螺纹M1x右螺纹M2
CSB00208,异径杆接头,BD14,Q390D,,1916T4003,M42xM36,,NA,QNC,件,6,Kg,尺寸为左螺纹M1x右螺纹M2
CSB00209,异径杆接头,BD15,Q390D,,1916T4003,M52xM42,,NA,QNC,件,9.5,Kg,尺寸为左螺纹M1x右螺纹M2
CSB00210,异径杆接头,BD16,Q390D,,1916T4003,M60xM52,,NA,QNC,件,15.5,Kg,尺寸为左螺纹M1x右螺纹M2
CSB00211,环形吊耳,BF1a,20,,1916T4003,M10,,S1,QA3,件,0.1,Kg,尺寸项为ФD
CSB00212,环形吊耳,BF1b,20,,1916T4003,M12,,S1,QA3,件,0.1,Kg,尺寸项为ФD
CSB00213,环形吊耳,BF2a,20,,1916T4003,M12,,S1,QA3,件,0.2,Kg,尺寸项为ФD
CSB00214,环形吊耳,BF2b,20,,1916T4003,M16,,S1,QA3,件,0.2,Kg,尺寸项为ФD
CSB00215,环形吊耳,BF3a,20,,1916T4003,M16,,S1,QA3,件,1,Kg,尺寸项为ФD
CSB00216,环形吊耳,BF3b,20,,1916T4003,M20,,S1,QA3,件,1,Kg,尺寸项为ФD
CSB00217,环形吊耳,BF4a,20,,1916T4003,M20,,S1,QA3,件,1.5,Kg,尺寸项为ФD
CSB00218,环形吊耳,BF4b,20,,1916T4003,M24,,S1,QA3,件,1.5,Kg,尺寸项为ФD
CSB00219,环形吊耳,BF5a,20,,1916T4003,M24,,S1,QA3,件,1.5,Kg,尺寸项为ФD
CSB00220,环形吊耳,BF5b,20,,1916T4003,M30,,S1,QA3,件,1.5,Kg,尺寸项为ФD
CSB00221,环形吊耳,BF6a,20,,1916T4003,M30,,S1,QA3,件,2,Kg,尺寸项为ФD
CSB00222,环形吊耳,BF6b,20,,1916T4003,M36,,S1,QA3,件,2,Kg,尺寸项为ФD
CSB00223,环形吊耳,BF7a,20,,1916T4003,M36,,S1,QA3,件,3.5,Kg,尺寸项为ФD
CSB00224,环形吊耳,BF7b,20,,1916T4003,M42,,S1,QA3,件,3.5,Kg,尺寸项为ФD
CSB00225,环形吊耳,BF1a,20,,1916T4003,M10,,S2,QA3,件,0.1,Kg,尺寸项为ФD
CSB00226,环形吊耳,BF1b,20,,1916T4003,M12,,S2,QA3,件,0.1,Kg,尺寸项为ФD
CSB00227,环形吊耳,BF2a,20,,1916T4003,M12,,S2,QA3,件,0.2,Kg,尺寸项为ФD
CSB00228,环形吊耳,BF2b,20,,1916T4003,M16,,S2,QA3,件,0.2,Kg,尺寸项为ФD
CSB00229,环形吊耳,BF3a,20,,1916T4003,M16,,S2,QA3,件,1,Kg,尺寸项为ФD
CSB00230,环形吊耳,BF3b,20,,1916T4003,M20,,S2,QA3,件,1,Kg,尺寸项为ФD
CSB00231,环形吊耳,BF4a,20,,1916T4003,M20,,S2,QA3,件,1.5,Kg,尺寸项为ФD
CSB00232,环形吊耳,BF4b,20,,1916T4003,M24,,S2,QA3,件,1.5,Kg,尺寸项为ФD
CSB00233,环形吊耳,BF5a,20,,1916T4003,M24,,S2,QA3,件,1.5,Kg,尺寸项为ФD
CSB00234,环形吊耳,BF5b,20,,1916T4003,M30,,S2,QA3,件,1.5,Kg,尺寸项为ФD
CSB00235,环形吊耳,BF6a,20,,1916T4003,M30,,S2,QA3,件,2,Kg,尺寸项为ФD
CSB00236,环形吊耳,BF6b,20,,1916T4003,M36,,S2,QA3,件,2,Kg,尺寸项为ФD
CSB00237,环形吊耳,BF7a,20,,1916T4003,M36,,S2,QA3,件,3.5,Kg,尺寸项为ФD
CSB00238,环形吊耳,BF7b,20,,1916T4003,M42,,S2,QA3,件,3.5,Kg,尺寸项为ФD
CSB00239,环形吊耳,BF1a,20,,1916T4003,M10,,NA,QNC,件,0.1,Kg,尺寸项为ФD
CSB00240,环形吊耳,BF1b,20,,1916T4003,M12,,NA,QNC,件,0.1,Kg,尺寸项为ФD
CSB00241,环形吊耳,BF2a,20,,1916T4003,M12,,NA,QNC,件,0.2,Kg,尺寸项为ФD
CSB00242,环形吊耳,BF2b,20,,1916T4003,M16,,NA,QNC,件,0.2,Kg,尺寸项为ФD
CSB00243,环形吊耳,BF3a,20,,1916T4003,M16,,NA,QNC,件,1,Kg,尺寸项为ФD
CSB00244,环形吊耳,BF3b,20,,1916T4003,M20,,NA,QNC,件,1,Kg,尺寸项为ФD
CSB00245,环形吊耳,BF4a,20,,1916T4003,M20,,NA,QNC,件,1.5,Kg,尺寸项为ФD
CSB00246,环形吊耳,BF4b,20,,1916T4003,M24,,NA,QNC,件,1.5,Kg,尺寸项为ФD
CSB00247,环形吊耳,BF5a,20,,1916T4003,M24,,NA,QNC,件,1.5,Kg,尺寸项为ФD
CSB00248,环形吊耳,BF5b,20,,1916T4003,M30,,NA,QNC,件,1.5,Kg,尺寸项为ФD
CSB00249,环形吊耳,BF6a,20,,1916T4003,M30,,NA,QNC,件,2,Kg,尺寸项为ФD
CSB00250,环形吊耳,BF6b,20,,1916T4003,M36,,NA,QNC,件,2,Kg,尺寸项为ФD
CSB00251,环形吊耳,BF7a,20,,1916T4003,M36,,NA,QNC,件,3.5,Kg,尺寸项为ФD
CSB00252,环形吊耳,BF7b,20,,1916T4003,M42,,NA,QNC,件,3.5,Kg,尺寸项为ФD
CSB00253,不锈钢衬套,BG73,022Cr19Ni10,,1916T4003,73,,S1,QA3,件,0.1,Kg,尺寸项为管径Ф
CSB00254,不锈钢衬套,BG89,022Cr19Ni10,,1916T4003,88.9,,S1,QA3,件,0.2,Kg,尺寸项为管径Ф
CSB00255,不锈钢衬套,BG114,022Cr19Ni10,,1916T4003,114.3,,S1,QA3,件,0.2,Kg,尺寸项为管径Ф
CSB00256,不锈钢衬套,BG168,022Cr19Ni10,,1916T4003,168.3,,S1,QA3,件,0.3,Kg,尺寸项为管径Ф
CSB00257,不锈钢衬套,BG219,022Cr19Ni10,,1916T4003,219.1,,S1,QA3,件,0.5,Kg,尺寸项为管径Ф
CSB00258,不锈钢衬套,BG273,022Cr19Ni10,,1916T4003,273,,S1,QA3,件,0.6,Kg,尺寸项为管径Ф
CSB00259,不锈钢衬套,BG324,022Cr19Ni10,,1916T4003,323.9,,S1,QA3,件,1,Kg,尺寸项为管径Ф
CSB00260,不锈钢衬套,BG356,022Cr19Ni10,,1916T4003,355.6,,S1,QA3,件,1,Kg,尺寸项为管径Ф
CSB00261,不锈钢衬套,BG406,022Cr19Ni10,,1916T4003,406.4,,S1,QA3,件,1,Kg,尺寸项为管径Ф
CSB00262,不锈钢衬套,BG457,022Cr19Ni10,,1916T4003,457.2,,S1,QA3,件,1.25,Kg,尺寸项为管径Ф
CSB00263,不锈钢衬套,BG508,022Cr19Ni10,,1916T4003,508,,S1,QA3,件,1.5,Kg,尺寸项为管径Ф
CSB00264,不锈钢衬套,BG610,022Cr19Ni10,,1916T4003,610,,S1,QA3,件,1.8,Kg,尺寸项为管径Ф
CSB00265,不锈钢衬套,BG711,022Cr19Ni10,,1916T4003,711.2,,S1,QA3,件,2.2,Kg,尺寸项为管径Ф
CSB00266,不锈钢衬套,BG813,022Cr19Ni10,,1916T4003,812.8,,S1,QA3,件,3,Kg,尺寸项为管径Ф
CSB00267,不锈钢衬套,BG73,022Cr19Ni10,,1916T4003,73,,S2,QA3,件,0.1,Kg,尺寸项为管径Ф
CSB00268,不锈钢衬套,BG89,022Cr19Ni10,,1916T4003,88.9,,S2,QA3,件,0.2,Kg,尺寸项为管径Ф
CSB00269,不锈钢衬套,BG114,022Cr19Ni10,,1916T4003,114.3,,S2,QA3,件,0.2,Kg,尺寸项为管径Ф
CSB00270,不锈钢衬套,BG168,022Cr19Ni10,,1916T4003,168.3,,S2,QA3,件,0.3,Kg,尺寸项为管径Ф
CSB00271,不锈钢衬套,BG219,022Cr19Ni10,,1916T4003,219.1,,S2,QA3,件,0.5,Kg,尺寸项为管径Ф
CSB00272,不锈钢衬套,BG273,022Cr19Ni10,,1916T4003,273,,S2,QA3,件,0.6,Kg,尺寸项为管径Ф
CSB00273,不锈钢衬套,BG324,022Cr19Ni10,,1916T4003,323.9,,S2,QA3,件,1,Kg,尺寸项为管径Ф
CSB00274,不锈钢衬套,BG356,022Cr19Ni10,,1916T4003,355.6,,S2,QA3,件,1,Kg,尺寸项为管径Ф
CSB00275,不锈钢衬套,BG406,022Cr19Ni10,,1916T4003,406.4,,S2,QA3,件,1,Kg,尺寸项为管径Ф
CSB00276,不锈钢衬套,BG457,022Cr19Ni10,,1916T4003,457.2,,S2,QA3,件,1.25,Kg,尺寸项为管径Ф
CSB00277,不锈钢衬套,BG508,022Cr19Ni10,,1916T4003,508,,S2,QA3,件,1.5,Kg,尺寸项为管径Ф
CSB00278,不锈钢衬套,BG610,022Cr19Ni10,,1916T4003,610,,S2,QA3,件,1.8,Kg,尺寸项为管径Ф
CSB00279,不锈钢衬套,BG711,022Cr19Ni10,,1916T4003,711.2,,S2,QA3,件,2.2,Kg,尺寸项为管径Ф
CSB00280,不锈钢衬套,BG813,022Cr19Ni10,,1916T4003,812.8,,S2,QA3,件,3,Kg,尺寸项为管径Ф
CSB00281,不锈钢衬套,BG73,022Cr19Ni10,,1916T4003,73,,NA,QNC,件,0.1,Kg,尺寸项为管径Ф
CSB00282,不锈钢衬套,BG89,022Cr19Ni10,,1916T4003,88.9,,NA,QNC,件,0.2,Kg,尺寸项为管径Ф
CSB00283,不锈钢衬套,BG114,022Cr19Ni10,,1916T4003,114.3,,NA,QNC,件,0.2,Kg,尺寸项为管径Ф
CSB00284,不锈钢衬套,BG168,022Cr19Ni10,,1916T4003,168.3,,NA,QNC,件,0.3,Kg,尺寸项为管径Ф
CSB00285,不锈钢衬套,BG219,022Cr19Ni10,,1916T4003,219.1,,NA,QNC,件,0.5,Kg,尺寸项为管径Ф
CSB00286,不锈钢衬套,BG273,022Cr19Ni10,,1916T4003,273,,NA,QNC,件,0.6,Kg,尺寸项为管径Ф
CSB00287,不锈钢衬套,BG324,022Cr19Ni10,,1916T4003,323.9,,NA,QNC,件,1,Kg,尺寸项为管径Ф
CSB00288,不锈钢衬套,BG356,022Cr19Ni10,,1916T4003,355.6,,NA,QNC,件,1,Kg,尺寸项为管径Ф
CSB00289,不锈钢衬套,BG406,022Cr19Ni10,,1916T4003,406.4,,NA,QNC,件,1,Kg,尺寸项为管径Ф
CSB00290,不锈钢衬套,BG457,022Cr19Ni10,,1916T4003,457.2,,NA,QNC,件,1.25,Kg,尺寸项为管径Ф
CSB00291,不锈钢衬套,BG508,022Cr19Ni10,,1916T4003,508,,NA,QNC,件,1.5,Kg,尺寸项为管径Ф
CSB00292,不锈钢衬套,BG610,022Cr19Ni10,,1916T4003,610,,NA,QNC,件,1.8,Kg,尺寸项为管径Ф
CSB00293,不锈钢衬套,BG711,022Cr19Ni10,,1916T4003,711.2,,NA,QNC,件,2.2,Kg,尺寸项为管径Ф
CSB00294,不锈钢衬套,BG813,022Cr19Ni10,,1916T4003,812.8,,NA,QNC,件,3,Kg,尺寸项为管径Ф
CSB00295,螺杆U形耳子,BH1,35,,1916T4003,M12,,S1,QA3,件,0.3,Kg,尺寸项为D
CSB00296,螺杆U形耳子,BH2,35,,1916T4003,M24,,S1,QA3,件,2,Kg,尺寸项为D
CSB00297,螺杆U形耳子,BH1,35,,1916T4003,M12,,S2,QA3,件,0.3,Kg,尺寸项为D
CSB00298,螺杆U形耳子,BH2,35,,1916T4003,M24,,S2,QA3,件,2,Kg,尺寸项为D
CSB00299,螺杆U形耳子,BH1,35,,1916T4003,M12,,NA,QNC,件,0.3,Kg,尺寸项为D
CSB00300,螺杆U形耳子,BH2,35,,1916T4003,M24,,NA,QNC,件,2,Kg,尺寸项为D
CSB00301,叉形接头,BJ1,Q390D,,1916T4003,M42,,S1,QA3,件,9,Kg,尺寸项为ФT
CSB00302,叉形接头,BJ2,Q390D,,1916T4003,M52,,S1,QA3,件,17,Kg,尺寸项为ФT
CSB00303,叉形接头,BJ3,Q390D,,1916T4003,M60,,S1,QA3,件,28,Kg,尺寸项为ФT
CSB00304,叉形接头,BJ1,Q390D,,1916T4003,M42,,S2,QA3,件,9,Kg,尺寸项为ФT
CSB00305,叉形接头,BJ2,Q390D,,1916T4003,M52,,S2,QA3,件,17,Kg,尺寸项为ФT
CSB00306,叉形接头,BJ3,Q390D,,1916T4003,M60,,S2,QA3,件,28,Kg,尺寸项为ФT
CSB00307,叉形接头,BJ1,Q390D,,1916T4003,M42,,NA,QNC,件,9,Kg,尺寸项为ФT
CSB00308,叉形接头,BJ2,Q390D,,1916T4003,M52,,NA,QNC,件,17,Kg,尺寸项为ФT
CSB00309,叉形接头,BJ3,Q390D,,1916T4003,M60,,NA,QNC,件,28,Kg,尺寸项为ФT
CSB00310,叉形接头,BK1,Q390D,,1916T4003,M42,,S1,QA3,件,12,Kg,尺寸项为ФT
CSB00311,叉形接头,BK2,Q390D,,1916T4003,M52,,S1,QA3,件,21,Kg,尺寸项为ФT
CSB00312,叉形接头,BK3,Q390D,,1916T4003,M60,,S1,QA3,件,31,Kg,尺寸项为ФT
CSB00313,叉形接头,BK1,Q390D,,1916T4003,M42,,S2,QA3,件,12,Kg,尺寸项为ФT
CSB00314,叉形接头,BK2,Q390D,,1916T4003,M52,,S2,QA3,件,21,Kg,尺寸项为ФT
CSB00315,叉形接头,BK3,Q390D,,1916T4003,M60,,S2,QA3,件,31,Kg,尺寸项为ФT
CSB00316,叉形接头,BK1,Q390D,,1916T4003,M42,,NA,QNC,件,12,Kg,尺寸项为ФT
CSB00317,叉形接头,BK2,Q390D,,1916T4003,M52,,NA,QNC,件,21,Kg,尺寸项为ФT
CSB00318,叉形接头,BK3,Q390D,,1916T4003,M60,,NA,QNC,件,31,Kg,尺寸项为ФT
CSB00319,拉杆,TA1AL1,拉杆 Q390D 螺母 6级,,1916T4003,M10,,S1,QA3,件,1,Kg,尺寸项为ФM
CSB00320,拉杆,TA1AL2,拉杆 Q390D 螺母 6级,,1916T4003,M10,,S1,QA3,件,1,Kg,尺寸项为ФM
CSB00321,拉杆,TA1AL3,拉杆 Q390D 螺母 6级,,1916T4003,M10,,S1,QA3,件,1,Kg,尺寸项为ФM
CSB00322,拉杆,TA1AL4,拉杆 Q390D 螺母 6级,,1916T4003,M10,,S1,QA3,件,1,Kg,尺寸项为ФM
CSB00323,拉杆,TA1AL5,拉杆 Q390D 螺母 6级,,1916T4003,M10,,S1,QA3,件,1,Kg,尺寸项为ФM
CSB00324,拉杆,TA1AL6,拉杆 Q390D 螺母 6级,,1916T4003,M10,,S1,QA3,件,1,Kg,尺寸项为ФM
CSB00325,拉杆,TA1AL7,拉杆 Q390D 螺母 6级,,1916T4003,M10,,S1,QA3,件,1,Kg,尺寸项为ФM
CSB00326,拉杆,TA1AL8,拉杆 Q390D 螺母 6级,,1916T4003,M10,,S1,QA3,件,1,Kg,尺寸项为ФM
CSB00327,拉杆,TA1AL9,拉杆 Q390D 螺母 6级,,1916T4003,M10,,S1,QA3,件,1,Kg,尺寸项为ФM
CSB00328,拉杆,TA1AL10,拉杆 Q390D 螺母 6级,,1916T4003,M10,,S1,QA3,件,1,Kg,尺寸项为ФM
CSB00329,拉杆,TA1AL11,拉杆 Q390D 螺母 6级,,1916T4003,M10,,S1,QA3,件,1,Kg,尺寸项为ФM
CSB00330,拉杆,TA1BL1,拉杆 Q390D 螺母 6级,,1916T4003,M10,,S1,QA3,件,1,Kg,尺寸项为ФM
CSB00331,拉杆,TA1BL2,拉杆 Q390D 螺母 6级,,1916T4003,M10,,S1,QA3,件,1,Kg,尺寸项为ФM
CSB00332,拉杆,TA1BL3,拉杆 Q390D 螺母 6级,,1916T4003,M10,,S1,QA3,件,1,Kg,尺寸项为ФM
CSB00333,拉杆,TA1BL4,拉杆 Q390D 螺母 6级,,1916T4003,M10,,S1,QA3,件,1,Kg,尺寸项为ФM
CSB00334,拉杆,TA1BL5,拉杆 Q390D 螺母 6级,,1916T4003,M10,,S1,QA3,件,1,Kg,尺寸项为ФM
CSB00335,拉杆,TA1BL6,拉杆 Q390D 螺母 6级,,1916T4003,M10,,S1,QA3,件,1,Kg,尺寸项为ФM
CSB00336,拉杆,TA1BL7,拉杆 Q390D 螺母 6级,,1916T4003,M10,,S1,QA3,件,1,Kg,尺寸项为ФM
CSB00337,拉杆,TA1BL8,拉杆 Q390D 螺母 6级,,1916T4003,M10,,S1,QA3,件,1,Kg,尺寸项为ФM
CSB00338,拉杆,TA1BL9,拉杆 Q390D 螺母 6级,,1916T4003,M10,,S1,QA3,件,1,Kg,尺寸项为ФM
CSB00339,拉杆,TA1BL10,拉杆 Q390D 螺母 6级,,1916T4003,M10,,S1,QA3,件,1,Kg,尺寸项为ФM
CSB00340,拉杆,TA1BL11,拉杆 Q390D 螺母 6级,,1916T4003,M10,,S1,QA3,件,1,Kg,尺寸项为ФM
CSB00341,拉杆,TA2AL1,拉杆 Q390D 螺母 6级,,1916T4003,M12,,S1,QA3,件,1,Kg,尺寸项为ФM
CSB00342,拉杆,TA2AL2,拉杆 Q390D 螺母 6级,,1916T4003,M12,,S1,QA3,件,1,Kg,尺寸项为ФM
CSB00343,拉杆,TA2AL3,拉杆 Q390D 螺母 6级,,1916T4003,M12,,S1,QA3,件,1,Kg,尺寸项为ФM
CSB00344,拉杆,TA2AL4,拉杆 Q390D 螺母 6级,,1916T4003,M12,,S1,QA3,件,1,Kg,尺寸项为ФM
CSB00345,拉杆,TA2AL5,拉杆 Q390D 螺母 6级,,1916T4003,M12,,S1,QA3,件,1,Kg,尺寸项为ФM
CSB00346,拉杆,TA2AL6,拉杆 Q390D 螺母 6级,,1916T4003,M12,,S1,QA3,件,1,Kg,尺寸项为ФM
CSB00347,拉杆,TA2AL7,拉杆 Q390D 螺母 6级,,1916T4003,M12,,S1,QA3,件,1,Kg,尺寸项为ФM
CSB00348,拉杆,TA2AL8,拉杆 Q390D 螺母 6级,,1916T4003,M12,,S1,QA3,件,1,Kg,尺寸项为ФM
CSB00349,拉杆,TA2AL9,拉杆 Q390D 螺母 6级,,1916T4003,M12,,S1,QA3,件,1,Kg,尺寸项为ФM
CSB00350,拉杆,TA2AL10,拉杆 Q390D 螺母 6级,,1916T4003,M12,,S1,QA3,件,1,Kg,尺寸项为ФM
CSB00351,拉杆,TA2AL11,拉杆 Q390D 螺母 6级,,1916T4003,M12,,S1,QA3,件,1,Kg,尺寸项为ФM
CSB00352,拉杆,TA2BL1,拉杆 Q390D 螺母 6级,,1916T4003,M12,,S1,QA3,件,1,Kg,尺寸项为ФM
CSB00353,拉杆,TA2BL2,拉杆 Q390D 螺母 6级,,1916T4003,M12,,S1,QA3,件,1,Kg,尺寸项为ФM
CSB00354,拉杆,TA2BL3,拉杆 Q390D 螺母 6级,,1916T4003,M12,,S1,QA3,件,1,Kg,尺寸项为ФM
CSB00355,拉杆,TA2BL4,拉杆 Q390D 螺母 6级,,1916T4003,M12,,S1,QA3,件,1,Kg,尺寸项为ФM
CSB00356,拉杆,TA2BL5,拉杆 Q390D 螺母 6级,,1916T4003,M12,,S1,QA3,件,1,Kg,尺寸项为ФM
CSB00357,拉杆,TA2BL6,拉杆 Q390D 螺母 6级,,1916T4003,M12,,S1,QA3,件,1,Kg,尺寸项为ФM
CSB00358,拉杆,TA2BL7,拉杆 Q390D 螺母 6级,,1916T4003,M12,,S1,QA3,件,1,Kg,尺寸项为ФM
CSB00359,拉杆,TA2BL8,拉杆 Q390D 螺母 6级,,1916T4003,M12,,S1,QA3,件,1,Kg,尺寸项为ФM
CSB00360,拉杆,TA2BL9,拉杆 Q390D 螺母 6级,,1916T4003,M12,,S1,QA3,件,1,Kg,尺寸项为ФM
CSB00361,拉杆,TA2BL10,拉杆 Q390D 螺母 6级,,1916T4003,M12,,S1,QA3,件,1,Kg,尺寸项为ФM
CSB00362,拉杆,TA2BL11,拉杆 Q390D 螺母 6级,,1916T4003,M12,,S1,QA3,件,1,Kg,尺寸项为ФM
CSB00363,拉杆,TA3AL1,拉杆 Q390D 螺母 6级,,1916T4003,M16,,S1,QA3,件,2,Kg,尺寸项为ФM
CSB00364,拉杆,TA3AL2,拉杆 Q390D 螺母 6级,,1916T4003,M16,,S1,QA3,件,2,Kg,尺寸项为ФM
CSB00365,拉杆,TA3AL3,拉杆 Q390D 螺母 6级,,1916T4003,M16,,S1,QA3,件,2,Kg,尺寸项为ФM
CSB00366,拉杆,TA3AL4,拉杆 Q390D 螺母 6级,,1916T4003,M16,,S1,QA3,件,2,Kg,尺寸项为ФM
CSB00367,拉杆,TA3AL5,拉杆 Q390D 螺母 6级,,1916T4003,M16,,S1,QA3,件,2,Kg,尺寸项为ФM
CSB00368,拉杆,TA3AL6,拉杆 Q390D 螺母 6级,,1916T4003,M16,,S1,QA3,件,2,Kg,尺寸项为ФM
CSB00369,拉杆,TA3AL7,拉杆 Q390D 螺母 6级,,1916T4003,M16,,S1,QA3,件,2,Kg,尺寸项为ФM
CSB00370,拉杆,TA3AL8,拉杆 Q390D 螺母 6级,,1916T4003,M16,,S1,QA3,件,2,Kg,尺寸项为ФM
CSB00371,拉杆,TA3AL9,拉杆 Q390D 螺母 6级,,1916T4003,M16,,S1,QA3,件,2,Kg,尺寸项为ФM
CSB00372,拉杆,TA3AL10,拉杆 Q390D 螺母 6级,,1916T4003,M16,,S1,QA3,件,2,Kg,尺寸项为ФM
CSB00373,拉杆,TA3AL11,拉杆 Q390D 螺母 6级,,1916T4003,M16,,S1,QA3,件,2,Kg,尺寸项为ФM
CSB00374,拉杆,TA3BL1,拉杆 Q390D 螺母 6级,,1916T4003,M16,,S1,QA3,件,2,Kg,尺寸项为ФM
CSB00375,拉杆,TA3BL2,拉杆 Q390D 螺母 6级,,1916T4003,M16,,S1,QA3,件,2,Kg,尺寸项为ФM
CSB00376,拉杆,TA3BL3,拉杆 Q390D 螺母 6级,,1916T4003,M16,,S1,QA3,件,2,Kg,尺寸项为ФM
CSB00377,拉杆,TA3BL4,拉杆 Q390D 螺母 6级,,1916T4003,M16,,S1,QA3,件,2,Kg,尺寸项为ФM
CSB00378,拉杆,TA3BL5,拉杆 Q390D 螺母 6级,,1916T4003,M16,,S1,QA3,件,2,Kg,尺寸项为ФM
CSB00379,拉杆,TA3BL6,拉杆 Q390D 螺母 6级,,1916T4003,M16,,S1,QA3,件,2,Kg,尺寸项为ФM
CSB00380,拉杆,TA3BL7,拉杆 Q390D 螺母 6级,,1916T4003,M16,,S1,QA3,件,2,Kg,尺寸项为ФM
CSB00381,拉杆,TA3BL8,拉杆 Q390D 螺母 6级,,1916T4003,M16,,S1,QA3,件,2,Kg,尺寸项为ФM
CSB00382,拉杆,TA3BL9,拉杆 Q390D 螺母 6级,,1916T4003,M16,,S1,QA3,件,2,Kg,尺寸项为ФM
CSB00383,拉杆,TA3BL10,拉杆 Q390D 螺母 6级,,1916T4003,M16,,S1,QA3,件,2,Kg,尺寸项为ФM
CSB00384,拉杆,TA3BL11,拉杆 Q390D 螺母 6级,,1916T4003,M16,,S1,QA3,件,2,Kg,尺寸项为ФM
CSB00385,拉杆,TA4AL1,拉杆 Q390D 螺母 6级,,1916T4003,M20,,S1,QA3,件,3,Kg,尺寸项为ФM
CSB00386,拉杆,TA4AL2,拉杆 Q390D 螺母 6级,,1916T4003,M20,,S1,QA3,件,3,Kg,尺寸项为ФM
CSB00387,拉杆,TA4AL3,拉杆 Q390D 螺母 6级,,1916T4003,M20,,S1,QA3,件,3,Kg,尺寸项为ФM
CSB00388,拉杆,TA4AL4,拉杆 Q390D 螺母 6级,,1916T4003,M20,,S1,QA3,件,3,Kg,尺寸项为ФM
CSB00389,拉杆,TA4AL5,拉杆 Q390D 螺母 6级,,1916T4003,M20,,S1,QA3,件,3,Kg,尺寸项为ФM
CSB00390,拉杆,TA4AL6,拉杆 Q390D 螺母 6级,,1916T4003,M20,,S1,QA3,件,3,Kg,尺寸项为ФM
CSB00391,拉杆,TA4AL7,拉杆 Q390D 螺母 6级,,1916T4003,M20,,S1,QA3,件,3,Kg,尺寸项为ФM
CSB00392,拉杆,TA4AL8,拉杆 Q390D 螺母 6级,,1916T4003,M20,,S1,QA3,件,3,Kg,尺寸项为ФM
CSB00393,拉杆,TA4AL9,拉杆 Q390D 螺母 6级,,1916T4003,M20,,S1,QA3,件,3,Kg,尺寸项为ФM
CSB00394,拉杆,TA4AL10,拉杆 Q390D 螺母 6级,,1916T4003,M20,,S1,QA3,件,3,Kg,尺寸项为ФM
CSB00395,拉杆,TA4AL11,拉杆 Q390D 螺母 6级,,1916T4003,M20,,S1,QA3,件,3,Kg,尺寸项为ФM
CSB00396,拉杆,TA4BL1,拉杆 Q390D 螺母 6级,,1916T4003,M20,,S1,QA3,件,3,Kg,尺寸项为ФM
CSB00397,拉杆,TA4BL2,拉杆 Q390D 螺母 6级,,1916T4003,M20,,S1,QA3,件,3,Kg,尺寸项为ФM
CSB00398,拉杆,TA4BL3,拉杆 Q390D 螺母 6级,,1916T4003,M20,,S1,QA3,件,3,Kg,尺寸项为ФM
CSB00399,拉杆,TA4BL4,拉杆 Q390D 螺母 6级,,1916T4003,M20,,S1,QA3,件,3,Kg,尺寸项为ФM
CSB00400,拉杆,TA4BL5,拉杆 Q390D 螺母 6级,,1916T4003,M20,,S1,QA3,件,3,Kg,尺寸项为ФM
CSB00401,拉杆,TA4BL6,拉杆 Q390D 螺母 6级,,1916T4003,M20,,S1,QA3,件,3,Kg,尺寸项为ФM
CSB00402,拉杆,TA4BL7,拉杆 Q390D 螺母 6级,,1916T4003,M20,,S1,QA3,件,3,Kg,尺寸项为ФM
CSB00403,拉杆,TA4BL8,拉杆 Q390D 螺母 6级,,1916T4003,M20,,S1,QA3,件,3,Kg,尺寸项为ФM
CSB00404,拉杆,TA4BL9,拉杆 Q390D 螺母 6级,,1916T4003,M20,,S1,QA3,件,3,Kg,尺寸项为ФM
CSB00405,拉杆,TA4BL10,拉杆 Q390D 螺母 6级,,1916T4003,M20,,S1,QA3,件,3,Kg,尺寸项为ФM
CSB00406,拉杆,TA4BL11,拉杆 Q390D 螺母 6级,,1916T4003,M20,,S1,QA3,件,3,Kg,尺寸项为ФM
CSB00407,拉杆,TA5AL1,拉杆 Q390D 螺母 6级,,1916T4003,M24,,S1,QA3,件,3.5,Kg,尺寸项为ФM
CSB00408,拉杆,TA5AL2,拉杆 Q390D 螺母 6级,,1916T4003,M24,,S1,QA3,件,3.5,Kg,尺寸项为ФM
CSB00409,拉杆,TA5AL3,拉杆 Q390D 螺母 6级,,1916T4003,M24,,S1,QA3,件,3.5,Kg,尺寸项为ФM
CSB00410,拉杆,TA5AL4,拉杆 Q390D 螺母 6级,,1916T4003,M24,,S1,QA3,件,3.5,Kg,尺寸项为ФM
CSB00411,拉杆,TA5AL5,拉杆 Q390D 螺母 6级,,1916T4003,M24,,S1,QA3,件,3.5,Kg,尺寸项为ФM
CSB00412,拉杆,TA5AL6,拉杆 Q390D 螺母 6级,,1916T4003,M24,,S1,QA3,件,3.5,Kg,尺寸项为ФM
CSB00413,拉杆,TA5AL7,拉杆 Q390D 螺母 6级,,1916T4003,M24,,S1,QA3,件,3.5,Kg,尺寸项为ФM
CSB00414,拉杆,TA5AL8,拉杆 Q390D 螺母 6级,,1916T4003,M24,,S1,QA3,件,3.5,Kg,尺寸项为ФM
CSB00415,拉杆,TA5AL9,拉杆 Q390D 螺母 6级,,1916T4003,M24,,S1,QA3,件,3.5,Kg,尺寸项为ФM
CSB00416,拉杆,TA5AL10,拉杆 Q390D 螺母 6级,,1916T4003,M24,,S1,QA3,件,3.5,Kg,尺寸项为ФM
CSB00417,拉杆,TA5AL11,拉杆 Q390D 螺母 6级,,1916T4003,M24,,S1,QA3,件,3.5,Kg,尺寸项为ФM
CSB00418,拉杆,TA5BL1,拉杆 Q390D 螺母 6级,,1916T4003,M24,,S1,QA3,件,3.5,Kg,尺寸项为ФM
CSB00419,拉杆,TA5BL2,拉杆 Q390D 螺母 6级,,1916T4003,M24,,S1,QA3,件,3.5,Kg,尺寸项为ФM
CSB00420,拉杆,TA5BL3,拉杆 Q390D 螺母 6级,,1916T4003,M24,,S1,QA3,件,3.5,Kg,尺寸项为ФM
CSB00421,拉杆,TA5BL4,拉杆 Q390D 螺母 6级,,1916T4003,M24,,S1,QA3,件,3.5,Kg,尺寸项为ФM
CSB00422,拉杆,TA5BL5,拉杆 Q390D 螺母 6级,,1916T4003,M24,,S1,QA3,件,3.5,Kg,尺寸项为ФM
CSB00423,拉杆,TA5BL6,拉杆 Q390D 螺母 6级,,1916T4003,M24,,S1,QA3,件,3.5,Kg,尺寸项为ФM
CSB00424,拉杆,TA5BL7,拉杆 Q390D 螺母 6级,,1916T4003,M24,,S1,QA3,件,3.5,Kg,尺寸项为ФM
CSB00425,拉杆,TA5BL8,拉杆 Q390D 螺母 6级,,1916T4003,M24,,S1,QA3,件,3.5,Kg,尺寸项为ФM
CSB00426,拉杆,TA5BL9,拉杆 Q390D 螺母 6级,,1916T4003,M24,,S1,QA3,件,3.5,Kg,尺寸项为ФM
CSB00427,拉杆,TA5BL10,拉杆 Q390D 螺母 6级,,1916T4003,M24,,S1,QA3,件,3.5,Kg,尺寸项为ФM
CSB00428,拉杆,TA5BL11,拉杆 Q390D 螺母 6级,,1916T4003,M24,,S1,QA3,件,3.5,Kg,尺寸项为ФM
CSB00429,拉杆,TA6AL1,拉杆 Q390D 螺母 6级,,1916T4003,M30,,S1,QA3,件,5.5,Kg,尺寸项为ФM
CSB00430,拉杆,TA6AL2,拉杆 Q390D 螺母 6级,,1916T4003,M30,,S1,QA3,件,5.5,Kg,尺寸项为ФM
CSB00431,拉杆,TA6AL3,拉杆 Q390D 螺母 6级,,1916T4003,M30,,S1,QA3,件,5.5,Kg,尺寸项为ФM
CSB00432,拉杆,TA6AL4,拉杆 Q390D 螺母 6级,,1916T4003,M30,,S1,QA3,件,5.5,Kg,尺寸项为ФM
CSB00433,拉杆,TA6AL5,拉杆 Q390D 螺母 6级,,1916T4003,M30,,S1,QA3,件,5.5,Kg,尺寸项为ФM
CSB00434,拉杆,TA6AL6,拉杆 Q390D 螺母 6级,,1916T4003,M30,,S1,QA3,件,5.5,Kg,尺寸项为ФM
CSB00435,拉杆,TA6AL7,拉杆 Q390D 螺母 6级,,1916T4003,M30,,S1,QA3,件,5.5,Kg,尺寸项为ФM
CSB00436,拉杆,TA6AL8,拉杆 Q390D 螺母 6级,,1916T4003,M30,,S1,QA3,件,5.5,Kg,尺寸项为ФM
CSB00437,拉杆,TA6AL9,拉杆 Q390D 螺母 6级,,1916T4003,M30,,S1,QA3,件,5.5,Kg,尺寸项为ФM
CSB00438,拉杆,TA6AL10,拉杆 Q390D 螺母 6级,,1916T4003,M30,,S1,QA3,件,5.5,Kg,尺寸项为ФM
CSB00439,拉杆,TA6AL11,拉杆 Q390D 螺母 6级,,1916T4003,M30,,S1,QA3,件,5.5,Kg,尺寸项为ФM
CSB00440,拉杆,TA6BL1,拉杆 Q390D 螺母 6级,,1916T4003,M30,,S1,QA3,件,5.5,Kg,尺寸项为ФM
CSB00441,拉杆,TA6BL2,拉杆 Q390D 螺母 6级,,1916T4003,M30,,S1,QA3,件,5.5,Kg,尺寸项为ФM
CSB00442,拉杆,TA6BL3,拉杆 Q390D 螺母 6级,,1916T4003,M30,,S1,QA3,件,5.5,Kg,尺寸项为ФM
CSB00443,拉杆,TA6BL4,拉杆 Q390D 螺母 6级,,1916T4003,M30,,S1,QA3,件,5.5,Kg,尺寸项为ФM
CSB00444,拉杆,TA6BL5,拉杆 Q390D 螺母 6级,,1916T4003,M30,,S1,QA3,件,5.5,Kg,尺寸项为ФM
CSB00445,拉杆,TA6BL6,拉杆 Q390D 螺母 6级,,1916T4003,M30,,S1,QA3,件,5.5,Kg,尺寸项为ФM
CSB00446,拉杆,TA6BL7,拉杆 Q390D 螺母 6级,,1916T4003,M30,,S1,QA3,件,5.5,Kg,尺寸项为ФM
CSB00447,拉杆,TA6BL8,拉杆 Q390D 螺母 6级,,1916T4003,M30,,S1,QA3,件,5.5,Kg,尺寸项为ФM
CSB00448,拉杆,TA6BL9,拉杆 Q390D 螺母 6级,,1916T4003,M30,,S1,QA3,件,5.5,Kg,尺寸项为ФM
CSB00449,拉杆,TA6BL10,拉杆 Q390D 螺母 6级,,1916T4003,M30,,S1,QA3,件,5.5,Kg,尺寸项为ФM
CSB00450,拉杆,TA6BL11,拉杆 Q390D 螺母 6级,,1916T4003,M30,,S1,QA3,件,5.5,Kg,尺寸项为ФM
CSB00451,拉杆,TA7AL1,拉杆 Q390D 螺母 6级,,1916T4003,M36,,S1,QA3,件,8,Kg,尺寸项为ФM
CSB00452,拉杆,TA7AL2,拉杆 Q390D 螺母 6级,,1916T4003,M36,,S1,QA3,件,8,Kg,尺寸项为ФM
CSB00453,拉杆,TA7AL3,拉杆 Q390D 螺母 6级,,1916T4003,M36,,S1,QA3,件,8,Kg,尺寸项为ФM
CSB00454,拉杆,TA7AL4,拉杆 Q390D 螺母 6级,,1916T4003,M36,,S1,QA3,件,8,Kg,尺寸项为ФM
CSB00455,拉杆,TA7AL5,拉杆 Q390D 螺母 6级,,1916T4003,M36,,S1,QA3,件,8,Kg,尺寸项为ФM
CSB00456,拉杆,TA7AL6,拉杆 Q390D 螺母 6级,,1916T4003,M36,,S1,QA3,件,8,Kg,尺寸项为ФM
CSB00457,拉杆,TA7AL7,拉杆 Q390D 螺母 6级,,1916T4003,M36,,S1,QA3,件,8,Kg,尺寸项为ФM
CSB00458,拉杆,TA7AL8,拉杆 Q390D 螺母 6级,,1916T4003,M36,,S1,QA3,件,8,Kg,尺寸项为ФM
CSB00459,拉杆,TA7AL9,拉杆 Q390D 螺母 6级,,1916T4003,M36,,S1,QA3,件,8,Kg,尺寸项为ФM
CSB00460,拉杆,TA7AL10,拉杆 Q390D 螺母 6级,,1916T4003,M36,,S1,QA3,件,8,Kg,尺寸项为ФM
CSB00461,拉杆,TA7AL11,拉杆 Q390D 螺母 6级,,1916T4003,M36,,S1,QA3,件,8,Kg,尺寸项为ФM
CSB00462,拉杆,TA7BL1,拉杆 Q390D 螺母 6级,,1916T4003,M36,,S1,QA3,件,8,Kg,尺寸项为ФM
CSB00463,拉杆,TA7BL2,拉杆 Q390D 螺母 6级,,1916T4003,M36,,S1,QA3,件,8,Kg,尺寸项为ФM
CSB00464,拉杆,TA7BL3,拉杆 Q390D 螺母 6级,,1916T4003,M36,,S1,QA3,件,8,Kg,尺寸项为ФM
CSB00465,拉杆,TA7BL4,拉杆 Q390D 螺母 6级,,1916T4003,M36,,S1,QA3,件,8,Kg,尺寸项为ФM
CSB00466,拉杆,TA7BL5,拉杆 Q390D 螺母 6级,,1916T4003,M36,,S1,QA3,件,8,Kg,尺寸项为ФM
CSB00467,拉杆,TA7BL6,拉杆 Q390D 螺母 6级,,1916T4003,M36,,S1,QA3,件,8,Kg,尺寸项为ФM
CSB00468,拉杆,TA7BL7,拉杆 Q390D 螺母 6级,,1916T4003,M36,,S1,QA3,件,8,Kg,尺寸项为ФM
CSB00469,拉杆,TA7BL8,拉杆 Q390D 螺母 6级,,1916T4003,M36,,S1,QA3,件,8,Kg,尺寸项为ФM
CSB00470,拉杆,TA7BL9,拉杆 Q390D 螺母 6级,,1916T4003,M36,,S1,QA3,件,8,Kg,尺寸项为ФM
CSB00471,拉杆,TA7BL10,拉杆 Q390D 螺母 6级,,1916T4003,M36,,S1,QA3,件,8,Kg,尺寸项为ФM
CSB00472,拉杆,TA7BL11,拉杆 Q390D 螺母 6级,,1916T4003,M36,,S1,QA3,件,8,Kg,尺寸项为ФM
CSB00473,拉杆,TA8AL1,拉杆 Q390D 螺母 6级,,1916T4003,M42,,S1,QA3,件,11,Kg,尺寸项为ФM
CSB00474,拉杆,TA8AL2,拉杆 Q390D 螺母 6级,,1916T4003,M42,,S1,QA3,件,11,Kg,尺寸项为ФM
CSB00475,拉杆,TA8AL3,拉杆 Q390D 螺母 6级,,1916T4003,M42,,S1,QA3,件,11,Kg,尺寸项为ФM
CSB00476,拉杆,TA8AL4,拉杆 Q390D 螺母 6级,,1916T4003,M42,,S1,QA3,件,11,Kg,尺寸项为ФM
CSB00477,拉杆,TA8AL5,拉杆 Q390D 螺母 6级,,1916T4003,M42,,S1,QA3,件,11,Kg,尺寸项为ФM
CSB00478,拉杆,TA8AL6,拉杆 Q390D 螺母 6级,,1916T4003,M42,,S1,QA3,件,11,Kg,尺寸项为ФM
CSB00479,拉杆,TA8AL7,拉杆 Q390D 螺母 6级,,1916T4003,M42,,S1,QA3,件,11,Kg,尺寸项为ФM
CSB00480,拉杆,TA8AL8,拉杆 Q390D 螺母 6级,,1916T4003,M42,,S1,QA3,件,11,Kg,尺寸项为ФM
CSB00481,拉杆,TA8AL9,拉杆 Q390D 螺母 6级,,1916T4003,M42,,S1,QA3,件,11,Kg,尺寸项为ФM
CSB00482,拉杆,TA8AL10,拉杆 Q390D 螺母 6级,,1916T4003,M42,,S1,QA3,件,11,Kg,尺寸项为ФM
CSB00483,拉杆,TA8AL11,拉杆 Q390D 螺母 6级,,1916T4003,M42,,S1,QA3,件,11,Kg,尺寸项为ФM
CSB00484,拉杆,TA8BL1,拉杆 Q390D 螺母 6级,,1916T4003,M42,,S1,QA3,件,11,Kg,尺寸项为ФM
CSB00485,拉杆,TA8BL2,拉杆 Q390D 螺母 6级,,1916T4003,M42,,S1,QA3,件,11,Kg,尺寸项为ФM
CSB00486,拉杆,TA8BL3,拉杆 Q390D 螺母 6级,,1916T4003,M42,,S1,QA3,件,11,Kg,尺寸项为ФM
CSB00487,拉杆,TA8BL4,拉杆 Q390D 螺母 6级,,1916T4003,M42,,S1,QA3,件,11,Kg,尺寸项为ФM
CSB00488,拉杆,TA8BL5,拉杆 Q390D 螺母 6级,,1916T4003,M42,,S1,QA3,件,11,Kg,尺寸项为ФM
CSB00489,拉杆,TA8BL6,拉杆 Q390D 螺母 6级,,1916T4003,M42,,S1,QA3,件,11,Kg,尺寸项为ФM
CSB00490,拉杆,TA8BL7,拉杆 Q390D 螺母 6级,,1916T4003,M42,,S1,QA3,件,11,Kg,尺寸项为ФM
CSB00491,拉杆,TA8BL8,拉杆 Q390D 螺母 6级,,1916T4003,M42,,S1,QA3,件,11,Kg,尺寸项为ФM
CSB00492,拉杆,TA8BL9,拉杆 Q390D 螺母 6级,,1916T4003,M42,,S1,QA3,件,11,Kg,尺寸项为ФM
CSB00493,拉杆,TA8BL10,拉杆 Q390D 螺母 6级,,1916T4003,M42,,S1,QA3,件,11,Kg,尺寸项为ФM
CSB00494,拉杆,TA8BL11,拉杆 Q390D 螺母 6级,,1916T4003,M42,,S1,QA3,件,11,Kg,尺寸项为ФM
CSB00495,拉杆,TA9AL1,拉杆 Q390D 螺母 6级,,1916T4003,M52,,S1,QA3,件,17,Kg,尺寸项为ФM
CSB00496,拉杆,TA9AL2,拉杆 Q390D 螺母 6级,,1916T4003,M52,,S1,QA3,件,17,Kg,尺寸项为ФM
CSB00497,拉杆,TA9AL3,拉杆 Q390D 螺母 6级,,1916T4003,M52,,S1,QA3,件,17,Kg,尺寸项为ФM
CSB00498,拉杆,TA9AL4,拉杆 Q390D 螺母 6级,,1916T4003,M52,,S1,QA3,件,17,Kg,尺寸项为ФM
CSB00499,拉杆,TA9AL5,拉杆 Q390D 螺母 6级,,1916T4003,M52,,S1,QA3,件,17,Kg,尺寸项为ФM
CSB00500,拉杆,TA9AL6,拉杆 Q390D 螺母 6级,,1916T4003,M52,,S1,QA3,件,17,Kg,尺寸项为ФM
CSB00501,拉杆,TA9AL7,拉杆 Q390D 螺母 6级,,1916T4003,M52,,S1,QA3,件,17,Kg,尺寸项为ФM
CSB00502,拉杆,TA9AL8,拉杆 Q390D 螺母 6级,,1916T4003,M52,,S1,QA3,件,17,Kg,尺寸项为ФM
CSB00503,拉杆,TA9AL9,拉杆 Q390D 螺母 6级,,1916T4003,M52,,S1,QA3,件,17,Kg,尺寸项为ФM
CSB00504,拉杆,TA9AL10,拉杆 Q390D 螺母 6级,,1916T4003,M52,,S1,QA3,件,17,Kg,尺寸项为ФM
CSB00505,拉杆,TA9AL11,拉杆 Q390D 螺母 6级,,1916T4003,M52,,S1,QA3,件,17,Kg,尺寸项为ФM
CSB00506,拉杆,TA9BL1,拉杆 Q390D 螺母 6级,,1916T4003,M52,,S1,QA3,件,17,Kg,尺寸项为ФM
CSB00507,拉杆,TA9BL2,拉杆 Q390D 螺母 6级,,1916T4003,M52,,S1,QA3,件,17,Kg,尺寸项为ФM
CSB00508,拉杆,TA9BL3,拉杆 Q390D 螺母 6级,,1916T4003,M52,,S1,QA3,件,17,Kg,尺寸项为ФM
CSB00509,拉杆,TA9BL4,拉杆 Q390D 螺母 6级,,1916T4003,M52,,S1,QA3,件,17,Kg,尺寸项为ФM
CSB00510,拉杆,TA9BL5,拉杆 Q390D 螺母 6级,,1916T4003,M52,,S1,QA3,件,17,Kg,尺寸项为ФM
CSB00511,拉杆,TA9BL6,拉杆 Q390D 螺母 6级,,1916T4003,M52,,S1,QA3,件,17,Kg,尺寸项为ФM
CSB00512,拉杆,TA9BL7,拉杆 Q390D 螺母 6级,,1916T4003,M52,,S1,QA3,件,17,Kg,尺寸项为ФM
CSB00513,拉杆,TA9BL8,拉杆 Q390D 螺母 6级,,1916T4003,M52,,S1,QA3,件,17,Kg,尺寸项为ФM
CSB00514,拉杆,TA9BL9,拉杆 Q390D 螺母 6级,,1916T4003,M52,,S1,QA3,件,17,Kg,尺寸项为ФM
CSB00515,拉杆,TA9BL10,拉杆 Q390D 螺母 6级,,1916T4003,M52,,S1,QA3,件,17,Kg,尺寸项为ФM
CSB00516,拉杆,TA9BL11,拉杆 Q390D 螺母 6级,,1916T4003,M52,,S1,QA3,件,17,Kg,尺寸项为ФM
CSB00517,拉杆,TA10AL1,拉杆 Q390D 螺母 6级,,1916T4003,M60,,S1,QA3,件,22.5,Kg,尺寸项为ФM
CSB00518,拉杆,TA10AL2,拉杆 Q390D 螺母 6级,,1916T4003,M60,,S1,QA3,件,22.5,Kg,尺寸项为ФM
CSB00519,拉杆,TA10AL3,拉杆 Q390D 螺母 6级,,1916T4003,M60,,S1,QA3,件,22.5,Kg,尺寸项为ФM
CSB00520,拉杆,TA10AL4,拉杆 Q390D 螺母 6级,,1916T4003,M60,,S1,QA3,件,22.5,Kg,尺寸项为ФM
CSB00521,拉杆,TA10AL5,拉杆 Q390D 螺母 6级,,1916T4003,M60,,S1,QA3,件,22.5,Kg,尺寸项为ФM
CSB00522,拉杆,TA10AL6,拉杆 Q390D 螺母 6级,,1916T4003,M60,,S1,QA3,件,22.5,Kg,尺寸项为ФM
CSB00523,拉杆,TA10AL7,拉杆 Q390D 螺母 6级,,1916T4003,M60,,S1,QA3,件,22.5,Kg,尺寸项为ФM
CSB00524,拉杆,TA10AL8,拉杆 Q390D 螺母 6级,,1916T4003,M60,,S1,QA3,件,22.5,Kg,尺寸项为ФM
CSB00525,拉杆,TA10AL9,拉杆 Q390D 螺母 6级,,1916T4003,M60,,S1,QA3,件,22.5,Kg,尺寸项为ФM
CSB00526,拉杆,TA10AL10,拉杆 Q390D 螺母 6级,,1916T4003,M60,,S1,QA3,件,22.5,Kg,尺寸项为ФM
CSB00527,拉杆,TA10AL11,拉杆 Q390D 螺母 6级,,1916T4003,M60,,S1,QA3,件,22.5,Kg,尺寸项为ФM
CSB00528,拉杆,TA10BL1,拉杆 Q390D 螺母 6级,,1916T4003,M60,,S1,QA3,件,22.5,Kg,尺寸项为ФM
CSB00529,拉杆,TA10BL2,拉杆 Q390D 螺母 6级,,1916T4003,M60,,S1,QA3,件,22.5,Kg,尺寸项为ФM
CSB00530,拉杆,TA10BL3,拉杆 Q390D 螺母 6级,,1916T4003,M60,,S1,QA3,件,22.5,Kg,尺寸项为ФM
CSB00531,拉杆,TA10BL4,拉杆 Q390D 螺母 6级,,1916T4003,M60,,S1,QA3,件,22.5,Kg,尺寸项为ФM
CSB00532,拉杆,TA10BL5,拉杆 Q390D 螺母 6级,,1916T4003,M60,,S1,QA3,件,22.5,Kg,尺寸项为ФM
CSB00533,拉杆,TA10BL6,拉杆 Q390D 螺母 6级,,1916T4003,M60,,S1,QA3,件,22.5,Kg,尺寸项为ФM
CSB00534,拉杆,TA10BL7,拉杆 Q390D 螺母 6级,,1916T4003,M60,,S1,QA3,件,22.5,Kg,尺寸项为ФM
CSB00535,拉杆,TA10BL8,拉杆 Q390D 螺母 6级,,1916T4003,M60,,S1,QA3,件,22.5,Kg,尺寸项为ФM
CSB00536,拉杆,TA10BL9,拉杆 Q390D 螺母 6级,,1916T4003,M60,,S1,QA3,件,22.5,Kg,尺寸项为ФM
CSB00537,拉杆,TA10BL10,拉杆 Q390D 螺母 6级,,1916T4003,M60,,S1,QA3,件,22.5,Kg,尺寸项为ФM
CSB00538,拉杆,TA10BL11,拉杆 Q390D 螺母 6级,,1916T4003,M60,,S1,QA3,件,22.5,Kg,尺寸项为ФM
CSB00539,拉杆,TA1AL1,拉杆 Q390D 螺母 6级,,1916T4003,M10,,S2,QA3,件,1,Kg,尺寸项为ФM
CSB00540,拉杆,TA1AL2,拉杆 Q390D 螺母 6级,,1916T4003,M10,,S2,QA3,件,1,Kg,尺寸项为ФM
CSB00541,拉杆,TA1AL3,拉杆 Q390D 螺母 6级,,1916T4003,M10,,S2,QA3,件,1,Kg,尺寸项为ФM
CSB00542,拉杆,TA1AL4,拉杆 Q390D 螺母 6级,,1916T4003,M10,,S2,QA3,件,1,Kg,尺寸项为ФM
CSB00543,拉杆,TA1AL5,拉杆 Q390D 螺母 6级,,1916T4003,M10,,S2,QA3,件,1,Kg,尺寸项为ФM
CSB00544,拉杆,TA1AL6,拉杆 Q390D 螺母 6级,,1916T4003,M10,,S2,QA3,件,1,Kg,尺寸项为ФM
CSB00545,拉杆,TA1AL7,拉杆 Q390D 螺母 6级,,1916T4003,M10,,S2,QA3,件,1,Kg,尺寸项为ФM
CSB00546,拉杆,TA1AL8,拉杆 Q390D 螺母 6级,,1916T4003,M10,,S2,QA3,件,1,Kg,尺寸项为ФM
CSB00547,拉杆,TA1AL9,拉杆 Q390D 螺母 6级,,1916T4003,M10,,S2,QA3,件,1,Kg,尺寸项为ФM
CSB00548,拉杆,TA1AL10,拉杆 Q390D 螺母 6级,,1916T4003,M10,,S2,QA3,件,1,Kg,尺寸项为ФM
CSB00549,拉杆,TA1AL11,拉杆 Q390D 螺母 6级,,1916T4003,M10,,S2,QA3,件,1,Kg,尺寸项为ФM
CSB00550,拉杆,TA1BL1,拉杆 Q390D 螺母 6级,,1916T4003,M10,,S2,QA3,件,1,Kg,尺寸项为ФM
CSB00551,拉杆,TA1BL2,拉杆 Q390D 螺母 6级,,1916T4003,M10,,S2,QA3,件,1,Kg,尺寸项为ФM
CSB00552,拉杆,TA1BL3,拉杆 Q390D 螺母 6级,,1916T4003,M10,,S2,QA3,件,1,Kg,尺寸项为ФM
CSB00553,拉杆,TA1BL4,拉杆 Q390D 螺母 6级,,1916T4003,M10,,S2,QA3,件,1,Kg,尺寸项为ФM
CSB00554,拉杆,TA1BL5,拉杆 Q390D 螺母 6级,,1916T4003,M10,,S2,QA3,件,1,Kg,尺寸项为ФM
CSB00555,拉杆,TA1BL6,拉杆 Q390D 螺母 6级,,1916T4003,M10,,S2,QA3,件,1,Kg,尺寸项为ФM
CSB00556,拉杆,TA1BL7,拉杆 Q390D 螺母 6级,,1916T4003,M10,,S2,QA3,件,1,Kg,尺寸项为ФM
CSB00557,拉杆,TA1BL8,拉杆 Q390D 螺母 6级,,1916T4003,M10,,S2,QA3,件,1,Kg,尺寸项为ФM
CSB00558,拉杆,TA1BL9,拉杆 Q390D 螺母 6级,,1916T4003,M10,,S2,QA3,件,1,Kg,尺寸项为ФM
CSB00559,拉杆,TA1BL10,拉杆 Q390D 螺母 6级,,1916T4003,M10,,S2,QA3,件,1,Kg,尺寸项为ФM
CSB00560,拉杆,TA1BL11,拉杆 Q390D 螺母 6级,,1916T4003,M10,,S2,QA3,件,1,Kg,尺寸项为ФM
CSB00561,拉杆,TA2AL1,拉杆 Q390D 螺母 6级,,1916T4003,M12,,S2,QA3,件,1,Kg,尺寸项为ФM
CSB00562,拉杆,TA2AL2,拉杆 Q390D 螺母 6级,,1916T4003,M12,,S2,QA3,件,1,Kg,尺寸项为ФM
CSB00563,拉杆,TA2AL3,拉杆 Q390D 螺母 6级,,1916T4003,M12,,S2,QA3,件,1,Kg,尺寸项为ФM
CSB00564,拉杆,TA2AL4,拉杆 Q390D 螺母 6级,,1916T4003,M12,,S2,QA3,件,1,Kg,尺寸项为ФM
CSB00565,拉杆,TA2AL5,拉杆 Q390D 螺母 6级,,1916T4003,M12,,S2,QA3,件,1,Kg,尺寸项为ФM
CSB00566,拉杆,TA2AL6,拉杆 Q390D 螺母 6级,,1916T4003,M12,,S2,QA3,件,1,Kg,尺寸项为ФM
CSB00567,拉杆,TA2AL7,拉杆 Q390D 螺母 6级,,1916T4003,M12,,S2,QA3,件,1,Kg,尺寸项为ФM
CSB00568,拉杆,TA2AL8,拉杆 Q390D 螺母 6级,,1916T4003,M12,,S2,QA3,件,1,Kg,尺寸项为ФM
CSB00569,拉杆,TA2AL9,拉杆 Q390D 螺母 6级,,1916T4003,M12,,S2,QA3,件,1,Kg,尺寸项为ФM
CSB00570,拉杆,TA2AL10,拉杆 Q390D 螺母 6级,,1916T4003,M12,,S2,QA3,件,1,Kg,尺寸项为ФM
CSB00571,拉杆,TA2AL11,拉杆 Q390D 螺母 6级,,1916T4003,M12,,S2,QA3,件,1,Kg,尺寸项为ФM
CSB00572,拉杆,TA2BL1,拉杆 Q390D 螺母 6级,,1916T4003,M12,,S2,QA3,件,1,Kg,尺寸项为ФM
CSB00573,拉杆,TA2BL2,拉杆 Q390D 螺母 6级,,1916T4003,M12,,S2,QA3,件,1,Kg,尺寸项为ФM
CSB00574,拉杆,TA2BL3,拉杆 Q390D 螺母 6级,,1916T4003,M12,,S2,QA3,件,1,Kg,尺寸项为ФM
CSB00575,拉杆,TA2BL4,拉杆 Q390D 螺母 6级,,1916T4003,M12,,S2,QA3,件,1,Kg,尺寸项为ФM
CSB00576,拉杆,TA2BL5,拉杆 Q390D 螺母 6级,,1916T4003,M12,,S2,QA3,件,1,Kg,尺寸项为ФM
CSB00577,拉杆,TA2BL6,拉杆 Q390D 螺母 6级,,1916T4003,M12,,S2,QA3,件,1,Kg,尺寸项为ФM
CSB00578,拉杆,TA2BL7,拉杆 Q390D 螺母 6级,,1916T4003,M12,,S2,QA3,件,1,Kg,尺寸项为ФM
CSB00579,拉杆,TA2BL8,拉杆 Q390D 螺母 6级,,1916T4003,M12,,S2,QA3,件,1,Kg,尺寸项为ФM
CSB00580,拉杆,TA2BL9,拉杆 Q390D 螺母 6级,,1916T4003,M12,,S2,QA3,件,1,Kg,尺寸项为ФM
CSB00581,拉杆,TA2BL10,拉杆 Q390D 螺母 6级,,1916T4003,M12,,S2,QA3,件,1,Kg,尺寸项为ФM
CSB00582,拉杆,TA2BL11,拉杆 Q390D 螺母 6级,,1916T4003,M12,,S2,QA3,件,1,Kg,尺寸项为ФM
CSB00583,拉杆,TA3AL1,拉杆 Q390D 螺母 6级,,1916T4003,M16,,S2,QA3,件,2,Kg,尺寸项为ФM
CSB00584,拉杆,TA3AL2,拉杆 Q390D 螺母 6级,,1916T4003,M16,,S2,QA3,件,2,Kg,尺寸项为ФM
CSB00585,拉杆,TA3AL3,拉杆 Q390D 螺母 6级,,1916T4003,M16,,S2,QA3,件,2,Kg,尺寸项为ФM
CSB00586,拉杆,TA3AL4,拉杆 Q390D 螺母 6级,,1916T4003,M16,,S2,QA3,件,2,Kg,尺寸项为ФM
CSB00587,拉杆,TA3AL5,拉杆 Q390D 螺母 6级,,1916T4003,M16,,S2,QA3,件,2,Kg,尺寸项为ФM
CSB00588,拉杆,TA3AL6,拉杆 Q390D 螺母 6级,,1916T4003,M16,,S2,QA3,件,2,Kg,尺寸项为ФM
CSB00589,拉杆,TA3AL7,拉杆 Q390D 螺母 6级,,1916T4003,M16,,S2,QA3,件,2,Kg,尺寸项为ФM
CSB00590,拉杆,TA3AL8,拉杆 Q390D 螺母 6级,,1916T4003,M16,,S2,QA3,件,2,Kg,尺寸项为ФM
CSB00591,拉杆,TA3AL9,拉杆 Q390D 螺母 6级,,1916T4003,M16,,S2,QA3,件,2,Kg,尺寸项为ФM
CSB00592,拉杆,TA3AL10,拉杆 Q390D 螺母 6级,,1916T4003,M16,,S2,QA3,件,2,Kg,尺寸项为ФM
CSB00593,拉杆,TA3AL11,拉杆 Q390D 螺母 6级,,1916T4003,M16,,S2,QA3,件,2,Kg,尺寸项为ФM
CSB00594,拉杆,TA3BL1,拉杆 Q390D 螺母 6级,,1916T4003,M16,,S2,QA3,件,2,Kg,尺寸项为ФM
CSB00595,拉杆,TA3BL2,拉杆 Q390D 螺母 6级,,1916T4003,M16,,S2,QA3,件,2,Kg,尺寸项为ФM
CSB00596,拉杆,TA3BL3,拉杆 Q390D 螺母 6级,,1916T4003,M16,,S2,QA3,件,2,Kg,尺寸项为ФM
CSB00597,拉杆,TA3BL4,拉杆 Q390D 螺母 6级,,1916T4003,M16,,S2,QA3,件,2,Kg,尺寸项为ФM
CSB00598,拉杆,TA3BL5,拉杆 Q390D 螺母 6级,,1916T4003,M16,,S2,QA3,件,2,Kg,尺寸项为ФM
CSB00599,拉杆,TA3BL6,拉杆 Q390D 螺母 6级,,1916T4003,M16,,S2,QA3,件,2,Kg,尺寸项为ФM
CSB00600,拉杆,TA3BL7,拉杆 Q390D 螺母 6级,,1916T4003,M16,,S2,QA3,件,2,Kg,尺寸项为ФM
CSB00601,拉杆,TA3BL8,拉杆 Q390D 螺母 6级,,1916T4003,M16,,S2,QA3,件,2,Kg,尺寸项为ФM
CSB00602,拉杆,TA3BL9,拉杆 Q390D 螺母 6级,,1916T4003,M16,,S2,QA3,件,2,Kg,尺寸项为ФM
CSB00603,拉杆,TA3BL10,拉杆 Q390D 螺母 6级,,1916T4003,M16,,S2,QA3,件,2,Kg,尺寸项为ФM
CSB00604,拉杆,TA3BL11,拉杆 Q390D 螺母 6级,,1916T4003,M16,,S2,QA3,件,2,Kg,尺寸项为ФM
CSB00605,拉杆,TA4AL1,拉杆 Q390D 螺母 6级,,1916T4003,M20,,S2,QA3,件,3,Kg,尺寸项为ФM
CSB00606,拉杆,TA4AL2,拉杆 Q390D 螺母 6级,,1916T4003,M20,,S2,QA3,件,3,Kg,尺寸项为ФM
CSB00607,拉杆,TA4AL3,拉杆 Q390D 螺母 6级,,1916T4003,M20,,S2,QA3,件,3,Kg,尺寸项为ФM
CSB00608,拉杆,TA4AL4,拉杆 Q390D 螺母 6级,,1916T4003,M20,,S2,QA3,件,3,Kg,尺寸项为ФM
CSB00609,拉杆,TA4AL5,拉杆 Q390D 螺母 6级,,1916T4003,M20,,S2,QA3,件,3,Kg,尺寸项为ФM
CSB00610,拉杆,TA4AL6,拉杆 Q390D 螺母 6级,,1916T4003,M20,,S2,QA3,件,3,Kg,尺寸项为ФM
CSB00611,拉杆,TA4AL7,拉杆 Q390D 螺母 6级,,1916T4003,M20,,S2,QA3,件,3,Kg,尺寸项为ФM
CSB00612,拉杆,TA4AL8,拉杆 Q390D 螺母 6级,,1916T4003,M20,,S2,QA3,件,3,Kg,尺寸项为ФM
CSB00613,拉杆,TA4AL9,拉杆 Q390D 螺母 6级,,1916T4003,M20,,S2,QA3,件,3,Kg,尺寸项为ФM
CSB00614,拉杆,TA4AL10,拉杆 Q390D 螺母 6级,,1916T4003,M20,,S2,QA3,件,3,Kg,尺寸项为ФM
CSB00615,拉杆,TA4AL11,拉杆 Q390D 螺母 6级,,1916T4003,M20,,S2,QA3,件,3,Kg,尺寸项为ФM
CSB00616,拉杆,TA4BL1,拉杆 Q390D 螺母 6级,,1916T4003,M20,,S2,QA3,件,3,Kg,尺寸项为ФM
CSB00617,拉杆,TA4BL2,拉杆 Q390D 螺母 6级,,1916T4003,M20,,S2,QA3,件,3,Kg,尺寸项为ФM
CSB00618,拉杆,TA4BL3,拉杆 Q390D 螺母 6级,,1916T4003,M20,,S2,QA3,件,3,Kg,尺寸项为ФM
CSB00619,拉杆,TA4BL4,拉杆 Q390D 螺母 6级,,1916T4003,M20,,S2,QA3,件,3,Kg,尺寸项为ФM
CSB00620,拉杆,TA4BL5,拉杆 Q390D 螺母 6级,,1916T4003,M20,,S2,QA3,件,3,Kg,尺寸项为ФM
CSB00621,拉杆,TA4BL6,拉杆 Q390D 螺母 6级,,1916T4003,M20,,S2,QA3,件,3,Kg,尺寸项为ФM
CSB00622,拉杆,TA4BL7,拉杆 Q390D 螺母 6级,,1916T4003,M20,,S2,QA3,件,3,Kg,尺寸项为ФM
CSB00623,拉杆,TA4BL8,拉杆 Q390D 螺母 6级,,1916T4003,M20,,S2,QA3,件,3,Kg,尺寸项为ФM
CSB00624,拉杆,TA4BL9,拉杆 Q390D 螺母 6级,,1916T4003,M20,,S2,QA3,件,3,Kg,尺寸项为ФM
CSB00625,拉杆,TA4BL10,拉杆 Q390D 螺母 6级,,1916T4003,M20,,S2,QA3,件,3,Kg,尺寸项为ФM
CSB00626,拉杆,TA4BL11,拉杆 Q390D 螺母 6级,,1916T4003,M20,,S2,QA3,件,3,Kg,尺寸项为ФM
CSB00627,拉杆,TA5AL1,拉杆 Q390D 螺母 6级,,1916T4003,M24,,S2,QA3,件,3.5,Kg,尺寸项为ФM
CSB00628,拉杆,TA5AL2,拉杆 Q390D 螺母 6级,,1916T4003,M24,,S2,QA3,件,3.5,Kg,尺寸项为ФM
CSB00629,拉杆,TA5AL3,拉杆 Q390D 螺母 6级,,1916T4003,M24,,S2,QA3,件,3.5,Kg,尺寸项为ФM
CSB00630,拉杆,TA5AL4,拉杆 Q390D 螺母 6级,,1916T4003,M24,,S2,QA3,件,3.5,Kg,尺寸项为ФM
CSB00631,拉杆,TA5AL5,拉杆 Q390D 螺母 6级,,1916T4003,M24,,S2,QA3,件,3.5,Kg,尺寸项为ФM
CSB00632,拉杆,TA5AL6,拉杆 Q390D 螺母 6级,,1916T4003,M24,,S2,QA3,件,3.5,Kg,尺寸项为ФM
CSB00633,拉杆,TA5AL7,拉杆 Q390D 螺母 6级,,1916T4003,M24,,S2,QA3,件,3.5,Kg,尺寸项为ФM
CSB00634,拉杆,TA5AL8,拉杆 Q390D 螺母 6级,,1916T4003,M24,,S2,QA3,件,3.5,Kg,尺寸项为ФM
CSB00635,拉杆,TA5AL9,拉杆 Q390D 螺母 6级,,1916T4003,M24,,S2,QA3,件,3.5,Kg,尺寸项为ФM
CSB00636,拉杆,TA5AL10,拉杆 Q390D 螺母 6级,,1916T4003,M24,,S2,QA3,件,3.5,Kg,尺寸项为ФM
CSB00637,拉杆,TA5AL11,拉杆 Q390D 螺母 6级,,1916T4003,M24,,S2,QA3,件,3.5,Kg,尺寸项为ФM
CSB00638,拉杆,TA5BL1,拉杆 Q390D 螺母 6级,,1916T4003,M24,,S2,QA3,件,3.5,Kg,尺寸项为ФM
CSB00639,拉杆,TA5BL2,拉杆 Q390D 螺母 6级,,1916T4003,M24,,S2,QA3,件,3.5,Kg,尺寸项为ФM
CSB00640,拉杆,TA5BL3,拉杆 Q390D 螺母 6级,,1916T4003,M24,,S2,QA3,件,3.5,Kg,尺寸项为ФM
CSB00641,拉杆,TA5BL4,拉杆 Q390D 螺母 6级,,1916T4003,M24,,S2,QA3,件,3.5,Kg,尺寸项为ФM
CSB00642,拉杆,TA5BL5,拉杆 Q390D 螺母 6级,,1916T4003,M24,,S2,QA3,件,3.5,Kg,尺寸项为ФM
CSB00643,拉杆,TA5BL6,拉杆 Q390D 螺母 6级,,1916T4003,M24,,S2,QA3,件,3.5,Kg,尺寸项为ФM
CSB00644,拉杆,TA5BL7,拉杆 Q390D 螺母 6级,,1916T4003,M24,,S2,QA3,件,3.5,Kg,尺寸项为ФM
CSB00645,拉杆,TA5BL8,拉杆 Q390D 螺母 6级,,1916T4003,M24,,S2,QA3,件,3.5,Kg,尺寸项为ФM
CSB00646,拉杆,TA5BL9,拉杆 Q390D 螺母 6级,,1916T4003,M24,,S2,QA3,件,3.5,Kg,尺寸项为ФM
CSB00647,拉杆,TA5BL10,拉杆 Q390D 螺母 6级,,1916T4003,M24,,S2,QA3,件,3.5,Kg,尺寸项为ФM
CSB00648,拉杆,TA5BL11,拉杆 Q390D 螺母 6级,,1916T4003,M24,,S2,QA3,件,3.5,Kg,尺寸项为ФM
CSB00649,拉杆,TA6AL1,拉杆 Q390D 螺母 6级,,1916T4003,M30,,S2,QA3,件,5.5,Kg,尺寸项为ФM
CSB00650,拉杆,TA6AL2,拉杆 Q390D 螺母 6级,,1916T4003,M30,,S2,QA3,件,5.5,Kg,尺寸项为ФM
CSB00651,拉杆,TA6AL3,拉杆 Q390D 螺母 6级,,1916T4003,M30,,S2,QA3,件,5.5,Kg,尺寸项为ФM
CSB00652,拉杆,TA6AL4,拉杆 Q390D 螺母 6级,,1916T4003,M30,,S2,QA3,件,5.5,Kg,尺寸项为ФM
CSB00653,拉杆,TA6AL5,拉杆 Q390D 螺母 6级,,1916T4003,M30,,S2,QA3,件,5.5,Kg,尺寸项为ФM
CSB00654,拉杆,TA6AL6,拉杆 Q390D 螺母 6级,,1916T4003,M30,,S2,QA3,件,5.5,Kg,尺寸项为ФM
CSB00655,拉杆,TA6AL7,拉杆 Q390D 螺母 6级,,1916T4003,M30,,S2,QA3,件,5.5,Kg,尺寸项为ФM
CSB00656,拉杆,TA6AL8,拉杆 Q390D 螺母 6级,,1916T4003,M30,,S2,QA3,件,5.5,Kg,尺寸项为ФM
CSB00657,拉杆,TA6AL9,拉杆 Q390D 螺母 6级,,1916T4003,M30,,S2,QA3,件,5.5,Kg,尺寸项为ФM
CSB00658,拉杆,TA6AL10,拉杆 Q390D 螺母 6级,,1916T4003,M30,,S2,QA3,件,5.5,Kg,尺寸项为ФM
CSB00659,拉杆,TA6AL11,拉杆 Q390D 螺母 6级,,1916T4003,M30,,S2,QA3,件,5.5,Kg,尺寸项为ФM
CSB00660,拉杆,TA6BL1,拉杆 Q390D 螺母 6级,,1916T4003,M30,,S2,QA3,件,5.5,Kg,尺寸项为ФM
CSB00661,拉杆,TA6BL2,拉杆 Q390D 螺母 6级,,1916T4003,M30,,S2,QA3,件,5.5,Kg,尺寸项为ФM
CSB00662,拉杆,TA6BL3,拉杆 Q390D 螺母 6级,,1916T4003,M30,,S2,QA3,件,5.5,Kg,尺寸项为ФM
CSB00663,拉杆,TA6BL4,拉杆 Q390D 螺母 6级,,1916T4003,M30,,S2,QA3,件,5.5,Kg,尺寸项为ФM
CSB00664,拉杆,TA6BL5,拉杆 Q390D 螺母 6级,,1916T4003,M30,,S2,QA3,件,5.5,Kg,尺寸项为ФM
CSB00665,拉杆,TA6BL6,拉杆 Q390D 螺母 6级,,1916T4003,M30,,S2,QA3,件,5.5,Kg,尺寸项为ФM
CSB00666,拉杆,TA6BL7,拉杆 Q390D 螺母 6级,,1916T4003,M30,,S2,QA3,件,5.5,Kg,尺寸项为ФM
CSB00667,拉杆,TA6BL8,拉杆 Q390D 螺母 6级,,1916T4003,M30,,S2,QA3,件,5.5,Kg,尺寸项为ФM
CSB00668,拉杆,TA6BL9,拉杆 Q390D 螺母 6级,,1916T4003,M30,,S2,QA3,件,5.5,Kg,尺寸项为ФM
CSB00669,拉杆,TA6BL10,拉杆 Q390D 螺母 6级,,1916T4003,M30,,S2,QA3,件,5.5,Kg,尺寸项为ФM
CSB00670,拉杆,TA6BL11,拉杆 Q390D 螺母 6级,,1916T4003,M30,,S2,QA3,件,5.5,Kg,尺寸项为ФM
CSB00671,拉杆,TA7AL1,拉杆 Q390D 螺母 6级,,1916T4003,M36,,S2,QA3,件,8,Kg,尺寸项为ФM
CSB00672,拉杆,TA7AL2,拉杆 Q390D 螺母 6级,,1916T4003,M36,,S2,QA3,件,8,Kg,尺寸项为ФM
CSB00673,拉杆,TA7AL3,拉杆 Q390D 螺母 6级,,1916T4003,M36,,S2,QA3,件,8,Kg,尺寸项为ФM
CSB00674,拉杆,TA7AL4,拉杆 Q390D 螺母 6级,,1916T4003,M36,,S2,QA3,件,8,Kg,尺寸项为ФM
CSB00675,拉杆,TA7AL5,拉杆 Q390D 螺母 6级,,1916T4003,M36,,S2,QA3,件,8,Kg,尺寸项为ФM
CSB00676,拉杆,TA7AL6,拉杆 Q390D 螺母 6级,,1916T4003,M36,,S2,QA3,件,8,Kg,尺寸项为ФM
CSB00677,拉杆,TA7AL7,拉杆 Q390D 螺母 6级,,1916T4003,M36,,S2,QA3,件,8,Kg,尺寸项为ФM
CSB00678,拉杆,TA7AL8,拉杆 Q390D 螺母 6级,,1916T4003,M36,,S2,QA3,件,8,Kg,尺寸项为ФM
CSB00679,拉杆,TA7AL9,拉杆 Q390D 螺母 6级,,1916T4003,M36,,S2,QA3,件,8,Kg,尺寸项为ФM
CSB00680,拉杆,TA7AL10,拉杆 Q390D 螺母 6级,,1916T4003,M36,,S2,QA3,件,8,Kg,尺寸项为ФM
CSB00681,拉杆,TA7AL11,拉杆 Q390D 螺母 6级,,1916T4003,M36,,S2,QA3,件,8,Kg,尺寸项为ФM
CSB00682,拉杆,TA7BL1,拉杆 Q390D 螺母 6级,,1916T4003,M36,,S2,QA3,件,8,Kg,尺寸项为ФM
CSB00683,拉杆,TA7BL2,拉杆 Q390D 螺母 6级,,1916T4003,M36,,S2,QA3,件,8,Kg,尺寸项为ФM
CSB00684,拉杆,TA7BL3,拉杆 Q390D 螺母 6级,,1916T4003,M36,,S2,QA3,件,8,Kg,尺寸项为ФM
CSB00685,拉杆,TA7BL4,拉杆 Q390D 螺母 6级,,1916T4003,M36,,S2,QA3,件,8,Kg,尺寸项为ФM
CSB00686,拉杆,TA7BL5,拉杆 Q390D 螺母 6级,,1916T4003,M36,,S2,QA3,件,8,Kg,尺寸项为ФM
CSB00687,拉杆,TA7BL6,拉杆 Q390D 螺母 6级,,1916T4003,M36,,S2,QA3,件,8,Kg,尺寸项为ФM
CSB00688,拉杆,TA7BL7,拉杆 Q390D 螺母 6级,,1916T4003,M36,,S2,QA3,件,8,Kg,尺寸项为ФM
CSB00689,拉杆,TA7BL8,拉杆 Q390D 螺母 6级,,1916T4003,M36,,S2,QA3,件,8,Kg,尺寸项为ФM
CSB00690,拉杆,TA7BL9,拉杆 Q390D 螺母 6级,,1916T4003,M36,,S2,QA3,件,8,Kg,尺寸项为ФM
CSB00691,拉杆,TA7BL10,拉杆 Q390D 螺母 6级,,1916T4003,M36,,S2,QA3,件,8,Kg,尺寸项为ФM
CSB00692,拉杆,TA7BL11,拉杆 Q390D 螺母 6级,,1916T4003,M36,,S2,QA3,件,8,Kg,尺寸项为ФM
CSB00693,拉杆,TA8AL1,拉杆 Q390D 螺母 6级,,1916T4003,M42,,S2,QA3,件,11,Kg,尺寸项为ФM
CSB00694,拉杆,TA8AL2,拉杆 Q390D 螺母 6级,,1916T4003,M42,,S2,QA3,件,11,Kg,尺寸项为ФM
CSB00695,拉杆,TA8AL3,拉杆 Q390D 螺母 6级,,1916T4003,M42,,S2,QA3,件,11,Kg,尺寸项为ФM
CSB00696,拉杆,TA8AL4,拉杆 Q390D 螺母 6级,,1916T4003,M42,,S2,QA3,件,11,Kg,尺寸项为ФM
CSB00697,拉杆,TA8AL5,拉杆 Q390D 螺母 6级,,1916T4003,M42,,S2,QA3,件,11,Kg,尺寸项为ФM
CSB00698,拉杆,TA8AL6,拉杆 Q390D 螺母 6级,,1916T4003,M42,,S2,QA3,件,11,Kg,尺寸项为ФM
CSB00699,拉杆,TA8AL7,拉杆 Q390D 螺母 6级,,1916T4003,M42,,S2,QA3,件,11,Kg,尺寸项为ФM
CSB00700,拉杆,TA8AL8,拉杆 Q390D 螺母 6级,,1916T4003,M42,,S2,QA3,件,11,Kg,尺寸项为ФM
CSB00701,拉杆,TA8AL9,拉杆 Q390D 螺母 6级,,1916T4003,M42,,S2,QA3,件,11,Kg,尺寸项为ФM
CSB00702,拉杆,TA8AL10,拉杆 Q390D 螺母 6级,,1916T4003,M42,,S2,QA3,件,11,Kg,尺寸项为ФM
CSB00703,拉杆,TA8AL11,拉杆 Q390D 螺母 6级,,1916T4003,M42,,S2,QA3,件,11,Kg,尺寸项为ФM
CSB00704,拉杆,TA8BL1,拉杆 Q390D 螺母 6级,,1916T4003,M42,,S2,QA3,件,11,Kg,尺寸项为ФM
CSB00705,拉杆,TA8BL2,拉杆 Q390D 螺母 6级,,1916T4003,M42,,S2,QA3,件,11,Kg,尺寸项为ФM
CSB00706,拉杆,TA8BL3,拉杆 Q390D 螺母 6级,,1916T4003,M42,,S2,QA3,件,11,Kg,尺寸项为ФM
CSB00707,拉杆,TA8BL4,拉杆 Q390D 螺母 6级,,1916T4003,M42,,S2,QA3,件,11,Kg,尺寸项为ФM
CSB00708,拉杆,TA8BL5,拉杆 Q390D 螺母 6级,,1916T4003,M42,,S2,QA3,件,11,Kg,尺寸项为ФM
CSB00709,拉杆,TA8BL6,拉杆 Q390D 螺母 6级,,1916T4003,M42,,S2,QA3,件,11,Kg,尺寸项为ФM
CSB00710,拉杆,TA8BL7,拉杆 Q390D 螺母 6级,,1916T4003,M42,,S2,QA3,件,11,Kg,尺寸项为ФM
CSB00711,拉杆,TA8BL8,拉杆 Q390D 螺母 6级,,1916T4003,M42,,S2,QA3,件,11,Kg,尺寸项为ФM
CSB00712,拉杆,TA8BL9,拉杆 Q390D 螺母 6级,,1916T4003,M42,,S2,QA3,件,11,Kg,尺寸项为ФM
CSB00713,拉杆,TA8BL10,拉杆 Q390D 螺母 6级,,1916T4003,M42,,S2,QA3,件,11,Kg,尺寸项为ФM
CSB00714,拉杆,TA8BL11,拉杆 Q390D 螺母 6级,,1916T4003,M42,,S2,QA3,件,11,Kg,尺寸项为ФM
CSB00715,拉杆,TA9AL1,拉杆 Q390D 螺母 6级,,1916T4003,M52,,S2,QA3,件,17,Kg,尺寸项为ФM
CSB00716,拉杆,TA9AL2,拉杆 Q390D 螺母 6级,,1916T4003,M52,,S2,QA3,件,17,Kg,尺寸项为ФM
CSB00717,拉杆,TA9AL3,拉杆 Q390D 螺母 6级,,1916T4003,M52,,S2,QA3,件,17,Kg,尺寸项为ФM
CSB00718,拉杆,TA9AL4,拉杆 Q390D 螺母 6级,,1916T4003,M52,,S2,QA3,件,17,Kg,尺寸项为ФM
CSB00719,拉杆,TA9AL5,拉杆 Q390D 螺母 6级,,1916T4003,M52,,S2,QA3,件,17,Kg,尺寸项为ФM
CSB00720,拉杆,TA9AL6,拉杆 Q390D 螺母 6级,,1916T4003,M52,,S2,QA3,件,17,Kg,尺寸项为ФM
CSB00721,拉杆,TA9AL7,拉杆 Q390D 螺母 6级,,1916T4003,M52,,S2,QA3,件,17,Kg,尺寸项为ФM
CSB00722,拉杆,TA9AL8,拉杆 Q390D 螺母 6级,,1916T4003,M52,,S2,QA3,件,17,Kg,尺寸项为ФM
CSB00723,拉杆,TA9AL9,拉杆 Q390D 螺母 6级,,1916T4003,M52,,S2,QA3,件,17,Kg,尺寸项为ФM
CSB00724,拉杆,TA9AL10,拉杆 Q390D 螺母 6级,,1916T4003,M52,,S2,QA3,件,17,Kg,尺寸项为ФM
CSB00725,拉杆,TA9AL11,拉杆 Q390D 螺母 6级,,1916T4003,M52,,S2,QA3,件,17,Kg,尺寸项为ФM
CSB00726,拉杆,TA9BL1,拉杆 Q390D 螺母 6级,,1916T4003,M52,,S2,QA3,件,17,Kg,尺寸项为ФM
CSB00727,拉杆,TA9BL2,拉杆 Q390D 螺母 6级,,1916T4003,M52,,S2,QA3,件,17,Kg,尺寸项为ФM
CSB00728,拉杆,TA9BL3,拉杆 Q390D 螺母 6级,,1916T4003,M52,,S2,QA3,件,17,Kg,尺寸项为ФM
CSB00729,拉杆,TA9BL4,拉杆 Q390D 螺母 6级,,1916T4003,M52,,S2,QA3,件,17,Kg,尺寸项为ФM
CSB00730,拉杆,TA9BL5,拉杆 Q390D 螺母 6级,,1916T4003,M52,,S2,QA3,件,17,Kg,尺寸项为ФM
CSB00731,拉杆,TA9BL6,拉杆 Q390D 螺母 6级,,1916T4003,M52,,S2,QA3,件,17,Kg,尺寸项为ФM
CSB00732,拉杆,TA9BL7,拉杆 Q390D 螺母 6级,,1916T4003,M52,,S2,QA3,件,17,Kg,尺寸项为ФM
CSB00733,拉杆,TA9BL8,拉杆 Q390D 螺母 6级,,1916T4003,M52,,S2,QA3,件,17,Kg,尺寸项为ФM
CSB00734,拉杆,TA9BL9,拉杆 Q390D 螺母 6级,,1916T4003,M52,,S2,QA3,件,17,Kg,尺寸项为ФM
CSB00735,拉杆,TA9BL10,拉杆 Q390D 螺母 6级,,1916T4003,M52,,S2,QA3,件,17,Kg,尺寸项为ФM
CSB00736,拉杆,TA9BL11,拉杆 Q390D 螺母 6级,,1916T4003,M52,,S2,QA3,件,17,Kg,尺寸项为ФM
CSB00737,拉杆,TA10AL1,拉杆 Q390D 螺母 6级,,1916T4003,M60,,S2,QA3,件,22.5,Kg,尺寸项为ФM
CSB00738,拉杆,TA10AL2,拉杆 Q390D 螺母 6级,,1916T4003,M60,,S2,QA3,件,22.5,Kg,尺寸项为ФM
CSB00739,拉杆,TA10AL3,拉杆 Q390D 螺母 6级,,1916T4003,M60,,S2,QA3,件,22.5,Kg,尺寸项为ФM
CSB00740,拉杆,TA10AL4,拉杆 Q390D 螺母 6级,,1916T4003,M60,,S2,QA3,件,22.5,Kg,尺寸项为ФM
CSB00741,拉杆,TA10AL5,拉杆 Q390D 螺母 6级,,1916T4003,M60,,S2,QA3,件,22.5,Kg,尺寸项为ФM
CSB00742,拉杆,TA10AL6,拉杆 Q390D 螺母 6级,,1916T4003,M60,,S2,QA3,件,22.5,Kg,尺寸项为ФM
CSB00743,拉杆,TA10AL7,拉杆 Q390D 螺母 6级,,1916T4003,M60,,S2,QA3,件,22.5,Kg,尺寸项为ФM
CSB00744,拉杆,TA10AL8,拉杆 Q390D 螺母 6级,,1916T4003,M60,,S2,QA3,件,22.5,Kg,尺寸项为ФM
CSB00745,拉杆,TA10AL9,拉杆 Q390D 螺母 6级,,1916T4003,M60,,S2,QA3,件,22.5,Kg,尺寸项为ФM
CSB00746,拉杆,TA10AL10,拉杆 Q390D 螺母 6级,,1916T4003,M60,,S2,QA3,件,22.5,Kg,尺寸项为ФM
CSB00747,拉杆,TA10AL11,拉杆 Q390D 螺母 6级,,1916T4003,M60,,S2,QA3,件,22.5,Kg,尺寸项为ФM
CSB00748,拉杆,TA10BL1,拉杆 Q390D 螺母 6级,,1916T4003,M60,,S2,QA3,件,22.5,Kg,尺寸项为ФM
CSB00749,拉杆,TA10BL2,拉杆 Q390D 螺母 6级,,1916T4003,M60,,S2,QA3,件,22.5,Kg,尺寸项为ФM
CSB00750,拉杆,TA10BL3,拉杆 Q390D 螺母 6级,,1916T4003,M60,,S2,QA3,件,22.5,Kg,尺寸项为ФM
CSB00751,拉杆,TA10BL4,拉杆 Q390D 螺母 6级,,1916T4003,M60,,S2,QA3,件,22.5,Kg,尺寸项为ФM
CSB00752,拉杆,TA10BL5,拉杆 Q390D 螺母 6级,,1916T4003,M60,,S2,QA3,件,22.5,Kg,尺寸项为ФM
CSB00753,拉杆,TA10BL6,拉杆 Q390D 螺母 6级,,1916T4003,M60,,S2,QA3,件,22.5,Kg,尺寸项为ФM
CSB00754,拉杆,TA10BL7,拉杆 Q390D 螺母 6级,,1916T4003,M60,,S2,QA3,件,22.5,Kg,尺寸项为ФM
CSB00755,拉杆,TA10BL8,拉杆 Q390D 螺母 6级,,1916T4003,M60,,S2,QA3,件,22.5,Kg,尺寸项为ФM
CSB00756,拉杆,TA10BL9,拉杆 Q390D 螺母 6级,,1916T4003,M60,,S2,QA3,件,22.5,Kg,尺寸项为ФM
CSB00757,拉杆,TA10BL10,拉杆 Q390D 螺母 6级,,1916T4003,M60,,S2,QA3,件,22.5,Kg,尺寸项为ФM
CSB00758,拉杆,TA10BL11,拉杆 Q390D 螺母 6级,,1916T4003,M60,,S2,QA3,件,22.5,Kg,尺寸项为ФM
CSB00759,拉杆,TA1AL1,拉杆 Q390D 螺母 6级,,1916T4003,M10,,NA,QNC,件,1,Kg,尺寸项为ФM
CSB00760,拉杆,TA1AL2,拉杆 Q390D 螺母 6级,,1916T4003,M10,,NA,QNC,件,1,Kg,尺寸项为ФM
CSB00761,拉杆,TA1AL3,拉杆 Q390D 螺母 6级,,1916T4003,M10,,NA,QNC,件,1,Kg,尺寸项为ФM
CSB00762,拉杆,TA1AL4,拉杆 Q390D 螺母 6级,,1916T4003,M10,,NA,QNC,件,1,Kg,尺寸项为ФM
CSB00763,拉杆,TA1AL5,拉杆 Q390D 螺母 6级,,1916T4003,M10,,NA,QNC,件,1,Kg,尺寸项为ФM
CSB00764,拉杆,TA1AL6,拉杆 Q390D 螺母 6级,,1916T4003,M10,,NA,QNC,件,1,Kg,尺寸项为ФM
CSB00765,拉杆,TA1AL7,拉杆 Q390D 螺母 6级,,1916T4003,M10,,NA,QNC,件,1,Kg,尺寸项为ФM
CSB00766,拉杆,TA1AL8,拉杆 Q390D 螺母 6级,,1916T4003,M10,,NA,QNC,件,1,Kg,尺寸项为ФM
CSB00767,拉杆,TA1AL9,拉杆 Q390D 螺母 6级,,1916T4003,M10,,NA,QNC,件,1,Kg,尺寸项为ФM
CSB00768,拉杆,TA1AL10,拉杆 Q390D 螺母 6级,,1916T4003,M10,,NA,QNC,件,1,Kg,尺寸项为ФM
CSB00769,拉杆,TA1AL11,拉杆 Q390D 螺母 6级,,1916T4003,M10,,NA,QNC,件,1,Kg,尺寸项为ФM
CSB00770,拉杆,TA1BL1,拉杆 Q390D 螺母 6级,,1916T4003,M10,,NA,QNC,件,1,Kg,尺寸项为ФM
CSB00771,拉杆,TA1BL2,拉杆 Q390D 螺母 6级,,1916T4003,M10,,NA,QNC,件,1,Kg,尺寸项为ФM
CSB00772,拉杆,TA1BL3,拉杆 Q390D 螺母 6级,,1916T4003,M10,,NA,QNC,件,1,Kg,尺寸项为ФM
CSB00773,拉杆,TA1BL4,拉杆 Q390D 螺母 6级,,1916T4003,M10,,NA,QNC,件,1,Kg,尺寸项为ФM
CSB00774,拉杆,TA1BL5,拉杆 Q390D 螺母 6级,,1916T4003,M10,,NA,QNC,件,1,Kg,尺寸项为ФM
CSB00775,拉杆,TA1BL6,拉杆 Q390D 螺母 6级,,1916T4003,M10,,NA,QNC,件,1,Kg,尺寸项为ФM
CSB00776,拉杆,TA1BL7,拉杆 Q390D 螺母 6级,,1916T4003,M10,,NA,QNC,件,1,Kg,尺寸项为ФM
CSB00777,拉杆,TA1BL8,拉杆 Q390D 螺母 6级,,1916T4003,M10,,NA,QNC,件,1,Kg,尺寸项为ФM
CSB00778,拉杆,TA1BL9,拉杆 Q390D 螺母 6级,,1916T4003,M10,,NA,QNC,件,1,Kg,尺寸项为ФM
CSB00779,拉杆,TA1BL10,拉杆 Q390D 螺母 6级,,1916T4003,M10,,NA,QNC,件,1,Kg,尺寸项为ФM
CSB00780,拉杆,TA1BL11,拉杆 Q390D 螺母 6级,,1916T4003,M10,,NA,QNC,件,1,Kg,尺寸项为ФM
CSB00781,拉杆,TA2AL1,拉杆 Q390D 螺母 6级,,1916T4003,M12,,NA,QNC,件,1,Kg,尺寸项为ФM
CSB00782,拉杆,TA2AL2,拉杆 Q390D 螺母 6级,,1916T4003,M12,,NA,QNC,件,1,Kg,尺寸项为ФM
CSB00783,拉杆,TA2AL3,拉杆 Q390D 螺母 6级,,1916T4003,M12,,NA,QNC,件,1,Kg,尺寸项为ФM
CSB00784,拉杆,TA2AL4,拉杆 Q390D 螺母 6级,,1916T4003,M12,,NA,QNC,件,1,Kg,尺寸项为ФM
CSB00785,拉杆,TA2AL5,拉杆 Q390D 螺母 6级,,1916T4003,M12,,NA,QNC,件,1,Kg,尺寸项为ФM
CSB00786,拉杆,TA2AL6,拉杆 Q390D 螺母 6级,,1916T4003,M12,,NA,QNC,件,1,Kg,尺寸项为ФM
CSB00787,拉杆,TA2AL7,拉杆 Q390D 螺母 6级,,1916T4003,M12,,NA,QNC,件,1,Kg,尺寸项为ФM
CSB00788,拉杆,TA2AL8,拉杆 Q390D 螺母 6级,,1916T4003,M12,,NA,QNC,件,1,Kg,尺寸项为ФM
CSB00789,拉杆,TA2AL9,拉杆 Q390D 螺母 6级,,1916T4003,M12,,NA,QNC,件,1,Kg,尺寸项为ФM
CSB00790,拉杆,TA2AL10,拉杆 Q390D 螺母 6级,,1916T4003,M12,,NA,QNC,件,1,Kg,尺寸项为ФM
CSB00791,拉杆,TA2AL11,拉杆 Q390D 螺母 6级,,1916T4003,M12,,NA,QNC,件,1,Kg,尺寸项为ФM
CSB00792,拉杆,TA2BL1,拉杆 Q390D 螺母 6级,,1916T4003,M12,,NA,QNC,件,1,Kg,尺寸项为ФM
CSB00793,拉杆,TA2BL2,拉杆 Q390D 螺母 6级,,1916T4003,M12,,NA,QNC,件,1,Kg,尺寸项为ФM
CSB00794,拉杆,TA2BL3,拉杆 Q390D 螺母 6级,,1916T4003,M12,,NA,QNC,件,1,Kg,尺寸项为ФM
CSB00795,拉杆,TA2BL4,拉杆 Q390D 螺母 6级,,1916T4003,M12,,NA,QNC,件,1,Kg,尺寸项为ФM
CSB00796,拉杆,TA2BL5,拉杆 Q390D 螺母 6级,,1916T4003,M12,,NA,QNC,件,1,Kg,尺寸项为ФM
CSB00797,拉杆,TA2BL6,拉杆 Q390D 螺母 6级,,1916T4003,M12,,NA,QNC,件,1,Kg,尺寸项为ФM
CSB00798,拉杆,TA2BL7,拉杆 Q390D 螺母 6级,,1916T4003,M12,,NA,QNC,件,1,Kg,尺寸项为ФM
CSB00799,拉杆,TA2BL8,拉杆 Q390D 螺母 6级,,1916T4003,M12,,NA,QNC,件,1,Kg,尺寸项为ФM
CSB00800,拉杆,TA2BL9,拉杆 Q390D 螺母 6级,,1916T4003,M12,,NA,QNC,件,1,Kg,尺寸项为ФM
CSB00801,拉杆,TA2BL10,拉杆 Q390D 螺母 6级,,1916T4003,M12,,NA,QNC,件,1,Kg,尺寸项为ФM
CSB00802,拉杆,TA2BL11,拉杆 Q390D 螺母 6级,,1916T4003,M12,,NA,QNC,件,1,Kg,尺寸项为ФM
CSB00803,拉杆,TA3AL1,拉杆 Q390D 螺母 6级,,1916T4003,M16,,NA,QNC,件,2,Kg,尺寸项为ФM
CSB00804,拉杆,TA3AL2,拉杆 Q390D 螺母 6级,,1916T4003,M16,,NA,QNC,件,2,Kg,尺寸项为ФM
CSB00805,拉杆,TA3AL3,拉杆 Q390D 螺母 6级,,1916T4003,M16,,NA,QNC,件,2,Kg,尺寸项为ФM
CSB00806,拉杆,TA3AL4,拉杆 Q390D 螺母 6级,,1916T4003,M16,,NA,QNC,件,2,Kg,尺寸项为ФM
CSB00807,拉杆,TA3AL5,拉杆 Q390D 螺母 6级,,1916T4003,M16,,NA,QNC,件,2,Kg,尺寸项为ФM
CSB00808,拉杆,TA3AL6,拉杆 Q390D 螺母 6级,,1916T4003,M16,,NA,QNC,件,2,Kg,尺寸项为ФM
CSB00809,拉杆,TA3AL7,拉杆 Q390D 螺母 6级,,1916T4003,M16,,NA,QNC,件,2,Kg,尺寸项为ФM
CSB00810,拉杆,TA3AL8,拉杆 Q390D 螺母 6级,,1916T4003,M16,,NA,QNC,件,2,Kg,尺寸项为ФM
CSB00811,拉杆,TA3AL9,拉杆 Q390D 螺母 6级,,1916T4003,M16,,NA,QNC,件,2,Kg,尺寸项为ФM
CSB00812,拉杆,TA3AL10,拉杆 Q390D 螺母 6级,,1916T4003,M16,,NA,QNC,件,2,Kg,尺寸项为ФM
CSB00813,拉杆,TA3AL11,拉杆 Q390D 螺母 6级,,1916T4003,M16,,NA,QNC,件,2,Kg,尺寸项为ФM
CSB00814,拉杆,TA3BL1,拉杆 Q390D 螺母 6级,,1916T4003,M16,,NA,QNC,件,2,Kg,尺寸项为ФM
CSB00815,拉杆,TA3BL2,拉杆 Q390D 螺母 6级,,1916T4003,M16,,NA,QNC,件,2,Kg,尺寸项为ФM
CSB00816,拉杆,TA3BL3,拉杆 Q390D 螺母 6级,,1916T4003,M16,,NA,QNC,件,2,Kg,尺寸项为ФM
CSB00817,拉杆,TA3BL4,拉杆 Q390D 螺母 6级,,1916T4003,M16,,NA,QNC,件,2,Kg,尺寸项为ФM
CSB00818,拉杆,TA3BL5,拉杆 Q390D 螺母 6级,,1916T4003,M16,,NA,QNC,件,2,Kg,尺寸项为ФM
CSB00819,拉杆,TA3BL6,拉杆 Q390D 螺母 6级,,1916T4003,M16,,NA,QNC,件,2,Kg,尺寸项为ФM
CSB00820,拉杆,TA3BL7,拉杆 Q390D 螺母 6级,,1916T4003,M16,,NA,QNC,件,2,Kg,尺寸项为ФM
CSB00821,拉杆,TA3BL8,拉杆 Q390D 螺母 6级,,1916T4003,M16,,NA,QNC,件,2,Kg,尺寸项为ФM
CSB00822,拉杆,TA3BL9,拉杆 Q390D 螺母 6级,,1916T4003,M16,,NA,QNC,件,2,Kg,尺寸项为ФM
CSB00823,拉杆,TA3BL10,拉杆 Q390D 螺母 6级,,1916T4003,M16,,NA,QNC,件,2,Kg,尺寸项为ФM
CSB00824,拉杆,TA3BL11,拉杆 Q390D 螺母 6级,,1916T4003,M16,,NA,QNC,件,2,Kg,尺寸项为ФM
CSB00825,拉杆,TA4AL1,拉杆 Q390D 螺母 6级,,1916T4003,M20,,NA,QNC,件,3,Kg,尺寸项为ФM
CSB00826,拉杆,TA4AL2,拉杆 Q390D 螺母 6级,,1916T4003,M20,,NA,QNC,件,3,Kg,尺寸项为ФM
CSB00827,拉杆,TA4AL3,拉杆 Q390D 螺母 6级,,1916T4003,M20,,NA,QNC,件,3,Kg,尺寸项为ФM
CSB00828,拉杆,TA4AL4,拉杆 Q390D 螺母 6级,,1916T4003,M20,,NA,QNC,件,3,Kg,尺寸项为ФM
CSB00829,拉杆,TA4AL5,拉杆 Q390D 螺母 6级,,1916T4003,M20,,NA,QNC,件,3,Kg,尺寸项为ФM
CSB00830,拉杆,TA4AL6,拉杆 Q390D 螺母 6级,,1916T4003,M20,,NA,QNC,件,3,Kg,尺寸项为ФM
CSB00831,拉杆,TA4AL7,拉杆 Q390D 螺母 6级,,1916T4003,M20,,NA,QNC,件,3,Kg,尺寸项为ФM
CSB00832,拉杆,TA4AL8,拉杆 Q390D 螺母 6级,,1916T4003,M20,,NA,QNC,件,3,Kg,尺寸项为ФM
CSB00833,拉杆,TA4AL9,拉杆 Q390D 螺母 6级,,1916T4003,M20,,NA,QNC,件,3,Kg,尺寸项为ФM
CSB00834,拉杆,TA4AL10,拉杆 Q390D 螺母 6级,,1916T4003,M20,,NA,QNC,件,3,Kg,尺寸项为ФM
CSB00835,拉杆,TA4AL11,拉杆 Q390D 螺母 6级,,1916T4003,M20,,NA,QNC,件,3,Kg,尺寸项为ФM
CSB00836,拉杆,TA4BL1,拉杆 Q390D 螺母 6级,,1916T4003,M20,,NA,QNC,件,3,Kg,尺寸项为ФM
CSB00837,拉杆,TA4BL2,拉杆 Q390D 螺母 6级,,1916T4003,M20,,NA,QNC,件,3,Kg,尺寸项为ФM
CSB00838,拉杆,TA4BL3,拉杆 Q390D 螺母 6级,,1916T4003,M20,,NA,QNC,件,3,Kg,尺寸项为ФM
CSB00839,拉杆,TA4BL4,拉杆 Q390D 螺母 6级,,1916T4003,M20,,NA,QNC,件,3,Kg,尺寸项为ФM
CSB00840,拉杆,TA4BL5,拉杆 Q390D 螺母 6级,,1916T4003,M20,,NA,QNC,件,3,Kg,尺寸项为ФM
CSB00841,拉杆,TA4BL6,拉杆 Q390D 螺母 6级,,1916T4003,M20,,NA,QNC,件,3,Kg,尺寸项为ФM
CSB00842,拉杆,TA4BL7,拉杆 Q390D 螺母 6级,,1916T4003,M20,,NA,QNC,件,3,Kg,尺寸项为ФM
CSB00843,拉杆,TA4BL8,拉杆 Q390D 螺母 6级,,1916T4003,M20,,NA,QNC,件,3,Kg,尺寸项为ФM
CSB00844,拉杆,TA4BL9,拉杆 Q390D 螺母 6级,,1916T4003,M20,,NA,QNC,件,3,Kg,尺寸项为ФM
CSB00845,拉杆,TA4BL10,拉杆 Q390D 螺母 6级,,1916T4003,M20,,NA,QNC,件,3,Kg,尺寸项为ФM
CSB00846,拉杆,TA4BL11,拉杆 Q390D 螺母 6级,,1916T4003,M20,,NA,QNC,件,3,Kg,尺寸项为ФM
CSB00847,拉杆,TA5AL1,拉杆 Q390D 螺母 6级,,1916T4003,M24,,NA,QNC,件,3.5,Kg,尺寸项为ФM
CSB00848,拉杆,TA5AL2,拉杆 Q390D 螺母 6级,,1916T4003,M24,,NA,QNC,件,3.5,Kg,尺寸项为ФM
CSB00849,拉杆,TA5AL3,拉杆 Q390D 螺母 6级,,1916T4003,M24,,NA,QNC,件,3.5,Kg,尺寸项为ФM
CSB00850,拉杆,TA5AL4,拉杆 Q390D 螺母 6级,,1916T4003,M24,,NA,QNC,件,3.5,Kg,尺寸项为ФM
CSB00851,拉杆,TA5AL5,拉杆 Q390D 螺母 6级,,1916T4003,M24,,NA,QNC,件,3.5,Kg,尺寸项为ФM
CSB00852,拉杆,TA5AL6,拉杆 Q390D 螺母 6级,,1916T4003,M24,,NA,QNC,件,3.5,Kg,尺寸项为ФM
CSB00853,拉杆,TA5AL7,拉杆 Q390D 螺母 6级,,1916T4003,M24,,NA,QNC,件,3.5,Kg,尺寸项为ФM
CSB00854,拉杆,TA5AL8,拉杆 Q390D 螺母 6级,,1916T4003,M24,,NA,QNC,件,3.5,Kg,尺寸项为ФM
CSB00855,拉杆,TA5AL9,拉杆 Q390D 螺母 6级,,1916T4003,M24,,NA,QNC,件,3.5,Kg,尺寸项为ФM
CSB00856,拉杆,TA5AL10,拉杆 Q390D 螺母 6级,,1916T4003,M24,,NA,QNC,件,3.5,Kg,尺寸项为ФM
CSB00857,拉杆,TA5AL11,拉杆 Q390D 螺母 6级,,1916T4003,M24,,NA,QNC,件,3.5,Kg,尺寸项为ФM
CSB00858,拉杆,TA5BL1,拉杆 Q390D 螺母 6级,,1916T4003,M24,,NA,QNC,件,3.5,Kg,尺寸项为ФM
CSB00859,拉杆,TA5BL2,拉杆 Q390D 螺母 6级,,1916T4003,M24,,NA,QNC,件,3.5,Kg,尺寸项为ФM
CSB00860,拉杆,TA5BL3,拉杆 Q390D 螺母 6级,,1916T4003,M24,,NA,QNC,件,3.5,Kg,尺寸项为ФM
CSB00861,拉杆,TA5BL4,拉杆 Q390D 螺母 6级,,1916T4003,M24,,NA,QNC,件,3.5,Kg,尺寸项为ФM
CSB00862,拉杆,TA5BL5,拉杆 Q390D 螺母 6级,,1916T4003,M24,,NA,QNC,件,3.5,Kg,尺寸项为ФM
CSB00863,拉杆,TA5BL6,拉杆 Q390D 螺母 6级,,1916T4003,M24,,NA,QNC,件,3.5,Kg,尺寸项为ФM
CSB00864,拉杆,TA5BL7,拉杆 Q390D 螺母 6级,,1916T4003,M24,,NA,QNC,件,3.5,Kg,尺寸项为ФM
CSB00865,拉杆,TA5BL8,拉杆 Q390D 螺母 6级,,1916T4003,M24,,NA,QNC,件,3.5,Kg,尺寸项为ФM
CSB00866,拉杆,TA5BL9,拉杆 Q390D 螺母 6级,,1916T4003,M24,,NA,QNC,件,3.5,Kg,尺寸项为ФM
CSB00867,拉杆,TA5BL10,拉杆 Q390D 螺母 6级,,1916T4003,M24,,NA,QNC,件,3.5,Kg,尺寸项为ФM
CSB00868,拉杆,TA5BL11,拉杆 Q390D 螺母 6级,,1916T4003,M24,,NA,QNC,件,3.5,Kg,尺寸项为ФM
CSB00869,拉杆,TA6AL1,拉杆 Q390D 螺母 6级,,1916T4003,M30,,NA,QNC,件,5.5,Kg,尺寸项为ФM
CSB00870,拉杆,TA6AL2,拉杆 Q390D 螺母 6级,,1916T4003,M30,,NA,QNC,件,5.5,Kg,尺寸项为ФM
CSB00871,拉杆,TA6AL3,拉杆 Q390D 螺母 6级,,1916T4003,M30,,NA,QNC,件,5.5,Kg,尺寸项为ФM
CSB00872,拉杆,TA6AL4,拉杆 Q390D 螺母 6级,,1916T4003,M30,,NA,QNC,件,5.5,Kg,尺寸项为ФM
CSB00873,拉杆,TA6AL5,拉杆 Q390D 螺母 6级,,1916T4003,M30,,NA,QNC,件,5.5,Kg,尺寸项为ФM
CSB00874,拉杆,TA6AL6,拉杆 Q390D 螺母 6级,,1916T4003,M30,,NA,QNC,件,5.5,Kg,尺寸项为ФM
CSB00875,拉杆,TA6AL7,拉杆 Q390D 螺母 6级,,1916T4003,M30,,NA,QNC,件,5.5,Kg,尺寸项为ФM
CSB00876,拉杆,TA6AL8,拉杆 Q390D 螺母 6级,,1916T4003,M30,,NA,QNC,件,5.5,Kg,尺寸项为ФM
CSB00877,拉杆,TA6AL9,拉杆 Q390D 螺母 6级,,1916T4003,M30,,NA,QNC,件,5.5,Kg,尺寸项为ФM
CSB00878,拉杆,TA6AL10,拉杆 Q390D 螺母 6级,,1916T4003,M30,,NA,QNC,件,5.5,Kg,尺寸项为ФM
CSB00879,拉杆,TA6AL11,拉杆 Q390D 螺母 6级,,1916T4003,M30,,NA,QNC,件,5.5,Kg,尺寸项为ФM
CSB00880,拉杆,TA6BL1,拉杆 Q390D 螺母 6级,,1916T4003,M30,,NA,QNC,件,5.5,Kg,尺寸项为ФM
CSB00881,拉杆,TA6BL2,拉杆 Q390D 螺母 6级,,1916T4003,M30,,NA,QNC,件,5.5,Kg,尺寸项为ФM
CSB00882,拉杆,TA6BL3,拉杆 Q390D 螺母 6级,,1916T4003,M30,,NA,QNC,件,5.5,Kg,尺寸项为ФM
CSB00883,拉杆,TA6BL4,拉杆 Q390D 螺母 6级,,1916T4003,M30,,NA,QNC,件,5.5,Kg,尺寸项为ФM
CSB00884,拉杆,TA6BL5,拉杆 Q390D 螺母 6级,,1916T4003,M30,,NA,QNC,件,5.5,Kg,尺寸项为ФM
CSB00885,拉杆,TA6BL6,拉杆 Q390D 螺母 6级,,1916T4003,M30,,NA,QNC,件,5.5,Kg,尺寸项为ФM
CSB00886,拉杆,TA6BL7,拉杆 Q390D 螺母 6级,,1916T4003,M30,,NA,QNC,件,5.5,Kg,尺寸项为ФM
CSB00887,拉杆,TA6BL8,拉杆 Q390D 螺母 6级,,1916T4003,M30,,NA,QNC,件,5.5,Kg,尺寸项为ФM
CSB00888,拉杆,TA6BL9,拉杆 Q390D 螺母 6级,,1916T4003,M30,,NA,QNC,件,5.5,Kg,尺寸项为ФM
CSB00889,拉杆,TA6BL10,拉杆 Q390D 螺母 6级,,1916T4003,M30,,NA,QNC,件,5.5,Kg,尺寸项为ФM
CSB00890,拉杆,TA6BL11,拉杆 Q390D 螺母 6级,,1916T4003,M30,,NA,QNC,件,5.5,Kg,尺寸项为ФM
CSB00891,拉杆,TA7AL1,拉杆 Q390D 螺母 6级,,1916T4003,M36,,NA,QNC,件,8,Kg,尺寸项为ФM
CSB00892,拉杆,TA7AL2,拉杆 Q390D 螺母 6级,,1916T4003,M36,,NA,QNC,件,8,Kg,尺寸项为ФM
CSB00893,拉杆,TA7AL3,拉杆 Q390D 螺母 6级,,1916T4003,M36,,NA,QNC,件,8,Kg,尺寸项为ФM
CSB00894,拉杆,TA7AL4,拉杆 Q390D 螺母 6级,,1916T4003,M36,,NA,QNC,件,8,Kg,尺寸项为ФM
CSB00895,拉杆,TA7AL5,拉杆 Q390D 螺母 6级,,1916T4003,M36,,NA,QNC,件,8,Kg,尺寸项为ФM
CSB00896,拉杆,TA7AL6,拉杆 Q390D 螺母 6级,,1916T4003,M36,,NA,QNC,件,8,Kg,尺寸项为ФM
CSB00897,拉杆,TA7AL7,拉杆 Q390D 螺母 6级,,1916T4003,M36,,NA,QNC,件,8,Kg,尺寸项为ФM
CSB00898,拉杆,TA7AL8,拉杆 Q390D 螺母 6级,,1916T4003,M36,,NA,QNC,件,8,Kg,尺寸项为ФM
CSB00899,拉杆,TA7AL9,拉杆 Q390D 螺母 6级,,1916T4003,M36,,NA,QNC,件,8,Kg,尺寸项为ФM
CSB00900,拉杆,TA7AL10,拉杆 Q390D 螺母 6级,,1916T4003,M36,,NA,QNC,件,8,Kg,尺寸项为ФM
CSB00901,拉杆,TA7AL11,拉杆 Q390D 螺母 6级,,1916T4003,M36,,NA,QNC,件,8,Kg,尺寸项为ФM
CSB00902,拉杆,TA7BL1,拉杆 Q390D 螺母 6级,,1916T4003,M36,,NA,QNC,件,8,Kg,尺寸项为ФM
CSB00903,拉杆,TA7BL2,拉杆 Q390D 螺母 6级,,1916T4003,M36,,NA,QNC,件,8,Kg,尺寸项为ФM
CSB00904,拉杆,TA7BL3,拉杆 Q390D 螺母 6级,,1916T4003,M36,,NA,QNC,件,8,Kg,尺寸项为ФM
CSB00905,拉杆,TA7BL4,拉杆 Q390D 螺母 6级,,1916T4003,M36,,NA,QNC,件,8,Kg,尺寸项为ФM
CSB00906,拉杆,TA7BL5,拉杆 Q390D 螺母 6级,,1916T4003,M36,,NA,QNC,件,8,Kg,尺寸项为ФM
CSB00907,拉杆,TA7BL6,拉杆 Q390D 螺母 6级,,1916T4003,M36,,NA,QNC,件,8,Kg,尺寸项为ФM
CSB00908,拉杆,TA7BL7,拉杆 Q390D 螺母 6级,,1916T4003,M36,,NA,QNC,件,8,Kg,尺寸项为ФM
CSB00909,拉杆,TA7BL8,拉杆 Q390D 螺母 6级,,1916T4003,M36,,NA,QNC,件,8,Kg,尺寸项为ФM
CSB00910,拉杆,TA7BL9,拉杆 Q390D 螺母 6级,,1916T4003,M36,,NA,QNC,件,8,Kg,尺寸项为ФM
CSB00911,拉杆,TA7BL10,拉杆 Q390D 螺母 6级,,1916T4003,M36,,NA,QNC,件,8,Kg,尺寸项为ФM
CSB00912,拉杆,TA7BL11,拉杆 Q390D 螺母 6级,,1916T4003,M36,,NA,QNC,件,8,Kg,尺寸项为ФM
CSB00913,拉杆,TA8AL1,拉杆 Q390D 螺母 6级,,1916T4003,M42,,NA,QNC,件,11,Kg,尺寸项为ФM
CSB00914,拉杆,TA8AL2,拉杆 Q390D 螺母 6级,,1916T4003,M42,,NA,QNC,件,11,Kg,尺寸项为ФM
CSB00915,拉杆,TA8AL3,拉杆 Q390D 螺母 6级,,1916T4003,M42,,NA,QNC,件,11,Kg,尺寸项为ФM
CSB00916,拉杆,TA8AL4,拉杆 Q390D 螺母 6级,,1916T4003,M42,,NA,QNC,件,11,Kg,尺寸项为ФM
CSB00917,拉杆,TA8AL5,拉杆 Q390D 螺母 6级,,1916T4003,M42,,NA,QNC,件,11,Kg,尺寸项为ФM
CSB00918,拉杆,TA8AL6,拉杆 Q390D 螺母 6级,,1916T4003,M42,,NA,QNC,件,11,Kg,尺寸项为ФM
CSB00919,拉杆,TA8AL7,拉杆 Q390D 螺母 6级,,1916T4003,M42,,NA,QNC,件,11,Kg,尺寸项为ФM
CSB00920,拉杆,TA8AL8,拉杆 Q390D 螺母 6级,,1916T4003,M42,,NA,QNC,件,11,Kg,尺寸项为ФM
CSB00921,拉杆,TA8AL9,拉杆 Q390D 螺母 6级,,1916T4003,M42,,NA,QNC,件,11,Kg,尺寸项为ФM
CSB00922,拉杆,TA8AL10,拉杆 Q390D 螺母 6级,,1916T4003,M42,,NA,QNC,件,11,Kg,尺寸项为ФM
CSB00923,拉杆,TA8AL11,拉杆 Q390D 螺母 6级,,1916T4003,M42,,NA,QNC,件,11,Kg,尺寸项为ФM
CSB00924,拉杆,TA8BL1,拉杆 Q390D 螺母 6级,,1916T4003,M42,,NA,QNC,件,11,Kg,尺寸项为ФM
CSB00925,拉杆,TA8BL2,拉杆 Q390D 螺母 6级,,1916T4003,M42,,NA,QNC,件,11,Kg,尺寸项为ФM
CSB00926,拉杆,TA8BL3,拉杆 Q390D 螺母 6级,,1916T4003,M42,,NA,QNC,件,11,Kg,尺寸项为ФM
CSB00927,拉杆,TA8BL4,拉杆 Q390D 螺母 6级,,1916T4003,M42,,NA,QNC,件,11,Kg,尺寸项为ФM
CSB00928,拉杆,TA8BL5,拉杆 Q390D 螺母 6级,,1916T4003,M42,,NA,QNC,件,11,Kg,尺寸项为ФM
CSB00929,拉杆,TA8BL6,拉杆 Q390D 螺母 6级,,1916T4003,M42,,NA,QNC,件,11,Kg,尺寸项为ФM
CSB00930,拉杆,TA8BL7,拉杆 Q390D 螺母 6级,,1916T4003,M42,,NA,QNC,件,11,Kg,尺寸项为ФM
CSB00931,拉杆,TA8BL8,拉杆 Q390D 螺母 6级,,1916T4003,M42,,NA,QNC,件,11,Kg,尺寸项为ФM
CSB00932,拉杆,TA8BL9,拉杆 Q390D 螺母 6级,,1916T4003,M42,,NA,QNC,件,11,Kg,尺寸项为ФM
CSB00933,拉杆,TA8BL10,拉杆 Q390D 螺母 6级,,1916T4003,M42,,NA,QNC,件,11,Kg,尺寸项为ФM
CSB00934,拉杆,TA8BL11,拉杆 Q390D 螺母 6级,,1916T4003,M42,,NA,QNC,件,11,Kg,尺寸项为ФM
CSB00935,拉杆,TA9AL1,拉杆 Q390D 螺母 6级,,1916T4003,M52,,NA,QNC,件,17,Kg,尺寸项为ФM
CSB00936,拉杆,TA9AL2,拉杆 Q390D 螺母 6级,,1916T4003,M52,,NA,QNC,件,17,Kg,尺寸项为ФM
CSB00937,拉杆,TA9AL3,拉杆 Q390D 螺母 6级,,1916T4003,M52,,NA,QNC,件,17,Kg,尺寸项为ФM
CSB00938,拉杆,TA9AL4,拉杆 Q390D 螺母 6级,,1916T4003,M52,,NA,QNC,件,17,Kg,尺寸项为ФM
CSB00939,拉杆,TA9AL5,拉杆 Q390D 螺母 6级,,1916T4003,M52,,NA,QNC,件,17,Kg,尺寸项为ФM
CSB00940,拉杆,TA9AL6,拉杆 Q390D 螺母 6级,,1916T4003,M52,,NA,QNC,件,17,Kg,尺寸项为ФM
CSB00941,拉杆,TA9AL7,拉杆 Q390D 螺母 6级,,1916T4003,M52,,NA,QNC,件,17,Kg,尺寸项为ФM
CSB00942,拉杆,TA9AL8,拉杆 Q390D 螺母 6级,,1916T4003,M52,,NA,QNC,件,17,Kg,尺寸项为ФM
CSB00943,拉杆,TA9AL9,拉杆 Q390D 螺母 6级,,1916T4003,M52,,NA,QNC,件,17,Kg,尺寸项为ФM
CSB00944,拉杆,TA9AL10,拉杆 Q390D 螺母 6级,,1916T4003,M52,,NA,QNC,件,17,Kg,尺寸项为ФM
CSB00945,拉杆,TA9AL11,拉杆 Q390D 螺母 6级,,1916T4003,M52,,NA,QNC,件,17,Kg,尺寸项为ФM
CSB00946,拉杆,TA9BL1,拉杆 Q390D 螺母 6级,,1916T4003,M52,,NA,QNC,件,17,Kg,尺寸项为ФM
CSB00947,拉杆,TA9BL2,拉杆 Q390D 螺母 6级,,1916T4003,M52,,NA,QNC,件,17,Kg,尺寸项为ФM
CSB00948,拉杆,TA9BL3,拉杆 Q390D 螺母 6级,,1916T4003,M52,,NA,QNC,件,17,Kg,尺寸项为ФM
CSB00949,拉杆,TA9BL4,拉杆 Q390D 螺母 6级,,1916T4003,M52,,NA,QNC,件,17,Kg,尺寸项为ФM
CSB00950,拉杆,TA9BL5,拉杆 Q390D 螺母 6级,,1916T4003,M52,,NA,QNC,件,17,Kg,尺寸项为ФM
CSB00951,拉杆,TA9BL6,拉杆 Q390D 螺母 6级,,1916T4003,M52,,NA,QNC,件,17,Kg,尺寸项为ФM
CSB00952,拉杆,TA9BL7,拉杆 Q390D 螺母 6级,,1916T4003,M52,,NA,QNC,件,17,Kg,尺寸项为ФM
CSB00953,拉杆,TA9BL8,拉杆 Q390D 螺母 6级,,1916T4003,M52,,NA,QNC,件,17,Kg,尺寸项为ФM
CSB00954,拉杆,TA9BL9,拉杆 Q390D 螺母 6级,,1916T4003,M52,,NA,QNC,件,17,Kg,尺寸项为ФM
CSB00955,拉杆,TA9BL10,拉杆 Q390D 螺母 6级,,1916T4003,M52,,NA,QNC,件,17,Kg,尺寸项为ФM
CSB00956,拉杆,TA9BL11,拉杆 Q390D 螺母 6级,,1916T4003,M52,,NA,QNC,件,17,Kg,尺寸项为ФM
CSB00957,拉杆,TA10AL1,拉杆 Q390D 螺母 6级,,1916T4003,M60,,NA,QNC,件,22.5,Kg,尺寸项为ФM
CSB00958,拉杆,TA10AL2,拉杆 Q390D 螺母 6级,,1916T4003,M60,,NA,QNC,件,22.5,Kg,尺寸项为ФM
CSB00959,拉杆,TA10AL3,拉杆 Q390D 螺母 6级,,1916T4003,M60,,NA,QNC,件,22.5,Kg,尺寸项为ФM
CSB00960,拉杆,TA10AL4,拉杆 Q390D 螺母 6级,,1916T4003,M60,,NA,QNC,件,22.5,Kg,尺寸项为ФM
CSB00961,拉杆,TA10AL5,拉杆 Q390D 螺母 6级,,1916T4003,M60,,NA,QNC,件,22.5,Kg,尺寸项为ФM
CSB00962,拉杆,TA10AL6,拉杆 Q390D 螺母 6级,,1916T4003,M60,,NA,QNC,件,22.5,Kg,尺寸项为ФM
CSB00963,拉杆,TA10AL7,拉杆 Q390D 螺母 6级,,1916T4003,M60,,NA,QNC,件,22.5,Kg,尺寸项为ФM
CSB00964,拉杆,TA10AL8,拉杆 Q390D 螺母 6级,,1916T4003,M60,,NA,QNC,件,22.5,Kg,尺寸项为ФM
CSB00965,拉杆,TA10AL9,拉杆 Q390D 螺母 6级,,1916T4003,M60,,NA,QNC,件,22.5,Kg,尺寸项为ФM
CSB00966,拉杆,TA10AL10,拉杆 Q390D 螺母 6级,,1916T4003,M60,,NA,QNC,件,22.5,Kg,尺寸项为ФM
CSB00967,拉杆,TA10AL11,拉杆 Q390D 螺母 6级,,1916T4003,M60,,NA,QNC,件,22.5,Kg,尺寸项为ФM
CSB00968,拉杆,TA10BL1,拉杆 Q390D 螺母 6级,,1916T4003,M60,,NA,QNC,件,22.5,Kg,尺寸项为ФM
CSB00969,拉杆,TA10BL2,拉杆 Q390D 螺母 6级,,1916T4003,M60,,NA,QNC,件,22.5,Kg,尺寸项为ФM
CSB00970,拉杆,TA10BL3,拉杆 Q390D 螺母 6级,,1916T4003,M60,,NA,QNC,件,22.5,Kg,尺寸项为ФM
CSB00971,拉杆,TA10BL4,拉杆 Q390D 螺母 6级,,1916T4003,M60,,NA,QNC,件,22.5,Kg,尺寸项为ФM
CSB00972,拉杆,TA10BL5,拉杆 Q390D 螺母 6级,,1916T4003,M60,,NA,QNC,件,22.5,Kg,尺寸项为ФM
CSB00973,拉杆,TA10BL6,拉杆 Q390D 螺母 6级,,1916T4003,M60,,NA,QNC,件,22.5,Kg,尺寸项为ФM
CSB00974,拉杆,TA10BL7,拉杆 Q390D 螺母 6级,,1916T4003,M60,,NA,QNC,件,22.5,Kg,尺寸项为ФM
CSB00975,拉杆,TA10BL8,拉杆 Q390D 螺母 6级,,1916T4003,M60,,NA,QNC,件,22.5,Kg,尺寸项为ФM
CSB00976,拉杆,TA10BL9,拉杆 Q390D 螺母 6级,,1916T4003,M60,,NA,QNC,件,22.5,Kg,尺寸项为ФM
CSB00977,拉杆,TA10BL10,拉杆 Q390D 螺母 6级,,1916T4003,M60,,NA,QNC,件,22.5,Kg,尺寸项为ФM
CSB00978,拉杆,TA10BL11,拉杆 Q390D 螺母 6级,,1916T4003,M60,,NA,QNC,件,22.5,Kg,尺寸项为ФM
CSB00979,不锈钢衬套,BG73,06Cr19Ni10,,1916T4003,73,,S1,QA3,件,0.1,Kg,尺寸项为管径Ф
CSB00980,不锈钢衬套,BG89,06Cr19Ni10,,1916T4003,88.9,,S1,QA3,件,0.2,Kg,尺寸项为管径Ф
CSB00981,不锈钢衬套,BG114,06Cr19Ni10,,1916T4003,114.3,,S1,QA3,件,0.2,Kg,尺寸项为管径Ф
CSB00982,不锈钢衬套,BG168,06Cr19Ni10,,1916T4003,168.3,,S1,QA3,件,0.3,Kg,尺寸项为管径Ф
CSB00983,不锈钢衬套,BG219,06Cr19Ni10,,1916T4003,219.1,,S1,QA3,件,0.5,Kg,尺寸项为管径Ф
CSB00984,不锈钢衬套,BG273,06Cr19Ni10,,1916T4003,273,,S1,QA3,件,0.6,Kg,尺寸项为管径Ф
CSB00985,不锈钢衬套,BG324,06Cr19Ni10,,1916T4003,323.9,,S1,QA3,件,1,Kg,尺寸项为管径Ф
CSB00986,不锈钢衬套,BG356,06Cr19Ni10,,1916T4003,355.6,,S1,QA3,件,1,Kg,尺寸项为管径Ф
CSB00987,不锈钢衬套,BG406,06Cr19Ni10,,1916T4003,406.4,,S1,QA3,件,1,Kg,尺寸项为管径Ф
CSB00988,不锈钢衬套,BG457,06Cr19Ni10,,1916T4003,457.2,,S1,QA3,件,1.25,Kg,尺寸项为管径Ф
CSB00989,不锈钢衬套,BG508,06Cr19Ni10,,1916T4003,508,,S1,QA3,件,1.5,Kg,尺寸项为管径Ф
CSB00990,不锈钢衬套,BG610,06Cr19Ni10,,1916T4003,610,,S1,QA3,件,1.8,Kg,尺寸项为管径Ф
CSB00991,不锈钢衬套,BG711,06Cr19Ni10,,1916T4003,711.2,,S1,QA3,件,2.2,Kg,尺寸项为管径Ф
CSB00992,不锈钢衬套,BG813,06Cr19Ni10,,1916T4003,812.8,,S1,QA3,件,3,Kg,尺寸项为管径Ф
CSB00993,不锈钢衬套,BG73,06Cr19Ni10,,1916T4003,73,,S2,QA3,件,0.1,Kg,尺寸项为管径Ф
CSB00994,不锈钢衬套,BG89,06Cr19Ni10,,1916T4003,88.9,,S2,QA3,件,0.2,Kg,尺寸项为管径Ф
CSB00995,不锈钢衬套,BG114,06Cr19Ni10,,1916T4003,114.3,,S2,QA3,件,0.2,Kg,尺寸项为管径Ф
CSB00996,不锈钢衬套,BG168,06Cr19Ni10,,1916T4003,168.3,,S2,QA3,件,0.3,Kg,尺寸项为管径Ф
CSB00997,不锈钢衬套,BG219,06Cr19Ni10,,1916T4003,219.1,,S2,QA3,件,0.5,Kg,尺寸项为管径Ф
CSB00998,不锈钢衬套,BG273,06Cr19Ni10,,1916T4003,273,,S2,QA3,件,0.6,Kg,尺寸项为管径Ф
CSB00999,不锈钢衬套,BG324,06Cr19Ni10,,1916T4003,323.9,,S2,QA3,件,1,Kg,尺寸项为管径Ф
CSB01000,不锈钢衬套,BG356,06Cr19Ni10,,1916T4003,355.6,,S2,QA3,件,1,Kg,尺寸项为管径Ф
CSB01001,不锈钢衬套,BG406,06Cr19Ni10,,1916T4003,406.4,,S2,QA3,件,1,Kg,尺寸项为管径Ф
CSB01002,不锈钢衬套,BG457,06Cr19Ni10,,1916T4003,457.2,,S2,QA3,件,1.25,Kg,尺寸项为管径Ф
CSB01003,不锈钢衬套,BG508,06Cr19Ni10,,1916T4003,508,,S2,QA3,件,1.5,Kg,尺寸项为管径Ф
CSB01004,不锈钢衬套,BG610,06Cr19Ni10,,1916T4003,610,,S2,QA3,件,1.8,Kg,尺寸项为管径Ф
CSB01005,不锈钢衬套,BG711,06Cr19Ni10,,1916T4003,711.2,,S2,QA3,件,2.2,Kg,尺寸项为管径Ф
CSB01006,不锈钢衬套,BG813,06Cr19Ni10,,1916T4003,812.8,,S2,QA3,件,3,Kg,尺寸项为管径Ф
CSB01007,不锈钢衬套,BG73,06Cr19Ni10,,1916T4003,73,,NA,QNC,件,0.1,Kg,尺寸项为管径Ф
CSB01008,不锈钢衬套,BG89,06Cr19Ni10,,1916T4003,88.9,,NA,QNC,件,0.2,Kg,尺寸项为管径Ф
CSB01009,不锈钢衬套,BG114,06Cr19Ni10,,1916T4003,114.3,,NA,QNC,件,0.2,Kg,尺寸项为管径Ф
CSB01010,不锈钢衬套,BG168,06Cr19Ni10,,1916T4003,168.3,,NA,QNC,件,0.3,Kg,尺寸项为管径Ф
CSB01011,不锈钢衬套,BG219,06Cr19Ni10,,1916T4003,219.1,,NA,QNC,件,0.5,Kg,尺寸项为管径Ф
CSB01012,不锈钢衬套,BG273,06Cr19Ni10,,1916T4003,273,,NA,QNC,件,0.6,Kg,尺寸项为管径Ф
CSB01013,不锈钢衬套,BG324,06Cr19Ni10,,1916T4003,323.9,,NA,QNC,件,1,Kg,尺寸项为管径Ф
CSB01014,不锈钢衬套,BG356,06Cr19Ni10,,1916T4003,355.6,,NA,QNC,件,1,Kg,尺寸项为管径Ф
CSB01015,不锈钢衬套,BG406,06Cr19Ni10,,1916T4003,406.4,,NA,QNC,件,1,Kg,尺寸项为管径Ф
CSB01016,不锈钢衬套,BG457,06Cr19Ni10,,1916T4003,457.2,,NA,QNC,件,1.25,Kg,尺寸项为管径Ф
CSB01017,不锈钢衬套,BG508,06Cr19Ni10,,1916T4003,508,,NA,QNC,件,1.5,Kg,尺寸项为管径Ф
CSB01018,不锈钢衬套,BG610,06Cr19Ni10,,1916T4003,610,,NA,QNC,件,1.8,Kg,尺寸项为管径Ф
CSB01019,不锈钢衬套,BG711,06Cr19Ni10,,1916T4003,711.2,,NA,QNC,件,2.2,Kg,尺寸项为管径Ф
CSB01020,不锈钢衬套,BG813,06Cr19Ni10,,1916T4003,812.8,,NA,QNC,件,3,Kg,尺寸项为管径Ф
CSB01021,拉杆,TA2BL2,拉杆 Q390D 螺母 6级,,1916T4003,螺纹一端M12，一端M10,,S2,QA3,件,1,Kg,尺寸项为ФM
CSB01022,拉杆,TA2AL1,拉杆 Q390D 螺母 6级,,1916T4003,螺纹一端M12，一端M10,,S2,QA3,件,1,Kg,尺寸项为ФM
CSB01023,拉杆,TA2BL3,拉杆 Q390D 螺母 6级,,1916T4003,螺纹一端M12，一端M10,,S2,QA3,件,1,Kg,尺寸项为ФM
CSC00100,不锈钢双孔管夹,CA13,06Cr19Ni10,,1916T4003,1月4日,,S1,QA3,件,0.1,Kg,尺寸项为管径ФD(in)
CSC00101,不锈钢双孔管夹,CA21,06Cr19Ni10,,1916T4003,1月2日,,S1,QA3,件,0.2,Kg,尺寸项为管径ФD(in)
CSC00102,不锈钢双孔管夹,CA27,06Cr19Ni10,,1916T4003,3月4日,,S1,QA3,件,0.2,Kg,尺寸项为管径ФD(in)
CSC00103,不锈钢双孔管夹,CA33,06Cr19Ni10,,1916T4003,1,,S1,QA3,件,0.2,Kg,尺寸项为管径ФD(in)
CSC00104,不锈钢双孔管夹,CA48,06Cr19Ni10,,1916T4003,1 1/2,,S1,QA3,件,0.5,Kg,尺寸项为管径ФD(in)
CSC00105,不锈钢双孔管夹,CA60,06Cr19Ni10,,1916T4003,2,,S1,QA3,件,0.5,Kg,尺寸项为管径ФD(in)
CSC00106,不锈钢双孔管夹,CA13,06Cr19Ni10,,1916T4003,1月4日,,S2,QA3,件,0.1,Kg,尺寸项为管径ФD(in)
CSC00107,不锈钢双孔管夹,CA21,06Cr19Ni10,,1916T4003,1月2日,,S2,QA3,件,0.2,Kg,尺寸项为管径ФD(in)
CSC00108,不锈钢双孔管夹,CA27,06Cr19Ni10,,1916T4003,3月4日,,S2,QA3,件,0.2,Kg,尺寸项为管径ФD(in)
CSC00109,不锈钢双孔管夹,CA33,06Cr19Ni10,,1916T4003,1,,S2,QA3,件,0.2,Kg,尺寸项为管径ФD(in)
CSC00110,不锈钢双孔管夹,CA48,06Cr19Ni10,,1916T4003,1 1/2,,S2,QA3,件,0.5,Kg,尺寸项为管径ФD(in)
CSC00111,不锈钢双孔管夹,CA60,06Cr19Ni10,,1916T4003,2,,S2,QA3,件,0.5,Kg,尺寸项为管径ФD(in)
CSC00112,不锈钢双孔管夹,CA13,06Cr19Ni10,,1916T4003,1月4日,,NA,QNC,件,0.1,Kg,尺寸项为管径ФD(in)
CSC00113,不锈钢双孔管夹,CA21,06Cr19Ni10,,1916T4003,1月2日,,NA,QNC,件,0.2,Kg,尺寸项为管径ФD(in)
CSC00114,不锈钢双孔管夹,CA27,06Cr19Ni10,,1916T4003,3月4日,,NA,QNC,件,0.2,Kg,尺寸项为管径ФD(in)
CSC00115,不锈钢双孔管夹,CA33,06Cr19Ni10,,1916T4003,1,,NA,QNC,件,0.2,Kg,尺寸项为管径ФD(in)
CSC00116,不锈钢双孔管夹,CA48,06Cr19Ni10,,1916T4003,1 1/2,,NA,QNC,件,0.5,Kg,尺寸项为管径ФD(in)
CSC00117,不锈钢双孔管夹,CA60,06Cr19Ni10,,1916T4003,2,,NA,QNC,件,0.5,Kg,尺寸项为管径ФD(in)
CSC00118,重型双孔管夹,CB89,Q245R,,1916T4003,3,,S1,QA3,件,4.5,Kg,尺寸项为管径(in)
CSC00119,重型双孔管夹,CB114,Q245R,,1916T4003,4,,S1,QA3,件,6.5,Kg,尺寸项为管径(in)
CSC00120,重型双孔管夹,CB168,Q245R,,1916T4003,6,,S1,QA3,件,12,Kg,尺寸项为管径(in)
CSC00121,重型双孔管夹,CB219,Q245R ,,1916T4003,8,,S1,QA3,件,16.5,Kg,尺寸项为管径(in)
CSC00122,重型双孔管夹,CB273,Q245R,,1916T4003,10,,S1,QA3,件,25,Kg,尺寸项为管径(in)
CSC00123,重型双孔管夹,CB324,Q245R,,1916T4003,12,,S1,QA3,件,32,Kg,尺寸项为管径(in)
CSC00124,重型双孔管夹,CB356,Q245R,,1916T4003,14,,S1,QA3,件,46,Kg,尺寸项为管径(in)
CSC00125,重型双孔管夹,CB406,Q245R,,1916T4003,16,,S1,QA3,件,68,Kg,尺寸项为管径(in)
CSC00126,重型双孔管夹,CB457,Q245R,,1916T4003,18,,S1,QA3,件,95,Kg,尺寸项为管径(in)
CSC00127,重型双孔管夹,CB508,Q245R,,1916T4003,20,,S1,QA3,件,97,Kg,尺寸项为管径(in)
CSC00128,重型双孔管夹,CB610,Q245R,,1916T4003,24,,S1,QA3,件,156.5,Kg,尺寸项为管径(in)
CSC00129,重型双孔管夹,CB711,Q245R,,1916T4003,28,,S1,QA3,件,215,Kg,尺寸项为管径(in)
CSC00130,重型双孔管夹,CB813,Q245R,,1916T4003,32,,S1,QA3,件,312,Kg,尺寸项为管径(in)
CSC00131,重型双孔管夹,CB89,Q245R,,1916T4003,3,,S2,QA3,件,4.5,Kg,尺寸项为管径(in)
CSC00132,重型双孔管夹,CB114,Q245R,,1916T4003,4,,S2,QA3,件,6.5,Kg,尺寸项为管径(in)
CSC00133,重型双孔管夹,CB168,Q245R,,1916T4003,6,,S2,QA3,件,12,Kg,尺寸项为管径(in)
CSC00134,重型双孔管夹,CB219,Q245R ,,1916T4003,8,,S2,QA3,件,16.5,Kg,尺寸项为管径(in)
CSC00135,重型双孔管夹,CB273,Q245R,,1916T4003,10,,S2,QA3,件,25,Kg,尺寸项为管径(in)
CSC00136,重型双孔管夹,CB324,Q245R,,1916T4003,12,,S2,QA3,件,32,Kg,尺寸项为管径(in)
CSC00137,重型双孔管夹,CB356,Q245R,,1916T4003,14,,S2,QA3,件,46,Kg,尺寸项为管径(in)
CSC00138,重型双孔管夹,CB406,Q245R,,1916T4003,16,,S2,QA3,件,68,Kg,尺寸项为管径(in)
CSC00139,重型双孔管夹,CB457,Q245R,,1916T4003,18,,S2,QA3,件,95,Kg,尺寸项为管径(in)
CSC00140,重型双孔管夹,CB508,Q245R,,1916T4003,20,,S2,QA3,件,97,Kg,尺寸项为管径(in)
CSC00141,重型双孔管夹,CB610,Q245R,,1916T4003,24,,S2,QA3,件,156.5,Kg,尺寸项为管径(in)
CSC00142,重型双孔管夹,CB711,Q245R,,1916T4003,28,,S2,QA3,件,215,Kg,尺寸项为管径(in)
CSC00143,重型双孔管夹,CB813,Q245R,,1916T4003,32,,S2,QA3,件,312,Kg,尺寸项为管径(in)
CSC00144,重型双孔管夹,CB89,Q245R,,1916T4003,3,,NA,QNC,件,4.5,Kg,尺寸项为管径(in)
CSC00145,重型双孔管夹,CB114,Q245R,,1916T4003,4,,NA,QNC,件,6.5,Kg,尺寸项为管径(in)
CSC00146,重型双孔管夹,CB168,Q245R,,1916T4003,6,,NA,QNC,件,12,Kg,尺寸项为管径(in)
CSC00147,重型双孔管夹,CB219,Q245R ,,1916T4003,8,,NA,QNC,件,16.5,Kg,尺寸项为管径(in)
CSC00148,重型双孔管夹,CB273,Q245R,,1916T4003,10,,NA,QNC,件,25,Kg,尺寸项为管径(in)
CSC00149,重型双孔管夹,CB324,Q245R,,1916T4003,12,,NA,QNC,件,32,Kg,尺寸项为管径(in)
CSC00150,重型双孔管夹,CB356,Q245R,,1916T4003,14,,NA,QNC,件,46,Kg,尺寸项为管径(in)
CSC00151,重型双孔管夹,CB406,Q245R,,1916T4003,16,,NA,QNC,件,68,Kg,尺寸项为管径(in)
CSC00152,重型双孔管夹,CB457,Q245R,,1916T4003,18,,NA,QNC,件,95,Kg,尺寸项为管径(in)
CSC00153,重型双孔管夹,CB508,Q245R,,1916T4003,20,,NA,QNC,件,97,Kg,尺寸项为管径(in)
CSC00154,重型双孔管夹,CB610,Q245R,,1916T4003,24,,NA,QNC,件,156.5,Kg,尺寸项为管径(in)
CSC00155,重型双孔管夹,CB711,Q245R,,1916T4003,28,,NA,QNC,件,215,Kg,尺寸项为管径(in)
CSC00156,重型双孔管夹,CB813,Q245R,,1916T4003,32,,NA,QNC,件,312,Kg,尺寸项为管径(in)
CSC00157,轻型双孔管夹,CC73,Q245R,,1916T4003,2 1/2,,S1,QA3,件,0.5,Kg,尺寸项为管径(in)
CSC00158,轻型双孔管夹,CC89,Q245R,,1916T4003,3,,S1,QA3,件,2,Kg,尺寸项为管径(in)
CSC00159,轻型双孔管夹,CC114,Q245R,,1916T4003,4,,S1,QA3,件,3,Kg,尺寸项为管径(in)
CSC00160,轻型双孔管夹,CC168,Q245R ,,1916T4003,6,,S1,QA3,件,6,Kg,尺寸项为管径(in)
CSC00161,轻型双孔管夹,CC219,Q245R,,1916T4003,8,,S1,QA3,件,9,Kg,尺寸项为管径(in)
CSC00162,轻型双孔管夹,CC273,Q245R,,1916T4003,10,,S1,QA3,件,16,Kg,尺寸项为管径(in)
CSC00163,轻型双孔管夹,CC324,Q245R,,1916T4003,12,,S1,QA3,件,18,Kg,尺寸项为管径(in)
CSC00164,轻型双孔管夹,CC356,Q245R,,1916T4003,14,,S1,QA3,件,32,Kg,尺寸项为管径(in)
CSC00165,轻型双孔管夹,CC406,Q245R,,1916T4003,16,,S1,QA3,件,40,Kg,尺寸项为管径(in)
CSC00166,轻型双孔管夹,CC457,Q245R,,1916T4003,18,,S1,QA3,件,55,Kg,尺寸项为管径(in)
CSC00167,轻型双孔管夹,CC508,Q245R,,1916T4003,20,,S1,QA3,件,63,Kg,尺寸项为管径(in)
CSC00168,轻型双孔管夹,CC610,Q245R,,1916T4003,24,,S1,QA3,件,105,Kg,尺寸项为管径(in)
CSC00169,轻型双孔管夹,CC711,Q245R,,1916T4003,28,,S1,QA3,件,157,Kg,尺寸项为管径(in)
CSC00170,轻型双孔管夹,CC813,Q245R,,1916T4003,32,,S1,QA3,件,217.5,Kg,尺寸项为管径(in)
CSC00171,轻型双孔管夹,CC73,Q245R,,1916T4003,2 1/2,,S2,QA3,件,0.5,Kg,尺寸项为管径(in)
CSC00172,轻型双孔管夹,CC89,Q245R,,1916T4003,3,,S2,QA3,件,2,Kg,尺寸项为管径(in)
CSC00173,轻型双孔管夹,CC114,Q245R,,1916T4003,4,,S2,QA3,件,3,Kg,尺寸项为管径(in)
CSC00174,轻型双孔管夹,CC168,Q245R ,,1916T4003,6,,S2,QA3,件,6,Kg,尺寸项为管径(in)
CSC00175,轻型双孔管夹,CC219,Q245R,,1916T4003,8,,S2,QA3,件,9,Kg,尺寸项为管径(in)
CSC00176,轻型双孔管夹,CC273,Q245R,,1916T4003,10,,S2,QA3,件,16,Kg,尺寸项为管径(in)
CSC00177,轻型双孔管夹,CC324,Q245R,,1916T4003,12,,S2,QA3,件,18,Kg,尺寸项为管径(in)
CSC00178,轻型双孔管夹,CC356,Q245R,,1916T4003,14,,S2,QA3,件,32,Kg,尺寸项为管径(in)
CSC00179,轻型双孔管夹,CC406,Q245R,,1916T4003,16,,S2,QA3,件,40,Kg,尺寸项为管径(in)
CSC00180,轻型双孔管夹,CC457,Q245R,,1916T4003,18,,S2,QA3,件,55,Kg,尺寸项为管径(in)
CSC00181,轻型双孔管夹,CC508,Q245R,,1916T4003,20,,S2,QA3,件,63,Kg,尺寸项为管径(in)
CSC00182,轻型双孔管夹,CC610,Q245R,,1916T4003,24,,S2,QA3,件,105,Kg,尺寸项为管径(in)
CSC00183,轻型双孔管夹,CC711,Q245R,,1916T4003,28,,S2,QA3,件,157,Kg,尺寸项为管径(in)
CSC00184,轻型双孔管夹,CC813,Q245R,,1916T4003,32,,S2,QA3,件,217.5,Kg,尺寸项为管径(in)
CSC00185,轻型双孔管夹,CC73,Q245R,,1916T4003,2 1/2,,NA,QNC,件,0.5,Kg,尺寸项为管径(in)
CSC00186,轻型双孔管夹,CC89,Q245R,,1916T4003,3,,NA,QNC,件,2,Kg,尺寸项为管径(in)
CSC00187,轻型双孔管夹,CC114,Q245R,,1916T4003,4,,NA,QNC,件,3,Kg,尺寸项为管径(in)
CSC00188,轻型双孔管夹,CC168,Q245R ,,1916T4003,6,,NA,QNC,件,6,Kg,尺寸项为管径(in)
CSC00189,轻型双孔管夹,CC219,Q245R,,1916T4003,8,,NA,QNC,件,9,Kg,尺寸项为管径(in)
CSC00190,轻型双孔管夹,CC273,Q245R,,1916T4003,10,,NA,QNC,件,16,Kg,尺寸项为管径(in)
CSC00191,轻型双孔管夹,CC324,Q245R,,1916T4003,12,,NA,QNC,件,18,Kg,尺寸项为管径(in)
CSC00192,轻型双孔管夹,CC356,Q245R,,1916T4003,14,,NA,QNC,件,32,Kg,尺寸项为管径(in)
CSC00193,轻型双孔管夹,CC406,Q245R,,1916T4003,16,,NA,QNC,件,40,Kg,尺寸项为管径(in)
CSC00194,轻型双孔管夹,CC457,Q245R,,1916T4003,18,,NA,QNC,件,55,Kg,尺寸项为管径(in)
CSC00195,轻型双孔管夹,CC508,Q245R,,1916T4003,20,,NA,QNC,件,63,Kg,尺寸项为管径(in)
CSC00196,轻型双孔管夹,CC610,Q245R,,1916T4003,24,,NA,QNC,件,105,Kg,尺寸项为管径(in)
CSC00197,轻型双孔管夹,CC711,Q245R,,1916T4003,28,,NA,QNC,件,157,Kg,尺寸项为管径(in)
CSC00198,轻型双孔管夹,CC813,Q245R,,1916T4003,32,,NA,QNC,件,217.5,Kg,尺寸项为管径(in)
CSC00199,重型三孔管夹,CD89,Q245R,,1916T4003,3,,S1,QA3,件,7,Kg,尺寸项为管径(in)
CSC00200,重型三孔管夹,CD114,Q245R,,1916T4003,4,,S1,QA3,件,8,Kg,尺寸项为管径(in)
CSC00201,重型三孔管夹,CD168,Q245R,,1916T4003,6,,S1,QA3,件,16,Kg,尺寸项为管径(in)
CSC00202,重型三孔管夹,CD219,Q245R ,,1916T4003,8,,S1,QA3,件,21,Kg,尺寸项为管径(in)
CSC00203,重型三孔管夹,CD273,Q245R,,1916T4003,10,,S1,QA3,件,31,Kg,尺寸项为管径(in)
CSC00204,重型三孔管夹,CD324,Q245R,,1916T4003,12,,S1,QA3,件,40,Kg,尺寸项为管径(in)
CSC00205,重型三孔管夹,CD356,Q245R,,1916T4003,14,,S1,QA3,件,53,Kg,尺寸项为管径(in)
CSC00206,重型三孔管夹,CD406,Q245R,,1916T4003,16,,S1,QA3,件,75,Kg,尺寸项为管径(in)
CSC00207,重型三孔管夹,CD457,Q245R,,1916T4003,18,,S1,QA3,件,102,Kg,尺寸项为管径(in)
CSC00208,重型三孔管夹,CD508,Q245R,,1916T4003,20,,S1,QA3,件,108,Kg,尺寸项为管径(in)
CSC00209,重型三孔管夹,CD610,Q245R,,1916T4003,24,,S1,QA3,件,167.5,Kg,尺寸项为管径(in)
CSC00210,重型三孔管夹,CD711,Q245R,,1916T4003,28,,S1,QA3,件,233,Kg,尺寸项为管径(in)
CSC00211,重型三孔管夹,CD813,Q245R,,1916T4003,32,,S1,QA3,件,333.5,Kg,尺寸项为管径(in)
CSC00212,重型三孔管夹,CD89,Q245R,,1916T4003,3,,S2,QA3,件,7,Kg,尺寸项为管径(in)
CSC00213,重型三孔管夹,CD114,Q245R,,1916T4003,4,,S2,QA3,件,8,Kg,尺寸项为管径(in)
CSC00214,重型三孔管夹,CD168,Q245R,,1916T4003,6,,S2,QA3,件,16,Kg,尺寸项为管径(in)
CSC00215,重型三孔管夹,CD219,Q245R ,,1916T4003,8,,S2,QA3,件,21,Kg,尺寸项为管径(in)
CSC00216,重型三孔管夹,CD273,Q245R,,1916T4003,10,,S2,QA3,件,31,Kg,尺寸项为管径(in)
CSC00217,重型三孔管夹,CD324,Q245R,,1916T4003,12,,S2,QA3,件,40,Kg,尺寸项为管径(in)
CSC00218,重型三孔管夹,CD356,Q245R,,1916T4003,14,,S2,QA3,件,53,Kg,尺寸项为管径(in)
CSC00219,重型三孔管夹,CD406,Q245R,,1916T4003,16,,S2,QA3,件,75,Kg,尺寸项为管径(in)
CSC00220,重型三孔管夹,CD457,Q245R,,1916T4003,18,,S2,QA3,件,102,Kg,尺寸项为管径(in)
CSC00221,重型三孔管夹,CD508,Q245R,,1916T4003,20,,S2,QA3,件,108,Kg,尺寸项为管径(in)
CSC00222,重型三孔管夹,CD610,Q245R,,1916T4003,24,,S2,QA3,件,167.5,Kg,尺寸项为管径(in)
CSC00223,重型三孔管夹,CD711,Q245R,,1916T4003,28,,S2,QA3,件,233,Kg,尺寸项为管径(in)
CSC00224,重型三孔管夹,CD813,Q245R,,1916T4003,32,,S2,QA3,件,333.5,Kg,尺寸项为管径(in)
CSC00225,重型三孔管夹,CD89,Q245R,,1916T4003,3,,NA,QNC,件,7,Kg,尺寸项为管径(in)
CSC00226,重型三孔管夹,CD114,Q245R,,1916T4003,4,,NA,QNC,件,8,Kg,尺寸项为管径(in)
CSC00227,重型三孔管夹,CD168,Q245R,,1916T4003,6,,NA,QNC,件,16,Kg,尺寸项为管径(in)
CSC00228,重型三孔管夹,CD219,Q245R ,,1916T4003,8,,NA,QNC,件,21,Kg,尺寸项为管径(in)
CSC00229,重型三孔管夹,CD273,Q245R,,1916T4003,10,,NA,QNC,件,31,Kg,尺寸项为管径(in)
CSC00230,重型三孔管夹,CD324,Q245R,,1916T4003,12,,NA,QNC,件,40,Kg,尺寸项为管径(in)
CSC00231,重型三孔管夹,CD356,Q245R,,1916T4003,14,,NA,QNC,件,53,Kg,尺寸项为管径(in)
CSC00232,重型三孔管夹,CD406,Q245R,,1916T4003,16,,NA,QNC,件,75,Kg,尺寸项为管径(in)
CSC00233,重型三孔管夹,CD457,Q245R,,1916T4003,18,,NA,QNC,件,102,Kg,尺寸项为管径(in)
CSC00234,重型三孔管夹,CD508,Q245R,,1916T4003,20,,NA,QNC,件,108,Kg,尺寸项为管径(in)
CSC00235,重型三孔管夹,CD610,Q245R,,1916T4003,24,,NA,QNC,件,167.5,Kg,尺寸项为管径(in)
CSC00236,重型三孔管夹,CD711,Q245R,,1916T4003,28,,NA,QNC,件,233,Kg,尺寸项为管径(in)
CSC00237,重型三孔管夹,CD813,Q245R,,1916T4003,32,,NA,QNC,件,333.5,Kg,尺寸项为管径(in)
CSC00238,轻型三孔管夹,CE73,Q245R,,1916T4003,2 1/2,,S1,QA3,件,1.4,Kg,尺寸项为管径(in)
CSC00239,轻型三孔管夹,CE89,Q245R,,1916T4003,3,,S1,QA3,件,3,Kg,尺寸项为管径(in)
CSC00240,轻型三孔管夹,CE114,Q245R,,1916T4003,4,,S1,QA3,件,4,Kg,尺寸项为管径(in)
CSC00241,轻型三孔管夹,CE168,Q245R ,,1916T4003,6,,S1,QA3,件,8.5,Kg,尺寸项为管径(in)
CSC00242,轻型三孔管夹,CE219,Q245R,,1916T4003,8,,S1,QA3,件,12,Kg,尺寸项为管径(in)
CSC00243,轻型三孔管夹,CE273,Q245R,,1916T4003,10,,S1,QA3,件,19,Kg,尺寸项为管径(in)
CSC00244,轻型三孔管夹,CE324,Q245R,,1916T4003,12,,S1,QA3,件,21,Kg,尺寸项为管径(in)
CSC00245,轻型三孔管夹,CE356,Q245R,,1916T4003,14,,S1,QA3,件,37,Kg,尺寸项为管径(in)
CSC00246,轻型三孔管夹,CE406,Q245R,,1916T4003,16,,S1,QA3,件,50,Kg,尺寸项为管径(in)
CSC00247,轻型三孔管夹,CE457,Q245R,,1916T4003,18,,S1,QA3,件,62,Kg,尺寸项为管径(in)
CSC00248,轻型三孔管夹,CE508,Q245R,,1916T4003,20,,S1,QA3,件,70,Kg,尺寸项为管径(in)
CSC00249,轻型三孔管夹,CE610,Q245R,,1916T4003,24,,S1,QA3,件,121,Kg,尺寸项为管径(in)
CSC00250,轻型三孔管夹,CE711,Q245R,,1916T4003,28,,S1,QA3,件,167,Kg,尺寸项为管径(in)
CSC00251,轻型三孔管夹,CE813,Q245R,,1916T4003,32,,S1,QA3,件,235,Kg,尺寸项为管径(in)
CSC00252,轻型三孔管夹,CE114,Q245R,,1916T4003,4,,S2,QA3,件,4,Kg,尺寸项为管径(in)
CSC00253,轻型三孔管夹,CE73,Q245R,,1916T4003,2 1/2,,S2,QA3,件,1.4,Kg,尺寸项为管径(in)
CSC00254,轻型三孔管夹,CE89,Q245R,,1916T4003,3,,S2,QA3,件,3,Kg,尺寸项为管径(in)
CSC00255,轻型三孔管夹,CE168,Q245R ,,1916T4003,6,,S2,QA3,件,8.5,Kg,尺寸项为管径(in)
CSC00256,轻型三孔管夹,CE219,Q245R,,1916T4003,8,,S2,QA3,件,12,Kg,尺寸项为管径(in)
CSC00257,轻型三孔管夹,CE273,Q245R,,1916T4003,10,,S2,QA3,件,19,Kg,尺寸项为管径(in)
CSC00258,轻型三孔管夹,CE324,Q245R,,1916T4003,12,,S2,QA3,件,21,Kg,尺寸项为管径(in)
CSC00259,轻型三孔管夹,CE356,Q245R,,1916T4003,14,,S2,QA3,件,37,Kg,尺寸项为管径(in)
CSC00260,轻型三孔管夹,CE406,Q245R,,1916T4003,16,,S2,QA3,件,50,Kg,尺寸项为管径(in)
CSC00261,轻型三孔管夹,CE457,Q245R,,1916T4003,18,,S2,QA3,件,62,Kg,尺寸项为管径(in)
CSC00262,轻型三孔管夹,CE508,Q245R,,1916T4003,20,,S2,QA3,件,70,Kg,尺寸项为管径(in)
CSC00263,轻型三孔管夹,CE610,Q245R,,1916T4003,24,,S2,QA3,件,121,Kg,尺寸项为管径(in)
CSC00264,轻型三孔管夹,CE711,Q245R,,1916T4003,28,,S2,QA3,件,167,Kg,尺寸项为管径(in)
CSC00265,轻型三孔管夹,CE813,Q245R,,1916T4003,32,,S2,QA3,件,235,Kg,尺寸项为管径(in)
CSC00266,轻型三孔管夹,CE73,Q245R,,1916T4003,2 1/2,,NA,QNC,件,1.4,Kg,尺寸项为管径(in)
CSC00267,轻型三孔管夹,CE89,Q245R,,1916T4003,3,,NA,QNC,件,3,Kg,尺寸项为管径(in)
CSC00268,轻型三孔管夹,CE114,Q245R,,1916T4003,4,,NA,QNC,件,4,Kg,尺寸项为管径(in)
CSC00269,轻型三孔管夹,CE168,Q245R ,,1916T4003,6,,NA,QNC,件,8.5,Kg,尺寸项为管径(in)
CSC00270,轻型三孔管夹,CE219,Q245R,,1916T4003,8,,NA,QNC,件,12,Kg,尺寸项为管径(in)
CSC00271,轻型三孔管夹,CE273,Q245R,,1916T4003,10,,NA,QNC,件,19,Kg,尺寸项为管径(in)
CSC00272,轻型三孔管夹,CE324,Q245R,,1916T4003,12,,NA,QNC,件,21,Kg,尺寸项为管径(in)
CSC00273,轻型三孔管夹,CE356,Q245R,,1916T4003,14,,NA,QNC,件,37,Kg,尺寸项为管径(in)
CSC00274,轻型三孔管夹,CE406,Q245R,,1916T4003,16,,NA,QNC,件,50,Kg,尺寸项为管径(in)
CSC00275,轻型三孔管夹,CE457,Q245R,,1916T4003,18,,NA,QNC,件,62,Kg,尺寸项为管径(in)
CSC00276,轻型三孔管夹,CE508,Q245R,,1916T4003,20,,NA,QNC,件,70,Kg,尺寸项为管径(in)
CSC00277,轻型三孔管夹,CE610,Q245R,,1916T4003,24,,NA,QNC,件,121,Kg,尺寸项为管径(in)
CSC00278,轻型三孔管夹,CE711,Q245R,,1916T4003,28,,NA,QNC,件,167,Kg,尺寸项为管径(in)
CSC00279,轻型三孔管夹,CE813,Q245R,,1916T4003,32,,NA,QNC,件,235,Kg,尺寸项为管径(in)
CSC00280,轻型立管管夹,CF89,Q245R,,1916T4003,3,,S1,QA3,件,13,Kg,尺寸项为管径(in)
CSC00281,轻型立管管夹,CF114,Q245R,,1916T4003,4,,S1,QA3,件,14,Kg,尺寸项为管径(in)
CSC00282,轻型立管管夹,CF168,Q245R,,1916T4003,6,,S1,QA3,件,16,Kg,尺寸项为管径(in)
CSC00283,轻型立管管夹,CF219,Q245R,,1916T4003,8,,S1,QA3,件,20,Kg,尺寸项为管径(in)
CSC00284,轻型立管管夹,CF273,Q245R,,1916T4003,10,,S1,QA3,件,42.5,Kg,尺寸项为管径(in)
CSC00285,轻型立管管夹,CF324,Q245R,,1916T4003,12,,S1,QA3,件,47,Kg,尺寸项为管径(in)
CSC00286,轻型立管管夹,CF356,Q245R,,1916T4003,14,,S1,QA3,件,44,Kg,尺寸项为管径(in)
CSC00287,轻型立管管夹,CF406,Q245R,,1916T4003,16,,S1,QA3,件,63,Kg,尺寸项为管径(in)
CSC00288,轻型立管管夹,CF457,Q245R,,1916T4003,18,,S1,QA3,件,76,Kg,尺寸项为管径(in)
CSC00289,轻型立管管夹,CF508,Q245R,,1916T4003,20,,S1,QA3,件,81,Kg,尺寸项为管径(in)
CSC00290,轻型立管管夹,CF610,Q245R,,1916T4003,24,,S1,QA3,件,114,Kg,尺寸项为管径(in)
CSC00291,轻型立管管夹,CF711,Q245R,,1916T4003,28,,S1,QA3,件,175,Kg,尺寸项为管径(in)
CSC00292,轻型立管管夹,CF813,Q245R,,1916T4003,32,,S1,QA3,件,214,Kg,尺寸项为管径(in)
CSC00293,轻型立管管夹,CF89,Q245R,,1916T4003,3,,S2,QA3,件,13,Kg,尺寸项为管径(in)
CSC00294,轻型立管管夹,CF114,Q245R,,1916T4003,4,,S2,QA3,件,14,Kg,尺寸项为管径(in)
CSC00295,轻型立管管夹,CF168,Q245R,,1916T4003,6,,S2,QA3,件,16,Kg,尺寸项为管径(in)
CSC00296,轻型立管管夹,CF219,Q245R,,1916T4003,8,,S2,QA3,件,20,Kg,尺寸项为管径(in)
CSC00297,轻型立管管夹,CF273,Q245R,,1916T4003,10,,S2,QA3,件,42.5,Kg,尺寸项为管径(in)
CSC00298,轻型立管管夹,CF324,Q245R,,1916T4003,12,,S2,QA3,件,47,Kg,尺寸项为管径(in)
CSC00299,轻型立管管夹,CF356,Q245R,,1916T4003,14,,S2,QA3,件,44,Kg,尺寸项为管径(in)
CSC00300,轻型立管管夹,CF406,Q245R,,1916T4003,16,,S2,QA3,件,63,Kg,尺寸项为管径(in)
CSC00301,轻型立管管夹,CF457,Q245R,,1916T4003,18,,S2,QA3,件,76,Kg,尺寸项为管径(in)
CSC00302,轻型立管管夹,CF508,Q245R,,1916T4003,20,,S2,QA3,件,81,Kg,尺寸项为管径(in)
CSC00303,轻型立管管夹,CF610,Q245R,,1916T4003,24,,S2,QA3,件,114,Kg,尺寸项为管径(in)
CSC00304,轻型立管管夹,CF711,Q245R,,1916T4003,28,,S2,QA3,件,175,Kg,尺寸项为管径(in)
CSC00305,轻型立管管夹,CF813,Q245R,,1916T4003,32,,S2,QA3,件,214,Kg,尺寸项为管径(in)
CSC00306,轻型立管管夹,CF89,Q245R,,1916T4003,3,,NA,QNC,件,13,Kg,尺寸项为管径(in)
CSC00307,轻型立管管夹,CF114,Q245R,,1916T4003,4,,NA,QNC,件,14,Kg,尺寸项为管径(in)
CSC00308,轻型立管管夹,CF168,Q245R,,1916T4003,6,,NA,QNC,件,16,Kg,尺寸项为管径(in)
CSC00309,轻型立管管夹,CF219,Q245R,,1916T4003,8,,NA,QNC,件,20,Kg,尺寸项为管径(in)
CSC00310,轻型立管管夹,CF273,Q245R,,1916T4003,10,,NA,QNC,件,42.5,Kg,尺寸项为管径(in)
CSC00311,轻型立管管夹,CF324,Q245R,,1916T4003,12,,NA,QNC,件,47,Kg,尺寸项为管径(in)
CSC00312,轻型立管管夹,CF356,Q245R,,1916T4003,14,,NA,QNC,件,44,Kg,尺寸项为管径(in)
CSC00313,轻型立管管夹,CF406,Q245R,,1916T4003,16,,NA,QNC,件,63,Kg,尺寸项为管径(in)
CSC00314,轻型立管管夹,CF457,Q245R,,1916T4003,18,,NA,QNC,件,76,Kg,尺寸项为管径(in)
CSC00315,轻型立管管夹,CF508,Q245R,,1916T4003,20,,NA,QNC,件,81,Kg,尺寸项为管径(in)
CSC00316,轻型立管管夹,CF610,Q245R,,1916T4003,24,,NA,QNC,件,114,Kg,尺寸项为管径(in)
CSC00317,轻型立管管夹,CF711,Q245R,,1916T4003,28,,NA,QNC,件,175,Kg,尺寸项为管径(in)
CSC00318,轻型立管管夹,CF813,Q245R,,1916T4003,32,,NA,QNC,件,214,Kg,尺寸项为管径(in)
CSC00319,U型管卡,CJ13,022Cr19Ni10,,1916T4003,1月4日,,S1,QA3,件,0.1,Kg,尺寸项为管径(in)
CSC00320,U型管卡,CJ21,022Cr19Ni10,,1916T4003,1月2日,,S1,QA3,件,0.1,Kg,尺寸项为管径(in)
CSC00321,U型管卡,CJ27,022Cr19Ni10,,1916T4003,3月4日,,S1,QA3,件,0.1,Kg,尺寸项为管径(in)
CSC00322,U型管卡,CJ33,022Cr19Ni10,,1916T4003,1,,S1,QA3,件,0.2,Kg,尺寸项为管径(in)
CSC00323,U型管卡,CJ48,022Cr19Ni10,,1916T4003,1 1/2,,S1,QA3,件,0.2,Kg,尺寸项为管径(in)
CSC00324,U型管卡,CJ60,022Cr19Ni10,,1916T4003,2,,S1,QA3,件,0.3,Kg,尺寸项为管径(in)
CSC00325,U型管卡,CJ73,022Cr19Ni10,,1916T4003,2 1/2,,S1,QA3,件,0.4,Kg,尺寸项为管径(in)
CSC00326,U型管卡,CJ89,022Cr19Ni10,,1916T4003,3,,S1,QA3,件,0.5,Kg,尺寸项为管径(in)
CSC00327,U型管卡,CJ114,022Cr19Ni10,,1916T4003,4,,S1,QA3,件,1,Kg,尺寸项为管径(in)
CSC00328,U型管卡,CJ168,022Cr19Ni10,,1916T4003,6,,S1,QA3,件,1.5,Kg,尺寸项为管径(in)
CSC00329,U型管卡,CJ219,022Cr19Ni10,,1916T4003,8,,S1,QA3,件,2,Kg,尺寸项为管径(in)
CSC00330,U型管卡,CJ273,022Cr19Ni10,,1916T4003,10,,S1,QA3,件,3,Kg,尺寸项为管径(in)
CSC00331,U型管卡,CJ324,022Cr19Ni10,,1916T4003,12,,S1,QA3,件,3.5,Kg,尺寸项为管径(in)
CSC00332,U型管卡,CJ356,022Cr19Ni10,,1916T4003,14,,S1,QA3,件,4,Kg,尺寸项为管径(in)
CSC00333,U型管卡,CJ406,022Cr19Ni10,,1916T4003,16,,S1,QA3,件,4,Kg,尺寸项为管径(in)
CSC00334,U型管卡,CJ457,022Cr19Ni10,,1916T4003,18,,S1,QA3,件,5,Kg,尺寸项为管径(in)
CSC00335,U型管卡,CJ508,022Cr19Ni10,,1916T4003,20,,S1,QA3,件,7,Kg,尺寸项为管径(in)
CSC00336,U型管卡,CJ610,022Cr19Ni10,,1916T4003,24,,S1,QA3,件,8.5,Kg,尺寸项为管径(in)
CSC00337,U型管卡,CJ711,022Cr19Ni10,,1916T4003,28,,S1,QA3,件,15,Kg,尺寸项为管径(in)
CSC00338,U型管卡,CJ813,022Cr19Ni10,,1916T4003,32,,S1,QA3,件,17,Kg,尺寸项为管径(in)
CSC00339,U型管卡,CJ13,022Cr19Ni10,,1916T4003,1月4日,,S2,QA3,件,0.1,Kg,尺寸项为管径(in)
CSC00340,U型管卡,CJ21,022Cr19Ni10,,1916T4003,1月2日,,S2,QA3,件,0.1,Kg,尺寸项为管径(in)
CSC00341,U型管卡,CJ27,022Cr19Ni10,,1916T4003,3月4日,,S2,QA3,件,0.1,Kg,尺寸项为管径(in)
CSC00342,U型管卡,CJ33,022Cr19Ni10,,1916T4003,1,,S2,QA3,件,0.2,Kg,尺寸项为管径(in)
CSC00343,U型管卡,CJ48,022Cr19Ni10,,1916T4003,1 1/2,,S2,QA3,件,0.2,Kg,尺寸项为管径(in)
CSC00344,U型管卡,CJ60,022Cr19Ni10,,1916T4003,2,,S2,QA3,件,0.3,Kg,尺寸项为管径(in)
CSC00345,U型管卡,CJ73,022Cr19Ni10,,1916T4003,2 1/2,,S2,QA3,件,0.4,Kg,尺寸项为管径(in)
CSC00346,U型管卡,CJ89,022Cr19Ni10,,1916T4003,3,,S2,QA3,件,0.5,Kg,尺寸项为管径(in)
CSC00347,U型管卡,CJ114,022Cr19Ni10,,1916T4003,4,,S2,QA3,件,1,Kg,尺寸项为管径(in)
CSC00348,U型管卡,CJ168,022Cr19Ni10,,1916T4003,6,,S2,QA3,件,1.5,Kg,尺寸项为管径(in)
CSC00349,U型管卡,CJ219,022Cr19Ni10,,1916T4003,8,,S2,QA3,件,2,Kg,尺寸项为管径(in)
CSC00350,U型管卡,CJ273,022Cr19Ni10,,1916T4003,10,,S2,QA3,件,3,Kg,尺寸项为管径(in)
CSC00351,U型管卡,CJ324,022Cr19Ni10,,1916T4003,12,,S2,QA3,件,3.5,Kg,尺寸项为管径(in)
CSC00352,U型管卡,CJ356,022Cr19Ni10,,1916T4003,14,,S2,QA3,件,4,Kg,尺寸项为管径(in)
CSC00353,U型管卡,CJ406,022Cr19Ni10,,1916T4003,16,,S2,QA3,件,4,Kg,尺寸项为管径(in)
CSC00354,U型管卡,CJ457,022Cr19Ni10,,1916T4003,18,,S2,QA3,件,5,Kg,尺寸项为管径(in)
CSC00355,U型管卡,CJ508,022Cr19Ni10,,1916T4003,20,,S2,QA3,件,7,Kg,尺寸项为管径(in)
CSC00356,U型管卡,CJ610,022Cr19Ni10,,1916T4003,24,,S2,QA3,件,8.5,Kg,尺寸项为管径(in)
CSC00357,U型管卡,CJ711,022Cr19Ni10,,1916T4003,28,,S2,QA3,件,15,Kg,尺寸项为管径(in)
CSC00358,U型管卡,CJ813,022Cr19Ni10,,1916T4003,32,,S2,QA3,件,17,Kg,尺寸项为管径(in)
CSC00359,U型管卡,CJ13,022Cr19Ni10,,1916T4003,1月4日,,NA,QNC,件,0.1,Kg,尺寸项为管径(in)
CSC00360,U型管卡,CJ21,022Cr19Ni10,,1916T4003,1月2日,,NA,QNC,件,0.1,Kg,尺寸项为管径(in)
CSC00361,U型管卡,CJ27,022Cr19Ni10,,1916T4003,3月4日,,NA,QNC,件,0.1,Kg,尺寸项为管径(in)
CSC00362,U型管卡,CJ33,022Cr19Ni10,,1916T4003,1,,NA,QNC,件,0.2,Kg,尺寸项为管径(in)
CSC00363,U型管卡,CJ48,022Cr19Ni10,,1916T4003,1 1/2,,NA,QNC,件,0.2,Kg,尺寸项为管径(in)
CSC00364,U型管卡,CJ60,022Cr19Ni10,,1916T4003,2,,NA,QNC,件,0.3,Kg,尺寸项为管径(in)
CSC00365,U型管卡,CJ73,022Cr19Ni10,,1916T4003,2 1/2,,NA,QNC,件,0.4,Kg,尺寸项为管径(in)
CSC00366,U型管卡,CJ89,022Cr19Ni10,,1916T4003,3,,NA,QNC,件,0.5,Kg,尺寸项为管径(in)
CSC00367,U型管卡,CJ114,022Cr19Ni10,,1916T4003,4,,NA,QNC,件,1,Kg,尺寸项为管径(in)
CSC00368,U型管卡,CJ168,022Cr19Ni10,,1916T4003,6,,NA,QNC,件,1.5,Kg,尺寸项为管径(in)
CSC00369,U型管卡,CJ219,022Cr19Ni10,,1916T4003,8,,NA,QNC,件,2,Kg,尺寸项为管径(in)
CSC00370,U型管卡,CJ273,022Cr19Ni10,,1916T4003,10,,NA,QNC,件,3,Kg,尺寸项为管径(in)
CSC00371,U型管卡,CJ324,022Cr19Ni10,,1916T4003,12,,NA,QNC,件,3.5,Kg,尺寸项为管径(in)
CSC00372,U型管卡,CJ356,022Cr19Ni10,,1916T4003,14,,NA,QNC,件,4,Kg,尺寸项为管径(in)
CSC00373,U型管卡,CJ406,022Cr19Ni10,,1916T4003,16,,NA,QNC,件,4,Kg,尺寸项为管径(in)
CSC00374,U型管卡,CJ457,022Cr19Ni10,,1916T4003,18,,NA,QNC,件,5,Kg,尺寸项为管径(in)
CSC00375,U型管卡,CJ508,022Cr19Ni10,,1916T4003,20,,NA,QNC,件,7,Kg,尺寸项为管径(in)
CSC00376,U型管卡,CJ610,022Cr19Ni10,,1916T4003,24,,NA,QNC,件,8.5,Kg,尺寸项为管径(in)
CSC00377,U型管卡,CJ711,022Cr19Ni10,,1916T4003,28,,NA,QNC,件,15,Kg,尺寸项为管径(in)
CSC00378,U型管卡,CJ813,022Cr19Ni10,,1916T4003,32,,NA,QNC,件,17,Kg,尺寸项为管径(in)
CSC00379,U型管卡,CL13a,022Cr19Ni10,,1916T4003,1月4日,,S1,QA3,件,0.4,Kg,尺寸项为管径(in)
CSC00380,U型管卡,CL13b,022Cr19Ni10,,1916T4003,1月4日,,S1,QA3,件,0.4,Kg,尺寸项为管径(in)
CSC00381,U型管卡,CL21a,022Cr19Ni10,,1916T4003,1月2日,,S1,QA3,件,0.5,Kg,尺寸项为管径(in)
CSC00382,U型管卡,CL21b,022Cr19Ni10,,1916T4003,1月2日,,S1,QA3,件,0.5,Kg,尺寸项为管径(in)
CSC00383,U型管卡,CL27a,022Cr19Ni10,,1916T4003,3月4日,,S1,QA3,件,0.5,Kg,尺寸项为管径(in)
CSC00384,U型管卡,CL27b,022Cr19Ni10,,1916T4003,3月4日,,S1,QA3,件,0.5,Kg,尺寸项为管径(in)
CSC00385,U型管卡,CL33a,022Cr19Ni10,,1916T4003,1,,S1,QA3,件,0.7,Kg,尺寸项为管径(in)
CSC00386,U型管卡,CL33b,022Cr19Ni10,,1916T4003,1,,S1,QA3,件,0.7,Kg,尺寸项为管径(in)
CSC00387,U型管卡,CL48a,022Cr19Ni10,,1916T4003,1 1/2,,S1,QA3,件,0.7,Kg,尺寸项为管径(in)
CSC00388,U型管卡,CL48b,022Cr19Ni10,,1916T4003,1 1/2,,S1,QA3,件,1,Kg,尺寸项为管径(in)
CSC00389,U型管卡,CL60a,022Cr19Ni10,,1916T4003,2,,S1,QA3,件,1,Kg,尺寸项为管径(in)
CSC00390,U型管卡,CL60b,022Cr19Ni10,,1916T4003,2,,S1,QA3,件,1,Kg,尺寸项为管径(in)
CSC00391,U型管卡,CL73a,022Cr19Ni10,,1916T4003,2 1/2,,S1,QA3,件,1,Kg,尺寸项为管径(in)
CSC00392,U型管卡,CL73b,022Cr19Ni10,,1916T4003,2 1/2,,S1,QA3,件,1.5,Kg,尺寸项为管径(in)
CSC00393,U型管卡,CL89a,022Cr19Ni10,,1916T4003,3,,S1,QA3,件,2,Kg,尺寸项为管径(in)
CSC00394,U型管卡,CL89b,022Cr19Ni10,,1916T4003,3,,S1,QA3,件,2,Kg,尺寸项为管径(in)
CSC00395,U型管卡,CL114a,022Cr19Ni10,,1916T4003,4,,S1,QA3,件,2,Kg,尺寸项为管径(in)
CSC00396,U型管卡,CL114b,022Cr19Ni10,,1916T4003,4,,S1,QA3,件,2,Kg,尺寸项为管径(in)
CSC00397,U型管卡,CL168a,022Cr19Ni10,,1916T4003,6,,S1,QA3,件,2.5,Kg,尺寸项为管径(in)
CSC00398,U型管卡,CL168b,022Cr19Ni10,,1916T4003,6,,S1,QA3,件,3,Kg,尺寸项为管径(in)
CSC00399,U型管卡,CL219a,022Cr19Ni10,,1916T4003,8,,S1,QA3,件,3,Kg,尺寸项为管径(in)
CSC00400,U型管卡,CL219b,022Cr19Ni10,,1916T4003,8,,S1,QA3,件,3,Kg,尺寸项为管径(in)
CSC00401,U型管卡,CL273a,022Cr19Ni10,,1916T4003,10,,S1,QA3,件,4,Kg,尺寸项为管径(in)
CSC00402,U型管卡,CL273b,022Cr19Ni10,,1916T4003,10,,S1,QA3,件,4.5,Kg,尺寸项为管径(in)
CSC00403,U型管卡,CL324a,022Cr19Ni10,,1916T4003,12,,S1,QA3,件,5,Kg,尺寸项为管径(in)
CSC00404,U型管卡,CL324b,022Cr19Ni10,,1916T4003,12,,S1,QA3,件,5,Kg,尺寸项为管径(in)
CSC00405,U型管卡,CL356a,022Cr19Ni10,,1916T4003,14,,S1,QA3,件,5,Kg,尺寸项为管径(in)
CSC00406,U型管卡,CL356b,022Cr19Ni10,,1916T4003,14,,S1,QA3,件,5,Kg,尺寸项为管径(in)
CSC00407,U型管卡,CL406a,022Cr19Ni10,,1916T4003,16,,S1,QA3,件,5,Kg,尺寸项为管径(in)
CSC00408,U型管卡,CL406b,022Cr19Ni10,,1916T4003,16,,S1,QA3,件,5.5,Kg,尺寸项为管径(in)
CSC00409,U型管卡,CL457a,022Cr19Ni10,,1916T4003,18,,S1,QA3,件,5.5,Kg,尺寸项为管径(in)
CSC00410,U型管卡,CL457b,022Cr19Ni10,,1916T4003,18,,S1,QA3,件,6,Kg,尺寸项为管径(in)
CSC00411,U型管卡,CL508a,022Cr19Ni10,,1916T4003,20,,S1,QA3,件,8,Kg,尺寸项为管径(in)
CSC00412,U型管卡,CL508b,022Cr19Ni10,,1916T4003,20,,S1,QA3,件,8.5,Kg,尺寸项为管径(in)
CSC00413,U型管卡,CL610a,022Cr19Ni10,,1916T4003,24,,S1,QA3,件,9.5,Kg,尺寸项为管径(in)
CSC00414,U型管卡,CL610b,022Cr19Ni10,,1916T4003,24,,S1,QA3,件,10,Kg,尺寸项为管径(in)
CSC00415,U型管卡,CL711a,022Cr19Ni10,,1916T4003,28,,S1,QA3,件,15.5,Kg,尺寸项为管径(in)
CSC00416,U型管卡,CL711b,022Cr19Ni10,,1916T4003,28,,S1,QA3,件,16,Kg,尺寸项为管径(in)
CSC00417,U型管卡,CL13a,022Cr19Ni10,,1916T4003,1月4日,,S2,QA3,件,0.4,Kg,尺寸项为管径(in)
CSC00418,U型管卡,CL13b,022Cr19Ni10,,1916T4003,1月4日,,S2,QA3,件,0.4,Kg,尺寸项为管径(in)
CSC00419,U型管卡,CL21a,022Cr19Ni10,,1916T4003,1月2日,,S2,QA3,件,0.5,Kg,尺寸项为管径(in)
CSC00420,U型管卡,CL21b,022Cr19Ni10,,1916T4003,1月2日,,S2,QA3,件,0.5,Kg,尺寸项为管径(in)
CSC00421,U型管卡,CL27a,022Cr19Ni10,,1916T4003,3月4日,,S2,QA3,件,0.5,Kg,尺寸项为管径(in)
CSC00422,U型管卡,CL27b,022Cr19Ni10,,1916T4003,3月4日,,S2,QA3,件,0.5,Kg,尺寸项为管径(in)
CSC00423,U型管卡,CL33a,022Cr19Ni10,,1916T4003,1,,S2,QA3,件,0.7,Kg,尺寸项为管径(in)
CSC00424,U型管卡,CL33b,022Cr19Ni10,,1916T4003,1,,S2,QA3,件,0.7,Kg,尺寸项为管径(in)
CSC00425,U型管卡,CL48a,022Cr19Ni10,,1916T4003,1 1/2,,S2,QA3,件,0.7,Kg,尺寸项为管径(in)
CSC00426,U型管卡,CL48b,022Cr19Ni10,,1916T4003,1 1/2,,S2,QA3,件,1,Kg,尺寸项为管径(in)
CSC00427,U型管卡,CL60a,022Cr19Ni10,,1916T4003,2,,S2,QA3,件,1,Kg,尺寸项为管径(in)
CSC00428,U型管卡,CL60b,022Cr19Ni10,,1916T4003,2,,S2,QA3,件,1,Kg,尺寸项为管径(in)
CSC00429,U型管卡,CL73a,022Cr19Ni10,,1916T4003,2 1/2,,S2,QA3,件,1,Kg,尺寸项为管径(in)
CSC00430,U型管卡,CL73b,022Cr19Ni10,,1916T4003,2 1/2,,S2,QA3,件,1.5,Kg,尺寸项为管径(in)
CSC00431,U型管卡,CL89a,022Cr19Ni10,,1916T4003,3,,S2,QA3,件,2,Kg,尺寸项为管径(in)
CSC00432,U型管卡,CL89b,022Cr19Ni10,,1916T4003,3,,S2,QA3,件,2,Kg,尺寸项为管径(in)
CSC00433,U型管卡,CL114a,022Cr19Ni10,,1916T4003,4,,S2,QA3,件,2,Kg,尺寸项为管径(in)
CSC00434,U型管卡,CL114b,022Cr19Ni10,,1916T4003,4,,S2,QA3,件,2,Kg,尺寸项为管径(in)
CSC00435,U型管卡,CL168a,022Cr19Ni10,,1916T4003,6,,S2,QA3,件,2.5,Kg,尺寸项为管径(in)
CSC00436,U型管卡,CL168b,022Cr19Ni10,,1916T4003,6,,S2,QA3,件,3,Kg,尺寸项为管径(in)
CSC00437,U型管卡,CL219a,022Cr19Ni10,,1916T4003,8,,S2,QA3,件,3,Kg,尺寸项为管径(in)
CSC00438,U型管卡,CL219b,022Cr19Ni10,,1916T4003,8,,S2,QA3,件,3,Kg,尺寸项为管径(in)
CSC00439,U型管卡,CL273a,022Cr19Ni10,,1916T4003,10,,S2,QA3,件,4,Kg,尺寸项为管径(in)
CSC00440,U型管卡,CL273b,022Cr19Ni10,,1916T4003,10,,S2,QA3,件,4.5,Kg,尺寸项为管径(in)
CSC00441,U型管卡,CL324a,022Cr19Ni10,,1916T4003,12,,S2,QA3,件,5,Kg,尺寸项为管径(in)
CSC00442,U型管卡,CL324b,022Cr19Ni10,,1916T4003,12,,S2,QA3,件,5,Kg,尺寸项为管径(in)
CSC00443,U型管卡,CL356a,022Cr19Ni10,,1916T4003,14,,S2,QA3,件,5,Kg,尺寸项为管径(in)
CSC00444,U型管卡,CL356b,022Cr19Ni10,,1916T4003,14,,S2,QA3,件,5,Kg,尺寸项为管径(in)
CSC00445,U型管卡,CL406a,022Cr19Ni10,,1916T4003,16,,S2,QA3,件,5,Kg,尺寸项为管径(in)
CSC00446,U型管卡,CL406b,022Cr19Ni10,,1916T4003,16,,S2,QA3,件,5.5,Kg,尺寸项为管径(in)
CSC00447,U型管卡,CL457a,022Cr19Ni10,,1916T4003,18,,S2,QA3,件,5.5,Kg,尺寸项为管径(in)
CSC00448,U型管卡,CL457b,022Cr19Ni10,,1916T4003,18,,S2,QA3,件,6,Kg,尺寸项为管径(in)
CSC00449,U型管卡,CL508a,022Cr19Ni10,,1916T4003,20,,S2,QA3,件,8,Kg,尺寸项为管径(in)
CSC00450,U型管卡,CL508b,022Cr19Ni10,,1916T4003,20,,S2,QA3,件,8.5,Kg,尺寸项为管径(in)
CSC00451,U型管卡,CL610a,022Cr19Ni10,,1916T4003,24,,S2,QA3,件,9.5,Kg,尺寸项为管径(in)
CSC00452,U型管卡,CL610b,022Cr19Ni10,,1916T4003,24,,S2,QA3,件,10,Kg,尺寸项为管径(in)
CSC00453,U型管卡,CL711a,022Cr19Ni10,,1916T4003,28,,S2,QA3,件,15.5,Kg,尺寸项为管径(in)
CSC00454,U型管卡,CL711b,022Cr19Ni10,,1916T4003,28,,S2,QA3,件,16,Kg,尺寸项为管径(in)
CSC00455,U型管卡,CL13a,022Cr19Ni10,,1916T4003,1月4日,,NA,QNC,件,0.4,Kg,尺寸项为管径(in)
CSC00456,U型管卡,CL13b,022Cr19Ni10,,1916T4003,1月4日,,NA,QNC,件,0.4,Kg,尺寸项为管径(in)
CSC00457,U型管卡,CL21a,022Cr19Ni10,,1916T4003,1月2日,,NA,QNC,件,0.5,Kg,尺寸项为管径(in)
CSC00458,U型管卡,CL21b,022Cr19Ni10,,1916T4003,1月2日,,NA,QNC,件,0.5,Kg,尺寸项为管径(in)
CSC00459,U型管卡,CL27a,022Cr19Ni10,,1916T4003,3月4日,,NA,QNC,件,0.5,Kg,尺寸项为管径(in)
CSC00460,U型管卡,CL27b,022Cr19Ni10,,1916T4003,3月4日,,NA,QNC,件,0.5,Kg,尺寸项为管径(in)
CSC00461,U型管卡,CL33a,022Cr19Ni10,,1916T4003,1,,NA,QNC,件,0.7,Kg,尺寸项为管径(in)
CSC00462,U型管卡,CL33b,022Cr19Ni10,,1916T4003,1,,NA,QNC,件,0.7,Kg,尺寸项为管径(in)
CSC00463,U型管卡,CL48a,022Cr19Ni10,,1916T4003,1 1/2,,NA,QNC,件,0.7,Kg,尺寸项为管径(in)
CSC00464,U型管卡,CL48b,022Cr19Ni10,,1916T4003,1 1/2,,NA,QNC,件,1,Kg,尺寸项为管径(in)
CSC00465,U型管卡,CL60a,022Cr19Ni10,,1916T4003,2,,NA,QNC,件,1,Kg,尺寸项为管径(in)
CSC00466,U型管卡,CL60b,022Cr19Ni10,,1916T4003,2,,NA,QNC,件,1,Kg,尺寸项为管径(in)
CSC00467,U型管卡,CL73a,022Cr19Ni10,,1916T4003,2 1/2,,NA,QNC,件,1,Kg,尺寸项为管径(in)
CSC00468,U型管卡,CL73b,022Cr19Ni10,,1916T4003,2 1/2,,NA,QNC,件,1.5,Kg,尺寸项为管径(in)
CSC00469,U型管卡,CL89a,022Cr19Ni10,,1916T4003,3,,NA,QNC,件,2,Kg,尺寸项为管径(in)
CSC00470,U型管卡,CL89b,022Cr19Ni10,,1916T4003,3,,NA,QNC,件,2,Kg,尺寸项为管径(in)
CSC00471,U型管卡,CL114a,022Cr19Ni10,,1916T4003,4,,NA,QNC,件,2,Kg,尺寸项为管径(in)
CSC00472,U型管卡,CL114b,022Cr19Ni10,,1916T4003,4,,NA,QNC,件,2,Kg,尺寸项为管径(in)
CSC00473,U型管卡,CL168a,022Cr19Ni10,,1916T4003,6,,NA,QNC,件,2.5,Kg,尺寸项为管径(in)
CSC00474,U型管卡,CL168b,022Cr19Ni10,,1916T4003,6,,NA,QNC,件,3,Kg,尺寸项为管径(in)
CSC00475,U型管卡,CL219a,022Cr19Ni10,,1916T4003,8,,NA,QNC,件,3,Kg,尺寸项为管径(in)
CSC00476,U型管卡,CL219b,022Cr19Ni10,,1916T4003,8,,NA,QNC,件,3,Kg,尺寸项为管径(in)
CSC00477,U型管卡,CL273a,022Cr19Ni10,,1916T4003,10,,NA,QNC,件,4,Kg,尺寸项为管径(in)
CSC00478,U型管卡,CL273b,022Cr19Ni10,,1916T4003,10,,NA,QNC,件,4.5,Kg,尺寸项为管径(in)
CSC00479,U型管卡,CL324a,022Cr19Ni10,,1916T4003,12,,NA,QNC,件,5,Kg,尺寸项为管径(in)
CSC00480,U型管卡,CL324b,022Cr19Ni10,,1916T4003,12,,NA,QNC,件,5,Kg,尺寸项为管径(in)
CSC00481,U型管卡,CL356a,022Cr19Ni10,,1916T4003,14,,NA,QNC,件,5,Kg,尺寸项为管径(in)
CSC00482,U型管卡,CL356b,022Cr19Ni10,,1916T4003,14,,NA,QNC,件,5,Kg,尺寸项为管径(in)
CSC00483,U型管卡,CL406a,022Cr19Ni10,,1916T4003,16,,NA,QNC,件,5,Kg,尺寸项为管径(in)
CSC00484,U型管卡,CL406b,022Cr19Ni10,,1916T4003,16,,NA,QNC,件,5.5,Kg,尺寸项为管径(in)
CSC00485,U型管卡,CL457a,022Cr19Ni10,,1916T4003,18,,NA,QNC,件,5.5,Kg,尺寸项为管径(in)
CSC00486,U型管卡,CL457b,022Cr19Ni10,,1916T4003,18,,NA,QNC,件,6,Kg,尺寸项为管径(in)
CSC00487,U型管卡,CL508a,022Cr19Ni10,,1916T4003,20,,NA,QNC,件,8,Kg,尺寸项为管径(in)
CSC00488,U型管卡,CL508b,022Cr19Ni10,,1916T4003,20,,NA,QNC,件,8.5,Kg,尺寸项为管径(in)
CSC00489,U型管卡,CL610a,022Cr19Ni10,,1916T4003,24,,NA,QNC,件,9.5,Kg,尺寸项为管径(in)
CSC00490,U型管卡,CL610b,022Cr19Ni10,,1916T4003,24,,NA,QNC,件,10,Kg,尺寸项为管径(in)
CSC00491,U型管卡,CL711a,022Cr19Ni10,,1916T4003,28,,NA,QNC,件,15.5,Kg,尺寸项为管径(in)
CSC00492,U型管卡,CL711b,022Cr19Ni10,,1916T4003,28,,NA,QNC,件,16,Kg,尺寸项为管径(in)
CSC00493,U型管卡,CJC13,Q390D,,1916T4003,1月4日,,S2,QA3,件,0.1,Kg,尺寸项为管径(in)
CSC00494,U型管卡,CJC21,Q390D,,1916T4003,1月2日,,S2,QA3,件,0.1,Kg,尺寸项为管径(in)
CSC00495,U型管卡,CJC27,Q390D,,1916T4003,3月4日,,S2,QA3,件,0.1,Kg,尺寸项为管径(in)
CSC00496,U型管卡,CJC33,Q390D,,1916T4003,1,,S2,QA3,件,0.2,Kg,尺寸项为管径(in)
CSC00497,U型管卡,CJC48,Q390D,,1916T4003,1 1/2,,S2,QA3,件,0.2,Kg,尺寸项为管径(in)
CSC00498,U型管卡,CJC60,Q390D,,1916T4003,2,,S2,QA3,件,0.3,Kg,尺寸项为管径(in)
CSC00499,U型管卡,CJC73,Q390D,,1916T4003,2 1/2,,S2,QA3,件,0.4,Kg,尺寸项为管径(in)
CSC00500,U型管卡,CJC89,Q390D,,1916T4003,3,,S2,QA3,件,0.5,Kg,尺寸项为管径(in)
CSC00501,U型管卡,CJC114,Q390D,,1916T4003,4,,S2,QA3,件,1,Kg,尺寸项为管径(in)
CSC00502,U型管卡,CJC168,Q390D,,1916T4003,6,,S2,QA3,件,1.5,Kg,尺寸项为管径(in)
CSC00503,U型管卡,CJC219,Q390D,,1916T4003,8,,S2,QA3,件,2,Kg,尺寸项为管径(in)
CSC00504,U型管卡,CJC273,Q390D,,1916T4003,10,,S2,QA3,件,3,Kg,尺寸项为管径(in)
CSC00505,U型管卡,CJC324,Q390D,,1916T4003,12,,S2,QA3,件,3.5,Kg,尺寸项为管径(in)
CSC00506,U型管卡,CJC356,Q390D,,1916T4003,14,,S2,QA3,件,4,Kg,尺寸项为管径(in)
CSC00507,U型管卡,CJC406,Q390D,,1916T4003,16,,S2,QA3,件,4,Kg,尺寸项为管径(in)
CSC00508,U型管卡,CJC457,Q390D,,1916T4003,18,,S2,QA3,件,5,Kg,尺寸项为管径(in)
CSC00509,U型管卡,CJC508,Q390D,,1916T4003,20,,S2,QA3,件,7,Kg,尺寸项为管径(in)
CSC00510,U型管卡,CJC610,Q390D,,1916T4003,24,,S2,QA3,件,8.5,Kg,尺寸项为管径(in)
CSC00511,U型管卡,CJC711,Q390D,,1916T4003,28,,S2,QA3,件,15,Kg,尺寸项为管径(in)
CSC00512,U型管卡,CJC813,Q390D,,1916T4003,32,,S2,QA3,件,17,Kg,尺寸项为管径(in)
CSC00513,U型管卡,CLC13a,Q390D,,1916T4003,1月4日,,S2,QA3,件,0.4,Kg,尺寸项为管径(in)
CSC00514,U型管卡,CLC13b,Q390D,,1916T4003,1月4日,,S2,QA3,件,0.4,Kg,尺寸项为管径(in)
CSC00515,U型管卡,CLC21a,Q390D,,1916T4003,1月2日,,S2,QA3,件,0.5,Kg,尺寸项为管径(in)
CSC00516,U型管卡,CLC21b,Q390D,,1916T4003,1月2日,,S2,QA3,件,0.5,Kg,尺寸项为管径(in)
CSC00517,U型管卡,CLC27a,Q390D,,1916T4003,3月4日,,S2,QA3,件,0.5,Kg,尺寸项为管径(in)
CSC00518,U型管卡,CLC27b,Q390D,,1916T4003,3月4日,,S2,QA3,件,0.5,Kg,尺寸项为管径(in)
CSC00519,U型管卡,CLC33a,Q390D,,1916T4003,1,,S2,QA3,件,0.7,Kg,尺寸项为管径(in)
CSC00520,U型管卡,CLC33b,Q390D,,1916T4003,1,,S2,QA3,件,0.7,Kg,尺寸项为管径(in)
CSC00521,U型管卡,CLC48a,Q390D,,1916T4003,1 1/2,,S2,QA3,件,1,Kg,尺寸项为管径(in)
CSC00522,U型管卡,CLC48b,Q390D,,1916T4003,1 1/2,,S2,QA3,件,1,Kg,尺寸项为管径(in)
CSC00523,U型管卡,CLC60a,Q390D,,1916T4003,2,,S2,QA3,件,1,Kg,尺寸项为管径(in)
CSC00524,U型管卡,CLC60b,Q390D,,1916T4003,2,,S2,QA3,件,1,Kg,尺寸项为管径(in)
CSC00525,U型管卡,CLC73a,Q390D,,1916T4003,2 1/2,,S2,QA3,件,1,Kg,尺寸项为管径(in)
CSC00526,U型管卡,CLC73b,Q390D,,1916T4003,2 1/2,,S2,QA3,件,1.5,Kg,尺寸项为管径(in)
CSC00527,U型管卡,CLC89a,Q390D,,1916T4003,3,,S2,QA3,件,2,Kg,尺寸项为管径(in)
CSC00528,U型管卡,CLC89b,Q390D,,1916T4003,3,,S2,QA3,件,2,Kg,尺寸项为管径(in)
CSC00529,U型管卡,CLC114a,Q390D,,1916T4003,4,,S2,QA3,件,2,Kg,尺寸项为管径(in)
CSC00530,U型管卡,CLC114b,Q390D,,1916T4003,4,,S2,QA3,件,2,Kg,尺寸项为管径(in)
CSC00531,U型管卡,CLC168a,Q390D,,1916T4003,6,,S2,QA3,件,2.5,Kg,尺寸项为管径(in)
CSC00532,U型管卡,CLC168b,Q390D,,1916T4003,6,,S2,QA3,件,3,Kg,尺寸项为管径(in)
CSC00533,U型管卡,CLC219a,Q390D,,1916T4003,8,,S2,QA3,件,3,Kg,尺寸项为管径(in)
CSC00534,U型管卡,CLC219b,Q390D,,1916T4003,8,,S2,QA3,件,3,Kg,尺寸项为管径(in)
CSC00535,U型管卡,CLC273a,Q390D,,1916T4003,10,,S2,QA3,件,4,Kg,尺寸项为管径(in)
CSC00536,U型管卡,CLC273b,Q390D,,1916T4003,10,,S2,QA3,件,4.5,Kg,尺寸项为管径(in)
CSC00537,U型管卡,CLC324a,Q390D,,1916T4003,12,,S2,QA3,件,5,Kg,尺寸项为管径(in)
CSC00538,U型管卡,CLC324b,Q390D,,1916T4003,12,,S2,QA3,件,5,Kg,尺寸项为管径(in)
CSC00539,U型管卡,CLC356a,Q390D,,1916T4003,14,,S2,QA3,件,5,Kg,尺寸项为管径(in)
CSC00540,U型管卡,CLC356b,Q390D,,1916T4003,14,,S2,QA3,件,5,Kg,尺寸项为管径(in)
CSC00541,U型管卡,CLC406a,Q390D,,1916T4003,16,,S2,QA3,件,5,Kg,尺寸项为管径(in)
CSC00542,U型管卡,CLC406b,Q390D,,1916T4003,16,,S2,QA3,件,5.5,Kg,尺寸项为管径(in)
CSC00543,U型管卡,CLC457a,Q390D,,1916T4003,18,,S2,QA3,件,5.5,Kg,尺寸项为管径(in)
CSC00544,U型管卡,CLC457b,Q390D,,1916T4003,18,,S2,QA3,件,6,Kg,尺寸项为管径(in)
CSC00545,U型管卡,CLC508a,Q390D,,1916T4003,20,,S2,QA3,件,8,Kg,尺寸项为管径(in)
CSC00546,U型管卡,CLC508b,Q390D,,1916T4003,20,,S2,QA3,件,8.5,Kg,尺寸项为管径(in)
CSC00547,U型管卡,CLC610a,Q390D,,1916T4003,24,,S2,QA3,件,9.5,Kg,尺寸项为管径(in)
CSC00548,U型管卡,CLC610b,Q390D,,1916T4003,24,,S2,QA3,件,10,Kg,尺寸项为管径(in)
CSC00549,U型管卡,CLC711a,Q390D,,1916T4003,28,,S2,QA3,件,15.5,Kg,尺寸项为管径(in)
CSC00550,U型管卡,CLC711b,Q390D,,1916T4003,28,,S2,QA3,件,16,Kg,尺寸项为管径(in)
CSC00551,U型管卡,CLV813,Q390D,,1916T4003,32,,S2,QA3,件,11.5,Kg,尺寸项为管径(in)
CSC00552,重型立管管夹,CN89,Q245R,,1916T4003,3,,S1,QA3,件,13,Kg,尺寸项为管径(in)
CSC00553,重型立管管夹,CN114,Q245R,,1916T4003,4,,S1,QA3,件,16.5,Kg,尺寸项为管径(in)
CSC00554,重型立管管夹,CN168,Q245R,,1916T4003,6,,S1,QA3,件,29,Kg,尺寸项为管径(in)
CSC00555,重型立管管夹,CN219,Q245R,,1916T4003,8,,S1,QA3,件,30,Kg,尺寸项为管径(in)
CSC00556,重型立管管夹,CN273,Q245R,,1916T4003,10,,S1,QA3,件,58,Kg,尺寸项为管径(in)
CSC00557,重型立管管夹,CN324,Q245R,,1916T4003,12,,S1,QA3,件,71,Kg,尺寸项为管径(in)
CSC00558,重型立管管夹,CN356,Q245R,,1916T4003,14,,S1,QA3,件,74,Kg,尺寸项为管径(in)
CSC00559,重型立管管夹,CN406,Q245R,,1916T4003,16,,S1,QA3,件,89,Kg,尺寸项为管径(in)
CSC00560,重型立管管夹,CN457,Q245R,,1916T4003,18,,S1,QA3,件,97.5,Kg,尺寸项为管径(in)
CSC00561,重型立管管夹,CN508,Q245R,,1916T4003,20,,S1,QA3,件,100,Kg,尺寸项为管径(in)
CSC00562,重型立管管夹,CN610,Q245R,,1916T4003,24,,S1,QA3,件,178,Kg,尺寸项为管径(in)
CSC00563,重型立管管夹,CN711,Q245R,,1916T4003,28,,S1,QA3,件,244.5,Kg,尺寸项为管径(in)
CSC00564,重型立管管夹,CN813,Q245R,,1916T4003,32,,S1,QA3,件,305,Kg,尺寸项为管径(in)
CSC00565,重型立管管夹,CN89,Q245R,,1916T4003,3,,S2,QA3,件,13,Kg,尺寸项为管径(in)
CSC00566,重型立管管夹,CN114,Q245R,,1916T4003,4,,S2,QA3,件,16.5,Kg,尺寸项为管径(in)
CSC00567,重型立管管夹,CN168,Q245R,,1916T4003,6,,S2,QA3,件,29,Kg,尺寸项为管径(in)
CSC00568,重型立管管夹,CN219,Q245R,,1916T4003,8,,S2,QA3,件,30,Kg,尺寸项为管径(in)
CSC00569,重型立管管夹,CN273,Q245R,,1916T4003,10,,S2,QA3,件,58,Kg,尺寸项为管径(in)
CSC00570,重型立管管夹,CN324,Q245R,,1916T4003,12,,S2,QA3,件,71,Kg,尺寸项为管径(in)
CSC00571,重型立管管夹,CN356,Q245R,,1916T4003,14,,S2,QA3,件,74,Kg,尺寸项为管径(in)
CSC00572,重型立管管夹,CN406,Q245R,,1916T4003,16,,S2,QA3,件,89,Kg,尺寸项为管径(in)
CSC00573,重型立管管夹,CN457,Q245R,,1916T4003,18,,S2,QA3,件,97.5,Kg,尺寸项为管径(in)
CSC00574,重型立管管夹,CN508,Q245R,,1916T4003,20,,S2,QA3,件,100,Kg,尺寸项为管径(in)
CSC00575,重型立管管夹,CN610,Q245R,,1916T4003,24,,S2,QA3,件,178,Kg,尺寸项为管径(in)
CSC00576,重型立管管夹,CN711,Q245R,,1916T4003,28,,S2,QA3,件,244.5,Kg,尺寸项为管径(in)
CSC00577,重型立管管夹,CN813,Q245R,,1916T4003,32,,S2,QA3,件,305,Kg,尺寸项为管径(in)
CSC00578,重型立管管夹,CN89,Q245R,,1916T4003,3,,NA,QNC,件,13,Kg,尺寸项为管径(in)
CSC00579,重型立管管夹,CN114,Q245R,,1916T4003,4,,NA,QNC,件,16.5,Kg,尺寸项为管径(in)
CSC00580,重型立管管夹,CN168,Q245R,,1916T4003,6,,NA,QNC,件,29,Kg,尺寸项为管径(in)
CSC00581,重型立管管夹,CN219,Q245R,,1916T4003,8,,NA,QNC,件,30,Kg,尺寸项为管径(in)
CSC00582,重型立管管夹,CN273,Q245R,,1916T4003,10,,NA,QNC,件,58,Kg,尺寸项为管径(in)
CSC00583,重型立管管夹,CN324,Q245R,,1916T4003,12,,NA,QNC,件,71,Kg,尺寸项为管径(in)
CSC00584,重型立管管夹,CN356,Q245R,,1916T4003,14,,NA,QNC,件,74,Kg,尺寸项为管径(in)
CSC00585,重型立管管夹,CN406,Q245R,,1916T4003,16,,NA,QNC,件,89,Kg,尺寸项为管径(in)
CSC00586,重型立管管夹,CN457,Q245R,,1916T4003,18,,NA,QNC,件,97.5,Kg,尺寸项为管径(in)
CSC00587,重型立管管夹,CN508,Q245R,,1916T4003,20,,NA,QNC,件,100,Kg,尺寸项为管径(in)
CSC00588,重型立管管夹,CN610,Q245R,,1916T4003,24,,NA,QNC,件,178,Kg,尺寸项为管径(in)
CSC00589,重型立管管夹,CN711,Q245R,,1916T4003,28,,NA,QNC,件,244.5,Kg,尺寸项为管径(in)
CSC00590,重型立管管夹,CN813,Q245R,,1916T4003,32,,NA,QNC,件,305,Kg,尺寸项为管径(in)
CSC00591,立管管卡,CW27a,022Cr19Ni10,,1916T4003,3月4日,,S1,QA3,件,2,Kg,尺寸项为管径(in)
CSC00592,立管管卡,CW27b,022Cr19Ni10,,1916T4003,3月4日,,S1,QA3,件,2,Kg,尺寸项为管径(in)
CSC00593,立管管卡,CW33a,022Cr19Ni10,,1916T4003,1,,S1,QA3,件,2,Kg,尺寸项为管径(in)
CSC00594,立管管卡,CW33b,022Cr19Ni10,,1916T4003,1,,S1,QA3,件,2,Kg,尺寸项为管径(in)
CSC00595,立管管卡,CW48a,022Cr19Ni10,,1916T4003,1 1/2,,S1,QA3,件,5,Kg,尺寸项为管径(in)
CSC00596,立管管卡,CW48b,022Cr19Ni10,,1916T4003,1 1/2,,S1,QA3,件,5,Kg,尺寸项为管径(in)
CSC00597,立管管卡,CW60a,022Cr19Ni10,,1916T4003,2,,S1,QA3,件,5,Kg,尺寸项为管径(in)
CSC00598,立管管卡,CW60b,022Cr19Ni10,,1916T4003,2,,S1,QA3,件,5,Kg,尺寸项为管径(in)
CSC00599,立管管卡,CW60c,022Cr19Ni10,,1916T4003,2,,S1,QA3,件,5,Kg,尺寸项为管径(in)
CSC00600,立管管卡,CW27a,022Cr19Ni10,,1916T4003,3月4日,,S2,QA3,件,2,Kg,尺寸项为管径(in)
CSC00601,立管管卡,CW27b,022Cr19Ni10,,1916T4003,3月4日,,S2,QA3,件,2,Kg,尺寸项为管径(in)
CSC00602,立管管卡,CW33a,022Cr19Ni10,,1916T4003,1,,S2,QA3,件,2,Kg,尺寸项为管径(in)
CSC00603,立管管卡,CW33b,022Cr19Ni10,,1916T4003,1,,S2,QA3,件,2,Kg,尺寸项为管径(in)
CSC00604,立管管卡,CW48a,022Cr19Ni10,,1916T4003,1 1/2,,S2,QA3,件,5,Kg,尺寸项为管径(in)
CSC00605,立管管卡,CW48b,022Cr19Ni10,,1916T4003,1 1/2,,S2,QA3,件,5,Kg,尺寸项为管径(in)
CSC00606,立管管卡,CW60a,022Cr19Ni10,,1916T4003,2,,S2,QA3,件,5,Kg,尺寸项为管径(in)
CSC00607,立管管卡,CW60b,022Cr19Ni10,,1916T4003,2,,S2,QA3,件,5,Kg,尺寸项为管径(in)
CSC00608,立管管卡,CW60c,022Cr19Ni10,,1916T4003,2,,S2,QA3,件,5,Kg,尺寸项为管径(in)
CSC00609,立管管卡,CW27a,022Cr19Ni10,,1916T4003,3月4日,,NA,QNC,件,2,Kg,尺寸项为管径(in)
CSC00610,立管管卡,CW27b,022Cr19Ni10,,1916T4003,3月4日,,NA,QNC,件,2,Kg,尺寸项为管径(in)
CSC00611,立管管卡,CW33a,022Cr19Ni10,,1916T4003,1,,NA,QNC,件,2,Kg,尺寸项为管径(in)
CSC00612,立管管卡,CW33b,022Cr19Ni10,,1916T4003,1,,NA,QNC,件,2,Kg,尺寸项为管径(in)
CSC00613,立管管卡,CW48a,022Cr19Ni10,,1916T4003,1 1/2,,NA,QNC,件,5,Kg,尺寸项为管径(in)
CSC00614,立管管卡,CW48b,022Cr19Ni10,,1916T4003,1 1/2,,NA,QNC,件,5,Kg,尺寸项为管径(in)
CSC00615,立管管卡,CW60a,022Cr19Ni10,,1916T4003,2,,NA,QNC,件,5,Kg,尺寸项为管径(in)
CSC00616,立管管卡,CW60b,022Cr19Ni10,,1916T4003,2,,NA,QNC,件,5,Kg,尺寸项为管径(in)
CSC00617,立管管卡,CW60c,022Cr19Ni10,,1916T4003,2,,NA,QNC,件,5,Kg,尺寸项为管径(in)
CSC00618,扁钢管卡,CX13,06Cr19Ni10,,1916T4003,1月4日,,S1,QA3,件,0.1,Kg,尺寸项为管径(in)
CSC00619,扁钢管卡,CX21,06Cr19Ni10,,1916T4003,1月2日,,S1,QA3,件,0.1,Kg,尺寸项为管径(in)
CSC00620,扁钢管卡,CX27,06Cr19Ni10,,1916T4003,3月4日,,S1,QA3,件,0.1,Kg,尺寸项为管径(in)
CSC00621,扁钢管卡,CX33,06Cr19Ni10,,1916T4003,1,,S1,QA3,件,0.15,Kg,尺寸项为管径(in)
CSC00622,扁钢管卡,CX48,06Cr19Ni10,,1916T4003,1 1/2,,S1,QA3,件,0.3,Kg,尺寸项为管径(in)
CSC00623,扁钢管卡,CX60,06Cr19Ni10,,1916T4003,2,,S1,QA3,件,0.4,Kg,尺寸项为管径(in)
CSC00624,扁钢管卡,CX73,06Cr19Ni10,,1916T4003,2 1/2,,S1,QA3,件,0.6,Kg,尺寸项为管径(in)
CSC00625,扁钢管卡,CX89,06Cr19Ni10,,1916T4003,3,,S1,QA3,件,0.8,Kg,尺寸项为管径(in)
CSC00626,扁钢管卡,CX13,06Cr19Ni10,,1916T4003,1月4日,,S2,QA3,件,0.1,Kg,尺寸项为管径(in)
CSC00627,扁钢管卡,CX21,06Cr19Ni10,,1916T4003,1月2日,,S2,QA3,件,0.1,Kg,尺寸项为管径(in)
CSC00628,扁钢管卡,CX27,06Cr19Ni10,,1916T4003,3月4日,,S2,QA3,件,0.1,Kg,尺寸项为管径(in)
CSC00629,扁钢管卡,CX33,06Cr19Ni10,,1916T4003,1,,S2,QA3,件,0.15,Kg,尺寸项为管径(in)
CSC00630,扁钢管卡,CX48,06Cr19Ni10,,1916T4003,1 1/2,,S2,QA3,件,0.3,Kg,尺寸项为管径(in)
CSC00631,扁钢管卡,CX60,06Cr19Ni10,,1916T4003,2,,S2,QA3,件,0.4,Kg,尺寸项为管径(in)
CSC00632,扁钢管卡,CX73,06Cr19Ni10,,1916T4003,2 1/2,,S2,QA3,件,0.6,Kg,尺寸项为管径(in)
CSC00633,扁钢管卡,CX89,06Cr19Ni10,,1916T4003,3,,S2,QA3,件,0.8,Kg,尺寸项为管径(in)
CSC00634,扁钢管卡,CX13,06Cr19Ni10,,1916T4003,1月4日,,NA,QNC,件,0.1,Kg,尺寸项为管径(in)
CSC00635,扁钢管卡,CX21,06Cr19Ni10,,1916T4003,1月2日,,NA,QNC,件,0.1,Kg,尺寸项为管径(in)
CSC00636,扁钢管卡,CX27,06Cr19Ni10,,1916T4003,3月4日,,NA,QNC,件,0.1,Kg,尺寸项为管径(in)
CSC00637,扁钢管卡,CX33,06Cr19Ni10,,1916T4003,1,,NA,QNC,件,0.15,Kg,尺寸项为管径(in)
CSC00638,扁钢管卡,CX48,06Cr19Ni10,,1916T4003,1 1/2,,NA,QNC,件,0.3,Kg,尺寸项为管径(in)
CSC00639,扁钢管卡,CX60,06Cr19Ni10,,1916T4003,2,,NA,QNC,件,0.4,Kg,尺寸项为管径(in)
CSC00640,扁钢管卡,CX73,06Cr19Ni10,,1916T4003,2 1/2,,NA,QNC,件,0.6,Kg,尺寸项为管径(in)
CSC00641,扁钢管卡,CX89,06Cr19Ni10,,1916T4003,3,,NA,QNC,件,0.8,Kg,尺寸项为管径(in)
CSC00642,扁钢管卡,CXR13,06Cr19Ni10,,1916T4003,1月4日,,S1,QA3,件,0.2,Kg,尺寸项为管径(in)
CSC00643,扁钢管卡,CXR21,06Cr19Ni10,,1916T4003,1月2日,,S1,QA3,件,0.2,Kg,尺寸项为管径(in)
CSC00644,扁钢管卡,CXR27,06Cr19Ni10,,1916T4003,3月4日,,S1,QA3,件,0.4,Kg,尺寸项为管径(in)
CSC00645,扁钢管卡,CXR33,06Cr19Ni10,,1916T4003,1,,S1,QA3,件,0.4,Kg,尺寸项为管径(in)
CSC00646,扁钢管卡,CXR48,06Cr19Ni10,,1916T4003,1 1/2,,S1,QA3,件,0.8,Kg,尺寸项为管径(in)
CSC00647,扁钢管卡,CXR60,06Cr19Ni10,,1916T4003,2,,S1,QA3,件,0.9,Kg,尺寸项为管径(in)
CSC00648,扁钢管卡,CXR89,06Cr19Ni10,,1916T4003,3,,S1,QA3,件,1.7,Kg,尺寸项为管径(in)
CSC00649,扁钢管卡,CXR114,06Cr19Ni10,,1916T4003,4,,S1,QA3,件,2,Kg,尺寸项为管径(in)
CSC00650,扁钢管卡,CXR13,06Cr19Ni10,,1916T4003,1月4日,,S2,QA3,件,0.2,Kg,尺寸项为管径(in)
CSC00651,扁钢管卡,CXR21,06Cr19Ni10,,1916T4003,1月2日,,S2,QA3,件,0.2,Kg,尺寸项为管径(in)
CSC00652,扁钢管卡,CXR27,06Cr19Ni10,,1916T4003,3月4日,,S2,QA3,件,0.4,Kg,尺寸项为管径(in)
CSC00653,扁钢管卡,CXR33,06Cr19Ni10,,1916T4003,1,,S2,QA3,件,0.4,Kg,尺寸项为管径(in)
CSC00654,扁钢管卡,CXR48,06Cr19Ni10,,1916T4003,1 1/2,,S2,QA3,件,0.8,Kg,尺寸项为管径(in)
CSC00655,扁钢管卡,CXR60,06Cr19Ni10,,1916T4003,2,,S2,QA3,件,0.9,Kg,尺寸项为管径(in)
CSC00656,扁钢管卡,CXR89,06Cr19Ni10,,1916T4003,3,,S2,QA3,件,1.7,Kg,尺寸项为管径(in)
CSC00657,扁钢管卡,CXR114,06Cr19Ni10,,1916T4003,4,,S2,QA3,件,2,Kg,尺寸项为管径(in)
CSC00658,扁钢管卡,CXR13,06Cr19Ni10,,1916T4003,1月4日,,NA,QNC,件,0.2,Kg,尺寸项为管径(in)
CSC00659,扁钢管卡,CXR21,06Cr19Ni10,,1916T4003,1月2日,,NA,QNC,件,0.2,Kg,尺寸项为管径(in)
CSC00660,扁钢管卡,CXR27,06Cr19Ni10,,1916T4003,3月4日,,NA,QNC,件,0.4,Kg,尺寸项为管径(in)
CSC00661,扁钢管卡,CXR33,06Cr19Ni10,,1916T4003,1,,NA,QNC,件,0.4,Kg,尺寸项为管径(in)
CSC00662,扁钢管卡,CXR48,06Cr19Ni10,,1916T4003,1 1/2,,NA,QNC,件,0.8,Kg,尺寸项为管径(in)
CSC00663,扁钢管卡,CXR60,06Cr19Ni10,,1916T4003,2,,NA,QNC,件,0.9,Kg,尺寸项为管径(in)
CSC00664,扁钢管卡,CXR89,06Cr19Ni10,,1916T4003,3,,NA,QNC,件,1.7,Kg,尺寸项为管径(in)
CSC00665,扁钢管卡,CXR114,06Cr19Ni10,,1916T4003,4,,NA,QNC,件,2,Kg,尺寸项为管径(in)
CSC00666,金属管夹,ZN10,304L,,1916T4003,10x11,,NA,QNC,件,,Kg,尺寸项为ФAxB
CSC00667,金属管夹,ZN14,304L,,1916T4003,14x13,,NA,QNC,件,,Kg,尺寸项为ФAxB
CSC00668,金属管夹,ZN22,304L,,1916T4003,22x17,,NA,QNC,件,,Kg,尺寸项为ФAxB
CSC00669,金属管夹,ZN25,304L,,1916T4003,25x18,,NA,QNC,件,,Kg,尺寸项为ФAxB
CSC00670,金属管夹,ZN28,304L,,1916T4003,28x20,,NA,QNC,件,,Kg,尺寸项为ФAxB
CSC00671,金属管夹,ZN32,304L,,1916T4003,32x21,,NA,QNC,件,,Kg,尺寸项为ФAxB
CSC00672,金属管夹,ZN37,304L,,1916T4003,37x25,,NA,QNC,件,,Kg,尺寸项为ФAxB
CSC00673,金属管夹,ZN39,304L,,1916T4003,39x28,,NA,QNC,件,,Kg,尺寸项为ФAxB
CSC00674,不保温型管卡,C5,Q235B,,03S402,15,,NA,QNC,件,0.06,Kg,尺寸为公称直径DN
CSC00675,不保温型管卡,C5,Q235B,,03S402,20,,NA,QNC,件,0.06,Kg,尺寸为公称直径DN
CSC00676,不保温型管卡,C5,Q235B,,03S402,25,,NA,QNC,件,0.07,Kg,尺寸为公称直径DN
CSC00677,不保温型管卡,C5,Q235B,,03S402,32,,NA,QNC,件,0.08,Kg,尺寸为公称直径DN
CSC00678,不保温型管卡,C5,Q235B,,03S402,40,,NA,QNC,件,0.09,Kg,尺寸为公称直径DN
CSC00679,不保温型管卡,C5,Q235B,,03S402,50,,NA,QNC,件,0.1,Kg,尺寸为公称直径DN
CSC00680,不保温型管卡,C5,Q235B,,03S402,65,,NA,QNC,件,0.19,Kg,尺寸为公称直径DN
CSC00681,不保温型管卡,C5,Q235B,,03S402,80,,NA,QNC,件,0.21,Kg,尺寸为公称直径DN
CSC00682,不保温型管卡,C5,Q235B,,03S402,100,,NA,QNC,件,0.25,Kg,尺寸为公称直径DN
CSC00683,不保温型管卡,C5,Q235B,,03S402,125,,NA,QNC,件,0.42,Kg,尺寸为公称直径DN
CSC00684,不保温型管卡,C5,Q235B,,03S402,150,,NA,QNC,件,0.49,Kg,尺寸为公称直径DN
CSC00685,不保温型管卡,C5,Q235B,,03S402,200,,NA,QNC,件,0.6,Kg,尺寸为公称直径DN
CSC00686,不保温型管卡,C5,Q235B,,03S402,250,,NA,QNC,件,1.31,Kg,尺寸为公称直径DN
CSC00687,不保温型管卡,C5,Q235B,,03S402,300,,NA,QNC,件,1.52,Kg,尺寸为公称直径DN
CSC00688,不保温型管卡,C5,Q235B,,03S402,350,,NA,QNC,件,1.75,Kg,尺寸为公称直径DN
CSC00689,不保温型管卡,C5,Q235B,,03S402,400,,NA,QNC,件,3.08,Kg,尺寸为公称直径DN
CSC00690,不保温型管卡,C5,Q235B,,03S402,450,,NA,QNC,件,3.42,Kg,尺寸为公称直径DN
CSC00691,不保温型管卡,C5,Q235B,,03S402,500,,NA,QNC,件,3.73,Kg,尺寸为公称直径DN
CSC00692,重型双孔管夹,CB762,Q245R,,1916T4003,30,,S2,QA3,件,266,Kg,尺寸项为管径(in)
CSC60001,U型螺栓,M20,022Cr19Ni10,,1916T4003,12,,NA,QNC,件,,Kg,
CSD00100,整体支撑连接件参考结构,DB1,Q345B,,1916T4003,32,,S1,QA3,件,401,Kg,尺寸项为管径(in)，材料牌号为管托板材料
CSD00101,整体支撑连接件参考结构,DB2,Q345B,,1916T4003,32,,S1,QA3,件,400,Kg,尺寸项为管径(in)，材料牌号为管托板材料
CSD00102,整体支撑连接件参考结构,DB1,Q345B,,1916T4003,32,,S2,QA3,件,401,Kg,尺寸项为管径(in)，材料牌号为管托板材料
CSD00103,整体支撑连接件参考结构,DB2,Q345B,,1916T4003,32,,S2,QA3,件,400,Kg,尺寸项为管径(in)，材料牌号为管托板材料
CSD00104,整体支撑连接件参考结构,DB1,Q345B,,1916T4003,32,,NA,QNC,件,401,Kg,尺寸项为管径(in)，材料牌号为管托板材料
CSD00105,整体支撑连接件参考结构,DB2,Q345B,,1916T4003,32,,NA,QNC,件,400,Kg,尺寸项为管径(in)，材料牌号为管托板材料
CSD00106,铰接杆,DG1a,Q245R,,1916T4003,32,,S1,QA3,件,2.2,Kg,尺寸项为ФD(mm)，材料牌号为销座材料
CSD00107,铰接杆,DG1b,Q245R,,1916T4003,32,,S1,QA3,件,2.9,Kg,尺寸项为ФD(mm)，材料牌号为销座材料
CSD00108,铰接杆,DG2a,Q245R,,1916T4003,50,,S1,QA3,件,5.2,Kg,尺寸项为ФD(mm)，材料牌号为销座材料
CSD00109,铰接杆,DG2b,Q245R,,1916T4003,50,,S1,QA3,件,6.5,Kg,尺寸项为ФD(mm)，材料牌号为销座材料
CSD00110,铰接杆,DG3a,Q245R,,1916T4003,68,,S1,QA3,件,9.9,Kg,尺寸项为ФD(mm)，材料牌号为销座材料
CSD00111,铰接杆,DG3b,Q245R,,1916T4003,68,,S1,QA3,件,12.1,Kg,尺寸项为ФD(mm)，材料牌号为销座材料
CSD00112,铰接杆,DG3c,Q245R,,1916T4003,68,,S1,QA3,件,14.1,Kg,尺寸项为ФD(mm)，材料牌号为销座材料
CSD00113,铰接杆,DG4a,Q245R,,1916T4003,89,,S1,QA3,件,26.9,Kg,尺寸项为ФD(mm)，材料牌号为销座材料
CSD00114,铰接杆,DG4b,Q245R,,1916T4003,89,,S1,QA3,件,31.6,Kg,尺寸项为ФD(mm)，材料牌号为销座材料
CSD00115,铰接杆,DG4c,Q245R,,1916T4003,89,,S1,QA3,件,36.4,Kg,尺寸项为ФD(mm)，材料牌号为销座材料
CSD00116,铰接杆,DG5a,Q245R,,1916T4003,114,,S1,QA3,件,52.4,Kg,尺寸项为ФD(mm)，材料牌号为销座材料
CSD00117,铰接杆,DG5b,Q245R,,1916T4003,114,,S1,QA3,件,58.3,Kg,尺寸项为ФD(mm)，材料牌号为销座材料
CSD00118,铰接杆,DG5c,Q245R,,1916T4003,114,,S1,QA3,件,64.2,Kg,尺寸项为ФD(mm)，材料牌号为销座材料
CSD00119,铰接杆,DG5d,Q245R,,1916T4003,114,,S1,QA3,件,70.1,Kg,尺寸项为ФD(mm)，材料牌号为销座材料
CSD00120,铰接杆,DG1a,Q245R,,1916T4003,32,,S2,QA3,件,2.2,Kg,尺寸项为ФD(mm)，材料牌号为销座材料
CSD00121,铰接杆,DG1b,Q245R,,1916T4003,32,,S2,QA3,件,2.9,Kg,尺寸项为ФD(mm)，材料牌号为销座材料
CSD00122,铰接杆,DG2a,Q245R,,1916T4003,50,,S2,QA3,件,5.2,Kg,尺寸项为ФD(mm)，材料牌号为销座材料
CSD00123,铰接杆,DG2b,Q245R,,1916T4003,50,,S2,QA3,件,6.5,Kg,尺寸项为ФD(mm)，材料牌号为销座材料
CSD00124,铰接杆,DG3a,Q245R,,1916T4003,68,,S2,QA3,件,9.9,Kg,尺寸项为ФD(mm)，材料牌号为销座材料
CSD00125,铰接杆,DG3b,Q245R,,1916T4003,68,,S2,QA3,件,12.1,Kg,尺寸项为ФD(mm)，材料牌号为销座材料
CSD00126,铰接杆,DG3c,Q245R,,1916T4003,68,,S2,QA3,件,14.1,Kg,尺寸项为ФD(mm)，材料牌号为销座材料
CSD00127,铰接杆,DG4a,Q245R,,1916T4003,89,,S2,QA3,件,26.9,Kg,尺寸项为ФD(mm)，材料牌号为销座材料
CSD00128,铰接杆,DG4b,Q245R,,1916T4003,89,,S2,QA3,件,31.6,Kg,尺寸项为ФD(mm)，材料牌号为销座材料
CSD00129,铰接杆,DG4c,Q245R,,1916T4003,89,,S2,QA3,件,36.4,Kg,尺寸项为ФD(mm)，材料牌号为销座材料
CSD00130,铰接杆,DG5a,Q245R,,1916T4003,114,,S2,QA3,件,52.4,Kg,尺寸项为ФD(mm)，材料牌号为销座材料
CSD00131,铰接杆,DG5b,Q245R,,1916T4003,114,,S2,QA3,件,58.3,Kg,尺寸项为ФD(mm)，材料牌号为销座材料
CSD00132,铰接杆,DG5c,Q245R,,1916T4003,114,,S2,QA3,件,64.2,Kg,尺寸项为ФD(mm)，材料牌号为销座材料
CSD00133,铰接杆,DG5d,Q245R,,1916T4003,114,,S2,QA3,件,70.1,Kg,尺寸项为ФD(mm)，材料牌号为销座材料
CSD00134,铰接杆,DG1a,Q245R,,1916T4003,32,,NA,QNC,件,2.2,Kg,尺寸项为ФD(mm)，材料牌号为销座材料
CSD00135,铰接杆,DG1b,Q245R,,1916T4003,32,,NA,QNC,件,2.9,Kg,尺寸项为ФD(mm)，材料牌号为销座材料
CSD00136,铰接杆,DG2a,Q245R,,1916T4003,50,,NA,QNC,件,5.2,Kg,尺寸项为ФD(mm)，材料牌号为销座材料
CSD00137,铰接杆,DG2b,Q245R,,1916T4003,50,,NA,QNC,件,6.5,Kg,尺寸项为ФD(mm)，材料牌号为销座材料
CSD00138,铰接杆,DG3a,Q245R,,1916T4003,68,,NA,QNC,件,9.9,Kg,尺寸项为ФD(mm)，材料牌号为销座材料
CSD00139,铰接杆,DG3b,Q245R,,1916T4003,68,,NA,QNC,件,12.1,Kg,尺寸项为ФD(mm)，材料牌号为销座材料
CSD00140,铰接杆,DG3c,Q245R,,1916T4003,68,,NA,QNC,件,14.1,Kg,尺寸项为ФD(mm)，材料牌号为销座材料
CSD00141,铰接杆,DG4a,Q245R,,1916T4003,89,,NA,QNC,件,26.9,Kg,尺寸项为ФD(mm)，材料牌号为销座材料
CSD00142,铰接杆,DG4b,Q245R,,1916T4003,89,,NA,QNC,件,31.6,Kg,尺寸项为ФD(mm)，材料牌号为销座材料
CSD00143,铰接杆,DG4c,Q245R,,1916T4003,89,,NA,QNC,件,36.4,Kg,尺寸项为ФD(mm)，材料牌号为销座材料
CSD00144,铰接杆,DG5a,Q245R,,1916T4003,114,,NA,QNC,件,52.4,Kg,尺寸项为ФD(mm)，材料牌号为销座材料
CSD00145,铰接杆,DG5b,Q245R,,1916T4003,114,,NA,QNC,件,58.3,Kg,尺寸项为ФD(mm)，材料牌号为销座材料
CSD00146,铰接杆,DG5c,Q245R,,1916T4003,114,,NA,QNC,件,64.2,Kg,尺寸项为ФD(mm)，材料牌号为销座材料
CSD00147,铰接杆,DG5d,Q245R,,1916T4003,114,,NA,QNC,件,70.1,Kg,尺寸项为ФD(mm)，材料牌号为销座材料
CSF00100,滑动支架,FD13,,,1916T4003,1月4日,,S1,QA3,件,0.7,Kg,尺寸项为管径ФD(in)
CSF00101,滑动支架,FD21,,,1916T4003,1月2日,,S1,QA3,件,1,Kg,尺寸项为管径ФD(in)
CSF00102,滑动支架,FD27,,,1916T4003,3月4日,,S1,QA3,件,1,Kg,尺寸项为管径ФD(in)
CSF00103,滑动支架,FD33,,,1916T4003,1,,S1,QA3,件,1,Kg,尺寸项为管径ФD(in)
CSF00104,滑动支架,FD48,,,1916T4003,1 1/2,,S1,QA3,件,1.5,Kg,尺寸项为管径ФD(in)
CSF00105,滑动支架,FD60,,,1916T4003,2,,S1,QA3,件,1.5,Kg,尺寸项为管径ФD(in)
CSF00106,滑动支架,FD73,,,1916T4003,2 1/2,,S1,QA3,件,5.8,Kg,尺寸项为管径ФD(in)
CSF00107,滑动支架,FD89,,,1916T4003,3,,S1,QA3,件,9.3,Kg,尺寸项为管径ФD(in)
CSF00108,滑动支架,FD13,,,1916T4003,1月4日,,S2,QA3,件,0.7,Kg,尺寸项为管径ФD(in)
CSF00109,滑动支架,FD21,,,1916T4003,1月2日,,S2,QA3,件,1,Kg,尺寸项为管径ФD(in)
CSF00110,滑动支架,FD27,,,1916T4003,3月4日,,S2,QA3,件,1,Kg,尺寸项为管径ФD(in)
CSF00111,滑动支架,FD33,,,1916T4003,1,,S2,QA3,件,1,Kg,尺寸项为管径ФD(in)
CSF00112,滑动支架,FD48,,,1916T4003,1 1/2,,S2,QA3,件,1.5,Kg,尺寸项为管径ФD(in)
CSF00113,滑动支架,FD60,,,1916T4003,2,,S2,QA3,件,1.5,Kg,尺寸项为管径ФD(in)
CSF00114,滑动支架,FD73,,,1916T4003,2 1/2,,S2,QA3,件,5.8,Kg,尺寸项为管径ФD(in)
CSF00115,滑动支架,FD89,,,1916T4003,3,,S2,QA3,件,9.3,Kg,尺寸项为管径ФD(in)
CSF00116,滑动支架,FD13,,,1916T4003,1月4日,,NA,QNC,件,0.7,Kg,尺寸项为管径ФD(in)
CSF00117,滑动支架,FD21,,,1916T4003,1月2日,,NA,QNC,件,1,Kg,尺寸项为管径ФD(in)
CSF00118,滑动支架,FD27,,,1916T4003,3月4日,,NA,QNC,件,1,Kg,尺寸项为管径ФD(in)
CSF00119,滑动支架,FD33,,,1916T4003,1,,NA,QNC,件,1,Kg,尺寸项为管径ФD(in)
CSF00120,滑动支架,FD48,,,1916T4003,1 1/2,,NA,QNC,件,1.5,Kg,尺寸项为管径ФD(in)
CSF00121,滑动支架,FD60,,,1916T4003,2,,NA,QNC,件,1.5,Kg,尺寸项为管径ФD(in)
CSF00122,滑动支架,FD73,,,1916T4003,2 1/2,,NA,QNC,件,5.8,Kg,尺寸项为管径ФD(in)
CSF00123,滑动支架,FD89,,,1916T4003,3,,NA,QNC,件,9.3,Kg,尺寸项为管径ФD(in)
CSF00124,滑动支架,FF60a,,,1916T4003,2,,S1,QA3,件,3,Kg,尺寸项为管径ФD(in)
CSF00125,滑动支架,FF60b,,,1916T4003,2,,S1,QA3,件,4,Kg,尺寸项为管径ФD(in)
CSF00126,滑动支架,FF73a,,,1916T4003,2 1/2,,S1,QA3,件,5,Kg,尺寸项为管径ФD(in)
CSF00127,滑动支架,FF73b,,,1916T4003,2 1/2,,S1,QA3,件,6,Kg,尺寸项为管径ФD(in)
CSF00128,滑动支架,FF89a,,,1916T4003,3,,S1,QA3,件,7,Kg,尺寸项为管径ФD(in)
CSF00129,滑动支架,FF89b,,,1916T4003,3,,S1,QA3,件,8,Kg,尺寸项为管径ФD(in)
CSF00130,滑动支架,FF114a,,,1916T4003,4,,S1,QA3,件,9.5,Kg,尺寸项为管径ФD(in)
CSF00131,滑动支架,FF114b,,,1916T4003,4,,S1,QA3,件,11,Kg,尺寸项为管径ФD(in)
CSF00132,滑动支架,FF168a,,,1916T4003,6,,S1,QA3,件,20,Kg,尺寸项为管径ФD(in)
CSF00133,滑动支架,FF168b,,,1916T4003,6,,S1,QA3,件,22,Kg,尺寸项为管径ФD(in)
CSF00134,滑动支架,FF219a,,,1916T4003,8,,S1,QA3,件,27,Kg,尺寸项为管径ФD(in)
CSF00135,滑动支架,FF219b,,,1916T4003,8,,S1,QA3,件,30,Kg,尺寸项为管径ФD(in)
CSF00136,滑动支架,FF273a,,,1916T4003,10,,S1,QA3,件,44,Kg,尺寸项为管径ФD(in)
CSF00137,滑动支架,FF273b,,,1916T4003,10,,S1,QA3,件,47,Kg,尺寸项为管径ФD(in)
CSF00138,滑动支架,FF324a,,,1916T4003,12,,S1,QA3,件,48,Kg,尺寸项为管径ФD(in)
CSF00139,滑动支架,FF324b,,,1916T4003,12,,S1,QA3,件,51,Kg,尺寸项为管径ФD(in)
CSF00140,滑动支架,FF356a,,,1916T4003,14,,S1,QA3,件,91,Kg,尺寸项为管径ФD(in)
CSF00141,滑动支架,FF356b,,,1916T4003,14,,S1,QA3,件,97,Kg,尺寸项为管径ФD(in)
CSF00142,滑动支架,FF406a,,,1916T4003,16,,S1,QA3,件,115,Kg,尺寸项为管径ФD(in)
CSF00143,滑动支架,FF406b,,,1916T4003,16,,S1,QA3,件,122,Kg,尺寸项为管径ФD(in)
CSF00144,滑动支架,FF457a,,,1916T4003,18,,S1,QA3,件,188,Kg,尺寸项为管径ФD(in)
CSF00145,滑动支架,FF457b,,,1916T4003,18,,S1,QA3,件,206,Kg,尺寸项为管径ФD(in)
CSF00146,滑动支架,FF508a,,,1916T4003,20,,S1,QA3,件,167,Kg,尺寸项为管径ФD(in)
CSF00147,滑动支架,FF508b,,,1916T4003,20,,S1,QA3,件,176,Kg,尺寸项为管径ФD(in)
CSF00148,滑动支架,FF610a,,,1916T4003,24,,S1,QA3,件,266,Kg,尺寸项为管径ФD(in)
CSF00149,滑动支架,FF610b,,,1916T4003,24,,S1,QA3,件,277,Kg,尺寸项为管径ФD(in)
CSF00150,滑动支架,FF711a,,,1916T4003,28,,S1,QA3,件,498,Kg,尺寸项为管径ФD(in)
CSF00151,滑动支架,FF711b,,,1916T4003,28,,S1,QA3,件,531,Kg,尺寸项为管径ФD(in)
CSF00152,滑动支架,FF813a,,,1916T4003,32,,S1,QA3,件,635.5,Kg,尺寸项为管径ФD(in)
CSF00153,滑动支架,FF813b,,,1916T4003,32,,S1,QA3,件,668,Kg,尺寸项为管径ФD(in)
CSF00154,滑动支架,FF60a,,,1916T4003,2,,S2,QA3,件,3,Kg,尺寸项为管径ФD(in)
CSF00155,滑动支架,FF60b,,,1916T4003,2,,S2,QA3,件,4,Kg,尺寸项为管径ФD(in)
CSF00156,滑动支架,FF73a,,,1916T4003,2 1/2,,S2,QA3,件,5,Kg,尺寸项为管径ФD(in)
CSF00157,滑动支架,FF73b,,,1916T4003,2 1/2,,S2,QA3,件,6,Kg,尺寸项为管径ФD(in)
CSF00158,滑动支架,FF89a,,,1916T4003,3,,S2,QA3,件,7,Kg,尺寸项为管径ФD(in)
CSF00159,滑动支架,FF89b,,,1916T4003,3,,S2,QA3,件,8,Kg,尺寸项为管径ФD(in)
CSF00160,滑动支架,FF114a,,,1916T4003,4,,S2,QA3,件,9.5,Kg,尺寸项为管径ФD(in)
CSF00161,滑动支架,FF114b,,,1916T4003,4,,S2,QA3,件,11,Kg,尺寸项为管径ФD(in)
CSF00162,滑动支架,FF168a,,,1916T4003,6,,S2,QA3,件,20,Kg,尺寸项为管径ФD(in)
CSF00163,滑动支架,FF168b,,,1916T4003,6,,S2,QA3,件,22,Kg,尺寸项为管径ФD(in)
CSF00164,滑动支架,FF219a,,,1916T4003,8,,S2,QA3,件,27,Kg,尺寸项为管径ФD(in)
CSF00165,滑动支架,FF219b,,,1916T4003,8,,S2,QA3,件,30,Kg,尺寸项为管径ФD(in)
CSF00166,滑动支架,FF273a,,,1916T4003,10,,S2,QA3,件,44,Kg,尺寸项为管径ФD(in)
CSF00167,滑动支架,FF273b,,,1916T4003,10,,S2,QA3,件,47,Kg,尺寸项为管径ФD(in)
CSF00168,滑动支架,FF324a,,,1916T4003,12,,S2,QA3,件,48,Kg,尺寸项为管径ФD(in)
CSF00169,滑动支架,FF324b,,,1916T4003,12,,S2,QA3,件,51,Kg,尺寸项为管径ФD(in)
CSF00170,滑动支架,FF356a,,,1916T4003,14,,S2,QA3,件,91,Kg,尺寸项为管径ФD(in)
CSF00171,滑动支架,FF356b,,,1916T4003,14,,S2,QA3,件,97,Kg,尺寸项为管径ФD(in)
CSF00172,滑动支架,FF406a,,,1916T4003,16,,S2,QA3,件,115,Kg,尺寸项为管径ФD(in)
CSF00173,滑动支架,FF406b,,,1916T4003,16,,S2,QA3,件,122,Kg,尺寸项为管径ФD(in)
CSF00174,滑动支架,FF457a,,,1916T4003,18,,S2,QA3,件,188,Kg,尺寸项为管径ФD(in)
CSF00175,滑动支架,FF457b,,,1916T4003,18,,S2,QA3,件,206,Kg,尺寸项为管径ФD(in)
CSF00176,滑动支架,FF508a,,,1916T4003,20,,S2,QA3,件,167,Kg,尺寸项为管径ФD(in)
CSF00177,滑动支架,FF508b,,,1916T4003,20,,S2,QA3,件,176,Kg,尺寸项为管径ФD(in)
CSF00178,滑动支架,FF610a,,,1916T4003,24,,S2,QA3,件,266,Kg,尺寸项为管径ФD(in)
CSF00179,滑动支架,FF610b,,,1916T4003,24,,S2,QA3,件,277,Kg,尺寸项为管径ФD(in)
CSF00180,滑动支架,FF711a,,,1916T4003,28,,S2,QA3,件,498,Kg,尺寸项为管径ФD(in)
CSF00181,滑动支架,FF711b,,,1916T4003,28,,S2,QA3,件,531,Kg,尺寸项为管径ФD(in)
CSF00182,滑动支架,FF813a,,,1916T4003,32,,S2,QA3,件,635.5,Kg,尺寸项为管径ФD(in)
CSF00183,滑动支架,FF813b,,,1916T4003,32,,S2,QA3,件,668,Kg,尺寸项为管径ФD(in)
CSF00184,滑动支架,FF60a,,,1916T4003,2,,NA,QNC,件,3,Kg,尺寸项为管径ФD(in)
CSF00185,滑动支架,FF60b,,,1916T4003,2,,NA,QNC,件,4,Kg,尺寸项为管径ФD(in)
CSF00186,滑动支架,FF73a,,,1916T4003,2 1/2,,NA,QNC,件,5,Kg,尺寸项为管径ФD(in)
CSF00187,滑动支架,FF73b,,,1916T4003,2 1/2,,NA,QNC,件,6,Kg,尺寸项为管径ФD(in)
CSF00188,滑动支架,FF89a,,,1916T4003,3,,NA,QNC,件,7,Kg,尺寸项为管径ФD(in)
CSF00189,滑动支架,FF89b,,,1916T4003,3,,NA,QNC,件,8,Kg,尺寸项为管径ФD(in)
CSF00190,滑动支架,FF114a,,,1916T4003,4,,NA,QNC,件,9.5,Kg,尺寸项为管径ФD(in)
CSF00191,滑动支架,FF114b,,,1916T4003,4,,NA,QNC,件,11,Kg,尺寸项为管径ФD(in)
CSF00192,滑动支架,FF168a,,,1916T4003,6,,NA,QNC,件,20,Kg,尺寸项为管径ФD(in)
CSF00193,滑动支架,FF168b,,,1916T4003,6,,NA,QNC,件,22,Kg,尺寸项为管径ФD(in)
CSF00194,滑动支架,FF219a,,,1916T4003,8,,NA,QNC,件,27,Kg,尺寸项为管径ФD(in)
CSF00195,滑动支架,FF219b,,,1916T4003,8,,NA,QNC,件,30,Kg,尺寸项为管径ФD(in)
CSF00196,滑动支架,FF273a,,,1916T4003,10,,NA,QNC,件,44,Kg,尺寸项为管径ФD(in)
CSF00197,滑动支架,FF273b,,,1916T4003,10,,NA,QNC,件,47,Kg,尺寸项为管径ФD(in)
CSF00198,滑动支架,FF324a,,,1916T4003,12,,NA,QNC,件,48,Kg,尺寸项为管径ФD(in)
CSF00199,滑动支架,FF324b,,,1916T4003,12,,NA,QNC,件,51,Kg,尺寸项为管径ФD(in)
CSF00200,滑动支架,FF356a,,,1916T4003,14,,NA,QNC,件,91,Kg,尺寸项为管径ФD(in)
CSF00201,滑动支架,FF356b,,,1916T4003,14,,NA,QNC,件,97,Kg,尺寸项为管径ФD(in)
CSF00202,滑动支架,FF406a,,,1916T4003,16,,NA,QNC,件,115,Kg,尺寸项为管径ФD(in)
CSF00203,滑动支架,FF406b,,,1916T4003,16,,NA,QNC,件,122,Kg,尺寸项为管径ФD(in)
CSF00204,滑动支架,FF457a,,,1916T4003,18,,NA,QNC,件,188,Kg,尺寸项为管径ФD(in)
CSF00205,滑动支架,FF457b,,,1916T4003,18,,NA,QNC,件,206,Kg,尺寸项为管径ФD(in)
CSF00206,滑动支架,FF508a,,,1916T4003,20,,NA,QNC,件,167,Kg,尺寸项为管径ФD(in)
CSF00207,滑动支架,FF508b,,,1916T4003,20,,NA,QNC,件,176,Kg,尺寸项为管径ФD(in)
CSF00208,滑动支架,FF610a,,,1916T4003,24,,NA,QNC,件,266,Kg,尺寸项为管径ФD(in)
CSF00209,滑动支架,FF610b,,,1916T4003,24,,NA,QNC,件,277,Kg,尺寸项为管径ФD(in)
CSF00210,滑动支架,FF711a,,,1916T4003,28,,NA,QNC,件,498,Kg,尺寸项为管径ФD(in)
CSF00211,滑动支架,FF711b,,,1916T4003,28,,NA,QNC,件,531,Kg,尺寸项为管径ФD(in)
CSF00212,滑动支架,FF813a,,,1916T4003,32,,NA,QNC,件,635.5,Kg,尺寸项为管径ФD(in)
CSF00213,滑动支架,FF813b,,,1916T4003,32,,NA,QNC,件,668,Kg,尺寸项为管径ФD(in)
CSG00100,轴向导向支架,GF13,,,1916T4003,1月4日,,S1,QA3,件,3,Kg,尺寸项为管径ФD(in)
CSG00101,轴向导向支架,GF21,,,1916T4003,1月2日,,S1,QA3,件,3,Kg,尺寸项为管径ФD(in)
CSG00102,轴向导向支架,GF27,,,1916T4003,3月4日,,S1,QA3,件,3,Kg,尺寸项为管径ФD(in)
CSG00103,轴向导向支架,GF33,,,1916T4003,1,,S1,QA3,件,4,Kg,尺寸项为管径ФD(in)
CSG00104,轴向导向支架,GF48,,,1916T4003,1 1/2,,S1,QA3,件,4,Kg,尺寸项为管径ФD(in)
CSG00105,轴向导向支架,GF60,,,1916T4003,2,,S1,QA3,件,4,Kg,尺寸项为管径ФD(in)
CSG00106,轴向导向支架,GF73,,,1916T4003,2 1/2,,S1,QA3,件,8.5,Kg,尺寸项为管径ФD(in)
CSG00107,轴向导向支架,GF89,,,1916T4003,3,,S1,QA3,件,16.5,Kg,尺寸项为管径ФD(in)
CSG00108,轴向导向支架,GF13,,,1916T4003,1月4日,,S2,QA3,件,3,Kg,尺寸项为管径ФD(in)
CSG00109,轴向导向支架,GF21,,,1916T4003,1月2日,,S2,QA3,件,3,Kg,尺寸项为管径ФD(in)
CSG00110,轴向导向支架,GF27,,,1916T4003,3月4日,,S2,QA3,件,3,Kg,尺寸项为管径ФD(in)
CSG00111,轴向导向支架,GF33,,,1916T4003,1,,S2,QA3,件,4,Kg,尺寸项为管径ФD(in)
CSG00112,轴向导向支架,GF48,,,1916T4003,1 1/2,,S2,QA3,件,4,Kg,尺寸项为管径ФD(in)
CSG00113,轴向导向支架,GF60,,,1916T4003,2,,S2,QA3,件,4,Kg,尺寸项为管径ФD(in)
CSG00114,轴向导向支架,GF73,,,1916T4003,2 1/2,,S2,QA3,件,8.5,Kg,尺寸项为管径ФD(in)
CSG00115,轴向导向支架,GF89,,,1916T4003,3,,S2,QA3,件,16.5,Kg,尺寸项为管径ФD(in)
CSG00116,轴向导向支架,GF13,,,1916T4003,1月4日,,NA,QNC,件,3,Kg,尺寸项为管径ФD(in)
CSG00117,轴向导向支架,GF21,,,1916T4003,1月2日,,NA,QNC,件,3,Kg,尺寸项为管径ФD(in)
CSG00118,轴向导向支架,GF27,,,1916T4003,3月4日,,NA,QNC,件,3,Kg,尺寸项为管径ФD(in)
CSG00119,轴向导向支架,GF33,,,1916T4003,1,,NA,QNC,件,4,Kg,尺寸项为管径ФD(in)
CSG00120,轴向导向支架,GF48,,,1916T4003,1 1/2,,NA,QNC,件,4,Kg,尺寸项为管径ФD(in)
CSG00121,轴向导向支架,GF60,,,1916T4003,2,,NA,QNC,件,4,Kg,尺寸项为管径ФD(in)
CSG00122,轴向导向支架,GF73,,,1916T4003,2 1/2,,NA,QNC,件,8.5,Kg,尺寸项为管径ФD(in)
CSG00123,轴向导向支架,GF89,,,1916T4003,3,,NA,QNC,件,16.5,Kg,尺寸项为管径ФD(in)
CSG00124,横向限位支架,GG13,,,1916T4003,1月4日,,S1,QA3,件,1,Kg,尺寸项为管径ФD(in)
CSG00125,横向限位支架,GG21,,,1916T4003,1月2日,,S1,QA3,件,1.2,Kg,尺寸项为管径ФD(in)
CSG00126,横向限位支架,GG27,,,1916T4003,3月4日,,S1,QA3,件,1.5,Kg,尺寸项为管径ФD(in)
CSG00127,横向限位支架,GG33,,,1916T4003,1,,S1,QA3,件,2,Kg,尺寸项为管径ФD(in)
CSG00128,横向限位支架,GG48,,,1916T4003,1 1/2,,S1,QA3,件,2.5,Kg,尺寸项为管径ФD(in)
CSG00129,横向限位支架,GG60,,,1916T4003,2,,S1,QA3,件,2.6,Kg,尺寸项为管径ФD(in)
CSG00130,横向限位支架,GG73,,,1916T4003,2 1/2,,S1,QA3,件,9,Kg,尺寸项为管径ФD(in)
CSG00131,横向限位支架,GG89,,,1916T4003,3,,S1,QA3,件,9.5,Kg,尺寸项为管径ФD(in)
CSG00132,横向限位支架,GG13,,,1916T4003,1月4日,,S2,QA3,件,1,Kg,尺寸项为管径ФD(in)
CSG00133,横向限位支架,GG21,,,1916T4003,1月2日,,S2,QA3,件,1.2,Kg,尺寸项为管径ФD(in)
CSG00134,横向限位支架,GG27,,,1916T4003,3月4日,,S2,QA3,件,1.5,Kg,尺寸项为管径ФD(in)
CSG00135,横向限位支架,GG33,,,1916T4003,1,,S2,QA3,件,2,Kg,尺寸项为管径ФD(in)
CSG00136,横向限位支架,GG48,,,1916T4003,1 1/2,,S2,QA3,件,2.5,Kg,尺寸项为管径ФD(in)
CSG00137,横向限位支架,GG60,,,1916T4003,2,,S2,QA3,件,2.6,Kg,尺寸项为管径ФD(in)
CSG00138,横向限位支架,GG73,,,1916T4003,2 1/2,,S2,QA3,件,9,Kg,尺寸项为管径ФD(in)
CSG00139,横向限位支架,GG89,,,1916T4003,3,,S2,QA3,件,9.5,Kg,尺寸项为管径ФD(in)
CSG00140,横向限位支架,GG13,,,1916T4003,1月4日,,NA,QNC,件,1,Kg,尺寸项为管径ФD(in)
CSG00141,横向限位支架,GG21,,,1916T4003,1月2日,,NA,QNC,件,1.2,Kg,尺寸项为管径ФD(in)
CSG00142,横向限位支架,GG27,,,1916T4003,3月4日,,NA,QNC,件,1.5,Kg,尺寸项为管径ФD(in)
CSG00143,横向限位支架,GG33,,,1916T4003,1,,NA,QNC,件,2,Kg,尺寸项为管径ФD(in)
CSG00144,横向限位支架,GG48,,,1916T4003,1 1/2,,NA,QNC,件,2.5,Kg,尺寸项为管径ФD(in)
CSG00145,横向限位支架,GG60,,,1916T4003,2,,NA,QNC,件,2.6,Kg,尺寸项为管径ФD(in)
CSG00146,横向限位支架,GG73,,,1916T4003,2 1/2,,NA,QNC,件,9,Kg,尺寸项为管径ФD(in)
CSG00147,横向限位支架,GG89,,,1916T4003,3,,NA,QNC,件,9.5,Kg,尺寸项为管径ФD(in)
CSG00148,轴向导向支架,GM89,,,1916T4003,3,,S1,QA3,件,12,Kg,尺寸项为管径ФD(in)
CSG00149,轴向导向支架,GM114,,,1916T4003,4,,S1,QA3,件,14,Kg,尺寸项为管径ФD(in)
CSG00150,轴向导向支架,GM168,,,1916T4003,6,,S1,QA3,件,21,Kg,尺寸项为管径ФD(in)
CSG00151,轴向导向支架,GM219,,,1916T4003,8,,S1,QA3,件,35,Kg,尺寸项为管径ФD(in)
CSG00152,轴向导向支架,GM273,,,1916T4003,10,,S1,QA3,件,50,Kg,尺寸项为管径ФD(in)
CSG00153,轴向导向支架,GM324,,,1916T4003,12,,S1,QA3,件,59,Kg,尺寸项为管径ФD(in)
CSG00154,轴向导向支架,GM356,,,1916T4003,14,,S1,QA3,件,104,Kg,尺寸项为管径ФD(in)
CSG00155,轴向导向支架,GM406,,,1916T4003,16,,S1,QA3,件,123,Kg,尺寸项为管径ФD(in)
CSG00156,轴向导向支架,GM457,,,1916T4003,18,,S1,QA3,件,165,Kg,尺寸项为管径ФD(in)
CSG00157,轴向导向支架,GM508,,,1916T4003,20,,S1,QA3,件,180,Kg,尺寸项为管径ФD(in)
CSG00158,轴向导向支架,GM89,,,1916T4003,3,,S2,QA3,件,12,Kg,尺寸项为管径ФD(in)
CSG00159,轴向导向支架,GM114,,,1916T4003,4,,S2,QA3,件,14,Kg,尺寸项为管径ФD(in)
CSG00160,轴向导向支架,GM168,,,1916T4003,6,,S2,QA3,件,21,Kg,尺寸项为管径ФD(in)
CSG00161,轴向导向支架,GM219,,,1916T4003,8,,S2,QA3,件,35,Kg,尺寸项为管径ФD(in)
CSG00162,轴向导向支架,GM273,,,1916T4003,10,,S2,QA3,件,50,Kg,尺寸项为管径ФD(in)
CSG00163,轴向导向支架,GM324,,,1916T4003,12,,S2,QA3,件,59,Kg,尺寸项为管径ФD(in)
CSG00164,轴向导向支架,GM356,,,1916T4003,14,,S2,QA3,件,104,Kg,尺寸项为管径ФD(in)
CSG00165,轴向导向支架,GM406,,,1916T4003,16,,S2,QA3,件,123,Kg,尺寸项为管径ФD(in)
CSG00166,轴向导向支架,GM457,,,1916T4003,18,,S2,QA3,件,165,Kg,尺寸项为管径ФD(in)
CSG00167,轴向导向支架,GM508,,,1916T4003,20,,S2,QA3,件,180,Kg,尺寸项为管径ФD(in)
CSG00168,轴向导向支架,GM89,,,1916T4003,3,,NA,QNC,件,12,Kg,尺寸项为管径ФD(in)
CSG00169,轴向导向支架,GM114,,,1916T4003,4,,NA,QNC,件,14,Kg,尺寸项为管径ФD(in)
CSG00170,轴向导向支架,GM168,,,1916T4003,6,,NA,QNC,件,21,Kg,尺寸项为管径ФD(in)
CSG00171,轴向导向支架,GM219,,,1916T4003,8,,NA,QNC,件,35,Kg,尺寸项为管径ФD(in)
CSG00172,轴向导向支架,GM273,,,1916T4003,10,,NA,QNC,件,50,Kg,尺寸项为管径ФD(in)
CSG00173,轴向导向支架,GM324,,,1916T4003,12,,NA,QNC,件,59,Kg,尺寸项为管径ФD(in)
CSG00174,轴向导向支架,GM356,,,1916T4003,14,,NA,QNC,件,104,Kg,尺寸项为管径ФD(in)
CSG00175,轴向导向支架,GM406,,,1916T4003,16,,NA,QNC,件,123,Kg,尺寸项为管径ФD(in)
CSG00176,轴向导向支架,GM457,,,1916T4003,18,,NA,QNC,件,165,Kg,尺寸项为管径ФD(in)
CSG00177,轴向导向支架,GM508,,,1916T4003,20,,NA,QNC,件,180,Kg,尺寸项为管径ФD(in)
CSG00178,横向限位支架,GN89,,,1916T4003,3,,S1,QA3,件,7.5,Kg,尺寸项为管径ФD(in)
CSG00179,横向限位支架,GN114,,,1916T4003,4,,S1,QA3,件,10,Kg,尺寸项为管径ФD(in)
CSG00180,横向限位支架,GN168,,,1916T4003,6,,S1,QA3,件,18,Kg,尺寸项为管径ФD(in)
CSG00181,横向限位支架,GN219,,,1916T4003,8,,S1,QA3,件,31,Kg,尺寸项为管径ФD(in)
CSG00182,横向限位支架,GN273,,,1916T4003,10,,S1,QA3,件,44,Kg,尺寸项为管径ФD(in)
CSG00183,横向限位支架,GN324,,,1916T4003,12,,S1,QA3,件,53,Kg,尺寸项为管径ФD(in)
CSG00184,横向限位支架,GN356,,,1916T4003,14,,S1,QA3,件,90,Kg,尺寸项为管径ФD(in)
CSG00185,横向限位支架,GN406,,,1916T4003,16,,S1,QA3,件,109,Kg,尺寸项为管径ФD(in)
CSG00186,横向限位支架,GN457,,,1916T4003,18,,S1,QA3,件,140,Kg,尺寸项为管径ФD(in)
CSG00187,横向限位支架,GN508,,,1916T4003,20,,S1,QA3,件,154,Kg,尺寸项为管径ФD(in)
CSG00188,横向限位支架,GN89,,,1916T4003,3,,S2,QA3,件,7.5,Kg,尺寸项为管径ФD(in)
CSG00189,横向限位支架,GN114,,,1916T4003,4,,S2,QA3,件,10,Kg,尺寸项为管径ФD(in)
CSG00190,横向限位支架,GN168,,,1916T4003,6,,S2,QA3,件,18,Kg,尺寸项为管径ФD(in)
CSG00191,横向限位支架,GN219,,,1916T4003,8,,S2,QA3,件,31,Kg,尺寸项为管径ФD(in)
CSG00192,横向限位支架,GN273,,,1916T4003,10,,S2,QA3,件,44,Kg,尺寸项为管径ФD(in)
CSG00193,横向限位支架,GN324,,,1916T4003,12,,S2,QA3,件,53,Kg,尺寸项为管径ФD(in)
CSG00194,横向限位支架,GN356,,,1916T4003,14,,S2,QA3,件,90,Kg,尺寸项为管径ФD(in)
CSG00195,横向限位支架,GN406,,,1916T4003,16,,S2,QA3,件,109,Kg,尺寸项为管径ФD(in)
CSG00196,横向限位支架,GN457,,,1916T4003,18,,S2,QA3,件,140,Kg,尺寸项为管径ФD(in)
CSG00197,横向限位支架,GN508,,,1916T4003,20,,S2,QA3,件,154,Kg,尺寸项为管径ФD(in)
CSG00198,横向限位支架,GN89,,,1916T4003,3,,NA,QNC,件,7.5,Kg,尺寸项为管径ФD(in)
CSG00199,横向限位支架,GN114,,,1916T4003,4,,NA,QNC,件,10,Kg,尺寸项为管径ФD(in)
CSG00200,横向限位支架,GN168,,,1916T4003,6,,NA,QNC,件,18,Kg,尺寸项为管径ФD(in)
CSG00201,横向限位支架,GN219,,,1916T4003,8,,NA,QNC,件,31,Kg,尺寸项为管径ФD(in)
CSG00202,横向限位支架,GN273,,,1916T4003,10,,NA,QNC,件,44,Kg,尺寸项为管径ФD(in)
CSG00203,横向限位支架,GN324,,,1916T4003,12,,NA,QNC,件,53,Kg,尺寸项为管径ФD(in)
CSG00204,横向限位支架,GN356,,,1916T4003,14,,NA,QNC,件,90,Kg,尺寸项为管径ФD(in)
CSG00205,横向限位支架,GN406,,,1916T4003,16,,NA,QNC,件,109,Kg,尺寸项为管径ФD(in)
CSG00206,横向限位支架,GN457,,,1916T4003,18,,NA,QNC,件,140,Kg,尺寸项为管径ФD(in)
CSG00207,横向限位支架,GN508,,,1916T4003,20,,NA,QNC,件,154,Kg,尺寸项为管径ФD(in)
CSG00208,轴向导向支架,GP60a,,,1916T4003,2,,S1,QA3,件,9.5,Kg,尺寸项为管径ФD(in)
CSG00209,轴向导向支架,GP60b,,,1916T4003,2,,S1,QA3,件,11,Kg,尺寸项为管径ФD(in)
CSG00210,轴向导向支架,GP73a,,,1916T4003,2 1/2,,S1,QA3,件,11.7,Kg,尺寸项为管径ФD(in)
CSG00211,轴向导向支架,GP73b,,,1916T4003,2 1/2,,S1,QA3,件,12.9,Kg,尺寸项为管径ФD(in)
CSG00212,轴向导向支架,GP89a,,,1916T4003,3,,S1,QA3,件,13.2,Kg,尺寸项为管径ФD(in)
CSG00213,轴向导向支架,GP89b,,,1916T4003,3,,S1,QA3,件,15.3,Kg,尺寸项为管径ФD(in)
CSG00214,轴向导向支架,GP114a,,,1916T4003,4,,S1,QA3,件,17.6,Kg,尺寸项为管径ФD(in)
CSG00215,轴向导向支架,GP114b,,,1916T4003,4,,S1,QA3,件,20.3,Kg,尺寸项为管径ФD(in)
CSG00216,轴向导向支架,GP168a,,,1916T4003,6,,S1,QA3,件,31.7,Kg,尺寸项为管径ФD(in)
CSG00217,轴向导向支架,GP168b,,,1916T4003,6,,S1,QA3,件,36.1,Kg,尺寸项为管径ФD(in)
CSG00218,轴向导向支架,GP219a,,,1916T4003,8,,S1,QA3,件,40.1,Kg,尺寸项为管径ФD(in)
CSG00219,轴向导向支架,GP219b,,,1916T4003,8,,S1,QA3,件,45.4,Kg,尺寸项为管径ФD(in)
CSG00220,轴向导向支架,GP273a,,,1916T4003,10,,S1,QA3,件,63.4,Kg,尺寸项为管径ФD(in)
CSG00221,轴向导向支架,GP273b,,,1916T4003,10,,S1,QA3,件,69.8,Kg,尺寸项为管径ФD(in)
CSG00222,轴向导向支架,GP324a,,,1916T4003,12,,S1,QA3,件,66.8,Kg,尺寸项为管径ФD(in)
CSG00223,轴向导向支架,GP324b,,,1916T4003,12,,S1,QA3,件,73.2,Kg,尺寸项为管径ФD(in)
CSG00224,轴向导向支架,GP356a,,,1916T4003,14,,S1,QA3,件,138.8,Kg,尺寸项为管径ФD(in)
CSG00225,轴向导向支架,GP356b,,,1916T4003,14,,S1,QA3,件,151,Kg,尺寸项为管径ФD(in)
CSG00226,轴向导向支架,GP406a,,,1916T4003,16,,S1,QA3,件,171.8,Kg,尺寸项为管径ФD(in)
CSG00227,轴向导向支架,GP406b,,,1916T4003,16,,S1,QA3,件,185.4,Kg,尺寸项为管径ФD(in)
CSG00228,轴向导向支架,GP457a,,,1916T4003,18,,S1,QA3,件,234.4,Kg,尺寸项为管径ФD(in)
CSG00229,轴向导向支架,GP457b,,,1916T4003,18,,S1,QA3,件,252.6,Kg,尺寸项为管径ФD(in)
CSG00230,轴向导向支架,GP508a,,,1916T4003,20,,S1,QA3,件,241.7,Kg,尺寸项为管径ФD(in)
CSG00231,轴向导向支架,GP508b,,,1916T4003,20,,S1,QA3,件,259.9,Kg,尺寸项为管径ФD(in)
CSG00232,轴向导向支架,GP610a,,,1916T4003,24,,S1,QA3,件,372.5,Kg,尺寸项为管径ФD(in)
CSG00233,轴向导向支架,GP610b,,,1916T4003,24,,S1,QA3,件,394.5,Kg,尺寸项为管径ФD(in)
CSG00234,轴向导向支架,GP711a,,,1916T4003,28,,S1,QA3,件,577.4,Kg,尺寸项为管径ФD(in)
CSG00235,轴向导向支架,GP711b,,,1916T4003,28,,S1,QA3,件,610.4,Kg,尺寸项为管径ФD(in)
CSG00236,轴向导向支架,GP813a,,,1916T4003,32,,S1,QA3,件,708.6,Kg,尺寸项为管径ФD(in)
CSG00237,轴向导向支架,GP813b,,,1916T4003,32,,S1,QA3,件,741.5,Kg,尺寸项为管径ФD(in)
CSG00238,轴向导向支架,GP60a,,,1916T4003,2,,S2,QA3,件,9.5,Kg,尺寸项为管径ФD(in)
CSG00239,轴向导向支架,GP60b,,,1916T4003,2,,S2,QA3,件,11,Kg,尺寸项为管径ФD(in)
CSG00240,轴向导向支架,GP73a,,,1916T4003,2 1/2,,S2,QA3,件,11.7,Kg,尺寸项为管径ФD(in)
CSG00241,轴向导向支架,GP73b,,,1916T4003,2 1/2,,S2,QA3,件,12.9,Kg,尺寸项为管径ФD(in)
CSG00242,轴向导向支架,GP89a,,,1916T4003,3,,S2,QA3,件,13.2,Kg,尺寸项为管径ФD(in)
CSG00243,轴向导向支架,GP89b,,,1916T4003,3,,S2,QA3,件,15.3,Kg,尺寸项为管径ФD(in)
CSG00244,轴向导向支架,GP114a,,,1916T4003,4,,S2,QA3,件,17.6,Kg,尺寸项为管径ФD(in)
CSG00245,轴向导向支架,GP114b,,,1916T4003,4,,S2,QA3,件,20.3,Kg,尺寸项为管径ФD(in)
CSG00246,轴向导向支架,GP168a,,,1916T4003,6,,S2,QA3,件,31.7,Kg,尺寸项为管径ФD(in)
CSG00247,轴向导向支架,GP168b,,,1916T4003,6,,S2,QA3,件,36.1,Kg,尺寸项为管径ФD(in)
CSG00248,轴向导向支架,GP219a,,,1916T4003,8,,S2,QA3,件,40.1,Kg,尺寸项为管径ФD(in)
CSG00249,轴向导向支架,GP219b,,,1916T4003,8,,S2,QA3,件,45.4,Kg,尺寸项为管径ФD(in)
CSG00250,轴向导向支架,GP273a,,,1916T4003,10,,S2,QA3,件,63.4,Kg,尺寸项为管径ФD(in)
CSG00251,轴向导向支架,GP273b,,,1916T4003,10,,S2,QA3,件,69.8,Kg,尺寸项为管径ФD(in)
CSG00252,轴向导向支架,GP324a,,,1916T4003,12,,S2,QA3,件,66.8,Kg,尺寸项为管径ФD(in)
CSG00253,轴向导向支架,GP324b,,,1916T4003,12,,S2,QA3,件,73.2,Kg,尺寸项为管径ФD(in)
CSG00254,轴向导向支架,GP356a,,,1916T4003,14,,S2,QA3,件,138.8,Kg,尺寸项为管径ФD(in)
CSG00255,轴向导向支架,GP356b,,,1916T4003,14,,S2,QA3,件,151,Kg,尺寸项为管径ФD(in)
CSG00256,轴向导向支架,GP406a,,,1916T4003,16,,S2,QA3,件,171.8,Kg,尺寸项为管径ФD(in)
CSG00257,轴向导向支架,GP406b,,,1916T4003,16,,S2,QA3,件,185.4,Kg,尺寸项为管径ФD(in)
CSG00258,轴向导向支架,GP457a,,,1916T4003,18,,S2,QA3,件,234.4,Kg,尺寸项为管径ФD(in)
CSG00259,轴向导向支架,GP457b,,,1916T4003,18,,S2,QA3,件,252.6,Kg,尺寸项为管径ФD(in)
CSG00260,轴向导向支架,GP508a,,,1916T4003,20,,S2,QA3,件,241.7,Kg,尺寸项为管径ФD(in)
CSG00261,轴向导向支架,GP508b,,,1916T4003,20,,S2,QA3,件,259.9,Kg,尺寸项为管径ФD(in)
CSG00262,轴向导向支架,GP610a,,,1916T4003,24,,S2,QA3,件,372.5,Kg,尺寸项为管径ФD(in)
CSG00263,轴向导向支架,GP610b,,,1916T4003,24,,S2,QA3,件,394.5,Kg,尺寸项为管径ФD(in)
CSG00264,轴向导向支架,GP711a,,,1916T4003,28,,S2,QA3,件,577.4,Kg,尺寸项为管径ФD(in)
CSG00265,轴向导向支架,GP711b,,,1916T4003,28,,S2,QA3,件,610.4,Kg,尺寸项为管径ФD(in)
CSG00266,轴向导向支架,GP813a,,,1916T4003,32,,S2,QA3,件,708.6,Kg,尺寸项为管径ФD(in)
CSG00267,轴向导向支架,GP813b,,,1916T4003,32,,S2,QA3,件,741.5,Kg,尺寸项为管径ФD(in)
CSG00268,轴向导向支架,GP60a,,,1916T4003,2,,NA,QNC,件,9.5,Kg,尺寸项为管径ФD(in)
CSG00269,轴向导向支架,GP60b,,,1916T4003,2,,NA,QNC,件,11,Kg,尺寸项为管径ФD(in)
CSG00270,轴向导向支架,GP73a,,,1916T4003,2 1/2,,NA,QNC,件,11.7,Kg,尺寸项为管径ФD(in)
CSG00271,轴向导向支架,GP73b,,,1916T4003,2 1/2,,NA,QNC,件,12.9,Kg,尺寸项为管径ФD(in)
CSG00272,轴向导向支架,GP89a,,,1916T4003,3,,NA,QNC,件,13.2,Kg,尺寸项为管径ФD(in)
CSG00273,轴向导向支架,GP89b,,,1916T4003,3,,NA,QNC,件,15.3,Kg,尺寸项为管径ФD(in)
CSG00274,轴向导向支架,GP114a,,,1916T4003,4,,NA,QNC,件,17.6,Kg,尺寸项为管径ФD(in)
CSG00275,轴向导向支架,GP114b,,,1916T4003,4,,NA,QNC,件,20.3,Kg,尺寸项为管径ФD(in)
CSG00276,轴向导向支架,GP168a,,,1916T4003,6,,NA,QNC,件,31.7,Kg,尺寸项为管径ФD(in)
CSG00277,轴向导向支架,GP168b,,,1916T4003,6,,NA,QNC,件,36.1,Kg,尺寸项为管径ФD(in)
CSG00278,轴向导向支架,GP219a,,,1916T4003,8,,NA,QNC,件,40.1,Kg,尺寸项为管径ФD(in)
CSG00279,轴向导向支架,GP219b,,,1916T4003,8,,NA,QNC,件,45.4,Kg,尺寸项为管径ФD(in)
CSG00280,轴向导向支架,GP273a,,,1916T4003,10,,NA,QNC,件,63.4,Kg,尺寸项为管径ФD(in)
CSG00281,轴向导向支架,GP273b,,,1916T4003,10,,NA,QNC,件,69.8,Kg,尺寸项为管径ФD(in)
CSG00282,轴向导向支架,GP324a,,,1916T4003,12,,NA,QNC,件,66.8,Kg,尺寸项为管径ФD(in)
CSG00283,轴向导向支架,GP324b,,,1916T4003,12,,NA,QNC,件,73.2,Kg,尺寸项为管径ФD(in)
CSG00284,轴向导向支架,GP356a,,,1916T4003,14,,NA,QNC,件,138.8,Kg,尺寸项为管径ФD(in)
CSG00285,轴向导向支架,GP356b,,,1916T4003,14,,NA,QNC,件,151,Kg,尺寸项为管径ФD(in)
CSG00286,轴向导向支架,GP406a,,,1916T4003,16,,NA,QNC,件,171.8,Kg,尺寸项为管径ФD(in)
CSG00287,轴向导向支架,GP406b,,,1916T4003,16,,NA,QNC,件,185.4,Kg,尺寸项为管径ФD(in)
CSG00288,轴向导向支架,GP457a,,,1916T4003,18,,NA,QNC,件,234.4,Kg,尺寸项为管径ФD(in)
CSG00289,轴向导向支架,GP457b,,,1916T4003,18,,NA,QNC,件,252.6,Kg,尺寸项为管径ФD(in)
CSG00290,轴向导向支架,GP508a,,,1916T4003,20,,NA,QNC,件,241.7,Kg,尺寸项为管径ФD(in)
CSG00291,轴向导向支架,GP508b,,,1916T4003,20,,NA,QNC,件,259.9,Kg,尺寸项为管径ФD(in)
CSG00292,轴向导向支架,GP610a,,,1916T4003,24,,NA,QNC,件,372.5,Kg,尺寸项为管径ФD(in)
CSG00293,轴向导向支架,GP610b,,,1916T4003,24,,NA,QNC,件,394.5,Kg,尺寸项为管径ФD(in)
CSG00294,轴向导向支架,GP711a,,,1916T4003,28,,NA,QNC,件,577.4,Kg,尺寸项为管径ФD(in)
CSG00295,轴向导向支架,GP711b,,,1916T4003,28,,NA,QNC,件,610.4,Kg,尺寸项为管径ФD(in)
CSG00296,轴向导向支架,GP813a,,,1916T4003,32,,NA,QNC,件,708.6,Kg,尺寸项为管径ФD(in)
CSG00297,轴向导向支架,GP813b,,,1916T4003,32,,NA,QNC,件,741.5,Kg,尺寸项为管径ФD(in)
CSG00298,横向限位支架,GR60a,,,1916T4003,2,,S1,QA3,件,5,Kg,尺寸项为管径ФD(in)
CSG00299,横向限位支架,GR60b,,,1916T4003,2,,S1,QA3,件,6,Kg,尺寸项为管径ФD(in)
CSG00300,横向限位支架,GR89a,,,1916T4003,3,,S1,QA3,件,10,Kg,尺寸项为管径ФD(in)
CSG00301,横向限位支架,GR89b,,,1916T4003,3,,S1,QA3,件,11.5,Kg,尺寸项为管径ФD(in)
CSG00302,横向限位支架,GR114a,,,1916T4003,4,,S1,QA3,件,13.5,Kg,尺寸项为管径ФD(in)
CSG00303,横向限位支架,GR114b,,,1916T4003,4,,S1,QA3,件,16,Kg,尺寸项为管径ФD(in)
CSG00304,横向限位支架,GR168a,,,1916T4003,6,,S1,QA3,件,27,Kg,尺寸项为管径ФD(in)
CSG00305,横向限位支架,GR168b,,,1916T4003,6,,S1,QA3,件,32,Kg,尺寸项为管径ФD(in)
CSG00306,横向限位支架,GR219a,,,1916T4003,8,,S1,QA3,件,36,Kg,尺寸项为管径ФD(in)
CSG00307,横向限位支架,GR219b,,,1916T4003,8,,S1,QA3,件,42,Kg,尺寸项为管径ФD(in)
CSG00308,横向限位支架,GR273a,,,1916T4003,10,,S1,QA3,件,57,Kg,尺寸项为管径ФD(in)
CSG00309,横向限位支架,GR273b,,,1916T4003,10,,S1,QA3,件,63,Kg,尺寸项为管径ФD(in)
CSG00310,横向限位支架,GR324a,,,1916T4003,12,,S1,QA3,件,60,Kg,尺寸项为管径ФD(in)
CSG00311,横向限位支架,GR324b,,,1916T4003,12,,S1,QA3,件,66,Kg,尺寸项为管径ФD(in)
CSG00312,横向限位支架,GR356a,,,1916T4003,14,,S1,QA3,件,118,Kg,尺寸项为管径ФD(in)
CSG00313,横向限位支架,GR356b,,,1916T4003,14,,S1,QA3,件,130,Kg,尺寸项为管径ФD(in)
CSG00314,横向限位支架,GR406a,,,1916T4003,16,,S1,QA3,件,150,Kg,尺寸项为管径ФD(in)
CSG00315,横向限位支架,GR406b,,,1916T4003,16,,S1,QA3,件,164,Kg,尺寸项为管径ФD(in)
CSG00316,横向限位支架,GR457a,,,1916T4003,18,,S1,QA3,件,188,Kg,尺寸项为管径ФD(in)
CSG00317,横向限位支架,GR457b,,,1916T4003,18,,S1,QA3,件,206.5,Kg,尺寸项为管径ФD(in)
CSG00318,横向限位支架,GR508a,,,1916T4003,20,,S1,QA3,件,209,Kg,尺寸项为管径ФD(in)
CSG00319,横向限位支架,GR508b,,,1916T4003,20,,S1,QA3,件,227,Kg,尺寸项为管径ФD(in)
CSG00320,横向限位支架,GR610a,,,1916T4003,24,,S1,QA3,件,319,Kg,尺寸项为管径ФD(in)
CSG00321,横向限位支架,GR610b,,,1916T4003,24,,S1,QA3,件,341,Kg,尺寸项为管径ФD(in)
CSG00322,横向限位支架,GR711a,,,1916T4003,28,,S1,QA3,件,355,Kg,尺寸项为管径ФD(in)
CSG00323,横向限位支架,GR711b,,,1916T4003,28,,S1,QA3,件,388,Kg,尺寸项为管径ФD(in)
CSG00324,横向限位支架,GR813a,,,1916T4003,32,,S1,QA3,件,416,Kg,尺寸项为管径ФD(in)
CSG00325,横向限位支架,GR813b,,,1916T4003,32,,S1,QA3,件,448.5,Kg,尺寸项为管径ФD(in)
CSG00326,横向限位支架,GR60a,,,1916T4003,2,,S2,QA3,件,5,Kg,尺寸项为管径ФD(in)
CSG00327,横向限位支架,GR60b,,,1916T4003,2,,S2,QA3,件,6,Kg,尺寸项为管径ФD(in)
CSG00328,横向限位支架,GR89a,,,1916T4003,3,,S2,QA3,件,10,Kg,尺寸项为管径ФD(in)
CSG00329,横向限位支架,GR89b,,,1916T4003,3,,S2,QA3,件,11.5,Kg,尺寸项为管径ФD(in)
CSG00330,横向限位支架,GR114a,,,1916T4003,4,,S2,QA3,件,13.5,Kg,尺寸项为管径ФD(in)
CSG00331,横向限位支架,GR114b,,,1916T4003,4,,S2,QA3,件,16,Kg,尺寸项为管径ФD(in)
CSG00332,横向限位支架,GR168a,,,1916T4003,6,,S2,QA3,件,27,Kg,尺寸项为管径ФD(in)
CSG00333,横向限位支架,GR168b,,,1916T4003,6,,S2,QA3,件,32,Kg,尺寸项为管径ФD(in)
CSG00334,横向限位支架,GR219a,,,1916T4003,8,,S2,QA3,件,36,Kg,尺寸项为管径ФD(in)
CSG00335,横向限位支架,GR219b,,,1916T4003,8,,S2,QA3,件,42,Kg,尺寸项为管径ФD(in)
CSG00336,横向限位支架,GR273a,,,1916T4003,10,,S2,QA3,件,57,Kg,尺寸项为管径ФD(in)
CSG00337,横向限位支架,GR273b,,,1916T4003,10,,S2,QA3,件,63,Kg,尺寸项为管径ФD(in)
CSG00338,横向限位支架,GR324a,,,1916T4003,12,,S2,QA3,件,60,Kg,尺寸项为管径ФD(in)
CSG00339,横向限位支架,GR324b,,,1916T4003,12,,S2,QA3,件,66,Kg,尺寸项为管径ФD(in)
CSG00340,横向限位支架,GR356a,,,1916T4003,14,,S2,QA3,件,118,Kg,尺寸项为管径ФD(in)
CSG00341,横向限位支架,GR356b,,,1916T4003,14,,S2,QA3,件,130,Kg,尺寸项为管径ФD(in)
CSG00342,横向限位支架,GR406a,,,1916T4003,16,,S2,QA3,件,150,Kg,尺寸项为管径ФD(in)
CSG00343,横向限位支架,GR406b,,,1916T4003,16,,S2,QA3,件,164,Kg,尺寸项为管径ФD(in)
CSG00344,横向限位支架,GR457a,,,1916T4003,18,,S2,QA3,件,188,Kg,尺寸项为管径ФD(in)
CSG00345,横向限位支架,GR457b,,,1916T4003,18,,S2,QA3,件,206.5,Kg,尺寸项为管径ФD(in)
CSG00346,横向限位支架,GR508a,,,1916T4003,20,,S2,QA3,件,209,Kg,尺寸项为管径ФD(in)
CSG00347,横向限位支架,GR508b,,,1916T4003,20,,S2,QA3,件,227,Kg,尺寸项为管径ФD(in)
CSG00348,横向限位支架,GR610a,,,1916T4003,24,,S2,QA3,件,319,Kg,尺寸项为管径ФD(in)
CSG00349,横向限位支架,GR610b,,,1916T4003,24,,S2,QA3,件,341,Kg,尺寸项为管径ФD(in)
CSG00350,横向限位支架,GR711a,,,1916T4003,28,,S2,QA3,件,355,Kg,尺寸项为管径ФD(in)
CSG00351,横向限位支架,GR711b,,,1916T4003,28,,S2,QA3,件,388,Kg,尺寸项为管径ФD(in)
CSG00352,横向限位支架,GR813a,,,1916T4003,32,,S2,QA3,件,416,Kg,尺寸项为管径ФD(in)
CSG00353,横向限位支架,GR813b,,,1916T4003,32,,S2,QA3,件,448.5,Kg,尺寸项为管径ФD(in)
CSG00354,横向限位支架,GR60a,,,1916T4003,2,,NA,QNC,件,5,Kg,尺寸项为管径ФD(in)
CSG00355,横向限位支架,GR60b,,,1916T4003,2,,NA,QNC,件,6,Kg,尺寸项为管径ФD(in)
CSG00356,横向限位支架,GR89a,,,1916T4003,3,,NA,QNC,件,10,Kg,尺寸项为管径ФD(in)
CSG00357,横向限位支架,GR89b,,,1916T4003,3,,NA,QNC,件,11.5,Kg,尺寸项为管径ФD(in)
CSG00358,横向限位支架,GR114a,,,1916T4003,4,,NA,QNC,件,13.5,Kg,尺寸项为管径ФD(in)
CSG00359,横向限位支架,GR114b,,,1916T4003,4,,NA,QNC,件,16,Kg,尺寸项为管径ФD(in)
CSG00360,横向限位支架,GR168a,,,1916T4003,6,,NA,QNC,件,27,Kg,尺寸项为管径ФD(in)
CSG00361,横向限位支架,GR168b,,,1916T4003,6,,NA,QNC,件,32,Kg,尺寸项为管径ФD(in)
CSG00362,横向限位支架,GR219a,,,1916T4003,8,,NA,QNC,件,36,Kg,尺寸项为管径ФD(in)
CSG00363,横向限位支架,GR219b,,,1916T4003,8,,NA,QNC,件,42,Kg,尺寸项为管径ФD(in)
CSG00364,横向限位支架,GR273a,,,1916T4003,10,,NA,QNC,件,57,Kg,尺寸项为管径ФD(in)
CSG00365,横向限位支架,GR273b,,,1916T4003,10,,NA,QNC,件,63,Kg,尺寸项为管径ФD(in)
CSG00366,横向限位支架,GR324a,,,1916T4003,12,,NA,QNC,件,60,Kg,尺寸项为管径ФD(in)
CSG00367,横向限位支架,GR324b,,,1916T4003,12,,NA,QNC,件,66,Kg,尺寸项为管径ФD(in)
CSG00368,横向限位支架,GR356a,,,1916T4003,14,,NA,QNC,件,118,Kg,尺寸项为管径ФD(in)
CSG00369,横向限位支架,GR356b,,,1916T4003,14,,NA,QNC,件,130,Kg,尺寸项为管径ФD(in)
CSG00370,横向限位支架,GR406a,,,1916T4003,16,,NA,QNC,件,150,Kg,尺寸项为管径ФD(in)
CSG00371,横向限位支架,GR406b,,,1916T4003,16,,NA,QNC,件,164,Kg,尺寸项为管径ФD(in)
CSG00372,横向限位支架,GR457a,,,1916T4003,18,,NA,QNC,件,188,Kg,尺寸项为管径ФD(in)
CSG00373,横向限位支架,GR457b,,,1916T4003,18,,NA,QNC,件,206.5,Kg,尺寸项为管径ФD(in)
CSG00374,横向限位支架,GR508a,,,1916T4003,20,,NA,QNC,件,209,Kg,尺寸项为管径ФD(in)
CSG00375,横向限位支架,GR508b,,,1916T4003,20,,NA,QNC,件,227,Kg,尺寸项为管径ФD(in)
CSG00376,横向限位支架,GR610a,,,1916T4003,24,,NA,QNC,件,319,Kg,尺寸项为管径ФD(in)
CSG00377,横向限位支架,GR610b,,,1916T4003,24,,NA,QNC,件,341,Kg,尺寸项为管径ФD(in)
CSG00378,横向限位支架,GR711a,,,1916T4003,28,,NA,QNC,件,355,Kg,尺寸项为管径ФD(in)
CSG00379,横向限位支架,GR711b,,,1916T4003,28,,NA,QNC,件,388,Kg,尺寸项为管径ФD(in)
CSG00380,横向限位支架,GR813a,,,1916T4003,32,,NA,QNC,件,416,Kg,尺寸项为管径ФD(in)
CSG00381,横向限位支架,GR813b,,,1916T4003,32,,NA,QNC,件,448.5,Kg,尺寸项为管径ФD(in)
CSP00100,固定支架,PA13A1,20,,1916T4003, 1/4,,S2,QA3,件,0.5,Kg,尺寸项为管径ФD(in)，材料牌号为管A材料
CSP00101,固定支架,PA13A2,20,,1916T4003, 1/4,,S2,QA3,件,0.5,Kg,尺寸项为管径ФD(in)，材料牌号为管A材料
CSP00102,固定支架,PA13B1,20,,1916T4003, 1/4,,S2,QA3,件,0.5,Kg,尺寸项为管径ФD(in)，材料牌号为管A材料
CSP00103,固定支架,PA13B2,20,,1916T4003, 1/4,,S2,QA3,件,0.5,Kg,尺寸项为管径ФD(in)，材料牌号为管A材料
CSP00104,固定支架,PA21A1,20,,1916T4003, 1/2,,S2,QA3,件,0.5,Kg,尺寸项为管径ФD(in)，材料牌号为管A材料
CSP00105,固定支架,PA21A2,20,,1916T4003, 1/2,,S2,QA3,件,0.5,Kg,尺寸项为管径ФD(in)，材料牌号为管A材料
CSP00106,固定支架,PA21B1,20,,1916T4003, 1/2,,S2,QA3,件,0.5,Kg,尺寸项为管径ФD(in)，材料牌号为管A材料
CSP00107,固定支架,PA21B2,20,,1916T4003, 1/2,,S2,QA3,件,0.5,Kg,尺寸项为管径ФD(in)，材料牌号为管A材料
CSP00108,固定支架,PA27A1,20,,1916T4003, 3/4,,S2,QA3,件,1,Kg,尺寸项为管径ФD(in)，材料牌号为管A材料
CSP00109,固定支架,PA27A2,20,,1916T4003, 3/4,,S2,QA3,件,1,Kg,尺寸项为管径ФD(in)，材料牌号为管A材料
CSP00110,固定支架,PA27B1,20,,1916T4003, 3/4,,S2,QA3,件,1,Kg,尺寸项为管径ФD(in)，材料牌号为管A材料
CSP00111,固定支架,PA27B2,20,,1916T4003, 3/4,,S2,QA3,件,1,Kg,尺寸项为管径ФD(in)，材料牌号为管A材料
CSP00112,固定支架,PA33A1,20,,1916T4003,1,,S2,QA3,件,2,Kg,尺寸项为管径ФD(in)，材料牌号为管A材料
CSP00113,固定支架,PA33A2,20,,1916T4003,1,,S2,QA3,件,2,Kg,尺寸项为管径ФD(in)，材料牌号为管A材料
CSP00114,固定支架,PA33B1,20,,1916T4003,1,,S2,QA3,件,2,Kg,尺寸项为管径ФD(in)，材料牌号为管A材料
CSP00115,固定支架,PA33B2,20,,1916T4003,1,,S2,QA3,件,2,Kg,尺寸项为管径ФD(in)，材料牌号为管A材料
CSP00116,固定支架,PA48A1,20,,1916T4003,1 1/2,,S2,QA3,件,3.5,Kg,尺寸项为管径ФD(in)，材料牌号为管A材料
CSP00117,固定支架,PA48A2,20,,1916T4003,1 1/2,,S2,QA3,件,3.5,Kg,尺寸项为管径ФD(in)，材料牌号为管A材料
CSP00118,固定支架,PA48B1,20,,1916T4003,1 1/2,,S2,QA3,件,3.5,Kg,尺寸项为管径ФD(in)，材料牌号为管A材料
CSP00119,固定支架,PA48B2,20,,1916T4003,1 1/2,,S2,QA3,件,3.5,Kg,尺寸项为管径ФD(in)，材料牌号为管A材料
CSP00120,固定支架,PH60a,20,,1916T4003,2,,S1,QA3,件,23,Kg,尺寸项为管径ФD(in)，材料牌号为支管B材料
CSP00121,固定支架,PH60b,20,,1916T4003,2,,S1,QA3,件,5,Kg,尺寸项为管径ФD(in)，材料牌号为支管B材料
CSP00122,固定支架,PH60c,20,,1916T4003,2,,S1,QA3,件,9,Kg,尺寸项为管径ФD(in)，材料牌号为支管B材料
CSP00123,固定支架,PH89a,20,,1916T4003,3,,S1,QA3,件,29,Kg,尺寸项为管径ФD(in)，材料牌号为支管B材料
CSP00124,固定支架,PH89b,20,,1916T4003,3,,S1,QA3,件,8,Kg,尺寸项为管径ФD(in)，材料牌号为支管B材料
CSP00125,固定支架,PH89c,20,,1916T4003,3,,S1,QA3,件,13,Kg,尺寸项为管径ФD(in)，材料牌号为支管B材料
CSP00126,固定支架,PH60a,20,,1916T4003,2,,S2,QA3,件,23,Kg,尺寸项为管径ФD(in)，材料牌号为支管B材料
CSP00127,固定支架,PH60b,20,,1916T4003,2,,S2,QA3,件,5,Kg,尺寸项为管径ФD(in)，材料牌号为支管B材料
CSP00128,固定支架,PH60c,20,,1916T4003,2,,S2,QA3,件,9,Kg,尺寸项为管径ФD(in)，材料牌号为支管B材料
CSP00129,固定支架,PH89a,20,,1916T4003,3,,S2,QA3,件,29,Kg,尺寸项为管径ФD(in)，材料牌号为支管B材料
CSP00130,固定支架,PH89b,20,,1916T4003,3,,S2,QA3,件,8,Kg,尺寸项为管径ФD(in)，材料牌号为支管B材料
CSP00131,固定支架,PH89c,20,,1916T4003,3,,S2,QA3,件,13,Kg,尺寸项为管径ФD(in)，材料牌号为支管B材料
CSP00132,固定支架,PH60a,20,,1916T4003,2,,NA,QNC,件,23,Kg,尺寸项为管径ФD(in)，材料牌号为支管B材料
CSP00133,固定支架,PH60b,20,,1916T4003,2,,NA,QNC,件,5,Kg,尺寸项为管径ФD(in)，材料牌号为支管B材料
CSP00134,固定支架,PH60c,20,,1916T4003,2,,NA,QNC,件,9,Kg,尺寸项为管径ФD(in)，材料牌号为支管B材料
CSP00135,固定支架,PH89a,20,,1916T4003,3,,NA,QNC,件,29,Kg,尺寸项为管径ФD(in)，材料牌号为支管B材料
CSP00136,固定支架,PH89b,20,,1916T4003,3,,NA,QNC,件,8,Kg,尺寸项为管径ФD(in)，材料牌号为支管B材料
CSP00137,固定支架,PH89c,20,,1916T4003,3,,NA,QNC,件,13,Kg,尺寸项为管径ФD(in)，材料牌号为支管B材料
CSP00138,固定支架,PJ114a1,20,,1916T4003,4,,S1,QA3,件,32,Kg,尺寸项为管径Ф(in)，材料牌号为锥管材料
CSP00139,固定支架,PJ114a2,20,,1916T4003,4,,S1,QA3,件,33,Kg,尺寸项为管径Ф(in)，材料牌号为锥管材料
CSP00140,固定支架,PJ114b1,20,,1916T4003,4,,S1,QA3,件,13,Kg,尺寸项为管径Ф(in)，材料牌号为锥管材料
CSP00141,固定支架,PJ114b2,20,,1916T4003,4,,S1,QA3,件,14,Kg,尺寸项为管径Ф(in)，材料牌号为锥管材料
CSP00142,固定支架,PJ168a1,20,,1916T4003,6,,S1,QA3,件,42,Kg,尺寸项为管径Ф(in)，材料牌号为锥管材料
CSP00143,固定支架,PJ168a2,20,,1916T4003,6,,S1,QA3,件,44,Kg,尺寸项为管径Ф(in)，材料牌号为锥管材料
CSP00144,固定支架,PJ168b1,20,,1916T4003,6,,S1,QA3,件,19,Kg,尺寸项为管径Ф(in)，材料牌号为锥管材料
CSP00145,固定支架,PJ168b2,20,,1916T4003,6,,S1,QA3,件,21,Kg,尺寸项为管径Ф(in)，材料牌号为锥管材料
CSP00146,固定支架,PJ219a1,20,,1916T4003,8,,S1,QA3,件,70,Kg,尺寸项为管径Ф(in)，材料牌号为锥管材料
CSP00147,固定支架,PJ219a2,20,,1916T4003,8,,S1,QA3,件,73,Kg,尺寸项为管径Ф(in)，材料牌号为锥管材料
CSP00148,固定支架,PJ219b1,20,,1916T4003,8,,S1,QA3,件,37,Kg,尺寸项为管径Ф(in)，材料牌号为锥管材料
CSP00149,固定支架,PJ219b2,20,,1916T4003,8,,S1,QA3,件,40,Kg,尺寸项为管径Ф(in)，材料牌号为锥管材料
CSP00150,固定支架,PJ273a1,20,,1916T4003,10,,S1,QA3,件,103,Kg,尺寸项为管径Ф(in)，材料牌号为锥管材料
CSP00151,固定支架,PJ273a2,20,,1916T4003,10,,S1,QA3,件,114,Kg,尺寸项为管径Ф(in)，材料牌号为锥管材料
CSP00152,固定支架,PJ273b1,20,,1916T4003,10,,S1,QA3,件,72,Kg,尺寸项为管径Ф(in)，材料牌号为锥管材料
CSP00153,固定支架,PJ273b2,20,,1916T4003,10,,S1,QA3,件,83,Kg,尺寸项为管径Ф(in)，材料牌号为锥管材料
CSP00154,固定支架,PJ324a1,20,,1916T4003,12,,S1,QA3,件,198,Kg,尺寸项为管径Ф(in)，材料牌号为锥管材料
CSP00155,固定支架,PJ324a2,20,,1916T4003,12,,S1,QA3,件,213,Kg,尺寸项为管径Ф(in)，材料牌号为锥管材料
CSP00156,固定支架,PJ324b1,20,,1916T4003,12,,S1,QA3,件,116,Kg,尺寸项为管径Ф(in)，材料牌号为锥管材料
CSP00157,固定支架,PJ324b2,20,,1916T4003,12,,S1,QA3,件,131,Kg,尺寸项为管径Ф(in)，材料牌号为锥管材料
CSP00158,固定支架,PJ356a1,20,,1916T4003,14,,S1,QA3,件,198,Kg,尺寸项为管径Ф(in)，材料牌号为锥管材料
CSP00159,固定支架,PJ356a2,20,,1916T4003,14,,S1,QA3,件,213,Kg,尺寸项为管径Ф(in)，材料牌号为锥管材料
CSP00160,固定支架,PJ356b1,20,,1916T4003,14,,S1,QA3,件,116,Kg,尺寸项为管径Ф(in)，材料牌号为锥管材料
CSP00161,固定支架,PJ356b2,20,,1916T4003,14,,S1,QA3,件,131,Kg,尺寸项为管径Ф(in)，材料牌号为锥管材料
CSP00162,固定支架,PJ406a1,20,,1916T4003,16,,S1,QA3,件,198,Kg,尺寸项为管径Ф(in)，材料牌号为锥管材料
CSP00163,固定支架,PJ406a2,20,,1916T4003,16,,S1,QA3,件,213,Kg,尺寸项为管径Ф(in)，材料牌号为锥管材料
CSP00164,固定支架,PJ406b1,20,,1916T4003,16,,S1,QA3,件,116,Kg,尺寸项为管径Ф(in)，材料牌号为锥管材料
CSP00165,固定支架,PJ406b2,20,,1916T4003,16,,S1,QA3,件,131,Kg,尺寸项为管径Ф(in)，材料牌号为锥管材料
CSP00166,固定支架,PJ114a1,20,,1916T4003,4,,S2,QA3,件,32,Kg,尺寸项为管径Ф(in)，材料牌号为锥管材料
CSP00167,固定支架,PJ114a2,20,,1916T4003,4,,S2,QA3,件,33,Kg,尺寸项为管径Ф(in)，材料牌号为锥管材料
CSP00168,固定支架,PJ114b1,20,,1916T4003,4,,S2,QA3,件,13,Kg,尺寸项为管径Ф(in)，材料牌号为锥管材料
CSP00169,固定支架,PJ114b2,20,,1916T4003,4,,S2,QA3,件,14,Kg,尺寸项为管径Ф(in)，材料牌号为锥管材料
CSP00170,固定支架,PJ168a1,20,,1916T4003,6,,S2,QA3,件,42,Kg,尺寸项为管径Ф(in)，材料牌号为锥管材料
CSP00171,固定支架,PJ168a2,20,,1916T4003,6,,S2,QA3,件,44,Kg,尺寸项为管径Ф(in)，材料牌号为锥管材料
CSP00172,固定支架,PJ168b1,20,,1916T4003,6,,S2,QA3,件,19,Kg,尺寸项为管径Ф(in)，材料牌号为锥管材料
CSP00173,固定支架,PJ168b2,20,,1916T4003,6,,S2,QA3,件,21,Kg,尺寸项为管径Ф(in)，材料牌号为锥管材料
CSP00174,固定支架,PJ219a1,20,,1916T4003,8,,S2,QA3,件,70,Kg,尺寸项为管径Ф(in)，材料牌号为锥管材料
CSP00175,固定支架,PJ219a2,20,,1916T4003,8,,S2,QA3,件,73,Kg,尺寸项为管径Ф(in)，材料牌号为锥管材料
CSP00176,固定支架,PJ219b1,20,,1916T4003,8,,S2,QA3,件,37,Kg,尺寸项为管径Ф(in)，材料牌号为锥管材料
CSP00177,固定支架,PJ219b2,20,,1916T4003,8,,S2,QA3,件,40,Kg,尺寸项为管径Ф(in)，材料牌号为锥管材料
CSP00178,固定支架,PJ273a1,20,,1916T4003,10,,S2,QA3,件,103,Kg,尺寸项为管径Ф(in)，材料牌号为锥管材料
CSP00179,固定支架,PJ273a2,20,,1916T4003,10,,S2,QA3,件,114,Kg,尺寸项为管径Ф(in)，材料牌号为锥管材料
CSP00180,固定支架,PJ273b1,20,,1916T4003,10,,S2,QA3,件,72,Kg,尺寸项为管径Ф(in)，材料牌号为锥管材料
CSP00181,固定支架,PJ273b2,20,,1916T4003,10,,S2,QA3,件,83,Kg,尺寸项为管径Ф(in)，材料牌号为锥管材料
CSP00182,固定支架,PJ324a1,20,,1916T4003,12,,S2,QA3,件,198,Kg,尺寸项为管径Ф(in)，材料牌号为锥管材料
CSP00183,固定支架,PJ324a2,20,,1916T4003,12,,S2,QA3,件,213,Kg,尺寸项为管径Ф(in)，材料牌号为锥管材料
CSP00184,固定支架,PJ324b1,20,,1916T4003,12,,S2,QA3,件,116,Kg,尺寸项为管径Ф(in)，材料牌号为锥管材料
CSP00185,固定支架,PJ324b2,20,,1916T4003,12,,S2,QA3,件,131,Kg,尺寸项为管径Ф(in)，材料牌号为锥管材料
CSP00186,固定支架,PJ356a1,20,,1916T4003,14,,S2,QA3,件,198,Kg,尺寸项为管径Ф(in)，材料牌号为锥管材料
CSP00187,固定支架,PJ356a2,20,,1916T4003,14,,S2,QA3,件,213,Kg,尺寸项为管径Ф(in)，材料牌号为锥管材料
CSP00188,固定支架,PJ356b1,20,,1916T4003,14,,S2,QA3,件,116,Kg,尺寸项为管径Ф(in)，材料牌号为锥管材料
CSP00189,固定支架,PJ356b2,20,,1916T4003,14,,S2,QA3,件,131,Kg,尺寸项为管径Ф(in)，材料牌号为锥管材料
CSP00190,固定支架,PJ406a1,20,,1916T4003,16,,S2,QA3,件,198,Kg,尺寸项为管径Ф(in)，材料牌号为锥管材料
CSP00191,固定支架,PJ406a2,20,,1916T4003,16,,S2,QA3,件,213,Kg,尺寸项为管径Ф(in)，材料牌号为锥管材料
CSP00192,固定支架,PJ406b1,20,,1916T4003,16,,S2,QA3,件,116,Kg,尺寸项为管径Ф(in)，材料牌号为锥管材料
CSP00193,固定支架,PJ406b2,20,,1916T4003,16,,S2,QA3,件,131,Kg,尺寸项为管径Ф(in)，材料牌号为锥管材料
CSP00194,固定支架,PJ114a1,20,,1916T4003,4,,NA,QNC,件,32,Kg,尺寸项为管径Ф(in)，材料牌号为锥管材料
CSP00195,固定支架,PJ114a2,20,,1916T4003,4,,NA,QNC,件,33,Kg,尺寸项为管径Ф(in)，材料牌号为锥管材料
CSP00196,固定支架,PJ114b1,20,,1916T4003,4,,NA,QNC,件,13,Kg,尺寸项为管径Ф(in)，材料牌号为锥管材料
CSP00197,固定支架,PJ114b2,20,,1916T4003,4,,NA,QNC,件,14,Kg,尺寸项为管径Ф(in)，材料牌号为锥管材料
CSP00198,固定支架,PJ168a1,20,,1916T4003,6,,NA,QNC,件,42,Kg,尺寸项为管径Ф(in)，材料牌号为锥管材料
CSP00199,固定支架,PJ168a2,20,,1916T4003,6,,NA,QNC,件,44,Kg,尺寸项为管径Ф(in)，材料牌号为锥管材料
CSP00200,固定支架,PJ168b1,20,,1916T4003,6,,NA,QNC,件,19,Kg,尺寸项为管径Ф(in)，材料牌号为锥管材料
CSP00201,固定支架,PJ168b2,20,,1916T4003,6,,NA,QNC,件,21,Kg,尺寸项为管径Ф(in)，材料牌号为锥管材料
CSP00202,固定支架,PJ219a1,20,,1916T4003,8,,NA,QNC,件,70,Kg,尺寸项为管径Ф(in)，材料牌号为锥管材料
CSP00203,固定支架,PJ219a2,20,,1916T4003,8,,NA,QNC,件,73,Kg,尺寸项为管径Ф(in)，材料牌号为锥管材料
CSP00204,固定支架,PJ219b1,20,,1916T4003,8,,NA,QNC,件,37,Kg,尺寸项为管径Ф(in)，材料牌号为锥管材料
CSP00205,固定支架,PJ219b2,20,,1916T4003,8,,NA,QNC,件,40,Kg,尺寸项为管径Ф(in)，材料牌号为锥管材料
CSP00206,固定支架,PJ273a1,20,,1916T4003,10,,NA,QNC,件,103,Kg,尺寸项为管径Ф(in)，材料牌号为锥管材料
CSP00207,固定支架,PJ273a2,20,,1916T4003,10,,NA,QNC,件,114,Kg,尺寸项为管径Ф(in)，材料牌号为锥管材料
CSP00208,固定支架,PJ273b1,20,,1916T4003,10,,NA,QNC,件,72,Kg,尺寸项为管径Ф(in)，材料牌号为锥管材料
CSP00209,固定支架,PJ273b2,20,,1916T4003,10,,NA,QNC,件,83,Kg,尺寸项为管径Ф(in)，材料牌号为锥管材料
CSP00210,固定支架,PJ324a1,20,,1916T4003,12,,NA,QNC,件,198,Kg,尺寸项为管径Ф(in)，材料牌号为锥管材料
CSP00211,固定支架,PJ324a2,20,,1916T4003,12,,NA,QNC,件,213,Kg,尺寸项为管径Ф(in)，材料牌号为锥管材料
CSP00212,固定支架,PJ324b1,20,,1916T4003,12,,NA,QNC,件,116,Kg,尺寸项为管径Ф(in)，材料牌号为锥管材料
CSP00213,固定支架,PJ324b2,20,,1916T4003,12,,NA,QNC,件,131,Kg,尺寸项为管径Ф(in)，材料牌号为锥管材料
CSP00214,固定支架,PJ356a1,20,,1916T4003,14,,NA,QNC,件,198,Kg,尺寸项为管径Ф(in)，材料牌号为锥管材料
CSP00215,固定支架,PJ356a2,20,,1916T4003,14,,NA,QNC,件,213,Kg,尺寸项为管径Ф(in)，材料牌号为锥管材料
CSP00216,固定支架,PJ356b1,20,,1916T4003,14,,NA,QNC,件,116,Kg,尺寸项为管径Ф(in)，材料牌号为锥管材料
CSP00217,固定支架,PJ356b2,20,,1916T4003,14,,NA,QNC,件,131,Kg,尺寸项为管径Ф(in)，材料牌号为锥管材料
CSP00218,固定支架,PJ406a1,20,,1916T4003,16,,NA,QNC,件,198,Kg,尺寸项为管径Ф(in)，材料牌号为锥管材料
CSP00219,固定支架,PJ406a2,20,,1916T4003,16,,NA,QNC,件,213,Kg,尺寸项为管径Ф(in)，材料牌号为锥管材料
CSP00220,固定支架,PJ406b1,20,,1916T4003,16,,NA,QNC,件,116,Kg,尺寸项为管径Ф(in)，材料牌号为锥管材料
CSP00221,固定支架,PJ406b2,20,,1916T4003,16,,NA,QNC,件,131,Kg,尺寸项为管径Ф(in)，材料牌号为锥管材料
CSP00222,托架,PV813a,20,,1916T4003,32,,S1,QA3,件,111.76,Kg,"尺寸为32""，材料牌号为管材料"
CSP00223,托架,PV813b,20,,1916T4003,32,,S1,QA3,件,120.55,Kg,"尺寸为32""，材料牌号为管材料"
CSP00224,托架,PV813a,20,,1916T4003,32,,S2,QA3,件,111.76,Kg,"尺寸为32""，材料牌号为管材料"
CSP00225,托架,PV813b,20,,1916T4003,32,,S2,QA3,件,120.55,Kg,"尺寸为32""，材料牌号为管材料"
CSP00226,托架,PV813a,20,,1916T4003,32,,NA,QNC,件,111.76,Kg,"尺寸为32""，材料牌号为管材料"
CSP00227,托架,PV813b,20,,1916T4003,32,,NA,QNC,件,120.55,Kg,"尺寸为32""，材料牌号为管材料"
CSP00228,固定支座支管,TM60B1,20,,1916T4003,"2"" Sch80S",,S1,QA3,件,,Kg,尺寸为支管B in
CSP00229,固定支座支管,TM60C1,20,,1916T4003,"2"" Sch80S",,S1,QA3,件,,Kg,尺寸为支管B in
CSP00230,固定支座支管,TM60D1,20,,1916T4003,"2"" Sch40",,S1,QA3,件,,Kg,尺寸为支管B in
CSP00231,固定支座支管,TM60E1,20,,1916T4003,"2"" Sch80",,S1,QA3,件,,Kg,尺寸为支管B in
CSP00232,固定支座支管,TM60F1,20,,1916T4003,"2"" Sch80",,S1,QA3,件,,Kg,尺寸为支管B in
CSP00233,固定支座支管,TM73B1,20,,1916T4003,"2 1/2"" Sch80S",,S1,QA3,件,,Kg,尺寸为支管B in
CSP00234,固定支座支管,TM73C1,20,,1916T4003,"2 1/2"" Sch80S",,S1,QA3,件,,Kg,尺寸为支管B in
CSP00235,固定支座支管,TM73D1,20,,1916T4003,"2 1/2"" Sch40",,S1,QA3,件,,Kg,尺寸为支管B in
CSP00236,固定支座支管,TM73E1,20,,1916T4003,"2 1/2"" Sch80",,S1,QA3,件,,Kg,尺寸为支管B in
CSP00237,固定支座支管,TM73F1,20,,1916T4003,"2 1/2"" Sch80",,S1,QA3,件,,Kg,尺寸为支管B in
CSP00238,固定支座支管,TM89B1,20,,1916T4003,"3"" Sch80S",,S1,QA3,件,,Kg,尺寸为支管B in
CSP00239,固定支座支管,TM89C1,20,,1916T4003,"3"" Sch80S",,S1,QA3,件,,Kg,尺寸为支管B in
CSP00240,固定支座支管,TM89D1,20,,1916T4003,"3"" Sch40",,S1,QA3,件,,Kg,尺寸为支管B in
CSP00241,固定支座支管,TM89E1,20,,1916T4003,"3"" Sch80",,S1,QA3,件,,Kg,尺寸为支管B in
CSP00242,固定支座支管,TM89F1,20,,1916T4003,"3"" Sch80",,S1,QA3,件,,Kg,尺寸为支管B in
CSP00243,固定支座支管,TM114B1,20,,1916T4003,"4"" Sch80S",,S1,QA3,件,,Kg,尺寸为支管B in
CSP00244,固定支座支管,TM114C1,20,,1916T4003,"4"" Sch80S",,S1,QA3,件,,Kg,尺寸为支管B in
CSP00245,固定支座支管,TM114D1,20,,1916T4003,"4"" Sch40",,S1,QA3,件,,Kg,尺寸为支管B in
CSP00246,固定支座支管,TM114E1,20,,1916T4003,"4"" Sch80",,S1,QA3,件,,Kg,尺寸为支管B in
CSP00247,固定支座支管,TM114F1,20,,1916T4003,"4"" Sch80",,S1,QA3,件,,Kg,尺寸为支管B in
CSP00248,固定支座支管,TM168B1,20,,1916T4003,"6"" Sch80S",,S1,QA3,件,,Kg,尺寸为支管B in
CSP00249,固定支座支管,TM168C1,20,,1916T4003,"6"" Sch80S",,S1,QA3,件,,Kg,尺寸为支管B in
CSP00250,固定支座支管,TM168D1,20,,1916T4003,"6"" Sch40",,S1,QA3,件,,Kg,尺寸为支管B in
CSP00251,固定支座支管,TM168E1,20,,1916T4003,"6"" Sch80",,S1,QA3,件,,Kg,尺寸为支管B in
CSP00252,固定支座支管,TM168F1,20,,1916T4003,"6"" SchAPI",,S1,QA3,件,,Kg,尺寸为支管B in
CSP00253,固定支座支管,TM168G1,20,,1916T4003,"6"" Sch120",,S1,QA3,件,,Kg,尺寸为支管B in
CSP00254,固定支座支管,TM219B1,20,,1916T4003,"8"" Sch10S",,S1,QA3,件,,Kg,尺寸为支管B in
CSP00255,固定支座支管,TM219C1,20,,1916T4003,"8"" Sch40",,S1,QA3,件,,Kg,尺寸为支管B in
CSP00256,固定支座支管,TM219E1,20,,1916T4003,"8"" Sch20",,S1,QA3,件,,Kg,尺寸为支管B in
CSP00257,固定支座支管,TM273B1,20,,1916T4003,"10"" Sch10S",,S1,QA3,件,,Kg,尺寸为支管B in
CSP00258,固定支座支管,TM273E1,20,,1916T4003,"10"" Sch20",,S1,QA3,件,,Kg,尺寸为支管B in
CSP00259,固定支座支管,TM324B1,20,,1916T4003,"12"" Sch10S",,S1,QA3,件,,Kg,尺寸为支管B in
CSP00260,固定支座支管,TM324C1,20,,1916T4003,"12"" Sch40S",,S1,QA3,件,,Kg,尺寸为支管B in
CSP00261,固定支座支管,TM324F1,20,,1916T4003,"12"" SchAPI",,S1,QA3,件,,Kg,尺寸为支管B in
CSP00262,固定支座支管,TM356B1,20,,1916T4003,"14"" Sch10S",,S1,QA3,件,,Kg,尺寸为支管B in
CSP00263,固定支座支管,TM356F1,20,,1916T4003,"14"" Sch20",,S1,QA3,件,,Kg,尺寸为支管B in
CSP00264,固定支座支管,TM406B1,20,,1916T4003,"14"" Sch10S",,S1,QA3,件,,Kg,尺寸为支管B in
CSP00265,固定支座支管,TM406C1,20,,1916T4003,"14"" SchAPI",,S1,QA3,件,,Kg,尺寸为支管B in
CSP00266,固定支座支管,TM406D1,20,,1916T4003,"14"" Sch40S",,S1,QA3,件,,Kg,尺寸为支管B in
CSP00267,固定支座支管,TM457B1,20,,1916T4003,"18"" Sch10S",,S1,QA3,件,,Kg,尺寸为支管B in
CSP00268,固定支座支管,TM60B1,20,,1916T4003,"2"" Sch80S",,S2,QA3,件,,Kg,尺寸为支管B in
CSP00269,固定支座支管,TM60C1,20,,1916T4003,"2"" Sch80S",,S2,QA3,件,,Kg,尺寸为支管B in
CSP00270,固定支座支管,TM60D1,20,,1916T4003,"2"" Sch40",,S2,QA3,件,,Kg,尺寸为支管B in
CSP00271,固定支座支管,TM60E1,20,,1916T4003,"2"" Sch80",,S2,QA3,件,,Kg,尺寸为支管B in
CSP00272,固定支座支管,TM60F1,20,,1916T4003,"2"" Sch80",,S2,QA3,件,,Kg,尺寸为支管B in
CSP00273,固定支座支管,TM73B1,20,,1916T4003,"2 1/2"" Sch80S",,S2,QA3,件,,Kg,尺寸为支管B in
CSP00274,固定支座支管,TM73C1,20,,1916T4003,"2 1/2"" Sch80S",,S2,QA3,件,,Kg,尺寸为支管B in
CSP00275,固定支座支管,TM73D1,20,,1916T4003,"2 1/2"" Sch40",,S2,QA3,件,,Kg,尺寸为支管B in
CSP00276,固定支座支管,TM73E1,20,,1916T4003,"2 1/2"" Sch80",,S2,QA3,件,,Kg,尺寸为支管B in
CSP00277,固定支座支管,TM73F1,20,,1916T4003,"2 1/2"" Sch80",,S2,QA3,件,,Kg,尺寸为支管B in
CSP00278,固定支座支管,TM89B1,20,,1916T4003,"3"" Sch80S",,S2,QA3,件,,Kg,尺寸为支管B in
CSP00279,固定支座支管,TM89C1,20,,1916T4003,"3"" Sch80S",,S2,QA3,件,,Kg,尺寸为支管B in
CSP00280,固定支座支管,TM89D1,20,,1916T4003,"3"" Sch40",,S2,QA3,件,,Kg,尺寸为支管B in
CSP00281,固定支座支管,TM89E1,20,,1916T4003,"3"" Sch80",,S2,QA3,件,,Kg,尺寸为支管B in
CSP00282,固定支座支管,TM89F1,20,,1916T4003,"3"" Sch80",,S2,QA3,件,,Kg,尺寸为支管B in
CSP00283,固定支座支管,TM114B1,20,,1916T4003,"4"" Sch80S",,S2,QA3,件,,Kg,尺寸为支管B in
CSP00284,固定支座支管,TM114C1,20,,1916T4003,"4"" Sch80S",,S2,QA3,件,,Kg,尺寸为支管B in
CSP00285,固定支座支管,TM114D1,20,,1916T4003,"4"" Sch40",,S2,QA3,件,,Kg,尺寸为支管B in
CSP00286,固定支座支管,TM114E1,20,,1916T4003,"4"" Sch80",,S2,QA3,件,,Kg,尺寸为支管B in
CSP00287,固定支座支管,TM114F1,20,,1916T4003,"4"" Sch80",,S2,QA3,件,,Kg,尺寸为支管B in
CSP00288,固定支座支管,TM168B1,20,,1916T4003,"6"" Sch80S",,S2,QA3,件,,Kg,尺寸为支管B in
CSP00289,固定支座支管,TM168C1,20,,1916T4003,"6"" Sch80S",,S2,QA3,件,,Kg,尺寸为支管B in
CSP00290,固定支座支管,TM168D1,20,,1916T4003,"6"" Sch40",,S2,QA3,件,,Kg,尺寸为支管B in
CSP00291,固定支座支管,TM168E1,20,,1916T4003,"6"" Sch80",,S2,QA3,件,,Kg,尺寸为支管B in
CSP00292,固定支座支管,TM168F1,20,,1916T4003,"6"" SchAPI",,S2,QA3,件,,Kg,尺寸为支管B in
CSP00293,固定支座支管,TM168G1,20,,1916T4003,"6"" Sch120",,S2,QA3,件,,Kg,尺寸为支管B in
CSP00294,固定支座支管,TM219B1,20,,1916T4003,"8"" Sch10S",,S2,QA3,件,,Kg,尺寸为支管B in
CSP00295,固定支座支管,TM219C1,20,,1916T4003,"8"" Sch40",,S2,QA3,件,,Kg,尺寸为支管B in
CSP00296,固定支座支管,TM219E1,20,,1916T4003,"8"" Sch20",,S2,QA3,件,,Kg,尺寸为支管B in
CSP00297,固定支座支管,TM273B1,20,,1916T4003,"10"" Sch10S",,S2,QA3,件,,Kg,尺寸为支管B in
CSP00298,固定支座支管,TM273E1,20,,1916T4003,"10"" Sch20",,S2,QA3,件,,Kg,尺寸为支管B in
CSP00299,固定支座支管,TM324B1,20,,1916T4003,"12"" Sch10S",,S2,QA3,件,,Kg,尺寸为支管B in
CSP00300,固定支座支管,TM324C1,20,,1916T4003,"12"" Sch40S",,S2,QA3,件,,Kg,尺寸为支管B in
CSP00301,固定支座支管,TM324F1,20,,1916T4003,"12"" SchAPI",,S2,QA3,件,,Kg,尺寸为支管B in
CSP00302,固定支座支管,TM356B1,20,,1916T4003,"14"" Sch10S",,S2,QA3,件,,Kg,尺寸为支管B in
CSP00303,固定支座支管,TM356F1,20,,1916T4003,"14"" Sch20",,S2,QA3,件,,Kg,尺寸为支管B in
CSP00304,固定支座支管,TM406B1,20,,1916T4003,"14"" Sch10S",,S2,QA3,件,,Kg,尺寸为支管B in
CSP00305,固定支座支管,TM406C1,20,,1916T4003,"14"" SchAPI",,S2,QA3,件,,Kg,尺寸为支管B in
CSP00306,固定支座支管,TM406D1,20,,1916T4003,"14"" Sch40S",,S2,QA3,件,,Kg,尺寸为支管B in
CSP00307,固定支座支管,TM457B1,20,,1916T4003,"18"" Sch10S",,S2,QA3,件,,Kg,尺寸为支管B in
CSP00308,固定支座支管,TM60B1,20,,1916T4003,"2"" Sch80S",,NA,QNC,件,,Kg,尺寸为支管B in
CSP00309,固定支座支管,TM60C1,20,,1916T4003,"2"" Sch80S",,NA,QNC,件,,Kg,尺寸为支管B in
CSP00310,固定支座支管,TM60D1,20,,1916T4003,"2"" Sch40",,NA,QNC,件,,Kg,尺寸为支管B in
CSP00311,固定支座支管,TM60E1,20,,1916T4003,"2"" Sch80",,NA,QNC,件,,Kg,尺寸为支管B in
CSP00312,固定支座支管,TM60F1,20,,1916T4003,"2"" Sch80",,NA,QNC,件,,Kg,尺寸为支管B in
CSP00313,固定支座支管,TM73B1,20,,1916T4003,"2 1/2"" Sch80S",,NA,QNC,件,,Kg,尺寸为支管B in
CSP00314,固定支座支管,TM73C1,20,,1916T4003,"2 1/2"" Sch80S",,NA,QNC,件,,Kg,尺寸为支管B in
CSP00315,固定支座支管,TM73D1,20,,1916T4003,"2 1/2"" Sch40",,NA,QNC,件,,Kg,尺寸为支管B in
CSP00316,固定支座支管,TM73E1,20,,1916T4003,"2 1/2"" Sch80",,NA,QNC,件,,Kg,尺寸为支管B in
CSP00317,固定支座支管,TM73F1,20,,1916T4003,"2 1/2"" Sch80",,NA,QNC,件,,Kg,尺寸为支管B in
CSP00318,固定支座支管,TM89B1,20,,1916T4003,"3"" Sch80S",,NA,QNC,件,,Kg,尺寸为支管B in
CSP00319,固定支座支管,TM89C1,20,,1916T4003,"3"" Sch80S",,NA,QNC,件,,Kg,尺寸为支管B in
CSP00320,固定支座支管,TM89D1,20,,1916T4003,"3"" Sch40",,NA,QNC,件,,Kg,尺寸为支管B in
CSP00321,固定支座支管,TM89E1,20,,1916T4003,"3"" Sch80",,NA,QNC,件,,Kg,尺寸为支管B in
CSP00322,固定支座支管,TM89F1,20,,1916T4003,"3"" Sch80",,NA,QNC,件,,Kg,尺寸为支管B in
CSP00323,固定支座支管,TM114B1,20,,1916T4003,"4"" Sch80S",,NA,QNC,件,,Kg,尺寸为支管B in
CSP00324,固定支座支管,TM114C1,20,,1916T4003,"4"" Sch80S",,NA,QNC,件,,Kg,尺寸为支管B in
CSP00325,固定支座支管,TM114D1,20,,1916T4003,"4"" Sch40",,NA,QNC,件,,Kg,尺寸为支管B in
CSP00326,固定支座支管,TM114E1,20,,1916T4003,"4"" Sch80",,NA,QNC,件,,Kg,尺寸为支管B in
CSP00327,固定支座支管,TM114F1,20,,1916T4003,"4"" Sch80",,NA,QNC,件,,Kg,尺寸为支管B in
CSP00328,固定支座支管,TM168B1,20,,1916T4003,"6"" Sch80S",,NA,QNC,件,,Kg,尺寸为支管B in
CSP00329,固定支座支管,TM168C1,20,,1916T4003,"6"" Sch80S",,NA,QNC,件,,Kg,尺寸为支管B in
CSP00330,固定支座支管,TM168D1,20,,1916T4003,"6"" Sch40",,NA,QNC,件,,Kg,尺寸为支管B in
CSP00331,固定支座支管,TM168E1,20,,1916T4003,"6"" Sch80",,NA,QNC,件,,Kg,尺寸为支管B in
CSP00332,固定支座支管,TM168F1,20,,1916T4003,"6"" SchAPI",,NA,QNC,件,,Kg,尺寸为支管B in
CSP00333,固定支座支管,TM168G1,20,,1916T4003,"6"" Sch120",,NA,QNC,件,,Kg,尺寸为支管B in
CSP00334,固定支座支管,TM219B1,20,,1916T4003,"8"" Sch10S",,NA,QNC,件,,Kg,尺寸为支管B in
CSP00335,固定支座支管,TM219C1,20,,1916T4003,"8"" Sch40",,NA,QNC,件,,Kg,尺寸为支管B in
CSP00336,固定支座支管,TM219E1,20,,1916T4003,"8"" Sch20",,NA,QNC,件,,Kg,尺寸为支管B in
CSP00337,固定支座支管,TM273B1,20,,1916T4003,"10"" Sch10S",,NA,QNC,件,,Kg,尺寸为支管B in
CSP00338,固定支座支管,TM273E1,20,,1916T4003,"10"" Sch20",,NA,QNC,件,,Kg,尺寸为支管B in
CSP00339,固定支座支管,TM324B1,20,,1916T4003,"12"" Sch10S",,NA,QNC,件,,Kg,尺寸为支管B in
CSP00340,固定支座支管,TM324C1,20,,1916T4003,"12"" Sch40S",,NA,QNC,件,,Kg,尺寸为支管B in
CSP00341,固定支座支管,TM324F1,20,,1916T4003,"12"" SchAPI",,NA,QNC,件,,Kg,尺寸为支管B in
CSP00342,固定支座支管,TM356B1,20,,1916T4003,"14"" Sch10S",,NA,QNC,件,,Kg,尺寸为支管B in
CSP00343,固定支座支管,TM356F1,20,,1916T4003,"14"" Sch20",,NA,QNC,件,,Kg,尺寸为支管B in
CSP00344,固定支座支管,TM406B1,20,,1916T4003,"14"" Sch10S",,NA,QNC,件,,Kg,尺寸为支管B in
CSP00345,固定支座支管,TM406C1,20,,1916T4003,"14"" SchAPI",,NA,QNC,件,,Kg,尺寸为支管B in
CSP00346,固定支座支管,TM406D1,20,,1916T4003,"14"" Sch40S",,NA,QNC,件,,Kg,尺寸为支管B in
CSP00347,固定支座支管,TM457B1,20,,1916T4003,"18"" Sch10S",,NA,QNC,件,,Kg,尺寸为支管B in
CSP00348,固定支撑,TPC33A,20,,1916T4003,33.4,,S1,QA3,件,,Kg,尺寸为Ф(mm)
CSP00349,固定支撑,TPC33B,20,,1916T4003,33.4,,S1,QA3,件,,Kg,尺寸为Ф(mm)
CSP00350,固定支撑,TPC60A,20,,1916T4003,60.3,,S1,QA3,件,,Kg,尺寸为Ф(mm)
CSP00351,固定支撑,TPC60B,20,,1916T4003,60.3,,S1,QA3,件,,Kg,尺寸为Ф(mm)
CSP00352,固定支撑,TPC89A,20,,1916T4003,88.9,,S1,QA3,件,,Kg,尺寸为Ф(mm)
CSP00353,固定支撑,TPC89B,20,,1916T4003,88.9,,S1,QA3,件,,Kg,尺寸为Ф(mm)
CSP00354,固定支撑,TPC89C,20,,1916T4003,88.9,,S1,QA3,件,,Kg,尺寸为Ф(mm)
CSP00355,固定支撑,TPC114A,20,,1916T4003,114.3,,S1,QA3,件,,Kg,尺寸为Ф(mm)
CSP00356,固定支撑,TPC168A,20,,1916T4003,168.3,,S1,QA3,件,,Kg,尺寸为Ф(mm)
CSP00357,固定支撑,TPC168B,20,,1916T4003,168.3,,S1,QA3,件,,Kg,尺寸为Ф(mm)
CSP00358,固定支撑,TPC273A,20,,1916T4003,273,,S1,QA3,件,,Kg,尺寸为Ф(mm)
CSP00359,固定支撑,TPC273B,20,,1916T4003,273,,S1,QA3,件,,Kg,尺寸为Ф(mm)
CSP00360,固定支撑,TPC406A,20,,1916T4003,406.4,,S1,QA3,件,,Kg,尺寸为Ф(mm)
CSP00361,固定支撑,TPC406B,20,,1916T4003,406.4,,S1,QA3,件,,Kg,尺寸为Ф(mm)
CSP00362,固定支撑,TPC508A,20,,1916T4003,508,,S1,QA3,件,,Kg,尺寸为Ф(mm)
CSP00363,固定支撑,TPC33A,20,,1916T4003,33.4,,S2,QA3,件,,Kg,尺寸为Ф(mm)
CSP00364,固定支撑,TPC33B,20,,1916T4003,33.4,,S2,QA3,件,,Kg,尺寸为Ф(mm)
CSP00365,固定支撑,TPC60A,20,,1916T4003,60.3,,S2,QA3,件,,Kg,尺寸为Ф(mm)
CSP00366,固定支撑,TPC60B,20,,1916T4003,60.3,,S2,QA3,件,,Kg,尺寸为Ф(mm)
CSP00367,固定支撑,TPC89A,20,,1916T4003,88.9,,S2,QA3,件,,Kg,尺寸为Ф(mm)
CSP00368,固定支撑,TPC89B,20,,1916T4003,88.9,,S2,QA3,件,,Kg,尺寸为Ф(mm)
CSP00369,固定支撑,TPC89C,20,,1916T4003,88.9,,S2,QA3,件,,Kg,尺寸为Ф(mm)
CSP00370,固定支撑,TPC114A,20,,1916T4003,114.3,,S2,QA3,件,,Kg,尺寸为Ф(mm)
CSP00371,固定支撑,TPC168A,20,,1916T4003,168.3,,S2,QA3,件,,Kg,尺寸为Ф(mm)
CSP00372,固定支撑,TPC168B,20,,1916T4003,168.3,,S2,QA3,件,,Kg,尺寸为Ф(mm)
CSP00373,固定支撑,TPC273A,20,,1916T4003,273,,S2,QA3,件,,Kg,尺寸为Ф(mm)
CSP00374,固定支撑,TPC273B,20,,1916T4003,273,,S2,QA3,件,,Kg,尺寸为Ф(mm)
CSP00375,固定支撑,TPC406A,20,,1916T4003,406.4,,S2,QA3,件,,Kg,尺寸为Ф(mm)
CSP00376,固定支撑,TPC406B,20,,1916T4003,406.4,,S2,QA3,件,,Kg,尺寸为Ф(mm)
CSP00377,固定支撑,TPC508A,20,,1916T4003,508,,S2,QA3,件,,Kg,尺寸为Ф(mm)
CSP00378,固定支撑,TPC33A,20,,1916T4003,33.4,,NA,QNC,件,,Kg,尺寸为Ф(mm)
CSP00379,固定支撑,TPC33B,20,,1916T4003,33.4,,NA,QNC,件,,Kg,尺寸为Ф(mm)
CSP00380,固定支撑,TPC60A,20,,1916T4003,60.3,,NA,QNC,件,,Kg,尺寸为Ф(mm)
CSP00381,固定支撑,TPC60B,20,,1916T4003,60.3,,NA,QNC,件,,Kg,尺寸为Ф(mm)
CSP00382,固定支撑,TPC89A,20,,1916T4003,88.9,,NA,QNC,件,,Kg,尺寸为Ф(mm)
CSP00383,固定支撑,TPC89B,20,,1916T4003,88.9,,NA,QNC,件,,Kg,尺寸为Ф(mm)
CSP00384,固定支撑,TPC89C,20,,1916T4003,88.9,,NA,QNC,件,,Kg,尺寸为Ф(mm)
CSP00385,固定支撑,TPC114A,20,,1916T4003,114.3,,NA,QNC,件,,Kg,尺寸为Ф(mm)
CSP00386,固定支撑,TPC168A,20,,1916T4003,168.3,,NA,QNC,件,,Kg,尺寸为Ф(mm)
CSP00387,固定支撑,TPC168B,20,,1916T4003,168.3,,NA,QNC,件,,Kg,尺寸为Ф(mm)
CSP00388,固定支撑,TPC273A,20,,1916T4003,273,,NA,QNC,件,,Kg,尺寸为Ф(mm)
CSP00389,固定支撑,TPC273B,20,,1916T4003,273,,NA,QNC,件,,Kg,尺寸为Ф(mm)
CSP00390,固定支撑,TPC406A,20,,1916T4003,406.4,,NA,QNC,件,,Kg,尺寸为Ф(mm)
CSP00391,固定支撑,TPC406B,20,,1916T4003,406.4,,NA,QNC,件,,Kg,尺寸为Ф(mm)
CSP00392,固定支撑,TPC508A,20,,1916T4003,508,,NA,QNC,件,,Kg,尺寸为Ф(mm)
CSP00393,固定支撑,TPS33A,20,,1916T4003,33.4,,S1,QA3,件,,Kg,尺寸为Ф(mm)
CSP00394,固定支撑,TPS33B,20,,1916T4003,33.4,,S1,QA3,件,,Kg,尺寸为Ф(mm)
CSP00395,固定支撑,TPS33C,20,,1916T4003,33.4,,S1,QA3,件,,Kg,尺寸为Ф(mm)
CSP00396,固定支撑,TPS48A,20,,1916T4003,48.3,,S1,QA3,件,,Kg,尺寸为Ф(mm)
CSP00397,固定支撑,TPS48B,20,,1916T4003,48.3,,S1,QA3,件,,Kg,尺寸为Ф(mm)
CSP00398,固定支撑,TPS60A,20,,1916T4003,60.3,,S1,QA3,件,,Kg,尺寸为Ф(mm)
CSP00399,固定支撑,TPS60B,20,,1916T4003,60.3,,S1,QA3,件,,Kg,尺寸为Ф(mm)
CSP00400,固定支撑,TPS89A,20,,1916T4003,88.9,,S1,QA3,件,,Kg,尺寸为Ф(mm)
CSP00401,固定支撑,TPS89B,20,,1916T4003,88.9,,S1,QA3,件,,Kg,尺寸为Ф(mm)
CSP00402,固定支撑,TPS114A,20,,1916T4003,114.3,,S1,QA3,件,,Kg,尺寸为Ф(mm)
CSP00403,固定支撑,TPS114B,20,,1916T4003,114.3,,S1,QA3,件,,Kg,尺寸为Ф(mm)
CSP00404,固定支撑,TPS168A,20,,1916T4003,168.3,,S1,QA3,件,,Kg,尺寸为Ф(mm)
CSP00405,固定支撑,TPS168B,20,,1916T4003,168.3,,S1,QA3,件,,Kg,尺寸为Ф(mm)
CSP00406,固定支撑,TPS219A,20,,1916T4003,219.1,,S1,QA3,件,,Kg,尺寸为Ф(mm)
CSP00407,固定支撑,TPS219B,20,,1916T4003,219.1,,S1,QA3,件,,Kg,尺寸为Ф(mm)
CSP00408,固定支撑,TPS273A,20,,1916T4003,273.1,,S1,QA3,件,,Kg,尺寸为Ф(mm)
CSP00409,固定支撑,TPS273B,20,,1916T4003,273.1,,S1,QA3,件,,Kg,尺寸为Ф(mm)
CSP00410,固定支撑,TPS323A,20,,1916T4003,323.9,,S1,QA3,件,,Kg,尺寸为Ф(mm)
CSP00411,固定支撑,TPS323B,20,,1916T4003,323.9,,S1,QA3,件,,Kg,尺寸为Ф(mm)
CSP00412,固定支撑,TPS355A,20,,1916T4003,355.6,,S1,QA3,件,,Kg,尺寸为Ф(mm)
CSP00413,固定支撑,TPS355B,20,,1916T4003,355.6,,S1,QA3,件,,Kg,尺寸为Ф(mm)
CSP00414,固定支撑,TPS33A,20,,1916T4003,33.4,,S2,QA3,件,,Kg,尺寸为Ф(mm)
CSP00415,固定支撑,TPS33B,20,,1916T4003,33.4,,S2,QA3,件,,Kg,尺寸为Ф(mm)
CSP00416,固定支撑,TPS33C,20,,1916T4003,33.4,,S2,QA3,件,,Kg,尺寸为Ф(mm)
CSP00417,固定支撑,TPS48A,20,,1916T4003,48.3,,S2,QA3,件,,Kg,尺寸为Ф(mm)
CSP00418,固定支撑,TPS48B,20,,1916T4003,48.3,,S2,QA3,件,,Kg,尺寸为Ф(mm)
CSP00419,固定支撑,TPS60A,20,,1916T4003,60.3,,S2,QA3,件,,Kg,尺寸为Ф(mm)
CSP00420,固定支撑,TPS60B,20,,1916T4003,60.3,,S2,QA3,件,,Kg,尺寸为Ф(mm)
CSP00421,固定支撑,TPS89A,20,,1916T4003,88.9,,S2,QA3,件,,Kg,尺寸为Ф(mm)
CSP00422,固定支撑,TPS89B,20,,1916T4003,88.9,,S2,QA3,件,,Kg,尺寸为Ф(mm)
CSP00423,固定支撑,TPS114A,20,,1916T4003,114.3,,S2,QA3,件,,Kg,尺寸为Ф(mm)
CSP00424,固定支撑,TPS114B,20,,1916T4003,114.3,,S2,QA3,件,,Kg,尺寸为Ф(mm)
CSP00425,固定支撑,TPS168A,20,,1916T4003,168.3,,S2,QA3,件,,Kg,尺寸为Ф(mm)
CSP00426,固定支撑,TPS168B,20,,1916T4003,168.3,,S2,QA3,件,,Kg,尺寸为Ф(mm)
CSP00427,固定支撑,TPS219A,20,,1916T4003,219.1,,S2,QA3,件,,Kg,尺寸为Ф(mm)
CSP00428,固定支撑,TPS219B,20,,1916T4003,219.1,,S2,QA3,件,,Kg,尺寸为Ф(mm)
CSP00429,固定支撑,TPS273A,20,,1916T4003,273.1,,S2,QA3,件,,Kg,尺寸为Ф(mm)
CSP00430,固定支撑,TPS273B,20,,1916T4003,273.1,,S2,QA3,件,,Kg,尺寸为Ф(mm)
CSP00431,固定支撑,TPS323A,20,,1916T4003,323.9,,S2,QA3,件,,Kg,尺寸为Ф(mm)
CSP00432,固定支撑,TPS323B,20,,1916T4003,323.9,,S2,QA3,件,,Kg,尺寸为Ф(mm)
CSP00433,固定支撑,TPS355A,20,,1916T4003,355.6,,S2,QA3,件,,Kg,尺寸为Ф(mm)
CSP00434,固定支撑,TPS355B,20,,1916T4003,355.6,,S2,QA3,件,,Kg,尺寸为Ф(mm)
CSP00435,固定支撑,TPS33A,20,,1916T4003,33.4,,NA,QNC,件,,Kg,尺寸为Ф(mm)
CSP00436,固定支撑,TPS33B,20,,1916T4003,33.4,,NA,QNC,件,,Kg,尺寸为Ф(mm)
CSP00437,固定支撑,TPS33C,20,,1916T4003,33.4,,NA,QNC,件,,Kg,尺寸为Ф(mm)
CSP00438,固定支撑,TPS48A,20,,1916T4003,48.3,,NA,QNC,件,,Kg,尺寸为Ф(mm)
CSP00439,固定支撑,TPS48B,20,,1916T4003,48.3,,NA,QNC,件,,Kg,尺寸为Ф(mm)
CSP00440,固定支撑,TPS60A,20,,1916T4003,60.3,,NA,QNC,件,,Kg,尺寸为Ф(mm)
CSP00441,固定支撑,TPS60B,20,,1916T4003,60.3,,NA,QNC,件,,Kg,尺寸为Ф(mm)
CSP00442,固定支撑,TPS89A,20,,1916T4003,88.9,,NA,QNC,件,,Kg,尺寸为Ф(mm)
CSP00443,固定支撑,TPS89B,20,,1916T4003,88.9,,NA,QNC,件,,Kg,尺寸为Ф(mm)
CSP00444,固定支撑,TPS114A,20,,1916T4003,114.3,,NA,QNC,件,,Kg,尺寸为Ф(mm)
CSP00445,固定支撑,TPS114B,20,,1916T4003,114.3,,NA,QNC,件,,Kg,尺寸为Ф(mm)
CSP00446,固定支撑,TPS168A,20,,1916T4003,168.3,,NA,QNC,件,,Kg,尺寸为Ф(mm)
CSP00447,固定支撑,TPS168B,20,,1916T4003,168.3,,NA,QNC,件,,Kg,尺寸为Ф(mm)
CSP00448,固定支撑,TPS219A,20,,1916T4003,219.1,,NA,QNC,件,,Kg,尺寸为Ф(mm)
CSP00449,固定支撑,TPS219B,20,,1916T4003,219.1,,NA,QNC,件,,Kg,尺寸为Ф(mm)
CSP00450,固定支撑,TPS273A,20,,1916T4003,273.1,,NA,QNC,件,,Kg,尺寸为Ф(mm)
CSP00451,固定支撑,TPS273B,20,,1916T4003,273.1,,NA,QNC,件,,Kg,尺寸为Ф(mm)
CSP00452,固定支撑,TPS323A,20,,1916T4003,323.9,,NA,QNC,件,,Kg,尺寸为Ф(mm)
CSP00453,固定支撑,TPS323B,20,,1916T4003,323.9,,NA,QNC,件,,Kg,尺寸为Ф(mm)
CSP00454,固定支撑,TPS355A,20,,1916T4003,355.6,,NA,QNC,件,,Kg,尺寸为Ф(mm)
CSP00455,固定支撑,TPS355B,20,,1916T4003,355.6,,NA,QNC,件,,Kg,尺寸为Ф(mm)
CSP00456,固定支撑,TQC60A,20,,1916T4003,60.3,,S1,QA3,件,,Kg,尺寸为Ф(mm)
CSP00457,固定支撑,TQC60B,20,,1916T4003,60.3,,S1,QA3,件,,Kg,尺寸为Ф(mm)
CSP00458,固定支撑,TQC60C,20,,1916T4003,60.3,,S1,QA3,件,,Kg,尺寸为Ф(mm)
CSP00459,固定支撑,TQC60F,20,,1916T4003,60.3,,S1,QA3,件,,Kg,尺寸为Ф(mm)
CSP00460,固定支撑,TQC73A,20,,1916T4003,73,,S1,QA3,件,,Kg,尺寸为Ф(mm)
CSP00461,固定支撑,TQC73B,20,,1916T4003,73,,S1,QA3,件,,Kg,尺寸为Ф(mm)
CSP00462,固定支撑,TQC73C,20,,1916T4003,73,,S1,QA3,件,,Kg,尺寸为Ф(mm)
CSP00463,固定支撑,TQC73F,20,,1916T4003,73,,S1,QA3,件,,Kg,尺寸为Ф(mm)
CSP00464,固定支撑,TQC89A,20,,1916T4003,88.9,,S1,QA3,件,,Kg,尺寸为Ф(mm)
CSP00465,固定支撑,TQC89B,20,,1916T4003,88.9,,S1,QA3,件,,Kg,尺寸为Ф(mm)
CSP00466,固定支撑,TQC89C,20,,1916T4003,88.9,,S1,QA3,件,,Kg,尺寸为Ф(mm)
CSP00467,固定支撑,TQC89F,20,,1916T4003,88.9,,S1,QA3,件,,Kg,尺寸为Ф(mm)
CSP00468,固定支撑,TQC114A,20,,1916T4003,114.3,,S1,QA3,件,,Kg,尺寸为Ф(mm)
CSP00469,固定支撑,TQC114B,20,,1916T4003,114.3,,S1,QA3,件,,Kg,尺寸为Ф(mm)
CSP00470,固定支撑,TQC114C,20,,1916T4003,114.3,,S1,QA3,件,,Kg,尺寸为Ф(mm)
CSP00471,固定支撑,TQC168A,20,,1916T4003,168.3,,S1,QA3,件,,Kg,尺寸为Ф(mm)
CSP00472,固定支撑,TQC168B,20,,1916T4003,168.3,,S1,QA3,件,,Kg,尺寸为Ф(mm)
CSP00473,固定支撑,TQC168C,20,,1916T4003,168.3,,S1,QA3,件,,Kg,尺寸为Ф(mm)
CSP00474,固定支撑,TQC168E,20,,1916T4003,168.3,,S1,QA3,件,,Kg,尺寸为Ф(mm)
CSP00475,固定支撑,TQC219A,20,,1916T4003,219.1,,S1,QA3,件,,Kg,尺寸为Ф(mm)
CSP00476,固定支撑,TQC219B,20,,1916T4003,219.1,,S1,QA3,件,,Kg,尺寸为Ф(mm)
CSP00477,固定支撑,TQC273A,20,,1916T4003,273,,S1,QA3,件,,Kg,尺寸为Ф(mm)
CSP00478,固定支撑,TQC273B,20,,1916T4003,273,,S1,QA3,件,,Kg,尺寸为Ф(mm)
CSP00479,固定支撑,TQC273C,20,,1916T4003,273,,S1,QA3,件,,Kg,尺寸为Ф(mm)
CSP00480,固定支撑,TQC324A,20,,1916T4003,323.9,,S1,QA3,件,,Kg,尺寸为Ф(mm)
CSP00481,固定支撑,TQC324C,20,,1916T4003,323.9,,S1,QA3,件,,Kg,尺寸为Ф(mm)
CSP00482,固定支撑,TQC356A,20,,1916T4003,355.6,,S1,QA3,件,,Kg,尺寸为Ф(mm)
CSP00483,固定支撑,TQC356C,20,,1916T4003,355.6,,S1,QA3,件,,Kg,尺寸为Ф(mm)
CSP00484,固定支撑,TQC406A,20,,1916T4003,406.4,,S1,QA3,件,,Kg,尺寸为Ф(mm)
CSP00485,固定支撑,TQC406C,20,,1916T4003,406.4,,S1,QA3,件,,Kg,尺寸为Ф(mm)
CSP00486,固定支撑,TQC457A,20,,1916T4003,457.2,,S1,QA3,件,,Kg,尺寸为Ф(mm)
CSP00487,固定支撑,TQC457B,20,,1916T4003,457.2,,S1,QA3,件,,Kg,尺寸为Ф(mm)
CSP00488,固定支撑,TQC60A,20,,1916T4003,60.3,,S2,QA3,件,,Kg,尺寸为Ф(mm)
CSP00489,固定支撑,TQC60B,20,,1916T4003,60.3,,S2,QA3,件,,Kg,尺寸为Ф(mm)
CSP00490,固定支撑,TQC60C,20,,1916T4003,60.3,,S2,QA3,件,,Kg,尺寸为Ф(mm)
CSP00491,固定支撑,TQC60F,20,,1916T4003,60.3,,S2,QA3,件,,Kg,尺寸为Ф(mm)
CSP00492,固定支撑,TQC73A,20,,1916T4003,73,,S2,QA3,件,,Kg,尺寸为Ф(mm)
CSP00493,固定支撑,TQC73B,20,,1916T4003,73,,S2,QA3,件,,Kg,尺寸为Ф(mm)
CSP00494,固定支撑,TQC73C,20,,1916T4003,73,,S2,QA3,件,,Kg,尺寸为Ф(mm)
CSP00495,固定支撑,TQC73F,20,,1916T4003,73,,S2,QA3,件,,Kg,尺寸为Ф(mm)
CSP00496,固定支撑,TQC89A,20,,1916T4003,88.9,,S2,QA3,件,,Kg,尺寸为Ф(mm)
CSP00497,固定支撑,TQC89B,20,,1916T4003,88.9,,S2,QA3,件,,Kg,尺寸为Ф(mm)
CSP00498,固定支撑,TQC89C,20,,1916T4003,88.9,,S2,QA3,件,,Kg,尺寸为Ф(mm)
CSP00499,固定支撑,TQC89F,20,,1916T4003,88.9,,S2,QA3,件,,Kg,尺寸为Ф(mm)
CSP00500,固定支撑,TQC114A,20,,1916T4003,114.3,,S2,QA3,件,,Kg,尺寸为Ф(mm)
CSP00501,固定支撑,TQC114B,20,,1916T4003,114.3,,S2,QA3,件,,Kg,尺寸为Ф(mm)
CSP00502,固定支撑,TQC114C,20,,1916T4003,114.3,,S2,QA3,件,,Kg,尺寸为Ф(mm)
CSP00503,固定支撑,TQC168A,20,,1916T4003,168.3,,S2,QA3,件,,Kg,尺寸为Ф(mm)
CSP00504,固定支撑,TQC168B,20,,1916T4003,168.3,,S2,QA3,件,,Kg,尺寸为Ф(mm)
CSP00505,固定支撑,TQC168C,20,,1916T4003,168.3,,S2,QA3,件,,Kg,尺寸为Ф(mm)
CSP00506,固定支撑,TQC168E,20,,1916T4003,168.3,,S2,QA3,件,,Kg,尺寸为Ф(mm)
CSP00507,固定支撑,TQC219A,20,,1916T4003,219.1,,S2,QA3,件,,Kg,尺寸为Ф(mm)
CSP00508,固定支撑,TQC219B,20,,1916T4003,219.1,,S2,QA3,件,,Kg,尺寸为Ф(mm)
CSP00509,固定支撑,TQC273A,20,,1916T4003,273,,S2,QA3,件,,Kg,尺寸为Ф(mm)
CSP00510,固定支撑,TQC273B,20,,1916T4003,273,,S2,QA3,件,,Kg,尺寸为Ф(mm)
CSP00511,固定支撑,TQC273C,20,,1916T4003,273,,S2,QA3,件,,Kg,尺寸为Ф(mm)
CSP00512,固定支撑,TQC324A,20,,1916T4003,323.9,,S2,QA3,件,,Kg,尺寸为Ф(mm)
CSP00513,固定支撑,TQC324C,20,,1916T4003,323.9,,S2,QA3,件,,Kg,尺寸为Ф(mm)
CSP00514,固定支撑,TQC356A,20,,1916T4003,355.6,,S2,QA3,件,,Kg,尺寸为Ф(mm)
CSP00515,固定支撑,TQC356C,20,,1916T4003,355.6,,S2,QA3,件,,Kg,尺寸为Ф(mm)
CSP00516,固定支撑,TQC406A,20,,1916T4003,406.4,,S2,QA3,件,,Kg,尺寸为Ф(mm)
CSP00517,固定支撑,TQC406C,20,,1916T4003,406.4,,S2,QA3,件,,Kg,尺寸为Ф(mm)
CSP00518,固定支撑,TQC457A,20,,1916T4003,457.2,,S2,QA3,件,,Kg,尺寸为Ф(mm)
CSP00519,固定支撑,TQC457B,20,,1916T4003,457.2,,S2,QA3,件,,Kg,尺寸为Ф(mm)
CSP00520,固定支撑,TQC60A,20,,1916T4003,60.3,,NA,QNC,件,,Kg,尺寸为Ф(mm)
CSP00521,固定支撑,TQC60B,20,,1916T4003,60.3,,NA,QNC,件,,Kg,尺寸为Ф(mm)
CSP00522,固定支撑,TQC60C,20,,1916T4003,60.3,,NA,QNC,件,,Kg,尺寸为Ф(mm)
CSP00523,固定支撑,TQC60F,20,,1916T4003,60.3,,NA,QNC,件,,Kg,尺寸为Ф(mm)
CSP00524,固定支撑,TQC73A,20,,1916T4003,73,,NA,QNC,件,,Kg,尺寸为Ф(mm)
CSP00525,固定支撑,TQC73B,20,,1916T4003,73,,NA,QNC,件,,Kg,尺寸为Ф(mm)
CSP00526,固定支撑,TQC73C,20,,1916T4003,73,,NA,QNC,件,,Kg,尺寸为Ф(mm)
CSP00527,固定支撑,TQC73F,20,,1916T4003,73,,NA,QNC,件,,Kg,尺寸为Ф(mm)
CSP00528,固定支撑,TQC89A,20,,1916T4003,88.9,,NA,QNC,件,,Kg,尺寸为Ф(mm)
CSP00529,固定支撑,TQC89B,20,,1916T4003,88.9,,NA,QNC,件,,Kg,尺寸为Ф(mm)
CSP00530,固定支撑,TQC89C,20,,1916T4003,88.9,,NA,QNC,件,,Kg,尺寸为Ф(mm)
CSP00531,固定支撑,TQC89F,20,,1916T4003,88.9,,NA,QNC,件,,Kg,尺寸为Ф(mm)
CSP00532,固定支撑,TQC114A,20,,1916T4003,114.3,,NA,QNC,件,,Kg,尺寸为Ф(mm)
CSP00533,固定支撑,TQC114B,20,,1916T4003,114.3,,NA,QNC,件,,Kg,尺寸为Ф(mm)
CSP00534,固定支撑,TQC114C,20,,1916T4003,114.3,,NA,QNC,件,,Kg,尺寸为Ф(mm)
CSP00535,固定支撑,TQC168A,20,,1916T4003,168.3,,NA,QNC,件,,Kg,尺寸为Ф(mm)
CSP00536,固定支撑,TQC168B,20,,1916T4003,168.3,,NA,QNC,件,,Kg,尺寸为Ф(mm)
CSP00537,固定支撑,TQC168C,20,,1916T4003,168.3,,NA,QNC,件,,Kg,尺寸为Ф(mm)
CSP00538,固定支撑,TQC168E,20,,1916T4003,168.3,,NA,QNC,件,,Kg,尺寸为Ф(mm)
CSP00539,固定支撑,TQC219A,20,,1916T4003,219.1,,NA,QNC,件,,Kg,尺寸为Ф(mm)
CSP00540,固定支撑,TQC219B,20,,1916T4003,219.1,,NA,QNC,件,,Kg,尺寸为Ф(mm)
CSP00541,固定支撑,TQC273A,20,,1916T4003,273,,NA,QNC,件,,Kg,尺寸为Ф(mm)
CSP00542,固定支撑,TQC273B,20,,1916T4003,273,,NA,QNC,件,,Kg,尺寸为Ф(mm)
CSP00543,固定支撑,TQC273C,20,,1916T4003,273,,NA,QNC,件,,Kg,尺寸为Ф(mm)
CSP00544,固定支撑,TQC324A,20,,1916T4003,323.9,,NA,QNC,件,,Kg,尺寸为Ф(mm)
CSP00545,固定支撑,TQC324C,20,,1916T4003,323.9,,NA,QNC,件,,Kg,尺寸为Ф(mm)
CSP00546,固定支撑,TQC356A,20,,1916T4003,355.6,,NA,QNC,件,,Kg,尺寸为Ф(mm)
CSP00547,固定支撑,TQC356C,20,,1916T4003,355.6,,NA,QNC,件,,Kg,尺寸为Ф(mm)
CSP00548,固定支撑,TQC406A,20,,1916T4003,406.4,,NA,QNC,件,,Kg,尺寸为Ф(mm)
CSP00549,固定支撑,TQC406C,20,,1916T4003,406.4,,NA,QNC,件,,Kg,尺寸为Ф(mm)
CSP00550,固定支撑,TQC457A,20,,1916T4003,457.2,,NA,QNC,件,,Kg,尺寸为Ф(mm)
CSP00551,固定支撑,TQC457B,20,,1916T4003,457.2,,NA,QNC,件,,Kg,尺寸为Ф(mm)
CSP00552,固定支撑,TQS60B,20,,1916T4003,60.3,,S1,QA3,件,,Kg,尺寸为Ф(mm)
CSP00553,固定支撑,TQS60C,20,,1916T4003,60.3,,S1,QA3,件,,Kg,尺寸为Ф(mm)
CSP00554,固定支撑,TQS73B,20,,1916T4003,73,,S1,QA3,件,,Kg,尺寸为Ф(mm)
CSP00555,固定支撑,TQS73C,20,,1916T4003,73,,S1,QA3,件,,Kg,尺寸为Ф(mm)
CSP00556,固定支撑,TQS89B,20,,1916T4003,88.9,,S1,QA3,件,,Kg,尺寸为Ф(mm)
CSP00557,固定支撑,TQS89C,20,,1916T4003,88.9,,S1,QA3,件,,Kg,尺寸为Ф(mm)
CSP00558,固定支撑,TQS114B,20,,1916T4003,114.3,,S1,QA3,件,,Kg,尺寸为Ф(mm)
CSP00559,固定支撑,TQS114C,20,,1916T4003,114.3,,S1,QA3,件,,Kg,尺寸为Ф(mm)
CSP00560,固定支撑,TQS168B,20,,1916T4003,168.3,,S1,QA3,件,,Kg,尺寸为Ф(mm)
CSP00561,固定支撑,TQS168C,20,,1916T4003,168.3,,S1,QA3,件,,Kg,尺寸为Ф(mm)
CSP00562,固定支撑,TQS219B,20,,1916T4003,219.1,,S1,QA3,件,,Kg,尺寸为Ф(mm)
CSP00563,固定支撑,TQS273B,20,,1916T4003,273,,S1,QA3,件,,Kg,尺寸为Ф(mm)
CSP00564,固定支撑,TQS324B,20,,1916T4003,323.9,,S1,QA3,件,,Kg,尺寸为Ф(mm)
CSP00565,固定支撑,TQS356B,20,,1916T4003,355.5,,S1,QA3,件,,Kg,尺寸为Ф(mm)
CSP00566,固定支撑,TQS406B,20,,1916T4003,406.4,,S1,QA3,件,,Kg,尺寸为Ф(mm)
CSP00567,固定支撑,TQS406D,20,,1916T4003,406.4,,S1,QA3,件,,Kg,尺寸为Ф(mm)
CSP00568,固定支撑,TQS457B,20,,1916T4003,457.2,,S1,QA3,件,,Kg,尺寸为Ф(mm)
CSP00569,固定支撑,TQS457D,20,,1916T4003,457.2,,S1,QA3,件,,Kg,尺寸为Ф(mm)
CSP00570,固定支撑,TQS60B,20,,1916T4003,60.3,,S2,QA3,件,,Kg,尺寸为Ф(mm)
CSP00571,固定支撑,TQS60C,20,,1916T4003,60.3,,S2,QA3,件,,Kg,尺寸为Ф(mm)
CSP00572,固定支撑,TQS73B,20,,1916T4003,73,,S2,QA3,件,,Kg,尺寸为Ф(mm)
CSP00573,固定支撑,TQS73C,20,,1916T4003,73,,S2,QA3,件,,Kg,尺寸为Ф(mm)
CSP00574,固定支撑,TQS89B,20,,1916T4003,88.9,,S2,QA3,件,,Kg,尺寸为Ф(mm)
CSP00575,固定支撑,TQS89C,20,,1916T4003,88.9,,S2,QA3,件,,Kg,尺寸为Ф(mm)
CSP00576,固定支撑,TQS114B,20,,1916T4003,114.3,,S2,QA3,件,,Kg,尺寸为Ф(mm)
CSP00577,固定支撑,TQS114C,20,,1916T4003,114.3,,S2,QA3,件,,Kg,尺寸为Ф(mm)
CSP00578,固定支撑,TQS168B,20,,1916T4003,168.3,,S2,QA3,件,,Kg,尺寸为Ф(mm)
CSP00579,固定支撑,TQS168C,20,,1916T4003,168.3,,S2,QA3,件,,Kg,尺寸为Ф(mm)
CSP00580,固定支撑,TQS219B,20,,1916T4003,219.1,,S2,QA3,件,,Kg,尺寸为Ф(mm)
CSP00581,固定支撑,TQS273B,20,,1916T4003,273,,S2,QA3,件,,Kg,尺寸为Ф(mm)
CSP00582,固定支撑,TQS324B,20,,1916T4003,323.9,,S2,QA3,件,,Kg,尺寸为Ф(mm)
CSP00583,固定支撑,TQS356B,20,,1916T4003,355.5,,S2,QA3,件,,Kg,尺寸为Ф(mm)
CSP00584,固定支撑,TQS406B,20,,1916T4003,406.4,,S2,QA3,件,,Kg,尺寸为Ф(mm)
CSP00585,固定支撑,TQS406D,20,,1916T4003,406.4,,S2,QA3,件,,Kg,尺寸为Ф(mm)
CSP00586,固定支撑,TQS457B,20,,1916T4003,457.2,,S2,QA3,件,,Kg,尺寸为Ф(mm)
CSP00587,固定支撑,TQS457D,20,,1916T4003,457.2,,S2,QA3,件,,Kg,尺寸为Ф(mm)
CSP00588,固定支撑,TQS60B,20,,1916T4003,60.3,,NA,QNC,件,,Kg,尺寸为Ф(mm)
CSP00589,固定支撑,TQS60C,20,,1916T4003,60.3,,NA,QNC,件,,Kg,尺寸为Ф(mm)
CSP00590,固定支撑,TQS73B,20,,1916T4003,73,,NA,QNC,件,,Kg,尺寸为Ф(mm)
CSP00591,固定支撑,TQS73C,20,,1916T4003,73,,NA,QNC,件,,Kg,尺寸为Ф(mm)
CSP00592,固定支撑,TQS89B,20,,1916T4003,88.9,,NA,QNC,件,,Kg,尺寸为Ф(mm)
CSP00593,固定支撑,TQS89C,20,,1916T4003,88.9,,NA,QNC,件,,Kg,尺寸为Ф(mm)
CSP00594,固定支撑,TQS114B,20,,1916T4003,114.3,,NA,QNC,件,,Kg,尺寸为Ф(mm)
CSP00595,固定支撑,TQS114C,20,,1916T4003,114.3,,NA,QNC,件,,Kg,尺寸为Ф(mm)
CSP00596,固定支撑,TQS168B,20,,1916T4003,168.3,,NA,QNC,件,,Kg,尺寸为Ф(mm)
CSP00597,固定支撑,TQS168C,20,,1916T4003,168.3,,NA,QNC,件,,Kg,尺寸为Ф(mm)
CSP00598,固定支撑,TQS219B,20,,1916T4003,219.1,,NA,QNC,件,,Kg,尺寸为Ф(mm)
CSP00599,固定支撑,TQS273B,20,,1916T4003,273,,NA,QNC,件,,Kg,尺寸为Ф(mm)
CSP00600,固定支撑,TQS324B,20,,1916T4003,323.9,,NA,QNC,件,,Kg,尺寸为Ф(mm)
CSP00601,固定支撑,TQS356B,20,,1916T4003,355.5,,NA,QNC,件,,Kg,尺寸为Ф(mm)
CSP00602,固定支撑,TQS406B,20,,1916T4003,406.4,,NA,QNC,件,,Kg,尺寸为Ф(mm)
CSP00603,固定支撑,TQS406D,20,,1916T4003,406.4,,NA,QNC,件,,Kg,尺寸为Ф(mm)
CSP00604,固定支撑,TQS457B,20,,1916T4003,457.2,,NA,QNC,件,,Kg,尺寸为Ф(mm)
CSP00605,固定支撑,TQS457D,20,,1916T4003,457.2,,NA,QNC,件,,Kg,尺寸为Ф(mm)
CSP00606,固定支座支管,TN60A1,022Cr17Ni12Mo2,CP04T3016,1916T4003,"2"" Sch40S",,S2,QA3,件,,Kg,尺寸为支管B in
CSP00607,固定支座支管,TN60B1,022Cr17Ni12Mo2,CP04T3016,1916T4003,"2"" Sch40",,S2,QA3,件,,Kg,尺寸为支管B in
CSP00608,固定支座支管,TN60C1,022Cr17Ni12Mo2,CP04T3016,1916T4003,"2"" Sch80",,S2,QA3,件,,Kg,尺寸为支管B in
CSP00609,固定支座支管,TN60D1,022Cr17Ni12Mo2,CP04T3016,1916T4003,"2"" Sch160",,S2,QA3,件,,Kg,尺寸为支管B in
CSP00610,固定支座支管,TN60A1,022Cr17Ni12Mo2,CP04T3022,1916T4003,"2"" Sch40S",,NA,QNC,件,,Kg,尺寸为支管B in
CSP00611,固定支座支管,TN60B1,022Cr17Ni12Mo2,CP04T3022,1916T4003,"2"" Sch40",,NA,QNC,件,,Kg,尺寸为支管B in
CSP00612,固定支座支管,TN60C1,022Cr17Ni12Mo2,CP04T3022,1916T4003,"2"" Sch80",,NA,QNC,件,,Kg,尺寸为支管B in
CSP00613,固定支座支管,TN60D1,022Cr17Ni12Mo2,CP04T3022,1916T4003,"2"" Sch160",,NA,QNC,件,,Kg,尺寸为支管B in
CSP00614,固定支座支管,TN89C1,022Cr17Ni12Mo2,CP04T3022,1916T4003,"3"" Sch80",,NA,QNC,件,,Kg,尺寸为支管B in
CSP00615,固定支座支管,TN89D1,022Cr17Ni12Mo2,CP04T3022,1916T4003,"3"" Sch160",,NA,QNC,件,,Kg,尺寸为支管B in
CSP00616,固定支座支管,TN89E1,022Cr17Ni12Mo2,CP04T3022,1916T4003,"3"" Sch40S",,NA,QNC,件,,Kg,尺寸为支管B in
CSP00617,固定支座支管,TN89F1,022Cr17Ni12Mo2,CP04T3022,1916T4003,"3"" Sch40S",,NA,QNC,件,,Kg,尺寸为支管B in
CSP00618,固定支座支管,TN114A1,022Cr17Ni12Mo2,CP04T3022,1916T4003,"4"" Sch40S",,NA,QNC,件,,Kg,尺寸为支管B in
CSP00619,固定支座支管,TN114A2,022Cr17Ni12Mo2,CP04T3022,1916T4003,"4"" Sch40S",,NA,QNC,件,,Kg,尺寸为支管B in
CSP00620,固定支座支管,TN114B1,022Cr17Ni12Mo2,CP04T3022,1916T4003,"4"" Sch40S",,NA,QNC,件,,Kg,尺寸为支管B in
CSP00621,固定支座支管,TN114B2,022Cr17Ni12Mo2,CP04T3022,1916T4003,"4"" Sch40S",,NA,QNC,件,,Kg,尺寸为支管B in
CSP00622,固定支座支管,TN114C1,022Cr17Ni12Mo2,CP04T3022,1916T4003,"4"" Sch160",,NA,QNC,件,,Kg,尺寸为支管B in
CSP00623,固定支座支管,TN114C2,022Cr17Ni12Mo2,CP04T3022,1916T4003,"4"" Sch160",,NA,QNC,件,,Kg,尺寸为支管B in
CSP00624,固定支座支管,TN114D1,022Cr17Ni12Mo2,CP04T3022,1916T4003,"4"" Sch80",,NA,QNC,件,,Kg,尺寸为支管B in
CSP00625,固定支座支管,TN114D2,022Cr17Ni12Mo2,CP04T3022,1916T4003,"4"" Sch80",,NA,QNC,件,,Kg,尺寸为支管B in
CSP00626,固定支座支管,TN168A1,022Cr17Ni12Mo2,CP04T3022,1916T4003,"6"" Sch40S",,NA,QNC,件,,Kg,尺寸为支管B in
CSP00627,固定支座支管,TN168A2,022Cr17Ni12Mo2,CP04T3022,1916T4003,"6"" Sch40S",,NA,QNC,件,,Kg,尺寸为支管B in
CSP00628,固定支座支管,TN168B1,022Cr17Ni12Mo2,CP04T3022,1916T4003,"6"" Sch40S",,NA,QNC,件,,Kg,尺寸为支管B in
CSP00629,固定支座支管,TN168B2,022Cr17Ni12Mo2,CP04T3022,1916T4003,"6"" Sch40S",,NA,QNC,件,,Kg,尺寸为支管B in
CSP00630,固定支座支管,TN168C1,022Cr17Ni12Mo2,CP04T3022,1916T4003,"6"" Sch80",,NA,QNC,件,,Kg,尺寸为支管B in
CSP00631,固定支座支管,TN168C2,022Cr17Ni12Mo2,CP04T3022,1916T4003,"6"" Sch80",,NA,QNC,件,,Kg,尺寸为支管B in
CSP00632,固定支座支管,TN168E1,022Cr17Ni12Mo2,CP04T3022,1916T4003,"6"" Sch160",,NA,QNC,件,,Kg,尺寸为支管B in
CSP00633,固定支座支管,TN168E2,022Cr17Ni12Mo2,CP04T3022,1916T4003,"6"" Sch160",,NA,QNC,件,,Kg,尺寸为支管B in
CSP00634,固定支座支管,TN219C1,022Cr17Ni12Mo2,CP04T3022,1916T4003,"8"" Sch160",,NA,QNC,件,,Kg,尺寸为支管B in
CSP00635,固定支座支管,TN219C2,022Cr17Ni12Mo2,CP04T3022,1916T4003,"8"" Sch160",,NA,QNC,件,,Kg,尺寸为支管B in
CSP00636,固定支座支管,TN219D1,022Cr17Ni12Mo2,CP04T3022,1916T4003,"8"" Sch160",,NA,QNC,件,,Kg,尺寸为支管B in
CSP00637,固定支座支管,TN219D2,022Cr17Ni12Mo2,CP04T3022,1916T4003,"8"" Sch160",,NA,QNC,件,,Kg,尺寸为支管B in
CSP00638,固定支座支管,TN273C1,022Cr17Ni12Mo2,CP04T3022,1916T4003,"10"" Sch140",,NA,QNC,件,,Kg,尺寸为支管B in
CSP00639,固定支座支管,TN273C2,022Cr17Ni12Mo2,CP04T3022,1916T4003,"10"" Sch140",,NA,QNC,件,,Kg,尺寸为支管B in
CSP00640,固定支座支管,TN273D1,022Cr17Ni12Mo2,CP04T3022,1916T4003,"10"" Sch80S",,NA,QNC,件,,Kg,尺寸为支管B in
CSP00641,固定支座支管,TN273D2,022Cr17Ni12Mo2,CP04T3022,1916T4003,"10"" Sch80S",,NA,QNC,件,,Kg,尺寸为支管B in
CSP00642,固定支座支管,TN273E1,022Cr17Ni12Mo2,CP04T3022,1916T4003,"10"" Sch40",,NA,QNC,件,,Kg,尺寸为支管B in
CSP00643,固定支座支管,TN273E2,022Cr17Ni12Mo2,CP04T3022,1916T4003,"10"" Sch40",,NA,QNC,件,,Kg,尺寸为支管B in
CSP00644,固定支座支管,TN273F1,022Cr17Ni12Mo2,CP04T3022,1916T4003,"10"" Sch80S",,NA,QNC,件,,Kg,尺寸为支管B in
CSP00645,固定支座支管,TN273F2,022Cr17Ni12Mo2,CP04T3022,1916T4003,"10"" Sch80S",,NA,QNC,件,,Kg,尺寸为支管B in
CSP00646,固定支座支管,TN324A1,022Cr17Ni12Mo2,CP04T3022,1916T4003,"12"" Sch80S",,NA,QNC,件,,Kg,尺寸为支管B in
CSP00647,固定支座支管,TN324A2,022Cr17Ni12Mo2,CP04T3022,1916T4003,"12"" Sch80S",,NA,QNC,件,,Kg,尺寸为支管B in
CSP00648,固定支座支管,TN324B1,022Cr17Ni12Mo2,CP04T3022,1916T4003,"12"" Sch80S",,NA,QNC,件,,Kg,尺寸为支管B in
CSP00649,固定支座支管,TN324B2,022Cr17Ni12Mo2,CP04T3022,1916T4003,"12"" Sch80S",,NA,QNC,件,,Kg,尺寸为支管B in
CSP00650,固定支座支管,TN324C1,022Cr17Ni12Mo2,CP04T3022,1916T4003,"12"" Sch140",,NA,QNC,件,,Kg,尺寸为支管B in
CSP00651,固定支座支管,TN324C2,022Cr17Ni12Mo2,CP04T3022,1916T4003,"12"" Sch140",,NA,QNC,件,,Kg,尺寸为支管B in
CSP00652,固定支座支管,TN356A1,022Cr17Ni12Mo2,CP04T3022,1916T4003,"12"" Sch80S",,NA,QNC,件,,Kg,尺寸为支管B in
CSP00653,固定支座支管,TN356A2,022Cr17Ni12Mo2,CP04T3022,1916T4003,"12"" Sch80S",,NA,QNC,件,,Kg,尺寸为支管B in
CSP00654,固定支座支管,TN60A1,022Cr19Ni10,CP04T3016,1916T4003,"2"" Sch40S",,S1,QA3,件,,Kg,尺寸为支管B in
CSP00655,固定支座支管,TN60B1,022Cr19Ni10,CP04T3016,1916T4003,"2"" Sch40",,S1,QA3,件,,Kg,尺寸为支管B in
CSP00656,固定支座支管,TN60C1,022Cr19Ni10,CP04T3016,1916T4003,"2"" Sch80",,S1,QA3,件,,Kg,尺寸为支管B in
CSP00657,固定支座支管,TN60D1,022Cr19Ni10,CP04T3016,1916T4003,"2"" Sch160",,S1,QA3,件,,Kg,尺寸为支管B in
CSP00658,固定支座支管,TN89C1,022Cr19Ni10,CP04T3016,1916T4003,"3"" Sch80",,S1,QA3,件,,Kg,尺寸为支管B in
CSP00659,固定支座支管,TN89D1,022Cr19Ni10,CP04T3016,1916T4003,"3"" Sch160",,S1,QA3,件,,Kg,尺寸为支管B in
CSP00660,固定支座支管,TN89E1,022Cr19Ni10,CP04T3016,1916T4003,"3"" Sch40S",,S1,QA3,件,,Kg,尺寸为支管B in
CSP00661,固定支座支管,TN89F1,022Cr19Ni10,CP04T3016,1916T4003,"3"" Sch40S",,S1,QA3,件,,Kg,尺寸为支管B in
CSP00662,固定支座支管,TN114A1,022Cr19Ni10,CP04T3016,1916T4003,"4"" Sch40S",,S1,QA3,件,,Kg,尺寸为支管B in
CSP00663,固定支座支管,TN114A2,022Cr19Ni10,CP04T3016,1916T4003,"4"" Sch40S",,S1,QA3,件,,Kg,尺寸为支管B in
CSP00664,固定支座支管,TN114B1,022Cr19Ni10,CP04T3016,1916T4003,"4"" Sch40S",,S1,QA3,件,,Kg,尺寸为支管B in
CSP00665,固定支座支管,TN114B2,022Cr19Ni10,CP04T3016,1916T4003,"4"" Sch40S",,S1,QA3,件,,Kg,尺寸为支管B in
CSP00666,固定支座支管,TN114C1,022Cr19Ni10,CP04T3016,1916T4003,"4"" Sch160",,S1,QA3,件,,Kg,尺寸为支管B in
CSP00667,固定支座支管,TN114C2,022Cr19Ni10,CP04T3016,1916T4003,"4"" Sch160",,S1,QA3,件,,Kg,尺寸为支管B in
CSP00668,固定支座支管,TN114D1,022Cr19Ni10,CP04T3016,1916T4003,"4"" Sch80",,S1,QA3,件,,Kg,尺寸为支管B in
CSP00669,固定支座支管,TN114D2,022Cr19Ni10,CP04T3016,1916T4003,"4"" Sch80",,S1,QA3,件,,Kg,尺寸为支管B in
CSP00670,固定支座支管,TN168A1,022Cr19Ni10,CP04T3016,1916T4003,"6"" Sch40S",,S1,QA3,件,,Kg,尺寸为支管B in
CSP00671,固定支座支管,TN168A2,022Cr19Ni10,CP04T3016,1916T4003,"6"" Sch40S",,S1,QA3,件,,Kg,尺寸为支管B in
CSP00672,固定支座支管,TN168B1,022Cr19Ni10,CP04T3016,1916T4003,"6"" Sch40S",,S1,QA3,件,,Kg,尺寸为支管B in
CSP00673,固定支座支管,TN168B2,022Cr19Ni10,CP04T3016,1916T4003,"6"" Sch40S",,S1,QA3,件,,Kg,尺寸为支管B in
CSP00674,固定支座支管,TN168C1,022Cr19Ni10,CP04T3016,1916T4003,"6"" Sch80",,S1,QA3,件,,Kg,尺寸为支管B in
CSP00675,固定支座支管,TN168C2,022Cr19Ni10,CP04T3016,1916T4003,"6"" Sch80",,S1,QA3,件,,Kg,尺寸为支管B in
CSP00676,固定支座支管,TN168E1,022Cr19Ni10,CP04T3016,1916T4003,"6"" Sch160",,S1,QA3,件,,Kg,尺寸为支管B in
CSP00677,固定支座支管,TN168E2,022Cr19Ni10,CP04T3016,1916T4003,"6"" Sch160",,S1,QA3,件,,Kg,尺寸为支管B in
CSP00678,固定支座支管,TN219C1,022Cr19Ni10,CP04T3016,1916T4003,"8"" Sch160",,S1,QA3,件,,Kg,尺寸为支管B in
CSP00679,固定支座支管,TN219C2,022Cr19Ni10,CP04T3016,1916T4003,"8"" Sch160",,S1,QA3,件,,Kg,尺寸为支管B in
CSP00680,固定支座支管,TN219D1,022Cr19Ni10,CP04T3016,1916T4003,"8"" Sch160",,S1,QA3,件,,Kg,尺寸为支管B in
CSP00681,固定支座支管,TN219D2,022Cr19Ni10,CP04T3016,1916T4003,"8"" Sch160",,S1,QA3,件,,Kg,尺寸为支管B in
CSP00682,固定支座支管,TN60A1,022Cr19Ni10,CP04T3016,1916T4003,"2"" Sch40S",,S2,QA3,件,,Kg,尺寸为支管B in
CSP00683,固定支座支管,TN60B1,022Cr19Ni10,CP04T3016,1916T4003,"2"" Sch40",,S2,QA3,件,,Kg,尺寸为支管B in
CSP00684,固定支座支管,TN60C1,022Cr19Ni10,CP04T3016,1916T4003,"2"" Sch80",,S2,QA3,件,,Kg,尺寸为支管B in
CSP00685,固定支座支管,TN60D1,022Cr19Ni10,CP04T3016,1916T4003,"2"" Sch160",,S2,QA3,件,,Kg,尺寸为支管B in
CSP00686,固定支座支管,TN89C1,022Cr19Ni10,CP04T3016,1916T4003,"3"" Sch80",,S2,QA3,件,,Kg,尺寸为支管B in
CSP00687,固定支座支管,TN89D1,022Cr19Ni10,CP04T3016,1916T4003,"3"" Sch160",,S2,QA3,件,,Kg,尺寸为支管B in
CSP00688,固定支座支管,TN89E1,022Cr19Ni10,CP04T3016,1916T4003,"3"" Sch40S",,S2,QA3,件,,Kg,尺寸为支管B in
CSP00689,固定支座支管,TN89F1,022Cr19Ni10,CP04T3016,1916T4003,"3"" Sch40S",,S2,QA3,件,,Kg,尺寸为支管B in
CSP00690,固定支座支管,TN114A1,022Cr19Ni10,CP04T3016,1916T4003,"4"" Sch40S",,S2,QA3,件,,Kg,尺寸为支管B in
CSP00691,固定支座支管,TN114A2,022Cr19Ni10,CP04T3016,1916T4003,"4"" Sch40S",,S2,QA3,件,,Kg,尺寸为支管B in
CSP00692,固定支座支管,TN114B1,022Cr19Ni10,CP04T3016,1916T4003,"4"" Sch40S",,S2,QA3,件,,Kg,尺寸为支管B in
CSP00693,固定支座支管,TN114B2,022Cr19Ni10,CP04T3016,1916T4003,"4"" Sch40S",,S2,QA3,件,,Kg,尺寸为支管B in
CSP00694,固定支座支管,TN114C1,022Cr19Ni10,CP04T3016,1916T4003,"4"" Sch160",,S2,QA3,件,,Kg,尺寸为支管B in
CSP00695,固定支座支管,TN114C2,022Cr19Ni10,CP04T3016,1916T4003,"4"" Sch160",,S2,QA3,件,,Kg,尺寸为支管B in
CSP00696,固定支座支管,TN114D1,022Cr19Ni10,CP04T3016,1916T4003,"4"" Sch80",,S2,QA3,件,,Kg,尺寸为支管B in
CSP00697,固定支座支管,TN114D2,022Cr19Ni10,CP04T3016,1916T4003,"4"" Sch80",,S2,QA3,件,,Kg,尺寸为支管B in
CSP00698,固定支座支管,TN168A1,022Cr19Ni10,CP04T3016,1916T4003,"6"" Sch40S",,S2,QA3,件,,Kg,尺寸为支管B in
CSP00699,固定支座支管,TN168A2,022Cr19Ni10,CP04T3016,1916T4003,"6"" Sch40S",,S2,QA3,件,,Kg,尺寸为支管B in
CSP00700,固定支座支管,TN168B1,022Cr19Ni10,CP04T3016,1916T4003,"6"" Sch40S",,S2,QA3,件,,Kg,尺寸为支管B in
CSP00701,固定支座支管,TN168B2,022Cr19Ni10,CP04T3016,1916T4003,"6"" Sch40S",,S2,QA3,件,,Kg,尺寸为支管B in
CSP00702,固定支座支管,TN168C1,022Cr19Ni10,CP04T3016,1916T4003,"6"" Sch80",,S2,QA3,件,,Kg,尺寸为支管B in
CSP00703,固定支座支管,TN168C2,022Cr19Ni10,CP04T3016,1916T4003,"6"" Sch80",,S2,QA3,件,,Kg,尺寸为支管B in
CSP00704,固定支座支管,TN168E1,022Cr19Ni10,CP04T3016,1916T4003,"6"" Sch160",,S2,QA3,件,,Kg,尺寸为支管B in
CSP00705,固定支座支管,TN168E2,022Cr19Ni10,CP04T3016,1916T4003,"6"" Sch160",,S2,QA3,件,,Kg,尺寸为支管B in
CSP00706,固定支座支管,TN219C1,022Cr19Ni10,CP04T3016,1916T4003,"8"" Sch160",,S2,QA3,件,,Kg,尺寸为支管B in
CSP00707,固定支座支管,TN219C2,022Cr19Ni10,CP04T3016,1916T4003,"8"" Sch160",,S2,QA3,件,,Kg,尺寸为支管B in
CSP00708,固定支座支管,TN219D1,022Cr19Ni10,CP04T3016,1916T4003,"8"" Sch160",,S2,QA3,件,,Kg,尺寸为支管B in
CSP00709,固定支座支管,TN219D2,022Cr19Ni10,CP04T3016,1916T4003,"8"" Sch160",,S2,QA3,件,,Kg,尺寸为支管B in
CSP00710,固定支座支管,TN273C1,022Cr19Ni10,CP04T3016,1916T4003,"10"" Sch140",,S2,QA3,件,,Kg,尺寸为支管B in
CSP00711,固定支座支管,TN273C2,022Cr19Ni10,CP04T3016,1916T4003,"10"" Sch140",,S2,QA3,件,,Kg,尺寸为支管B in
CSP00712,固定支座支管,TN273D1,022Cr19Ni10,CP04T3016,1916T4003,"10"" Sch80S",,S2,QA3,件,,Kg,尺寸为支管B in
CSP00713,固定支座支管,TN273D2,022Cr19Ni10,CP04T3016,1916T4003,"10"" Sch80S",,S2,QA3,件,,Kg,尺寸为支管B in
CSP00714,固定支座支管,TN273E1,022Cr19Ni10,CP04T3016,1916T4003,"10"" Sch40",,S2,QA3,件,,Kg,尺寸为支管B in
CSP00715,固定支座支管,TN273E2,022Cr19Ni10,CP04T3016,1916T4003,"10"" Sch40",,S2,QA3,件,,Kg,尺寸为支管B in
CSP00716,固定支座支管,TN273F1,022Cr19Ni10,CP04T3016,1916T4003,"10"" Sch80S",,S2,QA3,件,,Kg,尺寸为支管B in
CSP00717,固定支座支管,TN273F2,022Cr19Ni10,CP04T3016,1916T4003,"10"" Sch80S",,S2,QA3,件,,Kg,尺寸为支管B in
CSP00718,固定支座支管,TN324A1,022Cr19Ni10,CP04T3016,1916T4003,"12"" Sch80S",,S2,QA3,件,,Kg,尺寸为支管B in
CSP00719,固定支座支管,TN324A2,022Cr19Ni10,CP04T3016,1916T4003,"12"" Sch80S",,S2,QA3,件,,Kg,尺寸为支管B in
CSP00720,固定支座支管,TN324B1,022Cr19Ni10,CP04T3016,1916T4003,"12"" Sch80S",,S2,QA3,件,,Kg,尺寸为支管B in
CSP00721,固定支座支管,TN324B2,022Cr19Ni10,CP04T3016,1916T4003,"12"" Sch80S",,S2,QA3,件,,Kg,尺寸为支管B in
CSP00722,固定支座支管,TN324C1,022Cr19Ni10,CP04T3016,1916T4003,"12"" Sch140",,S2,QA3,件,,Kg,尺寸为支管B in
CSP00723,固定支座支管,TN324C2,022Cr19Ni10,CP04T3016,1916T4003,"12"" Sch140",,S2,QA3,件,,Kg,尺寸为支管B in
CSP00724,固定支座支管,TN356A1,022Cr19Ni10,CP04T3016,1916T4003,"12"" Sch80S",,S2,QA3,件,,Kg,尺寸为支管B in
CSP00725,固定支座支管,TN356A2,022Cr19Ni10,CP04T3016,1916T4003,"12"" Sch80S",,S2,QA3,件,,Kg,尺寸为支管B in
CSP00726,固定支座支管,TN60A1,022Cr19Ni10,CP04T3022,1916T4003,"2"" Sch40S",,NA,QNC,件,,Kg,尺寸为支管B in
CSP00727,固定支座支管,TN60B1,022Cr19Ni10,CP04T3022,1916T4003,"2"" Sch40",,NA,QNC,件,,Kg,尺寸为支管B in
CSP00728,固定支座支管,TN60C1,022Cr19Ni10,CP04T3022,1916T4003,"2"" Sch80",,NA,QNC,件,,Kg,尺寸为支管B in
CSP00729,固定支座支管,TN60D1,022Cr19Ni10,CP04T3022,1916T4003,"2"" Sch160",,NA,QNC,件,,Kg,尺寸为支管B in
CSP00730,固定支座支管,TN89C1,022Cr19Ni10,CP04T3022,1916T4003,"3"" Sch80",,NA,QNC,件,,Kg,尺寸为支管B in
CSP00731,固定支座支管,TN89D1,022Cr19Ni10,CP04T3022,1916T4003,"3"" Sch160",,NA,QNC,件,,Kg,尺寸为支管B in
CSP00732,固定支座支管,TN89E1,022Cr19Ni10,CP04T3022,1916T4003,"3"" Sch40S",,NA,QNC,件,,Kg,尺寸为支管B in
CSP00733,固定支座支管,TN89F1,022Cr19Ni10,CP04T3022,1916T4003,"3"" Sch40S",,NA,QNC,件,,Kg,尺寸为支管B in
CSP00734,固定支座支管,TN114A1,022Cr19Ni10,CP04T3022,1916T4003,"4"" Sch40S",,NA,QNC,件,,Kg,尺寸为支管B in
CSP00735,固定支座支管,TN114A2,022Cr19Ni10,CP04T3022,1916T4003,"4"" Sch40S",,NA,QNC,件,,Kg,尺寸为支管B in
CSP00736,固定支座支管,TN114B1,022Cr19Ni10,CP04T3022,1916T4003,"4"" Sch40S",,NA,QNC,件,,Kg,尺寸为支管B in
CSP00737,固定支座支管,TN114B2,022Cr19Ni10,CP04T3022,1916T4003,"4"" Sch40S",,NA,QNC,件,,Kg,尺寸为支管B in
CSP00738,固定支座支管,TN114C1,022Cr19Ni10,CP04T3022,1916T4003,"4"" Sch160",,NA,QNC,件,,Kg,尺寸为支管B in
CSP00739,固定支座支管,TN114C2,022Cr19Ni10,CP04T3022,1916T4003,"4"" Sch160",,NA,QNC,件,,Kg,尺寸为支管B in
CSP00740,固定支座支管,TN114D1,022Cr19Ni10,CP04T3022,1916T4003,"4"" Sch80",,NA,QNC,件,,Kg,尺寸为支管B in
CSP00741,固定支座支管,TN114D2,022Cr19Ni10,CP04T3022,1916T4003,"4"" Sch80",,NA,QNC,件,,Kg,尺寸为支管B in
CSP00742,固定支座支管,TN168A1,022Cr19Ni10,CP04T3022,1916T4003,"6"" Sch40S",,NA,QNC,件,,Kg,尺寸为支管B in
CSP00743,固定支座支管,TN168A2,022Cr19Ni10,CP04T3022,1916T4003,"6"" Sch40S",,NA,QNC,件,,Kg,尺寸为支管B in
CSP00744,固定支座支管,TN168B1,022Cr19Ni10,CP04T3022,1916T4003,"6"" Sch40S",,NA,QNC,件,,Kg,尺寸为支管B in
CSP00745,固定支座支管,TN168B2,022Cr19Ni10,CP04T3022,1916T4003,"6"" Sch40S",,NA,QNC,件,,Kg,尺寸为支管B in
CSP00746,固定支座支管,TN168C1,022Cr19Ni10,CP04T3022,1916T4003,"6"" Sch80",,NA,QNC,件,,Kg,尺寸为支管B in
CSP00747,固定支座支管,TN168C2,022Cr19Ni10,CP04T3022,1916T4003,"6"" Sch80",,NA,QNC,件,,Kg,尺寸为支管B in
CSP00748,固定支座支管,TN168E1,022Cr19Ni10,CP04T3022,1916T4003,"6"" Sch160",,NA,QNC,件,,Kg,尺寸为支管B in
CSP00749,固定支座支管,TN168E2,022Cr19Ni10,CP04T3022,1916T4003,"6"" Sch160",,NA,QNC,件,,Kg,尺寸为支管B in
CSP00750,固定支座支管,TN219C1,022Cr19Ni10,CP04T3022,1916T4003,"8"" Sch160",,NA,QNC,件,,Kg,尺寸为支管B in
CSP00751,固定支座支管,TN219C2,022Cr19Ni10,CP04T3022,1916T4003,"8"" Sch160",,NA,QNC,件,,Kg,尺寸为支管B in
CSP00752,固定支座支管,TN219D1,022Cr19Ni10,CP04T3022,1916T4003,"8"" Sch160",,NA,QNC,件,,Kg,尺寸为支管B in
CSP00753,固定支座支管,TN219D2,022Cr19Ni10,CP04T3022,1916T4003,"8"" Sch160",,NA,QNC,件,,Kg,尺寸为支管B in
CSP00754,固定支座支管,TN273C1,022Cr19Ni10,CP04T3022,1916T4003,"10"" Sch140",,NA,QNC,件,,Kg,尺寸为支管B in
CSP00755,固定支座支管,TN273C2,022Cr19Ni10,CP04T3022,1916T4003,"10"" Sch140",,NA,QNC,件,,Kg,尺寸为支管B in
CSP00756,固定支座支管,TN273D1,022Cr19Ni10,CP04T3022,1916T4003,"10"" Sch80S",,NA,QNC,件,,Kg,尺寸为支管B in
CSP00757,固定支座支管,TN273D2,022Cr19Ni10,CP04T3022,1916T4003,"10"" Sch80S",,NA,QNC,件,,Kg,尺寸为支管B in
CSP00758,固定支座支管,TN273E1,022Cr19Ni10,CP04T3022,1916T4003,"10"" Sch40",,NA,QNC,件,,Kg,尺寸为支管B in
CSP00759,固定支座支管,TN273E2,022Cr19Ni10,CP04T3022,1916T4003,"10"" Sch40",,NA,QNC,件,,Kg,尺寸为支管B in
CSP00760,固定支座支管,TN273F1,022Cr19Ni10,CP04T3022,1916T4003,"10"" Sch80S",,NA,QNC,件,,Kg,尺寸为支管B in
CSP00761,固定支座支管,TN273F2,022Cr19Ni10,CP04T3022,1916T4003,"10"" Sch80S",,NA,QNC,件,,Kg,尺寸为支管B in
CSP00762,固定支座支管,TN324A1,022Cr19Ni10,CP04T3022,1916T4003,"12"" Sch80S",,NA,QNC,件,,Kg,尺寸为支管B in
CSP00763,固定支座支管,TN324A2,022Cr19Ni10,CP04T3022,1916T4003,"12"" Sch80S",,NA,QNC,件,,Kg,尺寸为支管B in
CSP00764,固定支座支管,TN324B1,022Cr19Ni10,CP04T3022,1916T4003,"12"" Sch80S",,NA,QNC,件,,Kg,尺寸为支管B in
CSP00765,固定支座支管,TN324B2,022Cr19Ni10,CP04T3022,1916T4003,"12"" Sch80S",,NA,QNC,件,,Kg,尺寸为支管B in
CSP00766,固定支座支管,TN324C1,022Cr19Ni10,CP04T3022,1916T4003,"12"" Sch140",,NA,QNC,件,,Kg,尺寸为支管B in
CSP00767,固定支座支管,TN324C2,022Cr19Ni10,CP04T3022,1916T4003,"12"" Sch140",,NA,QNC,件,,Kg,尺寸为支管B in
CSP00768,固定支座支管,TN356A1,022Cr19Ni10,CP04T3022,1916T4003,"12"" Sch80S",,NA,QNC,件,,Kg,尺寸为支管B in
CSP00769,固定支座支管,TN356A2,022Cr19Ni10,CP04T3022,1916T4003,"12"" Sch80S",,S1,QA3,件,,Kg,尺寸为支管B in
CSP00770,固定支座支管,TN273C1,026Cr18Ni12Mo2N,CP04T3016,1916T4003,"10"" Sch140",,S1,QA3,件,,Kg,尺寸为支管B in
CSP00771,固定支座支管,TN273C2,026Cr18Ni12Mo2N,CP04T3016,1916T4003,"10"" Sch140",,S1,QA3,件,,Kg,尺寸为支管B in
CSP00772,固定支座支管,TN273D1,026Cr18Ni12Mo2N,CP04T3016,1916T4003,"10"" Sch80S",,S1,QA3,件,,Kg,尺寸为支管B in
CSP00773,固定支座支管,TN273D2,026Cr18Ni12Mo2N,CP04T3016,1916T4003,"10"" Sch80S",,S1,QA3,件,,Kg,尺寸为支管B in
CSP00774,固定支座支管,TN273E1,026Cr18Ni12Mo2N,CP04T3016,1916T4003,"10"" Sch40",,S1,QA3,件,,Kg,尺寸为支管B in
CSP00775,固定支座支管,TN273E2,026Cr18Ni12Mo2N,CP04T3016,1916T4003,"10"" Sch40",,S1,QA3,件,,Kg,尺寸为支管B in
CSP00776,固定支座支管,TN273F1,026Cr18Ni12Mo2N,CP04T3016,1916T4003,"10"" Sch80S",,S1,QA3,件,,Kg,尺寸为支管B in
CSP00777,固定支座支管,TN273F2,026Cr18Ni12Mo2N,CP04T3016,1916T4003,"10"" Sch80S",,S1,QA3,件,,Kg,尺寸为支管B in
CSP00778,固定支座支管,TN324A1,026Cr18Ni12Mo2N,CP04T3016,1916T4003,"12"" Sch80S",,S1,QA3,件,,Kg,尺寸为支管B in
CSP00779,固定支座支管,TN324A2,026Cr18Ni12Mo2N,CP04T3016,1916T4003,"12"" Sch80S",,S1,QA3,件,,Kg,尺寸为支管B in
CSP00780,固定支座支管,TN324B1,026Cr18Ni12Mo2N,CP04T3016,1916T4003,"12"" Sch80S",,S1,QA3,件,,Kg,尺寸为支管B in
CSP00781,固定支座支管,TN324B2,026Cr18Ni12Mo2N,CP04T3016,1916T4003,"12"" Sch80S",,S1,QA3,件,,Kg,尺寸为支管B in
CSP00782,固定支座支管,TN324C1,026Cr18Ni12Mo2N,CP04T3016,1916T4003,"12"" Sch140",,S1,QA3,件,,Kg,尺寸为支管B in
CSP00783,固定支座支管,TN324C2,026Cr18Ni12Mo2N,CP04T3016,1916T4003,"12"" Sch140",,S1,QA3,件,,Kg,尺寸为支管B in
CSP00784,固定支座支管,TN356A1,026Cr18Ni12Mo2N,CP04T3016,1916T4003,"12"" Sch80S",,S1,QA3,件,,Kg,尺寸为支管B in
CSP00785,固定支座支管,TN356A2,026Cr18Ni12Mo2N,CP04T3016,1916T4003,"12"" Sch80S",,S1,QA3,件,,Kg,尺寸为支管B in
CSP00786,固定支座支管,TN60A1,20,CP04T3018,1916T4003,"2"" Sch40S",,S2,QA3,件,,Kg,尺寸为支管B in
CSP00787,固定支座支管,TN60B1,20,CP04T3018,1916T4003,"2"" Sch40",,S2,QA3,件,,Kg,尺寸为支管B in
CSP00788,固定支座支管,TN60C1,20,CP04T3018,1916T4003,"2"" Sch80",,S2,QA3,件,,Kg,尺寸为支管B in
CSP00789,固定支座支管,TN60D1,20,CP04T3018,1916T4003,"2"" Sch160",,S2,QA3,件,,Kg,尺寸为支管B in
CSP00790,固定支座支管,TN89C1,20,CP04T3018,1916T4003,"3"" Sch80",,S2,QA3,件,,Kg,尺寸为支管B in
CSP00791,固定支座支管,TN89D1,20,CP04T3018,1916T4003,"3"" Sch160",,S2,QA3,件,,Kg,尺寸为支管B in
CSP00792,固定支座支管,TN89E1,20,CP04T3018,1916T4003,"3"" Sch40S",,S2,QA3,件,,Kg,尺寸为支管B in
CSP00793,固定支座支管,TN89F1,20,CP04T3018,1916T4003,"3"" Sch40S",,S2,QA3,件,,Kg,尺寸为支管B in
CSP00794,固定支座支管,TN114A1,20,CP04T3018,1916T4003,"4"" Sch40S",,S2,QA3,件,,Kg,尺寸为支管B in
CSP00795,固定支座支管,TN114A2,20,CP04T3018,1916T4003,"4"" Sch40S",,S2,QA3,件,,Kg,尺寸为支管B in
CSP00796,固定支座支管,TN114B1,20,CP04T3018,1916T4003,"4"" Sch40S",,S2,QA3,件,,Kg,尺寸为支管B in
CSP00797,固定支座支管,TN114B2,20,CP04T3018,1916T4003,"4"" Sch40S",,S2,QA3,件,,Kg,尺寸为支管B in
CSP00798,固定支座支管,TN114C1,20,CP04T3018,1916T4003,"4"" Sch160",,S2,QA3,件,,Kg,尺寸为支管B in
CSP00799,固定支座支管,TN114C2,20,CP04T3018,1916T4003,"4"" Sch160",,S2,QA3,件,,Kg,尺寸为支管B in
CSP00800,固定支座支管,TN114D1,20,CP04T3018,1916T4003,"4"" Sch80",,S2,QA3,件,,Kg,尺寸为支管B in
CSP00801,固定支座支管,TN114D2,20,CP04T3018,1916T4003,"4"" Sch80",,S2,QA3,件,,Kg,尺寸为支管B in
CSP00802,固定支座支管,TN168A1,20,CP04T3018,1916T4003,"6"" Sch40S",,S2,QA3,件,,Kg,尺寸为支管B in
CSP00803,固定支座支管,TN168A2,20,CP04T3018,1916T4003,"6"" Sch40S",,S2,QA3,件,,Kg,尺寸为支管B in
CSP00804,固定支座支管,TN168B1,20,CP04T3018,1916T4003,"6"" Sch40S",,S2,QA3,件,,Kg,尺寸为支管B in
CSP00805,固定支座支管,TN168B2,20,CP04T3018,1916T4003,"6"" Sch40S",,S2,QA3,件,,Kg,尺寸为支管B in
CSP00806,固定支座支管,TN168C1,20,CP04T3018,1916T4003,"6"" Sch80",,S2,QA3,件,,Kg,尺寸为支管B in
CSP00807,固定支座支管,TN168C2,20,CP04T3018,1916T4003,"6"" Sch80",,S2,QA3,件,,Kg,尺寸为支管B in
CSP00808,固定支座支管,TN168E1,20,CP04T3018,1916T4003,"6"" Sch160",,S2,QA3,件,,Kg,尺寸为支管B in
CSP00809,固定支座支管,TN168E2,20,CP04T3018,1916T4003,"6"" Sch160",,S2,QA3,件,,Kg,尺寸为支管B in
CSP00810,固定支座支管,TN219C1,20,CP04T3018,1916T4003,"8"" Sch160",,S2,QA3,件,,Kg,尺寸为支管B in
CSP00811,固定支座支管,TN219C2,20,CP04T3018,1916T4003,"8"" Sch160",,S2,QA3,件,,Kg,尺寸为支管B in
CSP00812,固定支座支管,TN219D1,20,CP04T3018,1916T4003,"8"" Sch160",,S2,QA3,件,,Kg,尺寸为支管B in
CSP00813,固定支座支管,TN219D2,20,CP04T3018,1916T4003,"8"" Sch160",,S2,QA3,件,,Kg,尺寸为支管B in
CSP00814,固定支座支管,TN273C1,20,CP04T3018,1916T4003,"10"" Sch140",,S2,QA3,件,,Kg,尺寸为支管B in
CSP00815,固定支座支管,TN273C2,20,CP04T3018,1916T4003,"10"" Sch140",,S2,QA3,件,,Kg,尺寸为支管B in
CSP00816,固定支座支管,TN273D1,20,CP04T3018,1916T4003,"10"" Sch80S",,S2,QA3,件,,Kg,尺寸为支管B in
CSP00817,固定支座支管,TN273D2,20,CP04T3018,1916T4003,"10"" Sch80S",,S2,QA3,件,,Kg,尺寸为支管B in
CSP00818,固定支座支管,TN273E1,20,CP04T3018,1916T4003,"10"" Sch40",,S2,QA3,件,,Kg,尺寸为支管B in
CSP00819,固定支座支管,TN273E2,20,CP04T3018,1916T4003,"10"" Sch40",,S2,QA3,件,,Kg,尺寸为支管B in
CSP00820,固定支座支管,TN273F1,20,CP04T3018,1916T4003,"10"" Sch80S",,S2,QA3,件,,Kg,尺寸为支管B in
CSP00821,固定支座支管,TN273F2,20,CP04T3018,1916T4003,"10"" Sch80S",,S2,QA3,件,,Kg,尺寸为支管B in
CSP00822,固定支座支管,TN324A1,20,CP04T3018,1916T4003,"12"" Sch80S",,S2,QA3,件,,Kg,尺寸为支管B in
CSP00823,固定支座支管,TN324A2,20,CP04T3018,1916T4003,"12"" Sch80S",,S2,QA3,件,,Kg,尺寸为支管B in
CSP00824,固定支座支管,TN324B1,20,CP04T3018,1916T4003,"12"" Sch80S",,S2,QA3,件,,Kg,尺寸为支管B in
CSP00825,固定支座支管,TN324B2,20,CP04T3018,1916T4003,"12"" Sch80S",,S2,QA3,件,,Kg,尺寸为支管B in
CSP00826,固定支座支管,TN324C1,20,CP04T3018,1916T4003,"12"" Sch140",,S2,QA3,件,,Kg,尺寸为支管B in
CSP00827,固定支座支管,TN324C2,20,CP04T3018,1916T4003,"12"" Sch140",,S2,QA3,件,,Kg,尺寸为支管B in
CSP00828,固定支座支管,TN356A1,20,CP04T3018,1916T4003,"12"" Sch80S",,S2,QA3,件,,Kg,尺寸为支管B in
CSP00829,固定支座支管,TN356A2,20,CP04T3018,1916T4003,"12"" Sch80S",,S2,QA3,件,,Kg,尺寸为支管B in
CSP00830,固定支座支管,TN60A1,20,CP04T3024,1916T4003,"2"" Sch40S",,NA,QNC,件,,Kg,尺寸为支管B in
CSP00831,固定支座支管,TN60B1,20,CP04T3024,1916T4003,"2"" Sch40",,NA,QNC,件,,Kg,尺寸为支管B in
CSP00832,固定支座支管,TN60C1,20,CP04T3024,1916T4003,"2"" Sch80",,NA,QNC,件,,Kg,尺寸为支管B in
CSP00833,固定支座支管,TN60D1,20,CP04T3024,1916T4003,"2"" Sch160",,NA,QNC,件,,Kg,尺寸为支管B in
CSP00834,固定支座支管,TN89C1,20,CP04T3024,1916T4003,"3"" Sch80",,NA,QNC,件,,Kg,尺寸为支管B in
CSP00835,固定支座支管,TN89D1,20,CP04T3024,1916T4003,"3"" Sch160",,NA,QNC,件,,Kg,尺寸为支管B in
CSP00836,固定支座支管,TN89E1,20,CP04T3024,1916T4003,"3"" Sch40S",,NA,QNC,件,,Kg,尺寸为支管B in
CSP00837,固定支座支管,TN89F1,20,CP04T3024,1916T4003,"3"" Sch40S",,NA,QNC,件,,Kg,尺寸为支管B in
CSP00838,固定支座支管,TN114A1,20,CP04T3024,1916T4003,"4"" Sch40S",,NA,QNC,件,,Kg,尺寸为支管B in
CSP00839,固定支座支管,TN114A2,20,CP04T3024,1916T4003,"4"" Sch40S",,NA,QNC,件,,Kg,尺寸为支管B in
CSP00840,固定支座支管,TN114B1,20,CP04T3024,1916T4003,"4"" Sch40S",,NA,QNC,件,,Kg,尺寸为支管B in
CSP00841,固定支座支管,TN114B2,20,CP04T3024,1916T4003,"4"" Sch40S",,NA,QNC,件,,Kg,尺寸为支管B in
CSP00842,固定支座支管,TN114C1,20,CP04T3024,1916T4003,"4"" Sch160",,NA,QNC,件,,Kg,尺寸为支管B in
CSP00843,固定支座支管,TN114C2,20,CP04T3024,1916T4003,"4"" Sch160",,NA,QNC,件,,Kg,尺寸为支管B in
CSP00844,固定支座支管,TN114D1,20,CP04T3024,1916T4003,"4"" Sch80",,NA,QNC,件,,Kg,尺寸为支管B in
CSP00845,固定支座支管,TN114D2,20,CP04T3024,1916T4003,"4"" Sch80",,NA,QNC,件,,Kg,尺寸为支管B in
CSP00846,固定支座支管,TN168A1,20,CP04T3024,1916T4003,"6"" Sch40S",,NA,QNC,件,,Kg,尺寸为支管B in
CSP00847,固定支座支管,TN168A2,20,CP04T3024,1916T4003,"6"" Sch40S",,NA,QNC,件,,Kg,尺寸为支管B in
CSP00848,固定支座支管,TN168B1,20,CP04T3024,1916T4003,"6"" Sch40S",,NA,QNC,件,,Kg,尺寸为支管B in
CSP00849,固定支座支管,TN168B2,20,CP04T3024,1916T4003,"6"" Sch40S",,NA,QNC,件,,Kg,尺寸为支管B in
CSP00850,固定支座支管,TN168C1,20,CP04T3024,1916T4003,"6"" Sch80",,NA,QNC,件,,Kg,尺寸为支管B in
CSP00851,固定支座支管,TN168C2,20,CP04T3024,1916T4003,"6"" Sch80",,NA,QNC,件,,Kg,尺寸为支管B in
CSP00852,固定支座支管,TN168E1,20,CP04T3024,1916T4003,"6"" Sch160",,NA,QNC,件,,Kg,尺寸为支管B in
CSP00853,固定支座支管,TN168E2,20,CP04T3024,1916T4003,"6"" Sch160",,NA,QNC,件,,Kg,尺寸为支管B in
CSP00854,固定支座支管,TN219C1,20,CP04T3024,1916T4003,"8"" Sch160",,NA,QNC,件,,Kg,尺寸为支管B in
CSP00855,固定支座支管,TN219C2,20,CP04T3024,1916T4003,"8"" Sch160",,NA,QNC,件,,Kg,尺寸为支管B in
CSP00856,固定支座支管,TN219D1,20,CP04T3024,1916T4003,"8"" Sch160",,NA,QNC,件,,Kg,尺寸为支管B in
CSP00857,固定支座支管,TN219D2,20,CP04T3024,1916T4003,"8"" Sch160",,NA,QNC,件,,Kg,尺寸为支管B in
CSP00858,固定支座支管,TN273C1,20,CP04T3024,1916T4003,"10"" Sch140",,NA,QNC,件,,Kg,尺寸为支管B in
CSP00859,固定支座支管,TN273C2,20,CP04T3024,1916T4003,"10"" Sch140",,NA,QNC,件,,Kg,尺寸为支管B in
CSP00860,固定支座支管,TN273D1,20,CP04T3024,1916T4003,"10"" Sch80S",,NA,QNC,件,,Kg,尺寸为支管B in
CSP00861,固定支座支管,TN273D2,20,CP04T3024,1916T4003,"10"" Sch80S",,NA,QNC,件,,Kg,尺寸为支管B in
CSP00862,固定支座支管,TN273E1,20,CP04T3024,1916T4003,"10"" Sch40",,NA,QNC,件,,Kg,尺寸为支管B in
CSP00863,固定支座支管,TN273E2,20,CP04T3024,1916T4003,"10"" Sch40",,NA,QNC,件,,Kg,尺寸为支管B in
CSP00864,固定支座支管,TN273F1,20,CP04T3024,1916T4003,"10"" Sch80S",,NA,QNC,件,,Kg,尺寸为支管B in
CSP00865,固定支座支管,TN273F2,20,CP04T3024,1916T4003,"10"" Sch80S",,NA,QNC,件,,Kg,尺寸为支管B in
CSP00866,固定支座支管,TN324A1,20,CP04T3024,1916T4003,"12"" Sch80S",,NA,QNC,件,,Kg,尺寸为支管B in
CSP00867,固定支座支管,TN324A2,20,CP04T3024,1916T4003,"12"" Sch80S",,NA,QNC,件,,Kg,尺寸为支管B in
CSP00868,固定支座支管,TN324B1,20,CP04T3024,1916T4003,"12"" Sch80S",,NA,QNC,件,,Kg,尺寸为支管B in
CSP00869,固定支座支管,TN324B2,20,CP04T3024,1916T4003,"12"" Sch80S",,NA,QNC,件,,Kg,尺寸为支管B in
CSP00870,固定支座支管,TN324C1,20,CP04T3024,1916T4003,"12"" Sch140",,NA,QNC,件,,Kg,尺寸为支管B in
CSP00871,固定支座支管,TN324C2,20,CP04T3024,1916T4003,"12"" Sch140",,NA,QNC,件,,Kg,尺寸为支管B in
CSP00872,固定支座支管,TN356A1,20,CP04T3024,1916T4003,"12"" Sch80S",,NA,QNC,件,,Kg,尺寸为支管B in
CSP00873,固定支座支管,TN356A2,20,CP04T3024,1916T4003,"12"" Sch80S",,NA,QNC,件,,Kg,尺寸为支管B in
CSP00874,固定支座支管,TN60A1,P280GH,CP04T3032,1916T4003,"2"" Sch40S",,NA,QNC,件,,Kg,尺寸为支管B in
CSP00875,固定支座支管,TN60B1,P280GH,CP04T3032,1916T4003,"2"" Sch40",,S2,QA3,件,,Kg,尺寸为支管B in
CSP00876,固定支座支管,TN60C1,P280GH,CP04T3032,1916T4003,"2"" Sch80",,S2,QA3,件,,Kg,尺寸为支管B in
CSP00877,固定支座支管,TN60D1,P280GH,CP04T3032,1916T4003,"2"" Sch160",,S2,QA3,件,,Kg,尺寸为支管B in
CSP00878,固定支座支管,TN89C1,P280GH,CP04T3032,1916T4003,"3"" Sch80",,S2,QA3,件,,Kg,尺寸为支管B in
CSP00879,固定支座支管,TN89D1,P280GH,CP04T3032,1916T4003,"3"" Sch160",,S2,QA3,件,,Kg,尺寸为支管B in
CSP00880,固定支座支管,TN89E1,P280GH,CP04T3032,1916T4003,"3"" Sch40S",,S2,QA3,件,,Kg,尺寸为支管B in
CSP00881,固定支座支管,TN89F1,P280GH,CP04T3032,1916T4003,"3"" Sch40S",,S2,QA3,件,,Kg,尺寸为支管B in
CSP00882,固定支座支管,TN114A1,P280GH,CP04T3032,1916T4003,"4"" Sch40S",,S2,QA3,件,,Kg,尺寸为支管B in
CSP00883,固定支座支管,TN114A2,P280GH,CP04T3032,1916T4003,"4"" Sch40S",,S2,QA3,件,,Kg,尺寸为支管B in
CSP00884,固定支座支管,TN114B1,P280GH,CP04T3032,1916T4003,"4"" Sch40S",,S2,QA3,件,,Kg,尺寸为支管B in
CSP00885,固定支座支管,TN114B2,P280GH,CP04T3032,1916T4003,"4"" Sch40S",,S2,QA3,件,,Kg,尺寸为支管B in
CSP00886,固定支座支管,TN114C1,P280GH,CP04T3032,1916T4003,"4"" Sch160",,S2,QA3,件,,Kg,尺寸为支管B in
CSP00887,固定支座支管,TN114C2,P280GH,CP04T3032,1916T4003,"4"" Sch160",,S2,QA3,件,,Kg,尺寸为支管B in
CSP00888,固定支座支管,TN114D1,P280GH,CP04T3032,1916T4003,"4"" Sch80",,S2,QA3,件,,Kg,尺寸为支管B in
CSP00889,固定支座支管,TN114D2,P280GH,CP04T3032,1916T4003,"4"" Sch80",,S2,QA3,件,,Kg,尺寸为支管B in
CSP00890,固定支座支管,TN168A1,P280GH,CP04T3032,1916T4003,"6"" Sch40S",,S2,QA3,件,,Kg,尺寸为支管B in
CSP00891,固定支座支管,TN168A2,P280GH,CP04T3032,1916T4003,"6"" Sch40S",,S2,QA3,件,,Kg,尺寸为支管B in
CSP00892,固定支座支管,TN168B1,P280GH,CP04T3032,1916T4003,"6"" Sch40S",,S2,QA3,件,,Kg,尺寸为支管B in
CSP00893,固定支座支管,TN168B2,P280GH,CP04T3032,1916T4003,"6"" Sch40S",,S2,QA3,件,,Kg,尺寸为支管B in
CSP00894,固定支座支管,TN168C1,P280GH,CP04T3032,1916T4003,"6"" Sch80",,S2,QA3,件,,Kg,尺寸为支管B in
CSP00895,固定支座支管,TN168C2,P280GH,CP04T3032,1916T4003,"6"" Sch80",,S2,QA3,件,,Kg,尺寸为支管B in
CSP00896,固定支座支管,TN168E1,P280GH,CP04T3032,1916T4003,"6"" Sch160",,S2,QA3,件,,Kg,尺寸为支管B in
CSP00897,固定支座支管,TN168E2,P280GH,CP04T3032,1916T4003,"6"" Sch160",,S2,QA3,件,,Kg,尺寸为支管B in
CSP00898,固定支座支管,TN219C1,P280GH,CP04T3032,1916T4003,"8"" Sch160",,S2,QA3,件,,Kg,尺寸为支管B in
CSP00899,固定支座支管,TN219C2,P280GH,CP04T3032,1916T4003,"8"" Sch160",,S2,QA3,件,,Kg,尺寸为支管B in
CSP00900,固定支座支管,TN219D1,P280GH,CP04T3032,1916T4003,"8"" Sch160",,S2,QA3,件,,Kg,尺寸为支管B in
CSP00901,固定支座支管,TN219D2,P280GH,CP04T3032,1916T4003,"8"" Sch160",,S2,QA3,件,,Kg,尺寸为支管B in
CSP00902,固定支座支管,TN273C1,P280GH,CP04T3032,1916T4003,"10"" Sch140",,S2,QA3,件,,Kg,尺寸为支管B in
CSP00903,固定支座支管,TN273C2,P280GH,CP04T3032,1916T4003,"10"" Sch140",,S2,QA3,件,,Kg,尺寸为支管B in
CSP00904,固定支座支管,TN273D1,P280GH,CP04T3032,1916T4003,"10"" Sch80S",,S2,QA3,件,,Kg,尺寸为支管B in
CSP00905,固定支座支管,TN273D2,P280GH,CP04T3032,1916T4003,"10"" Sch80S",,S2,QA3,件,,Kg,尺寸为支管B in
CSP00906,固定支座支管,TN273E1,P280GH,CP04T3032,1916T4003,"10"" Sch40",,S2,QA3,件,,Kg,尺寸为支管B in
CSP00907,固定支座支管,TN273E2,P280GH,CP04T3032,1916T4003,"10"" Sch40",,S2,QA3,件,,Kg,尺寸为支管B in
CSP00908,固定支座支管,TN273F1,P280GH,CP04T3032,1916T4003,"10"" Sch80S",,S2,QA3,件,,Kg,尺寸为支管B in
CSP00909,固定支座支管,TN273F2,P280GH,CP04T3032,1916T4003,"10"" Sch80S",,S2,QA3,件,,Kg,尺寸为支管B in
CSP00910,固定支座支管,TN324A1,P280GH,CP04T3032,1916T4003,"12"" Sch80S",,S2,QA3,件,,Kg,尺寸为支管B in
CSP00911,固定支座支管,TN324A2,P280GH,CP04T3032,1916T4003,"12"" Sch80S",,S2,QA3,件,,Kg,尺寸为支管B in
CSP00912,固定支座支管,TN324B1,P280GH,CP04T3032,1916T4003,"12"" Sch80S",,S2,QA3,件,,Kg,尺寸为支管B in
CSP00913,固定支座支管,TN324B2,P280GH,CP04T3032,1916T4003,"12"" Sch80S",,S2,QA3,件,,Kg,尺寸为支管B in
CSP00914,固定支座支管,TN324C1,P280GH,CP04T3032,1916T4003,"12"" Sch140",,S2,QA3,件,,Kg,尺寸为支管B in
CSP00915,固定支座支管,TN324C2,P280GH,CP04T3032,1916T4003,"12"" Sch140",,S2,QA3,件,,Kg,尺寸为支管B in
CSP00916,固定支座支管,TN356A1,P280GH,CP04T3032,1916T4003,"12"" Sch80S",,S2,QA3,件,,Kg,尺寸为支管B in
CSP00917,固定支座支管,TN356A2,P280GH,CP04T3032,1916T4003,"12"" Sch80S",,S2,QA3,件,,Kg,尺寸为支管B in
CSU00100,管夹用双孔连接板,SA13a,Q245R,,1916T4003, 1/4,,S1,QA3,件,0.3,Kg,尺寸项为管径ФD(in)，材料牌号为板材料
CSU00101,管夹用双孔连接板,SA13b,Q245R,,1916T4003, 1/4,,S1,QA3,件,0.4,Kg,尺寸项为管径ФD(in)，材料牌号为板材料
CSU00102,管夹用双孔连接板,SA21a,Q245R,,1916T4003, 1/2,,S1,QA3,件,0.3,Kg,尺寸项为管径ФD(in)，材料牌号为板材料
CSU00103,管夹用双孔连接板,SA21b,Q245R,,1916T4003, 1/2,,S1,QA3,件,0.4,Kg,尺寸项为管径ФD(in)，材料牌号为板材料
CSU00104,管夹用双孔连接板,SA27a,Q245R,,1916T4003, 3/4,,S1,QA3,件,0.3,Kg,尺寸项为管径ФD(in)，材料牌号为板材料
CSU00105,管夹用双孔连接板,SA27b,Q245R,,1916T4003, 3/4,,S1,QA3,件,0.4,Kg,尺寸项为管径ФD(in)，材料牌号为板材料
CSU00106,管夹用双孔连接板,SA33a,Q245R,,1916T4003,1,,S1,QA3,件,0.5,Kg,尺寸项为管径ФD(in)，材料牌号为板材料
CSU00107,管夹用双孔连接板,SA33b,Q245R,,1916T4003,1,,S1,QA3,件,0.6,Kg,尺寸项为管径ФD(in)，材料牌号为板材料
CSU00108,管夹用双孔连接板,SA48a,Q245R,,1916T4003,1 1/2,,S1,QA3,件,1,Kg,尺寸项为管径ФD(in)，材料牌号为板材料
CSU00109,管夹用双孔连接板,SA48b,Q245R,,1916T4003,1 1/2,,S1,QA3,件,1,Kg,尺寸项为管径ФD(in)，材料牌号为板材料
CSU00110,管夹用双孔连接板,SA60a,Q245R,,1916T4003,2,,S1,QA3,件,1,Kg,尺寸项为管径ФD(in)，材料牌号为板材料
CSU00111,管夹用双孔连接板,SA60b,Q245R,,1916T4003,2,,S1,QA3,件,1,Kg,尺寸项为管径ФD(in)，材料牌号为板材料
CSU00112,管夹用双孔连接板,SA13a,Q245R,,1916T4003, 1/4,,S2,QA3,件,0.3,Kg,尺寸项为管径ФD(in)，材料牌号为板材料
CSU00113,管夹用双孔连接板,SA13b,Q245R,,1916T4003, 1/4,,S2,QA3,件,0.4,Kg,尺寸项为管径ФD(in)，材料牌号为板材料
CSU00114,管夹用双孔连接板,SA21a,Q245R,,1916T4003, 1/2,,S2,QA3,件,0.3,Kg,尺寸项为管径ФD(in)，材料牌号为板材料
CSU00115,管夹用双孔连接板,SA21b,Q245R,,1916T4003, 1/2,,S2,QA3,件,0.4,Kg,尺寸项为管径ФD(in)，材料牌号为板材料
CSU00116,管夹用双孔连接板,SA27a,Q245R,,1916T4003, 3/4,,S2,QA3,件,0.3,Kg,尺寸项为管径ФD(in)，材料牌号为板材料
CSU00117,管夹用双孔连接板,SA27b,Q245R,,1916T4003, 3/4,,S2,QA3,件,0.4,Kg,尺寸项为管径ФD(in)，材料牌号为板材料
CSU00118,管夹用双孔连接板,SA33a,Q245R,,1916T4003,1,,S2,QA3,件,0.5,Kg,尺寸项为管径ФD(in)，材料牌号为板材料
CSU00119,管夹用双孔连接板,SA33b,Q245R,,1916T4003,1,,S2,QA3,件,0.6,Kg,尺寸项为管径ФD(in)，材料牌号为板材料
CSU00120,管夹用双孔连接板,SA48a,Q245R,,1916T4003,1 1/2,,S2,QA3,件,1,Kg,尺寸项为管径ФD(in)，材料牌号为板材料
CSU00121,管夹用双孔连接板,SA48b,Q245R,,1916T4003,1 1/2,,S2,QA3,件,1,Kg,尺寸项为管径ФD(in)，材料牌号为板材料
CSU00122,管夹用双孔连接板,SA60a,Q245R,,1916T4003,2,,S2,QA3,件,1,Kg,尺寸项为管径ФD(in)，材料牌号为板材料
CSU00123,管夹用双孔连接板,SA60b,Q245R,,1916T4003,2,,S2,QA3,件,1,Kg,尺寸项为管径ФD(in)，材料牌号为板材料
CSU00124,管夹用双孔连接板,SA13a,Q245R,,1916T4003, 1/4,,NA,QNC,件,0.3,Kg,尺寸项为管径ФD(in)，材料牌号为板材料
CSU00125,管夹用双孔连接板,SA13b,Q245R,,1916T4003, 1/4,,NA,QNC,件,0.4,Kg,尺寸项为管径ФD(in)，材料牌号为板材料
CSU00126,管夹用双孔连接板,SA21a,Q245R,,1916T4003, 1/2,,NA,QNC,件,0.3,Kg,尺寸项为管径ФD(in)，材料牌号为板材料
CSU00127,管夹用双孔连接板,SA21b,Q245R,,1916T4003, 1/2,,NA,QNC,件,0.4,Kg,尺寸项为管径ФD(in)，材料牌号为板材料
CSU00128,管夹用双孔连接板,SA27a,Q245R,,1916T4003, 3/4,,NA,QNC,件,0.3,Kg,尺寸项为管径ФD(in)，材料牌号为板材料
CSU00129,管夹用双孔连接板,SA27b,Q245R,,1916T4003, 3/4,,NA,QNC,件,0.4,Kg,尺寸项为管径ФD(in)，材料牌号为板材料
CSU00130,管夹用双孔连接板,SA33a,Q245R,,1916T4003,1,,NA,QNC,件,0.5,Kg,尺寸项为管径ФD(in)，材料牌号为板材料
CSU00131,管夹用双孔连接板,SA33b,Q245R,,1916T4003,1,,NA,QNC,件,0.6,Kg,尺寸项为管径ФD(in)，材料牌号为板材料
CSU00132,管夹用双孔连接板,SA48a,Q245R,,1916T4003,1 1/2,,NA,QNC,件,1,Kg,尺寸项为管径ФD(in)，材料牌号为板材料
CSU00133,管夹用双孔连接板,SA48b,Q245R,,1916T4003,1 1/2,,NA,QNC,件,1,Kg,尺寸项为管径ФD(in)，材料牌号为板材料
CSU00134,管夹用双孔连接板,SA60a,Q245R,,1916T4003,2,,NA,QNC,件,1,Kg,尺寸项为管径ФD(in)，材料牌号为板材料
CSU00135,管夹用双孔连接板,SA60b,Q245R,,1916T4003,2,,NA,QNC,件,1,Kg,尺寸项为管径ФD(in)，材料牌号为板材料
CSS00100,弹簧组件,SV1 系列1 S型,,,1916T4003,136xM12,,S1,QA3,件,5.8,Kg,尺寸为CxФD
CSS00101,弹簧组件,SV2 系列1 S型,,,1916T4003,136xM12,,S1,QA3,件,5.9,Kg,尺寸为CxФD
CSS00102,弹簧组件,SV3 系列1 S型,,,1916T4003,136xM12,,S1,QA3,件,5.8,Kg,尺寸为CxФD
CSS00103,弹簧组件,SV4 系列1 S型,,,1916T4003,136xM12,,S1,QA3,件,5.9,Kg,尺寸为CxФD
CSS00104,弹簧组件,SV5 系列1 S型,,,1916T4003,136xM12,,S1,QA3,件,5.9,Kg,尺寸为CxФD
CSS00105,弹簧组件,SV6 系列1 S型,,,1916T4003,136xM12,,S1,QA3,件,5.9,Kg,尺寸为CxФD
CSS00106,弹簧组件,SV7 系列1 S型,,,1916T4003,136xM12,,S1,QA3,件,6,Kg,尺寸为CxФD
CSS00107,弹簧组件,SV8 系列1 S型,,,1916T4003,136xM12,,S1,QA3,件,6,Kg,尺寸为CxФD
CSS00108,弹簧组件,SV9 系列1 S型,,,1916T4003,136xM12,,S1,QA3,件,6.1,Kg,尺寸为CxФD
CSS00109,弹簧组件,SV10 系列1 S型,,,1916T4003,158xM24,,S1,QA3,件,16.2,Kg,尺寸为CxФD
CSS00110,弹簧组件,SV11 系列1 S型,,,1916T4003,158xM24,,S1,QA3,件,16.5,Kg,尺寸为CxФD
CSS00111,弹簧组件,SV12 系列1 S型,,,1916T4003,158xM24,,S1,QA3,件,16.7,Kg,尺寸为CxФD
CSS00112,弹簧组件,SV13 系列1 S型,,,1916T4003,158xM24,,S1,QA3,件,17,Kg,尺寸为CxФD
CSS00113,弹簧组件,SV14 系列1 S型,,,1916T4003,158xM24,,S1,QA3,件,16.8,Kg,尺寸为CxФD
CSS00114,弹簧组件,SV15 系列1 S型,,,1916T4003,158xM24,,S1,QA3,件,16.9,Kg,尺寸为CxФD
CSS00115,弹簧组件,SV16 系列1 S型,,,1916T4003,227xM36,,S1,QA3,件,53.1,Kg,尺寸为CxФD
CSS00116,弹簧组件,SV17 系列1 S型,,,1916T4003,227xM36,,S1,QA3,件,54.8,Kg,尺寸为CxФD
CSS00117,弹簧组件,SV18 系列1 S型,,,1916T4003,227xM36,,S1,QA3,件,54.3,Kg,尺寸为CxФD
CSS00118,弹簧组件,SV19 系列1 S型,,,1916T4003,227xM36,,S1,QA3,件,55.7,Kg,尺寸为CxФD
CSS00119,弹簧组件,SV20 系列1 S型,,,1916T4003,299xM42,,S1,QA3,件,134,Kg,尺寸为CxФD
CSS00120,弹簧组件,SV21 系列1 S型,,,1916T4003,299xM42,,S1,QA3,件,138,Kg,尺寸为CxФD
CSS00121,弹簧组件,SV22 系列1 S型,,,1916T4003,299xM42,,S1,QA3,件,142,Kg,尺寸为CxФD
CSS00122,弹簧组件,SV23 系列1 S型,,,1916T4003,403xM52,,S1,QA3,件,292,Kg,尺寸为CxФD
CSS00123,弹簧组件,SV24 系列1 S型,,,1916T4003,403xM52,,S1,QA3,件,295,Kg,尺寸为CxФD
CSS00124,弹簧组件,SV25 系列1 S型,,,1916T4003,477xM60,,S1,QA3,件,468,Kg,尺寸为CxФD
CSS00125,弹簧组件,SV1 系列2 S型,,,1916T4003,136xM12,,S1,QA3,件,7.2,Kg,尺寸为CxФD
CSS00126,弹簧组件,SV2 系列2 S型,,,1916T4003,136xM12,,S1,QA3,件,7.3,Kg,尺寸为CxФD
CSS00127,弹簧组件,SV3 系列2 S型,,,1916T4003,136xM12,,S1,QA3,件,7.1,Kg,尺寸为CxФD
CSS00128,弹簧组件,SV4 系列2 S型,,,1916T4003,136xM12,,S1,QA3,件,7.2,Kg,尺寸为CxФD
CSS00129,弹簧组件,SV5 系列2 S型,,,1916T4003,136xM12,,S1,QA3,件,7.3,Kg,尺寸为CxФD
CSS00130,弹簧组件,SV6 系列2 S型,,,1916T4003,136xM12,,S1,QA3,件,7.4,Kg,尺寸为CxФD
CSS00131,弹簧组件,SV7 系列2 S型,,,1916T4003,136xM12,,S1,QA3,件,7.5,Kg,尺寸为CxФD
CSS00132,弹簧组件,SV8 系列2 S型,,,1916T4003,136xM12,,S1,QA3,件,7.6,Kg,尺寸为CxФD
CSS00133,弹簧组件,SV9 系列2 S型,,,1916T4003,136xM12,,S1,QA3,件,7.6,Kg,尺寸为CxФD
CSS00134,弹簧组件,SV10 系列2 S型,,,1916T4003,158xM24,,S1,QA3,件,20.4,Kg,尺寸为CxФD
CSS00135,弹簧组件,SV11 系列2 S型,,,1916T4003,158xM24,,S1,QA3,件,21,Kg,尺寸为CxФD
CSS00136,弹簧组件,SV12 系列2 S型,,,1916T4003,158xM24,,S1,QA3,件,21.5,Kg,尺寸为CxФD
CSS00137,弹簧组件,SV13 系列2 S型,,,1916T4003,158xM24,,S1,QA3,件,22,Kg,尺寸为CxФD
CSS00138,弹簧组件,SV14 系列2 S型,,,1916T4003,158xM24,,S1,QA3,件,21.6,Kg,尺寸为CxФD
CSS00139,弹簧组件,SV15 系列2 S型,,,1916T4003,158xM24,,S1,QA3,件,21.9,Kg,尺寸为CxФD
CSS00140,弹簧组件,SV16 系列2 S型,,,1916T4003,227xM36,,S1,QA3,件,66.6,Kg,尺寸为CxФD
CSS00141,弹簧组件,SV17 系列2 S型,,,1916T4003,227xM36,,S1,QA3,件,70,Kg,尺寸为CxФD
CSS00142,弹簧组件,SV18 系列2 S型,,,1916T4003,227xM36,,S1,QA3,件,68.9,Kg,尺寸为CxФD
CSS00143,弹簧组件,SV19 系列2 S型,,,1916T4003,227xM36,,S1,QA3,件,71.7,Kg,尺寸为CxФD
CSS00144,弹簧组件,SV20 系列2 S型,,,1916T4003,299xM42,,S1,QA3,件,170,Kg,尺寸为CxФD
CSS00145,弹簧组件,SV21 系列2 S型,,,1916T4003,299xM42,,S1,QA3,件,178,Kg,尺寸为CxФD
CSS00146,弹簧组件,SV22 系列2 S型,,,1916T4003,299xM42,,S1,QA3,件,187,Kg,尺寸为CxФD
CSS00147,弹簧组件,SV23 系列2 S型,,,1916T4003,403xM52,,S1,QA3,件,368,Kg,尺寸为CxФD
CSS00148,弹簧组件,SV24 系列2 S型,,,1916T4003,403xM52,,S1,QA3,件,371,Kg,尺寸为CxФD
CSS00149,弹簧组件,SV25 系列2 S型,,,1916T4003,477xM60,,S1,QA3,件,598,Kg,尺寸为CxФD
CSS00150,弹簧组件,SV1 系列3 S型,,,1916T4003,136xM12,,S1,QA3,件,10.4,Kg,尺寸为CxФD
CSS00151,弹簧组件,SV2 系列3 S型,,,1916T4003,136xM12,,S1,QA3,件,10.7,Kg,尺寸为CxФD
CSS00152,弹簧组件,SV3 系列3 S型,,,1916T4003,136xM12,,S1,QA3,件,10.2,Kg,尺寸为CxФD
CSS00153,弹簧组件,SV4 系列3 S型,,,1916T4003,136xM12,,S1,QA3,件,10.5,Kg,尺寸为CxФD
CSS00154,弹簧组件,SV5 系列3 S型,,,1916T4003,136xM12,,S1,QA3,件,10.7,Kg,尺寸为CxФD
CSS00155,弹簧组件,SV6 系列3 S型,,,1916T4003,136xM12,,S1,QA3,件,10.8,Kg,尺寸为CxФD
CSS00156,弹簧组件,SV7 系列3 S型,,,1916T4003,136xM12,,S1,QA3,件,11.2,Kg,尺寸为CxФD
CSS00157,弹簧组件,SV8 系列3 S型,,,1916T4003,136xM12,,S1,QA3,件,11.2,Kg,尺寸为CxФD
CSS00158,弹簧组件,SV9 系列3 S型,,,1916T4003,136xM12,,S1,QA3,件,11.3,Kg,尺寸为CxФD
CSS00159,弹簧组件,SV10 系列3 S型,,,1916T4003,158xM24,,S1,QA3,件,28.4,Kg,尺寸为CxФD
CSS00160,弹簧组件,SV11 系列3 S型,,,1916T4003,158xM24,,S1,QA3,件,29.5,Kg,尺寸为CxФD
CSS00161,弹簧组件,SV12 系列3 S型,,,1916T4003,158xM24,,S1,QA3,件,30.5,Kg,尺寸为CxФD
CSS00162,弹簧组件,SV13 系列3 S型,,,1916T4003,158xM24,,S1,QA3,件,31.6,Kg,尺寸为CxФD
CSS00163,弹簧组件,SV14 系列3 S型,,,1916T4003,158xM24,,S1,QA3,件,31,Kg,尺寸为CxФD
CSS00164,弹簧组件,SV15 系列3 S型,,,1916T4003,158xM24,,S1,QA3,件,31.7,Kg,尺寸为CxФD
CSS00165,弹簧组件,SV16 系列3 S型,,,1916T4003,227xM36,,S1,QA3,件,93.3,Kg,尺寸为CxФD
CSS00166,弹簧组件,SV17 系列3 S型,,,1916T4003,227xM36,,S1,QA3,件,100.1,Kg,尺寸为CxФD
CSS00167,弹簧组件,SV18 系列3 S型,,,1916T4003,227xM36,,S1,QA3,件,98,Kg,尺寸为CxФD
CSS00168,弹簧组件,SV19 系列3 S型,,,1916T4003,227xM36,,S1,QA3,件,103.6,Kg,尺寸为CxФD
CSS00169,弹簧组件,SV20 系列3 S型,,,1916T4003,299xM42,,S1,QA3,件,242.6,Kg,尺寸为CxФD
CSS00170,弹簧组件,SV21 系列3 S型,,,1916T4003,299xM42,,S1,QA3,件,258.2,Kg,尺寸为CxФD
CSS00171,弹簧组件,SV22 系列3 S型,,,1916T4003,299xM42,,S1,QA3,件,275.2,Kg,尺寸为CxФD
CSS00172,弹簧组件,SV23 系列3 S型,,,1916T4003,403xM52,,S1,QA3,件,517.1,Kg,尺寸为CxФD
CSS00173,弹簧组件,SV24 系列3 S型,,,1916T4003,403xM52,,S1,QA3,件,526.5,Kg,尺寸为CxФD
CSS00174,弹簧组件,SV25 系列3 S型,,,1916T4003,477xM60,,S1,QA3,件,855.3,Kg,尺寸为CxФD
CSS00175,弹簧组件,SV1 系列1 P型,,,1916T4003,136xM12,,S1,QA3,件,8,Kg,尺寸为CxФD
CSS00176,弹簧组件,SV2 系列1 P型,,,1916T4003,136xM12,,S1,QA3,件,8.1,Kg,尺寸为CxФD
CSS00177,弹簧组件,SV3 系列1 P型,,,1916T4003,136xM12,,S1,QA3,件,8,Kg,尺寸为CxФD
CSS00178,弹簧组件,SV4 系列1 P型,,,1916T4003,136xM12,,S1,QA3,件,8,Kg,尺寸为CxФD
CSS00179,弹簧组件,SV5 系列1 P型,,,1916T4003,136xM12,,S1,QA3,件,8.1,Kg,尺寸为CxФD
CSS00180,弹簧组件,SV6 系列1 P型,,,1916T4003,136xM12,,S1,QA3,件,8.1,Kg,尺寸为CxФD
CSS00181,弹簧组件,SV7 系列1 P型,,,1916T4003,136xM12,,S1,QA3,件,8.2,Kg,尺寸为CxФD
CSS00182,弹簧组件,SV8 系列1 P型,,,1916T4003,136xM12,,S1,QA3,件,8.2,Kg,尺寸为CxФD
CSS00183,弹簧组件,SV9 系列1 P型,,,1916T4003,136xM12,,S1,QA3,件,8.3,Kg,尺寸为CxФD
CSS00184,弹簧组件,SV10 系列1 P型,,,1916T4003,158xM24,,S1,QA3,件,21.4,Kg,尺寸为CxФD
CSS00185,弹簧组件,SV11 系列1 P型,,,1916T4003,158xM24,,S1,QA3,件,21.7,Kg,尺寸为CxФD
CSS00186,弹簧组件,SV12 系列1 P型,,,1916T4003,158xM24,,S1,QA3,件,21.9,Kg,尺寸为CxФD
CSS00187,弹簧组件,SV13 系列1 P型,,,1916T4003,158xM24,,S1,QA3,件,22.2,Kg,尺寸为CxФD
CSS00188,弹簧组件,SV14 系列1 P型,,,1916T4003,158xM24,,S1,QA3,件,22.1,Kg,尺寸为CxФD
CSS00189,弹簧组件,SV15 系列1 P型,,,1916T4003,158xM24,,S1,QA3,件,22.1,Kg,尺寸为CxФD
CSS00190,弹簧组件,SV16 系列1 P型,,,1916T4003,227xM36,,S1,QA3,件,63.4,Kg,尺寸为CxФD
CSS00191,弹簧组件,SV17 系列1 P型,,,1916T4003,227xM36,,S1,QA3,件,65.1,Kg,尺寸为CxФD
CSS00192,弹簧组件,SV18 系列1 P型,,,1916T4003,227xM36,,S1,QA3,件,64.6,Kg,尺寸为CxФD
CSS00193,弹簧组件,SV19 系列1 P型,,,1916T4003,227xM36,,S1,QA3,件,66,Kg,尺寸为CxФD
CSS00194,弹簧组件,SV20 系列1 P型,,,1916T4003,299xM42,,S1,QA3,件,159,Kg,尺寸为CxФD
CSS00195,弹簧组件,SV21 系列1 P型,,,1916T4003,299xM42,,S1,QA3,件,163,Kg,尺寸为CxФD
CSS00196,弹簧组件,SV22 系列1 P型,,,1916T4003,299xM42,,S1,QA3,件,167,Kg,尺寸为CxФD
CSS00197,弹簧组件,SV23 系列1 P型,,,1916T4003,403xM52,,S1,QA3,件,342,Kg,尺寸为CxФD
CSS00198,弹簧组件,SV24 系列1 P型,,,1916T4003,403xM52,,S1,QA3,件,345,Kg,尺寸为CxФD
CSS00199,弹簧组件,SV25 系列1 P型,,,1916T4003,477xM60,,S1,QA3,件,547,Kg,尺寸为CxФD
CSS00200,弹簧组件,SV1 系列2 P型,,,1916T4003,136xM12,,S1,QA3,件,9.4,Kg,尺寸为CxФD
CSS00201,弹簧组件,SV2 系列2 P型,,,1916T4003,136xM12,,S1,QA3,件,9.5,Kg,尺寸为CxФD
CSS00202,弹簧组件,SV3 系列2 P型,,,1916T4003,136xM12,,S1,QA3,件,9.3,Kg,尺寸为CxФD
CSS00203,弹簧组件,SV4 系列2 P型,,,1916T4003,136xM12,,S1,QA3,件,9.4,Kg,尺寸为CxФD
CSS00204,弹簧组件,SV5 系列2 P型,,,1916T4003,136xM12,,S1,QA3,件,9.5,Kg,尺寸为CxФD
CSS00205,弹簧组件,SV6 系列2 P型,,,1916T4003,136xM12,,S1,QA3,件,9.6,Kg,尺寸为CxФD
CSS00206,弹簧组件,SV7 系列2 P型,,,1916T4003,136xM12,,S1,QA3,件,9.7,Kg,尺寸为CxФD
CSS00207,弹簧组件,SV8 系列2 P型,,,1916T4003,136xM12,,S1,QA3,件,9.8,Kg,尺寸为CxФD
CSS00208,弹簧组件,SV9 系列2 P型,,,1916T4003,136xM12,,S1,QA3,件,9.8,Kg,尺寸为CxФD
CSS00209,弹簧组件,SV10 系列2 P型,,,1916T4003,158xM24,,S1,QA3,件,25.6,Kg,尺寸为CxФD
CSS00210,弹簧组件,SV11 系列2 P型,,,1916T4003,158xM24,,S1,QA3,件,26.2,Kg,尺寸为CxФD
CSS00211,弹簧组件,SV12 系列2 P型,,,1916T4003,158xM24,,S1,QA3,件,26.7,Kg,尺寸为CxФD
CSS00212,弹簧组件,SV13 系列2 P型,,,1916T4003,158xM24,,S1,QA3,件,27.2,Kg,尺寸为CxФD
CSS00213,弹簧组件,SV14 系列2 P型,,,1916T4003,158xM24,,S1,QA3,件,26.8,Kg,尺寸为CxФD
CSS00214,弹簧组件,SV15 系列2 P型,,,1916T4003,158xM24,,S1,QA3,件,27.1,Kg,尺寸为CxФD
CSS00215,弹簧组件,SV16 系列2 P型,,,1916T4003,227xM36,,S1,QA3,件,76.9,Kg,尺寸为CxФD
CSS00216,弹簧组件,SV17 系列2 P型,,,1916T4003,227xM36,,S1,QA3,件,80.3,Kg,尺寸为CxФD
CSS00217,弹簧组件,SV18 系列2 P型,,,1916T4003,227xM36,,S1,QA3,件,79.3,Kg,尺寸为CxФD
CSS00218,弹簧组件,SV19 系列2 P型,,,1916T4003,227xM36,,S1,QA3,件,82,Kg,尺寸为CxФD
CSS00219,弹簧组件,SV20 系列2 P型,,,1916T4003,299xM42,,S1,QA3,件,195,Kg,尺寸为CxФD
CSS00220,弹簧组件,SV21 系列2 P型,,,1916T4003,299xM42,,S1,QA3,件,203,Kg,尺寸为CxФD
CSS00221,弹簧组件,SV22 系列2 P型,,,1916T4003,299xM42,,S1,QA3,件,212,Kg,尺寸为CxФD
CSS00222,弹簧组件,SV23 系列2 P型,,,1916T4003,403xM52,,S1,QA3,件,417,Kg,尺寸为CxФD
CSS00223,弹簧组件,SV24 系列2 P型,,,1916T4003,403xM52,,S1,QA3,件,421,Kg,尺寸为CxФD
CSS00224,弹簧组件,SV25 系列2 P型,,,1916T4003,477xM60,,S1,QA3,件,677,Kg,尺寸为CxФD
CSS00225,弹簧组件,SV1 系列3 P型,,,1916T4003,136xM12,,S1,QA3,件,12.6,Kg,尺寸为CxФD
CSS00226,弹簧组件,SV2 系列3 P型,,,1916T4003,136xM12,,S1,QA3,件,12.8,Kg,尺寸为CxФD
CSS00227,弹簧组件,SV3 系列3 P型,,,1916T4003,136xM12,,S1,QA3,件,12.4,Kg,尺寸为CxФD
CSS00228,弹簧组件,SV4 系列3 P型,,,1916T4003,136xM12,,S1,QA3,件,12.7,Kg,尺寸为CxФD
CSS00229,弹簧组件,SV5 系列3 P型,,,1916T4003,136xM12,,S1,QA3,件,12.9,Kg,尺寸为CxФD
CSS00230,弹簧组件,SV6 系列3 P型,,,1916T4003,136xM12,,S1,QA3,件,13,Kg,尺寸为CxФD
CSS00231,弹簧组件,SV7 系列3 P型,,,1916T4003,136xM12,,S1,QA3,件,13.4,Kg,尺寸为CxФD
CSS00232,弹簧组件,SV8 系列3 P型,,,1916T4003,136xM12,,S1,QA3,件,13.4,Kg,尺寸为CxФD
CSS00233,弹簧组件,SV9 系列3 P型,,,1916T4003,136xM12,,S1,QA3,件,13.5,Kg,尺寸为CxФD
CSS00234,弹簧组件,SV10 系列3 P型,,,1916T4003,158xM24,,S1,QA3,件,33.6,Kg,尺寸为CxФD
CSS00235,弹簧组件,SV11 系列3 P型,,,1916T4003,158xM24,,S1,QA3,件,34.7,Kg,尺寸为CxФD
CSS00236,弹簧组件,SV12 系列3 P型,,,1916T4003,158xM24,,S1,QA3,件,35.7,Kg,尺寸为CxФD
CSS00237,弹簧组件,SV13 系列3 P型,,,1916T4003,158xM24,,S1,QA3,件,36.8,Kg,尺寸为CxФD
CSS00238,弹簧组件,SV14 系列3 P型,,,1916T4003,158xM24,,S1,QA3,件,36.2,Kg,尺寸为CxФD
CSS00239,弹簧组件,SV15 系列3 P型,,,1916T4003,158xM24,,S1,QA3,件,36.9,Kg,尺寸为CxФD
CSS00240,弹簧组件,SV16 系列3 P型,,,1916T4003,227xM36,,S1,QA3,件,103.6,Kg,尺寸为CxФD
CSS00241,弹簧组件,SV17 系列3 P型,,,1916T4003,227xM36,,S1,QA3,件,110.4,Kg,尺寸为CxФD
CSS00242,弹簧组件,SV18 系列3 P型,,,1916T4003,227xM36,,S1,QA3,件,108.3,Kg,尺寸为CxФD
CSS00243,弹簧组件,SV19 系列3 P型,,,1916T4003,227xM36,,S1,QA3,件,113.9,Kg,尺寸为CxФD
CSS00244,弹簧组件,SV20 系列3 P型,,,1916T4003,299xM42,,S1,QA3,件,267.7,Kg,尺寸为CxФD
CSS00245,弹簧组件,SV21 系列3 P型,,,1916T4003,299xM42,,S1,QA3,件,283.3,Kg,尺寸为CxФD
CSS00246,弹簧组件,SV22 系列3 P型,,,1916T4003,299xM42,,S1,QA3,件,300.3,Kg,尺寸为CxФD
CSS00247,弹簧组件,SV23 系列3 P型,,,1916T4003,403xM52,,S1,QA3,件,566.6,Kg,尺寸为CxФD
CSS00248,弹簧组件,SV24 系列3 P型,,,1916T4003,403xM52,,S1,QA3,件,576.6,Kg,尺寸为CxФD
CSS00249,弹簧组件,SV25 系列3 P型,,,1916T4003,477xM60,,S1,QA3,件,934.1,Kg,尺寸为CxФD
CSS00250,弹簧组件,SV1 系列1 C型,,,1916T4003,136xM12,,S1,QA3,件,7.6,Kg,尺寸为CxФD
CSS00251,弹簧组件,SV2 系列1 C型,,,1916T4003,136xM12,,S1,QA3,件,7.7,Kg,尺寸为CxФD
CSS00252,弹簧组件,SV3 系列1 C型,,,1916T4003,136xM12,,S1,QA3,件,7.6,Kg,尺寸为CxФD
CSS00253,弹簧组件,SV4 系列1 C型,,,1916T4003,136xM12,,S1,QA3,件,7.6,Kg,尺寸为CxФD
CSS00254,弹簧组件,SV5 系列1 C型,,,1916T4003,136xM12,,S1,QA3,件,7.7,Kg,尺寸为CxФD
CSS00255,弹簧组件,SV6 系列1 C型,,,1916T4003,136xM12,,S1,QA3,件,7.7,Kg,尺寸为CxФD
CSS00256,弹簧组件,SV7 系列1 C型,,,1916T4003,136xM12,,S1,QA3,件,7.8,Kg,尺寸为CxФD
CSS00257,弹簧组件,SV8 系列1 C型,,,1916T4003,136xM12,,S1,QA3,件,7.8,Kg,尺寸为CxФD
CSS00258,弹簧组件,SV9 系列1 C型,,,1916T4003,136xM12,,S1,QA3,件,7.8,Kg,尺寸为CxФD
CSS00259,弹簧组件,SV10 系列1 C型,,,1916T4003,158xM24,,S1,QA3,件,18.7,Kg,尺寸为CxФD
CSS00260,弹簧组件,SV11 系列1 C型,,,1916T4003,158xM24,,S1,QA3,件,19,Kg,尺寸为CxФD
CSS00261,弹簧组件,SV12 系列1 C型,,,1916T4003,158xM24,,S1,QA3,件,19.2,Kg,尺寸为CxФD
CSS00262,弹簧组件,SV13 系列1 C型,,,1916T4003,158xM24,,S1,QA3,件,19.5,Kg,尺寸为CxФD
CSS00263,弹簧组件,SV14 系列1 C型,,,1916T4003,158xM24,,S1,QA3,件,19.3,Kg,尺寸为CxФD
CSS00264,弹簧组件,SV15 系列1 C型,,,1916T4003,158xM24,,S1,QA3,件,19.4,Kg,尺寸为CxФD
CSS00265,弹簧组件,SV16 系列1 C型,,,1916T4003,227xM36,,S1,QA3,件,56,Kg,尺寸为CxФD
CSS00266,弹簧组件,SV17 系列1 C型,,,1916T4003,227xM36,,S1,QA3,件,57.7,Kg,尺寸为CxФD
CSS00267,弹簧组件,SV18 系列1 C型,,,1916T4003,227xM36,,S1,QA3,件,57.2,Kg,尺寸为CxФD
CSS00268,弹簧组件,SV19 系列1 C型,,,1916T4003,227xM36,,S1,QA3,件,58.6,Kg,尺寸为CxФD
CSS00269,弹簧组件,SV20 系列1 C型,,,1916T4003,299xM42,,S1,QA3,件,142.9,Kg,尺寸为CxФD
CSS00270,弹簧组件,SV21 系列1 C型,,,1916T4003,299xM42,,S1,QA3,件,146.8,Kg,尺寸为CxФD
CSS00271,弹簧组件,SV22 系列1 C型,,,1916T4003,299xM42,,S1,QA3,件,151.1,Kg,尺寸为CxФD
CSS00272,弹簧组件,SV23 系列1 C型,,,1916T4003,403xM52,,S1,QA3,件,315.2,Kg,尺寸为CxФD
CSS00273,弹簧组件,SV24 系列1 C型,,,1916T4003,403xM52,,S1,QA3,件,317.6,Kg,尺寸为CxФD
CSS00274,弹簧组件,SV25 系列1 C型,,,1916T4003,477xM60,,S1,QA3,件,506.2,Kg,尺寸为CxФD
CSS00275,弹簧组件,SV1 系列2 C型,,,1916T4003,136xM12,,S1,QA3,件,8.9,Kg,尺寸为CxФD
CSS00276,弹簧组件,SV2 系列2 C型,,,1916T4003,136xM12,,S1,QA3,件,9.1,Kg,尺寸为CxФD
CSS00277,弹簧组件,SV3 系列2 C型,,,1916T4003,136xM12,,S1,QA3,件,8.8,Kg,尺寸为CxФD
CSS00278,弹簧组件,SV4 系列2 C型,,,1916T4003,136xM12,,S1,QA3,件,9,Kg,尺寸为CxФD
CSS00279,弹簧组件,SV5 系列2 C型,,,1916T4003,136xM12,,S1,QA3,件,9.1,Kg,尺寸为CxФD
CSS00280,弹簧组件,SV6 系列2 C型,,,1916T4003,136xM12,,S1,QA3,件,9.1,Kg,尺寸为CxФD
CSS00281,弹簧组件,SV7 系列2 C型,,,1916T4003,136xM12,,S1,QA3,件,9.3,Kg,尺寸为CxФD
CSS00282,弹簧组件,SV8 系列2 C型,,,1916T4003,136xM12,,S1,QA3,件,9.3,Kg,尺寸为CxФD
CSS00283,弹簧组件,SV9 系列2 C型,,,1916T4003,136xM12,,S1,QA3,件,9.4,Kg,尺寸为CxФD
CSS00284,弹簧组件,SV10 系列2 C型,,,1916T4003,158xM24,,S1,QA3,件,22.6,Kg,尺寸为CxФD
CSS00285,弹簧组件,SV11 系列2 C型,,,1916T4003,158xM24,,S1,QA3,件,23.2,Kg,尺寸为CxФD
CSS00286,弹簧组件,SV12 系列2 C型,,,1916T4003,158xM24,,S1,QA3,件,23.7,Kg,尺寸为CxФD
CSS00287,弹簧组件,SV13 系列2 C型,,,1916T4003,158xM24,,S1,QA3,件,24.2,Kg,尺寸为CxФD
CSS00288,弹簧组件,SV14 系列2 C型,,,1916T4003,158xM24,,S1,QA3,件,23.9,Kg,尺寸为CxФD
CSS00289,弹簧组件,SV15 系列2 C型,,,1916T4003,158xM24,,S1,QA3,件,24.1,Kg,尺寸为CxФD
CSS00290,弹簧组件,SV16 系列2 C型,,,1916T4003,227xM36,,S1,QA3,件,68.7,Kg,尺寸为CxФD
CSS00291,弹簧组件,SV17 系列2 C型,,,1916T4003,227xM36,,S1,QA3,件,72.1,Kg,尺寸为CxФD
CSS00292,弹簧组件,SV18 系列2 C型,,,1916T4003,227xM36,,S1,QA3,件,71.1,Kg,尺寸为CxФD
CSS00293,弹簧组件,SV19 系列2 C型,,,1916T4003,227xM36,,S1,QA3,件,73.9,Kg,尺寸为CxФD
CSS00294,弹簧组件,SV20 系列2 C型,,,1916T4003,299xM42,,S1,QA3,件,177.5,Kg,尺寸为CxФD
CSS00295,弹簧组件,SV21 系列2 C型,,,1916T4003,299xM42,,S1,QA3,件,185.3,Kg,尺寸为CxФD
CSS00296,弹簧组件,SV22 系列2 C型,,,1916T4003,299xM42,,S1,QA3,件,193.8,Kg,尺寸为CxФD
CSS00297,弹簧组件,SV23 系列2 C型,,,1916T4003,403xM52,,S1,QA3,件,387.6,Kg,尺寸为CxФD
CSS00298,弹簧组件,SV24 系列2 C型,,,1916T4003,403xM52,,S1,QA3,件,391.2,Kg,尺寸为CxФD
CSS00299,弹簧组件,SV25 系列2 C型,,,1916T4003,477xM60,,S1,QA3,件,632.7,Kg,尺寸为CxФD
CSS00300,弹簧组件,SV1 系列3 C型,,,1916T4003,136xM12,,S1,QA3,件,12.2,Kg,尺寸为CxФD
CSS00301,弹簧组件,SV2 系列3 C型,,,1916T4003,136xM12,,S1,QA3,件,12.4,Kg,尺寸为CxФD
CSS00302,弹簧组件,SV3 系列3 C型,,,1916T4003,136xM12,,S1,QA3,件,12,Kg,尺寸为CxФD
CSS00303,弹簧组件,SV4 系列3 C型,,,1916T4003,136xM12,,S1,QA3,件,12.2,Kg,尺寸为CxФD
CSS00304,弹簧组件,SV5 系列3 C型,,,1916T4003,136xM12,,S1,QA3,件,12.4,Kg,尺寸为CxФD
CSS00305,弹簧组件,SV6 系列3 C型,,,1916T4003,136xM12,,S1,QA3,件,12.6,Kg,尺寸为CxФD
CSS00306,弹簧组件,SV7 系列3 C型,,,1916T4003,136xM12,,S1,QA3,件,12.9,Kg,尺寸为CxФD
CSS00307,弹簧组件,SV8 系列3 C型,,,1916T4003,136xM12,,S1,QA3,件,13,Kg,尺寸为CxФD
CSS00308,弹簧组件,SV9 系列3 C型,,,1916T4003,136xM12,,S1,QA3,件,13,Kg,尺寸为CxФD
CSS00309,弹簧组件,SV10 系列3 C型,,,1916T4003,158xM24,,S1,QA3,件,30.2,Kg,尺寸为CxФD
CSS00310,弹簧组件,SV11 系列3 C型,,,1916T4003,158xM24,,S1,QA3,件,31.4,Kg,尺寸为CxФD
CSS00311,弹簧组件,SV12 系列3 C型,,,1916T4003,158xM24,,S1,QA3,件,32.4,Kg,尺寸为CxФD
CSS00312,弹簧组件,SV13 系列3 C型,,,1916T4003,158xM24,,S1,QA3,件,33.4,Kg,尺寸为CxФD
CSS00313,弹簧组件,SV14 系列3 C型,,,1916T4003,158xM24,,S1,QA3,件,32.8,Kg,尺寸为CxФD
CSS00314,弹簧组件,SV15 系列3 C型,,,1916T4003,158xM24,,S1,QA3,件,33.5,Kg,尺寸为CxФD
CSS00315,弹簧组件,SV16 系列3 C型,,,1916T4003,227xM36,,S1,QA3,件,94,Kg,尺寸为CxФD
CSS00316,弹簧组件,SV17 系列3 C型,,,1916T4003,227xM36,,S1,QA3,件,100.8,Kg,尺寸为CxФD
CSS00317,弹簧组件,SV18 系列3 C型,,,1916T4003,227xM36,,S1,QA3,件,98.7,Kg,尺寸为CxФD
CSS00318,弹簧组件,SV19 系列3 C型,,,1916T4003,227xM36,,S1,QA3,件,104.3,Kg,尺寸为CxФD
CSS00319,弹簧组件,SV20 系列3 C型,,,1916T4003,299xM42,,S1,QA3,件,247.1,Kg,尺寸为CxФD
CSS00320,弹簧组件,SV21 系列3 C型,,,1916T4003,299xM42,,S1,QA3,件,262.7,Kg,尺寸为CxФD
CSS00321,弹簧组件,SV22 系列3 C型,,,1916T4003,299xM42,,S1,QA3,件,279.7,Kg,尺寸为CxФD
CSS00322,弹簧组件,SV23 系列3 C型,,,1916T4003,403xM52,,S1,QA3,件,532.9,Kg,尺寸为CxФD
CSS00323,弹簧组件,SV24 系列3 C型,,,1916T4003,403xM52,,S1,QA3,件,542.3,Kg,尺寸为CxФD
CSS00324,弹簧组件,SV25 系列3 C型,,,1916T4003,477xM60,,S1,QA3,件,883,Kg,尺寸为CxФD
CSS00325,弹簧组件,SV VA1 D 型 系列1,,,1916T4003,,,S1,QA3,件,7.1,Kg,
CSS00326,弹簧组件,SV VA2 D 型 系列1,,,1916T4003,,,S1,QA3,件,7.1,Kg,
CSS00327,弹簧组件,SV VA3 D 型 系列1,,,1916T4003,,,S1,QA3,件,7.3,Kg,
CSS00328,弹簧组件,SV VB4 D 型 系列1,,,1916T4003,,,S1,QA3,件,10.4,Kg,
CSS00329,弹簧组件,SV VB5 D 型 系列1,,,1916T4003,,,S1,QA3,件,10.6,Kg,
CSS00330,弹簧组件,SV VB6 D 型 系列1,,,1916T4003,,,S1,QA3,件,11.4,Kg,
CSS00331,弹簧组件,SV VB7 D 型 系列1,,,1916T4003,,,S1,QA3,件,10.9,Kg,
CSS00332,弹簧组件,SV VB8 D 型 系列1,,,1916T4003,,,S1,QA3,件,11.4,Kg,
CSS00333,弹簧组件,SV VC9 D 型 系列1,,,1916T4003,,,S1,QA3,件,27.7,Kg,
CSS00334,弹簧组件,SV VC10 D 型 系列1,,,1916T4003,,,S1,QA3,件,28.6,Kg,
CSS00335,弹簧组件,SV VC11 D 型 系列1,,,1916T4003,,,S1,QA3,件,32.9,Kg,
CSS00336,弹簧组件,SV VC12 D 型 系列1,,,1916T4003,,,S1,QA3,件,33.4,Kg,
CSS00337,弹簧组件,SV VC13 D 型 系列1,,,1916T4003,,,S1,QA3,件,36.9,Kg,
CSS00338,弹簧组件,SV VC14 D 型 系列1,,,1916T4003,,,S1,QA3,件,36.8,Kg,
CSS00339,弹簧组件,SV VD15 D 型 系列1,,,1916T4003,,,S1,QA3,件,85.3,Kg,
CSS00340,弹簧组件,SV VD16 D 型 系列1,,,1916T4003,,,S1,QA3,件,91.5,Kg,
CSS00341,弹簧组件,SV VE17 D 型 系列1,,,1916T4003,,,S1,QA3,件,173.1,Kg,
CSS00342,弹簧组件,SV VE18 D 型 系列1,,,1916T4003,,,S1,QA3,件,177.3,Kg,
CSS00343,弹簧组件,SV VE19 D 型 系列1,,,1916T4003,,,S1,QA3,件,181,Kg,
CSS00344,弹簧组件,SV VE20 D 型 系列1,,,1916T4003,,,S1,QA3,件,204.9,Kg,
CSS00345,弹簧组件,SV VA1 D 型 系列2,,,1916T4003,,,S1,QA3,件,8.8,Kg,
CSS00346,弹簧组件,SV VA2 D 型 系列2,,,1916T4003,,,S1,QA3,件,8.8,Kg,
CSS00347,弹簧组件,SV VA3 D 型 系列2,,,1916T4003,,,S1,QA3,件,9.2,Kg,
CSS00348,弹簧组件,SV VB4 D 型 系列2,,,1916T4003,,,S1,QA3,件,12.1,Kg,
CSS00349,弹簧组件,SV VB5 D 型 系列2,,,1916T4003,,,S1,QA3,件,11.9,Kg,
CSS00350,弹簧组件,SV VB6 D 型 系列2,,,1916T4003,,,S1,QA3,件,13.3,Kg,
CSS00351,弹簧组件,SV VB7 D 型 系列2,,,1916T4003,,,S1,QA3,件,13.1,Kg,
CSS00352,弹簧组件,SV VB8 D 型 系列2,,,1916T4003,,,S1,QA3,件,13.9,Kg,
CSS00353,弹簧组件,SV VC9 D 型 系列2,,,1916T4003,,,S1,QA3,件,34.7,Kg,
CSS00354,弹簧组件,SV VC10 D 型 系列2,,,1916T4003,,,S1,QA3,件,35.9,Kg,
CSS00355,弹簧组件,SV VC11 D 型 系列2,,,1916T4003,,,S1,QA3,件,42.8,Kg,
CSS00356,弹簧组件,SV VC12 D 型 系列2,,,1916T4003,,,S1,QA3,件,44.3,Kg,
CSS00357,弹簧组件,SV VC13 D 型 系列2,,,1916T4003,,,S1,QA3,件,49.1,Kg,
CSS00358,弹簧组件,SV VC14 D 型 系列2,,,1916T4003,,,S1,QA3,件,48.6,Kg,
CSS00359,弹簧组件,SV VD15 D 型 系列2,,,1916T4003,,,S1,QA3,件,112,Kg,
CSS00360,弹簧组件,SV VD16 D 型 系列2,,,1916T4003,,,S1,QA3,件,122.9,Kg,
CSS00361,弹簧组件,SV VE17 D 型 系列2,,,1916T4003,,,S1,QA3,件,223.2,Kg,
CSS00362,弹簧组件,SV VE18 D 型 系列2,,,1916T4003,,,S1,QA3,件,225.6,Kg,
CSS00363,弹簧组件,SV VE19 D 型 系列2,,,1916T4003,,,S1,QA3,件,236.7,Kg,
CSS00364,弹簧组件,SV VE20 D 型 系列2,,,1916T4003,,,S1,QA3,件,274.4,Kg,
CSS00365,弹簧组件,SV VA1 D 型 系列3,,,1916T4003,,,S1,QA3,件,12.7,Kg,
CSS00366,弹簧组件,SV VA2 D 型 系列3,,,1916T4003,,,S1,QA3,件,12.9,Kg,
CSS00367,弹簧组件,SV VA3 D 型 系列3,,,1916T4003,,,S1,QA3,件,13.5,Kg,
CSS00368,弹簧组件,SV VB4 D 型 系列3,,,1916T4003,,,S1,QA3,件,18.1,Kg,
CSS00369,弹簧组件,SV VB5 D 型 系列3,,,1916T4003,,,S1,QA3,件,17.7,Kg,
CSS00370,弹簧组件,SV VB6 D 型 系列3,,,1916T4003,,,S1,QA3,件,21,Kg,
CSS00371,弹簧组件,SV VB7 D 型 系列3,,,1916T4003,,,S1,QA3,件,20.6,Kg,
CSS00372,弹簧组件,SV VB8 D 型 系列3,,,1916T4003,,,S1,QA3,件,22.1,Kg,
CSS00373,弹簧组件,SV VC9 D 型 系列3,,,1916T4003,,,S1,QA3,件,54.9,Kg,
CSS00374,弹簧组件,SV VC10 D 型 系列3,,,1916T4003,,,S1,QA3,件,57.6,Kg,
CSS00375,弹簧组件,SV VC11 D 型 系列3,,,1916T4003,,,S1,QA3,件,63.9,Kg,
CSS00376,弹簧组件,SV VC12 D 型 系列3,,,1916T4003,,,S1,QA3,件,66.8,Kg,
CSS00377,弹簧组件,SV VC13 D 型 系列3,,,1916T4003,,,S1,QA3,件,77.7,Kg,
CSS00378,弹簧组件,SV VC14 D 型 系列3,,,1916T4003,,,S1,QA3,件,76.7,Kg,
CSS00379,弹簧组件,SV VD15 D 型 系列3,,,1916T4003,,,S1,QA3,件,178.6,Kg,
CSS00380,弹簧组件,SV VD16 D 型 系列3,,,1916T4003,,,S1,QA3,件,196.4,Kg,
CSS00381,弹簧组件,SV VE17 D 型 系列3,,,1916T4003,,,S1,QA3,件,346.4,Kg,
CSS00382,弹簧组件,SV VE18 D 型 系列3,,,1916T4003,,,S1,QA3,件,351.2,Kg,
CSS00383,弹簧组件,SV VE19 D 型 系列3,,,1916T4003,,,S1,QA3,件,373.5,Kg,
CSS00384,弹簧组件,SV VE20 D 型 系列3,,,1916T4003,,,S1,QA3,件,438.8,Kg,
CSS00385,弹簧组件,SV1 系列1 S型,,,1916T4003,136xM12,,S2,QA3,件,5.8,Kg,尺寸为CxФD
CSS00386,弹簧组件,SV2 系列1 S型,,,1916T4003,136xM12,,S2,QA3,件,5.9,Kg,尺寸为CxФD
CSS00387,弹簧组件,SV3 系列1 S型,,,1916T4003,136xM12,,S2,QA3,件,5.8,Kg,尺寸为CxФD
CSS00388,弹簧组件,SV4 系列1 S型,,,1916T4003,136xM12,,S2,QA3,件,5.9,Kg,尺寸为CxФD
CSS00389,弹簧组件,SV5 系列1 S型,,,1916T4003,136xM12,,S2,QA3,件,5.9,Kg,尺寸为CxФD
CSS00390,弹簧组件,SV6 系列1 S型,,,1916T4003,136xM12,,S2,QA3,件,5.9,Kg,尺寸为CxФD
CSS00391,弹簧组件,SV7 系列1 S型,,,1916T4003,136xM12,,S2,QA3,件,6,Kg,尺寸为CxФD
CSS00392,弹簧组件,SV8 系列1 S型,,,1916T4003,136xM12,,S2,QA3,件,6,Kg,尺寸为CxФD
CSS00393,弹簧组件,SV9 系列1 S型,,,1916T4003,136xM12,,S2,QA3,件,6.1,Kg,尺寸为CxФD
CSS00394,弹簧组件,SV10 系列1 S型,,,1916T4003,158xM24,,S2,QA3,件,16.2,Kg,尺寸为CxФD
CSS00395,弹簧组件,SV11 系列1 S型,,,1916T4003,158xM24,,S2,QA3,件,16.5,Kg,尺寸为CxФD
CSS00396,弹簧组件,SV12 系列1 S型,,,1916T4003,158xM24,,S2,QA3,件,16.7,Kg,尺寸为CxФD
CSS00397,弹簧组件,SV13 系列1 S型,,,1916T4003,158xM24,,S2,QA3,件,17,Kg,尺寸为CxФD
CSS00398,弹簧组件,SV14 系列1 S型,,,1916T4003,158xM24,,S2,QA3,件,16.8,Kg,尺寸为CxФD
CSS00399,弹簧组件,SV15 系列1 S型,,,1916T4003,158xM24,,S2,QA3,件,16.9,Kg,尺寸为CxФD
CSS00400,弹簧组件,SV16 系列1 S型,,,1916T4003,227xM36,,S2,QA3,件,53.1,Kg,尺寸为CxФD
CSS00401,弹簧组件,SV17 系列1 S型,,,1916T4003,227xM36,,S2,QA3,件,54.8,Kg,尺寸为CxФD
CSS00402,弹簧组件,SV18 系列1 S型,,,1916T4003,227xM36,,S2,QA3,件,54.3,Kg,尺寸为CxФD
CSS00403,弹簧组件,SV19 系列1 S型,,,1916T4003,227xM36,,S2,QA3,件,55.7,Kg,尺寸为CxФD
CSS00404,弹簧组件,SV20 系列1 S型,,,1916T4003,299xM42,,S2,QA3,件,134,Kg,尺寸为CxФD
CSS00405,弹簧组件,SV21 系列1 S型,,,1916T4003,299xM42,,S2,QA3,件,138,Kg,尺寸为CxФD
CSS00406,弹簧组件,SV22 系列1 S型,,,1916T4003,299xM42,,S2,QA3,件,142,Kg,尺寸为CxФD
CSS00407,弹簧组件,SV23 系列1 S型,,,1916T4003,403xM52,,S2,QA3,件,293,Kg,尺寸为CxФD
CSS00408,弹簧组件,SV24 系列1 S型,,,1916T4003,403xM52,,S2,QA3,件,295,Kg,尺寸为CxФD
CSS00409,弹簧组件,SV25 系列1 S型,,,1916T4003,477xM60,,S2,QA3,件,468,Kg,尺寸为CxФD
CSS00410,弹簧组件,SV1 系列2 S型,,,1916T4003,136xM12,,S2,QA3,件,7.2,Kg,尺寸为CxФD
CSS00411,弹簧组件,SV2 系列2 S型,,,1916T4003,136xM12,,S2,QA3,件,7.3,Kg,尺寸为CxФD
CSS00412,弹簧组件,SV3 系列2 S型,,,1916T4003,136xM12,,S2,QA3,件,7.1,Kg,尺寸为CxФD
CSS00413,弹簧组件,SV4 系列2 S型,,,1916T4003,136xM12,,S2,QA3,件,7.2,Kg,尺寸为CxФD
CSS00414,弹簧组件,SV5 系列2 S型,,,1916T4003,136xM12,,S2,QA3,件,7.3,Kg,尺寸为CxФD
CSS00415,弹簧组件,SV6 系列2 S型,,,1916T4003,136xM12,,S2,QA3,件,7.4,Kg,尺寸为CxФD
CSS00416,弹簧组件,SV7 系列2 S型,,,1916T4003,136xM12,,S2,QA3,件,7.5,Kg,尺寸为CxФD
CSS00417,弹簧组件,SV8 系列2 S型,,,1916T4003,136xM12,,S2,QA3,件,7.6,Kg,尺寸为CxФD
CSS00418,弹簧组件,SV9 系列2 S型,,,1916T4003,136xM12,,S2,QA3,件,7.6,Kg,尺寸为CxФD
CSS00419,弹簧组件,SV10 系列2 S型,,,1916T4003,158xM24,,S2,QA3,件,20.4,Kg,尺寸为CxФD
CSS00420,弹簧组件,SV11 系列2 S型,,,1916T4003,158xM24,,S2,QA3,件,21,Kg,尺寸为CxФD
CSS00421,弹簧组件,SV12 系列2 S型,,,1916T4003,158xM24,,S2,QA3,件,21.5,Kg,尺寸为CxФD
CSS00422,弹簧组件,SV13 系列2 S型,,,1916T4003,158xM24,,S2,QA3,件,22,Kg,尺寸为CxФD
CSS00423,弹簧组件,SV14 系列2 S型,,,1916T4003,158xM24,,S2,QA3,件,21.6,Kg,尺寸为CxФD
CSS00424,弹簧组件,SV15 系列2 S型,,,1916T4003,158xM24,,S2,QA3,件,21.9,Kg,尺寸为CxФD
CSS00425,弹簧组件,SV16 系列2 S型,,,1916T4003,227xM36,,S2,QA3,件,66.6,Kg,尺寸为CxФD
CSS00426,弹簧组件,SV17 系列2 S型,,,1916T4003,227xM36,,S2,QA3,件,70,Kg,尺寸为CxФD
CSS00427,弹簧组件,SV18 系列2 S型,,,1916T4003,227xM36,,S2,QA3,件,68.9,Kg,尺寸为CxФD
CSS00428,弹簧组件,SV19 系列2 S型,,,1916T4003,227xM36,,S2,QA3,件,71.7,Kg,尺寸为CxФD
CSS00429,弹簧组件,SV20 系列2 S型,,,1916T4003,299xM42,,S2,QA3,件,170,Kg,尺寸为CxФD
CSS00430,弹簧组件,SV21 系列2 S型,,,1916T4003,299xM42,,S2,QA3,件,178,Kg,尺寸为CxФD
CSS00431,弹簧组件,SV22 系列2 S型,,,1916T4003,299xM42,,S2,QA3,件,187,Kg,尺寸为CxФD
CSS00432,弹簧组件,SV23 系列2 S型,,,1916T4003,403xM52,,S2,QA3,件,368,Kg,尺寸为CxФD
CSS00433,弹簧组件,SV24 系列2 S型,,,1916T4003,403xM52,,S2,QA3,件,371,Kg,尺寸为CxФD
CSS00434,弹簧组件,SV25 系列2 S型,,,1916T4003,477xM60,,S2,QA3,件,598,Kg,尺寸为CxФD
CSS00435,弹簧组件,SV1 系列3 S型,,,1916T4003,136xM12,,S2,QA3,件,10.4,Kg,尺寸为CxФD
CSS00436,弹簧组件,SV2 系列3 S型,,,1916T4003,136xM12,,S2,QA3,件,10.7,Kg,尺寸为CxФD
CSS00437,弹簧组件,SV3 系列3 S型,,,1916T4003,136xM12,,S2,QA3,件,10.2,Kg,尺寸为CxФD
CSS00438,弹簧组件,SV4 系列3 S型,,,1916T4003,136xM12,,S2,QA3,件,10.5,Kg,尺寸为CxФD
CSS00439,弹簧组件,SV5 系列3 S型,,,1916T4003,136xM12,,S2,QA3,件,10.7,Kg,尺寸为CxФD
CSS00440,弹簧组件,SV6 系列3 S型,,,1916T4003,136xM12,,S2,QA3,件,10.8,Kg,尺寸为CxФD
CSS00441,弹簧组件,SV7 系列3 S型,,,1916T4003,136xM12,,S2,QA3,件,11.2,Kg,尺寸为CxФD
CSS00442,弹簧组件,SV8 系列3 S型,,,1916T4003,136xM12,,S2,QA3,件,11.2,Kg,尺寸为CxФD
CSS00443,弹簧组件,SV9 系列3 S型,,,1916T4003,136xM12,,S2,QA3,件,11.3,Kg,尺寸为CxФD
CSS00444,弹簧组件,SV10 系列3 S型,,,1916T4003,158xM24,,S2,QA3,件,28.4,Kg,尺寸为CxФD
CSS00445,弹簧组件,SV11 系列3 S型,,,1916T4003,158xM24,,S2,QA3,件,29.5,Kg,尺寸为CxФD
CSS00446,弹簧组件,SV12 系列3 S型,,,1916T4003,158xM24,,S2,QA3,件,30.5,Kg,尺寸为CxФD
CSS00447,弹簧组件,SV13 系列3 S型,,,1916T4003,158xM24,,S2,QA3,件,31.6,Kg,尺寸为CxФD
CSS00448,弹簧组件,SV14 系列3 S型,,,1916T4003,158xM24,,S2,QA3,件,31,Kg,尺寸为CxФD
CSS00449,弹簧组件,SV15 系列3 S型,,,1916T4003,158xM24,,S2,QA3,件,31.7,Kg,尺寸为CxФD
CSS00450,弹簧组件,SV16 系列3 S型,,,1916T4003,227xM36,,S2,QA3,件,93.3,Kg,尺寸为CxФD
CSS00451,弹簧组件,SV17 系列3 S型,,,1916T4003,227xM36,,S2,QA3,件,100.1,Kg,尺寸为CxФD
CSS00452,弹簧组件,SV18 系列3 S型,,,1916T4003,227xM36,,S2,QA3,件,98,Kg,尺寸为CxФD
CSS00453,弹簧组件,SV19 系列3 S型,,,1916T4003,227xM36,,S2,QA3,件,103.6,Kg,尺寸为CxФD
CSS00454,弹簧组件,SV20 系列3 S型,,,1916T4003,299xM42,,S2,QA3,件,242.6,Kg,尺寸为CxФD
CSS00455,弹簧组件,SV21 系列3 S型,,,1916T4003,299xM42,,S2,QA3,件,258.2,Kg,尺寸为CxФD
CSS00456,弹簧组件,SV22 系列3 S型,,,1916T4003,299xM42,,S2,QA3,件,275.2,Kg,尺寸为CxФD
CSS00457,弹簧组件,SV23 系列3 S型,,,1916T4003,403xM52,,S2,QA3,件,517.1,Kg,尺寸为CxФD
CSS00458,弹簧组件,SV24 系列3 S型,,,1916T4003,403xM52,,S2,QA3,件,526.5,Kg,尺寸为CxФD
CSS00459,弹簧组件,SV25 系列3 S型,,,1916T4003,477xM60,,S2,QA3,件,855.3,Kg,尺寸为CxФD
CSS00460,弹簧组件,SV1 系列1 P型,,,1916T4003,136xM12,,S2,QA3,件,8,Kg,尺寸为CxФD
CSS00461,弹簧组件,SV2 系列1 P型,,,1916T4003,136xM12,,S2,QA3,件,8.1,Kg,尺寸为CxФD
CSS00462,弹簧组件,SV3 系列1 P型,,,1916T4003,136xM12,,S2,QA3,件,8,Kg,尺寸为CxФD
CSS00463,弹簧组件,SV4 系列1 P型,,,1916T4003,136xM12,,S2,QA3,件,8,Kg,尺寸为CxФD
CSS00464,弹簧组件,SV5 系列1 P型,,,1916T4003,136xM12,,S2,QA3,件,8.1,Kg,尺寸为CxФD
CSS00465,弹簧组件,SV6 系列1 P型,,,1916T4003,136xM12,,S2,QA3,件,8.1,Kg,尺寸为CxФD
CSS00466,弹簧组件,SV7 系列1 P型,,,1916T4003,136xM12,,S2,QA3,件,8.2,Kg,尺寸为CxФD
CSS00467,弹簧组件,SV8 系列1 P型,,,1916T4003,136xM12,,S2,QA3,件,8.2,Kg,尺寸为CxФD
CSS00468,弹簧组件,SV9 系列1 P型,,,1916T4003,136xM12,,S2,QA3,件,8.3,Kg,尺寸为CxФD
CSS00469,弹簧组件,SV10 系列1 P型,,,1916T4003,158xM24,,S2,QA3,件,21.4,Kg,尺寸为CxФD
CSS00470,弹簧组件,SV11 系列1 P型,,,1916T4003,158xM24,,S2,QA3,件,21.7,Kg,尺寸为CxФD
CSS00471,弹簧组件,SV12 系列1 P型,,,1916T4003,158xM24,,S2,QA3,件,21.9,Kg,尺寸为CxФD
CSS00472,弹簧组件,SV13 系列1 P型,,,1916T4003,158xM24,,S2,QA3,件,22.2,Kg,尺寸为CxФD
CSS00473,弹簧组件,SV14 系列1 P型,,,1916T4003,158xM24,,S2,QA3,件,22.1,Kg,尺寸为CxФD
CSS00474,弹簧组件,SV15 系列1 P型,,,1916T4003,158xM24,,S2,QA3,件,22.1,Kg,尺寸为CxФD
CSS00475,弹簧组件,SV16 系列1 P型,,,1916T4003,227xM36,,S2,QA3,件,63.4,Kg,尺寸为CxФD
CSS00476,弹簧组件,SV17 系列1 P型,,,1916T4003,227xM36,,S2,QA3,件,65.1,Kg,尺寸为CxФD
CSS00477,弹簧组件,SV18 系列1 P型,,,1916T4003,227xM36,,S2,QA3,件,64.6,Kg,尺寸为CxФD
CSS00478,弹簧组件,SV19 系列1 P型,,,1916T4003,227xM36,,S2,QA3,件,66,Kg,尺寸为CxФD
CSS00479,弹簧组件,SV20 系列1 P型,,,1916T4003,299xM42,,S2,QA3,件,159,Kg,尺寸为CxФD
CSS00480,弹簧组件,SV21 系列1 P型,,,1916T4003,299xM42,,S2,QA3,件,163,Kg,尺寸为CxФD
CSS00481,弹簧组件,SV22 系列1 P型,,,1916T4003,299xM42,,S2,QA3,件,167,Kg,尺寸为CxФD
CSS00482,弹簧组件,SV23 系列1 P型,,,1916T4003,403xM52,,S2,QA3,件,342,Kg,尺寸为CxФD
CSS00483,弹簧组件,SV24 系列1 P型,,,1916T4003,403xM52,,S2,QA3,件,345,Kg,尺寸为CxФD
CSS00484,弹簧组件,SV25 系列1 P型,,,1916T4003,477xM60,,S2,QA3,件,547,Kg,尺寸为CxФD
CSS00485,弹簧组件,SV1 系列2 P型,,,1916T4003,136xM12,,S2,QA3,件,9.4,Kg,尺寸为CxФD
CSS00486,弹簧组件,SV2 系列2 P型,,,1916T4003,136xM12,,S2,QA3,件,9.5,Kg,尺寸为CxФD
CSS00487,弹簧组件,SV3 系列2 P型,,,1916T4003,136xM12,,S2,QA3,件,9.3,Kg,尺寸为CxФD
CSS00488,弹簧组件,SV4 系列2 P型,,,1916T4003,136xM12,,S2,QA3,件,9.4,Kg,尺寸为CxФD
CSS00489,弹簧组件,SV5 系列2 P型,,,1916T4003,136xM12,,S2,QA3,件,9.5,Kg,尺寸为CxФD
CSS00490,弹簧组件,SV6 系列2 P型,,,1916T4003,136xM12,,S2,QA3,件,9.6,Kg,尺寸为CxФD
CSS00491,弹簧组件,SV7 系列2 P型,,,1916T4003,136xM12,,S2,QA3,件,9.7,Kg,尺寸为CxФD
CSS00492,弹簧组件,SV8 系列2 P型,,,1916T4003,136xM12,,S2,QA3,件,9.8,Kg,尺寸为CxФD
CSS00493,弹簧组件,SV9 系列2 P型,,,1916T4003,136xM12,,S2,QA3,件,9.8,Kg,尺寸为CxФD
CSS00494,弹簧组件,SV10 系列2 P型,,,1916T4003,158xM24,,S2,QA3,件,25.6,Kg,尺寸为CxФD
CSS00495,弹簧组件,SV11 系列2 P型,,,1916T4003,158xM24,,S2,QA3,件,26.2,Kg,尺寸为CxФD
CSS00496,弹簧组件,SV12 系列2 P型,,,1916T4003,158xM24,,S2,QA3,件,26.7,Kg,尺寸为CxФD
CSS00497,弹簧组件,SV13 系列2 P型,,,1916T4003,158xM24,,S2,QA3,件,27.2,Kg,尺寸为CxФD
CSS00498,弹簧组件,SV14 系列2 P型,,,1916T4003,158xM24,,S2,QA3,件,26.8,Kg,尺寸为CxФD
CSS00499,弹簧组件,SV15 系列2 P型,,,1916T4003,158xM24,,S2,QA3,件,27.1,Kg,尺寸为CxФD
CSS00500,弹簧组件,SV16 系列2 P型,,,1916T4003,227xM36,,S2,QA3,件,76.9,Kg,尺寸为CxФD
CSS00501,弹簧组件,SV17 系列2 P型,,,1916T4003,227xM36,,S2,QA3,件,80.3,Kg,尺寸为CxФD
CSS00502,弹簧组件,SV18 系列2 P型,,,1916T4003,227xM36,,S2,QA3,件,79.3,Kg,尺寸为CxФD
CSS00503,弹簧组件,SV19 系列2 P型,,,1916T4003,227xM36,,S2,QA3,件,82,Kg,尺寸为CxФD
CSS00504,弹簧组件,SV20 系列2 P型,,,1916T4003,299xM42,,S2,QA3,件,195,Kg,尺寸为CxФD
CSS00505,弹簧组件,SV21 系列2 P型,,,1916T4003,299xM42,,S2,QA3,件,203,Kg,尺寸为CxФD
CSS00506,弹簧组件,SV22 系列2 P型,,,1916T4003,299xM42,,S2,QA3,件,212,Kg,尺寸为CxФD
CSS00507,弹簧组件,SV23 系列2 P型,,,1916T4003,403xM52,,S2,QA3,件,417,Kg,尺寸为CxФD
CSS00508,弹簧组件,SV24 系列2 P型,,,1916T4003,403xM52,,S2,QA3,件,421,Kg,尺寸为CxФD
CSS00509,弹簧组件,SV25 系列2 P型,,,1916T4003,477xM60,,S2,QA3,件,677,Kg,尺寸为CxФD
CSS00510,弹簧组件,SV1 系列3 P型,,,1916T4003,136xM12,,S2,QA3,件,12.6,Kg,尺寸为CxФD
CSS00511,弹簧组件,SV2 系列3 P型,,,1916T4003,136xM12,,S2,QA3,件,12.8,Kg,尺寸为CxФD
CSS00512,弹簧组件,SV3 系列3 P型,,,1916T4003,136xM12,,S2,QA3,件,12.4,Kg,尺寸为CxФD
CSS00513,弹簧组件,SV4 系列3 P型,,,1916T4003,136xM12,,S2,QA3,件,12.7,Kg,尺寸为CxФD
CSS00514,弹簧组件,SV5 系列3 P型,,,1916T4003,136xM12,,S2,QA3,件,12.9,Kg,尺寸为CxФD
CSS00515,弹簧组件,SV6 系列3 P型,,,1916T4003,136xM12,,S2,QA3,件,13,Kg,尺寸为CxФD
CSS00516,弹簧组件,SV7 系列3 P型,,,1916T4003,136xM12,,S2,QA3,件,13.4,Kg,尺寸为CxФD
CSS00517,弹簧组件,SV8 系列3 P型,,,1916T4003,136xM12,,S2,QA3,件,13.4,Kg,尺寸为CxФD
CSS00518,弹簧组件,SV9 系列3 P型,,,1916T4003,136xM12,,S2,QA3,件,13.5,Kg,尺寸为CxФD
CSS00519,弹簧组件,SV10 系列3 P型,,,1916T4003,158xM24,,S2,QA3,件,33.6,Kg,尺寸为CxФD
CSS00520,弹簧组件,SV11 系列3 P型,,,1916T4003,158xM24,,S2,QA3,件,34.7,Kg,尺寸为CxФD
CSS00521,弹簧组件,SV12 系列3 P型,,,1916T4003,158xM24,,S2,QA3,件,35.7,Kg,尺寸为CxФD
CSS00522,弹簧组件,SV13 系列3 P型,,,1916T4003,158xM24,,S2,QA3,件,36.8,Kg,尺寸为CxФD
CSS00523,弹簧组件,SV14 系列3 P型,,,1916T4003,158xM24,,S2,QA3,件,36.2,Kg,尺寸为CxФD
CSS00524,弹簧组件,SV15 系列3 P型,,,1916T4003,158xM24,,S2,QA3,件,36.9,Kg,尺寸为CxФD
CSS00525,弹簧组件,SV16 系列3 P型,,,1916T4003,227xM36,,S2,QA3,件,103.6,Kg,尺寸为CxФD
CSS00526,弹簧组件,SV17 系列3 P型,,,1916T4003,227xM36,,S2,QA3,件,110.4,Kg,尺寸为CxФD
CSS00527,弹簧组件,SV18 系列3 P型,,,1916T4003,227xM36,,S2,QA3,件,108.3,Kg,尺寸为CxФD
CSS00528,弹簧组件,SV19 系列3 P型,,,1916T4003,227xM36,,S2,QA3,件,113.9,Kg,尺寸为CxФD
CSS00529,弹簧组件,SV20 系列3 P型,,,1916T4003,299xM42,,S2,QA3,件,267.7,Kg,尺寸为CxФD
CSS00530,弹簧组件,SV21 系列3 P型,,,1916T4003,299xM42,,S2,QA3,件,283.3,Kg,尺寸为CxФD
CSS00531,弹簧组件,SV22 系列3 P型,,,1916T4003,299xM42,,S2,QA3,件,300.3,Kg,尺寸为CxФD
CSS00532,弹簧组件,SV23 系列3 P型,,,1916T4003,403xM52,,S2,QA3,件,566.6,Kg,尺寸为CxФD
CSS00533,弹簧组件,SV24 系列3 P型,,,1916T4003,403xM52,,S2,QA3,件,576.6,Kg,尺寸为CxФD
CSS00534,弹簧组件,SV25 系列3 P型,,,1916T4003,477xM60,,S2,QA3,件,934.1,Kg,尺寸为CxФD
CSS00535,弹簧组件,SV1 系列1 C型,,,1916T4003,136xM12,,S2,QA3,件,7.6,Kg,尺寸为CxФD
CSS00536,弹簧组件,SV2 系列1 C型,,,1916T4003,136xM12,,S2,QA3,件,7.7,Kg,尺寸为CxФD
CSS00537,弹簧组件,SV3 系列1 C型,,,1916T4003,136xM12,,S2,QA3,件,7.6,Kg,尺寸为CxФD
CSS00538,弹簧组件,SV4 系列1 C型,,,1916T4003,136xM12,,S2,QA3,件,7.6,Kg,尺寸为CxФD
CSS00539,弹簧组件,SV5 系列1 C型,,,1916T4003,136xM12,,S2,QA3,件,7.7,Kg,尺寸为CxФD
CSS00540,弹簧组件,SV6 系列1 C型,,,1916T4003,136xM12,,S2,QA3,件,7.7,Kg,尺寸为CxФD
CSS00541,弹簧组件,SV7 系列1 C型,,,1916T4003,136xM12,,S2,QA3,件,7.8,Kg,尺寸为CxФD
CSS00542,弹簧组件,SV8 系列1 C型,,,1916T4003,136xM12,,S2,QA3,件,7.8,Kg,尺寸为CxФD
CSS00543,弹簧组件,SV9 系列1 C型,,,1916T4003,136xM12,,S2,QA3,件,7.8,Kg,尺寸为CxФD
CSS00544,弹簧组件,SV10 系列1 C型,,,1916T4003,158xM24,,S2,QA3,件,18.7,Kg,尺寸为CxФD
CSS00545,弹簧组件,SV11 系列1 C型,,,1916T4003,158xM24,,S2,QA3,件,19,Kg,尺寸为CxФD
CSS00546,弹簧组件,SV12 系列1 C型,,,1916T4003,158xM24,,S2,QA3,件,19.2,Kg,尺寸为CxФD
CSS00547,弹簧组件,SV13 系列1 C型,,,1916T4003,158xM24,,S2,QA3,件,19.5,Kg,尺寸为CxФD
CSS00548,弹簧组件,SV14 系列1 C型,,,1916T4003,158xM24,,S2,QA3,件,19.3,Kg,尺寸为CxФD
CSS00549,弹簧组件,SV15 系列1 C型,,,1916T4003,158xM24,,S2,QA3,件,19.4,Kg,尺寸为CxФD
CSS00550,弹簧组件,SV16 系列1 C型,,,1916T4003,227xM36,,S2,QA3,件,56,Kg,尺寸为CxФD
CSS00551,弹簧组件,SV17 系列1 C型,,,1916T4003,227xM36,,S2,QA3,件,57.7,Kg,尺寸为CxФD
CSS00552,弹簧组件,SV18 系列1 C型,,,1916T4003,227xM36,,S2,QA3,件,57.2,Kg,尺寸为CxФD
CSS00553,弹簧组件,SV19 系列1 C型,,,1916T4003,227xM36,,S2,QA3,件,58.6,Kg,尺寸为CxФD
CSS00554,弹簧组件,SV20 系列1 C型,,,1916T4003,299xM42,,S2,QA3,件,142.9,Kg,尺寸为CxФD
CSS00555,弹簧组件,SV21 系列1 C型,,,1916T4003,299xM42,,S2,QA3,件,146.8,Kg,尺寸为CxФD
CSS00556,弹簧组件,SV22 系列1 C型,,,1916T4003,299xM42,,S2,QA3,件,151.1,Kg,尺寸为CxФD
CSS00557,弹簧组件,SV23 系列1 C型,,,1916T4003,403xM52,,S2,QA3,件,315.2,Kg,尺寸为CxФD
CSS00558,弹簧组件,SV24 系列1 C型,,,1916T4003,403xM52,,S2,QA3,件,317.6,Kg,尺寸为CxФD
CSS00559,弹簧组件,SV25 系列1 C型,,,1916T4003,477xM60,,S2,QA3,件,506.2,Kg,尺寸为CxФD
CSS00560,弹簧组件,SV1 系列2 C型,,,1916T4003,136xM12,,S2,QA3,件,8.9,Kg,尺寸为CxФD
CSS00561,弹簧组件,SV2 系列2 C型,,,1916T4003,136xM12,,S2,QA3,件,9.1,Kg,尺寸为CxФD
CSS00562,弹簧组件,SV3 系列2 C型,,,1916T4003,136xM12,,S2,QA3,件,8.8,Kg,尺寸为CxФD
CSS00563,弹簧组件,SV4 系列2 C型,,,1916T4003,136xM12,,S2,QA3,件,9,Kg,尺寸为CxФD
CSS00564,弹簧组件,SV5 系列2 C型,,,1916T4003,136xM12,,S2,QA3,件,9.1,Kg,尺寸为CxФD
CSS00565,弹簧组件,SV6 系列2 C型,,,1916T4003,136xM12,,S2,QA3,件,9.1,Kg,尺寸为CxФD
CSS00566,弹簧组件,SV7 系列2 C型,,,1916T4003,136xM12,,S2,QA3,件,9.3,Kg,尺寸为CxФD
CSS00567,弹簧组件,SV8 系列2 C型,,,1916T4003,136xM12,,S2,QA3,件,9.3,Kg,尺寸为CxФD
CSS00568,弹簧组件,SV9 系列2 C型,,,1916T4003,136xM12,,S2,QA3,件,9.4,Kg,尺寸为CxФD
CSS00569,弹簧组件,SV10 系列2 C型,,,1916T4003,158xM24,,S2,QA3,件,22.6,Kg,尺寸为CxФD
CSS00570,弹簧组件,SV11 系列2 C型,,,1916T4003,158xM24,,S2,QA3,件,23.2,Kg,尺寸为CxФD
CSS00571,弹簧组件,SV12 系列2 C型,,,1916T4003,158xM24,,S2,QA3,件,23.7,Kg,尺寸为CxФD
CSS00572,弹簧组件,SV13 系列2 C型,,,1916T4003,158xM24,,S2,QA3,件,24.2,Kg,尺寸为CxФD
CSS00573,弹簧组件,SV14 系列2 C型,,,1916T4003,158xM24,,S2,QA3,件,23.9,Kg,尺寸为CxФD
CSS00574,弹簧组件,SV15 系列2 C型,,,1916T4003,158xM24,,S2,QA3,件,24.1,Kg,尺寸为CxФD
CSS00575,弹簧组件,SV16 系列2 C型,,,1916T4003,227xM36,,S2,QA3,件,68.7,Kg,尺寸为CxФD
CSS00576,弹簧组件,SV17 系列2 C型,,,1916T4003,227xM36,,S2,QA3,件,72.1,Kg,尺寸为CxФD
CSS00577,弹簧组件,SV18 系列2 C型,,,1916T4003,227xM36,,S2,QA3,件,71.1,Kg,尺寸为CxФD
CSS00578,弹簧组件,SV19 系列2 C型,,,1916T4003,227xM36,,S2,QA3,件,73.9,Kg,尺寸为CxФD
CSS00579,弹簧组件,SV20 系列2 C型,,,1916T4003,299xM42,,S2,QA3,件,177.5,Kg,尺寸为CxФD
CSS00580,弹簧组件,SV21 系列2 C型,,,1916T4003,299xM42,,S2,QA3,件,185.3,Kg,尺寸为CxФD
CSS00581,弹簧组件,SV22 系列2 C型,,,1916T4003,299xM42,,S2,QA3,件,193.8,Kg,尺寸为CxФD
CSS00582,弹簧组件,SV23 系列2 C型,,,1916T4003,403xM52,,S2,QA3,件,387.6,Kg,尺寸为CxФD
CSS00583,弹簧组件,SV24 系列2 C型,,,1916T4003,403xM52,,S2,QA3,件,391.2,Kg,尺寸为CxФD
CSS00584,弹簧组件,SV25 系列2 C型,,,1916T4003,477xM60,,S2,QA3,件,632.7,Kg,尺寸为CxФD
CSS00585,弹簧组件,SV1 系列3 C型,,,1916T4003,136xM12,,S2,QA3,件,12.2,Kg,尺寸为CxФD
CSS00586,弹簧组件,SV2 系列3 C型,,,1916T4003,136xM12,,S2,QA3,件,12.4,Kg,尺寸为CxФD
CSS00587,弹簧组件,SV3 系列3 C型,,,1916T4003,136xM12,,S2,QA3,件,12,Kg,尺寸为CxФD
CSS00588,弹簧组件,SV4 系列3 C型,,,1916T4003,136xM12,,S2,QA3,件,12.2,Kg,尺寸为CxФD
CSS00589,弹簧组件,SV5 系列3 C型,,,1916T4003,136xM12,,S2,QA3,件,12.4,Kg,尺寸为CxФD
CSS00590,弹簧组件,SV6 系列3 C型,,,1916T4003,136xM12,,S2,QA3,件,12.6,Kg,尺寸为CxФD
CSS00591,弹簧组件,SV7 系列3 C型,,,1916T4003,136xM12,,S2,QA3,件,12.9,Kg,尺寸为CxФD
CSS00592,弹簧组件,SV8 系列3 C型,,,1916T4003,136xM12,,S2,QA3,件,13,Kg,尺寸为CxФD
CSS00593,弹簧组件,SV9 系列3 C型,,,1916T4003,136xM12,,S2,QA3,件,13,Kg,尺寸为CxФD
CSS00594,弹簧组件,SV10 系列3 C型,,,1916T4003,158xM24,,S2,QA3,件,30.2,Kg,尺寸为CxФD
CSS00595,弹簧组件,SV11 系列3 C型,,,1916T4003,158xM24,,S2,QA3,件,31.4,Kg,尺寸为CxФD
CSS00596,弹簧组件,SV12 系列3 C型,,,1916T4003,158xM24,,S2,QA3,件,32.4,Kg,尺寸为CxФD
CSS00597,弹簧组件,SV13 系列3 C型,,,1916T4003,158xM24,,S2,QA3,件,33.4,Kg,尺寸为CxФD
CSS00598,弹簧组件,SV14 系列3 C型,,,1916T4003,158xM24,,S2,QA3,件,32.8,Kg,尺寸为CxФD
CSS00599,弹簧组件,SV15 系列3 C型,,,1916T4003,158xM24,,S2,QA3,件,33.5,Kg,尺寸为CxФD
CSS00600,弹簧组件,SV16 系列3 C型,,,1916T4003,227xM36,,S2,QA3,件,94,Kg,尺寸为CxФD
CSS00601,弹簧组件,SV17 系列3 C型,,,1916T4003,227xM36,,S2,QA3,件,100.8,Kg,尺寸为CxФD
CSS00602,弹簧组件,SV18 系列3 C型,,,1916T4003,227xM36,,S2,QA3,件,98.7,Kg,尺寸为CxФD
CSS00603,弹簧组件,SV19 系列3 C型,,,1916T4003,227xM36,,S2,QA3,件,104.3,Kg,尺寸为CxФD
CSS00604,弹簧组件,SV20 系列3 C型,,,1916T4003,299xM42,,S2,QA3,件,247.1,Kg,尺寸为CxФD
CSS00605,弹簧组件,SV21 系列3 C型,,,1916T4003,299xM42,,S2,QA3,件,262.7,Kg,尺寸为CxФD
CSS00606,弹簧组件,SV22 系列3 C型,,,1916T4003,299xM42,,S2,QA3,件,279.7,Kg,尺寸为CxФD
CSS00607,弹簧组件,SV23 系列3 C型,,,1916T4003,403xM52,,S2,QA3,件,532.9,Kg,尺寸为CxФD
CSS00608,弹簧组件,SV24 系列3 C型,,,1916T4003,403xM52,,S2,QA3,件,542.3,Kg,尺寸为CxФD
CSS00609,弹簧组件,SV25 系列3 C型,,,1916T4003,477xM60,,S2,QA3,件,883,Kg,尺寸为CxФD
CSS00610,弹簧组件,SV VA1 D 型 系列1,,,1916T4003,,,S2,QA3,件,7.1,Kg,
CSS00611,弹簧组件,SV VA2 D 型 系列1,,,1916T4003,,,S2,QA3,件,7.1,Kg,
CSS00612,弹簧组件,SV VA3 D 型 系列1,,,1916T4003,,,S2,QA3,件,7.3,Kg,
CSS00613,弹簧组件,SV VB4 D 型 系列1,,,1916T4003,,,S2,QA3,件,10.4,Kg,
CSS00614,弹簧组件,SV VB5 D 型 系列1,,,1916T4003,,,S2,QA3,件,10.6,Kg,
CSS00615,弹簧组件,SV VB6 D 型 系列1,,,1916T4003,,,S2,QA3,件,11.4,Kg,
CSS00616,弹簧组件,SV VB7 D 型 系列1,,,1916T4003,,,S2,QA3,件,10.9,Kg,
CSS00617,弹簧组件,SV VB8 D 型 系列1,,,1916T4003,,,S2,QA3,件,11.4,Kg,
CSS00618,弹簧组件,SV VC9 D 型 系列1,,,1916T4003,,,S2,QA3,件,27.7,Kg,
CSS00619,弹簧组件,SV VC10 D 型 系列1,,,1916T4003,,,S2,QA3,件,28.6,Kg,
CSS00620,弹簧组件,SV VC11 D 型 系列1,,,1916T4003,,,S2,QA3,件,32.9,Kg,
CSS00621,弹簧组件,SV VC12 D 型 系列1,,,1916T4003,,,S2,QA3,件,33.4,Kg,
CSS00622,弹簧组件,SV VC13 D 型 系列1,,,1916T4003,,,S2,QA3,件,36.9,Kg,
CSS00623,弹簧组件,SV VC14 D 型 系列1,,,1916T4003,,,S2,QA3,件,36.8,Kg,
CSS00624,弹簧组件,SV VD15 D 型 系列1,,,1916T4003,,,S2,QA3,件,85.3,Kg,
CSS00625,弹簧组件,SV VD16 D 型 系列1,,,1916T4003,,,S2,QA3,件,91.5,Kg,
CSS00626,弹簧组件,SV VE17 D 型 系列1,,,1916T4003,,,S2,QA3,件,173.1,Kg,
CSS00627,弹簧组件,SV VE18 D 型 系列1,,,1916T4003,,,S2,QA3,件,177.3,Kg,
CSS00628,弹簧组件,SV VE19 D 型 系列1,,,1916T4003,,,S2,QA3,件,181,Kg,
CSS00629,弹簧组件,SV VE20 D 型 系列1,,,1916T4003,,,S2,QA3,件,204.9,Kg,
CSS00630,弹簧组件,SV VA1 D 型 系列2,,,1916T4003,,,S2,QA3,件,8.8,Kg,
CSS00631,弹簧组件,SV VA2 D 型 系列2,,,1916T4003,,,S2,QA3,件,8.8,Kg,
CSS00632,弹簧组件,SV VA3 D 型 系列2,,,1916T4003,,,S2,QA3,件,9.2,Kg,
CSS00633,弹簧组件,SV VB4 D 型 系列2,,,1916T4003,,,S2,QA3,件,12.1,Kg,
CSS00634,弹簧组件,SV VB5 D 型 系列2,,,1916T4003,,,S2,QA3,件,11.9,Kg,
CSS00635,弹簧组件,SV VB6 D 型 系列2,,,1916T4003,,,S2,QA3,件,13.3,Kg,
CSS00636,弹簧组件,SV VB7 D 型 系列2,,,1916T4003,,,S2,QA3,件,13.1,Kg,
CSS00637,弹簧组件,SV VB8 D 型 系列2,,,1916T4003,,,S2,QA3,件,13.9,Kg,
CSS00638,弹簧组件,SV VC9 D 型 系列2,,,1916T4003,,,S2,QA3,件,34.7,Kg,
CSS00639,弹簧组件,SV VC10 D 型 系列2,,,1916T4003,,,S2,QA3,件,35.9,Kg,
CSS00640,弹簧组件,SV VC11 D 型 系列2,,,1916T4003,,,S2,QA3,件,42.8,Kg,
CSS00641,弹簧组件,SV VC12 D 型 系列2,,,1916T4003,,,S2,QA3,件,44.3,Kg,
CSS00642,弹簧组件,SV VC13 D 型 系列2,,,1916T4003,,,S2,QA3,件,49.1,Kg,
CSS00643,弹簧组件,SV VC14 D 型 系列2,,,1916T4003,,,S2,QA3,件,48.6,Kg,
CSS00644,弹簧组件,SV VD15 D 型 系列2,,,1916T4003,,,S2,QA3,件,112,Kg,
CSS00645,弹簧组件,SV VD16 D 型 系列2,,,1916T4003,,,S2,QA3,件,122.9,Kg,
CSS00646,弹簧组件,SV VE17 D 型 系列2,,,1916T4003,,,S2,QA3,件,223.2,Kg,
CSS00647,弹簧组件,SV VE18 D 型 系列2,,,1916T4003,,,S2,QA3,件,225.6,Kg,
CSS00648,弹簧组件,SV VE19 D 型 系列2,,,1916T4003,,,S2,QA3,件,236.7,Kg,
CSS00649,弹簧组件,SV VE20 D 型 系列2,,,1916T4003,,,S2,QA3,件,274.4,Kg,
CSS00650,弹簧组件,SV VA1 D 型 系列3,,,1916T4003,,,S2,QA3,件,12.7,Kg,
CSS00651,弹簧组件,SV VA2 D 型 系列3,,,1916T4003,,,S2,QA3,件,12.9,Kg,
CSS00652,弹簧组件,SV VA3 D 型 系列3,,,1916T4003,,,S2,QA3,件,13.5,Kg,
CSS00653,弹簧组件,SV VB4 D 型 系列3,,,1916T4003,,,S2,QA3,件,18.1,Kg,
CSS00654,弹簧组件,SV VB5 D 型 系列3,,,1916T4003,,,S2,QA3,件,17.7,Kg,
CSS00655,弹簧组件,SV VB6 D 型 系列3,,,1916T4003,,,S2,QA3,件,21,Kg,
CSS00656,弹簧组件,SV VB7 D 型 系列3,,,1916T4003,,,S2,QA3,件,20.6,Kg,
CSS00657,弹簧组件,SV VB8 D 型 系列3,,,1916T4003,,,S2,QA3,件,22.1,Kg,
CSS00658,弹簧组件,SV VC9 D 型 系列3,,,1916T4003,,,S2,QA3,件,54.9,Kg,
CSS00659,弹簧组件,SV VC10 D 型 系列3,,,1916T4003,,,S2,QA3,件,57.6,Kg,
CSS00660,弹簧组件,SV VC11 D 型 系列3,,,1916T4003,,,S2,QA3,件,63.9,Kg,
CSS00661,弹簧组件,SV VC12 D 型 系列3,,,1916T4003,,,S2,QA3,件,66.8,Kg,
CSS00662,弹簧组件,SV VC13 D 型 系列3,,,1916T4003,,,S2,QA3,件,77.7,Kg,
CSS00663,弹簧组件,SV VC14 D 型 系列3,,,1916T4003,,,S2,QA3,件,76.7,Kg,
CSS00664,弹簧组件,SV VD15 D 型 系列3,,,1916T4003,,,S2,QA3,件,178.6,Kg,
CSS00665,弹簧组件,SV VD16 D 型 系列3,,,1916T4003,,,S2,QA3,件,196.4,Kg,
CSS00666,弹簧组件,SV VE17 D 型 系列3,,,1916T4003,,,S2,QA3,件,346.4,Kg,
CSS00667,弹簧组件,SV VE18 D 型 系列3,,,1916T4003,,,S2,QA3,件,351.2,Kg,
CSS00668,弹簧组件,SV VE19 D 型 系列3,,,1916T4003,,,S2,QA3,件,373.5,Kg,
CSS00669,弹簧组件,SV VE20 D 型 系列3,,,1916T4003,,,S2,QA3,件,438.8,Kg,
CSS00670,弹簧组件,SV1 系列1 S型,,,1916T4003,136xM12,,NA,QNC,件,5.8,Kg,尺寸为CxФD
CSS00671,弹簧组件,SV2 系列1 S型,,,1916T4003,136xM12,,NA,QNC,件,5.9,Kg,尺寸为CxФD
CSS00672,弹簧组件,SV3 系列1 S型,,,1916T4003,136xM12,,NA,QNC,件,5.8,Kg,尺寸为CxФD
CSS00673,弹簧组件,SV4 系列1 S型,,,1916T4003,136xM12,,NA,QNC,件,5.9,Kg,尺寸为CxФD
CSS00674,弹簧组件,SV5 系列1 S型,,,1916T4003,136xM12,,NA,QNC,件,5.9,Kg,尺寸为CxФD
CSS00675,弹簧组件,SV6 系列1 S型,,,1916T4003,136xM12,,NA,QNC,件,5.9,Kg,尺寸为CxФD
CSS00676,弹簧组件,SV7 系列1 S型,,,1916T4003,136xM12,,NA,QNC,件,6,Kg,尺寸为CxФD
CSS00677,弹簧组件,SV8 系列1 S型,,,1916T4003,136xM12,,NA,QNC,件,6,Kg,尺寸为CxФD
CSS00678,弹簧组件,SV9 系列1 S型,,,1916T4003,136xM12,,NA,QNC,件,6.1,Kg,尺寸为CxФD
CSS00679,弹簧组件,SV10 系列1 S型,,,1916T4003,158xM24,,NA,QNC,件,16.2,Kg,尺寸为CxФD
CSS00680,弹簧组件,SV11 系列1 S型,,,1916T4003,158xM24,,NA,QNC,件,16.5,Kg,尺寸为CxФD
CSS00681,弹簧组件,SV12 系列1 S型,,,1916T4003,158xM24,,NA,QNC,件,16.7,Kg,尺寸为CxФD
CSS00682,弹簧组件,SV13 系列1 S型,,,1916T4003,158xM24,,NA,QNC,件,17,Kg,尺寸为CxФD
CSS00683,弹簧组件,SV14 系列1 S型,,,1916T4003,158xM24,,NA,QNC,件,16.8,Kg,尺寸为CxФD
CSS00684,弹簧组件,SV15 系列1 S型,,,1916T4003,158xM24,,NA,QNC,件,16.9,Kg,尺寸为CxФD
CSS00685,弹簧组件,SV16 系列1 S型,,,1916T4003,227xM36,,NA,QNC,件,53.1,Kg,尺寸为CxФD
CSS00686,弹簧组件,SV17 系列1 S型,,,1916T4003,227xM36,,NA,QNC,件,54.8,Kg,尺寸为CxФD
CSS00687,弹簧组件,SV18 系列1 S型,,,1916T4003,227xM36,,NA,QNC,件,54.3,Kg,尺寸为CxФD
CSS00688,弹簧组件,SV19 系列1 S型,,,1916T4003,227xM36,,NA,QNC,件,55.7,Kg,尺寸为CxФD
CSS00689,弹簧组件,SV20 系列1 S型,,,1916T4003,299xM42,,NA,QNC,件,134,Kg,尺寸为CxФD
CSS00690,弹簧组件,SV21 系列1 S型,,,1916T4003,299xM42,,NA,QNC,件,138,Kg,尺寸为CxФD
CSS00691,弹簧组件,SV22 系列1 S型,,,1916T4003,299xM42,,NA,QNC,件,142,Kg,尺寸为CxФD
CSS00692,弹簧组件,SV23 系列1 S型,,,1916T4003,403xM52,,NA,QNC,件,293,Kg,尺寸为CxФD
CSS00693,弹簧组件,SV24 系列1 S型,,,1916T4003,403xM52,,NA,QNC,件,295,Kg,尺寸为CxФD
CSS00694,弹簧组件,SV25 系列1 S型,,,1916T4003,477xM60,,NA,QNC,件,468,Kg,尺寸为CxФD
CSS00695,弹簧组件,SV1 系列2 S型,,,1916T4003,136xM12,,NA,QNC,件,7.2,Kg,尺寸为CxФD
CSS00696,弹簧组件,SV2 系列2 S型,,,1916T4003,136xM12,,NA,QNC,件,7.3,Kg,尺寸为CxФD
CSS00697,弹簧组件,SV3 系列2 S型,,,1916T4003,136xM12,,NA,QNC,件,7.1,Kg,尺寸为CxФD
CSS00698,弹簧组件,SV4 系列2 S型,,,1916T4003,136xM12,,NA,QNC,件,7.2,Kg,尺寸为CxФD
CSS00699,弹簧组件,SV5 系列2 S型,,,1916T4003,136xM12,,NA,QNC,件,7.3,Kg,尺寸为CxФD
CSS00700,弹簧组件,SV6 系列2 S型,,,1916T4003,136xM12,,NA,QNC,件,7.4,Kg,尺寸为CxФD
CSS00701,弹簧组件,SV7 系列2 S型,,,1916T4003,136xM12,,NA,QNC,件,7.5,Kg,尺寸为CxФD
CSS00702,弹簧组件,SV8 系列2 S型,,,1916T4003,136xM12,,NA,QNC,件,7.6,Kg,尺寸为CxФD
CSS00703,弹簧组件,SV9 系列2 S型,,,1916T4003,136xM12,,NA,QNC,件,7.6,Kg,尺寸为CxФD
CSS00704,弹簧组件,SV10 系列2 S型,,,1916T4003,158xM24,,NA,QNC,件,20.4,Kg,尺寸为CxФD
CSS00705,弹簧组件,SV11 系列2 S型,,,1916T4003,158xM24,,NA,QNC,件,21,Kg,尺寸为CxФD
CSS00706,弹簧组件,SV12 系列2 S型,,,1916T4003,158xM24,,NA,QNC,件,21.5,Kg,尺寸为CxФD
CSS00707,弹簧组件,SV13 系列2 S型,,,1916T4003,158xM24,,NA,QNC,件,22,Kg,尺寸为CxФD
CSS00708,弹簧组件,SV14 系列2 S型,,,1916T4003,158xM24,,NA,QNC,件,21.6,Kg,尺寸为CxФD
CSS00709,弹簧组件,SV15 系列2 S型,,,1916T4003,158xM24,,NA,QNC,件,21.9,Kg,尺寸为CxФD
CSS00710,弹簧组件,SV16 系列2 S型,,,1916T4003,227xM36,,NA,QNC,件,66.6,Kg,尺寸为CxФD
CSS00711,弹簧组件,SV17 系列2 S型,,,1916T4003,227xM36,,NA,QNC,件,70,Kg,尺寸为CxФD
CSS00712,弹簧组件,SV18 系列2 S型,,,1916T4003,227xM36,,NA,QNC,件,68.9,Kg,尺寸为CxФD
CSS00713,弹簧组件,SV19 系列2 S型,,,1916T4003,227xM36,,NA,QNC,件,71.7,Kg,尺寸为CxФD
CSS00714,弹簧组件,SV20 系列2 S型,,,1916T4003,299xM42,,NA,QNC,件,170,Kg,尺寸为CxФD
CSS00715,弹簧组件,SV21 系列2 S型,,,1916T4003,299xM42,,NA,QNC,件,178,Kg,尺寸为CxФD
CSS00716,弹簧组件,SV22 系列2 S型,,,1916T4003,299xM42,,NA,QNC,件,187,Kg,尺寸为CxФD
CSS00717,弹簧组件,SV23 系列2 S型,,,1916T4003,403xM52,,NA,QNC,件,368,Kg,尺寸为CxФD
CSS00718,弹簧组件,SV24 系列2 S型,,,1916T4003,403xM52,,NA,QNC,件,371,Kg,尺寸为CxФD
CSS00719,弹簧组件,SV25 系列2 S型,,,1916T4003,477xM60,,NA,QNC,件,598,Kg,尺寸为CxФD
CSS00720,弹簧组件,SV1 系列3 S型,,,1916T4003,136xM12,,NA,QNC,件,10.4,Kg,尺寸为CxФD
CSS00721,弹簧组件,SV2 系列3 S型,,,1916T4003,136xM12,,NA,QNC,件,10.7,Kg,尺寸为CxФD
CSS00722,弹簧组件,SV3 系列3 S型,,,1916T4003,136xM12,,NA,QNC,件,10.2,Kg,尺寸为CxФD
CSS00723,弹簧组件,SV4 系列3 S型,,,1916T4003,136xM12,,NA,QNC,件,10.5,Kg,尺寸为CxФD
CSS00724,弹簧组件,SV5 系列3 S型,,,1916T4003,136xM12,,NA,QNC,件,10.7,Kg,尺寸为CxФD
CSS00725,弹簧组件,SV6 系列3 S型,,,1916T4003,136xM12,,NA,QNC,件,10.8,Kg,尺寸为CxФD
CSS00726,弹簧组件,SV7 系列3 S型,,,1916T4003,136xM12,,NA,QNC,件,11.2,Kg,尺寸为CxФD
CSS00727,弹簧组件,SV8 系列3 S型,,,1916T4003,136xM12,,NA,QNC,件,11.2,Kg,尺寸为CxФD
CSS00728,弹簧组件,SV9 系列3 S型,,,1916T4003,136xM12,,NA,QNC,件,11.3,Kg,尺寸为CxФD
CSS00729,弹簧组件,SV10 系列3 S型,,,1916T4003,158xM24,,NA,QNC,件,28.4,Kg,尺寸为CxФD
CSS00730,弹簧组件,SV11 系列3 S型,,,1916T4003,158xM24,,NA,QNC,件,29.5,Kg,尺寸为CxФD
CSS00731,弹簧组件,SV12 系列3 S型,,,1916T4003,158xM24,,NA,QNC,件,30.5,Kg,尺寸为CxФD
CSS00732,弹簧组件,SV13 系列3 S型,,,1916T4003,158xM24,,NA,QNC,件,31.6,Kg,尺寸为CxФD
CSS00733,弹簧组件,SV14 系列3 S型,,,1916T4003,158xM24,,NA,QNC,件,31,Kg,尺寸为CxФD
CSS00734,弹簧组件,SV15 系列3 S型,,,1916T4003,158xM24,,NA,QNC,件,31.7,Kg,尺寸为CxФD
CSS00735,弹簧组件,SV16 系列3 S型,,,1916T4003,227xM36,,NA,QNC,件,93.3,Kg,尺寸为CxФD
CSS00736,弹簧组件,SV17 系列3 S型,,,1916T4003,227xM36,,NA,QNC,件,100.1,Kg,尺寸为CxФD
CSS00737,弹簧组件,SV18 系列3 S型,,,1916T4003,227xM36,,NA,QNC,件,98,Kg,尺寸为CxФD
CSS00738,弹簧组件,SV19 系列3 S型,,,1916T4003,227xM36,,NA,QNC,件,103.6,Kg,尺寸为CxФD
CSS00739,弹簧组件,SV20 系列3 S型,,,1916T4003,299xM42,,NA,QNC,件,242.6,Kg,尺寸为CxФD
CSS00740,弹簧组件,SV21 系列3 S型,,,1916T4003,299xM42,,NA,QNC,件,258.2,Kg,尺寸为CxФD
CSS00741,弹簧组件,SV22 系列3 S型,,,1916T4003,299xM42,,NA,QNC,件,275.2,Kg,尺寸为CxФD
CSS00742,弹簧组件,SV23 系列3 S型,,,1916T4003,403xM52,,NA,QNC,件,517.1,Kg,尺寸为CxФD
CSS00743,弹簧组件,SV24 系列3 S型,,,1916T4003,403xM52,,NA,QNC,件,526.5,Kg,尺寸为CxФD
CSS00744,弹簧组件,SV25 系列3 S型,,,1916T4003,477xM60,,NA,QNC,件,855.3,Kg,尺寸为CxФD
CSS00745,弹簧组件,SV1 系列1 P型,,,1916T4003,136xM12,,NA,QNC,件,8,Kg,尺寸为CxФD
CSS00746,弹簧组件,SV2 系列1 P型,,,1916T4003,136xM12,,NA,QNC,件,8.1,Kg,尺寸为CxФD
CSS00747,弹簧组件,SV3 系列1 P型,,,1916T4003,136xM12,,NA,QNC,件,8,Kg,尺寸为CxФD
CSS00748,弹簧组件,SV4 系列1 P型,,,1916T4003,136xM12,,NA,QNC,件,8,Kg,尺寸为CxФD
CSS00749,弹簧组件,SV5 系列1 P型,,,1916T4003,136xM12,,NA,QNC,件,8.1,Kg,尺寸为CxФD
CSS00750,弹簧组件,SV6 系列1 P型,,,1916T4003,136xM12,,NA,QNC,件,8.1,Kg,尺寸为CxФD
CSS00751,弹簧组件,SV7 系列1 P型,,,1916T4003,136xM12,,NA,QNC,件,8.2,Kg,尺寸为CxФD
CSS00752,弹簧组件,SV8 系列1 P型,,,1916T4003,136xM12,,NA,QNC,件,8.2,Kg,尺寸为CxФD
CSS00753,弹簧组件,SV9 系列1 P型,,,1916T4003,136xM12,,NA,QNC,件,8.3,Kg,尺寸为CxФD
CSS00754,弹簧组件,SV10 系列1 P型,,,1916T4003,158xM24,,NA,QNC,件,21.4,Kg,尺寸为CxФD
CSS00755,弹簧组件,SV11 系列1 P型,,,1916T4003,158xM24,,NA,QNC,件,21.7,Kg,尺寸为CxФD
CSS00756,弹簧组件,SV12 系列1 P型,,,1916T4003,158xM24,,NA,QNC,件,21.9,Kg,尺寸为CxФD
CSS00757,弹簧组件,SV13 系列1 P型,,,1916T4003,158xM24,,NA,QNC,件,22.2,Kg,尺寸为CxФD
CSS00758,弹簧组件,SV14 系列1 P型,,,1916T4003,158xM24,,NA,QNC,件,22.1,Kg,尺寸为CxФD
CSS00759,弹簧组件,SV15 系列1 P型,,,1916T4003,158xM24,,NA,QNC,件,22.1,Kg,尺寸为CxФD
CSS00760,弹簧组件,SV16 系列1 P型,,,1916T4003,227xM36,,NA,QNC,件,63.4,Kg,尺寸为CxФD
CSS00761,弹簧组件,SV17 系列1 P型,,,1916T4003,227xM36,,NA,QNC,件,65.1,Kg,尺寸为CxФD
CSS00762,弹簧组件,SV18 系列1 P型,,,1916T4003,227xM36,,NA,QNC,件,64.6,Kg,尺寸为CxФD
CSS00763,弹簧组件,SV19 系列1 P型,,,1916T4003,227xM36,,NA,QNC,件,66,Kg,尺寸为CxФD
CSS00764,弹簧组件,SV20 系列1 P型,,,1916T4003,299xM42,,NA,QNC,件,159,Kg,尺寸为CxФD
CSS00765,弹簧组件,SV21 系列1 P型,,,1916T4003,299xM42,,NA,QNC,件,163,Kg,尺寸为CxФD
CSS00766,弹簧组件,SV22 系列1 P型,,,1916T4003,299xM42,,NA,QNC,件,167,Kg,尺寸为CxФD
CSS00767,弹簧组件,SV23 系列1 P型,,,1916T4003,403xM52,,NA,QNC,件,342,Kg,尺寸为CxФD
CSS00768,弹簧组件,SV24 系列1 P型,,,1916T4003,403xM52,,NA,QNC,件,345,Kg,尺寸为CxФD
CSS00769,弹簧组件,SV25 系列1 P型,,,1916T4003,477xM60,,NA,QNC,件,547,Kg,尺寸为CxФD
CSS00770,弹簧组件,SV1 系列2 P型,,,1916T4003,136xM12,,NA,QNC,件,9.4,Kg,尺寸为CxФD
CSS00771,弹簧组件,SV2 系列2 P型,,,1916T4003,136xM12,,NA,QNC,件,9.5,Kg,尺寸为CxФD
CSS00772,弹簧组件,SV3 系列2 P型,,,1916T4003,136xM12,,NA,QNC,件,9.3,Kg,尺寸为CxФD
CSS00773,弹簧组件,SV4 系列2 P型,,,1916T4003,136xM12,,NA,QNC,件,9.4,Kg,尺寸为CxФD
CSS00774,弹簧组件,SV5 系列2 P型,,,1916T4003,136xM12,,NA,QNC,件,9.5,Kg,尺寸为CxФD
CSS00775,弹簧组件,SV6 系列2 P型,,,1916T4003,136xM12,,NA,QNC,件,9.6,Kg,尺寸为CxФD
CSS00776,弹簧组件,SV7 系列2 P型,,,1916T4003,136xM12,,NA,QNC,件,9.7,Kg,尺寸为CxФD
CSS00777,弹簧组件,SV8 系列2 P型,,,1916T4003,136xM12,,NA,QNC,件,9.8,Kg,尺寸为CxФD
CSS00778,弹簧组件,SV9 系列2 P型,,,1916T4003,136xM12,,NA,QNC,件,9.8,Kg,尺寸为CxФD
CSS00779,弹簧组件,SV10 系列2 P型,,,1916T4003,158xM24,,NA,QNC,件,25.6,Kg,尺寸为CxФD
CSS00780,弹簧组件,SV11 系列2 P型,,,1916T4003,158xM24,,NA,QNC,件,26.2,Kg,尺寸为CxФD
CSS00781,弹簧组件,SV12 系列2 P型,,,1916T4003,158xM24,,NA,QNC,件,26.7,Kg,尺寸为CxФD
CSS00782,弹簧组件,SV13 系列2 P型,,,1916T4003,158xM24,,NA,QNC,件,27.2,Kg,尺寸为CxФD
CSS00783,弹簧组件,SV14 系列2 P型,,,1916T4003,158xM24,,NA,QNC,件,26.8,Kg,尺寸为CxФD
CSS00784,弹簧组件,SV15 系列2 P型,,,1916T4003,158xM24,,NA,QNC,件,27.1,Kg,尺寸为CxФD
CSS00785,弹簧组件,SV16 系列2 P型,,,1916T4003,227xM36,,NA,QNC,件,76.9,Kg,尺寸为CxФD
CSS00786,弹簧组件,SV17 系列2 P型,,,1916T4003,227xM36,,NA,QNC,件,80.3,Kg,尺寸为CxФD
CSS00787,弹簧组件,SV18 系列2 P型,,,1916T4003,227xM36,,NA,QNC,件,79.3,Kg,尺寸为CxФD
CSS00788,弹簧组件,SV19 系列2 P型,,,1916T4003,227xM36,,NA,QNC,件,82,Kg,尺寸为CxФD
CSS00789,弹簧组件,SV20 系列2 P型,,,1916T4003,299xM42,,NA,QNC,件,195,Kg,尺寸为CxФD
CSS00790,弹簧组件,SV21 系列2 P型,,,1916T4003,299xM42,,NA,QNC,件,203,Kg,尺寸为CxФD
CSS00791,弹簧组件,SV22 系列2 P型,,,1916T4003,299xM42,,NA,QNC,件,212,Kg,尺寸为CxФD
CSS00792,弹簧组件,SV23 系列2 P型,,,1916T4003,403xM52,,NA,QNC,件,417,Kg,尺寸为CxФD
CSS00793,弹簧组件,SV24 系列2 P型,,,1916T4003,403xM52,,NA,QNC,件,421,Kg,尺寸为CxФD
CSS00794,弹簧组件,SV25 系列2 P型,,,1916T4003,477xM60,,NA,QNC,件,677,Kg,尺寸为CxФD
CSS00795,弹簧组件,SV1 系列3 P型,,,1916T4003,136xM12,,NA,QNC,件,12.6,Kg,尺寸为CxФD
CSS00796,弹簧组件,SV2 系列3 P型,,,1916T4003,136xM12,,NA,QNC,件,12.8,Kg,尺寸为CxФD
CSS00797,弹簧组件,SV3 系列3 P型,,,1916T4003,136xM12,,NA,QNC,件,12.4,Kg,尺寸为CxФD
CSS00798,弹簧组件,SV4 系列3 P型,,,1916T4003,136xM12,,NA,QNC,件,12.7,Kg,尺寸为CxФD
CSS00799,弹簧组件,SV5 系列3 P型,,,1916T4003,136xM12,,NA,QNC,件,12.9,Kg,尺寸为CxФD
CSS00800,弹簧组件,SV6 系列3 P型,,,1916T4003,136xM12,,NA,QNC,件,13,Kg,尺寸为CxФD
CSS00801,弹簧组件,SV7 系列3 P型,,,1916T4003,136xM12,,NA,QNC,件,13.4,Kg,尺寸为CxФD
CSS00802,弹簧组件,SV8 系列3 P型,,,1916T4003,136xM12,,NA,QNC,件,13.4,Kg,尺寸为CxФD
CSS00803,弹簧组件,SV9 系列3 P型,,,1916T4003,136xM12,,NA,QNC,件,13.5,Kg,尺寸为CxФD
CSS00804,弹簧组件,SV10 系列3 P型,,,1916T4003,158xM24,,NA,QNC,件,33.6,Kg,尺寸为CxФD
CSS00805,弹簧组件,SV11 系列3 P型,,,1916T4003,158xM24,,NA,QNC,件,34.7,Kg,尺寸为CxФD
CSS00806,弹簧组件,SV12 系列3 P型,,,1916T4003,158xM24,,NA,QNC,件,35.7,Kg,尺寸为CxФD
CSS00807,弹簧组件,SV13 系列3 P型,,,1916T4003,158xM24,,NA,QNC,件,36.8,Kg,尺寸为CxФD
CSS00808,弹簧组件,SV14 系列3 P型,,,1916T4003,158xM24,,NA,QNC,件,36.2,Kg,尺寸为CxФD
CSS00809,弹簧组件,SV15 系列3 P型,,,1916T4003,158xM24,,NA,QNC,件,36.9,Kg,尺寸为CxФD
CSS00810,弹簧组件,SV16 系列3 P型,,,1916T4003,227xM36,,NA,QNC,件,103.6,Kg,尺寸为CxФD
CSS00811,弹簧组件,SV17 系列3 P型,,,1916T4003,227xM36,,NA,QNC,件,110.4,Kg,尺寸为CxФD
CSS00812,弹簧组件,SV18 系列3 P型,,,1916T4003,227xM36,,NA,QNC,件,108.3,Kg,尺寸为CxФD
CSS00813,弹簧组件,SV19 系列3 P型,,,1916T4003,227xM36,,NA,QNC,件,113.9,Kg,尺寸为CxФD
CSS00814,弹簧组件,SV20 系列3 P型,,,1916T4003,299xM42,,NA,QNC,件,267.7,Kg,尺寸为CxФD
CSS00815,弹簧组件,SV21 系列3 P型,,,1916T4003,299xM42,,NA,QNC,件,283.3,Kg,尺寸为CxФD
CSS00816,弹簧组件,SV22 系列3 P型,,,1916T4003,299xM42,,NA,QNC,件,300.3,Kg,尺寸为CxФD
CSS00817,弹簧组件,SV23 系列3 P型,,,1916T4003,403xM52,,NA,QNC,件,566.6,Kg,尺寸为CxФD
CSS00818,弹簧组件,SV24 系列3 P型,,,1916T4003,403xM52,,NA,QNC,件,576.6,Kg,尺寸为CxФD
CSS00819,弹簧组件,SV25 系列3 P型,,,1916T4003,477xM60,,NA,QNC,件,934.1,Kg,尺寸为CxФD
CSS00820,弹簧组件,SV1 系列1 C型,,,1916T4003,136xM12,,NA,QNC,件,7.6,Kg,尺寸为CxФD
CSS00821,弹簧组件,SV2 系列1 C型,,,1916T4003,136xM12,,NA,QNC,件,7.7,Kg,尺寸为CxФD
CSS00822,弹簧组件,SV3 系列1 C型,,,1916T4003,136xM12,,NA,QNC,件,7.6,Kg,尺寸为CxФD
CSS00823,弹簧组件,SV4 系列1 C型,,,1916T4003,136xM12,,NA,QNC,件,7.6,Kg,尺寸为CxФD
CSS00824,弹簧组件,SV5 系列1 C型,,,1916T4003,136xM12,,NA,QNC,件,7.7,Kg,尺寸为CxФD
CSS00825,弹簧组件,SV6 系列1 C型,,,1916T4003,136xM12,,NA,QNC,件,7.7,Kg,尺寸为CxФD
CSS00826,弹簧组件,SV7 系列1 C型,,,1916T4003,136xM12,,NA,QNC,件,7.8,Kg,尺寸为CxФD
CSS00827,弹簧组件,SV8 系列1 C型,,,1916T4003,136xM12,,NA,QNC,件,7.8,Kg,尺寸为CxФD
CSS00828,弹簧组件,SV9 系列1 C型,,,1916T4003,136xM12,,NA,QNC,件,7.8,Kg,尺寸为CxФD
CSS00829,弹簧组件,SV10 系列1 C型,,,1916T4003,158xM24,,NA,QNC,件,18.7,Kg,尺寸为CxФD
CSS00830,弹簧组件,SV11 系列1 C型,,,1916T4003,158xM24,,NA,QNC,件,19,Kg,尺寸为CxФD
CSS00831,弹簧组件,SV12 系列1 C型,,,1916T4003,158xM24,,NA,QNC,件,19.2,Kg,尺寸为CxФD
CSS00832,弹簧组件,SV13 系列1 C型,,,1916T4003,158xM24,,NA,QNC,件,19.5,Kg,尺寸为CxФD
CSS00833,弹簧组件,SV14 系列1 C型,,,1916T4003,158xM24,,NA,QNC,件,19.3,Kg,尺寸为CxФD
CSS00834,弹簧组件,SV15 系列1 C型,,,1916T4003,158xM24,,NA,QNC,件,19.4,Kg,尺寸为CxФD
CSS00835,弹簧组件,SV16 系列1 C型,,,1916T4003,227xM36,,NA,QNC,件,56,Kg,尺寸为CxФD
CSS00836,弹簧组件,SV17 系列1 C型,,,1916T4003,227xM36,,NA,QNC,件,57.7,Kg,尺寸为CxФD
CSS00837,弹簧组件,SV18 系列1 C型,,,1916T4003,227xM36,,NA,QNC,件,57.2,Kg,尺寸为CxФD
CSS00838,弹簧组件,SV19 系列1 C型,,,1916T4003,227xM36,,NA,QNC,件,58.6,Kg,尺寸为CxФD
CSS00839,弹簧组件,SV20 系列1 C型,,,1916T4003,299xM42,,NA,QNC,件,142.9,Kg,尺寸为CxФD
CSS00840,弹簧组件,SV21 系列1 C型,,,1916T4003,299xM42,,NA,QNC,件,146.8,Kg,尺寸为CxФD
CSS00841,弹簧组件,SV22 系列1 C型,,,1916T4003,299xM42,,NA,QNC,件,151.1,Kg,尺寸为CxФD
CSS00842,弹簧组件,SV23 系列1 C型,,,1916T4003,403xM52,,NA,QNC,件,315.2,Kg,尺寸为CxФD
CSS00843,弹簧组件,SV24 系列1 C型,,,1916T4003,403xM52,,NA,QNC,件,317.6,Kg,尺寸为CxФD
CSS00844,弹簧组件,SV25 系列1 C型,,,1916T4003,477xM60,,NA,QNC,件,506.2,Kg,尺寸为CxФD
CSS00845,弹簧组件,SV1 系列2 C型,,,1916T4003,136xM12,,NA,QNC,件,8.9,Kg,尺寸为CxФD
CSS00846,弹簧组件,SV2 系列2 C型,,,1916T4003,136xM12,,NA,QNC,件,9.1,Kg,尺寸为CxФD
CSS00847,弹簧组件,SV3 系列2 C型,,,1916T4003,136xM12,,NA,QNC,件,8.8,Kg,尺寸为CxФD
CSS00848,弹簧组件,SV4 系列2 C型,,,1916T4003,136xM12,,NA,QNC,件,9,Kg,尺寸为CxФD
CSS00849,弹簧组件,SV5 系列2 C型,,,1916T4003,136xM12,,NA,QNC,件,9.1,Kg,尺寸为CxФD
CSS00850,弹簧组件,SV6 系列2 C型,,,1916T4003,136xM12,,NA,QNC,件,9.1,Kg,尺寸为CxФD
CSS00851,弹簧组件,SV7 系列2 C型,,,1916T4003,136xM12,,NA,QNC,件,9.3,Kg,尺寸为CxФD
CSS00852,弹簧组件,SV8 系列2 C型,,,1916T4003,136xM12,,NA,QNC,件,9.3,Kg,尺寸为CxФD
CSS00853,弹簧组件,SV9 系列2 C型,,,1916T4003,136xM12,,NA,QNC,件,9.4,Kg,尺寸为CxФD
CSS00854,弹簧组件,SV10 系列2 C型,,,1916T4003,158xM24,,NA,QNC,件,22.6,Kg,尺寸为CxФD
CSS00855,弹簧组件,SV11 系列2 C型,,,1916T4003,158xM24,,NA,QNC,件,23.2,Kg,尺寸为CxФD
CSS00856,弹簧组件,SV12 系列2 C型,,,1916T4003,158xM24,,NA,QNC,件,23.7,Kg,尺寸为CxФD
CSS00857,弹簧组件,SV13 系列2 C型,,,1916T4003,158xM24,,NA,QNC,件,24.2,Kg,尺寸为CxФD
CSS00858,弹簧组件,SV14 系列2 C型,,,1916T4003,158xM24,,NA,QNC,件,23.9,Kg,尺寸为CxФD
CSS00859,弹簧组件,SV15 系列2 C型,,,1916T4003,158xM24,,NA,QNC,件,24.1,Kg,尺寸为CxФD
CSS00860,弹簧组件,SV16 系列2 C型,,,1916T4003,227xM36,,NA,QNC,件,68.7,Kg,尺寸为CxФD
CSS00861,弹簧组件,SV17 系列2 C型,,,1916T4003,227xM36,,NA,QNC,件,72.1,Kg,尺寸为CxФD
CSS00862,弹簧组件,SV18 系列2 C型,,,1916T4003,227xM36,,NA,QNC,件,71.1,Kg,尺寸为CxФD
CSS00863,弹簧组件,SV19 系列2 C型,,,1916T4003,227xM36,,NA,QNC,件,73.9,Kg,尺寸为CxФD
CSS00864,弹簧组件,SV20 系列2 C型,,,1916T4003,299xM42,,NA,QNC,件,177.5,Kg,尺寸为CxФD
CSS00865,弹簧组件,SV21 系列2 C型,,,1916T4003,299xM42,,NA,QNC,件,185.3,Kg,尺寸为CxФD
CSS00866,弹簧组件,SV22 系列2 C型,,,1916T4003,299xM42,,NA,QNC,件,193.8,Kg,尺寸为CxФD
CSS00867,弹簧组件,SV23 系列2 C型,,,1916T4003,403xM52,,NA,QNC,件,387.6,Kg,尺寸为CxФD
CSS00868,弹簧组件,SV24 系列2 C型,,,1916T4003,403xM52,,NA,QNC,件,391.2,Kg,尺寸为CxФD
CSS00869,弹簧组件,SV25 系列2 C型,,,1916T4003,477xM60,,NA,QNC,件,632.7,Kg,尺寸为CxФD
CSS00870,弹簧组件,SV1 系列3 C型,,,1916T4003,136xM12,,NA,QNC,件,12.2,Kg,尺寸为CxФD
CSS00871,弹簧组件,SV2 系列3 C型,,,1916T4003,136xM12,,NA,QNC,件,12.4,Kg,尺寸为CxФD
CSS00872,弹簧组件,SV3 系列3 C型,,,1916T4003,136xM12,,NA,QNC,件,12,Kg,尺寸为CxФD
CSS00873,弹簧组件,SV4 系列3 C型,,,1916T4003,136xM12,,NA,QNC,件,12.2,Kg,尺寸为CxФD
CSS00874,弹簧组件,SV5 系列3 C型,,,1916T4003,136xM12,,NA,QNC,件,12.4,Kg,尺寸为CxФD
CSS00875,弹簧组件,SV6 系列3 C型,,,1916T4003,136xM12,,NA,QNC,件,12.6,Kg,尺寸为CxФD
CSS00876,弹簧组件,SV7 系列3 C型,,,1916T4003,136xM12,,NA,QNC,件,12.9,Kg,尺寸为CxФD
CSS00877,弹簧组件,SV8 系列3 C型,,,1916T4003,136xM12,,NA,QNC,件,13,Kg,尺寸为CxФD
CSS00878,弹簧组件,SV9 系列3 C型,,,1916T4003,136xM12,,NA,QNC,件,13,Kg,尺寸为CxФD
CSS00879,弹簧组件,SV10 系列3 C型,,,1916T4003,158xM24,,NA,QNC,件,30.2,Kg,尺寸为CxФD
CSS00880,弹簧组件,SV11 系列3 C型,,,1916T4003,158xM24,,NA,QNC,件,31.4,Kg,尺寸为CxФD
CSS00881,弹簧组件,SV12 系列3 C型,,,1916T4003,158xM24,,NA,QNC,件,32.4,Kg,尺寸为CxФD
CSS00882,弹簧组件,SV13 系列3 C型,,,1916T4003,158xM24,,NA,QNC,件,33.4,Kg,尺寸为CxФD
CSS00883,弹簧组件,SV14 系列3 C型,,,1916T4003,158xM24,,NA,QNC,件,32.8,Kg,尺寸为CxФD
CSS00884,弹簧组件,SV15 系列3 C型,,,1916T4003,158xM24,,NA,QNC,件,33.5,Kg,尺寸为CxФD
CSS00885,弹簧组件,SV16 系列3 C型,,,1916T4003,227xM36,,NA,QNC,件,94,Kg,尺寸为CxФD
CSS00886,弹簧组件,SV17 系列3 C型,,,1916T4003,227xM36,,NA,QNC,件,100.8,Kg,尺寸为CxФD
CSS00887,弹簧组件,SV18 系列3 C型,,,1916T4003,227xM36,,NA,QNC,件,98.7,Kg,尺寸为CxФD
CSS00888,弹簧组件,SV19 系列3 C型,,,1916T4003,227xM36,,NA,QNC,件,104.3,Kg,尺寸为CxФD
CSS00889,弹簧组件,SV20 系列3 C型,,,1916T4003,299xM42,,NA,QNC,件,247.1,Kg,尺寸为CxФD
CSS00890,弹簧组件,SV21 系列3 C型,,,1916T4003,299xM42,,NA,QNC,件,262.7,Kg,尺寸为CxФD
CSS00891,弹簧组件,SV22 系列3 C型,,,1916T4003,299xM42,,NA,QNC,件,279.7,Kg,尺寸为CxФD
CSS00892,弹簧组件,SV23 系列3 C型,,,1916T4003,403xM52,,NA,QNC,件,532.9,Kg,尺寸为CxФD
CSS00893,弹簧组件,SV24 系列3 C型,,,1916T4003,403xM52,,NA,QNC,件,542.3,Kg,尺寸为CxФD
CSS00894,弹簧组件,SV25 系列3 C型,,,1916T4003,477xM60,,NA,QNC,件,883,Kg,尺寸为CxФD
CSS00895,弹簧组件,SV VA1 D 型 系列1,,,1916T4003,,,NA,QNC,件,7.1,Kg,
CSS00896,弹簧组件,SV VA2 D 型 系列1,,,1916T4003,,,NA,QNC,件,7.1,Kg,
CSS00897,弹簧组件,SV VA3 D 型 系列1,,,1916T4003,,,NA,QNC,件,7.3,Kg,
CSS00898,弹簧组件,SV VB4 D 型 系列1,,,1916T4003,,,NA,QNC,件,10.4,Kg,
CSS00899,弹簧组件,SV VB5 D 型 系列1,,,1916T4003,,,NA,QNC,件,10.6,Kg,
CSS00900,弹簧组件,SV VB6 D 型 系列1,,,1916T4003,,,NA,QNC,件,11.4,Kg,
CSS00901,弹簧组件,SV VB7 D 型 系列1,,,1916T4003,,,NA,QNC,件,10.9,Kg,
CSS00902,弹簧组件,SV VB8 D 型 系列1,,,1916T4003,,,NA,QNC,件,11.4,Kg,
CSS00903,弹簧组件,SV VC9 D 型 系列1,,,1916T4003,,,NA,QNC,件,27.7,Kg,
CSS00904,弹簧组件,SV VC10 D 型 系列1,,,1916T4003,,,NA,QNC,件,28.6,Kg,
CSS00905,弹簧组件,SV VC11 D 型 系列1,,,1916T4003,,,NA,QNC,件,32.9,Kg,
CSS00906,弹簧组件,SV VC12 D 型 系列1,,,1916T4003,,,NA,QNC,件,33.4,Kg,
CSS00907,弹簧组件,SV VC13 D 型 系列1,,,1916T4003,,,NA,QNC,件,36.9,Kg,
CSS00908,弹簧组件,SV VC14 D 型 系列1,,,1916T4003,,,NA,QNC,件,36.8,Kg,
CSS00909,弹簧组件,SV VD15 D 型 系列1,,,1916T4003,,,NA,QNC,件,85.3,Kg,
CSS00910,弹簧组件,SV VD16 D 型 系列1,,,1916T4003,,,NA,QNC,件,91.5,Kg,
CSS00911,弹簧组件,SV VE17 D 型 系列1,,,1916T4003,,,NA,QNC,件,173.1,Kg,
CSS00912,弹簧组件,SV VE18 D 型 系列1,,,1916T4003,,,NA,QNC,件,177.3,Kg,
CSS00913,弹簧组件,SV VE19 D 型 系列1,,,1916T4003,,,NA,QNC,件,181,Kg,
CSS00914,弹簧组件,SV VE20 D 型 系列1,,,1916T4003,,,NA,QNC,件,204.9,Kg,
CSS00915,弹簧组件,SV VA1 D 型 系列2,,,1916T4003,,,NA,QNC,件,8.8,Kg,
CSS00916,弹簧组件,SV VA2 D 型 系列2,,,1916T4003,,,NA,QNC,件,8.8,Kg,
CSS00917,弹簧组件,SV VA3 D 型 系列2,,,1916T4003,,,NA,QNC,件,9.2,Kg,
CSS00918,弹簧组件,SV VB4 D 型 系列2,,,1916T4003,,,NA,QNC,件,12.1,Kg,
CSS00919,弹簧组件,SV VB5 D 型 系列2,,,1916T4003,,,NA,QNC,件,11.9,Kg,
CSS00920,弹簧组件,SV VB6 D 型 系列2,,,1916T4003,,,NA,QNC,件,13.3,Kg,
CSS00921,弹簧组件,SV VB7 D 型 系列2,,,1916T4003,,,NA,QNC,件,13.1,Kg,
CSS00922,弹簧组件,SV VB8 D 型 系列2,,,1916T4003,,,NA,QNC,件,13.9,Kg,
CSS00923,弹簧组件,SV VC9 D 型 系列2,,,1916T4003,,,NA,QNC,件,34.7,Kg,
CSS00924,弹簧组件,SV VC10 D 型 系列2,,,1916T4003,,,NA,QNC,件,35.9,Kg,
CSS00925,弹簧组件,SV VC11 D 型 系列2,,,1916T4003,,,NA,QNC,件,42.8,Kg,
CSS00926,弹簧组件,SV VC12 D 型 系列2,,,1916T4003,,,NA,QNC,件,44.3,Kg,
CSS00927,弹簧组件,SV VC13 D 型 系列2,,,1916T4003,,,NA,QNC,件,49.1,Kg,
CSS00928,弹簧组件,SV VC14 D 型 系列2,,,1916T4003,,,NA,QNC,件,48.6,Kg,
CSS00929,弹簧组件,SV VD15 D 型 系列2,,,1916T4003,,,NA,QNC,件,112,Kg,
CSS00930,弹簧组件,SV VD16 D 型 系列2,,,1916T4003,,,NA,QNC,件,122.9,Kg,
CSS00931,弹簧组件,SV VE17 D 型 系列2,,,1916T4003,,,NA,QNC,件,223.2,Kg,
CSS00932,弹簧组件,SV VE18 D 型 系列2,,,1916T4003,,,NA,QNC,件,225.6,Kg,
CSS00933,弹簧组件,SV VE19 D 型 系列2,,,1916T4003,,,NA,QNC,件,236.7,Kg,
CSS00934,弹簧组件,SV VE20 D 型 系列2,,,1916T4003,,,NA,QNC,件,274.4,Kg,
CSS00935,弹簧组件,SV VA1 D 型 系列3,,,1916T4003,,,NA,QNC,件,12.7,Kg,
CSS00936,弹簧组件,SV VA2 D 型 系列3,,,1916T4003,,,NA,QNC,件,12.9,Kg,
CSS00937,弹簧组件,SV VA3 D 型 系列3,,,1916T4003,,,NA,QNC,件,13.5,Kg,
CSS00938,弹簧组件,SV VB4 D 型 系列3,,,1916T4003,,,NA,QNC,件,18.1,Kg,
CSS00939,弹簧组件,SV VB5 D 型 系列3,,,1916T4003,,,NA,QNC,件,17.7,Kg,
CSS00940,弹簧组件,SV VB6 D 型 系列3,,,1916T4003,,,NA,QNC,件,21,Kg,
CSS00941,弹簧组件,SV VB7 D 型 系列3,,,1916T4003,,,NA,QNC,件,20.6,Kg,
CSS00942,弹簧组件,SV VB8 D 型 系列3,,,1916T4003,,,NA,QNC,件,22.1,Kg,
CSS00943,弹簧组件,SV VC9 D 型 系列3,,,1916T4003,,,NA,QNC,件,54.9,Kg,
CSS00944,弹簧组件,SV VC10 D 型 系列3,,,1916T4003,,,NA,QNC,件,57.6,Kg,
CSS00945,弹簧组件,SV VC11 D 型 系列3,,,1916T4003,,,NA,QNC,件,63.9,Kg,
CSS00946,弹簧组件,SV VC12 D 型 系列3,,,1916T4003,,,NA,QNC,件,66.8,Kg,
CSS00947,弹簧组件,SV VC13 D 型 系列3,,,1916T4003,,,NA,QNC,件,77.7,Kg,
CSS00948,弹簧组件,SV VC14 D 型 系列3,,,1916T4003,,,NA,QNC,件,76.7,Kg,
CSS00949,弹簧组件,SV VD15 D 型 系列3,,,1916T4003,,,NA,QNC,件,178.6,Kg,
CSS00950,弹簧组件,SV VD16 D 型 系列3,,,1916T4003,,,NA,QNC,件,196.4,Kg,
CSS00951,弹簧组件,SV VE17 D 型 系列3,,,1916T4003,,,NA,QNC,件,346.4,Kg,
CSS00952,弹簧组件,SV VE18 D 型 系列3,,,1916T4003,,,NA,QNC,件,351.2,Kg,
CSS00953,弹簧组件,SV VE19 D 型 系列3,,,1916T4003,,,NA,QNC,件,373.5,Kg,
CSS00954,弹簧组件,SV VE20 D 型 系列3,,,1916T4003,,,NA,QNC,件,438.8,Kg,
CSS00955,恒力吊架组件,SX A100.15 位移90 S型,,,1916T4003,,,S1,QA3,件,90,Kg,
CSS00956,恒力吊架组件,SX A100.15 位移95 S型,,,1916T4003,,,S1,QA3,件,90,Kg,
CSS00957,恒力吊架组件,SX A100.15 位移100 S型,,,1916T4003,,,S1,QA3,件,90,Kg,
CSS00958,恒力吊架组件,SX A100.15 位移105 S型,,,1916T4003,,,S1,QA3,件,90,Kg,
CSS00959,恒力吊架组件,SX A100.15 位移110 S型,,,1916T4003,,,S1,QA3,件,90,Kg,
CSS00960,恒力吊架组件,SX A100.15 位移115 S型,,,1916T4003,,,S1,QA3,件,90,Kg,
CSS00961,恒力吊架组件,SX A100.15 位移120 S型,,,1916T4003,,,S1,QA3,件,90,Kg,
CSS00962,恒力吊架组件,SX A100.15 位移125 S型,,,1916T4003,,,S1,QA3,件,90,Kg,
CSS00963,恒力吊架组件,SX A100.15 位移130 S型,,,1916T4003,,,S1,QA3,件,90,Kg,
CSS00964,恒力吊架组件,SX A100.15 位移135 S型,,,1916T4003,,,S1,QA3,件,90,Kg,
CSS00965,恒力吊架组件,SX A100.15 位移140 S型,,,1916T4003,,,S1,QA3,件,90,Kg,
CSS00966,恒力吊架组件,SX A100.15 位移145 S型,,,1916T4003,,,S1,QA3,件,90,Kg,
CSS00967,恒力吊架组件,SX A100.15 位移150 S型,,,1916T4003,,,S1,QA3,件,90,Kg,
CSS00968,恒力吊架组件,SX A100.15 位移155 S型,,,1916T4003,,,S1,QA3,件,90,Kg,
CSS00969,恒力吊架组件,SX A100.15 位移160 S型,,,1916T4003,,,S1,QA3,件,90,Kg,
CSS00970,恒力吊架组件,SX A100.15 位移165 S型,,,1916T4003,,,S1,QA3,件,90,Kg,
CSS00971,恒力吊架组件,SX A100.15 位移170 S型,,,1916T4003,,,S1,QA3,件,90,Kg,
CSS00972,恒力吊架组件,SX A100.15 位移175 S型,,,1916T4003,,,S1,QA3,件,90,Kg,
CSS00973,恒力吊架组件,SX A100.15 位移180 S型,,,1916T4003,,,S1,QA3,件,90,Kg,
CSS00974,恒力吊架组件,SX A100.15 位移185 S型,,,1916T4003,,,S1,QA3,件,90,Kg,
CSS00975,恒力吊架组件,SX A100.15 位移190 S型,,,1916T4003,,,S1,QA3,件,90,Kg,
CSS00976,恒力吊架组件,SX A100.15 位移195 S型,,,1916T4003,,,S1,QA3,件,90,Kg,
CSS00977,恒力吊架组件,SX A100.15 位移200 S型,,,1916T4003,,,S1,QA3,件,90,Kg,
CSS00978,恒力吊架组件,SX A100.15 位移205 S型,,,1916T4003,,,S1,QA3,件,90,Kg,
CSS00979,恒力吊架组件,SX A100.15 位移210 S型,,,1916T4003,,,S1,QA3,件,90,Kg,
CSS00980,恒力吊架组件,SX A100.15 位移215 S型,,,1916T4003,,,S1,QA3,件,90,Kg,
CSS00981,恒力吊架组件,SX A100.15 位移220 S型,,,1916T4003,,,S1,QA3,件,90,Kg,
CSS00982,恒力吊架组件,SX A100.15 位移225 S型,,,1916T4003,,,S1,QA3,件,90,Kg,
CSS00983,恒力吊架组件,SX A100.15 位移230 S型,,,1916T4003,,,S1,QA3,件,90,Kg,
CSS00984,恒力吊架组件,SX A100.15 位移235 S型,,,1916T4003,,,S1,QA3,件,90,Kg,
CSS00985,恒力吊架组件,SX A100.15 位移240 S型,,,1916T4003,,,S1,QA3,件,90,Kg,
CSS00986,恒力吊架组件,SX A100.15 位移245 S型,,,1916T4003,,,S1,QA3,件,90,Kg,
CSS00987,恒力吊架组件,SX A100.15 位移250 S型,,,1916T4003,,,S1,QA3,件,90,Kg,
CSS00988,恒力吊架组件,SX A100.20 位移90 S型,,,1916T4003,,,S1,QA3,件,90,Kg,
CSS00989,恒力吊架组件,SX A100.20 位移95 S型,,,1916T4003,,,S1,QA3,件,90,Kg,
CSS00990,恒力吊架组件,SX A100.20 位移100 S型,,,1916T4003,,,S1,QA3,件,90,Kg,
CSS00991,恒力吊架组件,SX A100.20 位移105 S型,,,1916T4003,,,S1,QA3,件,90,Kg,
CSS00992,恒力吊架组件,SX A100.20 位移110 S型,,,1916T4003,,,S1,QA3,件,90,Kg,
CSS00993,恒力吊架组件,SX A100.20 位移115 S型,,,1916T4003,,,S1,QA3,件,90,Kg,
CSS00994,恒力吊架组件,SX A100.20 位移120 S型,,,1916T4003,,,S1,QA3,件,90,Kg,
CSS00995,恒力吊架组件,SX A100.20 位移125 S型,,,1916T4003,,,S1,QA3,件,90,Kg,
CSS00996,恒力吊架组件,SX A100.20 位移130 S型,,,1916T4003,,,S1,QA3,件,90,Kg,
CSS00997,恒力吊架组件,SX A100.20 位移135 S型,,,1916T4003,,,S1,QA3,件,90,Kg,
CSS00998,恒力吊架组件,SX A100.20 位移140 S型,,,1916T4003,,,S1,QA3,件,90,Kg,
CSS00999,恒力吊架组件,SX A100.20 位移145 S型,,,1916T4003,,,S1,QA3,件,90,Kg,
CSS01000,恒力吊架组件,SX A100.20 位移150 S型,,,1916T4003,,,S1,QA3,件,90,Kg,
CSS01001,恒力吊架组件,SX A100.20 位移155 S型,,,1916T4003,,,S1,QA3,件,90,Kg,
CSS01002,恒力吊架组件,SX A100.20 位移160 S型,,,1916T4003,,,S1,QA3,件,90,Kg,
CSS01003,恒力吊架组件,SX A100.20 位移165 S型,,,1916T4003,,,S1,QA3,件,90,Kg,
CSS01004,恒力吊架组件,SX A100.20 位移170 S型,,,1916T4003,,,S1,QA3,件,90,Kg,
CSS01005,恒力吊架组件,SX A100.20 位移175 S型,,,1916T4003,,,S1,QA3,件,90,Kg,
CSS01006,恒力吊架组件,SX A100.20 位移180 S型,,,1916T4003,,,S1,QA3,件,90,Kg,
CSS01007,恒力吊架组件,SX A100.20 位移185 S型,,,1916T4003,,,S1,QA3,件,90,Kg,
CSS01008,恒力吊架组件,SX A100.20 位移190 S型,,,1916T4003,,,S1,QA3,件,90,Kg,
CSS01009,恒力吊架组件,SX A100.20 位移195 S型,,,1916T4003,,,S1,QA3,件,90,Kg,
CSS01010,恒力吊架组件,SX A100.20 位移200 S型,,,1916T4003,,,S1,QA3,件,90,Kg,
CSS01011,恒力吊架组件,SX A100.20 位移205 S型,,,1916T4003,,,S1,QA3,件,90,Kg,
CSS01012,恒力吊架组件,SX A100.20 位移210 S型,,,1916T4003,,,S1,QA3,件,90,Kg,
CSS01013,恒力吊架组件,SX A100.20 位移215 S型,,,1916T4003,,,S1,QA3,件,90,Kg,
CSS01014,恒力吊架组件,SX A100.20 位移220 S型,,,1916T4003,,,S1,QA3,件,90,Kg,
CSS01015,恒力吊架组件,SX A100.20 位移225 S型,,,1916T4003,,,S1,QA3,件,90,Kg,
CSS01016,恒力吊架组件,SX A100.20 位移230 S型,,,1916T4003,,,S1,QA3,件,90,Kg,
CSS01017,恒力吊架组件,SX A100.20 位移235 S型,,,1916T4003,,,S1,QA3,件,90,Kg,
CSS01018,恒力吊架组件,SX A100.20 位移240 S型,,,1916T4003,,,S1,QA3,件,90,Kg,
CSS01019,恒力吊架组件,SX A100.20 位移245 S型,,,1916T4003,,,S1,QA3,件,90,Kg,
CSS01020,恒力吊架组件,SX A100.20 位移250 S型,,,1916T4003,,,S1,QA3,件,90,Kg,
CSS01021,恒力吊架组件,SX A100.25 位移90 S型,,,1916T4003,,,S1,QA3,件,90,Kg,
CSS01022,恒力吊架组件,SX A100.25 位移95 S型,,,1916T4003,,,S1,QA3,件,90,Kg,
CSS01023,恒力吊架组件,SX A100.25 位移100 S型,,,1916T4003,,,S1,QA3,件,90,Kg,
CSS01024,恒力吊架组件,SX A100.25 位移105 S型,,,1916T4003,,,S1,QA3,件,90,Kg,
CSS01025,恒力吊架组件,SX A100.25 位移110 S型,,,1916T4003,,,S1,QA3,件,90,Kg,
CSS01026,恒力吊架组件,SX A100.25 位移115 S型,,,1916T4003,,,S1,QA3,件,90,Kg,
CSS01027,恒力吊架组件,SX A100.25 位移120 S型,,,1916T4003,,,S1,QA3,件,90,Kg,
CSS01028,恒力吊架组件,SX A100.25 位移125 S型,,,1916T4003,,,S1,QA3,件,90,Kg,
CSS01029,恒力吊架组件,SX A100.25 位移130 S型,,,1916T4003,,,S1,QA3,件,90,Kg,
CSS01030,恒力吊架组件,SX A100.25 位移135 S型,,,1916T4003,,,S1,QA3,件,90,Kg,
CSS01031,恒力吊架组件,SX A100.25 位移140 S型,,,1916T4003,,,S1,QA3,件,90,Kg,
CSS01032,恒力吊架组件,SX A100.25 位移145 S型,,,1916T4003,,,S1,QA3,件,90,Kg,
CSS01033,恒力吊架组件,SX A100.25 位移150 S型,,,1916T4003,,,S1,QA3,件,90,Kg,
CSS01034,恒力吊架组件,SX A100.25 位移155 S型,,,1916T4003,,,S1,QA3,件,90,Kg,
CSS01035,恒力吊架组件,SX A100.25 位移160 S型,,,1916T4003,,,S1,QA3,件,90,Kg,
CSS01036,恒力吊架组件,SX A100.25 位移165 S型,,,1916T4003,,,S1,QA3,件,90,Kg,
CSS01037,恒力吊架组件,SX A100.25 位移170 S型,,,1916T4003,,,S1,QA3,件,90,Kg,
CSS01038,恒力吊架组件,SX A100.25 位移175 S型,,,1916T4003,,,S1,QA3,件,90,Kg,
CSS01039,恒力吊架组件,SX A100.25 位移180 S型,,,1916T4003,,,S1,QA3,件,90,Kg,
CSS01040,恒力吊架组件,SX A100.25 位移185 S型,,,1916T4003,,,S1,QA3,件,90,Kg,
CSS01041,恒力吊架组件,SX A100.25 位移190 S型,,,1916T4003,,,S1,QA3,件,90,Kg,
CSS01042,恒力吊架组件,SX A100.25 位移195 S型,,,1916T4003,,,S1,QA3,件,90,Kg,
CSS01043,恒力吊架组件,SX A100.25 位移200 S型,,,1916T4003,,,S1,QA3,件,90,Kg,
CSS01044,恒力吊架组件,SX A100.25 位移205 S型,,,1916T4003,,,S1,QA3,件,90,Kg,
CSS01045,恒力吊架组件,SX A100.25 位移210 S型,,,1916T4003,,,S1,QA3,件,90,Kg,
CSS01046,恒力吊架组件,SX A100.25 位移215 S型,,,1916T4003,,,S1,QA3,件,90,Kg,
CSS01047,恒力吊架组件,SX A100.25 位移220 S型,,,1916T4003,,,S1,QA3,件,90,Kg,
CSS01048,恒力吊架组件,SX A100.25 位移225 S型,,,1916T4003,,,S1,QA3,件,90,Kg,
CSS01049,恒力吊架组件,SX A100.25 位移230 S型,,,1916T4003,,,S1,QA3,件,90,Kg,
CSS01050,恒力吊架组件,SX A100.25 位移235 S型,,,1916T4003,,,S1,QA3,件,90,Kg,
CSS01051,恒力吊架组件,SX A100.25 位移240 S型,,,1916T4003,,,S1,QA3,件,90,Kg,
CSS01052,恒力吊架组件,SX A100.25 位移245 S型,,,1916T4003,,,S1,QA3,件,90,Kg,
CSS01053,恒力吊架组件,SX A100.25 位移250 S型,,,1916T4003,,,S1,QA3,件,90,Kg,
CSS01054,恒力吊架组件,SX A100.30 位移90 S型,,,1916T4003,,,S1,QA3,件,90,Kg,
CSS01055,恒力吊架组件,SX A100.30 位移95 S型,,,1916T4003,,,S1,QA3,件,90,Kg,
CSS01056,恒力吊架组件,SX A100.30 位移100 S型,,,1916T4003,,,S1,QA3,件,90,Kg,
CSS01057,恒力吊架组件,SX A100.30 位移105 S型,,,1916T4003,,,S1,QA3,件,90,Kg,
CSS01058,恒力吊架组件,SX A100.30 位移110 S型,,,1916T4003,,,S1,QA3,件,90,Kg,
CSS01059,恒力吊架组件,SX A100.30 位移115 S型,,,1916T4003,,,S1,QA3,件,90,Kg,
CSS01060,恒力吊架组件,SX A100.30 位移120 S型,,,1916T4003,,,S1,QA3,件,90,Kg,
CSS01061,恒力吊架组件,SX A100.30 位移125 S型,,,1916T4003,,,S1,QA3,件,90,Kg,
CSS01062,恒力吊架组件,SX A100.30 位移130 S型,,,1916T4003,,,S1,QA3,件,90,Kg,
CSS01063,恒力吊架组件,SX A100.30 位移135 S型,,,1916T4003,,,S1,QA3,件,90,Kg,
CSS01064,恒力吊架组件,SX A100.30 位移140 S型,,,1916T4003,,,S1,QA3,件,90,Kg,
CSS01065,恒力吊架组件,SX A100.30 位移145 S型,,,1916T4003,,,S1,QA3,件,90,Kg,
CSS01066,恒力吊架组件,SX A100.30 位移150 S型,,,1916T4003,,,S1,QA3,件,90,Kg,
CSS01067,恒力吊架组件,SX A100.30 位移155 S型,,,1916T4003,,,S1,QA3,件,90,Kg,
CSS01068,恒力吊架组件,SX A100.30 位移160 S型,,,1916T4003,,,S1,QA3,件,90,Kg,
CSS01069,恒力吊架组件,SX A100.30 位移165 S型,,,1916T4003,,,S1,QA3,件,90,Kg,
CSS01070,恒力吊架组件,SX A100.30 位移170 S型,,,1916T4003,,,S1,QA3,件,90,Kg,
CSS01071,恒力吊架组件,SX A100.30 位移175 S型,,,1916T4003,,,S1,QA3,件,90,Kg,
CSS01072,恒力吊架组件,SX A100.30 位移180 S型,,,1916T4003,,,S1,QA3,件,90,Kg,
CSS01073,恒力吊架组件,SX A100.30 位移185 S型,,,1916T4003,,,S1,QA3,件,90,Kg,
CSS01074,恒力吊架组件,SX A100.30 位移190 S型,,,1916T4003,,,S1,QA3,件,90,Kg,
CSS01075,恒力吊架组件,SX A100.30 位移195 S型,,,1916T4003,,,S1,QA3,件,90,Kg,
CSS01076,恒力吊架组件,SX A100.30 位移200 S型,,,1916T4003,,,S1,QA3,件,90,Kg,
CSS01077,恒力吊架组件,SX A100.30 位移205 S型,,,1916T4003,,,S1,QA3,件,90,Kg,
CSS01078,恒力吊架组件,SX A100.30 位移210 S型,,,1916T4003,,,S1,QA3,件,90,Kg,
CSS01079,恒力吊架组件,SX A100.30 位移215 S型,,,1916T4003,,,S1,QA3,件,90,Kg,
CSS01080,恒力吊架组件,SX A100.30 位移220 S型,,,1916T4003,,,S1,QA3,件,90,Kg,
CSS01081,恒力吊架组件,SX A100.30 位移225 S型,,,1916T4003,,,S1,QA3,件,90,Kg,
CSS01082,恒力吊架组件,SX A100.30 位移230 S型,,,1916T4003,,,S1,QA3,件,90,Kg,
CSS01083,恒力吊架组件,SX A100.30 位移235 S型,,,1916T4003,,,S1,QA3,件,90,Kg,
CSS01084,恒力吊架组件,SX A100.30 位移240 S型,,,1916T4003,,,S1,QA3,件,90,Kg,
CSS01085,恒力吊架组件,SX A100.30 位移245 S型,,,1916T4003,,,S1,QA3,件,90,Kg,
CSS01086,恒力吊架组件,SX A100.30 位移250 S型,,,1916T4003,,,S1,QA3,件,90,Kg,
CSS01087,恒力吊架组件,SX A101.2.5 位移90 S型,,,1916T4003,,,S1,QA3,件,45,Kg,
CSS01088,恒力吊架组件,SX A101.2.5 位移95 S型,,,1916T4003,,,S1,QA3,件,45,Kg,
CSS01089,恒力吊架组件,SX A101.2.5 位移100 S型,,,1916T4003,,,S1,QA3,件,45,Kg,
CSS01090,恒力吊架组件,SX A101.2.5 位移105 S型,,,1916T4003,,,S1,QA3,件,45,Kg,
CSS01091,恒力吊架组件,SX A101.2.5 位移110 S型,,,1916T4003,,,S1,QA3,件,45,Kg,
CSS01092,恒力吊架组件,SX A101.2.5 位移115 S型,,,1916T4003,,,S1,QA3,件,45,Kg,
CSS01093,恒力吊架组件,SX A101.2.5 位移120 S型,,,1916T4003,,,S1,QA3,件,45,Kg,
CSS01094,恒力吊架组件,SX A101.2.5 位移125 S型,,,1916T4003,,,S1,QA3,件,45,Kg,
CSS01095,恒力吊架组件,SX A101.2.5 位移130 S型,,,1916T4003,,,S1,QA3,件,45,Kg,
CSS01096,恒力吊架组件,SX A101.2.5 位移135 S型,,,1916T4003,,,S1,QA3,件,45,Kg,
CSS01097,恒力吊架组件,SX A101.2.5 位移140 S型,,,1916T4003,,,S1,QA3,件,45,Kg,
CSS01098,恒力吊架组件,SX A101.2.5 位移145 S型,,,1916T4003,,,S1,QA3,件,45,Kg,
CSS01099,恒力吊架组件,SX A101.2.5 位移150 S型,,,1916T4003,,,S1,QA3,件,45,Kg,
CSS01100,恒力吊架组件,SX A101.2.5 位移155 S型,,,1916T4003,,,S1,QA3,件,45,Kg,
CSS01101,恒力吊架组件,SX A101.2.5 位移160 S型,,,1916T4003,,,S1,QA3,件,45,Kg,
CSS01102,恒力吊架组件,SX A101.2.5 位移165 S型,,,1916T4003,,,S1,QA3,件,45,Kg,
CSS01103,恒力吊架组件,SX A101.2.5 位移170 S型,,,1916T4003,,,S1,QA3,件,45,Kg,
CSS01104,恒力吊架组件,SX A101.2.5 位移175 S型,,,1916T4003,,,S1,QA3,件,45,Kg,
CSS01105,恒力吊架组件,SX A101.2.5 位移180 S型,,,1916T4003,,,S1,QA3,件,45,Kg,
CSS01106,恒力吊架组件,SX A101.2.5 位移185 S型,,,1916T4003,,,S1,QA3,件,45,Kg,
CSS01107,恒力吊架组件,SX A101.2.5 位移190 S型,,,1916T4003,,,S1,QA3,件,45,Kg,
CSS01108,恒力吊架组件,SX A101.2.5 位移195 S型,,,1916T4003,,,S1,QA3,件,45,Kg,
CSS01109,恒力吊架组件,SX A101.2.5 位移200 S型,,,1916T4003,,,S1,QA3,件,45,Kg,
CSS01110,恒力吊架组件,SX A101.2.5 位移205 S型,,,1916T4003,,,S1,QA3,件,45,Kg,
CSS01111,恒力吊架组件,SX A101.2.5 位移210 S型,,,1916T4003,,,S1,QA3,件,45,Kg,
CSS01112,恒力吊架组件,SX A101.2.5 位移215 S型,,,1916T4003,,,S1,QA3,件,45,Kg,
CSS01113,恒力吊架组件,SX A101.2.5 位移220 S型,,,1916T4003,,,S1,QA3,件,45,Kg,
CSS01114,恒力吊架组件,SX A101.2.5 位移225 S型,,,1916T4003,,,S1,QA3,件,45,Kg,
CSS01115,恒力吊架组件,SX A101.2.5 位移230 S型,,,1916T4003,,,S1,QA3,件,45,Kg,
CSS01116,恒力吊架组件,SX A101.2.5 位移235 S型,,,1916T4003,,,S1,QA3,件,45,Kg,
CSS01117,恒力吊架组件,SX A101.2.5 位移240 S型,,,1916T4003,,,S1,QA3,件,45,Kg,
CSS01118,恒力吊架组件,SX A101.2.5 位移245 S型,,,1916T4003,,,S1,QA3,件,45,Kg,
CSS01119,恒力吊架组件,SX A101.2.5 位移250 S型,,,1916T4003,,,S1,QA3,件,45,Kg,
CSS01120,恒力吊架组件,SX A101.5 位移90 S型,,,1916T4003,,,S1,QA3,件,45,Kg,
CSS01121,恒力吊架组件,SX A101.5 位移95 S型,,,1916T4003,,,S1,QA3,件,45,Kg,
CSS01122,恒力吊架组件,SX A101.5 位移100 S型,,,1916T4003,,,S1,QA3,件,45,Kg,
CSS01123,恒力吊架组件,SX A101.5 位移105 S型,,,1916T4003,,,S1,QA3,件,45,Kg,
CSS01124,恒力吊架组件,SX A101.5 位移110 S型,,,1916T4003,,,S1,QA3,件,45,Kg,
CSS01125,恒力吊架组件,SX A101.5 位移115 S型,,,1916T4003,,,S1,QA3,件,45,Kg,
CSS01126,恒力吊架组件,SX A101.5 位移120 S型,,,1916T4003,,,S1,QA3,件,45,Kg,
CSS01127,恒力吊架组件,SX A101.5 位移125 S型,,,1916T4003,,,S1,QA3,件,45,Kg,
CSS01128,恒力吊架组件,SX A101.5 位移130 S型,,,1916T4003,,,S1,QA3,件,45,Kg,
CSS01129,恒力吊架组件,SX A101.5 位移135 S型,,,1916T4003,,,S1,QA3,件,45,Kg,
CSS01130,恒力吊架组件,SX A101.5 位移140 S型,,,1916T4003,,,S1,QA3,件,45,Kg,
CSS01131,恒力吊架组件,SX A101.5 位移145 S型,,,1916T4003,,,S1,QA3,件,45,Kg,
CSS01132,恒力吊架组件,SX A101.5 位移150 S型,,,1916T4003,,,S1,QA3,件,45,Kg,
CSS01133,恒力吊架组件,SX A101.5 位移155 S型,,,1916T4003,,,S1,QA3,件,45,Kg,
CSS01134,恒力吊架组件,SX A101.5 位移160 S型,,,1916T4003,,,S1,QA3,件,45,Kg,
CSS01135,恒力吊架组件,SX A101.5 位移165 S型,,,1916T4003,,,S1,QA3,件,45,Kg,
CSS01136,恒力吊架组件,SX A101.5 位移170 S型,,,1916T4003,,,S1,QA3,件,45,Kg,
CSS01137,恒力吊架组件,SX A101.5 位移175 S型,,,1916T4003,,,S1,QA3,件,45,Kg,
CSS01138,恒力吊架组件,SX A101.5 位移180 S型,,,1916T4003,,,S1,QA3,件,45,Kg,
CSS01139,恒力吊架组件,SX A101.5 位移185 S型,,,1916T4003,,,S1,QA3,件,45,Kg,
CSS01140,恒力吊架组件,SX A101.5 位移190 S型,,,1916T4003,,,S1,QA3,件,45,Kg,
CSS01141,恒力吊架组件,SX A101.5 位移195 S型,,,1916T4003,,,S1,QA3,件,45,Kg,
CSS01142,恒力吊架组件,SX A101.5 位移200 S型,,,1916T4003,,,S1,QA3,件,45,Kg,
CSS01143,恒力吊架组件,SX A101.5 位移205 S型,,,1916T4003,,,S1,QA3,件,45,Kg,
CSS01144,恒力吊架组件,SX A101.5 位移210 S型,,,1916T4003,,,S1,QA3,件,45,Kg,
CSS01145,恒力吊架组件,SX A101.5 位移215 S型,,,1916T4003,,,S1,QA3,件,45,Kg,
CSS01146,恒力吊架组件,SX A101.5 位移220 S型,,,1916T4003,,,S1,QA3,件,45,Kg,
CSS01147,恒力吊架组件,SX A101.5 位移225 S型,,,1916T4003,,,S1,QA3,件,45,Kg,
CSS01148,恒力吊架组件,SX A101.5 位移230 S型,,,1916T4003,,,S1,QA3,件,45,Kg,
CSS01149,恒力吊架组件,SX A101.5 位移235 S型,,,1916T4003,,,S1,QA3,件,45,Kg,
CSS01150,恒力吊架组件,SX A101.5 位移240 S型,,,1916T4003,,,S1,QA3,件,45,Kg,
CSS01151,恒力吊架组件,SX A101.5 位移245 S型,,,1916T4003,,,S1,QA3,件,45,Kg,
CSS01152,恒力吊架组件,SX A101.5 位移250 S型,,,1916T4003,,,S1,QA3,件,45,Kg,
CSS01153,恒力吊架组件,SX A101.10 位移90 S型,,,1916T4003,,,S1,QA3,件,45,Kg,
CSS01154,恒力吊架组件,SX A101.10 位移95 S型,,,1916T4003,,,S1,QA3,件,45,Kg,
CSS01155,恒力吊架组件,SX A101.10 位移100 S型,,,1916T4003,,,S1,QA3,件,45,Kg,
CSS01156,恒力吊架组件,SX A101.10 位移105 S型,,,1916T4003,,,S1,QA3,件,45,Kg,
CSS01157,恒力吊架组件,SX A101.10 位移110 S型,,,1916T4003,,,S1,QA3,件,45,Kg,
CSS01158,恒力吊架组件,SX A101.10 位移115 S型,,,1916T4003,,,S1,QA3,件,45,Kg,
CSS01159,恒力吊架组件,SX A101.10 位移120 S型,,,1916T4003,,,S1,QA3,件,45,Kg,
CSS01160,恒力吊架组件,SX A101.10 位移125 S型,,,1916T4003,,,S1,QA3,件,45,Kg,
CSS01161,恒力吊架组件,SX A101.10 位移130 S型,,,1916T4003,,,S1,QA3,件,45,Kg,
CSS01162,恒力吊架组件,SX A101.10 位移135 S型,,,1916T4003,,,S1,QA3,件,45,Kg,
CSS01163,恒力吊架组件,SX A101.10 位移140 S型,,,1916T4003,,,S1,QA3,件,45,Kg,
CSS01164,恒力吊架组件,SX A101.10 位移145 S型,,,1916T4003,,,S1,QA3,件,45,Kg,
CSS01165,恒力吊架组件,SX A101.10 位移150 S型,,,1916T4003,,,S1,QA3,件,45,Kg,
CSS01166,恒力吊架组件,SX A101.10 位移155 S型,,,1916T4003,,,S1,QA3,件,45,Kg,
CSS01167,恒力吊架组件,SX A101.10 位移160 S型,,,1916T4003,,,S1,QA3,件,45,Kg,
CSS01168,恒力吊架组件,SX A101.10 位移165 S型,,,1916T4003,,,S1,QA3,件,45,Kg,
CSS01169,恒力吊架组件,SX A101.10 位移170 S型,,,1916T4003,,,S1,QA3,件,45,Kg,
CSS01170,恒力吊架组件,SX A101.10 位移175 S型,,,1916T4003,,,S1,QA3,件,45,Kg,
CSS01171,恒力吊架组件,SX A101.10 位移180 S型,,,1916T4003,,,S1,QA3,件,45,Kg,
CSS01172,恒力吊架组件,SX A101.10 位移185 S型,,,1916T4003,,,S1,QA3,件,45,Kg,
CSS01173,恒力吊架组件,SX A101.10 位移190 S型,,,1916T4003,,,S1,QA3,件,45,Kg,
CSS01174,恒力吊架组件,SX A101.10 位移195 S型,,,1916T4003,,,S1,QA3,件,45,Kg,
CSS01175,恒力吊架组件,SX A101.10 位移200 S型,,,1916T4003,,,S1,QA3,件,45,Kg,
CSS01176,恒力吊架组件,SX A101.10 位移205 S型,,,1916T4003,,,S1,QA3,件,45,Kg,
CSS01177,恒力吊架组件,SX A101.10 位移210 S型,,,1916T4003,,,S1,QA3,件,45,Kg,
CSS01178,恒力吊架组件,SX A101.10 位移215 S型,,,1916T4003,,,S1,QA3,件,45,Kg,
CSS01179,恒力吊架组件,SX A101.10 位移220 S型,,,1916T4003,,,S1,QA3,件,45,Kg,
CSS01180,恒力吊架组件,SX A101.10 位移225 S型,,,1916T4003,,,S1,QA3,件,45,Kg,
CSS01181,恒力吊架组件,SX A101.10 位移230 S型,,,1916T4003,,,S1,QA3,件,45,Kg,
CSS01182,恒力吊架组件,SX A101.10 位移235 S型,,,1916T4003,,,S1,QA3,件,45,Kg,
CSS01183,恒力吊架组件,SX A101.10 位移240 S型,,,1916T4003,,,S1,QA3,件,45,Kg,
CSS01184,恒力吊架组件,SX A101.10 位移245 S型,,,1916T4003,,,S1,QA3,件,45,Kg,
CSS01185,恒力吊架组件,SX A101.10 位移250 S型,,,1916T4003,,,S1,QA3,件,45,Kg,
CSS01186,恒力吊架组件,SX A150.5 位移120 S型,,,1916T4003,,,S1,QA3,件,150,Kg,
CSS01187,恒力吊架组件,SX A150.5 位移125 S型,,,1916T4003,,,S1,QA3,件,150,Kg,
CSS01188,恒力吊架组件,SX A150.5 位移130 S型,,,1916T4003,,,S1,QA3,件,150,Kg,
CSS01189,恒力吊架组件,SX A150.5 位移135 S型,,,1916T4003,,,S1,QA3,件,150,Kg,
CSS01190,恒力吊架组件,SX A150.5 位移140 S型,,,1916T4003,,,S1,QA3,件,150,Kg,
CSS01191,恒力吊架组件,SX A150.5 位移145 S型,,,1916T4003,,,S1,QA3,件,150,Kg,
CSS01192,恒力吊架组件,SX A150.5 位移150 S型,,,1916T4003,,,S1,QA3,件,150,Kg,
CSS01193,恒力吊架组件,SX A150.5 位移155 S型,,,1916T4003,,,S1,QA3,件,150,Kg,
CSS01194,恒力吊架组件,SX A150.5 位移160 S型,,,1916T4003,,,S1,QA3,件,150,Kg,
CSS01195,恒力吊架组件,SX A150.5 位移165 S型,,,1916T4003,,,S1,QA3,件,150,Kg,
CSS01196,恒力吊架组件,SX A150.5 位移170 S型,,,1916T4003,,,S1,QA3,件,150,Kg,
CSS01197,恒力吊架组件,SX A150.5 位移175 S型,,,1916T4003,,,S1,QA3,件,150,Kg,
CSS01198,恒力吊架组件,SX A150.5 位移180 S型,,,1916T4003,,,S1,QA3,件,150,Kg,
CSS01199,恒力吊架组件,SX A150.5 位移185 S型,,,1916T4003,,,S1,QA3,件,150,Kg,
CSS01200,恒力吊架组件,SX A150.5 位移190 S型,,,1916T4003,,,S1,QA3,件,150,Kg,
CSS01201,恒力吊架组件,SX A150.5 位移195 S型,,,1916T4003,,,S1,QA3,件,150,Kg,
CSS01202,恒力吊架组件,SX A150.5 位移200 S型,,,1916T4003,,,S1,QA3,件,150,Kg,
CSS01203,恒力吊架组件,SX A150.5 位移205 S型,,,1916T4003,,,S1,QA3,件,150,Kg,
CSS01204,恒力吊架组件,SX A150.5 位移210 S型,,,1916T4003,,,S1,QA3,件,150,Kg,
CSS01205,恒力吊架组件,SX A150.5 位移215 S型,,,1916T4003,,,S1,QA3,件,150,Kg,
CSS01206,恒力吊架组件,SX A150.5 位移220 S型,,,1916T4003,,,S1,QA3,件,150,Kg,
CSS01207,恒力吊架组件,SX A150.5 位移225 S型,,,1916T4003,,,S1,QA3,件,150,Kg,
CSS01208,恒力吊架组件,SX A150.5 位移230 S型,,,1916T4003,,,S1,QA3,件,150,Kg,
CSS01209,恒力吊架组件,SX A150.5 位移235 S型,,,1916T4003,,,S1,QA3,件,150,Kg,
CSS01210,恒力吊架组件,SX A150.5 位移240 S型,,,1916T4003,,,S1,QA3,件,150,Kg,
CSS01211,恒力吊架组件,SX A150.5 位移245 S型,,,1916T4003,,,S1,QA3,件,150,Kg,
CSS01212,恒力吊架组件,SX A150.5 位移250 S型,,,1916T4003,,,S1,QA3,件,150,Kg,
CSS01213,恒力吊架组件,SX A150.5 位移255 S型,,,1916T4003,,,S1,QA3,件,150,Kg,
CSS01214,恒力吊架组件,SX A150.5 位移260 S型,,,1916T4003,,,S1,QA3,件,150,Kg,
CSS01215,恒力吊架组件,SX A150.5 位移265 S型,,,1916T4003,,,S1,QA3,件,150,Kg,
CSS01216,恒力吊架组件,SX A150.5 位移270 S型,,,1916T4003,,,S1,QA3,件,150,Kg,
CSS01217,恒力吊架组件,SX A150.5 位移275 S型,,,1916T4003,,,S1,QA3,件,150,Kg,
CSS01218,恒力吊架组件,SX A150.5 位移280 S型,,,1916T4003,,,S1,QA3,件,150,Kg,
CSS01219,恒力吊架组件,SX A150.5 位移285 S型,,,1916T4003,,,S1,QA3,件,150,Kg,
CSS01220,恒力吊架组件,SX A150.5 位移290 S型,,,1916T4003,,,S1,QA3,件,150,Kg,
CSS01221,恒力吊架组件,SX A150.5 位移295 S型,,,1916T4003,,,S1,QA3,件,150,Kg,
CSS01222,恒力吊架组件,SX A150.5 位移300 S型,,,1916T4003,,,S1,QA3,件,150,Kg,
CSS01223,恒力吊架组件,SX A150.10 位移120 S型,,,1916T4003,,,S1,QA3,件,150,Kg,
CSS01224,恒力吊架组件,SX A150.10 位移125 S型,,,1916T4003,,,S1,QA3,件,150,Kg,
CSS01225,恒力吊架组件,SX A150.10 位移130 S型,,,1916T4003,,,S1,QA3,件,150,Kg,
CSS01226,恒力吊架组件,SX A150.10 位移135 S型,,,1916T4003,,,S1,QA3,件,150,Kg,
CSS01227,恒力吊架组件,SX A150.10 位移140 S型,,,1916T4003,,,S1,QA3,件,150,Kg,
CSS01228,恒力吊架组件,SX A150.10 位移145 S型,,,1916T4003,,,S1,QA3,件,150,Kg,
CSS01229,恒力吊架组件,SX A150.10 位移150 S型,,,1916T4003,,,S1,QA3,件,150,Kg,
CSS01230,恒力吊架组件,SX A150.10 位移155 S型,,,1916T4003,,,S1,QA3,件,150,Kg,
CSS01231,恒力吊架组件,SX A150.10 位移160 S型,,,1916T4003,,,S1,QA3,件,150,Kg,
CSS01232,恒力吊架组件,SX A150.10 位移165 S型,,,1916T4003,,,S1,QA3,件,150,Kg,
CSS01233,恒力吊架组件,SX A150.10 位移170 S型,,,1916T4003,,,S1,QA3,件,150,Kg,
CSS01234,恒力吊架组件,SX A150.10 位移175 S型,,,1916T4003,,,S1,QA3,件,150,Kg,
CSS01235,恒力吊架组件,SX A150.10 位移180 S型,,,1916T4003,,,S1,QA3,件,150,Kg,
CSS01236,恒力吊架组件,SX A150.10 位移185 S型,,,1916T4003,,,S1,QA3,件,150,Kg,
CSS01237,恒力吊架组件,SX A150.10 位移190 S型,,,1916T4003,,,S1,QA3,件,150,Kg,
CSS01238,恒力吊架组件,SX A150.10 位移195 S型,,,1916T4003,,,S1,QA3,件,150,Kg,
CSS01239,恒力吊架组件,SX A150.10 位移200 S型,,,1916T4003,,,S1,QA3,件,150,Kg,
CSS01240,恒力吊架组件,SX A150.10 位移205 S型,,,1916T4003,,,S1,QA3,件,150,Kg,
CSS01241,恒力吊架组件,SX A150.10 位移210 S型,,,1916T4003,,,S1,QA3,件,150,Kg,
CSS01242,恒力吊架组件,SX A150.10 位移215 S型,,,1916T4003,,,S1,QA3,件,150,Kg,
CSS01243,恒力吊架组件,SX A150.10 位移220 S型,,,1916T4003,,,S1,QA3,件,150,Kg,
CSS01244,恒力吊架组件,SX A150.10 位移225 S型,,,1916T4003,,,S1,QA3,件,150,Kg,
CSS01245,恒力吊架组件,SX A150.10 位移230 S型,,,1916T4003,,,S1,QA3,件,150,Kg,
CSS01246,恒力吊架组件,SX A150.10 位移235 S型,,,1916T4003,,,S1,QA3,件,150,Kg,
CSS01247,恒力吊架组件,SX A150.10 位移240 S型,,,1916T4003,,,S1,QA3,件,150,Kg,
CSS01248,恒力吊架组件,SX A150.10 位移245 S型,,,1916T4003,,,S1,QA3,件,150,Kg,
CSS01249,恒力吊架组件,SX A150.10 位移250 S型,,,1916T4003,,,S1,QA3,件,150,Kg,
CSS01250,恒力吊架组件,SX A150.10 位移255 S型,,,1916T4003,,,S1,QA3,件,150,Kg,
CSS01251,恒力吊架组件,SX A150.10 位移260 S型,,,1916T4003,,,S1,QA3,件,150,Kg,
CSS01252,恒力吊架组件,SX A150.10 位移265 S型,,,1916T4003,,,S1,QA3,件,150,Kg,
CSS01253,恒力吊架组件,SX A150.10 位移270 S型,,,1916T4003,,,S1,QA3,件,150,Kg,
CSS01254,恒力吊架组件,SX A150.10 位移275 S型,,,1916T4003,,,S1,QA3,件,150,Kg,
CSS01255,恒力吊架组件,SX A150.10 位移280 S型,,,1916T4003,,,S1,QA3,件,150,Kg,
CSS01256,恒力吊架组件,SX A150.10 位移285 S型,,,1916T4003,,,S1,QA3,件,150,Kg,
CSS01257,恒力吊架组件,SX A150.10 位移290 S型,,,1916T4003,,,S1,QA3,件,150,Kg,
CSS01258,恒力吊架组件,SX A150.10 位移295 S型,,,1916T4003,,,S1,QA3,件,150,Kg,
CSS01259,恒力吊架组件,SX A150.10 位移300 S型,,,1916T4003,,,S1,QA3,件,150,Kg,
CSS01260,恒力吊架组件,SX A150.15 位移120 S型,,,1916T4003,,,S1,QA3,件,150,Kg,
CSS01261,恒力吊架组件,SX A150.15 位移125 S型,,,1916T4003,,,S1,QA3,件,150,Kg,
CSS01262,恒力吊架组件,SX A150.15 位移130 S型,,,1916T4003,,,S1,QA3,件,150,Kg,
CSS01263,恒力吊架组件,SX A150.15 位移135 S型,,,1916T4003,,,S1,QA3,件,150,Kg,
CSS01264,恒力吊架组件,SX A150.15 位移140 S型,,,1916T4003,,,S1,QA3,件,150,Kg,
CSS01265,恒力吊架组件,SX A150.15 位移145 S型,,,1916T4003,,,S1,QA3,件,150,Kg,
CSS01266,恒力吊架组件,SX A150.15 位移150 S型,,,1916T4003,,,S1,QA3,件,150,Kg,
CSS01267,恒力吊架组件,SX A150.15 位移155 S型,,,1916T4003,,,S1,QA3,件,150,Kg,
CSS01268,恒力吊架组件,SX A150.15 位移160 S型,,,1916T4003,,,S1,QA3,件,150,Kg,
CSS01269,恒力吊架组件,SX A150.15 位移165 S型,,,1916T4003,,,S1,QA3,件,150,Kg,
CSS01270,恒力吊架组件,SX A150.15 位移170 S型,,,1916T4003,,,S1,QA3,件,150,Kg,
CSS01271,恒力吊架组件,SX A150.15 位移175 S型,,,1916T4003,,,S1,QA3,件,150,Kg,
CSS01272,恒力吊架组件,SX A150.15 位移180 S型,,,1916T4003,,,S1,QA3,件,150,Kg,
CSS01273,恒力吊架组件,SX A150.15 位移185 S型,,,1916T4003,,,S1,QA3,件,150,Kg,
CSS01274,恒力吊架组件,SX A150.15 位移190 S型,,,1916T4003,,,S1,QA3,件,150,Kg,
CSS01275,恒力吊架组件,SX A150.15 位移195 S型,,,1916T4003,,,S1,QA3,件,150,Kg,
CSS01276,恒力吊架组件,SX A150.15 位移200 S型,,,1916T4003,,,S1,QA3,件,150,Kg,
CSS01277,恒力吊架组件,SX A150.15 位移205 S型,,,1916T4003,,,S1,QA3,件,150,Kg,
CSS01278,恒力吊架组件,SX A150.15 位移210 S型,,,1916T4003,,,S1,QA3,件,150,Kg,
CSS01279,恒力吊架组件,SX A150.15 位移215 S型,,,1916T4003,,,S1,QA3,件,150,Kg,
CSS01280,恒力吊架组件,SX A150.15 位移220 S型,,,1916T4003,,,S1,QA3,件,150,Kg,
CSS01281,恒力吊架组件,SX A150.15 位移225 S型,,,1916T4003,,,S1,QA3,件,150,Kg,
CSS01282,恒力吊架组件,SX A150.15 位移230 S型,,,1916T4003,,,S1,QA3,件,150,Kg,
CSS01283,恒力吊架组件,SX A150.15 位移235 S型,,,1916T4003,,,S1,QA3,件,150,Kg,
CSS01284,恒力吊架组件,SX A150.15 位移240 S型,,,1916T4003,,,S1,QA3,件,150,Kg,
CSS01285,恒力吊架组件,SX A150.15 位移245 S型,,,1916T4003,,,S1,QA3,件,150,Kg,
CSS01286,恒力吊架组件,SX A150.15 位移250 S型,,,1916T4003,,,S1,QA3,件,150,Kg,
CSS01287,恒力吊架组件,SX A150.15 位移255 S型,,,1916T4003,,,S1,QA3,件,150,Kg,
CSS01288,恒力吊架组件,SX A150.15 位移260 S型,,,1916T4003,,,S1,QA3,件,150,Kg,
CSS01289,恒力吊架组件,SX A150.15 位移265 S型,,,1916T4003,,,S1,QA3,件,150,Kg,
CSS01290,恒力吊架组件,SX A150.15 位移270 S型,,,1916T4003,,,S1,QA3,件,150,Kg,
CSS01291,恒力吊架组件,SX A150.15 位移275 S型,,,1916T4003,,,S1,QA3,件,150,Kg,
CSS01292,恒力吊架组件,SX A150.15 位移280 S型,,,1916T4003,,,S1,QA3,件,150,Kg,
CSS01293,恒力吊架组件,SX A150.15 位移285 S型,,,1916T4003,,,S1,QA3,件,150,Kg,
CSS01294,恒力吊架组件,SX A150.15 位移290 S型,,,1916T4003,,,S1,QA3,件,150,Kg,
CSS01295,恒力吊架组件,SX A150.15 位移295 S型,,,1916T4003,,,S1,QA3,件,150,Kg,
CSS01296,恒力吊架组件,SX A150.15 位移300 S型,,,1916T4003,,,S1,QA3,件,150,Kg,
CSS01297,恒力吊架组件,SX A150.20 位移120 S型,,,1916T4003,,,S1,QA3,件,150,Kg,
CSS01298,恒力吊架组件,SX A150.20 位移125 S型,,,1916T4003,,,S1,QA3,件,150,Kg,
CSS01299,恒力吊架组件,SX A150.20 位移130 S型,,,1916T4003,,,S1,QA3,件,150,Kg,
CSS01300,恒力吊架组件,SX A150.20 位移135 S型,,,1916T4003,,,S1,QA3,件,150,Kg,
CSS01301,恒力吊架组件,SX A150.20 位移140 S型,,,1916T4003,,,S1,QA3,件,150,Kg,
CSS01302,恒力吊架组件,SX A150.20 位移145 S型,,,1916T4003,,,S1,QA3,件,150,Kg,
CSS01303,恒力吊架组件,SX A150.20 位移150 S型,,,1916T4003,,,S1,QA3,件,150,Kg,
CSS01304,恒力吊架组件,SX A150.20 位移155 S型,,,1916T4003,,,S1,QA3,件,150,Kg,
CSS01305,恒力吊架组件,SX A150.20 位移160 S型,,,1916T4003,,,S1,QA3,件,150,Kg,
CSS01306,恒力吊架组件,SX A150.20 位移165 S型,,,1916T4003,,,S1,QA3,件,150,Kg,
CSS01307,恒力吊架组件,SX A150.20 位移170 S型,,,1916T4003,,,S1,QA3,件,150,Kg,
CSS01308,恒力吊架组件,SX A150.20 位移175 S型,,,1916T4003,,,S1,QA3,件,150,Kg,
CSS01309,恒力吊架组件,SX A150.20 位移180 S型,,,1916T4003,,,S1,QA3,件,150,Kg,
CSS01310,恒力吊架组件,SX A150.20 位移185 S型,,,1916T4003,,,S1,QA3,件,150,Kg,
CSS01311,恒力吊架组件,SX A150.20 位移190 S型,,,1916T4003,,,S1,QA3,件,150,Kg,
CSS01312,恒力吊架组件,SX A150.20 位移195 S型,,,1916T4003,,,S1,QA3,件,150,Kg,
CSS01313,恒力吊架组件,SX A150.20 位移200 S型,,,1916T4003,,,S1,QA3,件,150,Kg,
CSS01314,恒力吊架组件,SX A150.20 位移205 S型,,,1916T4003,,,S1,QA3,件,150,Kg,
CSS01315,恒力吊架组件,SX A150.20 位移210 S型,,,1916T4003,,,S1,QA3,件,150,Kg,
CSS01316,恒力吊架组件,SX A150.20 位移215 S型,,,1916T4003,,,S1,QA3,件,150,Kg,
CSS01317,恒力吊架组件,SX A150.20 位移220 S型,,,1916T4003,,,S1,QA3,件,150,Kg,
CSS01318,恒力吊架组件,SX A150.20 位移225 S型,,,1916T4003,,,S1,QA3,件,150,Kg,
CSS01319,恒力吊架组件,SX A150.20 位移230 S型,,,1916T4003,,,S1,QA3,件,150,Kg,
CSS01320,恒力吊架组件,SX A150.20 位移235 S型,,,1916T4003,,,S1,QA3,件,150,Kg,
CSS01321,恒力吊架组件,SX A150.20 位移240 S型,,,1916T4003,,,S1,QA3,件,150,Kg,
CSS01322,恒力吊架组件,SX A150.20 位移245 S型,,,1916T4003,,,S1,QA3,件,150,Kg,
CSS01323,恒力吊架组件,SX A150.20 位移250 S型,,,1916T4003,,,S1,QA3,件,150,Kg,
CSS01324,恒力吊架组件,SX A150.20 位移255 S型,,,1916T4003,,,S1,QA3,件,150,Kg,
CSS01325,恒力吊架组件,SX A150.20 位移260 S型,,,1916T4003,,,S1,QA3,件,150,Kg,
CSS01326,恒力吊架组件,SX A150.20 位移265 S型,,,1916T4003,,,S1,QA3,件,150,Kg,
CSS01327,恒力吊架组件,SX A150.20 位移270 S型,,,1916T4003,,,S1,QA3,件,150,Kg,
CSS01328,恒力吊架组件,SX A150.20 位移275 S型,,,1916T4003,,,S1,QA3,件,150,Kg,
CSS01329,恒力吊架组件,SX A150.20 位移280 S型,,,1916T4003,,,S1,QA3,件,150,Kg,
CSS01330,恒力吊架组件,SX A150.20 位移285 S型,,,1916T4003,,,S1,QA3,件,150,Kg,
CSS01331,恒力吊架组件,SX A150.20 位移290 S型,,,1916T4003,,,S1,QA3,件,150,Kg,
CSS01332,恒力吊架组件,SX A150.20 位移295 S型,,,1916T4003,,,S1,QA3,件,150,Kg,
CSS01333,恒力吊架组件,SX A150.20 位移300 S型,,,1916T4003,,,S1,QA3,件,150,Kg,
CSS01334,恒力吊架组件,SX A150.25 位移120 S型,,,1916T4003,,,S1,QA3,件,150,Kg,
CSS01335,恒力吊架组件,SX A150.25 位移125 S型,,,1916T4003,,,S1,QA3,件,150,Kg,
CSS01336,恒力吊架组件,SX A150.25 位移130 S型,,,1916T4003,,,S1,QA3,件,150,Kg,
CSS01337,恒力吊架组件,SX A150.25 位移135 S型,,,1916T4003,,,S1,QA3,件,150,Kg,
CSS01338,恒力吊架组件,SX A150.25 位移140 S型,,,1916T4003,,,S1,QA3,件,150,Kg,
CSS01339,恒力吊架组件,SX A150.25 位移145 S型,,,1916T4003,,,S1,QA3,件,150,Kg,
CSS01340,恒力吊架组件,SX A150.25 位移150 S型,,,1916T4003,,,S1,QA3,件,150,Kg,
CSS01341,恒力吊架组件,SX A150.25 位移155 S型,,,1916T4003,,,S1,QA3,件,150,Kg,
CSS01342,恒力吊架组件,SX A150.25 位移160 S型,,,1916T4003,,,S1,QA3,件,150,Kg,
CSS01343,恒力吊架组件,SX A150.25 位移165 S型,,,1916T4003,,,S1,QA3,件,150,Kg,
CSS01344,恒力吊架组件,SX A150.25 位移170 S型,,,1916T4003,,,S1,QA3,件,150,Kg,
CSS01345,恒力吊架组件,SX A150.25 位移175 S型,,,1916T4003,,,S1,QA3,件,150,Kg,
CSS01346,恒力吊架组件,SX A150.25 位移180 S型,,,1916T4003,,,S1,QA3,件,150,Kg,
CSS01347,恒力吊架组件,SX A150.25 位移185 S型,,,1916T4003,,,S1,QA3,件,150,Kg,
CSS01348,恒力吊架组件,SX A150.25 位移190 S型,,,1916T4003,,,S1,QA3,件,150,Kg,
CSS01349,恒力吊架组件,SX A150.25 位移195 S型,,,1916T4003,,,S1,QA3,件,150,Kg,
CSS01350,恒力吊架组件,SX A150.25 位移200 S型,,,1916T4003,,,S1,QA3,件,150,Kg,
CSS01351,恒力吊架组件,SX A150.25 位移205 S型,,,1916T4003,,,S1,QA3,件,150,Kg,
CSS01352,恒力吊架组件,SX A150.25 位移210 S型,,,1916T4003,,,S1,QA3,件,150,Kg,
CSS01353,恒力吊架组件,SX A150.25 位移215 S型,,,1916T4003,,,S1,QA3,件,150,Kg,
CSS01354,恒力吊架组件,SX A150.25 位移220 S型,,,1916T4003,,,S1,QA3,件,150,Kg,
CSS01355,恒力吊架组件,SX A150.25 位移225 S型,,,1916T4003,,,S1,QA3,件,150,Kg,
CSS01356,恒力吊架组件,SX A150.25 位移230 S型,,,1916T4003,,,S1,QA3,件,150,Kg,
CSS01357,恒力吊架组件,SX A150.25 位移235 S型,,,1916T4003,,,S1,QA3,件,150,Kg,
CSS01358,恒力吊架组件,SX A150.25 位移240 S型,,,1916T4003,,,S1,QA3,件,150,Kg,
CSS01359,恒力吊架组件,SX A150.25 位移245 S型,,,1916T4003,,,S1,QA3,件,150,Kg,
CSS01360,恒力吊架组件,SX A150.25 位移250 S型,,,1916T4003,,,S1,QA3,件,150,Kg,
CSS01361,恒力吊架组件,SX A150.25 位移255 S型,,,1916T4003,,,S1,QA3,件,150,Kg,
CSS01362,恒力吊架组件,SX A150.25 位移260 S型,,,1916T4003,,,S1,QA3,件,150,Kg,
CSS01363,恒力吊架组件,SX A150.25 位移265 S型,,,1916T4003,,,S1,QA3,件,150,Kg,
CSS01364,恒力吊架组件,SX A150.25 位移270 S型,,,1916T4003,,,S1,QA3,件,150,Kg,
CSS01365,恒力吊架组件,SX A150.25 位移275 S型,,,1916T4003,,,S1,QA3,件,150,Kg,
CSS01366,恒力吊架组件,SX A150.25 位移280 S型,,,1916T4003,,,S1,QA3,件,150,Kg,
CSS01367,恒力吊架组件,SX A150.25 位移285 S型,,,1916T4003,,,S1,QA3,件,150,Kg,
CSS01368,恒力吊架组件,SX A150.25 位移290 S型,,,1916T4003,,,S1,QA3,件,150,Kg,
CSS01369,恒力吊架组件,SX A150.25 位移295 S型,,,1916T4003,,,S1,QA3,件,150,Kg,
CSS01370,恒力吊架组件,SX A150.25 位移300 S型,,,1916T4003,,,S1,QA3,件,150,Kg,
CSS01371,恒力吊架组件,SX A150.30 位移120 S型,,,1916T4003,,,S1,QA3,件,150,Kg,
CSS01372,恒力吊架组件,SX A150.30 位移125 S型,,,1916T4003,,,S1,QA3,件,150,Kg,
CSS01373,恒力吊架组件,SX A150.30 位移130 S型,,,1916T4003,,,S1,QA3,件,150,Kg,
CSS01374,恒力吊架组件,SX A150.30 位移135 S型,,,1916T4003,,,S1,QA3,件,150,Kg,
CSS01375,恒力吊架组件,SX A150.30 位移140 S型,,,1916T4003,,,S1,QA3,件,150,Kg,
CSS01376,恒力吊架组件,SX A150.30 位移145 S型,,,1916T4003,,,S1,QA3,件,150,Kg,
CSS01377,恒力吊架组件,SX A150.30 位移150 S型,,,1916T4003,,,S1,QA3,件,150,Kg,
CSS01378,恒力吊架组件,SX A150.30 位移155 S型,,,1916T4003,,,S1,QA3,件,150,Kg,
CSS01379,恒力吊架组件,SX A150.30 位移160 S型,,,1916T4003,,,S1,QA3,件,150,Kg,
CSS01380,恒力吊架组件,SX A150.30 位移165 S型,,,1916T4003,,,S1,QA3,件,150,Kg,
CSS01381,恒力吊架组件,SX A150.30 位移170 S型,,,1916T4003,,,S1,QA3,件,150,Kg,
CSS01382,恒力吊架组件,SX A150.30 位移175 S型,,,1916T4003,,,S1,QA3,件,150,Kg,
CSS01383,恒力吊架组件,SX A150.30 位移180 S型,,,1916T4003,,,S1,QA3,件,150,Kg,
CSS01384,恒力吊架组件,SX A150.30 位移185 S型,,,1916T4003,,,S1,QA3,件,150,Kg,
CSS01385,恒力吊架组件,SX A150.30 位移190 S型,,,1916T4003,,,S1,QA3,件,150,Kg,
CSS01386,恒力吊架组件,SX A150.30 位移195 S型,,,1916T4003,,,S1,QA3,件,150,Kg,
CSS01387,恒力吊架组件,SX A150.30 位移200 S型,,,1916T4003,,,S1,QA3,件,150,Kg,
CSS01388,恒力吊架组件,SX A150.30 位移205 S型,,,1916T4003,,,S1,QA3,件,150,Kg,
CSS01389,恒力吊架组件,SX A150.30 位移210 S型,,,1916T4003,,,S1,QA3,件,150,Kg,
CSS01390,恒力吊架组件,SX A150.30 位移215 S型,,,1916T4003,,,S1,QA3,件,150,Kg,
CSS01391,恒力吊架组件,SX A150.30 位移220 S型,,,1916T4003,,,S1,QA3,件,150,Kg,
CSS01392,恒力吊架组件,SX A150.30 位移225 S型,,,1916T4003,,,S1,QA3,件,150,Kg,
CSS01393,恒力吊架组件,SX A150.30 位移230 S型,,,1916T4003,,,S1,QA3,件,150,Kg,
CSS01394,恒力吊架组件,SX A150.30 位移235 S型,,,1916T4003,,,S1,QA3,件,150,Kg,
CSS01395,恒力吊架组件,SX A150.30 位移240 S型,,,1916T4003,,,S1,QA3,件,150,Kg,
CSS01396,恒力吊架组件,SX A150.30 位移245 S型,,,1916T4003,,,S1,QA3,件,150,Kg,
CSS01397,恒力吊架组件,SX A150.30 位移250 S型,,,1916T4003,,,S1,QA3,件,150,Kg,
CSS01398,恒力吊架组件,SX A150.30 位移255 S型,,,1916T4003,,,S1,QA3,件,150,Kg,
CSS01399,恒力吊架组件,SX A150.30 位移260 S型,,,1916T4003,,,S1,QA3,件,150,Kg,
CSS01400,恒力吊架组件,SX A150.30 位移265 S型,,,1916T4003,,,S1,QA3,件,150,Kg,
CSS01401,恒力吊架组件,SX A150.30 位移270 S型,,,1916T4003,,,S1,QA3,件,150,Kg,
CSS01402,恒力吊架组件,SX A150.30 位移275 S型,,,1916T4003,,,S1,QA3,件,150,Kg,
CSS01403,恒力吊架组件,SX A150.30 位移280 S型,,,1916T4003,,,S1,QA3,件,150,Kg,
CSS01404,恒力吊架组件,SX A150.30 位移285 S型,,,1916T4003,,,S1,QA3,件,150,Kg,
CSS01405,恒力吊架组件,SX A150.30 位移290 S型,,,1916T4003,,,S1,QA3,件,150,Kg,
CSS01406,恒力吊架组件,SX A150.30 位移295 S型,,,1916T4003,,,S1,QA3,件,150,Kg,
CSS01407,恒力吊架组件,SX A150.30 位移300 S型,,,1916T4003,,,S1,QA3,件,150,Kg,
CSS01408,恒力吊架组件,SX A200.15 位移150 S型,,,1916T4003,,,S1,QA3,件,250,Kg,
CSS01409,恒力吊架组件,SX A200.15 位移155 S型,,,1916T4003,,,S1,QA3,件,250,Kg,
CSS01410,恒力吊架组件,SX A200.15 位移160 S型,,,1916T4003,,,S1,QA3,件,250,Kg,
CSS01411,恒力吊架组件,SX A200.15 位移165 S型,,,1916T4003,,,S1,QA3,件,250,Kg,
CSS01412,恒力吊架组件,SX A200.15 位移170 S型,,,1916T4003,,,S1,QA3,件,250,Kg,
CSS01413,恒力吊架组件,SX A200.15 位移175 S型,,,1916T4003,,,S1,QA3,件,250,Kg,
CSS01414,恒力吊架组件,SX A200.15 位移180 S型,,,1916T4003,,,S1,QA3,件,250,Kg,
CSS01415,恒力吊架组件,SX A200.15 位移185 S型,,,1916T4003,,,S1,QA3,件,250,Kg,
CSS01416,恒力吊架组件,SX A200.15 位移190 S型,,,1916T4003,,,S1,QA3,件,250,Kg,
CSS01417,恒力吊架组件,SX A200.15 位移195 S型,,,1916T4003,,,S1,QA3,件,250,Kg,
CSS01418,恒力吊架组件,SX A200.15 位移200 S型,,,1916T4003,,,S1,QA3,件,250,Kg,
CSS01419,恒力吊架组件,SX A200.15 位移205 S型,,,1916T4003,,,S1,QA3,件,250,Kg,
CSS01420,恒力吊架组件,SX A200.15 位移210 S型,,,1916T4003,,,S1,QA3,件,250,Kg,
CSS01421,恒力吊架组件,SX A200.15 位移215 S型,,,1916T4003,,,S1,QA3,件,250,Kg,
CSS01422,恒力吊架组件,SX A200.15 位移220 S型,,,1916T4003,,,S1,QA3,件,250,Kg,
CSS01423,恒力吊架组件,SX A200.15 位移225 S型,,,1916T4003,,,S1,QA3,件,250,Kg,
CSS01424,恒力吊架组件,SX A200.15 位移230 S型,,,1916T4003,,,S1,QA3,件,250,Kg,
CSS01425,恒力吊架组件,SX A200.15 位移235 S型,,,1916T4003,,,S1,QA3,件,250,Kg,
CSS01426,恒力吊架组件,SX A200.15 位移240 S型,,,1916T4003,,,S1,QA3,件,250,Kg,
CSS01427,恒力吊架组件,SX A200.15 位移245 S型,,,1916T4003,,,S1,QA3,件,250,Kg,
CSS01428,恒力吊架组件,SX A200.15 位移250 S型,,,1916T4003,,,S1,QA3,件,250,Kg,
CSS01429,恒力吊架组件,SX A200.15 位移255 S型,,,1916T4003,,,S1,QA3,件,250,Kg,
CSS01430,恒力吊架组件,SX A200.15 位移260 S型,,,1916T4003,,,S1,QA3,件,250,Kg,
CSS01431,恒力吊架组件,SX A200.15 位移265 S型,,,1916T4003,,,S1,QA3,件,250,Kg,
CSS01432,恒力吊架组件,SX A200.15 位移270 S型,,,1916T4003,,,S1,QA3,件,250,Kg,
CSS01433,恒力吊架组件,SX A200.15 位移275 S型,,,1916T4003,,,S1,QA3,件,250,Kg,
CSS01434,恒力吊架组件,SX A200.15 位移280 S型,,,1916T4003,,,S1,QA3,件,250,Kg,
CSS01435,恒力吊架组件,SX A200.15 位移285 S型,,,1916T4003,,,S1,QA3,件,250,Kg,
CSS01436,恒力吊架组件,SX A200.15 位移290 S型,,,1916T4003,,,S1,QA3,件,250,Kg,
CSS01437,恒力吊架组件,SX A200.15 位移295 S型,,,1916T4003,,,S1,QA3,件,250,Kg,
CSS01438,恒力吊架组件,SX A200.15 位移300 S型,,,1916T4003,,,S1,QA3,件,250,Kg,
CSS01439,恒力吊架组件,SX A200.15 位移305 S型,,,1916T4003,,,S1,QA3,件,250,Kg,
CSS01440,恒力吊架组件,SX A200.15 位移310 S型,,,1916T4003,,,S1,QA3,件,250,Kg,
CSS01441,恒力吊架组件,SX A200.15 位移315 S型,,,1916T4003,,,S1,QA3,件,250,Kg,
CSS01442,恒力吊架组件,SX A200.15 位移320 S型,,,1916T4003,,,S1,QA3,件,250,Kg,
CSS01443,恒力吊架组件,SX A200.15 位移325 S型,,,1916T4003,,,S1,QA3,件,250,Kg,
CSS01444,恒力吊架组件,SX A200.15 位移330 S型,,,1916T4003,,,S1,QA3,件,250,Kg,
CSS01445,恒力吊架组件,SX A200.20 位移150 S型,,,1916T4003,,,S1,QA3,件,250,Kg,
CSS01446,恒力吊架组件,SX A200.20 位移155 S型,,,1916T4003,,,S1,QA3,件,250,Kg,
CSS01447,恒力吊架组件,SX A200.20 位移160 S型,,,1916T4003,,,S1,QA3,件,250,Kg,
CSS01448,恒力吊架组件,SX A200.20 位移165 S型,,,1916T4003,,,S1,QA3,件,250,Kg,
CSS01449,恒力吊架组件,SX A200.20 位移170 S型,,,1916T4003,,,S1,QA3,件,250,Kg,
CSS01450,恒力吊架组件,SX A200.20 位移175 S型,,,1916T4003,,,S1,QA3,件,250,Kg,
CSS01451,恒力吊架组件,SX A200.20 位移180 S型,,,1916T4003,,,S1,QA3,件,250,Kg,
CSS01452,恒力吊架组件,SX A200.20 位移185 S型,,,1916T4003,,,S1,QA3,件,250,Kg,
CSS01453,恒力吊架组件,SX A200.20 位移190 S型,,,1916T4003,,,S1,QA3,件,250,Kg,
CSS01454,恒力吊架组件,SX A200.20 位移195 S型,,,1916T4003,,,S1,QA3,件,250,Kg,
CSS01455,恒力吊架组件,SX A200.20 位移200 S型,,,1916T4003,,,S1,QA3,件,250,Kg,
CSS01456,恒力吊架组件,SX A200.20 位移205 S型,,,1916T4003,,,S1,QA3,件,250,Kg,
CSS01457,恒力吊架组件,SX A200.20 位移210 S型,,,1916T4003,,,S1,QA3,件,250,Kg,
CSS01458,恒力吊架组件,SX A200.20 位移215 S型,,,1916T4003,,,S1,QA3,件,250,Kg,
CSS01459,恒力吊架组件,SX A200.20 位移220 S型,,,1916T4003,,,S1,QA3,件,250,Kg,
CSS01460,恒力吊架组件,SX A200.20 位移225 S型,,,1916T4003,,,S1,QA3,件,250,Kg,
CSS01461,恒力吊架组件,SX A200.20 位移230 S型,,,1916T4003,,,S1,QA3,件,250,Kg,
CSS01462,恒力吊架组件,SX A200.20 位移235 S型,,,1916T4003,,,S1,QA3,件,250,Kg,
CSS01463,恒力吊架组件,SX A200.20 位移240 S型,,,1916T4003,,,S1,QA3,件,250,Kg,
CSS01464,恒力吊架组件,SX A200.20 位移245 S型,,,1916T4003,,,S1,QA3,件,250,Kg,
CSS01465,恒力吊架组件,SX A200.20 位移250 S型,,,1916T4003,,,S1,QA3,件,250,Kg,
CSS01466,恒力吊架组件,SX A200.20 位移255 S型,,,1916T4003,,,S1,QA3,件,250,Kg,
CSS01467,恒力吊架组件,SX A200.20 位移260 S型,,,1916T4003,,,S1,QA3,件,250,Kg,
CSS01468,恒力吊架组件,SX A200.20 位移265 S型,,,1916T4003,,,S1,QA3,件,250,Kg,
CSS01469,恒力吊架组件,SX A200.20 位移270 S型,,,1916T4003,,,S1,QA3,件,250,Kg,
CSS01470,恒力吊架组件,SX A200.20 位移275 S型,,,1916T4003,,,S1,QA3,件,250,Kg,
CSS01471,恒力吊架组件,SX A200.20 位移280 S型,,,1916T4003,,,S1,QA3,件,250,Kg,
CSS01472,恒力吊架组件,SX A200.20 位移285 S型,,,1916T4003,,,S1,QA3,件,250,Kg,
CSS01473,恒力吊架组件,SX A200.20 位移290 S型,,,1916T4003,,,S1,QA3,件,250,Kg,
CSS01474,恒力吊架组件,SX A200.20 位移295 S型,,,1916T4003,,,S1,QA3,件,250,Kg,
CSS01475,恒力吊架组件,SX A200.20 位移300 S型,,,1916T4003,,,S1,QA3,件,250,Kg,
CSS01476,恒力吊架组件,SX A200.20 位移305 S型,,,1916T4003,,,S1,QA3,件,250,Kg,
CSS01477,恒力吊架组件,SX A200.20 位移310 S型,,,1916T4003,,,S1,QA3,件,250,Kg,
CSS01478,恒力吊架组件,SX A200.20 位移315 S型,,,1916T4003,,,S1,QA3,件,250,Kg,
CSS01479,恒力吊架组件,SX A200.20 位移320 S型,,,1916T4003,,,S1,QA3,件,250,Kg,
CSS01480,恒力吊架组件,SX A200.20 位移325 S型,,,1916T4003,,,S1,QA3,件,250,Kg,
CSS01481,恒力吊架组件,SX A200.20 位移330 S型,,,1916T4003,,,S1,QA3,件,250,Kg,
CSS01482,恒力吊架组件,SX A200.25 位移150 S型,,,1916T4003,,,S1,QA3,件,250,Kg,
CSS01483,恒力吊架组件,SX A200.25 位移155 S型,,,1916T4003,,,S1,QA3,件,250,Kg,
CSS01484,恒力吊架组件,SX A200.25 位移160 S型,,,1916T4003,,,S1,QA3,件,250,Kg,
CSS01485,恒力吊架组件,SX A200.25 位移165 S型,,,1916T4003,,,S1,QA3,件,250,Kg,
CSS01486,恒力吊架组件,SX A200.25 位移170 S型,,,1916T4003,,,S1,QA3,件,250,Kg,
CSS01487,恒力吊架组件,SX A200.25 位移175 S型,,,1916T4003,,,S1,QA3,件,250,Kg,
CSS01488,恒力吊架组件,SX A200.25 位移180 S型,,,1916T4003,,,S1,QA3,件,250,Kg,
CSS01489,恒力吊架组件,SX A200.25 位移185 S型,,,1916T4003,,,S1,QA3,件,250,Kg,
CSS01490,恒力吊架组件,SX A200.25 位移190 S型,,,1916T4003,,,S1,QA3,件,250,Kg,
CSS01491,恒力吊架组件,SX A200.25 位移195 S型,,,1916T4003,,,S1,QA3,件,250,Kg,
CSS01492,恒力吊架组件,SX A200.25 位移200 S型,,,1916T4003,,,S1,QA3,件,250,Kg,
CSS01493,恒力吊架组件,SX A200.25 位移205 S型,,,1916T4003,,,S1,QA3,件,250,Kg,
CSS01494,恒力吊架组件,SX A200.25 位移210 S型,,,1916T4003,,,S1,QA3,件,250,Kg,
CSS01495,恒力吊架组件,SX A200.25 位移215 S型,,,1916T4003,,,S1,QA3,件,250,Kg,
CSS01496,恒力吊架组件,SX A200.25 位移220 S型,,,1916T4003,,,S1,QA3,件,250,Kg,
CSS01497,恒力吊架组件,SX A200.25 位移225 S型,,,1916T4003,,,S1,QA3,件,250,Kg,
CSS01498,恒力吊架组件,SX A200.25 位移230 S型,,,1916T4003,,,S1,QA3,件,250,Kg,
CSS01499,恒力吊架组件,SX A200.25 位移235 S型,,,1916T4003,,,S1,QA3,件,250,Kg,
CSS01500,恒力吊架组件,SX A200.25 位移240 S型,,,1916T4003,,,S1,QA3,件,250,Kg,
CSS01501,恒力吊架组件,SX A200.25 位移245 S型,,,1916T4003,,,S1,QA3,件,250,Kg,
CSS01502,恒力吊架组件,SX A200.25 位移250 S型,,,1916T4003,,,S1,QA3,件,250,Kg,
CSS01503,恒力吊架组件,SX A200.25 位移255 S型,,,1916T4003,,,S1,QA3,件,250,Kg,
CSS01504,恒力吊架组件,SX A200.25 位移260 S型,,,1916T4003,,,S1,QA3,件,250,Kg,
CSS01505,恒力吊架组件,SX A200.25 位移265 S型,,,1916T4003,,,S1,QA3,件,250,Kg,
CSS01506,恒力吊架组件,SX A200.25 位移270 S型,,,1916T4003,,,S1,QA3,件,250,Kg,
CSS01507,恒力吊架组件,SX A200.25 位移275 S型,,,1916T4003,,,S1,QA3,件,250,Kg,
CSS01508,恒力吊架组件,SX A200.25 位移280 S型,,,1916T4003,,,S1,QA3,件,250,Kg,
CSS01509,恒力吊架组件,SX A200.25 位移285 S型,,,1916T4003,,,S1,QA3,件,250,Kg,
CSS01510,恒力吊架组件,SX A200.25 位移290 S型,,,1916T4003,,,S1,QA3,件,250,Kg,
CSS01511,恒力吊架组件,SX A200.25 位移295 S型,,,1916T4003,,,S1,QA3,件,250,Kg,
CSS01512,恒力吊架组件,SX A200.25 位移300 S型,,,1916T4003,,,S1,QA3,件,250,Kg,
CSS01513,恒力吊架组件,SX A200.25 位移305 S型,,,1916T4003,,,S1,QA3,件,250,Kg,
CSS01514,恒力吊架组件,SX A200.25 位移310 S型,,,1916T4003,,,S1,QA3,件,250,Kg,
CSS01515,恒力吊架组件,SX A200.25 位移315 S型,,,1916T4003,,,S1,QA3,件,250,Kg,
CSS01516,恒力吊架组件,SX A200.25 位移320 S型,,,1916T4003,,,S1,QA3,件,250,Kg,
CSS01517,恒力吊架组件,SX A200.25 位移325 S型,,,1916T4003,,,S1,QA3,件,250,Kg,
CSS01518,恒力吊架组件,SX A200.25 位移330 S型,,,1916T4003,,,S1,QA3,件,250,Kg,
CSS01519,恒力吊架组件,SX A200.30 位移150 S型,,,1916T4003,,,S1,QA3,件,250,Kg,
CSS01520,恒力吊架组件,SX A200.30 位移155 S型,,,1916T4003,,,S1,QA3,件,250,Kg,
CSS01521,恒力吊架组件,SX A200.30 位移160 S型,,,1916T4003,,,S1,QA3,件,250,Kg,
CSS01522,恒力吊架组件,SX A200.30 位移165 S型,,,1916T4003,,,S1,QA3,件,250,Kg,
CSS01523,恒力吊架组件,SX A200.30 位移170 S型,,,1916T4003,,,S1,QA3,件,250,Kg,
CSS01524,恒力吊架组件,SX A200.30 位移175 S型,,,1916T4003,,,S1,QA3,件,250,Kg,
CSS01525,恒力吊架组件,SX A200.30 位移180 S型,,,1916T4003,,,S1,QA3,件,250,Kg,
CSS01526,恒力吊架组件,SX A200.30 位移185 S型,,,1916T4003,,,S1,QA3,件,250,Kg,
CSS01527,恒力吊架组件,SX A200.30 位移190 S型,,,1916T4003,,,S1,QA3,件,250,Kg,
CSS01528,恒力吊架组件,SX A200.30 位移195 S型,,,1916T4003,,,S1,QA3,件,250,Kg,
CSS01529,恒力吊架组件,SX A200.30 位移200 S型,,,1916T4003,,,S1,QA3,件,250,Kg,
CSS01530,恒力吊架组件,SX A200.30 位移205 S型,,,1916T4003,,,S1,QA3,件,250,Kg,
CSS01531,恒力吊架组件,SX A200.30 位移210 S型,,,1916T4003,,,S1,QA3,件,250,Kg,
CSS01532,恒力吊架组件,SX A200.30 位移215 S型,,,1916T4003,,,S1,QA3,件,250,Kg,
CSS01533,恒力吊架组件,SX A200.30 位移220 S型,,,1916T4003,,,S1,QA3,件,250,Kg,
CSS01534,恒力吊架组件,SX A200.30 位移225 S型,,,1916T4003,,,S1,QA3,件,250,Kg,
CSS01535,恒力吊架组件,SX A200.30 位移230 S型,,,1916T4003,,,S1,QA3,件,250,Kg,
CSS01536,恒力吊架组件,SX A200.30 位移235 S型,,,1916T4003,,,S1,QA3,件,250,Kg,
CSS01537,恒力吊架组件,SX A200.30 位移240 S型,,,1916T4003,,,S1,QA3,件,250,Kg,
CSS01538,恒力吊架组件,SX A200.30 位移245 S型,,,1916T4003,,,S1,QA3,件,250,Kg,
CSS01539,恒力吊架组件,SX A200.30 位移250 S型,,,1916T4003,,,S1,QA3,件,250,Kg,
CSS01540,恒力吊架组件,SX A200.30 位移255 S型,,,1916T4003,,,S1,QA3,件,250,Kg,
CSS01541,恒力吊架组件,SX A200.30 位移260 S型,,,1916T4003,,,S1,QA3,件,250,Kg,
CSS01542,恒力吊架组件,SX A200.30 位移265 S型,,,1916T4003,,,S1,QA3,件,250,Kg,
CSS01543,恒力吊架组件,SX A200.30 位移270 S型,,,1916T4003,,,S1,QA3,件,250,Kg,
CSS01544,恒力吊架组件,SX A200.30 位移275 S型,,,1916T4003,,,S1,QA3,件,250,Kg,
CSS01545,恒力吊架组件,SX A200.30 位移280 S型,,,1916T4003,,,S1,QA3,件,250,Kg,
CSS01546,恒力吊架组件,SX A200.30 位移285 S型,,,1916T4003,,,S1,QA3,件,250,Kg,
CSS01547,恒力吊架组件,SX A200.30 位移290 S型,,,1916T4003,,,S1,QA3,件,250,Kg,
CSS01548,恒力吊架组件,SX A200.30 位移295 S型,,,1916T4003,,,S1,QA3,件,250,Kg,
CSS01549,恒力吊架组件,SX A200.30 位移300 S型,,,1916T4003,,,S1,QA3,件,250,Kg,
CSS01550,恒力吊架组件,SX A200.30 位移305 S型,,,1916T4003,,,S1,QA3,件,250,Kg,
CSS01551,恒力吊架组件,SX A200.30 位移310 S型,,,1916T4003,,,S1,QA3,件,250,Kg,
CSS01552,恒力吊架组件,SX A200.30 位移315 S型,,,1916T4003,,,S1,QA3,件,250,Kg,
CSS01553,恒力吊架组件,SX A200.30 位移320 S型,,,1916T4003,,,S1,QA3,件,250,Kg,
CSS01554,恒力吊架组件,SX A200.30 位移325 S型,,,1916T4003,,,S1,QA3,件,250,Kg,
CSS01555,恒力吊架组件,SX A200.30 位移330 S型,,,1916T4003,,,S1,QA3,件,250,Kg,
CSS01556,恒力吊架组件,SX A250.20 位移170 S型,,,1916T4003,,,S1,QA3,件,500,Kg,
CSS01557,恒力吊架组件,SX A250.20 位移175 S型,,,1916T4003,,,S1,QA3,件,500,Kg,
CSS01558,恒力吊架组件,SX A250.20 位移180 S型,,,1916T4003,,,S1,QA3,件,500,Kg,
CSS01559,恒力吊架组件,SX A250.20 位移185 S型,,,1916T4003,,,S1,QA3,件,500,Kg,
CSS01560,恒力吊架组件,SX A250.20 位移190 S型,,,1916T4003,,,S1,QA3,件,500,Kg,
CSS01561,恒力吊架组件,SX A250.20 位移195 S型,,,1916T4003,,,S1,QA3,件,500,Kg,
CSS01562,恒力吊架组件,SX A250.20 位移200 S型,,,1916T4003,,,S1,QA3,件,500,Kg,
CSS01563,恒力吊架组件,SX A250.20 位移205 S型,,,1916T4003,,,S1,QA3,件,500,Kg,
CSS01564,恒力吊架组件,SX A250.20 位移210 S型,,,1916T4003,,,S1,QA3,件,500,Kg,
CSS01565,恒力吊架组件,SX A250.20 位移215 S型,,,1916T4003,,,S1,QA3,件,500,Kg,
CSS01566,恒力吊架组件,SX A250.20 位移220 S型,,,1916T4003,,,S1,QA3,件,500,Kg,
CSS01567,恒力吊架组件,SX A250.20 位移225 S型,,,1916T4003,,,S1,QA3,件,500,Kg,
CSS01568,恒力吊架组件,SX A250.20 位移230 S型,,,1916T4003,,,S1,QA3,件,500,Kg,
CSS01569,恒力吊架组件,SX A250.20 位移235 S型,,,1916T4003,,,S1,QA3,件,500,Kg,
CSS01570,恒力吊架组件,SX A250.20 位移240 S型,,,1916T4003,,,S1,QA3,件,500,Kg,
CSS01571,恒力吊架组件,SX A250.20 位移245 S型,,,1916T4003,,,S1,QA3,件,500,Kg,
CSS01572,恒力吊架组件,SX A250.20 位移250 S型,,,1916T4003,,,S1,QA3,件,500,Kg,
CSS01573,恒力吊架组件,SX A250.20 位移255 S型,,,1916T4003,,,S1,QA3,件,500,Kg,
CSS01574,恒力吊架组件,SX A250.20 位移260 S型,,,1916T4003,,,S1,QA3,件,500,Kg,
CSS01575,恒力吊架组件,SX A250.20 位移265 S型,,,1916T4003,,,S1,QA3,件,500,Kg,
CSS01576,恒力吊架组件,SX A250.20 位移270 S型,,,1916T4003,,,S1,QA3,件,500,Kg,
CSS01577,恒力吊架组件,SX A250.20 位移275 S型,,,1916T4003,,,S1,QA3,件,500,Kg,
CSS01578,恒力吊架组件,SX A250.20 位移280 S型,,,1916T4003,,,S1,QA3,件,500,Kg,
CSS01579,恒力吊架组件,SX A250.20 位移285 S型,,,1916T4003,,,S1,QA3,件,500,Kg,
CSS01580,恒力吊架组件,SX A250.20 位移290 S型,,,1916T4003,,,S1,QA3,件,500,Kg,
CSS01581,恒力吊架组件,SX A250.20 位移295 S型,,,1916T4003,,,S1,QA3,件,500,Kg,
CSS01582,恒力吊架组件,SX A250.20 位移300 S型,,,1916T4003,,,S1,QA3,件,500,Kg,
CSS01583,恒力吊架组件,SX A250.20 位移305 S型,,,1916T4003,,,S1,QA3,件,500,Kg,
CSS01584,恒力吊架组件,SX A250.20 位移310 S型,,,1916T4003,,,S1,QA3,件,500,Kg,
CSS01585,恒力吊架组件,SX A250.20 位移315 S型,,,1916T4003,,,S1,QA3,件,500,Kg,
CSS01586,恒力吊架组件,SX A250.20 位移320 S型,,,1916T4003,,,S1,QA3,件,500,Kg,
CSS01587,恒力吊架组件,SX A250.20 位移325 S型,,,1916T4003,,,S1,QA3,件,500,Kg,
CSS01588,恒力吊架组件,SX A250.20 位移330 S型,,,1916T4003,,,S1,QA3,件,500,Kg,
CSS01589,恒力吊架组件,SX A250.20 位移335 S型,,,1916T4003,,,S1,QA3,件,500,Kg,
CSS01590,恒力吊架组件,SX A250.20 位移340 S型,,,1916T4003,,,S1,QA3,件,500,Kg,
CSS01591,恒力吊架组件,SX A250.20 位移345 S型,,,1916T4003,,,S1,QA3,件,500,Kg,
CSS01592,恒力吊架组件,SX A250.20 位移350 S型,,,1916T4003,,,S1,QA3,件,500,Kg,
CSS01593,恒力吊架组件,SX A250.25 位移170 S型,,,1916T4003,,,S1,QA3,件,500,Kg,
CSS01594,恒力吊架组件,SX A250.25 位移175 S型,,,1916T4003,,,S1,QA3,件,500,Kg,
CSS01595,恒力吊架组件,SX A250.25 位移180 S型,,,1916T4003,,,S1,QA3,件,500,Kg,
CSS01596,恒力吊架组件,SX A250.25 位移185 S型,,,1916T4003,,,S1,QA3,件,500,Kg,
CSS01597,恒力吊架组件,SX A250.25 位移190 S型,,,1916T4003,,,S1,QA3,件,500,Kg,
CSS01598,恒力吊架组件,SX A250.25 位移195 S型,,,1916T4003,,,S1,QA3,件,500,Kg,
CSS01599,恒力吊架组件,SX A250.25 位移200 S型,,,1916T4003,,,S1,QA3,件,500,Kg,
CSS01600,恒力吊架组件,SX A250.25 位移205 S型,,,1916T4003,,,S1,QA3,件,500,Kg,
CSS01601,恒力吊架组件,SX A250.25 位移210 S型,,,1916T4003,,,S1,QA3,件,500,Kg,
CSS01602,恒力吊架组件,SX A250.25 位移215 S型,,,1916T4003,,,S1,QA3,件,500,Kg,
CSS01603,恒力吊架组件,SX A250.25 位移220 S型,,,1916T4003,,,S1,QA3,件,500,Kg,
CSS01604,恒力吊架组件,SX A250.25 位移225 S型,,,1916T4003,,,S1,QA3,件,500,Kg,
CSS01605,恒力吊架组件,SX A250.25 位移230 S型,,,1916T4003,,,S1,QA3,件,500,Kg,
CSS01606,恒力吊架组件,SX A250.25 位移235 S型,,,1916T4003,,,S1,QA3,件,500,Kg,
CSS01607,恒力吊架组件,SX A250.25 位移240 S型,,,1916T4003,,,S1,QA3,件,500,Kg,
CSS01608,恒力吊架组件,SX A250.25 位移245 S型,,,1916T4003,,,S1,QA3,件,500,Kg,
CSS01609,恒力吊架组件,SX A250.25 位移250 S型,,,1916T4003,,,S1,QA3,件,500,Kg,
CSS01610,恒力吊架组件,SX A250.25 位移255 S型,,,1916T4003,,,S1,QA3,件,500,Kg,
CSS01611,恒力吊架组件,SX A250.25 位移260 S型,,,1916T4003,,,S1,QA3,件,500,Kg,
CSS01612,恒力吊架组件,SX A250.25 位移265 S型,,,1916T4003,,,S1,QA3,件,500,Kg,
CSS01613,恒力吊架组件,SX A250.25 位移270 S型,,,1916T4003,,,S1,QA3,件,500,Kg,
CSS01614,恒力吊架组件,SX A250.25 位移275 S型,,,1916T4003,,,S1,QA3,件,500,Kg,
CSS01615,恒力吊架组件,SX A250.25 位移280 S型,,,1916T4003,,,S1,QA3,件,500,Kg,
CSS01616,恒力吊架组件,SX A250.25 位移285 S型,,,1916T4003,,,S1,QA3,件,500,Kg,
CSS01617,恒力吊架组件,SX A250.25 位移290 S型,,,1916T4003,,,S1,QA3,件,500,Kg,
CSS01618,恒力吊架组件,SX A250.25 位移295 S型,,,1916T4003,,,S1,QA3,件,500,Kg,
CSS01619,恒力吊架组件,SX A250.25 位移300 S型,,,1916T4003,,,S1,QA3,件,500,Kg,
CSS01620,恒力吊架组件,SX A250.25 位移305 S型,,,1916T4003,,,S1,QA3,件,500,Kg,
CSS01621,恒力吊架组件,SX A250.25 位移310 S型,,,1916T4003,,,S1,QA3,件,500,Kg,
CSS01622,恒力吊架组件,SX A250.25 位移315 S型,,,1916T4003,,,S1,QA3,件,500,Kg,
CSS01623,恒力吊架组件,SX A250.25 位移320 S型,,,1916T4003,,,S1,QA3,件,500,Kg,
CSS01624,恒力吊架组件,SX A250.25 位移325 S型,,,1916T4003,,,S1,QA3,件,500,Kg,
CSS01625,恒力吊架组件,SX A250.25 位移330 S型,,,1916T4003,,,S1,QA3,件,500,Kg,
CSS01626,恒力吊架组件,SX A250.25 位移335 S型,,,1916T4003,,,S1,QA3,件,500,Kg,
CSS01627,恒力吊架组件,SX A250.25 位移340 S型,,,1916T4003,,,S1,QA3,件,500,Kg,
CSS01628,恒力吊架组件,SX A250.25 位移345 S型,,,1916T4003,,,S1,QA3,件,500,Kg,
CSS01629,恒力吊架组件,SX A250.25 位移350 S型,,,1916T4003,,,S1,QA3,件,500,Kg,
CSS01630,恒力吊架组件,SX A250.30 位移170 S型,,,1916T4003,,,S1,QA3,件,500,Kg,
CSS01631,恒力吊架组件,SX A250.30 位移175 S型,,,1916T4003,,,S1,QA3,件,500,Kg,
CSS01632,恒力吊架组件,SX A250.30 位移180 S型,,,1916T4003,,,S1,QA3,件,500,Kg,
CSS01633,恒力吊架组件,SX A250.30 位移185 S型,,,1916T4003,,,S1,QA3,件,500,Kg,
CSS01634,恒力吊架组件,SX A250.30 位移190 S型,,,1916T4003,,,S1,QA3,件,500,Kg,
CSS01635,恒力吊架组件,SX A250.30 位移195 S型,,,1916T4003,,,S1,QA3,件,500,Kg,
CSS01636,恒力吊架组件,SX A250.30 位移200 S型,,,1916T4003,,,S1,QA3,件,500,Kg,
CSS01637,恒力吊架组件,SX A250.30 位移205 S型,,,1916T4003,,,S1,QA3,件,500,Kg,
CSS01638,恒力吊架组件,SX A250.30 位移210 S型,,,1916T4003,,,S1,QA3,件,500,Kg,
CSS01639,恒力吊架组件,SX A250.30 位移215 S型,,,1916T4003,,,S1,QA3,件,500,Kg,
CSS01640,恒力吊架组件,SX A250.30 位移220 S型,,,1916T4003,,,S1,QA3,件,500,Kg,
CSS01641,恒力吊架组件,SX A250.30 位移225 S型,,,1916T4003,,,S1,QA3,件,500,Kg,
CSS01642,恒力吊架组件,SX A250.30 位移230 S型,,,1916T4003,,,S1,QA3,件,500,Kg,
CSS01643,恒力吊架组件,SX A250.30 位移235 S型,,,1916T4003,,,S1,QA3,件,500,Kg,
CSS01644,恒力吊架组件,SX A250.30 位移240 S型,,,1916T4003,,,S1,QA3,件,500,Kg,
CSS01645,恒力吊架组件,SX A250.30 位移245 S型,,,1916T4003,,,S1,QA3,件,500,Kg,
CSS01646,恒力吊架组件,SX A250.30 位移250 S型,,,1916T4003,,,S1,QA3,件,500,Kg,
CSS01647,恒力吊架组件,SX A250.30 位移255 S型,,,1916T4003,,,S1,QA3,件,500,Kg,
CSS01648,恒力吊架组件,SX A250.30 位移260 S型,,,1916T4003,,,S1,QA3,件,500,Kg,
CSS01649,恒力吊架组件,SX A250.30 位移265 S型,,,1916T4003,,,S1,QA3,件,500,Kg,
CSS01650,恒力吊架组件,SX A250.30 位移270 S型,,,1916T4003,,,S1,QA3,件,500,Kg,
CSS01651,恒力吊架组件,SX A250.30 位移275 S型,,,1916T4003,,,S1,QA3,件,500,Kg,
CSS01652,恒力吊架组件,SX A250.30 位移280 S型,,,1916T4003,,,S1,QA3,件,500,Kg,
CSS01653,恒力吊架组件,SX A250.30 位移285 S型,,,1916T4003,,,S1,QA3,件,500,Kg,
CSS01654,恒力吊架组件,SX A250.30 位移290 S型,,,1916T4003,,,S1,QA3,件,500,Kg,
CSS01655,恒力吊架组件,SX A250.30 位移295 S型,,,1916T4003,,,S1,QA3,件,500,Kg,
CSS01656,恒力吊架组件,SX A250.30 位移300 S型,,,1916T4003,,,S1,QA3,件,500,Kg,
CSS01657,恒力吊架组件,SX A250.30 位移305 S型,,,1916T4003,,,S1,QA3,件,500,Kg,
CSS01658,恒力吊架组件,SX A250.30 位移310 S型,,,1916T4003,,,S1,QA3,件,500,Kg,
CSS01659,恒力吊架组件,SX A250.30 位移315 S型,,,1916T4003,,,S1,QA3,件,500,Kg,
CSS01660,恒力吊架组件,SX A250.30 位移320 S型,,,1916T4003,,,S1,QA3,件,500,Kg,
CSS01661,恒力吊架组件,SX A250.30 位移325 S型,,,1916T4003,,,S1,QA3,件,500,Kg,
CSS01662,恒力吊架组件,SX A250.30 位移330 S型,,,1916T4003,,,S1,QA3,件,500,Kg,
CSS01663,恒力吊架组件,SX A250.30 位移335 S型,,,1916T4003,,,S1,QA3,件,500,Kg,
CSS01664,恒力吊架组件,SX A250.30 位移340 S型,,,1916T4003,,,S1,QA3,件,500,Kg,
CSS01665,恒力吊架组件,SX A250.30 位移345 S型,,,1916T4003,,,S1,QA3,件,500,Kg,
CSS01666,恒力吊架组件,SX A250.30 位移350 S型,,,1916T4003,,,S1,QA3,件,500,Kg,
CSS01667,恒力吊架组件,SX A250.35 位移190 S型,,,1916T4003,,,S1,QA3,件,500,Kg,
CSS01668,恒力吊架组件,SX A250.35 位移195 S型,,,1916T4003,,,S1,QA3,件,500,Kg,
CSS01669,恒力吊架组件,SX A250.35 位移200 S型,,,1916T4003,,,S1,QA3,件,500,Kg,
CSS01670,恒力吊架组件,SX A250.35 位移205 S型,,,1916T4003,,,S1,QA3,件,500,Kg,
CSS01671,恒力吊架组件,SX A250.35 位移210 S型,,,1916T4003,,,S1,QA3,件,500,Kg,
CSS01672,恒力吊架组件,SX A250.35 位移215 S型,,,1916T4003,,,S1,QA3,件,500,Kg,
CSS01673,恒力吊架组件,SX A250.35 位移220 S型,,,1916T4003,,,S1,QA3,件,500,Kg,
CSS01674,恒力吊架组件,SX A250.35 位移225 S型,,,1916T4003,,,S1,QA3,件,500,Kg,
CSS01675,恒力吊架组件,SX A250.35 位移230 S型,,,1916T4003,,,S1,QA3,件,500,Kg,
CSS01676,恒力吊架组件,SX A250.35 位移235 S型,,,1916T4003,,,S1,QA3,件,500,Kg,
CSS01677,恒力吊架组件,SX A250.35 位移240 S型,,,1916T4003,,,S1,QA3,件,500,Kg,
CSS01678,恒力吊架组件,SX A250.35 位移245 S型,,,1916T4003,,,S1,QA3,件,500,Kg,
CSS01679,恒力吊架组件,SX A250.35 位移250 S型,,,1916T4003,,,S1,QA3,件,500,Kg,
CSS01680,恒力吊架组件,SX A250.35 位移255 S型,,,1916T4003,,,S1,QA3,件,500,Kg,
CSS01681,恒力吊架组件,SX A250.35 位移260 S型,,,1916T4003,,,S1,QA3,件,500,Kg,
CSS01682,恒力吊架组件,SX A250.35 位移265 S型,,,1916T4003,,,S1,QA3,件,500,Kg,
CSS01683,恒力吊架组件,SX A250.35 位移270 S型,,,1916T4003,,,S1,QA3,件,500,Kg,
CSS01684,恒力吊架组件,SX A250.35 位移275 S型,,,1916T4003,,,S1,QA3,件,500,Kg,
CSS01685,恒力吊架组件,SX A250.35 位移280 S型,,,1916T4003,,,S1,QA3,件,500,Kg,
CSS01686,恒力吊架组件,SX A250.35 位移285 S型,,,1916T4003,,,S1,QA3,件,500,Kg,
CSS01687,恒力吊架组件,SX A250.35 位移290 S型,,,1916T4003,,,S1,QA3,件,500,Kg,
CSS01688,恒力吊架组件,SX A250.35 位移295 S型,,,1916T4003,,,S1,QA3,件,500,Kg,
CSS01689,恒力吊架组件,SX A250.35 位移300 S型,,,1916T4003,,,S1,QA3,件,500,Kg,
CSS01690,恒力吊架组件,SX A250.35 位移305 S型,,,1916T4003,,,S1,QA3,件,500,Kg,
CSS01691,恒力吊架组件,SX A250.35 位移310 S型,,,1916T4003,,,S1,QA3,件,500,Kg,
CSS01692,恒力吊架组件,SX A250.35 位移315 S型,,,1916T4003,,,S1,QA3,件,500,Kg,
CSS01693,恒力吊架组件,SX A250.35 位移320 S型,,,1916T4003,,,S1,QA3,件,500,Kg,
CSS01694,恒力吊架组件,SX A250.35 位移325 S型,,,1916T4003,,,S1,QA3,件,500,Kg,
CSS01695,恒力吊架组件,SX A250.35 位移330 S型,,,1916T4003,,,S1,QA3,件,500,Kg,
CSS01696,恒力吊架组件,SX A250.35 位移335 S型,,,1916T4003,,,S1,QA3,件,500,Kg,
CSS01697,恒力吊架组件,SX A250.35 位移340 S型,,,1916T4003,,,S1,QA3,件,500,Kg,
CSS01698,恒力吊架组件,SX A250.35 位移345 S型,,,1916T4003,,,S1,QA3,件,500,Kg,
CSS01699,恒力吊架组件,SX A250.35 位移350 S型,,,1916T4003,,,S1,QA3,件,500,Kg,
CSS01700,恒力吊架组件,SX A100.15 位移90 P型,,,1916T4003,,,S1,QA3,件,115,Kg,
CSS01701,恒力吊架组件,SX A100.15 位移95 P型,,,1916T4003,,,S1,QA3,件,115,Kg,
CSS01702,恒力吊架组件,SX A100.15 位移100 P型,,,1916T4003,,,S1,QA3,件,115,Kg,
CSS01703,恒力吊架组件,SX A100.15 位移105 P型,,,1916T4003,,,S1,QA3,件,115,Kg,
CSS01704,恒力吊架组件,SX A100.15 位移110 P型,,,1916T4003,,,S1,QA3,件,115,Kg,
CSS01705,恒力吊架组件,SX A100.15 位移115 P型,,,1916T4003,,,S1,QA3,件,115,Kg,
CSS01706,恒力吊架组件,SX A100.15 位移120 P型,,,1916T4003,,,S1,QA3,件,115,Kg,
CSS01707,恒力吊架组件,SX A100.15 位移125 P型,,,1916T4003,,,S1,QA3,件,115,Kg,
CSS01708,恒力吊架组件,SX A100.15 位移130 P型,,,1916T4003,,,S1,QA3,件,115,Kg,
CSS01709,恒力吊架组件,SX A100.15 位移135 P型,,,1916T4003,,,S1,QA3,件,115,Kg,
CSS01710,恒力吊架组件,SX A100.15 位移140 P型,,,1916T4003,,,S1,QA3,件,115,Kg,
CSS01711,恒力吊架组件,SX A100.15 位移145 P型,,,1916T4003,,,S1,QA3,件,115,Kg,
CSS01712,恒力吊架组件,SX A100.15 位移150 P型,,,1916T4003,,,S1,QA3,件,115,Kg,
CSS01713,恒力吊架组件,SX A100.15 位移155 P型,,,1916T4003,,,S1,QA3,件,115,Kg,
CSS01714,恒力吊架组件,SX A100.15 位移160 P型,,,1916T4003,,,S1,QA3,件,115,Kg,
CSS01715,恒力吊架组件,SX A100.15 位移165 P型,,,1916T4003,,,S1,QA3,件,115,Kg,
CSS01716,恒力吊架组件,SX A100.15 位移170 P型,,,1916T4003,,,S1,QA3,件,115,Kg,
CSS01717,恒力吊架组件,SX A100.15 位移175 P型,,,1916T4003,,,S1,QA3,件,115,Kg,
CSS01718,恒力吊架组件,SX A100.15 位移180 P型,,,1916T4003,,,S1,QA3,件,115,Kg,
CSS01719,恒力吊架组件,SX A100.15 位移185 P型,,,1916T4003,,,S1,QA3,件,115,Kg,
CSS01720,恒力吊架组件,SX A100.15 位移190 P型,,,1916T4003,,,S1,QA3,件,115,Kg,
CSS01721,恒力吊架组件,SX A100.15 位移195 P型,,,1916T4003,,,S1,QA3,件,115,Kg,
CSS01722,恒力吊架组件,SX A100.15 位移200 P型,,,1916T4003,,,S1,QA3,件,115,Kg,
CSS01723,恒力吊架组件,SX A100.15 位移205 P型,,,1916T4003,,,S1,QA3,件,115,Kg,
CSS01724,恒力吊架组件,SX A100.15 位移210 P型,,,1916T4003,,,S1,QA3,件,115,Kg,
CSS01725,恒力吊架组件,SX A100.15 位移215 P型,,,1916T4003,,,S1,QA3,件,115,Kg,
CSS01726,恒力吊架组件,SX A100.15 位移220 P型,,,1916T4003,,,S1,QA3,件,115,Kg,
CSS01727,恒力吊架组件,SX A100.15 位移225 P型,,,1916T4003,,,S1,QA3,件,115,Kg,
CSS01728,恒力吊架组件,SX A100.15 位移230 P型,,,1916T4003,,,S1,QA3,件,115,Kg,
CSS01729,恒力吊架组件,SX A100.15 位移235 P型,,,1916T4003,,,S1,QA3,件,115,Kg,
CSS01730,恒力吊架组件,SX A100.15 位移240 P型,,,1916T4003,,,S1,QA3,件,115,Kg,
CSS01731,恒力吊架组件,SX A100.15 位移245 P型,,,1916T4003,,,S1,QA3,件,115,Kg,
CSS01732,恒力吊架组件,SX A100.15 位移250 P型,,,1916T4003,,,S1,QA3,件,115,Kg,
CSS01733,恒力吊架组件,SX A100.20 位移90 P型,,,1916T4003,,,S1,QA3,件,115,Kg,
CSS01734,恒力吊架组件,SX A100.20 位移95 P型,,,1916T4003,,,S1,QA3,件,115,Kg,
CSS01735,恒力吊架组件,SX A100.20 位移100 P型,,,1916T4003,,,S1,QA3,件,115,Kg,
CSS01736,恒力吊架组件,SX A100.20 位移105 P型,,,1916T4003,,,S1,QA3,件,115,Kg,
CSS01737,恒力吊架组件,SX A100.20 位移110 P型,,,1916T4003,,,S1,QA3,件,115,Kg,
CSS01738,恒力吊架组件,SX A100.20 位移115 P型,,,1916T4003,,,S1,QA3,件,115,Kg,
CSS01739,恒力吊架组件,SX A100.20 位移120 P型,,,1916T4003,,,S1,QA3,件,115,Kg,
CSS01740,恒力吊架组件,SX A100.20 位移125 P型,,,1916T4003,,,S1,QA3,件,115,Kg,
CSS01741,恒力吊架组件,SX A100.20 位移130 P型,,,1916T4003,,,S1,QA3,件,115,Kg,
CSS01742,恒力吊架组件,SX A100.20 位移135 P型,,,1916T4003,,,S1,QA3,件,115,Kg,
CSS01743,恒力吊架组件,SX A100.20 位移140 P型,,,1916T4003,,,S1,QA3,件,115,Kg,
CSS01744,恒力吊架组件,SX A100.20 位移145 P型,,,1916T4003,,,S1,QA3,件,115,Kg,
CSS01745,恒力吊架组件,SX A100.20 位移150 P型,,,1916T4003,,,S1,QA3,件,115,Kg,
CSS01746,恒力吊架组件,SX A100.20 位移155 P型,,,1916T4003,,,S1,QA3,件,115,Kg,
CSS01747,恒力吊架组件,SX A100.20 位移160 P型,,,1916T4003,,,S1,QA3,件,115,Kg,
CSS01748,恒力吊架组件,SX A100.20 位移165 P型,,,1916T4003,,,S1,QA3,件,115,Kg,
CSS01749,恒力吊架组件,SX A100.20 位移170 P型,,,1916T4003,,,S1,QA3,件,115,Kg,
CSS01750,恒力吊架组件,SX A100.20 位移175 P型,,,1916T4003,,,S1,QA3,件,115,Kg,
CSS01751,恒力吊架组件,SX A100.20 位移180 P型,,,1916T4003,,,S1,QA3,件,115,Kg,
CSS01752,恒力吊架组件,SX A100.20 位移185 P型,,,1916T4003,,,S1,QA3,件,115,Kg,
CSS01753,恒力吊架组件,SX A100.20 位移190 P型,,,1916T4003,,,S1,QA3,件,115,Kg,
CSS01754,恒力吊架组件,SX A100.20 位移195 P型,,,1916T4003,,,S1,QA3,件,115,Kg,
CSS01755,恒力吊架组件,SX A100.20 位移200 P型,,,1916T4003,,,S1,QA3,件,115,Kg,
CSS01756,恒力吊架组件,SX A100.20 位移205 P型,,,1916T4003,,,S1,QA3,件,115,Kg,
CSS01757,恒力吊架组件,SX A100.20 位移210 P型,,,1916T4003,,,S1,QA3,件,115,Kg,
CSS01758,恒力吊架组件,SX A100.20 位移215 P型,,,1916T4003,,,S1,QA3,件,115,Kg,
CSS01759,恒力吊架组件,SX A100.20 位移220 P型,,,1916T4003,,,S1,QA3,件,115,Kg,
CSS01760,恒力吊架组件,SX A100.20 位移225 P型,,,1916T4003,,,S1,QA3,件,115,Kg,
CSS01761,恒力吊架组件,SX A100.20 位移230 P型,,,1916T4003,,,S1,QA3,件,115,Kg,
CSS01762,恒力吊架组件,SX A100.20 位移235 P型,,,1916T4003,,,S1,QA3,件,115,Kg,
CSS01763,恒力吊架组件,SX A100.20 位移240 P型,,,1916T4003,,,S1,QA3,件,115,Kg,
CSS01764,恒力吊架组件,SX A100.20 位移245 P型,,,1916T4003,,,S1,QA3,件,115,Kg,
CSS01765,恒力吊架组件,SX A100.20 位移250 P型,,,1916T4003,,,S1,QA3,件,115,Kg,
CSS01766,恒力吊架组件,SX A100.25 位移90 P型,,,1916T4003,,,S1,QA3,件,115,Kg,
CSS01767,恒力吊架组件,SX A100.25 位移95 P型,,,1916T4003,,,S1,QA3,件,115,Kg,
CSS01768,恒力吊架组件,SX A100.25 位移100 P型,,,1916T4003,,,S1,QA3,件,115,Kg,
CSS01769,恒力吊架组件,SX A100.25 位移105 P型,,,1916T4003,,,S1,QA3,件,115,Kg,
CSS01770,恒力吊架组件,SX A100.25 位移110 P型,,,1916T4003,,,S1,QA3,件,115,Kg,
CSS01771,恒力吊架组件,SX A100.25 位移115 P型,,,1916T4003,,,S1,QA3,件,115,Kg,
CSS01772,恒力吊架组件,SX A100.25 位移120 P型,,,1916T4003,,,S1,QA3,件,115,Kg,
CSS01773,恒力吊架组件,SX A100.25 位移125 P型,,,1916T4003,,,S1,QA3,件,115,Kg,
CSS01774,恒力吊架组件,SX A100.25 位移130 P型,,,1916T4003,,,S1,QA3,件,115,Kg,
CSS01775,恒力吊架组件,SX A100.25 位移135 P型,,,1916T4003,,,S1,QA3,件,115,Kg,
CSS01776,恒力吊架组件,SX A100.25 位移140 P型,,,1916T4003,,,S1,QA3,件,115,Kg,
CSS01777,恒力吊架组件,SX A100.25 位移145 P型,,,1916T4003,,,S1,QA3,件,115,Kg,
CSS01778,恒力吊架组件,SX A100.25 位移150 P型,,,1916T4003,,,S1,QA3,件,115,Kg,
CSS01779,恒力吊架组件,SX A100.25 位移155 P型,,,1916T4003,,,S1,QA3,件,115,Kg,
CSS01780,恒力吊架组件,SX A100.25 位移160 P型,,,1916T4003,,,S1,QA3,件,115,Kg,
CSS01781,恒力吊架组件,SX A100.25 位移165 P型,,,1916T4003,,,S1,QA3,件,115,Kg,
CSS01782,恒力吊架组件,SX A100.25 位移170 P型,,,1916T4003,,,S1,QA3,件,115,Kg,
CSS01783,恒力吊架组件,SX A100.25 位移175 P型,,,1916T4003,,,S1,QA3,件,115,Kg,
CSS01784,恒力吊架组件,SX A100.25 位移180 P型,,,1916T4003,,,S1,QA3,件,115,Kg,
CSS01785,恒力吊架组件,SX A100.25 位移185 P型,,,1916T4003,,,S1,QA3,件,115,Kg,
CSS01786,恒力吊架组件,SX A100.25 位移190 P型,,,1916T4003,,,S1,QA3,件,115,Kg,
CSS01787,恒力吊架组件,SX A100.25 位移195 P型,,,1916T4003,,,S1,QA3,件,115,Kg,
CSS01788,恒力吊架组件,SX A100.25 位移200 P型,,,1916T4003,,,S1,QA3,件,115,Kg,
CSS01789,恒力吊架组件,SX A100.25 位移205 P型,,,1916T4003,,,S1,QA3,件,115,Kg,
CSS01790,恒力吊架组件,SX A100.25 位移210 P型,,,1916T4003,,,S1,QA3,件,115,Kg,
CSS01791,恒力吊架组件,SX A100.25 位移215 P型,,,1916T4003,,,S1,QA3,件,115,Kg,
CSS01792,恒力吊架组件,SX A100.25 位移220 P型,,,1916T4003,,,S1,QA3,件,115,Kg,
CSS01793,恒力吊架组件,SX A100.25 位移225 P型,,,1916T4003,,,S1,QA3,件,115,Kg,
CSS01794,恒力吊架组件,SX A100.25 位移230 P型,,,1916T4003,,,S1,QA3,件,115,Kg,
CSS01795,恒力吊架组件,SX A100.25 位移235 P型,,,1916T4003,,,S1,QA3,件,115,Kg,
CSS01796,恒力吊架组件,SX A100.25 位移240 P型,,,1916T4003,,,S1,QA3,件,115,Kg,
CSS01797,恒力吊架组件,SX A100.25 位移245 P型,,,1916T4003,,,S1,QA3,件,115,Kg,
CSS01798,恒力吊架组件,SX A100.25 位移250 P型,,,1916T4003,,,S1,QA3,件,115,Kg,
CSS01799,恒力吊架组件,SX A100.30 位移90 P型,,,1916T4003,,,S1,QA3,件,115,Kg,
CSS01800,恒力吊架组件,SX A100.30 位移95 P型,,,1916T4003,,,S1,QA3,件,115,Kg,
CSS01801,恒力吊架组件,SX A100.30 位移100 P型,,,1916T4003,,,S1,QA3,件,115,Kg,
CSS01802,恒力吊架组件,SX A100.30 位移105 P型,,,1916T4003,,,S1,QA3,件,115,Kg,
CSS01803,恒力吊架组件,SX A100.30 位移110 P型,,,1916T4003,,,S1,QA3,件,115,Kg,
CSS01804,恒力吊架组件,SX A100.30 位移115 P型,,,1916T4003,,,S1,QA3,件,115,Kg,
CSS01805,恒力吊架组件,SX A100.30 位移120 P型,,,1916T4003,,,S1,QA3,件,115,Kg,
CSS01806,恒力吊架组件,SX A100.30 位移125 P型,,,1916T4003,,,S1,QA3,件,115,Kg,
CSS01807,恒力吊架组件,SX A100.30 位移130 P型,,,1916T4003,,,S1,QA3,件,115,Kg,
CSS01808,恒力吊架组件,SX A100.30 位移135 P型,,,1916T4003,,,S1,QA3,件,115,Kg,
CSS01809,恒力吊架组件,SX A100.30 位移140 P型,,,1916T4003,,,S1,QA3,件,115,Kg,
CSS01810,恒力吊架组件,SX A100.30 位移145 P型,,,1916T4003,,,S1,QA3,件,115,Kg,
CSS01811,恒力吊架组件,SX A100.30 位移150 P型,,,1916T4003,,,S1,QA3,件,115,Kg,
CSS01812,恒力吊架组件,SX A100.30 位移155 P型,,,1916T4003,,,S1,QA3,件,115,Kg,
CSS01813,恒力吊架组件,SX A100.30 位移160 P型,,,1916T4003,,,S1,QA3,件,115,Kg,
CSS01814,恒力吊架组件,SX A100.30 位移165 P型,,,1916T4003,,,S1,QA3,件,115,Kg,
CSS01815,恒力吊架组件,SX A100.30 位移170 P型,,,1916T4003,,,S1,QA3,件,115,Kg,
CSS01816,恒力吊架组件,SX A100.30 位移175 P型,,,1916T4003,,,S1,QA3,件,115,Kg,
CSS01817,恒力吊架组件,SX A100.30 位移180 P型,,,1916T4003,,,S1,QA3,件,115,Kg,
CSS01818,恒力吊架组件,SX A100.30 位移185 P型,,,1916T4003,,,S1,QA3,件,115,Kg,
CSS01819,恒力吊架组件,SX A100.30 位移190 P型,,,1916T4003,,,S1,QA3,件,115,Kg,
CSS01820,恒力吊架组件,SX A100.30 位移195 P型,,,1916T4003,,,S1,QA3,件,115,Kg,
CSS01821,恒力吊架组件,SX A100.30 位移200 P型,,,1916T4003,,,S1,QA3,件,115,Kg,
CSS01822,恒力吊架组件,SX A100.30 位移205 P型,,,1916T4003,,,S1,QA3,件,115,Kg,
CSS01823,恒力吊架组件,SX A100.30 位移210 P型,,,1916T4003,,,S1,QA3,件,115,Kg,
CSS01824,恒力吊架组件,SX A100.30 位移215 P型,,,1916T4003,,,S1,QA3,件,115,Kg,
CSS01825,恒力吊架组件,SX A100.30 位移220 P型,,,1916T4003,,,S1,QA3,件,115,Kg,
CSS01826,恒力吊架组件,SX A100.30 位移225 P型,,,1916T4003,,,S1,QA3,件,115,Kg,
CSS01827,恒力吊架组件,SX A100.30 位移230 P型,,,1916T4003,,,S1,QA3,件,115,Kg,
CSS01828,恒力吊架组件,SX A100.30 位移235 P型,,,1916T4003,,,S1,QA3,件,115,Kg,
CSS01829,恒力吊架组件,SX A100.30 位移240 P型,,,1916T4003,,,S1,QA3,件,115,Kg,
CSS01830,恒力吊架组件,SX A100.30 位移245 P型,,,1916T4003,,,S1,QA3,件,115,Kg,
CSS01831,恒力吊架组件,SX A100.30 位移250 P型,,,1916T4003,,,S1,QA3,件,115,Kg,
CSS01832,恒力吊架组件,SX A101.2.5 位移90 P型,,,1916T4003,,,S1,QA3,件,61,Kg,
CSS01833,恒力吊架组件,SX A101.2.5 位移95 P型,,,1916T4003,,,S1,QA3,件,61,Kg,
CSS01834,恒力吊架组件,SX A101.2.5 位移100 P型,,,1916T4003,,,S1,QA3,件,61,Kg,
CSS01835,恒力吊架组件,SX A101.2.5 位移105 P型,,,1916T4003,,,S1,QA3,件,61,Kg,
CSS01836,恒力吊架组件,SX A101.2.5 位移110 P型,,,1916T4003,,,S1,QA3,件,61,Kg,
CSS01837,恒力吊架组件,SX A101.2.5 位移115 P型,,,1916T4003,,,S1,QA3,件,61,Kg,
CSS01838,恒力吊架组件,SX A101.2.5 位移120 P型,,,1916T4003,,,S1,QA3,件,61,Kg,
CSS01839,恒力吊架组件,SX A101.2.5 位移125 P型,,,1916T4003,,,S1,QA3,件,61,Kg,
CSS01840,恒力吊架组件,SX A101.2.5 位移130 P型,,,1916T4003,,,S1,QA3,件,61,Kg,
CSS01841,恒力吊架组件,SX A101.2.5 位移135 P型,,,1916T4003,,,S1,QA3,件,61,Kg,
CSS01842,恒力吊架组件,SX A101.2.5 位移140 P型,,,1916T4003,,,S1,QA3,件,61,Kg,
CSS01843,恒力吊架组件,SX A101.2.5 位移145 P型,,,1916T4003,,,S1,QA3,件,61,Kg,
CSS01844,恒力吊架组件,SX A101.2.5 位移150 P型,,,1916T4003,,,S1,QA3,件,61,Kg,
CSS01845,恒力吊架组件,SX A101.2.5 位移155 P型,,,1916T4003,,,S1,QA3,件,61,Kg,
CSS01846,恒力吊架组件,SX A101.2.5 位移160 P型,,,1916T4003,,,S1,QA3,件,61,Kg,
CSS01847,恒力吊架组件,SX A101.2.5 位移165 P型,,,1916T4003,,,S1,QA3,件,61,Kg,
CSS01848,恒力吊架组件,SX A101.2.5 位移170 P型,,,1916T4003,,,S1,QA3,件,61,Kg,
CSS01849,恒力吊架组件,SX A101.2.5 位移175 P型,,,1916T4003,,,S1,QA3,件,61,Kg,
CSS01850,恒力吊架组件,SX A101.2.5 位移180 P型,,,1916T4003,,,S1,QA3,件,61,Kg,
CSS01851,恒力吊架组件,SX A101.2.5 位移185 P型,,,1916T4003,,,S1,QA3,件,61,Kg,
CSS01852,恒力吊架组件,SX A101.2.5 位移190 P型,,,1916T4003,,,S1,QA3,件,61,Kg,
CSS01853,恒力吊架组件,SX A101.2.5 位移195 P型,,,1916T4003,,,S1,QA3,件,61,Kg,
CSS01854,恒力吊架组件,SX A101.2.5 位移200 P型,,,1916T4003,,,S1,QA3,件,61,Kg,
CSS01855,恒力吊架组件,SX A101.2.5 位移205 P型,,,1916T4003,,,S1,QA3,件,61,Kg,
CSS01856,恒力吊架组件,SX A101.2.5 位移210 P型,,,1916T4003,,,S1,QA3,件,61,Kg,
CSS01857,恒力吊架组件,SX A101.2.5 位移215 P型,,,1916T4003,,,S1,QA3,件,61,Kg,
CSS01858,恒力吊架组件,SX A101.2.5 位移220 P型,,,1916T4003,,,S1,QA3,件,61,Kg,
CSS01859,恒力吊架组件,SX A101.2.5 位移225 P型,,,1916T4003,,,S1,QA3,件,61,Kg,
CSS01860,恒力吊架组件,SX A101.2.5 位移230 P型,,,1916T4003,,,S1,QA3,件,61,Kg,
CSS01861,恒力吊架组件,SX A101.2.5 位移235 P型,,,1916T4003,,,S1,QA3,件,61,Kg,
CSS01862,恒力吊架组件,SX A101.2.5 位移240 P型,,,1916T4003,,,S1,QA3,件,61,Kg,
CSS01863,恒力吊架组件,SX A101.2.5 位移245 P型,,,1916T4003,,,S1,QA3,件,61,Kg,
CSS01864,恒力吊架组件,SX A101.2.5 位移250 P型,,,1916T4003,,,S1,QA3,件,61,Kg,
CSS01865,恒力吊架组件,SX A101.5 位移90 P型,,,1916T4003,,,S1,QA3,件,61,Kg,
CSS01866,恒力吊架组件,SX A101.5 位移95 P型,,,1916T4003,,,S1,QA3,件,61,Kg,
CSS01867,恒力吊架组件,SX A101.5 位移100 P型,,,1916T4003,,,S1,QA3,件,61,Kg,
CSS01868,恒力吊架组件,SX A101.5 位移105 P型,,,1916T4003,,,S1,QA3,件,61,Kg,
CSS01869,恒力吊架组件,SX A101.5 位移110 P型,,,1916T4003,,,S1,QA3,件,61,Kg,
CSS01870,恒力吊架组件,SX A101.5 位移115 P型,,,1916T4003,,,S1,QA3,件,61,Kg,
CSS01871,恒力吊架组件,SX A101.5 位移120 P型,,,1916T4003,,,S1,QA3,件,61,Kg,
CSS01872,恒力吊架组件,SX A101.5 位移125 P型,,,1916T4003,,,S1,QA3,件,61,Kg,
CSS01873,恒力吊架组件,SX A101.5 位移130 P型,,,1916T4003,,,S1,QA3,件,61,Kg,
CSS01874,恒力吊架组件,SX A101.5 位移135 P型,,,1916T4003,,,S1,QA3,件,61,Kg,
CSS01875,恒力吊架组件,SX A101.5 位移140 P型,,,1916T4003,,,S1,QA3,件,61,Kg,
CSS01876,恒力吊架组件,SX A101.5 位移145 P型,,,1916T4003,,,S1,QA3,件,61,Kg,
CSS01877,恒力吊架组件,SX A101.5 位移150 P型,,,1916T4003,,,S1,QA3,件,61,Kg,
CSS01878,恒力吊架组件,SX A101.5 位移155 P型,,,1916T4003,,,S1,QA3,件,61,Kg,
CSS01879,恒力吊架组件,SX A101.5 位移160 P型,,,1916T4003,,,S1,QA3,件,61,Kg,
CSS01880,恒力吊架组件,SX A101.5 位移165 P型,,,1916T4003,,,S1,QA3,件,61,Kg,
CSS01881,恒力吊架组件,SX A101.5 位移170 P型,,,1916T4003,,,S1,QA3,件,61,Kg,
CSS01882,恒力吊架组件,SX A101.5 位移175 P型,,,1916T4003,,,S1,QA3,件,61,Kg,
CSS01883,恒力吊架组件,SX A101.5 位移180 P型,,,1916T4003,,,S1,QA3,件,61,Kg,
CSS01884,恒力吊架组件,SX A101.5 位移185 P型,,,1916T4003,,,S1,QA3,件,61,Kg,
CSS01885,恒力吊架组件,SX A101.5 位移190 P型,,,1916T4003,,,S1,QA3,件,61,Kg,
CSS01886,恒力吊架组件,SX A101.5 位移195 P型,,,1916T4003,,,S1,QA3,件,61,Kg,
CSS01887,恒力吊架组件,SX A101.5 位移200 P型,,,1916T4003,,,S1,QA3,件,61,Kg,
CSS01888,恒力吊架组件,SX A101.5 位移205 P型,,,1916T4003,,,S1,QA3,件,61,Kg,
CSS01889,恒力吊架组件,SX A101.5 位移210 P型,,,1916T4003,,,S1,QA3,件,61,Kg,
CSS01890,恒力吊架组件,SX A101.5 位移215 P型,,,1916T4003,,,S1,QA3,件,61,Kg,
CSS01891,恒力吊架组件,SX A101.5 位移220 P型,,,1916T4003,,,S1,QA3,件,61,Kg,
CSS01892,恒力吊架组件,SX A101.5 位移225 P型,,,1916T4003,,,S1,QA3,件,61,Kg,
CSS01893,恒力吊架组件,SX A101.5 位移230 P型,,,1916T4003,,,S1,QA3,件,61,Kg,
CSS01894,恒力吊架组件,SX A101.5 位移235 P型,,,1916T4003,,,S1,QA3,件,61,Kg,
CSS01895,恒力吊架组件,SX A101.5 位移240 P型,,,1916T4003,,,S1,QA3,件,61,Kg,
CSS01896,恒力吊架组件,SX A101.5 位移245 P型,,,1916T4003,,,S1,QA3,件,61,Kg,
CSS01897,恒力吊架组件,SX A101.5 位移250 P型,,,1916T4003,,,S1,QA3,件,61,Kg,
CSS01898,恒力吊架组件,SX A101.10 位移90 P型,,,1916T4003,,,S1,QA3,件,61,Kg,
CSS01899,恒力吊架组件,SX A101.10 位移95 P型,,,1916T4003,,,S1,QA3,件,61,Kg,
CSS01900,恒力吊架组件,SX A101.10 位移100 P型,,,1916T4003,,,S1,QA3,件,61,Kg,
CSS01901,恒力吊架组件,SX A101.10 位移105 P型,,,1916T4003,,,S1,QA3,件,61,Kg,
CSS01902,恒力吊架组件,SX A101.10 位移110 P型,,,1916T4003,,,S1,QA3,件,61,Kg,
CSS01903,恒力吊架组件,SX A101.10 位移115 P型,,,1916T4003,,,S1,QA3,件,61,Kg,
CSS01904,恒力吊架组件,SX A101.10 位移120 P型,,,1916T4003,,,S1,QA3,件,61,Kg,
CSS01905,恒力吊架组件,SX A101.10 位移125 P型,,,1916T4003,,,S1,QA3,件,61,Kg,
CSS01906,恒力吊架组件,SX A101.10 位移130 P型,,,1916T4003,,,S1,QA3,件,61,Kg,
CSS01907,恒力吊架组件,SX A101.10 位移135 P型,,,1916T4003,,,S1,QA3,件,61,Kg,
CSS01908,恒力吊架组件,SX A101.10 位移140 P型,,,1916T4003,,,S1,QA3,件,61,Kg,
CSS01909,恒力吊架组件,SX A101.10 位移145 P型,,,1916T4003,,,S1,QA3,件,61,Kg,
CSS01910,恒力吊架组件,SX A101.10 位移150 P型,,,1916T4003,,,S1,QA3,件,61,Kg,
CSS01911,恒力吊架组件,SX A101.10 位移155 P型,,,1916T4003,,,S1,QA3,件,61,Kg,
CSS01912,恒力吊架组件,SX A101.10 位移160 P型,,,1916T4003,,,S1,QA3,件,61,Kg,
CSS01913,恒力吊架组件,SX A101.10 位移165 P型,,,1916T4003,,,S1,QA3,件,61,Kg,
CSS01914,恒力吊架组件,SX A101.10 位移170 P型,,,1916T4003,,,S1,QA3,件,61,Kg,
CSS01915,恒力吊架组件,SX A101.10 位移175 P型,,,1916T4003,,,S1,QA3,件,61,Kg,
CSS01916,恒力吊架组件,SX A101.10 位移180 P型,,,1916T4003,,,S1,QA3,件,61,Kg,
CSS01917,恒力吊架组件,SX A101.10 位移185 P型,,,1916T4003,,,S1,QA3,件,61,Kg,
CSS01918,恒力吊架组件,SX A101.10 位移190 P型,,,1916T4003,,,S1,QA3,件,61,Kg,
CSS01919,恒力吊架组件,SX A101.10 位移195 P型,,,1916T4003,,,S1,QA3,件,61,Kg,
CSS01920,恒力吊架组件,SX A101.10 位移200 P型,,,1916T4003,,,S1,QA3,件,61,Kg,
CSS01921,恒力吊架组件,SX A101.10 位移205 P型,,,1916T4003,,,S1,QA3,件,61,Kg,
CSS01922,恒力吊架组件,SX A101.10 位移210 P型,,,1916T4003,,,S1,QA3,件,61,Kg,
CSS01923,恒力吊架组件,SX A101.10 位移215 P型,,,1916T4003,,,S1,QA3,件,61,Kg,
CSS01924,恒力吊架组件,SX A101.10 位移220 P型,,,1916T4003,,,S1,QA3,件,61,Kg,
CSS01925,恒力吊架组件,SX A101.10 位移225 P型,,,1916T4003,,,S1,QA3,件,61,Kg,
CSS01926,恒力吊架组件,SX A101.10 位移230 P型,,,1916T4003,,,S1,QA3,件,61,Kg,
CSS01927,恒力吊架组件,SX A101.10 位移235 P型,,,1916T4003,,,S1,QA3,件,61,Kg,
CSS01928,恒力吊架组件,SX A101.10 位移240 P型,,,1916T4003,,,S1,QA3,件,61,Kg,
CSS01929,恒力吊架组件,SX A101.10 位移245 P型,,,1916T4003,,,S1,QA3,件,61,Kg,
CSS01930,恒力吊架组件,SX A101.10 位移250 P型,,,1916T4003,,,S1,QA3,件,61,Kg,
CSS01931,恒力吊架组件,SX A150.5 位移120 P型,,,1916T4003,,,S1,QA3,件,190,Kg,
CSS01932,恒力吊架组件,SX A150.5 位移125 P型,,,1916T4003,,,S1,QA3,件,190,Kg,
CSS01933,恒力吊架组件,SX A150.5 位移130 P型,,,1916T4003,,,S1,QA3,件,190,Kg,
CSS01934,恒力吊架组件,SX A150.5 位移135 P型,,,1916T4003,,,S1,QA3,件,190,Kg,
CSS01935,恒力吊架组件,SX A150.5 位移140 P型,,,1916T4003,,,S1,QA3,件,190,Kg,
CSS01936,恒力吊架组件,SX A150.5 位移145 P型,,,1916T4003,,,S1,QA3,件,190,Kg,
CSS01937,恒力吊架组件,SX A150.5 位移150 P型,,,1916T4003,,,S1,QA3,件,190,Kg,
CSS01938,恒力吊架组件,SX A150.5 位移155 P型,,,1916T4003,,,S1,QA3,件,190,Kg,
CSS01939,恒力吊架组件,SX A150.5 位移160 P型,,,1916T4003,,,S1,QA3,件,190,Kg,
CSS01940,恒力吊架组件,SX A150.5 位移165 P型,,,1916T4003,,,S1,QA3,件,190,Kg,
CSS01941,恒力吊架组件,SX A150.5 位移170 P型,,,1916T4003,,,S1,QA3,件,190,Kg,
CSS01942,恒力吊架组件,SX A150.5 位移175 P型,,,1916T4003,,,S1,QA3,件,190,Kg,
CSS01943,恒力吊架组件,SX A150.5 位移180 P型,,,1916T4003,,,S1,QA3,件,190,Kg,
CSS01944,恒力吊架组件,SX A150.5 位移185 P型,,,1916T4003,,,S1,QA3,件,190,Kg,
CSS01945,恒力吊架组件,SX A150.5 位移190 P型,,,1916T4003,,,S1,QA3,件,190,Kg,
CSS01946,恒力吊架组件,SX A150.5 位移195 P型,,,1916T4003,,,S1,QA3,件,190,Kg,
CSS01947,恒力吊架组件,SX A150.5 位移200 P型,,,1916T4003,,,S1,QA3,件,190,Kg,
CSS01948,恒力吊架组件,SX A150.5 位移205 P型,,,1916T4003,,,S1,QA3,件,190,Kg,
CSS01949,恒力吊架组件,SX A150.5 位移210 P型,,,1916T4003,,,S1,QA3,件,190,Kg,
CSS01950,恒力吊架组件,SX A150.5 位移215 P型,,,1916T4003,,,S1,QA3,件,190,Kg,
CSS01951,恒力吊架组件,SX A150.5 位移220 P型,,,1916T4003,,,S1,QA3,件,190,Kg,
CSS01952,恒力吊架组件,SX A150.5 位移225 P型,,,1916T4003,,,S1,QA3,件,190,Kg,
CSS01953,恒力吊架组件,SX A150.5 位移230 P型,,,1916T4003,,,S1,QA3,件,190,Kg,
CSS01954,恒力吊架组件,SX A150.5 位移235 P型,,,1916T4003,,,S1,QA3,件,190,Kg,
CSS01955,恒力吊架组件,SX A150.5 位移240 P型,,,1916T4003,,,S1,QA3,件,190,Kg,
CSS01956,恒力吊架组件,SX A150.5 位移245 P型,,,1916T4003,,,S1,QA3,件,190,Kg,
CSS01957,恒力吊架组件,SX A150.5 位移250 P型,,,1916T4003,,,S1,QA3,件,190,Kg,
CSS01958,恒力吊架组件,SX A150.5 位移255 P型,,,1916T4003,,,S1,QA3,件,190,Kg,
CSS01959,恒力吊架组件,SX A150.5 位移260 P型,,,1916T4003,,,S1,QA3,件,190,Kg,
CSS01960,恒力吊架组件,SX A150.5 位移265 P型,,,1916T4003,,,S1,QA3,件,190,Kg,
CSS01961,恒力吊架组件,SX A150.5 位移270 P型,,,1916T4003,,,S1,QA3,件,190,Kg,
CSS01962,恒力吊架组件,SX A150.5 位移275 P型,,,1916T4003,,,S1,QA3,件,190,Kg,
CSS01963,恒力吊架组件,SX A150.5 位移280 P型,,,1916T4003,,,S1,QA3,件,190,Kg,
CSS01964,恒力吊架组件,SX A150.5 位移285 P型,,,1916T4003,,,S1,QA3,件,190,Kg,
CSS01965,恒力吊架组件,SX A150.5 位移290 P型,,,1916T4003,,,S1,QA3,件,190,Kg,
CSS01966,恒力吊架组件,SX A150.5 位移295 P型,,,1916T4003,,,S1,QA3,件,190,Kg,
CSS01967,恒力吊架组件,SX A150.5 位移300 P型,,,1916T4003,,,S1,QA3,件,190,Kg,
CSS01968,恒力吊架组件,SX A150.10 位移120 P型,,,1916T4003,,,S1,QA3,件,190,Kg,
CSS01969,恒力吊架组件,SX A150.10 位移125 P型,,,1916T4003,,,S1,QA3,件,190,Kg,
CSS01970,恒力吊架组件,SX A150.10 位移130 P型,,,1916T4003,,,S1,QA3,件,190,Kg,
CSS01971,恒力吊架组件,SX A150.10 位移135 P型,,,1916T4003,,,S1,QA3,件,190,Kg,
CSS01972,恒力吊架组件,SX A150.10 位移140 P型,,,1916T4003,,,S1,QA3,件,190,Kg,
CSS01973,恒力吊架组件,SX A150.10 位移145 P型,,,1916T4003,,,S1,QA3,件,190,Kg,
CSS01974,恒力吊架组件,SX A150.10 位移150 P型,,,1916T4003,,,S1,QA3,件,190,Kg,
CSS01975,恒力吊架组件,SX A150.10 位移155 P型,,,1916T4003,,,S1,QA3,件,190,Kg,
CSS01976,恒力吊架组件,SX A150.10 位移160 P型,,,1916T4003,,,S1,QA3,件,190,Kg,
CSS01977,恒力吊架组件,SX A150.10 位移165 P型,,,1916T4003,,,S1,QA3,件,190,Kg,
CSS01978,恒力吊架组件,SX A150.10 位移170 P型,,,1916T4003,,,S1,QA3,件,190,Kg,
CSS01979,恒力吊架组件,SX A150.10 位移175 P型,,,1916T4003,,,S1,QA3,件,190,Kg,
CSS01980,恒力吊架组件,SX A150.10 位移180 P型,,,1916T4003,,,S1,QA3,件,190,Kg,
CSS01981,恒力吊架组件,SX A150.10 位移185 P型,,,1916T4003,,,S1,QA3,件,190,Kg,
CSS01982,恒力吊架组件,SX A150.10 位移190 P型,,,1916T4003,,,S1,QA3,件,190,Kg,
CSS01983,恒力吊架组件,SX A150.10 位移195 P型,,,1916T4003,,,S1,QA3,件,190,Kg,
CSS01984,恒力吊架组件,SX A150.10 位移200 P型,,,1916T4003,,,S1,QA3,件,190,Kg,
CSS01985,恒力吊架组件,SX A150.10 位移205 P型,,,1916T4003,,,S1,QA3,件,190,Kg,
CSS01986,恒力吊架组件,SX A150.10 位移210 P型,,,1916T4003,,,S1,QA3,件,190,Kg,
CSS01987,恒力吊架组件,SX A150.10 位移215 P型,,,1916T4003,,,S1,QA3,件,190,Kg,
CSS01988,恒力吊架组件,SX A150.10 位移220 P型,,,1916T4003,,,S1,QA3,件,190,Kg,
CSS01989,恒力吊架组件,SX A150.10 位移225 P型,,,1916T4003,,,S1,QA3,件,190,Kg,
CSS01990,恒力吊架组件,SX A150.10 位移230 P型,,,1916T4003,,,S1,QA3,件,190,Kg,
CSS01991,恒力吊架组件,SX A150.10 位移235 P型,,,1916T4003,,,S1,QA3,件,190,Kg,
CSS01992,恒力吊架组件,SX A150.10 位移240 P型,,,1916T4003,,,S1,QA3,件,190,Kg,
CSS01993,恒力吊架组件,SX A150.10 位移245 P型,,,1916T4003,,,S1,QA3,件,190,Kg,
CSS01994,恒力吊架组件,SX A150.10 位移250 P型,,,1916T4003,,,S1,QA3,件,190,Kg,
CSS01995,恒力吊架组件,SX A150.10 位移255 P型,,,1916T4003,,,S1,QA3,件,190,Kg,
CSS01996,恒力吊架组件,SX A150.10 位移260 P型,,,1916T4003,,,S1,QA3,件,190,Kg,
CSS01997,恒力吊架组件,SX A150.10 位移265 P型,,,1916T4003,,,S1,QA3,件,190,Kg,
CSS01998,恒力吊架组件,SX A150.10 位移270 P型,,,1916T4003,,,S1,QA3,件,190,Kg,
CSS01999,恒力吊架组件,SX A150.10 位移275 P型,,,1916T4003,,,S1,QA3,件,190,Kg,
CSS02000,恒力吊架组件,SX A150.10 位移280 P型,,,1916T4003,,,S1,QA3,件,190,Kg,
CSS02001,恒力吊架组件,SX A150.10 位移285 P型,,,1916T4003,,,S1,QA3,件,190,Kg,
CSS02002,恒力吊架组件,SX A150.10 位移290 P型,,,1916T4003,,,S1,QA3,件,190,Kg,
CSS02003,恒力吊架组件,SX A150.10 位移295 P型,,,1916T4003,,,S1,QA3,件,190,Kg,
CSS02004,恒力吊架组件,SX A150.10 位移300 P型,,,1916T4003,,,S1,QA3,件,190,Kg,
CSS02005,恒力吊架组件,SX A150.15 位移120 P型,,,1916T4003,,,S1,QA3,件,190,Kg,
CSS02006,恒力吊架组件,SX A150.15 位移125 P型,,,1916T4003,,,S1,QA3,件,190,Kg,
CSS02007,恒力吊架组件,SX A150.15 位移130 P型,,,1916T4003,,,S1,QA3,件,190,Kg,
CSS02008,恒力吊架组件,SX A150.15 位移135 P型,,,1916T4003,,,S1,QA3,件,190,Kg,
CSS02009,恒力吊架组件,SX A150.15 位移140 P型,,,1916T4003,,,S1,QA3,件,190,Kg,
CSS02010,恒力吊架组件,SX A150.15 位移145 P型,,,1916T4003,,,S1,QA3,件,190,Kg,
CSS02011,恒力吊架组件,SX A150.15 位移150 P型,,,1916T4003,,,S1,QA3,件,190,Kg,
CSS02012,恒力吊架组件,SX A150.15 位移155 P型,,,1916T4003,,,S1,QA3,件,190,Kg,
CSS02013,恒力吊架组件,SX A150.15 位移160 P型,,,1916T4003,,,S1,QA3,件,190,Kg,
CSS02014,恒力吊架组件,SX A150.15 位移165 P型,,,1916T4003,,,S1,QA3,件,190,Kg,
CSS02015,恒力吊架组件,SX A150.15 位移170 P型,,,1916T4003,,,S1,QA3,件,190,Kg,
CSS02016,恒力吊架组件,SX A150.15 位移175 P型,,,1916T4003,,,S1,QA3,件,190,Kg,
CSS02017,恒力吊架组件,SX A150.15 位移180 P型,,,1916T4003,,,S1,QA3,件,190,Kg,
CSS02018,恒力吊架组件,SX A150.15 位移185 P型,,,1916T4003,,,S1,QA3,件,190,Kg,
CSS02019,恒力吊架组件,SX A150.15 位移190 P型,,,1916T4003,,,S1,QA3,件,190,Kg,
CSS02020,恒力吊架组件,SX A150.15 位移195 P型,,,1916T4003,,,S1,QA3,件,190,Kg,
CSS02021,恒力吊架组件,SX A150.15 位移200 P型,,,1916T4003,,,S1,QA3,件,190,Kg,
CSS02022,恒力吊架组件,SX A150.15 位移205 P型,,,1916T4003,,,S1,QA3,件,190,Kg,
CSS02023,恒力吊架组件,SX A150.15 位移210 P型,,,1916T4003,,,S1,QA3,件,190,Kg,
CSS02024,恒力吊架组件,SX A150.15 位移215 P型,,,1916T4003,,,S1,QA3,件,190,Kg,
CSS02025,恒力吊架组件,SX A150.15 位移220 P型,,,1916T4003,,,S1,QA3,件,190,Kg,
CSS02026,恒力吊架组件,SX A150.15 位移225 P型,,,1916T4003,,,S1,QA3,件,190,Kg,
CSS02027,恒力吊架组件,SX A150.15 位移230 P型,,,1916T4003,,,S1,QA3,件,190,Kg,
CSS02028,恒力吊架组件,SX A150.15 位移235 P型,,,1916T4003,,,S1,QA3,件,190,Kg,
CSS02029,恒力吊架组件,SX A150.15 位移240 P型,,,1916T4003,,,S1,QA3,件,190,Kg,
CSS02030,恒力吊架组件,SX A150.15 位移245 P型,,,1916T4003,,,S1,QA3,件,190,Kg,
CSS02031,恒力吊架组件,SX A150.15 位移250 P型,,,1916T4003,,,S1,QA3,件,190,Kg,
CSS02032,恒力吊架组件,SX A150.15 位移255 P型,,,1916T4003,,,S1,QA3,件,190,Kg,
CSS02033,恒力吊架组件,SX A150.15 位移260 P型,,,1916T4003,,,S1,QA3,件,190,Kg,
CSS02034,恒力吊架组件,SX A150.15 位移265 P型,,,1916T4003,,,S1,QA3,件,190,Kg,
CSS02035,恒力吊架组件,SX A150.15 位移270 P型,,,1916T4003,,,S1,QA3,件,190,Kg,
CSS02036,恒力吊架组件,SX A150.15 位移275 P型,,,1916T4003,,,S1,QA3,件,190,Kg,
CSS02037,恒力吊架组件,SX A150.15 位移280 P型,,,1916T4003,,,S1,QA3,件,190,Kg,
CSS02038,恒力吊架组件,SX A150.15 位移285 P型,,,1916T4003,,,S1,QA3,件,190,Kg,
CSS02039,恒力吊架组件,SX A150.15 位移290 P型,,,1916T4003,,,S1,QA3,件,190,Kg,
CSS02040,恒力吊架组件,SX A150.15 位移295 P型,,,1916T4003,,,S1,QA3,件,190,Kg,
CSS02041,恒力吊架组件,SX A150.15 位移300 P型,,,1916T4003,,,S1,QA3,件,190,Kg,
CSS02042,恒力吊架组件,SX A150.20 位移120 P型,,,1916T4003,,,S1,QA3,件,190,Kg,
CSS02043,恒力吊架组件,SX A150.20 位移125 P型,,,1916T4003,,,S1,QA3,件,190,Kg,
CSS02044,恒力吊架组件,SX A150.20 位移130 P型,,,1916T4003,,,S1,QA3,件,190,Kg,
CSS02045,恒力吊架组件,SX A150.20 位移135 P型,,,1916T4003,,,S1,QA3,件,190,Kg,
CSS02046,恒力吊架组件,SX A150.20 位移140 P型,,,1916T4003,,,S1,QA3,件,190,Kg,
CSS02047,恒力吊架组件,SX A150.20 位移145 P型,,,1916T4003,,,S1,QA3,件,190,Kg,
CSS02048,恒力吊架组件,SX A150.20 位移150 P型,,,1916T4003,,,S1,QA3,件,190,Kg,
CSS02049,恒力吊架组件,SX A150.20 位移155 P型,,,1916T4003,,,S1,QA3,件,190,Kg,
CSS02050,恒力吊架组件,SX A150.20 位移160 P型,,,1916T4003,,,S1,QA3,件,190,Kg,
CSS02051,恒力吊架组件,SX A150.20 位移165 P型,,,1916T4003,,,S1,QA3,件,190,Kg,
CSS02052,恒力吊架组件,SX A150.20 位移170 P型,,,1916T4003,,,S1,QA3,件,190,Kg,
CSS02053,恒力吊架组件,SX A150.20 位移175 P型,,,1916T4003,,,S1,QA3,件,190,Kg,
CSS02054,恒力吊架组件,SX A150.20 位移180 P型,,,1916T4003,,,S1,QA3,件,190,Kg,
CSS02055,恒力吊架组件,SX A150.20 位移185 P型,,,1916T4003,,,S1,QA3,件,190,Kg,
CSS02056,恒力吊架组件,SX A150.20 位移190 P型,,,1916T4003,,,S1,QA3,件,190,Kg,
CSS02057,恒力吊架组件,SX A150.20 位移195 P型,,,1916T4003,,,S1,QA3,件,190,Kg,
CSS02058,恒力吊架组件,SX A150.20 位移200 P型,,,1916T4003,,,S1,QA3,件,190,Kg,
CSS02059,恒力吊架组件,SX A150.20 位移205 P型,,,1916T4003,,,S1,QA3,件,190,Kg,
CSS02060,恒力吊架组件,SX A150.20 位移210 P型,,,1916T4003,,,S1,QA3,件,190,Kg,
CSS02061,恒力吊架组件,SX A150.20 位移215 P型,,,1916T4003,,,S1,QA3,件,190,Kg,
CSS02062,恒力吊架组件,SX A150.20 位移220 P型,,,1916T4003,,,S1,QA3,件,190,Kg,
CSS02063,恒力吊架组件,SX A150.20 位移225 P型,,,1916T4003,,,S1,QA3,件,190,Kg,
CSS02064,恒力吊架组件,SX A150.20 位移230 P型,,,1916T4003,,,S1,QA3,件,190,Kg,
CSS02065,恒力吊架组件,SX A150.20 位移235 P型,,,1916T4003,,,S1,QA3,件,190,Kg,
CSS02066,恒力吊架组件,SX A150.20 位移240 P型,,,1916T4003,,,S1,QA3,件,190,Kg,
CSS02067,恒力吊架组件,SX A150.20 位移245 P型,,,1916T4003,,,S1,QA3,件,190,Kg,
CSS02068,恒力吊架组件,SX A150.20 位移250 P型,,,1916T4003,,,S1,QA3,件,190,Kg,
CSS02069,恒力吊架组件,SX A150.20 位移255 P型,,,1916T4003,,,S1,QA3,件,190,Kg,
CSS02070,恒力吊架组件,SX A150.20 位移260 P型,,,1916T4003,,,S1,QA3,件,190,Kg,
CSS02071,恒力吊架组件,SX A150.20 位移265 P型,,,1916T4003,,,S1,QA3,件,190,Kg,
CSS02072,恒力吊架组件,SX A150.20 位移270 P型,,,1916T4003,,,S1,QA3,件,190,Kg,
CSS02073,恒力吊架组件,SX A150.20 位移275 P型,,,1916T4003,,,S1,QA3,件,190,Kg,
CSS02074,恒力吊架组件,SX A150.20 位移280 P型,,,1916T4003,,,S1,QA3,件,190,Kg,
CSS02075,恒力吊架组件,SX A150.20 位移285 P型,,,1916T4003,,,S1,QA3,件,190,Kg,
CSS02076,恒力吊架组件,SX A150.20 位移290 P型,,,1916T4003,,,S1,QA3,件,190,Kg,
CSS02077,恒力吊架组件,SX A150.20 位移295 P型,,,1916T4003,,,S1,QA3,件,190,Kg,
CSS02078,恒力吊架组件,SX A150.20 位移300 P型,,,1916T4003,,,S1,QA3,件,190,Kg,
CSS02079,恒力吊架组件,SX A150.25 位移120 P型,,,1916T4003,,,S1,QA3,件,190,Kg,
CSS02080,恒力吊架组件,SX A150.25 位移125 P型,,,1916T4003,,,S1,QA3,件,190,Kg,
CSS02081,恒力吊架组件,SX A150.25 位移130 P型,,,1916T4003,,,S1,QA3,件,190,Kg,
CSS02082,恒力吊架组件,SX A150.25 位移135 P型,,,1916T4003,,,S1,QA3,件,190,Kg,
CSS02083,恒力吊架组件,SX A150.25 位移140 P型,,,1916T4003,,,S1,QA3,件,190,Kg,
CSS02084,恒力吊架组件,SX A150.25 位移145 P型,,,1916T4003,,,S1,QA3,件,190,Kg,
CSS02085,恒力吊架组件,SX A150.25 位移150 P型,,,1916T4003,,,S1,QA3,件,190,Kg,
CSS02086,恒力吊架组件,SX A150.25 位移155 P型,,,1916T4003,,,S1,QA3,件,190,Kg,
CSS02087,恒力吊架组件,SX A150.25 位移160 P型,,,1916T4003,,,S1,QA3,件,190,Kg,
CSS02088,恒力吊架组件,SX A150.25 位移165 P型,,,1916T4003,,,S1,QA3,件,190,Kg,
CSS02089,恒力吊架组件,SX A150.25 位移170 P型,,,1916T4003,,,S1,QA3,件,190,Kg,
CSS02090,恒力吊架组件,SX A150.25 位移175 P型,,,1916T4003,,,S1,QA3,件,190,Kg,
CSS02091,恒力吊架组件,SX A150.25 位移180 P型,,,1916T4003,,,S1,QA3,件,190,Kg,
CSS02092,恒力吊架组件,SX A150.25 位移185 P型,,,1916T4003,,,S1,QA3,件,190,Kg,
CSS02093,恒力吊架组件,SX A150.25 位移190 P型,,,1916T4003,,,S1,QA3,件,190,Kg,
CSS02094,恒力吊架组件,SX A150.25 位移195 P型,,,1916T4003,,,S1,QA3,件,190,Kg,
CSS02095,恒力吊架组件,SX A150.25 位移200 P型,,,1916T4003,,,S1,QA3,件,190,Kg,
CSS02096,恒力吊架组件,SX A150.25 位移205 P型,,,1916T4003,,,S1,QA3,件,190,Kg,
CSS02097,恒力吊架组件,SX A150.25 位移210 P型,,,1916T4003,,,S1,QA3,件,190,Kg,
CSS02098,恒力吊架组件,SX A150.25 位移215 P型,,,1916T4003,,,S1,QA3,件,190,Kg,
CSS02099,恒力吊架组件,SX A150.25 位移220 P型,,,1916T4003,,,S1,QA3,件,190,Kg,
CSS02100,恒力吊架组件,SX A150.25 位移225 P型,,,1916T4003,,,S1,QA3,件,190,Kg,
CSS02101,恒力吊架组件,SX A150.25 位移230 P型,,,1916T4003,,,S1,QA3,件,190,Kg,
CSS02102,恒力吊架组件,SX A150.25 位移235 P型,,,1916T4003,,,S1,QA3,件,190,Kg,
CSS02103,恒力吊架组件,SX A150.25 位移240 P型,,,1916T4003,,,S1,QA3,件,190,Kg,
CSS02104,恒力吊架组件,SX A150.25 位移245 P型,,,1916T4003,,,S1,QA3,件,190,Kg,
CSS02105,恒力吊架组件,SX A150.25 位移250 P型,,,1916T4003,,,S1,QA3,件,190,Kg,
CSS02106,恒力吊架组件,SX A150.25 位移255 P型,,,1916T4003,,,S1,QA3,件,190,Kg,
CSS02107,恒力吊架组件,SX A150.25 位移260 P型,,,1916T4003,,,S1,QA3,件,190,Kg,
CSS02108,恒力吊架组件,SX A150.25 位移265 P型,,,1916T4003,,,S1,QA3,件,190,Kg,
CSS02109,恒力吊架组件,SX A150.25 位移270 P型,,,1916T4003,,,S1,QA3,件,190,Kg,
CSS02110,恒力吊架组件,SX A150.25 位移275 P型,,,1916T4003,,,S1,QA3,件,190,Kg,
CSS02111,恒力吊架组件,SX A150.25 位移280 P型,,,1916T4003,,,S1,QA3,件,190,Kg,
CSS02112,恒力吊架组件,SX A150.25 位移285 P型,,,1916T4003,,,S1,QA3,件,190,Kg,
CSS02113,恒力吊架组件,SX A150.25 位移290 P型,,,1916T4003,,,S1,QA3,件,190,Kg,
CSS02114,恒力吊架组件,SX A150.25 位移295 P型,,,1916T4003,,,S1,QA3,件,190,Kg,
CSS02115,恒力吊架组件,SX A150.25 位移300 P型,,,1916T4003,,,S1,QA3,件,190,Kg,
CSS02116,恒力吊架组件,SX A150.30 位移120 P型,,,1916T4003,,,S1,QA3,件,190,Kg,
CSS02117,恒力吊架组件,SX A150.30 位移125 P型,,,1916T4003,,,S1,QA3,件,190,Kg,
CSS02118,恒力吊架组件,SX A150.30 位移130 P型,,,1916T4003,,,S1,QA3,件,190,Kg,
CSS02119,恒力吊架组件,SX A150.30 位移135 P型,,,1916T4003,,,S1,QA3,件,190,Kg,
CSS02120,恒力吊架组件,SX A150.30 位移140 P型,,,1916T4003,,,S1,QA3,件,190,Kg,
CSS02121,恒力吊架组件,SX A150.30 位移145 P型,,,1916T4003,,,S1,QA3,件,190,Kg,
CSS02122,恒力吊架组件,SX A150.30 位移150 P型,,,1916T4003,,,S1,QA3,件,190,Kg,
CSS02123,恒力吊架组件,SX A150.30 位移155 P型,,,1916T4003,,,S1,QA3,件,190,Kg,
CSS02124,恒力吊架组件,SX A150.30 位移160 P型,,,1916T4003,,,S1,QA3,件,190,Kg,
CSS02125,恒力吊架组件,SX A150.30 位移165 P型,,,1916T4003,,,S1,QA3,件,190,Kg,
CSS02126,恒力吊架组件,SX A150.30 位移170 P型,,,1916T4003,,,S1,QA3,件,190,Kg,
CSS02127,恒力吊架组件,SX A150.30 位移175 P型,,,1916T4003,,,S1,QA3,件,190,Kg,
CSS02128,恒力吊架组件,SX A150.30 位移180 P型,,,1916T4003,,,S1,QA3,件,190,Kg,
CSS02129,恒力吊架组件,SX A150.30 位移185 P型,,,1916T4003,,,S1,QA3,件,190,Kg,
CSS02130,恒力吊架组件,SX A150.30 位移190 P型,,,1916T4003,,,S1,QA3,件,190,Kg,
CSS02131,恒力吊架组件,SX A150.30 位移195 P型,,,1916T4003,,,S1,QA3,件,190,Kg,
CSS02132,恒力吊架组件,SX A150.30 位移200 P型,,,1916T4003,,,S1,QA3,件,190,Kg,
CSS02133,恒力吊架组件,SX A150.30 位移205 P型,,,1916T4003,,,S1,QA3,件,190,Kg,
CSS02134,恒力吊架组件,SX A150.30 位移210 P型,,,1916T4003,,,S1,QA3,件,190,Kg,
CSS02135,恒力吊架组件,SX A150.30 位移215 P型,,,1916T4003,,,S1,QA3,件,190,Kg,
CSS02136,恒力吊架组件,SX A150.30 位移220 P型,,,1916T4003,,,S1,QA3,件,190,Kg,
CSS02137,恒力吊架组件,SX A150.30 位移225 P型,,,1916T4003,,,S1,QA3,件,190,Kg,
CSS02138,恒力吊架组件,SX A150.30 位移230 P型,,,1916T4003,,,S1,QA3,件,190,Kg,
CSS02139,恒力吊架组件,SX A150.30 位移235 P型,,,1916T4003,,,S1,QA3,件,190,Kg,
CSS02140,恒力吊架组件,SX A150.30 位移240 P型,,,1916T4003,,,S1,QA3,件,190,Kg,
CSS02141,恒力吊架组件,SX A150.30 位移245 P型,,,1916T4003,,,S1,QA3,件,190,Kg,
CSS02142,恒力吊架组件,SX A150.30 位移250 P型,,,1916T4003,,,S1,QA3,件,190,Kg,
CSS02143,恒力吊架组件,SX A150.30 位移255 P型,,,1916T4003,,,S1,QA3,件,190,Kg,
CSS02144,恒力吊架组件,SX A150.30 位移260 P型,,,1916T4003,,,S1,QA3,件,190,Kg,
CSS02145,恒力吊架组件,SX A150.30 位移265 P型,,,1916T4003,,,S1,QA3,件,190,Kg,
CSS02146,恒力吊架组件,SX A150.30 位移270 P型,,,1916T4003,,,S1,QA3,件,190,Kg,
CSS02147,恒力吊架组件,SX A150.30 位移275 P型,,,1916T4003,,,S1,QA3,件,190,Kg,
CSS02148,恒力吊架组件,SX A150.30 位移280 P型,,,1916T4003,,,S1,QA3,件,190,Kg,
CSS02149,恒力吊架组件,SX A150.30 位移285 P型,,,1916T4003,,,S1,QA3,件,190,Kg,
CSS02150,恒力吊架组件,SX A150.30 位移290 P型,,,1916T4003,,,S1,QA3,件,190,Kg,
CSS02151,恒力吊架组件,SX A150.30 位移295 P型,,,1916T4003,,,S1,QA3,件,190,Kg,
CSS02152,恒力吊架组件,SX A150.30 位移300 P型,,,1916T4003,,,S1,QA3,件,190,Kg,
CSS02153,恒力吊架组件,SX A200.15 位移150 P型,,,1916T4003,,,S1,QA3,件,300,Kg,
CSS02154,恒力吊架组件,SX A200.15 位移155 P型,,,1916T4003,,,S1,QA3,件,300,Kg,
CSS02155,恒力吊架组件,SX A200.15 位移160 P型,,,1916T4003,,,S1,QA3,件,300,Kg,
CSS02156,恒力吊架组件,SX A200.15 位移165 P型,,,1916T4003,,,S1,QA3,件,300,Kg,
CSS02157,恒力吊架组件,SX A200.15 位移170 P型,,,1916T4003,,,S1,QA3,件,300,Kg,
CSS02158,恒力吊架组件,SX A200.15 位移175 P型,,,1916T4003,,,S1,QA3,件,300,Kg,
CSS02159,恒力吊架组件,SX A200.15 位移180 P型,,,1916T4003,,,S1,QA3,件,300,Kg,
CSS02160,恒力吊架组件,SX A200.15 位移185 P型,,,1916T4003,,,S1,QA3,件,300,Kg,
CSS02161,恒力吊架组件,SX A200.15 位移190 P型,,,1916T4003,,,S1,QA3,件,300,Kg,
CSS02162,恒力吊架组件,SX A200.15 位移195 P型,,,1916T4003,,,S1,QA3,件,300,Kg,
CSS02163,恒力吊架组件,SX A200.15 位移200 P型,,,1916T4003,,,S1,QA3,件,300,Kg,
CSS02164,恒力吊架组件,SX A200.15 位移205 P型,,,1916T4003,,,S1,QA3,件,300,Kg,
CSS02165,恒力吊架组件,SX A200.15 位移210 P型,,,1916T4003,,,S1,QA3,件,300,Kg,
CSS02166,恒力吊架组件,SX A200.15 位移215 P型,,,1916T4003,,,S1,QA3,件,300,Kg,
CSS02167,恒力吊架组件,SX A200.15 位移220 P型,,,1916T4003,,,S1,QA3,件,300,Kg,
CSS02168,恒力吊架组件,SX A200.15 位移225 P型,,,1916T4003,,,S1,QA3,件,300,Kg,
CSS02169,恒力吊架组件,SX A200.15 位移230 P型,,,1916T4003,,,S1,QA3,件,300,Kg,
CSS02170,恒力吊架组件,SX A200.15 位移235 P型,,,1916T4003,,,S1,QA3,件,300,Kg,
CSS02171,恒力吊架组件,SX A200.15 位移240 P型,,,1916T4003,,,S1,QA3,件,300,Kg,
CSS02172,恒力吊架组件,SX A200.15 位移245 P型,,,1916T4003,,,S1,QA3,件,300,Kg,
CSS02173,恒力吊架组件,SX A200.15 位移250 P型,,,1916T4003,,,S1,QA3,件,300,Kg,
CSS02174,恒力吊架组件,SX A200.15 位移255 P型,,,1916T4003,,,S1,QA3,件,300,Kg,
CSS02175,恒力吊架组件,SX A200.15 位移260 P型,,,1916T4003,,,S1,QA3,件,300,Kg,
CSS02176,恒力吊架组件,SX A200.15 位移265 P型,,,1916T4003,,,S1,QA3,件,300,Kg,
CSS02177,恒力吊架组件,SX A200.15 位移270 P型,,,1916T4003,,,S1,QA3,件,300,Kg,
CSS02178,恒力吊架组件,SX A200.15 位移275 P型,,,1916T4003,,,S1,QA3,件,300,Kg,
CSS02179,恒力吊架组件,SX A200.15 位移280 P型,,,1916T4003,,,S1,QA3,件,300,Kg,
CSS02180,恒力吊架组件,SX A200.15 位移285 P型,,,1916T4003,,,S1,QA3,件,300,Kg,
CSS02181,恒力吊架组件,SX A200.15 位移290 P型,,,1916T4003,,,S1,QA3,件,300,Kg,
CSS02182,恒力吊架组件,SX A200.15 位移295 P型,,,1916T4003,,,S1,QA3,件,300,Kg,
CSS02183,恒力吊架组件,SX A200.15 位移300 P型,,,1916T4003,,,S1,QA3,件,300,Kg,
CSS02184,恒力吊架组件,SX A200.15 位移305 P型,,,1916T4003,,,S1,QA3,件,300,Kg,
CSS02185,恒力吊架组件,SX A200.15 位移310 P型,,,1916T4003,,,S1,QA3,件,300,Kg,
CSS02186,恒力吊架组件,SX A200.15 位移315 P型,,,1916T4003,,,S1,QA3,件,300,Kg,
CSS02187,恒力吊架组件,SX A200.15 位移320 P型,,,1916T4003,,,S1,QA3,件,300,Kg,
CSS02188,恒力吊架组件,SX A200.15 位移325 P型,,,1916T4003,,,S1,QA3,件,300,Kg,
CSS02189,恒力吊架组件,SX A200.15 位移330 P型,,,1916T4003,,,S1,QA3,件,300,Kg,
CSS02190,恒力吊架组件,SX A200.20 位移150 P型,,,1916T4003,,,S1,QA3,件,300,Kg,
CSS02191,恒力吊架组件,SX A200.20 位移155 P型,,,1916T4003,,,S1,QA3,件,300,Kg,
CSS02192,恒力吊架组件,SX A200.20 位移160 P型,,,1916T4003,,,S1,QA3,件,300,Kg,
CSS02193,恒力吊架组件,SX A200.20 位移165 P型,,,1916T4003,,,S1,QA3,件,300,Kg,
CSS02194,恒力吊架组件,SX A200.20 位移170 P型,,,1916T4003,,,S1,QA3,件,300,Kg,
CSS02195,恒力吊架组件,SX A200.20 位移175 P型,,,1916T4003,,,S1,QA3,件,300,Kg,
CSS02196,恒力吊架组件,SX A200.20 位移180 P型,,,1916T4003,,,S1,QA3,件,300,Kg,
CSS02197,恒力吊架组件,SX A200.20 位移185 P型,,,1916T4003,,,S1,QA3,件,300,Kg,
CSS02198,恒力吊架组件,SX A200.20 位移190 P型,,,1916T4003,,,S1,QA3,件,300,Kg,
CSS02199,恒力吊架组件,SX A200.20 位移195 P型,,,1916T4003,,,S1,QA3,件,300,Kg,
CSS02200,恒力吊架组件,SX A200.20 位移200 P型,,,1916T4003,,,S1,QA3,件,300,Kg,
CSS02201,恒力吊架组件,SX A200.20 位移205 P型,,,1916T4003,,,S1,QA3,件,300,Kg,
CSS02202,恒力吊架组件,SX A200.20 位移210 P型,,,1916T4003,,,S1,QA3,件,300,Kg,
CSS02203,恒力吊架组件,SX A200.20 位移215 P型,,,1916T4003,,,S1,QA3,件,300,Kg,
CSS02204,恒力吊架组件,SX A200.20 位移220 P型,,,1916T4003,,,S1,QA3,件,300,Kg,
CSS02205,恒力吊架组件,SX A200.20 位移225 P型,,,1916T4003,,,S1,QA3,件,300,Kg,
CSS02206,恒力吊架组件,SX A200.20 位移230 P型,,,1916T4003,,,S1,QA3,件,300,Kg,
CSS02207,恒力吊架组件,SX A200.20 位移235 P型,,,1916T4003,,,S1,QA3,件,300,Kg,
CSS02208,恒力吊架组件,SX A200.20 位移240 P型,,,1916T4003,,,S1,QA3,件,300,Kg,
CSS02209,恒力吊架组件,SX A200.20 位移245 P型,,,1916T4003,,,S1,QA3,件,300,Kg,
CSS02210,恒力吊架组件,SX A200.20 位移250 P型,,,1916T4003,,,S1,QA3,件,300,Kg,
CSS02211,恒力吊架组件,SX A200.20 位移255 P型,,,1916T4003,,,S1,QA3,件,300,Kg,
CSS02212,恒力吊架组件,SX A200.20 位移260 P型,,,1916T4003,,,S1,QA3,件,300,Kg,
CSS02213,恒力吊架组件,SX A200.20 位移265 P型,,,1916T4003,,,S1,QA3,件,300,Kg,
CSS02214,恒力吊架组件,SX A200.20 位移270 P型,,,1916T4003,,,S1,QA3,件,300,Kg,
CSS02215,恒力吊架组件,SX A200.20 位移275 P型,,,1916T4003,,,S1,QA3,件,300,Kg,
CSS02216,恒力吊架组件,SX A200.20 位移280 P型,,,1916T4003,,,S1,QA3,件,300,Kg,
CSS02217,恒力吊架组件,SX A200.20 位移285 P型,,,1916T4003,,,S1,QA3,件,300,Kg,
CSS02218,恒力吊架组件,SX A200.20 位移290 P型,,,1916T4003,,,S1,QA3,件,300,Kg,
CSS02219,恒力吊架组件,SX A200.20 位移295 P型,,,1916T4003,,,S1,QA3,件,300,Kg,
CSS02220,恒力吊架组件,SX A200.20 位移300 P型,,,1916T4003,,,S1,QA3,件,300,Kg,
CSS02221,恒力吊架组件,SX A200.20 位移305 P型,,,1916T4003,,,S1,QA3,件,300,Kg,
CSS02222,恒力吊架组件,SX A200.20 位移310 P型,,,1916T4003,,,S1,QA3,件,300,Kg,
CSS02223,恒力吊架组件,SX A200.20 位移315 P型,,,1916T4003,,,S1,QA3,件,300,Kg,
CSS02224,恒力吊架组件,SX A200.20 位移320 P型,,,1916T4003,,,S1,QA3,件,300,Kg,
CSS02225,恒力吊架组件,SX A200.20 位移325 P型,,,1916T4003,,,S1,QA3,件,300,Kg,
CSS02226,恒力吊架组件,SX A200.20 位移330 P型,,,1916T4003,,,S1,QA3,件,300,Kg,
CSS02227,恒力吊架组件,SX A200.25 位移150 P型,,,1916T4003,,,S1,QA3,件,300,Kg,
CSS02228,恒力吊架组件,SX A200.25 位移155 P型,,,1916T4003,,,S1,QA3,件,300,Kg,
CSS02229,恒力吊架组件,SX A200.25 位移160 P型,,,1916T4003,,,S1,QA3,件,300,Kg,
CSS02230,恒力吊架组件,SX A200.25 位移165 P型,,,1916T4003,,,S1,QA3,件,300,Kg,
CSS02231,恒力吊架组件,SX A200.25 位移170 P型,,,1916T4003,,,S1,QA3,件,300,Kg,
CSS02232,恒力吊架组件,SX A200.25 位移175 P型,,,1916T4003,,,S1,QA3,件,300,Kg,
CSS02233,恒力吊架组件,SX A200.25 位移180 P型,,,1916T4003,,,S1,QA3,件,300,Kg,
CSS02234,恒力吊架组件,SX A200.25 位移185 P型,,,1916T4003,,,S1,QA3,件,300,Kg,
CSS02235,恒力吊架组件,SX A200.25 位移190 P型,,,1916T4003,,,S1,QA3,件,300,Kg,
CSS02236,恒力吊架组件,SX A200.25 位移195 P型,,,1916T4003,,,S1,QA3,件,300,Kg,
CSS02237,恒力吊架组件,SX A200.25 位移200 P型,,,1916T4003,,,S1,QA3,件,300,Kg,
CSS02238,恒力吊架组件,SX A200.25 位移205 P型,,,1916T4003,,,S1,QA3,件,300,Kg,
CSS02239,恒力吊架组件,SX A200.25 位移210 P型,,,1916T4003,,,S1,QA3,件,300,Kg,
CSS02240,恒力吊架组件,SX A200.25 位移215 P型,,,1916T4003,,,S1,QA3,件,300,Kg,
CSS02241,恒力吊架组件,SX A200.25 位移220 P型,,,1916T4003,,,S1,QA3,件,300,Kg,
CSS02242,恒力吊架组件,SX A200.25 位移225 P型,,,1916T4003,,,S1,QA3,件,300,Kg,
CSS02243,恒力吊架组件,SX A200.25 位移230 P型,,,1916T4003,,,S1,QA3,件,300,Kg,
CSS02244,恒力吊架组件,SX A200.25 位移235 P型,,,1916T4003,,,S1,QA3,件,300,Kg,
CSS02245,恒力吊架组件,SX A200.25 位移240 P型,,,1916T4003,,,S1,QA3,件,300,Kg,
CSS02246,恒力吊架组件,SX A200.25 位移245 P型,,,1916T4003,,,S1,QA3,件,300,Kg,
CSS02247,恒力吊架组件,SX A200.25 位移250 P型,,,1916T4003,,,S1,QA3,件,300,Kg,
CSS02248,恒力吊架组件,SX A200.25 位移255 P型,,,1916T4003,,,S1,QA3,件,300,Kg,
CSS02249,恒力吊架组件,SX A200.25 位移260 P型,,,1916T4003,,,S1,QA3,件,300,Kg,
CSS02250,恒力吊架组件,SX A200.25 位移265 P型,,,1916T4003,,,S1,QA3,件,300,Kg,
CSS02251,恒力吊架组件,SX A200.25 位移270 P型,,,1916T4003,,,S1,QA3,件,300,Kg,
CSS02252,恒力吊架组件,SX A200.25 位移275 P型,,,1916T4003,,,S1,QA3,件,300,Kg,
CSS02253,恒力吊架组件,SX A200.25 位移280 P型,,,1916T4003,,,S1,QA3,件,300,Kg,
CSS02254,恒力吊架组件,SX A200.25 位移285 P型,,,1916T4003,,,S1,QA3,件,300,Kg,
CSS02255,恒力吊架组件,SX A200.25 位移290 P型,,,1916T4003,,,S1,QA3,件,300,Kg,
CSS02256,恒力吊架组件,SX A200.25 位移295 P型,,,1916T4003,,,S1,QA3,件,300,Kg,
CSS02257,恒力吊架组件,SX A200.25 位移300 P型,,,1916T4003,,,S1,QA3,件,300,Kg,
CSS02258,恒力吊架组件,SX A200.25 位移305 P型,,,1916T4003,,,S1,QA3,件,300,Kg,
CSS02259,恒力吊架组件,SX A200.25 位移310 P型,,,1916T4003,,,S1,QA3,件,300,Kg,
CSS02260,恒力吊架组件,SX A200.25 位移315 P型,,,1916T4003,,,S1,QA3,件,300,Kg,
CSS02261,恒力吊架组件,SX A200.25 位移320 P型,,,1916T4003,,,S1,QA3,件,300,Kg,
CSS02262,恒力吊架组件,SX A200.25 位移325 P型,,,1916T4003,,,S1,QA3,件,300,Kg,
CSS02263,恒力吊架组件,SX A200.25 位移330 P型,,,1916T4003,,,S1,QA3,件,300,Kg,
CSS02264,恒力吊架组件,SX A200.30 位移150 P型,,,1916T4003,,,S1,QA3,件,300,Kg,
CSS02265,恒力吊架组件,SX A200.30 位移155 P型,,,1916T4003,,,S1,QA3,件,300,Kg,
CSS02266,恒力吊架组件,SX A200.30 位移160 P型,,,1916T4003,,,S1,QA3,件,300,Kg,
CSS02267,恒力吊架组件,SX A200.30 位移165 P型,,,1916T4003,,,S1,QA3,件,300,Kg,
CSS02268,恒力吊架组件,SX A200.30 位移170 P型,,,1916T4003,,,S1,QA3,件,300,Kg,
CSS02269,恒力吊架组件,SX A200.30 位移175 P型,,,1916T4003,,,S1,QA3,件,300,Kg,
CSS02270,恒力吊架组件,SX A200.30 位移180 P型,,,1916T4003,,,S1,QA3,件,300,Kg,
CSS02271,恒力吊架组件,SX A200.30 位移185 P型,,,1916T4003,,,S1,QA3,件,300,Kg,
CSS02272,恒力吊架组件,SX A200.30 位移190 P型,,,1916T4003,,,S1,QA3,件,300,Kg,
CSS02273,恒力吊架组件,SX A200.30 位移195 P型,,,1916T4003,,,S1,QA3,件,300,Kg,
CSS02274,恒力吊架组件,SX A200.30 位移200 P型,,,1916T4003,,,S1,QA3,件,300,Kg,
CSS02275,恒力吊架组件,SX A200.30 位移205 P型,,,1916T4003,,,S1,QA3,件,300,Kg,
CSS02276,恒力吊架组件,SX A200.30 位移210 P型,,,1916T4003,,,S1,QA3,件,300,Kg,
CSS02277,恒力吊架组件,SX A200.30 位移215 P型,,,1916T4003,,,S1,QA3,件,300,Kg,
CSS02278,恒力吊架组件,SX A200.30 位移220 P型,,,1916T4003,,,S1,QA3,件,300,Kg,
CSS02279,恒力吊架组件,SX A200.30 位移225 P型,,,1916T4003,,,S1,QA3,件,300,Kg,
CSS02280,恒力吊架组件,SX A200.30 位移230 P型,,,1916T4003,,,S1,QA3,件,300,Kg,
CSS02281,恒力吊架组件,SX A200.30 位移235 P型,,,1916T4003,,,S1,QA3,件,300,Kg,
CSS02282,恒力吊架组件,SX A200.30 位移240 P型,,,1916T4003,,,S1,QA3,件,300,Kg,
CSS02283,恒力吊架组件,SX A200.30 位移245 P型,,,1916T4003,,,S1,QA3,件,300,Kg,
CSS02284,恒力吊架组件,SX A200.30 位移250 P型,,,1916T4003,,,S1,QA3,件,300,Kg,
CSS02285,恒力吊架组件,SX A200.30 位移255 P型,,,1916T4003,,,S1,QA3,件,300,Kg,
CSS02286,恒力吊架组件,SX A200.30 位移260 P型,,,1916T4003,,,S1,QA3,件,300,Kg,
CSS02287,恒力吊架组件,SX A200.30 位移265 P型,,,1916T4003,,,S1,QA3,件,300,Kg,
CSS02288,恒力吊架组件,SX A200.30 位移270 P型,,,1916T4003,,,S1,QA3,件,300,Kg,
CSS02289,恒力吊架组件,SX A200.30 位移275 P型,,,1916T4003,,,S1,QA3,件,300,Kg,
CSS02290,恒力吊架组件,SX A200.30 位移280 P型,,,1916T4003,,,S1,QA3,件,300,Kg,
CSS02291,恒力吊架组件,SX A200.30 位移285 P型,,,1916T4003,,,S1,QA3,件,300,Kg,
CSS02292,恒力吊架组件,SX A200.30 位移290 P型,,,1916T4003,,,S1,QA3,件,300,Kg,
CSS02293,恒力吊架组件,SX A200.30 位移295 P型,,,1916T4003,,,S1,QA3,件,300,Kg,
CSS02294,恒力吊架组件,SX A200.30 位移300 P型,,,1916T4003,,,S1,QA3,件,300,Kg,
CSS02295,恒力吊架组件,SX A200.30 位移305 P型,,,1916T4003,,,S1,QA3,件,300,Kg,
CSS02296,恒力吊架组件,SX A200.30 位移310 P型,,,1916T4003,,,S1,QA3,件,300,Kg,
CSS02297,恒力吊架组件,SX A200.30 位移315 P型,,,1916T4003,,,S1,QA3,件,300,Kg,
CSS02298,恒力吊架组件,SX A200.30 位移320 P型,,,1916T4003,,,S1,QA3,件,300,Kg,
CSS02299,恒力吊架组件,SX A200.30 位移325 P型,,,1916T4003,,,S1,QA3,件,300,Kg,
CSS02300,恒力吊架组件,SX A200.30 位移330 P型,,,1916T4003,,,S1,QA3,件,300,Kg,
CSS02301,恒力吊架组件,SX A250.20 位移170 P型,,,1916T4003,,,S1,QA3,件,620,Kg,
CSS02302,恒力吊架组件,SX A250.20 位移175 P型,,,1916T4003,,,S1,QA3,件,620,Kg,
CSS02303,恒力吊架组件,SX A250.20 位移180 P型,,,1916T4003,,,S1,QA3,件,620,Kg,
CSS02304,恒力吊架组件,SX A250.20 位移185 P型,,,1916T4003,,,S1,QA3,件,620,Kg,
CSS02305,恒力吊架组件,SX A250.20 位移190 P型,,,1916T4003,,,S1,QA3,件,620,Kg,
CSS02306,恒力吊架组件,SX A250.20 位移195 P型,,,1916T4003,,,S1,QA3,件,620,Kg,
CSS02307,恒力吊架组件,SX A250.20 位移200 P型,,,1916T4003,,,S1,QA3,件,620,Kg,
CSS02308,恒力吊架组件,SX A250.20 位移205 P型,,,1916T4003,,,S1,QA3,件,620,Kg,
CSS02309,恒力吊架组件,SX A250.20 位移210 P型,,,1916T4003,,,S1,QA3,件,620,Kg,
CSS02310,恒力吊架组件,SX A250.20 位移215 P型,,,1916T4003,,,S1,QA3,件,620,Kg,
CSS02311,恒力吊架组件,SX A250.20 位移220 P型,,,1916T4003,,,S1,QA3,件,620,Kg,
CSS02312,恒力吊架组件,SX A250.20 位移225 P型,,,1916T4003,,,S1,QA3,件,620,Kg,
CSS02313,恒力吊架组件,SX A250.20 位移230 P型,,,1916T4003,,,S1,QA3,件,620,Kg,
CSS02314,恒力吊架组件,SX A250.20 位移235 P型,,,1916T4003,,,S1,QA3,件,620,Kg,
CSS02315,恒力吊架组件,SX A250.20 位移240 P型,,,1916T4003,,,S1,QA3,件,620,Kg,
CSS02316,恒力吊架组件,SX A250.20 位移245 P型,,,1916T4003,,,S1,QA3,件,620,Kg,
CSS02317,恒力吊架组件,SX A250.20 位移250 P型,,,1916T4003,,,S1,QA3,件,620,Kg,
CSS02318,恒力吊架组件,SX A250.20 位移255 P型,,,1916T4003,,,S1,QA3,件,620,Kg,
CSS02319,恒力吊架组件,SX A250.20 位移260 P型,,,1916T4003,,,S1,QA3,件,620,Kg,
CSS02320,恒力吊架组件,SX A250.20 位移265 P型,,,1916T4003,,,S1,QA3,件,620,Kg,
CSS02321,恒力吊架组件,SX A250.20 位移270 P型,,,1916T4003,,,S1,QA3,件,620,Kg,
CSS02322,恒力吊架组件,SX A250.20 位移275 P型,,,1916T4003,,,S1,QA3,件,620,Kg,
CSS02323,恒力吊架组件,SX A250.20 位移280 P型,,,1916T4003,,,S1,QA3,件,620,Kg,
CSS02324,恒力吊架组件,SX A250.20 位移285 P型,,,1916T4003,,,S1,QA3,件,620,Kg,
CSS02325,恒力吊架组件,SX A250.20 位移290 P型,,,1916T4003,,,S1,QA3,件,620,Kg,
CSS02326,恒力吊架组件,SX A250.20 位移295 P型,,,1916T4003,,,S1,QA3,件,620,Kg,
CSS02327,恒力吊架组件,SX A250.20 位移300 P型,,,1916T4003,,,S1,QA3,件,620,Kg,
CSS02328,恒力吊架组件,SX A250.20 位移305 P型,,,1916T4003,,,S1,QA3,件,620,Kg,
CSS02329,恒力吊架组件,SX A250.20 位移310 P型,,,1916T4003,,,S1,QA3,件,620,Kg,
CSS02330,恒力吊架组件,SX A250.20 位移315 P型,,,1916T4003,,,S1,QA3,件,620,Kg,
CSS02331,恒力吊架组件,SX A250.20 位移320 P型,,,1916T4003,,,S1,QA3,件,620,Kg,
CSS02332,恒力吊架组件,SX A250.20 位移325 P型,,,1916T4003,,,S1,QA3,件,620,Kg,
CSS02333,恒力吊架组件,SX A250.20 位移330 P型,,,1916T4003,,,S1,QA3,件,620,Kg,
CSS02334,恒力吊架组件,SX A250.20 位移335 P型,,,1916T4003,,,S1,QA3,件,620,Kg,
CSS02335,恒力吊架组件,SX A250.20 位移340 P型,,,1916T4003,,,S1,QA3,件,620,Kg,
CSS02336,恒力吊架组件,SX A250.20 位移345 P型,,,1916T4003,,,S1,QA3,件,620,Kg,
CSS02337,恒力吊架组件,SX A250.20 位移350 P型,,,1916T4003,,,S1,QA3,件,620,Kg,
CSS02338,恒力吊架组件,SX A250.25 位移170 P型,,,1916T4003,,,S1,QA3,件,620,Kg,
CSS02339,恒力吊架组件,SX A250.25 位移175 P型,,,1916T4003,,,S1,QA3,件,620,Kg,
CSS02340,恒力吊架组件,SX A250.25 位移180 P型,,,1916T4003,,,S1,QA3,件,620,Kg,
CSS02341,恒力吊架组件,SX A250.25 位移185 P型,,,1916T4003,,,S1,QA3,件,620,Kg,
CSS02342,恒力吊架组件,SX A250.25 位移190 P型,,,1916T4003,,,S1,QA3,件,620,Kg,
CSS02343,恒力吊架组件,SX A250.25 位移195 P型,,,1916T4003,,,S1,QA3,件,620,Kg,
CSS02344,恒力吊架组件,SX A250.25 位移200 P型,,,1916T4003,,,S1,QA3,件,620,Kg,
CSS02345,恒力吊架组件,SX A250.25 位移205 P型,,,1916T4003,,,S1,QA3,件,620,Kg,
CSS02346,恒力吊架组件,SX A250.25 位移210 P型,,,1916T4003,,,S1,QA3,件,620,Kg,
CSS02347,恒力吊架组件,SX A250.25 位移215 P型,,,1916T4003,,,S1,QA3,件,620,Kg,
CSS02348,恒力吊架组件,SX A250.25 位移220 P型,,,1916T4003,,,S1,QA3,件,620,Kg,
CSS02349,恒力吊架组件,SX A250.25 位移225 P型,,,1916T4003,,,S1,QA3,件,620,Kg,
CSS02350,恒力吊架组件,SX A250.25 位移230 P型,,,1916T4003,,,S1,QA3,件,620,Kg,
CSS02351,恒力吊架组件,SX A250.25 位移235 P型,,,1916T4003,,,S1,QA3,件,620,Kg,
CSS02352,恒力吊架组件,SX A250.25 位移240 P型,,,1916T4003,,,S1,QA3,件,620,Kg,
CSS02353,恒力吊架组件,SX A250.25 位移245 P型,,,1916T4003,,,S1,QA3,件,620,Kg,
CSS02354,恒力吊架组件,SX A250.25 位移250 P型,,,1916T4003,,,S1,QA3,件,620,Kg,
CSS02355,恒力吊架组件,SX A250.25 位移255 P型,,,1916T4003,,,S1,QA3,件,620,Kg,
CSS02356,恒力吊架组件,SX A250.25 位移260 P型,,,1916T4003,,,S1,QA3,件,620,Kg,
CSS02357,恒力吊架组件,SX A250.25 位移265 P型,,,1916T4003,,,S1,QA3,件,620,Kg,
CSS02358,恒力吊架组件,SX A250.25 位移270 P型,,,1916T4003,,,S1,QA3,件,620,Kg,
CSS02359,恒力吊架组件,SX A250.25 位移275 P型,,,1916T4003,,,S1,QA3,件,620,Kg,
CSS02360,恒力吊架组件,SX A250.25 位移280 P型,,,1916T4003,,,S1,QA3,件,620,Kg,
CSS02361,恒力吊架组件,SX A250.25 位移285 P型,,,1916T4003,,,S1,QA3,件,620,Kg,
CSS02362,恒力吊架组件,SX A250.25 位移290 P型,,,1916T4003,,,S1,QA3,件,620,Kg,
CSS02363,恒力吊架组件,SX A250.25 位移295 P型,,,1916T4003,,,S1,QA3,件,620,Kg,
CSS02364,恒力吊架组件,SX A250.25 位移300 P型,,,1916T4003,,,S1,QA3,件,620,Kg,
CSS02365,恒力吊架组件,SX A250.25 位移305 P型,,,1916T4003,,,S1,QA3,件,620,Kg,
CSS02366,恒力吊架组件,SX A250.25 位移310 P型,,,1916T4003,,,S1,QA3,件,620,Kg,
CSS02367,恒力吊架组件,SX A250.25 位移315 P型,,,1916T4003,,,S1,QA3,件,620,Kg,
CSS02368,恒力吊架组件,SX A250.25 位移320 P型,,,1916T4003,,,S1,QA3,件,620,Kg,
CSS02369,恒力吊架组件,SX A250.25 位移325 P型,,,1916T4003,,,S1,QA3,件,620,Kg,
CSS02370,恒力吊架组件,SX A250.25 位移330 P型,,,1916T4003,,,S1,QA3,件,620,Kg,
CSS02371,恒力吊架组件,SX A250.25 位移335 P型,,,1916T4003,,,S1,QA3,件,620,Kg,
CSS02372,恒力吊架组件,SX A250.25 位移340 P型,,,1916T4003,,,S1,QA3,件,620,Kg,
CSS02373,恒力吊架组件,SX A250.25 位移345 P型,,,1916T4003,,,S1,QA3,件,620,Kg,
CSS02374,恒力吊架组件,SX A250.25 位移350 P型,,,1916T4003,,,S1,QA3,件,620,Kg,
CSS02375,恒力吊架组件,SX A250.30 位移170 P型,,,1916T4003,,,S1,QA3,件,620,Kg,
CSS02376,恒力吊架组件,SX A250.30 位移175 P型,,,1916T4003,,,S1,QA3,件,620,Kg,
CSS02377,恒力吊架组件,SX A250.30 位移180 P型,,,1916T4003,,,S1,QA3,件,620,Kg,
CSS02378,恒力吊架组件,SX A250.30 位移185 P型,,,1916T4003,,,S1,QA3,件,620,Kg,
CSS02379,恒力吊架组件,SX A250.30 位移190 P型,,,1916T4003,,,S1,QA3,件,620,Kg,
CSS02380,恒力吊架组件,SX A250.30 位移195 P型,,,1916T4003,,,S1,QA3,件,620,Kg,
CSS02381,恒力吊架组件,SX A250.30 位移200 P型,,,1916T4003,,,S1,QA3,件,620,Kg,
CSS02382,恒力吊架组件,SX A250.30 位移205 P型,,,1916T4003,,,S1,QA3,件,620,Kg,
CSS02383,恒力吊架组件,SX A250.30 位移210 P型,,,1916T4003,,,S1,QA3,件,620,Kg,
CSS02384,恒力吊架组件,SX A250.30 位移215 P型,,,1916T4003,,,S1,QA3,件,620,Kg,
CSS02385,恒力吊架组件,SX A250.30 位移220 P型,,,1916T4003,,,S1,QA3,件,620,Kg,
CSS02386,恒力吊架组件,SX A250.30 位移225 P型,,,1916T4003,,,S1,QA3,件,620,Kg,
CSS02387,恒力吊架组件,SX A250.30 位移230 P型,,,1916T4003,,,S1,QA3,件,620,Kg,
CSS02388,恒力吊架组件,SX A250.30 位移235 P型,,,1916T4003,,,S1,QA3,件,620,Kg,
CSS02389,恒力吊架组件,SX A250.30 位移240 P型,,,1916T4003,,,S1,QA3,件,620,Kg,
CSS02390,恒力吊架组件,SX A250.30 位移245 P型,,,1916T4003,,,S1,QA3,件,620,Kg,
CSS02391,恒力吊架组件,SX A250.30 位移250 P型,,,1916T4003,,,S1,QA3,件,620,Kg,
CSS02392,恒力吊架组件,SX A250.30 位移255 P型,,,1916T4003,,,S1,QA3,件,620,Kg,
CSS02393,恒力吊架组件,SX A250.30 位移260 P型,,,1916T4003,,,S1,QA3,件,620,Kg,
CSS02394,恒力吊架组件,SX A250.30 位移265 P型,,,1916T4003,,,S1,QA3,件,620,Kg,
CSS02395,恒力吊架组件,SX A250.30 位移270 P型,,,1916T4003,,,S1,QA3,件,620,Kg,
CSS02396,恒力吊架组件,SX A250.30 位移275 P型,,,1916T4003,,,S1,QA3,件,620,Kg,
CSS02397,恒力吊架组件,SX A250.30 位移280 P型,,,1916T4003,,,S1,QA3,件,620,Kg,
CSS02398,恒力吊架组件,SX A250.30 位移285 P型,,,1916T4003,,,S1,QA3,件,620,Kg,
CSS02399,恒力吊架组件,SX A250.30 位移290 P型,,,1916T4003,,,S1,QA3,件,620,Kg,
CSS02400,恒力吊架组件,SX A250.30 位移295 P型,,,1916T4003,,,S1,QA3,件,620,Kg,
CSS02401,恒力吊架组件,SX A250.30 位移300 P型,,,1916T4003,,,S1,QA3,件,620,Kg,
CSS02402,恒力吊架组件,SX A250.30 位移305 P型,,,1916T4003,,,S1,QA3,件,620,Kg,
CSS02403,恒力吊架组件,SX A250.30 位移310 P型,,,1916T4003,,,S1,QA3,件,620,Kg,
CSS02404,恒力吊架组件,SX A250.30 位移315 P型,,,1916T4003,,,S1,QA3,件,620,Kg,
CSS02405,恒力吊架组件,SX A250.30 位移320 P型,,,1916T4003,,,S1,QA3,件,620,Kg,
CSS02406,恒力吊架组件,SX A250.30 位移325 P型,,,1916T4003,,,S1,QA3,件,620,Kg,
CSS02407,恒力吊架组件,SX A250.30 位移330 P型,,,1916T4003,,,S1,QA3,件,620,Kg,
CSS02408,恒力吊架组件,SX A250.30 位移335 P型,,,1916T4003,,,S1,QA3,件,620,Kg,
CSS02409,恒力吊架组件,SX A250.30 位移340 P型,,,1916T4003,,,S1,QA3,件,620,Kg,
CSS02410,恒力吊架组件,SX A250.30 位移345 P型,,,1916T4003,,,S1,QA3,件,620,Kg,
CSS02411,恒力吊架组件,SX A250.30 位移350 P型,,,1916T4003,,,S1,QA3,件,620,Kg,
CSS02412,恒力吊架组件,SX A250.35 位移190 P型,,,1916T4003,,,S1,QA3,件,620,Kg,
CSS02413,恒力吊架组件,SX A250.35 位移195 P型,,,1916T4003,,,S1,QA3,件,620,Kg,
CSS02414,恒力吊架组件,SX A250.35 位移200 P型,,,1916T4003,,,S1,QA3,件,620,Kg,
CSS02415,恒力吊架组件,SX A250.35 位移205 P型,,,1916T4003,,,S1,QA3,件,620,Kg,
CSS02416,恒力吊架组件,SX A250.35 位移210 P型,,,1916T4003,,,S1,QA3,件,620,Kg,
CSS02417,恒力吊架组件,SX A250.35 位移215 P型,,,1916T4003,,,S1,QA3,件,620,Kg,
CSS02418,恒力吊架组件,SX A250.35 位移220 P型,,,1916T4003,,,S1,QA3,件,620,Kg,
CSS02419,恒力吊架组件,SX A250.35 位移225 P型,,,1916T4003,,,S1,QA3,件,620,Kg,
CSS02420,恒力吊架组件,SX A250.35 位移230 P型,,,1916T4003,,,S1,QA3,件,620,Kg,
CSS02421,恒力吊架组件,SX A250.35 位移235 P型,,,1916T4003,,,S1,QA3,件,620,Kg,
CSS02422,恒力吊架组件,SX A250.35 位移240 P型,,,1916T4003,,,S1,QA3,件,620,Kg,
CSS02423,恒力吊架组件,SX A250.35 位移245 P型,,,1916T4003,,,S1,QA3,件,620,Kg,
CSS02424,恒力吊架组件,SX A250.35 位移250 P型,,,1916T4003,,,S1,QA3,件,620,Kg,
CSS02425,恒力吊架组件,SX A250.35 位移255 P型,,,1916T4003,,,S1,QA3,件,620,Kg,
CSS02426,恒力吊架组件,SX A250.35 位移260 P型,,,1916T4003,,,S1,QA3,件,620,Kg,
CSS02427,恒力吊架组件,SX A250.35 位移265 P型,,,1916T4003,,,S1,QA3,件,620,Kg,
CSS02428,恒力吊架组件,SX A250.35 位移270 P型,,,1916T4003,,,S1,QA3,件,620,Kg,
CSS02429,恒力吊架组件,SX A250.35 位移275 P型,,,1916T4003,,,S1,QA3,件,620,Kg,
CSS02430,恒力吊架组件,SX A250.35 位移280 P型,,,1916T4003,,,S1,QA3,件,620,Kg,
CSS02431,恒力吊架组件,SX A250.35 位移285 P型,,,1916T4003,,,S1,QA3,件,620,Kg,
CSS02432,恒力吊架组件,SX A250.35 位移290 P型,,,1916T4003,,,S1,QA3,件,620,Kg,
CSS02433,恒力吊架组件,SX A250.35 位移295 P型,,,1916T4003,,,S1,QA3,件,620,Kg,
CSS02434,恒力吊架组件,SX A250.35 位移300 P型,,,1916T4003,,,S1,QA3,件,620,Kg,
CSS02435,恒力吊架组件,SX A250.35 位移305 P型,,,1916T4003,,,S1,QA3,件,620,Kg,
CSS02436,恒力吊架组件,SX A250.35 位移310 P型,,,1916T4003,,,S1,QA3,件,620,Kg,
CSS02437,恒力吊架组件,SX A250.35 位移315 P型,,,1916T4003,,,S1,QA3,件,620,Kg,
CSS02438,恒力吊架组件,SX A250.35 位移320 P型,,,1916T4003,,,S1,QA3,件,620,Kg,
CSS02439,恒力吊架组件,SX A250.35 位移325 P型,,,1916T4003,,,S1,QA3,件,620,Kg,
CSS02440,恒力吊架组件,SX A250.35 位移330 P型,,,1916T4003,,,S1,QA3,件,620,Kg,
CSS02441,恒力吊架组件,SX A250.35 位移335 P型,,,1916T4003,,,S1,QA3,件,620,Kg,
CSS02442,恒力吊架组件,SX A250.35 位移340 P型,,,1916T4003,,,S1,QA3,件,620,Kg,
CSS02443,恒力吊架组件,SX A250.35 位移345 P型,,,1916T4003,,,S1,QA3,件,620,Kg,
CSS02444,恒力吊架组件,SX A250.35 位移350 P型,,,1916T4003,,,S1,QA3,件,620,Kg,
CSS02445,恒力吊架组件,SX A100.15 位移90 F型,,,1916T4003,,,S1,QA3,件,90,Kg,
CSS02446,恒力吊架组件,SX A100.15 位移95 F型,,,1916T4003,,,S1,QA3,件,90,Kg,
CSS02447,恒力吊架组件,SX A100.15 位移100 F型,,,1916T4003,,,S1,QA3,件,90,Kg,
CSS02448,恒力吊架组件,SX A100.15 位移105 F型,,,1916T4003,,,S1,QA3,件,90,Kg,
CSS02449,恒力吊架组件,SX A100.15 位移110 F型,,,1916T4003,,,S1,QA3,件,90,Kg,
CSS02450,恒力吊架组件,SX A100.15 位移115 F型,,,1916T4003,,,S1,QA3,件,90,Kg,
CSS02451,恒力吊架组件,SX A100.15 位移120 F型,,,1916T4003,,,S1,QA3,件,90,Kg,
CSS02452,恒力吊架组件,SX A100.15 位移125 F型,,,1916T4003,,,S1,QA3,件,90,Kg,
CSS02453,恒力吊架组件,SX A100.15 位移130 F型,,,1916T4003,,,S1,QA3,件,90,Kg,
CSS02454,恒力吊架组件,SX A100.15 位移135 F型,,,1916T4003,,,S1,QA3,件,90,Kg,
CSS02455,恒力吊架组件,SX A100.15 位移140 F型,,,1916T4003,,,S1,QA3,件,90,Kg,
CSS02456,恒力吊架组件,SX A100.15 位移145 F型,,,1916T4003,,,S1,QA3,件,90,Kg,
CSS02457,恒力吊架组件,SX A100.15 位移150 F型,,,1916T4003,,,S1,QA3,件,90,Kg,
CSS02458,恒力吊架组件,SX A100.15 位移155 F型,,,1916T4003,,,S1,QA3,件,90,Kg,
CSS02459,恒力吊架组件,SX A100.15 位移160 F型,,,1916T4003,,,S1,QA3,件,90,Kg,
CSS02460,恒力吊架组件,SX A100.15 位移165 F型,,,1916T4003,,,S1,QA3,件,90,Kg,
CSS02461,恒力吊架组件,SX A100.15 位移170 F型,,,1916T4003,,,S1,QA3,件,90,Kg,
CSS02462,恒力吊架组件,SX A100.15 位移175 F型,,,1916T4003,,,S1,QA3,件,90,Kg,
CSS02463,恒力吊架组件,SX A100.15 位移180 F型,,,1916T4003,,,S1,QA3,件,90,Kg,
CSS02464,恒力吊架组件,SX A100.15 位移185 F型,,,1916T4003,,,S1,QA3,件,90,Kg,
CSS02465,恒力吊架组件,SX A100.15 位移190 F型,,,1916T4003,,,S1,QA3,件,90,Kg,
CSS02466,恒力吊架组件,SX A100.15 位移195 F型,,,1916T4003,,,S1,QA3,件,90,Kg,
CSS02467,恒力吊架组件,SX A100.15 位移200 F型,,,1916T4003,,,S1,QA3,件,90,Kg,
CSS02468,恒力吊架组件,SX A100.15 位移205 F型,,,1916T4003,,,S1,QA3,件,90,Kg,
CSS02469,恒力吊架组件,SX A100.15 位移210 F型,,,1916T4003,,,S1,QA3,件,90,Kg,
CSS02470,恒力吊架组件,SX A100.15 位移215 F型,,,1916T4003,,,S1,QA3,件,90,Kg,
CSS02471,恒力吊架组件,SX A100.15 位移220 F型,,,1916T4003,,,S1,QA3,件,90,Kg,
CSS02472,恒力吊架组件,SX A100.15 位移225 F型,,,1916T4003,,,S1,QA3,件,90,Kg,
CSS02473,恒力吊架组件,SX A100.15 位移230 F型,,,1916T4003,,,S1,QA3,件,90,Kg,
CSS02474,恒力吊架组件,SX A100.15 位移235 F型,,,1916T4003,,,S1,QA3,件,90,Kg,
CSS02475,恒力吊架组件,SX A100.15 位移240 F型,,,1916T4003,,,S1,QA3,件,90,Kg,
CSS02476,恒力吊架组件,SX A100.15 位移245 F型,,,1916T4003,,,S1,QA3,件,90,Kg,
CSS02477,恒力吊架组件,SX A100.15 位移250 F型,,,1916T4003,,,S1,QA3,件,90,Kg,
CSS02478,恒力吊架组件,SX A100.20 位移90 F型,,,1916T4003,,,S1,QA3,件,90,Kg,
CSS02479,恒力吊架组件,SX A100.20 位移95 F型,,,1916T4003,,,S1,QA3,件,90,Kg,
CSS02480,恒力吊架组件,SX A100.20 位移100 F型,,,1916T4003,,,S1,QA3,件,90,Kg,
CSS02481,恒力吊架组件,SX A100.20 位移105 F型,,,1916T4003,,,S1,QA3,件,90,Kg,
CSS02482,恒力吊架组件,SX A100.20 位移110 F型,,,1916T4003,,,S1,QA3,件,90,Kg,
CSS02483,恒力吊架组件,SX A100.20 位移115 F型,,,1916T4003,,,S1,QA3,件,90,Kg,
CSS02484,恒力吊架组件,SX A100.20 位移120 F型,,,1916T4003,,,S1,QA3,件,90,Kg,
CSS02485,恒力吊架组件,SX A100.20 位移125 F型,,,1916T4003,,,S1,QA3,件,90,Kg,
CSS02486,恒力吊架组件,SX A100.20 位移130 F型,,,1916T4003,,,S1,QA3,件,90,Kg,
CSS02487,恒力吊架组件,SX A100.20 位移135 F型,,,1916T4003,,,S1,QA3,件,90,Kg,
CSS02488,恒力吊架组件,SX A100.20 位移140 F型,,,1916T4003,,,S1,QA3,件,90,Kg,
CSS02489,恒力吊架组件,SX A100.20 位移145 F型,,,1916T4003,,,S1,QA3,件,90,Kg,
CSS02490,恒力吊架组件,SX A100.20 位移150 F型,,,1916T4003,,,S1,QA3,件,90,Kg,
CSS02491,恒力吊架组件,SX A100.20 位移155 F型,,,1916T4003,,,S1,QA3,件,90,Kg,
CSS02492,恒力吊架组件,SX A100.20 位移160 F型,,,1916T4003,,,S1,QA3,件,90,Kg,
CSS02493,恒力吊架组件,SX A100.20 位移165 F型,,,1916T4003,,,S1,QA3,件,90,Kg,
CSS02494,恒力吊架组件,SX A100.20 位移170 F型,,,1916T4003,,,S1,QA3,件,90,Kg,
CSS02495,恒力吊架组件,SX A100.20 位移175 F型,,,1916T4003,,,S1,QA3,件,90,Kg,
CSS02496,恒力吊架组件,SX A100.20 位移180 F型,,,1916T4003,,,S1,QA3,件,90,Kg,
CSS02497,恒力吊架组件,SX A100.20 位移185 F型,,,1916T4003,,,S1,QA3,件,90,Kg,
CSS02498,恒力吊架组件,SX A100.20 位移190 F型,,,1916T4003,,,S1,QA3,件,90,Kg,
CSS02499,恒力吊架组件,SX A100.20 位移195 F型,,,1916T4003,,,S1,QA3,件,90,Kg,
CSS02500,恒力吊架组件,SX A100.20 位移200 F型,,,1916T4003,,,S1,QA3,件,90,Kg,
CSS02501,恒力吊架组件,SX A100.20 位移205 F型,,,1916T4003,,,S1,QA3,件,90,Kg,
CSS02502,恒力吊架组件,SX A100.20 位移210 F型,,,1916T4003,,,S1,QA3,件,90,Kg,
CSS02503,恒力吊架组件,SX A100.20 位移215 F型,,,1916T4003,,,S1,QA3,件,90,Kg,
CSS02504,恒力吊架组件,SX A100.20 位移220 F型,,,1916T4003,,,S1,QA3,件,90,Kg,
CSS02505,恒力吊架组件,SX A100.20 位移225 F型,,,1916T4003,,,S1,QA3,件,90,Kg,
CSS02506,恒力吊架组件,SX A100.20 位移230 F型,,,1916T4003,,,S1,QA3,件,90,Kg,
CSS02507,恒力吊架组件,SX A100.20 位移235 F型,,,1916T4003,,,S1,QA3,件,90,Kg,
CSS02508,恒力吊架组件,SX A100.20 位移240 F型,,,1916T4003,,,S1,QA3,件,90,Kg,
CSS02509,恒力吊架组件,SX A100.20 位移245 F型,,,1916T4003,,,S1,QA3,件,90,Kg,
CSS02510,恒力吊架组件,SX A100.20 位移250 F型,,,1916T4003,,,S1,QA3,件,90,Kg,
CSS02511,恒力吊架组件,SX A100.25 位移90 F型,,,1916T4003,,,S1,QA3,件,90,Kg,
CSS02512,恒力吊架组件,SX A100.25 位移95 F型,,,1916T4003,,,S1,QA3,件,90,Kg,
CSS02513,恒力吊架组件,SX A100.25 位移100 F型,,,1916T4003,,,S1,QA3,件,90,Kg,
CSS02514,恒力吊架组件,SX A100.25 位移105 F型,,,1916T4003,,,S1,QA3,件,90,Kg,
CSS02515,恒力吊架组件,SX A100.25 位移110 F型,,,1916T4003,,,S1,QA3,件,90,Kg,
CSS02516,恒力吊架组件,SX A100.25 位移115 F型,,,1916T4003,,,S1,QA3,件,90,Kg,
CSS02517,恒力吊架组件,SX A100.25 位移120 F型,,,1916T4003,,,S1,QA3,件,90,Kg,
CSS02518,恒力吊架组件,SX A100.25 位移125 F型,,,1916T4003,,,S1,QA3,件,90,Kg,
CSS02519,恒力吊架组件,SX A100.25 位移130 F型,,,1916T4003,,,S1,QA3,件,90,Kg,
CSS02520,恒力吊架组件,SX A100.25 位移135 F型,,,1916T4003,,,S1,QA3,件,90,Kg,
CSS02521,恒力吊架组件,SX A100.25 位移140 F型,,,1916T4003,,,S1,QA3,件,90,Kg,
CSS02522,恒力吊架组件,SX A100.25 位移145 F型,,,1916T4003,,,S1,QA3,件,90,Kg,
CSS02523,恒力吊架组件,SX A100.25 位移150 F型,,,1916T4003,,,S1,QA3,件,90,Kg,
CSS02524,恒力吊架组件,SX A100.25 位移155 F型,,,1916T4003,,,S1,QA3,件,90,Kg,
CSS02525,恒力吊架组件,SX A100.25 位移160 F型,,,1916T4003,,,S1,QA3,件,90,Kg,
CSS02526,恒力吊架组件,SX A100.25 位移165 F型,,,1916T4003,,,S1,QA3,件,90,Kg,
CSS02527,恒力吊架组件,SX A100.25 位移170 F型,,,1916T4003,,,S1,QA3,件,90,Kg,
CSS02528,恒力吊架组件,SX A100.25 位移175 F型,,,1916T4003,,,S1,QA3,件,90,Kg,
CSS02529,恒力吊架组件,SX A100.25 位移180 F型,,,1916T4003,,,S1,QA3,件,90,Kg,
CSS02530,恒力吊架组件,SX A100.25 位移185 F型,,,1916T4003,,,S1,QA3,件,90,Kg,
CSS02531,恒力吊架组件,SX A100.25 位移190 F型,,,1916T4003,,,S1,QA3,件,90,Kg,
CSS02532,恒力吊架组件,SX A100.25 位移195 F型,,,1916T4003,,,S1,QA3,件,90,Kg,
CSS02533,恒力吊架组件,SX A100.25 位移200 F型,,,1916T4003,,,S1,QA3,件,90,Kg,
CSS02534,恒力吊架组件,SX A100.25 位移205 F型,,,1916T4003,,,S1,QA3,件,90,Kg,
CSS02535,恒力吊架组件,SX A100.25 位移210 F型,,,1916T4003,,,S1,QA3,件,90,Kg,
CSS02536,恒力吊架组件,SX A100.25 位移215 F型,,,1916T4003,,,S1,QA3,件,90,Kg,
CSS02537,恒力吊架组件,SX A100.25 位移220 F型,,,1916T4003,,,S1,QA3,件,90,Kg,
CSS02538,恒力吊架组件,SX A100.25 位移225 F型,,,1916T4003,,,S1,QA3,件,90,Kg,
CSS02539,恒力吊架组件,SX A100.25 位移230 F型,,,1916T4003,,,S1,QA3,件,90,Kg,
CSS02540,恒力吊架组件,SX A100.25 位移235 F型,,,1916T4003,,,S1,QA3,件,90,Kg,
CSS02541,恒力吊架组件,SX A100.25 位移240 F型,,,1916T4003,,,S1,QA3,件,90,Kg,
CSS02542,恒力吊架组件,SX A100.25 位移245 F型,,,1916T4003,,,S1,QA3,件,90,Kg,
CSS02543,恒力吊架组件,SX A100.25 位移250 F型,,,1916T4003,,,S1,QA3,件,90,Kg,
CSS02544,恒力吊架组件,SX A100.30 位移90 F型,,,1916T4003,,,S1,QA3,件,90,Kg,
CSS02545,恒力吊架组件,SX A100.30 位移95 F型,,,1916T4003,,,S1,QA3,件,90,Kg,
CSS02546,恒力吊架组件,SX A100.30 位移100 F型,,,1916T4003,,,S1,QA3,件,90,Kg,
CSS02547,恒力吊架组件,SX A100.30 位移105 F型,,,1916T4003,,,S1,QA3,件,90,Kg,
CSS02548,恒力吊架组件,SX A100.30 位移110 F型,,,1916T4003,,,S1,QA3,件,90,Kg,
CSS02549,恒力吊架组件,SX A100.30 位移115 F型,,,1916T4003,,,S1,QA3,件,90,Kg,
CSS02550,恒力吊架组件,SX A100.30 位移120 F型,,,1916T4003,,,S1,QA3,件,90,Kg,
CSS02551,恒力吊架组件,SX A100.30 位移125 F型,,,1916T4003,,,S1,QA3,件,90,Kg,
CSS02552,恒力吊架组件,SX A100.30 位移130 F型,,,1916T4003,,,S1,QA3,件,90,Kg,
CSS02553,恒力吊架组件,SX A100.30 位移135 F型,,,1916T4003,,,S1,QA3,件,90,Kg,
CSS02554,恒力吊架组件,SX A100.30 位移140 F型,,,1916T4003,,,S1,QA3,件,90,Kg,
CSS02555,恒力吊架组件,SX A100.30 位移145 F型,,,1916T4003,,,S1,QA3,件,90,Kg,
CSS02556,恒力吊架组件,SX A100.30 位移150 F型,,,1916T4003,,,S1,QA3,件,90,Kg,
CSS02557,恒力吊架组件,SX A100.30 位移155 F型,,,1916T4003,,,S1,QA3,件,90,Kg,
CSS02558,恒力吊架组件,SX A100.30 位移160 F型,,,1916T4003,,,S1,QA3,件,90,Kg,
CSS02559,恒力吊架组件,SX A100.30 位移165 F型,,,1916T4003,,,S1,QA3,件,90,Kg,
CSS02560,恒力吊架组件,SX A100.30 位移170 F型,,,1916T4003,,,S1,QA3,件,90,Kg,
CSS02561,恒力吊架组件,SX A100.30 位移175 F型,,,1916T4003,,,S1,QA3,件,90,Kg,
CSS02562,恒力吊架组件,SX A100.30 位移180 F型,,,1916T4003,,,S1,QA3,件,90,Kg,
CSS02563,恒力吊架组件,SX A100.30 位移185 F型,,,1916T4003,,,S1,QA3,件,90,Kg,
CSS02564,恒力吊架组件,SX A100.30 位移190 F型,,,1916T4003,,,S1,QA3,件,90,Kg,
CSS02565,恒力吊架组件,SX A100.30 位移195 F型,,,1916T4003,,,S1,QA3,件,90,Kg,
CSS02566,恒力吊架组件,SX A100.30 位移200 F型,,,1916T4003,,,S1,QA3,件,90,Kg,
CSS02567,恒力吊架组件,SX A100.30 位移205 F型,,,1916T4003,,,S1,QA3,件,90,Kg,
CSS02568,恒力吊架组件,SX A100.30 位移210 F型,,,1916T4003,,,S1,QA3,件,90,Kg,
CSS02569,恒力吊架组件,SX A100.30 位移215 F型,,,1916T4003,,,S1,QA3,件,90,Kg,
CSS02570,恒力吊架组件,SX A100.30 位移220 F型,,,1916T4003,,,S1,QA3,件,90,Kg,
CSS02571,恒力吊架组件,SX A100.30 位移225 F型,,,1916T4003,,,S1,QA3,件,90,Kg,
CSS02572,恒力吊架组件,SX A100.30 位移230 F型,,,1916T4003,,,S1,QA3,件,90,Kg,
CSS02573,恒力吊架组件,SX A100.30 位移235 F型,,,1916T4003,,,S1,QA3,件,90,Kg,
CSS02574,恒力吊架组件,SX A100.30 位移240 F型,,,1916T4003,,,S1,QA3,件,90,Kg,
CSS02575,恒力吊架组件,SX A100.30 位移245 F型,,,1916T4003,,,S1,QA3,件,90,Kg,
CSS02576,恒力吊架组件,SX A100.30 位移250 F型,,,1916T4003,,,S1,QA3,件,90,Kg,
CSS02577,恒力吊架组件,SX A101.2.5 位移90 F型,,,1916T4003,,,S1,QA3,件,45,Kg,
CSS02578,恒力吊架组件,SX A101.2.5 位移95 F型,,,1916T4003,,,S1,QA3,件,45,Kg,
CSS02579,恒力吊架组件,SX A101.2.5 位移100 F型,,,1916T4003,,,S1,QA3,件,45,Kg,
CSS02580,恒力吊架组件,SX A101.2.5 位移105 F型,,,1916T4003,,,S1,QA3,件,45,Kg,
CSS02581,恒力吊架组件,SX A101.2.5 位移110 F型,,,1916T4003,,,S1,QA3,件,45,Kg,
CSS02582,恒力吊架组件,SX A101.2.5 位移115 F型,,,1916T4003,,,S1,QA3,件,45,Kg,
CSS02583,恒力吊架组件,SX A101.2.5 位移120 F型,,,1916T4003,,,S1,QA3,件,45,Kg,
CSS02584,恒力吊架组件,SX A101.2.5 位移125 F型,,,1916T4003,,,S1,QA3,件,45,Kg,
CSS02585,恒力吊架组件,SX A101.2.5 位移130 F型,,,1916T4003,,,S1,QA3,件,45,Kg,
CSS02586,恒力吊架组件,SX A101.2.5 位移135 F型,,,1916T4003,,,S1,QA3,件,45,Kg,
CSS02587,恒力吊架组件,SX A101.2.5 位移140 F型,,,1916T4003,,,S1,QA3,件,45,Kg,
CSS02588,恒力吊架组件,SX A101.2.5 位移145 F型,,,1916T4003,,,S1,QA3,件,45,Kg,
CSS02589,恒力吊架组件,SX A101.2.5 位移150 F型,,,1916T4003,,,S1,QA3,件,45,Kg,
CSS02590,恒力吊架组件,SX A101.2.5 位移155 F型,,,1916T4003,,,S1,QA3,件,45,Kg,
CSS02591,恒力吊架组件,SX A101.2.5 位移160 F型,,,1916T4003,,,S1,QA3,件,45,Kg,
CSS02592,恒力吊架组件,SX A101.2.5 位移165 F型,,,1916T4003,,,S1,QA3,件,45,Kg,
CSS02593,恒力吊架组件,SX A101.2.5 位移170 F型,,,1916T4003,,,S1,QA3,件,45,Kg,
CSS02594,恒力吊架组件,SX A101.2.5 位移175 F型,,,1916T4003,,,S1,QA3,件,45,Kg,
CSS02595,恒力吊架组件,SX A101.2.5 位移180 F型,,,1916T4003,,,S1,QA3,件,45,Kg,
CSS02596,恒力吊架组件,SX A101.2.5 位移185 F型,,,1916T4003,,,S1,QA3,件,45,Kg,
CSS02597,恒力吊架组件,SX A101.2.5 位移190 F型,,,1916T4003,,,S1,QA3,件,45,Kg,
CSS02598,恒力吊架组件,SX A101.2.5 位移195 F型,,,1916T4003,,,S1,QA3,件,45,Kg,
CSS02599,恒力吊架组件,SX A101.2.5 位移200 F型,,,1916T4003,,,S1,QA3,件,45,Kg,
CSS02600,恒力吊架组件,SX A101.2.5 位移205 F型,,,1916T4003,,,S1,QA3,件,45,Kg,
CSS02601,恒力吊架组件,SX A101.2.5 位移210 F型,,,1916T4003,,,S1,QA3,件,45,Kg,
CSS02602,恒力吊架组件,SX A101.2.5 位移215 F型,,,1916T4003,,,S1,QA3,件,45,Kg,
CSS02603,恒力吊架组件,SX A101.2.5 位移220 F型,,,1916T4003,,,S1,QA3,件,45,Kg,
CSS02604,恒力吊架组件,SX A101.2.5 位移225 F型,,,1916T4003,,,S1,QA3,件,45,Kg,
CSS02605,恒力吊架组件,SX A101.2.5 位移230 F型,,,1916T4003,,,S1,QA3,件,45,Kg,
CSS02606,恒力吊架组件,SX A101.2.5 位移235 F型,,,1916T4003,,,S1,QA3,件,45,Kg,
CSS02607,恒力吊架组件,SX A101.2.5 位移240 F型,,,1916T4003,,,S1,QA3,件,45,Kg,
CSS02608,恒力吊架组件,SX A101.2.5 位移245 F型,,,1916T4003,,,S1,QA3,件,45,Kg,
CSS02609,恒力吊架组件,SX A101.2.5 位移250 F型,,,1916T4003,,,S1,QA3,件,45,Kg,
CSS02610,恒力吊架组件,SX A101.5 位移90 F型,,,1916T4003,,,S1,QA3,件,45,Kg,
CSS02611,恒力吊架组件,SX A101.5 位移95 F型,,,1916T4003,,,S1,QA3,件,45,Kg,
CSS02612,恒力吊架组件,SX A101.5 位移100 F型,,,1916T4003,,,S1,QA3,件,45,Kg,
CSS02613,恒力吊架组件,SX A101.5 位移105 F型,,,1916T4003,,,S1,QA3,件,45,Kg,
CSS02614,恒力吊架组件,SX A101.5 位移110 F型,,,1916T4003,,,S1,QA3,件,45,Kg,
CSS02615,恒力吊架组件,SX A101.5 位移115 F型,,,1916T4003,,,S1,QA3,件,45,Kg,
CSS02616,恒力吊架组件,SX A101.5 位移120 F型,,,1916T4003,,,S1,QA3,件,45,Kg,
CSS02617,恒力吊架组件,SX A101.5 位移125 F型,,,1916T4003,,,S1,QA3,件,45,Kg,
CSS02618,恒力吊架组件,SX A101.5 位移130 F型,,,1916T4003,,,S1,QA3,件,45,Kg,
CSS02619,恒力吊架组件,SX A101.5 位移135 F型,,,1916T4003,,,S1,QA3,件,45,Kg,
CSS02620,恒力吊架组件,SX A101.5 位移140 F型,,,1916T4003,,,S1,QA3,件,45,Kg,
CSS02621,恒力吊架组件,SX A101.5 位移145 F型,,,1916T4003,,,S1,QA3,件,45,Kg,
CSS02622,恒力吊架组件,SX A101.5 位移150 F型,,,1916T4003,,,S1,QA3,件,45,Kg,
CSS02623,恒力吊架组件,SX A101.5 位移155 F型,,,1916T4003,,,S1,QA3,件,45,Kg,
CSS02624,恒力吊架组件,SX A101.5 位移160 F型,,,1916T4003,,,S1,QA3,件,45,Kg,
CSS02625,恒力吊架组件,SX A101.5 位移165 F型,,,1916T4003,,,S1,QA3,件,45,Kg,
CSS02626,恒力吊架组件,SX A101.5 位移170 F型,,,1916T4003,,,S1,QA3,件,45,Kg,
CSS02627,恒力吊架组件,SX A101.5 位移175 F型,,,1916T4003,,,S1,QA3,件,45,Kg,
CSS02628,恒力吊架组件,SX A101.5 位移180 F型,,,1916T4003,,,S1,QA3,件,45,Kg,
CSS02629,恒力吊架组件,SX A101.5 位移185 F型,,,1916T4003,,,S1,QA3,件,45,Kg,
CSS02630,恒力吊架组件,SX A101.5 位移190 F型,,,1916T4003,,,S1,QA3,件,45,Kg,
CSS02631,恒力吊架组件,SX A101.5 位移195 F型,,,1916T4003,,,S1,QA3,件,45,Kg,
CSS02632,恒力吊架组件,SX A101.5 位移200 F型,,,1916T4003,,,S1,QA3,件,45,Kg,
CSS02633,恒力吊架组件,SX A101.5 位移205 F型,,,1916T4003,,,S1,QA3,件,45,Kg,
CSS02634,恒力吊架组件,SX A101.5 位移210 F型,,,1916T4003,,,S1,QA3,件,45,Kg,
CSS02635,恒力吊架组件,SX A101.5 位移215 F型,,,1916T4003,,,S1,QA3,件,45,Kg,
CSS02636,恒力吊架组件,SX A101.5 位移220 F型,,,1916T4003,,,S1,QA3,件,45,Kg,
CSS02637,恒力吊架组件,SX A101.5 位移225 F型,,,1916T4003,,,S1,QA3,件,45,Kg,
CSS02638,恒力吊架组件,SX A101.5 位移230 F型,,,1916T4003,,,S1,QA3,件,45,Kg,
CSS02639,恒力吊架组件,SX A101.5 位移235 F型,,,1916T4003,,,S1,QA3,件,45,Kg,
CSS02640,恒力吊架组件,SX A101.5 位移240 F型,,,1916T4003,,,S1,QA3,件,45,Kg,
CSS02641,恒力吊架组件,SX A101.5 位移245 F型,,,1916T4003,,,S1,QA3,件,45,Kg,
CSS02642,恒力吊架组件,SX A101.5 位移250 F型,,,1916T4003,,,S1,QA3,件,45,Kg,
CSS02643,恒力吊架组件,SX A101.10 位移90 F型,,,1916T4003,,,S1,QA3,件,45,Kg,
CSS02644,恒力吊架组件,SX A101.10 位移95 F型,,,1916T4003,,,S1,QA3,件,45,Kg,
CSS02645,恒力吊架组件,SX A101.10 位移100 F型,,,1916T4003,,,S1,QA3,件,45,Kg,
CSS02646,恒力吊架组件,SX A101.10 位移105 F型,,,1916T4003,,,S1,QA3,件,45,Kg,
CSS02647,恒力吊架组件,SX A101.10 位移110 F型,,,1916T4003,,,S1,QA3,件,45,Kg,
CSS02648,恒力吊架组件,SX A101.10 位移115 F型,,,1916T4003,,,S1,QA3,件,45,Kg,
CSS02649,恒力吊架组件,SX A101.10 位移120 F型,,,1916T4003,,,S1,QA3,件,45,Kg,
CSS02650,恒力吊架组件,SX A101.10 位移125 F型,,,1916T4003,,,S1,QA3,件,45,Kg,
CSS02651,恒力吊架组件,SX A101.10 位移130 F型,,,1916T4003,,,S1,QA3,件,45,Kg,
CSS02652,恒力吊架组件,SX A101.10 位移135 F型,,,1916T4003,,,S1,QA3,件,45,Kg,
CSS02653,恒力吊架组件,SX A101.10 位移140 F型,,,1916T4003,,,S1,QA3,件,45,Kg,
CSS02654,恒力吊架组件,SX A101.10 位移145 F型,,,1916T4003,,,S1,QA3,件,45,Kg,
CSS02655,恒力吊架组件,SX A101.10 位移150 F型,,,1916T4003,,,S1,QA3,件,45,Kg,
CSS02656,恒力吊架组件,SX A101.10 位移155 F型,,,1916T4003,,,S1,QA3,件,45,Kg,
CSS02657,恒力吊架组件,SX A101.10 位移160 F型,,,1916T4003,,,S1,QA3,件,45,Kg,
CSS02658,恒力吊架组件,SX A101.10 位移165 F型,,,1916T4003,,,S1,QA3,件,45,Kg,
CSS02659,恒力吊架组件,SX A101.10 位移170 F型,,,1916T4003,,,S1,QA3,件,45,Kg,
CSS02660,恒力吊架组件,SX A101.10 位移175 F型,,,1916T4003,,,S1,QA3,件,45,Kg,
CSS02661,恒力吊架组件,SX A101.10 位移180 F型,,,1916T4003,,,S1,QA3,件,45,Kg,
CSS02662,恒力吊架组件,SX A101.10 位移185 F型,,,1916T4003,,,S1,QA3,件,45,Kg,
CSS02663,恒力吊架组件,SX A101.10 位移190 F型,,,1916T4003,,,S1,QA3,件,45,Kg,
CSS02664,恒力吊架组件,SX A101.10 位移195 F型,,,1916T4003,,,S1,QA3,件,45,Kg,
CSS02665,恒力吊架组件,SX A101.10 位移200 F型,,,1916T4003,,,S1,QA3,件,45,Kg,
CSS02666,恒力吊架组件,SX A101.10 位移205 F型,,,1916T4003,,,S1,QA3,件,45,Kg,
CSS02667,恒力吊架组件,SX A101.10 位移210 F型,,,1916T4003,,,S1,QA3,件,45,Kg,
CSS02668,恒力吊架组件,SX A101.10 位移215 F型,,,1916T4003,,,S1,QA3,件,45,Kg,
CSS02669,恒力吊架组件,SX A101.10 位移220 F型,,,1916T4003,,,S1,QA3,件,45,Kg,
CSS02670,恒力吊架组件,SX A101.10 位移225 F型,,,1916T4003,,,S1,QA3,件,45,Kg,
CSS02671,恒力吊架组件,SX A101.10 位移230 F型,,,1916T4003,,,S1,QA3,件,45,Kg,
CSS02672,恒力吊架组件,SX A101.10 位移235 F型,,,1916T4003,,,S1,QA3,件,45,Kg,
CSS02673,恒力吊架组件,SX A101.10 位移240 F型,,,1916T4003,,,S1,QA3,件,45,Kg,
CSS02674,恒力吊架组件,SX A101.10 位移245 F型,,,1916T4003,,,S1,QA3,件,45,Kg,
CSS02675,恒力吊架组件,SX A101.10 位移250 F型,,,1916T4003,,,S1,QA3,件,45,Kg,
CSS02676,恒力吊架组件,SX A150.5 位移120 F型,,,1916T4003,,,S1,QA3,件,150,Kg,
CSS02677,恒力吊架组件,SX A150.5 位移125 F型,,,1916T4003,,,S1,QA3,件,150,Kg,
CSS02678,恒力吊架组件,SX A150.5 位移130 F型,,,1916T4003,,,S1,QA3,件,150,Kg,
CSS02679,恒力吊架组件,SX A150.5 位移135 F型,,,1916T4003,,,S1,QA3,件,150,Kg,
CSS02680,恒力吊架组件,SX A150.5 位移140 F型,,,1916T4003,,,S1,QA3,件,150,Kg,
CSS02681,恒力吊架组件,SX A150.5 位移145 F型,,,1916T4003,,,S1,QA3,件,150,Kg,
CSS02682,恒力吊架组件,SX A150.5 位移150 F型,,,1916T4003,,,S1,QA3,件,150,Kg,
CSS02683,恒力吊架组件,SX A150.5 位移155 F型,,,1916T4003,,,S1,QA3,件,150,Kg,
CSS02684,恒力吊架组件,SX A150.5 位移160 F型,,,1916T4003,,,S1,QA3,件,150,Kg,
CSS02685,恒力吊架组件,SX A150.5 位移165 F型,,,1916T4003,,,S1,QA3,件,150,Kg,
CSS02686,恒力吊架组件,SX A150.5 位移170 F型,,,1916T4003,,,S1,QA3,件,150,Kg,
CSS02687,恒力吊架组件,SX A150.5 位移175 F型,,,1916T4003,,,S1,QA3,件,150,Kg,
CSS02688,恒力吊架组件,SX A150.5 位移180 F型,,,1916T4003,,,S1,QA3,件,150,Kg,
CSS02689,恒力吊架组件,SX A150.5 位移185 F型,,,1916T4003,,,S1,QA3,件,150,Kg,
CSS02690,恒力吊架组件,SX A150.5 位移190 F型,,,1916T4003,,,S1,QA3,件,150,Kg,
CSS02691,恒力吊架组件,SX A150.5 位移195 F型,,,1916T4003,,,S1,QA3,件,150,Kg,
CSS02692,恒力吊架组件,SX A150.5 位移200 F型,,,1916T4003,,,S1,QA3,件,150,Kg,
CSS02693,恒力吊架组件,SX A150.5 位移205 F型,,,1916T4003,,,S1,QA3,件,150,Kg,
CSS02694,恒力吊架组件,SX A150.5 位移210 F型,,,1916T4003,,,S1,QA3,件,150,Kg,
CSS02695,恒力吊架组件,SX A150.5 位移215 F型,,,1916T4003,,,S1,QA3,件,150,Kg,
CSS02696,恒力吊架组件,SX A150.5 位移220 F型,,,1916T4003,,,S1,QA3,件,150,Kg,
CSS02697,恒力吊架组件,SX A150.5 位移225 F型,,,1916T4003,,,S1,QA3,件,150,Kg,
CSS02698,恒力吊架组件,SX A150.5 位移230 F型,,,1916T4003,,,S1,QA3,件,150,Kg,
CSS02699,恒力吊架组件,SX A150.5 位移235 F型,,,1916T4003,,,S1,QA3,件,150,Kg,
CSS02700,恒力吊架组件,SX A150.5 位移240 F型,,,1916T4003,,,S1,QA3,件,150,Kg,
CSS02701,恒力吊架组件,SX A150.5 位移245 F型,,,1916T4003,,,S1,QA3,件,150,Kg,
CSS02702,恒力吊架组件,SX A150.5 位移250 F型,,,1916T4003,,,S1,QA3,件,150,Kg,
CSS02703,恒力吊架组件,SX A150.5 位移255 F型,,,1916T4003,,,S1,QA3,件,150,Kg,
CSS02704,恒力吊架组件,SX A150.5 位移260 F型,,,1916T4003,,,S1,QA3,件,150,Kg,
CSS02705,恒力吊架组件,SX A150.5 位移265 F型,,,1916T4003,,,S1,QA3,件,150,Kg,
CSS02706,恒力吊架组件,SX A150.5 位移270 F型,,,1916T4003,,,S1,QA3,件,150,Kg,
CSS02707,恒力吊架组件,SX A150.5 位移275 F型,,,1916T4003,,,S1,QA3,件,150,Kg,
CSS02708,恒力吊架组件,SX A150.5 位移280 F型,,,1916T4003,,,S1,QA3,件,150,Kg,
CSS02709,恒力吊架组件,SX A150.5 位移285 F型,,,1916T4003,,,S1,QA3,件,150,Kg,
CSS02710,恒力吊架组件,SX A150.5 位移290 F型,,,1916T4003,,,S1,QA3,件,150,Kg,
CSS02711,恒力吊架组件,SX A150.5 位移295 F型,,,1916T4003,,,S1,QA3,件,150,Kg,
CSS02712,恒力吊架组件,SX A150.5 位移300 F型,,,1916T4003,,,S1,QA3,件,150,Kg,
CSS02713,恒力吊架组件,SX A150.10 位移120 F型,,,1916T4003,,,S1,QA3,件,150,Kg,
CSS02714,恒力吊架组件,SX A150.10 位移125 F型,,,1916T4003,,,S1,QA3,件,150,Kg,
CSS02715,恒力吊架组件,SX A150.10 位移130 F型,,,1916T4003,,,S1,QA3,件,150,Kg,
CSS02716,恒力吊架组件,SX A150.10 位移135 F型,,,1916T4003,,,S1,QA3,件,150,Kg,
CSS02717,恒力吊架组件,SX A150.10 位移140 F型,,,1916T4003,,,S1,QA3,件,150,Kg,
CSS02718,恒力吊架组件,SX A150.10 位移145 F型,,,1916T4003,,,S1,QA3,件,150,Kg,
CSS02719,恒力吊架组件,SX A150.10 位移150 F型,,,1916T4003,,,S1,QA3,件,150,Kg,
CSS02720,恒力吊架组件,SX A150.10 位移155 F型,,,1916T4003,,,S1,QA3,件,150,Kg,
CSS02721,恒力吊架组件,SX A150.10 位移160 F型,,,1916T4003,,,S1,QA3,件,150,Kg,
CSS02722,恒力吊架组件,SX A150.10 位移165 F型,,,1916T4003,,,S1,QA3,件,150,Kg,
CSS02723,恒力吊架组件,SX A150.10 位移170 F型,,,1916T4003,,,S1,QA3,件,150,Kg,
CSS02724,恒力吊架组件,SX A150.10 位移175 F型,,,1916T4003,,,S1,QA3,件,150,Kg,
CSS02725,恒力吊架组件,SX A150.10 位移180 F型,,,1916T4003,,,S1,QA3,件,150,Kg,
CSS02726,恒力吊架组件,SX A150.10 位移185 F型,,,1916T4003,,,S1,QA3,件,150,Kg,
CSS02727,恒力吊架组件,SX A150.10 位移190 F型,,,1916T4003,,,S1,QA3,件,150,Kg,
CSS02728,恒力吊架组件,SX A150.10 位移195 F型,,,1916T4003,,,S1,QA3,件,150,Kg,
CSS02729,恒力吊架组件,SX A150.10 位移200 F型,,,1916T4003,,,S1,QA3,件,150,Kg,
CSS02730,恒力吊架组件,SX A150.10 位移205 F型,,,1916T4003,,,S1,QA3,件,150,Kg,
CSS02731,恒力吊架组件,SX A150.10 位移210 F型,,,1916T4003,,,S1,QA3,件,150,Kg,
CSS02732,恒力吊架组件,SX A150.10 位移215 F型,,,1916T4003,,,S1,QA3,件,150,Kg,
CSS02733,恒力吊架组件,SX A150.10 位移220 F型,,,1916T4003,,,S1,QA3,件,150,Kg,
CSS02734,恒力吊架组件,SX A150.10 位移225 F型,,,1916T4003,,,S1,QA3,件,150,Kg,
CSS02735,恒力吊架组件,SX A150.10 位移230 F型,,,1916T4003,,,S1,QA3,件,150,Kg,
CSS02736,恒力吊架组件,SX A150.10 位移235 F型,,,1916T4003,,,S1,QA3,件,150,Kg,
CSS02737,恒力吊架组件,SX A150.10 位移240 F型,,,1916T4003,,,S1,QA3,件,150,Kg,
CSS02738,恒力吊架组件,SX A150.10 位移245 F型,,,1916T4003,,,S1,QA3,件,150,Kg,
CSS02739,恒力吊架组件,SX A150.10 位移250 F型,,,1916T4003,,,S1,QA3,件,150,Kg,
CSS02740,恒力吊架组件,SX A150.10 位移255 F型,,,1916T4003,,,S1,QA3,件,150,Kg,
CSS02741,恒力吊架组件,SX A150.10 位移260 F型,,,1916T4003,,,S1,QA3,件,150,Kg,
CSS02742,恒力吊架组件,SX A150.10 位移265 F型,,,1916T4003,,,S1,QA3,件,150,Kg,
CSS02743,恒力吊架组件,SX A150.10 位移270 F型,,,1916T4003,,,S1,QA3,件,150,Kg,
CSS02744,恒力吊架组件,SX A150.10 位移275 F型,,,1916T4003,,,S1,QA3,件,150,Kg,
CSS02745,恒力吊架组件,SX A150.10 位移280 F型,,,1916T4003,,,S1,QA3,件,150,Kg,
CSS02746,恒力吊架组件,SX A150.10 位移285 F型,,,1916T4003,,,S1,QA3,件,150,Kg,
CSS02747,恒力吊架组件,SX A150.10 位移290 F型,,,1916T4003,,,S1,QA3,件,150,Kg,
CSS02748,恒力吊架组件,SX A150.10 位移295 F型,,,1916T4003,,,S1,QA3,件,150,Kg,
CSS02749,恒力吊架组件,SX A150.10 位移300 F型,,,1916T4003,,,S1,QA3,件,150,Kg,
CSS02750,恒力吊架组件,SX A150.15 位移120 F型,,,1916T4003,,,S1,QA3,件,150,Kg,
CSS02751,恒力吊架组件,SX A150.15 位移125 F型,,,1916T4003,,,S1,QA3,件,150,Kg,
CSS02752,恒力吊架组件,SX A150.15 位移130 F型,,,1916T4003,,,S1,QA3,件,150,Kg,
CSS02753,恒力吊架组件,SX A150.15 位移135 F型,,,1916T4003,,,S1,QA3,件,150,Kg,
CSS02754,恒力吊架组件,SX A150.15 位移140 F型,,,1916T4003,,,S1,QA3,件,150,Kg,
CSS02755,恒力吊架组件,SX A150.15 位移145 F型,,,1916T4003,,,S1,QA3,件,150,Kg,
CSS02756,恒力吊架组件,SX A150.15 位移150 F型,,,1916T4003,,,S1,QA3,件,150,Kg,
CSS02757,恒力吊架组件,SX A150.15 位移155 F型,,,1916T4003,,,S1,QA3,件,150,Kg,
CSS02758,恒力吊架组件,SX A150.15 位移160 F型,,,1916T4003,,,S1,QA3,件,150,Kg,
CSS02759,恒力吊架组件,SX A150.15 位移165 F型,,,1916T4003,,,S1,QA3,件,150,Kg,
CSS02760,恒力吊架组件,SX A150.15 位移170 F型,,,1916T4003,,,S1,QA3,件,150,Kg,
CSS02761,恒力吊架组件,SX A150.15 位移175 F型,,,1916T4003,,,S1,QA3,件,150,Kg,
CSS02762,恒力吊架组件,SX A150.15 位移180 F型,,,1916T4003,,,S1,QA3,件,150,Kg,
CSS02763,恒力吊架组件,SX A150.15 位移185 F型,,,1916T4003,,,S1,QA3,件,150,Kg,
CSS02764,恒力吊架组件,SX A150.15 位移190 F型,,,1916T4003,,,S1,QA3,件,150,Kg,
CSS02765,恒力吊架组件,SX A150.15 位移195 F型,,,1916T4003,,,S1,QA3,件,150,Kg,
CSS02766,恒力吊架组件,SX A150.15 位移200 F型,,,1916T4003,,,S1,QA3,件,150,Kg,
CSS02767,恒力吊架组件,SX A150.15 位移205 F型,,,1916T4003,,,S1,QA3,件,150,Kg,
CSS02768,恒力吊架组件,SX A150.15 位移210 F型,,,1916T4003,,,S1,QA3,件,150,Kg,
CSS02769,恒力吊架组件,SX A150.15 位移215 F型,,,1916T4003,,,S1,QA3,件,150,Kg,
CSS02770,恒力吊架组件,SX A150.15 位移220 F型,,,1916T4003,,,S1,QA3,件,150,Kg,
CSS02771,恒力吊架组件,SX A150.15 位移225 F型,,,1916T4003,,,S1,QA3,件,150,Kg,
CSS02772,恒力吊架组件,SX A150.15 位移230 F型,,,1916T4003,,,S1,QA3,件,150,Kg,
CSS02773,恒力吊架组件,SX A150.15 位移235 F型,,,1916T4003,,,S1,QA3,件,150,Kg,
CSS02774,恒力吊架组件,SX A150.15 位移240 F型,,,1916T4003,,,S1,QA3,件,150,Kg,
CSS02775,恒力吊架组件,SX A150.15 位移245 F型,,,1916T4003,,,S1,QA3,件,150,Kg,
CSS02776,恒力吊架组件,SX A150.15 位移250 F型,,,1916T4003,,,S1,QA3,件,150,Kg,
CSS02777,恒力吊架组件,SX A150.15 位移255 F型,,,1916T4003,,,S1,QA3,件,150,Kg,
CSS02778,恒力吊架组件,SX A150.15 位移260 F型,,,1916T4003,,,S1,QA3,件,150,Kg,
CSS02779,恒力吊架组件,SX A150.15 位移265 F型,,,1916T4003,,,S1,QA3,件,150,Kg,
CSS02780,恒力吊架组件,SX A150.15 位移270 F型,,,1916T4003,,,S1,QA3,件,150,Kg,
CSS02781,恒力吊架组件,SX A150.15 位移275 F型,,,1916T4003,,,S1,QA3,件,150,Kg,
CSS02782,恒力吊架组件,SX A150.15 位移280 F型,,,1916T4003,,,S1,QA3,件,150,Kg,
CSS02783,恒力吊架组件,SX A150.15 位移285 F型,,,1916T4003,,,S1,QA3,件,150,Kg,
CSS02784,恒力吊架组件,SX A150.15 位移290 F型,,,1916T4003,,,S1,QA3,件,150,Kg,
CSS02785,恒力吊架组件,SX A150.15 位移295 F型,,,1916T4003,,,S1,QA3,件,150,Kg,
CSS02786,恒力吊架组件,SX A150.15 位移300 F型,,,1916T4003,,,S1,QA3,件,150,Kg,
CSS02787,恒力吊架组件,SX A150.20 位移120 F型,,,1916T4003,,,S1,QA3,件,150,Kg,
CSS02788,恒力吊架组件,SX A150.20 位移125 F型,,,1916T4003,,,S1,QA3,件,150,Kg,
CSS02789,恒力吊架组件,SX A150.20 位移130 F型,,,1916T4003,,,S1,QA3,件,150,Kg,
CSS02790,恒力吊架组件,SX A150.20 位移135 F型,,,1916T4003,,,S1,QA3,件,150,Kg,
CSS02791,恒力吊架组件,SX A150.20 位移140 F型,,,1916T4003,,,S1,QA3,件,150,Kg,
CSS02792,恒力吊架组件,SX A150.20 位移145 F型,,,1916T4003,,,S1,QA3,件,150,Kg,
CSS02793,恒力吊架组件,SX A150.20 位移150 F型,,,1916T4003,,,S1,QA3,件,150,Kg,
CSS02794,恒力吊架组件,SX A150.20 位移155 F型,,,1916T4003,,,S1,QA3,件,150,Kg,
CSS02795,恒力吊架组件,SX A150.20 位移160 F型,,,1916T4003,,,S1,QA3,件,150,Kg,
CSS02796,恒力吊架组件,SX A150.20 位移165 F型,,,1916T4003,,,S1,QA3,件,150,Kg,
CSS02797,恒力吊架组件,SX A150.20 位移170 F型,,,1916T4003,,,S1,QA3,件,150,Kg,
CSS02798,恒力吊架组件,SX A150.20 位移175 F型,,,1916T4003,,,S1,QA3,件,150,Kg,
CSS02799,恒力吊架组件,SX A150.20 位移180 F型,,,1916T4003,,,S1,QA3,件,150,Kg,
CSS02800,恒力吊架组件,SX A150.20 位移185 F型,,,1916T4003,,,S1,QA3,件,150,Kg,
CSS02801,恒力吊架组件,SX A150.20 位移190 F型,,,1916T4003,,,S1,QA3,件,150,Kg,
CSS02802,恒力吊架组件,SX A150.20 位移195 F型,,,1916T4003,,,S1,QA3,件,150,Kg,
CSS02803,恒力吊架组件,SX A150.20 位移200 F型,,,1916T4003,,,S1,QA3,件,150,Kg,
CSS02804,恒力吊架组件,SX A150.20 位移205 F型,,,1916T4003,,,S1,QA3,件,150,Kg,
CSS02805,恒力吊架组件,SX A150.20 位移210 F型,,,1916T4003,,,S1,QA3,件,150,Kg,
CSS02806,恒力吊架组件,SX A150.20 位移215 F型,,,1916T4003,,,S1,QA3,件,150,Kg,
CSS02807,恒力吊架组件,SX A150.20 位移220 F型,,,1916T4003,,,S1,QA3,件,150,Kg,
CSS02808,恒力吊架组件,SX A150.20 位移225 F型,,,1916T4003,,,S1,QA3,件,150,Kg,
CSS02809,恒力吊架组件,SX A150.20 位移230 F型,,,1916T4003,,,S1,QA3,件,150,Kg,
CSS02810,恒力吊架组件,SX A150.20 位移235 F型,,,1916T4003,,,S1,QA3,件,150,Kg,
CSS02811,恒力吊架组件,SX A150.20 位移240 F型,,,1916T4003,,,S1,QA3,件,150,Kg,
CSS02812,恒力吊架组件,SX A150.20 位移245 F型,,,1916T4003,,,S1,QA3,件,150,Kg,
CSS02813,恒力吊架组件,SX A150.20 位移250 F型,,,1916T4003,,,S1,QA3,件,150,Kg,
CSS02814,恒力吊架组件,SX A150.20 位移255 F型,,,1916T4003,,,S1,QA3,件,150,Kg,
CSS02815,恒力吊架组件,SX A150.20 位移260 F型,,,1916T4003,,,S1,QA3,件,150,Kg,
CSS02816,恒力吊架组件,SX A150.20 位移265 F型,,,1916T4003,,,S1,QA3,件,150,Kg,
CSS02817,恒力吊架组件,SX A150.20 位移270 F型,,,1916T4003,,,S1,QA3,件,150,Kg,
CSS02818,恒力吊架组件,SX A150.20 位移275 F型,,,1916T4003,,,S1,QA3,件,150,Kg,
CSS02819,恒力吊架组件,SX A150.20 位移280 F型,,,1916T4003,,,S1,QA3,件,150,Kg,
CSS02820,恒力吊架组件,SX A150.20 位移285 F型,,,1916T4003,,,S1,QA3,件,150,Kg,
CSS02821,恒力吊架组件,SX A150.20 位移290 F型,,,1916T4003,,,S1,QA3,件,150,Kg,
CSS02822,恒力吊架组件,SX A150.20 位移295 F型,,,1916T4003,,,S1,QA3,件,150,Kg,
CSS02823,恒力吊架组件,SX A150.20 位移300 F型,,,1916T4003,,,S1,QA3,件,150,Kg,
CSS02824,恒力吊架组件,SX A150.25 位移120 F型,,,1916T4003,,,S1,QA3,件,150,Kg,
CSS02825,恒力吊架组件,SX A150.25 位移125 F型,,,1916T4003,,,S1,QA3,件,150,Kg,
CSS02826,恒力吊架组件,SX A150.25 位移130 F型,,,1916T4003,,,S1,QA3,件,150,Kg,
CSS02827,恒力吊架组件,SX A150.25 位移135 F型,,,1916T4003,,,S1,QA3,件,150,Kg,
CSS02828,恒力吊架组件,SX A150.25 位移140 F型,,,1916T4003,,,S1,QA3,件,150,Kg,
CSS02829,恒力吊架组件,SX A150.25 位移145 F型,,,1916T4003,,,S1,QA3,件,150,Kg,
CSS02830,恒力吊架组件,SX A150.25 位移150 F型,,,1916T4003,,,S1,QA3,件,150,Kg,
CSS02831,恒力吊架组件,SX A150.25 位移155 F型,,,1916T4003,,,S1,QA3,件,150,Kg,
CSS02832,恒力吊架组件,SX A150.25 位移160 F型,,,1916T4003,,,S1,QA3,件,150,Kg,
CSS02833,恒力吊架组件,SX A150.25 位移165 F型,,,1916T4003,,,S1,QA3,件,150,Kg,
CSS02834,恒力吊架组件,SX A150.25 位移170 F型,,,1916T4003,,,S1,QA3,件,150,Kg,
CSS02835,恒力吊架组件,SX A150.25 位移175 F型,,,1916T4003,,,S1,QA3,件,150,Kg,
CSS02836,恒力吊架组件,SX A150.25 位移180 F型,,,1916T4003,,,S1,QA3,件,150,Kg,
CSS02837,恒力吊架组件,SX A150.25 位移185 F型,,,1916T4003,,,S1,QA3,件,150,Kg,
CSS02838,恒力吊架组件,SX A150.25 位移190 F型,,,1916T4003,,,S1,QA3,件,150,Kg,
CSS02839,恒力吊架组件,SX A150.25 位移195 F型,,,1916T4003,,,S1,QA3,件,150,Kg,
CSS02840,恒力吊架组件,SX A150.25 位移200 F型,,,1916T4003,,,S1,QA3,件,150,Kg,
CSS02841,恒力吊架组件,SX A150.25 位移205 F型,,,1916T4003,,,S1,QA3,件,150,Kg,
CSS02842,恒力吊架组件,SX A150.25 位移210 F型,,,1916T4003,,,S1,QA3,件,150,Kg,
CSS02843,恒力吊架组件,SX A150.25 位移215 F型,,,1916T4003,,,S1,QA3,件,150,Kg,
CSS02844,恒力吊架组件,SX A150.25 位移220 F型,,,1916T4003,,,S1,QA3,件,150,Kg,
CSS02845,恒力吊架组件,SX A150.25 位移225 F型,,,1916T4003,,,S1,QA3,件,150,Kg,
CSS02846,恒力吊架组件,SX A150.25 位移230 F型,,,1916T4003,,,S1,QA3,件,150,Kg,
CSS02847,恒力吊架组件,SX A150.25 位移235 F型,,,1916T4003,,,S1,QA3,件,150,Kg,
CSS02848,恒力吊架组件,SX A150.25 位移240 F型,,,1916T4003,,,S1,QA3,件,150,Kg,
CSS02849,恒力吊架组件,SX A150.25 位移245 F型,,,1916T4003,,,S1,QA3,件,150,Kg,
CSS02850,恒力吊架组件,SX A150.25 位移250 F型,,,1916T4003,,,S1,QA3,件,150,Kg,
CSS02851,恒力吊架组件,SX A150.25 位移255 F型,,,1916T4003,,,S1,QA3,件,150,Kg,
CSS02852,恒力吊架组件,SX A150.25 位移260 F型,,,1916T4003,,,S1,QA3,件,150,Kg,
CSS02853,恒力吊架组件,SX A150.25 位移265 F型,,,1916T4003,,,S1,QA3,件,150,Kg,
CSS02854,恒力吊架组件,SX A150.25 位移270 F型,,,1916T4003,,,S1,QA3,件,150,Kg,
CSS02855,恒力吊架组件,SX A150.25 位移275 F型,,,1916T4003,,,S1,QA3,件,150,Kg,
CSS02856,恒力吊架组件,SX A150.25 位移280 F型,,,1916T4003,,,S1,QA3,件,150,Kg,
CSS02857,恒力吊架组件,SX A150.25 位移285 F型,,,1916T4003,,,S1,QA3,件,150,Kg,
CSS02858,恒力吊架组件,SX A150.25 位移290 F型,,,1916T4003,,,S1,QA3,件,150,Kg,
CSS02859,恒力吊架组件,SX A150.25 位移295 F型,,,1916T4003,,,S1,QA3,件,150,Kg,
CSS02860,恒力吊架组件,SX A150.25 位移300 F型,,,1916T4003,,,S1,QA3,件,150,Kg,
CSS02861,恒力吊架组件,SX A150.30 位移120 F型,,,1916T4003,,,S1,QA3,件,150,Kg,
CSS02862,恒力吊架组件,SX A150.30 位移125 F型,,,1916T4003,,,S1,QA3,件,150,Kg,
CSS02863,恒力吊架组件,SX A150.30 位移130 F型,,,1916T4003,,,S1,QA3,件,150,Kg,
CSS02864,恒力吊架组件,SX A150.30 位移135 F型,,,1916T4003,,,S1,QA3,件,150,Kg,
CSS02865,恒力吊架组件,SX A150.30 位移140 F型,,,1916T4003,,,S1,QA3,件,150,Kg,
CSS02866,恒力吊架组件,SX A150.30 位移145 F型,,,1916T4003,,,S1,QA3,件,150,Kg,
CSS02867,恒力吊架组件,SX A150.30 位移150 F型,,,1916T4003,,,S1,QA3,件,150,Kg,
CSS02868,恒力吊架组件,SX A150.30 位移155 F型,,,1916T4003,,,S1,QA3,件,150,Kg,
CSS02869,恒力吊架组件,SX A150.30 位移160 F型,,,1916T4003,,,S1,QA3,件,150,Kg,
CSS02870,恒力吊架组件,SX A150.30 位移165 F型,,,1916T4003,,,S1,QA3,件,150,Kg,
CSS02871,恒力吊架组件,SX A150.30 位移170 F型,,,1916T4003,,,S1,QA3,件,150,Kg,
CSS02872,恒力吊架组件,SX A150.30 位移175 F型,,,1916T4003,,,S1,QA3,件,150,Kg,
CSS02873,恒力吊架组件,SX A150.30 位移180 F型,,,1916T4003,,,S1,QA3,件,150,Kg,
CSS02874,恒力吊架组件,SX A150.30 位移185 F型,,,1916T4003,,,S1,QA3,件,150,Kg,
CSS02875,恒力吊架组件,SX A150.30 位移190 F型,,,1916T4003,,,S1,QA3,件,150,Kg,
CSS02876,恒力吊架组件,SX A150.30 位移195 F型,,,1916T4003,,,S1,QA3,件,150,Kg,
CSS02877,恒力吊架组件,SX A150.30 位移200 F型,,,1916T4003,,,S1,QA3,件,150,Kg,
CSS02878,恒力吊架组件,SX A150.30 位移205 F型,,,1916T4003,,,S1,QA3,件,150,Kg,
CSS02879,恒力吊架组件,SX A150.30 位移210 F型,,,1916T4003,,,S1,QA3,件,150,Kg,
CSS02880,恒力吊架组件,SX A150.30 位移215 F型,,,1916T4003,,,S1,QA3,件,150,Kg,
CSS02881,恒力吊架组件,SX A150.30 位移220 F型,,,1916T4003,,,S1,QA3,件,150,Kg,
CSS02882,恒力吊架组件,SX A150.30 位移225 F型,,,1916T4003,,,S1,QA3,件,150,Kg,
CSS02883,恒力吊架组件,SX A150.30 位移230 F型,,,1916T4003,,,S1,QA3,件,150,Kg,
CSS02884,恒力吊架组件,SX A150.30 位移235 F型,,,1916T4003,,,S1,QA3,件,150,Kg,
CSS02885,恒力吊架组件,SX A150.30 位移240 F型,,,1916T4003,,,S1,QA3,件,150,Kg,
CSS02886,恒力吊架组件,SX A150.30 位移245 F型,,,1916T4003,,,S1,QA3,件,150,Kg,
CSS02887,恒力吊架组件,SX A150.30 位移250 F型,,,1916T4003,,,S1,QA3,件,150,Kg,
CSS02888,恒力吊架组件,SX A150.30 位移255 F型,,,1916T4003,,,S1,QA3,件,150,Kg,
CSS02889,恒力吊架组件,SX A150.30 位移260 F型,,,1916T4003,,,S1,QA3,件,150,Kg,
CSS02890,恒力吊架组件,SX A150.30 位移265 F型,,,1916T4003,,,S1,QA3,件,150,Kg,
CSS02891,恒力吊架组件,SX A150.30 位移270 F型,,,1916T4003,,,S1,QA3,件,150,Kg,
CSS02892,恒力吊架组件,SX A150.30 位移275 F型,,,1916T4003,,,S1,QA3,件,150,Kg,
CSS02893,恒力吊架组件,SX A150.30 位移280 F型,,,1916T4003,,,S1,QA3,件,150,Kg,
CSS02894,恒力吊架组件,SX A150.30 位移285 F型,,,1916T4003,,,S1,QA3,件,150,Kg,
CSS02895,恒力吊架组件,SX A150.30 位移290 F型,,,1916T4003,,,S1,QA3,件,150,Kg,
CSS02896,恒力吊架组件,SX A150.30 位移295 F型,,,1916T4003,,,S1,QA3,件,150,Kg,
CSS02897,恒力吊架组件,SX A150.30 位移300 F型,,,1916T4003,,,S1,QA3,件,150,Kg,
CSS02898,恒力吊架组件,SX A200.15 位移150 F型,,,1916T4003,,,S1,QA3,件,250,Kg,
CSS02899,恒力吊架组件,SX A200.15 位移155 F型,,,1916T4003,,,S1,QA3,件,250,Kg,
CSS02900,恒力吊架组件,SX A200.15 位移160 F型,,,1916T4003,,,S1,QA3,件,250,Kg,
CSS02901,恒力吊架组件,SX A200.15 位移165 F型,,,1916T4003,,,S1,QA3,件,250,Kg,
CSS02902,恒力吊架组件,SX A200.15 位移170 F型,,,1916T4003,,,S1,QA3,件,250,Kg,
CSS02903,恒力吊架组件,SX A200.15 位移175 F型,,,1916T4003,,,S1,QA3,件,250,Kg,
CSS02904,恒力吊架组件,SX A200.15 位移180 F型,,,1916T4003,,,S1,QA3,件,250,Kg,
CSS02905,恒力吊架组件,SX A200.15 位移185 F型,,,1916T4003,,,S1,QA3,件,250,Kg,
CSS02906,恒力吊架组件,SX A200.15 位移190 F型,,,1916T4003,,,S1,QA3,件,250,Kg,
CSS02907,恒力吊架组件,SX A200.15 位移195 F型,,,1916T4003,,,S1,QA3,件,250,Kg,
CSS02908,恒力吊架组件,SX A200.15 位移200 F型,,,1916T4003,,,S1,QA3,件,250,Kg,
CSS02909,恒力吊架组件,SX A200.15 位移205 F型,,,1916T4003,,,S1,QA3,件,250,Kg,
CSS02910,恒力吊架组件,SX A200.15 位移210 F型,,,1916T4003,,,S1,QA3,件,250,Kg,
CSS02911,恒力吊架组件,SX A200.15 位移215 F型,,,1916T4003,,,S1,QA3,件,250,Kg,
CSS02912,恒力吊架组件,SX A200.15 位移220 F型,,,1916T4003,,,S1,QA3,件,250,Kg,
CSS02913,恒力吊架组件,SX A200.15 位移225 F型,,,1916T4003,,,S1,QA3,件,250,Kg,
CSS02914,恒力吊架组件,SX A200.15 位移230 F型,,,1916T4003,,,S1,QA3,件,250,Kg,
CSS02915,恒力吊架组件,SX A200.15 位移235 F型,,,1916T4003,,,S1,QA3,件,250,Kg,
CSS02916,恒力吊架组件,SX A200.15 位移240 F型,,,1916T4003,,,S1,QA3,件,250,Kg,
CSS02917,恒力吊架组件,SX A200.15 位移245 F型,,,1916T4003,,,S1,QA3,件,250,Kg,
CSS02918,恒力吊架组件,SX A200.15 位移250 F型,,,1916T4003,,,S1,QA3,件,250,Kg,
CSS02919,恒力吊架组件,SX A200.15 位移255 F型,,,1916T4003,,,S1,QA3,件,250,Kg,
CSS02920,恒力吊架组件,SX A200.15 位移260 F型,,,1916T4003,,,S1,QA3,件,250,Kg,
CSS02921,恒力吊架组件,SX A200.15 位移265 F型,,,1916T4003,,,S1,QA3,件,250,Kg,
CSS02922,恒力吊架组件,SX A200.15 位移270 F型,,,1916T4003,,,S1,QA3,件,250,Kg,
CSS02923,恒力吊架组件,SX A200.15 位移275 F型,,,1916T4003,,,S1,QA3,件,250,Kg,
CSS02924,恒力吊架组件,SX A200.15 位移280 F型,,,1916T4003,,,S1,QA3,件,250,Kg,
CSS02925,恒力吊架组件,SX A200.15 位移285 F型,,,1916T4003,,,S1,QA3,件,250,Kg,
CSS02926,恒力吊架组件,SX A200.15 位移290 F型,,,1916T4003,,,S1,QA3,件,250,Kg,
CSS02927,恒力吊架组件,SX A200.15 位移295 F型,,,1916T4003,,,S1,QA3,件,250,Kg,
CSS02928,恒力吊架组件,SX A200.15 位移300 F型,,,1916T4003,,,S1,QA3,件,250,Kg,
CSS02929,恒力吊架组件,SX A200.15 位移305 F型,,,1916T4003,,,S1,QA3,件,250,Kg,
CSS02930,恒力吊架组件,SX A200.15 位移310 F型,,,1916T4003,,,S1,QA3,件,250,Kg,
CSS02931,恒力吊架组件,SX A200.15 位移315 F型,,,1916T4003,,,S1,QA3,件,250,Kg,
CSS02932,恒力吊架组件,SX A200.15 位移320 F型,,,1916T4003,,,S1,QA3,件,250,Kg,
CSS02933,恒力吊架组件,SX A200.15 位移325 F型,,,1916T4003,,,S1,QA3,件,250,Kg,
CSS02934,恒力吊架组件,SX A200.15 位移330 F型,,,1916T4003,,,S1,QA3,件,250,Kg,
CSS02935,恒力吊架组件,SX A200.20 位移150 F型,,,1916T4003,,,S1,QA3,件,250,Kg,
CSS02936,恒力吊架组件,SX A200.20 位移155 F型,,,1916T4003,,,S1,QA3,件,250,Kg,
CSS02937,恒力吊架组件,SX A200.20 位移160 F型,,,1916T4003,,,S1,QA3,件,250,Kg,
CSS02938,恒力吊架组件,SX A200.20 位移165 F型,,,1916T4003,,,S1,QA3,件,250,Kg,
CSS02939,恒力吊架组件,SX A200.20 位移170 F型,,,1916T4003,,,S1,QA3,件,250,Kg,
CSS02940,恒力吊架组件,SX A200.20 位移175 F型,,,1916T4003,,,S1,QA3,件,250,Kg,
CSS02941,恒力吊架组件,SX A200.20 位移180 F型,,,1916T4003,,,S1,QA3,件,250,Kg,
CSS02942,恒力吊架组件,SX A200.20 位移185 F型,,,1916T4003,,,S1,QA3,件,250,Kg,
CSS02943,恒力吊架组件,SX A200.20 位移190 F型,,,1916T4003,,,S1,QA3,件,250,Kg,
CSS02944,恒力吊架组件,SX A200.20 位移195 F型,,,1916T4003,,,S1,QA3,件,250,Kg,
CSS02945,恒力吊架组件,SX A200.20 位移200 F型,,,1916T4003,,,S1,QA3,件,250,Kg,
CSS02946,恒力吊架组件,SX A200.20 位移205 F型,,,1916T4003,,,S1,QA3,件,250,Kg,
CSS02947,恒力吊架组件,SX A200.20 位移210 F型,,,1916T4003,,,S1,QA3,件,250,Kg,
CSS02948,恒力吊架组件,SX A200.20 位移215 F型,,,1916T4003,,,S1,QA3,件,250,Kg,
CSS02949,恒力吊架组件,SX A200.20 位移220 F型,,,1916T4003,,,S1,QA3,件,250,Kg,
CSS02950,恒力吊架组件,SX A200.20 位移225 F型,,,1916T4003,,,S1,QA3,件,250,Kg,
CSS02951,恒力吊架组件,SX A200.20 位移230 F型,,,1916T4003,,,S1,QA3,件,250,Kg,
CSS02952,恒力吊架组件,SX A200.20 位移235 F型,,,1916T4003,,,S1,QA3,件,250,Kg,
CSS02953,恒力吊架组件,SX A200.20 位移240 F型,,,1916T4003,,,S1,QA3,件,250,Kg,
CSS02954,恒力吊架组件,SX A200.20 位移245 F型,,,1916T4003,,,S1,QA3,件,250,Kg,
CSS02955,恒力吊架组件,SX A200.20 位移250 F型,,,1916T4003,,,S1,QA3,件,250,Kg,
CSS02956,恒力吊架组件,SX A200.20 位移255 F型,,,1916T4003,,,S1,QA3,件,250,Kg,
CSS02957,恒力吊架组件,SX A200.20 位移260 F型,,,1916T4003,,,S1,QA3,件,250,Kg,
CSS02958,恒力吊架组件,SX A200.20 位移265 F型,,,1916T4003,,,S1,QA3,件,250,Kg,
CSS02959,恒力吊架组件,SX A200.20 位移270 F型,,,1916T4003,,,S1,QA3,件,250,Kg,
CSS02960,恒力吊架组件,SX A200.20 位移275 F型,,,1916T4003,,,S1,QA3,件,250,Kg,
CSS02961,恒力吊架组件,SX A200.20 位移280 F型,,,1916T4003,,,S1,QA3,件,250,Kg,
CSS02962,恒力吊架组件,SX A200.20 位移285 F型,,,1916T4003,,,S1,QA3,件,250,Kg,
CSS02963,恒力吊架组件,SX A200.20 位移290 F型,,,1916T4003,,,S1,QA3,件,250,Kg,
CSS02964,恒力吊架组件,SX A200.20 位移295 F型,,,1916T4003,,,S1,QA3,件,250,Kg,
CSS02965,恒力吊架组件,SX A200.20 位移300 F型,,,1916T4003,,,S1,QA3,件,250,Kg,
CSS02966,恒力吊架组件,SX A200.20 位移305 F型,,,1916T4003,,,S1,QA3,件,250,Kg,
CSS02967,恒力吊架组件,SX A200.20 位移310 F型,,,1916T4003,,,S1,QA3,件,250,Kg,
CSS02968,恒力吊架组件,SX A200.20 位移315 F型,,,1916T4003,,,S1,QA3,件,250,Kg,
CSS02969,恒力吊架组件,SX A200.20 位移320 F型,,,1916T4003,,,S1,QA3,件,250,Kg,
CSS02970,恒力吊架组件,SX A200.20 位移325 F型,,,1916T4003,,,S1,QA3,件,250,Kg,
CSS02971,恒力吊架组件,SX A200.20 位移330 F型,,,1916T4003,,,S1,QA3,件,250,Kg,
CSS02972,恒力吊架组件,SX A200.25 位移150 F型,,,1916T4003,,,S1,QA3,件,250,Kg,
CSS02973,恒力吊架组件,SX A200.25 位移155 F型,,,1916T4003,,,S1,QA3,件,250,Kg,
CSS02974,恒力吊架组件,SX A200.25 位移160 F型,,,1916T4003,,,S1,QA3,件,250,Kg,
CSS02975,恒力吊架组件,SX A200.25 位移165 F型,,,1916T4003,,,S1,QA3,件,250,Kg,
CSS02976,恒力吊架组件,SX A200.25 位移170 F型,,,1916T4003,,,S1,QA3,件,250,Kg,
CSS02977,恒力吊架组件,SX A200.25 位移175 F型,,,1916T4003,,,S1,QA3,件,250,Kg,
CSS02978,恒力吊架组件,SX A200.25 位移180 F型,,,1916T4003,,,S1,QA3,件,250,Kg,
CSS02979,恒力吊架组件,SX A200.25 位移185 F型,,,1916T4003,,,S1,QA3,件,250,Kg,
CSS02980,恒力吊架组件,SX A200.25 位移190 F型,,,1916T4003,,,S1,QA3,件,250,Kg,
CSS02981,恒力吊架组件,SX A200.25 位移195 F型,,,1916T4003,,,S1,QA3,件,250,Kg,
CSS02982,恒力吊架组件,SX A200.25 位移200 F型,,,1916T4003,,,S1,QA3,件,250,Kg,
CSS02983,恒力吊架组件,SX A200.25 位移205 F型,,,1916T4003,,,S1,QA3,件,250,Kg,
CSS02984,恒力吊架组件,SX A200.25 位移210 F型,,,1916T4003,,,S1,QA3,件,250,Kg,
CSS02985,恒力吊架组件,SX A200.25 位移215 F型,,,1916T4003,,,S1,QA3,件,250,Kg,
CSS02986,恒力吊架组件,SX A200.25 位移220 F型,,,1916T4003,,,S1,QA3,件,250,Kg,
CSS02987,恒力吊架组件,SX A200.25 位移225 F型,,,1916T4003,,,S1,QA3,件,250,Kg,
CSS02988,恒力吊架组件,SX A200.25 位移230 F型,,,1916T4003,,,S1,QA3,件,250,Kg,
CSS02989,恒力吊架组件,SX A200.25 位移235 F型,,,1916T4003,,,S1,QA3,件,250,Kg,
CSS02990,恒力吊架组件,SX A200.25 位移240 F型,,,1916T4003,,,S1,QA3,件,250,Kg,
CSS02991,恒力吊架组件,SX A200.25 位移245 F型,,,1916T4003,,,S1,QA3,件,250,Kg,
CSS02992,恒力吊架组件,SX A200.25 位移250 F型,,,1916T4003,,,S1,QA3,件,250,Kg,
CSS02993,恒力吊架组件,SX A200.25 位移255 F型,,,1916T4003,,,S1,QA3,件,250,Kg,
CSS02994,恒力吊架组件,SX A200.25 位移260 F型,,,1916T4003,,,S1,QA3,件,250,Kg,
CSS02995,恒力吊架组件,SX A200.25 位移265 F型,,,1916T4003,,,S1,QA3,件,250,Kg,
CSS02996,恒力吊架组件,SX A200.25 位移270 F型,,,1916T4003,,,S1,QA3,件,250,Kg,
CSS02997,恒力吊架组件,SX A200.25 位移275 F型,,,1916T4003,,,S1,QA3,件,250,Kg,
CSS02998,恒力吊架组件,SX A200.25 位移280 F型,,,1916T4003,,,S1,QA3,件,250,Kg,
CSS02999,恒力吊架组件,SX A200.25 位移285 F型,,,1916T4003,,,S1,QA3,件,250,Kg,
CSS03000,恒力吊架组件,SX A200.25 位移290 F型,,,1916T4003,,,S1,QA3,件,250,Kg,
CSS03001,恒力吊架组件,SX A200.25 位移295 F型,,,1916T4003,,,S1,QA3,件,250,Kg,
CSS03002,恒力吊架组件,SX A200.25 位移300 F型,,,1916T4003,,,S1,QA3,件,250,Kg,
CSS03003,恒力吊架组件,SX A200.25 位移305 F型,,,1916T4003,,,S1,QA3,件,250,Kg,
CSS03004,恒力吊架组件,SX A200.25 位移310 F型,,,1916T4003,,,S1,QA3,件,250,Kg,
CSS03005,恒力吊架组件,SX A200.25 位移315 F型,,,1916T4003,,,S1,QA3,件,250,Kg,
CSS03006,恒力吊架组件,SX A200.25 位移320 F型,,,1916T4003,,,S1,QA3,件,250,Kg,
CSS03007,恒力吊架组件,SX A200.25 位移325 F型,,,1916T4003,,,S1,QA3,件,250,Kg,
CSS03008,恒力吊架组件,SX A200.25 位移330 F型,,,1916T4003,,,S1,QA3,件,250,Kg,
CSS03009,恒力吊架组件,SX A200.30 位移150 F型,,,1916T4003,,,S1,QA3,件,250,Kg,
CSS03010,恒力吊架组件,SX A200.30 位移155 F型,,,1916T4003,,,S1,QA3,件,250,Kg,
CSS03011,恒力吊架组件,SX A200.30 位移160 F型,,,1916T4003,,,S1,QA3,件,250,Kg,
CSS03012,恒力吊架组件,SX A200.30 位移165 F型,,,1916T4003,,,S1,QA3,件,250,Kg,
CSS03013,恒力吊架组件,SX A200.30 位移170 F型,,,1916T4003,,,S1,QA3,件,250,Kg,
CSS03014,恒力吊架组件,SX A200.30 位移175 F型,,,1916T4003,,,S1,QA3,件,250,Kg,
CSS03015,恒力吊架组件,SX A200.30 位移180 F型,,,1916T4003,,,S1,QA3,件,250,Kg,
CSS03016,恒力吊架组件,SX A200.30 位移185 F型,,,1916T4003,,,S1,QA3,件,250,Kg,
CSS03017,恒力吊架组件,SX A200.30 位移190 F型,,,1916T4003,,,S1,QA3,件,250,Kg,
CSS03018,恒力吊架组件,SX A200.30 位移195 F型,,,1916T4003,,,S1,QA3,件,250,Kg,
CSS03019,恒力吊架组件,SX A200.30 位移200 F型,,,1916T4003,,,S1,QA3,件,250,Kg,
CSS03020,恒力吊架组件,SX A200.30 位移205 F型,,,1916T4003,,,S1,QA3,件,250,Kg,
CSS03021,恒力吊架组件,SX A200.30 位移210 F型,,,1916T4003,,,S1,QA3,件,250,Kg,
CSS03022,恒力吊架组件,SX A200.30 位移215 F型,,,1916T4003,,,S1,QA3,件,250,Kg,
CSS03023,恒力吊架组件,SX A200.30 位移220 F型,,,1916T4003,,,S1,QA3,件,250,Kg,
CSS03024,恒力吊架组件,SX A200.30 位移225 F型,,,1916T4003,,,S1,QA3,件,250,Kg,
CSS03025,恒力吊架组件,SX A200.30 位移230 F型,,,1916T4003,,,S1,QA3,件,250,Kg,
CSS03026,恒力吊架组件,SX A200.30 位移235 F型,,,1916T4003,,,S1,QA3,件,250,Kg,
CSS03027,恒力吊架组件,SX A200.30 位移240 F型,,,1916T4003,,,S1,QA3,件,250,Kg,
CSS03028,恒力吊架组件,SX A200.30 位移245 F型,,,1916T4003,,,S1,QA3,件,250,Kg,
CSS03029,恒力吊架组件,SX A200.30 位移250 F型,,,1916T4003,,,S1,QA3,件,250,Kg,
CSS03030,恒力吊架组件,SX A200.30 位移255 F型,,,1916T4003,,,S1,QA3,件,250,Kg,
CSS03031,恒力吊架组件,SX A200.30 位移260 F型,,,1916T4003,,,S1,QA3,件,250,Kg,
CSS03032,恒力吊架组件,SX A200.30 位移265 F型,,,1916T4003,,,S1,QA3,件,250,Kg,
CSS03033,恒力吊架组件,SX A200.30 位移270 F型,,,1916T4003,,,S1,QA3,件,250,Kg,
CSS03034,恒力吊架组件,SX A200.30 位移275 F型,,,1916T4003,,,S1,QA3,件,250,Kg,
CSS03035,恒力吊架组件,SX A200.30 位移280 F型,,,1916T4003,,,S1,QA3,件,250,Kg,
CSS03036,恒力吊架组件,SX A200.30 位移285 F型,,,1916T4003,,,S1,QA3,件,250,Kg,
CSS03037,恒力吊架组件,SX A200.30 位移290 F型,,,1916T4003,,,S1,QA3,件,250,Kg,
CSS03038,恒力吊架组件,SX A200.30 位移295 F型,,,1916T4003,,,S1,QA3,件,250,Kg,
CSS03039,恒力吊架组件,SX A200.30 位移300 F型,,,1916T4003,,,S1,QA3,件,250,Kg,
CSS03040,恒力吊架组件,SX A200.30 位移305 F型,,,1916T4003,,,S1,QA3,件,250,Kg,
CSS03041,恒力吊架组件,SX A200.30 位移310 F型,,,1916T4003,,,S1,QA3,件,250,Kg,
CSS03042,恒力吊架组件,SX A200.30 位移315 F型,,,1916T4003,,,S1,QA3,件,250,Kg,
CSS03043,恒力吊架组件,SX A200.30 位移320 F型,,,1916T4003,,,S1,QA3,件,250,Kg,
CSS03044,恒力吊架组件,SX A200.30 位移325 F型,,,1916T4003,,,S1,QA3,件,250,Kg,
CSS03045,恒力吊架组件,SX A200.30 位移330 F型,,,1916T4003,,,S1,QA3,件,250,Kg,
CSS03046,恒力吊架组件,SX A250.20 位移170 F型,,,1916T4003,,,S1,QA3,件,500,Kg,
CSS03047,恒力吊架组件,SX A250.20 位移175 F型,,,1916T4003,,,S1,QA3,件,500,Kg,
CSS03048,恒力吊架组件,SX A250.20 位移180 F型,,,1916T4003,,,S1,QA3,件,500,Kg,
CSS03049,恒力吊架组件,SX A250.20 位移185 F型,,,1916T4003,,,S1,QA3,件,500,Kg,
CSS03050,恒力吊架组件,SX A250.20 位移190 F型,,,1916T4003,,,S1,QA3,件,500,Kg,
CSS03051,恒力吊架组件,SX A250.20 位移195 F型,,,1916T4003,,,S1,QA3,件,500,Kg,
CSS03052,恒力吊架组件,SX A250.20 位移200 F型,,,1916T4003,,,S1,QA3,件,500,Kg,
CSS03053,恒力吊架组件,SX A250.20 位移205 F型,,,1916T4003,,,S1,QA3,件,500,Kg,
CSS03054,恒力吊架组件,SX A250.20 位移210 F型,,,1916T4003,,,S1,QA3,件,500,Kg,
CSS03055,恒力吊架组件,SX A250.20 位移215 F型,,,1916T4003,,,S1,QA3,件,500,Kg,
CSS03056,恒力吊架组件,SX A250.20 位移220 F型,,,1916T4003,,,S1,QA3,件,500,Kg,
CSS03057,恒力吊架组件,SX A250.20 位移225 F型,,,1916T4003,,,S1,QA3,件,500,Kg,
CSS03058,恒力吊架组件,SX A250.20 位移230 F型,,,1916T4003,,,S1,QA3,件,500,Kg,
CSS03059,恒力吊架组件,SX A250.20 位移235 F型,,,1916T4003,,,S1,QA3,件,500,Kg,
CSS03060,恒力吊架组件,SX A250.20 位移240 F型,,,1916T4003,,,S1,QA3,件,500,Kg,
CSS03061,恒力吊架组件,SX A250.20 位移245 F型,,,1916T4003,,,S1,QA3,件,500,Kg,
CSS03062,恒力吊架组件,SX A250.20 位移250 F型,,,1916T4003,,,S1,QA3,件,500,Kg,
CSS03063,恒力吊架组件,SX A250.20 位移255 F型,,,1916T4003,,,S1,QA3,件,500,Kg,
CSS03064,恒力吊架组件,SX A250.20 位移260 F型,,,1916T4003,,,S1,QA3,件,500,Kg,
CSS03065,恒力吊架组件,SX A250.20 位移265 F型,,,1916T4003,,,S1,QA3,件,500,Kg,
CSS03066,恒力吊架组件,SX A250.20 位移270 F型,,,1916T4003,,,S1,QA3,件,500,Kg,
CSS03067,恒力吊架组件,SX A250.20 位移275 F型,,,1916T4003,,,S1,QA3,件,500,Kg,
CSS03068,恒力吊架组件,SX A250.20 位移280 F型,,,1916T4003,,,S1,QA3,件,500,Kg,
CSS03069,恒力吊架组件,SX A250.20 位移285 F型,,,1916T4003,,,S1,QA3,件,500,Kg,
CSS03070,恒力吊架组件,SX A250.20 位移290 F型,,,1916T4003,,,S1,QA3,件,500,Kg,
CSS03071,恒力吊架组件,SX A250.20 位移295 F型,,,1916T4003,,,S1,QA3,件,500,Kg,
CSS03072,恒力吊架组件,SX A250.20 位移300 F型,,,1916T4003,,,S1,QA3,件,500,Kg,
CSS03073,恒力吊架组件,SX A250.20 位移305 F型,,,1916T4003,,,S1,QA3,件,500,Kg,
CSS03074,恒力吊架组件,SX A250.20 位移310 F型,,,1916T4003,,,S1,QA3,件,500,Kg,
CSS03075,恒力吊架组件,SX A250.20 位移315 F型,,,1916T4003,,,S1,QA3,件,500,Kg,
CSS03076,恒力吊架组件,SX A250.20 位移320 F型,,,1916T4003,,,S1,QA3,件,500,Kg,
CSS03077,恒力吊架组件,SX A250.20 位移325 F型,,,1916T4003,,,S1,QA3,件,500,Kg,
CSS03078,恒力吊架组件,SX A250.20 位移330 F型,,,1916T4003,,,S1,QA3,件,500,Kg,
CSS03079,恒力吊架组件,SX A250.20 位移335 F型,,,1916T4003,,,S1,QA3,件,500,Kg,
CSS03080,恒力吊架组件,SX A250.20 位移340 F型,,,1916T4003,,,S1,QA3,件,500,Kg,
CSS03081,恒力吊架组件,SX A250.20 位移345 F型,,,1916T4003,,,S1,QA3,件,500,Kg,
CSS03082,恒力吊架组件,SX A250.20 位移350 F型,,,1916T4003,,,S1,QA3,件,500,Kg,
CSS03083,恒力吊架组件,SX A250.25 位移170 F型,,,1916T4003,,,S1,QA3,件,500,Kg,
CSS03084,恒力吊架组件,SX A250.25 位移175 F型,,,1916T4003,,,S1,QA3,件,500,Kg,
CSS03085,恒力吊架组件,SX A250.25 位移180 F型,,,1916T4003,,,S1,QA3,件,500,Kg,
CSS03086,恒力吊架组件,SX A250.25 位移185 F型,,,1916T4003,,,S1,QA3,件,500,Kg,
CSS03087,恒力吊架组件,SX A250.25 位移190 F型,,,1916T4003,,,S1,QA3,件,500,Kg,
CSS03088,恒力吊架组件,SX A250.25 位移195 F型,,,1916T4003,,,S1,QA3,件,500,Kg,
CSS03089,恒力吊架组件,SX A250.25 位移200 F型,,,1916T4003,,,S1,QA3,件,500,Kg,
CSS03090,恒力吊架组件,SX A250.25 位移205 F型,,,1916T4003,,,S1,QA3,件,500,Kg,
CSS03091,恒力吊架组件,SX A250.25 位移210 F型,,,1916T4003,,,S1,QA3,件,500,Kg,
CSS03092,恒力吊架组件,SX A250.25 位移215 F型,,,1916T4003,,,S1,QA3,件,500,Kg,
CSS03093,恒力吊架组件,SX A250.25 位移220 F型,,,1916T4003,,,S1,QA3,件,500,Kg,
CSS03094,恒力吊架组件,SX A250.25 位移225 F型,,,1916T4003,,,S1,QA3,件,500,Kg,
CSS03095,恒力吊架组件,SX A250.25 位移230 F型,,,1916T4003,,,S1,QA3,件,500,Kg,
CSS03096,恒力吊架组件,SX A250.25 位移235 F型,,,1916T4003,,,S1,QA3,件,500,Kg,
CSS03097,恒力吊架组件,SX A250.25 位移240 F型,,,1916T4003,,,S1,QA3,件,500,Kg,
CSS03098,恒力吊架组件,SX A250.25 位移245 F型,,,1916T4003,,,S1,QA3,件,500,Kg,
CSS03099,恒力吊架组件,SX A250.25 位移250 F型,,,1916T4003,,,S1,QA3,件,500,Kg,
CSS03100,恒力吊架组件,SX A250.25 位移255 F型,,,1916T4003,,,S1,QA3,件,500,Kg,
CSS03101,恒力吊架组件,SX A250.25 位移260 F型,,,1916T4003,,,S1,QA3,件,500,Kg,
CSS03102,恒力吊架组件,SX A250.25 位移265 F型,,,1916T4003,,,S1,QA3,件,500,Kg,
CSS03103,恒力吊架组件,SX A250.25 位移270 F型,,,1916T4003,,,S1,QA3,件,500,Kg,
CSS03104,恒力吊架组件,SX A250.25 位移275 F型,,,1916T4003,,,S1,QA3,件,500,Kg,
CSS03105,恒力吊架组件,SX A250.25 位移280 F型,,,1916T4003,,,S1,QA3,件,500,Kg,
CSS03106,恒力吊架组件,SX A250.25 位移285 F型,,,1916T4003,,,S1,QA3,件,500,Kg,
CSS03107,恒力吊架组件,SX A250.25 位移290 F型,,,1916T4003,,,S1,QA3,件,500,Kg,
CSS03108,恒力吊架组件,SX A250.25 位移295 F型,,,1916T4003,,,S1,QA3,件,500,Kg,
CSS03109,恒力吊架组件,SX A250.25 位移300 F型,,,1916T4003,,,S1,QA3,件,500,Kg,
CSS03110,恒力吊架组件,SX A250.25 位移305 F型,,,1916T4003,,,S1,QA3,件,500,Kg,
CSS03111,恒力吊架组件,SX A250.25 位移310 F型,,,1916T4003,,,S1,QA3,件,500,Kg,
CSS03112,恒力吊架组件,SX A250.25 位移315 F型,,,1916T4003,,,S1,QA3,件,500,Kg,
CSS03113,恒力吊架组件,SX A250.25 位移320 F型,,,1916T4003,,,S1,QA3,件,500,Kg,
CSS03114,恒力吊架组件,SX A250.25 位移325 F型,,,1916T4003,,,S1,QA3,件,500,Kg,
CSS03115,恒力吊架组件,SX A250.25 位移330 F型,,,1916T4003,,,S1,QA3,件,500,Kg,
CSS03116,恒力吊架组件,SX A250.25 位移335 F型,,,1916T4003,,,S1,QA3,件,500,Kg,
CSS03117,恒力吊架组件,SX A250.25 位移340 F型,,,1916T4003,,,S1,QA3,件,500,Kg,
CSS03118,恒力吊架组件,SX A250.25 位移345 F型,,,1916T4003,,,S1,QA3,件,500,Kg,
CSS03119,恒力吊架组件,SX A250.25 位移350 F型,,,1916T4003,,,S1,QA3,件,500,Kg,
CSS03120,恒力吊架组件,SX A250.30 位移170 F型,,,1916T4003,,,S1,QA3,件,500,Kg,
CSS03121,恒力吊架组件,SX A250.30 位移175 F型,,,1916T4003,,,S1,QA3,件,500,Kg,
CSS03122,恒力吊架组件,SX A250.30 位移180 F型,,,1916T4003,,,S1,QA3,件,500,Kg,
CSS03123,恒力吊架组件,SX A250.30 位移185 F型,,,1916T4003,,,S1,QA3,件,500,Kg,
CSS03124,恒力吊架组件,SX A250.30 位移190 F型,,,1916T4003,,,S1,QA3,件,500,Kg,
CSS03125,恒力吊架组件,SX A250.30 位移195 F型,,,1916T4003,,,S1,QA3,件,500,Kg,
CSS03126,恒力吊架组件,SX A250.30 位移200 F型,,,1916T4003,,,S1,QA3,件,500,Kg,
CSS03127,恒力吊架组件,SX A250.30 位移205 F型,,,1916T4003,,,S1,QA3,件,500,Kg,
CSS03128,恒力吊架组件,SX A250.30 位移210 F型,,,1916T4003,,,S1,QA3,件,500,Kg,
CSS03129,恒力吊架组件,SX A250.30 位移215 F型,,,1916T4003,,,S1,QA3,件,500,Kg,
CSS03130,恒力吊架组件,SX A250.30 位移220 F型,,,1916T4003,,,S1,QA3,件,500,Kg,
CSS03131,恒力吊架组件,SX A250.30 位移225 F型,,,1916T4003,,,S1,QA3,件,500,Kg,
CSS03132,恒力吊架组件,SX A250.30 位移230 F型,,,1916T4003,,,S1,QA3,件,500,Kg,
CSS03133,恒力吊架组件,SX A250.30 位移235 F型,,,1916T4003,,,S1,QA3,件,500,Kg,
CSS03134,恒力吊架组件,SX A250.30 位移240 F型,,,1916T4003,,,S1,QA3,件,500,Kg,
CSS03135,恒力吊架组件,SX A250.30 位移245 F型,,,1916T4003,,,S1,QA3,件,500,Kg,
CSS03136,恒力吊架组件,SX A250.30 位移250 F型,,,1916T4003,,,S1,QA3,件,500,Kg,
CSS03137,恒力吊架组件,SX A250.30 位移255 F型,,,1916T4003,,,S1,QA3,件,500,Kg,
CSS03138,恒力吊架组件,SX A250.30 位移260 F型,,,1916T4003,,,S1,QA3,件,500,Kg,
CSS03139,恒力吊架组件,SX A250.30 位移265 F型,,,1916T4003,,,S1,QA3,件,500,Kg,
CSS03140,恒力吊架组件,SX A250.30 位移270 F型,,,1916T4003,,,S1,QA3,件,500,Kg,
CSS03141,恒力吊架组件,SX A250.30 位移275 F型,,,1916T4003,,,S1,QA3,件,500,Kg,
CSS03142,恒力吊架组件,SX A250.30 位移280 F型,,,1916T4003,,,S1,QA3,件,500,Kg,
CSS03143,恒力吊架组件,SX A250.30 位移285 F型,,,1916T4003,,,S1,QA3,件,500,Kg,
CSS03144,恒力吊架组件,SX A250.30 位移290 F型,,,1916T4003,,,S1,QA3,件,500,Kg,
CSS03145,恒力吊架组件,SX A250.30 位移295 F型,,,1916T4003,,,S1,QA3,件,500,Kg,
CSS03146,恒力吊架组件,SX A250.30 位移300 F型,,,1916T4003,,,S1,QA3,件,500,Kg,
CSS03147,恒力吊架组件,SX A250.30 位移305 F型,,,1916T4003,,,S1,QA3,件,500,Kg,
CSS03148,恒力吊架组件,SX A250.30 位移310 F型,,,1916T4003,,,S1,QA3,件,500,Kg,
CSS03149,恒力吊架组件,SX A250.30 位移315 F型,,,1916T4003,,,S1,QA3,件,500,Kg,
CSS03150,恒力吊架组件,SX A250.30 位移320 F型,,,1916T4003,,,S1,QA3,件,500,Kg,
CSS03151,恒力吊架组件,SX A250.30 位移325 F型,,,1916T4003,,,S1,QA3,件,500,Kg,
CSS03152,恒力吊架组件,SX A250.30 位移330 F型,,,1916T4003,,,S1,QA3,件,500,Kg,
CSS03153,恒力吊架组件,SX A250.30 位移335 F型,,,1916T4003,,,S1,QA3,件,500,Kg,
CSS03154,恒力吊架组件,SX A250.30 位移340 F型,,,1916T4003,,,S1,QA3,件,500,Kg,
CSS03155,恒力吊架组件,SX A250.30 位移345 F型,,,1916T4003,,,S1,QA3,件,500,Kg,
CSS03156,恒力吊架组件,SX A250.30 位移350 F型,,,1916T4003,,,S1,QA3,件,500,Kg,
CSS03157,恒力吊架组件,SX A250.35 位移190 F型,,,1916T4003,,,S1,QA3,件,500,Kg,
CSS03158,恒力吊架组件,SX A250.35 位移195 F型,,,1916T4003,,,S1,QA3,件,500,Kg,
CSS03159,恒力吊架组件,SX A250.35 位移200 F型,,,1916T4003,,,S1,QA3,件,500,Kg,
CSS03160,恒力吊架组件,SX A250.35 位移205 F型,,,1916T4003,,,S1,QA3,件,500,Kg,
CSS03161,恒力吊架组件,SX A250.35 位移210 F型,,,1916T4003,,,S1,QA3,件,500,Kg,
CSS03162,恒力吊架组件,SX A250.35 位移215 F型,,,1916T4003,,,S1,QA3,件,500,Kg,
CSS03163,恒力吊架组件,SX A250.35 位移220 F型,,,1916T4003,,,S1,QA3,件,500,Kg,
CSS03164,恒力吊架组件,SX A250.35 位移225 F型,,,1916T4003,,,S1,QA3,件,500,Kg,
CSS03165,恒力吊架组件,SX A250.35 位移230 F型,,,1916T4003,,,S1,QA3,件,500,Kg,
CSS03166,恒力吊架组件,SX A250.35 位移235 F型,,,1916T4003,,,S1,QA3,件,500,Kg,
CSS03167,恒力吊架组件,SX A250.35 位移240 F型,,,1916T4003,,,S1,QA3,件,500,Kg,
CSS03168,恒力吊架组件,SX A250.35 位移245 F型,,,1916T4003,,,S1,QA3,件,500,Kg,
CSS03169,恒力吊架组件,SX A250.35 位移250 F型,,,1916T4003,,,S1,QA3,件,500,Kg,
CSS03170,恒力吊架组件,SX A250.35 位移255 F型,,,1916T4003,,,S1,QA3,件,500,Kg,
CSS03171,恒力吊架组件,SX A250.35 位移260 F型,,,1916T4003,,,S1,QA3,件,500,Kg,
CSS03172,恒力吊架组件,SX A250.35 位移265 F型,,,1916T4003,,,S1,QA3,件,500,Kg,
CSS03173,恒力吊架组件,SX A250.35 位移270 F型,,,1916T4003,,,S1,QA3,件,500,Kg,
CSS03174,恒力吊架组件,SX A250.35 位移275 F型,,,1916T4003,,,S1,QA3,件,500,Kg,
CSS03175,恒力吊架组件,SX A250.35 位移280 F型,,,1916T4003,,,S1,QA3,件,500,Kg,
CSS03176,恒力吊架组件,SX A250.35 位移285 F型,,,1916T4003,,,S1,QA3,件,500,Kg,
CSS03177,恒力吊架组件,SX A250.35 位移290 F型,,,1916T4003,,,S1,QA3,件,500,Kg,
CSS03178,恒力吊架组件,SX A250.35 位移295 F型,,,1916T4003,,,S1,QA3,件,500,Kg,
CSS03179,恒力吊架组件,SX A250.35 位移300 F型,,,1916T4003,,,S1,QA3,件,500,Kg,
CSS03180,恒力吊架组件,SX A250.35 位移305 F型,,,1916T4003,,,S1,QA3,件,500,Kg,
CSS03181,恒力吊架组件,SX A250.35 位移310 F型,,,1916T4003,,,S1,QA3,件,500,Kg,
CSS03182,恒力吊架组件,SX A250.35 位移315 F型,,,1916T4003,,,S1,QA3,件,500,Kg,
CSS03183,恒力吊架组件,SX A250.35 位移320 F型,,,1916T4003,,,S1,QA3,件,500,Kg,
CSS03184,恒力吊架组件,SX A250.35 位移325 F型,,,1916T4003,,,S1,QA3,件,500,Kg,
CSS03185,恒力吊架组件,SX A250.35 位移330 F型,,,1916T4003,,,S1,QA3,件,500,Kg,
CSS03186,恒力吊架组件,SX A250.35 位移335 F型,,,1916T4003,,,S1,QA3,件,500,Kg,
CSS03187,恒力吊架组件,SX A250.35 位移340 F型,,,1916T4003,,,S1,QA3,件,500,Kg,
CSS03188,恒力吊架组件,SX A250.35 位移345 F型,,,1916T4003,,,S1,QA3,件,500,Kg,
CSS03189,恒力吊架组件,SX A250.35 位移350 F型,,,1916T4003,,,S1,QA3,件,500,Kg,
CSS03190,恒力吊架组件,SX A100.15 位移90 S型,,,1916T4003,,,S2,QA3,件,90,Kg,
CSS03191,恒力吊架组件,SX A100.15 位移95 S型,,,1916T4003,,,S2,QA3,件,90,Kg,
CSS03192,恒力吊架组件,SX A100.15 位移100 S型,,,1916T4003,,,S2,QA3,件,90,Kg,
CSS03193,恒力吊架组件,SX A100.15 位移105 S型,,,1916T4003,,,S2,QA3,件,90,Kg,
CSS03194,恒力吊架组件,SX A100.15 位移110 S型,,,1916T4003,,,S2,QA3,件,90,Kg,
CSS03195,恒力吊架组件,SX A100.15 位移115 S型,,,1916T4003,,,S2,QA3,件,90,Kg,
CSS03196,恒力吊架组件,SX A100.15 位移120 S型,,,1916T4003,,,S2,QA3,件,90,Kg,
CSS03197,恒力吊架组件,SX A100.15 位移125 S型,,,1916T4003,,,S2,QA3,件,90,Kg,
CSS03198,恒力吊架组件,SX A100.15 位移130 S型,,,1916T4003,,,S2,QA3,件,90,Kg,
CSS03199,恒力吊架组件,SX A100.15 位移135 S型,,,1916T4003,,,S2,QA3,件,90,Kg,
CSS03200,恒力吊架组件,SX A100.15 位移140 S型,,,1916T4003,,,S2,QA3,件,90,Kg,
CSS03201,恒力吊架组件,SX A100.15 位移145 S型,,,1916T4003,,,S2,QA3,件,90,Kg,
CSS03202,恒力吊架组件,SX A100.15 位移150 S型,,,1916T4003,,,S2,QA3,件,90,Kg,
CSS03203,恒力吊架组件,SX A100.15 位移155 S型,,,1916T4003,,,S2,QA3,件,90,Kg,
CSS03204,恒力吊架组件,SX A100.15 位移160 S型,,,1916T4003,,,S2,QA3,件,90,Kg,
CSS03205,恒力吊架组件,SX A100.15 位移165 S型,,,1916T4003,,,S2,QA3,件,90,Kg,
CSS03206,恒力吊架组件,SX A100.15 位移170 S型,,,1916T4003,,,S2,QA3,件,90,Kg,
CSS03207,恒力吊架组件,SX A100.15 位移175 S型,,,1916T4003,,,S2,QA3,件,90,Kg,
CSS03208,恒力吊架组件,SX A100.15 位移180 S型,,,1916T4003,,,S2,QA3,件,90,Kg,
CSS03209,恒力吊架组件,SX A100.15 位移185 S型,,,1916T4003,,,S2,QA3,件,90,Kg,
CSS03210,恒力吊架组件,SX A100.15 位移190 S型,,,1916T4003,,,S2,QA3,件,90,Kg,
CSS03211,恒力吊架组件,SX A100.15 位移195 S型,,,1916T4003,,,S2,QA3,件,90,Kg,
CSS03212,恒力吊架组件,SX A100.15 位移200 S型,,,1916T4003,,,S2,QA3,件,90,Kg,
CSS03213,恒力吊架组件,SX A100.15 位移205 S型,,,1916T4003,,,S2,QA3,件,90,Kg,
CSS03214,恒力吊架组件,SX A100.15 位移210 S型,,,1916T4003,,,S2,QA3,件,90,Kg,
CSS03215,恒力吊架组件,SX A100.15 位移215 S型,,,1916T4003,,,S2,QA3,件,90,Kg,
CSS03216,恒力吊架组件,SX A100.15 位移220 S型,,,1916T4003,,,S2,QA3,件,90,Kg,
CSS03217,恒力吊架组件,SX A100.15 位移225 S型,,,1916T4003,,,S2,QA3,件,90,Kg,
CSS03218,恒力吊架组件,SX A100.15 位移230 S型,,,1916T4003,,,S2,QA3,件,90,Kg,
CSS03219,恒力吊架组件,SX A100.15 位移235 S型,,,1916T4003,,,S2,QA3,件,90,Kg,
CSS03220,恒力吊架组件,SX A100.15 位移240 S型,,,1916T4003,,,S2,QA3,件,90,Kg,
CSS03221,恒力吊架组件,SX A100.15 位移245 S型,,,1916T4003,,,S2,QA3,件,90,Kg,
CSS03222,恒力吊架组件,SX A100.15 位移250 S型,,,1916T4003,,,S2,QA3,件,90,Kg,
CSS03223,恒力吊架组件,SX A100.20 位移90 S型,,,1916T4003,,,S2,QA3,件,90,Kg,
CSS03224,恒力吊架组件,SX A100.20 位移95 S型,,,1916T4003,,,S2,QA3,件,90,Kg,
CSS03225,恒力吊架组件,SX A100.20 位移100 S型,,,1916T4003,,,S2,QA3,件,90,Kg,
CSS03226,恒力吊架组件,SX A100.20 位移105 S型,,,1916T4003,,,S2,QA3,件,90,Kg,
CSS03227,恒力吊架组件,SX A100.20 位移110 S型,,,1916T4003,,,S2,QA3,件,90,Kg,
CSS03228,恒力吊架组件,SX A100.20 位移115 S型,,,1916T4003,,,S2,QA3,件,90,Kg,
CSS03229,恒力吊架组件,SX A100.20 位移120 S型,,,1916T4003,,,S2,QA3,件,90,Kg,
CSS03230,恒力吊架组件,SX A100.20 位移125 S型,,,1916T4003,,,S2,QA3,件,90,Kg,
CSS03231,恒力吊架组件,SX A100.20 位移130 S型,,,1916T4003,,,S2,QA3,件,90,Kg,
CSS03232,恒力吊架组件,SX A100.20 位移135 S型,,,1916T4003,,,S2,QA3,件,90,Kg,
CSS03233,恒力吊架组件,SX A100.20 位移140 S型,,,1916T4003,,,S2,QA3,件,90,Kg,
CSS03234,恒力吊架组件,SX A100.20 位移145 S型,,,1916T4003,,,S2,QA3,件,90,Kg,
CSS03235,恒力吊架组件,SX A100.20 位移150 S型,,,1916T4003,,,S2,QA3,件,90,Kg,
CSS03236,恒力吊架组件,SX A100.20 位移155 S型,,,1916T4003,,,S2,QA3,件,90,Kg,
CSS03237,恒力吊架组件,SX A100.20 位移160 S型,,,1916T4003,,,S2,QA3,件,90,Kg,
CSS03238,恒力吊架组件,SX A100.20 位移165 S型,,,1916T4003,,,S2,QA3,件,90,Kg,
CSS03239,恒力吊架组件,SX A100.20 位移170 S型,,,1916T4003,,,S2,QA3,件,90,Kg,
CSS03240,恒力吊架组件,SX A100.20 位移175 S型,,,1916T4003,,,S2,QA3,件,90,Kg,
CSS03241,恒力吊架组件,SX A100.20 位移180 S型,,,1916T4003,,,S2,QA3,件,90,Kg,
CSS03242,恒力吊架组件,SX A100.20 位移185 S型,,,1916T4003,,,S2,QA3,件,90,Kg,
CSS03243,恒力吊架组件,SX A100.20 位移190 S型,,,1916T4003,,,S2,QA3,件,90,Kg,
CSS03244,恒力吊架组件,SX A100.20 位移195 S型,,,1916T4003,,,S2,QA3,件,90,Kg,
CSS03245,恒力吊架组件,SX A100.20 位移200 S型,,,1916T4003,,,S2,QA3,件,90,Kg,
CSS03246,恒力吊架组件,SX A100.20 位移205 S型,,,1916T4003,,,S2,QA3,件,90,Kg,
CSS03247,恒力吊架组件,SX A100.20 位移210 S型,,,1916T4003,,,S2,QA3,件,90,Kg,
CSS03248,恒力吊架组件,SX A100.20 位移215 S型,,,1916T4003,,,S2,QA3,件,90,Kg,
CSS03249,恒力吊架组件,SX A100.20 位移220 S型,,,1916T4003,,,S2,QA3,件,90,Kg,
CSS03250,恒力吊架组件,SX A100.20 位移225 S型,,,1916T4003,,,S2,QA3,件,90,Kg,
CSS03251,恒力吊架组件,SX A100.20 位移230 S型,,,1916T4003,,,S2,QA3,件,90,Kg,
CSS03252,恒力吊架组件,SX A100.20 位移235 S型,,,1916T4003,,,S2,QA3,件,90,Kg,
CSS03253,恒力吊架组件,SX A100.20 位移240 S型,,,1916T4003,,,S2,QA3,件,90,Kg,
CSS03254,恒力吊架组件,SX A100.20 位移245 S型,,,1916T4003,,,S2,QA3,件,90,Kg,
CSS03255,恒力吊架组件,SX A100.20 位移250 S型,,,1916T4003,,,S2,QA3,件,90,Kg,
CSS03256,恒力吊架组件,SX A100.25 位移90 S型,,,1916T4003,,,S2,QA3,件,90,Kg,
CSS03257,恒力吊架组件,SX A100.25 位移95 S型,,,1916T4003,,,S2,QA3,件,90,Kg,
CSS03258,恒力吊架组件,SX A100.25 位移100 S型,,,1916T4003,,,S2,QA3,件,90,Kg,
CSS03259,恒力吊架组件,SX A100.25 位移105 S型,,,1916T4003,,,S2,QA3,件,90,Kg,
CSS03260,恒力吊架组件,SX A100.25 位移110 S型,,,1916T4003,,,S2,QA3,件,90,Kg,
CSS03261,恒力吊架组件,SX A100.25 位移115 S型,,,1916T4003,,,S2,QA3,件,90,Kg,
CSS03262,恒力吊架组件,SX A100.25 位移120 S型,,,1916T4003,,,S2,QA3,件,90,Kg,
CSS03263,恒力吊架组件,SX A100.25 位移125 S型,,,1916T4003,,,S2,QA3,件,90,Kg,
CSS03264,恒力吊架组件,SX A100.25 位移130 S型,,,1916T4003,,,S2,QA3,件,90,Kg,
CSS03265,恒力吊架组件,SX A100.25 位移135 S型,,,1916T4003,,,S2,QA3,件,90,Kg,
CSS03266,恒力吊架组件,SX A100.25 位移140 S型,,,1916T4003,,,S2,QA3,件,90,Kg,
CSS03267,恒力吊架组件,SX A100.25 位移145 S型,,,1916T4003,,,S2,QA3,件,90,Kg,
CSS03268,恒力吊架组件,SX A100.25 位移150 S型,,,1916T4003,,,S2,QA3,件,90,Kg,
CSS03269,恒力吊架组件,SX A100.25 位移155 S型,,,1916T4003,,,S2,QA3,件,90,Kg,
CSS03270,恒力吊架组件,SX A100.25 位移160 S型,,,1916T4003,,,S2,QA3,件,90,Kg,
CSS03271,恒力吊架组件,SX A100.25 位移165 S型,,,1916T4003,,,S2,QA3,件,90,Kg,
CSS03272,恒力吊架组件,SX A100.25 位移170 S型,,,1916T4003,,,S2,QA3,件,90,Kg,
CSS03273,恒力吊架组件,SX A100.25 位移175 S型,,,1916T4003,,,S2,QA3,件,90,Kg,
CSS03274,恒力吊架组件,SX A100.25 位移180 S型,,,1916T4003,,,S2,QA3,件,90,Kg,
CSS03275,恒力吊架组件,SX A100.25 位移185 S型,,,1916T4003,,,S2,QA3,件,90,Kg,
CSS03276,恒力吊架组件,SX A100.25 位移190 S型,,,1916T4003,,,S2,QA3,件,90,Kg,
CSS03277,恒力吊架组件,SX A100.25 位移195 S型,,,1916T4003,,,S2,QA3,件,90,Kg,
CSS03278,恒力吊架组件,SX A100.25 位移200 S型,,,1916T4003,,,S2,QA3,件,90,Kg,
CSS03279,恒力吊架组件,SX A100.25 位移205 S型,,,1916T4003,,,S2,QA3,件,90,Kg,
CSS03280,恒力吊架组件,SX A100.25 位移210 S型,,,1916T4003,,,S2,QA3,件,90,Kg,
CSS03281,恒力吊架组件,SX A100.25 位移215 S型,,,1916T4003,,,S2,QA3,件,90,Kg,
CSS03282,恒力吊架组件,SX A100.25 位移220 S型,,,1916T4003,,,S2,QA3,件,90,Kg,
CSS03283,恒力吊架组件,SX A100.25 位移225 S型,,,1916T4003,,,S2,QA3,件,90,Kg,
CSS03284,恒力吊架组件,SX A100.25 位移230 S型,,,1916T4003,,,S2,QA3,件,90,Kg,
CSS03285,恒力吊架组件,SX A100.25 位移235 S型,,,1916T4003,,,S2,QA3,件,90,Kg,
CSS03286,恒力吊架组件,SX A100.25 位移240 S型,,,1916T4003,,,S2,QA3,件,90,Kg,
CSS03287,恒力吊架组件,SX A100.25 位移245 S型,,,1916T4003,,,S2,QA3,件,90,Kg,
CSS03288,恒力吊架组件,SX A100.25 位移250 S型,,,1916T4003,,,S2,QA3,件,90,Kg,
CSS03289,恒力吊架组件,SX A100.30 位移90 S型,,,1916T4003,,,S2,QA3,件,90,Kg,
CSS03290,恒力吊架组件,SX A100.30 位移95 S型,,,1916T4003,,,S2,QA3,件,90,Kg,
CSS03291,恒力吊架组件,SX A100.30 位移100 S型,,,1916T4003,,,S2,QA3,件,90,Kg,
CSS03292,恒力吊架组件,SX A100.30 位移105 S型,,,1916T4003,,,S2,QA3,件,90,Kg,
CSS03293,恒力吊架组件,SX A100.30 位移110 S型,,,1916T4003,,,S2,QA3,件,90,Kg,
CSS03294,恒力吊架组件,SX A100.30 位移115 S型,,,1916T4003,,,S2,QA3,件,90,Kg,
CSS03295,恒力吊架组件,SX A100.30 位移120 S型,,,1916T4003,,,S2,QA3,件,90,Kg,
CSS03296,恒力吊架组件,SX A100.30 位移125 S型,,,1916T4003,,,S2,QA3,件,90,Kg,
CSS03297,恒力吊架组件,SX A100.30 位移130 S型,,,1916T4003,,,S2,QA3,件,90,Kg,
CSS03298,恒力吊架组件,SX A100.30 位移135 S型,,,1916T4003,,,S2,QA3,件,90,Kg,
CSS03299,恒力吊架组件,SX A100.30 位移140 S型,,,1916T4003,,,S2,QA3,件,90,Kg,
CSS03300,恒力吊架组件,SX A100.30 位移145 S型,,,1916T4003,,,S2,QA3,件,90,Kg,
CSS03301,恒力吊架组件,SX A100.30 位移150 S型,,,1916T4003,,,S2,QA3,件,90,Kg,
CSS03302,恒力吊架组件,SX A100.30 位移155 S型,,,1916T4003,,,S2,QA3,件,90,Kg,
CSS03303,恒力吊架组件,SX A100.30 位移160 S型,,,1916T4003,,,S2,QA3,件,90,Kg,
CSS03304,恒力吊架组件,SX A100.30 位移165 S型,,,1916T4003,,,S2,QA3,件,90,Kg,
CSS03305,恒力吊架组件,SX A100.30 位移170 S型,,,1916T4003,,,S2,QA3,件,90,Kg,
CSS03306,恒力吊架组件,SX A100.30 位移175 S型,,,1916T4003,,,S2,QA3,件,90,Kg,
CSS03307,恒力吊架组件,SX A100.30 位移180 S型,,,1916T4003,,,S2,QA3,件,90,Kg,
CSS03308,恒力吊架组件,SX A100.30 位移185 S型,,,1916T4003,,,S2,QA3,件,90,Kg,
CSS03309,恒力吊架组件,SX A100.30 位移190 S型,,,1916T4003,,,S2,QA3,件,90,Kg,
CSS03310,恒力吊架组件,SX A100.30 位移195 S型,,,1916T4003,,,S2,QA3,件,90,Kg,
CSS03311,恒力吊架组件,SX A100.30 位移200 S型,,,1916T4003,,,S2,QA3,件,90,Kg,
CSS03312,恒力吊架组件,SX A100.30 位移205 S型,,,1916T4003,,,S2,QA3,件,90,Kg,
CSS03313,恒力吊架组件,SX A100.30 位移210 S型,,,1916T4003,,,S2,QA3,件,90,Kg,
CSS03314,恒力吊架组件,SX A100.30 位移215 S型,,,1916T4003,,,S2,QA3,件,90,Kg,
CSS03315,恒力吊架组件,SX A100.30 位移220 S型,,,1916T4003,,,S2,QA3,件,90,Kg,
CSS03316,恒力吊架组件,SX A100.30 位移225 S型,,,1916T4003,,,S2,QA3,件,90,Kg,
CSS03317,恒力吊架组件,SX A100.30 位移230 S型,,,1916T4003,,,S2,QA3,件,90,Kg,
CSS03318,恒力吊架组件,SX A100.30 位移235 S型,,,1916T4003,,,S2,QA3,件,90,Kg,
CSS03319,恒力吊架组件,SX A100.30 位移240 S型,,,1916T4003,,,S2,QA3,件,90,Kg,
CSS03320,恒力吊架组件,SX A100.30 位移245 S型,,,1916T4003,,,S2,QA3,件,90,Kg,
CSS03321,恒力吊架组件,SX A100.30 位移250 S型,,,1916T4003,,,S2,QA3,件,90,Kg,
CSS03322,恒力吊架组件,SX A101.2.5 位移90 S型,,,1916T4003,,,S2,QA3,件,45,Kg,
CSS03323,恒力吊架组件,SX A101.2.5 位移95 S型,,,1916T4003,,,S2,QA3,件,45,Kg,
CSS03324,恒力吊架组件,SX A101.2.5 位移100 S型,,,1916T4003,,,S2,QA3,件,45,Kg,
CSS03325,恒力吊架组件,SX A101.2.5 位移105 S型,,,1916T4003,,,S2,QA3,件,45,Kg,
CSS03326,恒力吊架组件,SX A101.2.5 位移110 S型,,,1916T4003,,,S2,QA3,件,45,Kg,
CSS03327,恒力吊架组件,SX A101.2.5 位移115 S型,,,1916T4003,,,S2,QA3,件,45,Kg,
CSS03328,恒力吊架组件,SX A101.2.5 位移120 S型,,,1916T4003,,,S2,QA3,件,45,Kg,
CSS03329,恒力吊架组件,SX A101.2.5 位移125 S型,,,1916T4003,,,S2,QA3,件,45,Kg,
CSS03330,恒力吊架组件,SX A101.2.5 位移130 S型,,,1916T4003,,,S2,QA3,件,45,Kg,
CSS03331,恒力吊架组件,SX A101.2.5 位移135 S型,,,1916T4003,,,S2,QA3,件,45,Kg,
CSS03332,恒力吊架组件,SX A101.2.5 位移140 S型,,,1916T4003,,,S2,QA3,件,45,Kg,
CSS03333,恒力吊架组件,SX A101.2.5 位移145 S型,,,1916T4003,,,S2,QA3,件,45,Kg,
CSS03334,恒力吊架组件,SX A101.2.5 位移150 S型,,,1916T4003,,,S2,QA3,件,45,Kg,
CSS03335,恒力吊架组件,SX A101.2.5 位移155 S型,,,1916T4003,,,S2,QA3,件,45,Kg,
CSS03336,恒力吊架组件,SX A101.2.5 位移160 S型,,,1916T4003,,,S2,QA3,件,45,Kg,
CSS03337,恒力吊架组件,SX A101.2.5 位移165 S型,,,1916T4003,,,S2,QA3,件,45,Kg,
CSS03338,恒力吊架组件,SX A101.2.5 位移170 S型,,,1916T4003,,,S2,QA3,件,45,Kg,
CSS03339,恒力吊架组件,SX A101.2.5 位移175 S型,,,1916T4003,,,S2,QA3,件,45,Kg,
CSS03340,恒力吊架组件,SX A101.2.5 位移180 S型,,,1916T4003,,,S2,QA3,件,45,Kg,
CSS03341,恒力吊架组件,SX A101.2.5 位移185 S型,,,1916T4003,,,S2,QA3,件,45,Kg,
CSS03342,恒力吊架组件,SX A101.2.5 位移190 S型,,,1916T4003,,,S2,QA3,件,45,Kg,
CSS03343,恒力吊架组件,SX A101.2.5 位移195 S型,,,1916T4003,,,S2,QA3,件,45,Kg,
CSS03344,恒力吊架组件,SX A101.2.5 位移200 S型,,,1916T4003,,,S2,QA3,件,45,Kg,
CSS03345,恒力吊架组件,SX A101.2.5 位移205 S型,,,1916T4003,,,S2,QA3,件,45,Kg,
CSS03346,恒力吊架组件,SX A101.2.5 位移210 S型,,,1916T4003,,,S2,QA3,件,45,Kg,
CSS03347,恒力吊架组件,SX A101.2.5 位移215 S型,,,1916T4003,,,S2,QA3,件,45,Kg,
CSS03348,恒力吊架组件,SX A101.2.5 位移220 S型,,,1916T4003,,,S2,QA3,件,45,Kg,
CSS03349,恒力吊架组件,SX A101.2.5 位移225 S型,,,1916T4003,,,S2,QA3,件,45,Kg,
CSS03350,恒力吊架组件,SX A101.2.5 位移230 S型,,,1916T4003,,,S2,QA3,件,45,Kg,
CSS03351,恒力吊架组件,SX A101.2.5 位移235 S型,,,1916T4003,,,S2,QA3,件,45,Kg,
CSS03352,恒力吊架组件,SX A101.2.5 位移240 S型,,,1916T4003,,,S2,QA3,件,45,Kg,
CSS03353,恒力吊架组件,SX A101.2.5 位移245 S型,,,1916T4003,,,S2,QA3,件,45,Kg,
CSS03354,恒力吊架组件,SX A101.2.5 位移250 S型,,,1916T4003,,,S2,QA3,件,45,Kg,
CSS03355,恒力吊架组件,SX A101.5 位移90 S型,,,1916T4003,,,S2,QA3,件,45,Kg,
CSS03356,恒力吊架组件,SX A101.5 位移95 S型,,,1916T4003,,,S2,QA3,件,45,Kg,
CSS03357,恒力吊架组件,SX A101.5 位移100 S型,,,1916T4003,,,S2,QA3,件,45,Kg,
CSS03358,恒力吊架组件,SX A101.5 位移105 S型,,,1916T4003,,,S2,QA3,件,45,Kg,
CSS03359,恒力吊架组件,SX A101.5 位移110 S型,,,1916T4003,,,S2,QA3,件,45,Kg,
CSS03360,恒力吊架组件,SX A101.5 位移115 S型,,,1916T4003,,,S2,QA3,件,45,Kg,
CSS03361,恒力吊架组件,SX A101.5 位移120 S型,,,1916T4003,,,S2,QA3,件,45,Kg,
CSS03362,恒力吊架组件,SX A101.5 位移125 S型,,,1916T4003,,,S2,QA3,件,45,Kg,
CSS03363,恒力吊架组件,SX A101.5 位移130 S型,,,1916T4003,,,S2,QA3,件,45,Kg,
CSS03364,恒力吊架组件,SX A101.5 位移135 S型,,,1916T4003,,,S2,QA3,件,45,Kg,
CSS03365,恒力吊架组件,SX A101.5 位移140 S型,,,1916T4003,,,S2,QA3,件,45,Kg,
CSS03366,恒力吊架组件,SX A101.5 位移145 S型,,,1916T4003,,,S2,QA3,件,45,Kg,
CSS03367,恒力吊架组件,SX A101.5 位移150 S型,,,1916T4003,,,S2,QA3,件,45,Kg,
CSS03368,恒力吊架组件,SX A101.5 位移155 S型,,,1916T4003,,,S2,QA3,件,45,Kg,
CSS03369,恒力吊架组件,SX A101.5 位移160 S型,,,1916T4003,,,S2,QA3,件,45,Kg,
CSS03370,恒力吊架组件,SX A101.5 位移165 S型,,,1916T4003,,,S2,QA3,件,45,Kg,
CSS03371,恒力吊架组件,SX A101.5 位移170 S型,,,1916T4003,,,S2,QA3,件,45,Kg,
CSS03372,恒力吊架组件,SX A101.5 位移175 S型,,,1916T4003,,,S2,QA3,件,45,Kg,
CSS03373,恒力吊架组件,SX A101.5 位移180 S型,,,1916T4003,,,S2,QA3,件,45,Kg,
CSS03374,恒力吊架组件,SX A101.5 位移185 S型,,,1916T4003,,,S2,QA3,件,45,Kg,
CSS03375,恒力吊架组件,SX A101.5 位移190 S型,,,1916T4003,,,S2,QA3,件,45,Kg,
CSS03376,恒力吊架组件,SX A101.5 位移195 S型,,,1916T4003,,,S2,QA3,件,45,Kg,
CSS03377,恒力吊架组件,SX A101.5 位移200 S型,,,1916T4003,,,S2,QA3,件,45,Kg,
CSS03378,恒力吊架组件,SX A101.5 位移205 S型,,,1916T4003,,,S2,QA3,件,45,Kg,
CSS03379,恒力吊架组件,SX A101.5 位移210 S型,,,1916T4003,,,S2,QA3,件,45,Kg,
CSS03380,恒力吊架组件,SX A101.5 位移215 S型,,,1916T4003,,,S2,QA3,件,45,Kg,
CSS03381,恒力吊架组件,SX A101.5 位移220 S型,,,1916T4003,,,S2,QA3,件,45,Kg,
CSS03382,恒力吊架组件,SX A101.5 位移225 S型,,,1916T4003,,,S2,QA3,件,45,Kg,
CSS03383,恒力吊架组件,SX A101.5 位移230 S型,,,1916T4003,,,S2,QA3,件,45,Kg,
CSS03384,恒力吊架组件,SX A101.5 位移235 S型,,,1916T4003,,,S2,QA3,件,45,Kg,
CSS03385,恒力吊架组件,SX A101.5 位移240 S型,,,1916T4003,,,S2,QA3,件,45,Kg,
CSS03386,恒力吊架组件,SX A101.5 位移245 S型,,,1916T4003,,,S2,QA3,件,45,Kg,
CSS03387,恒力吊架组件,SX A101.5 位移250 S型,,,1916T4003,,,S2,QA3,件,45,Kg,
CSS03388,恒力吊架组件,SX A101.10 位移90 S型,,,1916T4003,,,S2,QA3,件,45,Kg,
CSS03389,恒力吊架组件,SX A101.10 位移95 S型,,,1916T4003,,,S2,QA3,件,45,Kg,
CSS03390,恒力吊架组件,SX A101.10 位移100 S型,,,1916T4003,,,S2,QA3,件,45,Kg,
CSS03391,恒力吊架组件,SX A101.10 位移105 S型,,,1916T4003,,,S2,QA3,件,45,Kg,
CSS03392,恒力吊架组件,SX A101.10 位移110 S型,,,1916T4003,,,S2,QA3,件,45,Kg,
CSS03393,恒力吊架组件,SX A101.10 位移115 S型,,,1916T4003,,,S2,QA3,件,45,Kg,
CSS03394,恒力吊架组件,SX A101.10 位移120 S型,,,1916T4003,,,S2,QA3,件,45,Kg,
CSS03395,恒力吊架组件,SX A101.10 位移125 S型,,,1916T4003,,,S2,QA3,件,45,Kg,
CSS03396,恒力吊架组件,SX A101.10 位移130 S型,,,1916T4003,,,S2,QA3,件,45,Kg,
CSS03397,恒力吊架组件,SX A101.10 位移135 S型,,,1916T4003,,,S2,QA3,件,45,Kg,
CSS03398,恒力吊架组件,SX A101.10 位移140 S型,,,1916T4003,,,S2,QA3,件,45,Kg,
CSS03399,恒力吊架组件,SX A101.10 位移145 S型,,,1916T4003,,,S2,QA3,件,45,Kg,
CSS03400,恒力吊架组件,SX A101.10 位移150 S型,,,1916T4003,,,S2,QA3,件,45,Kg,
CSS03401,恒力吊架组件,SX A101.10 位移155 S型,,,1916T4003,,,S2,QA3,件,45,Kg,
CSS03402,恒力吊架组件,SX A101.10 位移160 S型,,,1916T4003,,,S2,QA3,件,45,Kg,
CSS03403,恒力吊架组件,SX A101.10 位移165 S型,,,1916T4003,,,S2,QA3,件,45,Kg,
CSS03404,恒力吊架组件,SX A101.10 位移170 S型,,,1916T4003,,,S2,QA3,件,45,Kg,
CSS03405,恒力吊架组件,SX A101.10 位移175 S型,,,1916T4003,,,S2,QA3,件,45,Kg,
CSS03406,恒力吊架组件,SX A101.10 位移180 S型,,,1916T4003,,,S2,QA3,件,45,Kg,
CSS03407,恒力吊架组件,SX A101.10 位移185 S型,,,1916T4003,,,S2,QA3,件,45,Kg,
CSS03408,恒力吊架组件,SX A101.10 位移190 S型,,,1916T4003,,,S2,QA3,件,45,Kg,
CSS03409,恒力吊架组件,SX A101.10 位移195 S型,,,1916T4003,,,S2,QA3,件,45,Kg,
CSS03410,恒力吊架组件,SX A101.10 位移200 S型,,,1916T4003,,,S2,QA3,件,45,Kg,
CSS03411,恒力吊架组件,SX A101.10 位移205 S型,,,1916T4003,,,S2,QA3,件,45,Kg,
CSS03412,恒力吊架组件,SX A101.10 位移210 S型,,,1916T4003,,,S2,QA3,件,45,Kg,
CSS03413,恒力吊架组件,SX A101.10 位移215 S型,,,1916T4003,,,S2,QA3,件,45,Kg,
CSS03414,恒力吊架组件,SX A101.10 位移220 S型,,,1916T4003,,,S2,QA3,件,45,Kg,
CSS03415,恒力吊架组件,SX A101.10 位移225 S型,,,1916T4003,,,S2,QA3,件,45,Kg,
CSS03416,恒力吊架组件,SX A101.10 位移230 S型,,,1916T4003,,,S2,QA3,件,45,Kg,
CSS03417,恒力吊架组件,SX A101.10 位移235 S型,,,1916T4003,,,S2,QA3,件,45,Kg,
CSS03418,恒力吊架组件,SX A101.10 位移240 S型,,,1916T4003,,,S2,QA3,件,45,Kg,
CSS03419,恒力吊架组件,SX A101.10 位移245 S型,,,1916T4003,,,S2,QA3,件,45,Kg,
CSS03420,恒力吊架组件,SX A101.10 位移250 S型,,,1916T4003,,,S2,QA3,件,45,Kg,
CSS03421,恒力吊架组件,SX A150.5 位移120 S型,,,1916T4003,,,S2,QA3,件,150,Kg,
CSS03422,恒力吊架组件,SX A150.5 位移125 S型,,,1916T4003,,,S2,QA3,件,150,Kg,
CSS03423,恒力吊架组件,SX A150.5 位移130 S型,,,1916T4003,,,S2,QA3,件,150,Kg,
CSS03424,恒力吊架组件,SX A150.5 位移135 S型,,,1916T4003,,,S2,QA3,件,150,Kg,
CSS03425,恒力吊架组件,SX A150.5 位移140 S型,,,1916T4003,,,S2,QA3,件,150,Kg,
CSS03426,恒力吊架组件,SX A150.5 位移145 S型,,,1916T4003,,,S2,QA3,件,150,Kg,
CSS03427,恒力吊架组件,SX A150.5 位移150 S型,,,1916T4003,,,S2,QA3,件,150,Kg,
CSS03428,恒力吊架组件,SX A150.5 位移155 S型,,,1916T4003,,,S2,QA3,件,150,Kg,
CSS03429,恒力吊架组件,SX A150.5 位移160 S型,,,1916T4003,,,S2,QA3,件,150,Kg,
CSS03430,恒力吊架组件,SX A150.5 位移165 S型,,,1916T4003,,,S2,QA3,件,150,Kg,
CSS03431,恒力吊架组件,SX A150.5 位移170 S型,,,1916T4003,,,S2,QA3,件,150,Kg,
CSS03432,恒力吊架组件,SX A150.5 位移175 S型,,,1916T4003,,,S2,QA3,件,150,Kg,
CSS03433,恒力吊架组件,SX A150.5 位移180 S型,,,1916T4003,,,S2,QA3,件,150,Kg,
CSS03434,恒力吊架组件,SX A150.5 位移185 S型,,,1916T4003,,,S2,QA3,件,150,Kg,
CSS03435,恒力吊架组件,SX A150.5 位移190 S型,,,1916T4003,,,S2,QA3,件,150,Kg,
CSS03436,恒力吊架组件,SX A150.5 位移195 S型,,,1916T4003,,,S2,QA3,件,150,Kg,
CSS03437,恒力吊架组件,SX A150.5 位移200 S型,,,1916T4003,,,S2,QA3,件,150,Kg,
CSS03438,恒力吊架组件,SX A150.5 位移205 S型,,,1916T4003,,,S2,QA3,件,150,Kg,
CSS03439,恒力吊架组件,SX A150.5 位移210 S型,,,1916T4003,,,S2,QA3,件,150,Kg,
CSS03440,恒力吊架组件,SX A150.5 位移215 S型,,,1916T4003,,,S2,QA3,件,150,Kg,
CSS03441,恒力吊架组件,SX A150.5 位移220 S型,,,1916T4003,,,S2,QA3,件,150,Kg,
CSS03442,恒力吊架组件,SX A150.5 位移225 S型,,,1916T4003,,,S2,QA3,件,150,Kg,
CSS03443,恒力吊架组件,SX A150.5 位移230 S型,,,1916T4003,,,S2,QA3,件,150,Kg,
CSS03444,恒力吊架组件,SX A150.5 位移235 S型,,,1916T4003,,,S2,QA3,件,150,Kg,
CSS03445,恒力吊架组件,SX A150.5 位移240 S型,,,1916T4003,,,S2,QA3,件,150,Kg,
CSS03446,恒力吊架组件,SX A150.5 位移245 S型,,,1916T4003,,,S2,QA3,件,150,Kg,
CSS03447,恒力吊架组件,SX A150.5 位移250 S型,,,1916T4003,,,S2,QA3,件,150,Kg,
CSS03448,恒力吊架组件,SX A150.5 位移255 S型,,,1916T4003,,,S2,QA3,件,150,Kg,
CSS03449,恒力吊架组件,SX A150.5 位移260 S型,,,1916T4003,,,S2,QA3,件,150,Kg,
CSS03450,恒力吊架组件,SX A150.5 位移265 S型,,,1916T4003,,,S2,QA3,件,150,Kg,
CSS03451,恒力吊架组件,SX A150.5 位移270 S型,,,1916T4003,,,S2,QA3,件,150,Kg,
CSS03452,恒力吊架组件,SX A150.5 位移275 S型,,,1916T4003,,,S2,QA3,件,150,Kg,
CSS03453,恒力吊架组件,SX A150.5 位移280 S型,,,1916T4003,,,S2,QA3,件,150,Kg,
CSS03454,恒力吊架组件,SX A150.5 位移285 S型,,,1916T4003,,,S2,QA3,件,150,Kg,
CSS03455,恒力吊架组件,SX A150.5 位移290 S型,,,1916T4003,,,S2,QA3,件,150,Kg,
CSS03456,恒力吊架组件,SX A150.5 位移295 S型,,,1916T4003,,,S2,QA3,件,150,Kg,
CSS03457,恒力吊架组件,SX A150.5 位移300 S型,,,1916T4003,,,S2,QA3,件,150,Kg,
CSS03458,恒力吊架组件,SX A150.10 位移120 S型,,,1916T4003,,,S2,QA3,件,150,Kg,
CSS03459,恒力吊架组件,SX A150.10 位移125 S型,,,1916T4003,,,S2,QA3,件,150,Kg,
CSS03460,恒力吊架组件,SX A150.10 位移130 S型,,,1916T4003,,,S2,QA3,件,150,Kg,
CSS03461,恒力吊架组件,SX A150.10 位移135 S型,,,1916T4003,,,S2,QA3,件,150,Kg,
CSS03462,恒力吊架组件,SX A150.10 位移140 S型,,,1916T4003,,,S2,QA3,件,150,Kg,
CSS03463,恒力吊架组件,SX A150.10 位移145 S型,,,1916T4003,,,S2,QA3,件,150,Kg,
CSS03464,恒力吊架组件,SX A150.10 位移150 S型,,,1916T4003,,,S2,QA3,件,150,Kg,
CSS03465,恒力吊架组件,SX A150.10 位移155 S型,,,1916T4003,,,S2,QA3,件,150,Kg,
CSS03466,恒力吊架组件,SX A150.10 位移160 S型,,,1916T4003,,,S2,QA3,件,150,Kg,
CSS03467,恒力吊架组件,SX A150.10 位移165 S型,,,1916T4003,,,S2,QA3,件,150,Kg,
CSS03468,恒力吊架组件,SX A150.10 位移170 S型,,,1916T4003,,,S2,QA3,件,150,Kg,
CSS03469,恒力吊架组件,SX A150.10 位移175 S型,,,1916T4003,,,S2,QA3,件,150,Kg,
CSS03470,恒力吊架组件,SX A150.10 位移180 S型,,,1916T4003,,,S2,QA3,件,150,Kg,
CSS03471,恒力吊架组件,SX A150.10 位移185 S型,,,1916T4003,,,S2,QA3,件,150,Kg,
CSS03472,恒力吊架组件,SX A150.10 位移190 S型,,,1916T4003,,,S2,QA3,件,150,Kg,
CSS03473,恒力吊架组件,SX A150.10 位移195 S型,,,1916T4003,,,S2,QA3,件,150,Kg,
CSS03474,恒力吊架组件,SX A150.10 位移200 S型,,,1916T4003,,,S2,QA3,件,150,Kg,
CSS03475,恒力吊架组件,SX A150.10 位移205 S型,,,1916T4003,,,S2,QA3,件,150,Kg,
CSS03476,恒力吊架组件,SX A150.10 位移210 S型,,,1916T4003,,,S2,QA3,件,150,Kg,
CSS03477,恒力吊架组件,SX A150.10 位移215 S型,,,1916T4003,,,S2,QA3,件,150,Kg,
CSS03478,恒力吊架组件,SX A150.10 位移220 S型,,,1916T4003,,,S2,QA3,件,150,Kg,
CSS03479,恒力吊架组件,SX A150.10 位移225 S型,,,1916T4003,,,S2,QA3,件,150,Kg,
CSS03480,恒力吊架组件,SX A150.10 位移230 S型,,,1916T4003,,,S2,QA3,件,150,Kg,
CSS03481,恒力吊架组件,SX A150.10 位移235 S型,,,1916T4003,,,S2,QA3,件,150,Kg,
CSS03482,恒力吊架组件,SX A150.10 位移240 S型,,,1916T4003,,,S2,QA3,件,150,Kg,
CSS03483,恒力吊架组件,SX A150.10 位移245 S型,,,1916T4003,,,S2,QA3,件,150,Kg,
CSS03484,恒力吊架组件,SX A150.10 位移250 S型,,,1916T4003,,,S2,QA3,件,150,Kg,
CSS03485,恒力吊架组件,SX A150.10 位移255 S型,,,1916T4003,,,S2,QA3,件,150,Kg,
CSS03486,恒力吊架组件,SX A150.10 位移260 S型,,,1916T4003,,,S2,QA3,件,150,Kg,
CSS03487,恒力吊架组件,SX A150.10 位移265 S型,,,1916T4003,,,S2,QA3,件,150,Kg,
CSS03488,恒力吊架组件,SX A150.10 位移270 S型,,,1916T4003,,,S2,QA3,件,150,Kg,
CSS03489,恒力吊架组件,SX A150.10 位移275 S型,,,1916T4003,,,S2,QA3,件,150,Kg,
CSS03490,恒力吊架组件,SX A150.10 位移280 S型,,,1916T4003,,,S2,QA3,件,150,Kg,
CSS03491,恒力吊架组件,SX A150.10 位移285 S型,,,1916T4003,,,S2,QA3,件,150,Kg,
CSS03492,恒力吊架组件,SX A150.10 位移290 S型,,,1916T4003,,,S2,QA3,件,150,Kg,
CSS03493,恒力吊架组件,SX A150.10 位移295 S型,,,1916T4003,,,S2,QA3,件,150,Kg,
CSS03494,恒力吊架组件,SX A150.10 位移300 S型,,,1916T4003,,,S2,QA3,件,150,Kg,
CSS03495,恒力吊架组件,SX A150.15 位移120 S型,,,1916T4003,,,S2,QA3,件,150,Kg,
CSS03496,恒力吊架组件,SX A150.15 位移125 S型,,,1916T4003,,,S2,QA3,件,150,Kg,
CSS03497,恒力吊架组件,SX A150.15 位移130 S型,,,1916T4003,,,S2,QA3,件,150,Kg,
CSS03498,恒力吊架组件,SX A150.15 位移135 S型,,,1916T4003,,,S2,QA3,件,150,Kg,
CSS03499,恒力吊架组件,SX A150.15 位移140 S型,,,1916T4003,,,S2,QA3,件,150,Kg,
CSS03500,恒力吊架组件,SX A150.15 位移145 S型,,,1916T4003,,,S2,QA3,件,150,Kg,
CSS03501,恒力吊架组件,SX A150.15 位移150 S型,,,1916T4003,,,S2,QA3,件,150,Kg,
CSS03502,恒力吊架组件,SX A150.15 位移155 S型,,,1916T4003,,,S2,QA3,件,150,Kg,
CSS03503,恒力吊架组件,SX A150.15 位移160 S型,,,1916T4003,,,S2,QA3,件,150,Kg,
CSS03504,恒力吊架组件,SX A150.15 位移165 S型,,,1916T4003,,,S2,QA3,件,150,Kg,
CSS03505,恒力吊架组件,SX A150.15 位移170 S型,,,1916T4003,,,S2,QA3,件,150,Kg,
CSS03506,恒力吊架组件,SX A150.15 位移175 S型,,,1916T4003,,,S2,QA3,件,150,Kg,
CSS03507,恒力吊架组件,SX A150.15 位移180 S型,,,1916T4003,,,S2,QA3,件,150,Kg,
CSS03508,恒力吊架组件,SX A150.15 位移185 S型,,,1916T4003,,,S2,QA3,件,150,Kg,
CSS03509,恒力吊架组件,SX A150.15 位移190 S型,,,1916T4003,,,S2,QA3,件,150,Kg,
CSS03510,恒力吊架组件,SX A150.15 位移195 S型,,,1916T4003,,,S2,QA3,件,150,Kg,
CSS03511,恒力吊架组件,SX A150.15 位移200 S型,,,1916T4003,,,S2,QA3,件,150,Kg,
CSS03512,恒力吊架组件,SX A150.15 位移205 S型,,,1916T4003,,,S2,QA3,件,150,Kg,
CSS03513,恒力吊架组件,SX A150.15 位移210 S型,,,1916T4003,,,S2,QA3,件,150,Kg,
CSS03514,恒力吊架组件,SX A150.15 位移215 S型,,,1916T4003,,,S2,QA3,件,150,Kg,
CSS03515,恒力吊架组件,SX A150.15 位移220 S型,,,1916T4003,,,S2,QA3,件,150,Kg,
CSS03516,恒力吊架组件,SX A150.15 位移225 S型,,,1916T4003,,,S2,QA3,件,150,Kg,
CSS03517,恒力吊架组件,SX A150.15 位移230 S型,,,1916T4003,,,S2,QA3,件,150,Kg,
CSS03518,恒力吊架组件,SX A150.15 位移235 S型,,,1916T4003,,,S2,QA3,件,150,Kg,
CSS03519,恒力吊架组件,SX A150.15 位移240 S型,,,1916T4003,,,S2,QA3,件,150,Kg,
CSS03520,恒力吊架组件,SX A150.15 位移245 S型,,,1916T4003,,,S2,QA3,件,150,Kg,
CSS03521,恒力吊架组件,SX A150.15 位移250 S型,,,1916T4003,,,S2,QA3,件,150,Kg,
CSS03522,恒力吊架组件,SX A150.15 位移255 S型,,,1916T4003,,,S2,QA3,件,150,Kg,
CSS03523,恒力吊架组件,SX A150.15 位移260 S型,,,1916T4003,,,S2,QA3,件,150,Kg,
CSS03524,恒力吊架组件,SX A150.15 位移265 S型,,,1916T4003,,,S2,QA3,件,150,Kg,
CSS03525,恒力吊架组件,SX A150.15 位移270 S型,,,1916T4003,,,S2,QA3,件,150,Kg,
CSS03526,恒力吊架组件,SX A150.15 位移275 S型,,,1916T4003,,,S2,QA3,件,150,Kg,
CSS03527,恒力吊架组件,SX A150.15 位移280 S型,,,1916T4003,,,S2,QA3,件,150,Kg,
CSS03528,恒力吊架组件,SX A150.15 位移285 S型,,,1916T4003,,,S2,QA3,件,150,Kg,
CSS03529,恒力吊架组件,SX A150.15 位移290 S型,,,1916T4003,,,S2,QA3,件,150,Kg,
CSS03530,恒力吊架组件,SX A150.15 位移295 S型,,,1916T4003,,,S2,QA3,件,150,Kg,
CSS03531,恒力吊架组件,SX A150.15 位移300 S型,,,1916T4003,,,S2,QA3,件,150,Kg,
CSS03532,恒力吊架组件,SX A150.20 位移120 S型,,,1916T4003,,,S2,QA3,件,150,Kg,
CSS03533,恒力吊架组件,SX A150.20 位移125 S型,,,1916T4003,,,S2,QA3,件,150,Kg,
CSS03534,恒力吊架组件,SX A150.20 位移130 S型,,,1916T4003,,,S2,QA3,件,150,Kg,
CSS03535,恒力吊架组件,SX A150.20 位移135 S型,,,1916T4003,,,S2,QA3,件,150,Kg,
CSS03536,恒力吊架组件,SX A150.20 位移140 S型,,,1916T4003,,,S2,QA3,件,150,Kg,
CSS03537,恒力吊架组件,SX A150.20 位移145 S型,,,1916T4003,,,S2,QA3,件,150,Kg,
CSS03538,恒力吊架组件,SX A150.20 位移150 S型,,,1916T4003,,,S2,QA3,件,150,Kg,
CSS03539,恒力吊架组件,SX A150.20 位移155 S型,,,1916T4003,,,S2,QA3,件,150,Kg,
CSS03540,恒力吊架组件,SX A150.20 位移160 S型,,,1916T4003,,,S2,QA3,件,150,Kg,
CSS03541,恒力吊架组件,SX A150.20 位移165 S型,,,1916T4003,,,S2,QA3,件,150,Kg,
CSS03542,恒力吊架组件,SX A150.20 位移170 S型,,,1916T4003,,,S2,QA3,件,150,Kg,
CSS03543,恒力吊架组件,SX A150.20 位移175 S型,,,1916T4003,,,S2,QA3,件,150,Kg,
CSS03544,恒力吊架组件,SX A150.20 位移180 S型,,,1916T4003,,,S2,QA3,件,150,Kg,
CSS03545,恒力吊架组件,SX A150.20 位移185 S型,,,1916T4003,,,S2,QA3,件,150,Kg,
CSS03546,恒力吊架组件,SX A150.20 位移190 S型,,,1916T4003,,,S2,QA3,件,150,Kg,
CSS03547,恒力吊架组件,SX A150.20 位移195 S型,,,1916T4003,,,S2,QA3,件,150,Kg,
CSS03548,恒力吊架组件,SX A150.20 位移200 S型,,,1916T4003,,,S2,QA3,件,150,Kg,
CSS03549,恒力吊架组件,SX A150.20 位移205 S型,,,1916T4003,,,S2,QA3,件,150,Kg,
CSS03550,恒力吊架组件,SX A150.20 位移210 S型,,,1916T4003,,,S2,QA3,件,150,Kg,
CSS03551,恒力吊架组件,SX A150.20 位移215 S型,,,1916T4003,,,S2,QA3,件,150,Kg,
CSS03552,恒力吊架组件,SX A150.20 位移220 S型,,,1916T4003,,,S2,QA3,件,150,Kg,
CSS03553,恒力吊架组件,SX A150.20 位移225 S型,,,1916T4003,,,S2,QA3,件,150,Kg,
CSS03554,恒力吊架组件,SX A150.20 位移230 S型,,,1916T4003,,,S2,QA3,件,150,Kg,
CSS03555,恒力吊架组件,SX A150.20 位移235 S型,,,1916T4003,,,S2,QA3,件,150,Kg,
CSS03556,恒力吊架组件,SX A150.20 位移240 S型,,,1916T4003,,,S2,QA3,件,150,Kg,
CSS03557,恒力吊架组件,SX A150.20 位移245 S型,,,1916T4003,,,S2,QA3,件,150,Kg,
CSS03558,恒力吊架组件,SX A150.20 位移250 S型,,,1916T4003,,,S2,QA3,件,150,Kg,
CSS03559,恒力吊架组件,SX A150.20 位移255 S型,,,1916T4003,,,S2,QA3,件,150,Kg,
CSS03560,恒力吊架组件,SX A150.20 位移260 S型,,,1916T4003,,,S2,QA3,件,150,Kg,
CSS03561,恒力吊架组件,SX A150.20 位移265 S型,,,1916T4003,,,S2,QA3,件,150,Kg,
CSS03562,恒力吊架组件,SX A150.20 位移270 S型,,,1916T4003,,,S2,QA3,件,150,Kg,
CSS03563,恒力吊架组件,SX A150.20 位移275 S型,,,1916T4003,,,S2,QA3,件,150,Kg,
CSS03564,恒力吊架组件,SX A150.20 位移280 S型,,,1916T4003,,,S2,QA3,件,150,Kg,
CSS03565,恒力吊架组件,SX A150.20 位移285 S型,,,1916T4003,,,S2,QA3,件,150,Kg,
CSS03566,恒力吊架组件,SX A150.20 位移290 S型,,,1916T4003,,,S2,QA3,件,150,Kg,
CSS03567,恒力吊架组件,SX A150.20 位移295 S型,,,1916T4003,,,S2,QA3,件,150,Kg,
CSS03568,恒力吊架组件,SX A150.20 位移300 S型,,,1916T4003,,,S2,QA3,件,150,Kg,
CSS03569,恒力吊架组件,SX A150.25 位移120 S型,,,1916T4003,,,S2,QA3,件,150,Kg,
CSS03570,恒力吊架组件,SX A150.25 位移125 S型,,,1916T4003,,,S2,QA3,件,150,Kg,
CSS03571,恒力吊架组件,SX A150.25 位移130 S型,,,1916T4003,,,S2,QA3,件,150,Kg,
CSS03572,恒力吊架组件,SX A150.25 位移135 S型,,,1916T4003,,,S2,QA3,件,150,Kg,
CSS03573,恒力吊架组件,SX A150.25 位移140 S型,,,1916T4003,,,S2,QA3,件,150,Kg,
CSS03574,恒力吊架组件,SX A150.25 位移145 S型,,,1916T4003,,,S2,QA3,件,150,Kg,
CSS03575,恒力吊架组件,SX A150.25 位移150 S型,,,1916T4003,,,S2,QA3,件,150,Kg,
CSS03576,恒力吊架组件,SX A150.25 位移155 S型,,,1916T4003,,,S2,QA3,件,150,Kg,
CSS03577,恒力吊架组件,SX A150.25 位移160 S型,,,1916T4003,,,S2,QA3,件,150,Kg,
CSS03578,恒力吊架组件,SX A150.25 位移165 S型,,,1916T4003,,,S2,QA3,件,150,Kg,
CSS03579,恒力吊架组件,SX A150.25 位移170 S型,,,1916T4003,,,S2,QA3,件,150,Kg,
CSS03580,恒力吊架组件,SX A150.25 位移175 S型,,,1916T4003,,,S2,QA3,件,150,Kg,
CSS03581,恒力吊架组件,SX A150.25 位移180 S型,,,1916T4003,,,S2,QA3,件,150,Kg,
CSS03582,恒力吊架组件,SX A150.25 位移185 S型,,,1916T4003,,,S2,QA3,件,150,Kg,
CSS03583,恒力吊架组件,SX A150.25 位移190 S型,,,1916T4003,,,S2,QA3,件,150,Kg,
CSS03584,恒力吊架组件,SX A150.25 位移195 S型,,,1916T4003,,,S2,QA3,件,150,Kg,
CSS03585,恒力吊架组件,SX A150.25 位移200 S型,,,1916T4003,,,S2,QA3,件,150,Kg,
CSS03586,恒力吊架组件,SX A150.25 位移205 S型,,,1916T4003,,,S2,QA3,件,150,Kg,
CSS03587,恒力吊架组件,SX A150.25 位移210 S型,,,1916T4003,,,S2,QA3,件,150,Kg,
CSS03588,恒力吊架组件,SX A150.25 位移215 S型,,,1916T4003,,,S2,QA3,件,150,Kg,
CSS03589,恒力吊架组件,SX A150.25 位移220 S型,,,1916T4003,,,S2,QA3,件,150,Kg,
CSS03590,恒力吊架组件,SX A150.25 位移225 S型,,,1916T4003,,,S2,QA3,件,150,Kg,
CSS03591,恒力吊架组件,SX A150.25 位移230 S型,,,1916T4003,,,S2,QA3,件,150,Kg,
CSS03592,恒力吊架组件,SX A150.25 位移235 S型,,,1916T4003,,,S2,QA3,件,150,Kg,
CSS03593,恒力吊架组件,SX A150.25 位移240 S型,,,1916T4003,,,S2,QA3,件,150,Kg,
CSS03594,恒力吊架组件,SX A150.25 位移245 S型,,,1916T4003,,,S2,QA3,件,150,Kg,
CSS03595,恒力吊架组件,SX A150.25 位移250 S型,,,1916T4003,,,S2,QA3,件,150,Kg,
CSS03596,恒力吊架组件,SX A150.25 位移255 S型,,,1916T4003,,,S2,QA3,件,150,Kg,
CSS03597,恒力吊架组件,SX A150.25 位移260 S型,,,1916T4003,,,S2,QA3,件,150,Kg,
CSS03598,恒力吊架组件,SX A150.25 位移265 S型,,,1916T4003,,,S2,QA3,件,150,Kg,
CSS03599,恒力吊架组件,SX A150.25 位移270 S型,,,1916T4003,,,S2,QA3,件,150,Kg,
CSS03600,恒力吊架组件,SX A150.25 位移275 S型,,,1916T4003,,,S2,QA3,件,150,Kg,
CSS03601,恒力吊架组件,SX A150.25 位移280 S型,,,1916T4003,,,S2,QA3,件,150,Kg,
CSS03602,恒力吊架组件,SX A150.25 位移285 S型,,,1916T4003,,,S2,QA3,件,150,Kg,
CSS03603,恒力吊架组件,SX A150.25 位移290 S型,,,1916T4003,,,S2,QA3,件,150,Kg,
CSS03604,恒力吊架组件,SX A150.25 位移295 S型,,,1916T4003,,,S2,QA3,件,150,Kg,
CSS03605,恒力吊架组件,SX A150.25 位移300 S型,,,1916T4003,,,S2,QA3,件,150,Kg,
CSS03606,恒力吊架组件,SX A150.30 位移120 S型,,,1916T4003,,,S2,QA3,件,150,Kg,
CSS03607,恒力吊架组件,SX A150.30 位移125 S型,,,1916T4003,,,S2,QA3,件,150,Kg,
CSS03608,恒力吊架组件,SX A150.30 位移130 S型,,,1916T4003,,,S2,QA3,件,150,Kg,
CSS03609,恒力吊架组件,SX A150.30 位移135 S型,,,1916T4003,,,S2,QA3,件,150,Kg,
CSS03610,恒力吊架组件,SX A150.30 位移140 S型,,,1916T4003,,,S2,QA3,件,150,Kg,
CSS03611,恒力吊架组件,SX A150.30 位移145 S型,,,1916T4003,,,S2,QA3,件,150,Kg,
CSS03612,恒力吊架组件,SX A150.30 位移150 S型,,,1916T4003,,,S2,QA3,件,150,Kg,
CSS03613,恒力吊架组件,SX A150.30 位移155 S型,,,1916T4003,,,S2,QA3,件,150,Kg,
CSS03614,恒力吊架组件,SX A150.30 位移160 S型,,,1916T4003,,,S2,QA3,件,150,Kg,
CSS03615,恒力吊架组件,SX A150.30 位移165 S型,,,1916T4003,,,S2,QA3,件,150,Kg,
CSS03616,恒力吊架组件,SX A150.30 位移170 S型,,,1916T4003,,,S2,QA3,件,150,Kg,
CSS03617,恒力吊架组件,SX A150.30 位移175 S型,,,1916T4003,,,S2,QA3,件,150,Kg,
CSS03618,恒力吊架组件,SX A150.30 位移180 S型,,,1916T4003,,,S2,QA3,件,150,Kg,
CSS03619,恒力吊架组件,SX A150.30 位移185 S型,,,1916T4003,,,S2,QA3,件,150,Kg,
CSS03620,恒力吊架组件,SX A150.30 位移190 S型,,,1916T4003,,,S2,QA3,件,150,Kg,
CSS03621,恒力吊架组件,SX A150.30 位移195 S型,,,1916T4003,,,S2,QA3,件,150,Kg,
CSS03622,恒力吊架组件,SX A150.30 位移200 S型,,,1916T4003,,,S2,QA3,件,150,Kg,
CSS03623,恒力吊架组件,SX A150.30 位移205 S型,,,1916T4003,,,S2,QA3,件,150,Kg,
CSS03624,恒力吊架组件,SX A150.30 位移210 S型,,,1916T4003,,,S2,QA3,件,150,Kg,
CSS03625,恒力吊架组件,SX A150.30 位移215 S型,,,1916T4003,,,S2,QA3,件,150,Kg,
CSS03626,恒力吊架组件,SX A150.30 位移220 S型,,,1916T4003,,,S2,QA3,件,150,Kg,
CSS03627,恒力吊架组件,SX A150.30 位移225 S型,,,1916T4003,,,S2,QA3,件,150,Kg,
CSS03628,恒力吊架组件,SX A150.30 位移230 S型,,,1916T4003,,,S2,QA3,件,150,Kg,
CSS03629,恒力吊架组件,SX A150.30 位移235 S型,,,1916T4003,,,S2,QA3,件,150,Kg,
CSS03630,恒力吊架组件,SX A150.30 位移240 S型,,,1916T4003,,,S2,QA3,件,150,Kg,
CSS03631,恒力吊架组件,SX A150.30 位移245 S型,,,1916T4003,,,S2,QA3,件,150,Kg,
CSS03632,恒力吊架组件,SX A150.30 位移250 S型,,,1916T4003,,,S2,QA3,件,150,Kg,
CSS03633,恒力吊架组件,SX A150.30 位移255 S型,,,1916T4003,,,S2,QA3,件,150,Kg,
CSS03634,恒力吊架组件,SX A150.30 位移260 S型,,,1916T4003,,,S2,QA3,件,150,Kg,
CSS03635,恒力吊架组件,SX A150.30 位移265 S型,,,1916T4003,,,S2,QA3,件,150,Kg,
CSS03636,恒力吊架组件,SX A150.30 位移270 S型,,,1916T4003,,,S2,QA3,件,150,Kg,
CSS03637,恒力吊架组件,SX A150.30 位移275 S型,,,1916T4003,,,S2,QA3,件,150,Kg,
CSS03638,恒力吊架组件,SX A150.30 位移280 S型,,,1916T4003,,,S2,QA3,件,150,Kg,
CSS03639,恒力吊架组件,SX A150.30 位移285 S型,,,1916T4003,,,S2,QA3,件,150,Kg,
CSS03640,恒力吊架组件,SX A150.30 位移290 S型,,,1916T4003,,,S2,QA3,件,150,Kg,
CSS03641,恒力吊架组件,SX A150.30 位移295 S型,,,1916T4003,,,S2,QA3,件,150,Kg,
CSS03642,恒力吊架组件,SX A150.30 位移300 S型,,,1916T4003,,,S2,QA3,件,150,Kg,
CSS03643,恒力吊架组件,SX A200.15 位移150 S型,,,1916T4003,,,S2,QA3,件,250,Kg,
CSS03644,恒力吊架组件,SX A200.15 位移155 S型,,,1916T4003,,,S2,QA3,件,250,Kg,
CSS03645,恒力吊架组件,SX A200.15 位移160 S型,,,1916T4003,,,S2,QA3,件,250,Kg,
CSS03646,恒力吊架组件,SX A200.15 位移165 S型,,,1916T4003,,,S2,QA3,件,250,Kg,
CSS03647,恒力吊架组件,SX A200.15 位移170 S型,,,1916T4003,,,S2,QA3,件,250,Kg,
CSS03648,恒力吊架组件,SX A200.15 位移175 S型,,,1916T4003,,,S2,QA3,件,250,Kg,
CSS03649,恒力吊架组件,SX A200.15 位移180 S型,,,1916T4003,,,S2,QA3,件,250,Kg,
CSS03650,恒力吊架组件,SX A200.15 位移185 S型,,,1916T4003,,,S2,QA3,件,250,Kg,
CSS03651,恒力吊架组件,SX A200.15 位移190 S型,,,1916T4003,,,S2,QA3,件,250,Kg,
CSS03652,恒力吊架组件,SX A200.15 位移195 S型,,,1916T4003,,,S2,QA3,件,250,Kg,
CSS03653,恒力吊架组件,SX A200.15 位移200 S型,,,1916T4003,,,S2,QA3,件,250,Kg,
CSS03654,恒力吊架组件,SX A200.15 位移205 S型,,,1916T4003,,,S2,QA3,件,250,Kg,
CSS03655,恒力吊架组件,SX A200.15 位移210 S型,,,1916T4003,,,S2,QA3,件,250,Kg,
CSS03656,恒力吊架组件,SX A200.15 位移215 S型,,,1916T4003,,,S2,QA3,件,250,Kg,
CSS03657,恒力吊架组件,SX A200.15 位移220 S型,,,1916T4003,,,S2,QA3,件,250,Kg,
CSS03658,恒力吊架组件,SX A200.15 位移225 S型,,,1916T4003,,,S2,QA3,件,250,Kg,
CSS03659,恒力吊架组件,SX A200.15 位移230 S型,,,1916T4003,,,S2,QA3,件,250,Kg,
CSS03660,恒力吊架组件,SX A200.15 位移235 S型,,,1916T4003,,,S2,QA3,件,250,Kg,
CSS03661,恒力吊架组件,SX A200.15 位移240 S型,,,1916T4003,,,S2,QA3,件,250,Kg,
CSS03662,恒力吊架组件,SX A200.15 位移245 S型,,,1916T4003,,,S2,QA3,件,250,Kg,
CSS03663,恒力吊架组件,SX A200.15 位移250 S型,,,1916T4003,,,S2,QA3,件,250,Kg,
CSS03664,恒力吊架组件,SX A200.15 位移255 S型,,,1916T4003,,,S2,QA3,件,250,Kg,
CSS03665,恒力吊架组件,SX A200.15 位移260 S型,,,1916T4003,,,S2,QA3,件,250,Kg,
CSS03666,恒力吊架组件,SX A200.15 位移265 S型,,,1916T4003,,,S2,QA3,件,250,Kg,
CSS03667,恒力吊架组件,SX A200.15 位移270 S型,,,1916T4003,,,S2,QA3,件,250,Kg,
CSS03668,恒力吊架组件,SX A200.15 位移275 S型,,,1916T4003,,,S2,QA3,件,250,Kg,
CSS03669,恒力吊架组件,SX A200.15 位移280 S型,,,1916T4003,,,S2,QA3,件,250,Kg,
CSS03670,恒力吊架组件,SX A200.15 位移285 S型,,,1916T4003,,,S2,QA3,件,250,Kg,
CSS03671,恒力吊架组件,SX A200.15 位移290 S型,,,1916T4003,,,S2,QA3,件,250,Kg,
CSS03672,恒力吊架组件,SX A200.15 位移295 S型,,,1916T4003,,,S2,QA3,件,250,Kg,
CSS03673,恒力吊架组件,SX A200.15 位移300 S型,,,1916T4003,,,S2,QA3,件,250,Kg,
CSS03674,恒力吊架组件,SX A200.15 位移305 S型,,,1916T4003,,,S2,QA3,件,250,Kg,
CSS03675,恒力吊架组件,SX A200.15 位移310 S型,,,1916T4003,,,S2,QA3,件,250,Kg,
CSS03676,恒力吊架组件,SX A200.15 位移315 S型,,,1916T4003,,,S2,QA3,件,250,Kg,
CSS03677,恒力吊架组件,SX A200.15 位移320 S型,,,1916T4003,,,S2,QA3,件,250,Kg,
CSS03678,恒力吊架组件,SX A200.15 位移325 S型,,,1916T4003,,,S2,QA3,件,250,Kg,
CSS03679,恒力吊架组件,SX A200.15 位移330 S型,,,1916T4003,,,S2,QA3,件,250,Kg,
CSS03680,恒力吊架组件,SX A200.20 位移150 S型,,,1916T4003,,,S2,QA3,件,250,Kg,
CSS03681,恒力吊架组件,SX A200.20 位移155 S型,,,1916T4003,,,S2,QA3,件,250,Kg,
CSS03682,恒力吊架组件,SX A200.20 位移160 S型,,,1916T4003,,,S2,QA3,件,250,Kg,
CSS03683,恒力吊架组件,SX A200.20 位移165 S型,,,1916T4003,,,S2,QA3,件,250,Kg,
CSS03684,恒力吊架组件,SX A200.20 位移170 S型,,,1916T4003,,,S2,QA3,件,250,Kg,
CSS03685,恒力吊架组件,SX A200.20 位移175 S型,,,1916T4003,,,S2,QA3,件,250,Kg,
CSS03686,恒力吊架组件,SX A200.20 位移180 S型,,,1916T4003,,,S2,QA3,件,250,Kg,
CSS03687,恒力吊架组件,SX A200.20 位移185 S型,,,1916T4003,,,S2,QA3,件,250,Kg,
CSS03688,恒力吊架组件,SX A200.20 位移190 S型,,,1916T4003,,,S2,QA3,件,250,Kg,
CSS03689,恒力吊架组件,SX A200.20 位移195 S型,,,1916T4003,,,S2,QA3,件,250,Kg,
CSS03690,恒力吊架组件,SX A200.20 位移200 S型,,,1916T4003,,,S2,QA3,件,250,Kg,
CSS03691,恒力吊架组件,SX A200.20 位移205 S型,,,1916T4003,,,S2,QA3,件,250,Kg,
CSS03692,恒力吊架组件,SX A200.20 位移210 S型,,,1916T4003,,,S2,QA3,件,250,Kg,
CSS03693,恒力吊架组件,SX A200.20 位移215 S型,,,1916T4003,,,S2,QA3,件,250,Kg,
CSS03694,恒力吊架组件,SX A200.20 位移220 S型,,,1916T4003,,,S2,QA3,件,250,Kg,
CSS03695,恒力吊架组件,SX A200.20 位移225 S型,,,1916T4003,,,S2,QA3,件,250,Kg,
CSS03696,恒力吊架组件,SX A200.20 位移230 S型,,,1916T4003,,,S2,QA3,件,250,Kg,
CSS03697,恒力吊架组件,SX A200.20 位移235 S型,,,1916T4003,,,S2,QA3,件,250,Kg,
CSS03698,恒力吊架组件,SX A200.20 位移240 S型,,,1916T4003,,,S2,QA3,件,250,Kg,
CSS03699,恒力吊架组件,SX A200.20 位移245 S型,,,1916T4003,,,S2,QA3,件,250,Kg,
CSS03700,恒力吊架组件,SX A200.20 位移250 S型,,,1916T4003,,,S2,QA3,件,250,Kg,
CSS03701,恒力吊架组件,SX A200.20 位移255 S型,,,1916T4003,,,S2,QA3,件,250,Kg,
CSS03702,恒力吊架组件,SX A200.20 位移260 S型,,,1916T4003,,,S2,QA3,件,250,Kg,
CSS03703,恒力吊架组件,SX A200.20 位移265 S型,,,1916T4003,,,S2,QA3,件,250,Kg,
CSS03704,恒力吊架组件,SX A200.20 位移270 S型,,,1916T4003,,,S2,QA3,件,250,Kg,
CSS03705,恒力吊架组件,SX A200.20 位移275 S型,,,1916T4003,,,S2,QA3,件,250,Kg,
CSS03706,恒力吊架组件,SX A200.20 位移280 S型,,,1916T4003,,,S2,QA3,件,250,Kg,
CSS03707,恒力吊架组件,SX A200.20 位移285 S型,,,1916T4003,,,S2,QA3,件,250,Kg,
CSS03708,恒力吊架组件,SX A200.20 位移290 S型,,,1916T4003,,,S2,QA3,件,250,Kg,
CSS03709,恒力吊架组件,SX A200.20 位移295 S型,,,1916T4003,,,S2,QA3,件,250,Kg,
CSS03710,恒力吊架组件,SX A200.20 位移300 S型,,,1916T4003,,,S2,QA3,件,250,Kg,
CSS03711,恒力吊架组件,SX A200.20 位移305 S型,,,1916T4003,,,S2,QA3,件,250,Kg,
CSS03712,恒力吊架组件,SX A200.20 位移310 S型,,,1916T4003,,,S2,QA3,件,250,Kg,
CSS03713,恒力吊架组件,SX A200.20 位移315 S型,,,1916T4003,,,S2,QA3,件,250,Kg,
CSS03714,恒力吊架组件,SX A200.20 位移320 S型,,,1916T4003,,,S2,QA3,件,250,Kg,
CSS03715,恒力吊架组件,SX A200.20 位移325 S型,,,1916T4003,,,S2,QA3,件,250,Kg,
CSS03716,恒力吊架组件,SX A200.20 位移330 S型,,,1916T4003,,,S2,QA3,件,250,Kg,
CSS03717,恒力吊架组件,SX A200.25 位移150 S型,,,1916T4003,,,S2,QA3,件,250,Kg,
CSS03718,恒力吊架组件,SX A200.25 位移155 S型,,,1916T4003,,,S2,QA3,件,250,Kg,
CSS03719,恒力吊架组件,SX A200.25 位移160 S型,,,1916T4003,,,S2,QA3,件,250,Kg,
CSS03720,恒力吊架组件,SX A200.25 位移165 S型,,,1916T4003,,,S2,QA3,件,250,Kg,
CSS03721,恒力吊架组件,SX A200.25 位移170 S型,,,1916T4003,,,S2,QA3,件,250,Kg,
CSS03722,恒力吊架组件,SX A200.25 位移175 S型,,,1916T4003,,,S2,QA3,件,250,Kg,
CSS03723,恒力吊架组件,SX A200.25 位移180 S型,,,1916T4003,,,S2,QA3,件,250,Kg,
CSS03724,恒力吊架组件,SX A200.25 位移185 S型,,,1916T4003,,,S2,QA3,件,250,Kg,
CSS03725,恒力吊架组件,SX A200.25 位移190 S型,,,1916T4003,,,S2,QA3,件,250,Kg,
CSS03726,恒力吊架组件,SX A200.25 位移195 S型,,,1916T4003,,,S2,QA3,件,250,Kg,
CSS03727,恒力吊架组件,SX A200.25 位移200 S型,,,1916T4003,,,S2,QA3,件,250,Kg,
CSS03728,恒力吊架组件,SX A200.25 位移205 S型,,,1916T4003,,,S2,QA3,件,250,Kg,
CSS03729,恒力吊架组件,SX A200.25 位移210 S型,,,1916T4003,,,S2,QA3,件,250,Kg,
CSS03730,恒力吊架组件,SX A200.25 位移215 S型,,,1916T4003,,,S2,QA3,件,250,Kg,
CSS03731,恒力吊架组件,SX A200.25 位移220 S型,,,1916T4003,,,S2,QA3,件,250,Kg,
CSS03732,恒力吊架组件,SX A200.25 位移225 S型,,,1916T4003,,,S2,QA3,件,250,Kg,
CSS03733,恒力吊架组件,SX A200.25 位移230 S型,,,1916T4003,,,S2,QA3,件,250,Kg,
CSS03734,恒力吊架组件,SX A200.25 位移235 S型,,,1916T4003,,,S2,QA3,件,250,Kg,
CSS03735,恒力吊架组件,SX A200.25 位移240 S型,,,1916T4003,,,S2,QA3,件,250,Kg,
CSS03736,恒力吊架组件,SX A200.25 位移245 S型,,,1916T4003,,,S2,QA3,件,250,Kg,
CSS03737,恒力吊架组件,SX A200.25 位移250 S型,,,1916T4003,,,S2,QA3,件,250,Kg,
CSS03738,恒力吊架组件,SX A200.25 位移255 S型,,,1916T4003,,,S2,QA3,件,250,Kg,
CSS03739,恒力吊架组件,SX A200.25 位移260 S型,,,1916T4003,,,S2,QA3,件,250,Kg,
CSS03740,恒力吊架组件,SX A200.25 位移265 S型,,,1916T4003,,,S2,QA3,件,250,Kg,
CSS03741,恒力吊架组件,SX A200.25 位移270 S型,,,1916T4003,,,S2,QA3,件,250,Kg,
CSS03742,恒力吊架组件,SX A200.25 位移275 S型,,,1916T4003,,,S2,QA3,件,250,Kg,
CSS03743,恒力吊架组件,SX A200.25 位移280 S型,,,1916T4003,,,S2,QA3,件,250,Kg,
CSS03744,恒力吊架组件,SX A200.25 位移285 S型,,,1916T4003,,,S2,QA3,件,250,Kg,
CSS03745,恒力吊架组件,SX A200.25 位移290 S型,,,1916T4003,,,S2,QA3,件,250,Kg,
CSS03746,恒力吊架组件,SX A200.25 位移295 S型,,,1916T4003,,,S2,QA3,件,250,Kg,
CSS03747,恒力吊架组件,SX A200.25 位移300 S型,,,1916T4003,,,S2,QA3,件,250,Kg,
CSS03748,恒力吊架组件,SX A200.25 位移305 S型,,,1916T4003,,,S2,QA3,件,250,Kg,
CSS03749,恒力吊架组件,SX A200.25 位移310 S型,,,1916T4003,,,S2,QA3,件,250,Kg,
CSS03750,恒力吊架组件,SX A200.25 位移315 S型,,,1916T4003,,,S2,QA3,件,250,Kg,
CSS03751,恒力吊架组件,SX A200.25 位移320 S型,,,1916T4003,,,S2,QA3,件,250,Kg,
CSS03752,恒力吊架组件,SX A200.25 位移325 S型,,,1916T4003,,,S2,QA3,件,250,Kg,
CSS03753,恒力吊架组件,SX A200.25 位移330 S型,,,1916T4003,,,S2,QA3,件,250,Kg,
CSS03754,恒力吊架组件,SX A200.30 位移150 S型,,,1916T4003,,,S2,QA3,件,250,Kg,
CSS03755,恒力吊架组件,SX A200.30 位移155 S型,,,1916T4003,,,S2,QA3,件,250,Kg,
CSS03756,恒力吊架组件,SX A200.30 位移160 S型,,,1916T4003,,,S2,QA3,件,250,Kg,
CSS03757,恒力吊架组件,SX A200.30 位移165 S型,,,1916T4003,,,S2,QA3,件,250,Kg,
CSS03758,恒力吊架组件,SX A200.30 位移170 S型,,,1916T4003,,,S2,QA3,件,250,Kg,
CSS03759,恒力吊架组件,SX A200.30 位移175 S型,,,1916T4003,,,S2,QA3,件,250,Kg,
CSS03760,恒力吊架组件,SX A200.30 位移180 S型,,,1916T4003,,,S2,QA3,件,250,Kg,
CSS03761,恒力吊架组件,SX A200.30 位移185 S型,,,1916T4003,,,S2,QA3,件,250,Kg,
CSS03762,恒力吊架组件,SX A200.30 位移190 S型,,,1916T4003,,,S2,QA3,件,250,Kg,
CSS03763,恒力吊架组件,SX A200.30 位移195 S型,,,1916T4003,,,S2,QA3,件,250,Kg,
CSS03764,恒力吊架组件,SX A200.30 位移200 S型,,,1916T4003,,,S2,QA3,件,250,Kg,
CSS03765,恒力吊架组件,SX A200.30 位移205 S型,,,1916T4003,,,S2,QA3,件,250,Kg,
CSS03766,恒力吊架组件,SX A200.30 位移210 S型,,,1916T4003,,,S2,QA3,件,250,Kg,
CSS03767,恒力吊架组件,SX A200.30 位移215 S型,,,1916T4003,,,S2,QA3,件,250,Kg,
CSS03768,恒力吊架组件,SX A200.30 位移220 S型,,,1916T4003,,,S2,QA3,件,250,Kg,
CSS03769,恒力吊架组件,SX A200.30 位移225 S型,,,1916T4003,,,S2,QA3,件,250,Kg,
CSS03770,恒力吊架组件,SX A200.30 位移230 S型,,,1916T4003,,,S2,QA3,件,250,Kg,
CSS03771,恒力吊架组件,SX A200.30 位移235 S型,,,1916T4003,,,S2,QA3,件,250,Kg,
CSS03772,恒力吊架组件,SX A200.30 位移240 S型,,,1916T4003,,,S2,QA3,件,250,Kg,
CSS03773,恒力吊架组件,SX A200.30 位移245 S型,,,1916T4003,,,S2,QA3,件,250,Kg,
CSS03774,恒力吊架组件,SX A200.30 位移250 S型,,,1916T4003,,,S2,QA3,件,250,Kg,
CSS03775,恒力吊架组件,SX A200.30 位移255 S型,,,1916T4003,,,S2,QA3,件,250,Kg,
CSS03776,恒力吊架组件,SX A200.30 位移260 S型,,,1916T4003,,,S2,QA3,件,250,Kg,
CSS03777,恒力吊架组件,SX A200.30 位移265 S型,,,1916T4003,,,S2,QA3,件,250,Kg,
CSS03778,恒力吊架组件,SX A200.30 位移270 S型,,,1916T4003,,,S2,QA3,件,250,Kg,
CSS03779,恒力吊架组件,SX A200.30 位移275 S型,,,1916T4003,,,S2,QA3,件,250,Kg,
CSS03780,恒力吊架组件,SX A200.30 位移280 S型,,,1916T4003,,,S2,QA3,件,250,Kg,
CSS03781,恒力吊架组件,SX A200.30 位移285 S型,,,1916T4003,,,S2,QA3,件,250,Kg,
CSS03782,恒力吊架组件,SX A200.30 位移290 S型,,,1916T4003,,,S2,QA3,件,250,Kg,
CSS03783,恒力吊架组件,SX A200.30 位移295 S型,,,1916T4003,,,S2,QA3,件,250,Kg,
CSS03784,恒力吊架组件,SX A200.30 位移300 S型,,,1916T4003,,,S2,QA3,件,250,Kg,
CSS03785,恒力吊架组件,SX A200.30 位移305 S型,,,1916T4003,,,S2,QA3,件,250,Kg,
CSS03786,恒力吊架组件,SX A200.30 位移310 S型,,,1916T4003,,,S2,QA3,件,250,Kg,
CSS03787,恒力吊架组件,SX A200.30 位移315 S型,,,1916T4003,,,S2,QA3,件,250,Kg,
CSS03788,恒力吊架组件,SX A200.30 位移320 S型,,,1916T4003,,,S2,QA3,件,250,Kg,
CSS03789,恒力吊架组件,SX A200.30 位移325 S型,,,1916T4003,,,S2,QA3,件,250,Kg,
CSS03790,恒力吊架组件,SX A200.30 位移330 S型,,,1916T4003,,,S2,QA3,件,250,Kg,
CSS03791,恒力吊架组件,SX A250.20 位移170 S型,,,1916T4003,,,S2,QA3,件,500,Kg,
CSS03792,恒力吊架组件,SX A250.20 位移175 S型,,,1916T4003,,,S2,QA3,件,500,Kg,
CSS03793,恒力吊架组件,SX A250.20 位移180 S型,,,1916T4003,,,S2,QA3,件,500,Kg,
CSS03794,恒力吊架组件,SX A250.20 位移185 S型,,,1916T4003,,,S2,QA3,件,500,Kg,
CSS03795,恒力吊架组件,SX A250.20 位移190 S型,,,1916T4003,,,S2,QA3,件,500,Kg,
CSS03796,恒力吊架组件,SX A250.20 位移195 S型,,,1916T4003,,,S2,QA3,件,500,Kg,
CSS03797,恒力吊架组件,SX A250.20 位移200 S型,,,1916T4003,,,S2,QA3,件,500,Kg,
CSS03798,恒力吊架组件,SX A250.20 位移205 S型,,,1916T4003,,,S2,QA3,件,500,Kg,
CSS03799,恒力吊架组件,SX A250.20 位移210 S型,,,1916T4003,,,S2,QA3,件,500,Kg,
CSS03800,恒力吊架组件,SX A250.20 位移215 S型,,,1916T4003,,,S2,QA3,件,500,Kg,
CSS03801,恒力吊架组件,SX A250.20 位移220 S型,,,1916T4003,,,S2,QA3,件,500,Kg,
CSS03802,恒力吊架组件,SX A250.20 位移225 S型,,,1916T4003,,,S2,QA3,件,500,Kg,
CSS03803,恒力吊架组件,SX A250.20 位移230 S型,,,1916T4003,,,S2,QA3,件,500,Kg,
CSS03804,恒力吊架组件,SX A250.20 位移235 S型,,,1916T4003,,,S2,QA3,件,500,Kg,
CSS03805,恒力吊架组件,SX A250.20 位移240 S型,,,1916T4003,,,S2,QA3,件,500,Kg,
CSS03806,恒力吊架组件,SX A250.20 位移245 S型,,,1916T4003,,,S2,QA3,件,500,Kg,
CSS03807,恒力吊架组件,SX A250.20 位移250 S型,,,1916T4003,,,S2,QA3,件,500,Kg,
CSS03808,恒力吊架组件,SX A250.20 位移255 S型,,,1916T4003,,,S2,QA3,件,500,Kg,
CSS03809,恒力吊架组件,SX A250.20 位移260 S型,,,1916T4003,,,S2,QA3,件,500,Kg,
CSS03810,恒力吊架组件,SX A250.20 位移265 S型,,,1916T4003,,,S2,QA3,件,500,Kg,
CSS03811,恒力吊架组件,SX A250.20 位移270 S型,,,1916T4003,,,S2,QA3,件,500,Kg,
CSS03812,恒力吊架组件,SX A250.20 位移275 S型,,,1916T4003,,,S2,QA3,件,500,Kg,
CSS03813,恒力吊架组件,SX A250.20 位移280 S型,,,1916T4003,,,S2,QA3,件,500,Kg,
CSS03814,恒力吊架组件,SX A250.20 位移285 S型,,,1916T4003,,,S2,QA3,件,500,Kg,
CSS03815,恒力吊架组件,SX A250.20 位移290 S型,,,1916T4003,,,S2,QA3,件,500,Kg,
CSS03816,恒力吊架组件,SX A250.20 位移295 S型,,,1916T4003,,,S2,QA3,件,500,Kg,
CSS03817,恒力吊架组件,SX A250.20 位移300 S型,,,1916T4003,,,S2,QA3,件,500,Kg,
CSS03818,恒力吊架组件,SX A250.20 位移305 S型,,,1916T4003,,,S2,QA3,件,500,Kg,
CSS03819,恒力吊架组件,SX A250.20 位移310 S型,,,1916T4003,,,S2,QA3,件,500,Kg,
CSS03820,恒力吊架组件,SX A250.20 位移315 S型,,,1916T4003,,,S2,QA3,件,500,Kg,
CSS03821,恒力吊架组件,SX A250.20 位移320 S型,,,1916T4003,,,S2,QA3,件,500,Kg,
CSS03822,恒力吊架组件,SX A250.20 位移325 S型,,,1916T4003,,,S2,QA3,件,500,Kg,
CSS03823,恒力吊架组件,SX A250.20 位移330 S型,,,1916T4003,,,S2,QA3,件,500,Kg,
CSS03824,恒力吊架组件,SX A250.20 位移335 S型,,,1916T4003,,,S2,QA3,件,500,Kg,
CSS03825,恒力吊架组件,SX A250.20 位移340 S型,,,1916T4003,,,S2,QA3,件,500,Kg,
CSS03826,恒力吊架组件,SX A250.20 位移345 S型,,,1916T4003,,,S2,QA3,件,500,Kg,
CSS03827,恒力吊架组件,SX A250.20 位移350 S型,,,1916T4003,,,S2,QA3,件,500,Kg,
CSS03828,恒力吊架组件,SX A250.25 位移170 S型,,,1916T4003,,,S2,QA3,件,500,Kg,
CSS03829,恒力吊架组件,SX A250.25 位移175 S型,,,1916T4003,,,S2,QA3,件,500,Kg,
CSS03830,恒力吊架组件,SX A250.25 位移180 S型,,,1916T4003,,,S2,QA3,件,500,Kg,
CSS03831,恒力吊架组件,SX A250.25 位移185 S型,,,1916T4003,,,S2,QA3,件,500,Kg,
CSS03832,恒力吊架组件,SX A250.25 位移190 S型,,,1916T4003,,,S2,QA3,件,500,Kg,
CSS03833,恒力吊架组件,SX A250.25 位移195 S型,,,1916T4003,,,S2,QA3,件,500,Kg,
CSS03834,恒力吊架组件,SX A250.25 位移200 S型,,,1916T4003,,,S2,QA3,件,500,Kg,
CSS03835,恒力吊架组件,SX A250.25 位移205 S型,,,1916T4003,,,S2,QA3,件,500,Kg,
CSS03836,恒力吊架组件,SX A250.25 位移210 S型,,,1916T4003,,,S2,QA3,件,500,Kg,
CSS03837,恒力吊架组件,SX A250.25 位移215 S型,,,1916T4003,,,S2,QA3,件,500,Kg,
CSS03838,恒力吊架组件,SX A250.25 位移220 S型,,,1916T4003,,,S2,QA3,件,500,Kg,
CSS03839,恒力吊架组件,SX A250.25 位移225 S型,,,1916T4003,,,S2,QA3,件,500,Kg,
CSS03840,恒力吊架组件,SX A250.25 位移230 S型,,,1916T4003,,,S2,QA3,件,500,Kg,
CSS03841,恒力吊架组件,SX A250.25 位移235 S型,,,1916T4003,,,S2,QA3,件,500,Kg,
CSS03842,恒力吊架组件,SX A250.25 位移240 S型,,,1916T4003,,,S2,QA3,件,500,Kg,
CSS03843,恒力吊架组件,SX A250.25 位移245 S型,,,1916T4003,,,S2,QA3,件,500,Kg,
CSS03844,恒力吊架组件,SX A250.25 位移250 S型,,,1916T4003,,,S2,QA3,件,500,Kg,
CSS03845,恒力吊架组件,SX A250.25 位移255 S型,,,1916T4003,,,S2,QA3,件,500,Kg,
CSS03846,恒力吊架组件,SX A250.25 位移260 S型,,,1916T4003,,,S2,QA3,件,500,Kg,
CSS03847,恒力吊架组件,SX A250.25 位移265 S型,,,1916T4003,,,S2,QA3,件,500,Kg,
CSS03848,恒力吊架组件,SX A250.25 位移270 S型,,,1916T4003,,,S2,QA3,件,500,Kg,
CSS03849,恒力吊架组件,SX A250.25 位移275 S型,,,1916T4003,,,S2,QA3,件,500,Kg,
CSS03850,恒力吊架组件,SX A250.25 位移280 S型,,,1916T4003,,,S2,QA3,件,500,Kg,
CSS03851,恒力吊架组件,SX A250.25 位移285 S型,,,1916T4003,,,S2,QA3,件,500,Kg,
CSS03852,恒力吊架组件,SX A250.25 位移290 S型,,,1916T4003,,,S2,QA3,件,500,Kg,
CSS03853,恒力吊架组件,SX A250.25 位移295 S型,,,1916T4003,,,S2,QA3,件,500,Kg,
CSS03854,恒力吊架组件,SX A250.25 位移300 S型,,,1916T4003,,,S2,QA3,件,500,Kg,
CSS03855,恒力吊架组件,SX A250.25 位移305 S型,,,1916T4003,,,S2,QA3,件,500,Kg,
CSS03856,恒力吊架组件,SX A250.25 位移310 S型,,,1916T4003,,,S2,QA3,件,500,Kg,
CSS03857,恒力吊架组件,SX A250.25 位移315 S型,,,1916T4003,,,S2,QA3,件,500,Kg,
CSS03858,恒力吊架组件,SX A250.25 位移320 S型,,,1916T4003,,,S2,QA3,件,500,Kg,
CSS03859,恒力吊架组件,SX A250.25 位移325 S型,,,1916T4003,,,S2,QA3,件,500,Kg,
CSS03860,恒力吊架组件,SX A250.25 位移330 S型,,,1916T4003,,,S2,QA3,件,500,Kg,
CSS03861,恒力吊架组件,SX A250.25 位移335 S型,,,1916T4003,,,S2,QA3,件,500,Kg,
CSS03862,恒力吊架组件,SX A250.25 位移340 S型,,,1916T4003,,,S2,QA3,件,500,Kg,
CSS03863,恒力吊架组件,SX A250.25 位移345 S型,,,1916T4003,,,S2,QA3,件,500,Kg,
CSS03864,恒力吊架组件,SX A250.25 位移350 S型,,,1916T4003,,,S2,QA3,件,500,Kg,
CSS03865,恒力吊架组件,SX A250.30 位移170 S型,,,1916T4003,,,S2,QA3,件,500,Kg,
CSS03866,恒力吊架组件,SX A250.30 位移175 S型,,,1916T4003,,,S2,QA3,件,500,Kg,
CSS03867,恒力吊架组件,SX A250.30 位移180 S型,,,1916T4003,,,S2,QA3,件,500,Kg,
CSS03868,恒力吊架组件,SX A250.30 位移185 S型,,,1916T4003,,,S2,QA3,件,500,Kg,
CSS03869,恒力吊架组件,SX A250.30 位移190 S型,,,1916T4003,,,S2,QA3,件,500,Kg,
CSS03870,恒力吊架组件,SX A250.30 位移195 S型,,,1916T4003,,,S2,QA3,件,500,Kg,
CSS03871,恒力吊架组件,SX A250.30 位移200 S型,,,1916T4003,,,S2,QA3,件,500,Kg,
CSS03872,恒力吊架组件,SX A250.30 位移205 S型,,,1916T4003,,,S2,QA3,件,500,Kg,
CSS03873,恒力吊架组件,SX A250.30 位移210 S型,,,1916T4003,,,S2,QA3,件,500,Kg,
CSS03874,恒力吊架组件,SX A250.30 位移215 S型,,,1916T4003,,,S2,QA3,件,500,Kg,
CSS03875,恒力吊架组件,SX A250.30 位移220 S型,,,1916T4003,,,S2,QA3,件,500,Kg,
CSS03876,恒力吊架组件,SX A250.30 位移225 S型,,,1916T4003,,,S2,QA3,件,500,Kg,
CSS03877,恒力吊架组件,SX A250.30 位移230 S型,,,1916T4003,,,S2,QA3,件,500,Kg,
CSS03878,恒力吊架组件,SX A250.30 位移235 S型,,,1916T4003,,,S2,QA3,件,500,Kg,
CSS03879,恒力吊架组件,SX A250.30 位移240 S型,,,1916T4003,,,S2,QA3,件,500,Kg,
CSS03880,恒力吊架组件,SX A250.30 位移245 S型,,,1916T4003,,,S2,QA3,件,500,Kg,
CSS03881,恒力吊架组件,SX A250.30 位移250 S型,,,1916T4003,,,S2,QA3,件,500,Kg,
CSS03882,恒力吊架组件,SX A250.30 位移255 S型,,,1916T4003,,,S2,QA3,件,500,Kg,
CSS03883,恒力吊架组件,SX A250.30 位移260 S型,,,1916T4003,,,S2,QA3,件,500,Kg,
CSS03884,恒力吊架组件,SX A250.30 位移265 S型,,,1916T4003,,,S2,QA3,件,500,Kg,
CSS03885,恒力吊架组件,SX A250.30 位移270 S型,,,1916T4003,,,S2,QA3,件,500,Kg,
CSS03886,恒力吊架组件,SX A250.30 位移275 S型,,,1916T4003,,,S2,QA3,件,500,Kg,
CSS03887,恒力吊架组件,SX A250.30 位移280 S型,,,1916T4003,,,S2,QA3,件,500,Kg,
CSS03888,恒力吊架组件,SX A250.30 位移285 S型,,,1916T4003,,,S2,QA3,件,500,Kg,
CSS03889,恒力吊架组件,SX A250.30 位移290 S型,,,1916T4003,,,S2,QA3,件,500,Kg,
CSS03890,恒力吊架组件,SX A250.30 位移295 S型,,,1916T4003,,,S2,QA3,件,500,Kg,
CSS03891,恒力吊架组件,SX A250.30 位移300 S型,,,1916T4003,,,S2,QA3,件,500,Kg,
CSS03892,恒力吊架组件,SX A250.30 位移305 S型,,,1916T4003,,,S2,QA3,件,500,Kg,
CSS03893,恒力吊架组件,SX A250.30 位移310 S型,,,1916T4003,,,S2,QA3,件,500,Kg,
CSS03894,恒力吊架组件,SX A250.30 位移315 S型,,,1916T4003,,,S2,QA3,件,500,Kg,
CSS03895,恒力吊架组件,SX A250.30 位移320 S型,,,1916T4003,,,S2,QA3,件,500,Kg,
CSS03896,恒力吊架组件,SX A250.30 位移325 S型,,,1916T4003,,,S2,QA3,件,500,Kg,
CSS03897,恒力吊架组件,SX A250.30 位移330 S型,,,1916T4003,,,S2,QA3,件,500,Kg,
CSS03898,恒力吊架组件,SX A250.30 位移335 S型,,,1916T4003,,,S2,QA3,件,500,Kg,
CSS03899,恒力吊架组件,SX A250.30 位移340 S型,,,1916T4003,,,S2,QA3,件,500,Kg,
CSS03900,恒力吊架组件,SX A250.30 位移345 S型,,,1916T4003,,,S2,QA3,件,500,Kg,
CSS03901,恒力吊架组件,SX A250.30 位移350 S型,,,1916T4003,,,S2,QA3,件,500,Kg,
CSS03902,恒力吊架组件,SX A250.35 位移190 S型,,,1916T4003,,,S2,QA3,件,500,Kg,
CSS03903,恒力吊架组件,SX A250.35 位移195 S型,,,1916T4003,,,S2,QA3,件,500,Kg,
CSS03904,恒力吊架组件,SX A250.35 位移200 S型,,,1916T4003,,,S2,QA3,件,500,Kg,
CSS03905,恒力吊架组件,SX A250.35 位移205 S型,,,1916T4003,,,S2,QA3,件,500,Kg,
CSS03906,恒力吊架组件,SX A250.35 位移210 S型,,,1916T4003,,,S2,QA3,件,500,Kg,
CSS03907,恒力吊架组件,SX A250.35 位移215 S型,,,1916T4003,,,S2,QA3,件,500,Kg,
CSS03908,恒力吊架组件,SX A250.35 位移220 S型,,,1916T4003,,,S2,QA3,件,500,Kg,
CSS03909,恒力吊架组件,SX A250.35 位移225 S型,,,1916T4003,,,S2,QA3,件,500,Kg,
CSS03910,恒力吊架组件,SX A250.35 位移230 S型,,,1916T4003,,,S2,QA3,件,500,Kg,
CSS03911,恒力吊架组件,SX A250.35 位移235 S型,,,1916T4003,,,S2,QA3,件,500,Kg,
CSS03912,恒力吊架组件,SX A250.35 位移240 S型,,,1916T4003,,,S2,QA3,件,500,Kg,
CSS03913,恒力吊架组件,SX A250.35 位移245 S型,,,1916T4003,,,S2,QA3,件,500,Kg,
CSS03914,恒力吊架组件,SX A250.35 位移250 S型,,,1916T4003,,,S2,QA3,件,500,Kg,
CSS03915,恒力吊架组件,SX A250.35 位移255 S型,,,1916T4003,,,S2,QA3,件,500,Kg,
CSS03916,恒力吊架组件,SX A250.35 位移260 S型,,,1916T4003,,,S2,QA3,件,500,Kg,
CSS03917,恒力吊架组件,SX A250.35 位移265 S型,,,1916T4003,,,S2,QA3,件,500,Kg,
CSS03918,恒力吊架组件,SX A250.35 位移270 S型,,,1916T4003,,,S2,QA3,件,500,Kg,
CSS03919,恒力吊架组件,SX A250.35 位移275 S型,,,1916T4003,,,S2,QA3,件,500,Kg,
CSS03920,恒力吊架组件,SX A250.35 位移280 S型,,,1916T4003,,,S2,QA3,件,500,Kg,
CSS03921,恒力吊架组件,SX A250.35 位移285 S型,,,1916T4003,,,S2,QA3,件,500,Kg,
CSS03922,恒力吊架组件,SX A250.35 位移290 S型,,,1916T4003,,,S2,QA3,件,500,Kg,
CSS03923,恒力吊架组件,SX A250.35 位移295 S型,,,1916T4003,,,S2,QA3,件,500,Kg,
CSS03924,恒力吊架组件,SX A250.35 位移300 S型,,,1916T4003,,,S2,QA3,件,500,Kg,
CSS03925,恒力吊架组件,SX A250.35 位移305 S型,,,1916T4003,,,S2,QA3,件,500,Kg,
CSS03926,恒力吊架组件,SX A250.35 位移310 S型,,,1916T4003,,,S2,QA3,件,500,Kg,
CSS03927,恒力吊架组件,SX A250.35 位移315 S型,,,1916T4003,,,S2,QA3,件,500,Kg,
CSS03928,恒力吊架组件,SX A250.35 位移320 S型,,,1916T4003,,,S2,QA3,件,500,Kg,
CSS03929,恒力吊架组件,SX A250.35 位移325 S型,,,1916T4003,,,S2,QA3,件,500,Kg,
CSS03930,恒力吊架组件,SX A250.35 位移330 S型,,,1916T4003,,,S2,QA3,件,500,Kg,
CSS03931,恒力吊架组件,SX A250.35 位移335 S型,,,1916T4003,,,S2,QA3,件,500,Kg,
CSS03932,恒力吊架组件,SX A250.35 位移340 S型,,,1916T4003,,,S2,QA3,件,500,Kg,
CSS03933,恒力吊架组件,SX A250.35 位移345 S型,,,1916T4003,,,S2,QA3,件,500,Kg,
CSS03934,恒力吊架组件,SX A250.35 位移350 S型,,,1916T4003,,,S2,QA3,件,500,Kg,
CSS03935,恒力吊架组件,SX A100.15 位移90 P型,,,1916T4003,,,S2,QA3,件,115,Kg,
CSS03936,恒力吊架组件,SX A100.15 位移95 P型,,,1916T4003,,,S2,QA3,件,115,Kg,
CSS03937,恒力吊架组件,SX A100.15 位移100 P型,,,1916T4003,,,S2,QA3,件,115,Kg,
CSS03938,恒力吊架组件,SX A100.15 位移105 P型,,,1916T4003,,,S2,QA3,件,115,Kg,
CSS03939,恒力吊架组件,SX A100.15 位移110 P型,,,1916T4003,,,S2,QA3,件,115,Kg,
CSS03940,恒力吊架组件,SX A100.15 位移115 P型,,,1916T4003,,,S2,QA3,件,115,Kg,
CSS03941,恒力吊架组件,SX A100.15 位移120 P型,,,1916T4003,,,S2,QA3,件,115,Kg,
CSS03942,恒力吊架组件,SX A100.15 位移125 P型,,,1916T4003,,,S2,QA3,件,115,Kg,
CSS03943,恒力吊架组件,SX A100.15 位移130 P型,,,1916T4003,,,S2,QA3,件,115,Kg,
CSS03944,恒力吊架组件,SX A100.15 位移135 P型,,,1916T4003,,,S2,QA3,件,115,Kg,
CSS03945,恒力吊架组件,SX A100.15 位移140 P型,,,1916T4003,,,S2,QA3,件,115,Kg,
CSS03946,恒力吊架组件,SX A100.15 位移145 P型,,,1916T4003,,,S2,QA3,件,115,Kg,
CSS03947,恒力吊架组件,SX A100.15 位移150 P型,,,1916T4003,,,S2,QA3,件,115,Kg,
CSS03948,恒力吊架组件,SX A100.15 位移155 P型,,,1916T4003,,,S2,QA3,件,115,Kg,
CSS03949,恒力吊架组件,SX A100.15 位移160 P型,,,1916T4003,,,S2,QA3,件,115,Kg,
CSS03950,恒力吊架组件,SX A100.15 位移165 P型,,,1916T4003,,,S2,QA3,件,115,Kg,
CSS03951,恒力吊架组件,SX A100.15 位移170 P型,,,1916T4003,,,S2,QA3,件,115,Kg,
CSS03952,恒力吊架组件,SX A100.15 位移175 P型,,,1916T4003,,,S2,QA3,件,115,Kg,
CSS03953,恒力吊架组件,SX A100.15 位移180 P型,,,1916T4003,,,S2,QA3,件,115,Kg,
CSS03954,恒力吊架组件,SX A100.15 位移185 P型,,,1916T4003,,,S2,QA3,件,115,Kg,
CSS03955,恒力吊架组件,SX A100.15 位移190 P型,,,1916T4003,,,S2,QA3,件,115,Kg,
CSS03956,恒力吊架组件,SX A100.15 位移195 P型,,,1916T4003,,,S2,QA3,件,115,Kg,
CSS03957,恒力吊架组件,SX A100.15 位移200 P型,,,1916T4003,,,S2,QA3,件,115,Kg,
CSS03958,恒力吊架组件,SX A100.15 位移205 P型,,,1916T4003,,,S2,QA3,件,115,Kg,
CSS03959,恒力吊架组件,SX A100.15 位移210 P型,,,1916T4003,,,S2,QA3,件,115,Kg,
CSS03960,恒力吊架组件,SX A100.15 位移215 P型,,,1916T4003,,,S2,QA3,件,115,Kg,
CSS03961,恒力吊架组件,SX A100.15 位移220 P型,,,1916T4003,,,S2,QA3,件,115,Kg,
CSS03962,恒力吊架组件,SX A100.15 位移225 P型,,,1916T4003,,,S2,QA3,件,115,Kg,
CSS03963,恒力吊架组件,SX A100.15 位移230 P型,,,1916T4003,,,S2,QA3,件,115,Kg,
CSS03964,恒力吊架组件,SX A100.15 位移235 P型,,,1916T4003,,,S2,QA3,件,115,Kg,
CSS03965,恒力吊架组件,SX A100.15 位移240 P型,,,1916T4003,,,S2,QA3,件,115,Kg,
CSS03966,恒力吊架组件,SX A100.15 位移245 P型,,,1916T4003,,,S2,QA3,件,115,Kg,
CSS03967,恒力吊架组件,SX A100.15 位移250 P型,,,1916T4003,,,S2,QA3,件,115,Kg,
CSS03968,恒力吊架组件,SX A100.20 位移90 P型,,,1916T4003,,,S2,QA3,件,115,Kg,
CSS03969,恒力吊架组件,SX A100.20 位移95 P型,,,1916T4003,,,S2,QA3,件,115,Kg,
CSS03970,恒力吊架组件,SX A100.20 位移100 P型,,,1916T4003,,,S2,QA3,件,115,Kg,
CSS03971,恒力吊架组件,SX A100.20 位移105 P型,,,1916T4003,,,S2,QA3,件,115,Kg,
CSS03972,恒力吊架组件,SX A100.20 位移110 P型,,,1916T4003,,,S2,QA3,件,115,Kg,
CSS03973,恒力吊架组件,SX A100.20 位移115 P型,,,1916T4003,,,S2,QA3,件,115,Kg,
CSS03974,恒力吊架组件,SX A100.20 位移120 P型,,,1916T4003,,,S2,QA3,件,115,Kg,
CSS03975,恒力吊架组件,SX A100.20 位移125 P型,,,1916T4003,,,S2,QA3,件,115,Kg,
CSS03976,恒力吊架组件,SX A100.20 位移130 P型,,,1916T4003,,,S2,QA3,件,115,Kg,
CSS03977,恒力吊架组件,SX A100.20 位移135 P型,,,1916T4003,,,S2,QA3,件,115,Kg,
CSS03978,恒力吊架组件,SX A100.20 位移140 P型,,,1916T4003,,,S2,QA3,件,115,Kg,
CSS03979,恒力吊架组件,SX A100.20 位移145 P型,,,1916T4003,,,S2,QA3,件,115,Kg,
CSS03980,恒力吊架组件,SX A100.20 位移150 P型,,,1916T4003,,,S2,QA3,件,115,Kg,
CSS03981,恒力吊架组件,SX A100.20 位移155 P型,,,1916T4003,,,S2,QA3,件,115,Kg,
CSS03982,恒力吊架组件,SX A100.20 位移160 P型,,,1916T4003,,,S2,QA3,件,115,Kg,
CSS03983,恒力吊架组件,SX A100.20 位移165 P型,,,1916T4003,,,S2,QA3,件,115,Kg,
CSS03984,恒力吊架组件,SX A100.20 位移170 P型,,,1916T4003,,,S2,QA3,件,115,Kg,
CSS03985,恒力吊架组件,SX A100.20 位移175 P型,,,1916T4003,,,S2,QA3,件,115,Kg,
CSS03986,恒力吊架组件,SX A100.20 位移180 P型,,,1916T4003,,,S2,QA3,件,115,Kg,
CSS03987,恒力吊架组件,SX A100.20 位移185 P型,,,1916T4003,,,S2,QA3,件,115,Kg,
CSS03988,恒力吊架组件,SX A100.20 位移190 P型,,,1916T4003,,,S2,QA3,件,115,Kg,
CSS03989,恒力吊架组件,SX A100.20 位移195 P型,,,1916T4003,,,S2,QA3,件,115,Kg,
CSS03990,恒力吊架组件,SX A100.20 位移200 P型,,,1916T4003,,,S2,QA3,件,115,Kg,
CSS03991,恒力吊架组件,SX A100.20 位移205 P型,,,1916T4003,,,S2,QA3,件,115,Kg,
CSS03992,恒力吊架组件,SX A100.20 位移210 P型,,,1916T4003,,,S2,QA3,件,115,Kg,
CSS03993,恒力吊架组件,SX A100.20 位移215 P型,,,1916T4003,,,S2,QA3,件,115,Kg,
CSS03994,恒力吊架组件,SX A100.20 位移220 P型,,,1916T4003,,,S2,QA3,件,115,Kg,
CSS03995,恒力吊架组件,SX A100.20 位移225 P型,,,1916T4003,,,S2,QA3,件,115,Kg,
CSS03996,恒力吊架组件,SX A100.20 位移230 P型,,,1916T4003,,,S2,QA3,件,115,Kg,
CSS03997,恒力吊架组件,SX A100.20 位移235 P型,,,1916T4003,,,S2,QA3,件,115,Kg,
CSS03998,恒力吊架组件,SX A100.20 位移240 P型,,,1916T4003,,,S2,QA3,件,115,Kg,
CSS03999,恒力吊架组件,SX A100.20 位移245 P型,,,1916T4003,,,S2,QA3,件,115,Kg,
CSS04000,恒力吊架组件,SX A100.20 位移250 P型,,,1916T4003,,,S2,QA3,件,115,Kg,
CSS04001,恒力吊架组件,SX A100.25 位移90 P型,,,1916T4003,,,S2,QA3,件,115,Kg,
CSS04002,恒力吊架组件,SX A100.25 位移95 P型,,,1916T4003,,,S2,QA3,件,115,Kg,
CSS04003,恒力吊架组件,SX A100.25 位移100 P型,,,1916T4003,,,S2,QA3,件,115,Kg,
CSS04004,恒力吊架组件,SX A100.25 位移105 P型,,,1916T4003,,,S2,QA3,件,115,Kg,
CSS04005,恒力吊架组件,SX A100.25 位移110 P型,,,1916T4003,,,S2,QA3,件,115,Kg,
CSS04006,恒力吊架组件,SX A100.25 位移115 P型,,,1916T4003,,,S2,QA3,件,115,Kg,
CSS04007,恒力吊架组件,SX A100.25 位移120 P型,,,1916T4003,,,S2,QA3,件,115,Kg,
CSS04008,恒力吊架组件,SX A100.25 位移125 P型,,,1916T4003,,,S2,QA3,件,115,Kg,
CSS04009,恒力吊架组件,SX A100.25 位移130 P型,,,1916T4003,,,S2,QA3,件,115,Kg,
CSS04010,恒力吊架组件,SX A100.25 位移135 P型,,,1916T4003,,,S2,QA3,件,115,Kg,
CSS04011,恒力吊架组件,SX A100.25 位移140 P型,,,1916T4003,,,S2,QA3,件,115,Kg,
CSS04012,恒力吊架组件,SX A100.25 位移145 P型,,,1916T4003,,,S2,QA3,件,115,Kg,
CSS04013,恒力吊架组件,SX A100.25 位移150 P型,,,1916T4003,,,S2,QA3,件,115,Kg,
CSS04014,恒力吊架组件,SX A100.25 位移155 P型,,,1916T4003,,,S2,QA3,件,115,Kg,
CSS04015,恒力吊架组件,SX A100.25 位移160 P型,,,1916T4003,,,S2,QA3,件,115,Kg,
CSS04016,恒力吊架组件,SX A100.25 位移165 P型,,,1916T4003,,,S2,QA3,件,115,Kg,
CSS04017,恒力吊架组件,SX A100.25 位移170 P型,,,1916T4003,,,S2,QA3,件,115,Kg,
CSS04018,恒力吊架组件,SX A100.25 位移175 P型,,,1916T4003,,,S2,QA3,件,115,Kg,
CSS04019,恒力吊架组件,SX A100.25 位移180 P型,,,1916T4003,,,S2,QA3,件,115,Kg,
CSS04020,恒力吊架组件,SX A100.25 位移185 P型,,,1916T4003,,,S2,QA3,件,115,Kg,
CSS04021,恒力吊架组件,SX A100.25 位移190 P型,,,1916T4003,,,S2,QA3,件,115,Kg,
CSS04022,恒力吊架组件,SX A100.25 位移195 P型,,,1916T4003,,,S2,QA3,件,115,Kg,
CSS04023,恒力吊架组件,SX A100.25 位移200 P型,,,1916T4003,,,S2,QA3,件,115,Kg,
CSS04024,恒力吊架组件,SX A100.25 位移205 P型,,,1916T4003,,,S2,QA3,件,115,Kg,
CSS04025,恒力吊架组件,SX A100.25 位移210 P型,,,1916T4003,,,S2,QA3,件,115,Kg,
CSS04026,恒力吊架组件,SX A100.25 位移215 P型,,,1916T4003,,,S2,QA3,件,115,Kg,
CSS04027,恒力吊架组件,SX A100.25 位移220 P型,,,1916T4003,,,S2,QA3,件,115,Kg,
CSS04028,恒力吊架组件,SX A100.25 位移225 P型,,,1916T4003,,,S2,QA3,件,115,Kg,
CSS04029,恒力吊架组件,SX A100.25 位移230 P型,,,1916T4003,,,S2,QA3,件,115,Kg,
CSS04030,恒力吊架组件,SX A100.25 位移235 P型,,,1916T4003,,,S2,QA3,件,115,Kg,
CSS04031,恒力吊架组件,SX A100.25 位移240 P型,,,1916T4003,,,S2,QA3,件,115,Kg,
CSS04032,恒力吊架组件,SX A100.25 位移245 P型,,,1916T4003,,,S2,QA3,件,115,Kg,
CSS04033,恒力吊架组件,SX A100.25 位移250 P型,,,1916T4003,,,S2,QA3,件,115,Kg,
CSS04034,恒力吊架组件,SX A100.30 位移90 P型,,,1916T4003,,,S2,QA3,件,115,Kg,
CSS04035,恒力吊架组件,SX A100.30 位移95 P型,,,1916T4003,,,S2,QA3,件,115,Kg,
CSS04036,恒力吊架组件,SX A100.30 位移100 P型,,,1916T4003,,,S2,QA3,件,115,Kg,
CSS04037,恒力吊架组件,SX A100.30 位移105 P型,,,1916T4003,,,S2,QA3,件,115,Kg,
CSS04038,恒力吊架组件,SX A100.30 位移110 P型,,,1916T4003,,,S2,QA3,件,115,Kg,
CSS04039,恒力吊架组件,SX A100.30 位移115 P型,,,1916T4003,,,S2,QA3,件,115,Kg,
CSS04040,恒力吊架组件,SX A100.30 位移120 P型,,,1916T4003,,,S2,QA3,件,115,Kg,
CSS04041,恒力吊架组件,SX A100.30 位移125 P型,,,1916T4003,,,S2,QA3,件,115,Kg,
CSS04042,恒力吊架组件,SX A100.30 位移130 P型,,,1916T4003,,,S2,QA3,件,115,Kg,
CSS04043,恒力吊架组件,SX A100.30 位移135 P型,,,1916T4003,,,S2,QA3,件,115,Kg,
CSS04044,恒力吊架组件,SX A100.30 位移140 P型,,,1916T4003,,,S2,QA3,件,115,Kg,
CSS04045,恒力吊架组件,SX A100.30 位移145 P型,,,1916T4003,,,S2,QA3,件,115,Kg,
CSS04046,恒力吊架组件,SX A100.30 位移150 P型,,,1916T4003,,,S2,QA3,件,115,Kg,
CSS04047,恒力吊架组件,SX A100.30 位移155 P型,,,1916T4003,,,S2,QA3,件,115,Kg,
CSS04048,恒力吊架组件,SX A100.30 位移160 P型,,,1916T4003,,,S2,QA3,件,115,Kg,
CSS04049,恒力吊架组件,SX A100.30 位移165 P型,,,1916T4003,,,S2,QA3,件,115,Kg,
CSS04050,恒力吊架组件,SX A100.30 位移170 P型,,,1916T4003,,,S2,QA3,件,115,Kg,
CSS04051,恒力吊架组件,SX A100.30 位移175 P型,,,1916T4003,,,S2,QA3,件,115,Kg,
CSS04052,恒力吊架组件,SX A100.30 位移180 P型,,,1916T4003,,,S2,QA3,件,115,Kg,
CSS04053,恒力吊架组件,SX A100.30 位移185 P型,,,1916T4003,,,S2,QA3,件,115,Kg,
CSS04054,恒力吊架组件,SX A100.30 位移190 P型,,,1916T4003,,,S2,QA3,件,115,Kg,
CSS04055,恒力吊架组件,SX A100.30 位移195 P型,,,1916T4003,,,S2,QA3,件,115,Kg,
CSS04056,恒力吊架组件,SX A100.30 位移200 P型,,,1916T4003,,,S2,QA3,件,115,Kg,
CSS04057,恒力吊架组件,SX A100.30 位移205 P型,,,1916T4003,,,S2,QA3,件,115,Kg,
CSS04058,恒力吊架组件,SX A100.30 位移210 P型,,,1916T4003,,,S2,QA3,件,115,Kg,
CSS04059,恒力吊架组件,SX A100.30 位移215 P型,,,1916T4003,,,S2,QA3,件,115,Kg,
CSS04060,恒力吊架组件,SX A100.30 位移220 P型,,,1916T4003,,,S2,QA3,件,115,Kg,
CSS04061,恒力吊架组件,SX A100.30 位移225 P型,,,1916T4003,,,S2,QA3,件,115,Kg,
CSS04062,恒力吊架组件,SX A100.30 位移230 P型,,,1916T4003,,,S2,QA3,件,115,Kg,
CSS04063,恒力吊架组件,SX A100.30 位移235 P型,,,1916T4003,,,S2,QA3,件,115,Kg,
CSS04064,恒力吊架组件,SX A100.30 位移240 P型,,,1916T4003,,,S2,QA3,件,115,Kg,
CSS04065,恒力吊架组件,SX A100.30 位移245 P型,,,1916T4003,,,S2,QA3,件,115,Kg,
CSS04066,恒力吊架组件,SX A100.30 位移250 P型,,,1916T4003,,,S2,QA3,件,115,Kg,
CSS04067,恒力吊架组件,SX A101.2.5 位移90 P型,,,1916T4003,,,S2,QA3,件,61,Kg,
CSS04068,恒力吊架组件,SX A101.2.5 位移95 P型,,,1916T4003,,,S2,QA3,件,61,Kg,
CSS04069,恒力吊架组件,SX A101.2.5 位移100 P型,,,1916T4003,,,S2,QA3,件,61,Kg,
CSS04070,恒力吊架组件,SX A101.2.5 位移105 P型,,,1916T4003,,,S2,QA3,件,61,Kg,
CSS04071,恒力吊架组件,SX A101.2.5 位移110 P型,,,1916T4003,,,S2,QA3,件,61,Kg,
CSS04072,恒力吊架组件,SX A101.2.5 位移115 P型,,,1916T4003,,,S2,QA3,件,61,Kg,
CSS04073,恒力吊架组件,SX A101.2.5 位移120 P型,,,1916T4003,,,S2,QA3,件,61,Kg,
CSS04074,恒力吊架组件,SX A101.2.5 位移125 P型,,,1916T4003,,,S2,QA3,件,61,Kg,
CSS04075,恒力吊架组件,SX A101.2.5 位移130 P型,,,1916T4003,,,S2,QA3,件,61,Kg,
CSS04076,恒力吊架组件,SX A101.2.5 位移135 P型,,,1916T4003,,,S2,QA3,件,61,Kg,
CSS04077,恒力吊架组件,SX A101.2.5 位移140 P型,,,1916T4003,,,S2,QA3,件,61,Kg,
CSS04078,恒力吊架组件,SX A101.2.5 位移145 P型,,,1916T4003,,,S2,QA3,件,61,Kg,
CSS04079,恒力吊架组件,SX A101.2.5 位移150 P型,,,1916T4003,,,S2,QA3,件,61,Kg,
CSS04080,恒力吊架组件,SX A101.2.5 位移155 P型,,,1916T4003,,,S2,QA3,件,61,Kg,
CSS04081,恒力吊架组件,SX A101.2.5 位移160 P型,,,1916T4003,,,S2,QA3,件,61,Kg,
CSS04082,恒力吊架组件,SX A101.2.5 位移165 P型,,,1916T4003,,,S2,QA3,件,61,Kg,
CSS04083,恒力吊架组件,SX A101.2.5 位移170 P型,,,1916T4003,,,S2,QA3,件,61,Kg,
CSS04084,恒力吊架组件,SX A101.2.5 位移175 P型,,,1916T4003,,,S2,QA3,件,61,Kg,
CSS04085,恒力吊架组件,SX A101.2.5 位移180 P型,,,1916T4003,,,S2,QA3,件,61,Kg,
CSS04086,恒力吊架组件,SX A101.2.5 位移185 P型,,,1916T4003,,,S2,QA3,件,61,Kg,
CSS04087,恒力吊架组件,SX A101.2.5 位移190 P型,,,1916T4003,,,S2,QA3,件,61,Kg,
CSS04088,恒力吊架组件,SX A101.2.5 位移195 P型,,,1916T4003,,,S2,QA3,件,61,Kg,
CSS04089,恒力吊架组件,SX A101.2.5 位移200 P型,,,1916T4003,,,S2,QA3,件,61,Kg,
CSS04090,恒力吊架组件,SX A101.2.5 位移205 P型,,,1916T4003,,,S2,QA3,件,61,Kg,
CSS04091,恒力吊架组件,SX A101.2.5 位移210 P型,,,1916T4003,,,S2,QA3,件,61,Kg,
CSS04092,恒力吊架组件,SX A101.2.5 位移215 P型,,,1916T4003,,,S2,QA3,件,61,Kg,
CSS04093,恒力吊架组件,SX A101.2.5 位移220 P型,,,1916T4003,,,S2,QA3,件,61,Kg,
CSS04094,恒力吊架组件,SX A101.2.5 位移225 P型,,,1916T4003,,,S2,QA3,件,61,Kg,
CSS04095,恒力吊架组件,SX A101.2.5 位移230 P型,,,1916T4003,,,S2,QA3,件,61,Kg,
CSS04096,恒力吊架组件,SX A101.2.5 位移235 P型,,,1916T4003,,,S2,QA3,件,61,Kg,
CSS04097,恒力吊架组件,SX A101.2.5 位移240 P型,,,1916T4003,,,S2,QA3,件,61,Kg,
CSS04098,恒力吊架组件,SX A101.2.5 位移245 P型,,,1916T4003,,,S2,QA3,件,61,Kg,
CSS04099,恒力吊架组件,SX A101.2.5 位移250 P型,,,1916T4003,,,S2,QA3,件,61,Kg,
CSS04100,恒力吊架组件,SX A101.5 位移90 P型,,,1916T4003,,,S2,QA3,件,61,Kg,
CSS04101,恒力吊架组件,SX A101.5 位移95 P型,,,1916T4003,,,S2,QA3,件,61,Kg,
CSS04102,恒力吊架组件,SX A101.5 位移100 P型,,,1916T4003,,,S2,QA3,件,61,Kg,
CSS04103,恒力吊架组件,SX A101.5 位移105 P型,,,1916T4003,,,S2,QA3,件,61,Kg,
CSS04104,恒力吊架组件,SX A101.5 位移110 P型,,,1916T4003,,,S2,QA3,件,61,Kg,
CSS04105,恒力吊架组件,SX A101.5 位移115 P型,,,1916T4003,,,S2,QA3,件,61,Kg,
CSS04106,恒力吊架组件,SX A101.5 位移120 P型,,,1916T4003,,,S2,QA3,件,61,Kg,
CSS04107,恒力吊架组件,SX A101.5 位移125 P型,,,1916T4003,,,S2,QA3,件,61,Kg,
CSS04108,恒力吊架组件,SX A101.5 位移130 P型,,,1916T4003,,,S2,QA3,件,61,Kg,
CSS04109,恒力吊架组件,SX A101.5 位移135 P型,,,1916T4003,,,S2,QA3,件,61,Kg,
CSS04110,恒力吊架组件,SX A101.5 位移140 P型,,,1916T4003,,,S2,QA3,件,61,Kg,
CSS04111,恒力吊架组件,SX A101.5 位移145 P型,,,1916T4003,,,S2,QA3,件,61,Kg,
CSS04112,恒力吊架组件,SX A101.5 位移150 P型,,,1916T4003,,,S2,QA3,件,61,Kg,
CSS04113,恒力吊架组件,SX A101.5 位移155 P型,,,1916T4003,,,S2,QA3,件,61,Kg,
CSS04114,恒力吊架组件,SX A101.5 位移160 P型,,,1916T4003,,,S2,QA3,件,61,Kg,
CSS04115,恒力吊架组件,SX A101.5 位移165 P型,,,1916T4003,,,S2,QA3,件,61,Kg,
CSS04116,恒力吊架组件,SX A101.5 位移170 P型,,,1916T4003,,,S2,QA3,件,61,Kg,
CSS04117,恒力吊架组件,SX A101.5 位移175 P型,,,1916T4003,,,S2,QA3,件,61,Kg,
CSS04118,恒力吊架组件,SX A101.5 位移180 P型,,,1916T4003,,,S2,QA3,件,61,Kg,
CSS04119,恒力吊架组件,SX A101.5 位移185 P型,,,1916T4003,,,S2,QA3,件,61,Kg,
CSS04120,恒力吊架组件,SX A101.5 位移190 P型,,,1916T4003,,,S2,QA3,件,61,Kg,
CSS04121,恒力吊架组件,SX A101.5 位移195 P型,,,1916T4003,,,S2,QA3,件,61,Kg,
CSS04122,恒力吊架组件,SX A101.5 位移200 P型,,,1916T4003,,,S2,QA3,件,61,Kg,
CSS04123,恒力吊架组件,SX A101.5 位移205 P型,,,1916T4003,,,S2,QA3,件,61,Kg,
CSS04124,恒力吊架组件,SX A101.5 位移210 P型,,,1916T4003,,,S2,QA3,件,61,Kg,
CSS04125,恒力吊架组件,SX A101.5 位移215 P型,,,1916T4003,,,S2,QA3,件,61,Kg,
CSS04126,恒力吊架组件,SX A101.5 位移220 P型,,,1916T4003,,,S2,QA3,件,61,Kg,
CSS04127,恒力吊架组件,SX A101.5 位移225 P型,,,1916T4003,,,S2,QA3,件,61,Kg,
CSS04128,恒力吊架组件,SX A101.5 位移230 P型,,,1916T4003,,,S2,QA3,件,61,Kg,
CSS04129,恒力吊架组件,SX A101.5 位移235 P型,,,1916T4003,,,S2,QA3,件,61,Kg,
CSS04130,恒力吊架组件,SX A101.5 位移240 P型,,,1916T4003,,,S2,QA3,件,61,Kg,
CSS04131,恒力吊架组件,SX A101.5 位移245 P型,,,1916T4003,,,S2,QA3,件,61,Kg,
CSS04132,恒力吊架组件,SX A101.5 位移250 P型,,,1916T4003,,,S2,QA3,件,61,Kg,
CSS04133,恒力吊架组件,SX A101.10 位移90 P型,,,1916T4003,,,S2,QA3,件,61,Kg,
CSS04134,恒力吊架组件,SX A101.10 位移95 P型,,,1916T4003,,,S2,QA3,件,61,Kg,
CSS04135,恒力吊架组件,SX A101.10 位移100 P型,,,1916T4003,,,S2,QA3,件,61,Kg,
CSS04136,恒力吊架组件,SX A101.10 位移105 P型,,,1916T4003,,,S2,QA3,件,61,Kg,
CSS04137,恒力吊架组件,SX A101.10 位移110 P型,,,1916T4003,,,S2,QA3,件,61,Kg,
CSS04138,恒力吊架组件,SX A101.10 位移115 P型,,,1916T4003,,,S2,QA3,件,61,Kg,
CSS04139,恒力吊架组件,SX A101.10 位移120 P型,,,1916T4003,,,S2,QA3,件,61,Kg,
CSS04140,恒力吊架组件,SX A101.10 位移125 P型,,,1916T4003,,,S2,QA3,件,61,Kg,
CSS04141,恒力吊架组件,SX A101.10 位移130 P型,,,1916T4003,,,S2,QA3,件,61,Kg,
CSS04142,恒力吊架组件,SX A101.10 位移135 P型,,,1916T4003,,,S2,QA3,件,61,Kg,
CSS04143,恒力吊架组件,SX A101.10 位移140 P型,,,1916T4003,,,S2,QA3,件,61,Kg,
CSS04144,恒力吊架组件,SX A101.10 位移145 P型,,,1916T4003,,,S2,QA3,件,61,Kg,
CSS04145,恒力吊架组件,SX A101.10 位移150 P型,,,1916T4003,,,S2,QA3,件,61,Kg,
CSS04146,恒力吊架组件,SX A101.10 位移155 P型,,,1916T4003,,,S2,QA3,件,61,Kg,
CSS04147,恒力吊架组件,SX A101.10 位移160 P型,,,1916T4003,,,S2,QA3,件,61,Kg,
CSS04148,恒力吊架组件,SX A101.10 位移165 P型,,,1916T4003,,,S2,QA3,件,61,Kg,
CSS04149,恒力吊架组件,SX A101.10 位移170 P型,,,1916T4003,,,S2,QA3,件,61,Kg,
CSS04150,恒力吊架组件,SX A101.10 位移175 P型,,,1916T4003,,,S2,QA3,件,61,Kg,
CSS04151,恒力吊架组件,SX A101.10 位移180 P型,,,1916T4003,,,S2,QA3,件,61,Kg,
CSS04152,恒力吊架组件,SX A101.10 位移185 P型,,,1916T4003,,,S2,QA3,件,61,Kg,
CSS04153,恒力吊架组件,SX A101.10 位移190 P型,,,1916T4003,,,S2,QA3,件,61,Kg,
CSS04154,恒力吊架组件,SX A101.10 位移195 P型,,,1916T4003,,,S2,QA3,件,61,Kg,
CSS04155,恒力吊架组件,SX A101.10 位移200 P型,,,1916T4003,,,S2,QA3,件,61,Kg,
CSS04156,恒力吊架组件,SX A101.10 位移205 P型,,,1916T4003,,,S2,QA3,件,61,Kg,
CSS04157,恒力吊架组件,SX A101.10 位移210 P型,,,1916T4003,,,S2,QA3,件,61,Kg,
CSS04158,恒力吊架组件,SX A101.10 位移215 P型,,,1916T4003,,,S2,QA3,件,61,Kg,
CSS04159,恒力吊架组件,SX A101.10 位移220 P型,,,1916T4003,,,S2,QA3,件,61,Kg,
CSS04160,恒力吊架组件,SX A101.10 位移225 P型,,,1916T4003,,,S2,QA3,件,61,Kg,
CSS04161,恒力吊架组件,SX A101.10 位移230 P型,,,1916T4003,,,S2,QA3,件,61,Kg,
CSS04162,恒力吊架组件,SX A101.10 位移235 P型,,,1916T4003,,,S2,QA3,件,61,Kg,
CSS04163,恒力吊架组件,SX A101.10 位移240 P型,,,1916T4003,,,S2,QA3,件,61,Kg,
CSS04164,恒力吊架组件,SX A101.10 位移245 P型,,,1916T4003,,,S2,QA3,件,61,Kg,
CSS04165,恒力吊架组件,SX A101.10 位移250 P型,,,1916T4003,,,S2,QA3,件,61,Kg,
CSS04166,恒力吊架组件,SX A150.5 位移120 P型,,,1916T4003,,,S2,QA3,件,190,Kg,
CSS04167,恒力吊架组件,SX A150.5 位移125 P型,,,1916T4003,,,S2,QA3,件,190,Kg,
CSS04168,恒力吊架组件,SX A150.5 位移130 P型,,,1916T4003,,,S2,QA3,件,190,Kg,
CSS04169,恒力吊架组件,SX A150.5 位移135 P型,,,1916T4003,,,S2,QA3,件,190,Kg,
CSS04170,恒力吊架组件,SX A150.5 位移140 P型,,,1916T4003,,,S2,QA3,件,190,Kg,
CSS04171,恒力吊架组件,SX A150.5 位移145 P型,,,1916T4003,,,S2,QA3,件,190,Kg,
CSS04172,恒力吊架组件,SX A150.5 位移150 P型,,,1916T4003,,,S2,QA3,件,190,Kg,
CSS04173,恒力吊架组件,SX A150.5 位移155 P型,,,1916T4003,,,S2,QA3,件,190,Kg,
CSS04174,恒力吊架组件,SX A150.5 位移160 P型,,,1916T4003,,,S2,QA3,件,190,Kg,
CSS04175,恒力吊架组件,SX A150.5 位移165 P型,,,1916T4003,,,S2,QA3,件,190,Kg,
CSS04176,恒力吊架组件,SX A150.5 位移170 P型,,,1916T4003,,,S2,QA3,件,190,Kg,
CSS04177,恒力吊架组件,SX A150.5 位移175 P型,,,1916T4003,,,S2,QA3,件,190,Kg,
CSS04178,恒力吊架组件,SX A150.5 位移180 P型,,,1916T4003,,,S2,QA3,件,190,Kg,
CSS04179,恒力吊架组件,SX A150.5 位移185 P型,,,1916T4003,,,S2,QA3,件,190,Kg,
CSS04180,恒力吊架组件,SX A150.5 位移190 P型,,,1916T4003,,,S2,QA3,件,190,Kg,
CSS04181,恒力吊架组件,SX A150.5 位移195 P型,,,1916T4003,,,S2,QA3,件,190,Kg,
CSS04182,恒力吊架组件,SX A150.5 位移200 P型,,,1916T4003,,,S2,QA3,件,190,Kg,
CSS04183,恒力吊架组件,SX A150.5 位移205 P型,,,1916T4003,,,S2,QA3,件,190,Kg,
CSS04184,恒力吊架组件,SX A150.5 位移210 P型,,,1916T4003,,,S2,QA3,件,190,Kg,
CSS04185,恒力吊架组件,SX A150.5 位移215 P型,,,1916T4003,,,S2,QA3,件,190,Kg,
CSS04186,恒力吊架组件,SX A150.5 位移220 P型,,,1916T4003,,,S2,QA3,件,190,Kg,
CSS04187,恒力吊架组件,SX A150.5 位移225 P型,,,1916T4003,,,S2,QA3,件,190,Kg,
CSS04188,恒力吊架组件,SX A150.5 位移230 P型,,,1916T4003,,,S2,QA3,件,190,Kg,
CSS04189,恒力吊架组件,SX A150.5 位移235 P型,,,1916T4003,,,S2,QA3,件,190,Kg,
CSS04190,恒力吊架组件,SX A150.5 位移240 P型,,,1916T4003,,,S2,QA3,件,190,Kg,
CSS04191,恒力吊架组件,SX A150.5 位移245 P型,,,1916T4003,,,S2,QA3,件,190,Kg,
CSS04192,恒力吊架组件,SX A150.5 位移250 P型,,,1916T4003,,,S2,QA3,件,190,Kg,
CSS04193,恒力吊架组件,SX A150.5 位移255 P型,,,1916T4003,,,S2,QA3,件,190,Kg,
CSS04194,恒力吊架组件,SX A150.5 位移260 P型,,,1916T4003,,,S2,QA3,件,190,Kg,
CSS04195,恒力吊架组件,SX A150.5 位移265 P型,,,1916T4003,,,S2,QA3,件,190,Kg,
CSS04196,恒力吊架组件,SX A150.5 位移270 P型,,,1916T4003,,,S2,QA3,件,190,Kg,
CSS04197,恒力吊架组件,SX A150.5 位移275 P型,,,1916T4003,,,S2,QA3,件,190,Kg,
CSS04198,恒力吊架组件,SX A150.5 位移280 P型,,,1916T4003,,,S2,QA3,件,190,Kg,
CSS04199,恒力吊架组件,SX A150.5 位移285 P型,,,1916T4003,,,S2,QA3,件,190,Kg,
CSS04200,恒力吊架组件,SX A150.5 位移290 P型,,,1916T4003,,,S2,QA3,件,190,Kg,
CSS04201,恒力吊架组件,SX A150.5 位移295 P型,,,1916T4003,,,S2,QA3,件,190,Kg,
CSS04202,恒力吊架组件,SX A150.5 位移300 P型,,,1916T4003,,,S2,QA3,件,190,Kg,
CSS04203,恒力吊架组件,SX A150.10 位移120 P型,,,1916T4003,,,S2,QA3,件,190,Kg,
CSS04204,恒力吊架组件,SX A150.10 位移125 P型,,,1916T4003,,,S2,QA3,件,190,Kg,
CSS04205,恒力吊架组件,SX A150.10 位移130 P型,,,1916T4003,,,S2,QA3,件,190,Kg,
CSS04206,恒力吊架组件,SX A150.10 位移135 P型,,,1916T4003,,,S2,QA3,件,190,Kg,
CSS04207,恒力吊架组件,SX A150.10 位移140 P型,,,1916T4003,,,S2,QA3,件,190,Kg,
CSS04208,恒力吊架组件,SX A150.10 位移145 P型,,,1916T4003,,,S2,QA3,件,190,Kg,
CSS04209,恒力吊架组件,SX A150.10 位移150 P型,,,1916T4003,,,S2,QA3,件,190,Kg,
CSS04210,恒力吊架组件,SX A150.10 位移155 P型,,,1916T4003,,,S2,QA3,件,190,Kg,
CSS04211,恒力吊架组件,SX A150.10 位移160 P型,,,1916T4003,,,S2,QA3,件,190,Kg,
CSS04212,恒力吊架组件,SX A150.10 位移165 P型,,,1916T4003,,,S2,QA3,件,190,Kg,
CSS04213,恒力吊架组件,SX A150.10 位移170 P型,,,1916T4003,,,S2,QA3,件,190,Kg,
CSS04214,恒力吊架组件,SX A150.10 位移175 P型,,,1916T4003,,,S2,QA3,件,190,Kg,
CSS04215,恒力吊架组件,SX A150.10 位移180 P型,,,1916T4003,,,S2,QA3,件,190,Kg,
CSS04216,恒力吊架组件,SX A150.10 位移185 P型,,,1916T4003,,,S2,QA3,件,190,Kg,
CSS04217,恒力吊架组件,SX A150.10 位移190 P型,,,1916T4003,,,S2,QA3,件,190,Kg,
CSS04218,恒力吊架组件,SX A150.10 位移195 P型,,,1916T4003,,,S2,QA3,件,190,Kg,
CSS04219,恒力吊架组件,SX A150.10 位移200 P型,,,1916T4003,,,S2,QA3,件,190,Kg,
CSS04220,恒力吊架组件,SX A150.10 位移205 P型,,,1916T4003,,,S2,QA3,件,190,Kg,
CSS04221,恒力吊架组件,SX A150.10 位移210 P型,,,1916T4003,,,S2,QA3,件,190,Kg,
CSS04222,恒力吊架组件,SX A150.10 位移215 P型,,,1916T4003,,,S2,QA3,件,190,Kg,
CSS04223,恒力吊架组件,SX A150.10 位移220 P型,,,1916T4003,,,S2,QA3,件,190,Kg,
CSS04224,恒力吊架组件,SX A150.10 位移225 P型,,,1916T4003,,,S2,QA3,件,190,Kg,
CSS04225,恒力吊架组件,SX A150.10 位移230 P型,,,1916T4003,,,S2,QA3,件,190,Kg,
CSS04226,恒力吊架组件,SX A150.10 位移235 P型,,,1916T4003,,,S2,QA3,件,190,Kg,
CSS04227,恒力吊架组件,SX A150.10 位移240 P型,,,1916T4003,,,S2,QA3,件,190,Kg,
CSS04228,恒力吊架组件,SX A150.10 位移245 P型,,,1916T4003,,,S2,QA3,件,190,Kg,
CSS04229,恒力吊架组件,SX A150.10 位移250 P型,,,1916T4003,,,S2,QA3,件,190,Kg,
CSS04230,恒力吊架组件,SX A150.10 位移255 P型,,,1916T4003,,,S2,QA3,件,190,Kg,
CSS04231,恒力吊架组件,SX A150.10 位移260 P型,,,1916T4003,,,S2,QA3,件,190,Kg,
CSS04232,恒力吊架组件,SX A150.10 位移265 P型,,,1916T4003,,,S2,QA3,件,190,Kg,
CSS04233,恒力吊架组件,SX A150.10 位移270 P型,,,1916T4003,,,S2,QA3,件,190,Kg,
CSS04234,恒力吊架组件,SX A150.10 位移275 P型,,,1916T4003,,,S2,QA3,件,190,Kg,
CSS04235,恒力吊架组件,SX A150.10 位移280 P型,,,1916T4003,,,S2,QA3,件,190,Kg,
CSS04236,恒力吊架组件,SX A150.10 位移285 P型,,,1916T4003,,,S2,QA3,件,190,Kg,
CSS04237,恒力吊架组件,SX A150.10 位移290 P型,,,1916T4003,,,S2,QA3,件,190,Kg,
CSS04238,恒力吊架组件,SX A150.10 位移295 P型,,,1916T4003,,,S2,QA3,件,190,Kg,
CSS04239,恒力吊架组件,SX A150.10 位移300 P型,,,1916T4003,,,S2,QA3,件,190,Kg,
CSS04240,恒力吊架组件,SX A150.15 位移120 P型,,,1916T4003,,,S2,QA3,件,190,Kg,
CSS04241,恒力吊架组件,SX A150.15 位移125 P型,,,1916T4003,,,S2,QA3,件,190,Kg,
CSS04242,恒力吊架组件,SX A150.15 位移130 P型,,,1916T4003,,,S2,QA3,件,190,Kg,
CSS04243,恒力吊架组件,SX A150.15 位移135 P型,,,1916T4003,,,S2,QA3,件,190,Kg,
CSS04244,恒力吊架组件,SX A150.15 位移140 P型,,,1916T4003,,,S2,QA3,件,190,Kg,
CSS04245,恒力吊架组件,SX A150.15 位移145 P型,,,1916T4003,,,S2,QA3,件,190,Kg,
CSS04246,恒力吊架组件,SX A150.15 位移150 P型,,,1916T4003,,,S2,QA3,件,190,Kg,
CSS04247,恒力吊架组件,SX A150.15 位移155 P型,,,1916T4003,,,S2,QA3,件,190,Kg,
CSS04248,恒力吊架组件,SX A150.15 位移160 P型,,,1916T4003,,,S2,QA3,件,190,Kg,
CSS04249,恒力吊架组件,SX A150.15 位移165 P型,,,1916T4003,,,S2,QA3,件,190,Kg,
CSS04250,恒力吊架组件,SX A150.15 位移170 P型,,,1916T4003,,,S2,QA3,件,190,Kg,
CSS04251,恒力吊架组件,SX A150.15 位移175 P型,,,1916T4003,,,S2,QA3,件,190,Kg,
CSS04252,恒力吊架组件,SX A150.15 位移180 P型,,,1916T4003,,,S2,QA3,件,190,Kg,
CSS04253,恒力吊架组件,SX A150.15 位移185 P型,,,1916T4003,,,S2,QA3,件,190,Kg,
CSS04254,恒力吊架组件,SX A150.15 位移190 P型,,,1916T4003,,,S2,QA3,件,190,Kg,
CSS04255,恒力吊架组件,SX A150.15 位移195 P型,,,1916T4003,,,S2,QA3,件,190,Kg,
CSS04256,恒力吊架组件,SX A150.15 位移200 P型,,,1916T4003,,,S2,QA3,件,190,Kg,
CSS04257,恒力吊架组件,SX A150.15 位移205 P型,,,1916T4003,,,S2,QA3,件,190,Kg,
CSS04258,恒力吊架组件,SX A150.15 位移210 P型,,,1916T4003,,,S2,QA3,件,190,Kg,
CSS04259,恒力吊架组件,SX A150.15 位移215 P型,,,1916T4003,,,S2,QA3,件,190,Kg,
CSS04260,恒力吊架组件,SX A150.15 位移220 P型,,,1916T4003,,,S2,QA3,件,190,Kg,
CSS04261,恒力吊架组件,SX A150.15 位移225 P型,,,1916T4003,,,S2,QA3,件,190,Kg,
CSS04262,恒力吊架组件,SX A150.15 位移230 P型,,,1916T4003,,,S2,QA3,件,190,Kg,
CSS04263,恒力吊架组件,SX A150.15 位移235 P型,,,1916T4003,,,S2,QA3,件,190,Kg,
CSS04264,恒力吊架组件,SX A150.15 位移240 P型,,,1916T4003,,,S2,QA3,件,190,Kg,
CSS04265,恒力吊架组件,SX A150.15 位移245 P型,,,1916T4003,,,S2,QA3,件,190,Kg,
CSS04266,恒力吊架组件,SX A150.15 位移250 P型,,,1916T4003,,,S2,QA3,件,190,Kg,
CSS04267,恒力吊架组件,SX A150.15 位移255 P型,,,1916T4003,,,S2,QA3,件,190,Kg,
CSS04268,恒力吊架组件,SX A150.15 位移260 P型,,,1916T4003,,,S2,QA3,件,190,Kg,
CSS04269,恒力吊架组件,SX A150.15 位移265 P型,,,1916T4003,,,S2,QA3,件,190,Kg,
CSS04270,恒力吊架组件,SX A150.15 位移270 P型,,,1916T4003,,,S2,QA3,件,190,Kg,
CSS04271,恒力吊架组件,SX A150.15 位移275 P型,,,1916T4003,,,S2,QA3,件,190,Kg,
CSS04272,恒力吊架组件,SX A150.15 位移280 P型,,,1916T4003,,,S2,QA3,件,190,Kg,
CSS04273,恒力吊架组件,SX A150.15 位移285 P型,,,1916T4003,,,S2,QA3,件,190,Kg,
CSS04274,恒力吊架组件,SX A150.15 位移290 P型,,,1916T4003,,,S2,QA3,件,190,Kg,
CSS04275,恒力吊架组件,SX A150.15 位移295 P型,,,1916T4003,,,S2,QA3,件,190,Kg,
CSS04276,恒力吊架组件,SX A150.15 位移300 P型,,,1916T4003,,,S2,QA3,件,190,Kg,
CSS04277,恒力吊架组件,SX A150.20 位移120 P型,,,1916T4003,,,S2,QA3,件,190,Kg,
CSS04278,恒力吊架组件,SX A150.20 位移125 P型,,,1916T4003,,,S2,QA3,件,190,Kg,
CSS04279,恒力吊架组件,SX A150.20 位移130 P型,,,1916T4003,,,S2,QA3,件,190,Kg,
CSS04280,恒力吊架组件,SX A150.20 位移135 P型,,,1916T4003,,,S2,QA3,件,190,Kg,
CSS04281,恒力吊架组件,SX A150.20 位移140 P型,,,1916T4003,,,S2,QA3,件,190,Kg,
CSS04282,恒力吊架组件,SX A150.20 位移145 P型,,,1916T4003,,,S2,QA3,件,190,Kg,
CSS04283,恒力吊架组件,SX A150.20 位移150 P型,,,1916T4003,,,S2,QA3,件,190,Kg,
CSS04284,恒力吊架组件,SX A150.20 位移155 P型,,,1916T4003,,,S2,QA3,件,190,Kg,
CSS04285,恒力吊架组件,SX A150.20 位移160 P型,,,1916T4003,,,S2,QA3,件,190,Kg,
CSS04286,恒力吊架组件,SX A150.20 位移165 P型,,,1916T4003,,,S2,QA3,件,190,Kg,
CSS04287,恒力吊架组件,SX A150.20 位移170 P型,,,1916T4003,,,S2,QA3,件,190,Kg,
CSS04288,恒力吊架组件,SX A150.20 位移175 P型,,,1916T4003,,,S2,QA3,件,190,Kg,
CSS04289,恒力吊架组件,SX A150.20 位移180 P型,,,1916T4003,,,S2,QA3,件,190,Kg,
CSS04290,恒力吊架组件,SX A150.20 位移185 P型,,,1916T4003,,,S2,QA3,件,190,Kg,
CSS04291,恒力吊架组件,SX A150.20 位移190 P型,,,1916T4003,,,S2,QA3,件,190,Kg,
CSS04292,恒力吊架组件,SX A150.20 位移195 P型,,,1916T4003,,,S2,QA3,件,190,Kg,
CSS04293,恒力吊架组件,SX A150.20 位移200 P型,,,1916T4003,,,S2,QA3,件,190,Kg,
CSS04294,恒力吊架组件,SX A150.20 位移205 P型,,,1916T4003,,,S2,QA3,件,190,Kg,
CSS04295,恒力吊架组件,SX A150.20 位移210 P型,,,1916T4003,,,S2,QA3,件,190,Kg,
CSS04296,恒力吊架组件,SX A150.20 位移215 P型,,,1916T4003,,,S2,QA3,件,190,Kg,
CSS04297,恒力吊架组件,SX A150.20 位移220 P型,,,1916T4003,,,S2,QA3,件,190,Kg,
CSS04298,恒力吊架组件,SX A150.20 位移225 P型,,,1916T4003,,,S2,QA3,件,190,Kg,
CSS04299,恒力吊架组件,SX A150.20 位移230 P型,,,1916T4003,,,S2,QA3,件,190,Kg,
CSS04300,恒力吊架组件,SX A150.20 位移235 P型,,,1916T4003,,,S2,QA3,件,190,Kg,
CSS04301,恒力吊架组件,SX A150.20 位移240 P型,,,1916T4003,,,S2,QA3,件,190,Kg,
CSS04302,恒力吊架组件,SX A150.20 位移245 P型,,,1916T4003,,,S2,QA3,件,190,Kg,
CSS04303,恒力吊架组件,SX A150.20 位移250 P型,,,1916T4003,,,S2,QA3,件,190,Kg,
CSS04304,恒力吊架组件,SX A150.20 位移255 P型,,,1916T4003,,,S2,QA3,件,190,Kg,
CSS04305,恒力吊架组件,SX A150.20 位移260 P型,,,1916T4003,,,S2,QA3,件,190,Kg,
CSS04306,恒力吊架组件,SX A150.20 位移265 P型,,,1916T4003,,,S2,QA3,件,190,Kg,
CSS04307,恒力吊架组件,SX A150.20 位移270 P型,,,1916T4003,,,S2,QA3,件,190,Kg,
CSS04308,恒力吊架组件,SX A150.20 位移275 P型,,,1916T4003,,,S2,QA3,件,190,Kg,
CSS04309,恒力吊架组件,SX A150.20 位移280 P型,,,1916T4003,,,S2,QA3,件,190,Kg,
CSS04310,恒力吊架组件,SX A150.20 位移285 P型,,,1916T4003,,,S2,QA3,件,190,Kg,
CSS04311,恒力吊架组件,SX A150.20 位移290 P型,,,1916T4003,,,S2,QA3,件,190,Kg,
CSS04312,恒力吊架组件,SX A150.20 位移295 P型,,,1916T4003,,,S2,QA3,件,190,Kg,
CSS04313,恒力吊架组件,SX A150.20 位移300 P型,,,1916T4003,,,S2,QA3,件,190,Kg,
CSS04314,恒力吊架组件,SX A150.25 位移120 P型,,,1916T4003,,,S2,QA3,件,190,Kg,
CSS04315,恒力吊架组件,SX A150.25 位移125 P型,,,1916T4003,,,S2,QA3,件,190,Kg,
CSS04316,恒力吊架组件,SX A150.25 位移130 P型,,,1916T4003,,,S2,QA3,件,190,Kg,
CSS04317,恒力吊架组件,SX A150.25 位移135 P型,,,1916T4003,,,S2,QA3,件,190,Kg,
CSS04318,恒力吊架组件,SX A150.25 位移140 P型,,,1916T4003,,,S2,QA3,件,190,Kg,
CSS04319,恒力吊架组件,SX A150.25 位移145 P型,,,1916T4003,,,S2,QA3,件,190,Kg,
CSS04320,恒力吊架组件,SX A150.25 位移150 P型,,,1916T4003,,,S2,QA3,件,190,Kg,
CSS04321,恒力吊架组件,SX A150.25 位移155 P型,,,1916T4003,,,S2,QA3,件,190,Kg,
CSS04322,恒力吊架组件,SX A150.25 位移160 P型,,,1916T4003,,,S2,QA3,件,190,Kg,
CSS04323,恒力吊架组件,SX A150.25 位移165 P型,,,1916T4003,,,S2,QA3,件,190,Kg,
CSS04324,恒力吊架组件,SX A150.25 位移170 P型,,,1916T4003,,,S2,QA3,件,190,Kg,
CSS04325,恒力吊架组件,SX A150.25 位移175 P型,,,1916T4003,,,S2,QA3,件,190,Kg,
CSS04326,恒力吊架组件,SX A150.25 位移180 P型,,,1916T4003,,,S2,QA3,件,190,Kg,
CSS04327,恒力吊架组件,SX A150.25 位移185 P型,,,1916T4003,,,S2,QA3,件,190,Kg,
CSS04328,恒力吊架组件,SX A150.25 位移190 P型,,,1916T4003,,,S2,QA3,件,190,Kg,
CSS04329,恒力吊架组件,SX A150.25 位移195 P型,,,1916T4003,,,S2,QA3,件,190,Kg,
CSS04330,恒力吊架组件,SX A150.25 位移200 P型,,,1916T4003,,,S2,QA3,件,190,Kg,
CSS04331,恒力吊架组件,SX A150.25 位移205 P型,,,1916T4003,,,S2,QA3,件,190,Kg,
CSS04332,恒力吊架组件,SX A150.25 位移210 P型,,,1916T4003,,,S2,QA3,件,190,Kg,
CSS04333,恒力吊架组件,SX A150.25 位移215 P型,,,1916T4003,,,S2,QA3,件,190,Kg,
CSS04334,恒力吊架组件,SX A150.25 位移220 P型,,,1916T4003,,,S2,QA3,件,190,Kg,
CSS04335,恒力吊架组件,SX A150.25 位移225 P型,,,1916T4003,,,S2,QA3,件,190,Kg,
CSS04336,恒力吊架组件,SX A150.25 位移230 P型,,,1916T4003,,,S2,QA3,件,190,Kg,
CSS04337,恒力吊架组件,SX A150.25 位移235 P型,,,1916T4003,,,S2,QA3,件,190,Kg,
CSS04338,恒力吊架组件,SX A150.25 位移240 P型,,,1916T4003,,,S2,QA3,件,190,Kg,
CSS04339,恒力吊架组件,SX A150.25 位移245 P型,,,1916T4003,,,S2,QA3,件,190,Kg,
CSS04340,恒力吊架组件,SX A150.25 位移250 P型,,,1916T4003,,,S2,QA3,件,190,Kg,
CSS04341,恒力吊架组件,SX A150.25 位移255 P型,,,1916T4003,,,S2,QA3,件,190,Kg,
CSS04342,恒力吊架组件,SX A150.25 位移260 P型,,,1916T4003,,,S2,QA3,件,190,Kg,
CSS04343,恒力吊架组件,SX A150.25 位移265 P型,,,1916T4003,,,S2,QA3,件,190,Kg,
CSS04344,恒力吊架组件,SX A150.25 位移270 P型,,,1916T4003,,,S2,QA3,件,190,Kg,
CSS04345,恒力吊架组件,SX A150.25 位移275 P型,,,1916T4003,,,S2,QA3,件,190,Kg,
CSS04346,恒力吊架组件,SX A150.25 位移280 P型,,,1916T4003,,,S2,QA3,件,190,Kg,
CSS04347,恒力吊架组件,SX A150.25 位移285 P型,,,1916T4003,,,S2,QA3,件,190,Kg,
CSS04348,恒力吊架组件,SX A150.25 位移290 P型,,,1916T4003,,,S2,QA3,件,190,Kg,
CSS04349,恒力吊架组件,SX A150.25 位移295 P型,,,1916T4003,,,S2,QA3,件,190,Kg,
CSS04350,恒力吊架组件,SX A150.25 位移300 P型,,,1916T4003,,,S2,QA3,件,190,Kg,
CSS04351,恒力吊架组件,SX A150.30 位移120 P型,,,1916T4003,,,S2,QA3,件,190,Kg,
CSS04352,恒力吊架组件,SX A150.30 位移125 P型,,,1916T4003,,,S2,QA3,件,190,Kg,
CSS04353,恒力吊架组件,SX A150.30 位移130 P型,,,1916T4003,,,S2,QA3,件,190,Kg,
CSS04354,恒力吊架组件,SX A150.30 位移135 P型,,,1916T4003,,,S2,QA3,件,190,Kg,
CSS04355,恒力吊架组件,SX A150.30 位移140 P型,,,1916T4003,,,S2,QA3,件,190,Kg,
CSS04356,恒力吊架组件,SX A150.30 位移145 P型,,,1916T4003,,,S2,QA3,件,190,Kg,
CSS04357,恒力吊架组件,SX A150.30 位移150 P型,,,1916T4003,,,S2,QA3,件,190,Kg,
CSS04358,恒力吊架组件,SX A150.30 位移155 P型,,,1916T4003,,,S2,QA3,件,190,Kg,
CSS04359,恒力吊架组件,SX A150.30 位移160 P型,,,1916T4003,,,S2,QA3,件,190,Kg,
CSS04360,恒力吊架组件,SX A150.30 位移165 P型,,,1916T4003,,,S2,QA3,件,190,Kg,
CSS04361,恒力吊架组件,SX A150.30 位移170 P型,,,1916T4003,,,S2,QA3,件,190,Kg,
CSS04362,恒力吊架组件,SX A150.30 位移175 P型,,,1916T4003,,,S2,QA3,件,190,Kg,
CSS04363,恒力吊架组件,SX A150.30 位移180 P型,,,1916T4003,,,S2,QA3,件,190,Kg,
CSS04364,恒力吊架组件,SX A150.30 位移185 P型,,,1916T4003,,,S2,QA3,件,190,Kg,
CSS04365,恒力吊架组件,SX A150.30 位移190 P型,,,1916T4003,,,S2,QA3,件,190,Kg,
CSS04366,恒力吊架组件,SX A150.30 位移195 P型,,,1916T4003,,,S2,QA3,件,190,Kg,
CSS04367,恒力吊架组件,SX A150.30 位移200 P型,,,1916T4003,,,S2,QA3,件,190,Kg,
CSS04368,恒力吊架组件,SX A150.30 位移205 P型,,,1916T4003,,,S2,QA3,件,190,Kg,
CSS04369,恒力吊架组件,SX A150.30 位移210 P型,,,1916T4003,,,S2,QA3,件,190,Kg,
CSS04370,恒力吊架组件,SX A150.30 位移215 P型,,,1916T4003,,,S2,QA3,件,190,Kg,
CSS04371,恒力吊架组件,SX A150.30 位移220 P型,,,1916T4003,,,S2,QA3,件,190,Kg,
CSS04372,恒力吊架组件,SX A150.30 位移225 P型,,,1916T4003,,,S2,QA3,件,190,Kg,
CSS04373,恒力吊架组件,SX A150.30 位移230 P型,,,1916T4003,,,S2,QA3,件,190,Kg,
CSS04374,恒力吊架组件,SX A150.30 位移235 P型,,,1916T4003,,,S2,QA3,件,190,Kg,
CSS04375,恒力吊架组件,SX A150.30 位移240 P型,,,1916T4003,,,S2,QA3,件,190,Kg,
CSS04376,恒力吊架组件,SX A150.30 位移245 P型,,,1916T4003,,,S2,QA3,件,190,Kg,
CSS04377,恒力吊架组件,SX A150.30 位移250 P型,,,1916T4003,,,S2,QA3,件,190,Kg,
CSS04378,恒力吊架组件,SX A150.30 位移255 P型,,,1916T4003,,,S2,QA3,件,190,Kg,
CSS04379,恒力吊架组件,SX A150.30 位移260 P型,,,1916T4003,,,S2,QA3,件,190,Kg,
CSS04380,恒力吊架组件,SX A150.30 位移265 P型,,,1916T4003,,,S2,QA3,件,190,Kg,
CSS04381,恒力吊架组件,SX A150.30 位移270 P型,,,1916T4003,,,S2,QA3,件,190,Kg,
CSS04382,恒力吊架组件,SX A150.30 位移275 P型,,,1916T4003,,,S2,QA3,件,190,Kg,
CSS04383,恒力吊架组件,SX A150.30 位移280 P型,,,1916T4003,,,S2,QA3,件,190,Kg,
CSS04384,恒力吊架组件,SX A150.30 位移285 P型,,,1916T4003,,,S2,QA3,件,190,Kg,
CSS04385,恒力吊架组件,SX A150.30 位移290 P型,,,1916T4003,,,S2,QA3,件,190,Kg,
CSS04386,恒力吊架组件,SX A150.30 位移295 P型,,,1916T4003,,,S2,QA3,件,190,Kg,
CSS04387,恒力吊架组件,SX A150.30 位移300 P型,,,1916T4003,,,S2,QA3,件,190,Kg,
CSS04388,恒力吊架组件,SX A200.15 位移150 P型,,,1916T4003,,,S2,QA3,件,300,Kg,
CSS04389,恒力吊架组件,SX A200.15 位移155 P型,,,1916T4003,,,S2,QA3,件,300,Kg,
CSS04390,恒力吊架组件,SX A200.15 位移160 P型,,,1916T4003,,,S2,QA3,件,300,Kg,
CSS04391,恒力吊架组件,SX A200.15 位移165 P型,,,1916T4003,,,S2,QA3,件,300,Kg,
CSS04392,恒力吊架组件,SX A200.15 位移170 P型,,,1916T4003,,,S2,QA3,件,300,Kg,
CSS04393,恒力吊架组件,SX A200.15 位移175 P型,,,1916T4003,,,S2,QA3,件,300,Kg,
CSS04394,恒力吊架组件,SX A200.15 位移180 P型,,,1916T4003,,,S2,QA3,件,300,Kg,
CSS04395,恒力吊架组件,SX A200.15 位移185 P型,,,1916T4003,,,S2,QA3,件,300,Kg,
CSS04396,恒力吊架组件,SX A200.15 位移190 P型,,,1916T4003,,,S2,QA3,件,300,Kg,
CSS04397,恒力吊架组件,SX A200.15 位移195 P型,,,1916T4003,,,S2,QA3,件,300,Kg,
CSS04398,恒力吊架组件,SX A200.15 位移200 P型,,,1916T4003,,,S2,QA3,件,300,Kg,
CSS04399,恒力吊架组件,SX A200.15 位移205 P型,,,1916T4003,,,S2,QA3,件,300,Kg,
CSS04400,恒力吊架组件,SX A200.15 位移210 P型,,,1916T4003,,,S2,QA3,件,300,Kg,
CSS04401,恒力吊架组件,SX A200.15 位移215 P型,,,1916T4003,,,S2,QA3,件,300,Kg,
CSS04402,恒力吊架组件,SX A200.15 位移220 P型,,,1916T4003,,,S2,QA3,件,300,Kg,
CSS04403,恒力吊架组件,SX A200.15 位移225 P型,,,1916T4003,,,S2,QA3,件,300,Kg,
CSS04404,恒力吊架组件,SX A200.15 位移230 P型,,,1916T4003,,,S2,QA3,件,300,Kg,
CSS04405,恒力吊架组件,SX A200.15 位移235 P型,,,1916T4003,,,S2,QA3,件,300,Kg,
CSS04406,恒力吊架组件,SX A200.15 位移240 P型,,,1916T4003,,,S2,QA3,件,300,Kg,
CSS04407,恒力吊架组件,SX A200.15 位移245 P型,,,1916T4003,,,S2,QA3,件,300,Kg,
CSS04408,恒力吊架组件,SX A200.15 位移250 P型,,,1916T4003,,,S2,QA3,件,300,Kg,
CSS04409,恒力吊架组件,SX A200.15 位移255 P型,,,1916T4003,,,S2,QA3,件,300,Kg,
CSS04410,恒力吊架组件,SX A200.15 位移260 P型,,,1916T4003,,,S2,QA3,件,300,Kg,
CSS04411,恒力吊架组件,SX A200.15 位移265 P型,,,1916T4003,,,S2,QA3,件,300,Kg,
CSS04412,恒力吊架组件,SX A200.15 位移270 P型,,,1916T4003,,,S2,QA3,件,300,Kg,
CSS04413,恒力吊架组件,SX A200.15 位移275 P型,,,1916T4003,,,S2,QA3,件,300,Kg,
CSS04414,恒力吊架组件,SX A200.15 位移280 P型,,,1916T4003,,,S2,QA3,件,300,Kg,
CSS04415,恒力吊架组件,SX A200.15 位移285 P型,,,1916T4003,,,S2,QA3,件,300,Kg,
CSS04416,恒力吊架组件,SX A200.15 位移290 P型,,,1916T4003,,,S2,QA3,件,300,Kg,
CSS04417,恒力吊架组件,SX A200.15 位移295 P型,,,1916T4003,,,S2,QA3,件,300,Kg,
CSS04418,恒力吊架组件,SX A200.15 位移300 P型,,,1916T4003,,,S2,QA3,件,300,Kg,
CSS04419,恒力吊架组件,SX A200.15 位移305 P型,,,1916T4003,,,S2,QA3,件,300,Kg,
CSS04420,恒力吊架组件,SX A200.15 位移310 P型,,,1916T4003,,,S2,QA3,件,300,Kg,
CSS04421,恒力吊架组件,SX A200.15 位移315 P型,,,1916T4003,,,S2,QA3,件,300,Kg,
CSS04422,恒力吊架组件,SX A200.15 位移320 P型,,,1916T4003,,,S2,QA3,件,300,Kg,
CSS04423,恒力吊架组件,SX A200.15 位移325 P型,,,1916T4003,,,S2,QA3,件,300,Kg,
CSS04424,恒力吊架组件,SX A200.15 位移330 P型,,,1916T4003,,,S2,QA3,件,300,Kg,
CSS04425,恒力吊架组件,SX A200.20 位移150 P型,,,1916T4003,,,S2,QA3,件,300,Kg,
CSS04426,恒力吊架组件,SX A200.20 位移155 P型,,,1916T4003,,,S2,QA3,件,300,Kg,
CSS04427,恒力吊架组件,SX A200.20 位移160 P型,,,1916T4003,,,S2,QA3,件,300,Kg,
CSS04428,恒力吊架组件,SX A200.20 位移165 P型,,,1916T4003,,,S2,QA3,件,300,Kg,
CSS04429,恒力吊架组件,SX A200.20 位移170 P型,,,1916T4003,,,S2,QA3,件,300,Kg,
CSS04430,恒力吊架组件,SX A200.20 位移175 P型,,,1916T4003,,,S2,QA3,件,300,Kg,
CSS04431,恒力吊架组件,SX A200.20 位移180 P型,,,1916T4003,,,S2,QA3,件,300,Kg,
CSS04432,恒力吊架组件,SX A200.20 位移185 P型,,,1916T4003,,,S2,QA3,件,300,Kg,
CSS04433,恒力吊架组件,SX A200.20 位移190 P型,,,1916T4003,,,S2,QA3,件,300,Kg,
CSS04434,恒力吊架组件,SX A200.20 位移195 P型,,,1916T4003,,,S2,QA3,件,300,Kg,
CSS04435,恒力吊架组件,SX A200.20 位移200 P型,,,1916T4003,,,S2,QA3,件,300,Kg,
CSS04436,恒力吊架组件,SX A200.20 位移205 P型,,,1916T4003,,,S2,QA3,件,300,Kg,
CSS04437,恒力吊架组件,SX A200.20 位移210 P型,,,1916T4003,,,S2,QA3,件,300,Kg,
CSS04438,恒力吊架组件,SX A200.20 位移215 P型,,,1916T4003,,,S2,QA3,件,300,Kg,
CSS04439,恒力吊架组件,SX A200.20 位移220 P型,,,1916T4003,,,S2,QA3,件,300,Kg,
CSS04440,恒力吊架组件,SX A200.20 位移225 P型,,,1916T4003,,,S2,QA3,件,300,Kg,
CSS04441,恒力吊架组件,SX A200.20 位移230 P型,,,1916T4003,,,S2,QA3,件,300,Kg,
CSS04442,恒力吊架组件,SX A200.20 位移235 P型,,,1916T4003,,,S2,QA3,件,300,Kg,
CSS04443,恒力吊架组件,SX A200.20 位移240 P型,,,1916T4003,,,S2,QA3,件,300,Kg,
CSS04444,恒力吊架组件,SX A200.20 位移245 P型,,,1916T4003,,,S2,QA3,件,300,Kg,
CSS04445,恒力吊架组件,SX A200.20 位移250 P型,,,1916T4003,,,S2,QA3,件,300,Kg,
CSS04446,恒力吊架组件,SX A200.20 位移255 P型,,,1916T4003,,,S2,QA3,件,300,Kg,
CSS04447,恒力吊架组件,SX A200.20 位移260 P型,,,1916T4003,,,S2,QA3,件,300,Kg,
CSS04448,恒力吊架组件,SX A200.20 位移265 P型,,,1916T4003,,,S2,QA3,件,300,Kg,
CSS04449,恒力吊架组件,SX A200.20 位移270 P型,,,1916T4003,,,S2,QA3,件,300,Kg,
CSS04450,恒力吊架组件,SX A200.20 位移275 P型,,,1916T4003,,,S2,QA3,件,300,Kg,
CSS04451,恒力吊架组件,SX A200.20 位移280 P型,,,1916T4003,,,S2,QA3,件,300,Kg,
CSS04452,恒力吊架组件,SX A200.20 位移285 P型,,,1916T4003,,,S2,QA3,件,300,Kg,
CSS04453,恒力吊架组件,SX A200.20 位移290 P型,,,1916T4003,,,S2,QA3,件,300,Kg,
CSS04454,恒力吊架组件,SX A200.20 位移295 P型,,,1916T4003,,,S2,QA3,件,300,Kg,
CSS04455,恒力吊架组件,SX A200.20 位移300 P型,,,1916T4003,,,S2,QA3,件,300,Kg,
CSS04456,恒力吊架组件,SX A200.20 位移305 P型,,,1916T4003,,,S2,QA3,件,300,Kg,
CSS04457,恒力吊架组件,SX A200.20 位移310 P型,,,1916T4003,,,S2,QA3,件,300,Kg,
CSS04458,恒力吊架组件,SX A200.20 位移315 P型,,,1916T4003,,,S2,QA3,件,300,Kg,
CSS04459,恒力吊架组件,SX A200.20 位移320 P型,,,1916T4003,,,S2,QA3,件,300,Kg,
CSS04460,恒力吊架组件,SX A200.20 位移325 P型,,,1916T4003,,,S2,QA3,件,300,Kg,
CSS04461,恒力吊架组件,SX A200.20 位移330 P型,,,1916T4003,,,S2,QA3,件,300,Kg,
CSS04462,恒力吊架组件,SX A200.25 位移150 P型,,,1916T4003,,,S2,QA3,件,300,Kg,
CSS04463,恒力吊架组件,SX A200.25 位移155 P型,,,1916T4003,,,S2,QA3,件,300,Kg,
CSS04464,恒力吊架组件,SX A200.25 位移160 P型,,,1916T4003,,,S2,QA3,件,300,Kg,
CSS04465,恒力吊架组件,SX A200.25 位移165 P型,,,1916T4003,,,S2,QA3,件,300,Kg,
CSS04466,恒力吊架组件,SX A200.25 位移170 P型,,,1916T4003,,,S2,QA3,件,300,Kg,
CSS04467,恒力吊架组件,SX A200.25 位移175 P型,,,1916T4003,,,S2,QA3,件,300,Kg,
CSS04468,恒力吊架组件,SX A200.25 位移180 P型,,,1916T4003,,,S2,QA3,件,300,Kg,
CSS04469,恒力吊架组件,SX A200.25 位移185 P型,,,1916T4003,,,S2,QA3,件,300,Kg,
CSS04470,恒力吊架组件,SX A200.25 位移190 P型,,,1916T4003,,,S2,QA3,件,300,Kg,
CSS04471,恒力吊架组件,SX A200.25 位移195 P型,,,1916T4003,,,S2,QA3,件,300,Kg,
CSS04472,恒力吊架组件,SX A200.25 位移200 P型,,,1916T4003,,,S2,QA3,件,300,Kg,
CSS04473,恒力吊架组件,SX A200.25 位移205 P型,,,1916T4003,,,S2,QA3,件,300,Kg,
CSS04474,恒力吊架组件,SX A200.25 位移210 P型,,,1916T4003,,,S2,QA3,件,300,Kg,
CSS04475,恒力吊架组件,SX A200.25 位移215 P型,,,1916T4003,,,S2,QA3,件,300,Kg,
CSS04476,恒力吊架组件,SX A200.25 位移220 P型,,,1916T4003,,,S2,QA3,件,300,Kg,
CSS04477,恒力吊架组件,SX A200.25 位移225 P型,,,1916T4003,,,S2,QA3,件,300,Kg,
CSS04478,恒力吊架组件,SX A200.25 位移230 P型,,,1916T4003,,,S2,QA3,件,300,Kg,
CSS04479,恒力吊架组件,SX A200.25 位移235 P型,,,1916T4003,,,S2,QA3,件,300,Kg,
CSS04480,恒力吊架组件,SX A200.25 位移240 P型,,,1916T4003,,,S2,QA3,件,300,Kg,
CSS04481,恒力吊架组件,SX A200.25 位移245 P型,,,1916T4003,,,S2,QA3,件,300,Kg,
CSS04482,恒力吊架组件,SX A200.25 位移250 P型,,,1916T4003,,,S2,QA3,件,300,Kg,
CSS04483,恒力吊架组件,SX A200.25 位移255 P型,,,1916T4003,,,S2,QA3,件,300,Kg,
CSS04484,恒力吊架组件,SX A200.25 位移260 P型,,,1916T4003,,,S2,QA3,件,300,Kg,
CSS04485,恒力吊架组件,SX A200.25 位移265 P型,,,1916T4003,,,S2,QA3,件,300,Kg,
CSS04486,恒力吊架组件,SX A200.25 位移270 P型,,,1916T4003,,,S2,QA3,件,300,Kg,
CSS04487,恒力吊架组件,SX A200.25 位移275 P型,,,1916T4003,,,S2,QA3,件,300,Kg,
CSS04488,恒力吊架组件,SX A200.25 位移280 P型,,,1916T4003,,,S2,QA3,件,300,Kg,
CSS04489,恒力吊架组件,SX A200.25 位移285 P型,,,1916T4003,,,S2,QA3,件,300,Kg,
CSS04490,恒力吊架组件,SX A200.25 位移290 P型,,,1916T4003,,,S2,QA3,件,300,Kg,
CSS04491,恒力吊架组件,SX A200.25 位移295 P型,,,1916T4003,,,S2,QA3,件,300,Kg,
CSS04492,恒力吊架组件,SX A200.25 位移300 P型,,,1916T4003,,,S2,QA3,件,300,Kg,
CSS04493,恒力吊架组件,SX A200.25 位移305 P型,,,1916T4003,,,S2,QA3,件,300,Kg,
CSS04494,恒力吊架组件,SX A200.25 位移310 P型,,,1916T4003,,,S2,QA3,件,300,Kg,
CSS04495,恒力吊架组件,SX A200.25 位移315 P型,,,1916T4003,,,S2,QA3,件,300,Kg,
CSS04496,恒力吊架组件,SX A200.25 位移320 P型,,,1916T4003,,,S2,QA3,件,300,Kg,
CSS04497,恒力吊架组件,SX A200.25 位移325 P型,,,1916T4003,,,S2,QA3,件,300,Kg,
CSS04498,恒力吊架组件,SX A200.25 位移330 P型,,,1916T4003,,,S2,QA3,件,300,Kg,
CSS04499,恒力吊架组件,SX A200.30 位移150 P型,,,1916T4003,,,S2,QA3,件,300,Kg,
CSS04500,恒力吊架组件,SX A200.30 位移155 P型,,,1916T4003,,,S2,QA3,件,300,Kg,
CSS04501,恒力吊架组件,SX A200.30 位移160 P型,,,1916T4003,,,S2,QA3,件,300,Kg,
CSS04502,恒力吊架组件,SX A200.30 位移165 P型,,,1916T4003,,,S2,QA3,件,300,Kg,
CSS04503,恒力吊架组件,SX A200.30 位移170 P型,,,1916T4003,,,S2,QA3,件,300,Kg,
CSS04504,恒力吊架组件,SX A200.30 位移175 P型,,,1916T4003,,,S2,QA3,件,300,Kg,
CSS04505,恒力吊架组件,SX A200.30 位移180 P型,,,1916T4003,,,S2,QA3,件,300,Kg,
CSS04506,恒力吊架组件,SX A200.30 位移185 P型,,,1916T4003,,,S2,QA3,件,300,Kg,
CSS04507,恒力吊架组件,SX A200.30 位移190 P型,,,1916T4003,,,S2,QA3,件,300,Kg,
CSS04508,恒力吊架组件,SX A200.30 位移195 P型,,,1916T4003,,,S2,QA3,件,300,Kg,
CSS04509,恒力吊架组件,SX A200.30 位移200 P型,,,1916T4003,,,S2,QA3,件,300,Kg,
CSS04510,恒力吊架组件,SX A200.30 位移205 P型,,,1916T4003,,,S2,QA3,件,300,Kg,
CSS04511,恒力吊架组件,SX A200.30 位移210 P型,,,1916T4003,,,S2,QA3,件,300,Kg,
CSS04512,恒力吊架组件,SX A200.30 位移215 P型,,,1916T4003,,,S2,QA3,件,300,Kg,
CSS04513,恒力吊架组件,SX A200.30 位移220 P型,,,1916T4003,,,S2,QA3,件,300,Kg,
CSS04514,恒力吊架组件,SX A200.30 位移225 P型,,,1916T4003,,,S2,QA3,件,300,Kg,
CSS04515,恒力吊架组件,SX A200.30 位移230 P型,,,1916T4003,,,S2,QA3,件,300,Kg,
CSS04516,恒力吊架组件,SX A200.30 位移235 P型,,,1916T4003,,,S2,QA3,件,300,Kg,
CSS04517,恒力吊架组件,SX A200.30 位移240 P型,,,1916T4003,,,S2,QA3,件,300,Kg,
CSS04518,恒力吊架组件,SX A200.30 位移245 P型,,,1916T4003,,,S2,QA3,件,300,Kg,
CSS04519,恒力吊架组件,SX A200.30 位移250 P型,,,1916T4003,,,S2,QA3,件,300,Kg,
CSS04520,恒力吊架组件,SX A200.30 位移255 P型,,,1916T4003,,,S2,QA3,件,300,Kg,
CSS04521,恒力吊架组件,SX A200.30 位移260 P型,,,1916T4003,,,S2,QA3,件,300,Kg,
CSS04522,恒力吊架组件,SX A200.30 位移265 P型,,,1916T4003,,,S2,QA3,件,300,Kg,
CSS04523,恒力吊架组件,SX A200.30 位移270 P型,,,1916T4003,,,S2,QA3,件,300,Kg,
CSS04524,恒力吊架组件,SX A200.30 位移275 P型,,,1916T4003,,,S2,QA3,件,300,Kg,
CSS04525,恒力吊架组件,SX A200.30 位移280 P型,,,1916T4003,,,S2,QA3,件,300,Kg,
CSS04526,恒力吊架组件,SX A200.30 位移285 P型,,,1916T4003,,,S2,QA3,件,300,Kg,
CSS04527,恒力吊架组件,SX A200.30 位移290 P型,,,1916T4003,,,S2,QA3,件,300,Kg,
CSS04528,恒力吊架组件,SX A200.30 位移295 P型,,,1916T4003,,,S2,QA3,件,300,Kg,
CSS04529,恒力吊架组件,SX A200.30 位移300 P型,,,1916T4003,,,S2,QA3,件,300,Kg,
CSS04530,恒力吊架组件,SX A200.30 位移305 P型,,,1916T4003,,,S2,QA3,件,300,Kg,
CSS04531,恒力吊架组件,SX A200.30 位移310 P型,,,1916T4003,,,S2,QA3,件,300,Kg,
CSS04532,恒力吊架组件,SX A200.30 位移315 P型,,,1916T4003,,,S2,QA3,件,300,Kg,
CSS04533,恒力吊架组件,SX A200.30 位移320 P型,,,1916T4003,,,S2,QA3,件,300,Kg,
CSS04534,恒力吊架组件,SX A200.30 位移325 P型,,,1916T4003,,,S2,QA3,件,300,Kg,
CSS04535,恒力吊架组件,SX A200.30 位移330 P型,,,1916T4003,,,S2,QA3,件,300,Kg,
CSS04536,恒力吊架组件,SX A250.20 位移170 P型,,,1916T4003,,,S2,QA3,件,620,Kg,
CSS04537,恒力吊架组件,SX A250.20 位移175 P型,,,1916T4003,,,S2,QA3,件,620,Kg,
CSS04538,恒力吊架组件,SX A250.20 位移180 P型,,,1916T4003,,,S2,QA3,件,620,Kg,
CSS04539,恒力吊架组件,SX A250.20 位移185 P型,,,1916T4003,,,S2,QA3,件,620,Kg,
CSS04540,恒力吊架组件,SX A250.20 位移190 P型,,,1916T4003,,,S2,QA3,件,620,Kg,
CSS04541,恒力吊架组件,SX A250.20 位移195 P型,,,1916T4003,,,S2,QA3,件,620,Kg,
CSS04542,恒力吊架组件,SX A250.20 位移200 P型,,,1916T4003,,,S2,QA3,件,620,Kg,
CSS04543,恒力吊架组件,SX A250.20 位移205 P型,,,1916T4003,,,S2,QA3,件,620,Kg,
CSS04544,恒力吊架组件,SX A250.20 位移210 P型,,,1916T4003,,,S2,QA3,件,620,Kg,
CSS04545,恒力吊架组件,SX A250.20 位移215 P型,,,1916T4003,,,S2,QA3,件,620,Kg,
CSS04546,恒力吊架组件,SX A250.20 位移220 P型,,,1916T4003,,,S2,QA3,件,620,Kg,
CSS04547,恒力吊架组件,SX A250.20 位移225 P型,,,1916T4003,,,S2,QA3,件,620,Kg,
CSS04548,恒力吊架组件,SX A250.20 位移230 P型,,,1916T4003,,,S2,QA3,件,620,Kg,
CSS04549,恒力吊架组件,SX A250.20 位移235 P型,,,1916T4003,,,S2,QA3,件,620,Kg,
CSS04550,恒力吊架组件,SX A250.20 位移240 P型,,,1916T4003,,,S2,QA3,件,620,Kg,
CSS04551,恒力吊架组件,SX A250.20 位移245 P型,,,1916T4003,,,S2,QA3,件,620,Kg,
CSS04552,恒力吊架组件,SX A250.20 位移250 P型,,,1916T4003,,,S2,QA3,件,620,Kg,
CSS04553,恒力吊架组件,SX A250.20 位移255 P型,,,1916T4003,,,S2,QA3,件,620,Kg,
CSS04554,恒力吊架组件,SX A250.20 位移260 P型,,,1916T4003,,,S2,QA3,件,620,Kg,
CSS04555,恒力吊架组件,SX A250.20 位移265 P型,,,1916T4003,,,S2,QA3,件,620,Kg,
CSS04556,恒力吊架组件,SX A250.20 位移270 P型,,,1916T4003,,,S2,QA3,件,620,Kg,
CSS04557,恒力吊架组件,SX A250.20 位移275 P型,,,1916T4003,,,S2,QA3,件,620,Kg,
CSS04558,恒力吊架组件,SX A250.20 位移280 P型,,,1916T4003,,,S2,QA3,件,620,Kg,
CSS04559,恒力吊架组件,SX A250.20 位移285 P型,,,1916T4003,,,S2,QA3,件,620,Kg,
CSS04560,恒力吊架组件,SX A250.20 位移290 P型,,,1916T4003,,,S2,QA3,件,620,Kg,
CSS04561,恒力吊架组件,SX A250.20 位移295 P型,,,1916T4003,,,S2,QA3,件,620,Kg,
CSS04562,恒力吊架组件,SX A250.20 位移300 P型,,,1916T4003,,,S2,QA3,件,620,Kg,
CSS04563,恒力吊架组件,SX A250.20 位移305 P型,,,1916T4003,,,S2,QA3,件,620,Kg,
CSS04564,恒力吊架组件,SX A250.20 位移310 P型,,,1916T4003,,,S2,QA3,件,620,Kg,
CSS04565,恒力吊架组件,SX A250.20 位移315 P型,,,1916T4003,,,S2,QA3,件,620,Kg,
CSS04566,恒力吊架组件,SX A250.20 位移320 P型,,,1916T4003,,,S2,QA3,件,620,Kg,
CSS04567,恒力吊架组件,SX A250.20 位移325 P型,,,1916T4003,,,S2,QA3,件,620,Kg,
CSS04568,恒力吊架组件,SX A250.20 位移330 P型,,,1916T4003,,,S2,QA3,件,620,Kg,
CSS04569,恒力吊架组件,SX A250.20 位移335 P型,,,1916T4003,,,S2,QA3,件,620,Kg,
CSS04570,恒力吊架组件,SX A250.20 位移340 P型,,,1916T4003,,,S2,QA3,件,620,Kg,
CSS04571,恒力吊架组件,SX A250.20 位移345 P型,,,1916T4003,,,S2,QA3,件,620,Kg,
CSS04572,恒力吊架组件,SX A250.20 位移350 P型,,,1916T4003,,,S2,QA3,件,620,Kg,
CSS04573,恒力吊架组件,SX A250.25 位移170 P型,,,1916T4003,,,S2,QA3,件,620,Kg,
CSS04574,恒力吊架组件,SX A250.25 位移175 P型,,,1916T4003,,,S2,QA3,件,620,Kg,
CSS04575,恒力吊架组件,SX A250.25 位移180 P型,,,1916T4003,,,S2,QA3,件,620,Kg,
CSS04576,恒力吊架组件,SX A250.25 位移185 P型,,,1916T4003,,,S2,QA3,件,620,Kg,
CSS04577,恒力吊架组件,SX A250.25 位移190 P型,,,1916T4003,,,S2,QA3,件,620,Kg,
CSS04578,恒力吊架组件,SX A250.25 位移195 P型,,,1916T4003,,,S2,QA3,件,620,Kg,
CSS04579,恒力吊架组件,SX A250.25 位移200 P型,,,1916T4003,,,S2,QA3,件,620,Kg,
CSS04580,恒力吊架组件,SX A250.25 位移205 P型,,,1916T4003,,,S2,QA3,件,620,Kg,
CSS04581,恒力吊架组件,SX A250.25 位移210 P型,,,1916T4003,,,S2,QA3,件,620,Kg,
CSS04582,恒力吊架组件,SX A250.25 位移215 P型,,,1916T4003,,,S2,QA3,件,620,Kg,
CSS04583,恒力吊架组件,SX A250.25 位移220 P型,,,1916T4003,,,S2,QA3,件,620,Kg,
CSS04584,恒力吊架组件,SX A250.25 位移225 P型,,,1916T4003,,,S2,QA3,件,620,Kg,
CSS04585,恒力吊架组件,SX A250.25 位移230 P型,,,1916T4003,,,S2,QA3,件,620,Kg,
CSS04586,恒力吊架组件,SX A250.25 位移235 P型,,,1916T4003,,,S2,QA3,件,620,Kg,
CSS04587,恒力吊架组件,SX A250.25 位移240 P型,,,1916T4003,,,S2,QA3,件,620,Kg,
CSS04588,恒力吊架组件,SX A250.25 位移245 P型,,,1916T4003,,,S2,QA3,件,620,Kg,
CSS04589,恒力吊架组件,SX A250.25 位移250 P型,,,1916T4003,,,S2,QA3,件,620,Kg,
CSS04590,恒力吊架组件,SX A250.25 位移255 P型,,,1916T4003,,,S2,QA3,件,620,Kg,
CSS04591,恒力吊架组件,SX A250.25 位移260 P型,,,1916T4003,,,S2,QA3,件,620,Kg,
CSS04592,恒力吊架组件,SX A250.25 位移265 P型,,,1916T4003,,,S2,QA3,件,620,Kg,
CSS04593,恒力吊架组件,SX A250.25 位移270 P型,,,1916T4003,,,S2,QA3,件,620,Kg,
CSS04594,恒力吊架组件,SX A250.25 位移275 P型,,,1916T4003,,,S2,QA3,件,620,Kg,
CSS04595,恒力吊架组件,SX A250.25 位移280 P型,,,1916T4003,,,S2,QA3,件,620,Kg,
CSS04596,恒力吊架组件,SX A250.25 位移285 P型,,,1916T4003,,,S2,QA3,件,620,Kg,
CSS04597,恒力吊架组件,SX A250.25 位移290 P型,,,1916T4003,,,S2,QA3,件,620,Kg,
CSS04598,恒力吊架组件,SX A250.25 位移295 P型,,,1916T4003,,,S2,QA3,件,620,Kg,
CSS04599,恒力吊架组件,SX A250.25 位移300 P型,,,1916T4003,,,S2,QA3,件,620,Kg,
CSS04600,恒力吊架组件,SX A250.25 位移305 P型,,,1916T4003,,,S2,QA3,件,620,Kg,
CSS04601,恒力吊架组件,SX A250.25 位移310 P型,,,1916T4003,,,S2,QA3,件,620,Kg,
CSS04602,恒力吊架组件,SX A250.25 位移315 P型,,,1916T4003,,,S2,QA3,件,620,Kg,
CSS04603,恒力吊架组件,SX A250.25 位移320 P型,,,1916T4003,,,S2,QA3,件,620,Kg,
CSS04604,恒力吊架组件,SX A250.25 位移325 P型,,,1916T4003,,,S2,QA3,件,620,Kg,
CSS04605,恒力吊架组件,SX A250.25 位移330 P型,,,1916T4003,,,S2,QA3,件,620,Kg,
CSS04606,恒力吊架组件,SX A250.25 位移335 P型,,,1916T4003,,,S2,QA3,件,620,Kg,
CSS04607,恒力吊架组件,SX A250.25 位移340 P型,,,1916T4003,,,S2,QA3,件,620,Kg,
CSS04608,恒力吊架组件,SX A250.25 位移345 P型,,,1916T4003,,,S2,QA3,件,620,Kg,
CSS04609,恒力吊架组件,SX A250.25 位移350 P型,,,1916T4003,,,S2,QA3,件,620,Kg,
CSS04610,恒力吊架组件,SX A250.30 位移170 P型,,,1916T4003,,,S2,QA3,件,620,Kg,
CSS04611,恒力吊架组件,SX A250.30 位移175 P型,,,1916T4003,,,S2,QA3,件,620,Kg,
CSS04612,恒力吊架组件,SX A250.30 位移180 P型,,,1916T4003,,,S2,QA3,件,620,Kg,
CSS04613,恒力吊架组件,SX A250.30 位移185 P型,,,1916T4003,,,S2,QA3,件,620,Kg,
CSS04614,恒力吊架组件,SX A250.30 位移190 P型,,,1916T4003,,,S2,QA3,件,620,Kg,
CSS04615,恒力吊架组件,SX A250.30 位移195 P型,,,1916T4003,,,S2,QA3,件,620,Kg,
CSS04616,恒力吊架组件,SX A250.30 位移200 P型,,,1916T4003,,,S2,QA3,件,620,Kg,
CSS04617,恒力吊架组件,SX A250.30 位移205 P型,,,1916T4003,,,S2,QA3,件,620,Kg,
CSS04618,恒力吊架组件,SX A250.30 位移210 P型,,,1916T4003,,,S2,QA3,件,620,Kg,
CSS04619,恒力吊架组件,SX A250.30 位移215 P型,,,1916T4003,,,S2,QA3,件,620,Kg,
CSS04620,恒力吊架组件,SX A250.30 位移220 P型,,,1916T4003,,,S2,QA3,件,620,Kg,
CSS04621,恒力吊架组件,SX A250.30 位移225 P型,,,1916T4003,,,S2,QA3,件,620,Kg,
CSS04622,恒力吊架组件,SX A250.30 位移230 P型,,,1916T4003,,,S2,QA3,件,620,Kg,
CSS04623,恒力吊架组件,SX A250.30 位移235 P型,,,1916T4003,,,S2,QA3,件,620,Kg,
CSS04624,恒力吊架组件,SX A250.30 位移240 P型,,,1916T4003,,,S2,QA3,件,620,Kg,
CSS04625,恒力吊架组件,SX A250.30 位移245 P型,,,1916T4003,,,S2,QA3,件,620,Kg,
CSS04626,恒力吊架组件,SX A250.30 位移250 P型,,,1916T4003,,,S2,QA3,件,620,Kg,
CSS04627,恒力吊架组件,SX A250.30 位移255 P型,,,1916T4003,,,S2,QA3,件,620,Kg,
CSS04628,恒力吊架组件,SX A250.30 位移260 P型,,,1916T4003,,,S2,QA3,件,620,Kg,
CSS04629,恒力吊架组件,SX A250.30 位移265 P型,,,1916T4003,,,S2,QA3,件,620,Kg,
CSS04630,恒力吊架组件,SX A250.30 位移270 P型,,,1916T4003,,,S2,QA3,件,620,Kg,
CSS04631,恒力吊架组件,SX A250.30 位移275 P型,,,1916T4003,,,S2,QA3,件,620,Kg,
CSS04632,恒力吊架组件,SX A250.30 位移280 P型,,,1916T4003,,,S2,QA3,件,620,Kg,
CSS04633,恒力吊架组件,SX A250.30 位移285 P型,,,1916T4003,,,S2,QA3,件,620,Kg,
CSS04634,恒力吊架组件,SX A250.30 位移290 P型,,,1916T4003,,,S2,QA3,件,620,Kg,
CSS04635,恒力吊架组件,SX A250.30 位移295 P型,,,1916T4003,,,S2,QA3,件,620,Kg,
CSS04636,恒力吊架组件,SX A250.30 位移300 P型,,,1916T4003,,,S2,QA3,件,620,Kg,
CSS04637,恒力吊架组件,SX A250.30 位移305 P型,,,1916T4003,,,S2,QA3,件,620,Kg,
CSS04638,恒力吊架组件,SX A250.30 位移310 P型,,,1916T4003,,,S2,QA3,件,620,Kg,
CSS04639,恒力吊架组件,SX A250.30 位移315 P型,,,1916T4003,,,S2,QA3,件,620,Kg,
CSS04640,恒力吊架组件,SX A250.30 位移320 P型,,,1916T4003,,,S2,QA3,件,620,Kg,
CSS04641,恒力吊架组件,SX A250.30 位移325 P型,,,1916T4003,,,S2,QA3,件,620,Kg,
CSS04642,恒力吊架组件,SX A250.30 位移330 P型,,,1916T4003,,,S2,QA3,件,620,Kg,
CSS04643,恒力吊架组件,SX A250.30 位移335 P型,,,1916T4003,,,S2,QA3,件,620,Kg,
CSS04644,恒力吊架组件,SX A250.30 位移340 P型,,,1916T4003,,,S2,QA3,件,620,Kg,
CSS04645,恒力吊架组件,SX A250.30 位移345 P型,,,1916T4003,,,S2,QA3,件,620,Kg,
CSS04646,恒力吊架组件,SX A250.30 位移350 P型,,,1916T4003,,,S2,QA3,件,620,Kg,
CSS04647,恒力吊架组件,SX A250.35 位移190 P型,,,1916T4003,,,S2,QA3,件,620,Kg,
CSS04648,恒力吊架组件,SX A250.35 位移195 P型,,,1916T4003,,,S2,QA3,件,620,Kg,
CSS04649,恒力吊架组件,SX A250.35 位移200 P型,,,1916T4003,,,S2,QA3,件,620,Kg,
CSS04650,恒力吊架组件,SX A250.35 位移205 P型,,,1916T4003,,,S2,QA3,件,620,Kg,
CSS04651,恒力吊架组件,SX A250.35 位移210 P型,,,1916T4003,,,S2,QA3,件,620,Kg,
CSS04652,恒力吊架组件,SX A250.35 位移215 P型,,,1916T4003,,,S2,QA3,件,620,Kg,
CSS04653,恒力吊架组件,SX A250.35 位移220 P型,,,1916T4003,,,S2,QA3,件,620,Kg,
CSS04654,恒力吊架组件,SX A250.35 位移225 P型,,,1916T4003,,,S2,QA3,件,620,Kg,
CSS04655,恒力吊架组件,SX A250.35 位移230 P型,,,1916T4003,,,S2,QA3,件,620,Kg,
CSS04656,恒力吊架组件,SX A250.35 位移235 P型,,,1916T4003,,,S2,QA3,件,620,Kg,
CSS04657,恒力吊架组件,SX A250.35 位移240 P型,,,1916T4003,,,S2,QA3,件,620,Kg,
CSS04658,恒力吊架组件,SX A250.35 位移245 P型,,,1916T4003,,,S2,QA3,件,620,Kg,
CSS04659,恒力吊架组件,SX A250.35 位移250 P型,,,1916T4003,,,S2,QA3,件,620,Kg,
CSS04660,恒力吊架组件,SX A250.35 位移255 P型,,,1916T4003,,,S2,QA3,件,620,Kg,
CSS04661,恒力吊架组件,SX A250.35 位移260 P型,,,1916T4003,,,S2,QA3,件,620,Kg,
CSS04662,恒力吊架组件,SX A250.35 位移265 P型,,,1916T4003,,,S2,QA3,件,620,Kg,
CSS04663,恒力吊架组件,SX A250.35 位移270 P型,,,1916T4003,,,S2,QA3,件,620,Kg,
CSS04664,恒力吊架组件,SX A250.35 位移275 P型,,,1916T4003,,,S2,QA3,件,620,Kg,
CSS04665,恒力吊架组件,SX A250.35 位移280 P型,,,1916T4003,,,S2,QA3,件,620,Kg,
CSS04666,恒力吊架组件,SX A250.35 位移285 P型,,,1916T4003,,,S2,QA3,件,620,Kg,
CSS04667,恒力吊架组件,SX A250.35 位移290 P型,,,1916T4003,,,S2,QA3,件,620,Kg,
CSS04668,恒力吊架组件,SX A250.35 位移295 P型,,,1916T4003,,,S2,QA3,件,620,Kg,
CSS04669,恒力吊架组件,SX A250.35 位移300 P型,,,1916T4003,,,S2,QA3,件,620,Kg,
CSS04670,恒力吊架组件,SX A250.35 位移305 P型,,,1916T4003,,,S2,QA3,件,620,Kg,
CSS04671,恒力吊架组件,SX A250.35 位移310 P型,,,1916T4003,,,S2,QA3,件,620,Kg,
CSS04672,恒力吊架组件,SX A250.35 位移315 P型,,,1916T4003,,,S2,QA3,件,620,Kg,
CSS04673,恒力吊架组件,SX A250.35 位移320 P型,,,1916T4003,,,S2,QA3,件,620,Kg,
CSS04674,恒力吊架组件,SX A250.35 位移325 P型,,,1916T4003,,,S2,QA3,件,620,Kg,
CSS04675,恒力吊架组件,SX A250.35 位移330 P型,,,1916T4003,,,S2,QA3,件,620,Kg,
CSS04676,恒力吊架组件,SX A250.35 位移335 P型,,,1916T4003,,,S2,QA3,件,620,Kg,
CSS04677,恒力吊架组件,SX A250.35 位移340 P型,,,1916T4003,,,S2,QA3,件,620,Kg,
CSS04678,恒力吊架组件,SX A250.35 位移345 P型,,,1916T4003,,,S2,QA3,件,620,Kg,
CSS04679,恒力吊架组件,SX A250.35 位移350 P型,,,1916T4003,,,S2,QA3,件,620,Kg,
CSS04680,恒力吊架组件,SX A100.15 位移90 F型,,,1916T4003,,,S2,QA3,件,90,Kg,
CSS04681,恒力吊架组件,SX A100.15 位移95 F型,,,1916T4003,,,S2,QA3,件,90,Kg,
CSS04682,恒力吊架组件,SX A100.15 位移100 F型,,,1916T4003,,,S2,QA3,件,90,Kg,
CSS04683,恒力吊架组件,SX A100.15 位移105 F型,,,1916T4003,,,S2,QA3,件,90,Kg,
CSS04684,恒力吊架组件,SX A100.15 位移110 F型,,,1916T4003,,,S2,QA3,件,90,Kg,
CSS04685,恒力吊架组件,SX A100.15 位移115 F型,,,1916T4003,,,S2,QA3,件,90,Kg,
CSS04686,恒力吊架组件,SX A100.15 位移120 F型,,,1916T4003,,,S2,QA3,件,90,Kg,
CSS04687,恒力吊架组件,SX A100.15 位移125 F型,,,1916T4003,,,S2,QA3,件,90,Kg,
CSS04688,恒力吊架组件,SX A100.15 位移130 F型,,,1916T4003,,,S2,QA3,件,90,Kg,
CSS04689,恒力吊架组件,SX A100.15 位移135 F型,,,1916T4003,,,S2,QA3,件,90,Kg,
CSS04690,恒力吊架组件,SX A100.15 位移140 F型,,,1916T4003,,,S2,QA3,件,90,Kg,
CSS04691,恒力吊架组件,SX A100.15 位移145 F型,,,1916T4003,,,S2,QA3,件,90,Kg,
CSS04692,恒力吊架组件,SX A100.15 位移150 F型,,,1916T4003,,,S2,QA3,件,90,Kg,
CSS04693,恒力吊架组件,SX A100.15 位移155 F型,,,1916T4003,,,S2,QA3,件,90,Kg,
CSS04694,恒力吊架组件,SX A100.15 位移160 F型,,,1916T4003,,,S2,QA3,件,90,Kg,
CSS04695,恒力吊架组件,SX A100.15 位移165 F型,,,1916T4003,,,S2,QA3,件,90,Kg,
CSS04696,恒力吊架组件,SX A100.15 位移170 F型,,,1916T4003,,,S2,QA3,件,90,Kg,
CSS04697,恒力吊架组件,SX A100.15 位移175 F型,,,1916T4003,,,S2,QA3,件,90,Kg,
CSS04698,恒力吊架组件,SX A100.15 位移180 F型,,,1916T4003,,,S2,QA3,件,90,Kg,
CSS04699,恒力吊架组件,SX A100.15 位移185 F型,,,1916T4003,,,S2,QA3,件,90,Kg,
CSS04700,恒力吊架组件,SX A100.15 位移190 F型,,,1916T4003,,,S2,QA3,件,90,Kg,
CSS04701,恒力吊架组件,SX A100.15 位移195 F型,,,1916T4003,,,S2,QA3,件,90,Kg,
CSS04702,恒力吊架组件,SX A100.15 位移200 F型,,,1916T4003,,,S2,QA3,件,90,Kg,
CSS04703,恒力吊架组件,SX A100.15 位移205 F型,,,1916T4003,,,S2,QA3,件,90,Kg,
CSS04704,恒力吊架组件,SX A100.15 位移210 F型,,,1916T4003,,,S2,QA3,件,90,Kg,
CSS04705,恒力吊架组件,SX A100.15 位移215 F型,,,1916T4003,,,S2,QA3,件,90,Kg,
CSS04706,恒力吊架组件,SX A100.15 位移220 F型,,,1916T4003,,,S2,QA3,件,90,Kg,
CSS04707,恒力吊架组件,SX A100.15 位移225 F型,,,1916T4003,,,S2,QA3,件,90,Kg,
CSS04708,恒力吊架组件,SX A100.15 位移230 F型,,,1916T4003,,,S2,QA3,件,90,Kg,
CSS04709,恒力吊架组件,SX A100.15 位移235 F型,,,1916T4003,,,S2,QA3,件,90,Kg,
CSS04710,恒力吊架组件,SX A100.15 位移240 F型,,,1916T4003,,,S2,QA3,件,90,Kg,
CSS04711,恒力吊架组件,SX A100.15 位移245 F型,,,1916T4003,,,S2,QA3,件,90,Kg,
CSS04712,恒力吊架组件,SX A100.15 位移250 F型,,,1916T4003,,,S2,QA3,件,90,Kg,
CSS04713,恒力吊架组件,SX A100.20 位移90 F型,,,1916T4003,,,S2,QA3,件,90,Kg,
CSS04714,恒力吊架组件,SX A100.20 位移95 F型,,,1916T4003,,,S2,QA3,件,90,Kg,
CSS04715,恒力吊架组件,SX A100.20 位移100 F型,,,1916T4003,,,S2,QA3,件,90,Kg,
CSS04716,恒力吊架组件,SX A100.20 位移105 F型,,,1916T4003,,,S2,QA3,件,90,Kg,
CSS04717,恒力吊架组件,SX A100.20 位移110 F型,,,1916T4003,,,S2,QA3,件,90,Kg,
CSS04718,恒力吊架组件,SX A100.20 位移115 F型,,,1916T4003,,,S2,QA3,件,90,Kg,
CSS04719,恒力吊架组件,SX A100.20 位移120 F型,,,1916T4003,,,S2,QA3,件,90,Kg,
CSS04720,恒力吊架组件,SX A100.20 位移125 F型,,,1916T4003,,,S2,QA3,件,90,Kg,
CSS04721,恒力吊架组件,SX A100.20 位移130 F型,,,1916T4003,,,S2,QA3,件,90,Kg,
CSS04722,恒力吊架组件,SX A100.20 位移135 F型,,,1916T4003,,,S2,QA3,件,90,Kg,
CSS04723,恒力吊架组件,SX A100.20 位移140 F型,,,1916T4003,,,S2,QA3,件,90,Kg,
CSS04724,恒力吊架组件,SX A100.20 位移145 F型,,,1916T4003,,,S2,QA3,件,90,Kg,
CSS04725,恒力吊架组件,SX A100.20 位移150 F型,,,1916T4003,,,S2,QA3,件,90,Kg,
CSS04726,恒力吊架组件,SX A100.20 位移155 F型,,,1916T4003,,,S2,QA3,件,90,Kg,
CSS04727,恒力吊架组件,SX A100.20 位移160 F型,,,1916T4003,,,S2,QA3,件,90,Kg,
CSS04728,恒力吊架组件,SX A100.20 位移165 F型,,,1916T4003,,,S2,QA3,件,90,Kg,
CSS04729,恒力吊架组件,SX A100.20 位移170 F型,,,1916T4003,,,S2,QA3,件,90,Kg,
CSS04730,恒力吊架组件,SX A100.20 位移175 F型,,,1916T4003,,,S2,QA3,件,90,Kg,
CSS04731,恒力吊架组件,SX A100.20 位移180 F型,,,1916T4003,,,S2,QA3,件,90,Kg,
CSS04732,恒力吊架组件,SX A100.20 位移185 F型,,,1916T4003,,,S2,QA3,件,90,Kg,
CSS04733,恒力吊架组件,SX A100.20 位移190 F型,,,1916T4003,,,S2,QA3,件,90,Kg,
CSS04734,恒力吊架组件,SX A100.20 位移195 F型,,,1916T4003,,,S2,QA3,件,90,Kg,
CSS04735,恒力吊架组件,SX A100.20 位移200 F型,,,1916T4003,,,S2,QA3,件,90,Kg,
CSS04736,恒力吊架组件,SX A100.20 位移205 F型,,,1916T4003,,,S2,QA3,件,90,Kg,
CSS04737,恒力吊架组件,SX A100.20 位移210 F型,,,1916T4003,,,S2,QA3,件,90,Kg,
CSS04738,恒力吊架组件,SX A100.20 位移215 F型,,,1916T4003,,,S2,QA3,件,90,Kg,
CSS04739,恒力吊架组件,SX A100.20 位移220 F型,,,1916T4003,,,S2,QA3,件,90,Kg,
CSS04740,恒力吊架组件,SX A100.20 位移225 F型,,,1916T4003,,,S2,QA3,件,90,Kg,
CSS04741,恒力吊架组件,SX A100.20 位移230 F型,,,1916T4003,,,S2,QA3,件,90,Kg,
CSS04742,恒力吊架组件,SX A100.20 位移235 F型,,,1916T4003,,,S2,QA3,件,90,Kg,
CSS04743,恒力吊架组件,SX A100.20 位移240 F型,,,1916T4003,,,S2,QA3,件,90,Kg,
CSS04744,恒力吊架组件,SX A100.20 位移245 F型,,,1916T4003,,,S2,QA3,件,90,Kg,
CSS04745,恒力吊架组件,SX A100.20 位移250 F型,,,1916T4003,,,S2,QA3,件,90,Kg,
CSS04746,恒力吊架组件,SX A100.25 位移90 F型,,,1916T4003,,,S2,QA3,件,90,Kg,
CSS04747,恒力吊架组件,SX A100.25 位移95 F型,,,1916T4003,,,S2,QA3,件,90,Kg,
CSS04748,恒力吊架组件,SX A100.25 位移100 F型,,,1916T4003,,,S2,QA3,件,90,Kg,
CSS04749,恒力吊架组件,SX A100.25 位移105 F型,,,1916T4003,,,S2,QA3,件,90,Kg,
CSS04750,恒力吊架组件,SX A100.25 位移110 F型,,,1916T4003,,,S2,QA3,件,90,Kg,
CSS04751,恒力吊架组件,SX A100.25 位移115 F型,,,1916T4003,,,S2,QA3,件,90,Kg,
CSS04752,恒力吊架组件,SX A100.25 位移120 F型,,,1916T4003,,,S2,QA3,件,90,Kg,
CSS04753,恒力吊架组件,SX A100.25 位移125 F型,,,1916T4003,,,S2,QA3,件,90,Kg,
CSS04754,恒力吊架组件,SX A100.25 位移130 F型,,,1916T4003,,,S2,QA3,件,90,Kg,
CSS04755,恒力吊架组件,SX A100.25 位移135 F型,,,1916T4003,,,S2,QA3,件,90,Kg,
CSS04756,恒力吊架组件,SX A100.25 位移140 F型,,,1916T4003,,,S2,QA3,件,90,Kg,
CSS04757,恒力吊架组件,SX A100.25 位移145 F型,,,1916T4003,,,S2,QA3,件,90,Kg,
CSS04758,恒力吊架组件,SX A100.25 位移150 F型,,,1916T4003,,,S2,QA3,件,90,Kg,
CSS04759,恒力吊架组件,SX A100.25 位移155 F型,,,1916T4003,,,S2,QA3,件,90,Kg,
CSS04760,恒力吊架组件,SX A100.25 位移160 F型,,,1916T4003,,,S2,QA3,件,90,Kg,
CSS04761,恒力吊架组件,SX A100.25 位移165 F型,,,1916T4003,,,S2,QA3,件,90,Kg,
CSS04762,恒力吊架组件,SX A100.25 位移170 F型,,,1916T4003,,,S2,QA3,件,90,Kg,
CSS04763,恒力吊架组件,SX A100.25 位移175 F型,,,1916T4003,,,S2,QA3,件,90,Kg,
CSS04764,恒力吊架组件,SX A100.25 位移180 F型,,,1916T4003,,,S2,QA3,件,90,Kg,
CSS04765,恒力吊架组件,SX A100.25 位移185 F型,,,1916T4003,,,S2,QA3,件,90,Kg,
CSS04766,恒力吊架组件,SX A100.25 位移190 F型,,,1916T4003,,,S2,QA3,件,90,Kg,
CSS04767,恒力吊架组件,SX A100.25 位移195 F型,,,1916T4003,,,S2,QA3,件,90,Kg,
CSS04768,恒力吊架组件,SX A100.25 位移200 F型,,,1916T4003,,,S2,QA3,件,90,Kg,
CSS04769,恒力吊架组件,SX A100.25 位移205 F型,,,1916T4003,,,S2,QA3,件,90,Kg,
CSS04770,恒力吊架组件,SX A100.25 位移210 F型,,,1916T4003,,,S2,QA3,件,90,Kg,
CSS04771,恒力吊架组件,SX A100.25 位移215 F型,,,1916T4003,,,S2,QA3,件,90,Kg,
CSS04772,恒力吊架组件,SX A100.25 位移220 F型,,,1916T4003,,,S2,QA3,件,90,Kg,
CSS04773,恒力吊架组件,SX A100.25 位移225 F型,,,1916T4003,,,S2,QA3,件,90,Kg,
CSS04774,恒力吊架组件,SX A100.25 位移230 F型,,,1916T4003,,,S2,QA3,件,90,Kg,
CSS04775,恒力吊架组件,SX A100.25 位移235 F型,,,1916T4003,,,S2,QA3,件,90,Kg,
CSS04776,恒力吊架组件,SX A100.25 位移240 F型,,,1916T4003,,,S2,QA3,件,90,Kg,
CSS04777,恒力吊架组件,SX A100.25 位移245 F型,,,1916T4003,,,S2,QA3,件,90,Kg,
CSS04778,恒力吊架组件,SX A100.25 位移250 F型,,,1916T4003,,,S2,QA3,件,90,Kg,
CSS04779,恒力吊架组件,SX A100.30 位移90 F型,,,1916T4003,,,S2,QA3,件,90,Kg,
CSS04780,恒力吊架组件,SX A100.30 位移95 F型,,,1916T4003,,,S2,QA3,件,90,Kg,
CSS04781,恒力吊架组件,SX A100.30 位移100 F型,,,1916T4003,,,S2,QA3,件,90,Kg,
CSS04782,恒力吊架组件,SX A100.30 位移105 F型,,,1916T4003,,,S2,QA3,件,90,Kg,
CSS04783,恒力吊架组件,SX A100.30 位移110 F型,,,1916T4003,,,S2,QA3,件,90,Kg,
CSS04784,恒力吊架组件,SX A100.30 位移115 F型,,,1916T4003,,,S2,QA3,件,90,Kg,
CSS04785,恒力吊架组件,SX A100.30 位移120 F型,,,1916T4003,,,S2,QA3,件,90,Kg,
CSS04786,恒力吊架组件,SX A100.30 位移125 F型,,,1916T4003,,,S2,QA3,件,90,Kg,
CSS04787,恒力吊架组件,SX A100.30 位移130 F型,,,1916T4003,,,S2,QA3,件,90,Kg,
CSS04788,恒力吊架组件,SX A100.30 位移135 F型,,,1916T4003,,,S2,QA3,件,90,Kg,
CSS04789,恒力吊架组件,SX A100.30 位移140 F型,,,1916T4003,,,S2,QA3,件,90,Kg,
CSS04790,恒力吊架组件,SX A100.30 位移145 F型,,,1916T4003,,,S2,QA3,件,90,Kg,
CSS04791,恒力吊架组件,SX A100.30 位移150 F型,,,1916T4003,,,S2,QA3,件,90,Kg,
CSS04792,恒力吊架组件,SX A100.30 位移155 F型,,,1916T4003,,,S2,QA3,件,90,Kg,
CSS04793,恒力吊架组件,SX A100.30 位移160 F型,,,1916T4003,,,S2,QA3,件,90,Kg,
CSS04794,恒力吊架组件,SX A100.30 位移165 F型,,,1916T4003,,,S2,QA3,件,90,Kg,
CSS04795,恒力吊架组件,SX A100.30 位移170 F型,,,1916T4003,,,S2,QA3,件,90,Kg,
CSS04796,恒力吊架组件,SX A100.30 位移175 F型,,,1916T4003,,,S2,QA3,件,90,Kg,
CSS04797,恒力吊架组件,SX A100.30 位移180 F型,,,1916T4003,,,S2,QA3,件,90,Kg,
CSS04798,恒力吊架组件,SX A100.30 位移185 F型,,,1916T4003,,,S2,QA3,件,90,Kg,
CSS04799,恒力吊架组件,SX A100.30 位移190 F型,,,1916T4003,,,S2,QA3,件,90,Kg,
CSS04800,恒力吊架组件,SX A100.30 位移195 F型,,,1916T4003,,,S2,QA3,件,90,Kg,
CSS04801,恒力吊架组件,SX A100.30 位移200 F型,,,1916T4003,,,S2,QA3,件,90,Kg,
CSS04802,恒力吊架组件,SX A100.30 位移205 F型,,,1916T4003,,,S2,QA3,件,90,Kg,
CSS04803,恒力吊架组件,SX A100.30 位移210 F型,,,1916T4003,,,S2,QA3,件,90,Kg,
CSS04804,恒力吊架组件,SX A100.30 位移215 F型,,,1916T4003,,,S2,QA3,件,90,Kg,
CSS04805,恒力吊架组件,SX A100.30 位移220 F型,,,1916T4003,,,S2,QA3,件,90,Kg,
CSS04806,恒力吊架组件,SX A100.30 位移225 F型,,,1916T4003,,,S2,QA3,件,90,Kg,
CSS04807,恒力吊架组件,SX A100.30 位移230 F型,,,1916T4003,,,S2,QA3,件,90,Kg,
CSS04808,恒力吊架组件,SX A100.30 位移235 F型,,,1916T4003,,,S2,QA3,件,90,Kg,
CSS04809,恒力吊架组件,SX A100.30 位移240 F型,,,1916T4003,,,S2,QA3,件,90,Kg,
CSS04810,恒力吊架组件,SX A100.30 位移245 F型,,,1916T4003,,,S2,QA3,件,90,Kg,
CSS04811,恒力吊架组件,SX A100.30 位移250 F型,,,1916T4003,,,S2,QA3,件,90,Kg,
CSS04812,恒力吊架组件,SX A101.2.5 位移90 F型,,,1916T4003,,,S2,QA3,件,45,Kg,
CSS04813,恒力吊架组件,SX A101.2.5 位移95 F型,,,1916T4003,,,S2,QA3,件,45,Kg,
CSS04814,恒力吊架组件,SX A101.2.5 位移100 F型,,,1916T4003,,,S2,QA3,件,45,Kg,
CSS04815,恒力吊架组件,SX A101.2.5 位移105 F型,,,1916T4003,,,S2,QA3,件,45,Kg,
CSS04816,恒力吊架组件,SX A101.2.5 位移110 F型,,,1916T4003,,,S2,QA3,件,45,Kg,
CSS04817,恒力吊架组件,SX A101.2.5 位移115 F型,,,1916T4003,,,S2,QA3,件,45,Kg,
CSS04818,恒力吊架组件,SX A101.2.5 位移120 F型,,,1916T4003,,,S2,QA3,件,45,Kg,
CSS04819,恒力吊架组件,SX A101.2.5 位移125 F型,,,1916T4003,,,S2,QA3,件,45,Kg,
CSS04820,恒力吊架组件,SX A101.2.5 位移130 F型,,,1916T4003,,,S2,QA3,件,45,Kg,
CSS04821,恒力吊架组件,SX A101.2.5 位移135 F型,,,1916T4003,,,S2,QA3,件,45,Kg,
CSS04822,恒力吊架组件,SX A101.2.5 位移140 F型,,,1916T4003,,,S2,QA3,件,45,Kg,
CSS04823,恒力吊架组件,SX A101.2.5 位移145 F型,,,1916T4003,,,S2,QA3,件,45,Kg,
CSS04824,恒力吊架组件,SX A101.2.5 位移150 F型,,,1916T4003,,,S2,QA3,件,45,Kg,
CSS04825,恒力吊架组件,SX A101.2.5 位移155 F型,,,1916T4003,,,S2,QA3,件,45,Kg,
CSS04826,恒力吊架组件,SX A101.2.5 位移160 F型,,,1916T4003,,,S2,QA3,件,45,Kg,
CSS04827,恒力吊架组件,SX A101.2.5 位移165 F型,,,1916T4003,,,S2,QA3,件,45,Kg,
CSS04828,恒力吊架组件,SX A101.2.5 位移170 F型,,,1916T4003,,,S2,QA3,件,45,Kg,
CSS04829,恒力吊架组件,SX A101.2.5 位移175 F型,,,1916T4003,,,S2,QA3,件,45,Kg,
CSS04830,恒力吊架组件,SX A101.2.5 位移180 F型,,,1916T4003,,,S2,QA3,件,45,Kg,
CSS04831,恒力吊架组件,SX A101.2.5 位移185 F型,,,1916T4003,,,S2,QA3,件,45,Kg,
CSS04832,恒力吊架组件,SX A101.2.5 位移190 F型,,,1916T4003,,,S2,QA3,件,45,Kg,
CSS04833,恒力吊架组件,SX A101.2.5 位移195 F型,,,1916T4003,,,S2,QA3,件,45,Kg,
CSS04834,恒力吊架组件,SX A101.2.5 位移200 F型,,,1916T4003,,,S2,QA3,件,45,Kg,
CSS04835,恒力吊架组件,SX A101.2.5 位移205 F型,,,1916T4003,,,S2,QA3,件,45,Kg,
CSS04836,恒力吊架组件,SX A101.2.5 位移210 F型,,,1916T4003,,,S2,QA3,件,45,Kg,
CSS04837,恒力吊架组件,SX A101.2.5 位移215 F型,,,1916T4003,,,S2,QA3,件,45,Kg,
CSS04838,恒力吊架组件,SX A101.2.5 位移220 F型,,,1916T4003,,,S2,QA3,件,45,Kg,
CSS04839,恒力吊架组件,SX A101.2.5 位移225 F型,,,1916T4003,,,S2,QA3,件,45,Kg,
CSS04840,恒力吊架组件,SX A101.2.5 位移230 F型,,,1916T4003,,,S2,QA3,件,45,Kg,
CSS04841,恒力吊架组件,SX A101.2.5 位移235 F型,,,1916T4003,,,S2,QA3,件,45,Kg,
CSS04842,恒力吊架组件,SX A101.2.5 位移240 F型,,,1916T4003,,,S2,QA3,件,45,Kg,
CSS04843,恒力吊架组件,SX A101.2.5 位移245 F型,,,1916T4003,,,S2,QA3,件,45,Kg,
CSS04844,恒力吊架组件,SX A101.2.5 位移250 F型,,,1916T4003,,,S2,QA3,件,45,Kg,
CSS04845,恒力吊架组件,SX A101.5 位移90 F型,,,1916T4003,,,S2,QA3,件,45,Kg,
CSS04846,恒力吊架组件,SX A101.5 位移95 F型,,,1916T4003,,,S2,QA3,件,45,Kg,
CSS04847,恒力吊架组件,SX A101.5 位移100 F型,,,1916T4003,,,S2,QA3,件,45,Kg,
CSS04848,恒力吊架组件,SX A101.5 位移105 F型,,,1916T4003,,,S2,QA3,件,45,Kg,
CSS04849,恒力吊架组件,SX A101.5 位移110 F型,,,1916T4003,,,S2,QA3,件,45,Kg,
CSS04850,恒力吊架组件,SX A101.5 位移115 F型,,,1916T4003,,,S2,QA3,件,45,Kg,
CSS04851,恒力吊架组件,SX A101.5 位移120 F型,,,1916T4003,,,S2,QA3,件,45,Kg,
CSS04852,恒力吊架组件,SX A101.5 位移125 F型,,,1916T4003,,,S2,QA3,件,45,Kg,
CSS04853,恒力吊架组件,SX A101.5 位移130 F型,,,1916T4003,,,S2,QA3,件,45,Kg,
CSS04854,恒力吊架组件,SX A101.5 位移135 F型,,,1916T4003,,,S2,QA3,件,45,Kg,
CSS04855,恒力吊架组件,SX A101.5 位移140 F型,,,1916T4003,,,S2,QA3,件,45,Kg,
CSS04856,恒力吊架组件,SX A101.5 位移145 F型,,,1916T4003,,,S2,QA3,件,45,Kg,
CSS04857,恒力吊架组件,SX A101.5 位移150 F型,,,1916T4003,,,S2,QA3,件,45,Kg,
CSS04858,恒力吊架组件,SX A101.5 位移155 F型,,,1916T4003,,,S2,QA3,件,45,Kg,
CSS04859,恒力吊架组件,SX A101.5 位移160 F型,,,1916T4003,,,S2,QA3,件,45,Kg,
CSS04860,恒力吊架组件,SX A101.5 位移165 F型,,,1916T4003,,,S2,QA3,件,45,Kg,
CSS04861,恒力吊架组件,SX A101.5 位移170 F型,,,1916T4003,,,S2,QA3,件,45,Kg,
CSS04862,恒力吊架组件,SX A101.5 位移175 F型,,,1916T4003,,,S2,QA3,件,45,Kg,
CSS04863,恒力吊架组件,SX A101.5 位移180 F型,,,1916T4003,,,S2,QA3,件,45,Kg,
CSS04864,恒力吊架组件,SX A101.5 位移185 F型,,,1916T4003,,,S2,QA3,件,45,Kg,
CSS04865,恒力吊架组件,SX A101.5 位移190 F型,,,1916T4003,,,S2,QA3,件,45,Kg,
CSS04866,恒力吊架组件,SX A101.5 位移195 F型,,,1916T4003,,,S2,QA3,件,45,Kg,
CSS04867,恒力吊架组件,SX A101.5 位移200 F型,,,1916T4003,,,S2,QA3,件,45,Kg,
CSS04868,恒力吊架组件,SX A101.5 位移205 F型,,,1916T4003,,,S2,QA3,件,45,Kg,
CSS04869,恒力吊架组件,SX A101.5 位移210 F型,,,1916T4003,,,S2,QA3,件,45,Kg,
CSS04870,恒力吊架组件,SX A101.5 位移215 F型,,,1916T4003,,,S2,QA3,件,45,Kg,
CSS04871,恒力吊架组件,SX A101.5 位移220 F型,,,1916T4003,,,S2,QA3,件,45,Kg,
CSS04872,恒力吊架组件,SX A101.5 位移225 F型,,,1916T4003,,,S2,QA3,件,45,Kg,
CSS04873,恒力吊架组件,SX A101.5 位移230 F型,,,1916T4003,,,S2,QA3,件,45,Kg,
CSS04874,恒力吊架组件,SX A101.5 位移235 F型,,,1916T4003,,,S2,QA3,件,45,Kg,
CSS04875,恒力吊架组件,SX A101.5 位移240 F型,,,1916T4003,,,S2,QA3,件,45,Kg,
CSS04876,恒力吊架组件,SX A101.5 位移245 F型,,,1916T4003,,,S2,QA3,件,45,Kg,
CSS04877,恒力吊架组件,SX A101.5 位移250 F型,,,1916T4003,,,S2,QA3,件,45,Kg,
CSS04878,恒力吊架组件,SX A101.10 位移90 F型,,,1916T4003,,,S2,QA3,件,45,Kg,
CSS04879,恒力吊架组件,SX A101.10 位移95 F型,,,1916T4003,,,S2,QA3,件,45,Kg,
CSS04880,恒力吊架组件,SX A101.10 位移100 F型,,,1916T4003,,,S2,QA3,件,45,Kg,
CSS04881,恒力吊架组件,SX A101.10 位移105 F型,,,1916T4003,,,S2,QA3,件,45,Kg,
CSS04882,恒力吊架组件,SX A101.10 位移110 F型,,,1916T4003,,,S2,QA3,件,45,Kg,
CSS04883,恒力吊架组件,SX A101.10 位移115 F型,,,1916T4003,,,S2,QA3,件,45,Kg,
CSS04884,恒力吊架组件,SX A101.10 位移120 F型,,,1916T4003,,,S2,QA3,件,45,Kg,
CSS04885,恒力吊架组件,SX A101.10 位移125 F型,,,1916T4003,,,S2,QA3,件,45,Kg,
CSS04886,恒力吊架组件,SX A101.10 位移130 F型,,,1916T4003,,,S2,QA3,件,45,Kg,
CSS04887,恒力吊架组件,SX A101.10 位移135 F型,,,1916T4003,,,S2,QA3,件,45,Kg,
CSS04888,恒力吊架组件,SX A101.10 位移140 F型,,,1916T4003,,,S2,QA3,件,45,Kg,
CSS04889,恒力吊架组件,SX A101.10 位移145 F型,,,1916T4003,,,S2,QA3,件,45,Kg,
CSS04890,恒力吊架组件,SX A101.10 位移150 F型,,,1916T4003,,,S2,QA3,件,45,Kg,
CSS04891,恒力吊架组件,SX A101.10 位移155 F型,,,1916T4003,,,S2,QA3,件,45,Kg,
CSS04892,恒力吊架组件,SX A101.10 位移160 F型,,,1916T4003,,,S2,QA3,件,45,Kg,
CSS04893,恒力吊架组件,SX A101.10 位移165 F型,,,1916T4003,,,S2,QA3,件,45,Kg,
CSS04894,恒力吊架组件,SX A101.10 位移170 F型,,,1916T4003,,,S2,QA3,件,45,Kg,
CSS04895,恒力吊架组件,SX A101.10 位移175 F型,,,1916T4003,,,S2,QA3,件,45,Kg,
CSS04896,恒力吊架组件,SX A101.10 位移180 F型,,,1916T4003,,,S2,QA3,件,45,Kg,
CSS04897,恒力吊架组件,SX A101.10 位移185 F型,,,1916T4003,,,S2,QA3,件,45,Kg,
CSS04898,恒力吊架组件,SX A101.10 位移190 F型,,,1916T4003,,,S2,QA3,件,45,Kg,
CSS04899,恒力吊架组件,SX A101.10 位移195 F型,,,1916T4003,,,S2,QA3,件,45,Kg,
CSS04900,恒力吊架组件,SX A101.10 位移200 F型,,,1916T4003,,,S2,QA3,件,45,Kg,
CSS04901,恒力吊架组件,SX A101.10 位移205 F型,,,1916T4003,,,S2,QA3,件,45,Kg,
CSS04902,恒力吊架组件,SX A101.10 位移210 F型,,,1916T4003,,,S2,QA3,件,45,Kg,
CSS04903,恒力吊架组件,SX A101.10 位移215 F型,,,1916T4003,,,S2,QA3,件,45,Kg,
CSS04904,恒力吊架组件,SX A101.10 位移220 F型,,,1916T4003,,,S2,QA3,件,45,Kg,
CSS04905,恒力吊架组件,SX A101.10 位移225 F型,,,1916T4003,,,S2,QA3,件,45,Kg,
CSS04906,恒力吊架组件,SX A101.10 位移230 F型,,,1916T4003,,,S2,QA3,件,45,Kg,
CSS04907,恒力吊架组件,SX A101.10 位移235 F型,,,1916T4003,,,S2,QA3,件,45,Kg,
CSS04908,恒力吊架组件,SX A101.10 位移240 F型,,,1916T4003,,,S2,QA3,件,45,Kg,
CSS04909,恒力吊架组件,SX A101.10 位移245 F型,,,1916T4003,,,S2,QA3,件,45,Kg,
CSS04910,恒力吊架组件,SX A101.10 位移250 F型,,,1916T4003,,,S2,QA3,件,45,Kg,
CSS04911,恒力吊架组件,SX A150.5 位移120 F型,,,1916T4003,,,S2,QA3,件,150,Kg,
CSS04912,恒力吊架组件,SX A150.5 位移125 F型,,,1916T4003,,,S2,QA3,件,150,Kg,
CSS04913,恒力吊架组件,SX A150.5 位移130 F型,,,1916T4003,,,S2,QA3,件,150,Kg,
CSS04914,恒力吊架组件,SX A150.5 位移135 F型,,,1916T4003,,,S2,QA3,件,150,Kg,
CSS04915,恒力吊架组件,SX A150.5 位移140 F型,,,1916T4003,,,S2,QA3,件,150,Kg,
CSS04916,恒力吊架组件,SX A150.5 位移145 F型,,,1916T4003,,,S2,QA3,件,150,Kg,
CSS04917,恒力吊架组件,SX A150.5 位移150 F型,,,1916T4003,,,S2,QA3,件,150,Kg,
CSS04918,恒力吊架组件,SX A150.5 位移155 F型,,,1916T4003,,,S2,QA3,件,150,Kg,
CSS04919,恒力吊架组件,SX A150.5 位移160 F型,,,1916T4003,,,S2,QA3,件,150,Kg,
CSS04920,恒力吊架组件,SX A150.5 位移165 F型,,,1916T4003,,,S2,QA3,件,150,Kg,
CSS04921,恒力吊架组件,SX A150.5 位移170 F型,,,1916T4003,,,S2,QA3,件,150,Kg,
CSS04922,恒力吊架组件,SX A150.5 位移175 F型,,,1916T4003,,,S2,QA3,件,150,Kg,
CSS04923,恒力吊架组件,SX A150.5 位移180 F型,,,1916T4003,,,S2,QA3,件,150,Kg,
CSS04924,恒力吊架组件,SX A150.5 位移185 F型,,,1916T4003,,,S2,QA3,件,150,Kg,
CSS04925,恒力吊架组件,SX A150.5 位移190 F型,,,1916T4003,,,S2,QA3,件,150,Kg,
CSS04926,恒力吊架组件,SX A150.5 位移195 F型,,,1916T4003,,,S2,QA3,件,150,Kg,
CSS04927,恒力吊架组件,SX A150.5 位移200 F型,,,1916T4003,,,S2,QA3,件,150,Kg,
CSS04928,恒力吊架组件,SX A150.5 位移205 F型,,,1916T4003,,,S2,QA3,件,150,Kg,
CSS04929,恒力吊架组件,SX A150.5 位移210 F型,,,1916T4003,,,S2,QA3,件,150,Kg,
CSS04930,恒力吊架组件,SX A150.5 位移215 F型,,,1916T4003,,,S2,QA3,件,150,Kg,
CSS04931,恒力吊架组件,SX A150.5 位移220 F型,,,1916T4003,,,S2,QA3,件,150,Kg,
CSS04932,恒力吊架组件,SX A150.5 位移225 F型,,,1916T4003,,,S2,QA3,件,150,Kg,
CSS04933,恒力吊架组件,SX A150.5 位移230 F型,,,1916T4003,,,S2,QA3,件,150,Kg,
CSS04934,恒力吊架组件,SX A150.5 位移235 F型,,,1916T4003,,,S2,QA3,件,150,Kg,
CSS04935,恒力吊架组件,SX A150.5 位移240 F型,,,1916T4003,,,S2,QA3,件,150,Kg,
CSS04936,恒力吊架组件,SX A150.5 位移245 F型,,,1916T4003,,,S2,QA3,件,150,Kg,
CSS04937,恒力吊架组件,SX A150.5 位移250 F型,,,1916T4003,,,S2,QA3,件,150,Kg,
CSS04938,恒力吊架组件,SX A150.5 位移255 F型,,,1916T4003,,,S2,QA3,件,150,Kg,
CSS04939,恒力吊架组件,SX A150.5 位移260 F型,,,1916T4003,,,S2,QA3,件,150,Kg,
CSS04940,恒力吊架组件,SX A150.5 位移265 F型,,,1916T4003,,,S2,QA3,件,150,Kg,
CSS04941,恒力吊架组件,SX A150.5 位移270 F型,,,1916T4003,,,S2,QA3,件,150,Kg,
CSS04942,恒力吊架组件,SX A150.5 位移275 F型,,,1916T4003,,,S2,QA3,件,150,Kg,
CSS04943,恒力吊架组件,SX A150.5 位移280 F型,,,1916T4003,,,S2,QA3,件,150,Kg,
CSS04944,恒力吊架组件,SX A150.5 位移285 F型,,,1916T4003,,,S2,QA3,件,150,Kg,
CSS04945,恒力吊架组件,SX A150.5 位移290 F型,,,1916T4003,,,S2,QA3,件,150,Kg,
CSS04946,恒力吊架组件,SX A150.5 位移295 F型,,,1916T4003,,,S2,QA3,件,150,Kg,
CSS04947,恒力吊架组件,SX A150.5 位移300 F型,,,1916T4003,,,S2,QA3,件,150,Kg,
CSS04948,恒力吊架组件,SX A150.10 位移120 F型,,,1916T4003,,,S2,QA3,件,150,Kg,
CSS04949,恒力吊架组件,SX A150.10 位移125 F型,,,1916T4003,,,S2,QA3,件,150,Kg,
CSS04950,恒力吊架组件,SX A150.10 位移130 F型,,,1916T4003,,,S2,QA3,件,150,Kg,
CSS04951,恒力吊架组件,SX A150.10 位移135 F型,,,1916T4003,,,S2,QA3,件,150,Kg,
CSS04952,恒力吊架组件,SX A150.10 位移140 F型,,,1916T4003,,,S2,QA3,件,150,Kg,
CSS04953,恒力吊架组件,SX A150.10 位移145 F型,,,1916T4003,,,S2,QA3,件,150,Kg,
CSS04954,恒力吊架组件,SX A150.10 位移150 F型,,,1916T4003,,,S2,QA3,件,150,Kg,
CSS04955,恒力吊架组件,SX A150.10 位移155 F型,,,1916T4003,,,S2,QA3,件,150,Kg,
CSS04956,恒力吊架组件,SX A150.10 位移160 F型,,,1916T4003,,,S2,QA3,件,150,Kg,
CSS04957,恒力吊架组件,SX A150.10 位移165 F型,,,1916T4003,,,S2,QA3,件,150,Kg,
CSS04958,恒力吊架组件,SX A150.10 位移170 F型,,,1916T4003,,,S2,QA3,件,150,Kg,
CSS04959,恒力吊架组件,SX A150.10 位移175 F型,,,1916T4003,,,S2,QA3,件,150,Kg,
CSS04960,恒力吊架组件,SX A150.10 位移180 F型,,,1916T4003,,,S2,QA3,件,150,Kg,
CSS04961,恒力吊架组件,SX A150.10 位移185 F型,,,1916T4003,,,S2,QA3,件,150,Kg,
CSS04962,恒力吊架组件,SX A150.10 位移190 F型,,,1916T4003,,,S2,QA3,件,150,Kg,
CSS04963,恒力吊架组件,SX A150.10 位移195 F型,,,1916T4003,,,S2,QA3,件,150,Kg,
CSS04964,恒力吊架组件,SX A150.10 位移200 F型,,,1916T4003,,,S2,QA3,件,150,Kg,
CSS04965,恒力吊架组件,SX A150.10 位移205 F型,,,1916T4003,,,S2,QA3,件,150,Kg,
CSS04966,恒力吊架组件,SX A150.10 位移210 F型,,,1916T4003,,,S2,QA3,件,150,Kg,
CSS04967,恒力吊架组件,SX A150.10 位移215 F型,,,1916T4003,,,S2,QA3,件,150,Kg,
CSS04968,恒力吊架组件,SX A150.10 位移220 F型,,,1916T4003,,,S2,QA3,件,150,Kg,
CSS04969,恒力吊架组件,SX A150.10 位移225 F型,,,1916T4003,,,S2,QA3,件,150,Kg,
CSS04970,恒力吊架组件,SX A150.10 位移230 F型,,,1916T4003,,,S2,QA3,件,150,Kg,
CSS04971,恒力吊架组件,SX A150.10 位移235 F型,,,1916T4003,,,S2,QA3,件,150,Kg,
CSS04972,恒力吊架组件,SX A150.10 位移240 F型,,,1916T4003,,,S2,QA3,件,150,Kg,
CSS04973,恒力吊架组件,SX A150.10 位移245 F型,,,1916T4003,,,S2,QA3,件,150,Kg,
CSS04974,恒力吊架组件,SX A150.10 位移250 F型,,,1916T4003,,,S2,QA3,件,150,Kg,
CSS04975,恒力吊架组件,SX A150.10 位移255 F型,,,1916T4003,,,S2,QA3,件,150,Kg,
CSS04976,恒力吊架组件,SX A150.10 位移260 F型,,,1916T4003,,,S2,QA3,件,150,Kg,
CSS04977,恒力吊架组件,SX A150.10 位移265 F型,,,1916T4003,,,S2,QA3,件,150,Kg,
CSS04978,恒力吊架组件,SX A150.10 位移270 F型,,,1916T4003,,,S2,QA3,件,150,Kg,
CSS04979,恒力吊架组件,SX A150.10 位移275 F型,,,1916T4003,,,S2,QA3,件,150,Kg,
CSS04980,恒力吊架组件,SX A150.10 位移280 F型,,,1916T4003,,,S2,QA3,件,150,Kg,
CSS04981,恒力吊架组件,SX A150.10 位移285 F型,,,1916T4003,,,S2,QA3,件,150,Kg,
CSS04982,恒力吊架组件,SX A150.10 位移290 F型,,,1916T4003,,,S2,QA3,件,150,Kg,
CSS04983,恒力吊架组件,SX A150.10 位移295 F型,,,1916T4003,,,S2,QA3,件,150,Kg,
CSS04984,恒力吊架组件,SX A150.10 位移300 F型,,,1916T4003,,,S2,QA3,件,150,Kg,
CSS04985,恒力吊架组件,SX A150.15 位移120 F型,,,1916T4003,,,S2,QA3,件,150,Kg,
CSS04986,恒力吊架组件,SX A150.15 位移125 F型,,,1916T4003,,,S2,QA3,件,150,Kg,
CSS04987,恒力吊架组件,SX A150.15 位移130 F型,,,1916T4003,,,S2,QA3,件,150,Kg,
CSS04988,恒力吊架组件,SX A150.15 位移135 F型,,,1916T4003,,,S2,QA3,件,150,Kg,
CSS04989,恒力吊架组件,SX A150.15 位移140 F型,,,1916T4003,,,S2,QA3,件,150,Kg,
CSS04990,恒力吊架组件,SX A150.15 位移145 F型,,,1916T4003,,,S2,QA3,件,150,Kg,
CSS04991,恒力吊架组件,SX A150.15 位移150 F型,,,1916T4003,,,S2,QA3,件,150,Kg,
CSS04992,恒力吊架组件,SX A150.15 位移155 F型,,,1916T4003,,,S2,QA3,件,150,Kg,
CSS04993,恒力吊架组件,SX A150.15 位移160 F型,,,1916T4003,,,S2,QA3,件,150,Kg,
CSS04994,恒力吊架组件,SX A150.15 位移165 F型,,,1916T4003,,,S2,QA3,件,150,Kg,
CSS04995,恒力吊架组件,SX A150.15 位移170 F型,,,1916T4003,,,S2,QA3,件,150,Kg,
CSS04996,恒力吊架组件,SX A150.15 位移175 F型,,,1916T4003,,,S2,QA3,件,150,Kg,
CSS04997,恒力吊架组件,SX A150.15 位移180 F型,,,1916T4003,,,S2,QA3,件,150,Kg,
CSS04998,恒力吊架组件,SX A150.15 位移185 F型,,,1916T4003,,,S2,QA3,件,150,Kg,
CSS04999,恒力吊架组件,SX A150.15 位移190 F型,,,1916T4003,,,S2,QA3,件,150,Kg,
CSS05000,恒力吊架组件,SX A150.15 位移195 F型,,,1916T4003,,,S2,QA3,件,150,Kg,
CSS05001,恒力吊架组件,SX A150.15 位移200 F型,,,1916T4003,,,S2,QA3,件,150,Kg,
CSS05002,恒力吊架组件,SX A150.15 位移205 F型,,,1916T4003,,,S2,QA3,件,150,Kg,
CSS05003,恒力吊架组件,SX A150.15 位移210 F型,,,1916T4003,,,S2,QA3,件,150,Kg,
CSS05004,恒力吊架组件,SX A150.15 位移215 F型,,,1916T4003,,,S2,QA3,件,150,Kg,
CSS05005,恒力吊架组件,SX A150.15 位移220 F型,,,1916T4003,,,S2,QA3,件,150,Kg,
CSS05006,恒力吊架组件,SX A150.15 位移225 F型,,,1916T4003,,,S2,QA3,件,150,Kg,
CSS05007,恒力吊架组件,SX A150.15 位移230 F型,,,1916T4003,,,S2,QA3,件,150,Kg,
CSS05008,恒力吊架组件,SX A150.15 位移235 F型,,,1916T4003,,,S2,QA3,件,150,Kg,
CSS05009,恒力吊架组件,SX A150.15 位移240 F型,,,1916T4003,,,S2,QA3,件,150,Kg,
CSS05010,恒力吊架组件,SX A150.15 位移245 F型,,,1916T4003,,,S2,QA3,件,150,Kg,
CSS05011,恒力吊架组件,SX A150.15 位移250 F型,,,1916T4003,,,S2,QA3,件,150,Kg,
CSS05012,恒力吊架组件,SX A150.15 位移255 F型,,,1916T4003,,,S2,QA3,件,150,Kg,
CSS05013,恒力吊架组件,SX A150.15 位移260 F型,,,1916T4003,,,S2,QA3,件,150,Kg,
CSS05014,恒力吊架组件,SX A150.15 位移265 F型,,,1916T4003,,,S2,QA3,件,150,Kg,
CSS05015,恒力吊架组件,SX A150.15 位移270 F型,,,1916T4003,,,S2,QA3,件,150,Kg,
CSS05016,恒力吊架组件,SX A150.15 位移275 F型,,,1916T4003,,,S2,QA3,件,150,Kg,
CSS05017,恒力吊架组件,SX A150.15 位移280 F型,,,1916T4003,,,S2,QA3,件,150,Kg,
CSS05018,恒力吊架组件,SX A150.15 位移285 F型,,,1916T4003,,,S2,QA3,件,150,Kg,
CSS05019,恒力吊架组件,SX A150.15 位移290 F型,,,1916T4003,,,S2,QA3,件,150,Kg,
CSS05020,恒力吊架组件,SX A150.15 位移295 F型,,,1916T4003,,,S2,QA3,件,150,Kg,
CSS05021,恒力吊架组件,SX A150.15 位移300 F型,,,1916T4003,,,S2,QA3,件,150,Kg,
CSS05022,恒力吊架组件,SX A150.20 位移120 F型,,,1916T4003,,,S2,QA3,件,150,Kg,
CSS05023,恒力吊架组件,SX A150.20 位移125 F型,,,1916T4003,,,S2,QA3,件,150,Kg,
CSS05024,恒力吊架组件,SX A150.20 位移130 F型,,,1916T4003,,,S2,QA3,件,150,Kg,
CSS05025,恒力吊架组件,SX A150.20 位移135 F型,,,1916T4003,,,S2,QA3,件,150,Kg,
CSS05026,恒力吊架组件,SX A150.20 位移140 F型,,,1916T4003,,,S2,QA3,件,150,Kg,
CSS05027,恒力吊架组件,SX A150.20 位移145 F型,,,1916T4003,,,S2,QA3,件,150,Kg,
CSS05028,恒力吊架组件,SX A150.20 位移150 F型,,,1916T4003,,,S2,QA3,件,150,Kg,
CSS05029,恒力吊架组件,SX A150.20 位移155 F型,,,1916T4003,,,S2,QA3,件,150,Kg,
CSS05030,恒力吊架组件,SX A150.20 位移160 F型,,,1916T4003,,,S2,QA3,件,150,Kg,
CSS05031,恒力吊架组件,SX A150.20 位移165 F型,,,1916T4003,,,S2,QA3,件,150,Kg,
CSS05032,恒力吊架组件,SX A150.20 位移170 F型,,,1916T4003,,,S2,QA3,件,150,Kg,
CSS05033,恒力吊架组件,SX A150.20 位移175 F型,,,1916T4003,,,S2,QA3,件,150,Kg,
CSS05034,恒力吊架组件,SX A150.20 位移180 F型,,,1916T4003,,,S2,QA3,件,150,Kg,
CSS05035,恒力吊架组件,SX A150.20 位移185 F型,,,1916T4003,,,S2,QA3,件,150,Kg,
CSS05036,恒力吊架组件,SX A150.20 位移190 F型,,,1916T4003,,,S2,QA3,件,150,Kg,
CSS05037,恒力吊架组件,SX A150.20 位移195 F型,,,1916T4003,,,S2,QA3,件,150,Kg,
CSS05038,恒力吊架组件,SX A150.20 位移200 F型,,,1916T4003,,,S2,QA3,件,150,Kg,
CSS05039,恒力吊架组件,SX A150.20 位移205 F型,,,1916T4003,,,S2,QA3,件,150,Kg,
CSS05040,恒力吊架组件,SX A150.20 位移210 F型,,,1916T4003,,,S2,QA3,件,150,Kg,
CSS05041,恒力吊架组件,SX A150.20 位移215 F型,,,1916T4003,,,S2,QA3,件,150,Kg,
CSS05042,恒力吊架组件,SX A150.20 位移220 F型,,,1916T4003,,,S2,QA3,件,150,Kg,
CSS05043,恒力吊架组件,SX A150.20 位移225 F型,,,1916T4003,,,S2,QA3,件,150,Kg,
CSS05044,恒力吊架组件,SX A150.20 位移230 F型,,,1916T4003,,,S2,QA3,件,150,Kg,
CSS05045,恒力吊架组件,SX A150.20 位移235 F型,,,1916T4003,,,S2,QA3,件,150,Kg,
CSS05046,恒力吊架组件,SX A150.20 位移240 F型,,,1916T4003,,,S2,QA3,件,150,Kg,
CSS05047,恒力吊架组件,SX A150.20 位移245 F型,,,1916T4003,,,S2,QA3,件,150,Kg,
CSS05048,恒力吊架组件,SX A150.20 位移250 F型,,,1916T4003,,,S2,QA3,件,150,Kg,
CSS05049,恒力吊架组件,SX A150.20 位移255 F型,,,1916T4003,,,S2,QA3,件,150,Kg,
CSS05050,恒力吊架组件,SX A150.20 位移260 F型,,,1916T4003,,,S2,QA3,件,150,Kg,
CSS05051,恒力吊架组件,SX A150.20 位移265 F型,,,1916T4003,,,S2,QA3,件,150,Kg,
CSS05052,恒力吊架组件,SX A150.20 位移270 F型,,,1916T4003,,,S2,QA3,件,150,Kg,
CSS05053,恒力吊架组件,SX A150.20 位移275 F型,,,1916T4003,,,S2,QA3,件,150,Kg,
CSS05054,恒力吊架组件,SX A150.20 位移280 F型,,,1916T4003,,,S2,QA3,件,150,Kg,
CSS05055,恒力吊架组件,SX A150.20 位移285 F型,,,1916T4003,,,S2,QA3,件,150,Kg,
CSS05056,恒力吊架组件,SX A150.20 位移290 F型,,,1916T4003,,,S2,QA3,件,150,Kg,
CSS05057,恒力吊架组件,SX A150.20 位移295 F型,,,1916T4003,,,S2,QA3,件,150,Kg,
CSS05058,恒力吊架组件,SX A150.20 位移300 F型,,,1916T4003,,,S2,QA3,件,150,Kg,
CSS05059,恒力吊架组件,SX A150.25 位移120 F型,,,1916T4003,,,S2,QA3,件,150,Kg,
CSS05060,恒力吊架组件,SX A150.25 位移125 F型,,,1916T4003,,,S2,QA3,件,150,Kg,
CSS05061,恒力吊架组件,SX A150.25 位移130 F型,,,1916T4003,,,S2,QA3,件,150,Kg,
CSS05062,恒力吊架组件,SX A150.25 位移135 F型,,,1916T4003,,,S2,QA3,件,150,Kg,
CSS05063,恒力吊架组件,SX A150.25 位移140 F型,,,1916T4003,,,S2,QA3,件,150,Kg,
CSS05064,恒力吊架组件,SX A150.25 位移145 F型,,,1916T4003,,,S2,QA3,件,150,Kg,
CSS05065,恒力吊架组件,SX A150.25 位移150 F型,,,1916T4003,,,S2,QA3,件,150,Kg,
CSS05066,恒力吊架组件,SX A150.25 位移155 F型,,,1916T4003,,,S2,QA3,件,150,Kg,
CSS05067,恒力吊架组件,SX A150.25 位移160 F型,,,1916T4003,,,S2,QA3,件,150,Kg,
CSS05068,恒力吊架组件,SX A150.25 位移165 F型,,,1916T4003,,,S2,QA3,件,150,Kg,
CSS05069,恒力吊架组件,SX A150.25 位移170 F型,,,1916T4003,,,S2,QA3,件,150,Kg,
CSS05070,恒力吊架组件,SX A150.25 位移175 F型,,,1916T4003,,,S2,QA3,件,150,Kg,
CSS05071,恒力吊架组件,SX A150.25 位移180 F型,,,1916T4003,,,S2,QA3,件,150,Kg,
CSS05072,恒力吊架组件,SX A150.25 位移185 F型,,,1916T4003,,,S2,QA3,件,150,Kg,
CSS05073,恒力吊架组件,SX A150.25 位移190 F型,,,1916T4003,,,S2,QA3,件,150,Kg,
CSS05074,恒力吊架组件,SX A150.25 位移195 F型,,,1916T4003,,,S2,QA3,件,150,Kg,
CSS05075,恒力吊架组件,SX A150.25 位移200 F型,,,1916T4003,,,S2,QA3,件,150,Kg,
CSS05076,恒力吊架组件,SX A150.25 位移205 F型,,,1916T4003,,,S2,QA3,件,150,Kg,
CSS05077,恒力吊架组件,SX A150.25 位移210 F型,,,1916T4003,,,S2,QA3,件,150,Kg,
CSS05078,恒力吊架组件,SX A150.25 位移215 F型,,,1916T4003,,,S2,QA3,件,150,Kg,
CSS05079,恒力吊架组件,SX A150.25 位移220 F型,,,1916T4003,,,S2,QA3,件,150,Kg,
CSS05080,恒力吊架组件,SX A150.25 位移225 F型,,,1916T4003,,,S2,QA3,件,150,Kg,
CSS05081,恒力吊架组件,SX A150.25 位移230 F型,,,1916T4003,,,S2,QA3,件,150,Kg,
CSS05082,恒力吊架组件,SX A150.25 位移235 F型,,,1916T4003,,,S2,QA3,件,150,Kg,
CSS05083,恒力吊架组件,SX A150.25 位移240 F型,,,1916T4003,,,S2,QA3,件,150,Kg,
CSS05084,恒力吊架组件,SX A150.25 位移245 F型,,,1916T4003,,,S2,QA3,件,150,Kg,
CSS05085,恒力吊架组件,SX A150.25 位移250 F型,,,1916T4003,,,S2,QA3,件,150,Kg,
CSS05086,恒力吊架组件,SX A150.25 位移255 F型,,,1916T4003,,,S2,QA3,件,150,Kg,
CSS05087,恒力吊架组件,SX A150.25 位移260 F型,,,1916T4003,,,S2,QA3,件,150,Kg,
CSS05088,恒力吊架组件,SX A150.25 位移265 F型,,,1916T4003,,,S2,QA3,件,150,Kg,
CSS05089,恒力吊架组件,SX A150.25 位移270 F型,,,1916T4003,,,S2,QA3,件,150,Kg,
CSS05090,恒力吊架组件,SX A150.25 位移275 F型,,,1916T4003,,,S2,QA3,件,150,Kg,
CSS05091,恒力吊架组件,SX A150.25 位移280 F型,,,1916T4003,,,S2,QA3,件,150,Kg,
CSS05092,恒力吊架组件,SX A150.25 位移285 F型,,,1916T4003,,,S2,QA3,件,150,Kg,
CSS05093,恒力吊架组件,SX A150.25 位移290 F型,,,1916T4003,,,S2,QA3,件,150,Kg,
CSS05094,恒力吊架组件,SX A150.25 位移295 F型,,,1916T4003,,,S2,QA3,件,150,Kg,
CSS05095,恒力吊架组件,SX A150.25 位移300 F型,,,1916T4003,,,S2,QA3,件,150,Kg,
CSS05096,恒力吊架组件,SX A150.30 位移120 F型,,,1916T4003,,,S2,QA3,件,150,Kg,
CSS05097,恒力吊架组件,SX A150.30 位移125 F型,,,1916T4003,,,S2,QA3,件,150,Kg,
CSS05098,恒力吊架组件,SX A150.30 位移130 F型,,,1916T4003,,,S2,QA3,件,150,Kg,
CSS05099,恒力吊架组件,SX A150.30 位移135 F型,,,1916T4003,,,S2,QA3,件,150,Kg,
CSS05100,恒力吊架组件,SX A150.30 位移140 F型,,,1916T4003,,,S2,QA3,件,150,Kg,
CSS05101,恒力吊架组件,SX A150.30 位移145 F型,,,1916T4003,,,S2,QA3,件,150,Kg,
CSS05102,恒力吊架组件,SX A150.30 位移150 F型,,,1916T4003,,,S2,QA3,件,150,Kg,
CSS05103,恒力吊架组件,SX A150.30 位移155 F型,,,1916T4003,,,S2,QA3,件,150,Kg,
CSS05104,恒力吊架组件,SX A150.30 位移160 F型,,,1916T4003,,,S2,QA3,件,150,Kg,
CSS05105,恒力吊架组件,SX A150.30 位移165 F型,,,1916T4003,,,S2,QA3,件,150,Kg,
CSS05106,恒力吊架组件,SX A150.30 位移170 F型,,,1916T4003,,,S2,QA3,件,150,Kg,
CSS05107,恒力吊架组件,SX A150.30 位移175 F型,,,1916T4003,,,S2,QA3,件,150,Kg,
CSS05108,恒力吊架组件,SX A150.30 位移180 F型,,,1916T4003,,,S2,QA3,件,150,Kg,
CSS05109,恒力吊架组件,SX A150.30 位移185 F型,,,1916T4003,,,S2,QA3,件,150,Kg,
CSS05110,恒力吊架组件,SX A150.30 位移190 F型,,,1916T4003,,,S2,QA3,件,150,Kg,
CSS05111,恒力吊架组件,SX A150.30 位移195 F型,,,1916T4003,,,S2,QA3,件,150,Kg,
CSS05112,恒力吊架组件,SX A150.30 位移200 F型,,,1916T4003,,,S2,QA3,件,150,Kg,
CSS05113,恒力吊架组件,SX A150.30 位移205 F型,,,1916T4003,,,S2,QA3,件,150,Kg,
CSS05114,恒力吊架组件,SX A150.30 位移210 F型,,,1916T4003,,,S2,QA3,件,150,Kg,
CSS05115,恒力吊架组件,SX A150.30 位移215 F型,,,1916T4003,,,S2,QA3,件,150,Kg,
CSS05116,恒力吊架组件,SX A150.30 位移220 F型,,,1916T4003,,,S2,QA3,件,150,Kg,
CSS05117,恒力吊架组件,SX A150.30 位移225 F型,,,1916T4003,,,S2,QA3,件,150,Kg,
CSS05118,恒力吊架组件,SX A150.30 位移230 F型,,,1916T4003,,,S2,QA3,件,150,Kg,
CSS05119,恒力吊架组件,SX A150.30 位移235 F型,,,1916T4003,,,S2,QA3,件,150,Kg,
CSS05120,恒力吊架组件,SX A150.30 位移240 F型,,,1916T4003,,,S2,QA3,件,150,Kg,
CSS05121,恒力吊架组件,SX A150.30 位移245 F型,,,1916T4003,,,S2,QA3,件,150,Kg,
CSS05122,恒力吊架组件,SX A150.30 位移250 F型,,,1916T4003,,,S2,QA3,件,150,Kg,
CSS05123,恒力吊架组件,SX A150.30 位移255 F型,,,1916T4003,,,S2,QA3,件,150,Kg,
CSS05124,恒力吊架组件,SX A150.30 位移260 F型,,,1916T4003,,,S2,QA3,件,150,Kg,
CSS05125,恒力吊架组件,SX A150.30 位移265 F型,,,1916T4003,,,S2,QA3,件,150,Kg,
CSS05126,恒力吊架组件,SX A150.30 位移270 F型,,,1916T4003,,,S2,QA3,件,150,Kg,
CSS05127,恒力吊架组件,SX A150.30 位移275 F型,,,1916T4003,,,S2,QA3,件,150,Kg,
CSS05128,恒力吊架组件,SX A150.30 位移280 F型,,,1916T4003,,,S2,QA3,件,150,Kg,
CSS05129,恒力吊架组件,SX A150.30 位移285 F型,,,1916T4003,,,S2,QA3,件,150,Kg,
CSS05130,恒力吊架组件,SX A150.30 位移290 F型,,,1916T4003,,,S2,QA3,件,150,Kg,
CSS05131,恒力吊架组件,SX A150.30 位移295 F型,,,1916T4003,,,S2,QA3,件,150,Kg,
CSS05132,恒力吊架组件,SX A150.30 位移300 F型,,,1916T4003,,,S2,QA3,件,150,Kg,
CSS05133,恒力吊架组件,SX A200.15 位移150 F型,,,1916T4003,,,S2,QA3,件,250,Kg,
CSS05134,恒力吊架组件,SX A200.15 位移155 F型,,,1916T4003,,,S2,QA3,件,250,Kg,
CSS05135,恒力吊架组件,SX A200.15 位移160 F型,,,1916T4003,,,S2,QA3,件,250,Kg,
CSS05136,恒力吊架组件,SX A200.15 位移165 F型,,,1916T4003,,,S2,QA3,件,250,Kg,
CSS05137,恒力吊架组件,SX A200.15 位移170 F型,,,1916T4003,,,S2,QA3,件,250,Kg,
CSS05138,恒力吊架组件,SX A200.15 位移175 F型,,,1916T4003,,,S2,QA3,件,250,Kg,
CSS05139,恒力吊架组件,SX A200.15 位移180 F型,,,1916T4003,,,S2,QA3,件,250,Kg,
CSS05140,恒力吊架组件,SX A200.15 位移185 F型,,,1916T4003,,,S2,QA3,件,250,Kg,
CSS05141,恒力吊架组件,SX A200.15 位移190 F型,,,1916T4003,,,S2,QA3,件,250,Kg,
CSS05142,恒力吊架组件,SX A200.15 位移195 F型,,,1916T4003,,,S2,QA3,件,250,Kg,
CSS05143,恒力吊架组件,SX A200.15 位移200 F型,,,1916T4003,,,S2,QA3,件,250,Kg,
CSS05144,恒力吊架组件,SX A200.15 位移205 F型,,,1916T4003,,,S2,QA3,件,250,Kg,
CSS05145,恒力吊架组件,SX A200.15 位移210 F型,,,1916T4003,,,S2,QA3,件,250,Kg,
CSS05146,恒力吊架组件,SX A200.15 位移215 F型,,,1916T4003,,,S2,QA3,件,250,Kg,
CSS05147,恒力吊架组件,SX A200.15 位移220 F型,,,1916T4003,,,S2,QA3,件,250,Kg,
CSS05148,恒力吊架组件,SX A200.15 位移225 F型,,,1916T4003,,,S2,QA3,件,250,Kg,
CSS05149,恒力吊架组件,SX A200.15 位移230 F型,,,1916T4003,,,S2,QA3,件,250,Kg,
CSS05150,恒力吊架组件,SX A200.15 位移235 F型,,,1916T4003,,,S2,QA3,件,250,Kg,
CSS05151,恒力吊架组件,SX A200.15 位移240 F型,,,1916T4003,,,S2,QA3,件,250,Kg,
CSS05152,恒力吊架组件,SX A200.15 位移245 F型,,,1916T4003,,,S2,QA3,件,250,Kg,
CSS05153,恒力吊架组件,SX A200.15 位移250 F型,,,1916T4003,,,S2,QA3,件,250,Kg,
CSS05154,恒力吊架组件,SX A200.15 位移255 F型,,,1916T4003,,,S2,QA3,件,250,Kg,
CSS05155,恒力吊架组件,SX A200.15 位移260 F型,,,1916T4003,,,S2,QA3,件,250,Kg,
CSS05156,恒力吊架组件,SX A200.15 位移265 F型,,,1916T4003,,,S2,QA3,件,250,Kg,
CSS05157,恒力吊架组件,SX A200.15 位移270 F型,,,1916T4003,,,S2,QA3,件,250,Kg,
CSS05158,恒力吊架组件,SX A200.15 位移275 F型,,,1916T4003,,,S2,QA3,件,250,Kg,
CSS05159,恒力吊架组件,SX A200.15 位移280 F型,,,1916T4003,,,S2,QA3,件,250,Kg,
CSS05160,恒力吊架组件,SX A200.15 位移285 F型,,,1916T4003,,,S2,QA3,件,250,Kg,
CSS05161,恒力吊架组件,SX A200.15 位移290 F型,,,1916T4003,,,S2,QA3,件,250,Kg,
CSS05162,恒力吊架组件,SX A200.15 位移295 F型,,,1916T4003,,,S2,QA3,件,250,Kg,
CSS05163,恒力吊架组件,SX A200.15 位移300 F型,,,1916T4003,,,S2,QA3,件,250,Kg,
CSS05164,恒力吊架组件,SX A200.15 位移305 F型,,,1916T4003,,,S2,QA3,件,250,Kg,
CSS05165,恒力吊架组件,SX A200.15 位移310 F型,,,1916T4003,,,S2,QA3,件,250,Kg,
CSS05166,恒力吊架组件,SX A200.15 位移315 F型,,,1916T4003,,,S2,QA3,件,250,Kg,
CSS05167,恒力吊架组件,SX A200.15 位移320 F型,,,1916T4003,,,S2,QA3,件,250,Kg,
CSS05168,恒力吊架组件,SX A200.15 位移325 F型,,,1916T4003,,,S2,QA3,件,250,Kg,
CSS05169,恒力吊架组件,SX A200.15 位移330 F型,,,1916T4003,,,S2,QA3,件,250,Kg,
CSS05170,恒力吊架组件,SX A200.20 位移150 F型,,,1916T4003,,,S2,QA3,件,250,Kg,
CSS05171,恒力吊架组件,SX A200.20 位移155 F型,,,1916T4003,,,S2,QA3,件,250,Kg,
CSS05172,恒力吊架组件,SX A200.20 位移160 F型,,,1916T4003,,,S2,QA3,件,250,Kg,
CSS05173,恒力吊架组件,SX A200.20 位移165 F型,,,1916T4003,,,S2,QA3,件,250,Kg,
CSS05174,恒力吊架组件,SX A200.20 位移170 F型,,,1916T4003,,,S2,QA3,件,250,Kg,
CSS05175,恒力吊架组件,SX A200.20 位移175 F型,,,1916T4003,,,S2,QA3,件,250,Kg,
CSS05176,恒力吊架组件,SX A200.20 位移180 F型,,,1916T4003,,,S2,QA3,件,250,Kg,
CSS05177,恒力吊架组件,SX A200.20 位移185 F型,,,1916T4003,,,S2,QA3,件,250,Kg,
CSS05178,恒力吊架组件,SX A200.20 位移190 F型,,,1916T4003,,,S2,QA3,件,250,Kg,
CSS05179,恒力吊架组件,SX A200.20 位移195 F型,,,1916T4003,,,S2,QA3,件,250,Kg,
CSS05180,恒力吊架组件,SX A200.20 位移200 F型,,,1916T4003,,,S2,QA3,件,250,Kg,
CSS05181,恒力吊架组件,SX A200.20 位移205 F型,,,1916T4003,,,S2,QA3,件,250,Kg,
CSS05182,恒力吊架组件,SX A200.20 位移210 F型,,,1916T4003,,,S2,QA3,件,250,Kg,
CSS05183,恒力吊架组件,SX A200.20 位移215 F型,,,1916T4003,,,S2,QA3,件,250,Kg,
CSS05184,恒力吊架组件,SX A200.20 位移220 F型,,,1916T4003,,,S2,QA3,件,250,Kg,
CSS05185,恒力吊架组件,SX A200.20 位移225 F型,,,1916T4003,,,S2,QA3,件,250,Kg,
CSS05186,恒力吊架组件,SX A200.20 位移230 F型,,,1916T4003,,,S2,QA3,件,250,Kg,
CSS05187,恒力吊架组件,SX A200.20 位移235 F型,,,1916T4003,,,S2,QA3,件,250,Kg,
CSS05188,恒力吊架组件,SX A200.20 位移240 F型,,,1916T4003,,,S2,QA3,件,250,Kg,
CSS05189,恒力吊架组件,SX A200.20 位移245 F型,,,1916T4003,,,S2,QA3,件,250,Kg,
CSS05190,恒力吊架组件,SX A200.20 位移250 F型,,,1916T4003,,,S2,QA3,件,250,Kg,
CSS05191,恒力吊架组件,SX A200.20 位移255 F型,,,1916T4003,,,S2,QA3,件,250,Kg,
CSS05192,恒力吊架组件,SX A200.20 位移260 F型,,,1916T4003,,,S2,QA3,件,250,Kg,
CSS05193,恒力吊架组件,SX A200.20 位移265 F型,,,1916T4003,,,S2,QA3,件,250,Kg,
CSS05194,恒力吊架组件,SX A200.20 位移270 F型,,,1916T4003,,,S2,QA3,件,250,Kg,
CSS05195,恒力吊架组件,SX A200.20 位移275 F型,,,1916T4003,,,S2,QA3,件,250,Kg,
CSS05196,恒力吊架组件,SX A200.20 位移280 F型,,,1916T4003,,,S2,QA3,件,250,Kg,
CSS05197,恒力吊架组件,SX A200.20 位移285 F型,,,1916T4003,,,S2,QA3,件,250,Kg,
CSS05198,恒力吊架组件,SX A200.20 位移290 F型,,,1916T4003,,,S2,QA3,件,250,Kg,
CSS05199,恒力吊架组件,SX A200.20 位移295 F型,,,1916T4003,,,S2,QA3,件,250,Kg,
CSS05200,恒力吊架组件,SX A200.20 位移300 F型,,,1916T4003,,,S2,QA3,件,250,Kg,
CSS05201,恒力吊架组件,SX A200.20 位移305 F型,,,1916T4003,,,S2,QA3,件,250,Kg,
CSS05202,恒力吊架组件,SX A200.20 位移310 F型,,,1916T4003,,,S2,QA3,件,250,Kg,
CSS05203,恒力吊架组件,SX A200.20 位移315 F型,,,1916T4003,,,S2,QA3,件,250,Kg,
CSS05204,恒力吊架组件,SX A200.20 位移320 F型,,,1916T4003,,,S2,QA3,件,250,Kg,
CSS05205,恒力吊架组件,SX A200.20 位移325 F型,,,1916T4003,,,S2,QA3,件,250,Kg,
CSS05206,恒力吊架组件,SX A200.20 位移330 F型,,,1916T4003,,,S2,QA3,件,250,Kg,
CSS05207,恒力吊架组件,SX A200.25 位移150 F型,,,1916T4003,,,S2,QA3,件,250,Kg,
CSS05208,恒力吊架组件,SX A200.25 位移155 F型,,,1916T4003,,,S2,QA3,件,250,Kg,
CSS05209,恒力吊架组件,SX A200.25 位移160 F型,,,1916T4003,,,S2,QA3,件,250,Kg,
CSS05210,恒力吊架组件,SX A200.25 位移165 F型,,,1916T4003,,,S2,QA3,件,250,Kg,
CSS05211,恒力吊架组件,SX A200.25 位移170 F型,,,1916T4003,,,S2,QA3,件,250,Kg,
CSS05212,恒力吊架组件,SX A200.25 位移175 F型,,,1916T4003,,,S2,QA3,件,250,Kg,
CSS05213,恒力吊架组件,SX A200.25 位移180 F型,,,1916T4003,,,S2,QA3,件,250,Kg,
CSS05214,恒力吊架组件,SX A200.25 位移185 F型,,,1916T4003,,,S2,QA3,件,250,Kg,
CSS05215,恒力吊架组件,SX A200.25 位移190 F型,,,1916T4003,,,S2,QA3,件,250,Kg,
CSS05216,恒力吊架组件,SX A200.25 位移195 F型,,,1916T4003,,,S2,QA3,件,250,Kg,
CSS05217,恒力吊架组件,SX A200.25 位移200 F型,,,1916T4003,,,S2,QA3,件,250,Kg,
CSS05218,恒力吊架组件,SX A200.25 位移205 F型,,,1916T4003,,,S2,QA3,件,250,Kg,
CSS05219,恒力吊架组件,SX A200.25 位移210 F型,,,1916T4003,,,S2,QA3,件,250,Kg,
CSS05220,恒力吊架组件,SX A200.25 位移215 F型,,,1916T4003,,,S2,QA3,件,250,Kg,
CSS05221,恒力吊架组件,SX A200.25 位移220 F型,,,1916T4003,,,S2,QA3,件,250,Kg,
CSS05222,恒力吊架组件,SX A200.25 位移225 F型,,,1916T4003,,,S2,QA3,件,250,Kg,
CSS05223,恒力吊架组件,SX A200.25 位移230 F型,,,1916T4003,,,S2,QA3,件,250,Kg,
CSS05224,恒力吊架组件,SX A200.25 位移235 F型,,,1916T4003,,,S2,QA3,件,250,Kg,
CSS05225,恒力吊架组件,SX A200.25 位移240 F型,,,1916T4003,,,S2,QA3,件,250,Kg,
CSS05226,恒力吊架组件,SX A200.25 位移245 F型,,,1916T4003,,,S2,QA3,件,250,Kg,
CSS05227,恒力吊架组件,SX A200.25 位移250 F型,,,1916T4003,,,S2,QA3,件,250,Kg,
CSS05228,恒力吊架组件,SX A200.25 位移255 F型,,,1916T4003,,,S2,QA3,件,250,Kg,
CSS05229,恒力吊架组件,SX A200.25 位移260 F型,,,1916T4003,,,S2,QA3,件,250,Kg,
CSS05230,恒力吊架组件,SX A200.25 位移265 F型,,,1916T4003,,,S2,QA3,件,250,Kg,
CSS05231,恒力吊架组件,SX A200.25 位移270 F型,,,1916T4003,,,S2,QA3,件,250,Kg,
CSS05232,恒力吊架组件,SX A200.25 位移275 F型,,,1916T4003,,,S2,QA3,件,250,Kg,
CSS05233,恒力吊架组件,SX A200.25 位移280 F型,,,1916T4003,,,S2,QA3,件,250,Kg,
CSS05234,恒力吊架组件,SX A200.25 位移285 F型,,,1916T4003,,,S2,QA3,件,250,Kg,
CSS05235,恒力吊架组件,SX A200.25 位移290 F型,,,1916T4003,,,S2,QA3,件,250,Kg,
CSS05236,恒力吊架组件,SX A200.25 位移295 F型,,,1916T4003,,,S2,QA3,件,250,Kg,
CSS05237,恒力吊架组件,SX A200.25 位移300 F型,,,1916T4003,,,S2,QA3,件,250,Kg,
CSS05238,恒力吊架组件,SX A200.25 位移305 F型,,,1916T4003,,,S2,QA3,件,250,Kg,
CSS05239,恒力吊架组件,SX A200.25 位移310 F型,,,1916T4003,,,S2,QA3,件,250,Kg,
CSS05240,恒力吊架组件,SX A200.25 位移315 F型,,,1916T4003,,,S2,QA3,件,250,Kg,
CSS05241,恒力吊架组件,SX A200.25 位移320 F型,,,1916T4003,,,S2,QA3,件,250,Kg,
CSS05242,恒力吊架组件,SX A200.25 位移325 F型,,,1916T4003,,,S2,QA3,件,250,Kg,
CSS05243,恒力吊架组件,SX A200.25 位移330 F型,,,1916T4003,,,S2,QA3,件,250,Kg,
CSS05244,恒力吊架组件,SX A200.30 位移150 F型,,,1916T4003,,,S2,QA3,件,250,Kg,
CSS05245,恒力吊架组件,SX A200.30 位移155 F型,,,1916T4003,,,S2,QA3,件,250,Kg,
CSS05246,恒力吊架组件,SX A200.30 位移160 F型,,,1916T4003,,,S2,QA3,件,250,Kg,
CSS05247,恒力吊架组件,SX A200.30 位移165 F型,,,1916T4003,,,S2,QA3,件,250,Kg,
CSS05248,恒力吊架组件,SX A200.30 位移170 F型,,,1916T4003,,,S2,QA3,件,250,Kg,
CSS05249,恒力吊架组件,SX A200.30 位移175 F型,,,1916T4003,,,S2,QA3,件,250,Kg,
CSS05250,恒力吊架组件,SX A200.30 位移180 F型,,,1916T4003,,,S2,QA3,件,250,Kg,
CSS05251,恒力吊架组件,SX A200.30 位移185 F型,,,1916T4003,,,S2,QA3,件,250,Kg,
CSS05252,恒力吊架组件,SX A200.30 位移190 F型,,,1916T4003,,,S2,QA3,件,250,Kg,
CSS05253,恒力吊架组件,SX A200.30 位移195 F型,,,1916T4003,,,S2,QA3,件,250,Kg,
CSS05254,恒力吊架组件,SX A200.30 位移200 F型,,,1916T4003,,,S2,QA3,件,250,Kg,
CSS05255,恒力吊架组件,SX A200.30 位移205 F型,,,1916T4003,,,S2,QA3,件,250,Kg,
CSS05256,恒力吊架组件,SX A200.30 位移210 F型,,,1916T4003,,,S2,QA3,件,250,Kg,
CSS05257,恒力吊架组件,SX A200.30 位移215 F型,,,1916T4003,,,S2,QA3,件,250,Kg,
CSS05258,恒力吊架组件,SX A200.30 位移220 F型,,,1916T4003,,,S2,QA3,件,250,Kg,
CSS05259,恒力吊架组件,SX A200.30 位移225 F型,,,1916T4003,,,S2,QA3,件,250,Kg,
CSS05260,恒力吊架组件,SX A200.30 位移230 F型,,,1916T4003,,,S2,QA3,件,250,Kg,
CSS05261,恒力吊架组件,SX A200.30 位移235 F型,,,1916T4003,,,S2,QA3,件,250,Kg,
CSS05262,恒力吊架组件,SX A200.30 位移240 F型,,,1916T4003,,,S2,QA3,件,250,Kg,
CSS05263,恒力吊架组件,SX A200.30 位移245 F型,,,1916T4003,,,S2,QA3,件,250,Kg,
CSS05264,恒力吊架组件,SX A200.30 位移250 F型,,,1916T4003,,,S2,QA3,件,250,Kg,
CSS05265,恒力吊架组件,SX A200.30 位移255 F型,,,1916T4003,,,S2,QA3,件,250,Kg,
CSS05266,恒力吊架组件,SX A200.30 位移260 F型,,,1916T4003,,,S2,QA3,件,250,Kg,
CSS05267,恒力吊架组件,SX A200.30 位移265 F型,,,1916T4003,,,S2,QA3,件,250,Kg,
CSS05268,恒力吊架组件,SX A200.30 位移270 F型,,,1916T4003,,,S2,QA3,件,250,Kg,
CSS05269,恒力吊架组件,SX A200.30 位移275 F型,,,1916T4003,,,S2,QA3,件,250,Kg,
CSS05270,恒力吊架组件,SX A200.30 位移280 F型,,,1916T4003,,,S2,QA3,件,250,Kg,
CSS05271,恒力吊架组件,SX A200.30 位移285 F型,,,1916T4003,,,S2,QA3,件,250,Kg,
CSS05272,恒力吊架组件,SX A200.30 位移290 F型,,,1916T4003,,,S2,QA3,件,250,Kg,
CSS05273,恒力吊架组件,SX A200.30 位移295 F型,,,1916T4003,,,S2,QA3,件,250,Kg,
CSS05274,恒力吊架组件,SX A200.30 位移300 F型,,,1916T4003,,,S2,QA3,件,250,Kg,
CSS05275,恒力吊架组件,SX A200.30 位移305 F型,,,1916T4003,,,S2,QA3,件,250,Kg,
CSS05276,恒力吊架组件,SX A200.30 位移310 F型,,,1916T4003,,,S2,QA3,件,250,Kg,
CSS05277,恒力吊架组件,SX A200.30 位移315 F型,,,1916T4003,,,S2,QA3,件,250,Kg,
CSS05278,恒力吊架组件,SX A200.30 位移320 F型,,,1916T4003,,,S2,QA3,件,250,Kg,
CSS05279,恒力吊架组件,SX A200.30 位移325 F型,,,1916T4003,,,S2,QA3,件,250,Kg,
CSS05280,恒力吊架组件,SX A200.30 位移330 F型,,,1916T4003,,,S2,QA3,件,250,Kg,
CSS05281,恒力吊架组件,SX A250.20 位移170 F型,,,1916T4003,,,S2,QA3,件,500,Kg,
CSS05282,恒力吊架组件,SX A250.20 位移175 F型,,,1916T4003,,,S2,QA3,件,500,Kg,
CSS05283,恒力吊架组件,SX A250.20 位移180 F型,,,1916T4003,,,S2,QA3,件,500,Kg,
CSS05284,恒力吊架组件,SX A250.20 位移185 F型,,,1916T4003,,,S2,QA3,件,500,Kg,
CSS05285,恒力吊架组件,SX A250.20 位移190 F型,,,1916T4003,,,S2,QA3,件,500,Kg,
CSS05286,恒力吊架组件,SX A250.20 位移195 F型,,,1916T4003,,,S2,QA3,件,500,Kg,
CSS05287,恒力吊架组件,SX A250.20 位移200 F型,,,1916T4003,,,S2,QA3,件,500,Kg,
CSS05288,恒力吊架组件,SX A250.20 位移205 F型,,,1916T4003,,,S2,QA3,件,500,Kg,
CSS05289,恒力吊架组件,SX A250.20 位移210 F型,,,1916T4003,,,S2,QA3,件,500,Kg,
CSS05290,恒力吊架组件,SX A250.20 位移215 F型,,,1916T4003,,,S2,QA3,件,500,Kg,
CSS05291,恒力吊架组件,SX A250.20 位移220 F型,,,1916T4003,,,S2,QA3,件,500,Kg,
CSS05292,恒力吊架组件,SX A250.20 位移225 F型,,,1916T4003,,,S2,QA3,件,500,Kg,
CSS05293,恒力吊架组件,SX A250.20 位移230 F型,,,1916T4003,,,S2,QA3,件,500,Kg,
CSS05294,恒力吊架组件,SX A250.20 位移235 F型,,,1916T4003,,,S2,QA3,件,500,Kg,
CSS05295,恒力吊架组件,SX A250.20 位移240 F型,,,1916T4003,,,S2,QA3,件,500,Kg,
CSS05296,恒力吊架组件,SX A250.20 位移245 F型,,,1916T4003,,,S2,QA3,件,500,Kg,
CSS05297,恒力吊架组件,SX A250.20 位移250 F型,,,1916T4003,,,S2,QA3,件,500,Kg,
CSS05298,恒力吊架组件,SX A250.20 位移255 F型,,,1916T4003,,,S2,QA3,件,500,Kg,
CSS05299,恒力吊架组件,SX A250.20 位移260 F型,,,1916T4003,,,S2,QA3,件,500,Kg,
CSS05300,恒力吊架组件,SX A250.20 位移265 F型,,,1916T4003,,,S2,QA3,件,500,Kg,
CSS05301,恒力吊架组件,SX A250.20 位移270 F型,,,1916T4003,,,S2,QA3,件,500,Kg,
CSS05302,恒力吊架组件,SX A250.20 位移275 F型,,,1916T4003,,,S2,QA3,件,500,Kg,
CSS05303,恒力吊架组件,SX A250.20 位移280 F型,,,1916T4003,,,S2,QA3,件,500,Kg,
CSS05304,恒力吊架组件,SX A250.20 位移285 F型,,,1916T4003,,,S2,QA3,件,500,Kg,
CSS05305,恒力吊架组件,SX A250.20 位移290 F型,,,1916T4003,,,S2,QA3,件,500,Kg,
CSS05306,恒力吊架组件,SX A250.20 位移295 F型,,,1916T4003,,,S2,QA3,件,500,Kg,
CSS05307,恒力吊架组件,SX A250.20 位移300 F型,,,1916T4003,,,S2,QA3,件,500,Kg,
CSS05308,恒力吊架组件,SX A250.20 位移305 F型,,,1916T4003,,,S2,QA3,件,500,Kg,
CSS05309,恒力吊架组件,SX A250.20 位移310 F型,,,1916T4003,,,S2,QA3,件,500,Kg,
CSS05310,恒力吊架组件,SX A250.20 位移315 F型,,,1916T4003,,,S2,QA3,件,500,Kg,
CSS05311,恒力吊架组件,SX A250.20 位移320 F型,,,1916T4003,,,S2,QA3,件,500,Kg,
CSS05312,恒力吊架组件,SX A250.20 位移325 F型,,,1916T4003,,,S2,QA3,件,500,Kg,
CSS05313,恒力吊架组件,SX A250.20 位移330 F型,,,1916T4003,,,S2,QA3,件,500,Kg,
CSS05314,恒力吊架组件,SX A250.20 位移335 F型,,,1916T4003,,,S2,QA3,件,500,Kg,
CSS05315,恒力吊架组件,SX A250.20 位移340 F型,,,1916T4003,,,S2,QA3,件,500,Kg,
CSS05316,恒力吊架组件,SX A250.20 位移345 F型,,,1916T4003,,,S2,QA3,件,500,Kg,
CSS05317,恒力吊架组件,SX A250.20 位移350 F型,,,1916T4003,,,S2,QA3,件,500,Kg,
CSS05318,恒力吊架组件,SX A250.25 位移170 F型,,,1916T4003,,,S2,QA3,件,500,Kg,
CSS05319,恒力吊架组件,SX A250.25 位移175 F型,,,1916T4003,,,S2,QA3,件,500,Kg,
CSS05320,恒力吊架组件,SX A250.25 位移180 F型,,,1916T4003,,,S2,QA3,件,500,Kg,
CSS05321,恒力吊架组件,SX A250.25 位移185 F型,,,1916T4003,,,S2,QA3,件,500,Kg,
CSS05322,恒力吊架组件,SX A250.25 位移190 F型,,,1916T4003,,,S2,QA3,件,500,Kg,
CSS05323,恒力吊架组件,SX A250.25 位移195 F型,,,1916T4003,,,S2,QA3,件,500,Kg,
CSS05324,恒力吊架组件,SX A250.25 位移200 F型,,,1916T4003,,,S2,QA3,件,500,Kg,
CSS05325,恒力吊架组件,SX A250.25 位移205 F型,,,1916T4003,,,S2,QA3,件,500,Kg,
CSS05326,恒力吊架组件,SX A250.25 位移210 F型,,,1916T4003,,,S2,QA3,件,500,Kg,
CSS05327,恒力吊架组件,SX A250.25 位移215 F型,,,1916T4003,,,S2,QA3,件,500,Kg,
CSS05328,恒力吊架组件,SX A250.25 位移220 F型,,,1916T4003,,,S2,QA3,件,500,Kg,
CSS05329,恒力吊架组件,SX A250.25 位移225 F型,,,1916T4003,,,S2,QA3,件,500,Kg,
CSS05330,恒力吊架组件,SX A250.25 位移230 F型,,,1916T4003,,,S2,QA3,件,500,Kg,
CSS05331,恒力吊架组件,SX A250.25 位移235 F型,,,1916T4003,,,S2,QA3,件,500,Kg,
CSS05332,恒力吊架组件,SX A250.25 位移240 F型,,,1916T4003,,,S2,QA3,件,500,Kg,
CSS05333,恒力吊架组件,SX A250.25 位移245 F型,,,1916T4003,,,S2,QA3,件,500,Kg,
CSS05334,恒力吊架组件,SX A250.25 位移250 F型,,,1916T4003,,,S2,QA3,件,500,Kg,
CSS05335,恒力吊架组件,SX A250.25 位移255 F型,,,1916T4003,,,S2,QA3,件,500,Kg,
CSS05336,恒力吊架组件,SX A250.25 位移260 F型,,,1916T4003,,,S2,QA3,件,500,Kg,
CSS05337,恒力吊架组件,SX A250.25 位移265 F型,,,1916T4003,,,S2,QA3,件,500,Kg,
CSS05338,恒力吊架组件,SX A250.25 位移270 F型,,,1916T4003,,,S2,QA3,件,500,Kg,
CSS05339,恒力吊架组件,SX A250.25 位移275 F型,,,1916T4003,,,S2,QA3,件,500,Kg,
CSS05340,恒力吊架组件,SX A250.25 位移280 F型,,,1916T4003,,,S2,QA3,件,500,Kg,
CSS05341,恒力吊架组件,SX A250.25 位移285 F型,,,1916T4003,,,S2,QA3,件,500,Kg,
CSS05342,恒力吊架组件,SX A250.25 位移290 F型,,,1916T4003,,,S2,QA3,件,500,Kg,
CSS05343,恒力吊架组件,SX A250.25 位移295 F型,,,1916T4003,,,S2,QA3,件,500,Kg,
CSS05344,恒力吊架组件,SX A250.25 位移300 F型,,,1916T4003,,,S2,QA3,件,500,Kg,
CSS05345,恒力吊架组件,SX A250.25 位移305 F型,,,1916T4003,,,S2,QA3,件,500,Kg,
CSS05346,恒力吊架组件,SX A250.25 位移310 F型,,,1916T4003,,,S2,QA3,件,500,Kg,
CSS05347,恒力吊架组件,SX A250.25 位移315 F型,,,1916T4003,,,S2,QA3,件,500,Kg,
CSS05348,恒力吊架组件,SX A250.25 位移320 F型,,,1916T4003,,,S2,QA3,件,500,Kg,
CSS05349,恒力吊架组件,SX A250.25 位移325 F型,,,1916T4003,,,S2,QA3,件,500,Kg,
CSS05350,恒力吊架组件,SX A250.25 位移330 F型,,,1916T4003,,,S2,QA3,件,500,Kg,
CSS05351,恒力吊架组件,SX A250.25 位移335 F型,,,1916T4003,,,S2,QA3,件,500,Kg,
CSS05352,恒力吊架组件,SX A250.25 位移340 F型,,,1916T4003,,,S2,QA3,件,500,Kg,
CSS05353,恒力吊架组件,SX A250.25 位移345 F型,,,1916T4003,,,S2,QA3,件,500,Kg,
CSS05354,恒力吊架组件,SX A250.25 位移350 F型,,,1916T4003,,,S2,QA3,件,500,Kg,
CSS05355,恒力吊架组件,SX A250.30 位移170 F型,,,1916T4003,,,S2,QA3,件,500,Kg,
CSS05356,恒力吊架组件,SX A250.30 位移175 F型,,,1916T4003,,,S2,QA3,件,500,Kg,
CSS05357,恒力吊架组件,SX A250.30 位移180 F型,,,1916T4003,,,S2,QA3,件,500,Kg,
CSS05358,恒力吊架组件,SX A250.30 位移185 F型,,,1916T4003,,,S2,QA3,件,500,Kg,
CSS05359,恒力吊架组件,SX A250.30 位移190 F型,,,1916T4003,,,S2,QA3,件,500,Kg,
CSS05360,恒力吊架组件,SX A250.30 位移195 F型,,,1916T4003,,,S2,QA3,件,500,Kg,
CSS05361,恒力吊架组件,SX A250.30 位移200 F型,,,1916T4003,,,S2,QA3,件,500,Kg,
CSS05362,恒力吊架组件,SX A250.30 位移205 F型,,,1916T4003,,,S2,QA3,件,500,Kg,
CSS05363,恒力吊架组件,SX A250.30 位移210 F型,,,1916T4003,,,S2,QA3,件,500,Kg,
CSS05364,恒力吊架组件,SX A250.30 位移215 F型,,,1916T4003,,,S2,QA3,件,500,Kg,
CSS05365,恒力吊架组件,SX A250.30 位移220 F型,,,1916T4003,,,S2,QA3,件,500,Kg,
CSS05366,恒力吊架组件,SX A250.30 位移225 F型,,,1916T4003,,,S2,QA3,件,500,Kg,
CSS05367,恒力吊架组件,SX A250.30 位移230 F型,,,1916T4003,,,S2,QA3,件,500,Kg,
CSS05368,恒力吊架组件,SX A250.30 位移235 F型,,,1916T4003,,,S2,QA3,件,500,Kg,
CSS05369,恒力吊架组件,SX A250.30 位移240 F型,,,1916T4003,,,S2,QA3,件,500,Kg,
CSS05370,恒力吊架组件,SX A250.30 位移245 F型,,,1916T4003,,,S2,QA3,件,500,Kg,
CSS05371,恒力吊架组件,SX A250.30 位移250 F型,,,1916T4003,,,S2,QA3,件,500,Kg,
CSS05372,恒力吊架组件,SX A250.30 位移255 F型,,,1916T4003,,,S2,QA3,件,500,Kg,
CSS05373,恒力吊架组件,SX A250.30 位移260 F型,,,1916T4003,,,S2,QA3,件,500,Kg,
CSS05374,恒力吊架组件,SX A250.30 位移265 F型,,,1916T4003,,,S2,QA3,件,500,Kg,
CSS05375,恒力吊架组件,SX A250.30 位移270 F型,,,1916T4003,,,S2,QA3,件,500,Kg,
CSS05376,恒力吊架组件,SX A250.30 位移275 F型,,,1916T4003,,,S2,QA3,件,500,Kg,
CSS05377,恒力吊架组件,SX A250.30 位移280 F型,,,1916T4003,,,S2,QA3,件,500,Kg,
CSS05378,恒力吊架组件,SX A250.30 位移285 F型,,,1916T4003,,,S2,QA3,件,500,Kg,
CSS05379,恒力吊架组件,SX A250.30 位移290 F型,,,1916T4003,,,S2,QA3,件,500,Kg,
CSS05380,恒力吊架组件,SX A250.30 位移295 F型,,,1916T4003,,,S2,QA3,件,500,Kg,
CSS05381,恒力吊架组件,SX A250.30 位移300 F型,,,1916T4003,,,S2,QA3,件,500,Kg,
CSS05382,恒力吊架组件,SX A250.30 位移305 F型,,,1916T4003,,,S2,QA3,件,500,Kg,
CSS05383,恒力吊架组件,SX A250.30 位移310 F型,,,1916T4003,,,S2,QA3,件,500,Kg,
CSS05384,恒力吊架组件,SX A250.30 位移315 F型,,,1916T4003,,,S2,QA3,件,500,Kg,
CSS05385,恒力吊架组件,SX A250.30 位移320 F型,,,1916T4003,,,S2,QA3,件,500,Kg,
CSS05386,恒力吊架组件,SX A250.30 位移325 F型,,,1916T4003,,,S2,QA3,件,500,Kg,
CSS05387,恒力吊架组件,SX A250.30 位移330 F型,,,1916T4003,,,S2,QA3,件,500,Kg,
CSS05388,恒力吊架组件,SX A250.30 位移335 F型,,,1916T4003,,,S2,QA3,件,500,Kg,
CSS05389,恒力吊架组件,SX A250.30 位移340 F型,,,1916T4003,,,S2,QA3,件,500,Kg,
CSS05390,恒力吊架组件,SX A250.30 位移345 F型,,,1916T4003,,,S2,QA3,件,500,Kg,
CSS05391,恒力吊架组件,SX A250.30 位移350 F型,,,1916T4003,,,S2,QA3,件,500,Kg,
CSS05392,恒力吊架组件,SX A250.35 位移190 F型,,,1916T4003,,,S2,QA3,件,500,Kg,
CSS05393,恒力吊架组件,SX A250.35 位移195 F型,,,1916T4003,,,S2,QA3,件,500,Kg,
CSS05394,恒力吊架组件,SX A250.35 位移200 F型,,,1916T4003,,,S2,QA3,件,500,Kg,
CSS05395,恒力吊架组件,SX A250.35 位移205 F型,,,1916T4003,,,S2,QA3,件,500,Kg,
CSS05396,恒力吊架组件,SX A250.35 位移210 F型,,,1916T4003,,,S2,QA3,件,500,Kg,
CSS05397,恒力吊架组件,SX A250.35 位移215 F型,,,1916T4003,,,S2,QA3,件,500,Kg,
CSS05398,恒力吊架组件,SX A250.35 位移220 F型,,,1916T4003,,,S2,QA3,件,500,Kg,
CSS05399,恒力吊架组件,SX A250.35 位移225 F型,,,1916T4003,,,S2,QA3,件,500,Kg,
CSS05400,恒力吊架组件,SX A250.35 位移230 F型,,,1916T4003,,,S2,QA3,件,500,Kg,
CSS05401,恒力吊架组件,SX A250.35 位移235 F型,,,1916T4003,,,S2,QA3,件,500,Kg,
CSS05402,恒力吊架组件,SX A250.35 位移240 F型,,,1916T4003,,,S2,QA3,件,500,Kg,
CSS05403,恒力吊架组件,SX A250.35 位移245 F型,,,1916T4003,,,S2,QA3,件,500,Kg,
CSS05404,恒力吊架组件,SX A250.35 位移250 F型,,,1916T4003,,,S2,QA3,件,500,Kg,
CSS05405,恒力吊架组件,SX A250.35 位移255 F型,,,1916T4003,,,S2,QA3,件,500,Kg,
CSS05406,恒力吊架组件,SX A250.35 位移260 F型,,,1916T4003,,,S2,QA3,件,500,Kg,
CSS05407,恒力吊架组件,SX A250.35 位移265 F型,,,1916T4003,,,S2,QA3,件,500,Kg,
CSS05408,恒力吊架组件,SX A250.35 位移270 F型,,,1916T4003,,,S2,QA3,件,500,Kg,
CSS05409,恒力吊架组件,SX A250.35 位移275 F型,,,1916T4003,,,S2,QA3,件,500,Kg,
CSS05410,恒力吊架组件,SX A250.35 位移280 F型,,,1916T4003,,,S2,QA3,件,500,Kg,
CSS05411,恒力吊架组件,SX A250.35 位移285 F型,,,1916T4003,,,S2,QA3,件,500,Kg,
CSS05412,恒力吊架组件,SX A250.35 位移290 F型,,,1916T4003,,,S2,QA3,件,500,Kg,
CSS05413,恒力吊架组件,SX A250.35 位移295 F型,,,1916T4003,,,S2,QA3,件,500,Kg,
CSS05414,恒力吊架组件,SX A250.35 位移300 F型,,,1916T4003,,,S2,QA3,件,500,Kg,
CSS05415,恒力吊架组件,SX A250.35 位移305 F型,,,1916T4003,,,S2,QA3,件,500,Kg,
CSS05416,恒力吊架组件,SX A250.35 位移310 F型,,,1916T4003,,,S2,QA3,件,500,Kg,
CSS05417,恒力吊架组件,SX A250.35 位移315 F型,,,1916T4003,,,S2,QA3,件,500,Kg,
CSS05418,恒力吊架组件,SX A250.35 位移320 F型,,,1916T4003,,,S2,QA3,件,500,Kg,
CSS05419,恒力吊架组件,SX A250.35 位移325 F型,,,1916T4003,,,S2,QA3,件,500,Kg,
CSS05420,恒力吊架组件,SX A250.35 位移330 F型,,,1916T4003,,,S2,QA3,件,500,Kg,
CSS05421,恒力吊架组件,SX A250.35 位移335 F型,,,1916T4003,,,S2,QA3,件,500,Kg,
CSS05422,恒力吊架组件,SX A250.35 位移340 F型,,,1916T4003,,,S2,QA3,件,500,Kg,
CSS05423,恒力吊架组件,SX A250.35 位移345 F型,,,1916T4003,,,S2,QA3,件,500,Kg,
CSS05424,恒力吊架组件,SX A250.35 位移350 F型,,,1916T4003,,,S2,QA3,件,500,Kg,
CSS05425,恒力吊架组件,SX A100.15 位移90 S型,,,1916T4003,,,NA,QNC,件,90,Kg,
CSS05426,恒力吊架组件,SX A100.15 位移95 S型,,,1916T4003,,,NA,QNC,件,90,Kg,
CSS05427,恒力吊架组件,SX A100.15 位移100 S型,,,1916T4003,,,NA,QNC,件,90,Kg,
CSS05428,恒力吊架组件,SX A100.15 位移105 S型,,,1916T4003,,,NA,QNC,件,90,Kg,
CSS05429,恒力吊架组件,SX A100.15 位移110 S型,,,1916T4003,,,NA,QNC,件,90,Kg,
CSS05430,恒力吊架组件,SX A100.15 位移115 S型,,,1916T4003,,,NA,QNC,件,90,Kg,
CSS05431,恒力吊架组件,SX A100.15 位移120 S型,,,1916T4003,,,NA,QNC,件,90,Kg,
CSS05432,恒力吊架组件,SX A100.15 位移125 S型,,,1916T4003,,,NA,QNC,件,90,Kg,
CSS05433,恒力吊架组件,SX A100.15 位移130 S型,,,1916T4003,,,NA,QNC,件,90,Kg,
CSS05434,恒力吊架组件,SX A100.15 位移135 S型,,,1916T4003,,,NA,QNC,件,90,Kg,
CSS05435,恒力吊架组件,SX A100.15 位移140 S型,,,1916T4003,,,NA,QNC,件,90,Kg,
CSS05436,恒力吊架组件,SX A100.15 位移145 S型,,,1916T4003,,,NA,QNC,件,90,Kg,
CSS05437,恒力吊架组件,SX A100.15 位移150 S型,,,1916T4003,,,NA,QNC,件,90,Kg,
CSS05438,恒力吊架组件,SX A100.15 位移155 S型,,,1916T4003,,,NA,QNC,件,90,Kg,
CSS05439,恒力吊架组件,SX A100.15 位移160 S型,,,1916T4003,,,NA,QNC,件,90,Kg,
CSS05440,恒力吊架组件,SX A100.15 位移165 S型,,,1916T4003,,,NA,QNC,件,90,Kg,
CSS05441,恒力吊架组件,SX A100.15 位移170 S型,,,1916T4003,,,NA,QNC,件,90,Kg,
CSS05442,恒力吊架组件,SX A100.15 位移175 S型,,,1916T4003,,,NA,QNC,件,90,Kg,
CSS05443,恒力吊架组件,SX A100.15 位移180 S型,,,1916T4003,,,NA,QNC,件,90,Kg,
CSS05444,恒力吊架组件,SX A100.15 位移185 S型,,,1916T4003,,,NA,QNC,件,90,Kg,
CSS05445,恒力吊架组件,SX A100.15 位移190 S型,,,1916T4003,,,NA,QNC,件,90,Kg,
CSS05446,恒力吊架组件,SX A100.15 位移195 S型,,,1916T4003,,,NA,QNC,件,90,Kg,
CSS05447,恒力吊架组件,SX A100.15 位移200 S型,,,1916T4003,,,NA,QNC,件,90,Kg,
CSS05448,恒力吊架组件,SX A100.15 位移205 S型,,,1916T4003,,,NA,QNC,件,90,Kg,
CSS05449,恒力吊架组件,SX A100.15 位移210 S型,,,1916T4003,,,NA,QNC,件,90,Kg,
CSS05450,恒力吊架组件,SX A100.15 位移215 S型,,,1916T4003,,,NA,QNC,件,90,Kg,
CSS05451,恒力吊架组件,SX A100.15 位移220 S型,,,1916T4003,,,NA,QNC,件,90,Kg,
CSS05452,恒力吊架组件,SX A100.15 位移225 S型,,,1916T4003,,,NA,QNC,件,90,Kg,
CSS05453,恒力吊架组件,SX A100.15 位移230 S型,,,1916T4003,,,NA,QNC,件,90,Kg,
CSS05454,恒力吊架组件,SX A100.15 位移235 S型,,,1916T4003,,,NA,QNC,件,90,Kg,
CSS05455,恒力吊架组件,SX A100.15 位移240 S型,,,1916T4003,,,NA,QNC,件,90,Kg,
CSS05456,恒力吊架组件,SX A100.15 位移245 S型,,,1916T4003,,,NA,QNC,件,90,Kg,
CSS05457,恒力吊架组件,SX A100.15 位移250 S型,,,1916T4003,,,NA,QNC,件,90,Kg,
CSS05458,恒力吊架组件,SX A100.20 位移90 S型,,,1916T4003,,,NA,QNC,件,90,Kg,
CSS05459,恒力吊架组件,SX A100.20 位移95 S型,,,1916T4003,,,NA,QNC,件,90,Kg,
CSS05460,恒力吊架组件,SX A100.20 位移100 S型,,,1916T4003,,,NA,QNC,件,90,Kg,
CSS05461,恒力吊架组件,SX A100.20 位移105 S型,,,1916T4003,,,NA,QNC,件,90,Kg,
CSS05462,恒力吊架组件,SX A100.20 位移110 S型,,,1916T4003,,,NA,QNC,件,90,Kg,
CSS05463,恒力吊架组件,SX A100.20 位移115 S型,,,1916T4003,,,NA,QNC,件,90,Kg,
CSS05464,恒力吊架组件,SX A100.20 位移120 S型,,,1916T4003,,,NA,QNC,件,90,Kg,
CSS05465,恒力吊架组件,SX A100.20 位移125 S型,,,1916T4003,,,NA,QNC,件,90,Kg,
CSS05466,恒力吊架组件,SX A100.20 位移130 S型,,,1916T4003,,,NA,QNC,件,90,Kg,
CSS05467,恒力吊架组件,SX A100.20 位移135 S型,,,1916T4003,,,NA,QNC,件,90,Kg,
CSS05468,恒力吊架组件,SX A100.20 位移140 S型,,,1916T4003,,,NA,QNC,件,90,Kg,
CSS05469,恒力吊架组件,SX A100.20 位移145 S型,,,1916T4003,,,NA,QNC,件,90,Kg,
CSS05470,恒力吊架组件,SX A100.20 位移150 S型,,,1916T4003,,,NA,QNC,件,90,Kg,
CSS05471,恒力吊架组件,SX A100.20 位移155 S型,,,1916T4003,,,NA,QNC,件,90,Kg,
CSS05472,恒力吊架组件,SX A100.20 位移160 S型,,,1916T4003,,,NA,QNC,件,90,Kg,
CSS05473,恒力吊架组件,SX A100.20 位移165 S型,,,1916T4003,,,NA,QNC,件,90,Kg,
CSS05474,恒力吊架组件,SX A100.20 位移170 S型,,,1916T4003,,,NA,QNC,件,90,Kg,
CSS05475,恒力吊架组件,SX A100.20 位移175 S型,,,1916T4003,,,NA,QNC,件,90,Kg,
CSS05476,恒力吊架组件,SX A100.20 位移180 S型,,,1916T4003,,,NA,QNC,件,90,Kg,
CSS05477,恒力吊架组件,SX A100.20 位移185 S型,,,1916T4003,,,NA,QNC,件,90,Kg,
CSS05478,恒力吊架组件,SX A100.20 位移190 S型,,,1916T4003,,,NA,QNC,件,90,Kg,
CSS05479,恒力吊架组件,SX A100.20 位移195 S型,,,1916T4003,,,NA,QNC,件,90,Kg,
CSS05480,恒力吊架组件,SX A100.20 位移200 S型,,,1916T4003,,,NA,QNC,件,90,Kg,
CSS05481,恒力吊架组件,SX A100.20 位移205 S型,,,1916T4003,,,NA,QNC,件,90,Kg,
CSS05482,恒力吊架组件,SX A100.20 位移210 S型,,,1916T4003,,,NA,QNC,件,90,Kg,
CSS05483,恒力吊架组件,SX A100.20 位移215 S型,,,1916T4003,,,NA,QNC,件,90,Kg,
CSS05484,恒力吊架组件,SX A100.20 位移220 S型,,,1916T4003,,,NA,QNC,件,90,Kg,
CSS05485,恒力吊架组件,SX A100.20 位移225 S型,,,1916T4003,,,NA,QNC,件,90,Kg,
CSS05486,恒力吊架组件,SX A100.20 位移230 S型,,,1916T4003,,,NA,QNC,件,90,Kg,
CSS05487,恒力吊架组件,SX A100.20 位移235 S型,,,1916T4003,,,NA,QNC,件,90,Kg,
CSS05488,恒力吊架组件,SX A100.20 位移240 S型,,,1916T4003,,,NA,QNC,件,90,Kg,
CSS05489,恒力吊架组件,SX A100.20 位移245 S型,,,1916T4003,,,NA,QNC,件,90,Kg,
CSS05490,恒力吊架组件,SX A100.20 位移250 S型,,,1916T4003,,,NA,QNC,件,90,Kg,
CSS05491,恒力吊架组件,SX A100.25 位移90 S型,,,1916T4003,,,NA,QNC,件,90,Kg,
CSS05492,恒力吊架组件,SX A100.25 位移95 S型,,,1916T4003,,,NA,QNC,件,90,Kg,
CSS05493,恒力吊架组件,SX A100.25 位移100 S型,,,1916T4003,,,NA,QNC,件,90,Kg,
CSS05494,恒力吊架组件,SX A100.25 位移105 S型,,,1916T4003,,,NA,QNC,件,90,Kg,
CSS05495,恒力吊架组件,SX A100.25 位移110 S型,,,1916T4003,,,NA,QNC,件,90,Kg,
CSS05496,恒力吊架组件,SX A100.25 位移115 S型,,,1916T4003,,,NA,QNC,件,90,Kg,
CSS05497,恒力吊架组件,SX A100.25 位移120 S型,,,1916T4003,,,NA,QNC,件,90,Kg,
CSS05498,恒力吊架组件,SX A100.25 位移125 S型,,,1916T4003,,,NA,QNC,件,90,Kg,
CSS05499,恒力吊架组件,SX A100.25 位移130 S型,,,1916T4003,,,NA,QNC,件,90,Kg,
CSS05500,恒力吊架组件,SX A100.25 位移135 S型,,,1916T4003,,,NA,QNC,件,90,Kg,
CSS05501,恒力吊架组件,SX A100.25 位移140 S型,,,1916T4003,,,NA,QNC,件,90,Kg,
CSS05502,恒力吊架组件,SX A100.25 位移145 S型,,,1916T4003,,,NA,QNC,件,90,Kg,
CSS05503,恒力吊架组件,SX A100.25 位移150 S型,,,1916T4003,,,NA,QNC,件,90,Kg,
CSS05504,恒力吊架组件,SX A100.25 位移155 S型,,,1916T4003,,,NA,QNC,件,90,Kg,
CSS05505,恒力吊架组件,SX A100.25 位移160 S型,,,1916T4003,,,NA,QNC,件,90,Kg,
CSS05506,恒力吊架组件,SX A100.25 位移165 S型,,,1916T4003,,,NA,QNC,件,90,Kg,
CSS05507,恒力吊架组件,SX A100.25 位移170 S型,,,1916T4003,,,NA,QNC,件,90,Kg,
CSS05508,恒力吊架组件,SX A100.25 位移175 S型,,,1916T4003,,,NA,QNC,件,90,Kg,
CSS05509,恒力吊架组件,SX A100.25 位移180 S型,,,1916T4003,,,NA,QNC,件,90,Kg,
CSS05510,恒力吊架组件,SX A100.25 位移185 S型,,,1916T4003,,,NA,QNC,件,90,Kg,
CSS05511,恒力吊架组件,SX A100.25 位移190 S型,,,1916T4003,,,NA,QNC,件,90,Kg,
CSS05512,恒力吊架组件,SX A100.25 位移195 S型,,,1916T4003,,,NA,QNC,件,90,Kg,
CSS05513,恒力吊架组件,SX A100.25 位移200 S型,,,1916T4003,,,NA,QNC,件,90,Kg,
CSS05514,恒力吊架组件,SX A100.25 位移205 S型,,,1916T4003,,,NA,QNC,件,90,Kg,
CSS05515,恒力吊架组件,SX A100.25 位移210 S型,,,1916T4003,,,NA,QNC,件,90,Kg,
CSS05516,恒力吊架组件,SX A100.25 位移215 S型,,,1916T4003,,,NA,QNC,件,90,Kg,
CSS05517,恒力吊架组件,SX A100.25 位移220 S型,,,1916T4003,,,NA,QNC,件,90,Kg,
CSS05518,恒力吊架组件,SX A100.25 位移225 S型,,,1916T4003,,,NA,QNC,件,90,Kg,
CSS05519,恒力吊架组件,SX A100.25 位移230 S型,,,1916T4003,,,NA,QNC,件,90,Kg,
CSS05520,恒力吊架组件,SX A100.25 位移235 S型,,,1916T4003,,,NA,QNC,件,90,Kg,
CSS05521,恒力吊架组件,SX A100.25 位移240 S型,,,1916T4003,,,NA,QNC,件,90,Kg,
CSS05522,恒力吊架组件,SX A100.25 位移245 S型,,,1916T4003,,,NA,QNC,件,90,Kg,
CSS05523,恒力吊架组件,SX A100.25 位移250 S型,,,1916T4003,,,NA,QNC,件,90,Kg,
CSS05524,恒力吊架组件,SX A100.30 位移90 S型,,,1916T4003,,,NA,QNC,件,90,Kg,
CSS05525,恒力吊架组件,SX A100.30 位移95 S型,,,1916T4003,,,NA,QNC,件,90,Kg,
CSS05526,恒力吊架组件,SX A100.30 位移100 S型,,,1916T4003,,,NA,QNC,件,90,Kg,
CSS05527,恒力吊架组件,SX A100.30 位移105 S型,,,1916T4003,,,NA,QNC,件,90,Kg,
CSS05528,恒力吊架组件,SX A100.30 位移110 S型,,,1916T4003,,,NA,QNC,件,90,Kg,
CSS05529,恒力吊架组件,SX A100.30 位移115 S型,,,1916T4003,,,NA,QNC,件,90,Kg,
CSS05530,恒力吊架组件,SX A100.30 位移120 S型,,,1916T4003,,,NA,QNC,件,90,Kg,
CSS05531,恒力吊架组件,SX A100.30 位移125 S型,,,1916T4003,,,NA,QNC,件,90,Kg,
CSS05532,恒力吊架组件,SX A100.30 位移130 S型,,,1916T4003,,,NA,QNC,件,90,Kg,
CSS05533,恒力吊架组件,SX A100.30 位移135 S型,,,1916T4003,,,NA,QNC,件,90,Kg,
CSS05534,恒力吊架组件,SX A100.30 位移140 S型,,,1916T4003,,,NA,QNC,件,90,Kg,
CSS05535,恒力吊架组件,SX A100.30 位移145 S型,,,1916T4003,,,NA,QNC,件,90,Kg,
CSS05536,恒力吊架组件,SX A100.30 位移150 S型,,,1916T4003,,,NA,QNC,件,90,Kg,
CSS05537,恒力吊架组件,SX A100.30 位移155 S型,,,1916T4003,,,NA,QNC,件,90,Kg,
CSS05538,恒力吊架组件,SX A100.30 位移160 S型,,,1916T4003,,,NA,QNC,件,90,Kg,
CSS05539,恒力吊架组件,SX A100.30 位移165 S型,,,1916T4003,,,NA,QNC,件,90,Kg,
CSS05540,恒力吊架组件,SX A100.30 位移170 S型,,,1916T4003,,,NA,QNC,件,90,Kg,
CSS05541,恒力吊架组件,SX A100.30 位移175 S型,,,1916T4003,,,NA,QNC,件,90,Kg,
CSS05542,恒力吊架组件,SX A100.30 位移180 S型,,,1916T4003,,,NA,QNC,件,90,Kg,
CSS05543,恒力吊架组件,SX A100.30 位移185 S型,,,1916T4003,,,NA,QNC,件,90,Kg,
CSS05544,恒力吊架组件,SX A100.30 位移190 S型,,,1916T4003,,,NA,QNC,件,90,Kg,
CSS05545,恒力吊架组件,SX A100.30 位移195 S型,,,1916T4003,,,NA,QNC,件,90,Kg,
CSS05546,恒力吊架组件,SX A100.30 位移200 S型,,,1916T4003,,,NA,QNC,件,90,Kg,
CSS05547,恒力吊架组件,SX A100.30 位移205 S型,,,1916T4003,,,NA,QNC,件,90,Kg,
CSS05548,恒力吊架组件,SX A100.30 位移210 S型,,,1916T4003,,,NA,QNC,件,90,Kg,
CSS05549,恒力吊架组件,SX A100.30 位移215 S型,,,1916T4003,,,NA,QNC,件,90,Kg,
CSS05550,恒力吊架组件,SX A100.30 位移220 S型,,,1916T4003,,,NA,QNC,件,90,Kg,
CSS05551,恒力吊架组件,SX A100.30 位移225 S型,,,1916T4003,,,NA,QNC,件,90,Kg,
CSS05552,恒力吊架组件,SX A100.30 位移230 S型,,,1916T4003,,,NA,QNC,件,90,Kg,
CSS05553,恒力吊架组件,SX A100.30 位移235 S型,,,1916T4003,,,NA,QNC,件,90,Kg,
CSS05554,恒力吊架组件,SX A100.30 位移240 S型,,,1916T4003,,,NA,QNC,件,90,Kg,
CSS05555,恒力吊架组件,SX A100.30 位移245 S型,,,1916T4003,,,NA,QNC,件,90,Kg,
CSS05556,恒力吊架组件,SX A100.30 位移250 S型,,,1916T4003,,,NA,QNC,件,90,Kg,
CSS05557,恒力吊架组件,SX A101.2.5 位移90 S型,,,1916T4003,,,NA,QNC,件,45,Kg,
CSS05558,恒力吊架组件,SX A101.2.5 位移95 S型,,,1916T4003,,,NA,QNC,件,45,Kg,
CSS05559,恒力吊架组件,SX A101.2.5 位移100 S型,,,1916T4003,,,NA,QNC,件,45,Kg,
CSS05560,恒力吊架组件,SX A101.2.5 位移105 S型,,,1916T4003,,,NA,QNC,件,45,Kg,
CSS05561,恒力吊架组件,SX A101.2.5 位移110 S型,,,1916T4003,,,NA,QNC,件,45,Kg,
CSS05562,恒力吊架组件,SX A101.2.5 位移115 S型,,,1916T4003,,,NA,QNC,件,45,Kg,
CSS05563,恒力吊架组件,SX A101.2.5 位移120 S型,,,1916T4003,,,NA,QNC,件,45,Kg,
CSS05564,恒力吊架组件,SX A101.2.5 位移125 S型,,,1916T4003,,,NA,QNC,件,45,Kg,
CSS05565,恒力吊架组件,SX A101.2.5 位移130 S型,,,1916T4003,,,NA,QNC,件,45,Kg,
CSS05566,恒力吊架组件,SX A101.2.5 位移135 S型,,,1916T4003,,,NA,QNC,件,45,Kg,
CSS05567,恒力吊架组件,SX A101.2.5 位移140 S型,,,1916T4003,,,NA,QNC,件,45,Kg,
CSS05568,恒力吊架组件,SX A101.2.5 位移145 S型,,,1916T4003,,,NA,QNC,件,45,Kg,
CSS05569,恒力吊架组件,SX A101.2.5 位移150 S型,,,1916T4003,,,NA,QNC,件,45,Kg,
CSS05570,恒力吊架组件,SX A101.2.5 位移155 S型,,,1916T4003,,,NA,QNC,件,45,Kg,
CSS05571,恒力吊架组件,SX A101.2.5 位移160 S型,,,1916T4003,,,NA,QNC,件,45,Kg,
CSS05572,恒力吊架组件,SX A101.2.5 位移165 S型,,,1916T4003,,,NA,QNC,件,45,Kg,
CSS05573,恒力吊架组件,SX A101.2.5 位移170 S型,,,1916T4003,,,NA,QNC,件,45,Kg,
CSS05574,恒力吊架组件,SX A101.2.5 位移175 S型,,,1916T4003,,,NA,QNC,件,45,Kg,
CSS05575,恒力吊架组件,SX A101.2.5 位移180 S型,,,1916T4003,,,NA,QNC,件,45,Kg,
CSS05576,恒力吊架组件,SX A101.2.5 位移185 S型,,,1916T4003,,,NA,QNC,件,45,Kg,
CSS05577,恒力吊架组件,SX A101.2.5 位移190 S型,,,1916T4003,,,NA,QNC,件,45,Kg,
CSS05578,恒力吊架组件,SX A101.2.5 位移195 S型,,,1916T4003,,,NA,QNC,件,45,Kg,
CSS05579,恒力吊架组件,SX A101.2.5 位移200 S型,,,1916T4003,,,NA,QNC,件,45,Kg,
CSS05580,恒力吊架组件,SX A101.2.5 位移205 S型,,,1916T4003,,,NA,QNC,件,45,Kg,
CSS05581,恒力吊架组件,SX A101.2.5 位移210 S型,,,1916T4003,,,NA,QNC,件,45,Kg,
CSS05582,恒力吊架组件,SX A101.2.5 位移215 S型,,,1916T4003,,,NA,QNC,件,45,Kg,
CSS05583,恒力吊架组件,SX A101.2.5 位移220 S型,,,1916T4003,,,NA,QNC,件,45,Kg,
CSS05584,恒力吊架组件,SX A101.2.5 位移225 S型,,,1916T4003,,,NA,QNC,件,45,Kg,
CSS05585,恒力吊架组件,SX A101.2.5 位移230 S型,,,1916T4003,,,NA,QNC,件,45,Kg,
CSS05586,恒力吊架组件,SX A101.2.5 位移235 S型,,,1916T4003,,,NA,QNC,件,45,Kg,
CSS05587,恒力吊架组件,SX A101.2.5 位移240 S型,,,1916T4003,,,NA,QNC,件,45,Kg,
CSS05588,恒力吊架组件,SX A101.2.5 位移245 S型,,,1916T4003,,,NA,QNC,件,45,Kg,
CSS05589,恒力吊架组件,SX A101.2.5 位移250 S型,,,1916T4003,,,NA,QNC,件,45,Kg,
CSS05590,恒力吊架组件,SX A101.5 位移90 S型,,,1916T4003,,,NA,QNC,件,45,Kg,
CSS05591,恒力吊架组件,SX A101.5 位移95 S型,,,1916T4003,,,NA,QNC,件,45,Kg,
CSS05592,恒力吊架组件,SX A101.5 位移100 S型,,,1916T4003,,,NA,QNC,件,45,Kg,
CSS05593,恒力吊架组件,SX A101.5 位移105 S型,,,1916T4003,,,NA,QNC,件,45,Kg,
CSS05594,恒力吊架组件,SX A101.5 位移110 S型,,,1916T4003,,,NA,QNC,件,45,Kg,
CSS05595,恒力吊架组件,SX A101.5 位移115 S型,,,1916T4003,,,NA,QNC,件,45,Kg,
CSS05596,恒力吊架组件,SX A101.5 位移120 S型,,,1916T4003,,,NA,QNC,件,45,Kg,
CSS05597,恒力吊架组件,SX A101.5 位移125 S型,,,1916T4003,,,NA,QNC,件,45,Kg,
CSS05598,恒力吊架组件,SX A101.5 位移130 S型,,,1916T4003,,,NA,QNC,件,45,Kg,
CSS05599,恒力吊架组件,SX A101.5 位移135 S型,,,1916T4003,,,NA,QNC,件,45,Kg,
CSS05600,恒力吊架组件,SX A101.5 位移140 S型,,,1916T4003,,,NA,QNC,件,45,Kg,
CSS05601,恒力吊架组件,SX A101.5 位移145 S型,,,1916T4003,,,NA,QNC,件,45,Kg,
CSS05602,恒力吊架组件,SX A101.5 位移150 S型,,,1916T4003,,,NA,QNC,件,45,Kg,
CSS05603,恒力吊架组件,SX A101.5 位移155 S型,,,1916T4003,,,NA,QNC,件,45,Kg,
CSS05604,恒力吊架组件,SX A101.5 位移160 S型,,,1916T4003,,,NA,QNC,件,45,Kg,
CSS05605,恒力吊架组件,SX A101.5 位移165 S型,,,1916T4003,,,NA,QNC,件,45,Kg,
CSS05606,恒力吊架组件,SX A101.5 位移170 S型,,,1916T4003,,,NA,QNC,件,45,Kg,
CSS05607,恒力吊架组件,SX A101.5 位移175 S型,,,1916T4003,,,NA,QNC,件,45,Kg,
CSS05608,恒力吊架组件,SX A101.5 位移180 S型,,,1916T4003,,,NA,QNC,件,45,Kg,
CSS05609,恒力吊架组件,SX A101.5 位移185 S型,,,1916T4003,,,NA,QNC,件,45,Kg,
CSS05610,恒力吊架组件,SX A101.5 位移190 S型,,,1916T4003,,,NA,QNC,件,45,Kg,
CSS05611,恒力吊架组件,SX A101.5 位移195 S型,,,1916T4003,,,NA,QNC,件,45,Kg,
CSS05612,恒力吊架组件,SX A101.5 位移200 S型,,,1916T4003,,,NA,QNC,件,45,Kg,
CSS05613,恒力吊架组件,SX A101.5 位移205 S型,,,1916T4003,,,NA,QNC,件,45,Kg,
CSS05614,恒力吊架组件,SX A101.5 位移210 S型,,,1916T4003,,,NA,QNC,件,45,Kg,
CSS05615,恒力吊架组件,SX A101.5 位移215 S型,,,1916T4003,,,NA,QNC,件,45,Kg,
CSS05616,恒力吊架组件,SX A101.5 位移220 S型,,,1916T4003,,,NA,QNC,件,45,Kg,
CSS05617,恒力吊架组件,SX A101.5 位移225 S型,,,1916T4003,,,NA,QNC,件,45,Kg,
CSS05618,恒力吊架组件,SX A101.5 位移230 S型,,,1916T4003,,,NA,QNC,件,45,Kg,
CSS05619,恒力吊架组件,SX A101.5 位移235 S型,,,1916T4003,,,NA,QNC,件,45,Kg,
CSS05620,恒力吊架组件,SX A101.5 位移240 S型,,,1916T4003,,,NA,QNC,件,45,Kg,
CSS05621,恒力吊架组件,SX A101.5 位移245 S型,,,1916T4003,,,NA,QNC,件,45,Kg,
CSS05622,恒力吊架组件,SX A101.5 位移250 S型,,,1916T4003,,,NA,QNC,件,45,Kg,
CSS05623,恒力吊架组件,SX A101.10 位移90 S型,,,1916T4003,,,NA,QNC,件,45,Kg,
CSS05624,恒力吊架组件,SX A101.10 位移95 S型,,,1916T4003,,,NA,QNC,件,45,Kg,
CSS05625,恒力吊架组件,SX A101.10 位移100 S型,,,1916T4003,,,NA,QNC,件,45,Kg,
CSS05626,恒力吊架组件,SX A101.10 位移105 S型,,,1916T4003,,,NA,QNC,件,45,Kg,
CSS05627,恒力吊架组件,SX A101.10 位移110 S型,,,1916T4003,,,NA,QNC,件,45,Kg,
CSS05628,恒力吊架组件,SX A101.10 位移115 S型,,,1916T4003,,,NA,QNC,件,45,Kg,
CSS05629,恒力吊架组件,SX A101.10 位移120 S型,,,1916T4003,,,NA,QNC,件,45,Kg,
CSS05630,恒力吊架组件,SX A101.10 位移125 S型,,,1916T4003,,,NA,QNC,件,45,Kg,
CSS05631,恒力吊架组件,SX A101.10 位移130 S型,,,1916T4003,,,NA,QNC,件,45,Kg,
CSS05632,恒力吊架组件,SX A101.10 位移135 S型,,,1916T4003,,,NA,QNC,件,45,Kg,
CSS05633,恒力吊架组件,SX A101.10 位移140 S型,,,1916T4003,,,NA,QNC,件,45,Kg,
CSS05634,恒力吊架组件,SX A101.10 位移145 S型,,,1916T4003,,,NA,QNC,件,45,Kg,
CSS05635,恒力吊架组件,SX A101.10 位移150 S型,,,1916T4003,,,NA,QNC,件,45,Kg,
CSS05636,恒力吊架组件,SX A101.10 位移155 S型,,,1916T4003,,,NA,QNC,件,45,Kg,
CSS05637,恒力吊架组件,SX A101.10 位移160 S型,,,1916T4003,,,NA,QNC,件,45,Kg,
CSS05638,恒力吊架组件,SX A101.10 位移165 S型,,,1916T4003,,,NA,QNC,件,45,Kg,
CSS05639,恒力吊架组件,SX A101.10 位移170 S型,,,1916T4003,,,NA,QNC,件,45,Kg,
CSS05640,恒力吊架组件,SX A101.10 位移175 S型,,,1916T4003,,,NA,QNC,件,45,Kg,
CSS05641,恒力吊架组件,SX A101.10 位移180 S型,,,1916T4003,,,NA,QNC,件,45,Kg,
CSS05642,恒力吊架组件,SX A101.10 位移185 S型,,,1916T4003,,,NA,QNC,件,45,Kg,
CSS05643,恒力吊架组件,SX A101.10 位移190 S型,,,1916T4003,,,NA,QNC,件,45,Kg,
CSS05644,恒力吊架组件,SX A101.10 位移195 S型,,,1916T4003,,,NA,QNC,件,45,Kg,
CSS05645,恒力吊架组件,SX A101.10 位移200 S型,,,1916T4003,,,NA,QNC,件,45,Kg,
CSS05646,恒力吊架组件,SX A101.10 位移205 S型,,,1916T4003,,,NA,QNC,件,45,Kg,
CSS05647,恒力吊架组件,SX A101.10 位移210 S型,,,1916T4003,,,NA,QNC,件,45,Kg,
CSS05648,恒力吊架组件,SX A101.10 位移215 S型,,,1916T4003,,,NA,QNC,件,45,Kg,
CSS05649,恒力吊架组件,SX A101.10 位移220 S型,,,1916T4003,,,NA,QNC,件,45,Kg,
CSS05650,恒力吊架组件,SX A101.10 位移225 S型,,,1916T4003,,,NA,QNC,件,45,Kg,
CSS05651,恒力吊架组件,SX A101.10 位移230 S型,,,1916T4003,,,NA,QNC,件,45,Kg,
CSS05652,恒力吊架组件,SX A101.10 位移235 S型,,,1916T4003,,,NA,QNC,件,45,Kg,
CSS05653,恒力吊架组件,SX A101.10 位移240 S型,,,1916T4003,,,NA,QNC,件,45,Kg,
CSS05654,恒力吊架组件,SX A101.10 位移245 S型,,,1916T4003,,,NA,QNC,件,45,Kg,
CSS05655,恒力吊架组件,SX A101.10 位移250 S型,,,1916T4003,,,NA,QNC,件,45,Kg,
CSS05656,恒力吊架组件,SX A150.5 位移120 S型,,,1916T4003,,,NA,QNC,件,150,Kg,
CSS05657,恒力吊架组件,SX A150.5 位移125 S型,,,1916T4003,,,NA,QNC,件,150,Kg,
CSS05658,恒力吊架组件,SX A150.5 位移130 S型,,,1916T4003,,,NA,QNC,件,150,Kg,
CSS05659,恒力吊架组件,SX A150.5 位移135 S型,,,1916T4003,,,NA,QNC,件,150,Kg,
CSS05660,恒力吊架组件,SX A150.5 位移140 S型,,,1916T4003,,,NA,QNC,件,150,Kg,
CSS05661,恒力吊架组件,SX A150.5 位移145 S型,,,1916T4003,,,NA,QNC,件,150,Kg,
CSS05662,恒力吊架组件,SX A150.5 位移150 S型,,,1916T4003,,,NA,QNC,件,150,Kg,
CSS05663,恒力吊架组件,SX A150.5 位移155 S型,,,1916T4003,,,NA,QNC,件,150,Kg,
CSS05664,恒力吊架组件,SX A150.5 位移160 S型,,,1916T4003,,,NA,QNC,件,150,Kg,
CSS05665,恒力吊架组件,SX A150.5 位移165 S型,,,1916T4003,,,NA,QNC,件,150,Kg,
CSS05666,恒力吊架组件,SX A150.5 位移170 S型,,,1916T4003,,,NA,QNC,件,150,Kg,
CSS05667,恒力吊架组件,SX A150.5 位移175 S型,,,1916T4003,,,NA,QNC,件,150,Kg,
CSS05668,恒力吊架组件,SX A150.5 位移180 S型,,,1916T4003,,,NA,QNC,件,150,Kg,
CSS05669,恒力吊架组件,SX A150.5 位移185 S型,,,1916T4003,,,NA,QNC,件,150,Kg,
CSS05670,恒力吊架组件,SX A150.5 位移190 S型,,,1916T4003,,,NA,QNC,件,150,Kg,
CSS05671,恒力吊架组件,SX A150.5 位移195 S型,,,1916T4003,,,NA,QNC,件,150,Kg,
CSS05672,恒力吊架组件,SX A150.5 位移200 S型,,,1916T4003,,,NA,QNC,件,150,Kg,
CSS05673,恒力吊架组件,SX A150.5 位移205 S型,,,1916T4003,,,NA,QNC,件,150,Kg,
CSS05674,恒力吊架组件,SX A150.5 位移210 S型,,,1916T4003,,,NA,QNC,件,150,Kg,
CSS05675,恒力吊架组件,SX A150.5 位移215 S型,,,1916T4003,,,NA,QNC,件,150,Kg,
CSS05676,恒力吊架组件,SX A150.5 位移220 S型,,,1916T4003,,,NA,QNC,件,150,Kg,
CSS05677,恒力吊架组件,SX A150.5 位移225 S型,,,1916T4003,,,NA,QNC,件,150,Kg,
CSS05678,恒力吊架组件,SX A150.5 位移230 S型,,,1916T4003,,,NA,QNC,件,150,Kg,
CSS05679,恒力吊架组件,SX A150.5 位移235 S型,,,1916T4003,,,NA,QNC,件,150,Kg,
CSS05680,恒力吊架组件,SX A150.5 位移240 S型,,,1916T4003,,,NA,QNC,件,150,Kg,
CSS05681,恒力吊架组件,SX A150.5 位移245 S型,,,1916T4003,,,NA,QNC,件,150,Kg,
CSS05682,恒力吊架组件,SX A150.5 位移250 S型,,,1916T4003,,,NA,QNC,件,150,Kg,
CSS05683,恒力吊架组件,SX A150.5 位移255 S型,,,1916T4003,,,NA,QNC,件,150,Kg,
CSS05684,恒力吊架组件,SX A150.5 位移260 S型,,,1916T4003,,,NA,QNC,件,150,Kg,
CSS05685,恒力吊架组件,SX A150.5 位移265 S型,,,1916T4003,,,NA,QNC,件,150,Kg,
CSS05686,恒力吊架组件,SX A150.5 位移270 S型,,,1916T4003,,,NA,QNC,件,150,Kg,
CSS05687,恒力吊架组件,SX A150.5 位移275 S型,,,1916T4003,,,NA,QNC,件,150,Kg,
CSS05688,恒力吊架组件,SX A150.5 位移280 S型,,,1916T4003,,,NA,QNC,件,150,Kg,
CSS05689,恒力吊架组件,SX A150.5 位移285 S型,,,1916T4003,,,NA,QNC,件,150,Kg,
CSS05690,恒力吊架组件,SX A150.5 位移290 S型,,,1916T4003,,,NA,QNC,件,150,Kg,
CSS05691,恒力吊架组件,SX A150.5 位移295 S型,,,1916T4003,,,NA,QNC,件,150,Kg,
CSS05692,恒力吊架组件,SX A150.5 位移300 S型,,,1916T4003,,,NA,QNC,件,150,Kg,
CSS05693,恒力吊架组件,SX A150.10 位移120 S型,,,1916T4003,,,NA,QNC,件,150,Kg,
CSS05694,恒力吊架组件,SX A150.10 位移125 S型,,,1916T4003,,,NA,QNC,件,150,Kg,
CSS05695,恒力吊架组件,SX A150.10 位移130 S型,,,1916T4003,,,NA,QNC,件,150,Kg,
CSS05696,恒力吊架组件,SX A150.10 位移135 S型,,,1916T4003,,,NA,QNC,件,150,Kg,
CSS05697,恒力吊架组件,SX A150.10 位移140 S型,,,1916T4003,,,NA,QNC,件,150,Kg,
CSS05698,恒力吊架组件,SX A150.10 位移145 S型,,,1916T4003,,,NA,QNC,件,150,Kg,
CSS05699,恒力吊架组件,SX A150.10 位移150 S型,,,1916T4003,,,NA,QNC,件,150,Kg,
CSS05700,恒力吊架组件,SX A150.10 位移155 S型,,,1916T4003,,,NA,QNC,件,150,Kg,
CSS05701,恒力吊架组件,SX A150.10 位移160 S型,,,1916T4003,,,NA,QNC,件,150,Kg,
CSS05702,恒力吊架组件,SX A150.10 位移165 S型,,,1916T4003,,,NA,QNC,件,150,Kg,
CSS05703,恒力吊架组件,SX A150.10 位移170 S型,,,1916T4003,,,NA,QNC,件,150,Kg,
CSS05704,恒力吊架组件,SX A150.10 位移175 S型,,,1916T4003,,,NA,QNC,件,150,Kg,
CSS05705,恒力吊架组件,SX A150.10 位移180 S型,,,1916T4003,,,NA,QNC,件,150,Kg,
CSS05706,恒力吊架组件,SX A150.10 位移185 S型,,,1916T4003,,,NA,QNC,件,150,Kg,
CSS05707,恒力吊架组件,SX A150.10 位移190 S型,,,1916T4003,,,NA,QNC,件,150,Kg,
CSS05708,恒力吊架组件,SX A150.10 位移195 S型,,,1916T4003,,,NA,QNC,件,150,Kg,
CSS05709,恒力吊架组件,SX A150.10 位移200 S型,,,1916T4003,,,NA,QNC,件,150,Kg,
CSS05710,恒力吊架组件,SX A150.10 位移205 S型,,,1916T4003,,,NA,QNC,件,150,Kg,
CSS05711,恒力吊架组件,SX A150.10 位移210 S型,,,1916T4003,,,NA,QNC,件,150,Kg,
CSS05712,恒力吊架组件,SX A150.10 位移215 S型,,,1916T4003,,,NA,QNC,件,150,Kg,
CSS05713,恒力吊架组件,SX A150.10 位移220 S型,,,1916T4003,,,NA,QNC,件,150,Kg,
CSS05714,恒力吊架组件,SX A150.10 位移225 S型,,,1916T4003,,,NA,QNC,件,150,Kg,
CSS05715,恒力吊架组件,SX A150.10 位移230 S型,,,1916T4003,,,NA,QNC,件,150,Kg,
CSS05716,恒力吊架组件,SX A150.10 位移235 S型,,,1916T4003,,,NA,QNC,件,150,Kg,
CSS05717,恒力吊架组件,SX A150.10 位移240 S型,,,1916T4003,,,NA,QNC,件,150,Kg,
CSS05718,恒力吊架组件,SX A150.10 位移245 S型,,,1916T4003,,,NA,QNC,件,150,Kg,
CSS05719,恒力吊架组件,SX A150.10 位移250 S型,,,1916T4003,,,NA,QNC,件,150,Kg,
CSS05720,恒力吊架组件,SX A150.10 位移255 S型,,,1916T4003,,,NA,QNC,件,150,Kg,
CSS05721,恒力吊架组件,SX A150.10 位移260 S型,,,1916T4003,,,NA,QNC,件,150,Kg,
CSS05722,恒力吊架组件,SX A150.10 位移265 S型,,,1916T4003,,,NA,QNC,件,150,Kg,
CSS05723,恒力吊架组件,SX A150.10 位移270 S型,,,1916T4003,,,NA,QNC,件,150,Kg,
CSS05724,恒力吊架组件,SX A150.10 位移275 S型,,,1916T4003,,,NA,QNC,件,150,Kg,
CSS05725,恒力吊架组件,SX A150.10 位移280 S型,,,1916T4003,,,NA,QNC,件,150,Kg,
CSS05726,恒力吊架组件,SX A150.10 位移285 S型,,,1916T4003,,,NA,QNC,件,150,Kg,
CSS05727,恒力吊架组件,SX A150.10 位移290 S型,,,1916T4003,,,NA,QNC,件,150,Kg,
CSS05728,恒力吊架组件,SX A150.10 位移295 S型,,,1916T4003,,,NA,QNC,件,150,Kg,
CSS05729,恒力吊架组件,SX A150.10 位移300 S型,,,1916T4003,,,NA,QNC,件,150,Kg,
CSS05730,恒力吊架组件,SX A150.15 位移120 S型,,,1916T4003,,,NA,QNC,件,150,Kg,
CSS05731,恒力吊架组件,SX A150.15 位移125 S型,,,1916T4003,,,NA,QNC,件,150,Kg,
CSS05732,恒力吊架组件,SX A150.15 位移130 S型,,,1916T4003,,,NA,QNC,件,150,Kg,
CSS05733,恒力吊架组件,SX A150.15 位移135 S型,,,1916T4003,,,NA,QNC,件,150,Kg,
CSS05734,恒力吊架组件,SX A150.15 位移140 S型,,,1916T4003,,,NA,QNC,件,150,Kg,
CSS05735,恒力吊架组件,SX A150.15 位移145 S型,,,1916T4003,,,NA,QNC,件,150,Kg,
CSS05736,恒力吊架组件,SX A150.15 位移150 S型,,,1916T4003,,,NA,QNC,件,150,Kg,
CSS05737,恒力吊架组件,SX A150.15 位移155 S型,,,1916T4003,,,NA,QNC,件,150,Kg,
CSS05738,恒力吊架组件,SX A150.15 位移160 S型,,,1916T4003,,,NA,QNC,件,150,Kg,
CSS05739,恒力吊架组件,SX A150.15 位移165 S型,,,1916T4003,,,NA,QNC,件,150,Kg,
CSS05740,恒力吊架组件,SX A150.15 位移170 S型,,,1916T4003,,,NA,QNC,件,150,Kg,
CSS05741,恒力吊架组件,SX A150.15 位移175 S型,,,1916T4003,,,NA,QNC,件,150,Kg,
CSS05742,恒力吊架组件,SX A150.15 位移180 S型,,,1916T4003,,,NA,QNC,件,150,Kg,
CSS05743,恒力吊架组件,SX A150.15 位移185 S型,,,1916T4003,,,NA,QNC,件,150,Kg,
CSS05744,恒力吊架组件,SX A150.15 位移190 S型,,,1916T4003,,,NA,QNC,件,150,Kg,
CSS05745,恒力吊架组件,SX A150.15 位移195 S型,,,1916T4003,,,NA,QNC,件,150,Kg,
CSS05746,恒力吊架组件,SX A150.15 位移200 S型,,,1916T4003,,,NA,QNC,件,150,Kg,
CSS05747,恒力吊架组件,SX A150.15 位移205 S型,,,1916T4003,,,NA,QNC,件,150,Kg,
CSS05748,恒力吊架组件,SX A150.15 位移210 S型,,,1916T4003,,,NA,QNC,件,150,Kg,
CSS05749,恒力吊架组件,SX A150.15 位移215 S型,,,1916T4003,,,NA,QNC,件,150,Kg,
CSS05750,恒力吊架组件,SX A150.15 位移220 S型,,,1916T4003,,,NA,QNC,件,150,Kg,
CSS05751,恒力吊架组件,SX A150.15 位移225 S型,,,1916T4003,,,NA,QNC,件,150,Kg,
CSS05752,恒力吊架组件,SX A150.15 位移230 S型,,,1916T4003,,,NA,QNC,件,150,Kg,
CSS05753,恒力吊架组件,SX A150.15 位移235 S型,,,1916T4003,,,NA,QNC,件,150,Kg,
CSS05754,恒力吊架组件,SX A150.15 位移240 S型,,,1916T4003,,,NA,QNC,件,150,Kg,
CSS05755,恒力吊架组件,SX A150.15 位移245 S型,,,1916T4003,,,NA,QNC,件,150,Kg,
CSS05756,恒力吊架组件,SX A150.15 位移250 S型,,,1916T4003,,,NA,QNC,件,150,Kg,
CSS05757,恒力吊架组件,SX A150.15 位移255 S型,,,1916T4003,,,NA,QNC,件,150,Kg,
CSS05758,恒力吊架组件,SX A150.15 位移260 S型,,,1916T4003,,,NA,QNC,件,150,Kg,
CSS05759,恒力吊架组件,SX A150.15 位移265 S型,,,1916T4003,,,NA,QNC,件,150,Kg,
CSS05760,恒力吊架组件,SX A150.15 位移270 S型,,,1916T4003,,,NA,QNC,件,150,Kg,
CSS05761,恒力吊架组件,SX A150.15 位移275 S型,,,1916T4003,,,NA,QNC,件,150,Kg,
CSS05762,恒力吊架组件,SX A150.15 位移280 S型,,,1916T4003,,,NA,QNC,件,150,Kg,
CSS05763,恒力吊架组件,SX A150.15 位移285 S型,,,1916T4003,,,NA,QNC,件,150,Kg,
CSS05764,恒力吊架组件,SX A150.15 位移290 S型,,,1916T4003,,,NA,QNC,件,150,Kg,
CSS05765,恒力吊架组件,SX A150.15 位移295 S型,,,1916T4003,,,NA,QNC,件,150,Kg,
CSS05766,恒力吊架组件,SX A150.15 位移300 S型,,,1916T4003,,,NA,QNC,件,150,Kg,
CSS05767,恒力吊架组件,SX A150.20 位移120 S型,,,1916T4003,,,NA,QNC,件,150,Kg,
CSS05768,恒力吊架组件,SX A150.20 位移125 S型,,,1916T4003,,,NA,QNC,件,150,Kg,
CSS05769,恒力吊架组件,SX A150.20 位移130 S型,,,1916T4003,,,NA,QNC,件,150,Kg,
CSS05770,恒力吊架组件,SX A150.20 位移135 S型,,,1916T4003,,,NA,QNC,件,150,Kg,
CSS05771,恒力吊架组件,SX A150.20 位移140 S型,,,1916T4003,,,NA,QNC,件,150,Kg,
CSS05772,恒力吊架组件,SX A150.20 位移145 S型,,,1916T4003,,,NA,QNC,件,150,Kg,
CSS05773,恒力吊架组件,SX A150.20 位移150 S型,,,1916T4003,,,NA,QNC,件,150,Kg,
CSS05774,恒力吊架组件,SX A150.20 位移155 S型,,,1916T4003,,,NA,QNC,件,150,Kg,
CSS05775,恒力吊架组件,SX A150.20 位移160 S型,,,1916T4003,,,NA,QNC,件,150,Kg,
CSS05776,恒力吊架组件,SX A150.20 位移165 S型,,,1916T4003,,,NA,QNC,件,150,Kg,
CSS05777,恒力吊架组件,SX A150.20 位移170 S型,,,1916T4003,,,NA,QNC,件,150,Kg,
CSS05778,恒力吊架组件,SX A150.20 位移175 S型,,,1916T4003,,,NA,QNC,件,150,Kg,
CSS05779,恒力吊架组件,SX A150.20 位移180 S型,,,1916T4003,,,NA,QNC,件,150,Kg,
CSS05780,恒力吊架组件,SX A150.20 位移185 S型,,,1916T4003,,,NA,QNC,件,150,Kg,
CSS05781,恒力吊架组件,SX A150.20 位移190 S型,,,1916T4003,,,NA,QNC,件,150,Kg,
CSS05782,恒力吊架组件,SX A150.20 位移195 S型,,,1916T4003,,,NA,QNC,件,150,Kg,
CSS05783,恒力吊架组件,SX A150.20 位移200 S型,,,1916T4003,,,NA,QNC,件,150,Kg,
CSS05784,恒力吊架组件,SX A150.20 位移205 S型,,,1916T4003,,,NA,QNC,件,150,Kg,
CSS05785,恒力吊架组件,SX A150.20 位移210 S型,,,1916T4003,,,NA,QNC,件,150,Kg,
CSS05786,恒力吊架组件,SX A150.20 位移215 S型,,,1916T4003,,,NA,QNC,件,150,Kg,
CSS05787,恒力吊架组件,SX A150.20 位移220 S型,,,1916T4003,,,NA,QNC,件,150,Kg,
CSS05788,恒力吊架组件,SX A150.20 位移225 S型,,,1916T4003,,,NA,QNC,件,150,Kg,
CSS05789,恒力吊架组件,SX A150.20 位移230 S型,,,1916T4003,,,NA,QNC,件,150,Kg,
CSS05790,恒力吊架组件,SX A150.20 位移235 S型,,,1916T4003,,,NA,QNC,件,150,Kg,
CSS05791,恒力吊架组件,SX A150.20 位移240 S型,,,1916T4003,,,NA,QNC,件,150,Kg,
CSS05792,恒力吊架组件,SX A150.20 位移245 S型,,,1916T4003,,,NA,QNC,件,150,Kg,
CSS05793,恒力吊架组件,SX A150.20 位移250 S型,,,1916T4003,,,NA,QNC,件,150,Kg,
CSS05794,恒力吊架组件,SX A150.20 位移255 S型,,,1916T4003,,,NA,QNC,件,150,Kg,
CSS05795,恒力吊架组件,SX A150.20 位移260 S型,,,1916T4003,,,NA,QNC,件,150,Kg,
CSS05796,恒力吊架组件,SX A150.20 位移265 S型,,,1916T4003,,,NA,QNC,件,150,Kg,
CSS05797,恒力吊架组件,SX A150.20 位移270 S型,,,1916T4003,,,NA,QNC,件,150,Kg,
CSS05798,恒力吊架组件,SX A150.20 位移275 S型,,,1916T4003,,,NA,QNC,件,150,Kg,
CSS05799,恒力吊架组件,SX A150.20 位移280 S型,,,1916T4003,,,NA,QNC,件,150,Kg,
CSS05800,恒力吊架组件,SX A150.20 位移285 S型,,,1916T4003,,,NA,QNC,件,150,Kg,
CSS05801,恒力吊架组件,SX A150.20 位移290 S型,,,1916T4003,,,NA,QNC,件,150,Kg,
CSS05802,恒力吊架组件,SX A150.20 位移295 S型,,,1916T4003,,,NA,QNC,件,150,Kg,
CSS05803,恒力吊架组件,SX A150.20 位移300 S型,,,1916T4003,,,NA,QNC,件,150,Kg,
CSS05804,恒力吊架组件,SX A150.25 位移120 S型,,,1916T4003,,,NA,QNC,件,150,Kg,
CSS05805,恒力吊架组件,SX A150.25 位移125 S型,,,1916T4003,,,NA,QNC,件,150,Kg,
CSS05806,恒力吊架组件,SX A150.25 位移130 S型,,,1916T4003,,,NA,QNC,件,150,Kg,
CSS05807,恒力吊架组件,SX A150.25 位移135 S型,,,1916T4003,,,NA,QNC,件,150,Kg,
CSS05808,恒力吊架组件,SX A150.25 位移140 S型,,,1916T4003,,,NA,QNC,件,150,Kg,
CSS05809,恒力吊架组件,SX A150.25 位移145 S型,,,1916T4003,,,NA,QNC,件,150,Kg,
CSS05810,恒力吊架组件,SX A150.25 位移150 S型,,,1916T4003,,,NA,QNC,件,150,Kg,
CSS05811,恒力吊架组件,SX A150.25 位移155 S型,,,1916T4003,,,NA,QNC,件,150,Kg,
CSS05812,恒力吊架组件,SX A150.25 位移160 S型,,,1916T4003,,,NA,QNC,件,150,Kg,
CSS05813,恒力吊架组件,SX A150.25 位移165 S型,,,1916T4003,,,NA,QNC,件,150,Kg,
CSS05814,恒力吊架组件,SX A150.25 位移170 S型,,,1916T4003,,,NA,QNC,件,150,Kg,
CSS05815,恒力吊架组件,SX A150.25 位移175 S型,,,1916T4003,,,NA,QNC,件,150,Kg,
CSS05816,恒力吊架组件,SX A150.25 位移180 S型,,,1916T4003,,,NA,QNC,件,150,Kg,
CSS05817,恒力吊架组件,SX A150.25 位移185 S型,,,1916T4003,,,NA,QNC,件,150,Kg,
CSS05818,恒力吊架组件,SX A150.25 位移190 S型,,,1916T4003,,,NA,QNC,件,150,Kg,
CSS05819,恒力吊架组件,SX A150.25 位移195 S型,,,1916T4003,,,NA,QNC,件,150,Kg,
CSS05820,恒力吊架组件,SX A150.25 位移200 S型,,,1916T4003,,,NA,QNC,件,150,Kg,
CSS05821,恒力吊架组件,SX A150.25 位移205 S型,,,1916T4003,,,NA,QNC,件,150,Kg,
CSS05822,恒力吊架组件,SX A150.25 位移210 S型,,,1916T4003,,,NA,QNC,件,150,Kg,
CSS05823,恒力吊架组件,SX A150.25 位移215 S型,,,1916T4003,,,NA,QNC,件,150,Kg,
CSS05824,恒力吊架组件,SX A150.25 位移220 S型,,,1916T4003,,,NA,QNC,件,150,Kg,
CSS05825,恒力吊架组件,SX A150.25 位移225 S型,,,1916T4003,,,NA,QNC,件,150,Kg,
CSS05826,恒力吊架组件,SX A150.25 位移230 S型,,,1916T4003,,,NA,QNC,件,150,Kg,
CSS05827,恒力吊架组件,SX A150.25 位移235 S型,,,1916T4003,,,NA,QNC,件,150,Kg,
CSS05828,恒力吊架组件,SX A150.25 位移240 S型,,,1916T4003,,,NA,QNC,件,150,Kg,
CSS05829,恒力吊架组件,SX A150.25 位移245 S型,,,1916T4003,,,NA,QNC,件,150,Kg,
CSS05830,恒力吊架组件,SX A150.25 位移250 S型,,,1916T4003,,,NA,QNC,件,150,Kg,
CSS05831,恒力吊架组件,SX A150.25 位移255 S型,,,1916T4003,,,NA,QNC,件,150,Kg,
CSS05832,恒力吊架组件,SX A150.25 位移260 S型,,,1916T4003,,,NA,QNC,件,150,Kg,
CSS05833,恒力吊架组件,SX A150.25 位移265 S型,,,1916T4003,,,NA,QNC,件,150,Kg,
CSS05834,恒力吊架组件,SX A150.25 位移270 S型,,,1916T4003,,,NA,QNC,件,150,Kg,
CSS05835,恒力吊架组件,SX A150.25 位移275 S型,,,1916T4003,,,NA,QNC,件,150,Kg,
CSS05836,恒力吊架组件,SX A150.25 位移280 S型,,,1916T4003,,,NA,QNC,件,150,Kg,
CSS05837,恒力吊架组件,SX A150.25 位移285 S型,,,1916T4003,,,NA,QNC,件,150,Kg,
CSS05838,恒力吊架组件,SX A150.25 位移290 S型,,,1916T4003,,,NA,QNC,件,150,Kg,
CSS05839,恒力吊架组件,SX A150.25 位移295 S型,,,1916T4003,,,NA,QNC,件,150,Kg,
CSS05840,恒力吊架组件,SX A150.25 位移300 S型,,,1916T4003,,,NA,QNC,件,150,Kg,
CSS05841,恒力吊架组件,SX A150.30 位移120 S型,,,1916T4003,,,NA,QNC,件,150,Kg,
CSS05842,恒力吊架组件,SX A150.30 位移125 S型,,,1916T4003,,,NA,QNC,件,150,Kg,
CSS05843,恒力吊架组件,SX A150.30 位移130 S型,,,1916T4003,,,NA,QNC,件,150,Kg,
CSS05844,恒力吊架组件,SX A150.30 位移135 S型,,,1916T4003,,,NA,QNC,件,150,Kg,
CSS05845,恒力吊架组件,SX A150.30 位移140 S型,,,1916T4003,,,NA,QNC,件,150,Kg,
CSS05846,恒力吊架组件,SX A150.30 位移145 S型,,,1916T4003,,,NA,QNC,件,150,Kg,
CSS05847,恒力吊架组件,SX A150.30 位移150 S型,,,1916T4003,,,NA,QNC,件,150,Kg,
CSS05848,恒力吊架组件,SX A150.30 位移155 S型,,,1916T4003,,,NA,QNC,件,150,Kg,
CSS05849,恒力吊架组件,SX A150.30 位移160 S型,,,1916T4003,,,NA,QNC,件,150,Kg,
CSS05850,恒力吊架组件,SX A150.30 位移165 S型,,,1916T4003,,,NA,QNC,件,150,Kg,
CSS05851,恒力吊架组件,SX A150.30 位移170 S型,,,1916T4003,,,NA,QNC,件,150,Kg,
CSS05852,恒力吊架组件,SX A150.30 位移175 S型,,,1916T4003,,,NA,QNC,件,150,Kg,
CSS05853,恒力吊架组件,SX A150.30 位移180 S型,,,1916T4003,,,NA,QNC,件,150,Kg,
CSS05854,恒力吊架组件,SX A150.30 位移185 S型,,,1916T4003,,,NA,QNC,件,150,Kg,
CSS05855,恒力吊架组件,SX A150.30 位移190 S型,,,1916T4003,,,NA,QNC,件,150,Kg,
CSS05856,恒力吊架组件,SX A150.30 位移195 S型,,,1916T4003,,,NA,QNC,件,150,Kg,
CSS05857,恒力吊架组件,SX A150.30 位移200 S型,,,1916T4003,,,NA,QNC,件,150,Kg,
CSS05858,恒力吊架组件,SX A150.30 位移205 S型,,,1916T4003,,,NA,QNC,件,150,Kg,
CSS05859,恒力吊架组件,SX A150.30 位移210 S型,,,1916T4003,,,NA,QNC,件,150,Kg,
CSS05860,恒力吊架组件,SX A150.30 位移215 S型,,,1916T4003,,,NA,QNC,件,150,Kg,
CSS05861,恒力吊架组件,SX A150.30 位移220 S型,,,1916T4003,,,NA,QNC,件,150,Kg,
CSS05862,恒力吊架组件,SX A150.30 位移225 S型,,,1916T4003,,,NA,QNC,件,150,Kg,
CSS05863,恒力吊架组件,SX A150.30 位移230 S型,,,1916T4003,,,NA,QNC,件,150,Kg,
CSS05864,恒力吊架组件,SX A150.30 位移235 S型,,,1916T4003,,,NA,QNC,件,150,Kg,
CSS05865,恒力吊架组件,SX A150.30 位移240 S型,,,1916T4003,,,NA,QNC,件,150,Kg,
CSS05866,恒力吊架组件,SX A150.30 位移245 S型,,,1916T4003,,,NA,QNC,件,150,Kg,
CSS05867,恒力吊架组件,SX A150.30 位移250 S型,,,1916T4003,,,NA,QNC,件,150,Kg,
CSS05868,恒力吊架组件,SX A150.30 位移255 S型,,,1916T4003,,,NA,QNC,件,150,Kg,
CSS05869,恒力吊架组件,SX A150.30 位移260 S型,,,1916T4003,,,NA,QNC,件,150,Kg,
CSS05870,恒力吊架组件,SX A150.30 位移265 S型,,,1916T4003,,,NA,QNC,件,150,Kg,
CSS05871,恒力吊架组件,SX A150.30 位移270 S型,,,1916T4003,,,NA,QNC,件,150,Kg,
CSS05872,恒力吊架组件,SX A150.30 位移275 S型,,,1916T4003,,,NA,QNC,件,150,Kg,
CSS05873,恒力吊架组件,SX A150.30 位移280 S型,,,1916T4003,,,NA,QNC,件,150,Kg,
CSS05874,恒力吊架组件,SX A150.30 位移285 S型,,,1916T4003,,,NA,QNC,件,150,Kg,
CSS05875,恒力吊架组件,SX A150.30 位移290 S型,,,1916T4003,,,NA,QNC,件,150,Kg,
CSS05876,恒力吊架组件,SX A150.30 位移295 S型,,,1916T4003,,,NA,QNC,件,150,Kg,
CSS05877,恒力吊架组件,SX A150.30 位移300 S型,,,1916T4003,,,NA,QNC,件,150,Kg,
CSS05878,恒力吊架组件,SX A200.15 位移150 S型,,,1916T4003,,,NA,QNC,件,250,Kg,
CSS05879,恒力吊架组件,SX A200.15 位移155 S型,,,1916T4003,,,NA,QNC,件,250,Kg,
CSS05880,恒力吊架组件,SX A200.15 位移160 S型,,,1916T4003,,,NA,QNC,件,250,Kg,
CSS05881,恒力吊架组件,SX A200.15 位移165 S型,,,1916T4003,,,NA,QNC,件,250,Kg,
CSS05882,恒力吊架组件,SX A200.15 位移170 S型,,,1916T4003,,,NA,QNC,件,250,Kg,
CSS05883,恒力吊架组件,SX A200.15 位移175 S型,,,1916T4003,,,NA,QNC,件,250,Kg,
CSS05884,恒力吊架组件,SX A200.15 位移180 S型,,,1916T4003,,,NA,QNC,件,250,Kg,
CSS05885,恒力吊架组件,SX A200.15 位移185 S型,,,1916T4003,,,NA,QNC,件,250,Kg,
CSS05886,恒力吊架组件,SX A200.15 位移190 S型,,,1916T4003,,,NA,QNC,件,250,Kg,
CSS05887,恒力吊架组件,SX A200.15 位移195 S型,,,1916T4003,,,NA,QNC,件,250,Kg,
CSS05888,恒力吊架组件,SX A200.15 位移200 S型,,,1916T4003,,,NA,QNC,件,250,Kg,
CSS05889,恒力吊架组件,SX A200.15 位移205 S型,,,1916T4003,,,NA,QNC,件,250,Kg,
CSS05890,恒力吊架组件,SX A200.15 位移210 S型,,,1916T4003,,,NA,QNC,件,250,Kg,
CSS05891,恒力吊架组件,SX A200.15 位移215 S型,,,1916T4003,,,NA,QNC,件,250,Kg,
CSS05892,恒力吊架组件,SX A200.15 位移220 S型,,,1916T4003,,,NA,QNC,件,250,Kg,
CSS05893,恒力吊架组件,SX A200.15 位移225 S型,,,1916T4003,,,NA,QNC,件,250,Kg,
CSS05894,恒力吊架组件,SX A200.15 位移230 S型,,,1916T4003,,,NA,QNC,件,250,Kg,
CSS05895,恒力吊架组件,SX A200.15 位移235 S型,,,1916T4003,,,NA,QNC,件,250,Kg,
CSS05896,恒力吊架组件,SX A200.15 位移240 S型,,,1916T4003,,,NA,QNC,件,250,Kg,
CSS05897,恒力吊架组件,SX A200.15 位移245 S型,,,1916T4003,,,NA,QNC,件,250,Kg,
CSS05898,恒力吊架组件,SX A200.15 位移250 S型,,,1916T4003,,,NA,QNC,件,250,Kg,
CSS05899,恒力吊架组件,SX A200.15 位移255 S型,,,1916T4003,,,NA,QNC,件,250,Kg,
CSS05900,恒力吊架组件,SX A200.15 位移260 S型,,,1916T4003,,,NA,QNC,件,250,Kg,
CSS05901,恒力吊架组件,SX A200.15 位移265 S型,,,1916T4003,,,NA,QNC,件,250,Kg,
CSS05902,恒力吊架组件,SX A200.15 位移270 S型,,,1916T4003,,,NA,QNC,件,250,Kg,
CSS05903,恒力吊架组件,SX A200.15 位移275 S型,,,1916T4003,,,NA,QNC,件,250,Kg,
CSS05904,恒力吊架组件,SX A200.15 位移280 S型,,,1916T4003,,,NA,QNC,件,250,Kg,
CSS05905,恒力吊架组件,SX A200.15 位移285 S型,,,1916T4003,,,NA,QNC,件,250,Kg,
CSS05906,恒力吊架组件,SX A200.15 位移290 S型,,,1916T4003,,,NA,QNC,件,250,Kg,
CSS05907,恒力吊架组件,SX A200.15 位移295 S型,,,1916T4003,,,NA,QNC,件,250,Kg,
CSS05908,恒力吊架组件,SX A200.15 位移300 S型,,,1916T4003,,,NA,QNC,件,250,Kg,
CSS05909,恒力吊架组件,SX A200.15 位移305 S型,,,1916T4003,,,NA,QNC,件,250,Kg,
CSS05910,恒力吊架组件,SX A200.15 位移310 S型,,,1916T4003,,,NA,QNC,件,250,Kg,
CSS05911,恒力吊架组件,SX A200.15 位移315 S型,,,1916T4003,,,NA,QNC,件,250,Kg,
CSS05912,恒力吊架组件,SX A200.15 位移320 S型,,,1916T4003,,,NA,QNC,件,250,Kg,
CSS05913,恒力吊架组件,SX A200.15 位移325 S型,,,1916T4003,,,NA,QNC,件,250,Kg,
CSS05914,恒力吊架组件,SX A200.15 位移330 S型,,,1916T4003,,,NA,QNC,件,250,Kg,
CSS05915,恒力吊架组件,SX A200.20 位移150 S型,,,1916T4003,,,NA,QNC,件,250,Kg,
CSS05916,恒力吊架组件,SX A200.20 位移155 S型,,,1916T4003,,,NA,QNC,件,250,Kg,
CSS05917,恒力吊架组件,SX A200.20 位移160 S型,,,1916T4003,,,NA,QNC,件,250,Kg,
CSS05918,恒力吊架组件,SX A200.20 位移165 S型,,,1916T4003,,,NA,QNC,件,250,Kg,
CSS05919,恒力吊架组件,SX A200.20 位移170 S型,,,1916T4003,,,NA,QNC,件,250,Kg,
CSS05920,恒力吊架组件,SX A200.20 位移175 S型,,,1916T4003,,,NA,QNC,件,250,Kg,
CSS05921,恒力吊架组件,SX A200.20 位移180 S型,,,1916T4003,,,NA,QNC,件,250,Kg,
CSS05922,恒力吊架组件,SX A200.20 位移185 S型,,,1916T4003,,,NA,QNC,件,250,Kg,
CSS05923,恒力吊架组件,SX A200.20 位移190 S型,,,1916T4003,,,NA,QNC,件,250,Kg,
CSS05924,恒力吊架组件,SX A200.20 位移195 S型,,,1916T4003,,,NA,QNC,件,250,Kg,
CSS05925,恒力吊架组件,SX A200.20 位移200 S型,,,1916T4003,,,NA,QNC,件,250,Kg,
CSS05926,恒力吊架组件,SX A200.20 位移205 S型,,,1916T4003,,,NA,QNC,件,250,Kg,
CSS05927,恒力吊架组件,SX A200.20 位移210 S型,,,1916T4003,,,NA,QNC,件,250,Kg,
CSS05928,恒力吊架组件,SX A200.20 位移215 S型,,,1916T4003,,,NA,QNC,件,250,Kg,
CSS05929,恒力吊架组件,SX A200.20 位移220 S型,,,1916T4003,,,NA,QNC,件,250,Kg,
CSS05930,恒力吊架组件,SX A200.20 位移225 S型,,,1916T4003,,,NA,QNC,件,250,Kg,
CSS05931,恒力吊架组件,SX A200.20 位移230 S型,,,1916T4003,,,NA,QNC,件,250,Kg,
CSS05932,恒力吊架组件,SX A200.20 位移235 S型,,,1916T4003,,,NA,QNC,件,250,Kg,
CSS05933,恒力吊架组件,SX A200.20 位移240 S型,,,1916T4003,,,NA,QNC,件,250,Kg,
CSS05934,恒力吊架组件,SX A200.20 位移245 S型,,,1916T4003,,,NA,QNC,件,250,Kg,
CSS05935,恒力吊架组件,SX A200.20 位移250 S型,,,1916T4003,,,NA,QNC,件,250,Kg,
CSS05936,恒力吊架组件,SX A200.20 位移255 S型,,,1916T4003,,,NA,QNC,件,250,Kg,
CSS05937,恒力吊架组件,SX A200.20 位移260 S型,,,1916T4003,,,NA,QNC,件,250,Kg,
CSS05938,恒力吊架组件,SX A200.20 位移265 S型,,,1916T4003,,,NA,QNC,件,250,Kg,
CSS05939,恒力吊架组件,SX A200.20 位移270 S型,,,1916T4003,,,NA,QNC,件,250,Kg,
CSS05940,恒力吊架组件,SX A200.20 位移275 S型,,,1916T4003,,,NA,QNC,件,250,Kg,
CSS05941,恒力吊架组件,SX A200.20 位移280 S型,,,1916T4003,,,NA,QNC,件,250,Kg,
CSS05942,恒力吊架组件,SX A200.20 位移285 S型,,,1916T4003,,,NA,QNC,件,250,Kg,
CSS05943,恒力吊架组件,SX A200.20 位移290 S型,,,1916T4003,,,NA,QNC,件,250,Kg,
CSS05944,恒力吊架组件,SX A200.20 位移295 S型,,,1916T4003,,,NA,QNC,件,250,Kg,
CSS05945,恒力吊架组件,SX A200.20 位移300 S型,,,1916T4003,,,NA,QNC,件,250,Kg,
CSS05946,恒力吊架组件,SX A200.20 位移305 S型,,,1916T4003,,,NA,QNC,件,250,Kg,
CSS05947,恒力吊架组件,SX A200.20 位移310 S型,,,1916T4003,,,NA,QNC,件,250,Kg,
CSS05948,恒力吊架组件,SX A200.20 位移315 S型,,,1916T4003,,,NA,QNC,件,250,Kg,
CSS05949,恒力吊架组件,SX A200.20 位移320 S型,,,1916T4003,,,NA,QNC,件,250,Kg,
CSS05950,恒力吊架组件,SX A200.20 位移325 S型,,,1916T4003,,,NA,QNC,件,250,Kg,
CSS05951,恒力吊架组件,SX A200.20 位移330 S型,,,1916T4003,,,NA,QNC,件,250,Kg,
CSS05952,恒力吊架组件,SX A200.25 位移150 S型,,,1916T4003,,,NA,QNC,件,250,Kg,
CSS05953,恒力吊架组件,SX A200.25 位移155 S型,,,1916T4003,,,NA,QNC,件,250,Kg,
CSS05954,恒力吊架组件,SX A200.25 位移160 S型,,,1916T4003,,,NA,QNC,件,250,Kg,
CSS05955,恒力吊架组件,SX A200.25 位移165 S型,,,1916T4003,,,NA,QNC,件,250,Kg,
CSS05956,恒力吊架组件,SX A200.25 位移170 S型,,,1916T4003,,,NA,QNC,件,250,Kg,
CSS05957,恒力吊架组件,SX A200.25 位移175 S型,,,1916T4003,,,NA,QNC,件,250,Kg,
CSS05958,恒力吊架组件,SX A200.25 位移180 S型,,,1916T4003,,,NA,QNC,件,250,Kg,
CSS05959,恒力吊架组件,SX A200.25 位移185 S型,,,1916T4003,,,NA,QNC,件,250,Kg,
CSS05960,恒力吊架组件,SX A200.25 位移190 S型,,,1916T4003,,,NA,QNC,件,250,Kg,
CSS05961,恒力吊架组件,SX A200.25 位移195 S型,,,1916T4003,,,NA,QNC,件,250,Kg,
CSS05962,恒力吊架组件,SX A200.25 位移200 S型,,,1916T4003,,,NA,QNC,件,250,Kg,
CSS05963,恒力吊架组件,SX A200.25 位移205 S型,,,1916T4003,,,NA,QNC,件,250,Kg,
CSS05964,恒力吊架组件,SX A200.25 位移210 S型,,,1916T4003,,,NA,QNC,件,250,Kg,
CSS05965,恒力吊架组件,SX A200.25 位移215 S型,,,1916T4003,,,NA,QNC,件,250,Kg,
CSS05966,恒力吊架组件,SX A200.25 位移220 S型,,,1916T4003,,,NA,QNC,件,250,Kg,
CSS05967,恒力吊架组件,SX A200.25 位移225 S型,,,1916T4003,,,NA,QNC,件,250,Kg,
CSS05968,恒力吊架组件,SX A200.25 位移230 S型,,,1916T4003,,,NA,QNC,件,250,Kg,
CSS05969,恒力吊架组件,SX A200.25 位移235 S型,,,1916T4003,,,NA,QNC,件,250,Kg,
CSS05970,恒力吊架组件,SX A200.25 位移240 S型,,,1916T4003,,,NA,QNC,件,250,Kg,
CSS05971,恒力吊架组件,SX A200.25 位移245 S型,,,1916T4003,,,NA,QNC,件,250,Kg,
CSS05972,恒力吊架组件,SX A200.25 位移250 S型,,,1916T4003,,,NA,QNC,件,250,Kg,
CSS05973,恒力吊架组件,SX A200.25 位移255 S型,,,1916T4003,,,NA,QNC,件,250,Kg,
CSS05974,恒力吊架组件,SX A200.25 位移260 S型,,,1916T4003,,,NA,QNC,件,250,Kg,
CSS05975,恒力吊架组件,SX A200.25 位移265 S型,,,1916T4003,,,NA,QNC,件,250,Kg,
CSS05976,恒力吊架组件,SX A200.25 位移270 S型,,,1916T4003,,,NA,QNC,件,250,Kg,
CSS05977,恒力吊架组件,SX A200.25 位移275 S型,,,1916T4003,,,NA,QNC,件,250,Kg,
CSS05978,恒力吊架组件,SX A200.25 位移280 S型,,,1916T4003,,,NA,QNC,件,250,Kg,
CSS05979,恒力吊架组件,SX A200.25 位移285 S型,,,1916T4003,,,NA,QNC,件,250,Kg,
CSS05980,恒力吊架组件,SX A200.25 位移290 S型,,,1916T4003,,,NA,QNC,件,250,Kg,
CSS05981,恒力吊架组件,SX A200.25 位移295 S型,,,1916T4003,,,NA,QNC,件,250,Kg,
CSS05982,恒力吊架组件,SX A200.25 位移300 S型,,,1916T4003,,,NA,QNC,件,250,Kg,
CSS05983,恒力吊架组件,SX A200.25 位移305 S型,,,1916T4003,,,NA,QNC,件,250,Kg,
CSS05984,恒力吊架组件,SX A200.25 位移310 S型,,,1916T4003,,,NA,QNC,件,250,Kg,
CSS05985,恒力吊架组件,SX A200.25 位移315 S型,,,1916T4003,,,NA,QNC,件,250,Kg,
CSS05986,恒力吊架组件,SX A200.25 位移320 S型,,,1916T4003,,,NA,QNC,件,250,Kg,
CSS05987,恒力吊架组件,SX A200.25 位移325 S型,,,1916T4003,,,NA,QNC,件,250,Kg,
CSS05988,恒力吊架组件,SX A200.25 位移330 S型,,,1916T4003,,,NA,QNC,件,250,Kg,
CSS05989,恒力吊架组件,SX A200.30 位移150 S型,,,1916T4003,,,NA,QNC,件,250,Kg,
CSS05990,恒力吊架组件,SX A200.30 位移155 S型,,,1916T4003,,,NA,QNC,件,250,Kg,
CSS05991,恒力吊架组件,SX A200.30 位移160 S型,,,1916T4003,,,NA,QNC,件,250,Kg,
CSS05992,恒力吊架组件,SX A200.30 位移165 S型,,,1916T4003,,,NA,QNC,件,250,Kg,
CSS05993,恒力吊架组件,SX A200.30 位移170 S型,,,1916T4003,,,NA,QNC,件,250,Kg,
CSS05994,恒力吊架组件,SX A200.30 位移175 S型,,,1916T4003,,,NA,QNC,件,250,Kg,
CSS05995,恒力吊架组件,SX A200.30 位移180 S型,,,1916T4003,,,NA,QNC,件,250,Kg,
CSS05996,恒力吊架组件,SX A200.30 位移185 S型,,,1916T4003,,,NA,QNC,件,250,Kg,
CSS05997,恒力吊架组件,SX A200.30 位移190 S型,,,1916T4003,,,NA,QNC,件,250,Kg,
CSS05998,恒力吊架组件,SX A200.30 位移195 S型,,,1916T4003,,,NA,QNC,件,250,Kg,
CSS05999,恒力吊架组件,SX A200.30 位移200 S型,,,1916T4003,,,NA,QNC,件,250,Kg,
CSS06000,恒力吊架组件,SX A200.30 位移205 S型,,,1916T4003,,,NA,QNC,件,250,Kg,
CSS06001,恒力吊架组件,SX A200.30 位移210 S型,,,1916T4003,,,NA,QNC,件,250,Kg,
CSS06002,恒力吊架组件,SX A200.30 位移215 S型,,,1916T4003,,,NA,QNC,件,250,Kg,
CSS06003,恒力吊架组件,SX A200.30 位移220 S型,,,1916T4003,,,NA,QNC,件,250,Kg,
CSS06004,恒力吊架组件,SX A200.30 位移225 S型,,,1916T4003,,,NA,QNC,件,250,Kg,
CSS06005,恒力吊架组件,SX A200.30 位移230 S型,,,1916T4003,,,NA,QNC,件,250,Kg,
CSS06006,恒力吊架组件,SX A200.30 位移235 S型,,,1916T4003,,,NA,QNC,件,250,Kg,
CSS06007,恒力吊架组件,SX A200.30 位移240 S型,,,1916T4003,,,NA,QNC,件,250,Kg,
CSS06008,恒力吊架组件,SX A200.30 位移245 S型,,,1916T4003,,,NA,QNC,件,250,Kg,
CSS06009,恒力吊架组件,SX A200.30 位移250 S型,,,1916T4003,,,NA,QNC,件,250,Kg,
CSS06010,恒力吊架组件,SX A200.30 位移255 S型,,,1916T4003,,,NA,QNC,件,250,Kg,
CSS06011,恒力吊架组件,SX A200.30 位移260 S型,,,1916T4003,,,NA,QNC,件,250,Kg,
CSS06012,恒力吊架组件,SX A200.30 位移265 S型,,,1916T4003,,,NA,QNC,件,250,Kg,
CSS06013,恒力吊架组件,SX A200.30 位移270 S型,,,1916T4003,,,NA,QNC,件,250,Kg,
CSS06014,恒力吊架组件,SX A200.30 位移275 S型,,,1916T4003,,,NA,QNC,件,250,Kg,
CSS06015,恒力吊架组件,SX A200.30 位移280 S型,,,1916T4003,,,NA,QNC,件,250,Kg,
CSS06016,恒力吊架组件,SX A200.30 位移285 S型,,,1916T4003,,,NA,QNC,件,250,Kg,
CSS06017,恒力吊架组件,SX A200.30 位移290 S型,,,1916T4003,,,NA,QNC,件,250,Kg,
CSS06018,恒力吊架组件,SX A200.30 位移295 S型,,,1916T4003,,,NA,QNC,件,250,Kg,
CSS06019,恒力吊架组件,SX A200.30 位移300 S型,,,1916T4003,,,NA,QNC,件,250,Kg,
CSS06020,恒力吊架组件,SX A200.30 位移305 S型,,,1916T4003,,,NA,QNC,件,250,Kg,
CSS06021,恒力吊架组件,SX A200.30 位移310 S型,,,1916T4003,,,NA,QNC,件,250,Kg,
CSS06022,恒力吊架组件,SX A200.30 位移315 S型,,,1916T4003,,,NA,QNC,件,250,Kg,
CSS06023,恒力吊架组件,SX A200.30 位移320 S型,,,1916T4003,,,NA,QNC,件,250,Kg,
CSS06024,恒力吊架组件,SX A200.30 位移325 S型,,,1916T4003,,,NA,QNC,件,250,Kg,
CSS06025,恒力吊架组件,SX A200.30 位移330 S型,,,1916T4003,,,NA,QNC,件,250,Kg,
CSS06026,恒力吊架组件,SX A250.20 位移170 S型,,,1916T4003,,,NA,QNC,件,500,Kg,
CSS06027,恒力吊架组件,SX A250.20 位移175 S型,,,1916T4003,,,NA,QNC,件,500,Kg,
CSS06028,恒力吊架组件,SX A250.20 位移180 S型,,,1916T4003,,,NA,QNC,件,500,Kg,
CSS06029,恒力吊架组件,SX A250.20 位移185 S型,,,1916T4003,,,NA,QNC,件,500,Kg,
CSS06030,恒力吊架组件,SX A250.20 位移190 S型,,,1916T4003,,,NA,QNC,件,500,Kg,
CSS06031,恒力吊架组件,SX A250.20 位移195 S型,,,1916T4003,,,NA,QNC,件,500,Kg,
CSS06032,恒力吊架组件,SX A250.20 位移200 S型,,,1916T4003,,,NA,QNC,件,500,Kg,
CSS06033,恒力吊架组件,SX A250.20 位移205 S型,,,1916T4003,,,NA,QNC,件,500,Kg,
CSS06034,恒力吊架组件,SX A250.20 位移210 S型,,,1916T4003,,,NA,QNC,件,500,Kg,
CSS06035,恒力吊架组件,SX A250.20 位移215 S型,,,1916T4003,,,NA,QNC,件,500,Kg,
CSS06036,恒力吊架组件,SX A250.20 位移220 S型,,,1916T4003,,,NA,QNC,件,500,Kg,
CSS06037,恒力吊架组件,SX A250.20 位移225 S型,,,1916T4003,,,NA,QNC,件,500,Kg,
CSS06038,恒力吊架组件,SX A250.20 位移230 S型,,,1916T4003,,,NA,QNC,件,500,Kg,
CSS06039,恒力吊架组件,SX A250.20 位移235 S型,,,1916T4003,,,NA,QNC,件,500,Kg,
CSS06040,恒力吊架组件,SX A250.20 位移240 S型,,,1916T4003,,,NA,QNC,件,500,Kg,
CSS06041,恒力吊架组件,SX A250.20 位移245 S型,,,1916T4003,,,NA,QNC,件,500,Kg,
CSS06042,恒力吊架组件,SX A250.20 位移250 S型,,,1916T4003,,,NA,QNC,件,500,Kg,
CSS06043,恒力吊架组件,SX A250.20 位移255 S型,,,1916T4003,,,NA,QNC,件,500,Kg,
CSS06044,恒力吊架组件,SX A250.20 位移260 S型,,,1916T4003,,,NA,QNC,件,500,Kg,
CSS06045,恒力吊架组件,SX A250.20 位移265 S型,,,1916T4003,,,NA,QNC,件,500,Kg,
CSS06046,恒力吊架组件,SX A250.20 位移270 S型,,,1916T4003,,,NA,QNC,件,500,Kg,
CSS06047,恒力吊架组件,SX A250.20 位移275 S型,,,1916T4003,,,NA,QNC,件,500,Kg,
CSS06048,恒力吊架组件,SX A250.20 位移280 S型,,,1916T4003,,,NA,QNC,件,500,Kg,
CSS06049,恒力吊架组件,SX A250.20 位移285 S型,,,1916T4003,,,NA,QNC,件,500,Kg,
CSS06050,恒力吊架组件,SX A250.20 位移290 S型,,,1916T4003,,,NA,QNC,件,500,Kg,
CSS06051,恒力吊架组件,SX A250.20 位移295 S型,,,1916T4003,,,NA,QNC,件,500,Kg,
CSS06052,恒力吊架组件,SX A250.20 位移300 S型,,,1916T4003,,,NA,QNC,件,500,Kg,
CSS06053,恒力吊架组件,SX A250.20 位移305 S型,,,1916T4003,,,NA,QNC,件,500,Kg,
CSS06054,恒力吊架组件,SX A250.20 位移310 S型,,,1916T4003,,,NA,QNC,件,500,Kg,
CSS06055,恒力吊架组件,SX A250.20 位移315 S型,,,1916T4003,,,NA,QNC,件,500,Kg,
CSS06056,恒力吊架组件,SX A250.20 位移320 S型,,,1916T4003,,,NA,QNC,件,500,Kg,
CSS06057,恒力吊架组件,SX A250.20 位移325 S型,,,1916T4003,,,NA,QNC,件,500,Kg,
CSS06058,恒力吊架组件,SX A250.20 位移330 S型,,,1916T4003,,,NA,QNC,件,500,Kg,
CSS06059,恒力吊架组件,SX A250.20 位移335 S型,,,1916T4003,,,NA,QNC,件,500,Kg,
CSS06060,恒力吊架组件,SX A250.20 位移340 S型,,,1916T4003,,,NA,QNC,件,500,Kg,
CSS06061,恒力吊架组件,SX A250.20 位移345 S型,,,1916T4003,,,NA,QNC,件,500,Kg,
CSS06062,恒力吊架组件,SX A250.20 位移350 S型,,,1916T4003,,,NA,QNC,件,500,Kg,
CSS06063,恒力吊架组件,SX A250.25 位移170 S型,,,1916T4003,,,NA,QNC,件,500,Kg,
CSS06064,恒力吊架组件,SX A250.25 位移175 S型,,,1916T4003,,,NA,QNC,件,500,Kg,
CSS06065,恒力吊架组件,SX A250.25 位移180 S型,,,1916T4003,,,NA,QNC,件,500,Kg,
CSS06066,恒力吊架组件,SX A250.25 位移185 S型,,,1916T4003,,,NA,QNC,件,500,Kg,
CSS06067,恒力吊架组件,SX A250.25 位移190 S型,,,1916T4003,,,NA,QNC,件,500,Kg,
CSS06068,恒力吊架组件,SX A250.25 位移195 S型,,,1916T4003,,,NA,QNC,件,500,Kg,
CSS06069,恒力吊架组件,SX A250.25 位移200 S型,,,1916T4003,,,NA,QNC,件,500,Kg,
CSS06070,恒力吊架组件,SX A250.25 位移205 S型,,,1916T4003,,,NA,QNC,件,500,Kg,
CSS06071,恒力吊架组件,SX A250.25 位移210 S型,,,1916T4003,,,NA,QNC,件,500,Kg,
CSS06072,恒力吊架组件,SX A250.25 位移215 S型,,,1916T4003,,,NA,QNC,件,500,Kg,
CSS06073,恒力吊架组件,SX A250.25 位移220 S型,,,1916T4003,,,NA,QNC,件,500,Kg,
CSS06074,恒力吊架组件,SX A250.25 位移225 S型,,,1916T4003,,,NA,QNC,件,500,Kg,
CSS06075,恒力吊架组件,SX A250.25 位移230 S型,,,1916T4003,,,NA,QNC,件,500,Kg,
CSS06076,恒力吊架组件,SX A250.25 位移235 S型,,,1916T4003,,,NA,QNC,件,500,Kg,
CSS06077,恒力吊架组件,SX A250.25 位移240 S型,,,1916T4003,,,NA,QNC,件,500,Kg,
CSS06078,恒力吊架组件,SX A250.25 位移245 S型,,,1916T4003,,,NA,QNC,件,500,Kg,
CSS06079,恒力吊架组件,SX A250.25 位移250 S型,,,1916T4003,,,NA,QNC,件,500,Kg,
CSS06080,恒力吊架组件,SX A250.25 位移255 S型,,,1916T4003,,,NA,QNC,件,500,Kg,
CSS06081,恒力吊架组件,SX A250.25 位移260 S型,,,1916T4003,,,NA,QNC,件,500,Kg,
CSS06082,恒力吊架组件,SX A250.25 位移265 S型,,,1916T4003,,,NA,QNC,件,500,Kg,
CSS06083,恒力吊架组件,SX A250.25 位移270 S型,,,1916T4003,,,NA,QNC,件,500,Kg,
CSS06084,恒力吊架组件,SX A250.25 位移275 S型,,,1916T4003,,,NA,QNC,件,500,Kg,
CSS06085,恒力吊架组件,SX A250.25 位移280 S型,,,1916T4003,,,NA,QNC,件,500,Kg,
CSS06086,恒力吊架组件,SX A250.25 位移285 S型,,,1916T4003,,,NA,QNC,件,500,Kg,
CSS06087,恒力吊架组件,SX A250.25 位移290 S型,,,1916T4003,,,NA,QNC,件,500,Kg,
CSS06088,恒力吊架组件,SX A250.25 位移295 S型,,,1916T4003,,,NA,QNC,件,500,Kg,
CSS06089,恒力吊架组件,SX A250.25 位移300 S型,,,1916T4003,,,NA,QNC,件,500,Kg,
CSS06090,恒力吊架组件,SX A250.25 位移305 S型,,,1916T4003,,,NA,QNC,件,500,Kg,
CSS06091,恒力吊架组件,SX A250.25 位移310 S型,,,1916T4003,,,NA,QNC,件,500,Kg,
CSS06092,恒力吊架组件,SX A250.25 位移315 S型,,,1916T4003,,,NA,QNC,件,500,Kg,
CSS06093,恒力吊架组件,SX A250.25 位移320 S型,,,1916T4003,,,NA,QNC,件,500,Kg,
CSS06094,恒力吊架组件,SX A250.25 位移325 S型,,,1916T4003,,,NA,QNC,件,500,Kg,
CSS06095,恒力吊架组件,SX A250.25 位移330 S型,,,1916T4003,,,NA,QNC,件,500,Kg,
CSS06096,恒力吊架组件,SX A250.25 位移335 S型,,,1916T4003,,,NA,QNC,件,500,Kg,
CSS06097,恒力吊架组件,SX A250.25 位移340 S型,,,1916T4003,,,NA,QNC,件,500,Kg,
CSS06098,恒力吊架组件,SX A250.25 位移345 S型,,,1916T4003,,,NA,QNC,件,500,Kg,
CSS06099,恒力吊架组件,SX A250.25 位移350 S型,,,1916T4003,,,NA,QNC,件,500,Kg,
CSS06100,恒力吊架组件,SX A250.30 位移170 S型,,,1916T4003,,,NA,QNC,件,500,Kg,
CSS06101,恒力吊架组件,SX A250.30 位移175 S型,,,1916T4003,,,NA,QNC,件,500,Kg,
CSS06102,恒力吊架组件,SX A250.30 位移180 S型,,,1916T4003,,,NA,QNC,件,500,Kg,
CSS06103,恒力吊架组件,SX A250.30 位移185 S型,,,1916T4003,,,NA,QNC,件,500,Kg,
CSS06104,恒力吊架组件,SX A250.30 位移190 S型,,,1916T4003,,,NA,QNC,件,500,Kg,
CSS06105,恒力吊架组件,SX A250.30 位移195 S型,,,1916T4003,,,NA,QNC,件,500,Kg,
CSS06106,恒力吊架组件,SX A250.30 位移200 S型,,,1916T4003,,,NA,QNC,件,500,Kg,
CSS06107,恒力吊架组件,SX A250.30 位移205 S型,,,1916T4003,,,NA,QNC,件,500,Kg,
CSS06108,恒力吊架组件,SX A250.30 位移210 S型,,,1916T4003,,,NA,QNC,件,500,Kg,
CSS06109,恒力吊架组件,SX A250.30 位移215 S型,,,1916T4003,,,NA,QNC,件,500,Kg,
CSS06110,恒力吊架组件,SX A250.30 位移220 S型,,,1916T4003,,,NA,QNC,件,500,Kg,
CSS06111,恒力吊架组件,SX A250.30 位移225 S型,,,1916T4003,,,NA,QNC,件,500,Kg,
CSS06112,恒力吊架组件,SX A250.30 位移230 S型,,,1916T4003,,,NA,QNC,件,500,Kg,
CSS06113,恒力吊架组件,SX A250.30 位移235 S型,,,1916T4003,,,NA,QNC,件,500,Kg,
CSS06114,恒力吊架组件,SX A250.30 位移240 S型,,,1916T4003,,,NA,QNC,件,500,Kg,
CSS06115,恒力吊架组件,SX A250.30 位移245 S型,,,1916T4003,,,NA,QNC,件,500,Kg,
CSS06116,恒力吊架组件,SX A250.30 位移250 S型,,,1916T4003,,,NA,QNC,件,500,Kg,
CSS06117,恒力吊架组件,SX A250.30 位移255 S型,,,1916T4003,,,NA,QNC,件,500,Kg,
CSS06118,恒力吊架组件,SX A250.30 位移260 S型,,,1916T4003,,,NA,QNC,件,500,Kg,
CSS06119,恒力吊架组件,SX A250.30 位移265 S型,,,1916T4003,,,NA,QNC,件,500,Kg,
CSS06120,恒力吊架组件,SX A250.30 位移270 S型,,,1916T4003,,,NA,QNC,件,500,Kg,
CSS06121,恒力吊架组件,SX A250.30 位移275 S型,,,1916T4003,,,NA,QNC,件,500,Kg,
CSS06122,恒力吊架组件,SX A250.30 位移280 S型,,,1916T4003,,,NA,QNC,件,500,Kg,
CSS06123,恒力吊架组件,SX A250.30 位移285 S型,,,1916T4003,,,NA,QNC,件,500,Kg,
CSS06124,恒力吊架组件,SX A250.30 位移290 S型,,,1916T4003,,,NA,QNC,件,500,Kg,
CSS06125,恒力吊架组件,SX A250.30 位移295 S型,,,1916T4003,,,NA,QNC,件,500,Kg,
CSS06126,恒力吊架组件,SX A250.30 位移300 S型,,,1916T4003,,,NA,QNC,件,500,Kg,
CSS06127,恒力吊架组件,SX A250.30 位移305 S型,,,1916T4003,,,NA,QNC,件,500,Kg,
CSS06128,恒力吊架组件,SX A250.30 位移310 S型,,,1916T4003,,,NA,QNC,件,500,Kg,
CSS06129,恒力吊架组件,SX A250.30 位移315 S型,,,1916T4003,,,NA,QNC,件,500,Kg,
CSS06130,恒力吊架组件,SX A250.30 位移320 S型,,,1916T4003,,,NA,QNC,件,500,Kg,
CSS06131,恒力吊架组件,SX A250.30 位移325 S型,,,1916T4003,,,NA,QNC,件,500,Kg,
CSS06132,恒力吊架组件,SX A250.30 位移330 S型,,,1916T4003,,,NA,QNC,件,500,Kg,
CSS06133,恒力吊架组件,SX A250.30 位移335 S型,,,1916T4003,,,NA,QNC,件,500,Kg,
CSS06134,恒力吊架组件,SX A250.30 位移340 S型,,,1916T4003,,,NA,QNC,件,500,Kg,
CSS06135,恒力吊架组件,SX A250.30 位移345 S型,,,1916T4003,,,NA,QNC,件,500,Kg,
CSS06136,恒力吊架组件,SX A250.30 位移350 S型,,,1916T4003,,,NA,QNC,件,500,Kg,
CSS06137,恒力吊架组件,SX A250.35 位移190 S型,,,1916T4003,,,NA,QNC,件,500,Kg,
CSS06138,恒力吊架组件,SX A250.35 位移195 S型,,,1916T4003,,,NA,QNC,件,500,Kg,
CSS06139,恒力吊架组件,SX A250.35 位移200 S型,,,1916T4003,,,NA,QNC,件,500,Kg,
CSS06140,恒力吊架组件,SX A250.35 位移205 S型,,,1916T4003,,,NA,QNC,件,500,Kg,
CSS06141,恒力吊架组件,SX A250.35 位移210 S型,,,1916T4003,,,NA,QNC,件,500,Kg,
CSS06142,恒力吊架组件,SX A250.35 位移215 S型,,,1916T4003,,,NA,QNC,件,500,Kg,
CSS06143,恒力吊架组件,SX A250.35 位移220 S型,,,1916T4003,,,NA,QNC,件,500,Kg,
CSS06144,恒力吊架组件,SX A250.35 位移225 S型,,,1916T4003,,,NA,QNC,件,500,Kg,
CSS06145,恒力吊架组件,SX A250.35 位移230 S型,,,1916T4003,,,NA,QNC,件,500,Kg,
CSS06146,恒力吊架组件,SX A250.35 位移235 S型,,,1916T4003,,,NA,QNC,件,500,Kg,
CSS06147,恒力吊架组件,SX A250.35 位移240 S型,,,1916T4003,,,NA,QNC,件,500,Kg,
CSS06148,恒力吊架组件,SX A250.35 位移245 S型,,,1916T4003,,,NA,QNC,件,500,Kg,
CSS06149,恒力吊架组件,SX A250.35 位移250 S型,,,1916T4003,,,NA,QNC,件,500,Kg,
CSS06150,恒力吊架组件,SX A250.35 位移255 S型,,,1916T4003,,,NA,QNC,件,500,Kg,
CSS06151,恒力吊架组件,SX A250.35 位移260 S型,,,1916T4003,,,NA,QNC,件,500,Kg,
CSS06152,恒力吊架组件,SX A250.35 位移265 S型,,,1916T4003,,,NA,QNC,件,500,Kg,
CSS06153,恒力吊架组件,SX A250.35 位移270 S型,,,1916T4003,,,NA,QNC,件,500,Kg,
CSS06154,恒力吊架组件,SX A250.35 位移275 S型,,,1916T4003,,,NA,QNC,件,500,Kg,
CSS06155,恒力吊架组件,SX A250.35 位移280 S型,,,1916T4003,,,NA,QNC,件,500,Kg,
CSS06156,恒力吊架组件,SX A250.35 位移285 S型,,,1916T4003,,,NA,QNC,件,500,Kg,
CSS06157,恒力吊架组件,SX A250.35 位移290 S型,,,1916T4003,,,NA,QNC,件,500,Kg,
CSS06158,恒力吊架组件,SX A250.35 位移295 S型,,,1916T4003,,,NA,QNC,件,500,Kg,
CSS06159,恒力吊架组件,SX A250.35 位移300 S型,,,1916T4003,,,NA,QNC,件,500,Kg,
CSS06160,恒力吊架组件,SX A250.35 位移305 S型,,,1916T4003,,,NA,QNC,件,500,Kg,
CSS06161,恒力吊架组件,SX A250.35 位移310 S型,,,1916T4003,,,NA,QNC,件,500,Kg,
CSS06162,恒力吊架组件,SX A250.35 位移315 S型,,,1916T4003,,,NA,QNC,件,500,Kg,
CSS06163,恒力吊架组件,SX A250.35 位移320 S型,,,1916T4003,,,NA,QNC,件,500,Kg,
CSS06164,恒力吊架组件,SX A250.35 位移325 S型,,,1916T4003,,,NA,QNC,件,500,Kg,
CSS06165,恒力吊架组件,SX A250.35 位移330 S型,,,1916T4003,,,NA,QNC,件,500,Kg,
CSS06166,恒力吊架组件,SX A250.35 位移335 S型,,,1916T4003,,,NA,QNC,件,500,Kg,
CSS06167,恒力吊架组件,SX A250.35 位移340 S型,,,1916T4003,,,NA,QNC,件,500,Kg,
CSS06168,恒力吊架组件,SX A250.35 位移345 S型,,,1916T4003,,,NA,QNC,件,500,Kg,
CSS06169,恒力吊架组件,SX A250.35 位移350 S型,,,1916T4003,,,NA,QNC,件,500,Kg,
CSS06170,恒力吊架组件,SX A100.15 位移90 P型,,,1916T4003,,,NA,QNC,件,115,Kg,
CSS06171,恒力吊架组件,SX A100.15 位移95 P型,,,1916T4003,,,NA,QNC,件,115,Kg,
CSS06172,恒力吊架组件,SX A100.15 位移100 P型,,,1916T4003,,,NA,QNC,件,115,Kg,
CSS06173,恒力吊架组件,SX A100.15 位移105 P型,,,1916T4003,,,NA,QNC,件,115,Kg,
CSS06174,恒力吊架组件,SX A100.15 位移110 P型,,,1916T4003,,,NA,QNC,件,115,Kg,
CSS06175,恒力吊架组件,SX A100.15 位移115 P型,,,1916T4003,,,NA,QNC,件,115,Kg,
CSS06176,恒力吊架组件,SX A100.15 位移120 P型,,,1916T4003,,,NA,QNC,件,115,Kg,
CSS06177,恒力吊架组件,SX A100.15 位移125 P型,,,1916T4003,,,NA,QNC,件,115,Kg,
CSS06178,恒力吊架组件,SX A100.15 位移130 P型,,,1916T4003,,,NA,QNC,件,115,Kg,
CSS06179,恒力吊架组件,SX A100.15 位移135 P型,,,1916T4003,,,NA,QNC,件,115,Kg,
CSS06180,恒力吊架组件,SX A100.15 位移140 P型,,,1916T4003,,,NA,QNC,件,115,Kg,
CSS06181,恒力吊架组件,SX A100.15 位移145 P型,,,1916T4003,,,NA,QNC,件,115,Kg,
CSS06182,恒力吊架组件,SX A100.15 位移150 P型,,,1916T4003,,,NA,QNC,件,115,Kg,
CSS06183,恒力吊架组件,SX A100.15 位移155 P型,,,1916T4003,,,NA,QNC,件,115,Kg,
CSS06184,恒力吊架组件,SX A100.15 位移160 P型,,,1916T4003,,,NA,QNC,件,115,Kg,
CSS06185,恒力吊架组件,SX A100.15 位移165 P型,,,1916T4003,,,NA,QNC,件,115,Kg,
CSS06186,恒力吊架组件,SX A100.15 位移170 P型,,,1916T4003,,,NA,QNC,件,115,Kg,
CSS06187,恒力吊架组件,SX A100.15 位移175 P型,,,1916T4003,,,NA,QNC,件,115,Kg,
CSS06188,恒力吊架组件,SX A100.15 位移180 P型,,,1916T4003,,,NA,QNC,件,115,Kg,
CSS06189,恒力吊架组件,SX A100.15 位移185 P型,,,1916T4003,,,NA,QNC,件,115,Kg,
CSS06190,恒力吊架组件,SX A100.15 位移190 P型,,,1916T4003,,,NA,QNC,件,115,Kg,
CSS06191,恒力吊架组件,SX A100.15 位移195 P型,,,1916T4003,,,NA,QNC,件,115,Kg,
CSS06192,恒力吊架组件,SX A100.15 位移200 P型,,,1916T4003,,,NA,QNC,件,115,Kg,
CSS06193,恒力吊架组件,SX A100.15 位移205 P型,,,1916T4003,,,NA,QNC,件,115,Kg,
CSS06194,恒力吊架组件,SX A100.15 位移210 P型,,,1916T4003,,,NA,QNC,件,115,Kg,
CSS06195,恒力吊架组件,SX A100.15 位移215 P型,,,1916T4003,,,NA,QNC,件,115,Kg,
CSS06196,恒力吊架组件,SX A100.15 位移220 P型,,,1916T4003,,,NA,QNC,件,115,Kg,
CSS06197,恒力吊架组件,SX A100.15 位移225 P型,,,1916T4003,,,NA,QNC,件,115,Kg,
CSS06198,恒力吊架组件,SX A100.15 位移230 P型,,,1916T4003,,,NA,QNC,件,115,Kg,
CSS06199,恒力吊架组件,SX A100.15 位移235 P型,,,1916T4003,,,NA,QNC,件,115,Kg,
CSS06200,恒力吊架组件,SX A100.15 位移240 P型,,,1916T4003,,,NA,QNC,件,115,Kg,
CSS06201,恒力吊架组件,SX A100.15 位移245 P型,,,1916T4003,,,NA,QNC,件,115,Kg,
CSS06202,恒力吊架组件,SX A100.15 位移250 P型,,,1916T4003,,,NA,QNC,件,115,Kg,
CSS06203,恒力吊架组件,SX A100.20 位移90 P型,,,1916T4003,,,NA,QNC,件,115,Kg,
CSS06204,恒力吊架组件,SX A100.20 位移95 P型,,,1916T4003,,,NA,QNC,件,115,Kg,
CSS06205,恒力吊架组件,SX A100.20 位移100 P型,,,1916T4003,,,NA,QNC,件,115,Kg,
CSS06206,恒力吊架组件,SX A100.20 位移105 P型,,,1916T4003,,,NA,QNC,件,115,Kg,
CSS06207,恒力吊架组件,SX A100.20 位移110 P型,,,1916T4003,,,NA,QNC,件,115,Kg,
CSS06208,恒力吊架组件,SX A100.20 位移115 P型,,,1916T4003,,,NA,QNC,件,115,Kg,
CSS06209,恒力吊架组件,SX A100.20 位移120 P型,,,1916T4003,,,NA,QNC,件,115,Kg,
CSS06210,恒力吊架组件,SX A100.20 位移125 P型,,,1916T4003,,,NA,QNC,件,115,Kg,
CSS06211,恒力吊架组件,SX A100.20 位移130 P型,,,1916T4003,,,NA,QNC,件,115,Kg,
CSS06212,恒力吊架组件,SX A100.20 位移135 P型,,,1916T4003,,,NA,QNC,件,115,Kg,
CSS06213,恒力吊架组件,SX A100.20 位移140 P型,,,1916T4003,,,NA,QNC,件,115,Kg,
CSS06214,恒力吊架组件,SX A100.20 位移145 P型,,,1916T4003,,,NA,QNC,件,115,Kg,
CSS06215,恒力吊架组件,SX A100.20 位移150 P型,,,1916T4003,,,NA,QNC,件,115,Kg,
CSS06216,恒力吊架组件,SX A100.20 位移155 P型,,,1916T4003,,,NA,QNC,件,115,Kg,
CSS06217,恒力吊架组件,SX A100.20 位移160 P型,,,1916T4003,,,NA,QNC,件,115,Kg,
CSS06218,恒力吊架组件,SX A100.20 位移165 P型,,,1916T4003,,,NA,QNC,件,115,Kg,
CSS06219,恒力吊架组件,SX A100.20 位移170 P型,,,1916T4003,,,NA,QNC,件,115,Kg,
CSS06220,恒力吊架组件,SX A100.20 位移175 P型,,,1916T4003,,,NA,QNC,件,115,Kg,
CSS06221,恒力吊架组件,SX A100.20 位移180 P型,,,1916T4003,,,NA,QNC,件,115,Kg,
CSS06222,恒力吊架组件,SX A100.20 位移185 P型,,,1916T4003,,,NA,QNC,件,115,Kg,
CSS06223,恒力吊架组件,SX A100.20 位移190 P型,,,1916T4003,,,NA,QNC,件,115,Kg,
CSS06224,恒力吊架组件,SX A100.20 位移195 P型,,,1916T4003,,,NA,QNC,件,115,Kg,
CSS06225,恒力吊架组件,SX A100.20 位移200 P型,,,1916T4003,,,NA,QNC,件,115,Kg,
CSS06226,恒力吊架组件,SX A100.20 位移205 P型,,,1916T4003,,,NA,QNC,件,115,Kg,
CSS06227,恒力吊架组件,SX A100.20 位移210 P型,,,1916T4003,,,NA,QNC,件,115,Kg,
CSS06228,恒力吊架组件,SX A100.20 位移215 P型,,,1916T4003,,,NA,QNC,件,115,Kg,
CSS06229,恒力吊架组件,SX A100.20 位移220 P型,,,1916T4003,,,NA,QNC,件,115,Kg,
CSS06230,恒力吊架组件,SX A100.20 位移225 P型,,,1916T4003,,,NA,QNC,件,115,Kg,
CSS06231,恒力吊架组件,SX A100.20 位移230 P型,,,1916T4003,,,NA,QNC,件,115,Kg,
CSS06232,恒力吊架组件,SX A100.20 位移235 P型,,,1916T4003,,,NA,QNC,件,115,Kg,
CSS06233,恒力吊架组件,SX A100.20 位移240 P型,,,1916T4003,,,NA,QNC,件,115,Kg,
CSS06234,恒力吊架组件,SX A100.20 位移245 P型,,,1916T4003,,,NA,QNC,件,115,Kg,
CSS06235,恒力吊架组件,SX A100.20 位移250 P型,,,1916T4003,,,NA,QNC,件,115,Kg,
CSS06236,恒力吊架组件,SX A100.25 位移90 P型,,,1916T4003,,,NA,QNC,件,115,Kg,
CSS06237,恒力吊架组件,SX A100.25 位移95 P型,,,1916T4003,,,NA,QNC,件,115,Kg,
CSS06238,恒力吊架组件,SX A100.25 位移100 P型,,,1916T4003,,,NA,QNC,件,115,Kg,
CSS06239,恒力吊架组件,SX A100.25 位移105 P型,,,1916T4003,,,NA,QNC,件,115,Kg,
CSS06240,恒力吊架组件,SX A100.25 位移110 P型,,,1916T4003,,,NA,QNC,件,115,Kg,
CSS06241,恒力吊架组件,SX A100.25 位移115 P型,,,1916T4003,,,NA,QNC,件,115,Kg,
CSS06242,恒力吊架组件,SX A100.25 位移120 P型,,,1916T4003,,,NA,QNC,件,115,Kg,
CSS06243,恒力吊架组件,SX A100.25 位移125 P型,,,1916T4003,,,NA,QNC,件,115,Kg,
CSS06244,恒力吊架组件,SX A100.25 位移130 P型,,,1916T4003,,,NA,QNC,件,115,Kg,
CSS06245,恒力吊架组件,SX A100.25 位移135 P型,,,1916T4003,,,NA,QNC,件,115,Kg,
CSS06246,恒力吊架组件,SX A100.25 位移140 P型,,,1916T4003,,,NA,QNC,件,115,Kg,
CSS06247,恒力吊架组件,SX A100.25 位移145 P型,,,1916T4003,,,NA,QNC,件,115,Kg,
CSS06248,恒力吊架组件,SX A100.25 位移150 P型,,,1916T4003,,,NA,QNC,件,115,Kg,
CSS06249,恒力吊架组件,SX A100.25 位移155 P型,,,1916T4003,,,NA,QNC,件,115,Kg,
CSS06250,恒力吊架组件,SX A100.25 位移160 P型,,,1916T4003,,,NA,QNC,件,115,Kg,
CSS06251,恒力吊架组件,SX A100.25 位移165 P型,,,1916T4003,,,NA,QNC,件,115,Kg,
CSS06252,恒力吊架组件,SX A100.25 位移170 P型,,,1916T4003,,,NA,QNC,件,115,Kg,
CSS06253,恒力吊架组件,SX A100.25 位移175 P型,,,1916T4003,,,NA,QNC,件,115,Kg,
CSS06254,恒力吊架组件,SX A100.25 位移180 P型,,,1916T4003,,,NA,QNC,件,115,Kg,
CSS06255,恒力吊架组件,SX A100.25 位移185 P型,,,1916T4003,,,NA,QNC,件,115,Kg,
CSS06256,恒力吊架组件,SX A100.25 位移190 P型,,,1916T4003,,,NA,QNC,件,115,Kg,
CSS06257,恒力吊架组件,SX A100.25 位移195 P型,,,1916T4003,,,NA,QNC,件,115,Kg,
CSS06258,恒力吊架组件,SX A100.25 位移200 P型,,,1916T4003,,,NA,QNC,件,115,Kg,
CSS06259,恒力吊架组件,SX A100.25 位移205 P型,,,1916T4003,,,NA,QNC,件,115,Kg,
CSS06260,恒力吊架组件,SX A100.25 位移210 P型,,,1916T4003,,,NA,QNC,件,115,Kg,
CSS06261,恒力吊架组件,SX A100.25 位移215 P型,,,1916T4003,,,NA,QNC,件,115,Kg,
CSS06262,恒力吊架组件,SX A100.25 位移220 P型,,,1916T4003,,,NA,QNC,件,115,Kg,
CSS06263,恒力吊架组件,SX A100.25 位移225 P型,,,1916T4003,,,NA,QNC,件,115,Kg,
CSS06264,恒力吊架组件,SX A100.25 位移230 P型,,,1916T4003,,,NA,QNC,件,115,Kg,
CSS06265,恒力吊架组件,SX A100.25 位移235 P型,,,1916T4003,,,NA,QNC,件,115,Kg,
CSS06266,恒力吊架组件,SX A100.25 位移240 P型,,,1916T4003,,,NA,QNC,件,115,Kg,
CSS06267,恒力吊架组件,SX A100.25 位移245 P型,,,1916T4003,,,NA,QNC,件,115,Kg,
CSS06268,恒力吊架组件,SX A100.25 位移250 P型,,,1916T4003,,,NA,QNC,件,115,Kg,
CSS06269,恒力吊架组件,SX A100.30 位移90 P型,,,1916T4003,,,NA,QNC,件,115,Kg,
CSS06270,恒力吊架组件,SX A100.30 位移95 P型,,,1916T4003,,,NA,QNC,件,115,Kg,
CSS06271,恒力吊架组件,SX A100.30 位移100 P型,,,1916T4003,,,NA,QNC,件,115,Kg,
CSS06272,恒力吊架组件,SX A100.30 位移105 P型,,,1916T4003,,,NA,QNC,件,115,Kg,
CSS06273,恒力吊架组件,SX A100.30 位移110 P型,,,1916T4003,,,NA,QNC,件,115,Kg,
CSS06274,恒力吊架组件,SX A100.30 位移115 P型,,,1916T4003,,,NA,QNC,件,115,Kg,
CSS06275,恒力吊架组件,SX A100.30 位移120 P型,,,1916T4003,,,NA,QNC,件,115,Kg,
CSS06276,恒力吊架组件,SX A100.30 位移125 P型,,,1916T4003,,,NA,QNC,件,115,Kg,
CSS06277,恒力吊架组件,SX A100.30 位移130 P型,,,1916T4003,,,NA,QNC,件,115,Kg,
CSS06278,恒力吊架组件,SX A100.30 位移135 P型,,,1916T4003,,,NA,QNC,件,115,Kg,
CSS06279,恒力吊架组件,SX A100.30 位移140 P型,,,1916T4003,,,NA,QNC,件,115,Kg,
CSS06280,恒力吊架组件,SX A100.30 位移145 P型,,,1916T4003,,,NA,QNC,件,115,Kg,
CSS06281,恒力吊架组件,SX A100.30 位移150 P型,,,1916T4003,,,NA,QNC,件,115,Kg,
CSS06282,恒力吊架组件,SX A100.30 位移155 P型,,,1916T4003,,,NA,QNC,件,115,Kg,
CSS06283,恒力吊架组件,SX A100.30 位移160 P型,,,1916T4003,,,NA,QNC,件,115,Kg,
CSS06284,恒力吊架组件,SX A100.30 位移165 P型,,,1916T4003,,,NA,QNC,件,115,Kg,
CSS06285,恒力吊架组件,SX A100.30 位移170 P型,,,1916T4003,,,NA,QNC,件,115,Kg,
CSS06286,恒力吊架组件,SX A100.30 位移175 P型,,,1916T4003,,,NA,QNC,件,115,Kg,
CSS06287,恒力吊架组件,SX A100.30 位移180 P型,,,1916T4003,,,NA,QNC,件,115,Kg,
CSS06288,恒力吊架组件,SX A100.30 位移185 P型,,,1916T4003,,,NA,QNC,件,115,Kg,
CSS06289,恒力吊架组件,SX A100.30 位移190 P型,,,1916T4003,,,NA,QNC,件,115,Kg,
CSS06290,恒力吊架组件,SX A100.30 位移195 P型,,,1916T4003,,,NA,QNC,件,115,Kg,
CSS06291,恒力吊架组件,SX A100.30 位移200 P型,,,1916T4003,,,NA,QNC,件,115,Kg,
CSS06292,恒力吊架组件,SX A100.30 位移205 P型,,,1916T4003,,,NA,QNC,件,115,Kg,
CSS06293,恒力吊架组件,SX A100.30 位移210 P型,,,1916T4003,,,NA,QNC,件,115,Kg,
CSS06294,恒力吊架组件,SX A100.30 位移215 P型,,,1916T4003,,,NA,QNC,件,115,Kg,
CSS06295,恒力吊架组件,SX A100.30 位移220 P型,,,1916T4003,,,NA,QNC,件,115,Kg,
CSS06296,恒力吊架组件,SX A100.30 位移225 P型,,,1916T4003,,,NA,QNC,件,115,Kg,
CSS06297,恒力吊架组件,SX A100.30 位移230 P型,,,1916T4003,,,NA,QNC,件,115,Kg,
CSS06298,恒力吊架组件,SX A100.30 位移235 P型,,,1916T4003,,,NA,QNC,件,115,Kg,
CSS06299,恒力吊架组件,SX A100.30 位移240 P型,,,1916T4003,,,NA,QNC,件,115,Kg,
CSS06300,恒力吊架组件,SX A100.30 位移245 P型,,,1916T4003,,,NA,QNC,件,115,Kg,
CSS06301,恒力吊架组件,SX A100.30 位移250 P型,,,1916T4003,,,NA,QNC,件,115,Kg,
CSS06302,恒力吊架组件,SX A101.2.5 位移90 P型,,,1916T4003,,,NA,QNC,件,61,Kg,
CSS06303,恒力吊架组件,SX A101.2.5 位移95 P型,,,1916T4003,,,NA,QNC,件,61,Kg,
CSS06304,恒力吊架组件,SX A101.2.5 位移100 P型,,,1916T4003,,,NA,QNC,件,61,Kg,
CSS06305,恒力吊架组件,SX A101.2.5 位移105 P型,,,1916T4003,,,NA,QNC,件,61,Kg,
CSS06306,恒力吊架组件,SX A101.2.5 位移110 P型,,,1916T4003,,,NA,QNC,件,61,Kg,
CSS06307,恒力吊架组件,SX A101.2.5 位移115 P型,,,1916T4003,,,NA,QNC,件,61,Kg,
CSS06308,恒力吊架组件,SX A101.2.5 位移120 P型,,,1916T4003,,,NA,QNC,件,61,Kg,
CSS06309,恒力吊架组件,SX A101.2.5 位移125 P型,,,1916T4003,,,NA,QNC,件,61,Kg,
CSS06310,恒力吊架组件,SX A101.2.5 位移130 P型,,,1916T4003,,,NA,QNC,件,61,Kg,
CSS06311,恒力吊架组件,SX A101.2.5 位移135 P型,,,1916T4003,,,NA,QNC,件,61,Kg,
CSS06312,恒力吊架组件,SX A101.2.5 位移140 P型,,,1916T4003,,,NA,QNC,件,61,Kg,
CSS06313,恒力吊架组件,SX A101.2.5 位移145 P型,,,1916T4003,,,NA,QNC,件,61,Kg,
CSS06314,恒力吊架组件,SX A101.2.5 位移150 P型,,,1916T4003,,,NA,QNC,件,61,Kg,
CSS06315,恒力吊架组件,SX A101.2.5 位移155 P型,,,1916T4003,,,NA,QNC,件,61,Kg,
CSS06316,恒力吊架组件,SX A101.2.5 位移160 P型,,,1916T4003,,,NA,QNC,件,61,Kg,
CSS06317,恒力吊架组件,SX A101.2.5 位移165 P型,,,1916T4003,,,NA,QNC,件,61,Kg,
CSS06318,恒力吊架组件,SX A101.2.5 位移170 P型,,,1916T4003,,,NA,QNC,件,61,Kg,
CSS06319,恒力吊架组件,SX A101.2.5 位移175 P型,,,1916T4003,,,NA,QNC,件,61,Kg,
CSS06320,恒力吊架组件,SX A101.2.5 位移180 P型,,,1916T4003,,,NA,QNC,件,61,Kg,
CSS06321,恒力吊架组件,SX A101.2.5 位移185 P型,,,1916T4003,,,NA,QNC,件,61,Kg,
CSS06322,恒力吊架组件,SX A101.2.5 位移190 P型,,,1916T4003,,,NA,QNC,件,61,Kg,
CSS06323,恒力吊架组件,SX A101.2.5 位移195 P型,,,1916T4003,,,NA,QNC,件,61,Kg,
CSS06324,恒力吊架组件,SX A101.2.5 位移200 P型,,,1916T4003,,,NA,QNC,件,61,Kg,
CSS06325,恒力吊架组件,SX A101.2.5 位移205 P型,,,1916T4003,,,NA,QNC,件,61,Kg,
CSS06326,恒力吊架组件,SX A101.2.5 位移210 P型,,,1916T4003,,,NA,QNC,件,61,Kg,
CSS06327,恒力吊架组件,SX A101.2.5 位移215 P型,,,1916T4003,,,NA,QNC,件,61,Kg,
CSS06328,恒力吊架组件,SX A101.2.5 位移220 P型,,,1916T4003,,,NA,QNC,件,61,Kg,
CSS06329,恒力吊架组件,SX A101.2.5 位移225 P型,,,1916T4003,,,NA,QNC,件,61,Kg,
CSS06330,恒力吊架组件,SX A101.2.5 位移230 P型,,,1916T4003,,,NA,QNC,件,61,Kg,
CSS06331,恒力吊架组件,SX A101.2.5 位移235 P型,,,1916T4003,,,NA,QNC,件,61,Kg,
CSS06332,恒力吊架组件,SX A101.2.5 位移240 P型,,,1916T4003,,,NA,QNC,件,61,Kg,
CSS06333,恒力吊架组件,SX A101.2.5 位移245 P型,,,1916T4003,,,NA,QNC,件,61,Kg,
CSS06334,恒力吊架组件,SX A101.2.5 位移250 P型,,,1916T4003,,,NA,QNC,件,61,Kg,
CSS06335,恒力吊架组件,SX A101.5 位移90 P型,,,1916T4003,,,NA,QNC,件,61,Kg,
CSS06336,恒力吊架组件,SX A101.5 位移95 P型,,,1916T4003,,,NA,QNC,件,61,Kg,
CSS06337,恒力吊架组件,SX A101.5 位移100 P型,,,1916T4003,,,NA,QNC,件,61,Kg,
CSS06338,恒力吊架组件,SX A101.5 位移105 P型,,,1916T4003,,,NA,QNC,件,61,Kg,
CSS06339,恒力吊架组件,SX A101.5 位移110 P型,,,1916T4003,,,NA,QNC,件,61,Kg,
CSS06340,恒力吊架组件,SX A101.5 位移115 P型,,,1916T4003,,,NA,QNC,件,61,Kg,
CSS06341,恒力吊架组件,SX A101.5 位移120 P型,,,1916T4003,,,NA,QNC,件,61,Kg,
CSS06342,恒力吊架组件,SX A101.5 位移125 P型,,,1916T4003,,,NA,QNC,件,61,Kg,
CSS06343,恒力吊架组件,SX A101.5 位移130 P型,,,1916T4003,,,NA,QNC,件,61,Kg,
CSS06344,恒力吊架组件,SX A101.5 位移135 P型,,,1916T4003,,,NA,QNC,件,61,Kg,
CSS06345,恒力吊架组件,SX A101.5 位移140 P型,,,1916T4003,,,NA,QNC,件,61,Kg,
CSS06346,恒力吊架组件,SX A101.5 位移145 P型,,,1916T4003,,,NA,QNC,件,61,Kg,
CSS06347,恒力吊架组件,SX A101.5 位移150 P型,,,1916T4003,,,NA,QNC,件,61,Kg,
CSS06348,恒力吊架组件,SX A101.5 位移155 P型,,,1916T4003,,,NA,QNC,件,61,Kg,
CSS06349,恒力吊架组件,SX A101.5 位移160 P型,,,1916T4003,,,NA,QNC,件,61,Kg,
CSS06350,恒力吊架组件,SX A101.5 位移165 P型,,,1916T4003,,,NA,QNC,件,61,Kg,
CSS06351,恒力吊架组件,SX A101.5 位移170 P型,,,1916T4003,,,NA,QNC,件,61,Kg,
CSS06352,恒力吊架组件,SX A101.5 位移175 P型,,,1916T4003,,,NA,QNC,件,61,Kg,
CSS06353,恒力吊架组件,SX A101.5 位移180 P型,,,1916T4003,,,NA,QNC,件,61,Kg,
CSS06354,恒力吊架组件,SX A101.5 位移185 P型,,,1916T4003,,,NA,QNC,件,61,Kg,
CSS06355,恒力吊架组件,SX A101.5 位移190 P型,,,1916T4003,,,NA,QNC,件,61,Kg,
CSS06356,恒力吊架组件,SX A101.5 位移195 P型,,,1916T4003,,,NA,QNC,件,61,Kg,
CSS06357,恒力吊架组件,SX A101.5 位移200 P型,,,1916T4003,,,NA,QNC,件,61,Kg,
CSS06358,恒力吊架组件,SX A101.5 位移205 P型,,,1916T4003,,,NA,QNC,件,61,Kg,
CSS06359,恒力吊架组件,SX A101.5 位移210 P型,,,1916T4003,,,NA,QNC,件,61,Kg,
CSS06360,恒力吊架组件,SX A101.5 位移215 P型,,,1916T4003,,,NA,QNC,件,61,Kg,
CSS06361,恒力吊架组件,SX A101.5 位移220 P型,,,1916T4003,,,NA,QNC,件,61,Kg,
CSS06362,恒力吊架组件,SX A101.5 位移225 P型,,,1916T4003,,,NA,QNC,件,61,Kg,
CSS06363,恒力吊架组件,SX A101.5 位移230 P型,,,1916T4003,,,NA,QNC,件,61,Kg,
CSS06364,恒力吊架组件,SX A101.5 位移235 P型,,,1916T4003,,,NA,QNC,件,61,Kg,
CSS06365,恒力吊架组件,SX A101.5 位移240 P型,,,1916T4003,,,NA,QNC,件,61,Kg,
CSS06366,恒力吊架组件,SX A101.5 位移245 P型,,,1916T4003,,,NA,QNC,件,61,Kg,
CSS06367,恒力吊架组件,SX A101.5 位移250 P型,,,1916T4003,,,NA,QNC,件,61,Kg,
CSS06368,恒力吊架组件,SX A101.10 位移90 P型,,,1916T4003,,,NA,QNC,件,61,Kg,
CSS06369,恒力吊架组件,SX A101.10 位移95 P型,,,1916T4003,,,NA,QNC,件,61,Kg,
CSS06370,恒力吊架组件,SX A101.10 位移100 P型,,,1916T4003,,,NA,QNC,件,61,Kg,
CSS06371,恒力吊架组件,SX A101.10 位移105 P型,,,1916T4003,,,NA,QNC,件,61,Kg,
CSS06372,恒力吊架组件,SX A101.10 位移110 P型,,,1916T4003,,,NA,QNC,件,61,Kg,
CSS06373,恒力吊架组件,SX A101.10 位移115 P型,,,1916T4003,,,NA,QNC,件,61,Kg,
CSS06374,恒力吊架组件,SX A101.10 位移120 P型,,,1916T4003,,,NA,QNC,件,61,Kg,
CSS06375,恒力吊架组件,SX A101.10 位移125 P型,,,1916T4003,,,NA,QNC,件,61,Kg,
CSS06376,恒力吊架组件,SX A101.10 位移130 P型,,,1916T4003,,,NA,QNC,件,61,Kg,
CSS06377,恒力吊架组件,SX A101.10 位移135 P型,,,1916T4003,,,NA,QNC,件,61,Kg,
CSS06378,恒力吊架组件,SX A101.10 位移140 P型,,,1916T4003,,,NA,QNC,件,61,Kg,
CSS06379,恒力吊架组件,SX A101.10 位移145 P型,,,1916T4003,,,NA,QNC,件,61,Kg,
CSS06380,恒力吊架组件,SX A101.10 位移150 P型,,,1916T4003,,,NA,QNC,件,61,Kg,
CSS06381,恒力吊架组件,SX A101.10 位移155 P型,,,1916T4003,,,NA,QNC,件,61,Kg,
CSS06382,恒力吊架组件,SX A101.10 位移160 P型,,,1916T4003,,,NA,QNC,件,61,Kg,
CSS06383,恒力吊架组件,SX A101.10 位移165 P型,,,1916T4003,,,NA,QNC,件,61,Kg,
CSS06384,恒力吊架组件,SX A101.10 位移170 P型,,,1916T4003,,,NA,QNC,件,61,Kg,
CSS06385,恒力吊架组件,SX A101.10 位移175 P型,,,1916T4003,,,NA,QNC,件,61,Kg,
CSS06386,恒力吊架组件,SX A101.10 位移180 P型,,,1916T4003,,,NA,QNC,件,61,Kg,
CSS06387,恒力吊架组件,SX A101.10 位移185 P型,,,1916T4003,,,NA,QNC,件,61,Kg,
CSS06388,恒力吊架组件,SX A101.10 位移190 P型,,,1916T4003,,,NA,QNC,件,61,Kg,
CSS06389,恒力吊架组件,SX A101.10 位移195 P型,,,1916T4003,,,NA,QNC,件,61,Kg,
CSS06390,恒力吊架组件,SX A101.10 位移200 P型,,,1916T4003,,,NA,QNC,件,61,Kg,
CSS06391,恒力吊架组件,SX A101.10 位移205 P型,,,1916T4003,,,NA,QNC,件,61,Kg,
CSS06392,恒力吊架组件,SX A101.10 位移210 P型,,,1916T4003,,,NA,QNC,件,61,Kg,
CSS06393,恒力吊架组件,SX A101.10 位移215 P型,,,1916T4003,,,NA,QNC,件,61,Kg,
CSS06394,恒力吊架组件,SX A101.10 位移220 P型,,,1916T4003,,,NA,QNC,件,61,Kg,
CSS06395,恒力吊架组件,SX A101.10 位移225 P型,,,1916T4003,,,NA,QNC,件,61,Kg,
CSS06396,恒力吊架组件,SX A101.10 位移230 P型,,,1916T4003,,,NA,QNC,件,61,Kg,
CSS06397,恒力吊架组件,SX A101.10 位移235 P型,,,1916T4003,,,NA,QNC,件,61,Kg,
CSS06398,恒力吊架组件,SX A101.10 位移240 P型,,,1916T4003,,,NA,QNC,件,61,Kg,
CSS06399,恒力吊架组件,SX A101.10 位移245 P型,,,1916T4003,,,NA,QNC,件,61,Kg,
CSS06400,恒力吊架组件,SX A101.10 位移250 P型,,,1916T4003,,,NA,QNC,件,61,Kg,
CSS06401,恒力吊架组件,SX A150.5 位移120 P型,,,1916T4003,,,NA,QNC,件,190,Kg,
CSS06402,恒力吊架组件,SX A150.5 位移125 P型,,,1916T4003,,,NA,QNC,件,190,Kg,
CSS06403,恒力吊架组件,SX A150.5 位移130 P型,,,1916T4003,,,NA,QNC,件,190,Kg,
CSS06404,恒力吊架组件,SX A150.5 位移135 P型,,,1916T4003,,,NA,QNC,件,190,Kg,
CSS06405,恒力吊架组件,SX A150.5 位移140 P型,,,1916T4003,,,NA,QNC,件,190,Kg,
CSS06406,恒力吊架组件,SX A150.5 位移145 P型,,,1916T4003,,,NA,QNC,件,190,Kg,
CSS06407,恒力吊架组件,SX A150.5 位移150 P型,,,1916T4003,,,NA,QNC,件,190,Kg,
CSS06408,恒力吊架组件,SX A150.5 位移155 P型,,,1916T4003,,,NA,QNC,件,190,Kg,
CSS06409,恒力吊架组件,SX A150.5 位移160 P型,,,1916T4003,,,NA,QNC,件,190,Kg,
CSS06410,恒力吊架组件,SX A150.5 位移165 P型,,,1916T4003,,,NA,QNC,件,190,Kg,
CSS06411,恒力吊架组件,SX A150.5 位移170 P型,,,1916T4003,,,NA,QNC,件,190,Kg,
CSS06412,恒力吊架组件,SX A150.5 位移175 P型,,,1916T4003,,,NA,QNC,件,190,Kg,
CSS06413,恒力吊架组件,SX A150.5 位移180 P型,,,1916T4003,,,NA,QNC,件,190,Kg,
CSS06414,恒力吊架组件,SX A150.5 位移185 P型,,,1916T4003,,,NA,QNC,件,190,Kg,
CSS06415,恒力吊架组件,SX A150.5 位移190 P型,,,1916T4003,,,NA,QNC,件,190,Kg,
CSS06416,恒力吊架组件,SX A150.5 位移195 P型,,,1916T4003,,,NA,QNC,件,190,Kg,
CSS06417,恒力吊架组件,SX A150.5 位移200 P型,,,1916T4003,,,NA,QNC,件,190,Kg,
CSS06418,恒力吊架组件,SX A150.5 位移205 P型,,,1916T4003,,,NA,QNC,件,190,Kg,
CSS06419,恒力吊架组件,SX A150.5 位移210 P型,,,1916T4003,,,NA,QNC,件,190,Kg,
CSS06420,恒力吊架组件,SX A150.5 位移215 P型,,,1916T4003,,,NA,QNC,件,190,Kg,
CSS06421,恒力吊架组件,SX A150.5 位移220 P型,,,1916T4003,,,NA,QNC,件,190,Kg,
CSS06422,恒力吊架组件,SX A150.5 位移225 P型,,,1916T4003,,,NA,QNC,件,190,Kg,
CSS06423,恒力吊架组件,SX A150.5 位移230 P型,,,1916T4003,,,NA,QNC,件,190,Kg,
CSS06424,恒力吊架组件,SX A150.5 位移235 P型,,,1916T4003,,,NA,QNC,件,190,Kg,
CSS06425,恒力吊架组件,SX A150.5 位移240 P型,,,1916T4003,,,NA,QNC,件,190,Kg,
CSS06426,恒力吊架组件,SX A150.5 位移245 P型,,,1916T4003,,,NA,QNC,件,190,Kg,
CSS06427,恒力吊架组件,SX A150.5 位移250 P型,,,1916T4003,,,NA,QNC,件,190,Kg,
CSS06428,恒力吊架组件,SX A150.5 位移255 P型,,,1916T4003,,,NA,QNC,件,190,Kg,
CSS06429,恒力吊架组件,SX A150.5 位移260 P型,,,1916T4003,,,NA,QNC,件,190,Kg,
CSS06430,恒力吊架组件,SX A150.5 位移265 P型,,,1916T4003,,,NA,QNC,件,190,Kg,
CSS06431,恒力吊架组件,SX A150.5 位移270 P型,,,1916T4003,,,NA,QNC,件,190,Kg,
CSS06432,恒力吊架组件,SX A150.5 位移275 P型,,,1916T4003,,,NA,QNC,件,190,Kg,
CSS06433,恒力吊架组件,SX A150.5 位移280 P型,,,1916T4003,,,NA,QNC,件,190,Kg,
CSS06434,恒力吊架组件,SX A150.5 位移285 P型,,,1916T4003,,,NA,QNC,件,190,Kg,
CSS06435,恒力吊架组件,SX A150.5 位移290 P型,,,1916T4003,,,NA,QNC,件,190,Kg,
CSS06436,恒力吊架组件,SX A150.5 位移295 P型,,,1916T4003,,,NA,QNC,件,190,Kg,
CSS06437,恒力吊架组件,SX A150.5 位移300 P型,,,1916T4003,,,NA,QNC,件,190,Kg,
CSS06438,恒力吊架组件,SX A150.10 位移120 P型,,,1916T4003,,,NA,QNC,件,190,Kg,
CSS06439,恒力吊架组件,SX A150.10 位移125 P型,,,1916T4003,,,NA,QNC,件,190,Kg,
CSS06440,恒力吊架组件,SX A150.10 位移130 P型,,,1916T4003,,,NA,QNC,件,190,Kg,
CSS06441,恒力吊架组件,SX A150.10 位移135 P型,,,1916T4003,,,NA,QNC,件,190,Kg,
CSS06442,恒力吊架组件,SX A150.10 位移140 P型,,,1916T4003,,,NA,QNC,件,190,Kg,
CSS06443,恒力吊架组件,SX A150.10 位移145 P型,,,1916T4003,,,NA,QNC,件,190,Kg,
CSS06444,恒力吊架组件,SX A150.10 位移150 P型,,,1916T4003,,,NA,QNC,件,190,Kg,
CSS06445,恒力吊架组件,SX A150.10 位移155 P型,,,1916T4003,,,NA,QNC,件,190,Kg,
CSS06446,恒力吊架组件,SX A150.10 位移160 P型,,,1916T4003,,,NA,QNC,件,190,Kg,
CSS06447,恒力吊架组件,SX A150.10 位移165 P型,,,1916T4003,,,NA,QNC,件,190,Kg,
CSS06448,恒力吊架组件,SX A150.10 位移170 P型,,,1916T4003,,,NA,QNC,件,190,Kg,
CSS06449,恒力吊架组件,SX A150.10 位移175 P型,,,1916T4003,,,NA,QNC,件,190,Kg,
CSS06450,恒力吊架组件,SX A150.10 位移180 P型,,,1916T4003,,,NA,QNC,件,190,Kg,
CSS06451,恒力吊架组件,SX A150.10 位移185 P型,,,1916T4003,,,NA,QNC,件,190,Kg,
CSS06452,恒力吊架组件,SX A150.10 位移190 P型,,,1916T4003,,,NA,QNC,件,190,Kg,
CSS06453,恒力吊架组件,SX A150.10 位移195 P型,,,1916T4003,,,NA,QNC,件,190,Kg,
CSS06454,恒力吊架组件,SX A150.10 位移200 P型,,,1916T4003,,,NA,QNC,件,190,Kg,
CSS06455,恒力吊架组件,SX A150.10 位移205 P型,,,1916T4003,,,NA,QNC,件,190,Kg,
CSS06456,恒力吊架组件,SX A150.10 位移210 P型,,,1916T4003,,,NA,QNC,件,190,Kg,
CSS06457,恒力吊架组件,SX A150.10 位移215 P型,,,1916T4003,,,NA,QNC,件,190,Kg,
CSS06458,恒力吊架组件,SX A150.10 位移220 P型,,,1916T4003,,,NA,QNC,件,190,Kg,
CSS06459,恒力吊架组件,SX A150.10 位移225 P型,,,1916T4003,,,NA,QNC,件,190,Kg,
CSS06460,恒力吊架组件,SX A150.10 位移230 P型,,,1916T4003,,,NA,QNC,件,190,Kg,
CSS06461,恒力吊架组件,SX A150.10 位移235 P型,,,1916T4003,,,NA,QNC,件,190,Kg,
CSS06462,恒力吊架组件,SX A150.10 位移240 P型,,,1916T4003,,,NA,QNC,件,190,Kg,
CSS06463,恒力吊架组件,SX A150.10 位移245 P型,,,1916T4003,,,NA,QNC,件,190,Kg,
CSS06464,恒力吊架组件,SX A150.10 位移250 P型,,,1916T4003,,,NA,QNC,件,190,Kg,
CSS06465,恒力吊架组件,SX A150.10 位移255 P型,,,1916T4003,,,NA,QNC,件,190,Kg,
CSS06466,恒力吊架组件,SX A150.10 位移260 P型,,,1916T4003,,,NA,QNC,件,190,Kg,
CSS06467,恒力吊架组件,SX A150.10 位移265 P型,,,1916T4003,,,NA,QNC,件,190,Kg,
CSS06468,恒力吊架组件,SX A150.10 位移270 P型,,,1916T4003,,,NA,QNC,件,190,Kg,
CSS06469,恒力吊架组件,SX A150.10 位移275 P型,,,1916T4003,,,NA,QNC,件,190,Kg,
CSS06470,恒力吊架组件,SX A150.10 位移280 P型,,,1916T4003,,,NA,QNC,件,190,Kg,
CSS06471,恒力吊架组件,SX A150.10 位移285 P型,,,1916T4003,,,NA,QNC,件,190,Kg,
CSS06472,恒力吊架组件,SX A150.10 位移290 P型,,,1916T4003,,,NA,QNC,件,190,Kg,
CSS06473,恒力吊架组件,SX A150.10 位移295 P型,,,1916T4003,,,NA,QNC,件,190,Kg,
CSS06474,恒力吊架组件,SX A150.10 位移300 P型,,,1916T4003,,,NA,QNC,件,190,Kg,
CSS06475,恒力吊架组件,SX A150.15 位移120 P型,,,1916T4003,,,NA,QNC,件,190,Kg,
CSS06476,恒力吊架组件,SX A150.15 位移125 P型,,,1916T4003,,,NA,QNC,件,190,Kg,
CSS06477,恒力吊架组件,SX A150.15 位移130 P型,,,1916T4003,,,NA,QNC,件,190,Kg,
CSS06478,恒力吊架组件,SX A150.15 位移135 P型,,,1916T4003,,,NA,QNC,件,190,Kg,
CSS06479,恒力吊架组件,SX A150.15 位移140 P型,,,1916T4003,,,NA,QNC,件,190,Kg,
CSS06480,恒力吊架组件,SX A150.15 位移145 P型,,,1916T4003,,,NA,QNC,件,190,Kg,
CSS06481,恒力吊架组件,SX A150.15 位移150 P型,,,1916T4003,,,NA,QNC,件,190,Kg,
CSS06482,恒力吊架组件,SX A150.15 位移155 P型,,,1916T4003,,,NA,QNC,件,190,Kg,
CSS06483,恒力吊架组件,SX A150.15 位移160 P型,,,1916T4003,,,NA,QNC,件,190,Kg,
CSS06484,恒力吊架组件,SX A150.15 位移165 P型,,,1916T4003,,,NA,QNC,件,190,Kg,
CSS06485,恒力吊架组件,SX A150.15 位移170 P型,,,1916T4003,,,NA,QNC,件,190,Kg,
CSS06486,恒力吊架组件,SX A150.15 位移175 P型,,,1916T4003,,,NA,QNC,件,190,Kg,
CSS06487,恒力吊架组件,SX A150.15 位移180 P型,,,1916T4003,,,NA,QNC,件,190,Kg,
CSS06488,恒力吊架组件,SX A150.15 位移185 P型,,,1916T4003,,,NA,QNC,件,190,Kg,
CSS06489,恒力吊架组件,SX A150.15 位移190 P型,,,1916T4003,,,NA,QNC,件,190,Kg,
CSS06490,恒力吊架组件,SX A150.15 位移195 P型,,,1916T4003,,,NA,QNC,件,190,Kg,
CSS06491,恒力吊架组件,SX A150.15 位移200 P型,,,1916T4003,,,NA,QNC,件,190,Kg,
CSS06492,恒力吊架组件,SX A150.15 位移205 P型,,,1916T4003,,,NA,QNC,件,190,Kg,
CSS06493,恒力吊架组件,SX A150.15 位移210 P型,,,1916T4003,,,NA,QNC,件,190,Kg,
CSS06494,恒力吊架组件,SX A150.15 位移215 P型,,,1916T4003,,,NA,QNC,件,190,Kg,
CSS06495,恒力吊架组件,SX A150.15 位移220 P型,,,1916T4003,,,NA,QNC,件,190,Kg,
CSS06496,恒力吊架组件,SX A150.15 位移225 P型,,,1916T4003,,,NA,QNC,件,190,Kg,
CSS06497,恒力吊架组件,SX A150.15 位移230 P型,,,1916T4003,,,NA,QNC,件,190,Kg,
CSS06498,恒力吊架组件,SX A150.15 位移235 P型,,,1916T4003,,,NA,QNC,件,190,Kg,
CSS06499,恒力吊架组件,SX A150.15 位移240 P型,,,1916T4003,,,NA,QNC,件,190,Kg,
CSS06500,恒力吊架组件,SX A150.15 位移245 P型,,,1916T4003,,,NA,QNC,件,190,Kg,
CSS06501,恒力吊架组件,SX A150.15 位移250 P型,,,1916T4003,,,NA,QNC,件,190,Kg,
CSS06502,恒力吊架组件,SX A150.15 位移255 P型,,,1916T4003,,,NA,QNC,件,190,Kg,
CSS06503,恒力吊架组件,SX A150.15 位移260 P型,,,1916T4003,,,NA,QNC,件,190,Kg,
CSS06504,恒力吊架组件,SX A150.15 位移265 P型,,,1916T4003,,,NA,QNC,件,190,Kg,
CSS06505,恒力吊架组件,SX A150.15 位移270 P型,,,1916T4003,,,NA,QNC,件,190,Kg,
CSS06506,恒力吊架组件,SX A150.15 位移275 P型,,,1916T4003,,,NA,QNC,件,190,Kg,
CSS06507,恒力吊架组件,SX A150.15 位移280 P型,,,1916T4003,,,NA,QNC,件,190,Kg,
CSS06508,恒力吊架组件,SX A150.15 位移285 P型,,,1916T4003,,,NA,QNC,件,190,Kg,
CSS06509,恒力吊架组件,SX A150.15 位移290 P型,,,1916T4003,,,NA,QNC,件,190,Kg,
CSS06510,恒力吊架组件,SX A150.15 位移295 P型,,,1916T4003,,,NA,QNC,件,190,Kg,
CSS06511,恒力吊架组件,SX A150.15 位移300 P型,,,1916T4003,,,NA,QNC,件,190,Kg,
CSS06512,恒力吊架组件,SX A150.20 位移120 P型,,,1916T4003,,,NA,QNC,件,190,Kg,
CSS06513,恒力吊架组件,SX A150.20 位移125 P型,,,1916T4003,,,NA,QNC,件,190,Kg,
CSS06514,恒力吊架组件,SX A150.20 位移130 P型,,,1916T4003,,,NA,QNC,件,190,Kg,
CSS06515,恒力吊架组件,SX A150.20 位移135 P型,,,1916T4003,,,NA,QNC,件,190,Kg,
CSS06516,恒力吊架组件,SX A150.20 位移140 P型,,,1916T4003,,,NA,QNC,件,190,Kg,
CSS06517,恒力吊架组件,SX A150.20 位移145 P型,,,1916T4003,,,NA,QNC,件,190,Kg,
CSS06518,恒力吊架组件,SX A150.20 位移150 P型,,,1916T4003,,,NA,QNC,件,190,Kg,
CSS06519,恒力吊架组件,SX A150.20 位移155 P型,,,1916T4003,,,NA,QNC,件,190,Kg,
CSS06520,恒力吊架组件,SX A150.20 位移160 P型,,,1916T4003,,,NA,QNC,件,190,Kg,
CSS06521,恒力吊架组件,SX A150.20 位移165 P型,,,1916T4003,,,NA,QNC,件,190,Kg,
CSS06522,恒力吊架组件,SX A150.20 位移170 P型,,,1916T4003,,,NA,QNC,件,190,Kg,
CSS06523,恒力吊架组件,SX A150.20 位移175 P型,,,1916T4003,,,NA,QNC,件,190,Kg,
CSS06524,恒力吊架组件,SX A150.20 位移180 P型,,,1916T4003,,,NA,QNC,件,190,Kg,
CSS06525,恒力吊架组件,SX A150.20 位移185 P型,,,1916T4003,,,NA,QNC,件,190,Kg,
CSS06526,恒力吊架组件,SX A150.20 位移190 P型,,,1916T4003,,,NA,QNC,件,190,Kg,
CSS06527,恒力吊架组件,SX A150.20 位移195 P型,,,1916T4003,,,NA,QNC,件,190,Kg,
CSS06528,恒力吊架组件,SX A150.20 位移200 P型,,,1916T4003,,,NA,QNC,件,190,Kg,
CSS06529,恒力吊架组件,SX A150.20 位移205 P型,,,1916T4003,,,NA,QNC,件,190,Kg,
CSS06530,恒力吊架组件,SX A150.20 位移210 P型,,,1916T4003,,,NA,QNC,件,190,Kg,
CSS06531,恒力吊架组件,SX A150.20 位移215 P型,,,1916T4003,,,NA,QNC,件,190,Kg,
CSS06532,恒力吊架组件,SX A150.20 位移220 P型,,,1916T4003,,,NA,QNC,件,190,Kg,
CSS06533,恒力吊架组件,SX A150.20 位移225 P型,,,1916T4003,,,NA,QNC,件,190,Kg,
CSS06534,恒力吊架组件,SX A150.20 位移230 P型,,,1916T4003,,,NA,QNC,件,190,Kg,
CSS06535,恒力吊架组件,SX A150.20 位移235 P型,,,1916T4003,,,NA,QNC,件,190,Kg,
CSS06536,恒力吊架组件,SX A150.20 位移240 P型,,,1916T4003,,,NA,QNC,件,190,Kg,
CSS06537,恒力吊架组件,SX A150.20 位移245 P型,,,1916T4003,,,NA,QNC,件,190,Kg,
CSS06538,恒力吊架组件,SX A150.20 位移250 P型,,,1916T4003,,,NA,QNC,件,190,Kg,
CSS06539,恒力吊架组件,SX A150.20 位移255 P型,,,1916T4003,,,NA,QNC,件,190,Kg,
CSS06540,恒力吊架组件,SX A150.20 位移260 P型,,,1916T4003,,,NA,QNC,件,190,Kg,
CSS06541,恒力吊架组件,SX A150.20 位移265 P型,,,1916T4003,,,NA,QNC,件,190,Kg,
CSS06542,恒力吊架组件,SX A150.20 位移270 P型,,,1916T4003,,,NA,QNC,件,190,Kg,
CSS06543,恒力吊架组件,SX A150.20 位移275 P型,,,1916T4003,,,NA,QNC,件,190,Kg,
CSS06544,恒力吊架组件,SX A150.20 位移280 P型,,,1916T4003,,,NA,QNC,件,190,Kg,
CSS06545,恒力吊架组件,SX A150.20 位移285 P型,,,1916T4003,,,NA,QNC,件,190,Kg,
CSS06546,恒力吊架组件,SX A150.20 位移290 P型,,,1916T4003,,,NA,QNC,件,190,Kg,
CSS06547,恒力吊架组件,SX A150.20 位移295 P型,,,1916T4003,,,NA,QNC,件,190,Kg,
CSS06548,恒力吊架组件,SX A150.20 位移300 P型,,,1916T4003,,,NA,QNC,件,190,Kg,
CSS06549,恒力吊架组件,SX A150.25 位移120 P型,,,1916T4003,,,NA,QNC,件,190,Kg,
CSS06550,恒力吊架组件,SX A150.25 位移125 P型,,,1916T4003,,,NA,QNC,件,190,Kg,
CSS06551,恒力吊架组件,SX A150.25 位移130 P型,,,1916T4003,,,NA,QNC,件,190,Kg,
CSS06552,恒力吊架组件,SX A150.25 位移135 P型,,,1916T4003,,,NA,QNC,件,190,Kg,
CSS06553,恒力吊架组件,SX A150.25 位移140 P型,,,1916T4003,,,NA,QNC,件,190,Kg,
CSS06554,恒力吊架组件,SX A150.25 位移145 P型,,,1916T4003,,,NA,QNC,件,190,Kg,
CSS06555,恒力吊架组件,SX A150.25 位移150 P型,,,1916T4003,,,NA,QNC,件,190,Kg,
CSS06556,恒力吊架组件,SX A150.25 位移155 P型,,,1916T4003,,,NA,QNC,件,190,Kg,
CSS06557,恒力吊架组件,SX A150.25 位移160 P型,,,1916T4003,,,NA,QNC,件,190,Kg,
CSS06558,恒力吊架组件,SX A150.25 位移165 P型,,,1916T4003,,,NA,QNC,件,190,Kg,
CSS06559,恒力吊架组件,SX A150.25 位移170 P型,,,1916T4003,,,NA,QNC,件,190,Kg,
CSS06560,恒力吊架组件,SX A150.25 位移175 P型,,,1916T4003,,,NA,QNC,件,190,Kg,
CSS06561,恒力吊架组件,SX A150.25 位移180 P型,,,1916T4003,,,NA,QNC,件,190,Kg,
CSS06562,恒力吊架组件,SX A150.25 位移185 P型,,,1916T4003,,,NA,QNC,件,190,Kg,
CSS06563,恒力吊架组件,SX A150.25 位移190 P型,,,1916T4003,,,NA,QNC,件,190,Kg,
CSS06564,恒力吊架组件,SX A150.25 位移195 P型,,,1916T4003,,,NA,QNC,件,190,Kg,
CSS06565,恒力吊架组件,SX A150.25 位移200 P型,,,1916T4003,,,NA,QNC,件,190,Kg,
CSS06566,恒力吊架组件,SX A150.25 位移205 P型,,,1916T4003,,,NA,QNC,件,190,Kg,
CSS06567,恒力吊架组件,SX A150.25 位移210 P型,,,1916T4003,,,NA,QNC,件,190,Kg,
CSS06568,恒力吊架组件,SX A150.25 位移215 P型,,,1916T4003,,,NA,QNC,件,190,Kg,
CSS06569,恒力吊架组件,SX A150.25 位移220 P型,,,1916T4003,,,NA,QNC,件,190,Kg,
CSS06570,恒力吊架组件,SX A150.25 位移225 P型,,,1916T4003,,,NA,QNC,件,190,Kg,
CSS06571,恒力吊架组件,SX A150.25 位移230 P型,,,1916T4003,,,NA,QNC,件,190,Kg,
CSS06572,恒力吊架组件,SX A150.25 位移235 P型,,,1916T4003,,,NA,QNC,件,190,Kg,
CSS06573,恒力吊架组件,SX A150.25 位移240 P型,,,1916T4003,,,NA,QNC,件,190,Kg,
CSS06574,恒力吊架组件,SX A150.25 位移245 P型,,,1916T4003,,,NA,QNC,件,190,Kg,
CSS06575,恒力吊架组件,SX A150.25 位移250 P型,,,1916T4003,,,NA,QNC,件,190,Kg,
CSS06576,恒力吊架组件,SX A150.25 位移255 P型,,,1916T4003,,,NA,QNC,件,190,Kg,
CSS06577,恒力吊架组件,SX A150.25 位移260 P型,,,1916T4003,,,NA,QNC,件,190,Kg,
CSS06578,恒力吊架组件,SX A150.25 位移265 P型,,,1916T4003,,,NA,QNC,件,190,Kg,
CSS06579,恒力吊架组件,SX A150.25 位移270 P型,,,1916T4003,,,NA,QNC,件,190,Kg,
CSS06580,恒力吊架组件,SX A150.25 位移275 P型,,,1916T4003,,,NA,QNC,件,190,Kg,
CSS06581,恒力吊架组件,SX A150.25 位移280 P型,,,1916T4003,,,NA,QNC,件,190,Kg,
CSS06582,恒力吊架组件,SX A150.25 位移285 P型,,,1916T4003,,,NA,QNC,件,190,Kg,
CSS06583,恒力吊架组件,SX A150.25 位移290 P型,,,1916T4003,,,NA,QNC,件,190,Kg,
CSS06584,恒力吊架组件,SX A150.25 位移295 P型,,,1916T4003,,,NA,QNC,件,190,Kg,
CSS06585,恒力吊架组件,SX A150.25 位移300 P型,,,1916T4003,,,NA,QNC,件,190,Kg,
CSS06586,恒力吊架组件,SX A150.30 位移120 P型,,,1916T4003,,,NA,QNC,件,190,Kg,
CSS06587,恒力吊架组件,SX A150.30 位移125 P型,,,1916T4003,,,NA,QNC,件,190,Kg,
CSS06588,恒力吊架组件,SX A150.30 位移130 P型,,,1916T4003,,,NA,QNC,件,190,Kg,
CSS06589,恒力吊架组件,SX A150.30 位移135 P型,,,1916T4003,,,NA,QNC,件,190,Kg,
CSS06590,恒力吊架组件,SX A150.30 位移140 P型,,,1916T4003,,,NA,QNC,件,190,Kg,
CSS06591,恒力吊架组件,SX A150.30 位移145 P型,,,1916T4003,,,NA,QNC,件,190,Kg,
CSS06592,恒力吊架组件,SX A150.30 位移150 P型,,,1916T4003,,,NA,QNC,件,190,Kg,
CSS06593,恒力吊架组件,SX A150.30 位移155 P型,,,1916T4003,,,NA,QNC,件,190,Kg,
CSS06594,恒力吊架组件,SX A150.30 位移160 P型,,,1916T4003,,,NA,QNC,件,190,Kg,
CSS06595,恒力吊架组件,SX A150.30 位移165 P型,,,1916T4003,,,NA,QNC,件,190,Kg,
CSS06596,恒力吊架组件,SX A150.30 位移170 P型,,,1916T4003,,,NA,QNC,件,190,Kg,
CSS06597,恒力吊架组件,SX A150.30 位移175 P型,,,1916T4003,,,NA,QNC,件,190,Kg,
CSS06598,恒力吊架组件,SX A150.30 位移180 P型,,,1916T4003,,,NA,QNC,件,190,Kg,
CSS06599,恒力吊架组件,SX A150.30 位移185 P型,,,1916T4003,,,NA,QNC,件,190,Kg,
CSS06600,恒力吊架组件,SX A150.30 位移190 P型,,,1916T4003,,,NA,QNC,件,190,Kg,
CSS06601,恒力吊架组件,SX A150.30 位移195 P型,,,1916T4003,,,NA,QNC,件,190,Kg,
CSS06602,恒力吊架组件,SX A150.30 位移200 P型,,,1916T4003,,,NA,QNC,件,190,Kg,
CSS06603,恒力吊架组件,SX A150.30 位移205 P型,,,1916T4003,,,NA,QNC,件,190,Kg,
CSS06604,恒力吊架组件,SX A150.30 位移210 P型,,,1916T4003,,,NA,QNC,件,190,Kg,
CSS06605,恒力吊架组件,SX A150.30 位移215 P型,,,1916T4003,,,NA,QNC,件,190,Kg,
CSS06606,恒力吊架组件,SX A150.30 位移220 P型,,,1916T4003,,,NA,QNC,件,190,Kg,
CSS06607,恒力吊架组件,SX A150.30 位移225 P型,,,1916T4003,,,NA,QNC,件,190,Kg,
CSS06608,恒力吊架组件,SX A150.30 位移230 P型,,,1916T4003,,,NA,QNC,件,190,Kg,
CSS06609,恒力吊架组件,SX A150.30 位移235 P型,,,1916T4003,,,NA,QNC,件,190,Kg,
CSS06610,恒力吊架组件,SX A150.30 位移240 P型,,,1916T4003,,,NA,QNC,件,190,Kg,
CSS06611,恒力吊架组件,SX A150.30 位移245 P型,,,1916T4003,,,NA,QNC,件,190,Kg,
CSS06612,恒力吊架组件,SX A150.30 位移250 P型,,,1916T4003,,,NA,QNC,件,190,Kg,
CSS06613,恒力吊架组件,SX A150.30 位移255 P型,,,1916T4003,,,NA,QNC,件,190,Kg,
CSS06614,恒力吊架组件,SX A150.30 位移260 P型,,,1916T4003,,,NA,QNC,件,190,Kg,
CSS06615,恒力吊架组件,SX A150.30 位移265 P型,,,1916T4003,,,NA,QNC,件,190,Kg,
CSS06616,恒力吊架组件,SX A150.30 位移270 P型,,,1916T4003,,,NA,QNC,件,190,Kg,
CSS06617,恒力吊架组件,SX A150.30 位移275 P型,,,1916T4003,,,NA,QNC,件,190,Kg,
CSS06618,恒力吊架组件,SX A150.30 位移280 P型,,,1916T4003,,,NA,QNC,件,190,Kg,
CSS06619,恒力吊架组件,SX A150.30 位移285 P型,,,1916T4003,,,NA,QNC,件,190,Kg,
CSS06620,恒力吊架组件,SX A150.30 位移290 P型,,,1916T4003,,,NA,QNC,件,190,Kg,
CSS06621,恒力吊架组件,SX A150.30 位移295 P型,,,1916T4003,,,NA,QNC,件,190,Kg,
CSS06622,恒力吊架组件,SX A150.30 位移300 P型,,,1916T4003,,,NA,QNC,件,190,Kg,
CSS06623,恒力吊架组件,SX A200.15 位移150 P型,,,1916T4003,,,NA,QNC,件,300,Kg,
CSS06624,恒力吊架组件,SX A200.15 位移155 P型,,,1916T4003,,,NA,QNC,件,300,Kg,
CSS06625,恒力吊架组件,SX A200.15 位移160 P型,,,1916T4003,,,NA,QNC,件,300,Kg,
CSS06626,恒力吊架组件,SX A200.15 位移165 P型,,,1916T4003,,,NA,QNC,件,300,Kg,
CSS06627,恒力吊架组件,SX A200.15 位移170 P型,,,1916T4003,,,NA,QNC,件,300,Kg,
CSS06628,恒力吊架组件,SX A200.15 位移175 P型,,,1916T4003,,,NA,QNC,件,300,Kg,
CSS06629,恒力吊架组件,SX A200.15 位移180 P型,,,1916T4003,,,NA,QNC,件,300,Kg,
CSS06630,恒力吊架组件,SX A200.15 位移185 P型,,,1916T4003,,,NA,QNC,件,300,Kg,
CSS06631,恒力吊架组件,SX A200.15 位移190 P型,,,1916T4003,,,NA,QNC,件,300,Kg,
CSS06632,恒力吊架组件,SX A200.15 位移195 P型,,,1916T4003,,,NA,QNC,件,300,Kg,
CSS06633,恒力吊架组件,SX A200.15 位移200 P型,,,1916T4003,,,NA,QNC,件,300,Kg,
CSS06634,恒力吊架组件,SX A200.15 位移205 P型,,,1916T4003,,,NA,QNC,件,300,Kg,
CSS06635,恒力吊架组件,SX A200.15 位移210 P型,,,1916T4003,,,NA,QNC,件,300,Kg,
CSS06636,恒力吊架组件,SX A200.15 位移215 P型,,,1916T4003,,,NA,QNC,件,300,Kg,
CSS06637,恒力吊架组件,SX A200.15 位移220 P型,,,1916T4003,,,NA,QNC,件,300,Kg,
CSS06638,恒力吊架组件,SX A200.15 位移225 P型,,,1916T4003,,,NA,QNC,件,300,Kg,
CSS06639,恒力吊架组件,SX A200.15 位移230 P型,,,1916T4003,,,NA,QNC,件,300,Kg,
CSS06640,恒力吊架组件,SX A200.15 位移235 P型,,,1916T4003,,,NA,QNC,件,300,Kg,
CSS06641,恒力吊架组件,SX A200.15 位移240 P型,,,1916T4003,,,NA,QNC,件,300,Kg,
CSS06642,恒力吊架组件,SX A200.15 位移245 P型,,,1916T4003,,,NA,QNC,件,300,Kg,
CSS06643,恒力吊架组件,SX A200.15 位移250 P型,,,1916T4003,,,NA,QNC,件,300,Kg,
CSS06644,恒力吊架组件,SX A200.15 位移255 P型,,,1916T4003,,,NA,QNC,件,300,Kg,
CSS06645,恒力吊架组件,SX A200.15 位移260 P型,,,1916T4003,,,NA,QNC,件,300,Kg,
CSS06646,恒力吊架组件,SX A200.15 位移265 P型,,,1916T4003,,,NA,QNC,件,300,Kg,
CSS06647,恒力吊架组件,SX A200.15 位移270 P型,,,1916T4003,,,NA,QNC,件,300,Kg,
CSS06648,恒力吊架组件,SX A200.15 位移275 P型,,,1916T4003,,,NA,QNC,件,300,Kg,
CSS06649,恒力吊架组件,SX A200.15 位移280 P型,,,1916T4003,,,NA,QNC,件,300,Kg,
CSS06650,恒力吊架组件,SX A200.15 位移285 P型,,,1916T4003,,,NA,QNC,件,300,Kg,
CSS06651,恒力吊架组件,SX A200.15 位移290 P型,,,1916T4003,,,NA,QNC,件,300,Kg,
CSS06652,恒力吊架组件,SX A200.15 位移295 P型,,,1916T4003,,,NA,QNC,件,300,Kg,
CSS06653,恒力吊架组件,SX A200.15 位移300 P型,,,1916T4003,,,NA,QNC,件,300,Kg,
CSS06654,恒力吊架组件,SX A200.15 位移305 P型,,,1916T4003,,,NA,QNC,件,300,Kg,
CSS06655,恒力吊架组件,SX A200.15 位移310 P型,,,1916T4003,,,NA,QNC,件,300,Kg,
CSS06656,恒力吊架组件,SX A200.15 位移315 P型,,,1916T4003,,,NA,QNC,件,300,Kg,
CSS06657,恒力吊架组件,SX A200.15 位移320 P型,,,1916T4003,,,NA,QNC,件,300,Kg,
CSS06658,恒力吊架组件,SX A200.15 位移325 P型,,,1916T4003,,,NA,QNC,件,300,Kg,
CSS06659,恒力吊架组件,SX A200.15 位移330 P型,,,1916T4003,,,NA,QNC,件,300,Kg,
CSS06660,恒力吊架组件,SX A200.20 位移150 P型,,,1916T4003,,,NA,QNC,件,300,Kg,
CSS06661,恒力吊架组件,SX A200.20 位移155 P型,,,1916T4003,,,NA,QNC,件,300,Kg,
CSS06662,恒力吊架组件,SX A200.20 位移160 P型,,,1916T4003,,,NA,QNC,件,300,Kg,
CSS06663,恒力吊架组件,SX A200.20 位移165 P型,,,1916T4003,,,NA,QNC,件,300,Kg,
CSS06664,恒力吊架组件,SX A200.20 位移170 P型,,,1916T4003,,,NA,QNC,件,300,Kg,
CSS06665,恒力吊架组件,SX A200.20 位移175 P型,,,1916T4003,,,NA,QNC,件,300,Kg,
CSS06666,恒力吊架组件,SX A200.20 位移180 P型,,,1916T4003,,,NA,QNC,件,300,Kg,
CSS06667,恒力吊架组件,SX A200.20 位移185 P型,,,1916T4003,,,NA,QNC,件,300,Kg,
CSS06668,恒力吊架组件,SX A200.20 位移190 P型,,,1916T4003,,,NA,QNC,件,300,Kg,
CSS06669,恒力吊架组件,SX A200.20 位移195 P型,,,1916T4003,,,NA,QNC,件,300,Kg,
CSS06670,恒力吊架组件,SX A200.20 位移200 P型,,,1916T4003,,,NA,QNC,件,300,Kg,
CSS06671,恒力吊架组件,SX A200.20 位移205 P型,,,1916T4003,,,NA,QNC,件,300,Kg,
CSS06672,恒力吊架组件,SX A200.20 位移210 P型,,,1916T4003,,,NA,QNC,件,300,Kg,
CSS06673,恒力吊架组件,SX A200.20 位移215 P型,,,1916T4003,,,NA,QNC,件,300,Kg,
CSS06674,恒力吊架组件,SX A200.20 位移220 P型,,,1916T4003,,,NA,QNC,件,300,Kg,
CSS06675,恒力吊架组件,SX A200.20 位移225 P型,,,1916T4003,,,NA,QNC,件,300,Kg,
CSS06676,恒力吊架组件,SX A200.20 位移230 P型,,,1916T4003,,,NA,QNC,件,300,Kg,
CSS06677,恒力吊架组件,SX A200.20 位移235 P型,,,1916T4003,,,NA,QNC,件,300,Kg,
CSS06678,恒力吊架组件,SX A200.20 位移240 P型,,,1916T4003,,,NA,QNC,件,300,Kg,
CSS06679,恒力吊架组件,SX A200.20 位移245 P型,,,1916T4003,,,NA,QNC,件,300,Kg,
CSS06680,恒力吊架组件,SX A200.20 位移250 P型,,,1916T4003,,,NA,QNC,件,300,Kg,
CSS06681,恒力吊架组件,SX A200.20 位移255 P型,,,1916T4003,,,NA,QNC,件,300,Kg,
CSS06682,恒力吊架组件,SX A200.20 位移260 P型,,,1916T4003,,,NA,QNC,件,300,Kg,
CSS06683,恒力吊架组件,SX A200.20 位移265 P型,,,1916T4003,,,NA,QNC,件,300,Kg,
CSS06684,恒力吊架组件,SX A200.20 位移270 P型,,,1916T4003,,,NA,QNC,件,300,Kg,
CSS06685,恒力吊架组件,SX A200.20 位移275 P型,,,1916T4003,,,NA,QNC,件,300,Kg,
CSS06686,恒力吊架组件,SX A200.20 位移280 P型,,,1916T4003,,,NA,QNC,件,300,Kg,
CSS06687,恒力吊架组件,SX A200.20 位移285 P型,,,1916T4003,,,NA,QNC,件,300,Kg,
CSS06688,恒力吊架组件,SX A200.20 位移290 P型,,,1916T4003,,,NA,QNC,件,300,Kg,
CSS06689,恒力吊架组件,SX A200.20 位移295 P型,,,1916T4003,,,NA,QNC,件,300,Kg,
CSS06690,恒力吊架组件,SX A200.20 位移300 P型,,,1916T4003,,,NA,QNC,件,300,Kg,
CSS06691,恒力吊架组件,SX A200.20 位移305 P型,,,1916T4003,,,NA,QNC,件,300,Kg,
CSS06692,恒力吊架组件,SX A200.20 位移310 P型,,,1916T4003,,,NA,QNC,件,300,Kg,
CSS06693,恒力吊架组件,SX A200.20 位移315 P型,,,1916T4003,,,NA,QNC,件,300,Kg,
CSS06694,恒力吊架组件,SX A200.20 位移320 P型,,,1916T4003,,,NA,QNC,件,300,Kg,
CSS06695,恒力吊架组件,SX A200.20 位移325 P型,,,1916T4003,,,NA,QNC,件,300,Kg,
CSS06696,恒力吊架组件,SX A200.20 位移330 P型,,,1916T4003,,,NA,QNC,件,300,Kg,
CSS06697,恒力吊架组件,SX A200.25 位移150 P型,,,1916T4003,,,NA,QNC,件,300,Kg,
CSS06698,恒力吊架组件,SX A200.25 位移155 P型,,,1916T4003,,,NA,QNC,件,300,Kg,
CSS06699,恒力吊架组件,SX A200.25 位移160 P型,,,1916T4003,,,NA,QNC,件,300,Kg,
CSS06700,恒力吊架组件,SX A200.25 位移165 P型,,,1916T4003,,,NA,QNC,件,300,Kg,
CSS06701,恒力吊架组件,SX A200.25 位移170 P型,,,1916T4003,,,NA,QNC,件,300,Kg,
CSS06702,恒力吊架组件,SX A200.25 位移175 P型,,,1916T4003,,,NA,QNC,件,300,Kg,
CSS06703,恒力吊架组件,SX A200.25 位移180 P型,,,1916T4003,,,NA,QNC,件,300,Kg,
CSS06704,恒力吊架组件,SX A200.25 位移185 P型,,,1916T4003,,,NA,QNC,件,300,Kg,
CSS06705,恒力吊架组件,SX A200.25 位移190 P型,,,1916T4003,,,NA,QNC,件,300,Kg,
CSS06706,恒力吊架组件,SX A200.25 位移195 P型,,,1916T4003,,,NA,QNC,件,300,Kg,
CSS06707,恒力吊架组件,SX A200.25 位移200 P型,,,1916T4003,,,NA,QNC,件,300,Kg,
CSS06708,恒力吊架组件,SX A200.25 位移205 P型,,,1916T4003,,,NA,QNC,件,300,Kg,
CSS06709,恒力吊架组件,SX A200.25 位移210 P型,,,1916T4003,,,NA,QNC,件,300,Kg,
CSS06710,恒力吊架组件,SX A200.25 位移215 P型,,,1916T4003,,,NA,QNC,件,300,Kg,
CSS06711,恒力吊架组件,SX A200.25 位移220 P型,,,1916T4003,,,NA,QNC,件,300,Kg,
CSS06712,恒力吊架组件,SX A200.25 位移225 P型,,,1916T4003,,,NA,QNC,件,300,Kg,
CSS06713,恒力吊架组件,SX A200.25 位移230 P型,,,1916T4003,,,NA,QNC,件,300,Kg,
CSS06714,恒力吊架组件,SX A200.25 位移235 P型,,,1916T4003,,,NA,QNC,件,300,Kg,
CSS06715,恒力吊架组件,SX A200.25 位移240 P型,,,1916T4003,,,NA,QNC,件,300,Kg,
CSS06716,恒力吊架组件,SX A200.25 位移245 P型,,,1916T4003,,,NA,QNC,件,300,Kg,
CSS06717,恒力吊架组件,SX A200.25 位移250 P型,,,1916T4003,,,NA,QNC,件,300,Kg,
CSS06718,恒力吊架组件,SX A200.25 位移255 P型,,,1916T4003,,,NA,QNC,件,300,Kg,
CSS06719,恒力吊架组件,SX A200.25 位移260 P型,,,1916T4003,,,NA,QNC,件,300,Kg,
CSS06720,恒力吊架组件,SX A200.25 位移265 P型,,,1916T4003,,,NA,QNC,件,300,Kg,
CSS06721,恒力吊架组件,SX A200.25 位移270 P型,,,1916T4003,,,NA,QNC,件,300,Kg,
CSS06722,恒力吊架组件,SX A200.25 位移275 P型,,,1916T4003,,,NA,QNC,件,300,Kg,
CSS06723,恒力吊架组件,SX A200.25 位移280 P型,,,1916T4003,,,NA,QNC,件,300,Kg,
CSS06724,恒力吊架组件,SX A200.25 位移285 P型,,,1916T4003,,,NA,QNC,件,300,Kg,
CSS06725,恒力吊架组件,SX A200.25 位移290 P型,,,1916T4003,,,NA,QNC,件,300,Kg,
CSS06726,恒力吊架组件,SX A200.25 位移295 P型,,,1916T4003,,,NA,QNC,件,300,Kg,
CSS06727,恒力吊架组件,SX A200.25 位移300 P型,,,1916T4003,,,NA,QNC,件,300,Kg,
CSS06728,恒力吊架组件,SX A200.25 位移305 P型,,,1916T4003,,,NA,QNC,件,300,Kg,
CSS06729,恒力吊架组件,SX A200.25 位移310 P型,,,1916T4003,,,NA,QNC,件,300,Kg,
CSS06730,恒力吊架组件,SX A200.25 位移315 P型,,,1916T4003,,,NA,QNC,件,300,Kg,
CSS06731,恒力吊架组件,SX A200.25 位移320 P型,,,1916T4003,,,NA,QNC,件,300,Kg,
CSS06732,恒力吊架组件,SX A200.25 位移325 P型,,,1916T4003,,,NA,QNC,件,300,Kg,
CSS06733,恒力吊架组件,SX A200.25 位移330 P型,,,1916T4003,,,NA,QNC,件,300,Kg,
CSS06734,恒力吊架组件,SX A200.30 位移150 P型,,,1916T4003,,,NA,QNC,件,300,Kg,
CSS06735,恒力吊架组件,SX A200.30 位移155 P型,,,1916T4003,,,NA,QNC,件,300,Kg,
CSS06736,恒力吊架组件,SX A200.30 位移160 P型,,,1916T4003,,,NA,QNC,件,300,Kg,
CSS06737,恒力吊架组件,SX A200.30 位移165 P型,,,1916T4003,,,NA,QNC,件,300,Kg,
CSS06738,恒力吊架组件,SX A200.30 位移170 P型,,,1916T4003,,,NA,QNC,件,300,Kg,
CSS06739,恒力吊架组件,SX A200.30 位移175 P型,,,1916T4003,,,NA,QNC,件,300,Kg,
CSS06740,恒力吊架组件,SX A200.30 位移180 P型,,,1916T4003,,,NA,QNC,件,300,Kg,
CSS06741,恒力吊架组件,SX A200.30 位移185 P型,,,1916T4003,,,NA,QNC,件,300,Kg,
CSS06742,恒力吊架组件,SX A200.30 位移190 P型,,,1916T4003,,,NA,QNC,件,300,Kg,
CSS06743,恒力吊架组件,SX A200.30 位移195 P型,,,1916T4003,,,NA,QNC,件,300,Kg,
CSS06744,恒力吊架组件,SX A200.30 位移200 P型,,,1916T4003,,,NA,QNC,件,300,Kg,
CSS06745,恒力吊架组件,SX A200.30 位移205 P型,,,1916T4003,,,NA,QNC,件,300,Kg,
CSS06746,恒力吊架组件,SX A200.30 位移210 P型,,,1916T4003,,,NA,QNC,件,300,Kg,
CSS06747,恒力吊架组件,SX A200.30 位移215 P型,,,1916T4003,,,NA,QNC,件,300,Kg,
CSS06748,恒力吊架组件,SX A200.30 位移220 P型,,,1916T4003,,,NA,QNC,件,300,Kg,
CSS06749,恒力吊架组件,SX A200.30 位移225 P型,,,1916T4003,,,NA,QNC,件,300,Kg,
CSS06750,恒力吊架组件,SX A200.30 位移230 P型,,,1916T4003,,,NA,QNC,件,300,Kg,
CSS06751,恒力吊架组件,SX A200.30 位移235 P型,,,1916T4003,,,NA,QNC,件,300,Kg,
CSS06752,恒力吊架组件,SX A200.30 位移240 P型,,,1916T4003,,,NA,QNC,件,300,Kg,
CSS06753,恒力吊架组件,SX A200.30 位移245 P型,,,1916T4003,,,NA,QNC,件,300,Kg,
CSS06754,恒力吊架组件,SX A200.30 位移250 P型,,,1916T4003,,,NA,QNC,件,300,Kg,
CSS06755,恒力吊架组件,SX A200.30 位移255 P型,,,1916T4003,,,NA,QNC,件,300,Kg,
CSS06756,恒力吊架组件,SX A200.30 位移260 P型,,,1916T4003,,,NA,QNC,件,300,Kg,
CSS06757,恒力吊架组件,SX A200.30 位移265 P型,,,1916T4003,,,NA,QNC,件,300,Kg,
CSS06758,恒力吊架组件,SX A200.30 位移270 P型,,,1916T4003,,,NA,QNC,件,300,Kg,
CSS06759,恒力吊架组件,SX A200.30 位移275 P型,,,1916T4003,,,NA,QNC,件,300,Kg,
CSS06760,恒力吊架组件,SX A200.30 位移280 P型,,,1916T4003,,,NA,QNC,件,300,Kg,
CSS06761,恒力吊架组件,SX A200.30 位移285 P型,,,1916T4003,,,NA,QNC,件,300,Kg,
CSS06762,恒力吊架组件,SX A200.30 位移290 P型,,,1916T4003,,,NA,QNC,件,300,Kg,
CSS06763,恒力吊架组件,SX A200.30 位移295 P型,,,1916T4003,,,NA,QNC,件,300,Kg,
CSS06764,恒力吊架组件,SX A200.30 位移300 P型,,,1916T4003,,,NA,QNC,件,300,Kg,
CSS06765,恒力吊架组件,SX A200.30 位移305 P型,,,1916T4003,,,NA,QNC,件,300,Kg,
CSS06766,恒力吊架组件,SX A200.30 位移310 P型,,,1916T4003,,,NA,QNC,件,300,Kg,
CSS06767,恒力吊架组件,SX A200.30 位移315 P型,,,1916T4003,,,NA,QNC,件,300,Kg,
CSS06768,恒力吊架组件,SX A200.30 位移320 P型,,,1916T4003,,,NA,QNC,件,300,Kg,
CSS06769,恒力吊架组件,SX A200.30 位移325 P型,,,1916T4003,,,NA,QNC,件,300,Kg,
CSS06770,恒力吊架组件,SX A200.30 位移330 P型,,,1916T4003,,,NA,QNC,件,300,Kg,
CSS06771,恒力吊架组件,SX A250.20 位移170 P型,,,1916T4003,,,NA,QNC,件,620,Kg,
CSS06772,恒力吊架组件,SX A250.20 位移175 P型,,,1916T4003,,,NA,QNC,件,620,Kg,
CSS06773,恒力吊架组件,SX A250.20 位移180 P型,,,1916T4003,,,NA,QNC,件,620,Kg,
CSS06774,恒力吊架组件,SX A250.20 位移185 P型,,,1916T4003,,,NA,QNC,件,620,Kg,
CSS06775,恒力吊架组件,SX A250.20 位移190 P型,,,1916T4003,,,NA,QNC,件,620,Kg,
CSS06776,恒力吊架组件,SX A250.20 位移195 P型,,,1916T4003,,,NA,QNC,件,620,Kg,
CSS06777,恒力吊架组件,SX A250.20 位移200 P型,,,1916T4003,,,NA,QNC,件,620,Kg,
CSS06778,恒力吊架组件,SX A250.20 位移205 P型,,,1916T4003,,,NA,QNC,件,620,Kg,
CSS06779,恒力吊架组件,SX A250.20 位移210 P型,,,1916T4003,,,NA,QNC,件,620,Kg,
CSS06780,恒力吊架组件,SX A250.20 位移215 P型,,,1916T4003,,,NA,QNC,件,620,Kg,
CSS06781,恒力吊架组件,SX A250.20 位移220 P型,,,1916T4003,,,NA,QNC,件,620,Kg,
CSS06782,恒力吊架组件,SX A250.20 位移225 P型,,,1916T4003,,,NA,QNC,件,620,Kg,
CSS06783,恒力吊架组件,SX A250.20 位移230 P型,,,1916T4003,,,NA,QNC,件,620,Kg,
CSS06784,恒力吊架组件,SX A250.20 位移235 P型,,,1916T4003,,,NA,QNC,件,620,Kg,
CSS06785,恒力吊架组件,SX A250.20 位移240 P型,,,1916T4003,,,NA,QNC,件,620,Kg,
CSS06786,恒力吊架组件,SX A250.20 位移245 P型,,,1916T4003,,,NA,QNC,件,620,Kg,
CSS06787,恒力吊架组件,SX A250.20 位移250 P型,,,1916T4003,,,NA,QNC,件,620,Kg,
CSS06788,恒力吊架组件,SX A250.20 位移255 P型,,,1916T4003,,,NA,QNC,件,620,Kg,
CSS06789,恒力吊架组件,SX A250.20 位移260 P型,,,1916T4003,,,NA,QNC,件,620,Kg,
CSS06790,恒力吊架组件,SX A250.20 位移265 P型,,,1916T4003,,,NA,QNC,件,620,Kg,
CSS06791,恒力吊架组件,SX A250.20 位移270 P型,,,1916T4003,,,NA,QNC,件,620,Kg,
CSS06792,恒力吊架组件,SX A250.20 位移275 P型,,,1916T4003,,,NA,QNC,件,620,Kg,
CSS06793,恒力吊架组件,SX A250.20 位移280 P型,,,1916T4003,,,NA,QNC,件,620,Kg,
CSS06794,恒力吊架组件,SX A250.20 位移285 P型,,,1916T4003,,,NA,QNC,件,620,Kg,
CSS06795,恒力吊架组件,SX A250.20 位移290 P型,,,1916T4003,,,NA,QNC,件,620,Kg,
CSS06796,恒力吊架组件,SX A250.20 位移295 P型,,,1916T4003,,,NA,QNC,件,620,Kg,
CSS06797,恒力吊架组件,SX A250.20 位移300 P型,,,1916T4003,,,NA,QNC,件,620,Kg,
CSS06798,恒力吊架组件,SX A250.20 位移305 P型,,,1916T4003,,,NA,QNC,件,620,Kg,
CSS06799,恒力吊架组件,SX A250.20 位移310 P型,,,1916T4003,,,NA,QNC,件,620,Kg,
CSS06800,恒力吊架组件,SX A250.20 位移315 P型,,,1916T4003,,,NA,QNC,件,620,Kg,
CSS06801,恒力吊架组件,SX A250.20 位移320 P型,,,1916T4003,,,NA,QNC,件,620,Kg,
CSS06802,恒力吊架组件,SX A250.20 位移325 P型,,,1916T4003,,,NA,QNC,件,620,Kg,
CSS06803,恒力吊架组件,SX A250.20 位移330 P型,,,1916T4003,,,NA,QNC,件,620,Kg,
CSS06804,恒力吊架组件,SX A250.20 位移335 P型,,,1916T4003,,,NA,QNC,件,620,Kg,
CSS06805,恒力吊架组件,SX A250.20 位移340 P型,,,1916T4003,,,NA,QNC,件,620,Kg,
CSS06806,恒力吊架组件,SX A250.20 位移345 P型,,,1916T4003,,,NA,QNC,件,620,Kg,
CSS06807,恒力吊架组件,SX A250.20 位移350 P型,,,1916T4003,,,NA,QNC,件,620,Kg,
CSS06808,恒力吊架组件,SX A250.25 位移170 P型,,,1916T4003,,,NA,QNC,件,620,Kg,
CSS06809,恒力吊架组件,SX A250.25 位移175 P型,,,1916T4003,,,NA,QNC,件,620,Kg,
CSS06810,恒力吊架组件,SX A250.25 位移180 P型,,,1916T4003,,,NA,QNC,件,620,Kg,
CSS06811,恒力吊架组件,SX A250.25 位移185 P型,,,1916T4003,,,NA,QNC,件,620,Kg,
CSS06812,恒力吊架组件,SX A250.25 位移190 P型,,,1916T4003,,,NA,QNC,件,620,Kg,
CSS06813,恒力吊架组件,SX A250.25 位移195 P型,,,1916T4003,,,NA,QNC,件,620,Kg,
CSS06814,恒力吊架组件,SX A250.25 位移200 P型,,,1916T4003,,,NA,QNC,件,620,Kg,
CSS06815,恒力吊架组件,SX A250.25 位移205 P型,,,1916T4003,,,NA,QNC,件,620,Kg,
CSS06816,恒力吊架组件,SX A250.25 位移210 P型,,,1916T4003,,,NA,QNC,件,620,Kg,
CSS06817,恒力吊架组件,SX A250.25 位移215 P型,,,1916T4003,,,NA,QNC,件,620,Kg,
CSS06818,恒力吊架组件,SX A250.25 位移220 P型,,,1916T4003,,,NA,QNC,件,620,Kg,
CSS06819,恒力吊架组件,SX A250.25 位移225 P型,,,1916T4003,,,NA,QNC,件,620,Kg,
CSS06820,恒力吊架组件,SX A250.25 位移230 P型,,,1916T4003,,,NA,QNC,件,620,Kg,
CSS06821,恒力吊架组件,SX A250.25 位移235 P型,,,1916T4003,,,NA,QNC,件,620,Kg,
CSS06822,恒力吊架组件,SX A250.25 位移240 P型,,,1916T4003,,,NA,QNC,件,620,Kg,
CSS06823,恒力吊架组件,SX A250.25 位移245 P型,,,1916T4003,,,NA,QNC,件,620,Kg,
CSS06824,恒力吊架组件,SX A250.25 位移250 P型,,,1916T4003,,,NA,QNC,件,620,Kg,
CSS06825,恒力吊架组件,SX A250.25 位移255 P型,,,1916T4003,,,NA,QNC,件,620,Kg,
CSS06826,恒力吊架组件,SX A250.25 位移260 P型,,,1916T4003,,,NA,QNC,件,620,Kg,
CSS06827,恒力吊架组件,SX A250.25 位移265 P型,,,1916T4003,,,NA,QNC,件,620,Kg,
CSS06828,恒力吊架组件,SX A250.25 位移270 P型,,,1916T4003,,,NA,QNC,件,620,Kg,
CSS06829,恒力吊架组件,SX A250.25 位移275 P型,,,1916T4003,,,NA,QNC,件,620,Kg,
CSS06830,恒力吊架组件,SX A250.25 位移280 P型,,,1916T4003,,,NA,QNC,件,620,Kg,
CSS06831,恒力吊架组件,SX A250.25 位移285 P型,,,1916T4003,,,NA,QNC,件,620,Kg,
CSS06832,恒力吊架组件,SX A250.25 位移290 P型,,,1916T4003,,,NA,QNC,件,620,Kg,
CSS06833,恒力吊架组件,SX A250.25 位移295 P型,,,1916T4003,,,NA,QNC,件,620,Kg,
CSS06834,恒力吊架组件,SX A250.25 位移300 P型,,,1916T4003,,,NA,QNC,件,620,Kg,
CSS06835,恒力吊架组件,SX A250.25 位移305 P型,,,1916T4003,,,NA,QNC,件,620,Kg,
CSS06836,恒力吊架组件,SX A250.25 位移310 P型,,,1916T4003,,,NA,QNC,件,620,Kg,
CSS06837,恒力吊架组件,SX A250.25 位移315 P型,,,1916T4003,,,NA,QNC,件,620,Kg,
CSS06838,恒力吊架组件,SX A250.25 位移320 P型,,,1916T4003,,,NA,QNC,件,620,Kg,
CSS06839,恒力吊架组件,SX A250.25 位移325 P型,,,1916T4003,,,NA,QNC,件,620,Kg,
CSS06840,恒力吊架组件,SX A250.25 位移330 P型,,,1916T4003,,,NA,QNC,件,620,Kg,
CSS06841,恒力吊架组件,SX A250.25 位移335 P型,,,1916T4003,,,NA,QNC,件,620,Kg,
CSS06842,恒力吊架组件,SX A250.25 位移340 P型,,,1916T4003,,,NA,QNC,件,620,Kg,
CSS06843,恒力吊架组件,SX A250.25 位移345 P型,,,1916T4003,,,NA,QNC,件,620,Kg,
CSS06844,恒力吊架组件,SX A250.25 位移350 P型,,,1916T4003,,,NA,QNC,件,620,Kg,
CSS06845,恒力吊架组件,SX A250.30 位移170 P型,,,1916T4003,,,NA,QNC,件,620,Kg,
CSS06846,恒力吊架组件,SX A250.30 位移175 P型,,,1916T4003,,,NA,QNC,件,620,Kg,
CSS06847,恒力吊架组件,SX A250.30 位移180 P型,,,1916T4003,,,NA,QNC,件,620,Kg,
CSS06848,恒力吊架组件,SX A250.30 位移185 P型,,,1916T4003,,,NA,QNC,件,620,Kg,
CSS06849,恒力吊架组件,SX A250.30 位移190 P型,,,1916T4003,,,NA,QNC,件,620,Kg,
CSS06850,恒力吊架组件,SX A250.30 位移195 P型,,,1916T4003,,,NA,QNC,件,620,Kg,
CSS06851,恒力吊架组件,SX A250.30 位移200 P型,,,1916T4003,,,NA,QNC,件,620,Kg,
CSS06852,恒力吊架组件,SX A250.30 位移205 P型,,,1916T4003,,,NA,QNC,件,620,Kg,
CSS06853,恒力吊架组件,SX A250.30 位移210 P型,,,1916T4003,,,NA,QNC,件,620,Kg,
CSS06854,恒力吊架组件,SX A250.30 位移215 P型,,,1916T4003,,,NA,QNC,件,620,Kg,
CSS06855,恒力吊架组件,SX A250.30 位移220 P型,,,1916T4003,,,NA,QNC,件,620,Kg,
CSS06856,恒力吊架组件,SX A250.30 位移225 P型,,,1916T4003,,,NA,QNC,件,620,Kg,
CSS06857,恒力吊架组件,SX A250.30 位移230 P型,,,1916T4003,,,NA,QNC,件,620,Kg,
CSS06858,恒力吊架组件,SX A250.30 位移235 P型,,,1916T4003,,,NA,QNC,件,620,Kg,
CSS06859,恒力吊架组件,SX A250.30 位移240 P型,,,1916T4003,,,NA,QNC,件,620,Kg,
CSS06860,恒力吊架组件,SX A250.30 位移245 P型,,,1916T4003,,,NA,QNC,件,620,Kg,
CSS06861,恒力吊架组件,SX A250.30 位移250 P型,,,1916T4003,,,NA,QNC,件,620,Kg,
CSS06862,恒力吊架组件,SX A250.30 位移255 P型,,,1916T4003,,,NA,QNC,件,620,Kg,
CSS06863,恒力吊架组件,SX A250.30 位移260 P型,,,1916T4003,,,NA,QNC,件,620,Kg,
CSS06864,恒力吊架组件,SX A250.30 位移265 P型,,,1916T4003,,,NA,QNC,件,620,Kg,
CSS06865,恒力吊架组件,SX A250.30 位移270 P型,,,1916T4003,,,NA,QNC,件,620,Kg,
CSS06866,恒力吊架组件,SX A250.30 位移275 P型,,,1916T4003,,,NA,QNC,件,620,Kg,
CSS06867,恒力吊架组件,SX A250.30 位移280 P型,,,1916T4003,,,NA,QNC,件,620,Kg,
CSS06868,恒力吊架组件,SX A250.30 位移285 P型,,,1916T4003,,,NA,QNC,件,620,Kg,
CSS06869,恒力吊架组件,SX A250.30 位移290 P型,,,1916T4003,,,NA,QNC,件,620,Kg,
CSS06870,恒力吊架组件,SX A250.30 位移295 P型,,,1916T4003,,,NA,QNC,件,620,Kg,
CSS06871,恒力吊架组件,SX A250.30 位移300 P型,,,1916T4003,,,NA,QNC,件,620,Kg,
CSS06872,恒力吊架组件,SX A250.30 位移305 P型,,,1916T4003,,,NA,QNC,件,620,Kg,
CSS06873,恒力吊架组件,SX A250.30 位移310 P型,,,1916T4003,,,NA,QNC,件,620,Kg,
CSS06874,恒力吊架组件,SX A250.30 位移315 P型,,,1916T4003,,,NA,QNC,件,620,Kg,
CSS06875,恒力吊架组件,SX A250.30 位移320 P型,,,1916T4003,,,NA,QNC,件,620,Kg,
CSS06876,恒力吊架组件,SX A250.30 位移325 P型,,,1916T4003,,,NA,QNC,件,620,Kg,
CSS06877,恒力吊架组件,SX A250.30 位移330 P型,,,1916T4003,,,NA,QNC,件,620,Kg,
CSS06878,恒力吊架组件,SX A250.30 位移335 P型,,,1916T4003,,,NA,QNC,件,620,Kg,
CSS06879,恒力吊架组件,SX A250.30 位移340 P型,,,1916T4003,,,NA,QNC,件,620,Kg,
CSS06880,恒力吊架组件,SX A250.30 位移345 P型,,,1916T4003,,,NA,QNC,件,620,Kg,
CSS06881,恒力吊架组件,SX A250.30 位移350 P型,,,1916T4003,,,NA,QNC,件,620,Kg,
CSS06882,恒力吊架组件,SX A250.35 位移190 P型,,,1916T4003,,,NA,QNC,件,620,Kg,
CSS06883,恒力吊架组件,SX A250.35 位移195 P型,,,1916T4003,,,NA,QNC,件,620,Kg,
CSS06884,恒力吊架组件,SX A250.35 位移200 P型,,,1916T4003,,,NA,QNC,件,620,Kg,
CSS06885,恒力吊架组件,SX A250.35 位移205 P型,,,1916T4003,,,NA,QNC,件,620,Kg,
CSS06886,恒力吊架组件,SX A250.35 位移210 P型,,,1916T4003,,,NA,QNC,件,620,Kg,
CSS06887,恒力吊架组件,SX A250.35 位移215 P型,,,1916T4003,,,NA,QNC,件,620,Kg,
CSS06888,恒力吊架组件,SX A250.35 位移220 P型,,,1916T4003,,,NA,QNC,件,620,Kg,
CSS06889,恒力吊架组件,SX A250.35 位移225 P型,,,1916T4003,,,NA,QNC,件,620,Kg,
CSS06890,恒力吊架组件,SX A250.35 位移230 P型,,,1916T4003,,,NA,QNC,件,620,Kg,
CSS06891,恒力吊架组件,SX A250.35 位移235 P型,,,1916T4003,,,NA,QNC,件,620,Kg,
CSS06892,恒力吊架组件,SX A250.35 位移240 P型,,,1916T4003,,,NA,QNC,件,620,Kg,
CSS06893,恒力吊架组件,SX A250.35 位移245 P型,,,1916T4003,,,NA,QNC,件,620,Kg,
CSS06894,恒力吊架组件,SX A250.35 位移250 P型,,,1916T4003,,,NA,QNC,件,620,Kg,
CSS06895,恒力吊架组件,SX A250.35 位移255 P型,,,1916T4003,,,NA,QNC,件,620,Kg,
CSS06896,恒力吊架组件,SX A250.35 位移260 P型,,,1916T4003,,,NA,QNC,件,620,Kg,
CSS06897,恒力吊架组件,SX A250.35 位移265 P型,,,1916T4003,,,NA,QNC,件,620,Kg,
CSS06898,恒力吊架组件,SX A250.35 位移270 P型,,,1916T4003,,,NA,QNC,件,620,Kg,
CSS06899,恒力吊架组件,SX A250.35 位移275 P型,,,1916T4003,,,NA,QNC,件,620,Kg,
CSS06900,恒力吊架组件,SX A250.35 位移280 P型,,,1916T4003,,,NA,QNC,件,620,Kg,
CSS06901,恒力吊架组件,SX A250.35 位移285 P型,,,1916T4003,,,NA,QNC,件,620,Kg,
CSS06902,恒力吊架组件,SX A250.35 位移290 P型,,,1916T4003,,,NA,QNC,件,620,Kg,
CSS06903,恒力吊架组件,SX A250.35 位移295 P型,,,1916T4003,,,NA,QNC,件,620,Kg,
CSS06904,恒力吊架组件,SX A250.35 位移300 P型,,,1916T4003,,,NA,QNC,件,620,Kg,
CSS06905,恒力吊架组件,SX A250.35 位移305 P型,,,1916T4003,,,NA,QNC,件,620,Kg,
CSS06906,恒力吊架组件,SX A250.35 位移310 P型,,,1916T4003,,,NA,QNC,件,620,Kg,
CSS06907,恒力吊架组件,SX A250.35 位移315 P型,,,1916T4003,,,NA,QNC,件,620,Kg,
CSS06908,恒力吊架组件,SX A250.35 位移320 P型,,,1916T4003,,,NA,QNC,件,620,Kg,
CSS06909,恒力吊架组件,SX A250.35 位移325 P型,,,1916T4003,,,NA,QNC,件,620,Kg,
CSS06910,恒力吊架组件,SX A250.35 位移330 P型,,,1916T4003,,,NA,QNC,件,620,Kg,
CSS06911,恒力吊架组件,SX A250.35 位移335 P型,,,1916T4003,,,NA,QNC,件,620,Kg,
CSS06912,恒力吊架组件,SX A250.35 位移340 P型,,,1916T4003,,,NA,QNC,件,620,Kg,
CSS06913,恒力吊架组件,SX A250.35 位移345 P型,,,1916T4003,,,NA,QNC,件,620,Kg,
CSS06914,恒力吊架组件,SX A250.35 位移350 P型,,,1916T4003,,,NA,QNC,件,620,Kg,
CSS06915,恒力吊架组件,SX A100.15 位移90 F型,,,1916T4003,,,NA,QNC,件,90,Kg,
CSS06916,恒力吊架组件,SX A100.15 位移95 F型,,,1916T4003,,,NA,QNC,件,90,Kg,
CSS06917,恒力吊架组件,SX A100.15 位移100 F型,,,1916T4003,,,NA,QNC,件,90,Kg,
CSS06918,恒力吊架组件,SX A100.15 位移105 F型,,,1916T4003,,,NA,QNC,件,90,Kg,
CSS06919,恒力吊架组件,SX A100.15 位移110 F型,,,1916T4003,,,NA,QNC,件,90,Kg,
CSS06920,恒力吊架组件,SX A100.15 位移115 F型,,,1916T4003,,,NA,QNC,件,90,Kg,
CSS06921,恒力吊架组件,SX A100.15 位移120 F型,,,1916T4003,,,NA,QNC,件,90,Kg,
CSS06922,恒力吊架组件,SX A100.15 位移125 F型,,,1916T4003,,,NA,QNC,件,90,Kg,
CSS06923,恒力吊架组件,SX A100.15 位移130 F型,,,1916T4003,,,NA,QNC,件,90,Kg,
CSS06924,恒力吊架组件,SX A100.15 位移135 F型,,,1916T4003,,,NA,QNC,件,90,Kg,
CSS06925,恒力吊架组件,SX A100.15 位移140 F型,,,1916T4003,,,NA,QNC,件,90,Kg,
CSS06926,恒力吊架组件,SX A100.15 位移145 F型,,,1916T4003,,,NA,QNC,件,90,Kg,
CSS06927,恒力吊架组件,SX A100.15 位移150 F型,,,1916T4003,,,NA,QNC,件,90,Kg,
CSS06928,恒力吊架组件,SX A100.15 位移155 F型,,,1916T4003,,,NA,QNC,件,90,Kg,
CSS06929,恒力吊架组件,SX A100.15 位移160 F型,,,1916T4003,,,NA,QNC,件,90,Kg,
CSS06930,恒力吊架组件,SX A100.15 位移165 F型,,,1916T4003,,,NA,QNC,件,90,Kg,
CSS06931,恒力吊架组件,SX A100.15 位移170 F型,,,1916T4003,,,NA,QNC,件,90,Kg,
CSS06932,恒力吊架组件,SX A100.15 位移175 F型,,,1916T4003,,,NA,QNC,件,90,Kg,
CSS06933,恒力吊架组件,SX A100.15 位移180 F型,,,1916T4003,,,NA,QNC,件,90,Kg,
CSS06934,恒力吊架组件,SX A100.15 位移185 F型,,,1916T4003,,,NA,QNC,件,90,Kg,
CSS06935,恒力吊架组件,SX A100.15 位移190 F型,,,1916T4003,,,NA,QNC,件,90,Kg,
CSS06936,恒力吊架组件,SX A100.15 位移195 F型,,,1916T4003,,,NA,QNC,件,90,Kg,
CSS06937,恒力吊架组件,SX A100.15 位移200 F型,,,1916T4003,,,NA,QNC,件,90,Kg,
CSS06938,恒力吊架组件,SX A100.15 位移205 F型,,,1916T4003,,,NA,QNC,件,90,Kg,
CSS06939,恒力吊架组件,SX A100.15 位移210 F型,,,1916T4003,,,NA,QNC,件,90,Kg,
CSS06940,恒力吊架组件,SX A100.15 位移215 F型,,,1916T4003,,,NA,QNC,件,90,Kg,
CSS06941,恒力吊架组件,SX A100.15 位移220 F型,,,1916T4003,,,NA,QNC,件,90,Kg,
CSS06942,恒力吊架组件,SX A100.15 位移225 F型,,,1916T4003,,,NA,QNC,件,90,Kg,
CSS06943,恒力吊架组件,SX A100.15 位移230 F型,,,1916T4003,,,NA,QNC,件,90,Kg,
CSS06944,恒力吊架组件,SX A100.15 位移235 F型,,,1916T4003,,,NA,QNC,件,90,Kg,
CSS06945,恒力吊架组件,SX A100.15 位移240 F型,,,1916T4003,,,NA,QNC,件,90,Kg,
CSS06946,恒力吊架组件,SX A100.15 位移245 F型,,,1916T4003,,,NA,QNC,件,90,Kg,
CSS06947,恒力吊架组件,SX A100.15 位移250 F型,,,1916T4003,,,NA,QNC,件,90,Kg,
CSS06948,恒力吊架组件,SX A100.20 位移90 F型,,,1916T4003,,,NA,QNC,件,90,Kg,
CSS06949,恒力吊架组件,SX A100.20 位移95 F型,,,1916T4003,,,NA,QNC,件,90,Kg,
CSS06950,恒力吊架组件,SX A100.20 位移100 F型,,,1916T4003,,,NA,QNC,件,90,Kg,
CSS06951,恒力吊架组件,SX A100.20 位移105 F型,,,1916T4003,,,NA,QNC,件,90,Kg,
CSS06952,恒力吊架组件,SX A100.20 位移110 F型,,,1916T4003,,,NA,QNC,件,90,Kg,
CSS06953,恒力吊架组件,SX A100.20 位移115 F型,,,1916T4003,,,NA,QNC,件,90,Kg,
CSS06954,恒力吊架组件,SX A100.20 位移120 F型,,,1916T4003,,,NA,QNC,件,90,Kg,
CSS06955,恒力吊架组件,SX A100.20 位移125 F型,,,1916T4003,,,NA,QNC,件,90,Kg,
CSS06956,恒力吊架组件,SX A100.20 位移130 F型,,,1916T4003,,,NA,QNC,件,90,Kg,
CSS06957,恒力吊架组件,SX A100.20 位移135 F型,,,1916T4003,,,NA,QNC,件,90,Kg,
CSS06958,恒力吊架组件,SX A100.20 位移140 F型,,,1916T4003,,,NA,QNC,件,90,Kg,
CSS06959,恒力吊架组件,SX A100.20 位移145 F型,,,1916T4003,,,NA,QNC,件,90,Kg,
CSS06960,恒力吊架组件,SX A100.20 位移150 F型,,,1916T4003,,,NA,QNC,件,90,Kg,
CSS06961,恒力吊架组件,SX A100.20 位移155 F型,,,1916T4003,,,NA,QNC,件,90,Kg,
CSS06962,恒力吊架组件,SX A100.20 位移160 F型,,,1916T4003,,,NA,QNC,件,90,Kg,
CSS06963,恒力吊架组件,SX A100.20 位移165 F型,,,1916T4003,,,NA,QNC,件,90,Kg,
CSS06964,恒力吊架组件,SX A100.20 位移170 F型,,,1916T4003,,,NA,QNC,件,90,Kg,
CSS06965,恒力吊架组件,SX A100.20 位移175 F型,,,1916T4003,,,NA,QNC,件,90,Kg,
CSS06966,恒力吊架组件,SX A100.20 位移180 F型,,,1916T4003,,,NA,QNC,件,90,Kg,
CSS06967,恒力吊架组件,SX A100.20 位移185 F型,,,1916T4003,,,NA,QNC,件,90,Kg,
CSS06968,恒力吊架组件,SX A100.20 位移190 F型,,,1916T4003,,,NA,QNC,件,90,Kg,
CSS06969,恒力吊架组件,SX A100.20 位移195 F型,,,1916T4003,,,NA,QNC,件,90,Kg,
CSS06970,恒力吊架组件,SX A100.20 位移200 F型,,,1916T4003,,,NA,QNC,件,90,Kg,
CSS06971,恒力吊架组件,SX A100.20 位移205 F型,,,1916T4003,,,NA,QNC,件,90,Kg,
CSS06972,恒力吊架组件,SX A100.20 位移210 F型,,,1916T4003,,,NA,QNC,件,90,Kg,
CSS06973,恒力吊架组件,SX A100.20 位移215 F型,,,1916T4003,,,NA,QNC,件,90,Kg,
CSS06974,恒力吊架组件,SX A100.20 位移220 F型,,,1916T4003,,,NA,QNC,件,90,Kg,
CSS06975,恒力吊架组件,SX A100.20 位移225 F型,,,1916T4003,,,NA,QNC,件,90,Kg,
CSS06976,恒力吊架组件,SX A100.20 位移230 F型,,,1916T4003,,,NA,QNC,件,90,Kg,
CSS06977,恒力吊架组件,SX A100.20 位移235 F型,,,1916T4003,,,NA,QNC,件,90,Kg,
CSS06978,恒力吊架组件,SX A100.20 位移240 F型,,,1916T4003,,,NA,QNC,件,90,Kg,
CSS06979,恒力吊架组件,SX A100.20 位移245 F型,,,1916T4003,,,NA,QNC,件,90,Kg,
CSS06980,恒力吊架组件,SX A100.20 位移250 F型,,,1916T4003,,,NA,QNC,件,90,Kg,
CSS06981,恒力吊架组件,SX A100.25 位移90 F型,,,1916T4003,,,NA,QNC,件,90,Kg,
CSS06982,恒力吊架组件,SX A100.25 位移95 F型,,,1916T4003,,,NA,QNC,件,90,Kg,
CSS06983,恒力吊架组件,SX A100.25 位移100 F型,,,1916T4003,,,NA,QNC,件,90,Kg,
CSS06984,恒力吊架组件,SX A100.25 位移105 F型,,,1916T4003,,,NA,QNC,件,90,Kg,
CSS06985,恒力吊架组件,SX A100.25 位移110 F型,,,1916T4003,,,NA,QNC,件,90,Kg,
CSS06986,恒力吊架组件,SX A100.25 位移115 F型,,,1916T4003,,,NA,QNC,件,90,Kg,
CSS06987,恒力吊架组件,SX A100.25 位移120 F型,,,1916T4003,,,NA,QNC,件,90,Kg,
CSS06988,恒力吊架组件,SX A100.25 位移125 F型,,,1916T4003,,,NA,QNC,件,90,Kg,
CSS06989,恒力吊架组件,SX A100.25 位移130 F型,,,1916T4003,,,NA,QNC,件,90,Kg,
CSS06990,恒力吊架组件,SX A100.25 位移135 F型,,,1916T4003,,,NA,QNC,件,90,Kg,
CSS06991,恒力吊架组件,SX A100.25 位移140 F型,,,1916T4003,,,NA,QNC,件,90,Kg,
CSS06992,恒力吊架组件,SX A100.25 位移145 F型,,,1916T4003,,,NA,QNC,件,90,Kg,
CSS06993,恒力吊架组件,SX A100.25 位移150 F型,,,1916T4003,,,NA,QNC,件,90,Kg,
CSS06994,恒力吊架组件,SX A100.25 位移155 F型,,,1916T4003,,,NA,QNC,件,90,Kg,
CSS06995,恒力吊架组件,SX A100.25 位移160 F型,,,1916T4003,,,NA,QNC,件,90,Kg,
CSS06996,恒力吊架组件,SX A100.25 位移165 F型,,,1916T4003,,,NA,QNC,件,90,Kg,
CSS06997,恒力吊架组件,SX A100.25 位移170 F型,,,1916T4003,,,NA,QNC,件,90,Kg,
CSS06998,恒力吊架组件,SX A100.25 位移175 F型,,,1916T4003,,,NA,QNC,件,90,Kg,
CSS06999,恒力吊架组件,SX A100.25 位移180 F型,,,1916T4003,,,NA,QNC,件,90,Kg,
CSS07000,恒力吊架组件,SX A100.25 位移185 F型,,,1916T4003,,,NA,QNC,件,90,Kg,
CSS07001,恒力吊架组件,SX A100.25 位移190 F型,,,1916T4003,,,NA,QNC,件,90,Kg,
CSS07002,恒力吊架组件,SX A100.25 位移195 F型,,,1916T4003,,,NA,QNC,件,90,Kg,
CSS07003,恒力吊架组件,SX A100.25 位移200 F型,,,1916T4003,,,NA,QNC,件,90,Kg,
CSS07004,恒力吊架组件,SX A100.25 位移205 F型,,,1916T4003,,,NA,QNC,件,90,Kg,
CSS07005,恒力吊架组件,SX A100.25 位移210 F型,,,1916T4003,,,NA,QNC,件,90,Kg,
CSS07006,恒力吊架组件,SX A100.25 位移215 F型,,,1916T4003,,,NA,QNC,件,90,Kg,
CSS07007,恒力吊架组件,SX A100.25 位移220 F型,,,1916T4003,,,NA,QNC,件,90,Kg,
CSS07008,恒力吊架组件,SX A100.25 位移225 F型,,,1916T4003,,,NA,QNC,件,90,Kg,
CSS07009,恒力吊架组件,SX A100.25 位移230 F型,,,1916T4003,,,NA,QNC,件,90,Kg,
CSS07010,恒力吊架组件,SX A100.25 位移235 F型,,,1916T4003,,,NA,QNC,件,90,Kg,
CSS07011,恒力吊架组件,SX A100.25 位移240 F型,,,1916T4003,,,NA,QNC,件,90,Kg,
CSS07012,恒力吊架组件,SX A100.25 位移245 F型,,,1916T4003,,,NA,QNC,件,90,Kg,
CSS07013,恒力吊架组件,SX A100.25 位移250 F型,,,1916T4003,,,NA,QNC,件,90,Kg,
CSS07014,恒力吊架组件,SX A100.30 位移90 F型,,,1916T4003,,,NA,QNC,件,90,Kg,
CSS07015,恒力吊架组件,SX A100.30 位移95 F型,,,1916T4003,,,NA,QNC,件,90,Kg,
CSS07016,恒力吊架组件,SX A100.30 位移100 F型,,,1916T4003,,,NA,QNC,件,90,Kg,
CSS07017,恒力吊架组件,SX A100.30 位移105 F型,,,1916T4003,,,NA,QNC,件,90,Kg,
CSS07018,恒力吊架组件,SX A100.30 位移110 F型,,,1916T4003,,,NA,QNC,件,90,Kg,
CSS07019,恒力吊架组件,SX A100.30 位移115 F型,,,1916T4003,,,NA,QNC,件,90,Kg,
CSS07020,恒力吊架组件,SX A100.30 位移120 F型,,,1916T4003,,,NA,QNC,件,90,Kg,
CSS07021,恒力吊架组件,SX A100.30 位移125 F型,,,1916T4003,,,NA,QNC,件,90,Kg,
CSS07022,恒力吊架组件,SX A100.30 位移130 F型,,,1916T4003,,,NA,QNC,件,90,Kg,
CSS07023,恒力吊架组件,SX A100.30 位移135 F型,,,1916T4003,,,NA,QNC,件,90,Kg,
CSS07024,恒力吊架组件,SX A100.30 位移140 F型,,,1916T4003,,,NA,QNC,件,90,Kg,
CSS07025,恒力吊架组件,SX A100.30 位移145 F型,,,1916T4003,,,NA,QNC,件,90,Kg,
CSS07026,恒力吊架组件,SX A100.30 位移150 F型,,,1916T4003,,,NA,QNC,件,90,Kg,
CSS07027,恒力吊架组件,SX A100.30 位移155 F型,,,1916T4003,,,NA,QNC,件,90,Kg,
CSS07028,恒力吊架组件,SX A100.30 位移160 F型,,,1916T4003,,,NA,QNC,件,90,Kg,
CSS07029,恒力吊架组件,SX A100.30 位移165 F型,,,1916T4003,,,NA,QNC,件,90,Kg,
CSS07030,恒力吊架组件,SX A100.30 位移170 F型,,,1916T4003,,,NA,QNC,件,90,Kg,
CSS07031,恒力吊架组件,SX A100.30 位移175 F型,,,1916T4003,,,NA,QNC,件,90,Kg,
CSS07032,恒力吊架组件,SX A100.30 位移180 F型,,,1916T4003,,,NA,QNC,件,90,Kg,
CSS07033,恒力吊架组件,SX A100.30 位移185 F型,,,1916T4003,,,NA,QNC,件,90,Kg,
CSS07034,恒力吊架组件,SX A100.30 位移190 F型,,,1916T4003,,,NA,QNC,件,90,Kg,
CSS07035,恒力吊架组件,SX A100.30 位移195 F型,,,1916T4003,,,NA,QNC,件,90,Kg,
CSS07036,恒力吊架组件,SX A100.30 位移200 F型,,,1916T4003,,,NA,QNC,件,90,Kg,
CSS07037,恒力吊架组件,SX A100.30 位移205 F型,,,1916T4003,,,NA,QNC,件,90,Kg,
CSS07038,恒力吊架组件,SX A100.30 位移210 F型,,,1916T4003,,,NA,QNC,件,90,Kg,
CSS07039,恒力吊架组件,SX A100.30 位移215 F型,,,1916T4003,,,NA,QNC,件,90,Kg,
CSS07040,恒力吊架组件,SX A100.30 位移220 F型,,,1916T4003,,,NA,QNC,件,90,Kg,
CSS07041,恒力吊架组件,SX A100.30 位移225 F型,,,1916T4003,,,NA,QNC,件,90,Kg,
CSS07042,恒力吊架组件,SX A100.30 位移230 F型,,,1916T4003,,,NA,QNC,件,90,Kg,
CSS07043,恒力吊架组件,SX A100.30 位移235 F型,,,1916T4003,,,NA,QNC,件,90,Kg,
CSS07044,恒力吊架组件,SX A100.30 位移240 F型,,,1916T4003,,,NA,QNC,件,90,Kg,
CSS07045,恒力吊架组件,SX A100.30 位移245 F型,,,1916T4003,,,NA,QNC,件,90,Kg,
CSS07046,恒力吊架组件,SX A100.30 位移250 F型,,,1916T4003,,,NA,QNC,件,90,Kg,
CSS07047,恒力吊架组件,SX A101.2.5 位移90 F型,,,1916T4003,,,NA,QNC,件,45,Kg,
CSS07048,恒力吊架组件,SX A101.2.5 位移95 F型,,,1916T4003,,,NA,QNC,件,45,Kg,
CSS07049,恒力吊架组件,SX A101.2.5 位移100 F型,,,1916T4003,,,NA,QNC,件,45,Kg,
CSS07050,恒力吊架组件,SX A101.2.5 位移105 F型,,,1916T4003,,,NA,QNC,件,45,Kg,
CSS07051,恒力吊架组件,SX A101.2.5 位移110 F型,,,1916T4003,,,NA,QNC,件,45,Kg,
CSS07052,恒力吊架组件,SX A101.2.5 位移115 F型,,,1916T4003,,,NA,QNC,件,45,Kg,
CSS07053,恒力吊架组件,SX A101.2.5 位移120 F型,,,1916T4003,,,NA,QNC,件,45,Kg,
CSS07054,恒力吊架组件,SX A101.2.5 位移125 F型,,,1916T4003,,,NA,QNC,件,45,Kg,
CSS07055,恒力吊架组件,SX A101.2.5 位移130 F型,,,1916T4003,,,NA,QNC,件,45,Kg,
CSS07056,恒力吊架组件,SX A101.2.5 位移135 F型,,,1916T4003,,,NA,QNC,件,45,Kg,
CSS07057,恒力吊架组件,SX A101.2.5 位移140 F型,,,1916T4003,,,NA,QNC,件,45,Kg,
CSS07058,恒力吊架组件,SX A101.2.5 位移145 F型,,,1916T4003,,,NA,QNC,件,45,Kg,
CSS07059,恒力吊架组件,SX A101.2.5 位移150 F型,,,1916T4003,,,NA,QNC,件,45,Kg,
CSS07060,恒力吊架组件,SX A101.2.5 位移155 F型,,,1916T4003,,,NA,QNC,件,45,Kg,
CSS07061,恒力吊架组件,SX A101.2.5 位移160 F型,,,1916T4003,,,NA,QNC,件,45,Kg,
CSS07062,恒力吊架组件,SX A101.2.5 位移165 F型,,,1916T4003,,,NA,QNC,件,45,Kg,
CSS07063,恒力吊架组件,SX A101.2.5 位移170 F型,,,1916T4003,,,NA,QNC,件,45,Kg,
CSS07064,恒力吊架组件,SX A101.2.5 位移175 F型,,,1916T4003,,,NA,QNC,件,45,Kg,
CSS07065,恒力吊架组件,SX A101.2.5 位移180 F型,,,1916T4003,,,NA,QNC,件,45,Kg,
CSS07066,恒力吊架组件,SX A101.2.5 位移185 F型,,,1916T4003,,,NA,QNC,件,45,Kg,
CSS07067,恒力吊架组件,SX A101.2.5 位移190 F型,,,1916T4003,,,NA,QNC,件,45,Kg,
CSS07068,恒力吊架组件,SX A101.2.5 位移195 F型,,,1916T4003,,,NA,QNC,件,45,Kg,
CSS07069,恒力吊架组件,SX A101.2.5 位移200 F型,,,1916T4003,,,NA,QNC,件,45,Kg,
CSS07070,恒力吊架组件,SX A101.2.5 位移205 F型,,,1916T4003,,,NA,QNC,件,45,Kg,
CSS07071,恒力吊架组件,SX A101.2.5 位移210 F型,,,1916T4003,,,NA,QNC,件,45,Kg,
CSS07072,恒力吊架组件,SX A101.2.5 位移215 F型,,,1916T4003,,,NA,QNC,件,45,Kg,
CSS07073,恒力吊架组件,SX A101.2.5 位移220 F型,,,1916T4003,,,NA,QNC,件,45,Kg,
CSS07074,恒力吊架组件,SX A101.2.5 位移225 F型,,,1916T4003,,,NA,QNC,件,45,Kg,
CSS07075,恒力吊架组件,SX A101.2.5 位移230 F型,,,1916T4003,,,NA,QNC,件,45,Kg,
CSS07076,恒力吊架组件,SX A101.2.5 位移235 F型,,,1916T4003,,,NA,QNC,件,45,Kg,
CSS07077,恒力吊架组件,SX A101.2.5 位移240 F型,,,1916T4003,,,NA,QNC,件,45,Kg,
CSS07078,恒力吊架组件,SX A101.2.5 位移245 F型,,,1916T4003,,,NA,QNC,件,45,Kg,
CSS07079,恒力吊架组件,SX A101.2.5 位移250 F型,,,1916T4003,,,NA,QNC,件,45,Kg,
CSS07080,恒力吊架组件,SX A101.5 位移90 F型,,,1916T4003,,,NA,QNC,件,45,Kg,
CSS07081,恒力吊架组件,SX A101.5 位移95 F型,,,1916T4003,,,NA,QNC,件,45,Kg,
CSS07082,恒力吊架组件,SX A101.5 位移100 F型,,,1916T4003,,,NA,QNC,件,45,Kg,
CSS07083,恒力吊架组件,SX A101.5 位移105 F型,,,1916T4003,,,NA,QNC,件,45,Kg,
CSS07084,恒力吊架组件,SX A101.5 位移110 F型,,,1916T4003,,,NA,QNC,件,45,Kg,
CSS07085,恒力吊架组件,SX A101.5 位移115 F型,,,1916T4003,,,NA,QNC,件,45,Kg,
CSS07086,恒力吊架组件,SX A101.5 位移120 F型,,,1916T4003,,,NA,QNC,件,45,Kg,
CSS07087,恒力吊架组件,SX A101.5 位移125 F型,,,1916T4003,,,NA,QNC,件,45,Kg,
CSS07088,恒力吊架组件,SX A101.5 位移130 F型,,,1916T4003,,,NA,QNC,件,45,Kg,
CSS07089,恒力吊架组件,SX A101.5 位移135 F型,,,1916T4003,,,NA,QNC,件,45,Kg,
CSS07090,恒力吊架组件,SX A101.5 位移140 F型,,,1916T4003,,,NA,QNC,件,45,Kg,
CSS07091,恒力吊架组件,SX A101.5 位移145 F型,,,1916T4003,,,NA,QNC,件,45,Kg,
CSS07092,恒力吊架组件,SX A101.5 位移150 F型,,,1916T4003,,,NA,QNC,件,45,Kg,
CSS07093,恒力吊架组件,SX A101.5 位移155 F型,,,1916T4003,,,NA,QNC,件,45,Kg,
CSS07094,恒力吊架组件,SX A101.5 位移160 F型,,,1916T4003,,,NA,QNC,件,45,Kg,
CSS07095,恒力吊架组件,SX A101.5 位移165 F型,,,1916T4003,,,NA,QNC,件,45,Kg,
CSS07096,恒力吊架组件,SX A101.5 位移170 F型,,,1916T4003,,,NA,QNC,件,45,Kg,
CSS07097,恒力吊架组件,SX A101.5 位移175 F型,,,1916T4003,,,NA,QNC,件,45,Kg,
CSS07098,恒力吊架组件,SX A101.5 位移180 F型,,,1916T4003,,,NA,QNC,件,45,Kg,
CSS07099,恒力吊架组件,SX A101.5 位移185 F型,,,1916T4003,,,NA,QNC,件,45,Kg,
CSS07100,恒力吊架组件,SX A101.5 位移190 F型,,,1916T4003,,,NA,QNC,件,45,Kg,
CSS07101,恒力吊架组件,SX A101.5 位移195 F型,,,1916T4003,,,NA,QNC,件,45,Kg,
CSS07102,恒力吊架组件,SX A101.5 位移200 F型,,,1916T4003,,,NA,QNC,件,45,Kg,
CSS07103,恒力吊架组件,SX A101.5 位移205 F型,,,1916T4003,,,NA,QNC,件,45,Kg,
CSS07104,恒力吊架组件,SX A101.5 位移210 F型,,,1916T4003,,,NA,QNC,件,45,Kg,
CSS07105,恒力吊架组件,SX A101.5 位移215 F型,,,1916T4003,,,NA,QNC,件,45,Kg,
CSS07106,恒力吊架组件,SX A101.5 位移220 F型,,,1916T4003,,,NA,QNC,件,45,Kg,
CSS07107,恒力吊架组件,SX A101.5 位移225 F型,,,1916T4003,,,NA,QNC,件,45,Kg,
CSS07108,恒力吊架组件,SX A101.5 位移230 F型,,,1916T4003,,,NA,QNC,件,45,Kg,
CSS07109,恒力吊架组件,SX A101.5 位移235 F型,,,1916T4003,,,NA,QNC,件,45,Kg,
CSS07110,恒力吊架组件,SX A101.5 位移240 F型,,,1916T4003,,,NA,QNC,件,45,Kg,
CSS07111,恒力吊架组件,SX A101.5 位移245 F型,,,1916T4003,,,NA,QNC,件,45,Kg,
CSS07112,恒力吊架组件,SX A101.5 位移250 F型,,,1916T4003,,,NA,QNC,件,45,Kg,
CSS07113,恒力吊架组件,SX A101.10 位移90 F型,,,1916T4003,,,NA,QNC,件,45,Kg,
CSS07114,恒力吊架组件,SX A101.10 位移95 F型,,,1916T4003,,,NA,QNC,件,45,Kg,
CSS07115,恒力吊架组件,SX A101.10 位移100 F型,,,1916T4003,,,NA,QNC,件,45,Kg,
CSS07116,恒力吊架组件,SX A101.10 位移105 F型,,,1916T4003,,,NA,QNC,件,45,Kg,
CSS07117,恒力吊架组件,SX A101.10 位移110 F型,,,1916T4003,,,NA,QNC,件,45,Kg,
CSS07118,恒力吊架组件,SX A101.10 位移115 F型,,,1916T4003,,,NA,QNC,件,45,Kg,
CSS07119,恒力吊架组件,SX A101.10 位移120 F型,,,1916T4003,,,NA,QNC,件,45,Kg,
CSS07120,恒力吊架组件,SX A101.10 位移125 F型,,,1916T4003,,,NA,QNC,件,45,Kg,
CSS07121,恒力吊架组件,SX A101.10 位移130 F型,,,1916T4003,,,NA,QNC,件,45,Kg,
CSS07122,恒力吊架组件,SX A101.10 位移135 F型,,,1916T4003,,,NA,QNC,件,45,Kg,
CSS07123,恒力吊架组件,SX A101.10 位移140 F型,,,1916T4003,,,NA,QNC,件,45,Kg,
CSS07124,恒力吊架组件,SX A101.10 位移145 F型,,,1916T4003,,,NA,QNC,件,45,Kg,
CSS07125,恒力吊架组件,SX A101.10 位移150 F型,,,1916T4003,,,NA,QNC,件,45,Kg,
CSS07126,恒力吊架组件,SX A101.10 位移155 F型,,,1916T4003,,,NA,QNC,件,45,Kg,
CSS07127,恒力吊架组件,SX A101.10 位移160 F型,,,1916T4003,,,NA,QNC,件,45,Kg,
CSS07128,恒力吊架组件,SX A101.10 位移165 F型,,,1916T4003,,,NA,QNC,件,45,Kg,
CSS07129,恒力吊架组件,SX A101.10 位移170 F型,,,1916T4003,,,NA,QNC,件,45,Kg,
CSS07130,恒力吊架组件,SX A101.10 位移175 F型,,,1916T4003,,,NA,QNC,件,45,Kg,
CSS07131,恒力吊架组件,SX A101.10 位移180 F型,,,1916T4003,,,NA,QNC,件,45,Kg,
CSS07132,恒力吊架组件,SX A101.10 位移185 F型,,,1916T4003,,,NA,QNC,件,45,Kg,
CSS07133,恒力吊架组件,SX A101.10 位移190 F型,,,1916T4003,,,NA,QNC,件,45,Kg,
CSS07134,恒力吊架组件,SX A101.10 位移195 F型,,,1916T4003,,,NA,QNC,件,45,Kg,
CSS07135,恒力吊架组件,SX A101.10 位移200 F型,,,1916T4003,,,NA,QNC,件,45,Kg,
CSS07136,恒力吊架组件,SX A101.10 位移205 F型,,,1916T4003,,,NA,QNC,件,45,Kg,
CSS07137,恒力吊架组件,SX A101.10 位移210 F型,,,1916T4003,,,NA,QNC,件,45,Kg,
CSS07138,恒力吊架组件,SX A101.10 位移215 F型,,,1916T4003,,,NA,QNC,件,45,Kg,
CSS07139,恒力吊架组件,SX A101.10 位移220 F型,,,1916T4003,,,NA,QNC,件,45,Kg,
CSS07140,恒力吊架组件,SX A101.10 位移225 F型,,,1916T4003,,,NA,QNC,件,45,Kg,
CSS07141,恒力吊架组件,SX A101.10 位移230 F型,,,1916T4003,,,NA,QNC,件,45,Kg,
CSS07142,恒力吊架组件,SX A101.10 位移235 F型,,,1916T4003,,,NA,QNC,件,45,Kg,
CSS07143,恒力吊架组件,SX A101.10 位移240 F型,,,1916T4003,,,NA,QNC,件,45,Kg,
CSS07144,恒力吊架组件,SX A101.10 位移245 F型,,,1916T4003,,,NA,QNC,件,45,Kg,
CSS07145,恒力吊架组件,SX A101.10 位移250 F型,,,1916T4003,,,NA,QNC,件,45,Kg,
CSS07146,恒力吊架组件,SX A150.5 位移120 F型,,,1916T4003,,,NA,QNC,件,150,Kg,
CSS07147,恒力吊架组件,SX A150.5 位移125 F型,,,1916T4003,,,NA,QNC,件,150,Kg,
CSS07148,恒力吊架组件,SX A150.5 位移130 F型,,,1916T4003,,,NA,QNC,件,150,Kg,
CSS07149,恒力吊架组件,SX A150.5 位移135 F型,,,1916T4003,,,NA,QNC,件,150,Kg,
CSS07150,恒力吊架组件,SX A150.5 位移140 F型,,,1916T4003,,,NA,QNC,件,150,Kg,
CSS07151,恒力吊架组件,SX A150.5 位移145 F型,,,1916T4003,,,NA,QNC,件,150,Kg,
CSS07152,恒力吊架组件,SX A150.5 位移150 F型,,,1916T4003,,,NA,QNC,件,150,Kg,
CSS07153,恒力吊架组件,SX A150.5 位移155 F型,,,1916T4003,,,NA,QNC,件,150,Kg,
CSS07154,恒力吊架组件,SX A150.5 位移160 F型,,,1916T4003,,,NA,QNC,件,150,Kg,
CSS07155,恒力吊架组件,SX A150.5 位移165 F型,,,1916T4003,,,NA,QNC,件,150,Kg,
CSS07156,恒力吊架组件,SX A150.5 位移170 F型,,,1916T4003,,,NA,QNC,件,150,Kg,
CSS07157,恒力吊架组件,SX A150.5 位移175 F型,,,1916T4003,,,NA,QNC,件,150,Kg,
CSS07158,恒力吊架组件,SX A150.5 位移180 F型,,,1916T4003,,,NA,QNC,件,150,Kg,
CSS07159,恒力吊架组件,SX A150.5 位移185 F型,,,1916T4003,,,NA,QNC,件,150,Kg,
CSS07160,恒力吊架组件,SX A150.5 位移190 F型,,,1916T4003,,,NA,QNC,件,150,Kg,
CSS07161,恒力吊架组件,SX A150.5 位移195 F型,,,1916T4003,,,NA,QNC,件,150,Kg,
CSS07162,恒力吊架组件,SX A150.5 位移200 F型,,,1916T4003,,,NA,QNC,件,150,Kg,
CSS07163,恒力吊架组件,SX A150.5 位移205 F型,,,1916T4003,,,NA,QNC,件,150,Kg,
CSS07164,恒力吊架组件,SX A150.5 位移210 F型,,,1916T4003,,,NA,QNC,件,150,Kg,
CSS07165,恒力吊架组件,SX A150.5 位移215 F型,,,1916T4003,,,NA,QNC,件,150,Kg,
CSS07166,恒力吊架组件,SX A150.5 位移220 F型,,,1916T4003,,,NA,QNC,件,150,Kg,
CSS07167,恒力吊架组件,SX A150.5 位移225 F型,,,1916T4003,,,NA,QNC,件,150,Kg,
CSS07168,恒力吊架组件,SX A150.5 位移230 F型,,,1916T4003,,,NA,QNC,件,150,Kg,
CSS07169,恒力吊架组件,SX A150.5 位移235 F型,,,1916T4003,,,NA,QNC,件,150,Kg,
CSS07170,恒力吊架组件,SX A150.5 位移240 F型,,,1916T4003,,,NA,QNC,件,150,Kg,
CSS07171,恒力吊架组件,SX A150.5 位移245 F型,,,1916T4003,,,NA,QNC,件,150,Kg,
CSS07172,恒力吊架组件,SX A150.5 位移250 F型,,,1916T4003,,,NA,QNC,件,150,Kg,
CSS07173,恒力吊架组件,SX A150.5 位移255 F型,,,1916T4003,,,NA,QNC,件,150,Kg,
CSS07174,恒力吊架组件,SX A150.5 位移260 F型,,,1916T4003,,,NA,QNC,件,150,Kg,
CSS07175,恒力吊架组件,SX A150.5 位移265 F型,,,1916T4003,,,NA,QNC,件,150,Kg,
CSS07176,恒力吊架组件,SX A150.5 位移270 F型,,,1916T4003,,,NA,QNC,件,150,Kg,
CSS07177,恒力吊架组件,SX A150.5 位移275 F型,,,1916T4003,,,NA,QNC,件,150,Kg,
CSS07178,恒力吊架组件,SX A150.5 位移280 F型,,,1916T4003,,,NA,QNC,件,150,Kg,
CSS07179,恒力吊架组件,SX A150.5 位移285 F型,,,1916T4003,,,NA,QNC,件,150,Kg,
CSS07180,恒力吊架组件,SX A150.5 位移290 F型,,,1916T4003,,,NA,QNC,件,150,Kg,
CSS07181,恒力吊架组件,SX A150.5 位移295 F型,,,1916T4003,,,NA,QNC,件,150,Kg,
CSS07182,恒力吊架组件,SX A150.5 位移300 F型,,,1916T4003,,,NA,QNC,件,150,Kg,
CSS07183,恒力吊架组件,SX A150.10 位移120 F型,,,1916T4003,,,NA,QNC,件,150,Kg,
CSS07184,恒力吊架组件,SX A150.10 位移125 F型,,,1916T4003,,,NA,QNC,件,150,Kg,
CSS07185,恒力吊架组件,SX A150.10 位移130 F型,,,1916T4003,,,NA,QNC,件,150,Kg,
CSS07186,恒力吊架组件,SX A150.10 位移135 F型,,,1916T4003,,,NA,QNC,件,150,Kg,
CSS07187,恒力吊架组件,SX A150.10 位移140 F型,,,1916T4003,,,NA,QNC,件,150,Kg,
CSS07188,恒力吊架组件,SX A150.10 位移145 F型,,,1916T4003,,,NA,QNC,件,150,Kg,
CSS07189,恒力吊架组件,SX A150.10 位移150 F型,,,1916T4003,,,NA,QNC,件,150,Kg,
CSS07190,恒力吊架组件,SX A150.10 位移155 F型,,,1916T4003,,,NA,QNC,件,150,Kg,
CSS07191,恒力吊架组件,SX A150.10 位移160 F型,,,1916T4003,,,NA,QNC,件,150,Kg,
CSS07192,恒力吊架组件,SX A150.10 位移165 F型,,,1916T4003,,,NA,QNC,件,150,Kg,
CSS07193,恒力吊架组件,SX A150.10 位移170 F型,,,1916T4003,,,NA,QNC,件,150,Kg,
CSS07194,恒力吊架组件,SX A150.10 位移175 F型,,,1916T4003,,,NA,QNC,件,150,Kg,
CSS07195,恒力吊架组件,SX A150.10 位移180 F型,,,1916T4003,,,NA,QNC,件,150,Kg,
CSS07196,恒力吊架组件,SX A150.10 位移185 F型,,,1916T4003,,,NA,QNC,件,150,Kg,
CSS07197,恒力吊架组件,SX A150.10 位移190 F型,,,1916T4003,,,NA,QNC,件,150,Kg,
CSS07198,恒力吊架组件,SX A150.10 位移195 F型,,,1916T4003,,,NA,QNC,件,150,Kg,
CSS07199,恒力吊架组件,SX A150.10 位移200 F型,,,1916T4003,,,NA,QNC,件,150,Kg,
CSS07200,恒力吊架组件,SX A150.10 位移205 F型,,,1916T4003,,,NA,QNC,件,150,Kg,
CSS07201,恒力吊架组件,SX A150.10 位移210 F型,,,1916T4003,,,NA,QNC,件,150,Kg,
CSS07202,恒力吊架组件,SX A150.10 位移215 F型,,,1916T4003,,,NA,QNC,件,150,Kg,
CSS07203,恒力吊架组件,SX A150.10 位移220 F型,,,1916T4003,,,NA,QNC,件,150,Kg,
CSS07204,恒力吊架组件,SX A150.10 位移225 F型,,,1916T4003,,,NA,QNC,件,150,Kg,
CSS07205,恒力吊架组件,SX A150.10 位移230 F型,,,1916T4003,,,NA,QNC,件,150,Kg,
CSS07206,恒力吊架组件,SX A150.10 位移235 F型,,,1916T4003,,,NA,QNC,件,150,Kg,
CSS07207,恒力吊架组件,SX A150.10 位移240 F型,,,1916T4003,,,NA,QNC,件,150,Kg,
CSS07208,恒力吊架组件,SX A150.10 位移245 F型,,,1916T4003,,,NA,QNC,件,150,Kg,
CSS07209,恒力吊架组件,SX A150.10 位移250 F型,,,1916T4003,,,NA,QNC,件,150,Kg,
CSS07210,恒力吊架组件,SX A150.10 位移255 F型,,,1916T4003,,,NA,QNC,件,150,Kg,
CSS07211,恒力吊架组件,SX A150.10 位移260 F型,,,1916T4003,,,NA,QNC,件,150,Kg,
CSS07212,恒力吊架组件,SX A150.10 位移265 F型,,,1916T4003,,,NA,QNC,件,150,Kg,
CSS07213,恒力吊架组件,SX A150.10 位移270 F型,,,1916T4003,,,NA,QNC,件,150,Kg,
CSS07214,恒力吊架组件,SX A150.10 位移275 F型,,,1916T4003,,,NA,QNC,件,150,Kg,
CSS07215,恒力吊架组件,SX A150.10 位移280 F型,,,1916T4003,,,NA,QNC,件,150,Kg,
CSS07216,恒力吊架组件,SX A150.10 位移285 F型,,,1916T4003,,,NA,QNC,件,150,Kg,
CSS07217,恒力吊架组件,SX A150.10 位移290 F型,,,1916T4003,,,NA,QNC,件,150,Kg,
CSS07218,恒力吊架组件,SX A150.10 位移295 F型,,,1916T4003,,,NA,QNC,件,150,Kg,
CSS07219,恒力吊架组件,SX A150.10 位移300 F型,,,1916T4003,,,NA,QNC,件,150,Kg,
CSS07220,恒力吊架组件,SX A150.15 位移120 F型,,,1916T4003,,,NA,QNC,件,150,Kg,
CSS07221,恒力吊架组件,SX A150.15 位移125 F型,,,1916T4003,,,NA,QNC,件,150,Kg,
CSS07222,恒力吊架组件,SX A150.15 位移130 F型,,,1916T4003,,,NA,QNC,件,150,Kg,
CSS07223,恒力吊架组件,SX A150.15 位移135 F型,,,1916T4003,,,NA,QNC,件,150,Kg,
CSS07224,恒力吊架组件,SX A150.15 位移140 F型,,,1916T4003,,,NA,QNC,件,150,Kg,
CSS07225,恒力吊架组件,SX A150.15 位移145 F型,,,1916T4003,,,NA,QNC,件,150,Kg,
CSS07226,恒力吊架组件,SX A150.15 位移150 F型,,,1916T4003,,,NA,QNC,件,150,Kg,
CSS07227,恒力吊架组件,SX A150.15 位移155 F型,,,1916T4003,,,NA,QNC,件,150,Kg,
CSS07228,恒力吊架组件,SX A150.15 位移160 F型,,,1916T4003,,,NA,QNC,件,150,Kg,
CSS07229,恒力吊架组件,SX A150.15 位移165 F型,,,1916T4003,,,NA,QNC,件,150,Kg,
CSS07230,恒力吊架组件,SX A150.15 位移170 F型,,,1916T4003,,,NA,QNC,件,150,Kg,
CSS07231,恒力吊架组件,SX A150.15 位移175 F型,,,1916T4003,,,NA,QNC,件,150,Kg,
CSS07232,恒力吊架组件,SX A150.15 位移180 F型,,,1916T4003,,,NA,QNC,件,150,Kg,
CSS07233,恒力吊架组件,SX A150.15 位移185 F型,,,1916T4003,,,NA,QNC,件,150,Kg,
CSS07234,恒力吊架组件,SX A150.15 位移190 F型,,,1916T4003,,,NA,QNC,件,150,Kg,
CSS07235,恒力吊架组件,SX A150.15 位移195 F型,,,1916T4003,,,NA,QNC,件,150,Kg,
CSS07236,恒力吊架组件,SX A150.15 位移200 F型,,,1916T4003,,,NA,QNC,件,150,Kg,
CSS07237,恒力吊架组件,SX A150.15 位移205 F型,,,1916T4003,,,NA,QNC,件,150,Kg,
CSS07238,恒力吊架组件,SX A150.15 位移210 F型,,,1916T4003,,,NA,QNC,件,150,Kg,
CSS07239,恒力吊架组件,SX A150.15 位移215 F型,,,1916T4003,,,NA,QNC,件,150,Kg,
CSS07240,恒力吊架组件,SX A150.15 位移220 F型,,,1916T4003,,,NA,QNC,件,150,Kg,
CSS07241,恒力吊架组件,SX A150.15 位移225 F型,,,1916T4003,,,NA,QNC,件,150,Kg,
CSS07242,恒力吊架组件,SX A150.15 位移230 F型,,,1916T4003,,,NA,QNC,件,150,Kg,
CSS07243,恒力吊架组件,SX A150.15 位移235 F型,,,1916T4003,,,NA,QNC,件,150,Kg,
CSS07244,恒力吊架组件,SX A150.15 位移240 F型,,,1916T4003,,,NA,QNC,件,150,Kg,
CSS07245,恒力吊架组件,SX A150.15 位移245 F型,,,1916T4003,,,NA,QNC,件,150,Kg,
CSS07246,恒力吊架组件,SX A150.15 位移250 F型,,,1916T4003,,,NA,QNC,件,150,Kg,
CSS07247,恒力吊架组件,SX A150.15 位移255 F型,,,1916T4003,,,NA,QNC,件,150,Kg,
CSS07248,恒力吊架组件,SX A150.15 位移260 F型,,,1916T4003,,,NA,QNC,件,150,Kg,
CSS07249,恒力吊架组件,SX A150.15 位移265 F型,,,1916T4003,,,NA,QNC,件,150,Kg,
CSS07250,恒力吊架组件,SX A150.15 位移270 F型,,,1916T4003,,,NA,QNC,件,150,Kg,
CSS07251,恒力吊架组件,SX A150.15 位移275 F型,,,1916T4003,,,NA,QNC,件,150,Kg,
CSS07252,恒力吊架组件,SX A150.15 位移280 F型,,,1916T4003,,,NA,QNC,件,150,Kg,
CSS07253,恒力吊架组件,SX A150.15 位移285 F型,,,1916T4003,,,NA,QNC,件,150,Kg,
CSS07254,恒力吊架组件,SX A150.15 位移290 F型,,,1916T4003,,,NA,QNC,件,150,Kg,
CSS07255,恒力吊架组件,SX A150.15 位移295 F型,,,1916T4003,,,NA,QNC,件,150,Kg,
CSS07256,恒力吊架组件,SX A150.15 位移300 F型,,,1916T4003,,,NA,QNC,件,150,Kg,
CSS07257,恒力吊架组件,SX A150.20 位移120 F型,,,1916T4003,,,NA,QNC,件,150,Kg,
CSS07258,恒力吊架组件,SX A150.20 位移125 F型,,,1916T4003,,,NA,QNC,件,150,Kg,
CSS07259,恒力吊架组件,SX A150.20 位移130 F型,,,1916T4003,,,NA,QNC,件,150,Kg,
CSS07260,恒力吊架组件,SX A150.20 位移135 F型,,,1916T4003,,,NA,QNC,件,150,Kg,
CSS07261,恒力吊架组件,SX A150.20 位移140 F型,,,1916T4003,,,NA,QNC,件,150,Kg,
CSS07262,恒力吊架组件,SX A150.20 位移145 F型,,,1916T4003,,,NA,QNC,件,150,Kg,
CSS07263,恒力吊架组件,SX A150.20 位移150 F型,,,1916T4003,,,NA,QNC,件,150,Kg,
CSS07264,恒力吊架组件,SX A150.20 位移155 F型,,,1916T4003,,,NA,QNC,件,150,Kg,
CSS07265,恒力吊架组件,SX A150.20 位移160 F型,,,1916T4003,,,NA,QNC,件,150,Kg,
CSS07266,恒力吊架组件,SX A150.20 位移165 F型,,,1916T4003,,,NA,QNC,件,150,Kg,
CSS07267,恒力吊架组件,SX A150.20 位移170 F型,,,1916T4003,,,NA,QNC,件,150,Kg,
CSS07268,恒力吊架组件,SX A150.20 位移175 F型,,,1916T4003,,,NA,QNC,件,150,Kg,
CSS07269,恒力吊架组件,SX A150.20 位移180 F型,,,1916T4003,,,NA,QNC,件,150,Kg,
CSS07270,恒力吊架组件,SX A150.20 位移185 F型,,,1916T4003,,,NA,QNC,件,150,Kg,
CSS07271,恒力吊架组件,SX A150.20 位移190 F型,,,1916T4003,,,NA,QNC,件,150,Kg,
CSS07272,恒力吊架组件,SX A150.20 位移195 F型,,,1916T4003,,,NA,QNC,件,150,Kg,
CSS07273,恒力吊架组件,SX A150.20 位移200 F型,,,1916T4003,,,NA,QNC,件,150,Kg,
CSS07274,恒力吊架组件,SX A150.20 位移205 F型,,,1916T4003,,,NA,QNC,件,150,Kg,
CSS07275,恒力吊架组件,SX A150.20 位移210 F型,,,1916T4003,,,NA,QNC,件,150,Kg,
CSS07276,恒力吊架组件,SX A150.20 位移215 F型,,,1916T4003,,,NA,QNC,件,150,Kg,
CSS07277,恒力吊架组件,SX A150.20 位移220 F型,,,1916T4003,,,NA,QNC,件,150,Kg,
CSS07278,恒力吊架组件,SX A150.20 位移225 F型,,,1916T4003,,,NA,QNC,件,150,Kg,
CSS07279,恒力吊架组件,SX A150.20 位移230 F型,,,1916T4003,,,NA,QNC,件,150,Kg,
CSS07280,恒力吊架组件,SX A150.20 位移235 F型,,,1916T4003,,,NA,QNC,件,150,Kg,
CSS07281,恒力吊架组件,SX A150.20 位移240 F型,,,1916T4003,,,NA,QNC,件,150,Kg,
CSS07282,恒力吊架组件,SX A150.20 位移245 F型,,,1916T4003,,,NA,QNC,件,150,Kg,
CSS07283,恒力吊架组件,SX A150.20 位移250 F型,,,1916T4003,,,NA,QNC,件,150,Kg,
CSS07284,恒力吊架组件,SX A150.20 位移255 F型,,,1916T4003,,,NA,QNC,件,150,Kg,
CSS07285,恒力吊架组件,SX A150.20 位移260 F型,,,1916T4003,,,NA,QNC,件,150,Kg,
CSS07286,恒力吊架组件,SX A150.20 位移265 F型,,,1916T4003,,,NA,QNC,件,150,Kg,
CSS07287,恒力吊架组件,SX A150.20 位移270 F型,,,1916T4003,,,NA,QNC,件,150,Kg,
CSS07288,恒力吊架组件,SX A150.20 位移275 F型,,,1916T4003,,,NA,QNC,件,150,Kg,
CSS07289,恒力吊架组件,SX A150.20 位移280 F型,,,1916T4003,,,NA,QNC,件,150,Kg,
CSS07290,恒力吊架组件,SX A150.20 位移285 F型,,,1916T4003,,,NA,QNC,件,150,Kg,
CSS07291,恒力吊架组件,SX A150.20 位移290 F型,,,1916T4003,,,NA,QNC,件,150,Kg,
CSS07292,恒力吊架组件,SX A150.20 位移295 F型,,,1916T4003,,,NA,QNC,件,150,Kg,
CSS07293,恒力吊架组件,SX A150.20 位移300 F型,,,1916T4003,,,NA,QNC,件,150,Kg,
CSS07294,恒力吊架组件,SX A150.25 位移120 F型,,,1916T4003,,,NA,QNC,件,150,Kg,
CSS07295,恒力吊架组件,SX A150.25 位移125 F型,,,1916T4003,,,NA,QNC,件,150,Kg,
CSS07296,恒力吊架组件,SX A150.25 位移130 F型,,,1916T4003,,,NA,QNC,件,150,Kg,
CSS07297,恒力吊架组件,SX A150.25 位移135 F型,,,1916T4003,,,NA,QNC,件,150,Kg,
CSS07298,恒力吊架组件,SX A150.25 位移140 F型,,,1916T4003,,,NA,QNC,件,150,Kg,
CSS07299,恒力吊架组件,SX A150.25 位移145 F型,,,1916T4003,,,NA,QNC,件,150,Kg,
CSS07300,恒力吊架组件,SX A150.25 位移150 F型,,,1916T4003,,,NA,QNC,件,150,Kg,
CSS07301,恒力吊架组件,SX A150.25 位移155 F型,,,1916T4003,,,NA,QNC,件,150,Kg,
CSS07302,恒力吊架组件,SX A150.25 位移160 F型,,,1916T4003,,,NA,QNC,件,150,Kg,
CSS07303,恒力吊架组件,SX A150.25 位移165 F型,,,1916T4003,,,NA,QNC,件,150,Kg,
CSS07304,恒力吊架组件,SX A150.25 位移170 F型,,,1916T4003,,,NA,QNC,件,150,Kg,
CSS07305,恒力吊架组件,SX A150.25 位移175 F型,,,1916T4003,,,NA,QNC,件,150,Kg,
CSS07306,恒力吊架组件,SX A150.25 位移180 F型,,,1916T4003,,,NA,QNC,件,150,Kg,
CSS07307,恒力吊架组件,SX A150.25 位移185 F型,,,1916T4003,,,NA,QNC,件,150,Kg,
CSS07308,恒力吊架组件,SX A150.25 位移190 F型,,,1916T4003,,,NA,QNC,件,150,Kg,
CSS07309,恒力吊架组件,SX A150.25 位移195 F型,,,1916T4003,,,NA,QNC,件,150,Kg,
CSS07310,恒力吊架组件,SX A150.25 位移200 F型,,,1916T4003,,,NA,QNC,件,150,Kg,
CSS07311,恒力吊架组件,SX A150.25 位移205 F型,,,1916T4003,,,NA,QNC,件,150,Kg,
CSS07312,恒力吊架组件,SX A150.25 位移210 F型,,,1916T4003,,,NA,QNC,件,150,Kg,
CSS07313,恒力吊架组件,SX A150.25 位移215 F型,,,1916T4003,,,NA,QNC,件,150,Kg,
CSS07314,恒力吊架组件,SX A150.25 位移220 F型,,,1916T4003,,,NA,QNC,件,150,Kg,
CSS07315,恒力吊架组件,SX A150.25 位移225 F型,,,1916T4003,,,NA,QNC,件,150,Kg,
CSS07316,恒力吊架组件,SX A150.25 位移230 F型,,,1916T4003,,,NA,QNC,件,150,Kg,
CSS07317,恒力吊架组件,SX A150.25 位移235 F型,,,1916T4003,,,NA,QNC,件,150,Kg,
CSS07318,恒力吊架组件,SX A150.25 位移240 F型,,,1916T4003,,,NA,QNC,件,150,Kg,
CSS07319,恒力吊架组件,SX A150.25 位移245 F型,,,1916T4003,,,NA,QNC,件,150,Kg,
CSS07320,恒力吊架组件,SX A150.25 位移250 F型,,,1916T4003,,,NA,QNC,件,150,Kg,
CSS07321,恒力吊架组件,SX A150.25 位移255 F型,,,1916T4003,,,NA,QNC,件,150,Kg,
CSS07322,恒力吊架组件,SX A150.25 位移260 F型,,,1916T4003,,,NA,QNC,件,150,Kg,
CSS07323,恒力吊架组件,SX A150.25 位移265 F型,,,1916T4003,,,NA,QNC,件,150,Kg,
CSS07324,恒力吊架组件,SX A150.25 位移270 F型,,,1916T4003,,,NA,QNC,件,150,Kg,
CSS07325,恒力吊架组件,SX A150.25 位移275 F型,,,1916T4003,,,NA,QNC,件,150,Kg,
CSS07326,恒力吊架组件,SX A150.25 位移280 F型,,,1916T4003,,,NA,QNC,件,150,Kg,
CSS07327,恒力吊架组件,SX A150.25 位移285 F型,,,1916T4003,,,NA,QNC,件,150,Kg,
CSS07328,恒力吊架组件,SX A150.25 位移290 F型,,,1916T4003,,,NA,QNC,件,150,Kg,
CSS07329,恒力吊架组件,SX A150.25 位移295 F型,,,1916T4003,,,NA,QNC,件,150,Kg,
CSS07330,恒力吊架组件,SX A150.25 位移300 F型,,,1916T4003,,,NA,QNC,件,150,Kg,
CSS07331,恒力吊架组件,SX A150.30 位移120 F型,,,1916T4003,,,NA,QNC,件,150,Kg,
CSS07332,恒力吊架组件,SX A150.30 位移125 F型,,,1916T4003,,,NA,QNC,件,150,Kg,
CSS07333,恒力吊架组件,SX A150.30 位移130 F型,,,1916T4003,,,NA,QNC,件,150,Kg,
CSS07334,恒力吊架组件,SX A150.30 位移135 F型,,,1916T4003,,,NA,QNC,件,150,Kg,
CSS07335,恒力吊架组件,SX A150.30 位移140 F型,,,1916T4003,,,NA,QNC,件,150,Kg,
CSS07336,恒力吊架组件,SX A150.30 位移145 F型,,,1916T4003,,,NA,QNC,件,150,Kg,
CSS07337,恒力吊架组件,SX A150.30 位移150 F型,,,1916T4003,,,NA,QNC,件,150,Kg,
CSS07338,恒力吊架组件,SX A150.30 位移155 F型,,,1916T4003,,,NA,QNC,件,150,Kg,
CSS07339,恒力吊架组件,SX A150.30 位移160 F型,,,1916T4003,,,NA,QNC,件,150,Kg,
CSS07340,恒力吊架组件,SX A150.30 位移165 F型,,,1916T4003,,,NA,QNC,件,150,Kg,
CSS07341,恒力吊架组件,SX A150.30 位移170 F型,,,1916T4003,,,NA,QNC,件,150,Kg,
CSS07342,恒力吊架组件,SX A150.30 位移175 F型,,,1916T4003,,,NA,QNC,件,150,Kg,
CSS07343,恒力吊架组件,SX A150.30 位移180 F型,,,1916T4003,,,NA,QNC,件,150,Kg,
CSS07344,恒力吊架组件,SX A150.30 位移185 F型,,,1916T4003,,,NA,QNC,件,150,Kg,
CSS07345,恒力吊架组件,SX A150.30 位移190 F型,,,1916T4003,,,NA,QNC,件,150,Kg,
CSS07346,恒力吊架组件,SX A150.30 位移195 F型,,,1916T4003,,,NA,QNC,件,150,Kg,
CSS07347,恒力吊架组件,SX A150.30 位移200 F型,,,1916T4003,,,NA,QNC,件,150,Kg,
CSS07348,恒力吊架组件,SX A150.30 位移205 F型,,,1916T4003,,,NA,QNC,件,150,Kg,
CSS07349,恒力吊架组件,SX A150.30 位移210 F型,,,1916T4003,,,NA,QNC,件,150,Kg,
CSS07350,恒力吊架组件,SX A150.30 位移215 F型,,,1916T4003,,,NA,QNC,件,150,Kg,
CSS07351,恒力吊架组件,SX A150.30 位移220 F型,,,1916T4003,,,NA,QNC,件,150,Kg,
CSS07352,恒力吊架组件,SX A150.30 位移225 F型,,,1916T4003,,,NA,QNC,件,150,Kg,
CSS07353,恒力吊架组件,SX A150.30 位移230 F型,,,1916T4003,,,NA,QNC,件,150,Kg,
CSS07354,恒力吊架组件,SX A150.30 位移235 F型,,,1916T4003,,,NA,QNC,件,150,Kg,
CSS07355,恒力吊架组件,SX A150.30 位移240 F型,,,1916T4003,,,NA,QNC,件,150,Kg,
CSS07356,恒力吊架组件,SX A150.30 位移245 F型,,,1916T4003,,,NA,QNC,件,150,Kg,
CSS07357,恒力吊架组件,SX A150.30 位移250 F型,,,1916T4003,,,NA,QNC,件,150,Kg,
CSS07358,恒力吊架组件,SX A150.30 位移255 F型,,,1916T4003,,,NA,QNC,件,150,Kg,
CSS07359,恒力吊架组件,SX A150.30 位移260 F型,,,1916T4003,,,NA,QNC,件,150,Kg,
CSS07360,恒力吊架组件,SX A150.30 位移265 F型,,,1916T4003,,,NA,QNC,件,150,Kg,
CSS07361,恒力吊架组件,SX A150.30 位移270 F型,,,1916T4003,,,NA,QNC,件,150,Kg,
CSS07362,恒力吊架组件,SX A150.30 位移275 F型,,,1916T4003,,,NA,QNC,件,150,Kg,
CSS07363,恒力吊架组件,SX A150.30 位移280 F型,,,1916T4003,,,NA,QNC,件,150,Kg,
CSS07364,恒力吊架组件,SX A150.30 位移285 F型,,,1916T4003,,,NA,QNC,件,150,Kg,
CSS07365,恒力吊架组件,SX A150.30 位移290 F型,,,1916T4003,,,NA,QNC,件,150,Kg,
CSS07366,恒力吊架组件,SX A150.30 位移295 F型,,,1916T4003,,,NA,QNC,件,150,Kg,
CSS07367,恒力吊架组件,SX A150.30 位移300 F型,,,1916T4003,,,NA,QNC,件,150,Kg,
CSS07368,恒力吊架组件,SX A200.15 位移150 F型,,,1916T4003,,,NA,QNC,件,250,Kg,
CSS07369,恒力吊架组件,SX A200.15 位移155 F型,,,1916T4003,,,NA,QNC,件,250,Kg,
CSS07370,恒力吊架组件,SX A200.15 位移160 F型,,,1916T4003,,,NA,QNC,件,250,Kg,
CSS07371,恒力吊架组件,SX A200.15 位移165 F型,,,1916T4003,,,NA,QNC,件,250,Kg,
CSS07372,恒力吊架组件,SX A200.15 位移170 F型,,,1916T4003,,,NA,QNC,件,250,Kg,
CSS07373,恒力吊架组件,SX A200.15 位移175 F型,,,1916T4003,,,NA,QNC,件,250,Kg,
CSS07374,恒力吊架组件,SX A200.15 位移180 F型,,,1916T4003,,,NA,QNC,件,250,Kg,
CSS07375,恒力吊架组件,SX A200.15 位移185 F型,,,1916T4003,,,NA,QNC,件,250,Kg,
CSS07376,恒力吊架组件,SX A200.15 位移190 F型,,,1916T4003,,,NA,QNC,件,250,Kg,
CSS07377,恒力吊架组件,SX A200.15 位移195 F型,,,1916T4003,,,NA,QNC,件,250,Kg,
CSS07378,恒力吊架组件,SX A200.15 位移200 F型,,,1916T4003,,,NA,QNC,件,250,Kg,
CSS07379,恒力吊架组件,SX A200.15 位移205 F型,,,1916T4003,,,NA,QNC,件,250,Kg,
CSS07380,恒力吊架组件,SX A200.15 位移210 F型,,,1916T4003,,,NA,QNC,件,250,Kg,
CSS07381,恒力吊架组件,SX A200.15 位移215 F型,,,1916T4003,,,NA,QNC,件,250,Kg,
CSS07382,恒力吊架组件,SX A200.15 位移220 F型,,,1916T4003,,,NA,QNC,件,250,Kg,
CSS07383,恒力吊架组件,SX A200.15 位移225 F型,,,1916T4003,,,NA,QNC,件,250,Kg,
CSS07384,恒力吊架组件,SX A200.15 位移230 F型,,,1916T4003,,,NA,QNC,件,250,Kg,
CSS07385,恒力吊架组件,SX A200.15 位移235 F型,,,1916T4003,,,NA,QNC,件,250,Kg,
CSS07386,恒力吊架组件,SX A200.15 位移240 F型,,,1916T4003,,,NA,QNC,件,250,Kg,
CSS07387,恒力吊架组件,SX A200.15 位移245 F型,,,1916T4003,,,NA,QNC,件,250,Kg,
CSS07388,恒力吊架组件,SX A200.15 位移250 F型,,,1916T4003,,,NA,QNC,件,250,Kg,
CSS07389,恒力吊架组件,SX A200.15 位移255 F型,,,1916T4003,,,NA,QNC,件,250,Kg,
CSS07390,恒力吊架组件,SX A200.15 位移260 F型,,,1916T4003,,,NA,QNC,件,250,Kg,
CSS07391,恒力吊架组件,SX A200.15 位移265 F型,,,1916T4003,,,NA,QNC,件,250,Kg,
CSS07392,恒力吊架组件,SX A200.15 位移270 F型,,,1916T4003,,,NA,QNC,件,250,Kg,
CSS07393,恒力吊架组件,SX A200.15 位移275 F型,,,1916T4003,,,NA,QNC,件,250,Kg,
CSS07394,恒力吊架组件,SX A200.15 位移280 F型,,,1916T4003,,,NA,QNC,件,250,Kg,
CSS07395,恒力吊架组件,SX A200.15 位移285 F型,,,1916T4003,,,NA,QNC,件,250,Kg,
CSS07396,恒力吊架组件,SX A200.15 位移290 F型,,,1916T4003,,,NA,QNC,件,250,Kg,
CSS07397,恒力吊架组件,SX A200.15 位移295 F型,,,1916T4003,,,NA,QNC,件,250,Kg,
CSS07398,恒力吊架组件,SX A200.15 位移300 F型,,,1916T4003,,,NA,QNC,件,250,Kg,
CSS07399,恒力吊架组件,SX A200.15 位移305 F型,,,1916T4003,,,NA,QNC,件,250,Kg,
CSS07400,恒力吊架组件,SX A200.15 位移310 F型,,,1916T4003,,,NA,QNC,件,250,Kg,
CSS07401,恒力吊架组件,SX A200.15 位移315 F型,,,1916T4003,,,NA,QNC,件,250,Kg,
CSS07402,恒力吊架组件,SX A200.15 位移320 F型,,,1916T4003,,,NA,QNC,件,250,Kg,
CSS07403,恒力吊架组件,SX A200.15 位移325 F型,,,1916T4003,,,NA,QNC,件,250,Kg,
CSS07404,恒力吊架组件,SX A200.15 位移330 F型,,,1916T4003,,,NA,QNC,件,250,Kg,
CSS07405,恒力吊架组件,SX A200.20 位移150 F型,,,1916T4003,,,NA,QNC,件,250,Kg,
CSS07406,恒力吊架组件,SX A200.20 位移155 F型,,,1916T4003,,,NA,QNC,件,250,Kg,
CSS07407,恒力吊架组件,SX A200.20 位移160 F型,,,1916T4003,,,NA,QNC,件,250,Kg,
CSS07408,恒力吊架组件,SX A200.20 位移165 F型,,,1916T4003,,,NA,QNC,件,250,Kg,
CSS07409,恒力吊架组件,SX A200.20 位移170 F型,,,1916T4003,,,NA,QNC,件,250,Kg,
CSS07410,恒力吊架组件,SX A200.20 位移175 F型,,,1916T4003,,,NA,QNC,件,250,Kg,
CSS07411,恒力吊架组件,SX A200.20 位移180 F型,,,1916T4003,,,NA,QNC,件,250,Kg,
CSS07412,恒力吊架组件,SX A200.20 位移185 F型,,,1916T4003,,,NA,QNC,件,250,Kg,
CSS07413,恒力吊架组件,SX A200.20 位移190 F型,,,1916T4003,,,NA,QNC,件,250,Kg,
CSS07414,恒力吊架组件,SX A200.20 位移195 F型,,,1916T4003,,,NA,QNC,件,250,Kg,
CSS07415,恒力吊架组件,SX A200.20 位移200 F型,,,1916T4003,,,NA,QNC,件,250,Kg,
CSS07416,恒力吊架组件,SX A200.20 位移205 F型,,,1916T4003,,,NA,QNC,件,250,Kg,
CSS07417,恒力吊架组件,SX A200.20 位移210 F型,,,1916T4003,,,NA,QNC,件,250,Kg,
CSS07418,恒力吊架组件,SX A200.20 位移215 F型,,,1916T4003,,,NA,QNC,件,250,Kg,
CSS07419,恒力吊架组件,SX A200.20 位移220 F型,,,1916T4003,,,NA,QNC,件,250,Kg,
CSS07420,恒力吊架组件,SX A200.20 位移225 F型,,,1916T4003,,,NA,QNC,件,250,Kg,
CSS07421,恒力吊架组件,SX A200.20 位移230 F型,,,1916T4003,,,NA,QNC,件,250,Kg,
CSS07422,恒力吊架组件,SX A200.20 位移235 F型,,,1916T4003,,,NA,QNC,件,250,Kg,
CSS07423,恒力吊架组件,SX A200.20 位移240 F型,,,1916T4003,,,NA,QNC,件,250,Kg,
CSS07424,恒力吊架组件,SX A200.20 位移245 F型,,,1916T4003,,,NA,QNC,件,250,Kg,
CSS07425,恒力吊架组件,SX A200.20 位移250 F型,,,1916T4003,,,NA,QNC,件,250,Kg,
CSS07426,恒力吊架组件,SX A200.20 位移255 F型,,,1916T4003,,,NA,QNC,件,250,Kg,
CSS07427,恒力吊架组件,SX A200.20 位移260 F型,,,1916T4003,,,NA,QNC,件,250,Kg,
CSS07428,恒力吊架组件,SX A200.20 位移265 F型,,,1916T4003,,,NA,QNC,件,250,Kg,
CSS07429,恒力吊架组件,SX A200.20 位移270 F型,,,1916T4003,,,NA,QNC,件,250,Kg,
CSS07430,恒力吊架组件,SX A200.20 位移275 F型,,,1916T4003,,,NA,QNC,件,250,Kg,
CSS07431,恒力吊架组件,SX A200.20 位移280 F型,,,1916T4003,,,NA,QNC,件,250,Kg,
CSS07432,恒力吊架组件,SX A200.20 位移285 F型,,,1916T4003,,,NA,QNC,件,250,Kg,
CSS07433,恒力吊架组件,SX A200.20 位移290 F型,,,1916T4003,,,NA,QNC,件,250,Kg,
CSS07434,恒力吊架组件,SX A200.20 位移295 F型,,,1916T4003,,,NA,QNC,件,250,Kg,
CSS07435,恒力吊架组件,SX A200.20 位移300 F型,,,1916T4003,,,NA,QNC,件,250,Kg,
CSS07436,恒力吊架组件,SX A200.20 位移305 F型,,,1916T4003,,,NA,QNC,件,250,Kg,
CSS07437,恒力吊架组件,SX A200.20 位移310 F型,,,1916T4003,,,NA,QNC,件,250,Kg,
CSS07438,恒力吊架组件,SX A200.20 位移315 F型,,,1916T4003,,,NA,QNC,件,250,Kg,
CSS07439,恒力吊架组件,SX A200.20 位移320 F型,,,1916T4003,,,NA,QNC,件,250,Kg,
CSS07440,恒力吊架组件,SX A200.20 位移325 F型,,,1916T4003,,,NA,QNC,件,250,Kg,
CSS07441,恒力吊架组件,SX A200.20 位移330 F型,,,1916T4003,,,NA,QNC,件,250,Kg,
CSS07442,恒力吊架组件,SX A200.25 位移150 F型,,,1916T4003,,,NA,QNC,件,250,Kg,
CSS07443,恒力吊架组件,SX A200.25 位移155 F型,,,1916T4003,,,NA,QNC,件,250,Kg,
CSS07444,恒力吊架组件,SX A200.25 位移160 F型,,,1916T4003,,,NA,QNC,件,250,Kg,
CSS07445,恒力吊架组件,SX A200.25 位移165 F型,,,1916T4003,,,NA,QNC,件,250,Kg,
CSS07446,恒力吊架组件,SX A200.25 位移170 F型,,,1916T4003,,,NA,QNC,件,250,Kg,
CSS07447,恒力吊架组件,SX A200.25 位移175 F型,,,1916T4003,,,NA,QNC,件,250,Kg,
CSS07448,恒力吊架组件,SX A200.25 位移180 F型,,,1916T4003,,,NA,QNC,件,250,Kg,
CSS07449,恒力吊架组件,SX A200.25 位移185 F型,,,1916T4003,,,NA,QNC,件,250,Kg,
CSS07450,恒力吊架组件,SX A200.25 位移190 F型,,,1916T4003,,,NA,QNC,件,250,Kg,
CSS07451,恒力吊架组件,SX A200.25 位移195 F型,,,1916T4003,,,NA,QNC,件,250,Kg,
CSS07452,恒力吊架组件,SX A200.25 位移200 F型,,,1916T4003,,,NA,QNC,件,250,Kg,
CSS07453,恒力吊架组件,SX A200.25 位移205 F型,,,1916T4003,,,NA,QNC,件,250,Kg,
CSS07454,恒力吊架组件,SX A200.25 位移210 F型,,,1916T4003,,,NA,QNC,件,250,Kg,
CSS07455,恒力吊架组件,SX A200.25 位移215 F型,,,1916T4003,,,NA,QNC,件,250,Kg,
CSS07456,恒力吊架组件,SX A200.25 位移220 F型,,,1916T4003,,,NA,QNC,件,250,Kg,
CSS07457,恒力吊架组件,SX A200.25 位移225 F型,,,1916T4003,,,NA,QNC,件,250,Kg,
CSS07458,恒力吊架组件,SX A200.25 位移230 F型,,,1916T4003,,,NA,QNC,件,250,Kg,
CSS07459,恒力吊架组件,SX A200.25 位移235 F型,,,1916T4003,,,NA,QNC,件,250,Kg,
CSS07460,恒力吊架组件,SX A200.25 位移240 F型,,,1916T4003,,,NA,QNC,件,250,Kg,
CSS07461,恒力吊架组件,SX A200.25 位移245 F型,,,1916T4003,,,NA,QNC,件,250,Kg,
CSS07462,恒力吊架组件,SX A200.25 位移250 F型,,,1916T4003,,,NA,QNC,件,250,Kg,
CSS07463,恒力吊架组件,SX A200.25 位移255 F型,,,1916T4003,,,NA,QNC,件,250,Kg,
CSS07464,恒力吊架组件,SX A200.25 位移260 F型,,,1916T4003,,,NA,QNC,件,250,Kg,
CSS07465,恒力吊架组件,SX A200.25 位移265 F型,,,1916T4003,,,NA,QNC,件,250,Kg,
CSS07466,恒力吊架组件,SX A200.25 位移270 F型,,,1916T4003,,,NA,QNC,件,250,Kg,
CSS07467,恒力吊架组件,SX A200.25 位移275 F型,,,1916T4003,,,NA,QNC,件,250,Kg,
CSS07468,恒力吊架组件,SX A200.25 位移280 F型,,,1916T4003,,,NA,QNC,件,250,Kg,
CSS07469,恒力吊架组件,SX A200.25 位移285 F型,,,1916T4003,,,NA,QNC,件,250,Kg,
CSS07470,恒力吊架组件,SX A200.25 位移290 F型,,,1916T4003,,,NA,QNC,件,250,Kg,
CSS07471,恒力吊架组件,SX A200.25 位移295 F型,,,1916T4003,,,NA,QNC,件,250,Kg,
CSS07472,恒力吊架组件,SX A200.25 位移300 F型,,,1916T4003,,,NA,QNC,件,250,Kg,
CSS07473,恒力吊架组件,SX A200.25 位移305 F型,,,1916T4003,,,NA,QNC,件,250,Kg,
CSS07474,恒力吊架组件,SX A200.25 位移310 F型,,,1916T4003,,,NA,QNC,件,250,Kg,
CSS07475,恒力吊架组件,SX A200.25 位移315 F型,,,1916T4003,,,NA,QNC,件,250,Kg,
CSS07476,恒力吊架组件,SX A200.25 位移320 F型,,,1916T4003,,,NA,QNC,件,250,Kg,
CSS07477,恒力吊架组件,SX A200.25 位移325 F型,,,1916T4003,,,NA,QNC,件,250,Kg,
CSS07478,恒力吊架组件,SX A200.25 位移330 F型,,,1916T4003,,,NA,QNC,件,250,Kg,
CSS07479,恒力吊架组件,SX A200.30 位移150 F型,,,1916T4003,,,NA,QNC,件,250,Kg,
CSS07480,恒力吊架组件,SX A200.30 位移155 F型,,,1916T4003,,,NA,QNC,件,250,Kg,
CSS07481,恒力吊架组件,SX A200.30 位移160 F型,,,1916T4003,,,NA,QNC,件,250,Kg,
CSS07482,恒力吊架组件,SX A200.30 位移165 F型,,,1916T4003,,,NA,QNC,件,250,Kg,
CSS07483,恒力吊架组件,SX A200.30 位移170 F型,,,1916T4003,,,NA,QNC,件,250,Kg,
CSS07484,恒力吊架组件,SX A200.30 位移175 F型,,,1916T4003,,,NA,QNC,件,250,Kg,
CSS07485,恒力吊架组件,SX A200.30 位移180 F型,,,1916T4003,,,NA,QNC,件,250,Kg,
CSS07486,恒力吊架组件,SX A200.30 位移185 F型,,,1916T4003,,,NA,QNC,件,250,Kg,
CSS07487,恒力吊架组件,SX A200.30 位移190 F型,,,1916T4003,,,NA,QNC,件,250,Kg,
CSS07488,恒力吊架组件,SX A200.30 位移195 F型,,,1916T4003,,,NA,QNC,件,250,Kg,
CSS07489,恒力吊架组件,SX A200.30 位移200 F型,,,1916T4003,,,NA,QNC,件,250,Kg,
CSS07490,恒力吊架组件,SX A200.30 位移205 F型,,,1916T4003,,,NA,QNC,件,250,Kg,
CSS07491,恒力吊架组件,SX A200.30 位移210 F型,,,1916T4003,,,NA,QNC,件,250,Kg,
CSS07492,恒力吊架组件,SX A200.30 位移215 F型,,,1916T4003,,,NA,QNC,件,250,Kg,
CSS07493,恒力吊架组件,SX A200.30 位移220 F型,,,1916T4003,,,NA,QNC,件,250,Kg,
CSS07494,恒力吊架组件,SX A200.30 位移225 F型,,,1916T4003,,,NA,QNC,件,250,Kg,
CSS07495,恒力吊架组件,SX A200.30 位移230 F型,,,1916T4003,,,NA,QNC,件,250,Kg,
CSS07496,恒力吊架组件,SX A200.30 位移235 F型,,,1916T4003,,,NA,QNC,件,250,Kg,
CSS07497,恒力吊架组件,SX A200.30 位移240 F型,,,1916T4003,,,NA,QNC,件,250,Kg,
CSS07498,恒力吊架组件,SX A200.30 位移245 F型,,,1916T4003,,,NA,QNC,件,250,Kg,
CSS07499,恒力吊架组件,SX A200.30 位移250 F型,,,1916T4003,,,NA,QNC,件,250,Kg,
CSS07500,恒力吊架组件,SX A200.30 位移255 F型,,,1916T4003,,,NA,QNC,件,250,Kg,
CSS07501,恒力吊架组件,SX A200.30 位移260 F型,,,1916T4003,,,NA,QNC,件,250,Kg,
CSS07502,恒力吊架组件,SX A200.30 位移265 F型,,,1916T4003,,,NA,QNC,件,250,Kg,
CSS07503,恒力吊架组件,SX A200.30 位移270 F型,,,1916T4003,,,NA,QNC,件,250,Kg,
CSS07504,恒力吊架组件,SX A200.30 位移275 F型,,,1916T4003,,,NA,QNC,件,250,Kg,
CSS07505,恒力吊架组件,SX A200.30 位移280 F型,,,1916T4003,,,NA,QNC,件,250,Kg,
CSS07506,恒力吊架组件,SX A200.30 位移285 F型,,,1916T4003,,,NA,QNC,件,250,Kg,
CSS07507,恒力吊架组件,SX A200.30 位移290 F型,,,1916T4003,,,NA,QNC,件,250,Kg,
CSS07508,恒力吊架组件,SX A200.30 位移295 F型,,,1916T4003,,,NA,QNC,件,250,Kg,
CSS07509,恒力吊架组件,SX A200.30 位移300 F型,,,1916T4003,,,NA,QNC,件,250,Kg,
CSS07510,恒力吊架组件,SX A200.30 位移305 F型,,,1916T4003,,,NA,QNC,件,250,Kg,
CSS07511,恒力吊架组件,SX A200.30 位移310 F型,,,1916T4003,,,NA,QNC,件,250,Kg,
CSS07512,恒力吊架组件,SX A200.30 位移315 F型,,,1916T4003,,,NA,QNC,件,250,Kg,
CSS07513,恒力吊架组件,SX A200.30 位移320 F型,,,1916T4003,,,NA,QNC,件,250,Kg,
CSS07514,恒力吊架组件,SX A200.30 位移325 F型,,,1916T4003,,,NA,QNC,件,250,Kg,
CSS07515,恒力吊架组件,SX A200.30 位移330 F型,,,1916T4003,,,NA,QNC,件,250,Kg,
CSS07516,恒力吊架组件,SX A250.20 位移170 F型,,,1916T4003,,,NA,QNC,件,500,Kg,
CSS07517,恒力吊架组件,SX A250.20 位移175 F型,,,1916T4003,,,NA,QNC,件,500,Kg,
CSS07518,恒力吊架组件,SX A250.20 位移180 F型,,,1916T4003,,,NA,QNC,件,500,Kg,
CSS07519,恒力吊架组件,SX A250.20 位移185 F型,,,1916T4003,,,NA,QNC,件,500,Kg,
CSS07520,恒力吊架组件,SX A250.20 位移190 F型,,,1916T4003,,,NA,QNC,件,500,Kg,
CSS07521,恒力吊架组件,SX A250.20 位移195 F型,,,1916T4003,,,NA,QNC,件,500,Kg,
CSS07522,恒力吊架组件,SX A250.20 位移200 F型,,,1916T4003,,,NA,QNC,件,500,Kg,
CSS07523,恒力吊架组件,SX A250.20 位移205 F型,,,1916T4003,,,NA,QNC,件,500,Kg,
CSS07524,恒力吊架组件,SX A250.20 位移210 F型,,,1916T4003,,,NA,QNC,件,500,Kg,
CSS07525,恒力吊架组件,SX A250.20 位移215 F型,,,1916T4003,,,NA,QNC,件,500,Kg,
CSS07526,恒力吊架组件,SX A250.20 位移220 F型,,,1916T4003,,,NA,QNC,件,500,Kg,
CSS07527,恒力吊架组件,SX A250.20 位移225 F型,,,1916T4003,,,NA,QNC,件,500,Kg,
CSS07528,恒力吊架组件,SX A250.20 位移230 F型,,,1916T4003,,,NA,QNC,件,500,Kg,
CSS07529,恒力吊架组件,SX A250.20 位移235 F型,,,1916T4003,,,NA,QNC,件,500,Kg,
CSS07530,恒力吊架组件,SX A250.20 位移240 F型,,,1916T4003,,,NA,QNC,件,500,Kg,
CSS07531,恒力吊架组件,SX A250.20 位移245 F型,,,1916T4003,,,NA,QNC,件,500,Kg,
CSS07532,恒力吊架组件,SX A250.20 位移250 F型,,,1916T4003,,,NA,QNC,件,500,Kg,
CSS07533,恒力吊架组件,SX A250.20 位移255 F型,,,1916T4003,,,NA,QNC,件,500,Kg,
CSS07534,恒力吊架组件,SX A250.20 位移260 F型,,,1916T4003,,,NA,QNC,件,500,Kg,
CSS07535,恒力吊架组件,SX A250.20 位移265 F型,,,1916T4003,,,NA,QNC,件,500,Kg,
CSS07536,恒力吊架组件,SX A250.20 位移270 F型,,,1916T4003,,,NA,QNC,件,500,Kg,
CSS07537,恒力吊架组件,SX A250.20 位移275 F型,,,1916T4003,,,NA,QNC,件,500,Kg,
CSS07538,恒力吊架组件,SX A250.20 位移280 F型,,,1916T4003,,,NA,QNC,件,500,Kg,
CSS07539,恒力吊架组件,SX A250.20 位移285 F型,,,1916T4003,,,NA,QNC,件,500,Kg,
CSS07540,恒力吊架组件,SX A250.20 位移290 F型,,,1916T4003,,,NA,QNC,件,500,Kg,
CSS07541,恒力吊架组件,SX A250.20 位移295 F型,,,1916T4003,,,NA,QNC,件,500,Kg,
CSS07542,恒力吊架组件,SX A250.20 位移300 F型,,,1916T4003,,,NA,QNC,件,500,Kg,
CSS07543,恒力吊架组件,SX A250.20 位移305 F型,,,1916T4003,,,NA,QNC,件,500,Kg,
CSS07544,恒力吊架组件,SX A250.20 位移310 F型,,,1916T4003,,,NA,QNC,件,500,Kg,
CSS07545,恒力吊架组件,SX A250.20 位移315 F型,,,1916T4003,,,NA,QNC,件,500,Kg,
CSS07546,恒力吊架组件,SX A250.20 位移320 F型,,,1916T4003,,,NA,QNC,件,500,Kg,
CSS07547,恒力吊架组件,SX A250.20 位移325 F型,,,1916T4003,,,NA,QNC,件,500,Kg,
CSS07548,恒力吊架组件,SX A250.20 位移330 F型,,,1916T4003,,,NA,QNC,件,500,Kg,
CSS07549,恒力吊架组件,SX A250.20 位移335 F型,,,1916T4003,,,NA,QNC,件,500,Kg,
CSS07550,恒力吊架组件,SX A250.20 位移340 F型,,,1916T4003,,,NA,QNC,件,500,Kg,
CSS07551,恒力吊架组件,SX A250.20 位移345 F型,,,1916T4003,,,NA,QNC,件,500,Kg,
CSS07552,恒力吊架组件,SX A250.20 位移350 F型,,,1916T4003,,,NA,QNC,件,500,Kg,
CSS07553,恒力吊架组件,SX A250.25 位移170 F型,,,1916T4003,,,NA,QNC,件,500,Kg,
CSS07554,恒力吊架组件,SX A250.25 位移175 F型,,,1916T4003,,,NA,QNC,件,500,Kg,
CSS07555,恒力吊架组件,SX A250.25 位移180 F型,,,1916T4003,,,NA,QNC,件,500,Kg,
CSS07556,恒力吊架组件,SX A250.25 位移185 F型,,,1916T4003,,,NA,QNC,件,500,Kg,
CSS07557,恒力吊架组件,SX A250.25 位移190 F型,,,1916T4003,,,NA,QNC,件,500,Kg,
CSS07558,恒力吊架组件,SX A250.25 位移195 F型,,,1916T4003,,,NA,QNC,件,500,Kg,
CSS07559,恒力吊架组件,SX A250.25 位移200 F型,,,1916T4003,,,NA,QNC,件,500,Kg,
CSS07560,恒力吊架组件,SX A250.25 位移205 F型,,,1916T4003,,,NA,QNC,件,500,Kg,
CSS07561,恒力吊架组件,SX A250.25 位移210 F型,,,1916T4003,,,NA,QNC,件,500,Kg,
CSS07562,恒力吊架组件,SX A250.25 位移215 F型,,,1916T4003,,,NA,QNC,件,500,Kg,
CSS07563,恒力吊架组件,SX A250.25 位移220 F型,,,1916T4003,,,NA,QNC,件,500,Kg,
CSS07564,恒力吊架组件,SX A250.25 位移225 F型,,,1916T4003,,,NA,QNC,件,500,Kg,
CSS07565,恒力吊架组件,SX A250.25 位移230 F型,,,1916T4003,,,NA,QNC,件,500,Kg,
CSS07566,恒力吊架组件,SX A250.25 位移235 F型,,,1916T4003,,,NA,QNC,件,500,Kg,
CSS07567,恒力吊架组件,SX A250.25 位移240 F型,,,1916T4003,,,NA,QNC,件,500,Kg,
CSS07568,恒力吊架组件,SX A250.25 位移245 F型,,,1916T4003,,,NA,QNC,件,500,Kg,
CSS07569,恒力吊架组件,SX A250.25 位移250 F型,,,1916T4003,,,NA,QNC,件,500,Kg,
CSS07570,恒力吊架组件,SX A250.25 位移255 F型,,,1916T4003,,,NA,QNC,件,500,Kg,
CSS07571,恒力吊架组件,SX A250.25 位移260 F型,,,1916T4003,,,NA,QNC,件,500,Kg,
CSS07572,恒力吊架组件,SX A250.25 位移265 F型,,,1916T4003,,,NA,QNC,件,500,Kg,
CSS07573,恒力吊架组件,SX A250.25 位移270 F型,,,1916T4003,,,NA,QNC,件,500,Kg,
CSS07574,恒力吊架组件,SX A250.25 位移275 F型,,,1916T4003,,,NA,QNC,件,500,Kg,
CSS07575,恒力吊架组件,SX A250.25 位移280 F型,,,1916T4003,,,NA,QNC,件,500,Kg,
CSS07576,恒力吊架组件,SX A250.25 位移285 F型,,,1916T4003,,,NA,QNC,件,500,Kg,
CSS07577,恒力吊架组件,SX A250.25 位移290 F型,,,1916T4003,,,NA,QNC,件,500,Kg,
CSS07578,恒力吊架组件,SX A250.25 位移295 F型,,,1916T4003,,,NA,QNC,件,500,Kg,
CSS07579,恒力吊架组件,SX A250.25 位移300 F型,,,1916T4003,,,NA,QNC,件,500,Kg,
CSS07580,恒力吊架组件,SX A250.25 位移305 F型,,,1916T4003,,,NA,QNC,件,500,Kg,
CSS07581,恒力吊架组件,SX A250.25 位移310 F型,,,1916T4003,,,NA,QNC,件,500,Kg,
CSS07582,恒力吊架组件,SX A250.25 位移315 F型,,,1916T4003,,,NA,QNC,件,500,Kg,
CSS07583,恒力吊架组件,SX A250.25 位移320 F型,,,1916T4003,,,NA,QNC,件,500,Kg,
CSS07584,恒力吊架组件,SX A250.25 位移325 F型,,,1916T4003,,,NA,QNC,件,500,Kg,
CSS07585,恒力吊架组件,SX A250.25 位移330 F型,,,1916T4003,,,NA,QNC,件,500,Kg,
CSS07586,恒力吊架组件,SX A250.25 位移335 F型,,,1916T4003,,,NA,QNC,件,500,Kg,
CSS07587,恒力吊架组件,SX A250.25 位移340 F型,,,1916T4003,,,NA,QNC,件,500,Kg,
CSS07588,恒力吊架组件,SX A250.25 位移345 F型,,,1916T4003,,,NA,QNC,件,500,Kg,
CSS07589,恒力吊架组件,SX A250.25 位移350 F型,,,1916T4003,,,NA,QNC,件,500,Kg,
CSS07590,恒力吊架组件,SX A250.30 位移170 F型,,,1916T4003,,,NA,QNC,件,500,Kg,
CSS07591,恒力吊架组件,SX A250.30 位移175 F型,,,1916T4003,,,NA,QNC,件,500,Kg,
CSS07592,恒力吊架组件,SX A250.30 位移180 F型,,,1916T4003,,,NA,QNC,件,500,Kg,
CSS07593,恒力吊架组件,SX A250.30 位移185 F型,,,1916T4003,,,NA,QNC,件,500,Kg,
CSS07594,恒力吊架组件,SX A250.30 位移190 F型,,,1916T4003,,,NA,QNC,件,500,Kg,
CSS07595,恒力吊架组件,SX A250.30 位移195 F型,,,1916T4003,,,NA,QNC,件,500,Kg,
CSS07596,恒力吊架组件,SX A250.30 位移200 F型,,,1916T4003,,,NA,QNC,件,500,Kg,
CSS07597,恒力吊架组件,SX A250.30 位移205 F型,,,1916T4003,,,NA,QNC,件,500,Kg,
CSS07598,恒力吊架组件,SX A250.30 位移210 F型,,,1916T4003,,,NA,QNC,件,500,Kg,
CSS07599,恒力吊架组件,SX A250.30 位移215 F型,,,1916T4003,,,NA,QNC,件,500,Kg,
CSS07600,恒力吊架组件,SX A250.30 位移220 F型,,,1916T4003,,,NA,QNC,件,500,Kg,
CSS07601,恒力吊架组件,SX A250.30 位移225 F型,,,1916T4003,,,NA,QNC,件,500,Kg,
CSS07602,恒力吊架组件,SX A250.30 位移230 F型,,,1916T4003,,,NA,QNC,件,500,Kg,
CSS07603,恒力吊架组件,SX A250.30 位移235 F型,,,1916T4003,,,NA,QNC,件,500,Kg,
CSS07604,恒力吊架组件,SX A250.30 位移240 F型,,,1916T4003,,,NA,QNC,件,500,Kg,
CSS07605,恒力吊架组件,SX A250.30 位移245 F型,,,1916T4003,,,NA,QNC,件,500,Kg,
CSS07606,恒力吊架组件,SX A250.30 位移250 F型,,,1916T4003,,,NA,QNC,件,500,Kg,
CSS07607,恒力吊架组件,SX A250.30 位移255 F型,,,1916T4003,,,NA,QNC,件,500,Kg,
CSS07608,恒力吊架组件,SX A250.30 位移260 F型,,,1916T4003,,,NA,QNC,件,500,Kg,
CSS07609,恒力吊架组件,SX A250.30 位移265 F型,,,1916T4003,,,NA,QNC,件,500,Kg,
CSS07610,恒力吊架组件,SX A250.30 位移270 F型,,,1916T4003,,,NA,QNC,件,500,Kg,
CSS07611,恒力吊架组件,SX A250.30 位移275 F型,,,1916T4003,,,NA,QNC,件,500,Kg,
CSS07612,恒力吊架组件,SX A250.30 位移280 F型,,,1916T4003,,,NA,QNC,件,500,Kg,
CSS07613,恒力吊架组件,SX A250.30 位移285 F型,,,1916T4003,,,NA,QNC,件,500,Kg,
CSS07614,恒力吊架组件,SX A250.30 位移290 F型,,,1916T4003,,,NA,QNC,件,500,Kg,
CSS07615,恒力吊架组件,SX A250.30 位移295 F型,,,1916T4003,,,NA,QNC,件,500,Kg,
CSS07616,恒力吊架组件,SX A250.30 位移300 F型,,,1916T4003,,,NA,QNC,件,500,Kg,
CSS07617,恒力吊架组件,SX A250.30 位移305 F型,,,1916T4003,,,NA,QNC,件,500,Kg,
CSS07618,恒力吊架组件,SX A250.30 位移310 F型,,,1916T4003,,,NA,QNC,件,500,Kg,
CSS07619,恒力吊架组件,SX A250.30 位移315 F型,,,1916T4003,,,NA,QNC,件,500,Kg,
CSS07620,恒力吊架组件,SX A250.30 位移320 F型,,,1916T4003,,,NA,QNC,件,500,Kg,
CSS07621,恒力吊架组件,SX A250.30 位移325 F型,,,1916T4003,,,NA,QNC,件,500,Kg,
CSS07622,恒力吊架组件,SX A250.30 位移330 F型,,,1916T4003,,,NA,QNC,件,500,Kg,
CSS07623,恒力吊架组件,SX A250.30 位移335 F型,,,1916T4003,,,NA,QNC,件,500,Kg,
CSS07624,恒力吊架组件,SX A250.30 位移340 F型,,,1916T4003,,,NA,QNC,件,500,Kg,
CSS07625,恒力吊架组件,SX A250.30 位移345 F型,,,1916T4003,,,NA,QNC,件,500,Kg,
CSS07626,恒力吊架组件,SX A250.30 位移350 F型,,,1916T4003,,,NA,QNC,件,500,Kg,
CSS07627,恒力吊架组件,SX A250.35 位移190 F型,,,1916T4003,,,NA,QNC,件,500,Kg,
CSS07628,恒力吊架组件,SX A250.35 位移195 F型,,,1916T4003,,,NA,QNC,件,500,Kg,
CSS07629,恒力吊架组件,SX A250.35 位移200 F型,,,1916T4003,,,NA,QNC,件,500,Kg,
CSS07630,恒力吊架组件,SX A250.35 位移205 F型,,,1916T4003,,,NA,QNC,件,500,Kg,
CSS07631,恒力吊架组件,SX A250.35 位移210 F型,,,1916T4003,,,NA,QNC,件,500,Kg,
CSS07632,恒力吊架组件,SX A250.35 位移215 F型,,,1916T4003,,,NA,QNC,件,500,Kg,
CSS07633,恒力吊架组件,SX A250.35 位移220 F型,,,1916T4003,,,NA,QNC,件,500,Kg,
CSS07634,恒力吊架组件,SX A250.35 位移225 F型,,,1916T4003,,,NA,QNC,件,500,Kg,
CSS07635,恒力吊架组件,SX A250.35 位移230 F型,,,1916T4003,,,NA,QNC,件,500,Kg,
CSS07636,恒力吊架组件,SX A250.35 位移235 F型,,,1916T4003,,,NA,QNC,件,500,Kg,
CSS07637,恒力吊架组件,SX A250.35 位移240 F型,,,1916T4003,,,NA,QNC,件,500,Kg,
CSS07638,恒力吊架组件,SX A250.35 位移245 F型,,,1916T4003,,,NA,QNC,件,500,Kg,
CSS07639,恒力吊架组件,SX A250.35 位移250 F型,,,1916T4003,,,NA,QNC,件,500,Kg,
CSS07640,恒力吊架组件,SX A250.35 位移255 F型,,,1916T4003,,,NA,QNC,件,500,Kg,
CSS07641,恒力吊架组件,SX A250.35 位移260 F型,,,1916T4003,,,NA,QNC,件,500,Kg,
CSS07642,恒力吊架组件,SX A250.35 位移265 F型,,,1916T4003,,,NA,QNC,件,500,Kg,
CSS07643,恒力吊架组件,SX A250.35 位移270 F型,,,1916T4003,,,NA,QNC,件,500,Kg,
CSS07644,恒力吊架组件,SX A250.35 位移275 F型,,,1916T4003,,,NA,QNC,件,500,Kg,
CSS07645,恒力吊架组件,SX A250.35 位移280 F型,,,1916T4003,,,NA,QNC,件,500,Kg,
CSS07646,恒力吊架组件,SX A250.35 位移285 F型,,,1916T4003,,,NA,QNC,件,500,Kg,
CSS07647,恒力吊架组件,SX A250.35 位移290 F型,,,1916T4003,,,NA,QNC,件,500,Kg,
CSS07648,恒力吊架组件,SX A250.35 位移295 F型,,,1916T4003,,,NA,QNC,件,500,Kg,
CSS07649,恒力吊架组件,SX A250.35 位移300 F型,,,1916T4003,,,NA,QNC,件,500,Kg,
CSS07650,恒力吊架组件,SX A250.35 位移305 F型,,,1916T4003,,,NA,QNC,件,500,Kg,
CSS07651,恒力吊架组件,SX A250.35 位移310 F型,,,1916T4003,,,NA,QNC,件,500,Kg,
CSS07652,恒力吊架组件,SX A250.35 位移315 F型,,,1916T4003,,,NA,QNC,件,500,Kg,
CSS07653,恒力吊架组件,SX A250.35 位移320 F型,,,1916T4003,,,NA,QNC,件,500,Kg,
CSS07654,恒力吊架组件,SX A250.35 位移325 F型,,,1916T4003,,,NA,QNC,件,500,Kg,
CSS07655,恒力吊架组件,SX A250.35 位移330 F型,,,1916T4003,,,NA,QNC,件,500,Kg,
CSS07656,恒力吊架组件,SX A250.35 位移335 F型,,,1916T4003,,,NA,QNC,件,500,Kg,
CSS07657,恒力吊架组件,SX A250.35 位移340 F型,,,1916T4003,,,NA,QNC,件,500,Kg,
CSS07658,恒力吊架组件,SX A250.35 位移345 F型,,,1916T4003,,,NA,QNC,件,500,Kg,
CSS07659,恒力吊架组件,SX A250.35 位移350 F型,,,1916T4003,,,NA,QNC,件,500,Kg,
CSS07660,恒力吊架组件,SX A50-A1 S型,,,1916T4003,,,S1,QA3,件,10,Kg,
CSS07661,恒力吊架组件,SX A50-A2 S型,,,1916T4003,,,S1,QA3,件,11.5,Kg,
CSS07662,恒力吊架组件,SX A50-A4 S型,,,1916T4003,,,S1,QA3,件,14.5,Kg,
CSS07663,恒力吊架组件,SX A50-A6 S型,,,1916T4003,,,S1,QA3,件,17.5,Kg,
CSS07664,恒力吊架组件,SX A50-A8 S型,,,1916T4003,,,S1,QA3,件,20.5,Kg,
CSS07665,恒力吊架组件,SX A50-A10 S型,,,1916T4003,,,S1,QA3,件,23.5,Kg,
CSS07666,恒力吊架组件,SX A50-A12 S型,,,1916T4003,,,S1,QA3,件,26.5,Kg,
CSS07667,恒力吊架组件,SX A50-A14 S型,,,1916T4003,,,S1,QA3,件,29.5,Kg,
CSS07668,恒力吊架组件,SX A50-A15 S型,,,1916T4003,,,S1,QA3,件,31,Kg,
CSS07669,恒力吊架组件,SX A50-A16 S型,,,1916T4003,,,S1,QA3,件,32.5,Kg,
CSS07670,恒力吊架组件,SX A50-A17 S型,,,1916T4003,,,S1,QA3,件,34,Kg,
CSS07671,恒力吊架组件,SX A50-A18 S型,,,1916T4003,,,S1,QA3,件,35.5,Kg,
CSS07672,恒力吊架组件,SX A50-A19 S型,,,1916T4003,,,S1,QA3,件,37,Kg,
CSS07673,恒力吊架组件,SX A50-A20 S型,,,1916T4003,,,S1,QA3,件,38.5,Kg,
CSS07674,恒力吊架组件,SX A50-B1 S型,,,1916T4003,,,S1,QA3,件,10,Kg,
CSS07675,恒力吊架组件,SX A50-B2 S型,,,1916T4003,,,S1,QA3,件,11.5,Kg,
CSS07676,恒力吊架组件,SX A50-B4 S型,,,1916T4003,,,S1,QA3,件,14.5,Kg,
CSS07677,恒力吊架组件,SX A50-B6 S型,,,1916T4003,,,S1,QA3,件,17.5,Kg,
CSS07678,恒力吊架组件,SX A50-B7 S型,,,1916T4003,,,S1,QA3,件,19,Kg,
CSS07679,恒力吊架组件,SX A50-B8 S型,,,1916T4003,,,S1,QA3,件,20.5,Kg,
CSS07680,恒力吊架组件,SX A50-B10 S型,,,1916T4003,,,S1,QA3,件,23.5,Kg,
CSS07681,恒力吊架组件,SX A50-B12 S型,,,1916T4003,,,S1,QA3,件,26.5,Kg,
CSS07682,恒力吊架组件,SX A50-B14 S型,,,1916T4003,,,S1,QA3,件,29.5,Kg,
CSS07683,恒力吊架组件,SX A50-B16 S型,,,1916T4003,,,S1,QA3,件,32.5,Kg,
CSS07684,恒力吊架组件,SX A50-C1 S型,,,1916T4003,,,S1,QA3,件,13.7,Kg,
CSS07685,恒力吊架组件,SX A50-C2 S型,,,1916T4003,,,S1,QA3,件,16.9,Kg,
CSS07686,恒力吊架组件,SX A50-C4 S型,,,1916T4003,,,S1,QA3,件,23.2,Kg,
CSS07687,恒力吊架组件,SX A50-C6 S型,,,1916T4003,,,S1,QA3,件,29.5,Kg,
CSS07688,恒力吊架组件,SX A50-C8 S型,,,1916T4003,,,S1,QA3,件,35.8,Kg,
CSS07689,恒力吊架组件,SX A50-C10 S型,,,1916T4003,,,S1,QA3,件,42.1,Kg,
CSS07690,恒力吊架组件,SX A50-C13 S型,,,1916T4003,,,S1,QA3,件,51.6,Kg,
CSS07691,恒力吊架组件,SX A50-C15 S型,,,1916T4003,,,S1,QA3,件,57.9,Kg,
CSS07692,恒力吊架组件,SX A50-D1 S型,,,1916T4003,,,S1,QA3,件,14.4,Kg,
CSS07693,恒力吊架组件,SX A50-D2 S型,,,1916T4003,,,S1,QA3,件,17.6,Kg,
CSS07694,恒力吊架组件,SX A50-D4 S型,,,1916T4003,,,S1,QA3,件,23.9,Kg,
CSS07695,恒力吊架组件,SX A50-D8 S型,,,1916T4003,,,S1,QA3,件,36.5,Kg,
CSS07696,恒力吊架组件,SX A50-D15 S型,,,1916T4003,,,S1,QA3,件,58.6,Kg,
CSS07697,恒力吊架组件,SX A50-E1 S型,,,1916T4003,,,S1,QA3,件,14.4,Kg,
CSS07698,恒力吊架组件,SX A50-E2 S型,,,1916T4003,,,S1,QA3,件,17.6,Kg,
CSS07699,恒力吊架组件,SX A50-E4 S型,,,1916T4003,,,S1,QA3,件,23.9,Kg,
CSS07700,恒力吊架组件,SX A50-E8 S型,,,1916T4003,,,S1,QA3,件,36.5,Kg,
CSS07701,恒力吊架组件,SX A50-E15 S型,,,1916T4003,,,S1,QA3,件,58.6,Kg,
CSS07702,恒力吊架组件,SX A50-A1 P型,,,1916T4003,,,S1,QA3,件,10,Kg,
CSS07703,恒力吊架组件,SX A50-A2 P型,,,1916T4003,,,S1,QA3,件,11.5,Kg,
CSS07704,恒力吊架组件,SX A50-A4 P型,,,1916T4003,,,S1,QA3,件,14.5,Kg,
CSS07705,恒力吊架组件,SX A50-A6 P型,,,1916T4003,,,S1,QA3,件,17.5,Kg,
CSS07706,恒力吊架组件,SX A50-A8 P型,,,1916T4003,,,S1,QA3,件,20.5,Kg,
CSS07707,恒力吊架组件,SX A50-A10 P型,,,1916T4003,,,S1,QA3,件,23.5,Kg,
CSS07708,恒力吊架组件,SX A50-A12 P型,,,1916T4003,,,S1,QA3,件,26.5,Kg,
CSS07709,恒力吊架组件,SX A50-A14 P型,,,1916T4003,,,S1,QA3,件,29.5,Kg,
CSS07710,恒力吊架组件,SX A50-A15 P型,,,1916T4003,,,S1,QA3,件,31,Kg,
CSS07711,恒力吊架组件,SX A50-A16 P型,,,1916T4003,,,S1,QA3,件,32.5,Kg,
CSS07712,恒力吊架组件,SX A50-A17 P型,,,1916T4003,,,S1,QA3,件,34,Kg,
CSS07713,恒力吊架组件,SX A50-A18 P型,,,1916T4003,,,S1,QA3,件,35.5,Kg,
CSS07714,恒力吊架组件,SX A50-A19 P型,,,1916T4003,,,S1,QA3,件,37,Kg,
CSS07715,恒力吊架组件,SX A50-A20 P型,,,1916T4003,,,S1,QA3,件,38.5,Kg,
CSS07716,恒力吊架组件,SX A50-B1 P型,,,1916T4003,,,S1,QA3,件,10,Kg,
CSS07717,恒力吊架组件,SX A50-B2 P型,,,1916T4003,,,S1,QA3,件,11.5,Kg,
CSS07718,恒力吊架组件,SX A50-B4 P型,,,1916T4003,,,S1,QA3,件,14.5,Kg,
CSS07719,恒力吊架组件,SX A50-B6 P型,,,1916T4003,,,S1,QA3,件,17.5,Kg,
CSS07720,恒力吊架组件,SX A50-B7 P型,,,1916T4003,,,S1,QA3,件,19,Kg,
CSS07721,恒力吊架组件,SX A50-B8 P型,,,1916T4003,,,S1,QA3,件,20.5,Kg,
CSS07722,恒力吊架组件,SX A50-B10 P型,,,1916T4003,,,S1,QA3,件,23.5,Kg,
CSS07723,恒力吊架组件,SX A50-B12 P型,,,1916T4003,,,S1,QA3,件,26.5,Kg,
CSS07724,恒力吊架组件,SX A50-B14 P型,,,1916T4003,,,S1,QA3,件,29.5,Kg,
CSS07725,恒力吊架组件,SX A50-B16 P型,,,1916T4003,,,S1,QA3,件,32.5,Kg,
CSS07726,恒力吊架组件,SX A50-C1 P型,,,1916T4003,,,S1,QA3,件,13.7,Kg,
CSS07727,恒力吊架组件,SX A50-C2 P型,,,1916T4003,,,S1,QA3,件,16.9,Kg,
CSS07728,恒力吊架组件,SX A50-C4 P型,,,1916T4003,,,S1,QA3,件,23.2,Kg,
CSS07729,恒力吊架组件,SX A50-C6 P型,,,1916T4003,,,S1,QA3,件,29.5,Kg,
CSS07730,恒力吊架组件,SX A50-C8 P型,,,1916T4003,,,S1,QA3,件,35.8,Kg,
CSS07731,恒力吊架组件,SX A50-C10 P型,,,1916T4003,,,S1,QA3,件,42.1,Kg,
CSS07732,恒力吊架组件,SX A50-C13 P型,,,1916T4003,,,S1,QA3,件,51.6,Kg,
CSS07733,恒力吊架组件,SX A50-C15 P型,,,1916T4003,,,S1,QA3,件,57.9,Kg,
CSS07734,恒力吊架组件,SX A50-D1 P型,,,1916T4003,,,S1,QA3,件,14.4,Kg,
CSS07735,恒力吊架组件,SX A50-D2 P型,,,1916T4003,,,S1,QA3,件,17.6,Kg,
CSS07736,恒力吊架组件,SX A50-D4 P型,,,1916T4003,,,S1,QA3,件,23.9,Kg,
CSS07737,恒力吊架组件,SX A50-D8 P型,,,1916T4003,,,S1,QA3,件,36.5,Kg,
CSS07738,恒力吊架组件,SX A50-D15 P型,,,1916T4003,,,S1,QA3,件,58.6,Kg,
CSS07739,恒力吊架组件,SX A50-E1 P型,,,1916T4003,,,S1,QA3,件,14.4,Kg,
CSS07740,恒力吊架组件,SX A50-E2 P型,,,1916T4003,,,S1,QA3,件,17.6,Kg,
CSS07741,恒力吊架组件,SX A50-E4 P型,,,1916T4003,,,S1,QA3,件,23.9,Kg,
CSS07742,恒力吊架组件,SX A50-E8 P型,,,1916T4003,,,S1,QA3,件,36.5,Kg,
CSS07743,恒力吊架组件,SX A50-E15 P型,,,1916T4003,,,S1,QA3,件,58.6,Kg,
CSS07744,恒力吊架组件,SX A50-A1 F型,,,1916T4003,,,S1,QA3,件,10,Kg,
CSS07745,恒力吊架组件,SX A50-A2 F型,,,1916T4003,,,S1,QA3,件,11.5,Kg,
CSS07746,恒力吊架组件,SX A50-A4 F型,,,1916T4003,,,S1,QA3,件,14.5,Kg,
CSS07747,恒力吊架组件,SX A50-A6 F型,,,1916T4003,,,S1,QA3,件,17.5,Kg,
CSS07748,恒力吊架组件,SX A50-A8 F型,,,1916T4003,,,S1,QA3,件,20.5,Kg,
CSS07749,恒力吊架组件,SX A50-A10 F型,,,1916T4003,,,S1,QA3,件,23.5,Kg,
CSS07750,恒力吊架组件,SX A50-A12 F型,,,1916T4003,,,S1,QA3,件,26.5,Kg,
CSS07751,恒力吊架组件,SX A50-A14 F型,,,1916T4003,,,S1,QA3,件,29.5,Kg,
CSS07752,恒力吊架组件,SX A50-A15 F型,,,1916T4003,,,S1,QA3,件,31,Kg,
CSS07753,恒力吊架组件,SX A50-A16 F型,,,1916T4003,,,S1,QA3,件,32.5,Kg,
CSS07754,恒力吊架组件,SX A50-A17 F型,,,1916T4003,,,S1,QA3,件,34,Kg,
CSS07755,恒力吊架组件,SX A50-A18 F型,,,1916T4003,,,S1,QA3,件,35.5,Kg,
CSS07756,恒力吊架组件,SX A50-A19 F型,,,1916T4003,,,S1,QA3,件,37,Kg,
CSS07757,恒力吊架组件,SX A50-A20 F型,,,1916T4003,,,S1,QA3,件,38.5,Kg,
CSS07758,恒力吊架组件,SX A50-B1 F型,,,1916T4003,,,S1,QA3,件,10,Kg,
CSS07759,恒力吊架组件,SX A50-B2 F型,,,1916T4003,,,S1,QA3,件,11.5,Kg,
CSS07760,恒力吊架组件,SX A50-B4 F型,,,1916T4003,,,S1,QA3,件,14.5,Kg,
CSS07761,恒力吊架组件,SX A50-B6 F型,,,1916T4003,,,S1,QA3,件,17.5,Kg,
CSS07762,恒力吊架组件,SX A50-B7 F型,,,1916T4003,,,S1,QA3,件,19,Kg,
CSS07763,恒力吊架组件,SX A50-B8 F型,,,1916T4003,,,S1,QA3,件,20.5,Kg,
CSS07764,恒力吊架组件,SX A50-B10 F型,,,1916T4003,,,S1,QA3,件,23.5,Kg,
CSS07765,恒力吊架组件,SX A50-B12 F型,,,1916T4003,,,S1,QA3,件,26.5,Kg,
CSS07766,恒力吊架组件,SX A50-B14 F型,,,1916T4003,,,S1,QA3,件,29.5,Kg,
CSS07767,恒力吊架组件,SX A50-B16 F型,,,1916T4003,,,S1,QA3,件,32.5,Kg,
CSS07768,恒力吊架组件,SX A50-C1 F型,,,1916T4003,,,S1,QA3,件,13.7,Kg,
CSS07769,恒力吊架组件,SX A50-C2 F型,,,1916T4003,,,S1,QA3,件,16.9,Kg,
CSS07770,恒力吊架组件,SX A50-C4 F型,,,1916T4003,,,S1,QA3,件,23.2,Kg,
CSS07771,恒力吊架组件,SX A50-C6 F型,,,1916T4003,,,S1,QA3,件,29.5,Kg,
CSS07772,恒力吊架组件,SX A50-C8 F型,,,1916T4003,,,S1,QA3,件,35.8,Kg,
CSS07773,恒力吊架组件,SX A50-C10 F型,,,1916T4003,,,S1,QA3,件,42.1,Kg,
CSS07774,恒力吊架组件,SX A50-C13 F型,,,1916T4003,,,S1,QA3,件,51.6,Kg,
CSS07775,恒力吊架组件,SX A50-C15 F型,,,1916T4003,,,S1,QA3,件,57.9,Kg,
CSS07776,恒力吊架组件,SX A50-D1 F型,,,1916T4003,,,S1,QA3,件,14.4,Kg,
CSS07777,恒力吊架组件,SX A50-D2 F型,,,1916T4003,,,S1,QA3,件,17.6,Kg,
CSS07778,恒力吊架组件,SX A50-D4 F型,,,1916T4003,,,S1,QA3,件,23.9,Kg,
CSS07779,恒力吊架组件,SX A50-D8 F型,,,1916T4003,,,S1,QA3,件,36.5,Kg,
CSS07780,恒力吊架组件,SX A50-D15 F型,,,1916T4003,,,S1,QA3,件,58.6,Kg,
CSS07781,恒力吊架组件,SX A50-E1 F型,,,1916T4003,,,S1,QA3,件,14.4,Kg,
CSS07782,恒力吊架组件,SX A50-E2 F型,,,1916T4003,,,S1,QA3,件,17.6,Kg,
CSS07783,恒力吊架组件,SX A50-E4 F型,,,1916T4003,,,S1,QA3,件,23.9,Kg,
CSS07784,恒力吊架组件,SX A50-E8 F型,,,1916T4003,,,S1,QA3,件,36.5,Kg,
CSS07785,恒力吊架组件,SX A50-E15 F型,,,1916T4003,,,S1,QA3,件,58.6,Kg,
CSS07786,恒力吊架组件,SX A50-A1 S型,,,1916T4003,,,S2,QA3,件,10,Kg,
CSS07787,恒力吊架组件,SX A50-A2 S型,,,1916T4003,,,S2,QA3,件,11.5,Kg,
CSS07788,恒力吊架组件,SX A50-A4 S型,,,1916T4003,,,S2,QA3,件,14.5,Kg,
CSS07789,恒力吊架组件,SX A50-A6 S型,,,1916T4003,,,S2,QA3,件,17.5,Kg,
CSS07790,恒力吊架组件,SX A50-A8 S型,,,1916T4003,,,S2,QA3,件,20.5,Kg,
CSS07791,恒力吊架组件,SX A50-A10 S型,,,1916T4003,,,S2,QA3,件,23.5,Kg,
CSS07792,恒力吊架组件,SX A50-A12 S型,,,1916T4003,,,S2,QA3,件,26.5,Kg,
CSS07793,恒力吊架组件,SX A50-A14 S型,,,1916T4003,,,S2,QA3,件,29.5,Kg,
CSS07794,恒力吊架组件,SX A50-A15 S型,,,1916T4003,,,S2,QA3,件,31,Kg,
CSS07795,恒力吊架组件,SX A50-A16 S型,,,1916T4003,,,S2,QA3,件,32.5,Kg,
CSS07796,恒力吊架组件,SX A50-A17 S型,,,1916T4003,,,S2,QA3,件,34,Kg,
CSS07797,恒力吊架组件,SX A50-A18 S型,,,1916T4003,,,S2,QA3,件,35.5,Kg,
CSS07798,恒力吊架组件,SX A50-A19 S型,,,1916T4003,,,S2,QA3,件,37,Kg,
CSS07799,恒力吊架组件,SX A50-A20 S型,,,1916T4003,,,S2,QA3,件,38.5,Kg,
CSS07800,恒力吊架组件,SX A50-B1 S型,,,1916T4003,,,S2,QA3,件,10,Kg,
CSS07801,恒力吊架组件,SX A50-B2 S型,,,1916T4003,,,S2,QA3,件,11.5,Kg,
CSS07802,恒力吊架组件,SX A50-B4 S型,,,1916T4003,,,S2,QA3,件,14.5,Kg,
CSS07803,恒力吊架组件,SX A50-B6 S型,,,1916T4003,,,S2,QA3,件,17.5,Kg,
CSS07804,恒力吊架组件,SX A50-B7 S型,,,1916T4003,,,S2,QA3,件,19,Kg,
CSS07805,恒力吊架组件,SX A50-B8 S型,,,1916T4003,,,S2,QA3,件,20.5,Kg,
CSS07806,恒力吊架组件,SX A50-B10 S型,,,1916T4003,,,S2,QA3,件,23.5,Kg,
CSS07807,恒力吊架组件,SX A50-B12 S型,,,1916T4003,,,S2,QA3,件,26.5,Kg,
CSS07808,恒力吊架组件,SX A50-B14 S型,,,1916T4003,,,S2,QA3,件,29.5,Kg,
CSS07809,恒力吊架组件,SX A50-B16 S型,,,1916T4003,,,S2,QA3,件,32.5,Kg,
CSS07810,恒力吊架组件,SX A50-C1 S型,,,1916T4003,,,S2,QA3,件,13.7,Kg,
CSS07811,恒力吊架组件,SX A50-C2 S型,,,1916T4003,,,S2,QA3,件,16.9,Kg,
CSS07812,恒力吊架组件,SX A50-C4 S型,,,1916T4003,,,S2,QA3,件,23.2,Kg,
CSS07813,恒力吊架组件,SX A50-C6 S型,,,1916T4003,,,S2,QA3,件,29.5,Kg,
CSS07814,恒力吊架组件,SX A50-C8 S型,,,1916T4003,,,S2,QA3,件,35.8,Kg,
CSS07815,恒力吊架组件,SX A50-C10 S型,,,1916T4003,,,S2,QA3,件,42.1,Kg,
CSS07816,恒力吊架组件,SX A50-C13 S型,,,1916T4003,,,S2,QA3,件,51.6,Kg,
CSS07817,恒力吊架组件,SX A50-C15 S型,,,1916T4003,,,S2,QA3,件,57.9,Kg,
CSS07818,恒力吊架组件,SX A50-D1 S型,,,1916T4003,,,S2,QA3,件,14.4,Kg,
CSS07819,恒力吊架组件,SX A50-D2 S型,,,1916T4003,,,S2,QA3,件,17.6,Kg,
CSS07820,恒力吊架组件,SX A50-D4 S型,,,1916T4003,,,S2,QA3,件,23.9,Kg,
CSS07821,恒力吊架组件,SX A50-D8 S型,,,1916T4003,,,S2,QA3,件,36.5,Kg,
CSS07822,恒力吊架组件,SX A50-D15 S型,,,1916T4003,,,S2,QA3,件,58.6,Kg,
CSS07823,恒力吊架组件,SX A50-E1 S型,,,1916T4003,,,S2,QA3,件,14.4,Kg,
CSS07824,恒力吊架组件,SX A50-E2 S型,,,1916T4003,,,S2,QA3,件,17.6,Kg,
CSS07825,恒力吊架组件,SX A50-E4 S型,,,1916T4003,,,S2,QA3,件,23.9,Kg,
CSS07826,恒力吊架组件,SX A50-E8 S型,,,1916T4003,,,S2,QA3,件,36.5,Kg,
CSS07827,恒力吊架组件,SX A50-E15 S型,,,1916T4003,,,S2,QA3,件,58.6,Kg,
CSS07828,恒力吊架组件,SX A50-A1 P型,,,1916T4003,,,S2,QA3,件,10,Kg,
CSS07829,恒力吊架组件,SX A50-A2 P型,,,1916T4003,,,S2,QA3,件,11.5,Kg,
CSS07830,恒力吊架组件,SX A50-A4 P型,,,1916T4003,,,S2,QA3,件,14.5,Kg,
CSS07831,恒力吊架组件,SX A50-A6 P型,,,1916T4003,,,S2,QA3,件,17.5,Kg,
CSS07832,恒力吊架组件,SX A50-A8 P型,,,1916T4003,,,S2,QA3,件,20.5,Kg,
CSS07833,恒力吊架组件,SX A50-A10 P型,,,1916T4003,,,S2,QA3,件,23.5,Kg,
CSS07834,恒力吊架组件,SX A50-A12 P型,,,1916T4003,,,S2,QA3,件,26.5,Kg,
CSS07835,恒力吊架组件,SX A50-A14 P型,,,1916T4003,,,S2,QA3,件,29.5,Kg,
CSS07836,恒力吊架组件,SX A50-A15 P型,,,1916T4003,,,S2,QA3,件,31,Kg,
CSS07837,恒力吊架组件,SX A50-A16 P型,,,1916T4003,,,S2,QA3,件,32.5,Kg,
CSS07838,恒力吊架组件,SX A50-A17 P型,,,1916T4003,,,S2,QA3,件,34,Kg,
CSS07839,恒力吊架组件,SX A50-A18 P型,,,1916T4003,,,S2,QA3,件,35.5,Kg,
CSS07840,恒力吊架组件,SX A50-A19 P型,,,1916T4003,,,S2,QA3,件,37,Kg,
CSS07841,恒力吊架组件,SX A50-A20 P型,,,1916T4003,,,S2,QA3,件,38.5,Kg,
CSS07842,恒力吊架组件,SX A50-B1 P型,,,1916T4003,,,S2,QA3,件,10,Kg,
CSS07843,恒力吊架组件,SX A50-B2 P型,,,1916T4003,,,S2,QA3,件,11.5,Kg,
CSS07844,恒力吊架组件,SX A50-B4 P型,,,1916T4003,,,S2,QA3,件,14.5,Kg,
CSS07845,恒力吊架组件,SX A50-B6 P型,,,1916T4003,,,S2,QA3,件,17.5,Kg,
CSS07846,恒力吊架组件,SX A50-B7 P型,,,1916T4003,,,S2,QA3,件,19,Kg,
CSS07847,恒力吊架组件,SX A50-B8 P型,,,1916T4003,,,S2,QA3,件,20.5,Kg,
CSS07848,恒力吊架组件,SX A50-B10 P型,,,1916T4003,,,S2,QA3,件,23.5,Kg,
CSS07849,恒力吊架组件,SX A50-B12 P型,,,1916T4003,,,S2,QA3,件,26.5,Kg,
CSS07850,恒力吊架组件,SX A50-B14 P型,,,1916T4003,,,S2,QA3,件,29.5,Kg,
CSS07851,恒力吊架组件,SX A50-B16 P型,,,1916T4003,,,S2,QA3,件,32.5,Kg,
CSS07852,恒力吊架组件,SX A50-C1 P型,,,1916T4003,,,S2,QA3,件,13.7,Kg,
CSS07853,恒力吊架组件,SX A50-C2 P型,,,1916T4003,,,S2,QA3,件,16.9,Kg,
CSS07854,恒力吊架组件,SX A50-C4 P型,,,1916T4003,,,S2,QA3,件,23.2,Kg,
CSS07855,恒力吊架组件,SX A50-C6 P型,,,1916T4003,,,S2,QA3,件,29.5,Kg,
CSS07856,恒力吊架组件,SX A50-C8 P型,,,1916T4003,,,S2,QA3,件,35.8,Kg,
CSS07857,恒力吊架组件,SX A50-C10 P型,,,1916T4003,,,S2,QA3,件,42.1,Kg,
CSS07858,恒力吊架组件,SX A50-C13 P型,,,1916T4003,,,S2,QA3,件,51.6,Kg,
CSS07859,恒力吊架组件,SX A50-C15 P型,,,1916T4003,,,S2,QA3,件,57.9,Kg,
CSS07860,恒力吊架组件,SX A50-D1 P型,,,1916T4003,,,S2,QA3,件,14.4,Kg,
CSS07861,恒力吊架组件,SX A50-D2 P型,,,1916T4003,,,S2,QA3,件,17.6,Kg,
CSS07862,恒力吊架组件,SX A50-D4 P型,,,1916T4003,,,S2,QA3,件,23.9,Kg,
CSS07863,恒力吊架组件,SX A50-D8 P型,,,1916T4003,,,S2,QA3,件,36.5,Kg,
CSS07864,恒力吊架组件,SX A50-D15 P型,,,1916T4003,,,S2,QA3,件,58.6,Kg,
CSS07865,恒力吊架组件,SX A50-E1 P型,,,1916T4003,,,S2,QA3,件,14.4,Kg,
CSS07866,恒力吊架组件,SX A50-E2 P型,,,1916T4003,,,S2,QA3,件,17.6,Kg,
CSS07867,恒力吊架组件,SX A50-E4 P型,,,1916T4003,,,S2,QA3,件,23.9,Kg,
CSS07868,恒力吊架组件,SX A50-E8 P型,,,1916T4003,,,S2,QA3,件,36.5,Kg,
CSS07869,恒力吊架组件,SX A50-E15 P型,,,1916T4003,,,S2,QA3,件,58.6,Kg,
CSS07870,恒力吊架组件,SX A50-A1 F型,,,1916T4003,,,S2,QA3,件,10,Kg,
CSS07871,恒力吊架组件,SX A50-A2 F型,,,1916T4003,,,S2,QA3,件,11.5,Kg,
CSS07872,恒力吊架组件,SX A50-A4 F型,,,1916T4003,,,S2,QA3,件,14.5,Kg,
CSS07873,恒力吊架组件,SX A50-A6 F型,,,1916T4003,,,S2,QA3,件,17.5,Kg,
CSS07874,恒力吊架组件,SX A50-A8 F型,,,1916T4003,,,S2,QA3,件,20.5,Kg,
CSS07875,恒力吊架组件,SX A50-A10 F型,,,1916T4003,,,S2,QA3,件,23.5,Kg,
CSS07876,恒力吊架组件,SX A50-A12 F型,,,1916T4003,,,S2,QA3,件,26.5,Kg,
CSS07877,恒力吊架组件,SX A50-A14 F型,,,1916T4003,,,S2,QA3,件,29.5,Kg,
CSS07878,恒力吊架组件,SX A50-A15 F型,,,1916T4003,,,S2,QA3,件,31,Kg,
CSS07879,恒力吊架组件,SX A50-A16 F型,,,1916T4003,,,S2,QA3,件,32.5,Kg,
CSS07880,恒力吊架组件,SX A50-A17 F型,,,1916T4003,,,S2,QA3,件,34,Kg,
CSS07881,恒力吊架组件,SX A50-A18 F型,,,1916T4003,,,S2,QA3,件,35.5,Kg,
CSS07882,恒力吊架组件,SX A50-A19 F型,,,1916T4003,,,S2,QA3,件,37,Kg,
CSS07883,恒力吊架组件,SX A50-A20 F型,,,1916T4003,,,S2,QA3,件,38.5,Kg,
CSS07884,恒力吊架组件,SX A50-B1 F型,,,1916T4003,,,S2,QA3,件,10,Kg,
CSS07885,恒力吊架组件,SX A50-B2 F型,,,1916T4003,,,S2,QA3,件,11.5,Kg,
CSS07886,恒力吊架组件,SX A50-B4 F型,,,1916T4003,,,S2,QA3,件,14.5,Kg,
CSS07887,恒力吊架组件,SX A50-B6 F型,,,1916T4003,,,S2,QA3,件,17.5,Kg,
CSS07888,恒力吊架组件,SX A50-B7 F型,,,1916T4003,,,S2,QA3,件,19,Kg,
CSS07889,恒力吊架组件,SX A50-B8 F型,,,1916T4003,,,S2,QA3,件,20.5,Kg,
CSS07890,恒力吊架组件,SX A50-B10 F型,,,1916T4003,,,S2,QA3,件,23.5,Kg,
CSS07891,恒力吊架组件,SX A50-B12 F型,,,1916T4003,,,S2,QA3,件,26.5,Kg,
CSS07892,恒力吊架组件,SX A50-B14 F型,,,1916T4003,,,S2,QA3,件,29.5,Kg,
CSS07893,恒力吊架组件,SX A50-B16 F型,,,1916T4003,,,S2,QA3,件,32.5,Kg,
CSS07894,恒力吊架组件,SX A50-C1 F型,,,1916T4003,,,S2,QA3,件,13.7,Kg,
CSS07895,恒力吊架组件,SX A50-C2 F型,,,1916T4003,,,S2,QA3,件,16.9,Kg,
CSS07896,恒力吊架组件,SX A50-C4 F型,,,1916T4003,,,S2,QA3,件,23.2,Kg,
CSS07897,恒力吊架组件,SX A50-C6 F型,,,1916T4003,,,S2,QA3,件,29.5,Kg,
CSS07898,恒力吊架组件,SX A50-C8 F型,,,1916T4003,,,S2,QA3,件,35.8,Kg,
CSS07899,恒力吊架组件,SX A50-C10 F型,,,1916T4003,,,S2,QA3,件,42.1,Kg,
CSS07900,恒力吊架组件,SX A50-C13 F型,,,1916T4003,,,S2,QA3,件,51.6,Kg,
CSS07901,恒力吊架组件,SX A50-C15 F型,,,1916T4003,,,S2,QA3,件,57.9,Kg,
CSS07902,恒力吊架组件,SX A50-D1 F型,,,1916T4003,,,S2,QA3,件,14.4,Kg,
CSS07903,恒力吊架组件,SX A50-D2 F型,,,1916T4003,,,S2,QA3,件,17.6,Kg,
CSS07904,恒力吊架组件,SX A50-D4 F型,,,1916T4003,,,S2,QA3,件,23.9,Kg,
CSS07905,恒力吊架组件,SX A50-D8 F型,,,1916T4003,,,S2,QA3,件,36.5,Kg,
CSS07906,恒力吊架组件,SX A50-D15 F型,,,1916T4003,,,S2,QA3,件,58.6,Kg,
CSS07907,恒力吊架组件,SX A50-E1 F型,,,1916T4003,,,S2,QA3,件,14.4,Kg,
CSS07908,恒力吊架组件,SX A50-E2 F型,,,1916T4003,,,S2,QA3,件,17.6,Kg,
CSS07909,恒力吊架组件,SX A50-E4 F型,,,1916T4003,,,S2,QA3,件,23.9,Kg,
CSS07910,恒力吊架组件,SX A50-E8 F型,,,1916T4003,,,S2,QA3,件,36.5,Kg,
CSS07911,恒力吊架组件,SX A50-E15 F型,,,1916T4003,,,S2,QA3,件,58.6,Kg,
CSS07912,恒力吊架组件,SX A50-A1 S型,,,1916T4003,,,NA,QNC,件,10,Kg,
CSS07913,恒力吊架组件,SX A50-A2 S型,,,1916T4003,,,NA,QNC,件,11.5,Kg,
CSS07914,恒力吊架组件,SX A50-A4 S型,,,1916T4003,,,NA,QNC,件,14.5,Kg,
CSS07915,恒力吊架组件,SX A50-A6 S型,,,1916T4003,,,NA,QNC,件,17.5,Kg,
CSS07916,恒力吊架组件,SX A50-A8 S型,,,1916T4003,,,NA,QNC,件,20.5,Kg,
CSS07917,恒力吊架组件,SX A50-A10 S型,,,1916T4003,,,NA,QNC,件,23.5,Kg,
CSS07918,恒力吊架组件,SX A50-A12 S型,,,1916T4003,,,NA,QNC,件,26.5,Kg,
CSS07919,恒力吊架组件,SX A50-A14 S型,,,1916T4003,,,NA,QNC,件,29.5,Kg,
CSS07920,恒力吊架组件,SX A50-A15 S型,,,1916T4003,,,NA,QNC,件,31,Kg,
CSS07921,恒力吊架组件,SX A50-A16 S型,,,1916T4003,,,NA,QNC,件,32.5,Kg,
CSS07922,恒力吊架组件,SX A50-A17 S型,,,1916T4003,,,NA,QNC,件,34,Kg,
CSS07923,恒力吊架组件,SX A50-A18 S型,,,1916T4003,,,NA,QNC,件,35.5,Kg,
CSS07924,恒力吊架组件,SX A50-A19 S型,,,1916T4003,,,NA,QNC,件,37,Kg,
CSS07925,恒力吊架组件,SX A50-A20 S型,,,1916T4003,,,NA,QNC,件,38.5,Kg,
CSS07926,恒力吊架组件,SX A50-B1 S型,,,1916T4003,,,NA,QNC,件,10,Kg,
CSS07927,恒力吊架组件,SX A50-B2 S型,,,1916T4003,,,NA,QNC,件,11.5,Kg,
CSS07928,恒力吊架组件,SX A50-B4 S型,,,1916T4003,,,NA,QNC,件,14.5,Kg,
CSS07929,恒力吊架组件,SX A50-B6 S型,,,1916T4003,,,NA,QNC,件,17.5,Kg,
CSS07930,恒力吊架组件,SX A50-B7 S型,,,1916T4003,,,NA,QNC,件,19,Kg,
CSS07931,恒力吊架组件,SX A50-B8 S型,,,1916T4003,,,NA,QNC,件,20.5,Kg,
CSS07932,恒力吊架组件,SX A50-B10 S型,,,1916T4003,,,NA,QNC,件,23.5,Kg,
CSS07933,恒力吊架组件,SX A50-B12 S型,,,1916T4003,,,NA,QNC,件,26.5,Kg,
CSS07934,恒力吊架组件,SX A50-B14 S型,,,1916T4003,,,NA,QNC,件,29.5,Kg,
CSS07935,恒力吊架组件,SX A50-B16 S型,,,1916T4003,,,NA,QNC,件,32.5,Kg,
CSS07936,恒力吊架组件,SX A50-C1 S型,,,1916T4003,,,NA,QNC,件,13.7,Kg,
CSS07937,恒力吊架组件,SX A50-C2 S型,,,1916T4003,,,NA,QNC,件,16.9,Kg,
CSS07938,恒力吊架组件,SX A50-C4 S型,,,1916T4003,,,NA,QNC,件,23.2,Kg,
CSS07939,恒力吊架组件,SX A50-C6 S型,,,1916T4003,,,NA,QNC,件,29.5,Kg,
CSS07940,恒力吊架组件,SX A50-C8 S型,,,1916T4003,,,NA,QNC,件,35.8,Kg,
CSS07941,恒力吊架组件,SX A50-C10 S型,,,1916T4003,,,NA,QNC,件,42.1,Kg,
CSS07942,恒力吊架组件,SX A50-C13 S型,,,1916T4003,,,NA,QNC,件,51.6,Kg,
CSS07943,恒力吊架组件,SX A50-C15 S型,,,1916T4003,,,NA,QNC,件,57.9,Kg,
CSS07944,恒力吊架组件,SX A50-D1 S型,,,1916T4003,,,NA,QNC,件,14.4,Kg,
CSS07945,恒力吊架组件,SX A50-D2 S型,,,1916T4003,,,NA,QNC,件,17.6,Kg,
CSS07946,恒力吊架组件,SX A50-D4 S型,,,1916T4003,,,NA,QNC,件,23.9,Kg,
CSS07947,恒力吊架组件,SX A50-D8 S型,,,1916T4003,,,NA,QNC,件,36.5,Kg,
CSS07948,恒力吊架组件,SX A50-D15 S型,,,1916T4003,,,NA,QNC,件,58.6,Kg,
CSS07949,恒力吊架组件,SX A50-E1 S型,,,1916T4003,,,NA,QNC,件,14.4,Kg,
CSS07950,恒力吊架组件,SX A50-E2 S型,,,1916T4003,,,NA,QNC,件,17.6,Kg,
CSS07951,恒力吊架组件,SX A50-E4 S型,,,1916T4003,,,NA,QNC,件,23.9,Kg,
CSS07952,恒力吊架组件,SX A50-E8 S型,,,1916T4003,,,NA,QNC,件,36.5,Kg,
CSS07953,恒力吊架组件,SX A50-E15 S型,,,1916T4003,,,NA,QNC,件,58.6,Kg,
CSS07954,恒力吊架组件,SX A50-A1 P型,,,1916T4003,,,NA,QNC,件,10,Kg,
CSS07955,恒力吊架组件,SX A50-A2 P型,,,1916T4003,,,NA,QNC,件,11.5,Kg,
CSS07956,恒力吊架组件,SX A50-A4 P型,,,1916T4003,,,NA,QNC,件,14.5,Kg,
CSS07957,恒力吊架组件,SX A50-A6 P型,,,1916T4003,,,NA,QNC,件,17.5,Kg,
CSS07958,恒力吊架组件,SX A50-A8 P型,,,1916T4003,,,NA,QNC,件,20.5,Kg,
CSS07959,恒力吊架组件,SX A50-A10 P型,,,1916T4003,,,NA,QNC,件,23.5,Kg,
CSS07960,恒力吊架组件,SX A50-A12 P型,,,1916T4003,,,NA,QNC,件,26.5,Kg,
CSS07961,恒力吊架组件,SX A50-A14 P型,,,1916T4003,,,NA,QNC,件,29.5,Kg,
CSS07962,恒力吊架组件,SX A50-A15 P型,,,1916T4003,,,NA,QNC,件,31,Kg,
CSS07963,恒力吊架组件,SX A50-A16 P型,,,1916T4003,,,NA,QNC,件,32.5,Kg,
CSS07964,恒力吊架组件,SX A50-A17 P型,,,1916T4003,,,NA,QNC,件,34,Kg,
CSS07965,恒力吊架组件,SX A50-A18 P型,,,1916T4003,,,NA,QNC,件,35.5,Kg,
CSS07966,恒力吊架组件,SX A50-A19 P型,,,1916T4003,,,NA,QNC,件,37,Kg,
CSS07967,恒力吊架组件,SX A50-A20 P型,,,1916T4003,,,NA,QNC,件,38.5,Kg,
CSS07968,恒力吊架组件,SX A50-B1 P型,,,1916T4003,,,NA,QNC,件,10,Kg,
CSS07969,恒力吊架组件,SX A50-B2 P型,,,1916T4003,,,NA,QNC,件,11.5,Kg,
CSS07970,恒力吊架组件,SX A50-B4 P型,,,1916T4003,,,NA,QNC,件,14.5,Kg,
CSS07971,恒力吊架组件,SX A50-B6 P型,,,1916T4003,,,NA,QNC,件,17.5,Kg,
CSS07972,恒力吊架组件,SX A50-B7 P型,,,1916T4003,,,NA,QNC,件,19,Kg,
CSS07973,恒力吊架组件,SX A50-B8 P型,,,1916T4003,,,NA,QNC,件,20.5,Kg,
CSS07974,恒力吊架组件,SX A50-B10 P型,,,1916T4003,,,NA,QNC,件,23.5,Kg,
CSS07975,恒力吊架组件,SX A50-B12 P型,,,1916T4003,,,NA,QNC,件,26.5,Kg,
CSS07976,恒力吊架组件,SX A50-B14 P型,,,1916T4003,,,NA,QNC,件,29.5,Kg,
CSS07977,恒力吊架组件,SX A50-B16 P型,,,1916T4003,,,NA,QNC,件,32.5,Kg,
CSS07978,恒力吊架组件,SX A50-C1 P型,,,1916T4003,,,NA,QNC,件,13.7,Kg,
CSS07979,恒力吊架组件,SX A50-C2 P型,,,1916T4003,,,NA,QNC,件,16.9,Kg,
CSS07980,恒力吊架组件,SX A50-C4 P型,,,1916T4003,,,NA,QNC,件,23.2,Kg,
CSS07981,恒力吊架组件,SX A50-C6 P型,,,1916T4003,,,NA,QNC,件,29.5,Kg,
CSS07982,恒力吊架组件,SX A50-C8 P型,,,1916T4003,,,NA,QNC,件,35.8,Kg,
CSS07983,恒力吊架组件,SX A50-C10 P型,,,1916T4003,,,NA,QNC,件,42.1,Kg,
CSS07984,恒力吊架组件,SX A50-C13 P型,,,1916T4003,,,NA,QNC,件,51.6,Kg,
CSS07985,恒力吊架组件,SX A50-C15 P型,,,1916T4003,,,NA,QNC,件,57.9,Kg,
CSS07986,恒力吊架组件,SX A50-D1 P型,,,1916T4003,,,NA,QNC,件,14.4,Kg,
CSS07987,恒力吊架组件,SX A50-D2 P型,,,1916T4003,,,NA,QNC,件,17.6,Kg,
CSS07988,恒力吊架组件,SX A50-D4 P型,,,1916T4003,,,NA,QNC,件,23.9,Kg,
CSS07989,恒力吊架组件,SX A50-D8 P型,,,1916T4003,,,NA,QNC,件,36.5,Kg,
CSS07990,恒力吊架组件,SX A50-D15 P型,,,1916T4003,,,NA,QNC,件,58.6,Kg,
CSS07991,恒力吊架组件,SX A50-E1 P型,,,1916T4003,,,NA,QNC,件,14.4,Kg,
CSS07992,恒力吊架组件,SX A50-E2 P型,,,1916T4003,,,NA,QNC,件,17.6,Kg,
CSS07993,恒力吊架组件,SX A50-E4 P型,,,1916T4003,,,NA,QNC,件,23.9,Kg,
CSS07994,恒力吊架组件,SX A50-E8 P型,,,1916T4003,,,NA,QNC,件,36.5,Kg,
CSS07995,恒力吊架组件,SX A50-E15 P型,,,1916T4003,,,NA,QNC,件,58.6,Kg,
CSS07996,恒力吊架组件,SX A50-A1 F型,,,1916T4003,,,NA,QNC,件,10,Kg,
CSS07997,恒力吊架组件,SX A50-A2 F型,,,1916T4003,,,NA,QNC,件,11.5,Kg,
CSS07998,恒力吊架组件,SX A50-A4 F型,,,1916T4003,,,NA,QNC,件,14.5,Kg,
CSS07999,恒力吊架组件,SX A50-A6 F型,,,1916T4003,,,NA,QNC,件,17.5,Kg,
CSS08000,恒力吊架组件,SX A50-A8 F型,,,1916T4003,,,NA,QNC,件,20.5,Kg,
CSS08001,恒力吊架组件,SX A50-A10 F型,,,1916T4003,,,NA,QNC,件,23.5,Kg,
CSS08002,恒力吊架组件,SX A50-A12 F型,,,1916T4003,,,NA,QNC,件,26.5,Kg,
CSS08003,恒力吊架组件,SX A50-A14 F型,,,1916T4003,,,NA,QNC,件,29.5,Kg,
CSS08004,恒力吊架组件,SX A50-A15 F型,,,1916T4003,,,NA,QNC,件,31,Kg,
CSS08005,恒力吊架组件,SX A50-A16 F型,,,1916T4003,,,NA,QNC,件,32.5,Kg,
CSS08006,恒力吊架组件,SX A50-A17 F型,,,1916T4003,,,NA,QNC,件,34,Kg,
CSS08007,恒力吊架组件,SX A50-A18 F型,,,1916T4003,,,NA,QNC,件,35.5,Kg,
CSS08008,恒力吊架组件,SX A50-A19 F型,,,1916T4003,,,NA,QNC,件,37,Kg,
CSS08009,恒力吊架组件,SX A50-A20 F型,,,1916T4003,,,NA,QNC,件,38.5,Kg,
CSS08010,恒力吊架组件,SX A50-B1 F型,,,1916T4003,,,NA,QNC,件,10,Kg,
CSS08011,恒力吊架组件,SX A50-B2 F型,,,1916T4003,,,NA,QNC,件,11.5,Kg,
CSS08012,恒力吊架组件,SX A50-B4 F型,,,1916T4003,,,NA,QNC,件,14.5,Kg,
CSS08013,恒力吊架组件,SX A50-B6 F型,,,1916T4003,,,NA,QNC,件,17.5,Kg,
CSS08014,恒力吊架组件,SX A50-B7 F型,,,1916T4003,,,NA,QNC,件,19,Kg,
CSS08015,恒力吊架组件,SX A50-B8 F型,,,1916T4003,,,NA,QNC,件,20.5,Kg,
CSS08016,恒力吊架组件,SX A50-B10 F型,,,1916T4003,,,NA,QNC,件,23.5,Kg,
CSS08017,恒力吊架组件,SX A50-B12 F型,,,1916T4003,,,NA,QNC,件,26.5,Kg,
CSS08018,恒力吊架组件,SX A50-B14 F型,,,1916T4003,,,NA,QNC,件,29.5,Kg,
CSS08019,恒力吊架组件,SX A50-B16 F型,,,1916T4003,,,NA,QNC,件,32.5,Kg,
CSS08020,恒力吊架组件,SX A50-C1 F型,,,1916T4003,,,NA,QNC,件,13.7,Kg,
CSS08021,恒力吊架组件,SX A50-C2 F型,,,1916T4003,,,NA,QNC,件,16.9,Kg,
CSS08022,恒力吊架组件,SX A50-C4 F型,,,1916T4003,,,NA,QNC,件,23.2,Kg,
CSS08023,恒力吊架组件,SX A50-C6 F型,,,1916T4003,,,NA,QNC,件,29.5,Kg,
CSS08024,恒力吊架组件,SX A50-C8 F型,,,1916T4003,,,NA,QNC,件,35.8,Kg,
CSS08025,恒力吊架组件,SX A50-C10 F型,,,1916T4003,,,NA,QNC,件,42.1,Kg,
CSS08026,恒力吊架组件,SX A50-C13 F型,,,1916T4003,,,NA,QNC,件,51.6,Kg,
CSS08027,恒力吊架组件,SX A50-C15 F型,,,1916T4003,,,NA,QNC,件,57.9,Kg,
CSS08028,恒力吊架组件,SX A50-D1 F型,,,1916T4003,,,NA,QNC,件,14.4,Kg,
CSS08029,恒力吊架组件,SX A50-D2 F型,,,1916T4003,,,NA,QNC,件,17.6,Kg,
CSS08030,恒力吊架组件,SX A50-D4 F型,,,1916T4003,,,NA,QNC,件,23.9,Kg,
CSS08031,恒力吊架组件,SX A50-D8 F型,,,1916T4003,,,NA,QNC,件,36.5,Kg,
CSS08032,恒力吊架组件,SX A50-D15 F型,,,1916T4003,,,NA,QNC,件,58.6,Kg,
CSS08033,恒力吊架组件,SX A50-E1 F型,,,1916T4003,,,NA,QNC,件,14.4,Kg,
CSS08034,恒力吊架组件,SX A50-E2 F型,,,1916T4003,,,NA,QNC,件,17.6,Kg,
CSS08035,恒力吊架组件,SX A50-E4 F型,,,1916T4003,,,NA,QNC,件,23.9,Kg,
CSS08036,恒力吊架组件,SX A50-E8 F型,,,1916T4003,,,NA,QNC,件,36.5,Kg,
CSS08037,恒力吊架组件,SX A50-E15 F型,,,1916T4003,,,NA,QNC,件,58.6,Kg,
CSS08038,阻尼器,DA1a A功能,,,1916T4003,78x570,,S1,QA2,件,8.5,Kg,尺寸为DxL
CSS08039,阻尼器,DA1b A功能,,,1916T4003,78x715,,S1,QA2,件,11.4,Kg,尺寸为DxL
CSS08040,阻尼器,DA1c A功能,,,1916T4003,78x955,,S1,QA2,件,13.5,Kg,尺寸为DxL
CSS08041,阻尼器,DA2a A功能,,,1916T4003,92x570,,S1,QA2,件,12.3,Kg,尺寸为DxL
CSS08042,阻尼器,DA2b A功能,,,1916T4003,92x715,,S1,QA2,件,15,Kg,尺寸为DxL
CSS08043,阻尼器,DA2c A功能,,,1916T4003,92x955,,S1,QA2,件,18.8,Kg,尺寸为DxL
CSS08044,阻尼器,DA3a A功能,,,1916T4003,115x645,,S1,QA2,件,21.7,Kg,尺寸为DxL
CSS08045,阻尼器,DA3b A功能,,,1916T4003,115x805,,S1,QA2,件,25.3,Kg,尺寸为DxL
CSS08046,阻尼器,DA3c A功能,,,1916T4003,115x1030,,S1,QA2,件,47,Kg,尺寸为DxL
CSS08047,阻尼器,DA4a A功能,,,1916T4003,150x670,,S1,QA2,件,41.1,Kg,尺寸为DxL
CSS08048,阻尼器,DA4b A功能,,,1916T4003,150x805,,S1,QA2,件,46,Kg,尺寸为DxL
CSS08049,阻尼器,DA4c A功能,,,1916T4003,150x1030,,S1,QA2,件,56,Kg,尺寸为DxL
CSS08050,阻尼器,DA5a A功能,,,1916T4003,185x740,,S1,QA2,件,74,Kg,尺寸为DxL
CSS08051,阻尼器,DA5b A功能,,,1916T4003,185x800,,S1,QA2,件,79,Kg,尺寸为DxL
CSS08052,阻尼器,DA5c A功能,,,1916T4003,185x890,,S1,QA2,件,83,Kg,尺寸为DxL
CSS08053,阻尼器,DA6a A功能,,,1916T4003,250x941,,S1,QA2,件,145,Kg,尺寸为DxL
CSS08054,阻尼器,DA6b A功能,,,1916T4003,250x1001,,S1,QA2,件,155,Kg,尺寸为DxL
CSS08055,阻尼器,DA6c A功能,,,1916T4003,250x1091,,S1,QA2,件,168,Kg,尺寸为DxL
CSS08056,阻尼器,DA7a A功能,,,1916T4003,400x1196,,S1,QA2,件,365,Kg,尺寸为DxL
CSS08057,阻尼器,DA7b A功能,,,1916T4003,400x1256,,S1,QA2,件,400,Kg,尺寸为DxL
CSS08058,阻尼器,DA7c A功能,,,1916T4003,400x1346,,S1,QA2,件,450,Kg,尺寸为DxL
CSS08101,阻尼器,DA1a B功能,,,1916T4003,78x570,,S1,QA2,件,8.5,Kg,尺寸为DxL
CSS08102,阻尼器,DA1b B功能,,,1916T4003,78x715,,S1,QA2,件,11.4,Kg,尺寸为DxL
CSS08103,阻尼器,DA1c B功能,,,1916T4003,78x955,,S1,QA2,件,13.5,Kg,尺寸为DxL
CSS08104,阻尼器,DA2a B功能,,,1916T4003,92x570,,S1,QA2,件,12.3,Kg,尺寸为DxL
CSS08105,阻尼器,DA2b B功能,,,1916T4003,92x715,,S1,QA2,件,15,Kg,尺寸为DxL
CSS08106,阻尼器,DA2c B功能,,,1916T4003,92x955,,S1,QA2,件,18.8,Kg,尺寸为DxL
CSS08107,阻尼器,DA3a B功能,,,1916T4003,115x645,,S1,QA2,件,21.7,Kg,尺寸为DxL
CSS08108,阻尼器,DA3b B功能,,,1916T4003,115x805,,S1,QA2,件,25.3,Kg,尺寸为DxL
CSS08109,阻尼器,DA3c B功能,,,1916T4003,115x1030,,S1,QA2,件,47,Kg,尺寸为DxL
CSS08110,阻尼器,DA4a B功能,,,1916T4003,150x670,,S1,QA2,件,41.1,Kg,尺寸为DxL
CSS08111,阻尼器,DA4b B功能,,,1916T4003,150x805,,S1,QA2,件,46,Kg,尺寸为DxL
CSS08112,阻尼器,DA4c B功能,,,1916T4003,150x1030,,S1,QA2,件,56,Kg,尺寸为DxL
CSS08113,阻尼器,DA5a B功能,,,1916T4003,185x740,,S1,QA2,件,74,Kg,尺寸为DxL
CSS08114,阻尼器,DA5b B功能,,,1916T4003,185x800,,S1,QA2,件,79,Kg,尺寸为DxL
CSS08115,阻尼器,DA5c B功能,,,1916T4003,185x890,,S1,QA2,件,83,Kg,尺寸为DxL
CSS08116,阻尼器,DA6a B功能,,,1916T4003,250x941,,S1,QA2,件,145,Kg,尺寸为DxL
CSS08117,阻尼器,DA6b B功能,,,1916T4003,250x1001,,S1,QA2,件,155,Kg,尺寸为DxL
CSS08118,阻尼器,DA6c B功能,,,1916T4003,250x1091,,S1,QA2,件,168,Kg,尺寸为DxL
CSS08119,阻尼器,DA7a B功能,,,1916T4003,400x1196,,S1,QA2,件,365,Kg,尺寸为DxL
CSS08120,阻尼器,DA7b B功能,,,1916T4003,400x1256,,S1,QA2,件,400,Kg,尺寸为DxL
CSS08121,阻尼器,DA7c B功能,,,1916T4003,400x1346,,S1,QA2,件,450,Kg,尺寸为DxL
CSS08164,阻尼器,DA7cs1 A功能,,,1916T4003,400x1346,,S1,QA2,件,450,Kg,注1 行程200mm
CSS08165,阻尼器,DA7cs2 A功能,,,1916T4003,400x1346,,S1,QA2,件,450,Kg,注2 行程200mm 角位移7°
CSS08166,阻尼器,DA7cs3 A功能,,,1916T4003,400x1346,,S1,QA2,件,450,Kg,注3 角位移7°
CSS08167,阻尼器,DA6a B功能,,,1916T4003,260x941,,S1,QA2,件,145,Kg,尺寸为DxL
CSQ00100,弹簧横担,TR100a,Q235C,,1916T4003,300x400x18,,S1,QA3,件,4,Kg,"A,L,Фd分别指拉杆间距,弹簧横担的长,拉杆直径"
CSQ00101,弹簧横担,TR100b,Q235C,,1916T4003,400x500x18,,S1,QA3,件,5,Kg,"A,L,Фd分别指拉杆间距,弹簧横担的长,拉杆直径"
CSQ00102,弹簧横担,TR100c,Q235C,,1916T4003,500x600x14,,S1,QA3,件,6,Kg,"A,L,Фd分别指拉杆间距,弹簧横担的长,拉杆直径"
CSQ00103,弹簧横担,TR100d,Q235C,,1916T4003,600x700x14,,S1,QA3,件,7,Kg,"A,L,Фd分别指拉杆间距,弹簧横担的长,拉杆直径"
CSQ00104,弹簧横担,TR126a,Q235C,,1916T4003,300x400x22,,S1,QA3,件,4.9,Kg,"A,L,Фd分别指拉杆间距,弹簧横担的长,拉杆直径"
CSQ00105,弹簧横担,TR126b,Q235C,,1916T4003,400x500x18,,S1,QA3,件,6.2,Kg,"A,L,Фd分别指拉杆间距,弹簧横担的长,拉杆直径"
CSQ00106,弹簧横担,TR126c,Q235C,,1916T4003,500x600x18,,S1,QA3,件,7.4,Kg,"A,L,Фd分别指拉杆间距,弹簧横担的长,拉杆直径"
CSQ00107,弹簧横担,TR126d,Q235C,,1916T4003,600x700x14,,S1,QA3,件,8.6,Kg,"A,L,Фd分别指拉杆间距,弹簧横担的长,拉杆直径"
CSQ00108,弹簧横担,TR126e,Q235C,,1916T4003,750x850x14,,S1,QA3,件,10.5,Kg,"A,L,Фd分别指拉杆间距,弹簧横担的长,拉杆直径"
CSQ00109,弹簧横担,TR126f,Q235C,,1916T4003,1000x1100x14,,S1,QA3,件,13.6,Kg,"A,L,Фd分别指拉杆间距,弹簧横担的长,拉杆直径"
CSQ00110,弹簧横担,TR180a,Q235C,,1916T4003,300x400x26,,S1,QA3,件,9.2,Kg,"A,L,Фd分别指拉杆间距,弹簧横担的长,拉杆直径"
CSQ00111,弹簧横担,TR180b,Q235C,,1916T4003,400x500x26,,S1,QA3,件,11.5,Kg,"A,L,Фd分别指拉杆间距,弹簧横担的长,拉杆直径"
CSQ00112,弹簧横担,TR180c,Q235C,,1916T4003,500x600x22,,S1,QA3,件,13.8,Kg,"A,L,Фd分别指拉杆间距,弹簧横担的长,拉杆直径"
CSQ00113,弹簧横担,TR180d,Q235C,,1916T4003,600x700x22,,S1,QA3,件,16.1,Kg,"A,L,Фd分别指拉杆间距,弹簧横担的长,拉杆直径"
CSQ00114,弹簧横担,TR180e,Q235C,,1916T4003,750x850x18,,S1,QA3,件,19.5,Kg,"A,L,Фd分别指拉杆间距,弹簧横担的长,拉杆直径"
CSQ00115,弹簧横担,TR180f,Q235C,,1916T4003,1000x1100x18,,S1,QA3,件,25.3,Kg,"A,L,Фd分别指拉杆间距,弹簧横担的长,拉杆直径"
CSQ00116,弹簧横担,TR100a,Q235C,,1916T4003,300x400x18,,S2,QA3,件,4,Kg,"A,L,Фd分别指拉杆间距,弹簧横担的长,拉杆直径"
CSQ00117,弹簧横担,TR100b,Q235C,,1916T4003,400x500x18,,S2,QA3,件,5,Kg,"A,L,Фd分别指拉杆间距,弹簧横担的长,拉杆直径"
CSQ00118,弹簧横担,TR100c,Q235C,,1916T4003,500x600x14,,S2,QA3,件,6,Kg,"A,L,Фd分别指拉杆间距,弹簧横担的长,拉杆直径"
CSQ00119,弹簧横担,TR100d,Q235C,,1916T4003,600x700x14,,S2,QA3,件,7,Kg,"A,L,Фd分别指拉杆间距,弹簧横担的长,拉杆直径"
CSQ00120,弹簧横担,TR126a,Q235C,,1916T4003,300x400x22,,S2,QA3,件,4.9,Kg,"A,L,Фd分别指拉杆间距,弹簧横担的长,拉杆直径"
CSQ00121,弹簧横担,TR126b,Q235C,,1916T4003,400x500x18,,S2,QA3,件,6.2,Kg,"A,L,Фd分别指拉杆间距,弹簧横担的长,拉杆直径"
CSQ00122,弹簧横担,TR126c,Q235C,,1916T4003,500x600x18,,S2,QA3,件,7.4,Kg,"A,L,Фd分别指拉杆间距,弹簧横担的长,拉杆直径"
CSQ00123,弹簧横担,TR126d,Q235C,,1916T4003,600x700x14,,S2,QA3,件,8.6,Kg,"A,L,Фd分别指拉杆间距,弹簧横担的长,拉杆直径"
CSQ00124,弹簧横担,TR126e,Q235C,,1916T4003,750x850x14,,S2,QA3,件,10.5,Kg,"A,L,Фd分别指拉杆间距,弹簧横担的长,拉杆直径"
CSQ00125,弹簧横担,TR126f,Q235C,,1916T4003,1000x1100x14,,S2,QA3,件,13.6,Kg,"A,L,Фd分别指拉杆间距,弹簧横担的长,拉杆直径"
CSQ00126,弹簧横担,TR180a,Q235C,,1916T4003,300x400x26,,S2,QA3,件,9.2,Kg,"A,L,Фd分别指拉杆间距,弹簧横担的长,拉杆直径"
CSQ00127,弹簧横担,TR180b,Q235C,,1916T4003,400x500x26,,S2,QA3,件,11.5,Kg,"A,L,Фd分别指拉杆间距,弹簧横担的长,拉杆直径"
CSQ00128,弹簧横担,TR180c,Q235C,,1916T4003,500x600x22,,S2,QA3,件,13.8,Kg,"A,L,Фd分别指拉杆间距,弹簧横担的长,拉杆直径"
CSQ00129,弹簧横担,TR180d,Q235C,,1916T4003,600x700x22,,S2,QA3,件,16.1,Kg,"A,L,Фd分别指拉杆间距,弹簧横担的长,拉杆直径"
CSQ00130,弹簧横担,TR180e,Q235C,,1916T4003,750x850x18,,S2,QA3,件,19.5,Kg,"A,L,Фd分别指拉杆间距,弹簧横担的长,拉杆直径"
CSQ00131,弹簧横担,TR180f,Q235C,,1916T4003,1000x1100x18,,S2,QA3,件,25.3,Kg,"A,L,Фd分别指拉杆间距,弹簧横担的长,拉杆直径"
CSQ00132,弹簧横担,TR100a,Q235C,,1916T4003,300x400x18,,NA,QNC,件,4,Kg,"A,L,Фd分别指拉杆间距,弹簧横担的长,拉杆直径"
CSQ00133,弹簧横担,TR100b,Q235C,,1916T4003,400x500x18,,NA,QNC,件,5,Kg,"A,L,Фd分别指拉杆间距,弹簧横担的长,拉杆直径"
CSQ00134,弹簧横担,TR100c,Q235C,,1916T4003,500x600x14,,NA,QNC,件,6,Kg,"A,L,Фd分别指拉杆间距,弹簧横担的长,拉杆直径"
CSQ00135,弹簧横担,TR100d,Q235C,,1916T4003,600x700x14,,NA,QNC,件,7,Kg,"A,L,Фd分别指拉杆间距,弹簧横担的长,拉杆直径"
CSQ00136,弹簧横担,TR126a,Q235C,,1916T4003,300x400x22,,NA,QNC,件,4.9,Kg,"A,L,Фd分别指拉杆间距,弹簧横担的长,拉杆直径"
CSQ00137,弹簧横担,TR126b,Q235C,,1916T4003,400x500x18,,NA,QNC,件,6.2,Kg,"A,L,Фd分别指拉杆间距,弹簧横担的长,拉杆直径"
CSQ00138,弹簧横担,TR126c,Q235C,,1916T4003,500x600x18,,NA,QNC,件,7.4,Kg,"A,L,Фd分别指拉杆间距,弹簧横担的长,拉杆直径"
CSQ00139,弹簧横担,TR126d,Q235C,,1916T4003,600x700x14,,NA,QNC,件,8.6,Kg,"A,L,Фd分别指拉杆间距,弹簧横担的长,拉杆直径"
CSQ00140,弹簧横担,TR126e,Q235C,,1916T4003,750x850x14,,NA,QNC,件,10.5,Kg,"A,L,Фd分别指拉杆间距,弹簧横担的长,拉杆直径"
CSQ00141,弹簧横担,TR126f,Q235C,,1916T4003,1000x1100x14,,NA,QNC,件,13.6,Kg,"A,L,Фd分别指拉杆间距,弹簧横担的长,拉杆直径"
CSQ00142,弹簧横担,TR180a,Q235C,,1916T4003,300x400x26,,NA,QNC,件,9.2,Kg,"A,L,Фd分别指拉杆间距,弹簧横担的长,拉杆直径"
CSQ00143,弹簧横担,TR180b,Q235C,,1916T4003,400x500x26,,NA,QNC,件,11.5,Kg,"A,L,Фd分别指拉杆间距,弹簧横担的长,拉杆直径"
CSQ00144,弹簧横担,TR180c,Q235C,,1916T4003,500x600x22,,NA,QNC,件,13.8,Kg,"A,L,Фd分别指拉杆间距,弹簧横担的长,拉杆直径"
CSQ00145,弹簧横担,TR180d,Q235C,,1916T4003,600x700x22,,NA,QNC,件,16.1,Kg,"A,L,Фd分别指拉杆间距,弹簧横担的长,拉杆直径"
CSQ00146,弹簧横担,TR180e,Q235C,,1916T4003,750x850x18,,NA,QNC,件,19.5,Kg,"A,L,Фd分别指拉杆间距,弹簧横担的长,拉杆直径"
CSQ00147,弹簧横担,TR180f,Q235C,,1916T4003,1000x1100x18,,NA,QNC,件,25.3,Kg,"A,L,Фd分别指拉杆间距,弹簧横担的长,拉杆直径"
CSQ00148,梁,TU100,Q235C,,1916T4003,40x48x136,,S1,QA3,件,20,Kg,"E,F和G分别指梁的间隙，槽钢宽和梁的宽"
CSQ00149,梁,TU126,Q235C,,1916T4003,50x53x156,,S1,QA3,件,24.6,Kg,"E,F和G分别指梁的间隙，槽钢宽和梁的宽"
CSQ00150,梁,TU160,Q235C,,1916T4003,65x65x195,,S1,QA3,件,39.5,Kg,"E,F和G分别指梁的间隙，槽钢宽和梁的宽"
CSQ00151,梁,TU220,Q235C,,1916T4003,80x79x238,,S1,QA3,件,56.9,Kg,"E,F和G分别指梁的间隙，槽钢宽和梁的宽"
CSQ00152,梁,TU100,Q235C,,1916T4003,40x48x136,,S2,QA3,件,20,Kg,"E,F和G分别指梁的间隙，槽钢宽和梁的宽"
CSQ00153,梁,TU126,Q235C,,1916T4003,50x53x156,,S2,QA3,件,24.6,Kg,"E,F和G分别指梁的间隙，槽钢宽和梁的宽"
CSQ00154,梁,TU160,Q235C,,1916T4003,65x65x195,,S2,QA3,件,39.5,Kg,"E,F和G分别指梁的间隙，槽钢宽和梁的宽"
CSQ00155,梁,TU220,Q235C,,1916T4003,80x79x238,,S2,QA3,件,56.9,Kg,"E,F和G分别指梁的间隙，槽钢宽和梁的宽"
CSQ00156,梁,TU100,Q235C,,1916T4003,40x48x136,,NA,QNC,件,20,Kg,"E,F和G分别指梁的间隙，槽钢宽和梁的宽"
CSQ00157,梁,TU126,Q235C,,1916T4003,50x53x156,,NA,QNC,件,24.6,Kg,"E,F和G分别指梁的间隙，槽钢宽和梁的宽"
CSQ00158,梁,TU160,Q235C,,1916T4003,65x65x195,,NA,QNC,件,39.5,Kg,"E,F和G分别指梁的间隙，槽钢宽和梁的宽"
CSQ00159,梁,TU220,Q235C,,1916T4003,80x79x238,,NA,QNC,件,56.9,Kg,"E,F和G分别指梁的间隙，槽钢宽和梁的宽"
CSQ00160,梁,TV100,Q235C,,1916T4003,40x48x136,,S1,QA3,件,20,Kg,"E,F和G分别指梁的间隙，槽钢宽和梁的宽"
CSQ00161,梁,TV126,Q235C,,1916T4003,50x53x156,,S1,QA3,件,24.6,Kg,"E,F和G分别指梁的间隙，槽钢宽和梁的宽"
CSQ00162,梁,TV160,Q235C,,1916T4003,65x65x195,,S1,QA3,件,39.5,Kg,"E,F和G分别指梁的间隙，槽钢宽和梁的宽"
CSQ00163,梁,TV220,Q235C,,1916T4003,80x79x238,,S1,QA3,件,56.9,Kg,"E,F和G分别指梁的间隙，槽钢宽和梁的宽"
CSQ00164,梁,TV100,Q235C,,1916T4003,40x48x136,,S2,QA3,件,20,Kg,"E,F和G分别指梁的间隙，槽钢宽和梁的宽"
CSQ00165,梁,TV126,Q235C,,1916T4003,50x53x156,,S2,QA3,件,24.6,Kg,"E,F和G分别指梁的间隙，槽钢宽和梁的宽"
CSQ00166,梁,TV160,Q235C,,1916T4003,65x65x195,,S2,QA3,件,39.5,Kg,"E,F和G分别指梁的间隙，槽钢宽和梁的宽"
CSQ00167,梁,TV220,Q235C,,1916T4003,80x79x238,,S2,QA3,件,56.9,Kg,"E,F和G分别指梁的间隙，槽钢宽和梁的宽"
CSQ00168,梁,TV100,Q235C,,1916T4003,40x48x136,,NA,QNC,件,20,Kg,"E,F和G分别指梁的间隙，槽钢宽和梁的宽"
CSQ00169,梁,TV126,Q235C,,1916T4003,50x53x156,,NA,QNC,件,24.6,Kg,"E,F和G分别指梁的间隙，槽钢宽和梁的宽"
CSQ00170,梁,TV160,Q235C,,1916T4003,65x65x195,,NA,QNC,件,39.5,Kg,"E,F和G分别指梁的间隙，槽钢宽和梁的宽"
CSQ00171,梁,TV220,Q235C,,1916T4003,80x79x238,,NA,QNC,件,56.9,Kg,"E,F和G分别指梁的间隙，槽钢宽和梁的宽"
CSQ00172,底板,NE1,Q245R ,,1916T4003,365x200x16,,S1,QA3,件,,Kg,"A,B,E分别指底板的长,宽,厚度"
CSQ00173,底板,NE2,Q245R,,1916T4003,410x220x20,,S1,QA3,件,,Kg,"A,B,E分别指底板的长,宽,厚度"
CSQ00174,底板,NE3,Q245R,,1916T4003,480x250x25,,S1,QA3,件,,Kg,"A,B,E分别指底板的长,宽,厚度"
CSQ00175,底板,NE4,Q245R,,1916T4003,550x280x30,,S1,QA3,件,,Kg,"A,B,E分别指底板的长,宽,厚度"
CSQ00176,底板,NE1,Q245R ,,1916T4003,365x200x16,,S2,QA3,件,,Kg,"A,B,E分别指底板的长,宽,厚度"
CSQ00177,底板,NE2,Q245R,,1916T4003,410x220x20,,S2,QA3,件,,Kg,"A,B,E分别指底板的长,宽,厚度"
CSQ00178,底板,NE3,Q245R,,1916T4003,480x250x25,,S2,QA3,件,,Kg,"A,B,E分别指底板的长,宽,厚度"
CSQ00179,底板,NE4,Q245R,,1916T4003,550x280x30,,S2,QA3,件,,Kg,"A,B,E分别指底板的长,宽,厚度"
CSQ00180,底板,NE1,Q245R ,,1916T4003,365x200x16,,NA,QNC,件,,Kg,"A,B,E分别指底板的长,宽,厚度"
CSQ00181,底板,NE2,Q245R,,1916T4003,410x220x20,,NA,QNC,件,,Kg,"A,B,E分别指底板的长,宽,厚度"
CSQ00182,底板,NE3,Q245R,,1916T4003,480x250x25,,NA,QNC,件,,Kg,"A,B,E分别指底板的长,宽,厚度"
CSQ00183,底板,NE4,Q245R,,1916T4003,550x280x30,,NA,QNC,件,,Kg,"A,B,E分别指底板的长,宽,厚度"
CSQ00184,底板,NF1,Q245R,,1916T4003,365x365x16,,S1,QA3,件,,Kg,"A,E分别指底板的长,厚度"
CSQ00185,底板,NF2,Q245R,,1916T4003,410x410x20,,S1,QA3,件,,Kg,"A,E分别指底板的长,厚度"
CSQ00186,底板,NF3,Q245R,,1916T4003,480x480x25,,S1,QA3,件,,Kg,"A,E分别指底板的长,厚度"
CSQ00187,底板,NF4,Q245R,,1916T4003,550x550x30,,S1,QA3,件,,Kg,"A,E分别指底板的长,厚度"
CSQ00188,底板,NF1,Q245R,,1916T4003,365x365x16,,S2,QA3,件,16.7,Kg,"A,E分别指底板的长,厚度"
CSQ00189,底板,NF2,Q245R,,1916T4003,410x410x20,,S2,QA3,件,26.4,Kg,"A,E分别指底板的长,厚度"
CSQ00190,底板,NF3,Q245R,,1916T4003,480x480x25,,S2,QA3,件,45.3,Kg,"A,E分别指底板的长,厚度"
CSQ00191,底板,NF4,Q245R,,1916T4003,550x550x30,,S2,QA3,件,71.3,Kg,"A,E分别指底板的长,厚度"
CSQ00192,底板,NF1,Q245R,,1916T4003,365x365x16,,NA,QNC,件,16.7,Kg,"A,E分别指底板的长,厚度"
CSQ00193,底板,NF2,Q245R,,1916T4003,410x410x20,,NA,QNC,件,26.4,Kg,"A,E分别指底板的长,厚度"
CSQ00194,底板,NF3,Q245R,,1916T4003,480x480x25,,NA,QNC,件,45.3,Kg,"A,E分别指底板的长,厚度"
CSQ00195,底板,NF4,Q245R,,1916T4003,550x550x30,,NA,QNC,件,71.3,Kg,"A,E分别指底板的长,厚度"
CSQ00196,底板,NG1,Q245R,,1916T4003,315x120x16,,S1,QA3,件,4.5,Kg,"A,B,E分别指底板的长,宽,厚度"
CSQ00197,底板,NG2,Q245R,,1916T4003,365x120x16,,S1,QA3,件,5.2,Kg,"A,B,E分别指底板的长,宽,厚度"
CSQ00198,底板,NG1,Q245R,,1916T4003,315x120x16,,S2,QA3,件,4.5,Kg,"A,B,E分别指底板的长,宽,厚度"
CSQ00199,底板,NG2,Q245R,,1916T4003,365x120x16,,S2,QA3,件,5.2,Kg,"A,B,E分别指底板的长,宽,厚度"
CSQ00200,底板,NG1,Q245R,,1916T4003,315x120x16,,NA,QNC,件,4.5,Kg,"A,B,E分别指底板的长,宽,厚度"
CSQ00201,底板,NG2,Q245R,,1916T4003,365x120x16,,NA,QNC,件,5.2,Kg,"A,B,E分别指底板的长,宽,厚度"
CSQ00202,垫板,Ui1,06Cr19Ni10,,1916T4003,50x120,,S1,QA3,件,0.5,Kg,"A,B分别指垫板的高和长度。材料牌号为不锈钢材料"
CSQ00203,垫板,Ui2,06Cr19Ni10,,1916T4003,50x160,,S1,QA3,件,0.5,Kg,"A,B分别指垫板的高和长度。材料牌号为不锈钢材料"
CSQ00204,垫板,Ui3,06Cr19Ni10,,1916T4003,50x180,,S1,QA3,件,1,Kg,"A,B分别指垫板的高和长度。材料牌号为不锈钢材料"
CSQ00205,垫板,Ui4,06Cr19Ni10,,1916T4003,80x120,,S1,QA3,件,1,Kg,"A,B分别指垫板的高和长度。材料牌号为不锈钢材料"
CSQ00206,垫板,Ui5,06Cr19Ni10,,1916T4003,100x160,,S1,QA3,件,1.5,Kg,"A,B分别指垫板的高和长度。材料牌号为不锈钢材料"
CSQ00207,垫板,Ui6,06Cr19Ni10,,1916T4003,160x160,,S1,QA3,件,2,Kg,"A,B分别指垫板的高和长度。材料牌号为不锈钢材料"
CSQ00208,垫板,Ui7,06Cr19Ni10,,1916T4003,180x160,,S1,QA3,件,2.5,Kg,"A,B分别指垫板的高和长度。材料牌号为不锈钢材料"
CSQ00209,垫板,Ui8,06Cr19Ni10,,1916T4003,220x180,,S1,QA3,件,3,Kg,"A,B分别指垫板的高和长度。材料牌号为不锈钢材料"
CSQ00210,垫板,Ui9,06Cr19Ni10,,1916T4003,250x180,,S1,QA3,件,3.5,Kg,"A,B分别指垫板的高和长度。材料牌号为不锈钢材料"
CSQ00211,垫板,Ui1,06Cr19Ni10,,1916T4003,50x120,,S2,QA3,件,0.5,Kg,"A,B分别指垫板的高和长度。材料牌号为不锈钢材料"
CSQ00212,垫板,Ui2,06Cr19Ni10,,1916T4003,50x160,,S2,QA3,件,0.5,Kg,"A,B分别指垫板的高和长度。材料牌号为不锈钢材料"
CSQ00213,垫板,Ui3,06Cr19Ni10,,1916T4003,50x180,,S2,QA3,件,1,Kg,"A,B分别指垫板的高和长度。材料牌号为不锈钢材料"
CSQ00214,垫板,Ui4,06Cr19Ni10,,1916T4003,80x120,,S2,QA3,件,1,Kg,"A,B分别指垫板的高和长度。材料牌号为不锈钢材料"
CSQ00215,垫板,Ui5,06Cr19Ni10,,1916T4003,100x160,,S2,QA3,件,1.5,Kg,"A,B分别指垫板的高和长度。材料牌号为不锈钢材料"
CSQ00216,垫板,Ui6,06Cr19Ni10,,1916T4003,160x160,,S2,QA3,件,2,Kg,"A,B分别指垫板的高和长度。材料牌号为不锈钢材料"
CSQ00217,垫板,Ui7,06Cr19Ni10,,1916T4003,180x160,,S2,QA3,件,2.5,Kg,"A,B分别指垫板的高和长度。材料牌号为不锈钢材料"
CSQ00218,垫板,Ui8,06Cr19Ni10,,1916T4003,220x180,,S2,QA3,件,3,Kg,"A,B分别指垫板的高和长度。材料牌号为不锈钢材料"
CSQ00219,垫板,Ui9,06Cr19Ni10,,1916T4003,250x180,,S2,QA3,件,3.5,Kg,"A,B分别指垫板的高和长度。材料牌号为不锈钢材料"
CSQ00220,垫板,Ui1,06Cr19Ni10,,1916T4003,50x120,,NA,QNC,件,0.5,Kg,"A,B分别指垫板的高和长度。材料牌号为不锈钢材料"
CSQ00221,垫板,Ui2,06Cr19Ni10,,1916T4003,50x160,,NA,QNC,件,0.5,Kg,"A,B分别指垫板的高和长度。材料牌号为不锈钢材料"
CSQ00222,垫板,Ui3,06Cr19Ni10,,1916T4003,50x180,,NA,QNC,件,1,Kg,"A,B分别指垫板的高和长度。材料牌号为不锈钢材料"
CSQ00223,垫板,Ui4,06Cr19Ni10,,1916T4003,80x120,,NA,QNC,件,1,Kg,"A,B分别指垫板的高和长度。材料牌号为不锈钢材料"
CSQ00224,垫板,Ui5,06Cr19Ni10,,1916T4003,100x160,,NA,QNC,件,1.5,Kg,"A,B分别指垫板的高和长度。材料牌号为不锈钢材料"
CSQ00225,垫板,Ui6,06Cr19Ni10,,1916T4003,160x160,,NA,QNC,件,2,Kg,"A,B分别指垫板的高和长度。材料牌号为不锈钢材料"
CSQ00226,垫板,Ui7,06Cr19Ni10,,1916T4003,180x160,,NA,QNC,件,2.5,Kg,"A,B分别指垫板的高和长度。材料牌号为不锈钢材料"
CSQ00227,垫板,Ui8,06Cr19Ni10,,1916T4003,220x180,,NA,QNC,件,3,Kg,"A,B分别指垫板的高和长度。材料牌号为不锈钢材料"
CSQ00228,垫板,Ui9,06Cr19Ni10,,1916T4003,250x180,,NA,QNC,件,3.5,Kg,"A,B分别指垫板的高和长度。材料牌号为不锈钢材料"
CSQ00229,垫板,Uc1,Q245R,,1916T4003,50x120,,S1,QA3,件,0.5,Kg,"A,B分别指垫板的高和长度。材料牌号为不锈钢材料"
CSQ00230,垫板,Uc2,Q245R,,1916T4003,50x160,,S1,QA3,件,0.5,Kg,"A,B分别指垫板的高和长度。材料牌号为不锈钢材料"
CSQ00231,垫板,Uc3,Q245R,,1916T4003,50x180,,S1,QA3,件,1,Kg,"A,B分别指垫板的高和长度。材料牌号为不锈钢材料"
CSQ00232,垫板,Uc4,Q245R,,1916T4003,80x120,,S1,QA3,件,1,Kg,"A,B分别指垫板的高和长度。材料牌号为不锈钢材料"
CSQ00233,垫板,Uc5,Q245R,,1916T4003,100x160,,S1,QA3,件,1.5,Kg,"A,B分别指垫板的高和长度。材料牌号为不锈钢材料"
CSQ00234,垫板,Uc6,Q245R,,1916T4003,160x160,,S1,QA3,件,2,Kg,"A,B分别指垫板的高和长度。材料牌号为不锈钢材料"
CSQ00235,垫板,Uc7,Q245R,,1916T4003,180x160,,S1,QA3,件,2.5,Kg,"A,B分别指垫板的高和长度。材料牌号为不锈钢材料"
CSQ00236,垫板,Uc8,Q245R,,1916T4003,220x180,,S1,QA3,件,3,Kg,"A,B分别指垫板的高和长度。材料牌号为不锈钢材料"
CSQ00237,垫板,Uc9,Q245R,,1916T4003,250x180,,S1,QA3,件,3.5,Kg,"A,B分别指垫板的高和长度。材料牌号为不锈钢材料"
CSQ00238,垫板,Uc1,Q245R,,1916T4003,50x120,,S2,QA3,件,0.5,Kg,"A,B分别指垫板的高和长度。材料牌号为不锈钢材料"
CSQ00239,垫板,Uc2,Q245R,,1916T4003,50x160,,S2,QA3,件,0.5,Kg,"A,B分别指垫板的高和长度。材料牌号为不锈钢材料"
CSQ00240,垫板,Uc3,Q245R,,1916T4003,50x180,,S2,QA3,件,1,Kg,"A,B分别指垫板的高和长度。材料牌号为不锈钢材料"
CSQ00241,垫板,Uc4,Q245R,,1916T4003,80x120,,S2,QA3,件,1,Kg,"A,B分别指垫板的高和长度。材料牌号为不锈钢材料"
CSQ00242,垫板,Uc5,Q245R,,1916T4003,100x160,,S2,QA3,件,1.5,Kg,"A,B分别指垫板的高和长度。材料牌号为不锈钢材料"
CSQ00243,垫板,Uc6,Q245R,,1916T4003,160x160,,S2,QA3,件,2,Kg,"A,B分别指垫板的高和长度。材料牌号为不锈钢材料"
CSQ00244,垫板,Uc7,Q245R,,1916T4003,180x160,,S2,QA3,件,2.5,Kg,"A,B分别指垫板的高和长度。材料牌号为不锈钢材料"
CSQ00245,垫板,Uc8,Q245R,,1916T4003,220x180,,S2,QA3,件,3,Kg,"A,B分别指垫板的高和长度。材料牌号为不锈钢材料"
CSQ00246,垫板,Uc9,Q245R,,1916T4003,250x180,,S2,QA3,件,3.5,Kg,"A,B分别指垫板的高和长度。材料牌号为不锈钢材料"
CSQ00247,垫板,Uc1,Q245R,,1916T4003,50x120,,NA,QNC,件,0.5,Kg,"A,B分别指垫板的高和长度。材料牌号为不锈钢材料"
CSQ00248,垫板,Uc2,Q245R,,1916T4003,50x160,,NA,QNC,件,0.5,Kg,"A,B分别指垫板的高和长度。材料牌号为不锈钢材料"
CSQ00249,垫板,Uc3,Q245R,,1916T4003,50x180,,NA,QNC,件,1,Kg,"A,B分别指垫板的高和长度。材料牌号为不锈钢材料"
CSQ00250,垫板,Uc4,Q245R,,1916T4003,80x120,,NA,QNC,件,1,Kg,"A,B分别指垫板的高和长度。材料牌号为不锈钢材料"
CSQ00251,垫板,Uc5,Q245R,,1916T4003,100x160,,NA,QNC,件,1.5,Kg,"A,B分别指垫板的高和长度。材料牌号为不锈钢材料"
CSQ00252,垫板,Uc6,Q245R,,1916T4003,160x160,,NA,QNC,件,2,Kg,"A,B分别指垫板的高和长度。材料牌号为不锈钢材料"
CSQ00253,垫板,Uc7,Q245R,,1916T4003,180x160,,NA,QNC,件,2.5,Kg,"A,B分别指垫板的高和长度。材料牌号为不锈钢材料"
CSQ00254,垫板,Uc8,Q245R,,1916T4003,220x180,,NA,QNC,件,3,Kg,"A,B分别指垫板的高和长度。材料牌号为不锈钢材料"
CSQ00255,垫板,Uc9,Q245R,,1916T4003,250x180,,NA,QNC,件,3.5,Kg,"A,B分别指垫板的高和长度。材料牌号为不锈钢材料"
CSQ00256,挡块,"TD Ф2"" Sch40S 1型",022Cr17Ni12Mo2,CP04T3016,1916T4003,"1""x25",,S2,QA3,件,,Kg,尺寸单位为inxmm
CSQ00257,挡块,"TD Ф2"" Sch160 1型",022Cr17Ni12Mo2,CP04T3016,1916T4003,"1""x25",,S2,QA3,件,,Kg,尺寸单位为inxmm
CSQ00258,挡块,"TF Ф2"" Sch80S 1型",022Cr17Ni12Mo2,CP04T3016,1916T4003,"1""x25",,S2,QA3,件,,Kg,尺寸单位为inxmm
CSQ00259,挡块,"TF Ф2"" Sch10S 1型A",022Cr17Ni12Mo2,CP04T3016,1916T4003,"1""x25",,S2,QA3,件,,Kg,尺寸单位为inxmm
CSQ00260,挡块,"TF Ф2"" Sch10S 1型B",022Cr17Ni12Mo2,CP04T3016,1916T4003,"1""x25",,S2,QA3,件,,Kg,尺寸单位为inxmm
CSQ00261,挡块,"TD Ф2"" Sch40S 1型",022Cr17Ni12Mo2,CP04T3022,1916T4003,"1""x25",,NA,QNC,件,,Kg,尺寸单位为inxmm
CSQ00262,挡块,"TD Ф2"" Sch160 1型",022Cr17Ni12Mo2,CP04T3022,1916T4003,"1""x25",,NA,QNC,件,,Kg,尺寸单位为inxmm
CSQ00263,挡块,"TD Ф3"" Sch10S 1型",022Cr17Ni12Mo2,CP04T3022,1916T4003,"1""x25",,NA,QNC,件,,Kg,尺寸单位为inxmm
CSQ00264,挡块,"TD Ф3"" Sch40S 1型",022Cr17Ni12Mo2,CP04T3022,1916T4003,"1""x25",,NA,QNC,件,,Kg,尺寸单位为inxmm
CSQ00265,挡块,"TD Ф3"" Sch160 1型",022Cr17Ni12Mo2,CP04T3022,1916T4003,"1""x25",,NA,QNC,件,,Kg,尺寸单位为inxmm
CSQ00266,挡块,"TD Ф4"" Sch10S 1型",022Cr17Ni12Mo2,CP04T3022,1916T4003,"2""x25",,NA,QNC,件,,Kg,尺寸单位为inxmm
CSQ00267,挡块,"TD Ф4"" Sch40S 1型",022Cr17Ni12Mo2,CP04T3022,1916T4003,"2""x25",,NA,QNC,件,,Kg,尺寸单位为inxmm
CSQ00268,挡块,"TD Ф4"" Sch16 1型",022Cr17Ni12Mo2,CP04T3022,1916T4003,"2""x25",,NA,QNC,件,,Kg,尺寸单位为inxmm
CSQ00269,挡块,"TD Ф6"" Sch10S 1型",022Cr17Ni12Mo2,CP04T3022,1916T4003,"2""x25",,NA,QNC,件,,Kg,尺寸单位为inxmm
CSQ00270,挡块,"TD Ф6"" Sch40S 1型",022Cr17Ni12Mo2,CP04T3022,1916T4003,"2""x25",,NA,QNC,件,,Kg,尺寸单位为inxmm
CSQ00271,挡块,"TD Ф6"" Sch160 1型",022Cr17Ni12Mo2,CP04T3022,1916T4003,"2""x25",,NA,QNC,件,,Kg,尺寸单位为inxmm
CSQ00272,挡块,"TD Ф8"" Sch10S 1型",022Cr17Ni12Mo2,CP04T3022,1916T4003,"2""x25",,NA,QNC,件,,Kg,尺寸单位为inxmm
CSQ00273,挡块,"TD Ф8"" Sch40S 1型",022Cr17Ni12Mo2,CP04T3022,1916T4003,"2""x25",,NA,QNC,件,,Kg,尺寸单位为inxmm
CSQ00274,挡块,"TD Ф8"" Sch160 1型",022Cr17Ni12Mo2,CP04T3022,1916T4003,"2""x25",,NA,QNC,件,,Kg,尺寸单位为inxmm
CSQ00275,挡块,"TD Ф10"" Sch10S 1型",022Cr17Ni12Mo2,CP04T3022,1916T4003,"2""x25",,NA,QNC,件,,Kg,尺寸单位为inxmm
CSQ00276,挡块,"TD Ф10"" Sch80S 1型",022Cr17Ni12Mo2,CP04T3022,1916T4003,"4""x25",,NA,QNC,件,,Kg,尺寸单位为inxmm
CSQ00277,挡块,"TD Ф10"" Sch140 1型",022Cr17Ni12Mo2,CP04T3022,1916T4003,"4""x25",,NA,QNC,件,,Kg,尺寸单位为inxmm
CSQ00278,挡块,"TD Ф12"" Sch10S 1型",022Cr17Ni12Mo2,CP04T3022,1916T4003,"2""x25",,NA,QNC,件,,Kg,尺寸单位为inxmm
CSQ00279,挡块,"TD Ф12"" 12.7mm 1型",022Cr17Ni12Mo2,CP04T3022,1916T4003,"4""x25",,NA,QNC,件,,Kg,尺寸单位为inxmm
CSQ00280,挡块,"TD Ф12"" Sch140 1型",022Cr17Ni12Mo2,CP04T3022,1916T4003,"4""x25",,NA,QNC,件,,Kg,尺寸单位为inxmm
CSQ00281,挡块,"TD Ф14"" Sch10S 1型",022Cr17Ni12Mo2,CP04T3022,1916T4003,"4""x25",,NA,QNC,件,,Kg,尺寸单位为inxmm
CSQ00282,挡块,"TD Ф14"" Sch60 1型",022Cr17Ni12Mo2,CP04T3022,1916T4003,"4""x25",,NA,QNC,件,,Kg,尺寸单位为inxmm
CSQ00283,挡块,"TD Ф14"" Sch140 1型",022Cr17Ni12Mo2,CP04T3022,1916T4003,"4""x25",,NA,QNC,件,,Kg,尺寸单位为inxmm
CSQ00284,挡块,"TD Ф4"" Sch10S 2型",022Cr17Ni12Mo2,CP04T3022,1916T4003,"2""x50",,NA,QNC,件,,Kg,尺寸单位为inxmm
CSQ00285,挡块,"TD Ф4"" Sch40S 2型",022Cr17Ni12Mo2,CP04T3022,1916T4003,"2""x50",,NA,QNC,件,,Kg,尺寸单位为inxmm
CSQ00286,挡块,"TD Ф4"" Sch16 2型",022Cr17Ni12Mo2,CP04T3022,1916T4003,"2""x50",,NA,QNC,件,,Kg,尺寸单位为inxmm
CSQ00287,挡块,"TD Ф6"" Sch10S 2型",022Cr17Ni12Mo2,CP04T3022,1916T4003,"2""x50",,NA,QNC,件,,Kg,尺寸单位为inxmm
CSQ00288,挡块,"TD Ф6"" Sch40S 2型",022Cr17Ni12Mo2,CP04T3022,1916T4003,"2""x50",,NA,QNC,件,,Kg,尺寸单位为inxmm
CSQ00289,挡块,"TD Ф6"" Sch160 2型",022Cr17Ni12Mo2,CP04T3022,1916T4003,"2""x50",,NA,QNC,件,,Kg,尺寸单位为inxmm
CSQ00290,挡块,"TD Ф8"" Sch10S 2型",022Cr17Ni12Mo2,CP04T3022,1916T4003,"2""x50",,NA,QNC,件,,Kg,尺寸单位为inxmm
CSQ00291,挡块,"TD Ф8"" Sch40S 2型",022Cr17Ni12Mo2,CP04T3022,1916T4003,"2""x50",,NA,QNC,件,,Kg,尺寸单位为inxmm
CSQ00292,挡块,"TD Ф8"" Sch160 2型",022Cr17Ni12Mo2,CP04T3022,1916T4003,"2""x50",,NA,QNC,件,,Kg,尺寸单位为inxmm
CSQ00293,挡块,"TD Ф10"" Sch10S 2型",022Cr17Ni12Mo2,CP04T3022,1916T4003,"2""x50",,NA,QNC,件,,Kg,尺寸单位为inxmm
CSQ00294,挡块,"TD Ф10"" Sch80S 2型",022Cr17Ni12Mo2,CP04T3022,1916T4003,"4""x50",,NA,QNC,件,,Kg,尺寸单位为inxmm
CSQ00295,挡块,"TD Ф10"" Sch140 2型",022Cr17Ni12Mo2,CP04T3022,1916T4003,"4""x50",,NA,QNC,件,,Kg,尺寸单位为inxmm
CSQ00296,挡块,"TD Ф12"" Sch10S 2型",022Cr17Ni12Mo2,CP04T3022,1916T4003,"2""x50",,NA,QNC,件,,Kg,尺寸单位为inxmm
CSQ00297,挡块,"TD Ф12"" 12.7mm 2型",022Cr17Ni12Mo2,CP04T3022,1916T4003,"4""x50",,NA,QNC,件,,Kg,尺寸单位为inxmm
CSQ00298,挡块,"TD Ф12"" Sch140 2型",022Cr17Ni12Mo2,CP04T3022,1916T4003,"4""x50",,NA,QNC,件,,Kg,尺寸单位为inxmm
CSQ00299,挡块,"TD Ф14"" Sch10S 2型",022Cr17Ni12Mo2,CP04T3022,1916T4003,"4""x50",,NA,QNC,件,,Kg,尺寸单位为inxmm
CSQ00300,挡块,"TD Ф14"" Sch60 2型",022Cr17Ni12Mo2,CP04T3022,1916T4003,"4""x50",,NA,QNC,件,,Kg,尺寸单位为inxmm
CSQ00301,挡块,"TD Ф14"" Sch140 2型",022Cr17Ni12Mo2,CP04T3022,1916T4003,"4""x50",,NA,QNC,件,,Kg,尺寸单位为inxmm
CSQ00302,挡块,"TD Ф6"" Sch10S 3型",022Cr17Ni12Mo2,CP04T3022,1916T4003,"2""x75",,NA,QNC,件,,Kg,尺寸单位为inxmm
CSQ00303,挡块,"TD Ф6"" Sch40S 3型",022Cr17Ni12Mo2,CP04T3022,1916T4003,"2""x75",,NA,QNC,件,,Kg,尺寸单位为inxmm
CSQ00304,挡块,"TD Ф6"" Sch160 3型",022Cr17Ni12Mo2,CP04T3022,1916T4003,"2""x75",,NA,QNC,件,,Kg,尺寸单位为inxmm
CSQ00305,挡块,"TD Ф8"" Sch10S 3型",022Cr17Ni12Mo2,CP04T3022,1916T4003,"2""x75",,NA,QNC,件,,Kg,尺寸单位为inxmm
CSQ00306,挡块,"TD Ф8"" Sch40S 3型",022Cr17Ni12Mo2,CP04T3022,1916T4003,"2""x75",,NA,QNC,件,,Kg,尺寸单位为inxmm
CSQ00307,挡块,"TD Ф8"" Sch160 3型",022Cr17Ni12Mo2,CP04T3022,1916T4003,"2""x75",,NA,QNC,件,,Kg,尺寸单位为inxmm
CSQ00308,挡块,"TD Ф10"" Sch10S 3型",022Cr17Ni12Mo2,CP04T3022,1916T4003,"2""x75",,NA,QNC,件,,Kg,尺寸单位为inxmm
CSQ00309,挡块,"TD Ф10"" Sch80S 3型",022Cr17Ni12Mo2,CP04T3022,1916T4003,"4""x75",,NA,QNC,件,,Kg,尺寸单位为inxmm
CSQ00310,挡块,"TD Ф10"" Sch140 3型",022Cr17Ni12Mo2,CP04T3022,1916T4003,"4""x75",,NA,QNC,件,,Kg,尺寸单位为inxmm
CSQ00311,挡块,"TD Ф12"" Sch10S 3型",022Cr17Ni12Mo2,CP04T3022,1916T4003,"2""x75",,NA,QNC,件,,Kg,尺寸单位为inxmm
CSQ00312,挡块,"TD Ф12"" 12.7mm 3型",022Cr17Ni12Mo2,CP04T3022,1916T4003,"4""x75",,NA,QNC,件,,Kg,尺寸单位为inxmm
CSQ00313,挡块,"TD Ф12"" Sch140 3型",022Cr17Ni12Mo2,CP04T3022,1916T4003,"4""x75",,NA,QNC,件,,Kg,尺寸单位为inxmm
CSQ00314,挡块,"TD Ф14"" Sch10S 3型",022Cr17Ni12Mo2,CP04T3022,1916T4003,"4""x75",,NA,QNC,件,,Kg,尺寸单位为inxmm
CSQ00315,挡块,"TD Ф14"" Sch60 3型",022Cr17Ni12Mo2,CP04T3022,1916T4003,"4""x75",,NA,QNC,件,,Kg,尺寸单位为inxmm
CSQ00316,挡块,"TD Ф14"" Sch140 3型",022Cr17Ni12Mo2,CP04T3022,1916T4003,"4""x75",,NA,QNC,件,,Kg,尺寸单位为inxmm
CSQ00317,挡块,"TD Ф2"" Sch40S 1型",022Cr19Ni10,CP04T3016,1916T4003,"1""x25",,S1,QA3,件,,Kg,尺寸单位为inxmm
CSQ00318,挡块,"TD Ф2"" Sch160 1型",022Cr19Ni10,CP04T3016,1916T4003,"1""x25",,S1,QA3,件,,Kg,尺寸单位为inxmm
CSQ00319,挡块,"TD Ф3"" Sch10S 1型",022Cr19Ni10,CP04T3016,1916T4003,"1""x25",,S1,QA3,件,,Kg,尺寸单位为inxmm
CSQ00320,挡块,"TD Ф3"" Sch40S 1型",022Cr19Ni10,CP04T3016,1916T4003,"1""x25",,S1,QA3,件,,Kg,尺寸单位为inxmm
CSQ00321,挡块,"TD Ф3"" Sch160 1型",022Cr19Ni10,CP04T3016,1916T4003,"1""x25",,S1,QA3,件,,Kg,尺寸单位为inxmm
CSQ00322,挡块,"TD Ф4"" Sch10S 1型",022Cr19Ni10,CP04T3016,1916T4003,"2""x25",,S1,QA3,件,,Kg,尺寸单位为inxmm
CSQ00323,挡块,"TD Ф4"" Sch40S 1型",022Cr19Ni10,CP04T3016,1916T4003,"2""x25",,S1,QA3,件,,Kg,尺寸单位为inxmm
CSQ00324,挡块,"TD Ф4"" Sch16 1型",022Cr19Ni10,CP04T3016,1916T4003,"2""x25",,S1,QA3,件,,Kg,尺寸单位为inxmm
CSQ00325,挡块,"TD Ф6"" Sch10S 1型",022Cr19Ni10,CP04T3016,1916T4003,"2""x25",,S1,QA3,件,,Kg,尺寸单位为inxmm
CSQ00326,挡块,"TD Ф6"" Sch40S 1型",022Cr19Ni10,CP04T3016,1916T4003,"2""x25",,S1,QA3,件,,Kg,尺寸单位为inxmm
CSQ00327,挡块,"TD Ф6"" Sch160 1型",022Cr19Ni10,CP04T3016,1916T4003,"2""x25",,S1,QA3,件,,Kg,尺寸单位为inxmm
CSQ00328,挡块,"TD Ф8"" Sch10S 1型",022Cr19Ni10,CP04T3016,1916T4003,"2""x25",,S1,QA3,件,,Kg,尺寸单位为inxmm
CSQ00329,挡块,"TD Ф8"" Sch40S 1型",022Cr19Ni10,CP04T3016,1916T4003,"2""x25",,S1,QA3,件,,Kg,尺寸单位为inxmm
CSQ00330,挡块,"TD Ф8"" Sch160 1型",022Cr19Ni10,CP04T3016,1916T4003,"2""x25",,S1,QA3,件,,Kg,尺寸单位为inxmm
CSQ00331,挡块,"TD Ф4"" Sch10S 2型",022Cr19Ni10,CP04T3016,1916T4003,"2""x50",,S1,QA3,件,,Kg,尺寸单位为inxmm
CSQ00332,挡块,"TD Ф4"" Sch40S 2型",022Cr19Ni10,CP04T3016,1916T4003,"2""x50",,S1,QA3,件,,Kg,尺寸单位为inxmm
CSQ00333,挡块,"TD Ф4"" Sch16 2型",022Cr19Ni10,CP04T3016,1916T4003,"2""x50",,S1,QA3,件,,Kg,尺寸单位为inxmm
CSQ00334,挡块,"TD Ф6"" Sch10S 2型",022Cr19Ni10,CP04T3016,1916T4003,"2""x50",,S1,QA3,件,,Kg,尺寸单位为inxmm
CSQ00335,挡块,"TD Ф6"" Sch40S 2型",022Cr19Ni10,CP04T3016,1916T4003,"2""x50",,S1,QA3,件,,Kg,尺寸单位为inxmm
CSQ00336,挡块,"TD Ф6"" Sch160 2型",022Cr19Ni10,CP04T3016,1916T4003,"2""x50",,S1,QA3,件,,Kg,尺寸单位为inxmm
CSQ00337,挡块,"TD Ф8"" Sch10S 2型",022Cr19Ni10,CP04T3016,1916T4003,"2""x50",,S1,QA3,件,,Kg,尺寸单位为inxmm
CSQ00338,挡块,"TD Ф8"" Sch40S 2型",022Cr19Ni10,CP04T3016,1916T4003,"2""x50",,S1,QA3,件,,Kg,尺寸单位为inxmm
CSQ00339,挡块,"TD Ф8"" Sch160 2型",022Cr19Ni10,CP04T3016,1916T4003,"2""x50",,S1,QA3,件,,Kg,尺寸单位为inxmm
CSQ00340,挡块,"TD Ф6"" Sch10S 3型",022Cr19Ni10,CP04T3016,1916T4003,"2""x75",,S1,QA3,件,,Kg,尺寸单位为inxmm
CSQ00341,挡块,"TD Ф6"" Sch40S 3型",022Cr19Ni10,CP04T3016,1916T4003,"2""x75",,S1,QA3,件,,Kg,尺寸单位为inxmm
CSQ00342,挡块,"TD Ф6"" Sch160 3型",022Cr19Ni10,CP04T3016,1916T4003,"2""x75",,S1,QA3,件,,Kg,尺寸单位为inxmm
CSQ00343,挡块,"TD Ф8"" Sch10S 3型",022Cr19Ni10,CP04T3016,1916T4003,"2""x75",,S1,QA3,件,,Kg,尺寸单位为inxmm
CSQ00344,挡块,"TD Ф8"" Sch40S 3型",022Cr19Ni10,CP04T3016,1916T4003,"2""x75",,S1,QA3,件,,Kg,尺寸单位为inxmm
CSQ00345,挡块,"TD Ф8"" Sch160 3型",022Cr19Ni10,CP04T3016,1916T4003,"2""x75",,S1,QA3,件,,Kg,尺寸单位为inxmm
CSQ00346,挡块,"TD Ф2"" Sch40S 1型",022Cr19Ni10,CP04T3016,1916T4003,"1""x25",,S2,QA3,件,,Kg,尺寸单位为inxmm
CSQ00347,挡块,"TD Ф2"" Sch160 1型",022Cr19Ni10,CP04T3016,1916T4003,"1""x25",,S2,QA3,件,,Kg,尺寸单位为inxmm
CSQ00348,挡块,"TD Ф3"" Sch10S 1型",022Cr19Ni10,CP04T3016,1916T4003,"1""x25",,S2,QA3,件,,Kg,尺寸单位为inxmm
CSQ00349,挡块,"TD Ф3"" Sch40S 1型",022Cr19Ni10,CP04T3016,1916T4003,"1""x25",,S2,QA3,件,,Kg,尺寸单位为inxmm
CSQ00350,挡块,"TD Ф3"" Sch160 1型",022Cr19Ni10,CP04T3016,1916T4003,"1""x25",,S2,QA3,件,,Kg,尺寸单位为inxmm
CSQ00351,挡块,"TD Ф4"" Sch10S 1型",022Cr19Ni10,CP04T3016,1916T4003,"2""x25",,S2,QA3,件,,Kg,尺寸单位为inxmm
CSQ00352,挡块,"TD Ф4"" Sch40S 1型",022Cr19Ni10,CP04T3016,1916T4003,"2""x25",,S2,QA3,件,,Kg,尺寸单位为inxmm
CSQ00353,挡块,"TD Ф4"" Sch16 1型",022Cr19Ni10,CP04T3016,1916T4003,"2""x25",,S2,QA3,件,,Kg,尺寸单位为inxmm
CSQ00354,挡块,"TD Ф6"" Sch10S 1型",022Cr19Ni10,CP04T3016,1916T4003,"2""x25",,S2,QA3,件,,Kg,尺寸单位为inxmm
CSQ00355,挡块,"TD Ф6"" Sch40S 1型",022Cr19Ni10,CP04T3016,1916T4003,"2""x25",,S2,QA3,件,,Kg,尺寸单位为inxmm
CSQ00356,挡块,"TD Ф6"" Sch160 1型",022Cr19Ni10,CP04T3016,1916T4003,"2""x25",,S2,QA3,件,,Kg,尺寸单位为inxmm
CSQ00357,挡块,"TD Ф8"" Sch10S 1型",022Cr19Ni10,CP04T3016,1916T4003,"2""x25",,S2,QA3,件,,Kg,尺寸单位为inxmm
CSQ00358,挡块,"TD Ф8"" Sch40S 1型",022Cr19Ni10,CP04T3016,1916T4003,"2""x25",,S2,QA3,件,,Kg,尺寸单位为inxmm
CSQ00359,挡块,"TD Ф8"" Sch160 1型",022Cr19Ni10,CP04T3016,1916T4003,"2""x25",,S2,QA3,件,,Kg,尺寸单位为inxmm
CSQ00360,挡块,"TD Ф10"" Sch10S 1型",022Cr19Ni10,CP04T3016,1916T4003,"2""x25",,S2,QA3,件,,Kg,尺寸单位为inxmm
CSQ00361,挡块,"TD Ф10"" Sch80S 1型",022Cr19Ni10,CP04T3016,1916T4003,"4""x25",,S2,QA3,件,,Kg,尺寸单位为inxmm
CSQ00362,挡块,"TD Ф10"" Sch140 1型",022Cr19Ni10,CP04T3016,1916T4003,"4""x25",,S2,QA3,件,,Kg,尺寸单位为inxmm
CSQ00363,挡块,"TD Ф12"" Sch10S 1型",022Cr19Ni10,CP04T3016,1916T4003,"2""x25",,S2,QA3,件,,Kg,尺寸单位为inxmm
CSQ00364,挡块,"TD Ф12"" 12.7mm 1型",022Cr19Ni10,CP04T3016,1916T4003,"4""x25",,S2,QA3,件,,Kg,尺寸单位为inxmm
CSQ00365,挡块,"TD Ф12"" Sch140 1型",022Cr19Ni10,CP04T3016,1916T4003,"4""x25",,S2,QA3,件,,Kg,尺寸单位为inxmm
CSQ00366,挡块,"TD Ф14"" Sch10S 1型",022Cr19Ni10,CP04T3016,1916T4003,"4""x25",,S2,QA3,件,,Kg,尺寸单位为inxmm
CSQ00367,挡块,"TD Ф14"" Sch60 1型",022Cr19Ni10,CP04T3016,1916T4003,"4""x25",,S2,QA3,件,,Kg,尺寸单位为inxmm
CSQ00368,挡块,"TD Ф14"" Sch140 1型",022Cr19Ni10,CP04T3016,1916T4003,"4""x25",,S2,QA3,件,,Kg,尺寸单位为inxmm
CSQ00369,挡块,"TD Ф4"" Sch10S 2型",022Cr19Ni10,CP04T3016,1916T4003,"2""x50",,S2,QA3,件,,Kg,尺寸单位为inxmm
CSQ00370,挡块,"TD Ф4"" Sch40S 2型",022Cr19Ni10,CP04T3016,1916T4003,"2""x50",,S2,QA3,件,,Kg,尺寸单位为inxmm
CSQ00371,挡块,"TD Ф4"" Sch16 2型",022Cr19Ni10,CP04T3016,1916T4003,"2""x50",,S2,QA3,件,,Kg,尺寸单位为inxmm
CSQ00372,挡块,"TD Ф6"" Sch10S 2型",022Cr19Ni10,CP04T3016,1916T4003,"2""x50",,S2,QA3,件,,Kg,尺寸单位为inxmm
CSQ00373,挡块,"TD Ф6"" Sch40S 2型",022Cr19Ni10,CP04T3016,1916T4003,"2""x50",,S2,QA3,件,,Kg,尺寸单位为inxmm
CSQ00374,挡块,"TD Ф6"" Sch160 2型",022Cr19Ni10,CP04T3016,1916T4003,"2""x50",,S2,QA3,件,,Kg,尺寸单位为inxmm
CSQ00375,挡块,"TD Ф8"" Sch10S 2型",022Cr19Ni10,CP04T3016,1916T4003,"2""x50",,S2,QA3,件,,Kg,尺寸单位为inxmm
CSQ00376,挡块,"TD Ф8"" Sch40S 2型",022Cr19Ni10,CP04T3016,1916T4003,"2""x50",,S2,QA3,件,,Kg,尺寸单位为inxmm
CSQ00377,挡块,"TD Ф8"" Sch160 2型",022Cr19Ni10,CP04T3016,1916T4003,"2""x50",,S2,QA3,件,,Kg,尺寸单位为inxmm
CSQ00378,挡块,"TD Ф10"" Sch10S 2型",022Cr19Ni10,CP04T3016,1916T4003,"2""x50",,S2,QA3,件,,Kg,尺寸单位为inxmm
CSQ00379,挡块,"TD Ф10"" Sch80S 2型",022Cr19Ni10,CP04T3016,1916T4003,"4""x50",,S2,QA3,件,,Kg,尺寸单位为inxmm
CSQ00380,挡块,"TD Ф10"" Sch140 2型",022Cr19Ni10,CP04T3016,1916T4003,"4""x50",,S2,QA3,件,,Kg,尺寸单位为inxmm
CSQ00381,挡块,"TD Ф12"" Sch10S 2型",022Cr19Ni10,CP04T3016,1916T4003,"2""x50",,S2,QA3,件,,Kg,尺寸单位为inxmm
CSQ00382,挡块,"TD Ф12"" 12.7mm 2型",022Cr19Ni10,CP04T3016,1916T4003,"4""x50",,S2,QA3,件,,Kg,尺寸单位为inxmm
CSQ00383,挡块,"TD Ф12"" Sch140 2型",022Cr19Ni10,CP04T3016,1916T4003,"4""x50",,S2,QA3,件,,Kg,尺寸单位为inxmm
CSQ00384,挡块,"TD Ф14"" Sch10S 2型",022Cr19Ni10,CP04T3016,1916T4003,"4""x50",,S2,QA3,件,,Kg,尺寸单位为inxmm
CSQ00385,挡块,"TD Ф14"" Sch60 2型",022Cr19Ni10,CP04T3016,1916T4003,"4""x50",,S2,QA3,件,,Kg,尺寸单位为inxmm
CSQ00386,挡块,"TD Ф14"" Sch140 2型",022Cr19Ni10,CP04T3016,1916T4003,"4""x50",,S2,QA3,件,,Kg,尺寸单位为inxmm
CSQ00387,挡块,"TD Ф6"" Sch10S 3型",022Cr19Ni10,CP04T3016,1916T4003,"2""x75",,S2,QA3,件,,Kg,尺寸单位为inxmm
CSQ00388,挡块,"TD Ф6"" Sch40S 3型",022Cr19Ni10,CP04T3016,1916T4003,"2""x75",,S2,QA3,件,,Kg,尺寸单位为inxmm
CSQ00389,挡块,"TD Ф6"" Sch160 3型",022Cr19Ni10,CP04T3016,1916T4003,"2""x75",,S2,QA3,件,,Kg,尺寸单位为inxmm
CSQ00390,挡块,"TD Ф8"" Sch10S 3型",022Cr19Ni10,CP04T3016,1916T4003,"2""x75",,S2,QA3,件,,Kg,尺寸单位为inxmm
CSQ00391,挡块,"TD Ф8"" Sch40S 3型",022Cr19Ni10,CP04T3016,1916T4003,"2""x75",,S2,QA3,件,,Kg,尺寸单位为inxmm
CSQ00392,挡块,"TD Ф8"" Sch160 3型",022Cr19Ni10,CP04T3016,1916T4003,"2""x75",,S2,QA3,件,,Kg,尺寸单位为inxmm
CSQ00393,挡块,"TD Ф10"" Sch10S 3型",022Cr19Ni10,CP04T3016,1916T4003,"2""x75",,S2,QA3,件,,Kg,尺寸单位为inxmm
CSQ00394,挡块,"TD Ф10"" Sch80S 3型",022Cr19Ni10,CP04T3016,1916T4003,"4""x75",,S2,QA3,件,,Kg,尺寸单位为inxmm
CSQ00395,挡块,"TD Ф10"" Sch140 3型",022Cr19Ni10,CP04T3016,1916T4003,"4""x75",,S2,QA3,件,,Kg,尺寸单位为inxmm
CSQ00396,挡块,"TD Ф12"" Sch10S 3型",022Cr19Ni10,CP04T3016,1916T4003,"2""x75",,S2,QA3,件,,Kg,尺寸单位为inxmm
CSQ00397,挡块,"TD Ф12"" 12.7mm 3型",022Cr19Ni10,CP04T3016,1916T4003,"4""x75",,S2,QA3,件,,Kg,尺寸单位为inxmm
CSQ00398,挡块,"TD Ф12"" Sch140 3型",022Cr19Ni10,CP04T3016,1916T4003,"4""x75",,S2,QA3,件,,Kg,尺寸单位为inxmm
CSQ00399,挡块,"TD Ф14"" Sch10S 3型",022Cr19Ni10,CP04T3016,1916T4003,"4""x75",,S2,QA3,件,,Kg,尺寸单位为inxmm
CSQ00400,挡块,"TD Ф14"" Sch60 3型",022Cr19Ni10,CP04T3016,1916T4003,"4""x75",,S2,QA3,件,,Kg,尺寸单位为inxmm
CSQ00401,挡块,"TD Ф14"" Sch140 3型",022Cr19Ni10,CP04T3016,1916T4003,"4""x75",,S2,QA3,件,,Kg,尺寸单位为inxmm
CSQ00402,挡块,"TF Ф2"" Sch80S 1型",022Cr19Ni10,CP04T3016,1916T4003,"1""x25",,S2,QA3,件,,Kg,尺寸单位为inxmm
CSQ00403,挡块,"TF Ф2"" Sch10S 1型A",022Cr19Ni10,CP04T3016,1916T4003,"1""x25",,S2,QA3,件,,Kg,尺寸单位为inxmm
CSQ00404,挡块,"TF Ф2"" Sch10S 1型B",022Cr19Ni10,CP04T3016,1916T4003,"1""x25",,S2,QA3,件,,Kg,尺寸单位为inxmm
CSQ00405,挡块,"TF Ф2 1/2"" Sch10S 1型A",022Cr19Ni10,CP04T3016,1916T4003,"1""x25",,S2,QA3,件,,Kg,尺寸单位为inxmm
CSQ00406,挡块,"TF Ф2 1/2"" Sch10S 1型B",022Cr19Ni10,CP04T3016,1916T4003,"1""x25",,S2,QA3,件,,Kg,尺寸单位为inxmm
CSQ00407,挡块,"TF Ф3"" Sch10S 1型A",022Cr19Ni10,CP04T3016,1916T4003,"1""x25",,S2,QA3,件,,Kg,尺寸单位为inxmm
CSQ00408,挡块,"TF Ф3"" Sch10S 1型B",022Cr19Ni10,CP04T3016,1916T4003,"1""x25",,S2,QA3,件,,Kg,尺寸单位为inxmm
CSQ00409,挡块,"TF Ф4"" Sch10S 1型",022Cr19Ni10,CP04T3016,1916T4003,"2""x25",,S2,QA3,件,,Kg,尺寸单位为inxmm
CSQ00410,挡块,"TF Ф6"" Sch10S 1型",022Cr19Ni10,CP04T3016,1916T4003,"2""x25",,S2,QA3,件,,Kg,尺寸单位为inxmm
CSQ00411,挡块,"TF Ф10"" Sch10S 1型A",022Cr19Ni10,CP04T3016,1916T4003,"2""x25",,S2,QA3,件,,Kg,尺寸单位为inxmm
CSQ00412,挡块,"TF Ф10"" Sch10S 1型B",022Cr19Ni10,CP04T3016,1916T4003,"4""x25",,S2,QA3,件,,Kg,尺寸单位为inxmm
CSQ00413,挡块,"TF Ф12"" Sch10S 1型A",022Cr19Ni10,CP04T3016,1916T4003,"2""x25",,S2,QA3,件,,Kg,尺寸单位为inxmm
CSQ00414,挡块,"TF Ф12"" Sch10S 1型B",022Cr19Ni10,CP04T3016,1916T4003,"4""x25",,S2,QA3,件,,Kg,尺寸单位为inxmm
CSQ00415,挡块,"TF Ф14"" Sch10S 1型",022Cr19Ni10,CP04T3016,1916T4003,"4""x25",,S2,QA3,件,,Kg,尺寸单位为inxmm
CSQ00416,挡块,"TF Ф16"" Sch10S 1型",022Cr19Ni10,CP04T3016,1916T4003,"4""x25",,S2,QA3,件,,Kg,尺寸单位为inxmm
CSQ00417,挡块,"TF Ф4"" Sch10S 2型",022Cr19Ni10,CP04T3016,1916T4003,"2""x50",,S2,QA3,件,,Kg,尺寸单位为inxmm
CSQ00418,挡块,"TF Ф6"" Sch10S 2型",022Cr19Ni10,CP04T3016,1916T4003,"2""x50",,S2,QA3,件,,Kg,尺寸单位为inxmm
CSQ00419,挡块,"TF Ф10"" Sch10S 2型A",022Cr19Ni10,CP04T3016,1916T4003,"2""x50",,S2,QA3,件,,Kg,尺寸单位为inxmm
CSQ00420,挡块,"TF Ф10"" Sch10S 2型B",022Cr19Ni10,CP04T3016,1916T4003,"4""x50",,S2,QA3,件,,Kg,尺寸单位为inxmm
CSQ00421,挡块,"TF Ф12"" Sch10S 2型A",022Cr19Ni10,CP04T3016,1916T4003,"2""x50",,S2,QA3,件,,Kg,尺寸单位为inxmm
CSQ00422,挡块,"TF Ф12"" Sch10S 2型B",022Cr19Ni10,CP04T3016,1916T4003,"4""x50",,S2,QA3,件,,Kg,尺寸单位为inxmm
CSQ00423,挡块,"TF Ф14"" Sch10S 2型",022Cr19Ni10,CP04T3016,1916T4003,"4""x50",,S2,QA3,件,,Kg,尺寸单位为inxmm
CSQ00424,挡块,"TF Ф16"" Sch10S 2型",022Cr19Ni10,CP04T3016,1916T4003,"4""x50",,S2,QA3,件,,Kg,尺寸单位为inxmm
CSQ00425,挡块,"TF Ф6"" Sch10S 3型",022Cr19Ni10,CP04T3016,1916T4003,"2""x75",,S2,QA3,件,,Kg,尺寸单位为inxmm
CSQ00426,挡块,"TF Ф10"" Sch10S 3型A",022Cr19Ni10,CP04T3016,1916T4003,"2""x75",,S2,QA3,件,,Kg,尺寸单位为inxmm
CSQ00427,挡块,"TF Ф10"" Sch10S 3型B",022Cr19Ni10,CP04T3016,1916T4003,"4""x75",,S2,QA3,件,,Kg,尺寸单位为inxmm
CSQ00428,挡块,"TF Ф12"" Sch10S 3型A",022Cr19Ni10,CP04T3016,1916T4003,"2""x75",,S2,QA3,件,,Kg,尺寸单位为inxmm
CSQ00429,挡块,"TF Ф12"" Sch10S 3型B",022Cr19Ni10,CP04T3016,1916T4003,"4""x75",,S2,QA3,件,,Kg,尺寸单位为inxmm
CSQ00430,挡块,"TF Ф14"" Sch10S 3型",022Cr19Ni10,CP04T3016,1916T4003,"4""x75",,S2,QA3,件,,Kg,尺寸单位为inxmm
CSQ00431,挡块,"TF Ф16"" Sch10S 3型",022Cr19Ni10,CP04T3016,1916T4003,"4""x75",,S2,QA3,件,,Kg,尺寸单位为inxmm
CSQ00432,挡块,"TF Ф16"" Sch10S 4型",022Cr19Ni10,CP04T3016,1916T4003,"4""x150",,S2,QA3,件,,Kg,尺寸单位为inxmm
CSQ00433,挡块,"TD Ф2"" Sch40S 1型",022Cr19Ni10,CP04T3022,1916T4003,"1""x25",,NA,QNC,件,,Kg,尺寸单位为inxmm
CSQ00434,挡块,"TD Ф2"" Sch160 1型",022Cr19Ni10,CP04T3022,1916T4003,"1""x25",,NA,QNC,件,,Kg,尺寸单位为inxmm
CSQ00435,挡块,"TD Ф3"" Sch10S 1型",022Cr19Ni10,CP04T3022,1916T4003,"1""x25",,NA,QNC,件,,Kg,尺寸单位为inxmm
CSQ00436,挡块,"TD Ф3"" Sch40S 1型",022Cr19Ni10,CP04T3022,1916T4003,"1""x25",,NA,QNC,件,,Kg,尺寸单位为inxmm
CSQ00437,挡块,"TD Ф3"" Sch160 1型",022Cr19Ni10,CP04T3022,1916T4003,"1""x25",,NA,QNC,件,,Kg,尺寸单位为inxmm
CSQ00438,挡块,"TD Ф4"" Sch10S 1型",022Cr19Ni10,CP04T3022,1916T4003,"2""x25",,NA,QNC,件,,Kg,尺寸单位为inxmm
CSQ00439,挡块,"TD Ф4"" Sch40S 1型",022Cr19Ni10,CP04T3022,1916T4003,"2""x25",,NA,QNC,件,,Kg,尺寸单位为inxmm
CSQ00440,挡块,"TD Ф4"" Sch16 1型",022Cr19Ni10,CP04T3022,1916T4003,"2""x25",,NA,QNC,件,,Kg,尺寸单位为inxmm
CSQ00441,挡块,"TD Ф6"" Sch10S 1型",022Cr19Ni10,CP04T3022,1916T4003,"2""x25",,NA,QNC,件,,Kg,尺寸单位为inxmm
CSQ00442,挡块,"TD Ф6"" Sch40S 1型",022Cr19Ni10,CP04T3022,1916T4003,"2""x25",,NA,QNC,件,,Kg,尺寸单位为inxmm
CSQ00443,挡块,"TD Ф6"" Sch160 1型",022Cr19Ni10,CP04T3022,1916T4003,"2""x25",,NA,QNC,件,,Kg,尺寸单位为inxmm
CSQ00444,挡块,"TD Ф8"" Sch10S 1型",022Cr19Ni10,CP04T3022,1916T4003,"2""x25",,NA,QNC,件,,Kg,尺寸单位为inxmm
CSQ00445,挡块,"TD Ф8"" Sch40S 1型",022Cr19Ni10,CP04T3022,1916T4003,"2""x25",,NA,QNC,件,,Kg,尺寸单位为inxmm
CSQ00446,挡块,"TD Ф8"" Sch160 1型",022Cr19Ni10,CP04T3022,1916T4003,"2""x25",,NA,QNC,件,,Kg,尺寸单位为inxmm
CSQ00447,挡块,"TD Ф10"" Sch10S 1型",022Cr19Ni10,CP04T3022,1916T4003,"2""x25",,NA,QNC,件,,Kg,尺寸单位为inxmm
CSQ00448,挡块,"TD Ф10"" Sch80S 1型",022Cr19Ni10,CP04T3022,1916T4003,"4""x25",,NA,QNC,件,,Kg,尺寸单位为inxmm
CSQ00449,挡块,"TD Ф10"" Sch140 1型",022Cr19Ni10,CP04T3022,1916T4003,"4""x25",,NA,QNC,件,,Kg,尺寸单位为inxmm
CSQ00450,挡块,"TD Ф12"" Sch10S 1型",022Cr19Ni10,CP04T3022,1916T4003,"2""x25",,NA,QNC,件,,Kg,尺寸单位为inxmm
CSQ00451,挡块,"TD Ф12"" 12.7mm 1型",022Cr19Ni10,CP04T3022,1916T4003,"4""x25",,NA,QNC,件,,Kg,尺寸单位为inxmm
CSQ00452,挡块,"TD Ф12"" Sch140 1型",022Cr19Ni10,CP04T3022,1916T4003,"4""x25",,NA,QNC,件,,Kg,尺寸单位为inxmm
CSQ00453,挡块,"TD Ф14"" Sch10S 1型",022Cr19Ni10,CP04T3022,1916T4003,"4""x25",,NA,QNC,件,,Kg,尺寸单位为inxmm
CSQ00454,挡块,"TD Ф14"" Sch60 1型",022Cr19Ni10,CP04T3022,1916T4003,"4""x25",,NA,QNC,件,,Kg,尺寸单位为inxmm
CSQ00455,挡块,"TD Ф14"" Sch140 1型",022Cr19Ni10,CP04T3022,1916T4003,"4""x25",,NA,QNC,件,,Kg,尺寸单位为inxmm
CSQ00456,挡块,"TD Ф4"" Sch10S 2型",022Cr19Ni10,CP04T3022,1916T4003,"2""x50",,NA,QNC,件,,Kg,尺寸单位为inxmm
CSQ00457,挡块,"TD Ф4"" Sch40S 2型",022Cr19Ni10,CP04T3022,1916T4003,"2""x50",,NA,QNC,件,,Kg,尺寸单位为inxmm
CSQ00458,挡块,"TD Ф4"" Sch16 2型",022Cr19Ni10,CP04T3022,1916T4003,"2""x50",,NA,QNC,件,,Kg,尺寸单位为inxmm
CSQ00459,挡块,"TD Ф6"" Sch10S 2型",022Cr19Ni10,CP04T3022,1916T4003,"2""x50",,NA,QNC,件,,Kg,尺寸单位为inxmm
CSQ00460,挡块,"TD Ф6"" Sch40S 2型",022Cr19Ni10,CP04T3022,1916T4003,"2""x50",,NA,QNC,件,,Kg,尺寸单位为inxmm
CSQ00461,挡块,"TD Ф6"" Sch160 2型",022Cr19Ni10,CP04T3022,1916T4003,"2""x50",,NA,QNC,件,,Kg,尺寸单位为inxmm
CSQ00462,挡块,"TD Ф8"" Sch10S 2型",022Cr19Ni10,CP04T3022,1916T4003,"2""x50",,NA,QNC,件,,Kg,尺寸单位为inxmm
CSQ00463,挡块,"TD Ф8"" Sch40S 2型",022Cr19Ni10,CP04T3022,1916T4003,"2""x50",,NA,QNC,件,,Kg,尺寸单位为inxmm
CSQ00464,挡块,"TD Ф8"" Sch160 2型",022Cr19Ni10,CP04T3022,1916T4003,"2""x50",,NA,QNC,件,,Kg,尺寸单位为inxmm
CSQ00465,挡块,"TD Ф10"" Sch10S 2型",022Cr19Ni10,CP04T3022,1916T4003,"2""x50",,NA,QNC,件,,Kg,尺寸单位为inxmm
CSQ00466,挡块,"TD Ф10"" Sch80S 2型",022Cr19Ni10,CP04T3022,1916T4003,"4""x50",,NA,QNC,件,,Kg,尺寸单位为inxmm
CSQ00467,挡块,"TD Ф10"" Sch140 2型",022Cr19Ni10,CP04T3022,1916T4003,"4""x50",,NA,QNC,件,,Kg,尺寸单位为inxmm
CSQ00468,挡块,"TD Ф12"" Sch10S 2型",022Cr19Ni10,CP04T3022,1916T4003,"2""x50",,NA,QNC,件,,Kg,尺寸单位为inxmm
CSQ00469,挡块,"TD Ф12"" 12.7mm 2型",022Cr19Ni10,CP04T3022,1916T4003,"4""x50",,NA,QNC,件,,Kg,尺寸单位为inxmm
CSQ00470,挡块,"TD Ф12"" Sch140 2型",022Cr19Ni10,CP04T3022,1916T4003,"4""x50",,NA,QNC,件,,Kg,尺寸单位为inxmm
CSQ00471,挡块,"TD Ф14"" Sch10S 2型",022Cr19Ni10,CP04T3022,1916T4003,"4""x50",,NA,QNC,件,,Kg,尺寸单位为inxmm
CSQ00472,挡块,"TD Ф14"" Sch60 2型",022Cr19Ni10,CP04T3022,1916T4003,"4""x50",,NA,QNC,件,,Kg,尺寸单位为inxmm
CSQ00473,挡块,"TD Ф14"" Sch140 2型",022Cr19Ni10,CP04T3022,1916T4003,"4""x50",,NA,QNC,件,,Kg,尺寸单位为inxmm
CSQ00474,挡块,"TD Ф6"" Sch10S 3型",022Cr19Ni10,CP04T3022,1916T4003,"2""x75",,NA,QNC,件,,Kg,尺寸单位为inxmm
CSQ00475,挡块,"TD Ф6"" Sch40S 3型",022Cr19Ni10,CP04T3022,1916T4003,"2""x75",,NA,QNC,件,,Kg,尺寸单位为inxmm
CSQ00476,挡块,"TD Ф6"" Sch160 3型",022Cr19Ni10,CP04T3022,1916T4003,"2""x75",,NA,QNC,件,,Kg,尺寸单位为inxmm
CSQ00477,挡块,"TD Ф8"" Sch10S 3型",022Cr19Ni10,CP04T3022,1916T4003,"2""x75",,NA,QNC,件,,Kg,尺寸单位为inxmm
CSQ00478,挡块,"TD Ф8"" Sch40S 3型",022Cr19Ni10,CP04T3022,1916T4003,"2""x75",,NA,QNC,件,,Kg,尺寸单位为inxmm
CSQ00479,挡块,"TD Ф8"" Sch160 3型",022Cr19Ni10,CP04T3022,1916T4003,"2""x75",,NA,QNC,件,,Kg,尺寸单位为inxmm
CSQ00480,挡块,"TD Ф10"" Sch10S 3型",022Cr19Ni10,CP04T3022,1916T4003,"2""x75",,NA,QNC,件,,Kg,尺寸单位为inxmm
CSQ00481,挡块,"TD Ф10"" Sch80S 3型",022Cr19Ni10,CP04T3022,1916T4003,"4""x75",,NA,QNC,件,,Kg,尺寸单位为inxmm
CSQ00482,挡块,"TD Ф10"" Sch140 3型",022Cr19Ni10,CP04T3022,1916T4003,"4""x75",,NA,QNC,件,,Kg,尺寸单位为inxmm
CSQ00483,挡块,"TD Ф12"" Sch10S 3型",022Cr19Ni10,CP04T3022,1916T4003,"2""x75",,NA,QNC,件,,Kg,尺寸单位为inxmm
CSQ00484,挡块,"TD Ф12"" 12.7mm 3型",022Cr19Ni10,CP04T3022,1916T4003,"4""x75",,NA,QNC,件,,Kg,尺寸单位为inxmm
CSQ00485,挡块,"TD Ф12"" Sch140 3型",022Cr19Ni10,CP04T3022,1916T4003,"4""x75",,NA,QNC,件,,Kg,尺寸单位为inxmm
CSQ00486,挡块,"TD Ф14"" Sch10S 3型",022Cr19Ni10,CP04T3022,1916T4003,"4""x75",,NA,QNC,件,,Kg,尺寸单位为inxmm
CSQ00487,挡块,"TD Ф14"" Sch60 3型",022Cr19Ni10,CP04T3022,1916T4003,"4""x75",,NA,QNC,件,,Kg,尺寸单位为inxmm
CSQ00488,挡块,"TD Ф14"" Sch140 3型",022Cr19Ni10,CP04T3022,1916T4003,"4""x75",,NA,QNC,件,,Kg,尺寸单位为inxmm
CSQ00489,挡块,"TD Ф10"" Sch10S 1型",026Cr18Ni12Mo2N,CP04T3016,1916T4003,"2""x25",,S1,QA3,件,,Kg,尺寸单位为inxmm
CSQ00490,挡块,"TD Ф10"" Sch80S 1型",026Cr18Ni12Mo2N,CP04T3016,1916T4003,"4""x25",,S1,QA3,件,,Kg,尺寸单位为inxmm
CSQ00491,挡块,"TD Ф10"" Sch140 1型",026Cr18Ni12Mo2N,CP04T3016,1916T4003,"4""x25",,S1,QA3,件,,Kg,尺寸单位为inxmm
CSQ00492,挡块,"TD Ф12"" Sch10S 1型",026Cr18Ni12Mo2N,CP04T3016,1916T4003,"2""x25",,S1,QA3,件,,Kg,尺寸单位为inxmm
CSQ00493,挡块,"TD Ф12"" 12.7mm 1型",026Cr18Ni12Mo2N,CP04T3016,1916T4003,"4""x25",,S1,QA3,件,,Kg,尺寸单位为inxmm
CSQ00494,挡块,"TD Ф12"" Sch140 1型",026Cr18Ni12Mo2N,CP04T3016,1916T4003,"4""x25",,S1,QA3,件,,Kg,尺寸单位为inxmm
CSQ00495,挡块,"TD Ф14"" Sch10S 1型",026Cr18Ni12Mo2N,CP04T3016,1916T4003,"4""x25",,S1,QA3,件,,Kg,尺寸单位为inxmm
CSQ00496,挡块,"TD Ф14"" Sch60 1型",026Cr18Ni12Mo2N,CP04T3016,1916T4003,"4""x25",,S1,QA3,件,,Kg,尺寸单位为inxmm
CSQ00497,挡块,"TD Ф14"" Sch140 1型",026Cr18Ni12Mo2N,CP04T3016,1916T4003,"4""x25",,S1,QA3,件,,Kg,尺寸单位为inxmm
CSQ00498,挡块,"TD Ф10"" Sch10S 2型",026Cr18Ni12Mo2N,CP04T3016,1916T4003,"2""x50",,S1,QA3,件,,Kg,尺寸单位为inxmm
CSQ00499,挡块,"TD Ф10"" Sch80S 2型",026Cr18Ni12Mo2N,CP04T3016,1916T4003,"4""x50",,S1,QA3,件,,Kg,尺寸单位为inxmm
CSQ00500,挡块,"TD Ф10"" Sch140 2型",026Cr18Ni12Mo2N,CP04T3016,1916T4003,"4""x50",,S1,QA3,件,,Kg,尺寸单位为inxmm
CSQ00501,挡块,"TD Ф12"" Sch10S 2型",026Cr18Ni12Mo2N,CP04T3016,1916T4003,"2""x50",,S1,QA3,件,,Kg,尺寸单位为inxmm
CSQ00502,挡块,"TD Ф12"" 12.7mm 2型",026Cr18Ni12Mo2N,CP04T3016,1916T4003,"4""x50",,S1,QA3,件,,Kg,尺寸单位为inxmm
CSQ00503,挡块,"TD Ф12"" Sch140 2型",026Cr18Ni12Mo2N,CP04T3016,1916T4003,"4""x50",,S1,QA3,件,,Kg,尺寸单位为inxmm
CSQ00504,挡块,"TD Ф14"" Sch10S 2型",026Cr18Ni12Mo2N,CP04T3016,1916T4003,"4""x50",,S1,QA3,件,,Kg,尺寸单位为inxmm
CSQ00505,挡块,"TD Ф14"" Sch60 2型",026Cr18Ni12Mo2N,CP04T3016,1916T4003,"4""x50",,S1,QA3,件,,Kg,尺寸单位为inxmm
CSQ00506,挡块,"TD Ф14"" Sch140 2型",026Cr18Ni12Mo2N,CP04T3016,1916T4003,"4""x50",,S1,QA3,件,,Kg,尺寸单位为inxmm
CSQ00507,挡块,"TD Ф10"" Sch10S 3型",026Cr18Ni12Mo2N,CP04T3016,1916T4003,"2""x75",,S1,QA3,件,,Kg,尺寸单位为inxmm
CSQ00508,挡块,"TD Ф10"" Sch80S 3型",026Cr18Ni12Mo2N,CP04T3016,1916T4003,"4""x75",,S1,QA3,件,,Kg,尺寸单位为inxmm
CSQ00509,挡块,"TD Ф10"" Sch140 3型",026Cr18Ni12Mo2N,CP04T3016,1916T4003,"4""x75",,S1,QA3,件,,Kg,尺寸单位为inxmm
CSQ00510,挡块,"TD Ф12"" Sch10S 3型",026Cr18Ni12Mo2N,CP04T3016,1916T4003,"2""x75",,S1,QA3,件,,Kg,尺寸单位为inxmm
CSQ00511,挡块,"TD Ф12"" 12.7mm 3型",026Cr18Ni12Mo2N,CP04T3016,1916T4003,"4""x75",,S1,QA3,件,,Kg,尺寸单位为inxmm
CSQ00512,挡块,"TD Ф12"" Sch140 3型",026Cr18Ni12Mo2N,CP04T3016,1916T4003,"4""x75",,S1,QA3,件,,Kg,尺寸单位为inxmm
CSQ00513,挡块,"TD Ф14"" Sch10S 3型",026Cr18Ni12Mo2N,CP04T3016,1916T4003,"4""x75",,S1,QA3,件,,Kg,尺寸单位为inxmm
CSQ00514,挡块,"TD Ф14"" Sch60 3型",026Cr18Ni12Mo2N,CP04T3016,1916T4003,"4""x75",,S1,QA3,件,,Kg,尺寸单位为inxmm
CSQ00515,挡块,"TD Ф14"" Sch140 3型",026Cr18Ni12Mo2N,CP04T3016,1916T4003,"4""x75",,S1,QA3,件,,Kg,尺寸单位为inxmm
CSQ00516,挡块,"TC Ф2"" Sch40 1型",20,CP04T3018,1916T4003,"1""x25",,S2,QA3,件,,Kg,尺寸单位为inxmm
CSQ00517,挡块,"TC Ф2"" Sch80 1型",20,CP04T3018,1916T4003,"1""x25",,S2,QA3,件,,Kg,尺寸单位为inxmm
CSQ00518,挡块,"TC Ф3"" Sch40 1型",20,CP04T3018,1916T4003,"1""x25",,S2,QA3,件,,Kg,尺寸单位为inxmm
CSQ00519,挡块,"TC Ф3"" Sch80 1型",20,CP04T3018,1916T4003,"1""x25",,S2,QA3,件,,Kg,尺寸单位为inxmm
CSQ00520,挡块,"TC Ф3"" Sch160 1型",20,CP04T3018,1916T4003,"1""x25",,S2,QA3,件,,Kg,尺寸单位为inxmm
CSQ00521,挡块,"TC Ф6"" Sch80 1型",20,CP04T3018,1916T4003,"2""x25",,S2,QA3,件,,Kg,尺寸单位为inxmm
CSQ00522,挡块,"TC Ф16"" Sch80 1型",20,CP04T3018,1916T4003,"4""x25",,S2,QA3,件,,Kg,尺寸单位为inxmm
CSQ00523,挡块,"TC Ф6"" Sch80 2型",20,CP04T3018,1916T4003,"2""x50",,S2,QA3,件,,Kg,尺寸单位为inxmm
CSQ00524,挡块,"TC Ф16"" Sch80 2型",20,CP04T3018,1916T4003,"4""x50",,S2,QA3,件,,Kg,尺寸单位为inxmm
CSQ00525,挡块,"TC Ф6"" Sch80 3型",20,CP04T3018,1916T4003,"2""x75",,S2,QA3,件,,Kg,尺寸单位为inxmm
CSQ00526,挡块,"TC Ф16"" Sch80 3型",20,CP04T3018,1916T4003,"4""x75",,S2,QA3,件,,Kg,尺寸单位为inxmm
CSQ00527,挡块,"TE Ф2"" SchAPI 1型",20,CP04T3018,1916T4003,"1""x25",,S2,QA3,件,,Kg,尺寸单位为inxmm
CSQ00528,挡块,"TE Ф2"" Sch40 1型",20,CP04T3018,1916T4003,"1""x25",,S2,QA3,件,,Kg,尺寸单位为inxmm
CSQ00529,挡块,"TE Ф2"" Sch80 1型",20,CP04T3018,1916T4003,"1""x25",,S2,QA3,件,,Kg,尺寸单位为inxmm
CSQ00530,挡块,"TE Ф2"" Sch160 1型",20,CP04T3018,1916T4003,"1""x25",,S2,QA3,件,,Kg,尺寸单位为inxmm
CSQ00531,挡块,"TE Ф2 1/2"" SchAPI 1型",20,CP04T3018,1916T4003,"1""x25",,S2,QA3,件,,Kg,尺寸单位为inxmm
CSQ00532,挡块,"TE Ф2 1/2"" Sch40 1型",20,CP04T3018,1916T4003,"1""x25",,S2,QA3,件,,Kg,尺寸单位为inxmm
CSQ00533,挡块,"TE Ф2 1/2"" Sch80 1型",20,CP04T3018,1916T4003,"1""x25",,S2,QA3,件,,Kg,尺寸单位为inxmm
CSQ00534,挡块,"TE Ф2 1/2"" Sch160 1型",20,CP04T3018,1916T4003,"1""x25",,S2,QA3,件,,Kg,尺寸单位为inxmm
CSQ00535,挡块,"TE Ф3"" Sch160 1型",20,CP04T3018,1916T4003,"1""x25",,S2,QA3,件,,Kg,尺寸单位为inxmm
CSQ00536,挡块,"TE Ф3"" SchAPI 1型",20,CP04T3018,1916T4003,"1""x25",,S2,QA3,件,,Kg,尺寸单位为inxmm
CSQ00537,挡块,"TE Ф3"" Sch40 1型",20,CP04T3018,1916T4003,"1""x25",,S2,QA3,件,,Kg,尺寸单位为inxmm
CSQ00538,挡块,"TE Ф3"" Sch80 1型",20,CP04T3018,1916T4003,"1""x25",,S2,QA3,件,,Kg,尺寸单位为inxmm
CSQ00539,挡块,"TE Ф4"" SchAPI 1型",20,CP04T3018,1916T4003,"2""x25",,S2,QA3,件,,Kg,尺寸单位为inxmm
CSQ00540,挡块,"TE Ф4"" Sch40 1型",20,CP04T3018,1916T4003,"2""x25",,S2,QA3,件,,Kg,尺寸单位为inxmm
CSQ00541,挡块,"TE Ф4"" Sch80 1型",20,CP04T3018,1916T4003,"2""x25",,S2,QA3,件,,Kg,尺寸单位为inxmm
CSQ00542,挡块,"TE Ф4"" Sch160 1型",20,CP04T3018,1916T4003,"2""x25",,S2,QA3,件,,Kg,尺寸单位为inxmm
CSQ00543,挡块,"TE Ф6"" Sch80 1型",20,CP04T3018,1916T4003,"2""x25",,S2,QA3,件,,Kg,尺寸单位为inxmm
CSQ00544,挡块,"TE Ф6"" Sch120 1型",20,CP04T3018,1916T4003,"2""x25",,S2,QA3,件,,Kg,尺寸单位为inxmm
CSQ00545,挡块,"TE Ф6"" SchAPI 1型",20,CP04T3018,1916T4003,"2""x25",,S2,QA3,件,,Kg,尺寸单位为inxmm
CSQ00546,挡块,"TE Ф6"" Sch40 1型",20,CP04T3018,1916T4003,"2""x25",,S2,QA3,件,,Kg,尺寸单位为inxmm
CSQ00547,挡块,"TE Ф8"" Sch20 1型",20,CP04T3018,1916T4003,"2""x25",,S2,QA3,件,,Kg,尺寸单位为inxmm
CSQ00548,挡块,"TE Ф8"" Sch40 1型",20,CP04T3018,1916T4003,"2""x25",,S2,QA3,件,,Kg,尺寸单位为inxmm
CSQ00549,挡块,"TE Ф10"" Sch20 1型A",20,CP04T3018,1916T4003,"2""x25",,S2,QA3,件,,Kg,尺寸单位为inxmm
CSQ00550,挡块,"TE Ф10"" Sch20 1型B",20,CP04T3018,1916T4003,"4""x25",,S2,QA3,件,,Kg,尺寸单位为inxmm
CSQ00551,挡块,"TE Ф12"" SchAPI 1型A",20,CP04T3018,1916T4003,"2""x25",,S2,QA3,件,,Kg,尺寸单位为inxmm
CSQ00552,挡块,"TE Ф12"" SchAPI 1型B",20,CP04T3018,1916T4003,"4""x25",,S2,QA3,件,,Kg,尺寸单位为inxmm
CSQ00553,挡块,"TE Ф14"" Sch20 1型",20,CP04T3018,1916T4003,"4""x25",,S2,QA3,件,,Kg,尺寸单位为inxmm
CSQ00554,挡块,"TE Ф16"" SchAPI 1型",20,CP04T3018,1916T4003,"4""x25",,S2,QA3,件,,Kg,尺寸单位为inxmm
CSQ00555,挡块,"TE Ф4"" SchAPI 2型",20,CP04T3018,1916T4003,"2""x50",,S2,QA3,件,,Kg,尺寸单位为inxmm
CSQ00556,挡块,"TE Ф4"" Sch40 2型",20,CP04T3018,1916T4003,"2""x50",,S2,QA3,件,,Kg,尺寸单位为inxmm
CSQ00557,挡块,"TE Ф4"" Sch80 2型",20,CP04T3018,1916T4003,"2""x50",,S2,QA3,件,,Kg,尺寸单位为inxmm
CSQ00558,挡块,"TE Ф4"" Sch160 2型",20,CP04T3018,1916T4003,"2""x50",,S2,QA3,件,,Kg,尺寸单位为inxmm
CSQ00559,挡块,"TE Ф6"" Sch80 2型",20,CP04T3018,1916T4003,"2""x50",,S2,QA3,件,,Kg,尺寸单位为inxmm
CSQ00560,挡块,"TE Ф6"" Sch120 2型",20,CP04T3018,1916T4003,"2""x50",,S2,QA3,件,,Kg,尺寸单位为inxmm
CSQ00561,挡块,"TE Ф6"" SchAPI 2型",20,CP04T3018,1916T4003,"2""x50",,S2,QA3,件,,Kg,尺寸单位为inxmm
CSQ00562,挡块,"TE Ф6"" Sch40 2型",20,CP04T3018,1916T4003,"2""x50",,S2,QA3,件,,Kg,尺寸单位为inxmm
CSQ00563,挡块,"TE Ф8"" Sch20 2型",20,CP04T3018,1916T4003,"2""x50",,S2,QA3,件,,Kg,尺寸单位为inxmm
CSQ00564,挡块,"TE Ф8"" Sch40 2型",20,CP04T3018,1916T4003,"2""x50",,S2,QA3,件,,Kg,尺寸单位为inxmm
CSQ00565,挡块,"TE Ф10"" Sch20 2型A",20,CP04T3018,1916T4003,"2""x50",,S2,QA3,件,,Kg,尺寸单位为inxmm
CSQ00566,挡块,"TE Ф10"" Sch20 2型B",20,CP04T3018,1916T4003,"4""x50",,S2,QA3,件,,Kg,尺寸单位为inxmm
CSQ00567,挡块,"TE Ф12"" SchAPI 2型A",20,CP04T3018,1916T4003,"2""x50",,S2,QA3,件,,Kg,尺寸单位为inxmm
CSQ00568,挡块,"TE Ф12"" SchAPI 2型B",20,CP04T3018,1916T4003,"4""x50",,S2,QA3,件,,Kg,尺寸单位为inxmm
CSQ00569,挡块,"TE Ф14"" Sch20 2型",20,CP04T3018,1916T4003,"4""x50",,S2,QA3,件,,Kg,尺寸单位为inxmm
CSQ00570,挡块,"TE Ф16"" SchAPI 2型",20,CP04T3018,1916T4003,"4""x50",,S2,QA3,件,,Kg,尺寸单位为inxmm
CSQ00571,挡块,"TE Ф6"" Sch80 3型",20,CP04T3018,1916T4003,"2""x75",,S2,QA3,件,,Kg,尺寸单位为inxmm
CSQ00572,挡块,"TE Ф6"" Sch120 3型",20,CP04T3018,1916T4003,"2""x75",,S2,QA3,件,,Kg,尺寸单位为inxmm
CSQ00573,挡块,"TE Ф6"" SchAPI 3型",20,CP04T3018,1916T4003,"2""x75",,S2,QA3,件,,Kg,尺寸单位为inxmm
CSQ00574,挡块,"TE Ф6"" Sch40 3型",20,CP04T3018,1916T4003,"2""x75",,S2,QA3,件,,Kg,尺寸单位为inxmm
CSQ00575,挡块,"TE Ф8"" Sch20 3型",20,CP04T3018,1916T4003,"2""x75",,S2,QA3,件,,Kg,尺寸单位为inxmm
CSQ00576,挡块,"TE Ф8"" Sch40 3型",20,CP04T3018,1916T4003,"2""x75",,S2,QA3,件,,Kg,尺寸单位为inxmm
CSQ00577,挡块,"TE Ф10"" Sch20 3型A",20,CP04T3018,1916T4003,"2""x75",,S2,QA3,件,,Kg,尺寸单位为inxmm
CSQ00578,挡块,"TE Ф10"" Sch20 3型B",20,CP04T3018,1916T4003,"4""x75",,S2,QA3,件,,Kg,尺寸单位为inxmm
CSQ00579,挡块,"TE Ф12"" SchAPI 3型A",20,CP04T3018,1916T4003,"2""x75",,S2,QA3,件,,Kg,尺寸单位为inxmm
CSQ00580,挡块,"TE Ф12"" SchAPI 3型B",20,CP04T3018,1916T4003,"4""x75",,S2,QA3,件,,Kg,尺寸单位为inxmm
CSQ00581,挡块,"TE Ф14"" Sch20 3型",20,CP04T3018,1916T4003,"4""x75",,S2,QA3,件,,Kg,尺寸单位为inxmm
CSQ00582,挡块,"TE Ф16"" SchAPI 3型",20,CP04T3018,1916T4003,"4""x75",,S2,QA3,件,,Kg,尺寸单位为inxmm
CSQ00583,挡块,"TE Ф16"" SchAPI 4型",20,CP04T3018,1916T4003,"4""x150",,S2,QA3,件,,Kg,尺寸单位为inxmm
CSQ00584,挡块,"TC Ф2"" Sch40 1型",20,CP04T3024,1916T4003,"1""x25",,NA,QNC,件,,Kg,尺寸单位为inxmm
CSQ00585,挡块,"TC Ф2"" Sch80 1型",20,CP04T3024,1916T4003,"1""x25",,NA,QNC,件,,Kg,尺寸单位为inxmm
CSQ00586,挡块,"TC Ф3"" Sch40 1型",20,CP04T3024,1916T4003,"1""x25",,NA,QNC,件,,Kg,尺寸单位为inxmm
CSQ00587,挡块,"TC Ф3"" Sch80 1型",20,CP04T3024,1916T4003,"1""x25",,NA,QNC,件,,Kg,尺寸单位为inxmm
CSQ00588,挡块,"TC Ф3"" Sch160 1型",20,CP04T3024,1916T4003,"1""x25",,NA,QNC,件,,Kg,尺寸单位为inxmm
CSQ00589,挡块,"TC Ф6"" Sch80 1型",20,CP04T3024,1916T4003,"2""x25",,NA,QNC,件,,Kg,尺寸单位为inxmm
CSQ00590,挡块,"TC Ф16"" Sch80 1型",20,CP04T3024,1916T4003,"4""x25",,NA,QNC,件,,Kg,尺寸单位为inxmm
CSQ00591,挡块,"TC Ф20"" Sch10 1型",20,CP04T3024,1916T4003,"4""x25",,NA,QNC,件,,Kg,尺寸单位为inxmm
CSQ00592,挡块,"TC Ф6"" Sch80 2型",20,CP04T3024,1916T4003,"2""x50",,NA,QNC,件,,Kg,尺寸单位为inxmm
CSQ00593,挡块,"TC Ф16"" Sch80 2型",20,CP04T3024,1916T4003,"4""x50",,NA,QNC,件,,Kg,尺寸单位为inxmm
CSQ00594,挡块,"TC Ф20"" Sch10 2型",20,CP04T3024,1916T4003,"4""x50",,NA,QNC,件,,Kg,尺寸单位为inxmm
CSQ00595,挡块,"TC Ф6"" Sch80 3型",20,CP04T3024,1916T4003,"2""x75",,NA,QNC,件,,Kg,尺寸单位为inxmm
CSQ00596,挡块,"TC Ф16"" Sch80 3型",20,CP04T3024,1916T4003,"4""x75",,NA,QNC,件,,Kg,尺寸单位为inxmm
CSQ00597,挡块,"TC Ф20"" Sch10 3型",20,CP04T3024,1916T4003,"4""x75",,NA,QNC,件,,Kg,尺寸单位为inxmm
CSQ00598,挡块,"TC Ф20"" Sch10 4型",20,CP04T3024,1916T4003,"4""x150",,NA,QNC,件,,Kg,尺寸单位为inxmm
CSQ00599,挡块,"TC Ф32"" 32mm 1型",P280GH,CP04T3026,1916T4003,"6""x25",,S2,QA3,件,,Kg,尺寸单位为inxmm
CSQ00600,挡块,"TC Ф32"" 32mm 2型",P280GH,CP04T3026,1916T4003,"6""x50",,S2,QA3,件,,Kg,尺寸单位为inxmm
CSQ00601,挡块,"TC Ф32"" 32mm 3型",P280GH,CP04T3026,1916T4003,"6""x75",,S2,QA3,件,,Kg,尺寸单位为inxmm
CSQ00602,挡块,"TC Ф32"" 32mm 4型",P280GH,CP04T3026,1916T4003,"6""x150",,S2,QA3,件,,Kg,尺寸单位为inxmm
CSQ00603,挡块,"TE Ф32"" SchSTD 1型",P280GH,CP04T3026,1916T4003,"6""x25",,S2,QA3,件,,Kg,尺寸单位为inxmm
CSQ00604,挡块,"TE Ф32"" SchSTD 2型",P280GH,CP04T3026,1916T4003,"6""x50",,S2,QA3,件,,Kg,尺寸单位为inxmm
CSQ00605,挡块,"TE Ф32"" SchSTD 3型",P280GH,CP04T3026,1916T4003,"6""x75",,S2,QA3,件,,Kg,尺寸单位为inxmm
CSQ00606,挡块,"TE Ф32"" SchSTD 4型",P280GH,CP04T3026,1916T4003,"6""x150",,S2,QA3,件,,Kg,尺寸单位为inxmm
CSQ00607,挡块,"TC Ф2"" Sch40 1型",P280GH,CP04T3032,1916T4003,"1""x25",,S2,QA3,件,,Kg,尺寸单位为inxmm
CSQ00608,挡块,"TC Ф2"" Sch80 1型",P280GH,CP04T3032,1916T4003,"1""x25",,S2,QA3,件,,Kg,尺寸单位为inxmm
CSQ00609,挡块,"TC Ф3"" Sch40 1型",P280GH,CP04T3032,1916T4003,"1""x25",,S2,QA3,件,,Kg,尺寸单位为inxmm
CSQ00610,挡块,"TC Ф3"" Sch80 1型",P280GH,CP04T3032,1916T4003,"1""x25",,S2,QA3,件,,Kg,尺寸单位为inxmm
CSQ00611,挡块,"TC Ф3"" Sch160 1型",P280GH,CP04T3032,1916T4003,"1""x25",,S2,QA3,件,,Kg,尺寸单位为inxmm
CSQ00612,挡块,"TC Ф6"" Sch80 1型",P280GH,CP04T3032,1916T4003,"2""x25",,S2,QA3,件,,Kg,尺寸单位为inxmm
CSQ00613,挡块,"TC Ф16"" Sch80 1型",P280GH,CP04T3032,1916T4003,"4""x25",,S2,QA3,件,,Kg,尺寸单位为inxmm
CSQ00614,挡块,"TC Ф18"" Sch10 1型",P280GH,CP04T3032,1916T4003,"4""x25",,S2,QA3,件,,Kg,尺寸单位为inxmm
CSQ00615,挡块,"TC Ф6"" Sch80 2型",P280GH,CP04T3032,1916T4003,"2""x50",,S2,QA3,件,,Kg,尺寸单位为inxmm
CSQ00616,挡块,"TC Ф16"" Sch80 2型",P280GH,CP04T3032,1916T4003,"4""x50",,S2,QA3,件,,Kg,尺寸单位为inxmm
CSQ00617,挡块,"TC Ф18"" Sch10 2型",P280GH,CP04T3032,1916T4003,"4""x50",,S2,QA3,件,,Kg,尺寸单位为inxmm
CSQ00618,挡块,"TC Ф6"" Sch80 3型",P280GH,CP04T3032,1916T4003,"2""x75",,S2,QA3,件,,Kg,尺寸单位为inxmm
CSQ00619,挡块,"TC Ф16"" Sch80 3型",P280GH,CP04T3032,1916T4003,"4""x75",,S2,QA3,件,,Kg,尺寸单位为inxmm
CSQ00620,挡块,"TC Ф18"" Sch10 3型",P280GH,CP04T3032,1916T4003,"4""x75",,S2,QA3,件,,Kg,尺寸单位为inxmm
CSQ00621,挡块,"TE Ф2"" SchAPI 1型",P280GH,CP04T3032,1916T4003,"1""x25",,S2,QA3,件,,Kg,尺寸单位为inxmm
CSQ00622,挡块,"TE Ф2"" Sch40 1型",P280GH,CP04T3032,1916T4003,"1""x25",,S2,QA3,件,,Kg,尺寸单位为inxmm
CSQ00623,挡块,"TE Ф2"" Sch80 1型",P280GH,CP04T3032,1916T4003,"1""x25",,S2,QA3,件,,Kg,尺寸单位为inxmm
CSQ00624,挡块,"TE Ф2"" Sch160 1型",P280GH,CP04T3032,1916T4003,"1""x25",,S2,QA3,件,,Kg,尺寸单位为inxmm
CSQ00625,挡块,"TE Ф2 1/2"" SchAPI 1型",P280GH,CP04T3032,1916T4003,"1""x25",,S2,QA3,件,,Kg,尺寸单位为inxmm
CSQ00626,挡块,"TE Ф2 1/2"" Sch40 1型",P280GH,CP04T3032,1916T4003,"1""x25",,S2,QA3,件,,Kg,尺寸单位为inxmm
CSQ00627,挡块,"TE Ф2 1/2"" Sch80 1型",P280GH,CP04T3032,1916T4003,"1""x25",,S2,QA3,件,,Kg,尺寸单位为inxmm
CSQ00628,挡块,"TE Ф2 1/2"" Sch160 1型",P280GH,CP04T3032,1916T4003,"1""x25",,S2,QA3,件,,Kg,尺寸单位为inxmm
CSQ00629,挡块,"TE Ф3"" Sch160 1型",P280GH,CP04T3032,1916T4003,"1""x25",,S2,QA3,件,,Kg,尺寸单位为inxmm
CSQ00630,挡块,"TE Ф3"" SchAPI 1型",P280GH,CP04T3032,1916T4003,"1""x25",,S2,QA3,件,,Kg,尺寸单位为inxmm
CSQ00631,挡块,"TE Ф3"" Sch40 1型",P280GH,CP04T3032,1916T4003,"1""x25",,S2,QA3,件,,Kg,尺寸单位为inxmm
CSQ00632,挡块,"TE Ф3"" Sch80 1型",P280GH,CP04T3032,1916T4003,"1""x25",,S2,QA3,件,,Kg,尺寸单位为inxmm
CSQ00633,挡块,"TE Ф4"" SchAPI 1型",P280GH,CP04T3032,1916T4003,"2""x25",,S2,QA3,件,,Kg,尺寸单位为inxmm
CSQ00634,挡块,"TE Ф4"" Sch40 1型",P280GH,CP04T3032,1916T4003,"2""x25",,S2,QA3,件,,Kg,尺寸单位为inxmm
CSQ00635,挡块,"TE Ф4"" Sch80 1型",P280GH,CP04T3032,1916T4003,"2""x25",,S2,QA3,件,,Kg,尺寸单位为inxmm
CSQ00636,挡块,"TE Ф4"" Sch160 1型",P280GH,CP04T3032,1916T4003,"2""x25",,S2,QA3,件,,Kg,尺寸单位为inxmm
CSQ00637,挡块,"TE Ф6"" Sch80 1型",P280GH,CP04T3032,1916T4003,"2""x25",,S2,QA3,件,,Kg,尺寸单位为inxmm
CSQ00638,挡块,"TE Ф6"" Sch120 1型",P280GH,CP04T3032,1916T4003,"2""x25",,S2,QA3,件,,Kg,尺寸单位为inxmm
CSQ00639,挡块,"TE Ф6"" SchAPI 1型",P280GH,CP04T3032,1916T4003,"2""x25",,S2,QA3,件,,Kg,尺寸单位为inxmm
CSQ00640,挡块,"TE Ф6"" Sch40 1型",P280GH,CP04T3032,1916T4003,"2""x25",,S2,QA3,件,,Kg,尺寸单位为inxmm
CSQ00641,挡块,"TE Ф8"" Sch20 1型",P280GH,CP04T3032,1916T4003,"2""x25",,S2,QA3,件,,Kg,尺寸单位为inxmm
CSQ00642,挡块,"TE Ф8"" Sch40 1型",P280GH,CP04T3032,1916T4003,"2""x25",,S2,QA3,件,,Kg,尺寸单位为inxmm
CSQ00643,挡块,"TE Ф10"" Sch20 1型A",P280GH,CP04T3032,1916T4003,"2""x25",,S2,QA3,件,,Kg,尺寸单位为inxmm
CSQ00644,挡块,"TE Ф10"" Sch20 1型B",P280GH,CP04T3032,1916T4003,"4""x25",,S2,QA3,件,,Kg,尺寸单位为inxmm
CSQ00645,挡块,"TE Ф12"" SchAPI 1型A",P280GH,CP04T3032,1916T4003,"2""x25",,S2,QA3,件,,Kg,尺寸单位为inxmm
CSQ00646,挡块,"TE Ф12"" SchAPI 1型B",P280GH,CP04T3032,1916T4003,"4""x25",,S2,QA3,件,,Kg,尺寸单位为inxmm
CSQ00647,挡块,"TE Ф14"" Sch20 1型",P280GH,CP04T3032,1916T4003,"4""x25",,S2,QA3,件,,Kg,尺寸单位为inxmm
CSQ00648,挡块,"TE Ф16"" SchAPI 1型",P280GH,CP04T3032,1916T4003,"4""x25",,S2,QA3,件,,Kg,尺寸单位为inxmm
CSQ00649,挡块,"TE Ф18"" Sch10 1型",P280GH,CP04T3032,1916T4003,"4""x25",,S2,QA3,件,,Kg,尺寸单位为inxmm
CSQ00650,挡块,"TE Ф4"" SchAPI 2型",P280GH,CP04T3032,1916T4003,"2""x50",,S2,QA3,件,,Kg,尺寸单位为inxmm
CSQ00651,挡块,"TE Ф4"" Sch40 2型",P280GH,CP04T3032,1916T4003,"2""x50",,S2,QA3,件,,Kg,尺寸单位为inxmm
CSQ00652,挡块,"TE Ф4"" Sch80 2型",P280GH,CP04T3032,1916T4003,"2""x50",,S2,QA3,件,,Kg,尺寸单位为inxmm
CSQ00653,挡块,"TE Ф4"" Sch160 2型",P280GH,CP04T3032,1916T4003,"2""x50",,S2,QA3,件,,Kg,尺寸单位为inxmm
CSQ00654,挡块,"TE Ф6"" Sch80 2型",P280GH,CP04T3032,1916T4003,"2""x50",,S2,QA3,件,,Kg,尺寸单位为inxmm
CSQ00655,挡块,"TE Ф6"" Sch120 2型",P280GH,CP04T3032,1916T4003,"2""x50",,S2,QA3,件,,Kg,尺寸单位为inxmm
CSQ00656,挡块,"TE Ф6"" SchAPI 2型",P280GH,CP04T3032,1916T4003,"2""x50",,S2,QA3,件,,Kg,尺寸单位为inxmm
CSQ00657,挡块,"TE Ф6"" Sch40 2型",P280GH,CP04T3032,1916T4003,"2""x50",,S2,QA3,件,,Kg,尺寸单位为inxmm
CSQ00658,挡块,"TE Ф8"" Sch20 2型",P280GH,CP04T3032,1916T4003,"2""x50",,S2,QA3,件,,Kg,尺寸单位为inxmm
CSQ00659,挡块,"TE Ф8"" Sch40 2型",P280GH,CP04T3032,1916T4003,"2""x50",,S2,QA3,件,,Kg,尺寸单位为inxmm
CSQ00660,挡块,"TE Ф10"" Sch20 2型A",P280GH,CP04T3032,1916T4003,"2""x50",,S2,QA3,件,,Kg,尺寸单位为inxmm
CSQ00661,挡块,"TE Ф10"" Sch20 2型B",P280GH,CP04T3032,1916T4003,"4""x50",,S2,QA3,件,,Kg,尺寸单位为inxmm
CSQ00662,挡块,"TE Ф12"" SchAPI 2型A",P280GH,CP04T3032,1916T4003,"2""x50",,S2,QA3,件,,Kg,尺寸单位为inxmm
CSQ00663,挡块,"TE Ф12"" SchAPI 2型B",P280GH,CP04T3032,1916T4003,"4""x50",,S2,QA3,件,,Kg,尺寸单位为inxmm
CSQ00664,挡块,"TE Ф14"" Sch20 2型",P280GH,CP04T3032,1916T4003,"4""x50",,S2,QA3,件,,Kg,尺寸单位为inxmm
CSQ00665,挡块,"TE Ф16"" SchAPI 2型",P280GH,CP04T3032,1916T4003,"4""x50",,S2,QA3,件,,Kg,尺寸单位为inxmm
CSQ00666,挡块,"TE Ф18"" Sch10 2型",P280GH,CP04T3032,1916T4003,"4""x50",,S2,QA3,件,,Kg,尺寸单位为inxmm
CSQ00667,挡块,"TE Ф6"" Sch80 3型",P280GH,CP04T3032,1916T4003,"2""x75",,S2,QA3,件,,Kg,尺寸单位为inxmm
CSQ00668,挡块,"TE Ф6"" Sch120 3型",P280GH,CP04T3032,1916T4003,"2""x75",,S2,QA3,件,,Kg,尺寸单位为inxmm
CSQ00669,挡块,"TE Ф6"" SchAPI 3型",P280GH,CP04T3032,1916T4003,"2""x75",,S2,QA3,件,,Kg,尺寸单位为inxmm
CSQ00670,挡块,"TE Ф6"" Sch40 3型",P280GH,CP04T3032,1916T4003,"2""x75",,S2,QA3,件,,Kg,尺寸单位为inxmm
CSQ00671,挡块,"TE Ф8"" Sch20 3型",P280GH,CP04T3032,1916T4003,"2""x75",,S2,QA3,件,,Kg,尺寸单位为inxmm
CSQ00672,挡块,"TE Ф8"" Sch40 3型",P280GH,CP04T3032,1916T4003,"2""x75",,S2,QA3,件,,Kg,尺寸单位为inxmm
CSQ00673,挡块,"TE Ф10"" Sch20 3型A",P280GH,CP04T3032,1916T4003,"2""x75",,S2,QA3,件,,Kg,尺寸单位为inxmm
CSQ00674,挡块,"TE Ф10"" Sch20 3型B",P280GH,CP04T3032,1916T4003,"4""x75",,S2,QA3,件,,Kg,尺寸单位为inxmm
CSQ00675,挡块,"TE Ф12"" SchAPI 3型A",P280GH,CP04T3032,1916T4003,"2""x75",,S2,QA3,件,,Kg,尺寸单位为inxmm
CSQ00676,挡块,"TE Ф12"" SchAPI 3型B",P280GH,CP04T3032,1916T4003,"4""x75",,S2,QA3,件,,Kg,尺寸单位为inxmm
CSQ00677,挡块,"TE Ф14"" Sch20 3型",P280GH,CP04T3032,1916T4003,"4""x75",,S2,QA3,件,,Kg,尺寸单位为inxmm
CSQ00678,挡块,"TE Ф16"" SchAPI 3型",P280GH,CP04T3032,1916T4003,"4""x75",,S2,QA3,件,,Kg,尺寸单位为inxmm
CSQ00679,挡块,"TE Ф18"" Sch10 3型",P280GH,CP04T3032,1916T4003,"4""x75",,S2,QA3,件,,Kg,尺寸单位为inxmm
CSQ00680,挡块,"TE Ф16"" SchAPI 4型",P280GH,CP04T3032,1916T4003,"4""x150",,S2,QA3,件,,Kg,尺寸单位为inxmm
CSQ00681,挡块,"TE Ф18"" Sch10 4型",P280GH,CP04T3032,1916T4003,"4""x150",,S2,QA3,件,,Kg,尺寸单位为inxmm
CSQ00682,挡块,"TC Ф18"" Sch10 1型",Q265HR,CP04T3020,1916T4003,"4""x25",,S2,QA3,件,,Kg,尺寸单位为inxmm
CSQ00683,挡块,"TC Ф20"" Sch10 1型",Q265HR,CP04T3020,1916T4003,"4""x25",,S2,QA3,件,,Kg,尺寸单位为inxmm
CSQ00684,挡块,"TC Ф24"" Sch10 1型",Q265HR,CP04T3020,1916T4003,"4""x25",,S2,QA3,件,,Kg,尺寸单位为inxmm
CSQ00685,挡块,"TC Ф24"" Sch20 1型",Q265HR,CP04T3020,1916T4003,"4""x25",,S2,QA3,件,,Kg,尺寸单位为inxmm
CSQ00686,挡块,"TC Ф28"" Sch10 1型",Q265HR,CP04T3020,1916T4003,"6""x25",,S2,QA3,件,,Kg,尺寸单位为inxmm
CSQ00687,挡块,"TC Ф32"" 32mm 1型",Q265HR,CP04T3020,1916T4003,"6""x25",,S2,QA3,件,,Kg,尺寸单位为inxmm
CSQ00688,挡块,"TC Ф18"" Sch10 2型",Q265HR,CP04T3020,1916T4003,"4""x50",,S2,QA3,件,,Kg,尺寸单位为inxmm
CSQ00689,挡块,"TC Ф20"" Sch10 2型",Q265HR,CP04T3020,1916T4003,"4""x50",,S2,QA3,件,,Kg,尺寸单位为inxmm
CSQ00690,挡块,"TC Ф24"" Sch10 2型",Q265HR,CP04T3020,1916T4003,"4""x50",,S2,QA3,件,,Kg,尺寸单位为inxmm
CSQ00691,挡块,"TC Ф24"" Sch20 2型",Q265HR,CP04T3020,1916T4003,"4""x50",,S2,QA3,件,,Kg,尺寸单位为inxmm
CSQ00692,挡块,"TC Ф28"" Sch10 2型",Q265HR,CP04T3020,1916T4003,"6""x50",,S2,QA3,件,,Kg,尺寸单位为inxmm
CSQ00693,挡块,"TC Ф32"" 32mm 2型",Q265HR,CP04T3020,1916T4003,"6""x50",,S2,QA3,件,,Kg,尺寸单位为inxmm
CSQ00694,挡块,"TC Ф18"" Sch10 3型",Q265HR,CP04T3020,1916T4003,"4""x75",,S2,QA3,件,,Kg,尺寸单位为inxmm
CSQ00695,挡块,"TC Ф20"" Sch10 3型",Q265HR,CP04T3020,1916T4003,"4""x75",,S2,QA3,件,,Kg,尺寸单位为inxmm
CSQ00696,挡块,"TC Ф24"" Sch10 3型",Q265HR,CP04T3020,1916T4003,"4""x75",,S2,QA3,件,,Kg,尺寸单位为inxmm
CSQ00697,挡块,"TC Ф24"" Sch20 3型",Q265HR,CP04T3020,1916T4003,"4""x75",,S2,QA3,件,,Kg,尺寸单位为inxmm
CSQ00698,挡块,"TC Ф28"" Sch10 3型",Q265HR,CP04T3020,1916T4003,"6""x75",,S2,QA3,件,,Kg,尺寸单位为inxmm
CSQ00699,挡块,"TC Ф32"" 32mm 3型",Q265HR,CP04T3020,1916T4003,"6""x75",,S2,QA3,件,,Kg,尺寸单位为inxmm
CSQ00700,挡块,"TC Ф20"" Sch10 4型",Q265HR,CP04T3020,1916T4003,"4""x150",,S2,QA3,件,,Kg,尺寸单位为inxmm
CSQ00701,挡块,"TC Ф24"" Sch10 4型",Q265HR,CP04T3020,1916T4003,"4""x150",,S2,QA3,件,,Kg,尺寸单位为inxmm
CSQ00702,挡块,"TC Ф24"" Sch20 4型",Q265HR,CP04T3020,1916T4003,"4""x150",,S2,QA3,件,,Kg,尺寸单位为inxmm
CSQ00703,挡块,"TC Ф28"" Sch10 4型",Q265HR,CP04T3020,1916T4003,"6""x150",,S2,QA3,件,,Kg,尺寸单位为inxmm
CSQ00704,挡块,"TC Ф32"" 32mm 4型",Q265HR,CP04T3020,1916T4003,"6""x150",,S2,QA3,件,,Kg,尺寸单位为inxmm
CSQ00705,挡块,"TE Ф18"" Sch10 1型",Q265HR,CP04T3020,1916T4003,"4""x25",,S2,QA3,件,,Kg,尺寸单位为inxmm
CSQ00706,挡块,"TE Ф20"" Sch10 1型",Q265HR,CP04T3020,1916T4003,"4""x25",,S2,QA3,件,,Kg,尺寸单位为inxmm
CSQ00707,挡块,"TE Ф24"" Sch10 1型",Q265HR,CP04T3020,1916T4003,"4""x25",,S2,QA3,件,,Kg,尺寸单位为inxmm
CSQ00708,挡块,"TE Ф28"" Sch10 1型",Q265HR,CP04T3020,1916T4003,"6""x25",,S2,QA3,件,,Kg,尺寸单位为inxmm
CSQ00709,挡块,"TE Ф32"" SchSTD 1型",Q265HR,CP04T3020,1916T4003,"6""x25",,S2,QA3,件,,Kg,尺寸单位为inxmm
CSQ00710,挡块,"TE Ф18"" Sch10 2型",Q265HR,CP04T3020,1916T4003,"4""x50",,S2,QA3,件,,Kg,尺寸单位为inxmm
CSQ00711,挡块,"TE Ф20"" Sch10 2型",Q265HR,CP04T3020,1916T4003,"4""x50",,S2,QA3,件,,Kg,尺寸单位为inxmm
CSQ00712,挡块,"TE Ф24"" Sch10 2型",Q265HR,CP04T3020,1916T4003,"4""x50",,S2,QA3,件,,Kg,尺寸单位为inxmm
CSQ00713,挡块,"TE Ф28"" Sch10 2型",Q265HR,CP04T3020,1916T4003,"6""x50",,S2,QA3,件,,Kg,尺寸单位为inxmm
CSQ00714,挡块,"TE Ф32"" SchSTD 2型",Q265HR,CP04T3020,1916T4003,"6""x50",,S2,QA3,件,,Kg,尺寸单位为inxmm
CSQ00715,挡块,"TE Ф18"" Sch10 3型",Q265HR,CP04T3020,1916T4003,"4""x75",,S2,QA3,件,,Kg,尺寸单位为inxmm
CSQ00716,挡块,"TE Ф20"" Sch10 3型",Q265HR,CP04T3020,1916T4003,"4""x75",,S2,QA3,件,,Kg,尺寸单位为inxmm
CSQ00717,挡块,"TE Ф24"" Sch10 3型",Q265HR,CP04T3020,1916T4003,"4""x75",,S2,QA3,件,,Kg,尺寸单位为inxmm
CSQ00718,挡块,"TE Ф28"" Sch10 3型",Q265HR,CP04T3020,1916T4003,"6""x75",,S2,QA3,件,,Kg,尺寸单位为inxmm
CSQ00719,挡块,"TE Ф32"" SchSTD 3型",Q265HR,CP04T3020,1916T4003,"6""x75",,S2,QA3,件,,Kg,尺寸单位为inxmm
CSQ00720,挡块,"TE Ф18"" Sch10 4型",Q265HR,CP04T3020,1916T4003,"4""x150",,S2,QA3,件,,Kg,尺寸单位为inxmm
CSQ00721,挡块,"TE Ф20"" Sch10 4型",Q265HR,CP04T3020,1916T4003,"4""x150",,S2,QA3,件,,Kg,尺寸单位为inxmm
CSQ00722,挡块,"TE Ф24"" Sch10 4型",Q265HR,CP04T3020,1916T4003,"4""x150",,S2,QA3,件,,Kg,尺寸单位为inxmm
CSQ00723,挡块,"TE Ф28"" Sch10 4型",Q265HR,CP04T3020,1916T4003,"6""x150",,S2,QA3,件,,Kg,尺寸单位为inxmm
CSQ00724,挡块,"TE Ф32"" SchSTD 4型",Q265HR,CP04T3020,1916T4003,"6""x150",,S2,QA3,件,,Kg,尺寸单位为inxmm
CSQ02375,膨胀螺栓,P1,,,1916T4003,M8x41,,S1,QA3,件,,Kg,尺寸为ФMxL
CSQ02376,膨胀螺栓,P2,,,1916T4003,M8x101,,S1,QA3,件,,Kg,尺寸为ФMxL
CSQ02377,膨胀螺栓,P3,,,1916T4003,M8x41,,S1,QA3,件,,Kg,尺寸为ФMxL
CSQ02378,膨胀螺栓,P4,,,1916T4003,M8x101,,S1,QA3,件,,Kg,尺寸为ФMxL
CSQ02379,膨胀螺栓,P5,,,1916T4003,M10x64,,S1,QA3,件,,Kg,尺寸为ФMxL
CSQ02380,膨胀螺栓,P6,,,1916T4003,M10x99,,S1,QA3,件,,Kg,尺寸为ФMxL
CSQ02381,膨胀螺栓,P7,,,1916T4003,M10x184,,S1,QA3,件,,Kg,尺寸为ФMxL
CSQ02382,膨胀螺栓,P8,,,1916T4003,M12x76.5,,S1,QA3,件,,Kg,尺寸为ФMxL
CSQ02383,膨胀螺栓,P9,,,1916T4003,M12x96.5,,S1,QA3,件,,Kg,尺寸为ФMxL
CSQ02384,膨胀螺栓,P10,,,1916T4003,M12x186.5,,S1,QA3,件,,Kg,尺寸为ФMxL
CSQ02385,膨胀螺栓,P11,,,1916T4003,M16x57.5,,S1,QA3,件,,Kg,尺寸为ФMxL
CSQ02386,膨胀螺栓,P12,,,1916T4003,M16x82.5,,S1,QA3,件,,Kg,尺寸为ФMxL
CSQ02387,膨胀螺栓,P13,,,1916T4003,M16x112.5,,S1,QA3,件,,Kg,尺寸为ФMxL
CSQ02388,膨胀螺栓,P14,,,1916T4003,M16x192.5,,S1,QA3,件,,Kg,尺寸为ФMxL
CSQ02389,膨胀螺栓,P15,,,1916T4003,M20x100.5,,S1,QA3,件,,Kg,尺寸为ФMxL
CSQ02390,膨胀螺栓,P16,,,1916T4003,M20x110.5,,S1,QA3,件,,Kg,尺寸为ФMxL
CSQ02391,膨胀螺栓,P17,,,1916T4003,M20x200.5,,S1,QA3,件,,Kg,尺寸为ФMxL
CSQ02392,膨胀螺栓,P1,,,1916T4003,M8x41,,S2,QA3,件,,Kg,尺寸为ФMxL
CSQ02393,膨胀螺栓,P2,,,1916T4003,M8x101,,S2,QA3,件,,Kg,尺寸为ФMxL
CSQ02394,膨胀螺栓,P3,,,1916T4003,M8x41,,S2,QA3,件,,Kg,尺寸为ФMxL
CSQ02395,膨胀螺栓,P4,,,1916T4003,M8x101,,S2,QA3,件,,Kg,尺寸为ФMxL
CSQ02396,膨胀螺栓,P5,,,1916T4003,M10x64,,S2,QA3,件,,Kg,尺寸为ФMxL
CSQ02397,膨胀螺栓,P6,,,1916T4003,M10x99,,S2,QA3,件,,Kg,尺寸为ФMxL
CSQ02398,膨胀螺栓,P7,,,1916T4003,M10x184,,S2,QA3,件,,Kg,尺寸为ФMxL
CSQ02399,膨胀螺栓,P8,,,1916T4003,M12x76.5,,S2,QA3,件,,Kg,尺寸为ФMxL
CSQ02400,膨胀螺栓,P9,,,1916T4003,M12x96.5,,S2,QA3,件,,Kg,尺寸为ФMxL
CSQ02401,膨胀螺栓,P10,,,1916T4003,M12x186.5,,S2,QA3,件,,Kg,尺寸为ФMxL
CSQ02402,膨胀螺栓,P11,,,1916T4003,M16x57.5,,S2,QA3,件,,Kg,尺寸为ФMxL
CSQ02403,膨胀螺栓,P12,,,1916T4003,M16x82.5,,S2,QA3,件,,Kg,尺寸为ФMxL
CSQ02404,膨胀螺栓,P13,,,1916T4003,M16x112.5,,S2,QA3,件,,Kg,尺寸为ФMxL
CSQ02405,膨胀螺栓,P14,,,1916T4003,M16x192.5,,S2,QA3,件,,Kg,尺寸为ФMxL
CSQ02406,膨胀螺栓,P15,,,1916T4003,M20x100.5,,S2,QA3,件,,Kg,尺寸为ФMxL
CSQ02407,膨胀螺栓,P16,,,1916T4003,M20x110.5,,S2,QA3,件,,Kg,尺寸为ФMxL
CSQ02408,膨胀螺栓,P17,,,1916T4003,M20x200.5,,S2,QA3,件,,Kg,尺寸为ФMxL
CSQ02409,膨胀螺栓,P1,,,1916T4003,M8x41,,NA,QA3,件,,Kg,尺寸为ФMxL
CSQ02410,膨胀螺栓,P2,,,1916T4003,M8x101,,NA,QA3,件,,Kg,尺寸为ФMxL
CSQ02411,膨胀螺栓,P3,,,1916T4003,M8x41,,NA,QA3,件,,Kg,尺寸为ФMxL
CSQ02412,膨胀螺栓,P4,,,1916T4003,M8x101,,NA,QA3,件,,Kg,尺寸为ФMxL
CSQ02413,膨胀螺栓,P5,,,1916T4003,M10x64,,NA,QA3,件,,Kg,尺寸为ФMxL
CSQ02414,膨胀螺栓,P6,,,1916T4003,M10x99,,NA,QA3,件,,Kg,尺寸为ФMxL
CSQ02415,膨胀螺栓,P7,,,1916T4003,M10x184,,NA,QA3,件,,Kg,尺寸为ФMxL
CSQ02416,膨胀螺栓,P8,,,1916T4003,M12x76.5,,NA,QA3,件,,Kg,尺寸为ФMxL
CSQ02417,膨胀螺栓,P9,,,1916T4003,M12x96.5,,NA,QA3,件,,Kg,尺寸为ФMxL
CSQ02418,膨胀螺栓,P10,,,1916T4003,M12x186.5,,NA,QA3,件,,Kg,尺寸为ФMxL
CSQ02419,膨胀螺栓,P11,,,1916T4003,M16x57.5,,NA,QA3,件,,Kg,尺寸为ФMxL
CSQ02420,膨胀螺栓,P12,,,1916T4003,M16x82.5,,NA,QA3,件,,Kg,尺寸为ФMxL
CSQ02421,膨胀螺栓,P13,,,1916T4003,M16x112.5,,NA,QA3,件,,Kg,尺寸为ФMxL
CSQ02422,膨胀螺栓,P14,,,1916T4003,M16x192.5,,NA,QA3,件,,Kg,尺寸为ФMxL
CSQ02423,膨胀螺栓,P15,,,1916T4003,M20x100.5,,NA,QA3,件,,Kg,尺寸为ФMxL
CSQ02424,膨胀螺栓,P16,,,1916T4003,M20x110.5,,NA,QA3,件,,Kg,尺寸为ФMxL
CSQ02425,膨胀螺栓,P17,,,1916T4003,M20x200.5,,NA,QA3,件,,Kg,尺寸为ФMxL
CSQ02426,膨胀螺栓,Q0,,,1916T4003,M6,,S1,QA3,件,,Kg,尺寸为ФM
CSQ02427,膨胀螺栓,Q1,,,1916T4003,M8,,S1,QA3,件,,Kg,尺寸为ФM
CSQ02428,膨胀螺栓,Q2,,,1916T4003,M10,,S1,QA3,件,,Kg,尺寸为ФM
CSQ02429,膨胀螺栓,Q3,,,1916T4003,M12,,S1,QA3,件,,Kg,尺寸为ФM
CSQ02430,膨胀螺栓,Q4,,,1916T4003,M16,,S1,QA3,件,,Kg,尺寸为ФM
CSQ02431,膨胀螺栓,Q0,,,1916T4003,M6,,S2,QA3,件,,Kg,尺寸为ФM
CSQ02432,膨胀螺栓,Q1,,,1916T4003,M8,,S2,QA3,件,,Kg,尺寸为ФM
CSQ02433,膨胀螺栓,Q2,,,1916T4003,M10,,S2,QA3,件,,Kg,尺寸为ФM
CSQ02434,膨胀螺栓,Q3,,,1916T4003,M12,,S2,QA3,件,,Kg,尺寸为ФM
CSQ02435,膨胀螺栓,Q4,,,1916T4003,M16,,S2,QA3,件,,Kg,尺寸为ФM
CSQ02436,膨胀螺栓,Q0,,,1916T4003,M6,,NA,QA3,件,,Kg,尺寸为ФM
CSQ02437,膨胀螺栓,Q1,,,1916T4003,M8,,NA,QA3,件,,Kg,尺寸为ФM
CSQ02438,膨胀螺栓,Q2,,,1916T4003,M10,,NA,QA3,件,,Kg,尺寸为ФM
CSQ02439,膨胀螺栓,Q3,,,1916T4003,M12,,NA,QA3,件,,Kg,尺寸为ФM
CSQ02440,膨胀螺栓,Q4,,,1916T4003,M16,,NA,QA3,件,,Kg,尺寸为ФM
CSQ02441,悬臂梁,KC2a,Q235C,,1916T4003,[10x330,,S1,QA3,件,5.6,Kg,尺寸为槽钢xL，材料牌号为型钢材料
CSQ02442,悬臂梁,KC2b,Q235C,,1916T4003,[10x430,,S1,QA3,件,6.6,Kg,尺寸为槽钢xL，材料牌号为型钢材料
CSQ02443,悬臂梁,KC2c,Q235C,,1916T4003,[10x530,,S1,QA3,件,7.6,Kg,尺寸为槽钢xL，材料牌号为型钢材料
CSQ02444,悬臂梁,KC2d,Q235C,,1916T4003,[10x630,,S1,QA3,件,8.6,Kg,尺寸为槽钢xL，材料牌号为型钢材料
CSQ02445,悬臂梁,KC2e,Q235C,,1916T4003,[10x730,,S1,QA3,件,10.5,Kg,尺寸为槽钢xL，材料牌号为型钢材料
CSQ02446,悬臂梁,KC3a,Q235C,,1916T4003,[12.6x330,,S1,QA3,件,7.8,Kg,尺寸为槽钢xL，材料牌号为型钢材料
CSQ02447,悬臂梁,KC3b,Q235C,,1916T4003,[12.6x430,,S1,QA3,件,9,Kg,尺寸为槽钢xL，材料牌号为型钢材料
CSQ02448,悬臂梁,KC3c,Q235C,,1916T4003,[12.6x530,,S1,QA3,件,10.3,Kg,尺寸为槽钢xL，材料牌号为型钢材料
CSQ02449,悬臂梁,KC3d,Q235C,,1916T4003,[12.6x630,,S1,QA3,件,11.5,Kg,尺寸为槽钢xL，材料牌号为型钢材料
CSQ02450,悬臂梁,KC3e,Q235C,,1916T4003,[12.6x730,,S1,QA3,件,12.7,Kg,尺寸为槽钢xL，材料牌号为型钢材料
CSQ02451,悬臂梁,KC2a,Q235C,,1916T4003,[10x330,,S2,QA3,件,5.6,Kg,尺寸为槽钢xL，材料牌号为型钢材料
CSQ02452,悬臂梁,KC2b,Q235C,,1916T4003,[10x430,,S2,QA3,件,6.6,Kg,尺寸为槽钢xL，材料牌号为型钢材料
CSQ02453,悬臂梁,KC2c,Q235C,,1916T4003,[10x530,,S2,QA3,件,7.6,Kg,尺寸为槽钢xL，材料牌号为型钢材料
CSQ02454,悬臂梁,KC2d,Q235C,,1916T4003,[10x630,,S2,QA3,件,8.6,Kg,尺寸为槽钢xL，材料牌号为型钢材料
CSQ02455,悬臂梁,KC2e,Q235C,,1916T4003,[10x730,,S2,QA3,件,10.5,Kg,尺寸为槽钢xL，材料牌号为型钢材料
CSQ02456,悬臂梁,KC3a,Q235C,,1916T4003,[12.6x330,,S2,QA3,件,7.8,Kg,尺寸为槽钢xL，材料牌号为型钢材料
CSQ02457,悬臂梁,KC3b,Q235C,,1916T4003,[12.6x430,,S2,QA3,件,9,Kg,尺寸为槽钢xL，材料牌号为型钢材料
CSQ02458,悬臂梁,KC3c,Q235C,,1916T4003,[12.6x530,,S2,QA3,件,10.3,Kg,尺寸为槽钢xL，材料牌号为型钢材料
CSQ02459,悬臂梁,KC3d,Q235C,,1916T4003,[12.6x630,,S2,QA3,件,11.5,Kg,尺寸为槽钢xL，材料牌号为型钢材料
CSQ02460,悬臂梁,KC3e,Q235C,,1916T4003,[12.6x730,,S2,QA3,件,12.7,Kg,尺寸为槽钢xL，材料牌号为型钢材料
CSQ02461,悬臂梁,KC2a,Q235C,,1916T4003,[10x330,,NA,QNC,件,5.6,Kg,尺寸为槽钢xL，材料牌号为型钢材料
CSQ02462,悬臂梁,KC2b,Q235C,,1916T4003,[10x430,,NA,QNC,件,6.6,Kg,尺寸为槽钢xL，材料牌号为型钢材料
CSQ02463,悬臂梁,KC2c,Q235C,,1916T4003,[10x530,,NA,QNC,件,7.6,Kg,尺寸为槽钢xL，材料牌号为型钢材料
CSQ02464,悬臂梁,KC2d,Q235C,,1916T4003,[10x630,,NA,QNC,件,8.6,Kg,尺寸为槽钢xL，材料牌号为型钢材料
CSQ02465,悬臂梁,KC2e,Q235C,,1916T4003,[10x730,,NA,QNC,件,10.5,Kg,尺寸为槽钢xL，材料牌号为型钢材料
CSQ02466,悬臂梁,KC3a,Q235C,,1916T4003,[12.6x330,,NA,QNC,件,7.8,Kg,尺寸为槽钢xL，材料牌号为型钢材料
CSQ02467,悬臂梁,KC3b,Q235C,,1916T4003,[12.6x430,,NA,QNC,件,9,Kg,尺寸为槽钢xL，材料牌号为型钢材料
CSQ02468,悬臂梁,KC3c,Q235C,,1916T4003,[12.6x530,,NA,QNC,件,10.3,Kg,尺寸为槽钢xL，材料牌号为型钢材料
CSQ02469,悬臂梁,KC3d,Q235C,,1916T4003,[12.6x630,,NA,QNC,件,11.5,Kg,尺寸为槽钢xL，材料牌号为型钢材料
CSQ02470,悬臂梁,KC3e,Q235C,,1916T4003,[12.6x730,,NA,QNC,件,12.7,Kg,尺寸为槽钢xL，材料牌号为型钢材料
CSQ02471,悬臂梁,KG1a,Q235C,,1916T4003,[10x330,,S1,QA3,件,3.3,Kg,尺寸为槽钢xL，材料牌号为型钢材料
CSQ02472,悬臂梁,KG1b,Q235C,,1916T4003,[10x430,,S1,QA3,件,4.3,Kg,尺寸为槽钢xL，材料牌号为型钢材料
CSQ02473,悬臂梁,KG1c,Q235C,,1916T4003,[10x530,,S1,QA3,件,5.3,Kg,尺寸为槽钢xL，材料牌号为型钢材料
CSQ02474,悬臂梁,KG1d,Q235C,,1916T4003,[10x630,,S1,QA3,件,6.3,Kg,尺寸为槽钢xL，材料牌号为型钢材料
CSQ02475,悬臂梁,KG1e,Q235C,,1916T4003,[10x730,,S1,QA3,件,7.8,Kg,尺寸为槽钢xL，材料牌号为型钢材料
CSQ02476,悬臂梁,KG2a,Q235C,,1916T4003,[16x330,,S1,QA3,件,6.6,Kg,尺寸为槽钢xL，材料牌号为型钢材料
CSQ02477,悬臂梁,KG2b,Q235C,,1916T4003,[16x430,,S1,QA3,件,8.5,Kg,尺寸为槽钢xL，材料牌号为型钢材料
CSQ02478,悬臂梁,KG2c,Q235C,,1916T4003,[16x530,,S1,QA3,件,10.5,Kg,尺寸为槽钢xL，材料牌号为型钢材料
CSQ02479,悬臂梁,KG2d,Q235C,,1916T4003,[16x630,,S1,QA3,件,12.5,Kg,尺寸为槽钢xL，材料牌号为型钢材料
CSQ02480,悬臂梁,KG2e,Q235C,,1916T4003,[16x730,,S1,QA3,件,14.5,Kg,尺寸为槽钢xL，材料牌号为型钢材料
CSQ02481,悬臂梁,KG1a,Q235C,,1916T4003,[10x330,,S2,QA3,件,3.3,Kg,尺寸为槽钢xL，材料牌号为型钢材料
CSQ02482,悬臂梁,KG1b,Q235C,,1916T4003,[10x430,,S2,QA3,件,4.3,Kg,尺寸为槽钢xL，材料牌号为型钢材料
CSQ02483,悬臂梁,KG1c,Q235C,,1916T4003,[10x530,,S2,QA3,件,5.3,Kg,尺寸为槽钢xL，材料牌号为型钢材料
CSQ02484,悬臂梁,KG1d,Q235C,,1916T4003,[10x630,,S2,QA3,件,6.3,Kg,尺寸为槽钢xL，材料牌号为型钢材料
CSQ02485,悬臂梁,KG1e,Q235C,,1916T4003,[10x730,,S2,QA3,件,7.8,Kg,尺寸为槽钢xL，材料牌号为型钢材料
CSQ02486,悬臂梁,KG2a,Q235C,,1916T4003,[16x330,,S2,QA3,件,6.6,Kg,尺寸为槽钢xL，材料牌号为型钢材料
CSQ02487,悬臂梁,KG2b,Q235C,,1916T4003,[16x430,,S2,QA3,件,8.5,Kg,尺寸为槽钢xL，材料牌号为型钢材料
CSQ02488,悬臂梁,KG2c,Q235C,,1916T4003,[16x530,,S2,QA3,件,10.5,Kg,尺寸为槽钢xL，材料牌号为型钢材料
CSQ02489,悬臂梁,KG2d,Q235C,,1916T4003,[16x630,,S2,QA3,件,12.5,Kg,尺寸为槽钢xL，材料牌号为型钢材料
CSQ02490,悬臂梁,KG2e,Q235C,,1916T4003,[16x730,,S2,QA3,件,14.5,Kg,尺寸为槽钢xL，材料牌号为型钢材料
CSQ02491,悬臂梁,KG1a,Q235C,,1916T4003,[10x330,,NA,QNC,件,3.3,Kg,尺寸为槽钢xL，材料牌号为型钢材料
CSQ02492,悬臂梁,KG1b,Q235C,,1916T4003,[10x430,,NA,QNC,件,4.3,Kg,尺寸为槽钢xL，材料牌号为型钢材料
CSQ02493,悬臂梁,KG1c,Q235C,,1916T4003,[10x530,,NA,QNC,件,5.3,Kg,尺寸为槽钢xL，材料牌号为型钢材料
CSQ02494,悬臂梁,KG1d,Q235C,,1916T4003,[10x630,,NA,QNC,件,6.3,Kg,尺寸为槽钢xL，材料牌号为型钢材料
CSQ02495,悬臂梁,KG1e,Q235C,,1916T4003,[10x730,,NA,QNC,件,7.8,Kg,尺寸为槽钢xL，材料牌号为型钢材料
CSQ02496,悬臂梁,KG2a,Q235C,,1916T4003,[16x330,,NA,QNC,件,6.6,Kg,尺寸为槽钢xL，材料牌号为型钢材料
CSQ02497,悬臂梁,KG2b,Q235C,,1916T4003,[16x430,,NA,QNC,件,8.5,Kg,尺寸为槽钢xL，材料牌号为型钢材料
CSQ02498,悬臂梁,KG2c,Q235C,,1916T4003,[16x530,,NA,QNC,件,10.5,Kg,尺寸为槽钢xL，材料牌号为型钢材料
CSQ02499,悬臂梁,KG2d,Q235C,,1916T4003,[16x630,,NA,QNC,件,12.5,Kg,尺寸为槽钢xL，材料牌号为型钢材料
CSQ02500,悬臂梁,KG2e,Q235C,,1916T4003,[16x730,,NA,QNC,件,14.5,Kg,尺寸为槽钢xL，材料牌号为型钢材料
CSQ02501,悬臂梁,KL1,Q235C,,1916T4003,100x100x10,,S1,QA3,件,15.1,Kg,尺寸为槽钢xL，材料牌号为型钢材料
CSQ02502,悬臂梁,KL2,Q235C,,1916T4003,125x125x12,,S1,QA3,件,22.7,Kg,尺寸为槽钢xL，材料牌号为型钢材料
CSQ02503,悬臂梁,KL3,Q235C,,1916T4003,160x160x16,,S1,QA3,件,38.5,Kg,尺寸为槽钢xL，材料牌号为型钢材料
CSQ02504,悬臂梁,KL1,Q235C,,1916T4003,100x100x10,,S2,QA3,件,15.1,Kg,尺寸为槽钢xL，材料牌号为型钢材料
CSQ02505,悬臂梁,KL2,Q235C,,1916T4003,125x125x12,,S2,QA3,件,22.7,Kg,尺寸为槽钢xL，材料牌号为型钢材料
CSQ02506,悬臂梁,KL3,Q235C,,1916T4003,160x160x16,,S2,QA3,件,38.5,Kg,尺寸为槽钢xL，材料牌号为型钢材料
CSQ02507,悬臂梁,KL1,Q235C,,1916T4003,100x100x10,,NA,QNC,件,15.1,Kg,尺寸为槽钢xL，材料牌号为型钢材料
CSQ02508,悬臂梁,KL2,Q235C,,1916T4003,125x125x12,,NA,QNC,件,22.7,Kg,尺寸为槽钢xL，材料牌号为型钢材料
CSQ02509,悬臂梁,KL3,Q235C,,1916T4003,160x160x16,,NA,QNC,件,38.5,Kg,尺寸为槽钢xL，材料牌号为型钢材料
CSQ02510,悬臂梁,KM2a,Q235C,,1916T4003,[10x330,,S1,QA3,件,52,Kg,尺寸为槽钢xL，材料牌号为型钢材料
CSQ02511,悬臂梁,KM2b,Q235C,,1916T4003,[10x430,,S1,QA3,件,50,Kg,尺寸为槽钢xL，材料牌号为型钢材料
CSQ02512,悬臂梁,KM2c,Q235C,,1916T4003,[10x530,,S1,QA3,件,56,Kg,尺寸为槽钢xL，材料牌号为型钢材料
CSQ02513,悬臂梁,KM2d,Q235C,,1916T4003,[10x630,,S1,QA3,件,58,Kg,尺寸为槽钢xL，材料牌号为型钢材料
CSQ02514,悬臂梁,KM2e,Q235C,,1916T4003,[10x730,,S1,QA3,件,60.4,Kg,尺寸为槽钢xL，材料牌号为型钢材料
CSQ02515,悬臂梁,KM3a,Q235C,,1916T4003,[12.6x330,,S1,QA3,件,80,Kg,尺寸为槽钢xL，材料牌号为型钢材料
CSQ02516,悬臂梁,KM3b,Q235C,,1916T4003,[12.6x430,,S1,QA3,件,82,Kg,尺寸为槽钢xL，材料牌号为型钢材料
CSQ02517,悬臂梁,KM3c,Q235C,,1916T4003,[12.6x530,,S1,QA3,件,85,Kg,尺寸为槽钢xL，材料牌号为型钢材料
CSQ02518,悬臂梁,KM3d,Q235C,,1916T4003,[12.6x630,,S1,QA3,件,87,Kg,尺寸为槽钢xL，材料牌号为型钢材料
CSQ02519,悬臂梁,KM3e,Q235C,,1916T4003,[12.6x730,,S1,QA3,件,90,Kg,尺寸为槽钢xL，材料牌号为型钢材料
CSQ02520,悬臂梁,KM2a,Q235C,,1916T4003,[10x330,,S2,QA3,件,52,Kg,尺寸为槽钢xL，材料牌号为型钢材料
CSQ02521,悬臂梁,KM2b,Q235C,,1916T4003,[10x430,,S2,QA3,件,50,Kg,尺寸为槽钢xL，材料牌号为型钢材料
CSQ02522,悬臂梁,KM2c,Q235C,,1916T4003,[10x530,,S2,QA3,件,56,Kg,尺寸为槽钢xL，材料牌号为型钢材料
CSQ02523,悬臂梁,KM2d,Q235C,,1916T4003,[10x630,,S2,QA3,件,58,Kg,尺寸为槽钢xL，材料牌号为型钢材料
CSQ02524,悬臂梁,KM2e,Q235C,,1916T4003,[10x730,,S2,QA3,件,60.4,Kg,尺寸为槽钢xL，材料牌号为型钢材料
CSQ02525,悬臂梁,KM3a,Q235C,,1916T4003,[12.6x330,,S2,QA3,件,80,Kg,尺寸为槽钢xL，材料牌号为型钢材料
CSQ02526,悬臂梁,KM3b,Q235C,,1916T4003,[12.6x430,,S2,QA3,件,82,Kg,尺寸为槽钢xL，材料牌号为型钢材料
CSQ02527,悬臂梁,KM3c,Q235C,,1916T4003,[12.6x530,,S2,QA3,件,85,Kg,尺寸为槽钢xL，材料牌号为型钢材料
CSQ02528,悬臂梁,KM3d,Q235C,,1916T4003,[12.6x630,,S2,QA3,件,87,Kg,尺寸为槽钢xL，材料牌号为型钢材料
CSQ02529,悬臂梁,KM3e,Q235C,,1916T4003,[12.6x730,,S2,QA3,件,90,Kg,尺寸为槽钢xL，材料牌号为型钢材料
CSQ02530,悬臂梁,KM2a,Q235C,,1916T4003,[10x330,,NA,QNC,件,52,Kg,尺寸为槽钢xL，材料牌号为型钢材料
CSQ02531,悬臂梁,KM2b,Q235C,,1916T4003,[10x430,,NA,QNC,件,50,Kg,尺寸为槽钢xL，材料牌号为型钢材料
CSQ02532,悬臂梁,KM2c,Q235C,,1916T4003,[10x530,,NA,QNC,件,56,Kg,尺寸为槽钢xL，材料牌号为型钢材料
CSQ02533,悬臂梁,KM2d,Q235C,,1916T4003,[10x630,,NA,QNC,件,58,Kg,尺寸为槽钢xL，材料牌号为型钢材料
CSQ02534,悬臂梁,KM2e,Q235C,,1916T4003,[10x730,,NA,QNC,件,60.4,Kg,尺寸为槽钢xL，材料牌号为型钢材料
CSQ02535,悬臂梁,KM3a,Q235C,,1916T4003,[12.6x330,,NA,QNC,件,80,Kg,尺寸为槽钢xL，材料牌号为型钢材料
CSQ02536,悬臂梁,KM3b,Q235C,,1916T4003,[12.6x430,,NA,QNC,件,82,Kg,尺寸为槽钢xL，材料牌号为型钢材料
CSQ02537,悬臂梁,KM3c,Q235C,,1916T4003,[12.6x530,,NA,QNC,件,85,Kg,尺寸为槽钢xL，材料牌号为型钢材料
CSQ02538,悬臂梁,KM3d,Q235C,,1916T4003,[12.6x630,,NA,QNC,件,87,Kg,尺寸为槽钢xL，材料牌号为型钢材料
CSQ02539,悬臂梁,KM3e,Q235C,,1916T4003,[12.6x730,,NA,QNC,件,90,Kg,尺寸为槽钢xL，材料牌号为型钢材料
CSQ02540,悬臂梁,KR1a,Q235C,,1916T4003,[10x330,,S1,QA3,件,11.8,Kg,尺寸为槽钢xL，材料牌号为型钢材料
CSQ02541,悬臂梁,KR1b,Q235C,,1916T4003,[10x430,,S1,QA3,件,12.8,Kg,尺寸为槽钢xL，材料牌号为型钢材料
CSQ02542,悬臂梁,KR1c,Q235C,,1916T4003,[10x530,,S1,QA3,件,13.8,Kg,尺寸为槽钢xL，材料牌号为型钢材料
CSQ02543,悬臂梁,KR1d,Q235C,,1916T4003,[10x630,,S1,QA3,件,14.8,Kg,尺寸为槽钢xL，材料牌号为型钢材料
CSQ02544,悬臂梁,KR1e,Q235C,,1916T4003,[10x730,,S1,QA3,件,16.3,Kg,尺寸为槽钢xL，材料牌号为型钢材料
CSQ02545,悬臂梁,KR2a,Q235C,,1916T4003,[16x330,,S1,QA3,件,29.7,Kg,尺寸为槽钢xL，材料牌号为型钢材料
CSQ02546,悬臂梁,KR2b,Q235C,,1916T4003,[16x430,,S1,QA3,件,31.7,Kg,尺寸为槽钢xL，材料牌号为型钢材料
CSQ02547,悬臂梁,KR2c,Q235C,,1916T4003,[16x530,,S1,QA3,件,33.6,Kg,尺寸为槽钢xL，材料牌号为型钢材料
CSQ02548,悬臂梁,KR2d,Q235C,,1916T4003,[16x630,,S1,QA3,件,35.6,Kg,尺寸为槽钢xL，材料牌号为型钢材料
CSQ02549,悬臂梁,KR2e,Q235C,,1916T4003,[16x730,,S1,QA3,件,37.6,Kg,尺寸为槽钢xL，材料牌号为型钢材料
CSQ02550,悬臂梁,KR1a,Q235C,,1916T4003,[10x330,,S2,QA3,件,11.8,Kg,尺寸为槽钢xL，材料牌号为型钢材料
CSQ02551,悬臂梁,KR1b,Q235C,,1916T4003,[10x430,,S2,QA3,件,12.8,Kg,尺寸为槽钢xL，材料牌号为型钢材料
CSQ02552,悬臂梁,KR1c,Q235C,,1916T4003,[10x530,,S2,QA3,件,13.8,Kg,尺寸为槽钢xL，材料牌号为型钢材料
CSQ02553,悬臂梁,KR1d,Q235C,,1916T4003,[10x630,,S2,QA3,件,14.8,Kg,尺寸为槽钢xL，材料牌号为型钢材料
CSQ02554,悬臂梁,KR1e,Q235C,,1916T4003,[10x730,,S2,QA3,件,16.3,Kg,尺寸为槽钢xL，材料牌号为型钢材料
CSQ02555,悬臂梁,KR2a,Q235C,,1916T4003,[16x330,,S2,QA3,件,29.7,Kg,尺寸为槽钢xL，材料牌号为型钢材料
CSQ02556,悬臂梁,KR2b,Q235C,,1916T4003,[16x430,,S2,QA3,件,31.7,Kg,尺寸为槽钢xL，材料牌号为型钢材料
CSQ02557,悬臂梁,KR2c,Q235C,,1916T4003,[16x530,,S2,QA3,件,33.6,Kg,尺寸为槽钢xL，材料牌号为型钢材料
CSQ02558,悬臂梁,KR2d,Q235C,,1916T4003,[16x630,,S2,QA3,件,35.6,Kg,尺寸为槽钢xL，材料牌号为型钢材料
CSQ02559,悬臂梁,KR2e,Q235C,,1916T4003,[16x730,,S2,QA3,件,37.6,Kg,尺寸为槽钢xL，材料牌号为型钢材料
CSQ02560,悬臂梁,KR1a,Q235C,,1916T4003,[10x330,,NA,QNC,件,11.8,Kg,尺寸为槽钢xL，材料牌号为型钢材料
CSQ02561,悬臂梁,KR1b,Q235C,,1916T4003,[10x430,,NA,QNC,件,12.8,Kg,尺寸为槽钢xL，材料牌号为型钢材料
CSQ02562,悬臂梁,KR1c,Q235C,,1916T4003,[10x530,,NA,QNC,件,13.8,Kg,尺寸为槽钢xL，材料牌号为型钢材料
CSQ02563,悬臂梁,KR1d,Q235C,,1916T4003,[10x630,,NA,QNC,件,14.8,Kg,尺寸为槽钢xL，材料牌号为型钢材料
CSQ02564,悬臂梁,KR1e,Q235C,,1916T4003,[10x730,,NA,QNC,件,16.3,Kg,尺寸为槽钢xL，材料牌号为型钢材料
CSQ02565,悬臂梁,KR2a,Q235C,,1916T4003,[16x330,,NA,QNC,件,29.7,Kg,尺寸为槽钢xL，材料牌号为型钢材料
CSQ02566,悬臂梁,KR2b,Q235C,,1916T4003,[16x430,,NA,QNC,件,31.7,Kg,尺寸为槽钢xL，材料牌号为型钢材料
CSQ02567,悬臂梁,KR2c,Q235C,,1916T4003,[16x530,,NA,QNC,件,33.6,Kg,尺寸为槽钢xL，材料牌号为型钢材料
CSQ02568,悬臂梁,KR2d,Q235C,,1916T4003,[16x630,,NA,QNC,件,35.6,Kg,尺寸为槽钢xL，材料牌号为型钢材料
CSQ02569,悬臂梁,KR2e,Q235C,,1916T4003,[16x730,,NA,QNC,件,37.6,Kg,尺寸为槽钢xL，材料牌号为型钢材料
CSQ02570,三角架,三角架KP,Q235C,,1916T4003,[12.6x1116,,S1,QA3,件,54.5,Kg,尺寸为槽钢xL，材料牌号为型钢材料
CSQ02571,三角架,三角架KP,Q235C,,1916T4003,[12.6x1116,,S2,QA3,件,54.5,Kg,尺寸为槽钢xL，材料牌号为型钢材料
CSQ02572,三角架,三角架KP,Q235C,,1916T4003,[12.6x1116,,NA,QNC,件,54.5,Kg,尺寸为槽钢xL，材料牌号为型钢材料
CSQ02573,三角架,三角架KQ,Q235C,,1916T4003,[12.6x1120,,S1,QA3,件,59,Kg,尺寸为槽钢xL，材料牌号为型钢材料
CSQ02574,三角架,三角架KQ,Q235C,,1916T4003,[12.6x1120,,S2,QA3,件,59,Kg,尺寸为槽钢xL，材料牌号为型钢材料
CSQ02575,三角架,三角架KQ,Q235C,,1916T4003,[12.6x1120,,NA,QNC,件,59,Kg,尺寸为槽钢xL，材料牌号为型钢材料
CSQ02752,膨胀栓,ZL10,,,1916T4003,15x55,,NA,QNC,件,,Kg,尺寸为AxX
CSQ02753,膨胀栓,ZL20,,,1916T4003,25x45,,NA,QNC,件,,Kg,尺寸为AxX
CSQ02754,膨胀栓,ZL30,,,1916T4003,35x35,,NA,QNC,件,,Kg,尺寸为AxX
CSQ02755,圆锥体,ZM1,304L,,1916T4003,Ф28x10,,NA,QNC,件,,Kg,
CSQ02756,圆锥体,ZM2,304L,,1916T4003,Ф28x20,,NA,QNC,件,,Kg,
CSQ02757,圆锥体,ZM3,304L,,1916T4003,Ф28x30,,NA,QNC,件,,Kg,
CSQ02758,固定螺栓,ZV25,8.8级,,1916T4003,M5x25,,NA,QNC,件,,Kg,
CSQ02759,固定螺栓,ZV35,8.8级,,1916T4003,M5x35,,NA,QNC,件,,Kg,
CSQ02760,固定螺栓,ZV45,8.8级,,1916T4003,M5x45,,NA,QNC,件,,Kg,
CSQ02761,膨胀螺栓,K1,,,1916T4003,M10,,S1,QA3,件,,Kg,尺寸为ФM
CSQ02762,膨胀螺栓,K2,,,1916T4003,M10,,S1,QA3,件,,Kg,尺寸为ФM
CSQ02763,膨胀螺栓,K3,,,1916T4003,M12,,S1,QA3,件,,Kg,尺寸为ФM
CSQ02764,膨胀螺栓,K4,,,1916T4003,M12,,S1,QA3,件,,Kg,尺寸为ФM
CSQ02765,膨胀螺栓,K5,,,1916T4003,M12,,S1,QA3,件,,Kg,尺寸为ФM
CSQ02766,膨胀螺栓,K6,,,1916T4003,M16,,S1,QA3,件,,Kg,尺寸为ФM
CSQ02767,膨胀螺栓,K7,,,1916T4003,M16,,S1,QA3,件,,Kg,尺寸为ФM
CSQ02768,垫板,Uc1,Q345B,,1916T4003,50x120,,S1,QA3,件,0.5,Kg,"A,B分别指垫板的高和长度"
CSQ02769,垫板,Uc2,Q345B,,1916T4003,50x160,,S1,QA3,件,0.5,Kg,"A,B分别指垫板的高和长度"
CSQ02770,垫板,Uc3,Q345B,,1916T4003,50x180,,S1,QA3,件,1,Kg,"A,B分别指垫板的高和长度"
CSQ02771,垫板,Uc4,Q345B,,1916T4003,80x120,,S1,QA3,件,1,Kg,"A,B分别指垫板的高和长度"
CSQ02772,垫板,Uc5,Q345B,,1916T4003,100x160,,S1,QA3,件,1.5,Kg,"A,B分别指垫板的高和长度"
CSQ02773,垫板,Uc6,Q345B,,1916T4003,160x160,,S1,QA3,件,2,Kg,"A,B分别指垫板的高和长度"
CSQ02774,垫板,Uc7,Q345B,,1916T4003,180x160,,S1,QA3,件,2.5,Kg,"A,B分别指垫板的高和长度"
CSQ02775,垫板,Uc8,Q345B,,1916T4003,220x180,,S1,QA3,件,3,Kg,"A,B分别指垫板的高和长度"
CSQ02776,垫板,Uc9,Q345B,,1916T4003,250x180,,S1,QA3,件,3.5,Kg,"A,B分别指垫板的高和长度"
CSQ02777,垫板,Uc1,Q345B,,1916T4003,50x120,,S2,QA3,件,0.5,Kg,"A,B分别指垫板的高和长度"
CSQ02778,垫板,Uc2,Q345B,,1916T4003,50x160,,S2,QA3,件,0.5,Kg,"A,B分别指垫板的高和长度"
CSQ02779,垫板,Uc3,Q345B,,1916T4003,50x180,,S2,QA3,件,1,Kg,"A,B分别指垫板的高和长度"
CSQ02780,垫板,Uc4,Q345B,,1916T4003,80x120,,S2,QA3,件,1,Kg,"A,B分别指垫板的高和长度"
CSQ02781,垫板,Uc5,Q345B,,1916T4003,100x160,,S2,QA3,件,1.5,Kg,"A,B分别指垫板的高和长度"
CSQ02782,垫板,Uc6,Q345B,,1916T4003,160x160,,S2,QA3,件,2,Kg,"A,B分别指垫板的高和长度"
CSQ02783,垫板,Uc7,Q345B,,1916T4003,180x160,,S2,QA3,件,2.5,Kg,"A,B分别指垫板的高和长度"
CSQ02784,垫板,Uc8,Q345B,,1916T4003,220x180,,S2,QA3,件,3,Kg,"A,B分别指垫板的高和长度"
CSQ02785,垫板,Uc9,Q345B,,1916T4003,250x180,,S2,QA3,件,3.5,Kg,"A,B分别指垫板的高和长度"
CSQ02786,垫板,Uc1,Q345B,,1916T4003,50x120,,NA,QNC,件,0.5,Kg,"A,B分别指垫板的高和长度"
CSQ02787,垫板,Uc2,Q345B,,1916T4003,50x160,,NA,QNC,件,0.5,Kg,"A,B分别指垫板的高和长度"
CSQ02788,垫板,Uc3,Q345B,,1916T4003,50x180,,NA,QNC,件,1,Kg,"A,B分别指垫板的高和长度"
CSQ02789,垫板,Uc4,Q345B,,1916T4003,80x120,,NA,QNC,件,1,Kg,"A,B分别指垫板的高和长度"
CSQ02790,垫板,Uc5,Q345B,,1916T4003,100x160,,NA,QNC,件,1.5,Kg,"A,B分别指垫板的高和长度"
CSQ02791,垫板,Uc6,Q345B,,1916T4003,160x160,,NA,QNC,件,2,Kg,"A,B分别指垫板的高和长度"
CSQ02792,垫板,Uc7,Q345B,,1916T4003,180x160,,NA,QNC,件,2.5,Kg,"A,B分别指垫板的高和长度"
CSQ02793,垫板,Uc8,Q345B,,1916T4003,220x180,,NA,QNC,件,3,Kg,"A,B分别指垫板的高和长度"
CSQ02794,垫板,Uc9,Q345B,,1916T4003,250x180,,NA,QNC,件,3.5,Kg,"A,B分别指垫板的高和长度"
CSQ02795,膨胀螺栓,K8,,,1916T4003,M16,,S1,QA3,件,,Kg,尺寸为ФM
CSQ02796,膨胀螺栓,K9,,,1916T4003,M20,,S1,QA3,件,,Kg,尺寸为ФM
CSQ02797,膨胀螺栓,K10,,,1916T4003,M20,,S1,QA3,件,,Kg,尺寸为ФM
CSQ02798,膨胀螺栓,K11,,,1916T4003,M20,,S1,QA3,件,,Kg,尺寸为ФM
CSQ02799,底板,NH1,Q245R,,1916T4003,365x200x16,,S1,QA3,件,8.6,Kg,
CSQ02800,底板,NH2,Q245R,,1916T4003,410x220x20,,S1,QA3,件,14.2,Kg,
CSQ02801,底板,NH3,Q245R,,1916T4003,580x250x25,,S1,QA3,件,23.6,Kg,
CSQ02802,底板,NH4,Q245R,,1916T4003,600x280x30,,S1,QA3,件,36.3,Kg,
CSQ02803,底板,NH1,Q245R,,1916T4003,365x200x16,,S2,QA3,件,8.6,Kg,
CSQ02804,底板,NH2,Q245R,,1916T4003,410x220x20,,S2,QA3,件,14.2,Kg,
CSQ02805,底板,NH3,Q245R,,1916T4003,580x250x25,,S2,QA3,件,23.6,Kg,
CSQ02806,底板,NH4,Q245R,,1916T4003,600x280x30,,S2,QA3,件,36.3,Kg,
CSQ02807,底板,NH1,Q245R,,1916T4003,365x200x16,,NA,QNC,件,8.6,Kg,
CSQ02808,底板,NH2,Q245R,,1916T4003,410x220x20,,NA,QNC,件,14.2,Kg,
CSQ02809,底板,NH3,Q245R,,1916T4003,580x250x25,,NA,QNC,件,23.6,Kg,
CSQ02810,底板,NH4,Q245R,,1916T4003,600x280x30,,NA,QNC,件,36.3,Kg,
CSQ02811,底板,NL1,Q245R,,1916T4003,365x365x16,,S1,QA3,件,15.7,Kg,
CSQ02812,底板,NL2,Q245R,,1916T4003,410x410x20,,S1,QA3,件,26.4,Kg,
CSQ02813,底板,NL3,Q245R,,1916T4003,580x580x25,,S1,QA3,件,45.3,Kg,
CSQ02814,底板,NL4,Q245R,,1916T4003,600x600x30,,S1,QA3,件,71.3,Kg,
CSQ02815,底板,NL1,Q245R,,1916T4003,365x365x16,,S2,QA3,件,15.7,Kg,
CSQ02816,底板,NL2,Q245R,,1916T4003,410x410x20,,S2,QA3,件,26.4,Kg,
CSQ02817,底板,NL3,Q245R,,1916T4003,580x580x25,,S2,QA3,件,45.3,Kg,
CSQ02818,底板,NL4,Q245R,,1916T4003,600x600x30,,S2,QA3,件,71.3,Kg,
CSQ02819,底板,NL1,Q245R,,1916T4003,365x365x16,,NA,QNC,件,15.7,Kg,
CSQ02820,底板,NL2,Q245R,,1916T4003,410x410x20,,NA,QNC,件,26.4,Kg,
CSQ02821,底板,NL3,Q245R,,1916T4003,580x580x25,,NA,QNC,件,45.3,Kg,
CSQ02822,底板,NL4,Q245R,,1916T4003,600x600x30,,NA,QNC,件,71.3,Kg,
CSQ02823,梁,TU100,Q235B,,1916T4003,40x48x136,,S1,QA3,件,20,Kg,"E,F和G分别指梁的间隙，槽钢宽和梁的宽"
CSQ02824,梁,TU126,Q235B,,1916T4003,50x53x156,,S1,QA3,件,,Kg,"E,F和G分别指梁的间隙，槽钢宽和梁的宽"
CSQ02825,梁,TU160,Q235B,,1916T4003,65x65x195,,S1,QA3,件,39.5,Kg,"E,F和G分别指梁的间隙，槽钢宽和梁的宽"
CSQ02826,梁,TU220,Q235B,,1916T4003,80x79x238,,S1,QA3,件,56.9,Kg,"E,F和G分别指梁的间隙，槽钢宽和梁的宽"
CSQ02827,梁,TU100,Q235B,,1916T4003,40x48x136,,S2,QA3,件,20,Kg,"E,F和G分别指梁的间隙，槽钢宽和梁的宽"
CSQ02828,梁,TU126,Q235B,,1916T4003,50x53x156,,S2,QA3,件,,Kg,"E,F和G分别指梁的间隙，槽钢宽和梁的宽"
CSQ02829,梁,TU160,Q235B,,1916T4003,65x65x195,,S2,QA3,件,39.5,Kg,"E,F和G分别指梁的间隙，槽钢宽和梁的宽"
CSQ02830,梁,TU220,Q235B,,1916T4003,80x79x238,,S2,QA3,件,56.9,Kg,"E,F和G分别指梁的间隙，槽钢宽和梁的宽"
CSQ02831,梁,TU100,Q235B,,1916T4003,40x48x136,,NA,QNC,件,20,Kg,"E,F和G分别指梁的间隙，槽钢宽和梁的宽"
CSQ02832,梁,TU126,Q235B,,1916T4003,50x53x156,,NA,QNC,件,,Kg,"E,F和G分别指梁的间隙，槽钢宽和梁的宽"
CSQ02833,梁,TU160,Q235B,,1916T4003,65x65x195,,NA,QNC,件,39.5,Kg,"E,F和G分别指梁的间隙，槽钢宽和梁的宽"
CSQ02834,梁,TU220,Q235B,,1916T4003,80x79x238,,NA,QNC,件,56.9,Kg,"E,F和G分别指梁的间隙，槽钢宽和梁的宽"
CSQ02835,梁,TV100,Q235B,,1916T4003,40x48x136,,S1,QA3,件,20,Kg,"E,F和G分别指梁的间隙，槽钢宽和梁的宽"
CSQ02836,梁,TV126,Q235B,,1916T4003,50x53x156,,S1,QA3,件,,Kg,"E,F和G分别指梁的间隙，槽钢宽和梁的宽"
CSQ02837,梁,TV160,Q235B,,1916T4003,65x65x195,,S1,QA3,件,39.5,Kg,"E,F和G分别指梁的间隙，槽钢宽和梁的宽"
CSQ02838,梁,TV220,Q235B,,1916T4003,80x79x238,,S1,QA3,件,56.9,Kg,"E,F和G分别指梁的间隙，槽钢宽和梁的宽"
CSQ02839,梁,TV100,Q235B,,1916T4003,40x48x136,,S2,QA3,件,20,Kg,"E,F和G分别指梁的间隙，槽钢宽和梁的宽"
CSQ02840,梁,TV126,Q235B,,1916T4003,50x53x156,,S2,QA3,件,,Kg,"E,F和G分别指梁的间隙，槽钢宽和梁的宽"
CSQ02841,梁,TV160,Q235B,,1916T4003,65x65x195,,S2,QA3,件,39.5,Kg,"E,F和G分别指梁的间隙，槽钢宽和梁的宽"
CSQ02842,梁,TV220,Q235B,,1916T4003,80x79x238,,S2,QA3,件,56.9,Kg,"E,F和G分别指梁的间隙，槽钢宽和梁的宽"
CSQ02843,梁,TV100,Q235B,,1916T4003,40x48x136,,NA,QNC,件,20,Kg,"E,F和G分别指梁的间隙，槽钢宽和梁的宽"
CSQ02844,梁,TV126,Q235B,,1916T4003,50x53x156,,NA,QNC,件,,Kg,"E,F和G分别指梁的间隙，槽钢宽和梁的宽"
CSQ02845,梁,TV160,Q235B,,1916T4003,65x65x195,,NA,QNC,件,39.5,Kg,"E,F和G分别指梁的间隙，槽钢宽和梁的宽"
CSQ02846,梁,TV220,Q235B,,1916T4003,80x79x238,,NA,QNC,件,56.9,Kg,"E,F和G分别指梁的间隙，槽钢宽和梁的宽"
CSB01024,拉杆,TA2AL1,拉杆 Q390D 螺母 6级,,1916T4003,螺纹一端M12，一端M10,,S1,QA3,,1,Kg,尺寸项为ФM
CSB01026,拉杆,TA2AL4,拉杆 Q390D 螺母 6级,,1916T4003,螺纹一端M12，一端M10,,S2,QA3,,1,Kg,尺寸项为ФM
CSB01027,环形吊耳,BF3a,20,,1916T4003,M12,,NA,QA3,件,1,Kg,尺寸项为ФM
CSC00693,U型管卡,CJC76,Q390D,,1916T4003,76,,NA,QNC,件,,Kg,尺寸项为管径ФD(mm)
CSC00694,U型管卡,CJ76,022Cr19Ni10,,1916T4003,76,,NA,QNC,件,0.4,Kg,尺寸项为管径ФD(mm)
CSC00695,扁钢管卡,CX76,06Cr19Ni10,,1916T4003,76,,NA,QNC,件,,Kg,尺寸项为管径ФD(mm)
